token_id	speaker	tu_id	unit	id	span	form	lemma	upos	xpos	feats	deprel	type	meta_label	variation	jefferson_feats	align	prolongations	pace	guesses	overlaps
0-0	??	0	0	0	c'	c'	_	_	_	_	_	linguistic	_	none	SpaceAfter=No	Begin=1.48	_	_	_	_
0-1	??	0	0	1	è	è	_	_	_	_	_	linguistic	_	none	_	_	_	_	_	_
0-2	??	0	0	2	l'	l'	_	_	_	_	_	linguistic	_	none	SpaceAfter=No	_	_	_	_	_
0-3	??	0	0	3	audio	audio	_	_	_	_	_	linguistic	_	none	_	_	_	_	_	_
0-4	??	0	0	4	però	però	_	_	_	_	_	linguistic	_	none	_	_	_	_	3-4(0)	_
0-5	??	0	0	5	(xxx)	xxx	_	_	_	_	_	unknown	_	none	Syllables=3	_	_	_	0-2(0)	_
0-6	??	0	0	6	come	come	_	_	_	_	_	linguistic	_	none	_	_	_	_	_	_
0-7	??	0	0	7	fai	fai	_	_	_	_	_	linguistic	_	none	_	_	_	_	_	_
0-8	??	0	0	8	a	a	_	_	_	_	_	linguistic	_	none	_	_	_	_	_	_
0-9	??	0	0	9	sentirti	sentirti	_	_	_	_	_	linguistic	_	none	_	_	_	_	7-8(1)	_
0-10	??	0	0	10	(xxx)	xxx	_	_	_	_	_	unknown	_	none	Syllables=3	_	_	_	0-2(1)	_
0-11	??	0	0	11	all'	all'	_	_	_	_	_	linguistic	_	none	SpaceAfter=No	_	_	_	_	_
0-12	??	0	0	12	audio	audio	_	_	_	_	_	linguistic	_	none	_	_	_	_	_	_
0-13	??	0	0	13	se	se	_	_	_	_	_	linguistic	_	none	_	_	_	_	_	_
0-14	??	0	0	14	poi	poi	_	_	_	_	_	linguistic	_	none	PauseAfter=Yes	_	_	_	_	_
0-15	??	0	0	15	(.)	(.)	_	_	_	_	_	shortpause	_	none	_	_	_	_	_	_
0-16	??	0	0	16	non	non	_	_	_	_	_	linguistic	_	none	_	_	_	_	_	_
0-17	??	0	0	17	sai	sai	_	_	_	_	_	linguistic	_	none	_	_	_	_	_	_
0-18	??	0	0	18	di	di	_	_	_	_	_	linguistic	_	none	_	_	_	_	_	_
0-19	??	0	0	19	che	che	_	_	_	_	_	linguistic	_	none	_	_	_	_	_	_
0-20	??	0	0	20	cosa	cosa	_	_	_	_	_	linguistic	_	none	_	_	_	_	_	_
0-21	??	0	0	21	si	si	_	_	_	_	_	linguistic	_	none	_	_	_	_	_	_
0-22	??	0	0	22	tratta	tratta	_	_	_	_	_	linguistic	_	none	_	_	_	_	_	_
0-23	??	0	0	23	fondamentalmente	fondamentalmente	_	_	_	_	_	linguistic	_	none	_	_	_	_	_	_
0-24	??	0	0	24	quindi	quindi	_	_	_	_	_	linguistic	_	none	_	_	_	_	_	_
0-25	??	0	0	25	non	non	_	_	_	_	_	linguistic	_	none	_	End=8.69	_	_	_	_
1-0	??	1	1	0	magari	magari	_	_	_	_	_	linguistic	_	none	_	Begin=9.05	_	_	_	_
1-1	??	1	1	1	avresti	avresti	_	_	_	_	_	linguistic	_	none	_	_	_	_	_	_
1-2	??	1	1	2	avuto	avuto	_	_	_	_	_	linguistic	_	none	_	_	_	_	_	_
1-3	??	1	1	3	perché	perché	_	_	_	_	_	linguistic	_	none	_	_	_	_	_	_
1-4	??	1	1	4	ancora	ancora	_	_	_	_	_	linguistic	_	none	_	_	_	_	_	_
1-5	??	1	1	5	non	non	_	_	_	_	_	linguistic	_	none	_	_	_	_	_	_
1-6	??	1	1	6	è	è	_	_	_	_	_	linguistic	_	none	_	_	_	_	_	_
1-7	??	1	1	7	stato	stato	_	_	_	_	_	linguistic	_	none	_	_	_	_	_	_
1-8	??	1	1	8	spiegato	spiegato	_	_	_	_	_	linguistic	_	none	_	End=11.74	_	_	_	_
2-0	??	2	2	0	e	e	_	_	_	_	_	linguistic	_	none	_	Begin=13.55	_	_	_	_
2-1	??	2	2	1	l'	l'	_	_	_	_	_	linguistic	_	none	SpaceAfter=No	_	_	_	_	_
2-2	??	2	2	2	altro	altro	_	_	_	_	_	linguistic	_	none	_	_	_	_	_	_
2-3	??	2	2	3	sempre	sempre	_	_	_	_	_	linguistic	_	none	_	_	_	_	_	_
2-4	??	2	2	4	più	più	_	_	_	_	_	linguistic	_	none	_	_	_	_	_	_
2-5	??	2	2	5	complesso	complesso	_	_	_	_	_	linguistic	_	none	_	_	_	_	_	_
2-6	??	2	2	6	ma::	ma	_	_	_	_	_	linguistic	_	none	_	_	1x2	_	_	_
2-7	??	2	2	7	gliel'	gliel'	_	_	_	_	_	linguistic	_	none	SpaceAfter=No	_	_	_	_	_
2-8	??	2	2	8	ho	ho	_	_	_	_	_	linguistic	_	none	_	_	_	_	_	_
2-9	??	2	2	9	spiegato	spiegato	_	_	_	_	_	linguistic	_	none	_	End=15.93	_	_	_	_
3-0	??	3	3	0	[uno	uno	_	_	_	_	_	linguistic	_	none	_	Begin=18.84	_	_	_	0-3(?)
3-1	??	3	3	1	per	per	_	_	_	_	_	linguistic	_	none	_	_	_	_	_	0-3(?)
3-2	??	3	3	2	ogni::]	ogni	_	_	_	_	_	linguistic	_	none	_	_	3x2	_	_	0-4(?)
3-3	??	3	3	3	sequenza	sequenza	_	_	_	_	_	linguistic	_	none	_	_	_	_	_	_
3-4	??	3	3	4	o	o	_	_	_	_	_	linguistic	_	none	_	_	_	_	_	_
3-5	??	3	3	5	argomento	argomento	_	_	_	_	_	linguistic	_	none	_	_	_	_	_	_
3-6	??	3	3	6	fondamentalmente	fondamentalmente	_	_	_	_	_	linguistic	_	none	_	_	_	_	_	_
3-7	??	3	3	7	no?	no	_	_	_	_	_	linguistic	_	none	Intonation=Rising	_	_	_	_	_
3-8	??	3	3	8	°mi	mi	_	_	_	_	_	linguistic	_	none	Volume=low	_	_	_	_	_
3-9	??	3	3	9	sembra	sembra	_	_	_	_	_	linguistic	_	none	Volume=low	_	_	_	_	_
3-10	??	3	3	10	di	di	_	_	_	_	_	linguistic	_	none	Volume=low	_	_	_	_	_
3-11	??	3	3	11	aver	aver	_	_	_	_	_	linguistic	_	none	Volume=low	_	_	_	_	_
3-12	??	3	3	12	capito°	capito	_	_	_	_	_	linguistic	_	none	Volume=low	_	_	_	_	_
3-13	??	3	3	13	bello,	bello	_	_	_	_	_	linguistic	_	none	Intonation=WeaklyRising	End=22.79	_	_	_	_
4-0	PST083	4	4	0	°organizzato:re°	organizzatore	_	_	_	_	_	linguistic	_	none	Volume=low	Begin=23.16|End=24.65	10x1	_	_	_
5-0	??	5	5	0	e::h	eh	_	_	_	_	_	linguistic	_	none	_	Begin=25.44	0x2	_	_	_
5-1	??	5	5	1	come::	come	_	_	_	_	_	linguistic	_	none	_	_	3x2	_	_	_
5-2	??	5	5	2	fare:	fare	_	_	_	_	_	linguistic	_	none	_	_	3x1	_	_	_
5-3	??	5	5	3	cinque	cinque	_	_	_	_	_	linguistic	_	none	_	_	_	_	_	_
5-4	??	5	5	4	sceneggiature	sceneggiature	_	_	_	_	_	linguistic	_	none	_	_	_	_	_	_
5-5	??	5	5	5	di	di	_	_	_	_	_	linguistic	_	none	ProsodicLink=Yes	_	_	_	_	_
5-6	??	5	5	6	di	di	_	_	_	_	_	linguistic	_	none	_	_	_	_	_	_
5-7	??	5	5	7	di	di	_	_	_	_	_	linguistic	_	none	_	_	_	_	_	_
5-8	??	5	5	8	cose	cose	_	_	_	_	_	linguistic	_	none	_	_	_	_	_	_
5-9	??	5	5	9	diverse	diverse	_	_	_	_	_	linguistic	_	none	_	End=29.217	_	_	_	_
6-0	PST093	6	6	0	me	me	_	_	_	_	_	linguistic	_	none	_	Begin=33.722	_	_	_	_
6-1	PST093	6	6	1	ne	ne	_	_	_	_	_	linguistic	_	none	_	_	_	_	_	_
6-2	PST093	6	6	2	ha	ha	_	_	_	_	_	linguistic	_	none	_	_	_	_	_	_
6-3	PST093	6	6	3	dati	dati	_	_	_	_	_	linguistic	_	none	_	_	_	_	_	_
6-4	PST093	6	6	4	[due]	due	_	_	_	_	_	linguistic	_	none	_	End=34.577	_	_	_	0-3(0)
7-0	PST085	7	7	0	[pure]	pure	_	_	_	_	_	linguistic	_	none	_	Begin=34.33	_	_	_	0-4(0)
7-1	PST085	7	7	1	questo	questo	_	_	_	_	_	linguistic	_	none	_	_	_	_	_	_
7-2	PST085	7	7	2	è	è	_	_	_	_	_	linguistic	_	none	_	_	_	_	_	_
7-3	PST085	7	7	3	da	da	_	_	_	_	_	linguistic	_	none	_	_	_	_	_	_
7-4	PST085	7	7	4	compilare	compilare	_	_	_	_	_	linguistic	_	none	_	End=35.96	_	_	_	_
8-0	PST085	8	8	0	vabbè	vabbè	_	_	_	_	_	linguistic	_	none	_	Begin=36.333	_	_	_	_
8-1	PST085	8	8	1	che	che	_	_	_	_	_	linguistic	_	none	_	_	_	_	_	_
8-2	PST085	8	8	2	sono	sono	_	_	_	_	_	linguistic	_	none	_	_	_	_	_	_
8-3	PST085	8	8	3	uno	uno	_	_	_	_	_	linguistic	_	none	_	_	_	_	_	_
8-4	PST085	8	8	4	a	a	_	_	_	_	_	linguistic	_	none	_	_	_	_	_	_
8-5	PST085	8	8	5	[testa]	testa	_	_	_	_	_	linguistic	_	none	_	End=38.34	_	_	_	0-5(1)
9-0	PST083	9	9	0	((legge))	((legge))	_	_	_	_	_	nonverbalbehavior	_	none	_	Begin=37.37	_	_	_	_
9-1	PST083	9	9	1	°[costruiamo]	costruiamo	_	_	_	_	_	linguistic	_	none	Volume=low	_	_	_	_	0-10(1)
9-2	PST083	9	9	2	usate	usate	_	_	_	_	_	linguistic	_	none	Volume=low	_	_	_	_	_
9-3	PST083	9	9	3	questa	questa	_	_	_	_	_	linguistic	_	none	Volume=low	_	_	_	_	_
9-4	PST083	9	9	4	scheda	scheda	_	_	_	_	_	linguistic	_	none	Volume=low	_	_	_	_	_
9-5	PST083	9	9	5	per	per	_	_	_	_	_	linguistic	_	none	Volume=low	_	_	_	_	_
9-6	PST083	9	9	6	descrivere	descrivere	_	_	_	_	_	linguistic	_	none	Volume=low	_	_	_	_	_
9-7	PST083	9	9	7	che	che	_	_	_	_	_	linguistic	_	none	Volume=low	_	_	_	_	_
9-8	PST083	9	9	8	cosavolete	cosavolete	_	_	_	_	_	linguistic	_	none	Volume=low	_	_	_	_	_
9-9	PST083	9	9	9	che	che	_	_	_	_	_	linguistic	_	none	Volume=low	_	_	_	_	_
9-10	PST083	9	9	10	cosa	cosa	_	_	_	_	_	linguistic	_	none	Volume=low	_	_	_	_	_
9-11	PST083	9	9	11	volete	volete	_	_	_	_	_	linguistic	_	none	Volume=low	_	_	_	_	_
9-12	PST083	9	9	12	filmare,°	filmare	_	_	_	_	_	linguistic	_	none	Intonation=WeaklyRising|Volume=low	End=40.64	_	_	_	_
10-0	PST083	10	10	0	(xxx)	xxx	_	_	_	_	_	unknown	_	none	Syllables=3	Begin=41.1|End=41.8	_	_	0-3(0)	_
11-0	PST085	11	11	0	eh?	eh	_	_	_	_	_	linguistic	_	none	Intonation=Rising	Begin=42.32|End=42.63	_	_	_	_
12-0	PST083	12	12	0	((legge))	((legge))	_	_	_	_	_	nonverbalbehavior	_	none	_	Begin=43.12	_	_	_	_
12-1	PST083	12	12	1	e	e	_	_	_	_	_	linguistic	_	none	_	_	_	_	_	_
12-2	PST083	12	12	2	annotate	annotate	_	_	_	_	_	linguistic	_	none	_	_	_	_	_	_
12-3	PST083	12	12	3	tutte	tutte	_	_	_	_	_	linguistic	_	none	_	_	_	_	_	_
12-4	PST083	12	12	4	le	le	_	_	_	_	_	linguistic	_	none	_	_	_	_	_	_
12-5	PST083	12	12	5	informazioni	informazioni	_	_	_	_	_	linguistic	_	none	_	_	_	_	_	_
12-6	PST083	12	12	6	che	che	_	_	_	_	_	linguistic	_	none	_	_	_	_	_	_
12-7	PST083	12	12	7	vi	vi	_	_	_	_	_	linguistic	_	none	_	_	_	_	_	_
12-8	PST083	12	12	8	servono	servono	_	_	_	_	_	linguistic	_	none	_	End=45.3	_	_	_	_
13-0	PST085	13	13	0	gruppo	gruppo	_	_	_	_	_	linguistic	_	none	_	Begin=45.56	_	_	_	_
13-1	PST085	13	13	1	è	è	_	_	_	_	_	linguistic	_	none	_	_	_	_	_	_
13-2	PST085	13	13	2	un	un	_	_	_	_	_	linguistic	_	none	_	_	_	_	_	_
13-3	PST085	13	13	3	altro	altro	_	_	_	_	_	linguistic	_	none	_	_	_	_	_	_
13-4	PST085	13	13	4	tipo	tipo	_	_	_	_	_	linguistic	_	none	PauseAfter=Yes	_	_	_	_	_
13-5	PST085	13	13	5	(.)	(.)	_	_	_	_	_	shortpause	_	none	_	_	_	_	_	_
13-6	PST085	13	13	6	xxx	xxx	_	_	_	_	_	unknown	_	none	Syllables=3	_	_	_	_	_
13-7	PST085	13	13	7	del	del	_	_	_	_	_	linguistic	_	none	_	_	_	_	_	_
13-8	PST085	13	13	8	tipo::	tipo	_	_	_	_	_	linguistic	_	none	_	_	3x2	_	_	_
13-9	PST085	13	13	9	@ele::	@ele	_	_	_	_	_	anonymized	_	none	_	_	3x2	_	_	_
13-10	PST085	13	13	10	@anita::	@anita	_	_	_	_	_	anonymized	_	none	_	_	5x2	_	_	_
13-11	PST085	13	13	11	@noemi	@noemi	_	_	_	_	_	anonymized	_	none	PauseAfter=Yes	_	_	_	_	_
13-12	PST085	13	13	12	(.)	(.)	_	_	_	_	_	shortpause	_	none	_	_	_	_	_	_
13-13	PST085	13	13	13	[titolo	titolo	_	_	_	_	_	linguistic	_	none	_	_	_	_	_	0-6(2)
13-14	PST085	13	13	14	della	della	_	_	_	_	_	linguistic	_	none	_	_	_	_	_	0-5(2)
13-15	PST085	13	13	15	sce::na]	scena	_	_	_	_	_	linguistic	_	none	_	End=51.94	2x2	_	_	0-5(2)
14-0	PST083	14	14	0	okay	okay	_	_	_	_	_	linguistic	_	none	_	Begin=49.921	_	_	_	_
14-1	PST083	14	14	1	[titolo	titolo	_	_	_	_	_	linguistic	_	none	_	_	_	_	_	0-6(2)
14-2	PST083	14	14	2	della	della	_	_	_	_	_	linguistic	_	none	_	_	_	_	_	0-5(2)
14-3	PST083	14	14	3	sce::~]	sce~	_	_	_	_	_	linguistic	_	none	Interrupted=Yes	End=51.83	2x2	_	_	0-4(2)
15-0	PST083	15	15	0	((legge))	((legge))	_	_	_	_	_	nonverbalbehavior	_	none	_	Begin=51.93	_	_	_	_
15-1	PST083	15	15	1	°>tema	tema	_	_	_	_	_	linguistic	_	none	Volume=low	_	_	Fast=0-4(0)	_	_
15-2	PST083	15	15	2	generale	generale	_	_	_	_	_	linguistic	_	none	Volume=low	_	_	Fast=0-8(0)	_	_
15-3	PST083	15	15	3	di	di	_	_	_	_	_	linguistic	_	none	Volume=low	_	_	Fast=0-2(0)	_	_
15-4	PST083	15	15	4	che	che	_	_	_	_	_	linguistic	_	none	Volume=low	_	_	Fast=0-3(0)	_	_
15-5	PST083	15	15	5	cosa	cosa	_	_	_	_	_	linguistic	_	none	Volume=low	_	_	Fast=0-4(0)	_	_
15-6	PST083	15	15	6	si	si	_	_	_	_	_	linguistic	_	none	Volume=low	_	_	Fast=0-2(0)	_	_
15-7	PST083	15	15	7	parla	parla	_	_	_	_	_	linguistic	_	none	Volume=low	_	_	Fast=0-5(0)	_	_
15-8	PST083	15	15	8	in	in	_	_	_	_	_	linguistic	_	none	Volume=low	_	_	Fast=0-2(0)	_	_
15-9	PST083	15	15	9	questa	questa	_	_	_	_	_	linguistic	_	none	Volume=low	_	_	Fast=0-6(0)	_	_
15-10	PST083	15	15	10	scena	scena	_	_	_	_	_	linguistic	_	none	Volume=low	_	_	Fast=0-5(0)	_	_
15-11	PST083	15	15	11	descrizione	descrizione	_	_	_	_	_	linguistic	_	none	Volume=low	_	_	Fast=0-11(0)	_	_
15-12	PST083	15	15	12	che	che	_	_	_	_	_	linguistic	_	none	Volume=low	_	_	Fast=0-3(0)	_	_
15-13	PST083	15	15	13	cosa	cosa	_	_	_	_	_	linguistic	_	none	Volume=low	_	_	Fast=0-4(0)	_	_
15-14	PST083	15	15	14	succede	succede	_	_	_	_	_	linguistic	_	none	Volume=low	_	_	Fast=0-7(0)	_	_
15-15	PST083	15	15	15	in	in	_	_	_	_	_	linguistic	_	none	Volume=low	_	_	Fast=0-2(0)	_	_
15-16	PST083	15	15	16	ques[ta	questa	_	_	_	_	_	linguistic	_	none	Volume=low	_	_	Fast=0-6(0)	_	4-6(?)
15-17	PST083	15	15	17	scena]<°	scena	_	_	_	_	_	linguistic	_	none	Volume=low	End=55.33	_	Fast=0-5(0)	_	0-5(?)
16-0	PST093	16	16	0	[quindi	quindi	_	_	_	_	_	linguistic	_	none	_	Begin=54.51	_	_	_	0-6(4)
16-1	PST093	16	16	1	dobbiamo	dobbiamo	_	_	_	_	_	linguistic	_	none	_	_	_	_	_	0-8(4)
16-2	PST093	16	16	2	fare	fare	_	_	_	_	_	linguistic	_	none	_	_	_	_	_	0-4(4)
16-3	PST093	16	16	3	le]	le	_	_	_	_	_	linguistic	_	none	_	_	_	_	_	0-2(4)
16-4	PST093	16	16	4	sc~	sc~	_	_	_	_	_	linguistic	_	none	Interrupted=Yes|PauseAfter=Yes	_	_	_	_	_
16-5	PST093	16	16	5	(.)	(.)	_	_	_	_	_	shortpause	_	none	_	_	_	_	_	_
16-6	PST093	16	16	6	[noi	noi	_	_	_	_	_	linguistic	_	none	_	_	_	_	_	0-3(5)
16-7	PST093	16	16	7	tre	tre	_	_	_	_	_	linguistic	_	none	_	_	_	_	_	0-3(5)
16-8	PST093	16	16	8	un::]	un	_	_	_	_	_	linguistic	_	none	_	End=57.5	1x2	_	_	0-2(5)
17-0	PST083	17	17	0	((legge))	((legge))	_	_	_	_	_	nonverbalbehavior	_	none	_	Begin=57.111	_	_	_	_
17-1	PST083	17	17	1	>°chi	chi	_	_	_	_	_	linguistic	_	none	Volume=low	_	_	Fast=0-3(0)	_	_
17-2	PST083	17	17	2	è	è	_	_	_	_	_	linguistic	_	none	Volume=low	_	_	Fast=0-1(0)	_	_
17-3	PST083	17	17	3	coinvolto	coinvolto	_	_	_	_	_	linguistic	_	none	Volume=low	_	_	Fast=0-9(0)	_	_
17-4	PST083	17	17	4	in	in	_	_	_	_	_	linguistic	_	none	Volume=low	_	_	Fast=0-2(0)	_	_
17-5	PST083	17	17	5	queste	queste	_	_	_	_	_	linguistic	_	none	Volume=low	_	_	Fast=0-6(0)	_	_
17-6	PST083	17	17	6	attività:	attività	_	_	_	_	_	linguistic	_	none	Volume=low	_	7x1	Fast=0-8(0)	_	_
17-7	PST083	17	17	7	persone	persone	_	_	_	_	_	linguistic	_	none	Volume=low	_	_	Fast=0-7(0)	_	_
17-8	PST083	17	17	8	di	di	_	_	_	_	_	linguistic	_	none	Volume=low	_	_	Fast=0-2(0)	_	_
17-9	PST083	17	17	9	@nomeassociazione	@nomeassociazione	_	_	_	_	_	anonymized	_	none	Volume=low	_	_	Fast=0-17(0)	_	_
17-10	PST083	17	17	10	[persone	persone	_	_	_	_	_	linguistic	_	none	Volume=low	_	_	Fast=0-7(0)	_	0-7(?)
17-11	PST083	17	17	11	che	che	_	_	_	_	_	linguistic	_	none	Volume=low	_	_	Fast=0-3(0)	_	0-3(?)
17-12	PST083	17	17	12	conoscete	conoscete	_	_	_	_	_	linguistic	_	none	Volume=low	_	_	Fast=0-9(0)	_	0-9(?)
17-13	PST083	17	17	13	voi	voi	_	_	_	_	_	linguistic	_	none	Volume=low	_	_	Fast=0-3(0)	_	0-3(?)
17-14	PST083	17	17	14	bla	bla	_	_	_	_	_	linguistic	_	none	Volume=low	_	_	Fast=0-3(0)	_	0-3(?)
17-15	PST083	17	17	15	bla	bla	_	_	_	_	_	linguistic	_	none	Volume=low	_	_	Fast=0-3(0)	_	0-3(?)
17-16	PST083	17	17	16	bla:]°<	bla	_	_	_	_	_	linguistic	_	none	Volume=low	End=61.08	2x1	Fast=0-3(0)	_	0-3(?)
18-0	PST093	18	18	0	[quindi	quindi	_	_	_	_	_	linguistic	_	none	_	Begin=59.37	_	_	_	0-6(?)
18-1	PST093	18	18	1	una	una	_	_	_	_	_	linguistic	_	none	_	_	_	_	_	0-3(?)
18-2	PST093	18	18	2	scena	scena	_	_	_	_	_	linguistic	_	none	_	_	_	_	_	0-5(?)
18-3	PST093	18	18	3	xxx]	xxx	_	_	_	_	_	unknown	_	none	Syllables=3	_	_	_	_	0-3(?)
18-4	PST093	18	18	4	di:	di	_	_	_	_	_	linguistic	_	none	_	_	1x1	_	_	_
18-5	PST093	18	18	5	interviste	interviste	_	_	_	_	_	linguistic	_	none	_	_	_	_	_	_
18-6	PST093	18	18	6	ste	ste	_	_	_	_	_	linguistic	_	none	_	_	_	_	_	_
18-7	PST093	18	18	7	robe	robe	_	_	_	_	_	linguistic	_	none	_	_	_	_	_	_
18-8	PST093	18	18	8	[qua]	qua	_	_	_	_	_	linguistic	_	none	_	End=62.13	_	_	_	0-3(?)
19-0	PST083	19	19	0	((legge))	((legge))	_	_	_	_	_	nonverbalbehavior	_	none	_	Begin=62.155	_	_	_	_
19-1	PST083	19	19	1	°>location	location	_	_	_	_	_	linguistic	_	none	Volume=low	_	_	Fast=0-8(0)	_	_
19-2	PST083	19	19	2	dove	dove	_	_	_	_	_	linguistic	_	none	Volume=low	_	_	Fast=0-4(0)	_	_
19-3	PST083	19	19	3	si	si	_	_	_	_	_	linguistic	_	none	Volume=low	_	_	Fast=0-2(0)	_	_
19-4	PST083	19	19	4	svolge	svolge	_	_	_	_	_	linguistic	_	none	Volume=low	_	_	Fast=0-6(0)	_	_
19-5	PST083	19	19	5	la	la	_	_	_	_	_	linguistic	_	none	Volume=low	_	_	Fast=0-2(0)	_	_
19-6	PST083	19	19	6	scena	scena	_	_	_	_	_	linguistic	_	none	Volume=low	_	_	Fast=0-5(0)	_	_
19-7	PST083	19	19	7	quando	quando	_	_	_	_	_	linguistic	_	none	Volume=low	_	_	Fast=0-6(0)	_	_
19-8	PST083	19	19	8	((sospira))	((sospira))	_	_	_	_	_	nonverbalbehavior	_	none	Volume=low	_	_	Fast=0-7(0)	_	_
19-9	PST083	19	19	9	si	si	_	_	_	_	_	linguistic	_	none	Volume=low	_	_	Fast=0-2(0)	_	_
19-10	PST083	19	19	10	farà	farà	_	_	_	_	_	linguistic	_	none	Volume=low	_	_	Fast=0-4(0)	_	_
19-11	PST083	19	19	11	la	la	_	_	_	_	_	linguistic	_	none	Volume=low	_	_	Fast=0-2(0)	_	_
19-12	PST083	19	19	12	ripresa	ripresa	_	_	_	_	_	linguistic	_	none	Volume=low	_	_	Fast=0-7(0)	_	_
19-13	PST083	19	19	13	inquadratu~<°	inquadratu~	_	_	_	_	_	linguistic	_	none	Interrupted=Yes|Volume=low	End=65.93	_	Fast=0-11(0)	_	_
20-0	PST083	20	20	0	ma	ma	_	_	_	_	_	linguistic	_	none	_	Begin=66.29	_	_	_	_
20-1	PST083	20	20	1	è	è	_	_	_	_	_	linguistic	_	none	PauseAfter=Yes	_	_	_	_	_
20-2	PST083	20	20	2	(.)	(.)	_	_	_	_	_	shortpause	_	none	_	_	_	_	_	_
20-3	PST083	20	20	3	[un'	un'	_	_	_	_	_	linguistic	_	none	SpaceAfter=No	_	_	_	_	0-3(7)
20-4	PST083	20	20	4	ipotetica	ipotetica	_	_	_	_	_	linguistic	_	none	_	_	_	_	_	0-9(7)
20-5	PST083	20	20	5	cosa]?	cosa	_	_	_	_	_	linguistic	_	none	Intonation=Rising	End=68.11	_	_	_	0-4(7)
21-0	PST203	21	21	0	[una	una	_	_	_	_	_	linguistic	_	none	_	Begin=67.25	_	_	_	0-3(7)
21-1	PST203	21	21	1	penna]?	penna	_	_	_	_	_	linguistic	_	none	Intonation=Rising	_	_	_	_	0-5(7)
21-2	PST203	21	21	2	per	per	_	_	_	_	_	linguistic	_	none	_	_	_	_	_	_
21-3	PST203	21	21	3	favore,	favore	_	_	_	_	_	linguistic	_	none	Intonation=WeaklyRising	End=68.78	_	_	_	_
22-0	PST083	22	22	0	[o:::]	o	_	_	_	_	_	linguistic	_	none	_	Begin=68.895|End=69.37	0x3	_	_	0-1(8)
23-0	PST085	23	23	0	[no	no	_	_	_	_	_	linguistic	_	none	_	Begin=69.04	_	_	_	0-2(8)
23-1	PST085	23	23	1	è]	è	_	_	_	_	_	linguistic	_	none	_	_	_	_	_	0-1(8)
23-2	PST085	23	23	2	una	una	_	_	_	_	_	linguistic	_	none	_	_	_	_	_	_
23-3	PST085	23	23	3	cosa	cosa	_	_	_	_	_	linguistic	_	none	_	_	_	_	_	_
23-4	PST085	23	23	4	che	che	_	_	_	_	_	linguistic	_	none	_	_	_	_	_	_
23-5	PST085	23	23	5	vorremmo	vorremmo	_	_	_	_	_	linguistic	_	none	_	_	_	_	_	_
23-6	PST085	23	23	6	[mettere	mettere	_	_	_	_	_	linguistic	_	none	_	_	_	_	_	0-7(9)
23-7	PST085	23	23	7	nel::]	nel	_	_	_	_	_	linguistic	_	none	_	End=71.56	2x2	_	_	0-3(9)
24-0	PST203	24	24	0	[posso?	posso	_	_	_	_	_	linguistic	_	none	Intonation=Rising	Begin=70.345	_	_	_	0-5(9)
24-1	PST203	24	24	1	grazie]	grazie	_	_	_	_	_	linguistic	_	none	_	End=71.555	_	_	_	0-6(9)
25-0	PST082	25	25	0	quella	quella	_	_	_	_	_	linguistic	_	none	_	Begin=71.57	_	_	_	_
25-1	PST082	25	25	1	è	è	_	_	_	_	_	linguistic	_	none	_	_	_	_	_	_
25-2	PST082	25	25	2	una	una	_	_	_	_	_	linguistic	_	none	_	_	_	_	_	_
25-3	PST082	25	25	3	matita	matita	_	_	_	_	_	linguistic	_	none	_	End=72.54	_	_	_	_
26-0	PST203	26	26	0	ah	ah	_	_	_	_	_	linguistic	_	none	_	Begin=72.54	_	_	_	_
26-1	PST203	26	26	1	okay	okay	_	_	_	_	_	linguistic	_	none	_	End=73.07	_	_	_	_
27-0	PST085	27	27	0	nel	nel	_	_	_	_	_	linguistic	_	none	_	Begin=73.04	_	_	_	_
27-1	PST085	27	27	1	film:	film	_	_	_	_	_	linguistic	_	none	_	_	3x1	_	_	_
27-2	PST085	27	27	2	[diciamo	diciamo	_	_	_	_	_	linguistic	_	none	_	_	_	_	_	0-7(10)
27-3	PST085	27	27	3	chiamiamolo]	chiamiamolo	_	_	_	_	_	linguistic	_	none	_	_	_	_	_	0-11(10)
27-4	PST085	27	27	4	così	così	_	_	_	_	_	linguistic	_	none	_	End=75.51	_	_	_	_
28-0	PST085	28	28	0	[è	è	_	_	_	_	_	linguistic	_	none	_	Begin=78.23	_	_	_	0-1(11)
28-1	PST085	28	28	1	un	un	_	_	_	_	_	linguistic	_	none	_	_	_	_	_	0-2(11)
28-2	PST085	28	28	2	qualcosa	qualcosa	_	_	_	_	_	linguistic	_	none	_	_	_	_	_	0-8(11)
28-3	PST085	28	28	3	che	che	_	_	_	_	_	linguistic	_	none	_	_	_	_	_	0-3(11)
28-4	PST085	28	28	4	vorremmo	vorremmo	_	_	_	_	_	linguistic	_	none	_	_	_	_	_	0-8(11)
28-5	PST085	28	28	5	me]tte	mette	_	_	_	_	_	linguistic	_	none	_	End=80.04	_	_	_	0-2(11)
29-0	PST083	29	29	0	[partiamo	partiamo	_	_	_	_	_	linguistic	_	none	_	Begin=78.33	_	_	_	0-8(11)
29-1	PST083	29	29	1	da	da	_	_	_	_	_	linguistic	_	none	_	_	_	_	_	0-2(11)
29-2	PST083	29	29	2	questo]?	questo	_	_	_	_	_	linguistic	_	none	Intonation=Rising	End=79.67	_	_	_	0-6(11)
30-0	PST082	30	30	0	sì	sì	_	_	_	_	_	linguistic	_	none	_	Begin=79.95	_	_	_	_
30-1	PST082	30	30	1	devi::	devi	_	_	_	_	_	linguistic	_	none	_	End=80.94	3x2	_	_	_
31-0	PST083	31	31	0	a	a	_	_	_	_	_	linguistic	_	none	_	Begin=83.1	_	_	_	_
31-1	PST083	31	31	1	me	me	_	_	_	_	_	linguistic	_	none	_	_	_	_	_	_
31-2	PST083	31	31	2	a	a	_	_	_	_	_	linguistic	_	none	_	_	_	_	_	_
31-3	PST083	31	31	3	me	me	_	_	_	_	_	linguistic	_	none	_	_	_	_	_	_
31-4	PST083	31	31	4	piacerebbe	piacerebbe	_	_	_	_	_	linguistic	_	none	_	_	_	_	_	_
31-5	PST083	31	31	5	fare	fare	_	_	_	_	_	linguistic	_	none	_	End=84.78	_	_	_	_
32-0	PST083	32	32	0	sia	sia	_	_	_	_	_	linguistic	_	none	_	Begin=84.98	_	_	_	_
32-1	PST083	32	32	1	parte	parte	_	_	_	_	_	linguistic	_	none	_	_	_	_	_	_
32-2	PST083	32	32	2	della	della	_	_	_	_	_	linguistic	_	none	_	_	_	_	_	_
32-3	PST083	32	32	3	fotografia	fotografia	_	_	_	_	_	linguistic	_	none	PauseAfter=Yes	_	_	_	_	_
32-4	PST083	32	32	4	(.)	(.)	_	_	_	_	_	shortpause	_	none	_	_	_	_	_	_
32-5	PST083	32	32	5	che	che	_	_	_	_	_	linguistic	_	none	_	_	_	_	_	_
32-6	PST083	32	32	6	dell'	dell'	_	_	_	_	_	linguistic	_	none	SpaceAfter=No	_	_	_	_	_
32-7	PST083	32	32	7	intervistatore	intervistatore	_	_	_	_	_	linguistic	_	none	_	End=88.21	_	_	_	_
33-0	PST093	33	33	0	i[o:::]	io	_	_	_	_	_	linguistic	_	none	_	Begin=89.45|End=90.23	1x3	_	_	1-2(13)
34-0	PST085	34	34	0	°xxxx°	xxxx	_	_	_	_	_	unknown	_	none	Volume=low|Syllables=4	Begin=90.067|End=91.36	_	_	_	_
35-0	PST083	35	35	0	devo	devo	_	_	_	_	_	linguistic	_	none	_	Begin=91.61	_	_	_	_
35-1	PST083	35	35	1	scrivere	scrivere	_	_	_	_	_	linguistic	_	none	_	_	_	_	_	_
35-2	PST083	35	35	2	(sul	sul	_	_	_	_	_	linguistic	_	none	_	_	_	_	0-3(0)	_
35-3	PST083	35	35	3	foglio)?	foglio	_	_	_	_	_	linguistic	_	none	Intonation=Rising	End=92.35	_	_	0-6(0)	_
36-0	PST093	36	36	0	ma	ma	_	_	_	_	_	linguistic	_	none	_	Begin=93.13	_	_	_	_
36-1	PST093	36	36	1	l	l	_	_	_	_	_	linguistic	_	none	ProsodicLink=Yes	_	_	_	_	_
36-2	PST093	36	36	2	e::h	eh	_	_	_	_	_	linguistic	_	none	_	End=94.3675	0x2	_	_	_
37-0	PST083	37	37	0	°sì	sì	_	_	_	_	_	linguistic	_	none	Volume=low	Begin=94.3675	_	_	_	_
37-1	PST083	37	37	1	te	te	_	_	_	_	_	linguistic	_	none	Volume=low	_	_	_	_	_
37-2	PST083	37	37	2	l'	l'	_	_	_	_	_	linguistic	_	none	SpaceAfter=No|Volume=low	_	_	_	_	_
37-3	PST083	37	37	3	ho	ho	_	_	_	_	_	linguistic	_	none	Volume=low	_	_	_	_	_
37-4	PST083	37	37	4	scritto°	scritto	_	_	_	_	_	linguistic	_	none	Volume=low	End=95.785	_	_	_	_
38-0	PST093	38	38	0	a	a	_	_	_	_	_	linguistic	_	none	_	Begin=99.48	_	_	_	_
38-1	PST093	38	38	1	me	me	_	_	_	_	_	linguistic	_	none	_	_	_	_	_	_
38-2	PST093	38	38	2	piacerebbe	piacerebbe	_	_	_	_	_	linguistic	_	none	_	_	_	_	_	_
38-3	PST093	38	38	3	audio:	audio	_	_	_	_	_	linguistic	_	none	_	_	4x1	_	_	_
38-4	PST093	38	38	4	e	e	_	_	_	_	_	linguistic	_	none	_	_	_	_	_	_
38-5	PST093	38	38	5	intervistatore.	intervistatore	_	_	_	_	_	linguistic	_	none	Intonation=Falling	End=102.74	_	_	_	_
39-0	PST085	39	39	0	mh	mh	_	_	_	_	_	linguistic	_	none	_	Begin=105.22|End=105.58	_	_	_	_
40-0	PST083	40	40	0	e:::h	eh	_	_	_	_	_	linguistic	_	none	_	Begin=105.8	0x3	_	_	_
40-1	PST083	40	40	1	aspetta	aspetta	_	_	_	_	_	linguistic	_	none	_	End=107.27	_	_	_	_
41-0	PST083	41	41	0	[cosa	cosa	_	_	_	_	_	linguistic	_	none	_	Begin=119.47	_	_	_	0-4(14)
41-1	PST083	41	41	1	succede)]	succede	_	_	_	_	_	linguistic	_	none	_	End=120.48	_	_	_	0-7(14)
42-0	PST085	42	42	0	[io	io	_	_	_	_	_	linguistic	_	none	_	Begin=119.47	_	_	_	0-2(14)
42-1	PST085	42	42	1	vedo	vedo	_	_	_	_	_	linguistic	_	none	_	_	_	_	_	0-4(14)
42-2	PST085	42	42	2	al	al	_	_	_	_	_	linguistic	_	none	_	_	_	_	_	0-2(14)
42-3	PST085	42	42	3	contrario]	contrario	_	_	_	_	_	linguistic	_	none	_	_	_	_	_	0-9(14)
42-4	PST085	42	42	4	qua	qua	_	_	_	_	_	linguistic	_	none	_	_	_	_	_	_
42-5	PST085	42	42	5	e	e	_	_	_	_	_	linguistic	_	none	_	_	_	_	_	_
42-6	PST085	42	42	6	non	non	_	_	_	_	_	linguistic	_	none	_	_	_	_	_	_
42-7	PST085	42	42	7	ci	ci	_	_	_	_	_	linguistic	_	none	_	_	_	_	_	_
42-8	PST085	42	42	8	vedo	vedo	_	_	_	_	_	linguistic	_	none	_	End=121.53	_	_	_	_
43-0	PST083	43	43	0	[ah	ah	_	_	_	_	_	linguistic	_	none	_	Begin=121.53	_	_	_	0-2(?)
43-1	PST083	43	43	1	scusami]	scusami	_	_	_	_	_	linguistic	_	none	_	End=122.53	_	_	_	0-7(?)
44-0	PST085	44	44	0	((ride))	((ride))	_	_	_	_	_	nonverbalbehavior	_	none	_	Begin=121.53|End=122.53	_	_	_	_
45-0	PST085	45	45	0	organizzatore	organizzatore	_	_	_	_	_	linguistic	_	none	_	Begin=128.38	_	_	_	_
45-1	PST085	45	45	1	secondo	secondo	_	_	_	_	_	linguistic	_	none	_	_	_	_	_	_
45-2	PST085	45	45	2	te	te	_	_	_	_	_	linguistic	_	none	_	_	_	_	_	_
45-3	PST085	45	45	3	cos'	cos'	_	_	_	_	_	linguistic	_	none	SpaceAfter=No	_	_	_	_	_
45-4	PST085	45	45	4	è	è	_	_	_	_	_	linguistic	_	none	_	_	_	_	_	_
45-5	PST085	45	45	5	organizz[ato:~]	organizzato~	_	_	_	_	_	linguistic	_	none	Interrupted=Yes	End=131.2	10x1	_	_	7-12(108)
46-0	PST083	46	46	0	[tipo::]	tipo	_	_	_	_	_	linguistic	_	none	_	Begin=130.83|End=131.43	3x2	_	_	0-4(108)
47-0	PST093	47	47	0	[organ]izzi	organizzi	_	_	_	_	_	linguistic	_	none	_	Begin=130.83	_	_	_	0-5(108)
47-1	PST093	47	47	1	tutto	tutto	_	_	_	_	_	linguistic	_	none	_	_	_	_	_	_
47-2	PST093	47	47	2	quanto	quanto	_	_	_	_	_	linguistic	_	none	_	End=132.34	_	_	_	_
48-0	PST083	48	48	0	tipo::	tipo	_	_	_	_	_	linguistic	_	none	_	Begin=132.35	3x2	_	_	_
48-1	PST083	48	48	1	se	se	_	_	_	_	_	linguistic	_	none	_	_	_	_	_	_
48-2	PST083	48	48	2	dobbiamo	dobbiamo	_	_	_	_	_	linguistic	_	none	_	_	_	_	_	_
48-3	PST083	48	48	3	andare	andare	_	_	_	_	_	linguistic	_	none	_	_	_	_	_	_
48-4	PST083	48	48	4	a	a	_	_	_	_	_	linguistic	_	none	_	_	_	_	_	_
48-5	PST083	48	48	5	cas~	cas~	_	_	_	_	_	linguistic	_	none	Interrupted=Yes	End=134.35	_	_	_	_
49-0	PST083	49	49	0	metti	metti	_	_	_	_	_	linguistic	_	none	_	Begin=134.77	_	_	_	_
49-1	PST083	49	49	1	caso	caso	_	_	_	_	_	linguistic	_	none	_	_	_	_	_	_
49-2	PST083	49	49	2	eh	eh	_	_	_	_	_	linguistic	_	none	PauseAfter=Yes	_	_	_	_	_
49-3	PST083	49	49	3	(.)	(.)	_	_	_	_	_	shortpause	_	none	_	_	_	_	_	_
49-4	PST083	49	49	4	devi	devi	_	_	_	_	_	linguistic	_	none	_	_	_	_	_	_
49-5	PST083	49	49	5	andare	andare	_	_	_	_	_	linguistic	_	none	_	_	_	_	_	_
49-6	PST083	49	49	6	a	a	_	_	_	_	_	linguistic	_	none	_	_	_	_	_	_
49-7	PST083	49	49	7	casa	casa	_	_	_	_	_	linguistic	_	none	_	_	_	_	_	_
49-8	PST083	49	49	8	di	di	_	_	_	_	_	linguistic	_	none	_	_	_	_	_	_
49-9	PST083	49	49	9	qualcuno	qualcuno	_	_	_	_	_	linguistic	_	none	_	_	_	_	_	_
49-10	PST083	49	49	10	a	a	_	_	_	_	_	linguistic	_	none	_	_	_	_	_	_
49-11	PST083	49	49	11	fare	fare	_	_	_	_	_	linguistic	_	none	_	_	_	_	_	_
49-12	PST083	49	49	12	l'	l'	_	_	_	_	_	linguistic	_	none	SpaceAfter=No	_	_	_	_	_
49-13	PST083	49	49	13	intervista	intervista	_	_	_	_	_	linguistic	_	none	_	_	_	_	_	_
49-14	PST083	49	49	14	tu	tu	_	_	_	_	_	linguistic	_	none	_	_	_	_	_	_
49-15	PST083	49	49	15	devi	devi	_	_	_	_	_	linguistic	_	none	_	_	_	_	_	_
49-16	PST083	49	49	16	chiamare	chiamare	_	_	_	_	_	linguistic	_	none	_	_	_	_	_	_
49-17	PST083	49	49	17	quella	quella	_	_	_	_	_	linguistic	_	none	_	_	_	_	_	_
49-18	PST083	49	49	18	persona	persona	_	_	_	_	_	linguistic	_	none	_	_	_	_	_	_
49-19	PST083	49	49	19	e	e	_	_	_	_	_	linguistic	_	none	_	_	_	_	_	_
49-20	PST083	49	49	20	parlare	parlare	_	_	_	_	_	linguistic	_	none	_	_	_	_	_	_
49-21	PST083	49	49	21	con	con	_	_	_	_	_	linguistic	_	none	_	_	_	_	_	_
49-22	PST083	49	49	22	quella	quella	_	_	_	_	_	linguistic	_	none	_	_	_	_	_	_
49-23	PST083	49	49	23	tipo	tipo	_	_	_	_	_	linguistic	_	none	_	_	_	_	_	_
49-24	PST083	49	49	24	un	un	_	_	_	_	_	linguistic	_	none	_	_	_	_	_	_
49-25	PST083	49	49	25	manager	manager	_	_	_	_	_	linguistic	_	none	_	End=141.31	_	_	_	_
50-0	PST093	50	50	0	sì	sì	_	_	_	_	_	linguistic	_	none	_	Begin=141.37|End=141.88	_	_	_	_
51-0	PST085	51	51	0	>madonna<	madonna	_	_	_	_	_	linguistic	_	none	_	Begin=141.95	_	Fast=0-7(0)	_	_
51-1	PST085	51	51	1	mia	mia	_	_	_	_	_	linguistic	_	none	_	End=143.18	_	_	_	_
52-0	PST083	52	52	0	c(io)è	cioè	_	_	_	_	_	linguistic	_	none	Reduced=Yes	Begin=143.2	_	_	_	_
52-1	PST083	52	52	1	vabbè	vabbè	_	_	_	_	_	linguistic	_	none	_	_	_	_	_	_
52-2	PST083	52	52	2	ora	ora	_	_	_	_	_	linguistic	_	none	_	_	_	_	_	_
52-3	PST083	52	52	3	non	non	_	_	_	_	_	linguistic	_	none	_	_	_	_	_	_
52-4	PST083	52	52	4	pensare::	pensare	_	_	_	_	_	linguistic	_	none	_	_	6x2	_	_	_
52-5	PST083	52	52	5	chissà	chissà	_	_	_	_	_	linguistic	_	none	_	_	_	_	_	_
52-6	PST083	52	52	6	che	che	_	_	_	_	_	linguistic	_	none	_	_	_	_	_	_
52-7	PST083	52	52	7	cosa	cosa	_	_	_	_	_	linguistic	_	none	_	_	_	_	_	_
52-8	PST083	52	52	8	di::	di	_	_	_	_	_	linguistic	_	none	_	End=146.18	1x2	_	_	_
53-0	PST083	53	53	0	oppure	oppure	_	_	_	_	_	linguistic	_	some	_	Begin=146.25	_	_	_	_
53-1	PST083	53	53	1	che	che	_	_	_	_	_	linguistic	_	some	_	_	_	_	_	_
53-2	PST083	53	53	2	ne	ne	_	_	_	_	_	linguistic	_	some	_	_	_	_	_	_
53-3	PST083	53	53	3	so	so	_	_	_	_	_	linguistic	_	some	_	_	_	_	_	_
53-4	PST083	53	53	4	ehm:::	ehm	_	_	_	_	_	linguistic	_	some	_	_	2x3	_	_	_
53-5	PST083	53	53	5	#vrem	vrem	_	_	_	_	_	linguistic	_	some	Language=NO_ISO_CODE|Variation=Token	_	_	_	_	_
53-6	PST083	53	53	6	#să	să	_	_	_	_	_	linguistic	_	some	Language=NO_ISO_CODE|Variation=Token	_	_	_	_	_
53-7	PST083	53	53	7	#mergem	mergem	_	_	_	_	_	linguistic	_	some	Language=NO_ISO_CODE|Variation=Token	_	_	_	_	_
53-8	PST083	53	53	8	#la	la	_	_	_	_	_	linguistic	_	some	Language=NO_ISO_CODE|Variation=Token	_	_	_	_	_
53-9	PST083	53	53	9	#alberiană	alberiană	_	_	_	_	_	linguistic	_	some	PauseAfter=Yes|Language=NO_ISO_CODE|Variation=Token	_	_	_	_	_
53-10	PST083	53	53	10	(.)	(.)	_	_	_	_	_	shortpause	_	some	_	_	_	_	_	_
53-11	PST083	53	53	11	per	per	_	_	_	_	_	linguistic	_	some	_	_	_	_	_	_
53-12	PST083	53	53	12	dirti	dirti	_	_	_	_	_	linguistic	_	some	_	_	_	_	_	_
53-13	PST083	53	53	13	sai	sai	_	_	_	_	_	linguistic	_	some	_	_	_	_	_	_
53-14	PST083	53	53	14	il	il	_	_	_	_	_	linguistic	_	some	_	_	_	_	_	_
53-15	PST083	53	53	15	negozio	negozio	_	_	_	_	_	linguistic	_	some	_	_	_	_	_	_
53-16	PST083	53	53	16	qua	qua	_	_	_	_	_	linguistic	_	some	_	_	_	_	_	_
53-17	PST083	53	53	17	di	di	_	_	_	_	_	linguistic	_	some	_	_	_	_	_	_
53-18	PST083	53	53	18	fianco[(xxx)]	fiancoxxx	_	_	_	_	_	linguistic	_	some	_	End=151.88	_	_	6-9(0)	6-9(15)
55-0	PST085	55	55	0	[sì	sì	_	_	_	_	_	linguistic	_	none	_	Begin=151.14	_	_	_	0-2(15)
55-1	PST085	55	55	1	sì	sì	_	_	_	_	_	linguistic	_	none	_	_	_	_	_	0-2(15)
55-2	PST085	55	55	2	sì	sì	_	_	_	_	_	linguistic	_	none	_	_	_	_	_	0-2(15)
55-3	PST085	55	55	3	sì]	sì	_	_	_	_	_	linguistic	_	none	_	End=152.14	_	_	_	0-2(15)
56-0	PST083	56	56	0	che::	che	_	_	_	_	_	linguistic	_	none	_	Begin=152.22	2x2	_	_	_
56-1	PST083	56	56	1	vuoi	vuoi	_	_	_	_	_	linguistic	_	none	_	_	_	_	_	_
56-2	PST083	56	56	2	fargli	fargli	_	_	_	_	_	linguistic	_	none	_	_	_	_	_	_
56-3	PST083	56	56	3	l'	l'	_	_	_	_	_	linguistic	_	none	SpaceAfter=No	_	_	_	_	_
56-4	PST083	56	56	4	intervista	intervista	_	_	_	_	_	linguistic	_	none	_	_	_	_	_	_
56-5	PST083	56	56	5	tu	tu	_	_	_	_	_	linguistic	_	none	_	_	_	_	_	_
56-6	PST083	56	56	6	vai	vai	_	_	_	_	_	linguistic	_	none	_	_	_	_	_	_
56-7	PST083	56	56	7	a	a	_	_	_	_	_	linguistic	_	none	_	_	_	_	_	_
56-8	PST083	56	56	8	parlare	parlare	_	_	_	_	_	linguistic	_	none	_	_	_	_	_	_
56-9	PST083	56	56	9	con	con	_	_	_	_	_	linguistic	_	none	_	_	_	_	_	_
56-10	PST083	56	56	10	lui	lui	_	_	_	_	_	linguistic	_	none	_	_	_	_	_	_
56-11	PST083	56	56	11	o	o	_	_	_	_	_	linguistic	_	none	_	_	_	_	_	_
56-12	PST083	56	56	12	lo	lo	_	_	_	_	_	linguistic	_	none	_	_	_	_	_	_
56-13	PST083	56	56	13	chiami	chiami	_	_	_	_	_	linguistic	_	none	_	_	_	_	_	_
56-14	PST083	56	56	14	che	che	_	_	_	_	_	linguistic	_	none	_	_	_	_	_	_
56-15	PST083	56	56	15	ne	ne	_	_	_	_	_	linguistic	_	none	_	_	_	_	_	_
56-16	PST083	56	56	16	so	so	_	_	_	_	_	linguistic	_	none	_	_	_	_	_	_
56-17	PST083	56	56	17	io	io	_	_	_	_	_	linguistic	_	none	_	_	_	_	_	_
56-18	PST083	56	56	18	gli	gli	_	_	_	_	_	linguistic	_	none	_	_	_	_	_	_
56-19	PST083	56	56	19	dici	dici	_	_	_	_	_	linguistic	_	none	_	_	_	_	_	_
56-20	PST083	56	56	20	senti	senti	_	_	_	_	_	linguistic	_	none	PauseAfter=Yes	_	_	_	_	_
56-21	PST083	56	56	21	(.)	(.)	_	_	_	_	_	shortpause	_	none	_	_	_	_	_	_
56-22	PST083	56	56	22	noi	noi	_	_	_	_	_	linguistic	_	none	_	_	_	_	_	_
56-23	PST083	56	56	23	vorremo	vorremo	_	_	_	_	_	linguistic	_	none	_	_	_	_	_	_
56-24	PST083	56	56	24	venire	venire	_	_	_	_	_	linguistic	_	none	_	_	_	_	_	_
56-25	PST083	56	56	25	a	a	_	_	_	_	_	linguistic	_	none	_	_	_	_	_	_
56-26	PST083	56	56	26	fare	fare	_	_	_	_	_	linguistic	_	none	_	_	_	_	_	_
56-27	PST083	56	56	27	questo	questo	_	_	_	_	_	linguistic	_	none	_	_	_	_	_	_
56-28	PST083	56	56	28	questo	questo	_	_	_	_	_	linguistic	_	none	_	_	_	_	_	_
56-29	PST083	56	56	29	e	e	_	_	_	_	_	linguistic	_	none	_	_	_	_	_	_
56-30	PST083	56	56	30	quest'	quest'	_	_	_	_	_	linguistic	_	none	SpaceAfter=No	_	_	_	_	_
56-31	PST083	56	56	31	altro	altro	_	_	_	_	_	linguistic	_	none	_	_	_	_	_	_
56-32	PST083	56	56	32	sei	sei	_	_	_	_	_	linguistic	_	none	_	_	_	_	_	_
56-33	PST083	56	56	33	d'	d'	_	_	_	_	_	linguistic	_	none	SpaceAfter=No	_	_	_	_	_
56-34	PST083	56	56	34	accordo	accordo	_	_	_	_	_	linguistic	_	none	_	_	_	_	_	_
56-35	PST083	56	56	35	oppure	oppure	_	_	_	_	_	linguistic	_	none	_	_	_	_	_	_
56-36	PST083	56	56	36	no	no	_	_	_	_	_	linguistic	_	none	_	End=159.74	_	_	_	_
57-0	PST085	57	57	0	m:h	mh	_	_	_	_	_	linguistic	_	none	_	Begin=163.43	0x1	_	_	_
57-1	PST085	57	57	1	[penso]	penso	_	_	_	_	_	linguistic	_	none	_	End=164.016	_	_	_	0-5(16)
58-0	PST083	58	58	0	[secondo	secondo	_	_	_	_	_	linguistic	_	none	_	Begin=163.65	_	_	_	0-7(16)
58-1	PST083	58	58	1	me]	me	_	_	_	_	_	linguistic	_	none	_	_	_	_	_	0-2(16)
58-2	PST083	58	58	2	tu	tu	_	_	_	_	_	linguistic	_	none	_	_	_	_	_	_
58-3	PST083	58	58	3	ci	ci	_	_	_	_	_	linguistic	_	none	_	_	_	_	_	_
58-4	PST083	58	58	4	staresti	staresti	_	_	_	_	_	linguistic	_	none	_	_	_	_	_	_
58-5	PST083	58	58	5	come::	come	_	_	_	_	_	linguistic	_	none	_	End=165.15	3x2	_	_	_
59-0	PST083	59	59	0	secondo	secondo	_	_	_	_	_	linguistic	_	none	_	Begin=166.66	_	_	_	_
59-1	PST083	59	59	1	me	me	_	_	_	_	_	linguistic	_	none	_	End=167.07	_	_	_	_
60-0	PST085	60	60	0	maronna	maronna	_	_	_	_	_	linguistic	_	none	_	Begin=167.09	_	_	_	_
60-1	PST085	60	60	1	mia	mia	_	_	_	_	_	linguistic	_	none	_	_	_	_	_	_
60-2	PST085	60	60	2	già::	già	_	_	_	_	_	linguistic	_	none	_	_	2x2	_	_	_
60-3	PST085	60	60	3	((ride))	((ride))	_	_	_	_	_	nonverbalbehavior	_	none	_	End=169.11	_	_	_	_
61-0	PST083	61	61	0	((ride))	((ride))	_	_	_	_	_	nonverbalbehavior	_	none	_	Begin=167.75|End=168.75	_	_	_	_
62-0	PST085	62	62	0	già	già	_	_	_	_	_	linguistic	_	none	_	Begin=169.135	_	_	_	_
62-1	PST085	62	62	1	non	non	_	_	_	_	_	linguistic	_	none	_	_	_	_	_	_
62-2	PST085	62	62	2	sopporto	sopporto	_	_	_	_	_	linguistic	_	none	_	_	_	_	_	_
62-3	PST085	62	62	3	di	di	_	_	_	_	_	linguistic	_	none	_	_	_	_	_	_
62-4	PST085	62	62	4	mia	mia	_	_	_	_	_	linguistic	_	none	_	_	_	_	_	_
62-5	PST085	62	62	5	c(io)è	cioè	_	_	_	_	_	linguistic	_	none	Reduced=Yes	_	_	_	_	_
62-6	PST085	62	62	6	(>non	non	_	_	_	_	_	linguistic	_	none	_	_	_	Fast=0-3(0)	0-3(0)	_
62-7	PST085	62	62	7	sop~<)	sop~	_	_	_	_	_	linguistic	_	none	Interrupted=Yes	End=172.545	_	Fast=0-4(0)	0-4(0)	_
63-0	PST085	63	63	0	però	però	_	_	_	_	_	linguistic	_	none	_	Begin=172.73	_	_	_	_
63-1	PST085	63	63	1	penso:::	penso	_	_	_	_	_	linguistic	_	none	_	_	4x3	_	_	_
63-2	PST085	63	63	2	mh	mh	_	_	_	_	_	linguistic	_	none	_	End=174.71	_	_	_	_
64-0	PST085	64	64	0	°pure	pure	_	_	_	_	_	linguistic	_	none	Volume=low	Begin=178.42	_	_	_	_
64-1	PST085	64	64	1	io	io	_	_	_	_	_	linguistic	_	none	Volume=low	_	_	_	_	_
64-2	PST085	64	64	2	fotografo	fotografo	_	_	_	_	_	linguistic	_	none	Volume=low	_	_	_	_	_
64-3	PST085	64	64	3	fotografa,°	fotografa	_	_	_	_	_	linguistic	_	none	Intonation=WeaklyRising|Volume=low	End=181.01	_	_	_	_
65-0	PST085	65	65	0	°boh	boh	_	_	_	_	_	linguistic	_	none	PauseAfter=Yes|Volume=low	Begin=181.53	_	_	_	_
65-1	PST085	65	65	1	(.)	(.)	_	_	_	_	_	shortpause	_	none	_	_	_	_	_	_
65-2	PST085	65	65	2	montaggio	montaggio	_	_	_	_	_	linguistic	_	none	Volume=low	_	_	_	_	_
65-3	PST085	65	65	3	però.°	però	_	_	_	_	_	linguistic	_	none	Intonation=Falling|Volume=low	End=183.14	_	_	_	_
66-0	PST083	66	66	0	puoi	puoi	_	_	_	_	_	linguistic	_	none	_	Begin=184.08	_	_	_	_
66-1	PST083	66	66	1	sceglierne	sceglierne	_	_	_	_	_	linguistic	_	none	_	_	_	_	_	_
66-2	PST083	66	66	2	di	di	_	_	_	_	_	linguistic	_	none	_	_	_	_	_	_
66-3	PST083	66	66	3	più	più	_	_	_	_	_	linguistic	_	none	_	_	_	_	_	_
66-4	PST083	66	66	4	eh.	eh	_	_	_	_	_	linguistic	_	none	Intonation=Falling	End=185.2	_	_	_	_
67-0	PST093	67	67	0	sì	sì	_	_	_	_	_	linguistic	_	none	_	Begin=185.24|End=185.58	_	_	_	_
68-0	PST083	68	68	0	cioè	cioè	_	_	_	_	_	linguistic	_	none	_	Begin=185.79	_	_	_	_
68-1	PST083	68	68	1	puoi	puoi	_	_	_	_	_	linguistic	_	none	_	_	_	_	_	_
68-2	PST083	68	68	2	sceglierne	sceglierne	_	_	_	_	_	linguistic	_	none	_	_	_	_	_	_
68-3	PST083	68	68	3	quanto	quanto	_	_	_	_	_	linguistic	_	none	_	_	_	_	_	_
68-4	PST083	68	68	4	beh	beh	_	_	_	_	_	linguistic	_	none	_	_	_	_	_	_
68-5	PST083	68	68	5	certo	certo	_	_	_	_	_	linguistic	_	none	_	_	_	_	_	_
68-6	PST083	68	68	6	magari	magari	_	_	_	_	_	linguistic	_	none	_	_	_	_	_	_
68-7	PST083	68	68	7	tutto	tutto	_	_	_	_	_	linguistic	_	none	_	_	_	_	_	_
68-8	PST083	68	68	8	tutto	tutto	_	_	_	_	_	linguistic	_	none	_	_	_	_	_	_
68-9	PST083	68	68	9	tutto	tutto	_	_	_	_	_	linguistic	_	none	_	_	_	_	_	_
68-10	PST083	68	68	10	((ride))	((ride))	_	_	_	_	_	nonverbalbehavior	_	none	_	End=188.8	_	_	_	_
69-0	PST085	69	69	0	[no	no	_	_	_	_	_	linguistic	_	none	_	Begin=188.88	_	_	_	0-2(?)
69-1	PST085	69	69	1	f~	f~	_	_	_	_	_	linguistic	_	none	Interrupted=Yes	_	_	_	_	0-2(?)
69-2	PST085	69	69	2	figurati,	figurati	_	_	_	_	_	linguistic	_	none	Intonation=WeaklyRising	_	_	_	_	0-8(?)
69-3	PST085	69	69	3	no	no	_	_	_	_	_	linguistic	_	none	ProsodicLink=Yes	_	_	_	_	0-2(?)
69-4	PST085	69	69	4	no	no	_	_	_	_	_	linguistic	_	none	_	_	_	_	_	0-2(?)
69-5	PST085	69	69	5	figurati	figurati	_	_	_	_	_	linguistic	_	none	_	_	_	_	_	0-8(?)
69-6	PST085	69	69	6	no]	no	_	_	_	_	_	linguistic	_	none	_	End=191.56	_	_	_	0-2(?)
70-0	PST093	70	70	0	[un	un	_	_	_	_	_	linguistic	_	none	_	Begin=189.15	_	_	_	0-2(?)
70-1	PST093	70	70	1	po'	po'	_	_	_	_	_	linguistic	_	none	_	_	_	_	_	0-3(?)
70-2	PST093	70	70	2	come	come	_	_	_	_	_	linguistic	_	none	_	_	_	_	_	0-4(?)
70-3	PST093	70	70	3	vuoi	vuoi	_	_	_	_	_	linguistic	_	none	_	_	_	_	_	0-4(?)
70-4	PST093	70	70	4	tanto	tanto	_	_	_	_	_	linguistic	_	none	_	_	_	_	_	0-5(?)
70-5	PST093	70	70	5	poi	poi	_	_	_	_	_	linguistic	_	none	_	_	_	_	_	0-3(?)
70-6	PST093	70	70	6	cambiano]	cambiano	_	_	_	_	_	linguistic	_	none	_	End=191.56	_	_	_	0-8(?)
71-0	PST083	71	71	0	[xx]	xx	_	_	_	_	_	unknown	_	none	Syllables=2	Begin=189.48|End=190.02	_	_	_	0-2(110)
72-0	PST083	72	72	0	[però]	però	_	_	_	_	_	linguistic	_	none	_	Begin=190.91|End=191.47	_	_	_	0-4(109)
73-0	PST093	73	73	0	esatto	esatto	_	_	_	_	_	linguistic	_	none	_	Begin=191.92|End=192.36	_	_	_	_
74-0	PST083	74	74	0	oddio	oddio	_	_	_	_	_	linguistic	_	none	_	Begin=192.93|End=193.52	_	_	_	_
75-0	PST085	75	75	0	°questa	questa	_	_	_	_	_	linguistic	_	none	Volume=low	Begin=197.14	_	_	_	_
75-1	PST085	75	75	1	penna	penna	_	_	_	_	_	linguistic	_	none	Volume=low	_	_	_	_	_
75-2	PST085	75	75	2	scrive,°	scrive	_	_	_	_	_	linguistic	_	none	Intonation=WeaklyRising|Volume=low	End=198.22	_	_	_	_
76-0	PST085	76	76	0	°montaggio	montaggio	_	_	_	_	_	linguistic	_	none	Volume=low	Begin=201.92	_	_	_	_
76-1	PST085	76	76	1	oddio	oddio	_	_	_	_	_	linguistic	_	none	Volume=low	_	_	_	_	_
76-2	PST085	76	76	2	mio°	mio	_	_	_	_	_	linguistic	_	none	Volume=low	End=203.86	_	_	_	_
77-0	PST085	77	77	0	°come	come	_	_	_	_	_	linguistic	_	none	Volume=low	Begin=203.94	_	_	_	_
77-1	PST085	77	77	1	se	se	_	_	_	_	_	linguistic	_	none	Volume=low	_	_	_	_	_
77-2	PST085	77	77	2	questa	questa	_	_	_	_	_	linguistic	_	none	Volume=low	_	_	_	_	_
77-3	PST085	77	77	3	è:::	è	_	_	_	_	_	linguistic	_	none	PauseAfter=Yes|Volume=low	_	0x3	_	_	_
77-4	PST085	77	77	4	(.)	(.)	_	_	_	_	_	shortpause	_	none	_	_	_	_	_	_
77-5	PST085	77	77	5	scelte	scelte	_	_	_	_	_	linguistic	_	none	Volume=low	_	_	_	_	_
77-6	PST085	77	77	6	di	di	_	_	_	_	_	linguistic	_	none	Volume=low	_	_	_	_	_
77-7	PST085	77	77	7	vita°	vita	_	_	_	_	_	linguistic	_	none	Volume=low	End=206.74	_	_	_	_
78-0	PST083	78	78	0	((ride))	((ride))	_	_	_	_	_	nonverbalbehavior	_	none	_	Begin=206.955|End=207.444	_	_	_	_
79-0	PST085	79	79	0	altro.	altro	_	_	_	_	_	linguistic	_	none	Intonation=Falling	Begin=208.39|End=209.43	_	_	_	_
80-0	PST085	80	80	0	nullafacente	nullafacente	_	_	_	_	_	linguistic	_	none	_	Begin=209.79|End=211.08	_	_	_	_
81-0	PST083	81	81	0	((ride))	((ride))	_	_	_	_	_	nonverbalbehavior	_	none	_	Begin=211.21|End=213.42	_	_	_	_
82-0	PST085	82	82	0	((ride))	((ride))	_	_	_	_	_	nonverbalbehavior	_	none	_	Begin=211.21|End=213.45	_	_	_	_
83-0	PST093	83	83	0	((ride))	((ride))	_	_	_	_	_	nonverbalbehavior	_	none	_	Begin=211.21|End=213.44	_	_	_	_
84-0	PST085	84	84	0	ti	ti	_	_	_	_	_	linguistic	_	none	_	Begin=213.505	_	_	_	_
84-1	PST085	84	84	1	giuro	giuro	_	_	_	_	_	linguistic	_	none	_	_	_	_	_	_
84-2	PST085	84	84	2	mo	mo	_	_	_	_	_	linguistic	_	none	_	_	_	_	_	_
84-3	PST085	84	84	3	lo	lo	_	_	_	_	_	linguistic	_	none	_	_	_	_	_	_
84-4	PST085	84	84	4	scrivo	scrivo	_	_	_	_	_	linguistic	_	none	_	End=215.455	_	_	_	_
85-0	PST093	85	85	0	io	io	_	_	_	_	_	linguistic	_	none	_	Begin=216.6	_	_	_	_
85-1	PST093	85	85	1	farei	farei	_	_	_	_	_	linguistic	_	none	_	_	_	_	_	_
85-2	PST093	85	85	2	anche	anche	_	_	_	_	_	linguistic	_	none	_	_	_	_	_	_
85-3	PST093	85	85	3	organizzatore	organizzatore	_	_	_	_	_	linguistic	_	none	_	End=218.26	_	_	_	_
86-0	PST085	86	86	0	[vuoi],	vuoi	_	_	_	_	_	linguistic	_	none	Intonation=WeaklyRising	Begin=218.63|End=219.43	_	_	_	0-4(17)
87-0	PST093	87	87	0	[proverei]	proverei	_	_	_	_	_	linguistic	_	none	_	Begin=218.63|End=219.43	_	_	_	0-8(17)
88-0	PST093	88	88	0	sì	sì	_	_	_	_	_	linguistic	_	none	_	Begin=219.635|End=220.165	_	_	_	_
89-0	PST093	89	89	0	è	è	_	_	_	_	_	linguistic	_	none	_	Begin=221.43	_	_	_	_
89-1	PST093	89	89	1	@eleonora	@eleonora	_	_	_	_	_	anonymized	_	none	_	_	_	_	_	_
89-2	PST093	89	89	2	però	però	_	_	_	_	_	linguistic	_	none	_	End=222.5	_	_	_	_
90-0	PST093	90	90	0	con	con	_	_	_	_	_	linguistic	_	none	_	Begin=222.704	_	_	_	_
90-1	PST093	90	90	1	la	la	_	_	_	_	_	linguistic	_	none	_	_	_	_	_	_
90-2	PST093	90	90	2	e	e	_	_	_	_	_	linguistic	_	none	_	End=223.27	_	_	_	_
91-0	PST085	91	91	0	ah	ah	_	_	_	_	_	linguistic	_	none	_	Begin=223.32	_	_	_	_
91-1	PST085	91	91	1	o~	o~	_	_	_	_	_	linguistic	_	none	Interrupted=Yes	End=223.88	_	_	_	_
92-0	PST085	92	92	0	ah	ah	_	_	_	_	_	linguistic	_	none	_	Begin=223.94	_	_	_	_
92-1	PST085	92	92	1	e	e	_	_	_	_	_	linguistic	_	none	_	_	_	_	_	_
92-2	PST085	92	92	2	mi	mi	_	_	_	_	_	linguistic	_	none	_	_	_	_	_	_
92-3	PST085	92	92	3	sembrava	sembrava	_	_	_	_	_	linguistic	_	none	_	_	_	_	_	_
92-4	PST085	92	92	4	strano	strano	_	_	_	_	_	linguistic	_	none	_	_	_	_	_	_
92-5	PST085	92	92	5	>ho	ho	_	_	_	_	_	linguistic	_	none	_	_	_	Fast=0-2(0)	_	_
92-6	PST085	92	92	6	detto<	detto	_	_	_	_	_	linguistic	_	none	_	_	_	Fast=0-5(0)	_	_
92-7	PST085	92	92	7	chi	chi	_	_	_	_	_	linguistic	_	none	_	_	_	_	_	_
92-8	PST085	92	92	8	[ha	ha	_	_	_	_	_	linguistic	_	none	_	_	_	_	_	0-2(?)
92-9	PST085	92	92	9	sbagliato	sbagliato	_	_	_	_	_	linguistic	_	none	_	_	_	_	_	0-9(?)
92-10	PST085	92	92	10	adesso	adesso	_	_	_	_	_	linguistic	_	none	_	_	_	_	_	0-6(?)
92-11	PST085	92	92	11	io]	io	_	_	_	_	_	linguistic	_	none	_	End=228.04	_	_	_	0-2(?)
93-0	PST093	93	93	0	((ride))	((ride))	_	_	_	_	_	nonverbalbehavior	_	none	_	Begin=223.94|End=228.04	_	_	_	_
94-0	PST083	94	94	0	scusa	scusa	_	_	_	_	_	linguistic	_	none	_	Begin=228.04	_	_	_	_
94-1	PST083	94	94	1	ah	ah	_	_	_	_	_	linguistic	_	none	_	End=228.65	_	_	_	_
95-0	PST093	95	95	0	eh	eh	_	_	_	_	_	linguistic	_	none	_	Begin=228.47	_	_	_	_
95-1	PST093	95	95	1	vabè	vabè	_	_	_	_	_	linguistic	_	none	_	End=229.31	_	_	_	_
96-0	PST083	96	96	0	ma	ma	_	_	_	_	_	linguistic	_	none	_	Begin=229.32	_	_	_	_
96-1	PST083	96	96	1	perché	perché	_	_	_	_	_	linguistic	_	none	_	_	_	_	_	_
96-2	PST083	96	96	2	mi	mi	_	_	_	_	_	linguistic	_	none	_	_	_	_	_	_
96-3	PST083	96	96	3	confondo	confondo	_	_	_	_	_	linguistic	_	none	_	_	_	_	_	_
96-4	PST083	96	96	4	sempre:	sempre	_	_	_	_	_	linguistic	_	none	_	End=231.33	5x1	_	_	_
97-0	PST093	97	97	0	è	è	_	_	_	_	_	linguistic	_	none	_	Begin=231.466	_	_	_	_
97-1	PST093	97	97	1	già	già	_	_	_	_	_	linguistic	_	none	_	_	_	_	_	_
97-2	PST093	97	97	2	[la	la	_	_	_	_	_	linguistic	_	none	_	_	_	_	_	0-2(19)
97-3	PST093	97	97	3	quinta]	quinta	_	_	_	_	_	linguistic	_	none	_	_	_	_	_	0-6(19)
97-4	PST093	97	97	4	volta	volta	_	_	_	_	_	linguistic	_	none	_	_	_	_	_	_
97-5	PST093	97	97	5	oggi	oggi	_	_	_	_	_	linguistic	_	none	_	End=233.011	_	_	_	_
98-0	PST083	98	98	0	[perché	perché	_	_	_	_	_	linguistic	_	none	_	Begin=231.872	_	_	_	0-6(19)
98-1	PST083	98	98	1	alcuni]	alcuni	_	_	_	_	_	linguistic	_	none	_	End=232.961	_	_	_	0-6(19)
99-0	PST083	99	99	0	i~	i~	_	_	_	_	_	linguistic	_	none	Interrupted=Yes	Begin=233.0	_	_	_	_
99-1	PST083	99	99	1	io	io	_	_	_	_	_	linguistic	_	none	_	_	_	_	_	_
99-2	PST083	99	99	2	so	so	_	_	_	_	_	linguistic	_	none	_	_	_	_	_	_
99-3	PST083	99	99	3	che	che	_	_	_	_	_	linguistic	_	none	_	_	_	_	_	_
99-4	PST083	99	99	4	ti	ti	_	_	_	_	_	linguistic	_	none	_	_	_	_	_	_
99-5	PST083	99	99	5	chiami	chiami	_	_	_	_	_	linguistic	_	none	_	End=234.278	_	_	_	_
100-0	PST083	100	100	0	cioè	cioè	_	_	_	_	_	linguistic	_	none	_	Begin=234.71	_	_	_	_
100-1	PST083	100	100	1	sapevo	sapevo	_	_	_	_	_	linguistic	_	none	_	_	_	_	_	_
100-2	PST083	100	100	2	che	che	_	_	_	_	_	linguistic	_	none	_	_	_	_	_	_
100-3	PST083	100	100	3	ti	ti	_	_	_	_	_	linguistic	_	none	_	_	_	_	_	_
100-4	PST083	100	100	4	chiamavi	chiamavi	_	_	_	_	_	linguistic	_	none	_	_	_	_	_	_
100-5	PST083	100	100	5	@eleonora	@eleonora	_	_	_	_	_	anonymized	_	none	_	_	_	_	_	_
100-6	PST083	100	100	6	no,	no	_	_	_	_	_	linguistic	_	none	Intonation=WeaklyRising	End=236.67	_	_	_	_
101-0	PST083	101	101	0	però	però	_	_	_	_	_	linguistic	_	none	PauseAfter=Yes	Begin=236.71	_	_	_	_
101-1	PST083	101	101	1	(.)	(.)	_	_	_	_	_	shortpause	_	none	_	_	_	_	_	_
101-2	PST083	101	101	2	non	non	_	_	_	_	_	linguistic	_	none	_	_	_	_	_	_
101-3	PST083	101	101	3	so	so	_	_	_	_	_	linguistic	_	none	_	_	_	_	_	_
101-4	PST083	101	101	4	se	se	_	_	_	_	_	linguistic	_	none	_	_	_	_	_	_
101-5	PST083	101	101	5	@james	@james	_	_	_	_	_	anonymized	_	none	_	_	_	_	_	_
101-6	PST083	101	101	6	ti	ti	_	_	_	_	_	linguistic	_	none	_	_	_	_	_	_
101-7	PST083	101	101	7	chiama	chiama	_	_	_	_	_	linguistic	_	none	_	_	_	_	_	_
101-8	PST083	101	101	8	@eleonora	@eleonora	_	_	_	_	_	anonymized	_	none	PauseAfter=Yes	_	_	_	_	_
101-9	PST083	101	101	9	(.)	(.)	_	_	_	_	_	shortpause	_	none	_	_	_	_	_	_
101-10	PST083	101	101	10	e	e	_	_	_	_	_	linguistic	_	none	_	_	_	_	_	_
101-11	PST083	101	101	11	quindi	quindi	_	_	_	_	_	linguistic	_	none	_	_	_	_	_	_
101-12	PST083	101	101	12	ho	ho	_	_	_	_	_	linguistic	_	none	_	_	_	_	_	_
101-13	PST083	101	101	13	detto	detto	_	_	_	_	_	linguistic	_	none	_	_	_	_	_	_
101-14	PST083	101	101	14	oddio	oddio	_	_	_	_	_	linguistic	_	none	_	_	_	_	_	_
101-15	PST083	101	101	15	io	io	_	_	_	_	_	linguistic	_	none	_	_	_	_	_	_
101-16	PST083	101	101	16	per	per	_	_	_	_	_	linguistic	_	none	_	_	_	_	_	_
101-17	PST083	101	101	17	ora	ora	_	_	_	_	_	linguistic	_	none	_	_	_	_	_	_
101-18	PST083	101	101	18	ho	ho	_	_	_	_	_	linguistic	_	none	_	_	_	_	_	_
101-19	PST083	101	101	19	sempre	sempre	_	_	_	_	_	linguistic	_	none	_	_	_	_	_	_
101-20	PST083	101	101	20	sbagliato	sbagliato	_	_	_	_	_	linguistic	_	none	_	_	_	_	_	_
101-21	PST083	101	101	21	[il	il	_	_	_	_	_	linguistic	_	none	_	_	_	_	_	0-2(21)
101-22	PST083	101	101	22	suo	suo	_	_	_	_	_	linguistic	_	none	_	_	_	_	_	0-3(21)
101-23	PST083	101	101	23	nome	nome	_	_	_	_	_	linguistic	_	none	_	_	_	_	_	0-4(21)
101-24	PST083	101	101	24	(e	e	_	_	_	_	_	linguistic	_	none	_	_	_	_	0-1(0)	0-1(21)
101-25	PST083	101	101	25	allora	allora	_	_	_	_	_	linguistic	_	none	_	_	_	_	0-6(0)	0-6(21)
101-26	PST083	101	101	26	ho	ho	_	_	_	_	_	linguistic	_	none	_	_	_	_	0-2(0)	0-2(21)
101-27	PST083	101	101	27	pensato	pensato	_	_	_	_	_	linguistic	_	none	_	_	_	_	0-7(0)	0-7(21)
101-28	PST083	101	101	28	un	un	_	_	_	_	_	linguistic	_	none	_	_	_	_	0-2(0)	0-2(21)
101-29	PST083	101	101	29	attimo)]	attimo	_	_	_	_	_	linguistic	_	none	_	End=243.32	_	_	0-6(0)	0-6(21)
102-0	PST085	102	102	0	[#don'	don'	_	_	_	_	_	linguistic	_	some	SpaceAfter=No|Language=NO_ISO_CODE|Variation=Token	Begin=241.47	_	_	_	0-5(21)
102-1	PST085	102	102	1	t	t	_	_	_	_	_	linguistic	_	some	_	_	_	_	_	0-1(21)
102-2	PST085	102	102	2	#worry	worry	_	_	_	_	_	linguistic	_	some	Language=NO_ISO_CODE|Variation=Token	_	_	_	_	0-6(21)
102-3	PST085	102	102	3	ho	ho	_	_	_	_	_	linguistic	_	some	_	_	_	_	_	0-2(21)
102-4	PST085	102	102	4	messo	messo	_	_	_	_	_	linguistic	_	some	_	_	_	_	_	0-5(21)
102-5	PST085	102	102	5	una	una	_	_	_	_	_	linguistic	_	some	_	_	_	_	_	0-3(21)
102-6	PST085	102	102	6	e]	e	_	_	_	_	_	linguistic	_	some	_	End=243.29	_	_	_	0-1(21)
104-0	PST093	104	104	0	sì	sì	_	_	_	_	_	linguistic	_	none	ProsodicLink=Yes	Begin=243.925	_	_	_	_
104-1	PST093	104	104	1	sì	sì	_	_	_	_	_	linguistic	_	none	_	_	_	_	_	_
104-2	PST093	104	104	2	va	va	_	_	_	_	_	linguistic	_	none	_	_	_	_	_	_
104-3	PST093	104	104	3	bene	bene	_	_	_	_	_	linguistic	_	none	_	End=244.855	_	_	_	_
105-0	PST085	105	105	0	cambia	cambia	_	_	_	_	_	linguistic	_	none	_	Begin=245.12	_	_	_	_
105-1	PST085	105	105	1	tutto	tutto	_	_	_	_	_	linguistic	_	none	_	End=245.99	_	_	_	_
106-0	PST083	106	106	0	e::[:h]	eh	_	_	_	_	_	linguistic	_	none	_	Begin=246.21	0x3	_	_	1-2(22)
106-1	PST083	106	106	1	poi:::::	poi	_	_	_	_	_	linguistic	_	none	_	End=248.2	2x5	_	_	_
107-0	PST093	107	107	0	xx	xx	_	_	_	_	_	unknown	_	none	Syllables=2	Begin=246.58|End=247.0	_	_	_	_
108-0	PST083	108	108	0	boh	boh	_	_	_	_	_	linguistic	_	none	_	Begin=249.79	_	_	_	_
108-1	PST083	108	108	1	era	era	_	_	_	_	_	linguistic	_	none	_	_	_	_	_	_
108-2	PST083	108	108	2	questo	questo	_	_	_	_	_	linguistic	_	none	_	End=250.94	_	_	_	_
109-0	PST085	109	109	0	magari	magari	_	_	_	_	_	linguistic	_	none	_	Begin=251.51	_	_	_	_
109-1	PST085	109	109	1	poi:	poi	_	_	_	_	_	linguistic	_	none	_	_	2x1	_	_	_
109-2	PST085	109	109	2	ci	ci	_	_	_	_	_	linguistic	_	none	_	_	_	_	_	_
109-3	PST085	109	109	3	penso	penso	_	_	_	_	_	linguistic	_	none	_	_	_	_	_	_
109-4	PST085	109	109	4	dai	dai	_	_	_	_	_	linguistic	_	none	_	End=253.03	_	_	_	_
110-0	PST083	110	110	0	sì	sì	_	_	_	_	_	linguistic	_	none	_	Begin=253.055	_	_	_	_
110-1	PST083	110	110	1	cioè	cioè	_	_	_	_	_	linguistic	_	none	_	_	_	_	_	_
110-2	PST083	110	110	2	comunque	comunque	_	_	_	_	_	linguistic	_	none	_	_	_	_	_	_
110-3	PST083	110	110	3	per	per	_	_	_	_	_	linguistic	_	none	_	_	_	_	_	_
110-4	PST083	110	110	4	il	il	_	_	_	_	_	linguistic	_	none	PauseAfter=Yes	_	_	_	_	_
110-5	PST083	110	110	5	(.)	(.)	_	_	_	_	_	shortpause	_	none	_	_	_	_	_	_
110-6	PST083	110	110	6	poi	poi	_	_	_	_	_	linguistic	_	none	_	_	_	_	_	_
110-7	PST083	110	110	7	nel	nel	_	_	_	_	_	linguistic	_	none	_	_	_	_	_	_
110-8	PST083	110	110	8	percorso	percorso	_	_	_	_	_	linguistic	_	none	_	_	_	_	_	_
110-9	PST083	110	110	9	puoi	puoi	_	_	_	_	_	linguistic	_	none	_	_	_	_	_	_
110-10	PST083	110	110	10	sciegliere:	sciegliere	_	_	_	_	_	linguistic	_	none	_	_	9x1	_	_	_
110-11	PST083	110	110	11	cioè	cioè	_	_	_	_	_	linguistic	_	none	_	_	_	_	_	_
110-12	PST083	110	110	12	puoi	puoi	_	_	_	_	_	linguistic	_	none	_	_	_	_	_	_
110-13	PST083	110	110	13	ricacambiare::	ricacambiare	_	_	_	_	_	linguistic	_	none	_	_	11x2	_	_	_
110-14	PST083	110	110	14	non	non	_	_	_	_	_	linguistic	_	none	_	_	_	_	_	_
110-15	PST083	110	110	15	è	è	_	_	_	_	_	linguistic	_	none	_	_	_	_	_	_
110-16	PST083	110	110	16	che	che	_	_	_	_	_	linguistic	_	none	_	_	_	_	_	_
110-17	PST083	110	110	17	devi	devi	_	_	_	_	_	linguistic	_	none	_	_	_	_	_	_
110-18	PST083	110	110	18	per	per	_	_	_	_	_	linguistic	_	none	_	_	_	_	_	_
110-19	PST083	110	110	19	forza	forza	_	_	_	_	_	linguistic	_	none	_	_	_	_	_	_
110-20	PST083	110	110	20	fare::	fare	_	_	_	_	_	linguistic	_	none	_	End=258.325	3x2	_	_	_
111-0	PST083	111	111	0	va	va	_	_	_	_	_	linguistic	_	none	_	Begin=259.68	_	_	_	_
111-1	PST083	111	111	1	bene	bene	_	_	_	_	_	linguistic	_	none	_	End=260.225	_	_	_	_
112-0	PST083	112	112	0	allora.	allora	_	_	_	_	_	linguistic	_	none	Intonation=Falling	Begin=260.88|End=262.11	_	_	_	_
113-0	PST085	113	113	0	((legge))	((legge))	_	_	_	_	_	nonverbalbehavior	_	none	_	Begin=262.49	_	_	_	_
113-1	PST085	113	113	1	gruppo	gruppo	_	_	_	_	_	linguistic	_	none	_	End=263.4	_	_	_	_
114-0	PST085	114	114	0	((legge))	((legge))	_	_	_	_	_	nonverbalbehavior	_	none	_	Begin=264.04	_	_	_	_
114-1	PST085	114	114	1	°titolo	titolo	_	_	_	_	_	linguistic	_	none	Volume=low	_	_	_	_	_
114-2	PST085	114	114	2	della	della	_	_	_	_	_	linguistic	_	none	Volume=low	_	_	_	_	_
114-3	PST085	114	114	3	scena°	scena	_	_	_	_	_	linguistic	_	none	Volume=low	End=265.03	_	_	_	_
115-0	PST085	115	115	0	[oddio]	oddio	_	_	_	_	_	linguistic	_	none	_	Begin=265.115|End=265.61	_	_	_	0-5(?)
116-0	PST085	116	116	0	[partiamo]	partiamo	_	_	_	_	_	linguistic	_	none	_	Begin=266.24	_	_	_	0-8(?)
116-1	PST085	116	116	1	col	col	_	_	_	_	_	linguistic	_	none	_	_	_	_	_	_
116-2	PST085	116	116	2	gruppo	gruppo	_	_	_	_	_	linguistic	_	none	_	_	_	_	_	_
116-3	PST085	116	116	3	magari	magari	_	_	_	_	_	linguistic	_	none	PauseAfter=Yes	_	_	_	_	_
116-4	PST085	116	116	4	(.)	(.)	_	_	_	_	_	shortpause	_	none	_	_	_	_	_	_
116-5	PST085	116	116	5	magari	magari	_	_	_	_	_	linguistic	_	none	_	_	_	_	_	_
116-6	PST085	116	116	6	poi	poi	_	_	_	_	_	linguistic	_	none	_	_	_	_	_	_
116-7	PST085	116	116	7	ci	ci	_	_	_	_	_	linguistic	_	none	_	_	_	_	_	_
116-8	PST085	116	116	8	esce	esce	_	_	_	_	_	linguistic	_	none	_	_	_	_	_	_
116-9	PST085	116	116	9	qualcosa	qualcosa	_	_	_	_	_	linguistic	_	none	_	_	_	_	_	_
116-10	PST085	116	116	10	[in	in	_	_	_	_	_	linguistic	_	none	_	_	_	_	_	0-2(?)
116-11	PST085	116	116	11	mente]	mente	_	_	_	_	_	linguistic	_	none	_	End=269.89	_	_	_	0-5(?)
117-0	PST093	117	117	0	((ride))	((ride))	_	_	_	_	_	nonverbalbehavior	_	none	_	Begin=267.32|End=268.24	_	_	_	_
118-0	PST093	118	118	0	[dobbiamo]	dobbiamo	_	_	_	_	_	linguistic	_	none	_	Begin=269.385	_	_	_	0-8(23)
118-1	PST093	118	118	1	dire	dire	_	_	_	_	_	linguistic	_	none	_	_	_	_	_	_
118-2	PST093	118	118	2	i	i	_	_	_	_	_	linguistic	_	none	_	_	_	_	_	_
118-3	PST093	118	118	3	nostri	nostri	_	_	_	_	_	linguistic	_	none	_	_	_	_	_	_
118-4	PST093	118	118	4	nomi?	nomi	_	_	_	_	_	linguistic	_	none	Intonation=Rising	End=270.58	_	_	_	_
119-0	PST083	119	119	0	sì	sì	_	_	_	_	_	linguistic	_	none	_	Begin=270.59|End=270.79	_	_	_	_
120-0	PST093	120	120	0	con	con	_	_	_	_	_	linguistic	_	none	_	Begin=282.08	_	_	_	_
120-1	PST093	120	120	1	la	la	_	_	_	_	_	linguistic	_	none	_	_	_	_	_	_
120-2	PST093	120	120	2	e	e	_	_	_	_	_	linguistic	_	none	_	End=282.87	_	_	_	_
121-0	PST083	121	121	0	okay	okay	_	_	_	_	_	linguistic	_	none	_	Begin=282.94|End=283.74	_	_	_	_
122-0	PST093	122	122	0	sì	sì	_	_	_	_	_	linguistic	_	none	_	Begin=283.87	_	_	_	_
122-1	PST093	122	122	1	con	con	_	_	_	_	_	linguistic	_	none	_	_	_	_	_	_
122-2	PST093	122	122	2	la	la	_	_	_	_	_	linguistic	_	none	_	_	_	_	_	_
122-3	PST093	122	122	3	e	e	_	_	_	_	_	linguistic	_	none	_	End=284.49	_	_	_	_
123-0	PST083	123	123	0	sì	sì	_	_	_	_	_	linguistic	_	none	_	Begin=284.84	_	_	_	_
123-1	PST083	123	123	1	l'	l'	_	_	_	_	_	linguistic	_	none	SpaceAfter=No	_	_	_	_	_
123-2	PST083	123	123	2	ho	ho	_	_	_	_	_	linguistic	_	none	_	_	_	_	_	_
123-3	PST083	123	123	3	scritto	scritto	_	_	_	_	_	linguistic	_	none	ProsodicLink=Yes	_	_	_	_	_
123-4	PST083	123	123	4	l'	l'	_	_	_	_	_	linguistic	_	none	SpaceAfter=No	_	_	_	_	_
123-5	PST083	123	123	5	ho	ho	_	_	_	_	_	linguistic	_	none	ProsodicLink=Yes	_	_	_	_	_
123-6	PST083	123	123	6	scritto	scritto	_	_	_	_	_	linguistic	_	none	_	End=286.31	_	_	_	_
124-0	PST083	124	124	0	[e::hm]	ehm	_	_	_	_	_	linguistic	_	none	_	Begin=287.085|End=287.475	0x2	_	_	0-3(24)
125-0	PST085	125	125	0	[titolo]	titolo	_	_	_	_	_	linguistic	_	none	_	Begin=287.11	_	_	_	0-6(24)
125-1	PST085	125	125	1	della	della	_	_	_	_	_	linguistic	_	none	_	_	_	_	_	_
125-2	PST085	125	125	2	scena.	scena	_	_	_	_	_	linguistic	_	none	Intonation=Falling	End=288.37	_	_	_	_
126-0	??	126	126	0	tutto	tutto	_	_	_	_	_	linguistic	_	none	_	Begin=290.205	_	_	_	_
126-1	??	126	126	1	provvisorio	provvisorio	_	_	_	_	_	linguistic	_	none	_	_	_	_	_	_
126-2	??	126	126	2	eh	eh	_	_	_	_	_	linguistic	_	none	_	_	_	_	_	_
126-3	??	126	126	3	ragazze	ragazze	_	_	_	_	_	linguistic	_	none	_	End=291.6	_	_	_	_
127-0	PST085	127	127	0	sì	sì	_	_	_	_	_	linguistic	_	none	ProsodicLink=Yes	Begin=291.61	_	_	_	_
127-1	PST085	127	127	1	sì	sì	_	_	_	_	_	linguistic	_	none	_	End=292.17	_	_	_	_
128-0	??	128	128	0	cosa:	cosa	_	_	_	_	_	linguistic	_	none	_	Begin=293.217	3x1	_	_	_
128-1	??	128	128	1	cosa	cosa	_	_	_	_	_	linguistic	_	none	_	_	_	_	_	_
128-2	??	128	128	2	avete:	avete	_	_	_	_	_	linguistic	_	none	_	_	4x1	_	_	_
128-3	??	128	128	3	che	che	_	_	_	_	_	linguistic	_	none	_	_	_	_	_	_
128-4	??	128	128	4	opportunità	opportunità	_	_	_	_	_	linguistic	_	none	_	_	_	_	_	_
128-5	??	128	128	5	avete	avete	_	_	_	_	_	linguistic	_	none	_	End=296.50350000000003	_	_	_	_
129-0	PST085	129	129	0	le	le	_	_	_	_	_	linguistic	_	none	_	Begin=296.50350000000003	_	_	_	_
129-1	PST085	129	129	1	uova	uova	_	_	_	_	_	linguistic	_	none	_	_	_	_	_	_
129-2	PST085	129	129	2	di	di	_	_	_	_	_	linguistic	_	none	_	_	_	_	_	_
129-3	PST085	129	129	3	pasqua.	pasqua	_	_	_	_	_	linguistic	_	none	Intonation=Falling	End=297.9	_	_	_	_
130-0	PST083	130	130	0	sì	sì	_	_	_	_	_	linguistic	_	none	_	Begin=298.69|End=299.13	_	_	_	_
131-0	PST083	131	131	0	le	le	_	_	_	_	_	linguistic	_	none	_	Begin=300.89	_	_	_	_
131-1	PST083	131	131	1	uova	uova	_	_	_	_	_	linguistic	_	none	_	_	_	_	_	_
131-2	PST083	131	131	2	di	di	_	_	_	_	_	linguistic	_	none	_	_	_	_	_	_
131-3	PST083	131	131	3	p~	p~	_	_	_	_	_	linguistic	_	none	Interrupted=Yes	End=301.45	_	_	_	_
132-0	??	132	132	0	alcuni	alcuni	_	_	_	_	_	linguistic	_	none	_	Begin=301.57	_	_	_	_
132-1	??	132	132	1	parametri	parametri	_	_	_	_	_	linguistic	_	none	PauseAfter=Yes	_	_	_	_	_
132-2	??	132	132	2	(.)	(.)	_	_	_	_	_	shortpause	_	none	_	_	_	_	_	_
132-3	??	132	132	3	fattibilità:	fattibilità	_	_	_	_	_	linguistic	_	none	_	End=303.78	10x1	_	_	_
133-0	??	133	133	0	reperibilità	reperibilità	_	_	_	_	_	linguistic	_	none	_	Begin=303.99	_	_	_	_
133-1	??	133	133	1	degli	degli	_	_	_	_	_	linguistic	_	none	_	_	_	_	_	_
133-2	??	133	133	2	anziani	anziani	_	_	_	_	_	linguistic	_	none	_	_	_	_	_	_
133-3	??	133	133	3	piuttosto	piuttosto	_	_	_	_	_	linguistic	_	none	_	_	_	_	_	_
133-4	??	133	133	4	che	che	_	_	_	_	_	linguistic	_	none	_	_	_	_	_	_
133-5	??	133	133	5	dei	dei	_	_	_	_	_	linguistic	_	none	_	_	_	_	_	_
133-6	??	133	133	6	giovani	giovani	_	_	_	_	_	linguistic	_	none	_	_	_	_	_	_
133-7	??	133	133	7	che	che	_	_	_	_	_	linguistic	_	none	_	_	_	_	_	_
133-8	??	133	133	8	devono	devono	_	_	_	_	_	linguistic	_	none	_	_	_	_	_	_
133-9	??	133	133	9	testimonia:re,	testimoniare	_	_	_	_	_	linguistic	_	none	Intonation=WeaklyRising	End=307.69	9x1	_	_	_
134-0	??	134	134	0	se	se	_	_	_	_	_	linguistic	_	none	_	Begin=308.25	_	_	_	_
134-1	??	134	134	1	non	non	_	_	_	_	_	linguistic	_	none	_	_	_	_	_	_
134-2	??	134	134	2	è	è	_	_	_	_	_	linguistic	_	none	PauseAfter=Yes	_	_	_	_	_
134-3	??	134	134	3	(.)	(.)	_	_	_	_	_	shortpause	_	none	_	_	_	_	_	_
134-4	??	134	134	4	a	a	_	_	_	_	_	linguistic	_	none	_	_	_	_	_	_
134-5	??	134	134	5	ve~	ve~	_	_	_	_	_	linguistic	_	none	Interrupted=Yes	_	_	_	_	_
134-6	??	134	134	6	a	a	_	_	_	_	_	linguistic	_	none	_	_	_	_	_	_
134-7	??	134	134	7	a	a	_	_	_	_	_	linguistic	_	none	_	_	_	_	_	_
134-8	??	134	134	8	verbania	verbania	_	_	_	_	_	linguistic	_	none	_	_	_	_	_	_
134-9	??	134	134	9	a	a	_	_	_	_	_	linguistic	_	none	_	_	_	_	_	_
134-10	??	134	134	10	nord	nord	_	_	_	_	_	linguistic	_	none	_	_	_	_	_	_
134-11	??	134	134	11	del	del	_	_	_	_	_	linguistic	_	none	_	_	_	_	_	_
134-12	??	134	134	12	piemonte	piemonte	_	_	_	_	_	linguistic	_	none	_	End=312.31	_	_	_	_
135-0	??	135	135	0	a	a	_	_	_	_	_	linguistic	_	none	_	Begin=312.72	_	_	_	_
135-1	??	135	135	1	vicino	vicino	_	_	_	_	_	linguistic	_	none	_	End=313.435	_	_	_	_
136-0	PST093	136	136	0	eh	eh	_	_	_	_	_	linguistic	_	none	_	Begin=313.435	_	_	_	_
136-1	PST093	136	136	1	sì	sì	_	_	_	_	_	linguistic	_	none	_	End=314.05	_	_	_	_
137-0	PST093	137	137	0	((ride))	((ride))	_	_	_	_	_	nonverbalbehavior	_	none	_	Begin=314.1|End=314.58	_	_	_	_
138-0	??	138	138	0	oppure	oppure	_	_	_	_	_	linguistic	_	none	_	Begin=315.7	_	_	_	_
138-1	??	138	138	1	se	se	_	_	_	_	_	linguistic	_	none	_	_	_	_	_	_
138-2	??	138	138	2	non	non	_	_	_	_	_	linguistic	_	none	_	_	_	_	_	_
138-3	??	138	138	3	si	si	_	_	_	_	_	linguistic	_	none	_	_	_	_	_	_
138-4	??	138	138	4	può	può	_	_	_	_	_	linguistic	_	none	PauseAfter=Yes	_	_	_	_	_
138-5	??	138	138	5	(.)	(.)	_	_	_	_	_	shortpause	_	none	_	_	_	_	_	_
138-6	??	138	138	6	mancare	mancare	_	_	_	_	_	linguistic	_	none	_	_	_	_	_	_
138-7	??	138	138	7	l'	l'	_	_	_	_	_	linguistic	_	none	SpaceAfter=No	_	_	_	_	_
138-8	??	138	138	8	appuntamento	appuntamento	_	_	_	_	_	linguistic	_	none	_	_	_	_	_	_
138-9	??	138	138	9	tipo	tipo	_	_	_	_	_	linguistic	_	none	_	_	_	_	_	_
138-10	??	138	138	10	fanno	fanno	_	_	_	_	_	linguistic	_	none	_	_	_	_	_	_
138-11	??	138	138	11	le	le	_	_	_	_	_	linguistic	_	none	_	_	_	_	_	_
138-12	??	138	138	12	uova	uova	_	_	_	_	_	linguistic	_	none	_	_	_	_	_	_
138-13	??	138	138	13	qua,	qua	_	_	_	_	_	linguistic	_	none	Intonation=WeaklyRising	End=319.72	_	_	_	_
139-0	??	139	139	0	e	e	_	_	_	_	_	linguistic	_	none	_	Begin=319.92	_	_	_	_
139-1	??	139	139	1	le	le	_	_	_	_	_	linguistic	_	none	_	_	_	_	_	_
139-2	??	139	139	2	fanno	fanno	_	_	_	_	_	linguistic	_	none	_	_	_	_	_	_
139-3	??	139	139	3	per	per	_	_	_	_	_	linguistic	_	none	_	_	_	_	_	_
139-4	??	139	139	4	due	due	_	_	_	_	_	linguistic	_	none	_	_	_	_	_	_
139-5	??	139	139	5	giorni,	giorni	_	_	_	_	_	linguistic	_	none	Intonation=WeaklyRising	End=321.39	_	_	_	_
140-0	??	140	140	0	dev'	dev'	_	_	_	_	_	linguistic	_	none	SpaceAfter=No	Begin=321.605	_	_	_	_
140-1	??	140	140	1	esserci	esserci	_	_	_	_	_	linguistic	_	none	_	_	_	_	_	_
140-2	??	140	140	2	l'	l'	_	_	_	_	_	linguistic	_	none	SpaceAfter=No	_	_	_	_	1-2(25)
140-3	??	140	140	3	[opportu]nità	opportunità	_	_	_	_	_	linguistic	_	none	_	_	_	_	_	0-6(25)
140-4	??	140	140	4	di	di	_	_	_	_	_	linguistic	_	none	_	_	_	_	_	_
140-5	??	140	140	5	avere	avere	_	_	_	_	_	linguistic	_	none	_	_	_	_	_	_
140-6	??	140	140	6	alcune	alcune	_	_	_	_	_	linguistic	_	none	_	_	_	_	_	_
140-7	??	140	140	7	di	di	_	_	_	_	_	linguistic	_	none	_	_	_	_	_	_
140-8	??	140	140	8	noi	noi	_	_	_	_	_	linguistic	_	none	_	_	_	_	2-3(0)	_
140-9	??	140	140	9	(xx)	xx	_	_	_	_	_	unknown	_	none	PauseAfter=Yes|Syllables=2	_	_	_	0-1(0)	_
140-10	??	140	140	10	(.)	(.)	_	_	_	_	_	shortpause	_	none	_	_	_	_	_	_
140-11	??	140	140	11	cosa	cosa	_	_	_	_	_	linguistic	_	none	_	_	_	_	_	_
140-12	??	140	140	12	tac	tac	_	_	_	_	_	linguistic	_	none	_	_	_	_	_	_
140-13	??	140	140	13	capito,	capito	_	_	_	_	_	linguistic	_	none	Intonation=WeaklyRising	End=326.98	_	_	_	_
141-0	PST083	141	141	0	[sì]	sì	_	_	_	_	_	linguistic	_	none	_	Begin=322.702|End=322.992	_	_	_	0-2(25)
142-0	PST083	142	142	0	m::h	mh	_	_	_	_	_	linguistic	_	none	_	Begin=328.03|End=328.58	0x2	_	_	_
143-0	PST093	143	143	0	facciamo	facciamo	_	_	_	_	_	linguistic	_	none	_	Begin=328.7	_	_	_	_
143-1	PST093	143	143	1	una	una	_	_	_	_	_	linguistic	_	none	_	_	_	_	_	_
143-2	PST093	143	143	2	con::	con	_	_	_	_	_	linguistic	_	none	_	_	2x2	_	_	_
143-3	PST093	143	143	3	le	le	_	_	_	_	_	linguistic	_	none	_	_	_	_	_	_
143-4	PST093	143	143	4	uova	uova	_	_	_	_	_	linguistic	_	none	_	End=330.79	_	_	_	_
144-0	PST085	144	144	0	((ride))	((ride))	_	_	_	_	_	nonverbalbehavior	_	none	_	Begin=331.08|End=331.61	_	_	_	_
145-0	PST083	145	145	0	che	che	_	_	_	_	_	linguistic	_	none	_	Begin=332.48	_	_	_	_
145-1	PST083	145	145	1	originalità	originalità	_	_	_	_	_	linguistic	_	none	_	End=333.645	_	_	_	_
146-0	PST093	146	146	0	°no	no	_	_	_	_	_	linguistic	_	none	Volume=low	Begin=333.645	_	_	_	_
146-1	PST093	146	146	1	vabbè°,	vabbè	_	_	_	_	_	linguistic	_	none	Intonation=WeaklyRising|Volume=low	End=334.4	_	_	_	_
147-0	PST083	147	147	0	oppure	oppure	_	_	_	_	_	linguistic	_	none	_	Begin=334.95	_	_	_	_
147-1	PST083	147	147	1	magari	magari	_	_	_	_	_	linguistic	_	none	_	_	_	_	_	_
147-2	PST083	147	147	2	anche	anche	_	_	_	_	_	linguistic	_	none	_	_	_	_	_	_
147-3	PST083	147	147	3	tipo::	tipo	_	_	_	_	_	linguistic	_	none	_	_	3x2	_	_	_
147-4	PST083	147	147	4	sai	sai	_	_	_	_	_	linguistic	_	none	_	_	_	_	_	_
147-5	PST083	147	147	5	che	che	_	_	_	_	_	linguistic	_	none	_	_	_	_	_	_
147-6	PST083	147	147	6	dicevamo	dicevamo	_	_	_	_	_	linguistic	_	none	_	_	_	_	_	_
147-7	PST083	147	147	7	di:	di	_	_	_	_	_	linguistic	_	none	_	_	1x1	_	_	_
147-8	PST083	147	147	8	magari	magari	_	_	_	_	_	linguistic	_	none	_	_	_	_	_	_
147-9	PST083	147	147	9	mettere	mettere	_	_	_	_	_	linguistic	_	none	_	_	_	_	_	_
147-10	PST083	147	147	10	una	una	_	_	_	_	_	linguistic	_	none	_	_	_	_	_	_
147-11	PST083	147	147	11	scena	scena	_	_	_	_	_	linguistic	_	none	_	_	_	_	_	_
147-12	PST083	147	147	12	di	di	_	_	_	_	_	linguistic	_	none	_	_	_	_	_	_
147-13	PST083	147	147	13	un	un	_	_	_	_	_	linguistic	_	none	_	_	_	_	_	_
147-14	PST083	147	147	14	nostro	nostro	_	_	_	_	_	linguistic	_	none	_	_	_	_	_	_
147-15	PST083	147	147	15	spettacolo	spettacolo	_	_	_	_	_	linguistic	_	none	_	End=339.95	_	_	_	_
148-0	PST083	148	148	0	o	o	_	_	_	_	_	linguistic	_	none	_	Begin=340.405	_	_	_	_
148-1	PST083	148	148	1	di	di	_	_	_	_	_	linguistic	_	none	_	_	_	_	_	_
148-2	PST083	148	148	2	qualcosa	qualcosa	_	_	_	_	_	linguistic	_	none	_	End=341.425	_	_	_	_
149-0	PST083	149	149	0	io	io	_	_	_	_	_	linguistic	_	none	_	Begin=341.89	_	_	_	_
149-1	PST083	149	149	1	farei	farei	_	_	_	_	_	linguistic	_	none	_	_	_	_	_	_
149-2	PST083	149	149	2	quello	quello	_	_	_	_	_	linguistic	_	none	_	End=342.835	_	_	_	_
150-0	PST085	150	150	0	tipo	tipo	_	_	_	_	_	linguistic	_	none	_	Begin=342.835	_	_	_	_
150-1	PST085	150	150	1	quello	quello	_	_	_	_	_	linguistic	_	none	_	_	_	_	_	_
150-2	PST085	150	150	2	e	e	_	_	_	_	_	linguistic	_	none	_	_	_	_	_	_
150-3	PST085	150	150	3	poi	poi	_	_	_	_	_	linguistic	_	none	_	_	_	_	_	_
150-4	PST085	150	150	4	collegarlo	collegarlo	_	_	_	_	_	linguistic	_	none	_	_	_	_	_	_
150-5	PST085	150	150	5	ai	ai	_	_	_	_	_	linguistic	_	none	_	_	_	_	_	_
150-6	PST085	150	150	6	costumi	costumi	_	_	_	_	_	linguistic	_	none	_	_	_	_	_	_
150-7	PST085	150	150	7	magari	magari	_	_	_	_	_	linguistic	_	none	_	End=345.21	_	_	_	_
151-0	PST083	151	151	0	[sì	sì	_	_	_	_	_	linguistic	_	none	_	Begin=345.22	_	_	_	0-2(26)
151-1	PST083	151	151	1	cioè	cioè	_	_	_	_	_	linguistic	_	none	_	_	_	_	_	0-4(26)
151-2	PST083	151	151	2	tema	tema	_	_	_	_	_	linguistic	_	none	_	_	_	_	_	0-4(26)
151-3	PST083	151	151	3	gene~	gene~	_	_	_	_	_	linguistic	_	none	Interrupted=Yes	_	_	_	_	0-5(26)
151-4	PST083	151	151	4	tema]	tema	_	_	_	_	_	linguistic	_	none	_	_	_	_	_	0-4(26)
151-5	PST083	151	151	5	generale:	generale	_	_	_	_	_	linguistic	_	none	_	End=347.6	7x1	_	_	_
152-0	PST085	152	152	0	[così	così	_	_	_	_	_	linguistic	_	none	_	Begin=345.22	_	_	_	0-4(26)
152-1	PST085	152	152	1	sono	sono	_	_	_	_	_	linguistic	_	none	_	_	_	_	_	0-4(26)
152-2	PST085	152	152	2	due	due	_	_	_	_	_	linguistic	_	none	_	_	_	_	_	0-3(26)
152-3	PST085	152	152	3	collegate]	collegate	_	_	_	_	_	linguistic	_	none	_	End=346.69	_	_	_	0-9(26)
153-0	PST083	153	153	0	e::h	eh	_	_	_	_	_	linguistic	_	none	_	Begin=348.015|End=348.985	0x2	_	_	_
154-0	PST083	154	154	0	ba~	ba~	_	_	_	_	_	linguistic	_	none	Interrupted=Yes	Begin=349.83	_	_	_	_
154-1	PST083	154	154	1	cioè	cioè	_	_	_	_	_	linguistic	_	none	_	End=351.1	_	_	_	_
155-0	PST083	155	155	0	balli	balli	_	_	_	_	_	linguistic	_	none	_	Begin=351.81	_	_	_	_
155-1	PST083	155	155	1	folcloristici	folcloristici	_	_	_	_	_	linguistic	_	none	_	End=352.98	_	_	_	_
156-0	PST083	156	156	0	e	e	_	_	_	_	_	linguistic	_	none	_	Begin=353.74	_	_	_	_
156-1	PST083	156	156	1	poi:	poi	_	_	_	_	_	linguistic	_	none	_	End=354.5	2x1	_	_	_
157-0	PST083	157	157	0	di	di	_	_	_	_	_	linguistic	_	none	_	Begin=354.92	_	_	_	_
157-1	PST083	157	157	1	che	che	_	_	_	_	_	linguistic	_	none	_	_	_	_	_	_
157-2	PST083	157	157	2	cosa	cosa	_	_	_	_	_	linguistic	_	none	_	_	_	_	_	_
157-3	PST083	157	157	3	parli	parli	_	_	_	_	_	linguistic	_	none	_	_	_	_	_	_
157-4	PST083	157	157	4	in	in	_	_	_	_	_	linguistic	_	none	_	_	_	_	_	_
157-5	PST083	157	157	5	questa	questa	_	_	_	_	_	linguistic	_	none	_	_	_	_	_	_
157-6	PST083	157	157	6	scena:,	scena	_	_	_	_	_	linguistic	_	none	Intonation=WeaklyRising	End=356.62	4x1	_	_	_
158-0	PST083	158	158	0	dei	dei	_	_	_	_	_	linguistic	_	none	_	Begin=357.35	_	_	_	_
158-1	PST083	158	158	1	balli	balli	_	_	_	_	_	linguistic	_	none	_	_	_	_	_	_
158-2	PST083	158	158	2	tradizionali	tradizionali	_	_	_	_	_	linguistic	_	none	_	_	_	_	_	_
158-3	PST083	158	158	3	che::	che	_	_	_	_	_	linguistic	_	none	_	End=359.67	2x2	_	_	_
159-0	PST083	159	159	0	che	che	_	_	_	_	_	linguistic	_	none	_	Begin=361.16	_	_	_	_
159-1	PST083	159	159	1	facciamo	facciamo	_	_	_	_	_	linguistic	_	none	_	_	_	_	_	_
159-2	PST083	159	159	2	insomma	insomma	_	_	_	_	_	linguistic	_	none	_	End=362.64	_	_	_	_
160-0	PST083	160	160	0	>cioèmagari<	cioèmagari	_	_	_	_	_	linguistic	_	none	_	Begin=362.76	_	Fast=0-10(0)	_	_
160-1	PST083	160	160	1	lo	lo	_	_	_	_	_	linguistic	_	none	_	_	_	_	_	_
160-2	PST083	160	160	2	scriviamo	scriviamo	_	_	_	_	_	linguistic	_	none	_	_	_	_	_	_
160-3	PST083	160	160	3	un	un	_	_	_	_	_	linguistic	_	none	_	_	_	_	_	_
160-4	PST083	160	160	4	po'	po'	_	_	_	_	_	linguistic	_	none	_	_	_	_	_	_
160-5	PST083	160	160	5	meglio	meglio	_	_	_	_	_	linguistic	_	none	_	_	_	_	_	_
160-6	PST083	160	160	6	però	però	_	_	_	_	_	linguistic	_	none	_	End=364.5	_	_	_	_
161-0	PST085	161	161	0	no	no	_	_	_	_	_	linguistic	_	none	_	Begin=364.55	_	_	_	_
161-1	PST085	161	161	1	[sì	sì	_	_	_	_	_	linguistic	_	none	ProsodicLink=Yes	_	_	_	_	0-2(27)
161-2	PST085	161	161	2	sì	sì	_	_	_	_	_	linguistic	_	none	ProsodicLink=Yes	_	_	_	_	0-2(27)
161-3	PST085	161	161	3	sì]	sì	_	_	_	_	_	linguistic	_	none	_	End=365.63	_	_	_	0-2(27)
162-0	PST083	162	162	0	[m::h]	mh	_	_	_	_	_	linguistic	_	none	_	Begin=364.94|End=365.33	0x2	_	_	0-2(27)
163-0	PST083	163	163	0	poi	poi	_	_	_	_	_	linguistic	_	none	_	Begin=365.925	_	_	_	_
163-1	PST083	163	163	1	tipo	tipo	_	_	_	_	_	linguistic	_	none	_	_	_	_	_	_
163-2	PST083	163	163	2	come	come	_	_	_	_	_	linguistic	_	none	_	_	_	_	_	_
163-3	PST083	163	163	3	descrizione	descrizione	_	_	_	_	_	linguistic	_	none	_	_	_	_	_	_
163-4	PST083	163	163	4	potremmo	potremmo	_	_	_	_	_	linguistic	_	none	_	_	_	_	_	_
163-5	PST083	163	163	5	mettere	mettere	_	_	_	_	_	linguistic	_	none	_	_	_	_	_	_
163-6	PST083	163	163	6	che	che	_	_	_	_	_	linguistic	_	none	_	_	_	_	_	_
163-7	PST083	163	163	7	cosa	cosa	_	_	_	_	_	linguistic	_	none	_	_	_	_	_	_
163-8	PST083	163	163	8	c'	c'	_	_	_	_	_	linguistic	_	none	SpaceAfter=No	_	_	_	_	_
163-9	PST083	163	163	9	è	è	_	_	_	_	_	linguistic	_	none	_	_	_	_	_	_
163-10	PST083	163	163	10	xx	xx	_	_	_	_	_	unknown	_	none	Syllables=2	_	_	_	_	_
163-11	PST083	163	163	11	in	in	_	_	_	_	_	linguistic	_	none	_	_	_	_	_	_
163-12	PST083	163	163	12	questa	questa	_	_	_	_	_	linguistic	_	none	_	_	_	_	_	_
163-13	PST083	163	163	13	scena?	scena	_	_	_	_	_	linguistic	_	none	Intonation=Rising	End=369.355	_	_	_	_
164-0	PST083	164	164	0	che::::	che	_	_	_	_	_	linguistic	_	none	_	Begin=369.99	2x4	_	_	_
164-1	PST083	164	164	1	e::h	eh	_	_	_	_	_	linguistic	_	none	_	End=372.07	0x2	_	_	_
165-0	PST083	165	165	0	ci	ci	_	_	_	_	_	linguistic	_	some	_	Begin=372.82	_	_	_	_
165-1	PST083	165	165	1	siamo	siamo	_	_	_	_	_	linguistic	_	some	_	_	_	_	_	_
165-2	PST083	165	165	2	noi	noi	_	_	_	_	_	linguistic	_	some	_	_	_	_	_	_
165-3	PST083	165	165	3	che	che	_	_	_	_	_	linguistic	_	some	_	_	_	_	_	_
165-4	PST083	165	165	4	siamo	siamo	_	_	_	_	_	linguistic	_	some	_	_	_	_	_	_
165-5	PST083	165	165	5	quest'	quest'	_	_	_	_	_	linguistic	_	some	Truncated=Yes	_	_	_	_	_
165-6	PST083	165	165	6	#ansamblu	ansamblu	_	_	_	_	_	linguistic	_	some	Language=NO_ISO_CODE|Variation=Token	End=374.82	_	_	_	_
166-0	PST083	166	166	0	mh	mh	_	_	_	_	_	linguistic	_	none	_	Begin=375.405	_	_	_	_
166-1	PST083	166	166	1	qua	qua	_	_	_	_	_	linguistic	_	none	_	_	_	_	_	_
166-2	PST083	166	166	2	a	a	_	_	_	_	_	linguistic	_	none	_	_	_	_	_	_
166-3	PST083	166	166	3	torino	torino	_	_	_	_	_	linguistic	_	none	_	_	_	_	_	_
166-4	PST083	166	166	4	che	che	_	_	_	_	_	linguistic	_	none	_	_	_	_	_	_
166-5	PST083	166	166	5	appunto:	appunto	_	_	_	_	_	linguistic	_	none	_	End=377.005	6x1	_	_	_
167-0	PST083	167	167	0	eh	eh	_	_	_	_	_	linguistic	_	none	_	Begin=377.26	_	_	_	_
167-1	PST083	167	167	1	si	si	_	_	_	_	_	linguistic	_	none	_	_	_	_	_	_
167-2	PST083	167	167	2	impegna	impegna	_	_	_	_	_	linguistic	_	none	_	_	_	_	_	_
167-3	PST083	167	167	3	nel	nel	_	_	_	_	_	linguistic	_	none	_	_	_	_	_	_
167-4	PST083	167	167	4	mantenere	mantenere	_	_	_	_	_	linguistic	_	none	_	_	_	_	_	_
167-5	PST083	167	167	5	la	la	_	_	_	_	_	linguistic	_	none	_	_	_	_	_	_
167-6	PST083	167	167	6	tradizione:::	tradizione	_	_	_	_	_	linguistic	_	none	_	End=380.64	9x3	_	_	_
168-0	PST083	168	168	0	romena	romena	_	_	_	_	_	linguistic	_	none	PauseAfter=Yes	Begin=381.65	_	_	_	_
168-1	PST083	168	168	1	(.)	(.)	_	_	_	_	_	shortpause	_	none	_	_	_	_	_	_
168-2	PST083	168	168	2	tramite	tramite	_	_	_	_	_	linguistic	_	none	_	_	_	_	_	_
168-3	PST083	168	168	3	appunto::	appunto	_	_	_	_	_	linguistic	_	none	_	_	6x2	_	_	_
168-4	PST083	168	168	4	quelle	quelle	_	_	_	_	_	linguistic	_	none	_	_	_	_	_	_
168-5	PST083	168	168	5	che	che	_	_	_	_	_	linguistic	_	none	_	_	_	_	_	_
168-6	PST083	168	168	6	sono	sono	_	_	_	_	_	linguistic	_	none	_	_	_	_	_	_
168-7	PST083	168	168	7	una	una	_	_	_	_	_	linguistic	_	none	_	_	_	_	_	_
168-8	PST083	168	168	8	parte	parte	_	_	_	_	_	linguistic	_	none	_	_	_	_	_	_
168-9	PST083	168	168	9	della	della	_	_	_	_	_	linguistic	_	none	_	_	_	_	_	_
168-10	PST083	168	168	10	tradi~	tradi~	_	_	_	_	_	linguistic	_	none	Interrupted=Yes	_	_	_	_	_
168-11	PST083	168	168	11	cioè	cioè	_	_	_	_	_	linguistic	_	none	_	_	_	_	_	_
168-12	PST083	168	168	12	del	del	_	_	_	_	_	linguistic	_	none	_	_	_	_	_	_
168-13	PST083	168	168	13	folclore	folclore	_	_	_	_	_	linguistic	_	none	_	_	_	_	_	_
168-14	PST083	168	168	14	ovvero	ovvero	_	_	_	_	_	linguistic	_	none	_	_	_	_	_	_
168-15	PST083	168	168	15	i	i	_	_	_	_	_	linguistic	_	none	_	_	_	_	_	_
168-16	PST083	168	168	16	balli,	balli	_	_	_	_	_	linguistic	_	none	Intonation=WeaklyRising	End=387.94	_	_	_	_
169-0	PST083	169	169	0	e::::h	eh	_	_	_	_	_	linguistic	_	none	_	Begin=388.98	0x4	_	_	_
169-1	PST083	169	169	1	appunto	appunto	_	_	_	_	_	linguistic	_	none	_	_	_	_	_	_
169-2	PST083	169	169	2	che	che	_	_	_	_	_	linguistic	_	none	_	_	_	_	_	_
169-3	PST083	169	169	3	cioè	cioè	_	_	_	_	_	linguistic	_	none	PauseAfter=Yes	_	_	_	_	_
169-4	PST083	169	169	4	(.)	(.)	_	_	_	_	_	shortpause	_	none	_	_	_	_	_	_
169-5	PST083	169	169	5	lo	lo	_	_	_	_	_	linguistic	_	none	_	_	_	_	_	_
169-6	PST083	169	169	6	svolgimento	svolgimento	_	_	_	_	_	linguistic	_	none	_	_	_	_	_	_
169-7	PST083	169	169	7	di	di	_	_	_	_	_	linguistic	_	none	_	_	_	_	_	_
169-8	PST083	169	169	8	un	un	_	_	_	_	_	linguistic	_	none	_	_	_	_	_	_
169-9	PST083	169	169	9	ballo	ballo	_	_	_	_	_	linguistic	_	none	_	_	_	_	_	_
169-10	PST083	169	169	10	insomma	insomma	_	_	_	_	_	linguistic	_	none	_	End=393.81	_	_	_	_
170-0	PST085	170	170	0	sì,	sì	_	_	_	_	_	linguistic	_	none	Intonation=WeaklyRising	Begin=393.955|End=394.585	_	_	_	_
171-0	PST083	171	171	0	poi	poi	_	_	_	_	_	linguistic	_	none	_	Begin=394.744	_	_	_	_
171-1	PST083	171	171	1	come	come	_	_	_	_	_	linguistic	_	none	_	_	_	_	_	_
171-2	PST083	171	171	2	persone::	persone	_	_	_	_	_	linguistic	_	none	_	End=396.122	6x2	_	_	_
172-0	PST083	172	172	0	appunto	appunto	_	_	_	_	_	linguistic	_	some	_	Begin=396.28	_	_	_	_
172-1	PST083	172	172	1	#ansamblu	ansamblu	_	_	_	_	_	linguistic	_	some	Language=NO_ISO_CODE|Variation=Token	_	_	_	_	_
172-2	PST083	172	172	2	cioè	cioè	_	_	_	_	_	linguistic	_	some	_	_	_	_	_	_
172-3	PST083	172	172	3	non	non	_	_	_	_	_	linguistic	_	some	_	_	_	_	_	_
172-4	PST083	172	172	4	ti	ti	_	_	_	_	_	linguistic	_	some	_	_	_	_	_	_
172-5	PST083	172	172	5	metti	metti	_	_	_	_	_	linguistic	_	some	_	_	_	_	_	_
172-6	PST083	172	172	6	a	a	_	_	_	_	_	linguistic	_	some	_	_	_	_	_	_
172-7	PST083	172	172	7	mettere	mettere	_	_	_	_	_	linguistic	_	some	_	_	_	_	_	_
172-8	PST083	172	172	8	tu~	tu~	_	_	_	_	_	linguistic	_	some	Interrupted=Yes	_	_	_	_	_
172-9	PST083	172	172	9	tutti	tutti	_	_	_	_	_	linguistic	_	some	_	_	_	_	_	_
172-10	PST083	172	172	10	i	i	_	_	_	_	_	linguistic	_	some	_	_	_	_	_	_
172-11	PST083	172	172	11	nomi	nomi	_	_	_	_	_	linguistic	_	some	_	_	_	_	_	_
172-12	PST083	172	172	12	perché	perché	_	_	_	_	_	linguistic	_	some	_	_	_	_	_	_
172-13	PST083	172	172	13	sarebbe	sarebbe	_	_	_	_	_	linguistic	_	some	_	_	_	_	_	_
172-14	PST083	172	172	14	complicato	complicato	_	_	_	_	_	linguistic	_	some	_	_	_	_	_	_
172-15	PST083	172	172	15	però	però	_	_	_	_	_	linguistic	_	some	_	_	_	_	_	_
172-16	PST083	172	172	16	comunque	comunque	_	_	_	_	_	linguistic	_	some	_	_	_	_	_	_
172-17	PST083	172	172	17	presso	presso	_	_	_	_	_	linguistic	_	some	_	_	_	_	_	_
172-18	PST083	172	172	18	il	il	_	_	_	_	_	linguistic	_	some	_	_	_	_	_	_
172-19	PST083	172	172	19	@nomeassociazione	@nomeassociazione	_	_	_	_	_	anonymized	_	some	_	End=401.82	_	_	_	_
174-0	PST083	174	174	0	e	e	_	_	_	_	_	linguistic	_	none	_	Begin=403.04	_	_	_	_
174-1	PST083	174	174	1	poi::	poi	_	_	_	_	_	linguistic	_	none	PauseAfter=Yes	_	2x2	_	_	_
174-2	PST083	174	174	2	(.)	(.)	_	_	_	_	_	shortpause	_	none	_	_	_	_	_	_
174-3	PST083	174	174	3	eh	eh	_	_	_	_	_	linguistic	_	none	_	_	_	_	_	_
174-4	PST083	174	174	4	la	la	_	_	_	_	_	linguistic	_	none	_	_	_	_	_	_
174-5	PST083	174	174	5	ocation	ocation	_	_	_	_	_	linguistic	_	none	_	_	_	_	_	_
174-6	PST083	174	174	6	cioè	cioè	_	_	_	_	_	linguistic	_	none	_	_	_	_	_	_
174-7	PST083	174	174	7	dipende	dipende	_	_	_	_	_	linguistic	_	none	_	_	_	_	_	_
174-8	PST083	174	174	8	cioè	cioè	_	_	_	_	_	linguistic	_	none	_	_	_	_	_	_
174-9	PST083	174	174	9	ipoteticamente	ipoteticamente	_	_	_	_	_	linguistic	_	none	_	_	_	_	_	_
174-10	PST083	174	174	10	forse	forse	_	_	_	_	_	linguistic	_	none	_	_	_	_	_	_
174-11	PST083	174	174	11	magari	magari	_	_	_	_	_	linguistic	_	none	_	_	_	_	_	_
174-12	PST083	174	174	12	in	in	_	_	_	_	_	linguistic	_	none	_	_	_	_	_	_
174-13	PST083	174	174	13	un	un	_	_	_	_	_	linguistic	_	none	_	End=408.21	_	_	_	_
175-0	PST083	175	175	0	teatro	teatro	_	_	_	_	_	linguistic	_	none	_	Begin=409.245	_	_	_	_
175-1	PST083	175	175	1	metti	metti	_	_	_	_	_	linguistic	_	none	_	_	_	_	_	_
175-2	PST083	175	175	2	che	che	_	_	_	_	_	linguistic	_	none	_	_	_	_	_	_
175-3	PST083	175	175	3	se	se	_	_	_	_	_	linguistic	_	none	_	_	_	_	_	_
175-4	PST083	175	175	4	è	è	_	_	_	_	_	linguistic	_	none	_	_	_	_	_	_
175-5	PST083	175	175	5	uno	uno	_	_	_	_	_	linguistic	_	none	_	_	_	_	_	_
175-6	PST083	175	175	6	spettacolo	spettacolo	_	_	_	_	_	linguistic	_	none	_	_	_	_	_	_
175-7	PST083	175	175	7	se	se	_	_	_	_	_	linguistic	_	none	_	_	_	_	_	_
175-8	PST083	175	175	8	no	no	_	_	_	_	_	linguistic	_	none	_	_	_	_	_	_
175-9	PST083	175	175	9	se	se	_	_	_	_	_	linguistic	_	none	_	_	_	_	_	_
175-10	PST083	175	175	10	(xx)	xx	_	_	_	_	_	unknown	_	none	Syllables=2	End=411.885	_	_	0-2(0)	_
176-0	PST083	176	176	0	se::::	se	_	_	_	_	_	linguistic	_	none	_	Begin=413.28	1x4	_	_	_
176-1	PST083	176	176	1	tipo	tipo	_	_	_	_	_	linguistic	_	none	_	_	_	_	_	_
176-2	PST083	176	176	2	decidessimo	decidessimo	_	_	_	_	_	linguistic	_	none	_	_	_	_	_	_
176-3	PST083	176	176	3	di	di	_	_	_	_	_	linguistic	_	none	_	_	_	_	_	_
176-4	PST083	176	176	4	farle	farle	_	_	_	_	_	linguistic	_	none	_	_	_	_	_	_
176-5	PST083	176	176	5	qua	qua	_	_	_	_	_	linguistic	_	none	_	_	_	_	_	_
176-6	PST083	176	176	6	in	in	_	_	_	_	_	linguistic	_	none	_	_	_	_	_	_
176-7	PST083	176	176	7	sala	sala	_	_	_	_	_	linguistic	_	none	_	_	_	_	_	_
176-8	PST083	176	176	8	invece	invece	_	_	_	_	_	linguistic	_	none	_	End=417.18	_	_	_	_
177-0	PST093	177	177	0	però	però	_	_	_	_	_	linguistic	_	none	_	Begin=417.752	_	_	_	_
177-1	PST093	177	177	1	eh	eh	_	_	_	_	_	linguistic	_	none	_	_	_	_	_	_
177-2	PST093	177	177	2	(chiediamo	chiediamo	_	_	_	_	_	linguistic	_	none	_	_	_	_	0-9(0)	_
177-3	PST093	177	177	3	su)	su	_	_	_	_	_	linguistic	_	none	_	End=419.263	_	_	0-2(0)	_
178-0	PST083	178	178	0	sì	sì	_	_	_	_	_	linguistic	_	none	ProsodicLink=Yes	Begin=419.05	_	_	_	_
178-1	PST083	178	178	1	sì	sì	_	_	_	_	_	linguistic	_	none	_	End=419.58	_	_	_	_
179-0	PST083	179	179	0	eccole	eccole	_	_	_	_	_	linguistic	_	none	_	Begin=419.811|End=420.722	_	_	_	_
180-0	PST085	180	180	0	lo	lo	_	_	_	_	_	linguistic	_	none	_	Begin=420.77	_	_	_	_
180-1	PST085	180	180	1	chiediamo?	chiediamo	_	_	_	_	_	linguistic	_	none	Intonation=Rising	End=421.4	_	_	_	_
181-0	PST083	181	181	0	e	e	_	_	_	_	_	linguistic	_	none	_	Begin=422.61	_	_	_	_
181-1	PST083	181	181	1	poi	poi	_	_	_	_	_	linguistic	_	none	_	_	_	_	_	_
181-2	PST083	181	181	2	l~	l~	_	_	_	_	_	linguistic	_	none	Interrupted=Yes	_	_	_	_	_
181-3	PST083	181	181	3	e:::h	eh	_	_	_	_	_	linguistic	_	none	_	_	0x3	_	_	_
181-4	PST083	181	181	4	quando?	quando	_	_	_	_	_	linguistic	_	none	Intonation=Rising	End=425.61	_	_	_	_
182-0	PST093	182	182	0	boh	boh	_	_	_	_	_	linguistic	_	none	_	Begin=427.699|End=428.14149999999995	_	_	_	_
183-0	PST085	183	183	0	aspetta	aspetta	_	_	_	_	_	linguistic	_	none	_	Begin=428.14149999999995	_	_	_	_
183-1	PST085	183	183	1	io	io	_	_	_	_	_	linguistic	_	none	_	_	_	_	_	_
183-2	PST085	183	183	2	però	però	_	_	_	_	_	linguistic	_	none	_	_	_	_	_	_
183-3	PST085	183	183	3	direi	direi	_	_	_	_	_	linguistic	_	none	_	_	_	_	_	_
183-4	PST085	183	183	4	tipo	tipo	_	_	_	_	_	linguistic	_	none	_	_	_	_	_	_
183-5	PST085	183	183	5	di	di	_	_	_	_	_	linguistic	_	none	PauseAfter=Yes	_	_	_	_	_
183-6	PST085	183	183	6	(.)	(.)	_	_	_	_	_	shortpause	_	none	_	_	_	_	_	_
183-7	PST085	183	183	7	fermarci	fermarci	_	_	_	_	_	linguistic	_	none	_	_	_	_	_	_
183-8	PST085	183	183	8	tipo	tipo	_	_	_	_	_	linguistic	_	none	PauseAfter=Yes	_	_	_	_	_
183-9	PST085	183	183	9	(.)	(.)	_	_	_	_	_	shortpause	_	none	_	_	_	_	_	_
183-10	PST085	183	183	10	fino	fino	_	_	_	_	_	linguistic	_	none	_	_	_	_	_	_
183-11	PST085	183	183	11	all(e)	alle	_	_	_	_	_	linguistic	_	none	_	_	_	_	3-4(0)	_
183-12	PST085	183	183	12	person(e)	persone	_	_	_	_	_	linguistic	_	none	_	_	_	_	6-7(1)	_
183-13	PST085	183	183	13	e	e	_	_	_	_	_	linguistic	_	none	_	_	_	_	_	_
183-14	PST085	183	183	14	poi	poi	_	_	_	_	_	linguistic	_	none	_	_	_	_	_	_
183-15	PST085	183	183	15	da	da	_	_	_	_	_	linguistic	_	none	_	_	_	_	_	_
183-16	PST085	183	183	16	lì:::	lì	_	_	_	_	_	linguistic	_	none	_	_	1x3	_	_	_
183-17	PST085	183	183	17	sviluppiamo	sviluppiamo	_	_	_	_	_	linguistic	_	none	_	_	_	_	_	_
183-18	PST085	183	183	18	che	che	_	_	_	_	_	linguistic	_	none	_	_	_	_	_	_
183-19	PST085	183	183	19	se	se	_	_	_	_	_	linguistic	_	none	_	_	_	_	_	_
183-20	PST085	183	183	20	no	no	_	_	_	_	_	linguistic	_	none	_	_	_	_	_	_
183-21	PST085	183	183	21	perdiamo	perdiamo	_	_	_	_	_	linguistic	_	none	_	_	_	_	_	_
183-22	PST085	183	183	22	i	i	_	_	_	_	_	linguistic	_	none	_	_	_	_	_	_
183-23	PST085	183	183	23	punti	punti	_	_	_	_	_	linguistic	_	none	_	End=434.9	_	_	_	_
184-0	PST093	184	184	0	mh	mh	_	_	_	_	_	linguistic	_	none	_	Begin=435.095|End=435.705	_	_	_	_
185-0	PST083	185	185	0	allora	allora	_	_	_	_	_	linguistic	_	none	_	Begin=436.59|End=437.14	_	_	_	_
186-0	PST083	186	186	0	quindi	quindi	_	_	_	_	_	linguistic	_	none	_	Begin=437.18|End=437.73	_	_	_	_
187-0	PST083	187	187	0	va	va	_	_	_	_	_	linguistic	_	none	_	Begin=437.86	_	_	_	_
187-1	PST083	187	187	1	va	va	_	_	_	_	_	linguistic	_	none	ProsodicLink=Yes	_	_	_	_	_
187-2	PST083	187	187	2	bene	bene	_	_	_	_	_	linguistic	_	none	_	_	_	_	_	_
187-3	PST083	187	187	3	per	per	_	_	_	_	_	linguistic	_	none	_	_	_	_	_	_
187-4	PST083	187	187	4	i	i	_	_	_	_	_	linguistic	_	none	_	_	_	_	_	_
187-5	PST083	187	187	5	balli?	balli	_	_	_	_	_	linguistic	_	none	Intonation=Rising	End=439.11	_	_	_	_
188-0	PST093	188	188	0	sì	sì	_	_	_	_	_	linguistic	_	none	_	Begin=439.13|End=439.88	_	_	_	_
189-0	PST083	189	189	0	quindi	quindi	_	_	_	_	_	linguistic	_	none	PauseAfter=Yes	Begin=439.88	_	_	_	_
189-1	PST083	189	189	1	(.)	(.)	_	_	_	_	_	shortpause	_	none	_	_	_	_	_	_
189-2	PST083	189	189	2	titolo	titolo	_	_	_	_	_	linguistic	_	none	_	_	_	_	_	_
189-3	PST083	189	189	3	della	della	_	_	_	_	_	linguistic	_	none	_	_	_	_	_	_
189-4	PST083	189	189	4	scena:?	scena	_	_	_	_	_	linguistic	_	none	Intonation=Rising	End=441.93	4x1	_	_	_
190-0	PST083	190	190	0	balli	balli	_	_	_	_	_	linguistic	_	none	_	Begin=442.05	_	_	_	_
190-1	PST083	190	190	1	folcloristici	folcloristici	_	_	_	_	_	linguistic	_	none	_	End=443.433	_	_	_	_
191-0	PST083	191	191	0	ma	ma	_	_	_	_	_	linguistic	_	none	PauseAfter=Yes	Begin=445.06	_	_	_	_
191-1	PST083	191	191	1	(.)	(.)	_	_	_	_	_	shortpause	_	none	_	_	_	_	_	_
191-2	PST083	191	191	2	dovevamo	dovevamo	_	_	_	_	_	linguistic	_	none	_	_	_	_	_	_
191-3	PST083	191	191	3	compil~	compil~	_	_	_	_	_	linguistic	_	none	Interrupted=Yes	_	_	_	_	_
191-4	PST083	191	191	4	non:	non	_	_	_	_	_	linguistic	_	none	_	_	2x1	_	_	_
191-5	PST083	191	191	5	bastava	bastava	_	_	_	_	_	linguistic	_	none	_	_	_	_	_	_
191-6	PST083	191	191	6	compilarne	compilarne	_	_	_	_	_	linguistic	_	none	_	_	_	_	_	_
191-7	PST083	191	191	7	solo	solo	_	_	_	_	_	linguistic	_	none	_	_	_	_	_	_
191-8	PST083	191	191	8	uno?	uno	_	_	_	_	_	linguistic	_	none	Intonation=Rising	End=447.9	_	_	_	_
192-0	PST093	192	192	0	no	no	_	_	_	_	_	linguistic	_	none	_	Begin=447.91	_	_	_	_
192-1	PST093	192	192	1	perché	perché	_	_	_	_	_	linguistic	_	none	_	_	_	_	_	_
192-2	PST093	192	192	2	sono	sono	_	_	_	_	_	linguistic	_	none	_	_	_	_	_	_
192-3	PST093	192	192	3	[più	più	_	_	_	_	_	linguistic	_	none	_	_	_	_	_	0-3(29)
192-4	PST093	192	192	4	scene]	scene	_	_	_	_	_	linguistic	_	none	_	End=449.39	_	_	_	0-5(29)
193-0	PST085	193	193	0	[eh	eh	_	_	_	_	_	linguistic	_	none	_	Begin=448.61	_	_	_	0-2(29)
193-1	PST085	193	193	1	infatti]	infatti	_	_	_	_	_	linguistic	_	none	_	End=449.39	_	_	_	0-7(29)
194-0	PST083	194	194	0	ah	ah	_	_	_	_	_	linguistic	_	none	_	Begin=449.91	_	_	_	_
194-1	PST083	194	194	1	sono	sono	_	_	_	_	_	linguistic	_	none	_	_	_	_	_	_
194-2	PST083	194	194	2	più	più	_	_	_	_	_	linguistic	_	none	_	_	_	_	_	_
194-3	PST083	194	194	3	scene?	scene	_	_	_	_	_	linguistic	_	none	Intonation=Rising	End=451.77	_	_	_	_
195-0	PST093	195	195	0	sì	sì	_	_	_	_	_	linguistic	_	none	_	Begin=451.83	_	_	_	_
195-1	PST093	195	195	1	costruiamo	costruiamo	_	_	_	_	_	linguistic	_	none	_	_	_	_	_	_
195-2	PST093	195	195	2	una	una	_	_	_	_	_	linguistic	_	none	_	_	_	_	_	_
195-3	PST093	195	195	3	scena	scena	_	_	_	_	_	linguistic	_	none	_	_	_	_	_	_
195-4	PST093	195	195	4	[ci	ci	_	_	_	_	_	linguistic	_	none	_	_	_	_	_	0-2(30)
195-5	PST093	195	195	5	sono	sono	_	_	_	_	_	linguistic	_	none	_	_	_	_	_	0-4(30)
195-6	PST093	195	195	6	più	più	_	_	_	_	_	linguistic	_	none	_	_	_	_	_	0-3(30)
195-7	PST093	195	195	7	scene	scene	_	_	_	_	_	linguistic	_	none	_	_	_	_	_	0-5(30)
195-8	PST093	195	195	8	immagino]	immagino	_	_	_	_	_	linguistic	_	none	_	End=454.87	_	_	_	0-8(30)
196-0	PST085	196	196	0	[ci	ci	_	_	_	_	_	linguistic	_	none	_	Begin=453.16	_	_	_	0-2(30)
196-1	PST085	196	196	1	sta	sta	_	_	_	_	_	linguistic	_	none	_	_	_	_	_	0-3(30)
196-2	PST085	196	196	2	registrando	registrando	_	_	_	_	_	linguistic	_	none	_	_	_	_	_	0-11(30)
196-3	PST085	196	196	3	mentre	mentre	_	_	_	_	_	linguistic	_	none	_	_	_	_	_	0-6(30)
196-4	PST085	196	196	4	parliamo]	parliamo	_	_	_	_	_	linguistic	_	none	_	End=454.87	_	_	_	0-8(30)
197-0	PST083	197	197	0	[ma	ma	_	_	_	_	_	linguistic	_	none	PauseAfter=Yes	Begin=455.27	_	_	_	0-2(31)
197-1	PST083	197	197	1	(.)	(.)	_	_	_	_	_	shortpause	_	none	_	_	_	_	_	_
197-2	PST083	197	197	2	c(io)è]	cioè	_	_	_	_	_	linguistic	_	none	Reduced=Yes	End=456.53	_	_	_	0-4(31)
198-0	PST093	198	198	0	[tipo	tipo	_	_	_	_	_	linguistic	_	none	_	Begin=455.28	_	_	_	0-4(31)
198-1	PST093	198	198	1	questa	questa	_	_	_	_	_	linguistic	_	none	_	_	_	_	_	0-6(31)
198-2	PST093	198	198	2	dei	dei	_	_	_	_	_	linguistic	_	none	_	_	_	_	_	0-3(31)
198-3	PST093	198	198	3	balli	balli	_	_	_	_	_	linguistic	_	none	_	_	_	_	_	0-5(31)
198-4	PST093	198	198	4	e	e	_	_	_	_	_	linguistic	_	none	_	_	_	_	_	0-1(31)
198-5	PST093	198	198	5	l'	l'	_	_	_	_	_	linguistic	_	none	SpaceAfter=No	_	_	_	_	0-2(31)
198-6	PST093	198	198	6	altra:	altra	_	_	_	_	_	linguistic	_	none	PauseAfter=Yes	_	4x1	_	_	0-5(31)
198-7	PST093	198	198	7	(.)	(.)	_	_	_	_	_	shortpause	_	none	_	_	_	_	_	_
198-8	PST093	198	198	8	costumi	costumi	_	_	_	_	_	linguistic	_	none	_	_	_	_	_	0-7(31)
198-9	PST093	198	198	9	non	non	_	_	_	_	_	linguistic	_	none	_	_	_	_	_	0-3(31)
198-10	PST093	198	198	10	lo	lo	_	_	_	_	_	linguistic	_	none	_	_	_	_	_	0-2(31)
198-11	PST093	198	198	11	so]	so	_	_	_	_	_	linguistic	_	none	_	End=458.58	_	_	_	0-2(31)
199-0	PST083	199	199	0	ma	ma	_	_	_	_	_	linguistic	_	none	_	Begin=458.625	_	_	_	_
199-1	PST083	199	199	1	no	no	_	_	_	_	_	linguistic	_	none	_	_	_	_	_	_
199-2	PST083	199	199	2	a~	a~	_	_	_	_	_	linguistic	_	none	Interrupted=Yes	_	_	_	_	_
199-3	PST083	199	199	3	c(io)è	cioè	_	_	_	_	_	linguistic	_	none	Reduced=Yes	_	_	_	_	_
199-4	PST083	199	199	4	la	la	_	_	_	_	_	linguistic	_	none	_	_	_	_	_	_
199-5	PST083	199	199	5	scena	scena	_	_	_	_	_	linguistic	_	none	_	_	_	_	_	_
199-6	PST083	199	199	6	sarebbe	sarebbe	_	_	_	_	_	linguistic	_	none	_	_	_	_	_	_
199-7	PST083	199	199	7	tipo	tipo	_	_	_	_	_	linguistic	_	none	_	_	_	_	_	_
199-8	PST083	199	199	8	se	se	_	_	_	_	_	linguistic	_	none	_	_	_	_	_	_
199-9	PST083	199	199	9	tu	tu	_	_	_	_	_	linguistic	_	none	_	_	_	_	_	_
199-10	PST083	199	199	10	guardi	guardi	_	_	_	_	_	linguistic	_	none	_	_	_	_	_	_
199-11	PST083	199	199	11	un	un	_	_	_	_	_	linguistic	_	none	_	_	_	_	_	_
199-12	PST083	199	199	12	filmato	filmato	_	_	_	_	_	linguistic	_	none	_	_	_	_	_	_
199-13	PST083	199	199	13	o	o	_	_	_	_	_	linguistic	_	none	_	_	_	_	_	_
199-14	PST083	199	199	14	un	un	_	_	_	_	_	linguistic	_	none	_	_	_	_	_	_
199-15	PST083	199	199	15	film	film	_	_	_	_	_	linguistic	_	none	_	End=463.25	_	_	_	_
200-0	PST083	200	200	0	magari	magari	_	_	_	_	_	linguistic	_	none	_	Begin=463.26	_	_	_	_
200-1	PST083	200	200	1	metti	metti	_	_	_	_	_	linguistic	_	none	_	_	_	_	_	_
200-2	PST083	200	200	2	caso	caso	_	_	_	_	_	linguistic	_	none	_	_	_	_	_	_
200-3	PST083	200	200	3	che	che	_	_	_	_	_	linguistic	_	none	_	_	_	_	_	_
200-4	PST083	200	200	4	ne	ne	_	_	_	_	_	linguistic	_	none	_	_	_	_	_	_
200-5	PST083	200	200	5	so	so	_	_	_	_	_	linguistic	_	none	_	_	_	_	_	_
200-6	PST083	200	200	6	dimmi	dimmi	_	_	_	_	_	linguistic	_	none	_	_	_	_	_	_
200-7	PST083	200	200	7	un	un	_	_	_	_	_	linguistic	_	none	_	_	_	_	_	_
200-8	PST083	200	200	8	film:	film	_	_	_	_	_	linguistic	_	none	_	_	3x1	_	_	_
200-9	PST083	200	200	9	che::	che	_	_	_	_	_	linguistic	_	none	_	End=465.98	2x2	_	_	_
201-0	PST083	201	201	0	che	che	_	_	_	_	_	linguistic	_	none	_	Begin=466.17	_	_	_	_
201-1	PST083	201	201	1	hai	hai	_	_	_	_	_	linguistic	_	none	_	_	_	_	_	_
201-2	PST083	201	201	2	visto	visto	_	_	_	_	_	linguistic	_	none	_	_	_	_	_	_
201-3	PST083	201	201	3	non	non	_	_	_	_	_	linguistic	_	none	_	_	_	_	_	_
201-4	PST083	201	201	4	so	so	_	_	_	_	_	linguistic	_	none	_	_	_	_	_	_
201-5	PST083	201	201	5	a	a	_	_	_	_	_	linguistic	_	none	_	_	_	_	_	_
201-6	PST083	201	201	6	random	random	_	_	_	_	_	linguistic	_	none	_	_	_	_	_	_
201-7	PST083	201	201	7	un	un	_	_	_	_	_	linguistic	_	none	_	_	_	_	_	_
201-8	PST083	201	201	8	film	film	_	_	_	_	_	linguistic	_	none	_	End=469.11	_	_	_	_
202-0	PST083	202	202	0	vabbè	vabbè	_	_	_	_	_	linguistic	_	none	_	Begin=469.545	_	_	_	_
202-1	PST083	202	202	1	non	non	_	_	_	_	_	linguistic	_	none	_	_	_	_	_	_
202-2	PST083	202	202	2	lo	lo	_	_	_	_	_	linguistic	_	none	_	_	_	_	_	_
202-3	PST083	202	202	3	so	so	_	_	_	_	_	linguistic	_	none	_	_	_	_	_	_
202-4	PST083	202	202	4	m::h	mh	_	_	_	_	_	linguistic	_	none	_	_	0x2	_	_	_
202-5	PST083	202	202	5	spiderman	spiderman	_	_	_	_	_	linguistic	_	none	PauseAfter=Yes	_	_	_	_	_
202-6	PST083	202	202	6	(.)	(.)	_	_	_	_	_	shortpause	_	none	_	_	_	_	_	_
202-7	PST083	202	202	7	per	per	_	_	_	_	_	linguistic	_	none	_	_	_	_	_	_
202-8	PST083	202	202	8	dirti	dirti	_	_	_	_	_	linguistic	_	none	_	End=472.125	_	_	_	_
203-0	PST083	203	203	0	e::h	eh	_	_	_	_	_	linguistic	_	none	_	Begin=472.46	0x2	_	_	_
203-1	PST083	203	203	1	o	o	_	_	_	_	_	linguistic	_	none	_	_	_	_	_	_
203-2	PST083	203	203	2	il	il	_	_	_	_	_	linguistic	_	none	_	_	_	_	_	_
203-3	PST083	203	203	3	titanic	titanic	_	_	_	_	_	linguistic	_	none	_	_	_	_	_	_
203-4	PST083	203	203	4	c'	c'	_	_	_	_	_	linguistic	_	none	SpaceAfter=No	_	_	_	_	_
203-5	PST083	203	203	5	è	è	_	_	_	_	_	linguistic	_	none	_	_	_	_	_	_
203-6	PST083	203	203	6	la	la	_	_	_	_	_	linguistic	_	none	_	_	_	_	_	_
203-7	PST083	203	203	7	scena	scena	_	_	_	_	_	linguistic	_	none	_	_	_	_	_	_
203-8	PST083	203	203	8	di	di	_	_	_	_	_	linguistic	_	none	_	_	_	_	_	_
203-9	PST083	203	203	9	loro	loro	_	_	_	_	_	linguistic	_	none	_	_	_	_	_	_
203-10	PST083	203	203	10	che	che	_	_	_	_	_	linguistic	_	none	_	_	_	_	_	_
203-11	PST083	203	203	11	stanno	stanno	_	_	_	_	_	linguistic	_	none	_	_	_	_	_	_
203-12	PST083	203	203	12	così,	così	_	_	_	_	_	linguistic	_	none	Intonation=WeaklyRising	End=475.99	_	_	_	_
204-0	PST083	204	204	0	poi	poi	_	_	_	_	_	linguistic	_	none	_	Begin=476.03	_	_	_	_
204-1	PST083	204	204	1	magari	magari	_	_	_	_	_	linguistic	_	none	_	_	_	_	_	_
204-2	PST083	204	204	2	una	una	_	_	_	_	_	linguistic	_	none	_	_	_	_	_	_
204-3	PST083	204	204	3	scena	scena	_	_	_	_	_	linguistic	_	none	_	_	_	_	_	_
204-4	PST083	204	204	4	in	in	_	_	_	_	_	linguistic	_	none	_	_	_	_	_	_
204-5	PST083	204	204	5	cui	cui	_	_	_	_	_	linguistic	_	none	PauseAfter=Yes	_	_	_	_	_
204-6	PST083	204	204	6	(.)	(.)	_	_	_	_	_	shortpause	_	none	_	_	_	_	_	_
204-7	PST083	204	204	7	sono	sono	_	_	_	_	_	linguistic	_	none	_	_	_	_	_	_
204-8	PST083	204	204	8	dentro	dentro	_	_	_	_	_	linguistic	_	none	_	_	_	_	_	_
204-9	PST083	204	204	9	la	la	_	_	_	_	_	linguistic	_	none	_	_	_	_	_	_
204-10	PST083	204	204	10	nave	nave	_	_	_	_	_	linguistic	_	none	_	End=478.8	_	_	_	_
205-0	PST083	205	205	0	quella	quella	_	_	_	_	_	linguistic	_	none	PauseAfter=Yes	Begin=478.84	_	_	_	_
205-1	PST083	205	205	1	(.)	(.)	_	_	_	_	_	shortpause	_	none	_	_	_	_	_	_
205-2	PST083	205	205	2	è	è	_	_	_	_	_	linguistic	_	none	_	_	_	_	_	_
205-3	PST083	205	205	3	una	una	_	_	_	_	_	linguistic	_	none	_	_	_	_	_	_
205-4	PST083	205	205	4	cosa	cosa	_	_	_	_	_	linguistic	_	none	_	_	_	_	_	_
205-5	PST083	205	205	5	completamente	completamente	_	_	_	_	_	linguistic	_	none	_	_	_	_	_	_
205-6	PST083	205	205	6	diversa	diversa	_	_	_	_	_	linguistic	_	none	_	_	_	_	_	_
205-7	PST083	205	205	7	[c(io)è]	cioè	_	_	_	_	_	linguistic	_	none	Reduced=Yes	_	_	_	_	0-4(32)
205-8	PST083	205	205	8	non~	non~	_	_	_	_	_	linguistic	_	none	Interrupted=Yes	_	_	_	_	_
205-9	PST083	205	205	9	non	non	_	_	_	_	_	linguistic	_	none	_	_	_	_	_	_
205-10	PST083	205	205	10	è	è	_	_	_	_	_	linguistic	_	none	_	_	_	_	_	_
205-11	PST083	205	205	11	poi	poi	_	_	_	_	_	linguistic	_	none	_	_	_	_	_	_
205-12	PST083	205	205	12	un	un	_	_	_	_	_	linguistic	_	none	_	_	_	_	_	_
205-13	PST083	205	205	13	unica	unica	_	_	_	_	_	linguistic	_	none	_	_	_	_	_	_
205-14	PST083	205	205	14	scena	scena	_	_	_	_	_	linguistic	_	none	_	_	_	_	_	_
205-15	PST083	205	205	15	sono	sono	_	_	_	_	_	linguistic	_	none	_	_	_	_	_	_
205-16	PST083	205	205	16	due	due	_	_	_	_	_	linguistic	_	none	_	_	_	_	_	_
205-17	PST083	205	205	17	scene	scene	_	_	_	_	_	linguistic	_	none	_	_	_	_	_	_
205-18	PST083	205	205	18	diverse	diverse	_	_	_	_	_	linguistic	_	none	_	End=483.57	_	_	_	_
206-0	PST093	206	206	0	[sì]	sì	_	_	_	_	_	linguistic	_	none	_	Begin=480.85|End=481.31	_	_	_	0-2(32)
207-0	PST093	207	207	0	sì	sì	_	_	_	_	_	linguistic	_	none	_	Begin=483.575|End=483.905	_	_	_	_
208-0	PST083	208	208	0	eh	eh	_	_	_	_	_	linguistic	_	none	PauseAfter=Yes	Begin=484.17	_	_	_	_
208-1	PST083	208	208	1	(.)	(.)	_	_	_	_	_	shortpause	_	none	_	_	_	_	_	_
208-2	PST083	208	208	2	la	la	_	_	_	_	_	linguistic	_	none	_	_	_	_	_	_
208-3	PST083	208	208	3	roba	roba	_	_	_	_	_	linguistic	_	none	_	_	_	_	_	_
208-4	PST083	208	208	4	di	di	_	_	_	_	_	linguistic	_	none	_	_	_	_	_	_
208-5	PST083	208	208	5	costruire	costruire	_	_	_	_	_	linguistic	_	none	_	_	_	_	_	_
208-6	PST083	208	208	6	una	una	_	_	_	_	_	linguistic	_	none	_	_	_	_	_	_
208-7	PST083	208	208	7	scena	scena	_	_	_	_	_	linguistic	_	none	_	_	_	_	_	_
208-8	PST083	208	208	8	appunto	appunto	_	_	_	_	_	linguistic	_	none	_	End=486.37	_	_	_	_
209-0	PST093	209	209	0	eh	eh	_	_	_	_	_	linguistic	_	none	_	Begin=486.92	_	_	_	_
209-1	PST093	209	209	1	tipo	tipo	_	_	_	_	_	linguistic	_	none	_	_	_	_	_	_
209-2	PST093	209	209	2	[i	i	_	_	_	_	_	linguistic	_	none	_	_	_	_	_	0-1(33)
209-3	PST093	209	209	3	balli]	balli	_	_	_	_	_	linguistic	_	none	_	End=488.14	_	_	_	0-5(33)
210-0	PST083	210	210	0	[una	una	_	_	_	_	_	linguistic	_	none	_	Begin=487.54	_	_	_	0-3(33)
210-1	PST083	210	210	1	scena	scena	_	_	_	_	_	linguistic	_	none	_	_	_	_	_	0-5(33)
210-2	PST083	210	210	2	e	e	_	_	_	_	_	linguistic	_	none	_	_	_	_	_	0-1(33)
210-3	PST083	210	210	3	basta]	basta	_	_	_	_	_	linguistic	_	none	_	End=488.23	_	_	_	0-5(33)
211-0	PST093	211	211	0	s[ì]	sì	_	_	_	_	_	linguistic	_	none	_	Begin=488.838|End=489.238	_	_	_	1-2(34)
212-0	PST083	212	212	0	[qui]ndi	quindi	_	_	_	_	_	linguistic	_	none	_	Begin=489.033	_	_	_	0-3(34)
212-1	PST083	212	212	1	il	il	_	_	_	_	_	linguistic	_	none	PauseAfter=Yes	_	_	_	_	_
212-2	PST083	212	212	2	(.)	(.)	_	_	_	_	_	shortpause	_	none	_	_	_	_	_	_
212-3	PST083	212	212	3	tipo	tipo	_	_	_	_	_	linguistic	_	none	PauseAfter=Yes	_	_	_	_	_
212-4	PST083	212	212	4	(.)	(.)	_	_	_	_	_	shortpause	_	none	_	_	_	_	_	_
212-5	PST083	212	212	5	si	si	_	_	_	_	_	linguistic	_	none	_	_	_	_	_	_
212-6	PST083	212	212	6	vede	vede	_	_	_	_	_	linguistic	_	none	_	End=491.14	_	_	_	_
213-0	PST083	213	213	0	però	però	_	_	_	_	_	linguistic	_	none	_	Begin=492.24	_	_	_	_
213-1	PST083	213	213	1	no	no	_	_	_	_	_	linguistic	_	none	_	_	_	_	_	_
213-2	PST083	213	213	2	aspetta	aspetta	_	_	_	_	_	linguistic	_	none	_	End=493.22	_	_	_	_
214-0	PST083	214	214	0	m:::::h	mh	_	_	_	_	_	linguistic	_	none	_	Begin=493.47|End=494.54	0x5	_	_	_
215-0	PST083	215	215	0	°xxxxxx°	xxxxxx	_	_	_	_	_	unknown	_	none	Volume=low|Syllables=6	Begin=494.565|End=495.7	_	_	_	_
216-0	PST083	216	216	0	>vabbè<	vabbè	_	_	_	_	_	linguistic	_	none	_	Begin=498.69	_	Fast=0-5(0)	_	_
216-1	PST083	216	216	1	per	per	_	_	_	_	_	linguistic	_	none	_	_	_	_	_	_
216-2	PST083	216	216	2	ora	ora	_	_	_	_	_	linguistic	_	none	_	_	_	_	_	_
216-3	PST083	216	216	3	scriviamo	scriviamo	_	_	_	_	_	linguistic	_	none	_	_	_	_	_	_
216-4	PST083	216	216	4	scriviamo	scriviamo	_	_	_	_	_	linguistic	_	none	PauseAfter=Yes	_	_	_	_	_
216-5	PST083	216	216	5	(.)	(.)	_	_	_	_	_	shortpause	_	none	_	_	_	_	_	_
216-6	PST083	216	216	6	chi	chi	_	_	_	_	_	linguistic	_	none	_	_	_	_	_	_
216-7	PST083	216	216	7	se	se	_	_	_	_	_	linguistic	_	none	_	_	_	_	_	_
216-8	PST083	216	216	8	ne	ne	_	_	_	_	_	linguistic	_	none	_	_	_	_	_	_
216-9	PST083	216	216	9	frega	frega	_	_	_	_	_	linguistic	_	none	_	_	_	_	_	_
216-10	PST083	216	216	10	allora	allora	_	_	_	_	_	linguistic	_	none	_	End=501.71	_	_	_	_
217-0	PST083	217	217	0	e:::h	eh	_	_	_	_	_	linguistic	_	none	_	Begin=502.844	0x3	_	_	_
217-1	PST083	217	217	1	((scrive))	((scrive))	_	_	_	_	_	nonverbalbehavior	_	none	_	_	_	_	_	_
217-2	PST083	217	217	2	°balli	balli	_	_	_	_	_	linguistic	_	none	Volume=low	_	_	_	_	_
217-3	PST083	217	217	3	fol	fol	_	_	_	_	_	linguistic	_	none	PauseAfter=Yes|Volume=low	_	_	_	_	_
217-4	PST083	217	217	4	(.)	(.)	_	_	_	_	_	shortpause	_	none	_	_	_	_	_	_
217-5	PST083	217	217	5	clo	clo	_	_	_	_	_	linguistic	_	none	PauseAfter=Yes|Volume=low	_	_	_	_	_
217-6	PST083	217	217	6	(.)	(.)	_	_	_	_	_	shortpause	_	none	_	_	_	_	_	_
217-7	PST083	217	217	7	ri	ri	_	_	_	_	_	linguistic	_	none	PauseAfter=Yes|Volume=low	_	_	_	_	_
217-8	PST083	217	217	8	(.)	(.)	_	_	_	_	_	shortpause	_	none	_	_	_	_	_	_
217-9	PST083	217	217	9	sti	sti	_	_	_	_	_	linguistic	_	none	PauseAfter=Yes|Volume=low	_	_	_	_	_
217-10	PST083	217	217	10	(.)	(.)	_	_	_	_	_	shortpause	_	none	_	_	_	_	_	_
217-11	PST083	217	217	11	ci°	ci	_	_	_	_	_	linguistic	_	none	Volume=low	End=509.45	_	_	_	_
218-0	PST083	218	218	0	((sospira))	((sospira))	_	_	_	_	_	nonverbalbehavior	_	none	_	Begin=511.07	_	_	_	_
218-1	PST083	218	218	1	quindi	quindi	_	_	_	_	_	linguistic	_	none	_	_	_	_	_	_
218-2	PST083	218	218	2	tema	tema	_	_	_	_	_	linguistic	_	none	_	_	_	_	_	_
218-3	PST083	218	218	3	generale	generale	_	_	_	_	_	linguistic	_	none	_	_	_	_	_	_
218-4	PST083	218	218	4	abbiamo	abbiamo	_	_	_	_	_	linguistic	_	none	_	_	_	_	_	_
218-5	PST083	218	218	5	detto,	detto	_	_	_	_	_	linguistic	_	none	Intonation=WeaklyRising	End=513.13	_	_	_	_
219-0	PST083	219	219	0	((sospira))	((sospira))	_	_	_	_	_	nonverbalbehavior	_	none	_	Begin=513.53	_	_	_	_
219-1	PST083	219	219	1	°di	di	_	_	_	_	_	linguistic	_	none	Volume=low	_	_	_	_	_
219-2	PST083	219	219	2	che	che	_	_	_	_	_	linguistic	_	none	Volume=low	_	_	_	_	_
219-3	PST083	219	219	3	cosa	cosa	_	_	_	_	_	linguistic	_	none	Volume=low	_	_	_	_	_
219-4	PST083	219	219	4	si	si	_	_	_	_	_	linguistic	_	none	Volume=low	_	_	_	_	_
219-5	PST083	219	219	5	parla	parla	_	_	_	_	_	linguistic	_	none	Volume=low	_	_	_	_	_
219-6	PST083	219	219	6	in	in	_	_	_	_	_	linguistic	_	none	Volume=low	_	_	_	_	_
219-7	PST083	219	219	7	quest~°	quest~	_	_	_	_	_	linguistic	_	none	Interrupted=Yes|Volume=low	End=514.71	_	_	_	_
220-0	PST083	220	220	0	dei	dei	_	_	_	_	_	linguistic	_	none	_	Begin=515.71	_	_	_	_
220-1	PST083	220	220	1	balli:::	balli	_	_	_	_	_	linguistic	_	none	_	_	4x3	_	_	_
220-2	PST083	220	220	2	tradizionali	tradizionali	_	_	_	_	_	linguistic	_	none	_	_	_	_	_	_
220-3	PST083	220	220	3	praticati:	praticati	_	_	_	_	_	linguistic	_	none	_	End=518.521	8x1	_	_	_
221-0	PST083	221	221	0	in	in	_	_	_	_	_	linguistic	_	none	_	Begin=519.52	_	_	_	_
221-1	PST083	221	221	1	romania	romania	_	_	_	_	_	linguistic	_	none	_	End=520.065	_	_	_	_
222-0	PST085	222	222	0	oddio	oddio	_	_	_	_	_	linguistic	_	none	_	Begin=521.355|End=521.844	_	_	_	_
223-0	PST093	223	223	0	e:::h	eh	_	_	_	_	_	linguistic	_	none	_	Begin=522.588	0x3	_	_	_
223-1	PST093	223	223	1	sì	sì	_	_	_	_	_	linguistic	_	none	_	End=523.433	_	_	_	_
224-0	PST083	224	224	0	allora	allora	_	_	_	_	_	linguistic	_	none	_	Begin=524.332|End=525.299	_	_	_	_
225-0	PST083	225	225	0	((scrive))	((scrive))	_	_	_	_	_	nonverbalbehavior	_	none	_	Begin=527.211	_	_	_	_
225-1	PST083	225	225	1	°balli°	balli	_	_	_	_	_	linguistic	_	none	Volume=low	End=528.167	_	_	_	_
226-0	PST083	226	226	0	((scrive))	((scrive))	_	_	_	_	_	nonverbalbehavior	_	none	_	Begin=532.233	_	_	_	_
226-1	PST083	226	226	1	°~cati°	~cati	_	_	_	_	_	linguistic	_	none	Interrupted=Yes|Volume=low	End=533.333	_	_	_	_
227-0	PST083	227	227	0	>°balli	balli	_	_	_	_	_	linguistic	_	none	Volume=low	Begin=534.922	_	Fast=0-5(0)	_	_
227-1	PST083	227	227	1	praticati°<	praticati	_	_	_	_	_	linguistic	_	none	Volume=low	End=535.944	_	Fast=0-9(0)	_	_
228-0	PST083	228	228	0	((scrive))	((scrive))	_	_	_	_	_	nonverbalbehavior	_	none	_	Begin=537.767	_	_	_	_
228-1	PST083	228	228	1	in	in	_	_	_	_	_	linguistic	_	none	_	End=538.244	_	_	_	_
229-0	PST083	229	229	0	°no	no	_	_	_	_	_	linguistic	_	none	Volume=low	Begin=545.567	_	_	_	_
229-1	PST083	229	229	1	così	così	_	_	_	_	_	linguistic	_	none	PauseAfter=Yes|Volume=low	_	_	_	_	_
229-2	PST083	229	229	2	(.)	(.)	_	_	_	_	_	shortpause	_	none	_	_	_	_	_	_
229-3	PST083	229	229	3	vabbè°	vabbè	_	_	_	_	_	linguistic	_	none	Volume=low	End=546.989	_	_	_	_
230-0	PST083	230	230	0	e::h	eh	_	_	_	_	_	linguistic	_	none	_	Begin=547.722	0x2	_	_	_
230-1	PST083	230	230	1	°balli	balli	_	_	_	_	_	linguistic	_	none	Volume=low	_	_	_	_	_
230-2	PST083	230	230	2	praticati	praticati	_	_	_	_	_	linguistic	_	none	Volume=low	_	_	_	_	_
230-3	PST083	230	230	3	in	in	_	_	_	_	_	linguistic	_	none	Volume=low	_	_	_	_	_
230-4	PST083	230	230	4	romania°	romania	_	_	_	_	_	linguistic	_	none	Volume=low	End=549.977	_	_	_	_
231-0	PST083	231	231	0	però	però	_	_	_	_	_	linguistic	_	none	_	Begin=550.799	_	_	_	_
231-1	PST083	231	231	1	no	no	_	_	_	_	_	linguistic	_	none	_	_	_	_	_	_
231-2	PST083	231	231	2	se	se	_	_	_	_	_	linguistic	_	none	_	_	_	_	_	_
231-3	PST083	231	231	3	scr~	scr~	_	_	_	_	_	linguistic	_	none	Interrupted=Yes	_	_	_	_	_
231-4	PST083	231	231	4	se	se	_	_	_	_	_	linguistic	_	none	_	_	_	_	_	_
231-5	PST083	231	231	5	scrivo	scrivo	_	_	_	_	_	linguistic	_	none	_	_	_	_	_	_
231-6	PST083	231	231	6	così	così	_	_	_	_	_	linguistic	_	none	_	_	_	_	_	_
231-7	PST083	231	231	7	sembra	sembra	_	_	_	_	_	linguistic	_	none	_	_	_	_	_	_
231-8	PST083	231	231	8	che:	che	_	_	_	_	_	linguistic	_	none	_	_	2x1	_	_	_
231-9	PST083	231	231	9	in	in	_	_	_	_	_	linguistic	_	none	_	_	_	_	_	_
231-10	PST083	231	231	10	realtà	realtà	_	_	_	_	_	linguistic	_	none	_	_	_	_	_	_
231-11	PST083	231	231	11	li	li	_	_	_	_	_	linguistic	_	none	_	_	_	_	_	_
231-12	PST083	231	231	12	facciamo	facciamo	_	_	_	_	_	linguistic	_	none	_	_	_	_	_	_
231-13	PST083	231	231	13	in	in	_	_	_	_	_	linguistic	_	none	_	_	_	_	_	_
231-14	PST083	231	231	14	romania	romania	_	_	_	_	_	linguistic	_	none	_	_	_	_	_	_
231-15	PST083	231	231	15	non	non	_	_	_	_	_	linguistic	_	none	_	_	_	_	_	_
231-16	PST083	231	231	16	qua	qua	_	_	_	_	_	linguistic	_	none	_	End=554.489	_	_	_	_
232-0	PST083	232	232	0	°tua	tua	_	_	_	_	_	linguistic	_	none	Volume=low	Begin=555.038	_	_	_	_
232-1	PST083	232	232	1	sorella:,°	sorella	_	_	_	_	_	linguistic	_	none	Intonation=WeaklyRising|Volume=low	End=556.383	6x1	_	_	_
233-0	PST093	233	233	0	balli:	balli	_	_	_	_	_	linguistic	_	none	_	Begin=556.6	4x1	_	_	_
233-1	PST093	233	233	1	rumeni	rumeni	_	_	_	_	_	linguistic	_	none	_	End=557.789	_	_	_	_
234-0	PST083	234	234	0	balli	balli	_	_	_	_	_	linguistic	_	none	_	Begin=558.166	_	_	_	_
234-1	PST083	234	234	1	rumeni	rumeni	_	_	_	_	_	linguistic	_	none	_	End=559.166	_	_	_	_
235-0	PST083	235	235	0	>poi<	poi	_	_	_	_	_	linguistic	_	none	PauseAfter=Yes	Begin=567.477	_	Fast=0-3(0)	_	_
235-1	PST083	235	235	1	(.)	(.)	_	_	_	_	_	shortpause	_	none	_	_	_	_	_	_
235-2	PST083	235	235	2	descrizione	descrizione	_	_	_	_	_	linguistic	_	none	_	_	_	Slow=0-11(0)	_	_
235-3	PST083	235	235	3	((legge))	((legge))	_	_	_	_	_	nonverbalbehavior	_	none	_	_	_	Slow=0-5(0)	_	_
235-4	PST083	235	235	4	>che	che	_	_	_	_	_	linguistic	_	none	_	_	_	Fast=0-3(1)	_	_
235-5	PST083	235	235	5	cosa	cosa	_	_	_	_	_	linguistic	_	none	_	_	_	Fast=0-4(1)	_	_
235-6	PST083	235	235	6	succede<	succede	_	_	_	_	_	linguistic	_	none	_	_	_	Fast=0-7(1)	_	_
235-7	PST083	235	235	7	in	in	_	_	_	_	_	linguistic	_	none	_	_	_	_	_	_
235-8	PST083	235	235	8	questa	questa	_	_	_	_	_	linguistic	_	none	_	_	_	_	_	_
235-9	PST083	235	235	9	scena	scena	_	_	_	_	_	linguistic	_	none	_	End=569.866	_	_	_	_
236-0	PST083	236	236	0	un	un	_	_	_	_	_	linguistic	_	none	_	Begin=571.088	_	_	_	_
236-1	PST083	236	236	1	gruppo	gruppo	_	_	_	_	_	linguistic	_	none	_	_	_	_	_	_
236-2	PST083	236	236	2	d[i::::]	di	_	_	_	_	_	linguistic	_	none	_	End=572.977	1x4	_	_	1-2(35)
237-0	PST093	237	237	0	adolescenti	adolescenti	_	_	_	_	_	linguistic	_	none	_	Begin=572.955|End=573.8	_	_	_	_
238-0	PST083	238	238	0	adolescent~	adolescent~	_	_	_	_	_	linguistic	_	some	Interrupted=Yes	Begin=573.855	_	_	_	_
238-1	PST083	238	238	1	cioè	cioè	_	_	_	_	_	linguistic	_	some	_	_	_	_	_	_
238-2	PST083	238	238	2	l'	l'	_	_	_	_	_	linguistic	_	some	SpaceAfter=No	_	_	_	_	_
238-3	PST083	238	238	3	#ansamblu	ansamblu	_	_	_	_	_	linguistic	_	some	Language=NO_ISO_CODE|Variation=Token	_	_	_	_	_
238-4	PST083	238	238	4	#folclor~	folclor~	_	_	_	_	_	linguistic	_	some	Interrupted=Yes|Language=NO_ISO_CODE|Variation=Token	_	_	_	_	_
238-5	PST083	238	238	5	[l'	l'	_	_	_	_	_	linguistic	_	some	SpaceAfter=No	_	_	_	_	0-2(36)
238-6	PST083	238	238	6	#ansamblu	ansamblu	_	_	_	_	_	linguistic	_	some	Language=NO_ISO_CODE|Variation=Token	_	_	_	_	0-9(36)
238-7	PST083	238	238	7	@nomegruppo]	@nomegruppo	_	_	_	_	_	anonymized	_	some	_	End=578.189	_	_	_	0-10(36)
240-0	PST085	240	240	0	[sembra	sembra	_	_	_	_	_	linguistic	_	none	_	Begin=576.678	_	_	_	0-6(36)
240-1	PST085	240	240	1	tipo	tipo	_	_	_	_	_	linguistic	_	none	_	_	_	_	_	0-4(36)
240-2	PST085	240	240	2	uno	uno	_	_	_	_	_	linguistic	_	none	_	_	_	_	_	0-3(36)
240-3	PST085	240	240	3	di:]	di	_	_	_	_	_	linguistic	_	none	PauseAfter=Yes	_	1x1	_	_	0-2(36)
240-4	PST085	240	240	4	(.)	(.)	_	_	_	_	_	shortpause	_	none	_	_	_	_	_	_
240-5	PST085	240	240	5	uno	uno	_	_	_	_	_	linguistic	_	none	_	_	_	_	_	_
240-6	PST085	240	240	6	di	di	_	_	_	_	_	linguistic	_	none	_	_	_	_	_	_
240-7	PST085	240	240	7	quei	quei	_	_	_	_	_	linguistic	_	none	_	_	_	_	_	_
240-8	PST085	240	240	8	libri	libri	_	_	_	_	_	linguistic	_	none	_	_	_	_	_	_
240-9	PST085	240	240	9	un	un	_	_	_	_	_	linguistic	_	none	_	_	_	_	_	_
240-10	PST085	240	240	10	gruppo	gruppo	_	_	_	_	_	linguistic	_	none	_	_	_	_	_	_
240-11	PST085	240	240	11	di	di	_	_	_	_	_	linguistic	_	none	_	_	_	_	_	_
240-12	PST085	240	240	12	adolescenti	adolescenti	_	_	_	_	_	linguistic	_	none	_	End=581.4	_	_	_	_
241-0	PST083	241	241	0	((ride))	((ride))	_	_	_	_	_	nonverbalbehavior	_	none	_	Begin=580.321|End=582.189	_	_	_	_
242-0	PST093	242	242	0	((ride))	((ride))	_	_	_	_	_	nonverbalbehavior	_	none	_	Begin=580.321|End=582.2	_	_	_	_
243-0	PST083	243	243	0	e:h	eh	_	_	_	_	_	linguistic	_	none	_	Begin=582.277	0x1	_	_	_
243-1	PST083	243	243	1	quindi	quindi	_	_	_	_	_	linguistic	_	none	_	End=583.088	_	_	_	_
244-0	PST083	244	244	0	e:::::hm	ehm	_	_	_	_	_	linguistic	_	none	_	Begin=583.888|End=585.133	0x5	_	_	_
245-0	PST085	245	245	0	alcuni	alcuni	_	_	_	_	_	linguistic	_	some	_	Begin=585.889	_	_	_	_
245-1	PST085	245	245	1	ragazzi	ragazzi	_	_	_	_	_	linguistic	_	some	_	_	_	_	_	_
245-2	PST085	245	245	2	dell'	dell'	_	_	_	_	_	linguistic	_	some	SpaceAfter=No	_	_	_	_	_
245-3	PST085	245	245	3	#ansamblu	ansamblu	_	_	_	_	_	linguistic	_	some	Language=NO_ISO_CODE|Variation=Token	_	_	_	_	_
245-4	PST085	245	245	4	che	che	_	_	_	_	_	linguistic	_	some	_	_	_	_	_	_
245-5	PST085	245	245	5	ballano	ballano	_	_	_	_	_	linguistic	_	some	_	_	_	_	_	_
245-6	PST085	245	245	6	tipo.	tipo	_	_	_	_	_	linguistic	_	some	Intonation=Falling	End=589.0	_	_	_	_
247-0	PST085	247	247	0	molto	molto	_	_	_	_	_	linguistic	_	some	_	Begin=589.238	_	_	_	_
247-1	PST085	247	247	1	#easy	easy	_	_	_	_	_	linguistic	_	some	Language=NO_ISO_CODE|Variation=Token	_	_	_	_	_
247-2	PST085	247	247	2	e	e	_	_	_	_	_	linguistic	_	some	_	_	_	_	_	_
247-3	PST085	247	247	3	poi	poi	_	_	_	_	_	linguistic	_	some	_	_	_	_	_	_
247-4	PST085	247	247	4	mh	mh	_	_	_	_	_	linguistic	_	some	_	_	_	_	_	_
247-5	PST085	247	247	5	lo	lo	_	_	_	_	_	linguistic	_	some	_	_	_	_	_	_
247-6	PST085	247	247	6	sviluppiamo	sviluppiamo	_	_	_	_	_	linguistic	_	some	_	_	_	_	_	_
247-7	PST085	247	247	7	a	a	_	_	_	_	_	linguistic	_	some	_	_	_	_	_	_
247-8	PST085	247	247	8	parole	parole	_	_	_	_	_	linguistic	_	some	_	End=591.838	_	_	_	_
249-0	PST085	249	249	0	perché	perché	_	_	_	_	_	linguistic	_	none	_	Begin=592.143	_	_	_	_
249-1	PST085	249	249	1	qua	qua	_	_	_	_	_	linguistic	_	none	_	_	_	_	_	_
249-2	PST085	249	249	2	dobbiamo	dobbiamo	_	_	_	_	_	linguistic	_	none	_	_	_	_	_	_
249-3	PST085	249	249	3	buttare	buttare	_	_	_	_	_	linguistic	_	none	_	_	_	_	_	_
249-4	PST085	249	249	4	solamente	solamente	_	_	_	_	_	linguistic	_	none	_	_	_	_	_	_
249-5	PST085	249	249	5	un'	un'	_	_	_	_	_	linguistic	_	none	SpaceAfter=No	_	_	_	_	_
249-6	PST085	249	249	6	idea,	idea	_	_	_	_	_	linguistic	_	none	Intonation=WeaklyRising	End=594.132	_	_	_	_
250-0	PST085	250	250	0	e	e	_	_	_	_	_	linguistic	_	none	_	Begin=594.589	_	_	_	_
250-1	PST085	250	250	1	poi	poi	_	_	_	_	_	linguistic	_	none	_	_	_	_	_	_
250-2	PST085	250	250	2	sviluppiamo	sviluppiamo	_	_	_	_	_	linguistic	_	none	_	_	_	_	_	_
250-3	PST085	250	250	3	a	a	_	_	_	_	_	linguistic	_	none	_	_	_	_	_	_
250-4	PST085	250	250	4	parole	parole	_	_	_	_	_	linguistic	_	none	PauseAfter=Yes	_	_	_	_	_
250-5	PST085	250	250	5	(.)	(.)	_	_	_	_	_	shortpause	_	none	_	_	_	_	_	_
250-6	PST085	250	250	6	secondo	secondo	_	_	_	_	_	linguistic	_	none	_	_	_	_	_	_
250-7	PST085	250	250	7	[me]	me	_	_	_	_	_	linguistic	_	none	_	End=596.622	_	_	_	0-2(37)
251-0	PST093	251	251	0	[però]	però	_	_	_	_	_	linguistic	_	none	_	Begin=596.144	_	_	_	0-4(37)
251-1	PST093	251	251	1	non	non	_	_	_	_	_	linguistic	_	none	_	_	_	_	_	_
251-2	PST093	251	251	2	dire	dire	_	_	_	_	_	linguistic	_	none	_	_	_	_	_	_
251-3	PST093	251	251	3	alcuni	alcuni	_	_	_	_	_	linguistic	_	none	_	_	_	_	_	_
251-4	PST093	251	251	4	di'	di'	_	_	_	_	_	linguistic	_	none	Truncated=Yes	_	_	_	_	_
251-5	PST093	251	251	5	solamente:	solamente	_	_	_	_	_	linguistic	_	none	_	_	8x1	_	_	_
251-6	PST093	251	251	6	ragazzi	ragazzi	_	_	_	_	_	linguistic	_	none	_	End=598.856	_	_	_	_
252-0	PST083	252	252	0	l'	l'	_	_	_	_	_	linguistic	_	some	SpaceAfter=No	Begin=598.878	_	_	_	_
252-1	PST083	252	252	1	#ansamblu	ansamblu	_	_	_	_	_	linguistic	_	some	Language=NO_ISO_CODE|Variation=Token	_	_	_	_	_
252-2	PST083	252	252	2	e	e	_	_	_	_	_	linguistic	_	some	_	_	_	_	_	_
252-3	PST083	252	252	3	basta	basta	_	_	_	_	_	linguistic	_	some	_	End=600.022	_	_	_	_
254-0	PST085	254	254	0	((ride))	((ride))	_	_	_	_	_	nonverbalbehavior	_	none	_	Begin=600.189|End=600.666	_	_	_	_
255-0	PST083	255	255	0	e::h	eh	_	_	_	_	_	linguistic	_	none	_	Begin=601.178|End=602.022	0x2	_	_	_
256-0	PST093	256	256	0	°a:h	ah	_	_	_	_	_	linguistic	_	none	Volume=low	Begin=605.1	0x1	_	_	_
256-1	PST093	256	256	1	ma	ma	_	_	_	_	_	linguistic	_	none	Volume=low	_	_	_	_	_
256-2	PST093	256	256	2	registra°	registra	_	_	_	_	_	linguistic	_	none	Volume=low	End=606.522	_	_	_	_
257-0	PST085	257	257	0	[mh	mh	_	_	_	_	_	linguistic	_	none	ProsodicLink=Yes	Begin=606.877	_	_	_	0-2(38)
257-1	PST085	257	257	1	mh]	mh	_	_	_	_	_	linguistic	_	none	_	End=607.855	_	_	_	0-2(38)
258-0	PST083	258	258	0	[sì]	sì	_	_	_	_	_	linguistic	_	none	_	Begin=606.967|End=607.722	_	_	_	0-2(38)
259-0	PST085	259	259	0	mi	mi	_	_	_	_	_	linguistic	_	none	_	Begin=609.322	_	_	_	_
259-1	PST085	259	259	1	sento~	sento~	_	_	_	_	_	linguistic	_	none	Interrupted=Yes	_	_	_	_	_
259-2	PST085	259	259	2	mi	mi	_	_	_	_	_	linguistic	_	none	_	_	_	_	_	_
259-3	PST085	259	259	3	è	è	_	_	_	_	_	linguistic	_	none	_	_	_	_	_	_
259-4	PST085	259	259	4	entrata	entrata	_	_	_	_	_	linguistic	_	none	_	_	_	_	_	_
259-5	PST085	259	259	5	una	una	_	_	_	_	_	linguistic	_	none	_	_	_	_	_	_
259-6	PST085	259	259	6	cosa	cosa	_	_	_	_	_	linguistic	_	none	_	_	_	_	_	_
259-7	PST085	259	259	7	stratosferica	stratosferica	_	_	_	_	_	linguistic	_	none	_	_	_	_	_	_
259-8	PST085	259	259	8	nell'	nell'	_	_	_	_	_	linguistic	_	none	SpaceAfter=No	_	_	_	_	_
259-9	PST085	259	259	9	occhio	occhio	_	_	_	_	_	linguistic	_	none	_	End=612.545	_	_	_	_
260-0	PST083	260	260	0	((ride))	((ride))	_	_	_	_	_	nonverbalbehavior	_	none	_	Begin=613.066|End=614.244	_	_	_	_
261-0	PST083	261	261	0	((legge))	((legge))	_	_	_	_	_	nonverbalbehavior	_	some	_	Begin=631.744	_	_	_	_
261-1	PST083	261	261	1	°i	i	_	_	_	_	_	linguistic	_	some	Volume=low	_	_	_	_	_
261-2	PST083	261	261	2	gruppi	gruppi	_	_	_	_	_	linguistic	_	some	PauseAfter=Yes|Volume=low	_	_	_	_	_
261-3	PST083	261	261	3	(.)	(.)	_	_	_	_	_	shortpause	_	some	_	_	_	_	_	_
261-4	PST083	261	261	4	di	di	_	_	_	_	_	linguistic	_	some	Volume=low	_	_	_	_	_
261-5	PST083	261	261	5	ragazzi	ragazzi	_	_	_	_	_	linguistic	_	some	Volume=low	_	_	_	_	_
261-6	PST083	261	261	6	dell'	dell'	_	_	_	_	_	linguistic	_	some	SpaceAfter=No|Volume=low	_	_	_	_	_
261-7	PST083	261	261	7	#ansamblu	ansamblu	_	_	_	_	_	linguistic	_	some	Language=NO_ISO_CODE|Volume=low|Variation=Token	_	_	_	_	_
261-8	PST083	261	261	8	@nomegruppo,°	@nomegruppo	_	_	_	_	_	anonymized	_	some	Intonation=WeaklyRising|Volume=low	End=634.57	_	_	_	_
263-0	PST083	263	263	0	e:::::h	eh	_	_	_	_	_	linguistic	_	none	_	Begin=637.222|End=638.555	0x5	_	_	_
264-0	PST083	264	264	0	ballano.	ballano	_	_	_	_	_	linguistic	_	none	Intonation=Falling	Begin=640.033|End=640.81	_	_	_	_
265-0	PST085	265	265	0	i	i	_	_	_	_	_	linguistic	_	none	_	Begin=641.067	_	_	_	_
265-1	PST085	265	265	1	ragazz[i]	ragazzi	_	_	_	_	_	linguistic	_	none	_	End=641.856	_	_	_	6-7(39)
266-0	PST093	266	266	0	[c]he	che	_	_	_	_	_	linguistic	_	none	_	Begin=641.577	_	_	_	0-1(39)
266-1	PST093	266	266	1	ballano	ballano	_	_	_	_	_	linguistic	_	none	_	End=642.822	_	_	_	_
267-0	PST085	267	267	0	sì	sì	_	_	_	_	_	linguistic	_	none	_	Begin=642.878|End=643.611	_	_	_	_
268-0	PST083	268	268	0	ballano	ballano	_	_	_	_	_	linguistic	_	none	_	Begin=644.377|End=645.677	_	_	_	_
269-0	PST083	269	269	0	eh	eh	_	_	_	_	_	linguistic	_	none	_	Begin=645.922	_	_	_	_
269-1	PST083	269	269	1	dipende	dipende	_	_	_	_	_	linguistic	_	none	_	_	_	_	_	_
269-2	PST083	269	269	2	c(io)è	cioè	_	_	_	_	_	linguistic	_	none	Reduced=Yes	_	_	_	_	_
269-3	PST083	269	269	3	questo	questo	_	_	_	_	_	linguistic	_	none	_	_	_	_	_	_
269-4	PST083	269	269	4	non	non	_	_	_	_	_	linguistic	_	none	_	_	_	_	_	_
269-5	PST083	269	269	5	so	so	_	_	_	_	_	linguistic	_	none	_	End=648.644	_	_	_	_
270-0	PST083	270	270	0	m:::h	mh	_	_	_	_	_	linguistic	_	none	_	Begin=648.722|End=649.38	0x3	_	_	_
271-0	PST083	271	271	0	scegliamo	scegliamo	_	_	_	_	_	linguistic	_	none	_	Begin=650.088	_	_	_	_
271-1	PST083	271	271	1	un	un	_	_	_	_	_	linguistic	_	none	_	_	_	_	_	_
271-2	PST083	271	271	2	ballo	ballo	_	_	_	_	_	linguistic	_	none	_	_	_	_	_	_
271-3	PST083	271	271	3	a	a	_	_	_	_	_	linguistic	_	none	_	_	_	_	_	_
271-4	PST083	271	271	4	caso?	caso	_	_	_	_	_	linguistic	_	none	Intonation=Rising	End=651.599	_	_	_	_
272-0	PST083	272	272	0	che	che	_	_	_	_	_	linguistic	_	some	_	Begin=652.655	_	_	_	_
272-1	PST083	272	272	1	ne	ne	_	_	_	_	_	linguistic	_	some	_	_	_	_	_	_
272-2	PST083	272	272	2	so	so	_	_	_	_	_	linguistic	_	some	_	_	_	_	_	_
272-3	PST083	272	272	3	#xxxx	xxxx	_	_	_	_	_	linguistic	_	some	Language=NO_ISO_CODE|Variation=Token	_	_	_	_	_
272-4	PST083	272	272	4	#xxx	xxx	_	_	_	_	_	linguistic	_	some	Language=NO_ISO_CODE|Variation=Token	End=655.289	_	_	_	_
273-0	PST083	273	273	0	non	non	_	_	_	_	_	linguistic	_	none	_	Begin=655.811	_	_	_	_
273-1	PST083	273	273	1	penso	penso	_	_	_	_	_	linguistic	_	none	_	_	_	_	_	_
273-2	PST083	273	273	2	sia	sia	_	_	_	_	_	linguistic	_	none	_	_	_	_	_	_
273-3	PST083	273	273	3	in	in	_	_	_	_	_	linguistic	_	none	_	_	_	_	_	_
273-4	PST083	273	273	4	realtà	realtà	_	_	_	_	_	linguistic	_	none	_	_	_	_	_	_
273-5	PST083	273	273	5	cosi	cosi	_	_	_	_	_	linguistic	_	none	_	_	_	_	_	_
273-6	PST083	273	273	6	rilevant[e]	rilevante	_	_	_	_	_	linguistic	_	none	_	End=658.145	_	_	_	8-9(40)
274-0	PST085	274	274	0	[ma]	ma	_	_	_	_	_	linguistic	_	none	_	Begin=657.739	_	_	_	0-2(40)
274-1	PST085	274	274	1	che	che	_	_	_	_	_	linguistic	_	none	_	_	_	_	_	_
274-2	PST085	274	274	2	delicatezza	delicatezza	_	_	_	_	_	linguistic	_	none	_	_	_	_	_	_
274-3	PST085	274	274	3	c'	c'	_	_	_	_	_	linguistic	_	none	SpaceAfter=No	_	_	_	_	_
274-4	PST085	274	274	4	avete	avete	_	_	_	_	_	linguistic	_	none	_	End=659.51	_	_	_	_
275-0	PST093	275	275	0	((ride))	((ride))	_	_	_	_	_	nonverbalbehavior	_	none	_	Begin=659.308|End=660.011	_	_	_	_
276-0	PST083	276	276	0	iubirea	iubirea	_	_	_	_	_	linguistic	_	all	Language=NO_ISO_CODE	Begin=661.719	_	_	_	_
276-1	PST083	276	276	1	mea,	mea	_	_	_	_	_	linguistic	_	all	Intonation=WeaklyRising|Language=NO_ISO_CODE	_	_	_	_	_
276-2	PST083	276	276	2	dra[gostea	dragostea	_	_	_	_	_	linguistic	_	all	Language=NO_ISO_CODE	_	_	_	_	_
276-3	PST083	276	276	3	mea],	mea	_	_	_	_	_	linguistic	_	all	Intonation=WeaklyRising|Language=NO_ISO_CODE	_	_	_	_	_
276-4	PST083	276	276	4	sângele	sângele	_	_	_	_	_	linguistic	_	all	Language=NO_ISO_CODE	_	_	_	_	_
276-5	PST083	276	276	5	meu	meu	_	_	_	_	_	linguistic	_	all	Language=NO_ISO_CODE	End=665.23	_	_	_	_
278-0	PST093	278	278	0	(xxx)	xxx	_	_	_	_	_	unknown	_	none	Syllables=3	Begin=666.133|End=670.011	_	_	0-3(0)	_
279-0	PST083	279	279	0	ballano	ballano	_	_	_	_	_	linguistic	_	none	_	Begin=684.966	_	_	_	_
279-1	PST083	279	279	1	in	in	_	_	_	_	_	linguistic	_	none	_	_	_	_	_	_
279-2	PST083	279	279	2	un	un	_	_	_	_	_	linguistic	_	none	_	_	_	_	_	_
279-3	PST083	279	279	3	spett~	spett~	_	_	_	_	_	linguistic	_	none	Interrupted=Yes|PauseAfter=Yes	_	_	_	_	_
279-4	PST083	279	279	4	(.)	(.)	_	_	_	_	_	shortpause	_	none	_	_	_	_	_	_
279-5	PST083	279	279	5	ad	ad	_	_	_	_	_	linguistic	_	none	_	_	_	_	_	_
279-6	PST083	279	279	6	un	un	_	_	_	_	_	linguistic	_	none	PauseAfter=Yes	_	_	_	_	_
279-7	PST083	279	279	7	(.)	(.)	_	_	_	_	_	shortpause	_	none	_	_	_	_	_	_
279-8	PST083	279	279	8	spettacolo	spettacolo	_	_	_	_	_	linguistic	_	none	_	_	_	_	_	_
279-9	PST083	279	279	9	o	o	_	_	_	_	_	linguistic	_	none	PauseAfter=Yes	_	_	_	_	_
279-10	PST083	279	279	10	(.)	(.)	_	_	_	_	_	shortpause	_	none	_	_	_	_	_	_
279-11	PST083	279	279	11	in	in	_	_	_	_	_	linguistic	_	none	_	_	_	_	_	_
279-12	PST083	279	279	12	uno	uno	_	_	_	_	_	linguistic	_	none	_	_	_	_	_	_
279-13	PST083	279	279	13	spettacolo	spettacolo	_	_	_	_	_	linguistic	_	none	_	End=689.478	_	_	_	_
280-0	PST093	280	280	0	ad	ad	_	_	_	_	_	linguistic	_	none	_	Begin=689.467	_	_	_	_
280-1	PST093	280	280	1	un	un	_	_	_	_	_	linguistic	_	none	_	_	_	_	_	_
280-2	PST093	280	280	2	s~	s~	_	_	_	_	_	linguistic	_	none	Interrupted=Yes	_	_	_	_	_
280-3	PST093	280	280	3	in	in	_	_	_	_	_	linguistic	_	none	_	_	_	_	_	_
280-4	PST093	280	280	4	un	un	_	_	_	_	_	linguistic	_	none	_	_	_	_	_	_
280-5	PST093	280	280	5	spe~	spe~	_	_	_	_	_	linguistic	_	none	Interrupted=Yes	_	_	_	_	_
280-6	PST093	280	280	6	ad	ad	_	_	_	_	_	linguistic	_	none	_	_	_	_	_	_
280-7	PST093	280	280	7	un	un	_	_	_	_	_	linguistic	_	none	_	_	_	_	_	_
280-8	PST093	280	280	8	spetta[colo]	spettacolo	_	_	_	_	_	linguistic	_	none	_	End=692.1	_	_	_	6-10(42)
281-0	PST083	281	281	0	[ad	ad	_	_	_	_	_	linguistic	_	none	_	Begin=691.9	_	_	_	0-2(42)
281-1	PST083	281	281	1	un]	un	_	_	_	_	_	linguistic	_	none	_	_	_	_	_	0-2(42)
281-2	PST083	281	281	2	spettacolo	spettacolo	_	_	_	_	_	linguistic	_	none	_	_	_	_	_	_
281-3	PST083	281	281	3	sì	sì	_	_	_	_	_	linguistic	_	none	_	End=693.49	_	_	_	_
282-0	PST083	282	282	0	persone	persone	_	_	_	_	_	linguistic	_	none	_	Begin=706.1	_	_	_	_
282-1	PST083	282	282	1	che~	che~	_	_	_	_	_	linguistic	_	none	Interrupted=Yes|PauseAfter=Yes	_	_	_	_	_
282-2	PST083	282	282	2	(.)	(.)	_	_	_	_	_	shortpause	_	none	_	_	_	_	_	_
282-3	PST083	282	282	3	no	no	_	_	_	_	_	linguistic	_	none	_	_	_	_	_	_
282-4	PST083	282	282	4	((legge))	((legge))	_	_	_	_	_	nonverbalbehavior	_	none	_	_	_	_	_	_
282-5	PST083	282	282	5	°chi	chi	_	_	_	_	_	linguistic	_	none	Volume=low	_	_	_	_	_
282-6	PST083	282	282	6	è	è	_	_	_	_	_	linguistic	_	none	Volume=low	_	_	_	_	_
282-7	PST083	282	282	7	coinvolto	coinvolto	_	_	_	_	_	linguistic	_	none	Volume=low	_	_	_	_	_
282-8	PST083	282	282	8	in	in	_	_	_	_	_	linguistic	_	none	Volume=low	_	_	_	_	_
282-9	PST083	282	282	9	queste	queste	_	_	_	_	_	linguistic	_	none	Volume=low	_	_	_	_	_
282-10	PST083	282	282	10	attività°	attività	_	_	_	_	_	linguistic	_	none	Volume=low	_	_	_	_	_
282-11	PST083	282	282	11	[i	i	_	_	_	_	_	linguistic	_	none	_	_	_	_	_	0-1(43)
282-12	PST083	282	282	12	ragazzi	ragazzi	_	_	_	_	_	linguistic	_	none	_	_	_	_	_	0-7(43)
282-13	PST083	282	282	13	del]	del	_	_	_	_	_	linguistic	_	none	_	End=710.633	_	_	_	0-3(43)
283-0	PST085	283	283	0	[persone]	persone	_	_	_	_	_	linguistic	_	none	_	Begin=709.088	_	_	_	0-7(43)
283-1	PST085	283	283	1	persone	persone	_	_	_	_	_	linguistic	_	none	_	_	_	_	_	_
283-2	PST085	283	283	2	di	di	_	_	_	_	_	linguistic	_	none	_	_	_	_	_	_
283-3	PST085	283	283	3	@nomeassociazione	@nomeassociazione	_	_	_	_	_	anonymized	_	none	_	End=712.788	_	_	_	_
284-0	PST083	284	284	0	((ride))	((ride))	_	_	_	_	_	nonverbalbehavior	_	none	_	Begin=713.3|End=715.066	_	_	_	_
285-0	PST085	285	285	0	c'	c'	_	_	_	_	_	linguistic	_	none	SpaceAfter=No	Begin=715.133	_	_	_	_
285-1	PST085	285	285	1	è	è	_	_	_	_	_	linguistic	_	none	_	_	_	_	_	_
285-2	PST085	285	285	2	scritto	scritto	_	_	_	_	_	linguistic	_	none	_	_	_	_	_	_
285-3	PST085	285	285	3	qua	qua	_	_	_	_	_	linguistic	_	none	_	End=715.967	_	_	_	_
286-0	PST083	286	286	0	sì	sì	_	_	_	_	_	linguistic	_	none	ProsodicLink=Yes	Begin=715.989	_	_	_	_
286-1	PST083	286	286	1	sì	sì	_	_	_	_	_	linguistic	_	none	_	End=716.522	_	_	_	_
287-0	PST083	287	287	0	po::::i	poi	_	_	_	_	_	linguistic	_	none	_	Begin=734.077	1x4	_	_	_
287-1	PST083	287	287	1	e	e	_	_	_	_	_	linguistic	_	none	_	_	_	_	_	_
287-2	PST083	287	287	2	ba~	ba~	_	_	_	_	_	linguistic	_	none	Interrupted=Yes	_	_	_	_	_
287-3	PST083	287	287	3	e	e	_	_	_	_	_	linguistic	_	none	_	_	_	_	_	_
287-4	PST083	287	287	4	poi	poi	_	_	_	_	_	linguistic	_	none	_	_	_	_	_	_
287-5	PST083	287	287	5	vabbè	vabbè	_	_	_	_	_	linguistic	_	none	_	_	_	_	_	_
287-6	PST083	287	287	6	magari:::	magari	_	_	_	_	_	linguistic	_	none	_	End=737.677	5x3	_	_	_
288-0	PST083	288	288	0	no	no	_	_	_	_	_	linguistic	_	none	_	Begin=738.744	_	_	_	_
288-1	PST083	288	288	1	magari	magari	_	_	_	_	_	linguistic	_	none	_	_	_	_	_	_
288-2	PST083	288	288	2	niente	niente	_	_	_	_	_	linguistic	_	none	_	End=740.811	_	_	_	_
289-0	PST083	289	289	0	la	la	_	_	_	_	_	linguistic	_	none	_	Begin=740.833	_	_	_	_
289-1	PST083	289	289	1	location	location	_	_	_	_	_	linguistic	_	none	_	_	_	_	_	_
289-2	PST083	289	289	2	eh	eh	_	_	_	_	_	linguistic	_	none	_	_	_	_	_	_
289-3	PST083	289	289	3	dipende	dipende	_	_	_	_	_	linguistic	_	none	_	End=742.466	_	_	_	_
290-0	PST083	290	290	0	perché	perché	_	_	_	_	_	linguistic	_	none	_	Begin=742.755	_	_	_	_
290-1	PST083	290	290	1	alla	alla	_	_	_	_	_	linguistic	_	none	_	_	_	_	_	_
290-2	PST083	290	290	2	fine	fine	_	_	_	_	_	linguistic	_	none	_	_	_	_	_	_
290-3	PST083	290	290	3	non	non	_	_	_	_	_	linguistic	_	none	_	_	_	_	_	_
290-4	PST083	290	290	4	è	è	_	_	_	_	_	linguistic	_	none	_	_	_	_	_	_
290-5	PST083	290	290	5	che	che	_	_	_	_	_	linguistic	_	none	_	_	_	_	_	_
290-6	PST083	290	290	6	io	io	_	_	_	_	_	linguistic	_	none	_	_	_	_	_	_
290-7	PST083	290	290	7	posso	posso	_	_	_	_	_	linguistic	_	none	_	_	_	_	_	_
290-8	PST083	290	290	8	prevedere	prevedere	_	_	_	_	_	linguistic	_	none	_	_	_	_	_	_
290-9	PST083	290	290	9	gli	gli	_	_	_	_	_	linguistic	_	none	_	_	_	_	_	_
290-10	PST083	290	290	10	spettacoli	spettacoli	_	_	_	_	_	linguistic	_	none	_	_	_	_	_	_
290-11	PST083	290	290	11	che	che	_	_	_	_	_	linguistic	_	none	_	_	_	_	_	_
290-12	PST083	290	290	12	ci	ci	_	_	_	_	_	linguistic	_	none	_	_	_	_	_	_
290-13	PST083	290	290	13	sono	sono	_	_	_	_	_	linguistic	_	none	_	_	_	_	_	_
290-14	PST083	290	290	14	scusate	scusate	_	_	_	_	_	linguistic	_	none	_	End=746.1505	_	_	_	_
291-0	PST093	291	291	0	vabbè	vabbè	_	_	_	_	_	linguistic	_	none	_	Begin=746.1505	_	_	_	_
291-1	PST093	291	291	1	spettacolo	spettacolo	_	_	_	_	_	linguistic	_	none	_	End=747.478	_	_	_	_
292-0	PST083	292	292	0	la	la	_	_	_	_	_	linguistic	_	none	_	Begin=748.578	_	_	_	_
292-1	PST083	292	292	1	location	location	_	_	_	_	_	linguistic	_	none	_	_	_	_	_	_
292-2	PST083	292	292	2	è	è	_	_	_	_	_	linguistic	_	none	_	_	_	_	_	_
292-3	PST083	292	292	3	do[ve	dove	_	_	_	_	_	linguistic	_	none	_	_	_	_	_	2-4(111)
292-4	PST083	292	292	4	si	si	_	_	_	_	_	linguistic	_	none	_	_	_	_	_	0-2(111)
292-5	PST083	292	292	5	farà	farà	_	_	_	_	_	linguistic	_	none	_	_	_	_	_	0-4(111)
292-6	PST083	292	292	6	lo	lo	_	_	_	_	_	linguistic	_	none	_	_	_	_	_	0-2(111)
292-7	PST083	292	292	7	spettacolo]	spettacolo	_	_	_	_	_	linguistic	_	none	_	_	_	_	_	0-10(111)
292-8	PST083	292	292	8	((ride))	((ride))	_	_	_	_	_	nonverbalbehavior	_	none	_	End=751.067	_	_	_	_
293-0	PST085	293	293	0	[eh	eh	_	_	_	_	_	linguistic	_	none	_	Begin=749.256	_	_	_	0-2(111)
293-1	PST085	293	293	1	ci	ci	_	_	_	_	_	linguistic	_	none	_	_	_	_	_	0-2(111)
293-2	PST085	293	293	2	serv~)	serv~	_	_	_	_	_	linguistic	_	none	Interrupted=Yes|PauseAfter=Yes	_	_	_	_	0-5(111)
293-3	PST085	293	293	3	(.)	(.)	_	_	_	_	_	shortpause	_	none	_	_	_	_	_	_
293-4	PST085	293	293	4	e	e	_	_	_	_	_	linguistic	_	none	_	_	_	_	_	0-1(111)
293-5	PST085	293	293	5	infatti]	infatti	_	_	_	_	_	linguistic	_	none	_	End=750.811	_	_	_	0-7(111)
294-0	PST093	294	294	0	[eh	eh	_	_	_	_	_	linguistic	_	none	_	Begin=750.267	_	_	_	0-2(111)
294-1	PST093	294	294	1	vabbè]	vabbè	_	_	_	_	_	linguistic	_	none	_	_	_	_	_	0-5(111)
294-2	PST093	294	294	2	è	è	_	_	_	_	_	linguistic	_	none	_	_	_	_	_	_
294-3	PST093	294	294	3	lo	lo	_	_	_	_	_	linguistic	_	none	_	_	_	_	_	_
294-4	PST093	294	294	4	spettacolo	spettacolo	_	_	_	_	_	linguistic	_	none	_	End=752.278	_	_	_	_
295-0	PST083	295	295	0	vabbè	vabbè	_	_	_	_	_	linguistic	_	none	_	Begin=752.966	_	_	_	_
295-1	PST083	295	295	1	lasciamo	lasciamo	_	_	_	_	_	linguistic	_	none	_	_	_	_	_	_
295-2	PST083	295	295	2	vuoto	vuoto	_	_	_	_	_	linguistic	_	none	_	End=753.955	_	_	_	_
296-0	PST085	296	296	0	[ne	ne	_	_	_	_	_	linguistic	_	none	_	Begin=754.476	_	_	_	0-2(44)
296-1	PST085	296	296	1	fanno	fanno	_	_	_	_	_	linguistic	_	none	_	_	_	_	_	0-5(44)
296-2	PST085	296	296	2	uno]	uno	_	_	_	_	_	linguistic	_	none	_	_	_	_	_	0-3(44)
296-3	PST085	296	296	3	il	il	_	_	_	_	_	linguistic	_	none	_	_	_	_	_	_
296-4	PST085	296	296	4	ventidue	ventidue	_	_	_	_	_	linguistic	_	none	_	_	_	_	_	_
296-5	PST085	296	296	5	ventidue	ventidue	_	_	_	_	_	linguistic	_	none	_	End=756.421	_	_	_	_
297-0	PST083	297	297	0	[e::h]	eh	_	_	_	_	_	linguistic	_	none	_	Begin=754.489|End=755.3	0x2	_	_	0-2(44)
298-0	PST083	298	298	0	cosa	cosa	_	_	_	_	_	linguistic	_	none	_	Begin=756.588	_	_	_	_
298-1	PST083	298	298	1	c'	c'	_	_	_	_	_	linguistic	_	none	SpaceAfter=No	_	_	_	_	_
298-2	PST083	298	298	2	è	è	_	_	_	_	_	linguistic	_	none	_	_	_	_	_	_
298-3	PST083	298	298	3	il	il	_	_	_	_	_	linguistic	_	none	_	_	_	_	_	_
298-4	PST083	298	298	4	ventidue	ventidue	_	_	_	_	_	linguistic	_	none	_	End=757.599	_	_	_	_
299-0	PST085	299	299	0	lo	lo	_	_	_	_	_	linguistic	_	none	_	Begin=757.645	_	_	_	_
299-1	PST085	299	299	1	spettacolo	spettacolo	_	_	_	_	_	linguistic	_	none	_	End=758.433	_	_	_	_
300-0	PST083	300	300	0	[che	che	_	_	_	_	_	linguistic	_	none	_	Begin=758.367	_	_	_	0-3(112)
300-1	PST083	300	300	1	spettacolo	spettacolo	_	_	_	_	_	linguistic	_	none	_	_	_	_	_	0-10(112)
300-2	PST083	300	300	2	c'	c'	_	_	_	_	_	linguistic	_	none	SpaceAfter=No	_	_	_	_	0-2(112)
300-3	PST083	300	300	3	è]	è	_	_	_	_	_	linguistic	_	none	_	_	_	_	_	0-1(112)
300-4	PST083	300	300	4	il	il	_	_	_	_	_	linguistic	_	none	_	_	_	_	_	_
300-5	PST083	300	300	5	ventidue,	ventidue	_	_	_	_	_	linguistic	_	none	Intonation=WeaklyRising	End=759.8	_	_	_	_
301-0	PST093	301	301	0	[xxx],	xxx	_	_	_	_	_	linguistic	_	none	Intonation=WeaklyRising	Begin=758.367|End=759.8	_	_	_	0-3(112)
302-0	PST085	302	302	0	°xx	xx	_	_	_	_	_	unknown	_	some	Volume=low|Syllables=2	Begin=759.849	_	_	_	_
302-1	PST085	302	302	1	#doamna	doamna	_	_	_	_	_	linguistic	_	some	Language=NO_ISO_CODE|Volume=low|Variation=Token	_	_	_	_	_
302-2	PST085	302	302	2	@ecaterina°	@ecaterina	_	_	_	_	_	anonymized	_	some	Volume=low	End=761.0609999999999	_	_	_	_
304-0	PST083	304	304	0	ma	ma	_	_	_	_	_	linguistic	_	none	_	Begin=761.0609999999999	_	_	_	_
304-1	PST083	304	304	1	quando	quando	_	_	_	_	_	linguistic	_	none	_	End=762.133	_	_	_	_
305-0	PST083	305	305	0	[adesso]?	adesso	_	_	_	_	_	linguistic	_	none	Intonation=Rising	Begin=763.033|End=763.6	_	_	_	0-6(45)
306-0	PST085	306	306	0	[c'	c'	_	_	_	_	_	linguistic	_	none	SpaceAfter=No	Begin=763.156	_	_	_	0-2(45)
306-1	PST085	306	306	1	è]	è	_	_	_	_	_	linguistic	_	none	_	_	_	_	_	0-1(45)
306-2	PST085	306	306	2	sul	sul	_	_	_	_	_	linguistic	_	none	_	_	_	_	_	_
306-3	PST085	306	306	3	gruppo	gruppo	_	_	_	_	_	linguistic	_	none	_	_	_	_	_	_
306-4	PST085	306	306	4	°no	no	_	_	_	_	_	linguistic	_	none	Volume=low	_	_	_	_	_
306-5	PST085	306	306	5	sul	sul	_	_	_	_	_	linguistic	_	none	Volume=low	_	_	_	_	_
306-6	PST085	306	306	6	gruppo°	gruppo	_	_	_	_	_	linguistic	_	none	Volume=low	End=765.1	_	_	_	_
307-0	PST093	307	307	0	sul	sul	_	_	_	_	_	linguistic	_	none	_	Begin=765.111	_	_	_	_
307-1	PST093	307	307	1	gruppo.	gruppo	_	_	_	_	_	linguistic	_	none	Intonation=Falling	End=766.1	_	_	_	_
308-0	PST085	308	308	0	la	la	_	_	_	_	_	linguistic	_	none	_	Begin=768.155	_	_	_	_
308-1	PST085	308	308	1	location	location	_	_	_	_	_	linguistic	_	none	_	_	_	_	_	_
308-2	PST085	308	308	2	non	non	_	_	_	_	_	linguistic	_	none	_	_	_	_	_	_
308-3	PST085	308	308	3	siete	siete	_	_	_	_	_	linguistic	_	none	_	_	_	_	_	_
308-4	PST085	308	308	4	già	già	_	_	_	_	_	linguistic	_	none	_	_	_	_	_	_
308-5	PST085	308	308	5	andat	andat	_	_	_	_	_	linguistic	_	none	_	_	_	_	_	_
308-6	PST085	308	308	6	andat[e]	andate	_	_	_	_	_	linguistic	_	none	_	End=770.378	_	_	_	5-6(46)
309-0	PST083	309	309	0	ma	ma	_	_	_	_	_	linguistic	_	none	_	Begin=770.078	_	_	_	_
309-1	PST083	309	309	1	dei	dei	_	_	_	_	_	linguistic	_	none	_	_	_	_	_	_
309-2	PST083	309	309	2	genitori	genitori	_	_	_	_	_	linguistic	_	none	_	_	_	_	_	_
309-3	PST083	309	309	3	o	o	_	_	_	_	_	linguistic	_	none	_	_	_	_	_	_
309-4	PST083	309	309	4	dei	dei	_	_	_	_	_	linguistic	_	none	_	_	_	_	_	_
309-5	PST083	309	309	5	nostri?	nostri	_	_	_	_	_	linguistic	_	none	Intonation=Rising	End=771.6	_	_	_	_
310-0	PST093	310	310	0	infatti	infatti	_	_	_	_	_	linguistic	_	none	_	Begin=771.61|End=772.288	_	_	_	_
311-0	PST083	311	311	0	dei	dei	_	_	_	_	_	linguistic	_	none	_	Begin=772.329	_	_	_	_
311-1	PST083	311	311	1	genitori	genitori	_	_	_	_	_	linguistic	_	none	_	End=773.349	_	_	_	_
312-0	PST083	312	312	0	perché	perché	_	_	_	_	_	linguistic	_	none	_	Begin=774.928	_	_	_	_
312-1	PST083	312	312	1	se	se	_	_	_	_	_	linguistic	_	none	_	_	_	_	_	_
312-2	PST083	312	312	2	no	no	_	_	_	_	_	linguistic	_	none	_	_	_	_	_	_
312-3	PST083	312	312	3	sul	sul	_	_	_	_	_	linguistic	_	none	_	_	_	_	_	_
312-4	PST083	312	312	4	gruppo	gruppo	_	_	_	_	_	linguistic	_	none	_	_	_	_	_	_
312-5	PST083	312	312	5	non	non	_	_	_	_	_	linguistic	_	none	_	_	_	_	_	_
312-6	PST083	312	312	6	c'	c'	_	_	_	_	_	linguistic	_	none	SpaceAfter=No	_	_	_	_	_
312-7	PST083	312	312	7	è	è	_	_	_	_	_	linguistic	_	none	_	_	_	_	_	_
312-8	PST083	312	312	8	niente	niente	_	_	_	_	_	linguistic	_	none	_	End=777.428	_	_	_	_
313-0	PST083	313	313	0	ma	ma	_	_	_	_	_	linguistic	_	none	_	Begin=778.788	_	_	_	_
313-1	PST083	313	313	1	oggi	oggi	_	_	_	_	_	linguistic	_	none	_	_	_	_	_	_
313-2	PST083	313	313	2	è	è	_	_	_	_	_	linguistic	_	none	_	_	_	_	_	_
313-3	PST083	313	313	3	il	il	_	_	_	_	_	linguistic	_	none	_	_	_	_	_	_
313-4	PST083	313	313	4	compleanno	compleanno	_	_	_	_	_	linguistic	_	none	_	_	_	_	_	_
313-5	PST083	313	313	5	di	di	_	_	_	_	_	linguistic	_	none	_	_	_	_	_	_
313-6	PST083	313	313	6	@sam?	@sam	_	_	_	_	_	anonymized	_	none	Intonation=Rising	End=780.433	_	_	_	_
314-0	PST093	314	314	0	sì	sì	_	_	_	_	_	linguistic	_	none	ProsodicLink=Yes	Begin=780.878	_	_	_	_
314-1	PST093	314	314	1	mh	mh	_	_	_	_	_	linguistic	_	none	_	_	_	_	_	_
314-2	PST093	314	314	2	non	non	_	_	_	_	_	linguistic	_	none	_	_	_	_	_	_
314-3	PST093	314	314	3	sapevo	sapevo	_	_	_	_	_	linguistic	_	none	_	_	_	_	_	_
314-4	PST093	314	314	4	[l'	l'	_	_	_	_	_	linguistic	_	none	SpaceAfter=No	_	_	_	_	0-2(47)
314-5	PST093	314	314	5	ho	ho	_	_	_	_	_	linguistic	_	none	_	_	_	_	_	0-2(47)
314-6	PST093	314	314	6	scoper]to	scoperto	_	_	_	_	_	linguistic	_	none	_	_	_	_	_	0-6(47)
314-7	PST093	314	314	7	oggi	oggi	_	_	_	_	_	linguistic	_	none	_	End=783.045	_	_	_	_
315-0	PST083	315	315	0	[ah]	ah	_	_	_	_	_	linguistic	_	none	_	Begin=781.755|End=782.022	_	_	_	0-2(47)
316-0	PST083	316	316	0	vabbè	vabbè	_	_	_	_	_	linguistic	_	none	_	Begin=783.322	_	_	_	_
316-1	PST083	316	316	1	e::h	eh	_	_	_	_	_	linguistic	_	none	_	End=784.277	0x2	_	_	_
317-0	PST085	317	317	0	°qua	qua	_	_	_	_	_	linguistic	_	none	Volume=low	Begin=785.072	_	_	_	_
317-1	PST085	317	317	1	sotto°	sotto	_	_	_	_	_	linguistic	_	none	Volume=low	End=786.105	_	_	_	_
318-0	PST083	318	318	0	((legge))	((legge))	_	_	_	_	_	nonverbalbehavior	_	none	_	Begin=786.266	_	_	_	_
318-1	PST083	318	318	1	°xx	xx	_	_	_	_	_	unknown	_	none	Volume=low|Syllables=2	_	_	_	_	_
318-2	PST083	318	318	2	xxx	xxx	_	_	_	_	_	unknown	_	none	Volume=low|Syllables=3	_	_	_	_	_
318-3	PST083	318	318	3	xx°	xx	_	_	_	_	_	unknown	_	none	Volume=low|Syllables=2	_	_	_	_	_
318-4	PST083	318	318	4	e::::h,	eh	_	_	_	_	_	linguistic	_	none	Intonation=WeaklyRising	End=788.877	0x4	_	_	_
319-0	PST083	319	319	0	#(suntem	suntem	_	_	_	_	_	linguistic	_	some	Language=NO_ISO_CODE|Variation=Token	Begin=789.155	_	_	1-7(0)	_
319-1	PST083	319	319	1	#invitați	invitați	_	_	_	_	_	linguistic	_	some	Language=NO_ISO_CODE|Variation=Token	_	_	_	0-9(0)	_
319-2	PST083	319	319	2	#la)	la	_	_	_	_	_	linguistic	_	some	Language=NO_ISO_CODE|Variation=Token	_	_	_	0-3(0)	_
319-3	PST083	319	319	3	#flacara	flacara	_	_	_	_	_	linguistic	_	some	PauseAfter=Yes|Language=NO_ISO_CODE|Variation=Token	_	_	_	_	_
319-4	PST083	319	319	4	(.)	(.)	_	_	_	_	_	shortpause	_	some	_	_	_	_	_	_
319-5	PST083	319	319	5	o:h	oh	_	_	_	_	_	linguistic	_	some	_	_	0x1	_	_	_
319-6	PST083	319	319	6	di	di	_	_	_	_	_	linguistic	_	some	_	_	_	_	_	_
319-7	PST083	319	319	7	nuovo	nuovo	_	_	_	_	_	linguistic	_	some	_	End=792.033	_	_	_	_
321-0	PST093	321	321	0	uh:	uh	_	_	_	_	_	linguistic	_	none	_	Begin=792.055	1x1	_	_	_
321-1	PST093	321	321	1	sì	sì	_	_	_	_	_	linguistic	_	none	_	End=792.6	_	_	_	_
322-0	PST083	322	322	0	no	no	_	_	_	_	_	linguistic	_	none	_	Begin=792.611	_	_	_	_
322-1	PST083	322	322	1	che	che	_	_	_	_	_	linguistic	_	none	_	_	_	_	_	_
322-2	PST083	322	322	2	schifo	schifo	_	_	_	_	_	linguistic	_	none	_	_	_	_	_	_
322-3	PST083	322	322	3	sto	sto	_	_	_	_	_	linguistic	_	none	_	_	_	_	_	_
322-4	PST083	322	322	4	coso	coso	_	_	_	_	_	linguistic	_	none	_	_	_	_	_	_
322-5	PST083	322	322	5	[(xx	xx	_	_	_	_	_	unknown	_	none	Syllables=2	_	_	_	0-2(0)	0-2(48)
322-6	PST083	322	322	6	xx	xx	_	_	_	_	_	unknown	_	none	Syllables=2	_	_	_	0-2(0)	0-2(48)
322-7	PST083	322	322	7	che	che	_	_	_	_	_	linguistic	_	none	_	_	_	_	0-3(0)	0-3(48)
322-8	PST083	322	322	8	finiamo)]	finiamo	_	_	_	_	_	linguistic	_	none	_	End=795.8	_	_	0-7(0)	0-7(48)
323-0	PST093	323	323	0	ah	ah	_	_	_	_	_	linguistic	_	none	_	Begin=794.866	_	_	_	_
323-1	PST093	323	323	1	me	me	_	_	_	_	_	linguistic	_	none	_	_	_	_	_	_
323-2	PST093	323	323	2	lo	lo	_	_	_	_	_	linguistic	_	none	_	_	_	_	_	_
323-3	PST093	323	323	3	mandi	mandi	_	_	_	_	_	linguistic	_	none	_	_	_	_	_	_
323-4	PST093	323	323	4	[per	per	_	_	_	_	_	linguistic	_	none	_	_	_	_	_	0-3(?)
323-5	PST093	323	323	5	favore].	favore	_	_	_	_	_	linguistic	_	none	Intonation=Falling	End=796.477	_	_	_	0-6(?)
324-0	PST085	324	324	0	((ride))	((ride))	_	_	_	_	_	nonverbalbehavior	_	none	_	Begin=795.199|End=796.489	_	_	_	_
325-0	PST083	325	325	0	non	non	_	_	_	_	_	linguistic	_	none	_	Begin=796.233	_	_	_	_
325-1	PST083	325	325	1	mi	mi	_	_	_	_	_	linguistic	_	none	_	_	_	_	_	_
325-2	PST083	325	325	2	interessa,	interessa	_	_	_	_	_	linguistic	_	none	Intonation=WeaklyRising	End=797.478	_	_	_	_
326-0	PST093	326	326	0	@noemi	@noemi	_	_	_	_	_	anonymized	_	none	_	Begin=798.033	_	_	_	_
326-1	PST093	326	326	1	[me	me	_	_	_	_	_	linguistic	_	none	_	_	_	_	_	0-2(50)
326-2	PST093	326	326	2	lo	lo	_	_	_	_	_	linguistic	_	none	_	_	_	_	_	0-2(50)
326-3	PST093	326	326	3	mandi]?	mandi	_	_	_	_	_	linguistic	_	none	Intonation=Rising	End=799.1	_	_	_	0-5(50)
327-0	PST085	327	327	0	[me	me	_	_	_	_	_	linguistic	_	none	_	Begin=798.466	_	_	_	0-2(50)
327-1	PST085	327	327	1	l'	l'	_	_	_	_	_	linguistic	_	none	SpaceAfter=No	_	_	_	_	0-2(50)
327-2	PST085	327	327	2	ha	ha	_	_	_	_	_	linguistic	_	none	_	_	_	_	_	0-2(50)
327-3	PST085	327	327	3	mandato	mandato	_	_	_	_	_	linguistic	_	none	_	_	_	_	_	0-7(50)
327-4	PST085	327	327	4	mia	mia	_	_	_	_	_	linguistic	_	none	_	_	_	_	_	0-3(50)
327-5	PST085	327	327	5	madre]	madre	_	_	_	_	_	linguistic	_	none	PauseAfter=Yes	_	_	_	_	0-5(50)
327-6	PST085	327	327	6	(.)	(.)	_	_	_	_	_	shortpause	_	none	_	_	_	_	_	_
327-7	PST085	327	327	7	[sul	sul	_	_	_	_	_	linguistic	_	none	_	_	_	_	_	0-3(51)
327-8	PST085	327	327	8	gruppo	gruppo	_	_	_	_	_	linguistic	_	none	_	_	_	_	_	0-6(51)
327-9	PST085	327	327	9	dei	dei	_	_	_	_	_	linguistic	_	none	_	_	_	_	_	0-3(51)
327-10	PST085	327	327	10	genitori]	genitori	_	_	_	_	_	linguistic	_	none	_	End=801.722	_	_	_	0-8(51)
328-0	PST093	328	328	0	[eh	eh	_	_	_	_	_	linguistic	_	none	_	Begin=799.811	_	_	_	0-2(51)
328-1	PST093	328	328	1	vabè]	vabè	_	_	_	_	_	linguistic	_	none	_	_	_	_	_	0-4(51)
328-2	PST093	328	328	2	me	me	_	_	_	_	_	linguistic	_	none	_	_	_	_	_	_
328-3	PST093	328	328	3	lo	lo	_	_	_	_	_	linguistic	_	none	_	_	_	_	_	_
328-4	PST093	328	328	4	puoi	puoi	_	_	_	_	_	linguistic	_	none	_	_	_	_	_	_
328-5	PST093	328	328	5	ri	ri	_	_	_	_	_	linguistic	_	none	_	_	_	_	_	_
328-6	PST093	328	328	6	inoltrare	inoltrare	_	_	_	_	_	linguistic	_	none	_	End=802.278	_	_	_	_
329-0	PST085	329	329	0	°sì°	sì	_	_	_	_	_	linguistic	_	none	Volume=low	Begin=802.278|End=802.721	_	_	_	_
330-0	PST093	330	330	0	grazie	grazie	_	_	_	_	_	linguistic	_	none	_	Begin=802.722|End=803.467	_	_	_	_
331-0	PST083	331	331	0	anche	anche	_	_	_	_	_	linguistic	_	none	_	Begin=803.488	_	_	_	_
331-1	PST083	331	331	1	perché	perché	_	_	_	_	_	linguistic	_	none	_	_	_	_	_	_
331-2	PST083	331	331	2	là	là	_	_	_	_	_	linguistic	_	none	_	_	_	_	_	_
331-3	PST083	331	331	3	far	far	_	_	_	_	_	linguistic	_	none	_	_	_	_	_	_
331-4	PST083	331	331	4	delle	delle	_	_	_	_	_	linguistic	_	none	_	_	_	_	_	_
331-5	PST083	331	331	5	riprese	riprese	_	_	_	_	_	linguistic	_	none	_	_	_	_	_	_
331-6	PST083	331	331	6	è	è	_	_	_	_	_	linguistic	_	none	_	_	_	_	_	_
331-7	PST083	331	331	7	terri~	terri~	_	_	_	_	_	linguistic	_	none	Interrupted=Yes	_	_	_	_	_
331-8	PST083	331	331	8	a	a	_	_	_	_	_	linguistic	_	none	_	_	_	_	_	_
331-9	PST083	331	331	9	parte	parte	_	_	_	_	_	linguistic	_	none	_	_	_	_	_	_
331-10	PST083	331	331	10	che	che	_	_	_	_	_	linguistic	_	none	_	_	_	_	_	_
331-11	PST083	331	331	11	non	non	_	_	_	_	_	linguistic	_	none	_	_	_	_	_	_
331-12	PST083	331	331	12	ce	ce	_	_	_	_	_	linguistic	_	none	_	_	_	_	_	_
331-13	PST083	331	331	13	lo	lo	_	_	_	_	_	linguistic	_	none	_	_	_	_	_	_
331-14	PST083	331	331	14	SPAZIO	spazio	_	_	_	_	_	linguistic	_	none	Volume=high	_	_	_	_	_
331-15	PST083	331	331	15	cioè	cioè	_	_	_	_	_	linguistic	_	none	_	_	_	_	_	_
331-16	PST083	331	331	16	non	non	_	_	_	_	_	linguistic	_	none	_	_	_	_	_	_
331-17	PST083	331	331	17	si	si	_	_	_	_	_	linguistic	_	none	_	_	_	_	_	_
331-18	PST083	331	331	18	vedrebbe	vedrebbe	_	_	_	_	_	linguistic	_	none	PauseAfter=Yes	_	_	_	_	_
331-19	PST083	331	331	19	(.)	(.)	_	_	_	_	_	shortpause	_	none	_	_	_	_	_	_
331-20	PST083	331	331	20	taglierebbero	taglierebbero	_	_	_	_	_	linguistic	_	none	_	_	_	_	_	_
331-21	PST083	331	331	21	le	le	_	_	_	_	_	linguistic	_	none	_	_	_	_	_	_
331-22	PST083	331	331	22	persone	persone	_	_	_	_	_	linguistic	_	none	_	_	_	_	_	_
331-23	PST083	331	331	23	a	a	_	_	_	_	_	linguistic	_	none	_	_	_	_	_	_
331-24	PST083	331	331	24	metà	metà	_	_	_	_	_	linguistic	_	none	_	_	_	_	_	_
331-25	PST083	331	331	25	praticamente	praticamente	_	_	_	_	_	linguistic	_	none	_	End=811.289	_	_	_	_
332-0	PST083	332	332	0	cioè	cioè	_	_	_	_	_	linguistic	_	none	_	Begin=811.949	_	_	_	_
332-1	PST083	332	332	1	io	io	_	_	_	_	_	linguistic	_	none	_	_	_	_	_	_
332-2	PST083	332	332	2	mi	mi	_	_	_	_	_	linguistic	_	none	_	_	_	_	_	_
332-3	PST083	332	332	3	immagino	immagino	_	_	_	_	_	linguistic	_	none	_	_	_	_	_	_
332-4	PST083	332	332	4	se	se	_	_	_	_	_	linguistic	_	none	_	_	_	_	_	_
332-5	PST083	332	332	5	andiamo	andiamo	_	_	_	_	_	linguistic	_	none	_	_	_	_	_	_
332-6	PST083	332	332	6	ad	ad	_	_	_	_	_	linguistic	_	none	_	_	_	_	_	_
332-7	PST083	332	332	7	uno	uno	_	_	_	_	_	linguistic	_	none	_	_	_	_	_	_
332-8	PST083	332	332	8	spettacolo	spettacolo	_	_	_	_	_	linguistic	_	none	_	End=814.03	_	_	_	_
333-0	PST083	333	333	0	dev'	dev'	_	_	_	_	_	linguistic	_	none	SpaceAfter=No	Begin=814.61	_	_	_	_
333-1	PST083	333	333	1	esser~	esser~	_	_	_	_	_	linguistic	_	none	Interrupted=Yes|PauseAfter=Yes	_	_	_	_	_
333-2	PST083	333	333	2	(.)	(.)	_	_	_	_	_	shortpause	_	none	_	_	_	_	_	_
333-3	PST083	333	333	3	vabè	vabè	_	_	_	_	_	linguistic	_	none	_	_	_	_	_	_
333-4	PST083	333	333	4	che	che	_	_	_	_	_	linguistic	_	none	_	_	_	_	_	_
333-5	PST083	333	333	5	noi	noi	_	_	_	_	_	linguistic	_	none	_	_	_	_	_	_
333-6	PST083	333	333	6	che	che	_	_	_	_	_	linguistic	_	none	_	_	_	_	_	_
333-7	PST083	333	333	7	sempre	sempre	_	_	_	_	_	linguistic	_	none	_	_	_	_	_	_
333-8	PST083	333	333	8	sappiamo	sappiamo	_	_	_	_	_	linguistic	_	none	_	_	_	_	_	_
333-9	PST083	333	333	9	il	il	_	_	_	_	_	linguistic	_	none	_	_	_	_	_	_
333-10	PST083	333	333	10	posto	posto	_	_	_	_	_	linguistic	_	none	_	_	_	_	_	_
333-11	PST083	333	333	11	ma	ma	_	_	_	_	_	linguistic	_	none	_	_	_	_	_	_
333-12	PST083	333	333	12	per	per	_	_	_	_	_	linguistic	_	none	_	_	_	_	_	_
333-13	PST083	333	333	13	dirti	dirti	_	_	_	_	_	linguistic	_	none	PauseAfter=Yes	_	_	_	_	_
333-14	PST083	333	333	14	(.)	(.)	_	_	_	_	_	shortpause	_	none	_	_	_	_	_	_
333-15	PST083	333	333	15	com'	com'	_	_	_	_	_	linguistic	_	none	SpaceAfter=No	_	_	_	_	_
333-16	PST083	333	333	16	è	è	_	_	_	_	_	linguistic	_	none	_	_	_	_	_	_
333-17	PST083	333	333	17	stata	stata	_	_	_	_	_	linguistic	_	none	_	_	_	_	_	_
333-18	PST083	333	333	18	la	la	_	_	_	_	_	linguistic	_	none	_	_	_	_	_	_
333-19	PST083	333	333	19	festa	festa	_	_	_	_	_	linguistic	_	none	_	_	_	_	_	_
333-20	PST083	333	333	20	dei	dei	_	_	_	_	_	linguistic	_	none	_	_	_	_	_	_
333-21	PST083	333	333	21	popoli	popoli	_	_	_	_	_	linguistic	_	none	_	End=820.378	_	_	_	_
334-0	PST083	334	334	0	quel	quel	_	_	_	_	_	linguistic	_	none	_	Begin=820.428	_	_	_	_
334-1	PST083	334	334	1	lunedì	lunedì	_	_	_	_	_	linguistic	_	none	_	_	_	_	_	_
334-2	PST083	334	334	2	di	di	_	_	_	_	_	linguistic	_	none	_	_	_	_	_	_
334-3	PST083	334	334	3	gennaio::	gennaio	_	_	_	_	_	linguistic	_	none	_	_	6x2	_	_	_
334-4	PST083	334	334	4	lontano::	lontano	_	_	_	_	_	linguistic	_	none	_	End=823.628	6x2	_	_	_
335-0	PST083	335	335	0	c(io)è	cioè	_	_	_	_	_	linguistic	_	none	Reduced=Yes	Begin=824.155|End=824.578	_	_	_	_
336-0	PST083	336	336	0	nel	nel	_	_	_	_	_	linguistic	_	none	_	Begin=824.922	_	_	_	_
336-1	PST083	336	336	1	senso	senso	_	_	_	_	_	linguistic	_	none	_	End=825.788	_	_	_	_
337-0	PST085	337	337	0	°eh	eh	_	_	_	_	_	linguistic	_	none	Volume=low	Begin=828.289	_	_	_	_
337-1	PST085	337	337	1	sì	sì	_	_	_	_	_	linguistic	_	none	Volume=low	_	_	_	_	_
337-2	PST085	337	337	2	però°	però	_	_	_	_	_	linguistic	_	none	Volume=low	End=829.556	_	_	_	_
338-0	PST085	338	338	0	lo	lo	_	_	_	_	_	linguistic	_	none	_	Begin=829.744	_	_	_	_
338-1	PST085	338	338	1	spettacolo	spettacolo	_	_	_	_	_	linguistic	_	none	_	End=831.31	_	_	_	_
339-0	PST085	339	339	0	[o	o	_	_	_	_	_	linguistic	_	none	_	Begin=831.511	_	_	_	0-1(52)
339-1	PST085	339	339	1	aspetti]	aspetti	_	_	_	_	_	linguistic	_	none	_	_	_	_	_	0-7(52)
339-2	PST085	339	339	2	finché	finché	_	_	_	_	_	linguistic	_	none	PauseAfter=Yes	_	_	_	_	_
339-3	PST085	339	339	3	(.)	(.)	_	_	_	_	_	shortpause	_	none	_	_	_	_	_	_
339-4	PST085	339	339	4	o	o	_	_	_	_	_	linguistic	_	none	_	_	_	_	_	_
339-5	PST085	339	339	5	metti	metti	_	_	_	_	_	linguistic	_	none	_	_	_	_	_	_
339-6	PST085	339	339	6	spettacolo	spettacolo	_	_	_	_	_	linguistic	_	none	_	_	_	_	_	_
339-7	PST085	339	339	7	barra	barra	_	_	_	_	_	linguistic	_	none	_	_	_	_	_	_
339-8	PST085	339	339	8	o	o	_	_	_	_	_	linguistic	_	none	_	_	_	_	_	_
339-9	PST085	339	339	9	un'	un'	_	_	_	_	_	linguistic	_	none	SpaceAfter=No	_	_	_	_	_
339-10	PST085	339	339	10	altra	altra	_	_	_	_	_	linguistic	_	none	_	_	_	_	_	_
339-11	PST085	339	339	11	location	location	_	_	_	_	_	linguistic	_	none	_	_	_	_	_	_
339-12	PST085	339	339	12	che	che	_	_	_	_	_	linguistic	_	none	_	_	_	_	_	_
339-13	PST085	339	339	13	può	può	_	_	_	_	_	linguistic	_	none	_	_	_	_	_	_
339-14	PST085	339	339	14	essere	essere	_	_	_	_	_	linguistic	_	none	_	_	_	_	_	_
339-15	PST085	339	339	15	libera	libera	_	_	_	_	_	linguistic	_	none	_	_	_	_	_	_
339-16	PST085	339	339	16	sempre	sempre	_	_	_	_	_	linguistic	_	none	_	End=837.278	_	_	_	_
340-0	PST083	340	340	0	[bast]	bast	_	_	_	_	_	linguistic	_	none	_	Begin=831.533|End=831.966	_	_	_	0-4(52)
341-0	PST085	341	341	0	(xxx)	xxx	_	_	_	_	_	unknown	_	none	PauseAfter=Yes|Syllables=3	Begin=837.344	_	_	0-3(0)	_
341-1	PST085	341	341	1	(.)	(.)	_	_	_	_	_	shortpause	_	none	_	_	_	_	_	_
341-2	PST085	341	341	2	che	che	_	_	_	_	_	linguistic	_	none	_	_	_	_	_	_
341-3	PST085	341	341	3	ne	ne	_	_	_	_	_	linguistic	_	none	_	_	_	_	_	_
341-4	PST085	341	341	4	so	so	_	_	_	_	_	linguistic	_	none	_	_	_	_	_	_
341-5	PST085	341	341	5	te	te	_	_	_	_	_	linguistic	_	none	_	_	_	_	_	_
341-6	PST085	341	341	6	la	la	_	_	_	_	_	linguistic	_	none	_	_	_	_	_	_
341-7	PST085	341	341	7	butto	butto	_	_	_	_	_	linguistic	_	none	_	_	_	_	_	_
341-8	PST085	341	341	8	a	a	_	_	_	_	_	linguistic	_	none	_	_	_	_	_	_
341-9	PST085	341	341	9	caso	caso	_	_	_	_	_	linguistic	_	none	_	_	_	_	_	_
341-10	PST085	341	341	10	in	in	_	_	_	_	_	linguistic	_	none	_	_	_	_	_	_
341-11	PST085	341	341	11	un	un	_	_	_	_	_	linguistic	_	none	_	_	_	_	_	_
341-12	PST085	341	341	12	parco	parco	_	_	_	_	_	linguistic	_	none	PauseAfter=Yes	_	_	_	_	_
341-13	PST085	341	341	13	(.)	(.)	_	_	_	_	_	shortpause	_	none	_	_	_	_	_	_
341-14	PST085	341	341	14	te	te	_	_	_	_	_	linguistic	_	none	_	_	_	_	_	_
341-15	PST085	341	341	15	la	la	_	_	_	_	_	linguistic	_	none	_	_	_	_	_	_
341-16	PST085	341	341	16	butto	butto	_	_	_	_	_	linguistic	_	none	_	_	_	_	_	_
341-17	PST085	341	341	17	a	a	_	_	_	_	_	linguistic	_	none	_	_	_	_	_	_
341-18	PST085	341	341	18	caso	caso	_	_	_	_	_	linguistic	_	none	_	End=842.18	_	_	_	_
342-0	PST083	342	342	0	scriviamo	scriviamo	_	_	_	_	_	linguistic	_	none	_	Begin=842.61	_	_	_	_
342-1	PST083	342	342	1	ad	ad	_	_	_	_	_	linguistic	_	none	_	_	_	_	_	_
342-2	PST083	342	342	2	uno	uno	_	_	_	_	_	linguistic	_	none	_	_	_	_	_	_
342-3	PST083	342	342	3	spettacolo	spettacolo	_	_	_	_	_	linguistic	_	none	_	_	_	_	_	_
342-4	PST083	342	342	4	e	e	_	_	_	_	_	linguistic	_	none	_	_	_	_	_	_
342-5	PST083	342	342	5	poi	poi	_	_	_	_	_	linguistic	_	none	_	_	_	_	_	_
342-6	PST083	342	342	6	vediamo	vediamo	_	_	_	_	_	linguistic	_	none	_	_	_	_	_	_
342-7	PST083	342	342	7	°il	il	_	_	_	_	_	linguistic	_	none	Volume=low	_	_	_	_	_
342-8	PST083	342	342	8	luogo°	luogo	_	_	_	_	_	linguistic	_	none	Volume=low	End=844.802	_	_	_	_
343-0	PST085	343	343	0	eh	eh	_	_	_	_	_	linguistic	_	none	_	Begin=844.802|End=845.004	_	_	_	_
344-0	PST083	344	344	0	((legge))	((legge))	_	_	_	_	_	nonverbalbehavior	_	none	_	Begin=851.744	_	_	_	_
344-1	PST083	344	344	1	quando	quando	_	_	_	_	_	linguistic	_	none	_	_	_	_	_	_
344-2	PST083	344	344	2	si	si	_	_	_	_	_	linguistic	_	none	_	_	_	_	_	_
344-3	PST083	344	344	3	farà	farà	_	_	_	_	_	linguistic	_	none	_	_	_	_	_	_
344-4	PST083	344	344	4	la	la	_	_	_	_	_	linguistic	_	none	_	_	_	_	_	_
344-5	PST083	344	344	5	ripresa	ripresa	_	_	_	_	_	linguistic	_	none	_	_	_	_	_	_
344-6	PST083	344	344	6	eh	eh	_	_	_	_	_	linguistic	_	none	_	_	_	_	_	_
344-7	PST083	344	344	7	anche	anche	_	_	_	_	_	linguistic	_	none	_	_	_	_	_	_
344-8	PST083	344	344	8	qua	qua	_	_	_	_	_	linguistic	_	none	_	_	_	_	_	_
344-9	PST083	344	344	9	mh	mh	_	_	_	_	_	linguistic	_	none	_	End=854.033	_	_	_	_
345-0	PST083	345	345	0	boh	boh	_	_	_	_	_	linguistic	_	none	_	Begin=854.59|End=855.03	_	_	_	_
346-0	PST085	346	346	0	e::::h	eh	_	_	_	_	_	linguistic	_	none	_	Begin=855.4	0x4	_	_	_
346-1	PST085	346	346	1	dipende	dipende	_	_	_	_	_	linguistic	_	none	_	_	_	_	_	_
346-2	PST085	346	346	2	dagli	dagli	_	_	_	_	_	linguistic	_	none	_	_	_	_	_	_
346-3	PST085	346	346	3	spettacoli	spettacoli	_	_	_	_	_	linguistic	_	none	_	_	_	_	_	_
346-4	PST085	346	346	4	nel	nel	_	_	_	_	_	linguistic	_	none	_	_	_	_	_	_
346-5	PST085	346	346	5	senso	senso	_	_	_	_	_	linguistic	_	none	_	End=858.833	_	_	_	_
347-0	PST093	347	347	0	lasciamo	lasciamo	_	_	_	_	_	linguistic	_	none	_	Begin=859.577	_	_	_	_
347-1	PST093	347	347	1	vuoto	vuoto	_	_	_	_	_	linguistic	_	none	_	End=860.255	_	_	_	_
348-0	PST083	348	348	0	((ride))	((ride))	_	_	_	_	_	nonverbalbehavior	_	none	_	Begin=860.356|End=862.511	_	_	_	_
349-0	PST093	349	349	0	e::h	eh	_	_	_	_	_	linguistic	_	none	_	Begin=862.522	0x2	_	_	_
349-1	PST093	349	349	1	inquadrature,	inquadrature	_	_	_	_	_	linguistic	_	none	Intonation=WeaklyRising	End=864.411	_	_	_	_
350-0	PST083	350	350	0	allora::	allora	_	_	_	_	_	linguistic	_	none	_	Begin=864.722	5x2	_	_	_
350-1	PST083	350	350	1	io	io	_	_	_	_	_	linguistic	_	none	_	_	_	_	_	_
350-2	PST083	350	350	2	ce	ce	_	_	_	_	_	linguistic	_	none	_	_	_	_	_	_
350-3	PST083	350	350	3	le	le	_	_	_	_	_	linguistic	_	none	_	_	_	_	_	_
350-4	PST083	350	350	4	ho	ho	_	_	_	_	_	linguistic	_	none	_	_	_	_	_	_
350-5	PST083	350	350	5	scritte	scritte	_	_	_	_	_	linguistic	_	none	_	_	_	_	_	_
350-6	PST083	350	350	6	sul	sul	_	_	_	_	_	linguistic	_	none	_	_	_	_	_	_
350-7	PST083	350	350	7	telefono	telefono	_	_	_	_	_	linguistic	_	none	_	_	_	_	_	_
350-8	PST083	350	350	8	quindi	quindi	_	_	_	_	_	linguistic	_	none	_	_	_	_	_	_
350-9	PST083	350	350	9	ora	ora	_	_	_	_	_	linguistic	_	none	PauseAfter=Yes	_	_	_	_	_
350-10	PST083	350	350	10	(.)	(.)	_	_	_	_	_	shortpause	_	none	_	_	_	_	_	_
350-11	PST083	350	350	11	vediamo	vediamo	_	_	_	_	_	linguistic	_	none	_	_	_	_	_	_
350-12	PST083	350	350	12	un	un	_	_	_	_	_	linguistic	_	none	_	_	_	_	_	_
350-13	PST083	350	350	13	po'	po'	_	_	_	_	_	linguistic	_	none	_	End=868.61	_	_	_	_
351-0	PST083	351	351	0	beh	beh	_	_	_	_	_	linguistic	_	none	_	Begin=871.911	_	_	_	_
351-1	PST083	351	351	1	sicuramente	sicuramente	_	_	_	_	_	linguistic	_	none	_	_	_	_	_	_
351-2	PST083	351	351	2	una	una	_	_	_	_	_	linguistic	_	none	_	_	_	_	_	_
351-3	PST083	351	351	3	totale	totale	_	_	_	_	_	linguistic	_	none	_	End=873.733	_	_	_	_
352-0	PST083	352	352	0	più:::	più	_	_	_	_	_	linguistic	_	none	_	Begin=876.333|End=878.311	2x3	_	_	_
353-0	PST083	353	353	0	dove	dove	_	_	_	_	_	linguistic	_	none	_	Begin=878.522	_	_	_	_
353-1	PST083	353	353	1	l'	l'	_	_	_	_	_	linguistic	_	none	SpaceAfter=No	_	_	_	_	_
353-2	PST083	353	353	2	ho	ho	_	_	_	_	_	linguistic	_	none	_	_	_	_	_	_
353-3	PST083	353	353	3	scritto	scritto	_	_	_	_	_	linguistic	_	none	_	_	_	_	_	_
353-4	PST083	353	353	4	aspetta	aspetta	_	_	_	_	_	linguistic	_	none	_	End=880.033	_	_	_	_
354-0	PST083	354	354	0	e:::i:::	ei	_	_	_	_	_	linguistic	_	none	_	Begin=881.14|End=882.57	0x3,1x3	_	_	_
355-0	PST083	355	355	0	no	no	_	_	_	_	_	linguistic	_	none	_	Begin=883.679	_	_	_	_
355-1	PST083	355	355	1	non	non	_	_	_	_	_	linguistic	_	none	_	_	_	_	_	_
355-2	PST083	355	355	2	dirmi	dirmi	_	_	_	_	_	linguistic	_	none	_	_	_	_	_	_
355-3	PST083	355	355	3	che	che	_	_	_	_	_	linguistic	_	none	_	_	_	_	_	_
355-4	PST083	355	355	4	non	non	_	_	_	_	_	linguistic	_	none	_	_	_	_	_	_
355-5	PST083	355	355	5	c'	c'	_	_	_	_	_	linguistic	_	none	SpaceAfter=No	_	_	_	_	_
355-6	PST083	355	355	6	è	è	_	_	_	_	_	linguistic	_	none	_	_	_	_	_	_
355-7	PST083	355	355	7	più::	più	_	_	_	_	_	linguistic	_	none	_	End=885.429	2x2	_	_	_
356-0	PST083	356	356	0	no:	no	_	_	_	_	_	linguistic	_	none	_	Begin=893.611	1x1	_	_	_
356-1	PST083	356	356	1	ma	ma	_	_	_	_	_	linguistic	_	none	_	_	_	_	_	_
356-2	PST083	356	356	2	che	che	_	_	_	_	_	linguistic	_	none	_	_	_	_	_	_
356-3	PST083	356	356	3	cosa	cosa	_	_	_	_	_	linguistic	_	none	_	_	_	_	_	_
356-4	PST083	356	356	4	mi	mi	_	_	_	_	_	linguistic	_	none	_	_	_	_	_	_
356-5	PST083	356	356	5	stai	stai	_	_	_	_	_	linguistic	_	none	_	_	_	_	_	_
356-6	PST083	356	356	6	dicendo.	dicendo	_	_	_	_	_	linguistic	_	none	Intonation=Falling	End=895.433	_	_	_	_
357-0	PST083	357	357	0	ah	ah	_	_	_	_	_	linguistic	_	none	_	Begin=897.261|End=897.594	_	_	_	_
358-0	PST083	358	358	0	allora	allora	_	_	_	_	_	linguistic	_	none	_	Begin=898.977|End=899.517	_	_	_	_
359-0	PST083	359	359	0	c'	c'	_	_	_	_	_	linguistic	_	none	SpaceAfter=No	Begin=900.59	_	_	_	_
359-1	PST083	359	359	1	è	è	_	_	_	_	_	linguistic	_	none	PauseAfter=Yes	_	_	_	_	_
359-2	PST083	359	359	2	(.)	(.)	_	_	_	_	_	shortpause	_	none	_	_	_	_	_	_
359-3	PST083	359	359	3	campo	campo	_	_	_	_	_	linguistic	_	none	_	_	_	_	_	_
359-4	PST083	359	359	4	lunghissimo	lunghissimo	_	_	_	_	_	linguistic	_	none	_	_	_	_	_	_
359-5	PST083	359	359	5	direi	direi	_	_	_	_	_	linguistic	_	none	_	_	_	_	_	_
359-6	PST083	359	359	6	che	che	_	_	_	_	_	linguistic	_	none	_	_	_	_	_	_
359-7	PST083	359	359	7	è	è	_	_	_	_	_	linguistic	_	none	_	_	_	_	_	_
359-8	PST083	359	359	8	esagerato	esagerato	_	_	_	_	_	linguistic	_	none	_	End=903.744	_	_	_	_
360-0	PST083	360	360	0	campo	campo	_	_	_	_	_	linguistic	_	none	_	Begin=903.866	_	_	_	_
360-1	PST083	360	360	1	lungo	lungo	_	_	_	_	_	linguistic	_	none	_	End=905.077	_	_	_	_
361-0	PST083	361	361	0	no	no	_	_	_	_	_	linguistic	_	none	_	Begin=906.011	_	_	_	_
361-1	PST083	361	361	1	ma	ma	_	_	_	_	_	linguistic	_	none	_	_	_	_	_	_
361-2	PST083	361	361	2	quest(e)	queste	_	_	_	_	_	linguistic	_	none	_	_	_	_	5-6(0)	_
361-3	PST083	361	361	3	sono	sono	_	_	_	_	_	linguistic	_	none	_	_	_	_	_	_
361-4	PST083	361	361	4	per	per	_	_	_	_	_	linguistic	_	none	_	_	_	_	_	_
361-5	PST083	361	361	5	i	i	_	_	_	_	_	linguistic	_	none	_	_	_	_	_	_
361-6	PST083	361	361	6	paesaggi	paesaggi	_	_	_	_	_	linguistic	_	none	_	_	_	_	_	_
361-7	PST083	361	361	7	io	io	_	_	_	_	_	linguistic	_	none	_	_	_	_	_	_
361-8	PST083	361	361	8	direi	direi	_	_	_	_	_	linguistic	_	none	_	_	_	_	_	_
361-9	PST083	361	361	9	un	un	_	_	_	_	_	linguistic	_	none	_	_	_	_	_	_
361-10	PST083	361	361	10	campo	campo	_	_	_	_	_	linguistic	_	none	_	_	_	_	_	_
361-11	PST083	361	361	11	totale,	totale	_	_	_	_	_	linguistic	_	none	Intonation=WeaklyRising	End=908.711	_	_	_	_
362-0	PST083	362	362	0	che	che	_	_	_	_	_	linguistic	_	none	_	Begin=909.544	_	_	_	_
362-1	PST083	362	362	1	è	è	_	_	_	_	_	linguistic	_	none	_	_	_	_	_	_
362-2	PST083	362	362	2	tipo	tipo	_	_	_	_	_	linguistic	_	none	_	_	_	_	_	_
362-3	PST083	362	362	3	cosi	cosi	_	_	_	_	_	linguistic	_	none	_	_	_	_	_	_
362-4	PST083	362	362	4	prendiamo	prendiamo	_	_	_	_	_	linguistic	_	none	_	_	_	_	_	_
362-5	PST083	362	362	5	tutto::	tutto	_	_	_	_	_	linguistic	_	none	PauseAfter=Yes	_	4x2	_	_	_
362-6	PST083	362	362	6	(.)	(.)	_	_	_	_	_	shortpause	_	none	_	_	_	_	_	_
362-7	PST083	362	362	7	tutto	tutto	_	_	_	_	_	linguistic	_	none	_	End=912.944	_	_	_	_
363-0	PST085	363	363	0	mh	mh	_	_	_	_	_	linguistic	_	none	_	Begin=911.594|End=912.005	_	_	_	_
364-0	PST083	364	364	0	e	e	_	_	_	_	_	linguistic	_	none	_	Begin=913.01	_	_	_	_
364-1	PST083	364	364	1	poi	poi	_	_	_	_	_	linguistic	_	none	_	_	_	_	_	_
364-2	PST083	364	364	2	magari	magari	_	_	_	_	_	linguistic	_	none	_	_	_	_	_	_
364-3	PST083	364	364	3	anche	anche	_	_	_	_	_	linguistic	_	none	_	_	_	_	_	_
364-4	PST083	364	364	4	tipo:	tipo	_	_	_	_	_	linguistic	_	none	_	End=914.788	3x1	_	_	_
365-0	PST083	365	365	0	dei	dei	_	_	_	_	_	linguistic	_	none	_	Begin=916.01	_	_	_	_
365-1	PST083	365	365	1	dettagli::	dettagli	_	_	_	_	_	linguistic	_	none	_	_	7x2	_	_	_
365-2	PST083	365	365	2	dell::	dell	_	_	_	_	_	linguistic	_	none	_	_	3x2	_	_	_
365-3	PST083	365	365	3	eh	eh	_	_	_	_	_	linguistic	_	none	_	End=918.377	_	_	_	_
366-0	PST083	366	366	0	c(io)è	cioè	_	_	_	_	_	linguistic	_	none	Reduced=Yes	Begin=918.41	_	_	_	_
366-1	PST083	366	366	1	mentre	mentre	_	_	_	_	_	linguistic	_	none	_	_	_	_	_	_
366-2	PST083	366	366	2	balliamo	balliamo	_	_	_	_	_	linguistic	_	none	_	_	_	_	_	_
366-3	PST083	366	366	3	sai	sai	_	_	_	_	_	linguistic	_	none	_	_	_	_	_	_
366-4	PST083	366	366	4	tipo	tipo	_	_	_	_	_	linguistic	_	none	_	_	_	_	_	_
366-5	PST083	366	366	5	come	come	_	_	_	_	_	linguistic	_	none	_	_	_	_	_	_
366-6	PST083	366	366	6	alla	alla	_	_	_	_	_	linguistic	_	none	_	_	_	_	_	_
366-7	PST083	366	366	7	tele	tele	_	_	_	_	_	linguistic	_	none	_	_	_	_	_	_
366-8	PST083	366	366	8	alla	alla	_	_	_	_	_	linguistic	_	none	_	_	_	_	_	_
366-9	PST083	366	366	9	tivù	tivù	_	_	_	_	_	linguistic	_	none	_	_	_	_	_	_
366-10	PST083	366	366	10	[che]	che	_	_	_	_	_	linguistic	_	none	PauseAfter=Yes	_	_	_	_	0-3(54)
366-11	PST083	366	366	11	(.)	(.)	_	_	_	_	_	shortpause	_	none	_	_	_	_	_	_
366-12	PST083	366	366	12	prendiamo	prendiamo	_	_	_	_	_	linguistic	_	none	_	_	_	_	_	_
366-13	PST083	366	366	13	anche	anche	_	_	_	_	_	linguistic	_	none	_	_	_	_	_	_
366-14	PST083	366	366	14	un	un	_	_	_	_	_	linguistic	_	none	_	_	_	_	_	_
366-15	PST083	366	366	15	po'	po'	_	_	_	_	_	linguistic	_	none	_	_	_	_	_	_
366-16	PST083	366	366	16	le	le	_	_	_	_	_	linguistic	_	none	_	_	_	_	_	_
366-17	PST083	366	366	17	facce::	facce	_	_	_	_	_	linguistic	_	none	_	End=923.655	4x2	_	_	_
367-0	PST085	367	367	0	[sì]	sì	_	_	_	_	_	linguistic	_	none	_	Begin=921.133|End=921.644	_	_	_	0-2(54)
368-0	PST085	368	368	0	mh	mh	_	_	_	_	_	linguistic	_	none	ProsodicLink=Yes	Begin=924.044	_	_	_	_
368-1	PST085	368	368	1	mh	mh	_	_	_	_	_	linguistic	_	none	_	End=924.55	_	_	_	_
369-0	PST083	369	369	0	magari	magari	_	_	_	_	_	linguistic	_	none	_	Begin=924.571	_	_	_	_
369-1	PST083	369	369	1	i	i	_	_	_	_	_	linguistic	_	none	_	_	_	_	_	_
369-2	PST083	369	369	2	dettagli	dettagli	_	_	_	_	_	linguistic	_	none	_	_	_	_	_	_
369-3	PST083	369	369	3	ste	ste	_	_	_	_	_	linguistic	_	none	_	_	_	_	_	_
369-4	PST083	369	369	4	cose	cose	_	_	_	_	_	linguistic	_	none	_	_	_	_	_	_
369-5	PST083	369	369	5	qua	qua	_	_	_	_	_	linguistic	_	none	_	_	_	_	_	_
369-6	PST083	369	369	6	quindi	quindi	_	_	_	_	_	linguistic	_	none	_	_	_	_	_	_
369-7	PST083	369	369	7	io	io	_	_	_	_	_	linguistic	_	none	_	_	_	_	_	_
369-8	PST083	369	369	8	scriverei,	scriverei	_	_	_	_	_	linguistic	_	none	Intonation=WeaklyRising	End=927.527	_	_	_	_
370-0	PST083	370	370	0	eh	eh	_	_	_	_	_	linguistic	_	none	_	Begin=927.843|End=928.376	_	_	_	_
371-0	PST083	371	371	0	inquadratura	inquadratura	_	_	_	_	_	linguistic	_	none	PauseAfter=Yes	Begin=928.611	_	_	_	_
371-1	PST083	371	371	1	(.)	(.)	_	_	_	_	_	shortpause	_	none	_	_	_	_	_	_
371-2	PST083	371	371	2	come	come	_	_	_	_	_	linguistic	_	none	_	_	_	_	_	_
371-3	PST083	371	371	3	si	si	_	_	_	_	_	linguistic	_	none	_	_	_	_	_	_
371-4	PST083	371	371	4	scrive	scrive	_	_	_	_	_	linguistic	_	none	_	End=931.1	_	_	_	_
372-0	PST093	372	372	0	campo	campo	_	_	_	_	_	linguistic	_	none	_	Begin=931.833	_	_	_	_
372-1	PST093	372	372	1	lungo	lungo	_	_	_	_	_	linguistic	_	none	_	End=932.755	_	_	_	_
373-0	PST083	373	373	0	campo	campo	_	_	_	_	_	linguistic	_	none	_	Begin=932.777	_	_	_	_
373-1	PST083	373	373	1	totale	totale	_	_	_	_	_	linguistic	_	none	_	End=934.066	_	_	_	_
374-0	PST093	374	374	0	cioè	cioè	_	_	_	_	_	linguistic	_	none	_	Begin=935.367	_	_	_	_
374-1	PST093	374	374	1	totale	totale	_	_	_	_	_	linguistic	_	none	_	End=936.778	_	_	_	_
375-0	PST083	375	375	0	((scrive))	((scrive))	_	_	_	_	_	nonverbalbehavior	_	none	_	Begin=938.411	_	_	_	_
375-1	PST083	375	375	1	campo	campo	_	_	_	_	_	linguistic	_	none	_	End=939.822	_	_	_	_
376-0	PST083	376	376	0	((scrive))	((scrive))	_	_	_	_	_	nonverbalbehavior	_	none	_	Begin=941.2	_	_	_	_
376-1	PST083	376	376	1	tota:le	totale	_	_	_	_	_	linguistic	_	none	_	End=942.356	3x1	_	_	_
377-0	PST083	377	377	0	poi	poi	_	_	_	_	_	linguistic	_	none	_	Begin=943.217|End=943.761	_	_	_	_
378-0	PST083	378	378	0	((legge))	((legge))	_	_	_	_	_	nonverbalbehavior	_	none	_	Begin=944.31	_	_	_	_
378-1	PST083	378	378	1	°>piano	piano	_	_	_	_	_	linguistic	_	none	Volume=low	_	_	Fast=0-5(0)	_	_
378-2	PST083	378	378	2	intero<	intero	_	_	_	_	_	linguistic	_	none	Volume=low	_	_	Fast=0-6(0)	_	_
378-3	PST083	378	378	3	piano	piano	_	_	_	_	_	linguistic	_	none	Volume=low	_	_	_	_	_
378-4	PST083	378	378	4	americano	americano	_	_	_	_	_	linguistic	_	none	Volume=low	_	_	_	_	_
378-5	PST083	378	378	5	mezza	mezza	_	_	_	_	_	linguistic	_	none	Volume=low	_	_	_	_	_
378-6	PST083	378	378	6	figu::ra°	figura	_	_	_	_	_	linguistic	_	none	Volume=low	End=946.688	3x2	_	_	_
379-0	PST093	379	379	0	magari	magari	_	_	_	_	_	linguistic	_	none	_	Begin=949.421|End=950.11	_	_	_	_
380-0	PST093	380	380	0	una:	una	_	_	_	_	_	linguistic	_	none	_	Begin=950.288|End=950.911	2x1	_	_	_
381-0	PST093	381	381	0	m:::h	mh	_	_	_	_	_	linguistic	_	none	_	Begin=954.311	0x3	_	_	_
381-1	PST093	381	381	1	figura	figura	_	_	_	_	_	linguistic	_	none	_	_	_	_	_	_
381-2	PST093	381	381	2	inte:::ra	intera	_	_	_	_	_	linguistic	_	none	_	End=957.933	3x3	_	_	_
382-0	PST093	382	382	0	perché	perché	_	_	_	_	_	linguistic	_	none	_	Begin=958.361|End=959.361	_	_	_	_
383-0	PST085	383	383	0	(°così	così	_	_	_	_	_	linguistic	_	none	Volume=low	Begin=960.44	_	_	0-4(0)	_
383-1	PST085	383	383	1	prend~°)	prend~	_	_	_	_	_	linguistic	_	none	Interrupted=Yes|Volume=low	End=962.02	_	_	0-6(0)	_
384-0	PST093	384	384	0	perché	perché	_	_	_	_	_	linguistic	_	none	_	Begin=963.022	_	_	_	_
384-1	PST093	384	384	1	tipo::	tipo	_	_	_	_	_	linguistic	_	none	_	_	3x2	_	_	_
384-2	PST093	384	384	2	m::h	mh	_	_	_	_	_	linguistic	_	none	_	End=964.833	0x2	_	_	_
385-0	??	385	385	0	oh	oh	_	_	_	_	_	linguistic	_	none	_	Begin=965.857	_	_	_	_
385-1	??	385	385	1	sto	sto	_	_	_	_	_	linguistic	_	none	_	_	_	_	_	_
385-2	??	385	385	2	tipo	tipo	_	_	_	_	_	linguistic	_	none	_	_	_	_	_	_
385-3	??	385	385	3	però	però	_	_	_	_	_	linguistic	_	none	_	End=967.167	_	_	_	_
386-0	PST083	386	386	0	e	e	_	_	_	_	_	linguistic	_	none	_	Begin=967.555	_	_	_	_
386-1	PST083	386	386	1	non	non	_	_	_	_	_	linguistic	_	none	_	_	_	_	_	_
386-2	PST083	386	386	2	devo	devo	_	_	_	_	_	linguistic	_	none	_	_	_	_	_	_
386-3	PST083	386	386	3	dire	dire	_	_	_	_	_	linguistic	_	none	_	_	_	_	_	_
386-4	PST083	386	386	4	più	più	_	_	_	_	_	linguistic	_	none	_	_	_	_	_	_
386-5	PST083	386	386	5	tipo	tipo	_	_	_	_	_	linguistic	_	none	_	End=968.889	_	_	_	_
387-0	??	387	387	0	questa	questa	_	_	_	_	_	linguistic	_	none	_	Begin=969.684	_	_	_	_
387-1	??	387	387	1	non	non	_	_	_	_	_	linguistic	_	none	_	_	_	_	_	_
387-2	??	387	387	2	era	era	_	_	_	_	_	linguistic	_	none	_	_	_	_	_	_
387-3	??	387	387	3	@alba	@alba	_	_	_	_	_	anonymized	_	none	_	_	_	_	_	_
387-4	??	387	387	4	però	però	_	_	_	_	_	linguistic	_	none	_	End=970.524	_	_	_	_
388-0	PST085	388	388	0	<AD	ad	_	_	_	_	_	linguistic	_	none	Volume=high	Begin=970.561	_	Slow=0-2(0)	_	_
388-1	PST085	388	388	1	ESEMPIO>	esempio	_	_	_	_	_	linguistic	_	none	Volume=high	End=972.327	_	Slow=0-7(0)	_	_
389-0	??	389	389	0	[bra::va]	brava	_	_	_	_	_	linguistic	_	none	_	Begin=971.53	2x2	_	_	0-5(55)
389-1	??	389	389	1	((batte_le_mani))	((batte_le_mani))	_	_	_	_	_	nonverbalbehavior	_	none	_	End=972.46	_	_	_	_
390-0	??	390	390	0	allora	allora	_	_	_	_	_	linguistic	_	none	_	Begin=974.35	_	_	_	_
390-1	??	390	390	1	è	è	_	_	_	_	_	linguistic	_	none	_	_	_	_	_	_
390-2	??	390	390	2	proprio	proprio	_	_	_	_	_	linguistic	_	none	_	_	_	_	_	_
390-3	??	390	390	3	un'	un'	_	_	_	_	_	linguistic	_	none	SpaceAfter=No	_	_	_	_	_
390-4	??	390	390	4	interiezione	interiezione	_	_	_	_	_	linguistic	_	none	_	_	_	_	_	_
390-5	??	390	390	5	dell'	dell'	_	_	_	_	_	linguistic	_	none	SpaceAfter=No	_	_	_	_	_
390-6	??	390	390	6	associazione,	associazione	_	_	_	_	_	linguistic	_	none	Intonation=WeaklyRising	End=976.99	_	_	_	_
391-0	PST085	391	391	0	ho	ho	_	_	_	_	_	linguistic	_	none	_	Begin=977.521	_	_	_	_
391-1	PST085	391	391	1	detto	detto	_	_	_	_	_	linguistic	_	none	_	_	_	_	_	_
391-2	PST085	391	391	2	io	io	_	_	_	_	_	linguistic	_	none	_	_	_	_	_	_
391-3	PST085	391	391	3	non	non	_	_	_	_	_	linguistic	_	none	_	_	_	_	_	_
391-4	PST085	391	391	4	mi	mi	_	_	_	_	_	linguistic	_	none	_	_	_	_	_	_
391-5	PST085	391	391	5	volete	volete	_	_	_	_	_	linguistic	_	none	_	_	_	_	_	_
391-6	PST085	391	391	6	credere	credere	_	_	_	_	_	linguistic	_	none	_	End=979.188	_	_	_	_
392-0	PST085	392	392	0	a	a	_	_	_	_	_	linguistic	_	none	_	Begin=979.3	_	_	_	_
392-1	PST085	392	392	1	me	me	_	_	_	_	_	linguistic	_	none	_	_	_	_	_	_
392-2	PST085	392	392	2	me	me	_	_	_	_	_	linguistic	_	none	_	_	_	_	_	_
392-3	PST085	392	392	3	l'	l'	_	_	_	_	_	linguistic	_	none	SpaceAfter=No	_	_	_	_	_
392-4	PST085	392	392	4	hanno	hanno	_	_	_	_	_	linguistic	_	none	_	_	_	_	_	_
392-5	PST085	392	392	5	tolto	tolto	_	_	_	_	_	linguistic	_	none	_	_	_	_	_	_
392-6	PST085	392	392	6	alle	alle	_	_	_	_	_	linguistic	_	none	_	_	_	_	_	_
392-7	PST085	392	392	7	medie	medie	_	_	_	_	_	linguistic	_	none	_	_	_	_	_	_
392-8	PST085	392	392	8	(xxx)	xxx	_	_	_	_	_	unknown	_	none	Syllables=3	_	_	_	0-3(0)	_
392-9	PST085	392	392	9	mi	mi	_	_	_	_	_	linguistic	_	none	_	_	_	_	_	_
392-10	PST085	392	392	10	urlavano	urlavano	_	_	_	_	_	linguistic	_	none	_	_	_	_	_	_
392-11	PST085	392	392	11	contro	contro	_	_	_	_	_	linguistic	_	none	_	End=982.256	_	_	_	_
393-0	PST083	393	393	0	un	un	_	_	_	_	_	linguistic	_	none	_	Begin=986.211	_	_	_	_
393-1	PST083	393	393	1	primo	primo	_	_	_	_	_	linguistic	_	none	_	_	_	_	_	_
393-2	PST083	393	393	2	piano	piano	_	_	_	_	_	linguistic	_	none	_	_	_	_	_	_
393-3	PST083	393	393	3	un	un	_	_	_	_	_	linguistic	_	none	_	_	_	_	_	_
393-4	PST083	393	393	4	primo	primo	_	_	_	_	_	linguistic	_	none	_	_	_	_	_	_
393-5	PST083	393	393	5	piano	piano	_	_	_	_	_	linguistic	_	none	_	End=988.155	_	_	_	_
394-0	PST085	394	394	0	[cioè],	cioè	_	_	_	_	_	linguistic	_	none	Intonation=WeaklyRising	Begin=989.522|End=990.222	_	_	_	0-4(56)
395-0	PST093	395	395	0	[cioè],	cioè	_	_	_	_	_	linguistic	_	none	Intonation=WeaklyRising	Begin=989.522|End=990.222	_	_	_	0-4(56)
396-0	PST085	396	396	0	bo::h	boh	_	_	_	_	_	linguistic	_	none	_	Begin=991.488|End=992.366	1x2	_	_	_
397-0	PST083	397	397	0	NO	no	_	_	_	_	_	linguistic	_	none	Volume=high	Begin=992.367	_	_	_	_
397-1	PST083	397	397	1	m::h	mh	_	_	_	_	_	linguistic	_	none	_	_	0x2	_	_	_
397-2	PST083	397	397	2	((ride))	((ride))	_	_	_	_	_	nonverbalbehavior	_	none	_	_	_	_	_	_
397-3	PST083	397	397	3	eh::m:	ehm	_	_	_	_	_	linguistic	_	none	_	End=995.933	1x2,2x1	_	_	_
398-0	PST085	398	398	0	[(xxx)]	xxx	_	_	_	_	_	unknown	_	none	Syllables=3	Begin=993.622|End=994.344	_	_	0-3(0)	0-3(57)
399-0	PST083	399	399	0	che	che	_	_	_	_	_	linguistic	_	none	_	Begin=996.055	_	_	_	_
399-1	PST083	399	399	1	ne	ne	_	_	_	_	_	linguistic	_	none	_	_	_	_	_	_
399-2	PST083	399	399	2	so	so	_	_	_	_	_	linguistic	_	none	_	_	_	_	_	_
399-3	PST083	399	399	3	se	se	_	_	_	_	_	linguistic	_	none	_	_	_	_	_	_
399-4	PST083	399	399	4	ci	ci	_	_	_	_	_	linguistic	_	none	_	_	_	_	_	_
399-5	PST083	399	399	5	siamo	siamo	_	_	_	_	_	linguistic	_	none	_	_	_	_	_	_
399-6	PST083	399	399	6	noi	noi	_	_	_	_	_	linguistic	_	none	_	_	_	_	_	_
399-7	PST083	399	399	7	che	che	_	_	_	_	_	linguistic	_	none	_	_	_	_	_	_
399-8	PST083	399	399	8	balliamo	balliamo	_	_	_	_	_	linguistic	_	none	_	_	_	_	_	_
399-9	PST083	399	399	9	no,	no	_	_	_	_	_	linguistic	_	none	Intonation=WeaklyRising	End=998.022	_	_	_	_
400-0	PST083	400	400	0	e	e	_	_	_	_	_	linguistic	_	none	_	Begin=998.589	_	_	_	_
400-1	PST083	400	400	1	tipo	tipo	_	_	_	_	_	linguistic	_	none	_	End=999.166	_	_	_	_
401-0	PST083	401	401	0	no	no	_	_	_	_	_	linguistic	_	none	_	Begin=999.644	_	_	_	_
401-1	PST083	401	401	1	basta	basta	_	_	_	_	_	linguistic	_	none	_	_	_	_	_	_
401-2	PST083	401	401	2	((ride))	((ride))	_	_	_	_	_	nonverbalbehavior	_	none	_	End=1000.944	_	_	_	_
402-0	PST083	402	402	0	((ride))	((ride))	_	_	_	_	_	nonverbalbehavior	_	none	_	Begin=1001.755	_	_	_	_
402-1	PST083	402	402	1	non	non	_	_	_	_	_	linguistic	_	none	_	_	_	_	_	_
402-2	PST083	402	402	2	c'	c'	_	_	_	_	_	linguistic	_	none	SpaceAfter=No	_	_	_	_	_
402-3	PST083	402	402	3	è	è	_	_	_	_	_	linguistic	_	none	_	_	_	_	_	_
402-4	PST083	402	402	4	la	la	_	_	_	_	_	linguistic	_	none	_	_	_	_	_	_
402-5	PST083	402	402	5	posso	posso	_	_	_	_	_	linguistic	_	none	_	_	_	_	_	_
402-6	PST083	402	402	6	fare	fare	_	_	_	_	_	linguistic	_	none	_	End=1003.544	_	_	_	_
403-0	??	403	403	0	succede	succede	_	_	_	_	_	linguistic	_	none	_	Begin=1003.565	_	_	_	_
403-1	??	403	403	1	che::	che	_	_	_	_	_	linguistic	_	none	_	End=1005.293	2x2	_	_	_
404-0	PST083	404	404	0	e::	e	_	_	_	_	_	linguistic	_	none	_	Begin=1005.423|End=1005.848	0x2	_	_	_
405-0	??	405	405	0	e::	e	_	_	_	_	_	linguistic	_	none	_	Begin=1006.162	0x2	_	_	_
405-1	??	405	405	1	inquadriamo	inquadriamo	_	_	_	_	_	linguistic	_	none	_	_	_	_	_	_
405-2	??	405	405	2	come	come	_	_	_	_	_	linguistic	_	none	_	_	_	_	_	_
405-3	??	405	405	3	se	se	_	_	_	_	_	linguistic	_	none	_	End=1008.924	_	_	_	_
406-0	??	406	406	0	e:	e	_	_	_	_	_	linguistic	_	none	_	Begin=1010.086	0x1	_	_	_
406-1	??	406	406	1	in	in	_	_	_	_	_	linguistic	_	none	_	_	_	_	_	_
406-2	??	406	406	2	[montaggio	montaggio	_	_	_	_	_	linguistic	_	none	_	_	_	_	_	0-9(58)
406-3	??	406	406	3	si]	si	_	_	_	_	_	linguistic	_	none	_	_	_	_	_	0-2(58)
406-4	??	406	406	4	vedrà	vedrà	_	_	_	_	_	linguistic	_	none	_	End=1012.738	_	_	_	_
407-0	PST083	407	407	0	[aspe~	aspe~	_	_	_	_	_	linguistic	_	none	Interrupted=Yes	Begin=1011.0	_	_	_	0-5(58)
407-1	PST083	407	407	1	cosa	cosa	_	_	_	_	_	linguistic	_	none	_	_	_	_	_	0-4(58)
407-2	PST083	407	407	2	volevo	volevo	_	_	_	_	_	linguistic	_	none	_	_	_	_	_	0-6(58)
407-3	PST083	407	407	3	dire]	dire	_	_	_	_	_	linguistic	_	none	_	End=1011.978	_	_	_	0-4(58)
408-0	PST083	408	408	0	((ride))	((ride))	_	_	_	_	_	nonverbalbehavior	_	none	_	Begin=1013.144	_	_	_	_
408-1	PST083	408	408	1	>aiuto	aiuto	_	_	_	_	_	linguistic	_	none	_	_	_	Fast=0-5(0)	_	_
408-2	PST083	408	408	2	cosa	cosa	_	_	_	_	_	linguistic	_	none	_	_	_	Fast=0-4(0)	_	_
408-3	PST083	408	408	3	volevo<	volevo	_	_	_	_	_	linguistic	_	none	_	_	_	Fast=0-6(0)	_	_
408-4	PST083	408	408	4	dire	dire	_	_	_	_	_	linguistic	_	none	_	End=1015.633	_	_	_	_
409-0	PST085	409	409	0	eh	eh	_	_	_	_	_	linguistic	_	none	PauseAfter=Yes	Begin=1017.155	_	_	_	_
409-1	PST085	409	409	1	(.)	(.)	_	_	_	_	_	shortpause	_	none	_	_	_	_	_	_
409-2	PST085	409	409	2	riferito	riferito	_	_	_	_	_	linguistic	_	none	_	_	_	_	_	_
409-3	PST085	409	409	3	all'	all'	_	_	_	_	_	linguistic	_	none	SpaceAfter=No	_	_	_	_	_
409-4	PST085	409	409	4	inquadratura	inquadratura	_	_	_	_	_	linguistic	_	none	_	_	_	_	_	_
409-5	PST085	409	409	5	come	come	_	_	_	_	_	linguistic	_	none	_	_	_	_	_	_
409-6	PST085	409	409	6	ci	ci	_	_	_	_	_	linguistic	_	none	_	_	_	_	_	_
409-7	PST085	409	409	7	dovevano	dovevano	_	_	_	_	_	linguistic	_	none	_	_	_	_	_	_
409-8	PST085	409	409	8	inquadrare	inquadrare	_	_	_	_	_	linguistic	_	none	_	End=1019.946	_	_	_	_
410-0	PST083	410	410	0	c(io)è	cioè	_	_	_	_	_	linguistic	_	none	Reduced=Yes	Begin=1020.482	_	_	_	_
410-1	PST083	410	410	1	allora	allora	_	_	_	_	_	linguistic	_	none	_	End=1021.049	_	_	_	_
411-0	PST083	411	411	0	un	un	_	_	_	_	_	linguistic	_	none	PauseAfter=Yes	Begin=1022.055	_	_	_	_
411-1	PST083	411	411	1	(.)	(.)	_	_	_	_	_	shortpause	_	none	_	_	_	_	_	_
411-2	PST083	411	411	2	campo	campo	_	_	_	_	_	linguistic	_	none	_	_	_	_	_	_
411-3	PST083	411	411	3	totale	totale	_	_	_	_	_	linguistic	_	none	_	_	_	_	_	_
411-4	PST083	411	411	4	così	così	_	_	_	_	_	linguistic	_	none	_	_	_	_	_	_
411-5	PST083	411	411	5	mentre	mentre	_	_	_	_	_	linguistic	_	none	_	_	_	_	_	_
411-6	PST083	411	411	6	balliamo	balliamo	_	_	_	_	_	linguistic	_	none	_	_	_	_	_	_
411-7	PST083	411	411	7	comunque	comunque	_	_	_	_	_	linguistic	_	none	_	_	_	_	_	_
411-8	PST083	411	411	8	si	si	_	_	_	_	_	linguistic	_	none	_	_	_	_	_	_
411-9	PST083	411	411	9	deve	deve	_	_	_	_	_	linguistic	_	none	_	_	_	_	_	_
411-10	PST083	411	411	10	vedere	vedere	_	_	_	_	_	linguistic	_	none	_	_	_	_	_	_
411-11	PST083	411	411	11	tutto	tutto	_	_	_	_	_	linguistic	_	none	_	_	_	_	_	_
411-12	PST083	411	411	12	perché	perché	_	_	_	_	_	linguistic	_	none	_	_	_	_	_	_
411-13	PST083	411	411	13	non	non	_	_	_	_	_	linguistic	_	none	_	_	_	_	_	_
411-14	PST083	411	411	14	è	è	_	_	_	_	_	linguistic	_	none	_	_	_	_	_	_
411-15	PST083	411	411	15	che	che	_	_	_	_	_	linguistic	_	none	_	_	_	_	_	_
411-16	PST083	411	411	16	prendi	prendi	_	_	_	_	_	linguistic	_	none	_	_	_	_	_	_
411-17	PST083	411	411	17	solo::	solo	_	_	_	_	_	linguistic	_	none	_	_	3x2	_	_	_
411-18	PST083	411	411	18	una	una	_	_	_	_	_	linguistic	_	none	_	_	_	_	_	_
411-19	PST083	411	411	19	persona	persona	_	_	_	_	_	linguistic	_	none	PauseAfter=Yes	_	_	_	_	_
411-20	PST083	411	411	20	(.)	(.)	_	_	_	_	_	shortpause	_	none	_	_	_	_	_	_
411-21	PST083	411	411	21	poi	poi	_	_	_	_	_	linguistic	_	none	_	_	_	_	_	_
411-22	PST083	411	411	22	magari	magari	_	_	_	_	_	linguistic	_	none	_	_	_	_	_	_
411-23	PST083	411	411	23	un	un	_	_	_	_	_	linguistic	_	none	_	_	_	_	_	_
411-24	PST083	411	411	24	primo	primo	_	_	_	_	_	linguistic	_	none	_	_	_	_	_	_
411-25	PST083	411	411	25	piano	piano	_	_	_	_	_	linguistic	_	none	_	End=1029.667	_	_	_	_
412-0	PST083	412	412	0	qua	qua	_	_	_	_	_	linguistic	_	none	_	Begin=1031.222	_	_	_	_
412-1	PST083	412	412	1	e	e	_	_	_	_	_	linguistic	_	none	_	_	_	_	_	_
412-2	PST083	412	412	2	là	là	_	_	_	_	_	linguistic	_	none	_	End=1032.066	_	_	_	_
413-0	PST083	413	413	0	per	per	_	_	_	_	_	linguistic	_	none	_	Begin=1033.189|End=1033.778	_	_	_	_
414-0	PST083	414	414	0	non	non	_	_	_	_	_	linguistic	_	none	_	Begin=1034.388	_	_	_	_
414-1	PST083	414	414	1	>lo<	lo	_	_	_	_	_	linguistic	_	none	_	_	_	Fast=0-2(0)	_	_
414-2	PST083	414	414	2	so	so	_	_	_	_	_	linguistic	_	none	_	_	_	_	_	_
414-3	PST083	414	414	3	giusto	giusto	_	_	_	_	_	linguistic	_	none	_	_	_	_	_	_
414-4	PST083	414	414	4	per	per	_	_	_	_	_	linguistic	_	none	_	_	_	_	_	_
414-5	PST083	414	414	5	cambiare	cambiare	_	_	_	_	_	linguistic	_	none	_	_	_	_	_	_
414-6	PST083	414	414	6	un	un	_	_	_	_	_	linguistic	_	none	_	_	_	_	_	_
414-7	PST083	414	414	7	po'	po'	_	_	_	_	_	linguistic	_	none	_	_	_	_	_	_
414-8	PST083	414	414	8	l'	l'	_	_	_	_	_	linguistic	_	none	SpaceAfter=No	_	_	_	_	_
414-9	PST083	414	414	9	inquadratura,	inquadratura	_	_	_	_	_	linguistic	_	none	Intonation=WeaklyRising	End=1036.699	_	_	_	_
415-0	PST085	415	415	0	come	come	_	_	_	_	_	linguistic	_	some	_	Begin=1037.126	_	_	_	_
415-1	PST085	415	415	1	la:	la	_	_	_	_	_	linguistic	_	some	_	_	1x1	_	_	_
415-2	PST085	415	415	2	#televizoare	televizoare	_	_	_	_	_	linguistic	_	some	Language=NO_ISO_CODE|Variation=Token	End=1038.648	_	_	_	_
417-0	PST083	417	417	0	sì	sì	_	_	_	_	_	linguistic	_	none	_	Begin=1038.699|End=1039.133	_	_	_	_
418-0	PST083	418	418	0	magari	magari	_	_	_	_	_	linguistic	_	none	_	Begin=1040.499	_	_	_	_
418-1	PST083	418	418	1	un	un	_	_	_	_	_	linguistic	_	none	_	_	_	_	_	_
418-2	PST083	418	418	2	po'	po'	_	_	_	_	_	linguistic	_	none	_	_	_	_	_	_
418-3	PST083	418	418	3	preso	preso	_	_	_	_	_	linguistic	_	none	_	_	_	_	_	_
418-4	PST083	418	418	4	così	così	_	_	_	_	_	linguistic	_	none	_	_	_	_	_	_
418-5	PST083	418	418	5	tipo::	tipo	_	_	_	_	_	linguistic	_	none	_	End=1042.522	3x2	_	_	_
419-0	PST085	419	419	0	sì	sì	_	_	_	_	_	linguistic	_	none	_	Begin=1042.499	_	_	_	_
419-1	PST085	419	419	1	a	a	_	_	_	_	_	linguistic	_	none	_	_	_	_	_	_
419-2	PST085	419	419	2	tipo:	tipo	_	_	_	_	_	linguistic	_	none	_	_	3x1	_	_	_
419-3	PST085	419	419	3	a	a	_	_	_	_	_	linguistic	_	none	_	_	_	_	_	_
419-4	PST085	419	419	4	cerc~	cerc~	_	_	_	_	_	linguistic	_	none	Interrupted=Yes	_	_	_	_	_
419-5	PST085	419	419	5	eh	eh	_	_	_	_	_	linguistic	_	none	_	_	_	_	_	_
419-6	PST085	419	419	6	[per]	per	_	_	_	_	_	linguistic	_	none	_	End=1044.565	_	_	_	0-3(60)
420-0	PST083	420	420	0	([hai	hai	_	_	_	_	_	linguistic	_	none	_	Begin=1044.333	_	_	0-3(0)	0-3(?)
420-1	PST083	420	420	1	capi~])	capi~	_	_	_	_	_	linguistic	_	none	Interrupted=Yes	End=1045.055	_	_	0-5(0)	0-5(?)
421-0	PST085	421	421	0	[com]e	come	_	_	_	_	_	linguistic	_	none	_	Begin=1044.766	_	_	_	0-3(61)
421-1	PST085	421	421	1	ad	ad	_	_	_	_	_	linguistic	_	none	_	_	_	_	_	_
421-2	PST085	421	421	2	esempio	esempio	_	_	_	_	_	linguistic	_	none	PauseAfter=Yes	_	_	_	_	_
421-3	PST085	421	421	3	(.)	(.)	_	_	_	_	_	shortpause	_	none	_	_	_	_	_	_
421-4	PST085	421	421	4	[come	come	_	_	_	_	_	linguistic	_	none	_	_	_	_	_	0-4(62)
421-5	PST085	421	421	5	ad	ad	_	_	_	_	_	linguistic	_	none	_	_	_	_	_	0-2(62)
421-6	PST085	421	421	6	esempio]	esempio	_	_	_	_	_	linguistic	_	none	_	End=1048.567	_	_	_	0-7(62)
422-0	PST083	422	422	0	((ride))	((ride))	_	_	_	_	_	nonverbalbehavior	_	none	_	Begin=1046.116	_	_	_	_
422-1	PST083	422	422	1	[come	come	_	_	_	_	_	linguistic	_	none	_	_	_	_	_	0-4(62)
422-2	PST083	422	422	2	ad	ad	_	_	_	_	_	linguistic	_	none	_	_	_	_	_	0-2(62)
422-3	PST083	422	422	3	esem~]	esem~	_	_	_	_	_	linguistic	_	none	Interrupted=Yes	_	_	_	_	0-5(62)
422-4	PST083	422	422	4	((ride))	((ride))	_	_	_	_	_	nonverbalbehavior	_	none	_	End=1048.627	_	_	_	_
423-0	PST083	423	423	0	e	e	_	_	_	_	_	linguistic	_	none	PauseAfter=Yes	Begin=1048.627	_	_	_	_
423-1	PST083	423	423	1	(.)	(.)	_	_	_	_	_	shortpause	_	none	_	_	_	_	_	_
423-2	PST083	423	423	2	poi	poi	_	_	_	_	_	linguistic	_	none	_	_	_	_	_	_
423-3	PST083	423	423	3	cos'	cos'	_	_	_	_	_	linguistic	_	none	SpaceAfter=No	_	_	_	_	_
423-4	PST083	423	423	4	altro	altro	_	_	_	_	_	linguistic	_	none	_	_	_	_	_	_
423-5	PST083	423	423	5	c'	c'	_	_	_	_	_	linguistic	_	none	SpaceAfter=No	_	_	_	_	_
423-6	PST083	423	423	6	è	è	_	_	_	_	_	linguistic	_	none	_	End=1050.377	_	_	_	_
424-0	PST083	424	424	0	taglio	taglio	_	_	_	_	_	linguistic	_	none	_	Begin=1051.288	_	_	_	_
424-1	PST083	424	424	1	basso	basso	_	_	_	_	_	linguistic	_	none	_	_	_	_	_	_
424-2	PST083	424	424	2	taglio	taglio	_	_	_	_	_	linguistic	_	none	_	_	_	_	_	_
424-3	PST083	424	424	3	[alto]	alto	_	_	_	_	_	linguistic	_	none	_	End=1053.466	_	_	_	0-4(63)
425-0	PST085	425	425	0	[c(io)è	cioè	_	_	_	_	_	linguistic	_	none	Reduced=Yes	Begin=1052.511	_	_	_	0-4(63)
425-1	PST085	425	425	1	comunque]	comunque	_	_	_	_	_	linguistic	_	none	_	End=1053.322	_	_	_	0-8(63)
426-0	PST085	426	426	0	conta	conta	_	_	_	_	_	linguistic	_	none	_	Begin=1053.555	_	_	_	_
426-1	PST085	426	426	1	che	che	_	_	_	_	_	linguistic	_	none	_	_	_	_	_	_
426-2	PST085	426	426	2	fanno	fanno	_	_	_	_	_	linguistic	_	none	_	_	_	_	_	_
426-3	PST085	426	426	3	tipo	tipo	_	_	_	_	_	linguistic	_	none	_	_	_	_	_	_
426-4	PST085	426	426	4	un	un	_	_	_	_	_	linguistic	_	none	_	End=1054.877	_	_	_	_
427-0	PST093	427	427	0	si	si	_	_	_	_	_	linguistic	_	none	_	Begin=1055.178	_	_	_	_
427-1	PST093	427	427	1	esa[tt~]	esatt~	_	_	_	_	_	linguistic	_	none	Interrupted=Yes	End=1056.311	_	_	_	3-6(64)
428-0	PST085	428	428	0	[un	un	_	_	_	_	_	linguistic	_	none	_	Begin=1055.678	_	_	_	0-2(64)
428-1	PST085	428	428	1	m::i]x	mix	_	_	_	_	_	linguistic	_	none	_	End=1056.822	0x2	_	_	0-2(64)
429-0	PST083	429	429	0	oppure:	oppure	_	_	_	_	_	linguistic	_	none	_	Begin=1058.5	5x1	_	_	_
429-1	PST083	429	429	1	una	una	_	_	_	_	_	linguistic	_	none	_	_	_	_	_	_
429-2	PST083	429	429	2	mezza	mezza	_	_	_	_	_	linguistic	_	none	_	_	_	_	_	_
429-3	PST083	429	429	3	figura	figura	_	_	_	_	_	linguistic	_	none	_	End=1060.511	_	_	_	_
430-0	PST083	430	430	0	che	che	_	_	_	_	_	linguistic	_	none	_	Begin=1062.989	_	_	_	_
430-1	PST083	430	430	1	è	è	_	_	_	_	_	linguistic	_	none	_	_	_	_	_	_
430-2	PST083	430	430	2	dalla	dalla	_	_	_	_	_	linguistic	_	none	_	_	_	_	_	_
430-3	PST083	430	430	3	vita	vita	_	_	_	_	_	linguistic	_	none	_	_	_	_	_	_
430-4	PST083	430	430	4	in	in	_	_	_	_	_	linguistic	_	none	_	_	_	_	_	_
430-5	PST083	430	430	5	su	su	_	_	_	_	_	linguistic	_	none	_	End=1064.156	_	_	_	_
431-0	PST083	431	431	0	mettiamo	mettiamo	_	_	_	_	_	linguistic	_	none	_	Begin=1066.378	_	_	_	_
431-1	PST083	431	431	1	tutte	tutte	_	_	_	_	_	linguistic	_	none	_	_	_	_	_	_
431-2	PST083	431	431	2	e	e	_	_	_	_	_	linguistic	_	none	_	_	_	_	_	_
431-3	PST083	431	431	3	due	due	_	_	_	_	_	linguistic	_	none	_	_	_	_	_	_
431-4	PST083	431	431	4	nel	nel	_	_	_	_	_	linguistic	_	none	_	_	_	_	_	_
431-5	PST083	431	431	5	dubbio	dubbio	_	_	_	_	_	linguistic	_	none	_	End=1067.767	_	_	_	_
432-0	PST085	432	432	0	eh	eh	_	_	_	_	_	linguistic	_	none	_	Begin=1067.767	_	_	_	_
432-1	PST085	432	432	1	però	però	_	_	_	_	_	linguistic	_	none	_	_	_	_	_	_
432-2	PST085	432	432	2	tipo:	tipo	_	_	_	_	_	linguistic	_	none	_	End=1068.589	3x1	_	_	_
433-0	PST085	433	433	0	ma	ma	_	_	_	_	_	linguistic	_	none	_	Begin=1069.311	_	_	_	_
433-1	PST085	433	433	1	però	però	_	_	_	_	_	linguistic	_	none	_	_	_	_	_	_
433-2	PST085	433	433	2	senti	senti	_	_	_	_	_	linguistic	_	none	_	End=1070.066	_	_	_	_
434-0	PST085	434	434	0	chiudiamo	chiudiamo	_	_	_	_	_	linguistic	_	none	_	Begin=1070.188	_	_	_	_
434-1	PST085	434	434	1	un	un	_	_	_	_	_	linguistic	_	none	_	_	_	_	_	_
434-2	PST085	434	434	2	occhio	occhio	_	_	_	_	_	linguistic	_	none	PauseAfter=Yes	_	_	_	_	_
434-3	PST085	434	434	3	(.)	(.)	_	_	_	_	_	shortpause	_	none	_	_	_	_	_	_
434-4	PST085	434	434	4	quando	quando	_	_	_	_	_	linguistic	_	none	_	_	_	_	_	_
434-5	PST085	434	434	5	ci	ci	_	_	_	_	_	linguistic	_	none	_	_	_	_	_	_
434-6	PST085	434	434	6	hanno	hanno	_	_	_	_	_	linguistic	_	none	_	_	_	_	_	_
434-7	PST085	434	434	7	fatto	fatto	_	_	_	_	_	linguistic	_	none	_	_	_	_	_	_
434-8	PST085	434	434	8	fare::	fare	_	_	_	_	_	linguistic	_	none	_	_	3x2	_	_	_
434-9	PST085	434	434	9	un	un	_	_	_	_	_	linguistic	_	none	_	_	_	_	_	_
434-10	PST085	434	434	10	primo	primo	_	_	_	_	_	linguistic	_	none	_	_	_	_	_	_
434-11	PST085	434	434	11	piano	piano	_	_	_	_	_	linguistic	_	none	PauseAfter=Yes	_	_	_	_	_
434-12	PST085	434	434	12	(.)	(.)	_	_	_	_	_	shortpause	_	none	_	_	_	_	_	_
434-13	PST085	434	434	13	secondo	secondo	_	_	_	_	_	linguistic	_	none	_	_	_	_	_	_
434-14	PST085	434	434	14	me	me	_	_	_	_	_	linguistic	_	none	_	_	_	_	_	_
434-15	PST085	434	434	15	più	più	_	_	_	_	_	linguistic	_	none	_	_	_	_	_	_
434-16	PST085	434	434	16	che	che	_	_	_	_	_	linguistic	_	none	_	_	_	_	_	_
434-17	PST085	434	434	17	un	un	_	_	_	_	_	linguistic	_	none	_	_	_	_	_	_
434-18	PST085	434	434	18	primo	primo	_	_	_	_	_	linguistic	_	none	_	_	_	_	_	_
434-19	PST085	434	434	19	piano	piano	_	_	_	_	_	linguistic	_	none	_	_	_	_	_	_
434-20	PST085	434	434	20	ci	ci	_	_	_	_	_	linguistic	_	none	_	_	_	_	_	_
434-21	PST085	434	434	21	fanno	fanno	_	_	_	_	_	linguistic	_	none	_	_	_	_	_	_
434-22	PST085	434	434	22	fare:	fare	_	_	_	_	_	linguistic	_	none	_	_	3x1	_	_	_
434-23	PST085	434	434	23	la:	la	_	_	_	_	_	linguistic	_	none	_	_	1x1	_	_	_
434-24	PST085	434	434	24	l'	l'	_	_	_	_	_	linguistic	_	none	SpaceAfter=No	_	_	_	_	_
434-25	PST085	434	434	25	ultima	ultima	_	_	_	_	_	linguistic	_	none	_	_	_	_	_	_
434-26	PST085	434	434	26	che	che	_	_	_	_	_	linguistic	_	none	_	_	_	_	_	_
434-27	PST085	434	434	27	hai	hai	_	_	_	_	_	linguistic	_	none	_	_	_	_	_	_
434-28	PST085	434	434	28	detto	detto	_	_	_	_	_	linguistic	_	none	_	_	_	_	_	_
434-29	PST085	434	434	29	la	la	_	_	_	_	_	linguistic	_	none	_	_	_	_	_	_
434-30	PST085	434	434	30	mezza	mezza	_	_	_	_	_	linguistic	_	none	_	_	_	_	_	_
434-31	PST085	434	434	31	figu[ra]	figura	_	_	_	_	_	linguistic	_	none	_	End=1078.167	_	_	_	3-6(?)
435-0	PST083	435	435	0	eh	eh	_	_	_	_	_	linguistic	_	none	_	Begin=1073.899|End=1074.122	_	_	_	_
436-0	PST083	436	436	0	[me]zza	mezza	_	_	_	_	_	linguistic	_	none	_	Begin=1078.0	_	_	_	0-2(66)
436-1	PST083	436	436	1	figura	figura	_	_	_	_	_	linguistic	_	none	_	End=1078.556	_	_	_	_
437-0	PST085	437	437	0	che	che	_	_	_	_	_	linguistic	_	none	_	Begin=1079.033	_	_	_	_
437-1	PST085	437	437	1	parte	parte	_	_	_	_	_	linguistic	_	none	_	_	_	_	_	_
437-2	PST085	437	437	2	da	da	_	_	_	_	_	linguistic	_	none	_	_	_	_	_	_
437-3	PST085	437	437	3	qua	qua	_	_	_	_	_	linguistic	_	none	_	End=1080.0	_	_	_	_
438-0	PST085	438	438	0	[per]ché	perché	_	_	_	_	_	linguistic	_	none	_	Begin=1080.222	_	_	_	0-3(67)
438-1	PST085	438	438	1	per	per	_	_	_	_	_	linguistic	_	none	_	_	_	_	_	_
438-2	PST085	438	438	2	esempio	esempio	_	_	_	_	_	linguistic	_	none	_	_	_	_	_	_
438-3	PST085	438	438	3	alla	alla	_	_	_	_	_	linguistic	_	none	_	_	_	_	_	_
438-4	PST085	438	438	4	televisione	televisione	_	_	_	_	_	linguistic	_	none	_	_	_	_	_	_
438-5	PST085	438	438	5	non	non	_	_	_	_	_	linguistic	_	none	_	_	_	_	_	_
438-6	PST085	438	438	6	ci	ci	_	_	_	_	_	linguistic	_	none	_	_	_	_	_	_
438-7	PST085	438	438	7	hanno	hanno	_	_	_	_	_	linguistic	_	none	_	_	_	_	_	_
438-8	PST085	438	438	8	mai	mai	_	_	_	_	_	linguistic	_	none	_	_	_	_	_	_
438-9	PST085	438	438	9	fatto	fatto	_	_	_	_	_	linguistic	_	none	_	_	_	_	_	_
438-10	PST085	438	438	10	un	un	_	_	_	_	_	linguistic	_	none	_	_	_	_	_	_
438-11	PST085	438	438	11	primo	primo	_	_	_	_	_	linguistic	_	none	_	_	_	_	_	_
438-12	PST085	438	438	12	pian~	pian~	_	_	_	_	_	linguistic	_	none	Interrupted=Yes	_	_	_	_	_
438-13	PST085	438	438	13	rar:amente	raramente	_	_	_	_	_	linguistic	_	none	_	_	2x1	_	_	_
438-14	PST085	438	438	14	ci	ci	_	_	_	_	_	linguistic	_	none	_	_	_	_	_	_
438-15	PST085	438	438	15	hanno	hanno	_	_	_	_	_	linguistic	_	none	_	_	_	_	_	_
438-16	PST085	438	438	16	fatto	fatto	_	_	_	_	_	linguistic	_	none	_	_	_	_	_	_
438-17	PST085	438	438	17	un	un	_	_	_	_	_	linguistic	_	none	_	_	_	_	_	_
438-18	PST085	438	438	18	primo	primo	_	_	_	_	_	linguistic	_	none	_	_	_	_	_	_
438-19	PST085	438	438	19	piano	piano	_	_	_	_	_	linguistic	_	none	_	_	_	_	_	_
438-20	PST085	438	438	20	hanno	hanno	_	_	_	_	_	linguistic	_	none	_	_	_	_	_	_
438-21	PST085	438	438	21	sempre	sempre	_	_	_	_	_	linguistic	_	none	_	_	_	_	_	_
438-22	PST085	438	438	22	fatto	fatto	_	_	_	_	_	linguistic	_	none	_	_	_	_	_	_
438-23	PST085	438	438	23	mezza	mezza	_	_	_	_	_	linguistic	_	none	_	_	_	_	_	_
438-24	PST085	438	438	24	figura.	figura	_	_	_	_	_	linguistic	_	none	Intonation=Falling	End=1086.511	_	_	_	_
439-0	PST083	439	439	0	[mh]	mh	_	_	_	_	_	linguistic	_	none	_	Begin=1080.322|End=1080.7	_	_	_	0-2(67)
440-0	PST085	440	440	0	e	e	_	_	_	_	_	linguistic	_	none	_	Begin=1086.566	_	_	_	_
440-1	PST085	440	440	1	tipo	tipo	_	_	_	_	_	linguistic	_	none	_	_	_	_	_	_
440-2	PST085	440	440	2	parte:	parte	_	_	_	_	_	linguistic	_	none	_	_	4x1	_	_	_
440-3	PST085	440	440	3	dalla	dalla	_	_	_	_	_	linguistic	_	none	_	_	_	_	_	_
440-4	PST085	440	440	4	mano	mano	_	_	_	_	_	linguistic	_	none	_	End=1088.633	_	_	_	_
441-0	PST083	441	441	0	sì	sì	_	_	_	_	_	linguistic	_	none	_	Begin=1088.766|End=1089.077	_	_	_	_
442-0	PST085	442	442	0	da	da	_	_	_	_	_	linguistic	_	none	_	Begin=1089.133	_	_	_	_
442-1	PST085	442	442	1	dove	dove	_	_	_	_	_	linguistic	_	none	_	_	_	_	_	_
442-2	PST085	442	442	2	teniamo	teniamo	_	_	_	_	_	linguistic	_	none	_	_	_	_	_	_
442-3	PST085	442	442	3	le	le	_	_	_	_	_	linguistic	_	none	_	_	_	_	_	_
442-4	PST085	442	442	4	mani	mani	_	_	_	_	_	linguistic	_	none	_	_	_	_	_	_
442-5	PST085	442	442	5	in	in	_	_	_	_	_	linguistic	_	none	_	_	_	_	_	_
442-6	PST085	442	442	6	su	su	_	_	_	_	_	linguistic	_	none	_	End=1090.933	_	_	_	_
443-0	PST093	443	443	0	esatto	esatto	_	_	_	_	_	linguistic	_	none	_	Begin=1090.933|End=1091.433	_	_	_	_
444-0	PST085	444	444	0	che	che	_	_	_	_	_	linguistic	_	none	_	Begin=1091.4	_	_	_	_
444-1	PST085	444	444	1	non	non	_	_	_	_	_	linguistic	_	none	_	_	_	_	_	_
444-2	PST085	444	444	2	è	è	_	_	_	_	_	linguistic	_	none	_	_	_	_	_	_
444-3	PST085	444	444	3	tanto	tanto	_	_	_	_	_	linguistic	_	none	PauseAfter=Yes	_	_	_	_	_
444-4	PST085	444	444	4	(.)	(.)	_	_	_	_	_	shortpause	_	none	_	_	_	_	_	_
444-5	PST085	444	444	5	primo	primo	_	_	_	_	_	linguistic	_	none	_	_	_	_	_	_
444-6	PST085	444	444	6	pia~	pia~	_	_	_	_	_	linguistic	_	none	Interrupted=Yes	_	_	_	_	_
444-7	PST085	444	444	7	comunque	comunque	_	_	_	_	_	linguistic	_	none	_	_	_	_	_	_
444-8	PST085	444	444	8	mezza	mezza	_	_	_	_	_	linguistic	_	none	_	_	_	_	_	_
444-9	PST085	444	444	9	figura	figura	_	_	_	_	_	linguistic	_	none	_	_	_	_	_	_
444-10	PST085	444	444	10	è	è	_	_	_	_	_	linguistic	_	none	_	_	_	_	_	_
444-11	PST085	444	444	11	un	un	_	_	_	_	_	linguistic	_	none	_	_	_	_	_	_
444-12	PST085	444	444	12	po'	po'	_	_	_	_	_	linguistic	_	none	_	_	_	_	_	_
444-13	PST085	444	444	13	[più	più	_	_	_	_	_	linguistic	_	none	_	_	_	_	_	0-3(69)
444-14	PST085	444	444	14	giù]	giù	_	_	_	_	_	linguistic	_	none	_	_	_	_	_	0-3(69)
444-15	PST085	444	444	15	della	della	_	_	_	_	_	linguistic	_	none	_	_	_	_	_	_
444-16	PST085	444	444	16	mezza	mezza	_	_	_	_	_	linguistic	_	none	_	_	_	_	_	_
444-17	PST085	444	444	17	figura	figura	_	_	_	_	_	linguistic	_	none	_	End=1095.978	_	_	_	_
445-0	PST093	445	445	0	[siamo	siamo	_	_	_	_	_	linguistic	_	none	_	Begin=1094.678	_	_	_	0-5(69)
445-1	PST093	445	445	1	là]	là	_	_	_	_	_	linguistic	_	none	_	End=1095.178	_	_	_	0-2(69)
446-0	PST085	446	446	0	perché	perché	_	_	_	_	_	linguistic	_	none	_	Begin=1097.145	_	_	_	_
446-1	PST085	446	446	1	alla	alla	_	_	_	_	_	linguistic	_	none	_	_	_	_	_	_
446-2	PST085	446	446	2	fine	fine	_	_	_	_	_	linguistic	_	none	_	_	_	_	_	_
446-3	PST085	446	446	3	ci	ci	_	_	_	_	_	linguistic	_	none	_	_	_	_	_	_
446-4	PST085	446	446	4	interesserà	interesserà	_	_	_	_	_	linguistic	_	none	_	_	_	_	_	_
446-5	PST085	446	446	5	qua	qua	_	_	_	_	_	linguistic	_	none	_	_	_	_	_	_
446-6	PST085	446	446	6	in	in	_	_	_	_	_	linguistic	_	none	_	_	_	_	_	_
446-7	PST085	446	446	7	poi	poi	_	_	_	_	_	linguistic	_	none	_	_	_	_	_	_
446-8	PST085	446	446	8	che	che	_	_	_	_	_	linguistic	_	none	_	_	_	_	_	_
446-9	PST085	446	446	9	si	si	_	_	_	_	_	linguistic	_	none	_	_	_	_	_	_
446-10	PST085	446	446	10	vedono	vedono	_	_	_	_	_	linguistic	_	none	_	_	_	_	_	_
446-11	PST085	446	446	11	le	le	_	_	_	_	_	linguistic	_	none	_	_	_	_	_	_
446-12	PST085	446	446	12	mani	mani	_	_	_	_	_	linguistic	_	none	_	End=1100.0945	_	_	_	_
447-0	PST093	447	447	0	sì	sì	_	_	_	_	_	linguistic	_	none	_	Begin=1100.0945	_	_	_	_
447-1	PST093	447	447	1	esatto	esatto	_	_	_	_	_	linguistic	_	none	_	End=1100.789	_	_	_	_
448-0	PST083	448	448	0	giusto	giusto	_	_	_	_	_	linguistic	_	none	_	Begin=1101.966	_	_	_	_
448-1	PST083	448	448	1	per	per	_	_	_	_	_	linguistic	_	none	_	_	_	_	_	_
448-2	PST083	448	448	2	cambiare	cambiare	_	_	_	_	_	linguistic	_	none	_	_	_	_	_	_
448-3	PST083	448	448	3	perché	perché	_	_	_	_	_	linguistic	_	none	_	_	_	_	_	_
448-4	PST083	448	448	4	non	non	_	_	_	_	_	linguistic	_	none	_	_	_	_	_	_
448-5	PST083	448	448	5	è	è	_	_	_	_	_	linguistic	_	none	_	_	_	_	_	_
448-6	PST083	448	448	6	che	che	_	_	_	_	_	linguistic	_	none	_	_	_	_	_	_
448-7	PST083	448	448	7	puoi	puoi	_	_	_	_	_	linguistic	_	none	_	_	_	_	_	_
448-8	PST083	448	448	8	prendere	prendere	_	_	_	_	_	linguistic	_	none	_	_	_	_	_	_
448-9	PST083	448	448	9	solo::	solo	_	_	_	_	_	linguistic	_	none	_	End=1105.455	3x2	_	_	_
449-0	PST083	449	449	0	e	e	_	_	_	_	_	linguistic	_	none	_	Begin=1106.722	_	_	_	_
449-1	PST083	449	449	1	però	però	_	_	_	_	_	linguistic	_	none	_	_	_	_	_	_
449-2	PST083	449	449	2	c'	c'	_	_	_	_	_	linguistic	_	none	SpaceAfter=No	_	_	_	_	_
449-3	PST083	449	449	3	è	è	_	_	_	_	_	linguistic	_	none	_	_	_	_	_	_
449-4	PST083	449	449	4	un	un	_	_	_	_	_	linguistic	_	none	_	_	_	_	_	_
449-5	PST083	449	449	5	problema	problema	_	_	_	_	_	linguistic	_	none	_	End=1108.255	_	_	_	_
450-0	PST083	450	450	0	o	o	_	_	_	_	_	linguistic	_	none	_	Begin=1109.467	_	_	_	_
450-1	PST083	450	450	1	ci	ci	_	_	_	_	_	linguistic	_	none	_	_	_	_	_	_
450-2	PST083	450	450	2	stanno	stanno	_	_	_	_	_	linguistic	_	none	_	_	_	_	_	_
450-3	PST083	450	450	3	due	due	_	_	_	_	_	linguistic	_	none	_	_	_	_	_	_
450-4	PST083	450	450	4	che	che	_	_	_	_	_	linguistic	_	none	_	_	_	_	_	_
450-5	PST083	450	450	5	filmano	filmano	_	_	_	_	_	linguistic	_	none	_	End=1111.611	_	_	_	_
451-0	PST083	451	451	0	e	e	_	_	_	_	_	linguistic	_	none	_	Begin=1112.155	_	_	_	_
451-1	PST083	451	451	1	quindi	quindi	_	_	_	_	_	linguistic	_	none	_	_	_	_	_	_
451-2	PST083	451	451	2	uno	uno	_	_	_	_	_	linguistic	_	none	_	_	_	_	_	_
451-3	PST083	451	451	3	che	che	_	_	_	_	_	linguistic	_	none	_	_	_	_	_	_
451-4	PST083	451	451	4	prende	prende	_	_	_	_	_	linguistic	_	none	_	_	_	_	_	_
451-5	PST083	451	451	5	tutto	tutto	_	_	_	_	_	linguistic	_	none	_	_	_	_	_	_
451-6	PST083	451	451	6	e	e	_	_	_	_	_	linguistic	_	none	_	_	_	_	_	_
451-7	PST083	451	451	7	uno	uno	_	_	_	_	_	linguistic	_	none	_	_	_	_	_	_
451-8	PST083	451	451	8	che	che	_	_	_	_	_	linguistic	_	none	_	_	_	_	_	_
451-9	PST083	451	451	9	prende	prende	_	_	_	_	_	linguistic	_	none	_	End=1115.022	_	_	_	_
452-0	PST083	452	452	0	la	la	_	_	_	_	_	linguistic	_	none	_	Begin=1115.456	_	_	_	_
452-1	PST083	452	452	1	roba	roba	_	_	_	_	_	linguistic	_	none	_	_	_	_	_	_
452-2	PST083	452	452	2	della	della	_	_	_	_	_	linguistic	_	none	_	_	_	_	_	_
452-3	PST083	452	452	3	mezza	mezza	_	_	_	_	_	linguistic	_	none	_	_	_	_	_	_
452-4	PST083	452	452	4	figura	figura	_	_	_	_	_	linguistic	_	none	_	_	_	_	_	_
452-5	PST083	452	452	5	perché	perché	_	_	_	_	_	linguistic	_	none	_	_	_	_	_	_
452-6	PST083	452	452	6	se	se	_	_	_	_	_	linguistic	_	none	_	_	_	_	_	_
452-7	PST083	452	452	7	no	no	_	_	_	_	_	linguistic	_	none	_	_	_	_	_	_
452-8	PST083	452	452	8	uno	uno	_	_	_	_	_	linguistic	_	none	_	_	_	_	_	_
452-9	PST083	452	452	9	non	non	_	_	_	_	_	linguistic	_	none	_	_	_	_	_	_
452-10	PST083	452	452	10	è	è	_	_	_	_	_	linguistic	_	none	_	_	_	_	_	_
452-11	PST083	452	452	11	che	che	_	_	_	_	_	linguistic	_	none	_	_	_	_	_	_
452-12	PST083	452	452	12	può:	può	_	_	_	_	_	linguistic	_	none	_	_	2x1	_	_	_
452-13	PST083	452	452	13	cambiare	cambiare	_	_	_	_	_	linguistic	_	none	_	_	_	_	_	_
452-14	PST083	452	452	14	così	così	_	_	_	_	_	linguistic	_	none	_	End=1120.1	_	_	_	_
453-0	PST093	453	453	0	com'	com'	_	_	_	_	_	linguistic	_	none	SpaceAfter=No	Begin=1118.977	_	_	_	_
453-1	PST093	453	453	1	era	era	_	_	_	_	_	linguistic	_	none	_	_	_	_	_	_
453-2	PST093	453	453	2	(favorit)	favorit	_	_	_	_	_	linguistic	_	none	_	End=1120.167	_	_	0-7(0)	_
454-0	PST093	454	454	0	che	che	_	_	_	_	_	linguistic	_	none	_	Begin=1120.167	_	_	_	_
454-1	PST093	454	454	1	c'	c'	_	_	_	_	_	linguistic	_	none	SpaceAfter=No	_	_	_	_	_
454-2	PST093	454	454	2	era	era	_	_	_	_	_	linguistic	_	none	_	_	_	_	_	_
454-3	PST093	454	454	3	uno	uno	_	_	_	_	_	linguistic	_	none	_	_	_	_	_	_
454-4	PST093	454	454	4	diet[ro]	dietro	_	_	_	_	_	linguistic	_	none	_	End=1122.8	_	_	_	3-6(71)
455-0	PST083	455	455	0	[eh	eh	_	_	_	_	_	linguistic	_	none	_	Begin=1120.389	_	_	_	0-2(71)
455-1	PST083	455	455	1	non	non	_	_	_	_	_	linguistic	_	none	_	_	_	_	_	0-3(71)
455-2	PST083	455	455	2	è	è	_	_	_	_	_	linguistic	_	none	_	_	_	_	_	0-1(71)
455-3	PST083	455	455	3	chè::]	chè	_	_	_	_	_	linguistic	_	none	_	End=1122.822	2x2	_	_	0-3(71)
456-0	PST083	456	456	0	vabbè	vabbè	_	_	_	_	_	linguistic	_	none	_	Begin=1123.472|End=1124.661	_	_	_	_
457-0	PST083	457	457	0	a	a	_	_	_	_	_	linguistic	_	none	_	Begin=1125.044	_	_	_	_
457-1	PST083	457	457	1	questo	questo	_	_	_	_	_	linguistic	_	none	_	_	_	_	_	_
457-2	PST083	457	457	2	ci	ci	_	_	_	_	_	linguistic	_	none	_	_	_	_	_	_
457-3	PST083	457	457	3	pensiamo	pensiamo	_	_	_	_	_	linguistic	_	none	_	_	_	_	_	_
457-4	PST083	457	457	4	dopo	dopo	_	_	_	_	_	linguistic	_	none	_	End=1125.966	_	_	_	_
458-0	PST085	458	458	0	infatti	infatti	_	_	_	_	_	linguistic	_	none	_	Begin=1125.978|End=1126.656	_	_	_	_
459-0	PST083	459	459	0	perché	perché	_	_	_	_	_	linguistic	_	none	_	Begin=1126.733	_	_	_	_
459-1	PST083	459	459	1	ci	ci	_	_	_	_	_	linguistic	_	none	_	_	_	_	_	_
459-2	PST083	459	459	2	pr~	pr~	_	_	_	_	_	linguistic	_	none	Interrupted=Yes	_	_	_	_	_
459-3	PST083	459	459	3	mh	mh	_	_	_	_	_	linguistic	_	none	PauseAfter=Yes	_	_	_	_	_
459-4	PST083	459	459	4	(.)	(.)	_	_	_	_	_	shortpause	_	none	_	_	_	_	_	_
459-5	PST083	459	459	5	((legge))	((legge))	_	_	_	_	_	nonverbalbehavior	_	none	_	_	_	_	_	_
459-6	PST083	459	459	6	attrezzatura	attrezzatura	_	_	_	_	_	linguistic	_	none	_	_	_	_	_	_
459-7	PST083	459	459	7	che	che	_	_	_	_	_	linguistic	_	none	_	_	_	_	_	_
459-8	PST083	459	459	8	cosa	cosa	_	_	_	_	_	linguistic	_	none	_	_	_	_	_	_
459-9	PST083	459	459	9	ti	ti	_	_	_	_	_	linguistic	_	none	_	_	_	_	_	_
459-10	PST083	459	459	10	serve	serve	_	_	_	_	_	linguistic	_	none	_	End=1130.366	_	_	_	_
460-0	PST083	460	460	0	eh::	eh	_	_	_	_	_	linguistic	_	none	_	Begin=1130.8	1x2	_	_	_
460-1	PST083	460	460	1	cosa	cosa	_	_	_	_	_	linguistic	_	none	_	_	_	_	_	_
460-2	PST083	460	460	2	mi	mi	_	_	_	_	_	linguistic	_	none	_	_	_	_	_	_
460-3	PST083	460	460	3	serve	serve	_	_	_	_	_	linguistic	_	none	_	End=1132.011	_	_	_	_
461-0	PST083	461	461	0	la	la	_	_	_	_	_	linguistic	_	none	_	Begin=1132.1	_	_	_	_
461-1	PST083	461	461	1	macchina	macchina	_	_	_	_	_	linguistic	_	none	_	_	_	_	_	_
461-2	PST083	461	461	2	da	da	_	_	_	_	_	linguistic	_	none	_	_	_	_	_	_
461-3	PST083	461	461	3	presa,	presa	_	_	_	_	_	linguistic	_	none	Intonation=WeaklyRising	End=1133.344	_	_	_	_
462-0	PST083	462	462	0	e	e	_	_	_	_	_	linguistic	_	none	_	Begin=1136.278	_	_	_	_
462-1	PST083	462	462	1	un	un	_	_	_	_	_	linguistic	_	none	_	_	_	_	_	_
462-2	PST083	462	462	2	altra	altra	_	_	_	_	_	linguistic	_	none	_	_	_	_	_	_
462-3	PST083	462	462	3	macchina	macchina	_	_	_	_	_	linguistic	_	none	_	_	_	_	_	_
462-4	PST083	462	462	4	da	da	_	_	_	_	_	linguistic	_	none	_	_	_	_	_	_
462-5	PST083	462	462	5	presa	presa	_	_	_	_	_	linguistic	_	none	_	End=1137.722	_	_	_	_
463-0	PST085	463	463	0	due	due	_	_	_	_	_	linguistic	_	none	_	Begin=1137.755	_	_	_	_
463-1	PST085	463	463	1	macchina	macchina	_	_	_	_	_	linguistic	_	none	_	_	_	_	_	_
463-2	PST085	463	463	2	da	da	_	_	_	_	_	linguistic	_	none	_	_	_	_	_	_
463-3	PST085	463	463	3	prese	prese	_	_	_	_	_	linguistic	_	none	_	End=1139.21	_	_	_	_
464-0	PST085	464	464	0	perché::	perché	_	_	_	_	_	linguistic	_	none	_	Begin=1140.377|End=1141.488	5x2	_	_	_
465-0	PST085	465	465	0	non	non	_	_	_	_	_	linguistic	_	none	_	Begin=1142.444	_	_	_	_
465-1	PST085	465	465	1	p~	p~	_	_	_	_	_	linguistic	_	none	Interrupted=Yes	_	_	_	_	_
465-2	PST085	465	465	2	anche	anche	_	_	_	_	_	linguistic	_	none	_	_	_	_	_	_
465-3	PST085	465	465	3	perché	perché	_	_	_	_	_	linguistic	_	none	_	_	_	_	_	_
465-4	PST085	465	465	4	conta	conta	_	_	_	_	_	linguistic	_	none	_	_	_	_	_	_
465-5	PST085	465	465	5	eh	eh	_	_	_	_	_	linguistic	_	none	_	_	_	_	_	_
465-6	PST085	465	465	6	però	però	_	_	_	_	_	linguistic	_	none	_	_	_	_	_	_
465-7	PST085	465	465	7	adesso	adesso	_	_	_	_	_	linguistic	_	none	_	_	_	_	_	_
465-8	PST085	465	465	8	facendo	facendo	_	_	_	_	_	linguistic	_	none	_	_	_	_	_	_
465-9	PST085	465	465	9	due	due	_	_	_	_	_	linguistic	_	none	_	_	_	_	_	_
465-10	PST085	465	465	10	conti	conti	_	_	_	_	_	linguistic	_	none	_	_	_	_	_	_
465-11	PST085	465	465	11	non	non	_	_	_	_	_	linguistic	_	none	_	_	_	_	_	_
465-12	PST085	465	465	12	possiamo	possiamo	_	_	_	_	_	linguistic	_	none	_	_	_	_	_	_
465-13	PST085	465	465	13	stare	stare	_	_	_	_	_	linguistic	_	none	_	_	_	_	_	_
465-14	PST085	465	465	14	con	con	_	_	_	_	_	linguistic	_	none	_	_	_	_	_	_
465-15	PST085	465	465	15	una	una	_	_	_	_	_	linguistic	_	none	_	_	_	_	_	_
465-16	PST085	465	465	16	macchina	macchina	_	_	_	_	_	linguistic	_	none	_	_	_	_	_	_
465-17	PST085	465	465	17	da	da	_	_	_	_	_	linguistic	_	none	_	_	_	_	_	_
465-18	PST085	465	465	18	presa	presa	_	_	_	_	_	linguistic	_	none	_	End=1147.622	_	_	_	_
466-0	PST083	466	466	0	eh	eh	_	_	_	_	_	linguistic	_	none	_	Begin=1147.633	_	_	_	_
466-1	PST083	466	466	1	infa[tti]	infatti	_	_	_	_	_	linguistic	_	none	_	End=1148.289	_	_	_	4-7(72)
467-0	PST085	467	467	0	solo	solo	_	_	_	_	_	linguistic	_	none	_	Begin=1148.283	_	_	_	_
467-1	PST085	467	467	1	in	in	_	_	_	_	_	linguistic	_	none	_	_	_	_	_	_
467-2	PST085	467	467	2	una	una	_	_	_	_	_	linguistic	_	none	_	_	_	_	_	_
467-3	PST085	467	467	3	posizio[ne	posizione	_	_	_	_	_	linguistic	_	none	_	_	_	_	_	7-9(73)
467-4	PST085	467	467	4	se]	se	_	_	_	_	_	linguistic	_	none	_	_	_	_	_	0-2(73)
467-5	PST085	467	467	5	poi	poi	_	_	_	_	_	linguistic	_	none	_	_	_	_	_	_
467-6	PST085	467	467	6	ci	ci	_	_	_	_	_	linguistic	_	none	_	_	_	_	_	_
467-7	PST085	467	467	7	chiedi	chiedi	_	_	_	_	_	linguistic	_	none	_	_	_	_	_	_
467-8	PST085	467	467	8	quali	quali	_	_	_	_	_	linguistic	_	none	_	_	_	_	_	_
467-9	PST085	467	467	9	inquadrature	inquadrature	_	_	_	_	_	linguistic	_	none	_	_	_	_	_	_
467-10	PST085	467	467	10	[vuoi]	vuoi	_	_	_	_	_	linguistic	_	none	_	End=1152.022	_	_	_	0-4(74)
468-0	PST083	468	468	0	[eh]	eh	_	_	_	_	_	linguistic	_	none	_	Begin=1149.424|End=1149.674	_	_	_	0-2(73)
469-0	PST093	469	469	0	[mh	mh	_	_	_	_	_	linguistic	_	none	ProsodicLink=Yes	Begin=1151.278	_	_	_	0-2(74)
469-1	PST093	469	469	1	mh]	mh	_	_	_	_	_	linguistic	_	none	_	End=1151.889	_	_	_	0-2(74)
470-0	PST083	470	470	0	mettiamo	mettiamo	_	_	_	_	_	linguistic	_	none	PauseAfter=Yes	Begin=1152.832	_	_	_	_
470-1	PST083	470	470	1	(.)	(.)	_	_	_	_	_	shortpause	_	none	_	_	_	_	_	_
470-2	PST083	470	470	2	((scrive))	((scrive))	_	_	_	_	_	nonverbalbehavior	_	none	_	_	_	_	_	_
470-3	PST083	470	470	3	due	due	_	_	_	_	_	linguistic	_	none	_	End=1154.566	_	_	_	_
471-0	PST083	471	471	0	((scrive))	((scrive))	_	_	_	_	_	nonverbalbehavior	_	none	_	Begin=1156.356	_	_	_	_
471-1	PST083	471	471	1	>ma:cch[i:ne<]	macchine	_	_	_	_	_	linguistic	_	none	_	End=1158.356	1x1,5x1	Fast=0-8(0)	_	5-8(75)
472-0	PST085	472	472	0	anche	anche	_	_	_	_	_	linguistic	_	none	_	Begin=1157.378	_	_	_	_
472-1	PST085	472	472	1	perché	perché	_	_	_	_	_	linguistic	_	none	_	_	_	_	_	_
472-2	PST085	472	472	2	secondo	secondo	_	_	_	_	_	linguistic	_	none	_	_	_	_	_	_
472-3	PST085	472	472	3	me	me	_	_	_	_	_	linguistic	_	none	_	_	_	_	_	_
472-4	PST085	472	472	4	con	con	_	_	_	_	_	linguistic	_	none	_	_	_	_	_	_
472-5	PST085	472	472	5	l'	l'	_	_	_	_	_	linguistic	_	none	SpaceAfter=No	_	_	_	_	_
472-6	PST085	472	472	6	inquadratura	inquadratura	_	_	_	_	_	linguistic	_	none	_	_	_	_	_	_
472-7	PST085	472	472	7	intendono	intendono	_	_	_	_	_	linguistic	_	none	_	_	_	_	_	_
472-8	PST085	472	472	8	molto::	molto	_	_	_	_	_	linguistic	_	none	_	_	4x2	_	_	_
472-9	PST085	472	472	9	anche	anche	_	_	_	_	_	linguistic	_	none	_	_	_	_	_	_
472-10	PST085	472	472	10	il	il	_	_	_	_	_	linguistic	_	none	_	_	_	_	_	_
472-11	PST085	472	472	11	fatto	fatto	_	_	_	_	_	linguistic	_	none	_	_	_	_	_	_
472-12	PST085	472	472	12	tipo	tipo	_	_	_	_	_	linguistic	_	none	_	_	_	_	_	_
472-13	PST085	472	472	13	col	col	_	_	_	_	_	linguistic	_	none	_	_	_	_	_	_
472-14	PST085	472	472	14	telefono:,	telefono	_	_	_	_	_	linguistic	_	none	Intonation=WeaklyRising	End=1162.345	7x1	_	_	_
473-0	PST085	473	473	0	contano	contano	_	_	_	_	_	linguistic	_	none	_	Begin=1162.744	_	_	_	_
473-1	PST085	473	473	1	il	il	_	_	_	_	_	linguistic	_	none	_	_	_	_	_	_
473-2	PST085	473	473	2	telefono	telefono	_	_	_	_	_	linguistic	_	none	_	_	_	_	_	_
473-3	PST085	473	473	3	ma	ma	_	_	_	_	_	linguistic	_	none	_	_	_	_	_	_
473-4	PST085	473	473	4	poi	poi	_	_	_	_	_	linguistic	_	none	_	_	_	_	_	_
473-5	PST085	473	473	5	fai	fai	_	_	_	_	_	linguistic	_	none	_	_	_	_	_	_
473-6	PST085	473	473	6	l'	l'	_	_	_	_	_	linguistic	_	none	SpaceAfter=No	_	_	_	_	_
473-7	PST085	473	473	7	inquadratura	inquadratura	_	_	_	_	_	linguistic	_	none	_	_	_	_	_	_
473-8	PST085	473	473	8	con	con	_	_	_	_	_	linguistic	_	none	_	_	_	_	_	_
473-9	PST085	473	473	9	una	una	_	_	_	_	_	linguistic	_	none	_	_	_	_	_	_
473-10	PST085	473	473	10	telecamera	telecamera	_	_	_	_	_	linguistic	_	none	_	_	_	_	_	_
473-11	PST085	473	473	11	e	e	_	_	_	_	_	linguistic	_	none	_	_	_	_	_	_
473-12	PST085	473	473	12	un'	un'	_	_	_	_	_	linguistic	_	none	SpaceAfter=No	_	_	_	_	_
473-13	PST085	473	473	13	inquadratura	inquadratura	_	_	_	_	_	linguistic	_	none	_	_	_	_	_	_
473-14	PST085	473	473	14	col	col	_	_	_	_	_	linguistic	_	none	_	_	_	_	_	_
473-15	PST085	473	473	15	telefono	telefono	_	_	_	_	_	linguistic	_	none	_	End=1166.599	_	_	_	_
474-0	PST083	474	474	0	>ah	ah	_	_	_	_	_	linguistic	_	none	_	Begin=1167.771	_	Fast=0-2(0)	_	_
474-1	PST083	474	474	1	vabèallora<	vabèallora	_	_	_	_	_	linguistic	_	none	_	_	_	Fast=0-10(0)	_	_
474-2	PST083	474	474	2	due	due	_	_	_	_	_	linguistic	_	none	_	_	_	_	_	_
474-3	PST083	474	474	3	macchina	macchina	_	_	_	_	_	linguistic	_	none	_	_	_	_	_	_
474-4	PST083	474	474	4	da	da	_	_	_	_	_	linguistic	_	none	_	_	_	_	_	_
474-5	PST083	474	474	5	presa,	presa	_	_	_	_	_	linguistic	_	none	Intonation=WeaklyRising	End=1169.749	_	_	_	_
475-0	PST083	475	475	0	m::::::h	mh	_	_	_	_	_	linguistic	_	none	_	Begin=1170.911|End=1172.577	0x6	_	_	_
476-0	PST085	476	476	0	e	e	_	_	_	_	_	linguistic	_	none	_	Begin=1173.777	_	_	_	_
476-1	PST085	476	476	1	quello:	quello	_	_	_	_	_	linguistic	_	none	_	_	5x1	_	_	_
476-2	PST085	476	476	2	è	è	_	_	_	_	_	linguistic	_	none	_	_	_	_	_	_
476-3	PST085	476	476	3	molto	molto	_	_	_	_	_	linguistic	_	none	_	_	_	_	_	_
476-4	PST085	476	476	4	collegato::	collegato	_	_	_	_	_	linguistic	_	none	_	_	8x2	_	_	_
476-5	PST085	476	476	5	soggettivo	soggettivo	_	_	_	_	_	linguistic	_	none	_	_	_	_	_	_
476-6	PST085	476	476	6	all'	all'	_	_	_	_	_	linguistic	_	none	SpaceAfter=No	_	_	_	_	_
476-7	PST085	476	476	7	inquadratura	inquadratura	_	_	_	_	_	linguistic	_	none	_	End=1177.011	_	_	_	_
477-0	PST093	477	477	0	sì	sì	_	_	_	_	_	linguistic	_	none	_	Begin=1177.361|End=1177.738	_	_	_	_
478-0	PST085	478	478	0	e	e	_	_	_	_	_	linguistic	_	none	_	Begin=1177.766	_	_	_	_
478-1	PST085	478	478	1	basta	basta	_	_	_	_	_	linguistic	_	none	_	_	_	_	_	_
478-2	PST085	478	478	2	non	non	_	_	_	_	_	linguistic	_	none	_	_	_	_	_	_
478-3	PST085	478	478	3	è	è	_	_	_	_	_	linguistic	_	none	_	_	_	_	_	_
478-4	PST085	478	478	4	che:	che	_	_	_	_	_	linguistic	_	none	_	End=1179.533	2x1	_	_	_
479-0	PST083	479	479	0	e:h	eh	_	_	_	_	_	linguistic	_	none	_	Begin=1180.155	0x1	_	_	_
479-1	PST083	479	479	1	descrivo	descrivo	_	_	_	_	_	linguistic	_	none	_	_	_	_	_	_
479-2	PST083	479	479	2	poi	poi	_	_	_	_	_	linguistic	_	none	_	_	_	_	_	_
479-3	PST083	479	479	3	le	le	_	_	_	_	_	linguistic	_	none	_	_	_	_	_	_
479-4	PST083	479	479	4	diverse	diverse	_	_	_	_	_	linguistic	_	none	_	_	_	_	_	_
479-5	PST083	479	479	5	inquadrature	inquadrature	_	_	_	_	_	linguistic	_	none	_	End=1182.099	_	_	_	_
480-0	PST085	480	480	0	ecco	ecco	_	_	_	_	_	linguistic	_	none	_	Begin=1182.099|End=1183.433	_	_	_	_
481-0	PST083	481	481	0	e:::::h	eh	_	_	_	_	_	linguistic	_	none	_	Begin=1199.4|End=1201.389	0x5	_	_	_
482-0	PST083	482	482	0	più	più	_	_	_	_	_	linguistic	_	none	_	Begin=1202.6	_	_	_	_
482-1	PST083	482	482	1	che	che	_	_	_	_	_	linguistic	_	none	_	_	_	_	_	_
482-2	PST083	482	482	2	altro	altro	_	_	_	_	_	linguistic	_	none	_	_	_	_	_	_
482-3	PST083	482	482	3	ci	ci	_	_	_	_	_	linguistic	_	none	_	_	_	_	_	_
482-4	PST083	482	482	4	manca	manca	_	_	_	_	_	linguistic	_	none	_	_	_	_	_	_
482-5	PST083	482	482	5	da	da	_	_	_	_	_	linguistic	_	none	_	_	_	_	_	_
482-6	PST083	482	482	6	dove	dove	_	_	_	_	_	linguistic	_	none	_	_	_	_	_	_
482-7	PST083	482	482	7	quando	quando	_	_	_	_	_	linguistic	_	none	_	_	_	_	_	_
482-8	PST083	482	482	8	e	e	_	_	_	_	_	linguistic	_	none	_	_	_	_	_	_
482-9	PST083	482	482	9	DOVE	dove	_	_	_	_	_	linguistic	_	none	Volume=high	_	_	_	_	_
482-10	PST083	482	482	10	però:	però	_	_	_	_	_	linguistic	_	none	_	End=1206.811	3x1	_	_	_
483-0	PST083	483	483	0	o	o	_	_	_	_	_	linguistic	_	some	_	Begin=1208.483	_	_	_	_
483-1	PST083	483	483	1	chiediamo	chiediamo	_	_	_	_	_	linguistic	_	some	_	_	_	_	_	_
483-2	PST083	483	483	2	a	a	_	_	_	_	_	linguistic	_	some	_	_	_	_	_	_
483-3	PST083	483	483	3	#doamna	doamna	_	_	_	_	_	linguistic	_	some	Language=NO_ISO_CODE|Variation=Token	_	_	_	_	_
483-4	PST083	483	483	4	@ecaterin~	@ecaterin~	_	_	_	_	_	anonymized	_	some	Interrupted=Yes	End=1210.505	_	_	_	_
485-0	PST085	485	485	0	quando	quando	_	_	_	_	_	linguistic	_	none	_	Begin=1210.505	_	_	_	_
485-1	PST085	485	485	1	in	in	_	_	_	_	_	linguistic	_	none	_	_	_	_	_	_
485-2	PST085	485	485	2	un	un	_	_	_	_	_	linguistic	_	none	_	_	_	_	_	_
485-3	PST085	485	485	3	prossimo	prossimo	_	_	_	_	_	linguistic	_	none	_	_	_	_	_	_
485-4	PST085	485	485	4	spettacolo	spettacolo	_	_	_	_	_	linguistic	_	none	_	End=1212.605	_	_	_	_
486-0	PST083	486	486	0	in	in	_	_	_	_	_	linguistic	_	none	_	Begin=1212.922	_	_	_	_
486-1	PST083	486	486	1	uno	uno	_	_	_	_	_	linguistic	_	none	_	_	_	_	_	_
486-2	PST083	486	486	2	spettacolo	spettacolo	_	_	_	_	_	linguistic	_	none	_	_	_	_	_	_
486-3	PST083	486	486	3	futuro	futuro	_	_	_	_	_	linguistic	_	none	_	End=1214.588	_	_	_	_
487-0	PST083	487	487	0	ah	ah	_	_	_	_	_	linguistic	_	some	_	Begin=1215.457	_	_	_	_
487-1	PST083	487	487	1	ma	ma	_	_	_	_	_	linguistic	_	some	_	_	_	_	_	_
487-2	PST083	487	487	2	è	è	_	_	_	_	_	linguistic	_	some	_	_	_	_	_	_
487-3	PST083	487	487	3	qua	qua	_	_	_	_	_	linguistic	_	some	_	_	_	_	_	_
487-4	PST083	487	487	4	>#doamna<	doamna	_	_	_	_	_	linguistic	_	some	Language=NO_ISO_CODE|Variation=Token	_	_	Fast=0-7(0)	_	_
487-5	PST083	487	487	5	@ecaterina	@ecaterina	_	_	_	_	_	anonymized	_	some	_	End=1216.522	_	_	_	_
489-0	PST083	489	489	0	#doamna	doamna	_	_	_	_	_	linguistic	_	some	Language=NO_ISO_CODE|Variation=Token	Begin=1217.933	_	_	_	_
489-1	PST083	489	489	1	@ecaterina,	@ecaterina	_	_	_	_	_	anonymized	_	some	Intonation=WeaklyRising	End=1219.222	_	_	_	_
491-0	PST094	491	491	0	ei	ei	_	_	_	_	_	linguistic	_	none	_	Begin=1219.255|End=1219.616	_	_	_	_
492-0	PST083	492	492	0	quali	quali	_	_	_	_	_	linguistic	_	none	_	Begin=1219.616	_	_	_	_
492-1	PST083	492	492	1	sono	sono	_	_	_	_	_	linguistic	_	none	_	_	_	_	_	_
492-2	PST083	492	492	2	i	i	_	_	_	_	_	linguistic	_	none	_	_	_	_	_	_
492-3	PST083	492	492	3	prossimi	prossimi	_	_	_	_	_	linguistic	_	none	_	_	_	_	_	_
492-4	PST083	492	492	4	spettacoli:::	spettacoli	_	_	_	_	_	linguistic	_	none	_	End=1222.111	9x3	_	_	_
493-0	PST083	493	493	0	ipotetic[i:::]	ipotetici	_	_	_	_	_	linguistic	_	none	_	Begin=1223.033|End=1224.166	8x3	_	_	8-9(76)
494-0	PST094	494	494	0	importanti?	importanti	_	_	_	_	_	linguistic	_	none	Intonation=Rising	Begin=1223.533|End=1224.744	_	_	_	_
495-0	PST085	495	495	0	[sì]	sì	_	_	_	_	_	linguistic	_	none	_	Begin=1224.817|End=1225.228	_	_	_	0-2(77)
496-0	PST083	496	496	0	[che]	che	_	_	_	_	_	linguistic	_	none	_	Begin=1224.822	_	_	_	0-3(77)
496-1	PST083	496	496	1	non	non	_	_	_	_	_	linguistic	_	none	_	_	_	_	_	_
496-2	PST083	496	496	2	sia	sia	_	_	_	_	_	linguistic	_	none	_	_	_	_	_	_
496-3	PST083	496	496	3	quello	quello	_	_	_	_	_	linguistic	_	none	_	_	_	_	_	_
496-4	PST083	496	496	4	del	del	_	_	_	_	_	linguistic	_	none	_	_	_	_	_	_
496-5	PST083	496	496	5	ventidue	ventidue	_	_	_	_	_	linguistic	_	none	_	_	_	_	_	_
496-6	PST083	496	496	6	magari	magari	_	_	_	_	_	linguistic	_	none	_	End=1226.422	_	_	_	_
497-0	PST094	497	497	0	dovete	dovete	_	_	_	_	_	linguistic	_	none	_	Begin=1226.422	_	_	_	_
497-1	PST094	497	497	1	scrivere	scrivere	_	_	_	_	_	linguistic	_	none	_	_	_	_	_	_
497-2	PST094	497	497	2	qua?	qua	_	_	_	_	_	linguistic	_	none	Intonation=Rising	End=1227.955	_	_	_	_
498-0	PST083	498	498	0	e	e	_	_	_	_	_	linguistic	_	none	_	Begin=1228.211	_	_	_	_
498-1	PST083	498	498	1	perché::	perché	_	_	_	_	_	linguistic	_	none	_	_	5x2	_	_	_
498-2	PST083	498	498	2	dobbiamo	dobbiamo	_	_	_	_	_	linguistic	_	none	_	_	_	_	_	_
498-3	PST083	498	498	3	scegliere	scegliere	_	_	_	_	_	linguistic	_	none	_	_	_	_	_	_
498-4	PST083	498	498	4	dove	dove	_	_	_	_	_	linguistic	_	none	_	_	_	_	_	_
498-5	PST083	498	498	5	e	e	_	_	_	_	_	linguistic	_	none	_	_	_	_	_	_
498-6	PST083	498	498	6	quando	quando	_	_	_	_	_	linguistic	_	none	_	End=1230.267	_	_	_	_
499-0	PST094	499	499	0	e:h	eh	_	_	_	_	_	linguistic	_	none	_	Begin=1230.944	0x1	_	_	_
499-1	PST094	499	499	1	io:	io	_	_	_	_	_	linguistic	_	none	_	_	1x1	_	_	_
499-2	PST094	499	499	2	mh:	mh	_	_	_	_	_	linguistic	_	none	_	End=1232.721	1x1	_	_	_
500-0	PST094	500	500	0	metterei	metterei	_	_	_	_	_	linguistic	_	none	_	Begin=1233.3	_	_	_	_
500-1	PST094	500	500	1	sempre	sempre	_	_	_	_	_	linguistic	_	none	_	End=1234.633	_	_	_	_
501-0	PST094	501	501	0	bucarest	bucarest	_	_	_	_	_	linguistic	_	none	_	Begin=1235.022	_	_	_	_
501-1	PST094	501	501	1	per	per	_	_	_	_	_	linguistic	_	none	_	_	_	_	_	_
501-2	PST094	501	501	2	primo	primo	_	_	_	_	_	linguistic	_	none	_	End=1236.544	_	_	_	_
502-0	PST083	502	502	0	sì	sì	_	_	_	_	_	linguistic	_	none	_	Begin=1236.644	_	_	_	_
502-1	PST083	502	502	1	ma	ma	_	_	_	_	_	linguistic	_	none	_	_	_	_	_	_
502-2	PST083	502	502	2	loro	loro	_	_	_	_	_	linguistic	_	none	_	_	_	_	_	_
502-3	PST083	502	502	3	non	non	_	_	_	_	_	linguistic	_	none	_	_	_	_	_	_
502-4	PST083	502	502	4	possono	possono	_	_	_	_	_	linguistic	_	none	_	_	_	_	_	_
502-5	PST083	502	502	5	venire	venire	_	_	_	_	_	linguistic	_	none	_	_	_	_	_	_
502-6	PST083	502	502	6	fino	fino	_	_	_	_	_	linguistic	_	none	_	_	_	_	_	_
502-7	PST083	502	502	7	a	a	_	_	_	_	_	linguistic	_	none	_	_	_	_	_	_
502-8	PST083	502	502	8	Bucarest	bucarest	_	_	_	_	_	linguistic	_	none	Volume=high	End=1238.622	_	_	_	_
503-0	PST094	503	503	0	ah:	ah	_	_	_	_	_	linguistic	_	none	_	Begin=1239.256	1x1	_	_	_
503-1	PST094	503	503	1	dovete	dovete	_	_	_	_	_	linguistic	_	none	_	_	_	_	_	_
503-2	PST094	503	503	2	prima	prima	_	_	_	_	_	linguistic	_	none	_	_	_	_	_	_
503-3	PST094	503	503	3	venire	venire	_	_	_	_	_	linguistic	_	none	_	_	_	_	_	_
503-4	PST094	503	503	4	a	a	_	_	_	_	_	linguistic	_	none	_	_	_	_	_	_
503-5	PST094	503	503	5	sent~::	sent~::	_	_	_	_	_	error	_	none	_	_	_	_	_	_
503-6	PST094	503	503	6	m::h	mh	_	_	_	_	_	linguistic	_	none	_	End=1242.056	0x2	_	_	_
504-0	PST083	504	504	0	siì:	siì	_	_	_	_	_	linguistic	_	none	_	Begin=1240.956	2x1	_	_	_
504-1	PST083	504	504	1	((ride))	((ride))	_	_	_	_	_	nonverbalbehavior	_	none	_	End=1241.567	_	_	_	_
505-0	PST094	505	505	0	#să	să	_	_	_	_	_	linguistic	_	some	Language=NO_ISO_CODE|Variation=Token	Begin=1242.5	_	_	_	_
505-1	PST094	505	505	1	filmezi	filmezi	_	_	_	_	_	linguistic	_	some	_	End=1243.645	_	_	_	_
507-0	PST083	507	507	0	eh	eh	_	_	_	_	_	linguistic	_	none	ProsodicLink=Yes	Begin=1243.345	_	_	_	_
507-1	PST083	507	507	1	eh	eh	_	_	_	_	_	linguistic	_	none	_	End=1243.656	_	_	_	_
508-0	PST085	508	508	0	eh	eh	_	_	_	_	_	linguistic	_	some	_	Begin=1243.685	_	_	_	_
508-1	PST085	508	508	1	sì	sì	_	_	_	_	_	linguistic	_	some	_	_	_	_	_	_
508-2	PST085	508	508	2	#pentru	pentru	_	_	_	_	_	linguistic	_	some	Language=NO_ISO_CODE|Variation=Token	_	_	_	_	_
508-3	PST085	508	508	3	scene	scene	_	_	_	_	_	linguistic	_	some	_	End=1245.353	_	_	_	_
510-0	PST094	510	510	0	păi::	păi	_	_	_	_	_	linguistic	_	all	Language=NO_ISO_CODE	Begin=1245.353	2x2	_	_	_
510-1	PST094	510	510	1	na	na	_	_	_	_	_	linguistic	_	all	Language=NO_ISO_CODE	_	_	_	_	_
510-2	PST094	510	510	2	facem::	facem	_	_	_	_	_	linguistic	_	all	Language=NO_ISO_CODE	_	4x2	_	_	_
510-3	PST094	510	510	3	pe	pe	_	_	_	_	_	linguistic	_	all	Language=NO_ISO_CODE	_	_	_	_	_
510-4	PST094	510	510	4	noua	noua	_	_	_	_	_	linguistic	_	all	Language=NO_ISO_CODE	_	_	_	_	_
510-5	PST094	510	510	5	facem::	facem	_	_	_	_	_	linguistic	_	all	ProsodicLink=Yes|Language=NO_ISO_CODE	_	4x2	_	_	_
510-6	PST094	510	510	6	mh	mh	_	_	_	_	_	linguistic	_	all	Language=NO_ISO_CODE	End=1249.106	_	_	_	_
512-0	PST083	512	512	0	però	però	_	_	_	_	_	linguistic	_	none	_	Begin=1249.25	_	_	_	_
512-1	PST083	512	512	1	qualcosa	qualcosa	_	_	_	_	_	linguistic	_	none	_	_	_	_	_	_
512-2	PST083	512	512	2	con	con	_	_	_	_	_	linguistic	_	none	_	_	_	_	_	_
512-3	PST083	512	512	3	i	i	_	_	_	_	_	linguistic	_	none	_	_	_	_	_	_
512-4	PST083	512	512	4	balli:,	balli	_	_	_	_	_	linguistic	_	none	Intonation=WeaklyRising	End=1250.828	4x1	_	_	_
513-0	PST094	513	513	0	tradizionali	tradizionali	_	_	_	_	_	linguistic	_	some	_	Begin=1250.878	_	_	_	_
513-1	PST094	513	513	1	okay	okay	_	_	_	_	_	linguistic	_	some	_	_	_	_	_	_
513-2	PST094	513	513	2	#o	o	_	_	_	_	_	linguistic	_	some	Language=NO_ISO_CODE|Variation=Token	_	_	_	_	_
513-3	PST094	513	513	3	#sa	sa	_	_	_	_	_	linguistic	_	some	Language=NO_ISO_CODE|Variation=Token	_	_	_	_	_
513-4	PST094	513	513	4	#băgam	băgam	_	_	_	_	_	linguistic	_	some	Language=NO_ISO_CODE|Variation=Token	_	_	_	_	_
513-5	PST094	513	513	5	#si	si	_	_	_	_	_	linguistic	_	some	Language=NO_ISO_CODE|Variation=Token	_	_	_	_	_
513-6	PST094	513	513	6	balli	balli	_	_	_	_	_	linguistic	_	some	_	_	_	_	_	_
513-7	PST094	513	513	7	tradizionali	tradizionali	_	_	_	_	_	linguistic	_	some	_	_	_	_	_	_
513-8	PST094	513	513	8	bom	bom	_	_	_	_	_	linguistic	_	some	_	End=1254.311	_	_	_	_
515-0	PST083	515	515	0	ma	ma	_	_	_	_	_	linguistic	_	none	_	Begin=1255.561	_	_	_	_
515-1	PST083	515	515	1	il	il	_	_	_	_	_	linguistic	_	none	_	_	_	_	_	_
515-2	PST083	515	515	2	nove	nove	_	_	_	_	_	linguistic	_	none	_	_	_	_	_	_
515-3	PST083	515	515	3	cosa	cosa	_	_	_	_	_	linguistic	_	none	_	_	_	_	_	_
515-4	PST083	515	515	4	si	si	_	_	_	_	_	linguistic	_	none	_	_	_	_	_	_
515-5	PST083	515	515	5	fa	fa	_	_	_	_	_	linguistic	_	none	_	End=1256.494	_	_	_	_
516-0	PST094	516	516	0	non	non	_	_	_	_	_	linguistic	_	some	_	Begin=1256.633	_	_	_	_
516-1	PST094	516	516	1	vi~	vi~	_	_	_	_	_	linguistic	_	some	Interrupted=Yes	_	_	_	_	_
516-2	PST094	516	516	2	#nouă	nouă	_	_	_	_	_	linguistic	_	some	Language=NO_ISO_CODE|Variation=Token	_	_	_	_	_
516-3	PST094	516	516	3	#martie	martie	_	_	_	_	_	linguistic	_	some	Language=NO_ISO_CODE|Variation=Token	End=1257.9165	_	_	_	_
518-0	PST083	518	518	0	quello	quello	_	_	_	_	_	linguistic	_	none	_	Begin=1257.9165	_	_	_	_
518-1	PST083	518	518	1	con::	con	_	_	_	_	_	linguistic	_	none	_	End=1258.866	2x2	_	_	_
519-0	PST094	519	519	0	[#_o	_o	_	_	_	_	_	warning	_	some	Language=NO_ISO_CODE|Variation=Token	Begin=1258.989	_	_	_	0-3(80)
519-1	PST094	519	519	1	să	să	_	_	_	_	_	linguistic	_	some	_	_	_	_	_	0-2(80)
519-2	PST094	519	519	2	facă]	facă	_	_	_	_	_	linguistic	_	some	_	_	_	_	_	0-4(80)
519-3	PST094	519	519	3	și	și	_	_	_	_	_	linguistic	_	some	_	_	_	_	_	_
519-4	PST094	519	519	4	copii	copii	_	_	_	_	_	linguistic	_	some	_	_	_	_	_	_
519-5	PST094	519	519	5	mici	mici	_	_	_	_	_	linguistic	_	some	_	_	_	_	_	_
519-6	PST094	519	519	6	o	o	_	_	_	_	_	linguistic	_	some	_	_	_	_	_	_
519-7	PST094	519	519	7	să	să	_	_	_	_	_	linguistic	_	some	_	_	_	_	_	_
519-8	PST094	519	519	8	facă	facă	_	_	_	_	_	linguistic	_	some	_	_	_	_	_	_
519-9	PST094	519	519	9	o	o	_	_	_	_	_	linguistic	_	some	_	_	_	_	_	_
519-10	PST094	519	519	10	să	să	_	_	_	_	_	linguistic	_	some	_	_	_	_	_	_
519-11	PST094	519	519	11	facem	facem	_	_	_	_	_	linguistic	_	some	_	_	_	_	_	_
519-12	PST094	519	519	12	și	și	_	_	_	_	_	linguistic	_	some	_	_	_	_	_	_
519-13	PST094	519	519	13	taraful	taraful	_	_	_	_	_	linguistic	_	some	_	_	_	_	_	_
519-14	PST094	519	519	14	și	și	_	_	_	_	_	linguistic	_	some	_	_	_	_	_	_
519-15	PST094	519	519	15	o	o	_	_	_	_	_	linguistic	_	some	_	_	_	_	_	_
519-16	PST094	519	519	16	să	să	_	_	_	_	_	linguistic	_	some	_	_	_	_	_	_
519-17	PST094	519	519	17	facem	facem	_	_	_	_	_	linguistic	_	some	_	_	_	_	_	_
519-18	PST094	519	519	18	tot	tot	_	_	_	_	_	linguistic	_	some	_	End=1264.033	_	_	_	_
521-0	PST083	521	521	0	[quello	quello	_	_	_	_	_	linguistic	_	none	_	Begin=1259.0	_	_	_	0-6(80)
521-1	PST083	521	521	1	del	del	_	_	_	_	_	linguistic	_	none	_	_	_	_	_	0-3(80)
521-2	PST083	521	521	2	xxxx]	xxxx	_	_	_	_	_	unknown	_	none	Syllables=4	End=1259.783	_	_	_	0-4(80)
522-0	PST083	522	522	0	mh	mh	_	_	_	_	_	linguistic	_	none	_	Begin=1265.5|End=1266.111	_	_	_	_
523-0	PST085	523	523	0	mh	mh	_	_	_	_	_	linguistic	_	none	_	Begin=1267.422|End=1267.856	_	_	_	_
524-0	PST083	524	524	0	mh	mh	_	_	_	_	_	linguistic	_	none	_	Begin=1268.388|End=1268.8	_	_	_	_
525-0	PST094	525	525	0	ah	ah	_	_	_	_	_	linguistic	_	some	_	Begin=1268.988	_	_	_	_
525-1	PST094	525	525	1	sì?	sì	_	_	_	_	_	linguistic	_	some	Intonation=Rising	_	_	_	_	_
525-2	PST094	525	525	2	#(xxx)	xxx	_	_	_	_	_	linguistic	_	some	Language=NO_ISO_CODE|Variation=Token	_	_	_	1-4(0)	_
525-3	PST094	525	525	3	#voastră	voastră	_	_	_	_	_	linguistic	_	some	Language=NO_ISO_CODE|Variation=Token	_	_	_	_	_
525-4	PST094	525	525	4	#știi	știi	_	_	_	_	_	linguistic	_	some	PauseAfter=Yes|Language=NO_ISO_CODE|Variation=Token	_	_	_	_	_
525-5	PST094	525	525	5	(.)	(.)	_	_	_	_	_	shortpause	_	some	_	_	_	_	_	_
525-6	PST094	525	525	6	#începem	începem	_	_	_	_	_	linguistic	_	some	Language=NO_ISO_CODE|Variation=Token	_	_	_	_	_
525-7	PST094	525	525	7	#prima	prima	_	_	_	_	_	linguistic	_	some	Language=NO_ISO_CODE|Variation=Token	_	_	_	_	_
525-8	PST094	525	525	8	#dată	dată	_	_	_	_	_	linguistic	_	some	Language=NO_ISO_CODE|Variation=Token	_	_	_	_	_
525-9	PST094	525	525	9	#cu	cu	_	_	_	_	_	linguistic	_	some	Language=NO_ISO_CODE|Variation=Token	_	_	_	_	_
525-10	PST094	525	525	10	#ăștia	ăștia	_	_	_	_	_	linguistic	_	some	Language=NO_ISO_CODE|Variation=Token	_	_	_	_	_
525-11	PST094	525	525	11	#mititei	mititei	_	_	_	_	_	linguistic	_	some	Language=NO_ISO_CODE|Variation=Token	_	_	_	_	_
525-12	PST094	525	525	12	#ș~	ș~	_	_	_	_	_	linguistic	_	some	Interrupted=Yes|Language=NO_ISO_CODE|Variation=Token	End=1274.922	_	_	_	_
527-0	PST083	527	527	0	nove	nove	_	_	_	_	_	linguistic	_	none	_	Begin=1274.933	_	_	_	_
527-1	PST083	527	527	1	marzo?	marzo	_	_	_	_	_	linguistic	_	none	Intonation=Rising	End=1276.088	_	_	_	_
528-0	PST094	528	528	0	nove	nove	_	_	_	_	_	linguistic	_	none	_	Begin=1276.111	_	_	_	_
528-1	PST094	528	528	1	marzo.	marzo	_	_	_	_	_	linguistic	_	none	Intonation=Falling	End=1277.0	_	_	_	_
529-0	PST094	529	529	0	#pentru	pentru	_	_	_	_	_	linguistic	_	some	Language=NO_ISO_CODE|Variation=Token	Begin=1278.355	_	_	_	_
529-1	PST094	529	529	1	[#cu	cu	_	_	_	_	_	linguistic	_	some	Language=NO_ISO_CODE|Variation=Token	_	_	_	_	0-3(81)
529-2	PST094	529	529	2	#altul::]	altul	_	_	_	_	_	linguistic	_	some	PauseAfter=Yes|Language=NO_ISO_CODE|Variation=Token	_	4x2	_	_	0-6(81)
529-3	PST094	529	529	3	(.)	(.)	_	_	_	_	_	shortpause	_	some	_	_	_	_	_	_
529-4	PST094	529	529	4	san	san	_	_	_	_	_	linguistic	_	some	_	_	_	_	_	_
529-5	PST094	529	529	5	giuseppe	giuseppe	_	_	_	_	_	linguistic	_	some	_	End=1280.988	_	_	_	_
531-0	PST093	531	531	0	[dove]?	dove	_	_	_	_	_	linguistic	_	none	Intonation=Rising	Begin=1278.677|End=1279.51	_	_	_	0-4(81)
532-0	PST083	532	532	0	sempre	sempre	_	_	_	_	_	linguistic	_	none	_	Begin=1281.288	_	_	_	_
532-1	PST083	532	532	1	quella	quella	_	_	_	_	_	linguistic	_	none	_	_	_	_	_	_
532-2	PST083	532	532	2	chiesa	chiesa	_	_	_	_	_	linguistic	_	none	_	End=1282.1805	_	_	_	_
533-0	PST094	533	533	0	no	no	_	_	_	_	_	linguistic	_	none	_	Begin=1282.1805	_	_	_	_
533-1	PST094	533	533	1	san	san	_	_	_	_	_	linguistic	_	none	_	_	_	_	_	_
533-2	PST094	533	533	2	giuseppe	giuseppe	_	_	_	_	_	linguistic	_	none	_	End=1283.511	_	_	_	_
534-0	PST094	534	534	0	san	san	_	_	_	_	_	linguistic	_	none	_	Begin=1283.566	_	_	_	_
534-1	PST094	534	534	1	secondo	secondo	_	_	_	_	_	linguistic	_	none	_	End=1284.466	_	_	_	_
535-0	PST083	535	535	0	sempre	sempre	_	_	_	_	_	linguistic	_	none	_	Begin=1285.0	_	_	_	_
535-1	PST083	535	535	1	quell':	quell':	_	_	_	_	_	error	_	none	_	_	_	_	_	_
535-2	PST083	535	535	2	oratorio	oratorio	_	_	_	_	_	linguistic	_	none	_	End=1286.422	_	_	_	_
536-0	PST094	536	536	0	sì	sì	_	_	_	_	_	linguistic	_	none	_	Begin=1286.422|End=1286.711	_	_	_	_
537-0	PST083	537	537	0	okay	okay	_	_	_	_	_	linguistic	_	none	_	Begin=1289.244|End=1289.81	_	_	_	_
538-0	PST094	538	538	0	@nuomeluogo	@nuomeluogo	_	_	_	_	_	anonymized	_	none	_	Begin=1292.924|End=1294.217	_	_	_	_
539-0	PST093	539	539	0	scriviamo	scriviamo	_	_	_	_	_	linguistic	_	none	_	Begin=1295.521	_	_	_	_
539-1	PST093	539	539	1	questa?	questa	_	_	_	_	_	linguistic	_	none	Intonation=Rising	End=1296.899	_	_	_	_
540-0	PST083	540	540	0	poi	poi	_	_	_	_	_	linguistic	_	none	_	Begin=1296.91	_	_	_	_
540-1	PST083	540	540	1	vediamo	vediamo	_	_	_	_	_	linguistic	_	none	_	End=1298.056	_	_	_	_
541-0	PST083	541	541	0	rispondi	rispondi	_	_	_	_	_	linguistic	_	none	_	Begin=1300.961|End=1302.038	_	_	_	_
542-0	PST083	542	542	0	((ride))	((ride))	_	_	_	_	_	nonverbalbehavior	_	none	_	Begin=1304.433	_	_	_	_
542-1	PST083	542	542	1	ad	ad	_	_	_	_	_	linguistic	_	none	_	_	_	_	_	_
542-2	PST083	542	542	2	uno	uno	_	_	_	_	_	linguistic	_	none	_	_	_	_	_	_
542-3	PST083	542	542	3	spettacolo	spettacolo	_	_	_	_	_	linguistic	_	none	_	_	_	_	_	_
542-4	PST083	542	542	4	((ride))	((ride))	_	_	_	_	_	nonverbalbehavior	_	none	_	End=1306.689	_	_	_	_
543-0	PST083	543	543	0	san~	san~	_	_	_	_	_	linguistic	_	none	Interrupted=Yes	Begin=1318.177	_	_	_	_
543-1	PST083	543	543	1	san	san	_	_	_	_	_	linguistic	_	none	_	_	_	_	_	_
543-2	PST083	543	543	2	secondo	secondo	_	_	_	_	_	linguistic	_	none	_	_	_	_	_	_
543-3	PST083	543	543	3	ha	ha	_	_	_	_	_	linguistic	_	none	_	_	_	_	_	_
543-4	PST083	543	543	4	detto,	detto	_	_	_	_	_	linguistic	_	none	Intonation=WeaklyRising	End=1320.155	_	_	_	_
544-0	PST085	544	544	0	sì	sì	_	_	_	_	_	linguistic	_	none	_	Begin=1320.333|End=1320.599	_	_	_	_
545-0	PST083	545	545	0	@nomeluogo	@nomeluogo	_	_	_	_	_	anonymized	_	none	_	Begin=1323.522|End=1324.444	_	_	_	_
546-0	PST085	546	546	0	se	se	_	_	_	_	_	linguistic	_	none	_	Begin=1324.522|End=1325.145	_	_	_	_
547-0	PST085	547	547	0	@nomeluogo	@nomeluogo	_	_	_	_	_	anonymized	_	none	_	Begin=1325.8|End=1326.889	_	_	_	_
548-0	PST083	548	548	0	[ah	ah	_	_	_	_	_	linguistic	_	none	_	Begin=1326.3	_	_	_	0-2(82)
548-1	PST083	548	548	1	okay]	okay	_	_	_	_	_	linguistic	_	none	_	End=1326.9	_	_	_	0-4(82)
549-0	PST083	549	549	0	((legge))	((legge))	_	_	_	_	_	nonverbalbehavior	_	none	_	Begin=1334.989	_	_	_	_
549-1	PST083	549	549	1	quando,	quando	_	_	_	_	_	linguistic	_	none	Intonation=WeaklyRising	End=1335.6	_	_	_	_
550-0	PST083	550	550	0	nove	nove	_	_	_	_	_	linguistic	_	none	_	Begin=1336.2|End=1336.878	_	_	_	_
551-0	PST085	551	551	0	zero	zero	_	_	_	_	_	linguistic	_	none	_	Begin=1337.533	_	_	_	_
551-1	PST085	551	551	1	due	due	_	_	_	_	_	linguistic	_	none	_	End=1338.188	_	_	_	_
552-0	PST083	552	552	0	[zero	zero	_	_	_	_	_	linguistic	_	none	_	Begin=1338.811	_	_	_	0-4(83)
552-1	PST083	552	552	1	tre]	tre	_	_	_	_	_	linguistic	_	none	_	End=1339.633	_	_	_	0-3(83)
553-0	PST085	553	553	0	[febbraio]?	febbraio	_	_	_	_	_	linguistic	_	none	Intonation=Rising	Begin=1338.811|End=1339.633	_	_	_	0-8(83)
554-0	PST085	554	554	0	febbraio	febbraio	_	_	_	_	_	linguistic	_	none	_	Begin=1340.189|End=1341.144	_	_	_	_
555-0	PST083	555	555	0	no	no	_	_	_	_	_	linguistic	_	none	_	Begin=1341.188	_	_	_	_
555-1	PST083	555	555	1	marzo	marzo	_	_	_	_	_	linguistic	_	none	_	End=1341.955	_	_	_	_
556-0	PST085	556	556	0	ah	ah	_	_	_	_	_	linguistic	_	none	_	Begin=1341.988	_	_	_	_
556-1	PST085	556	556	1	zero	zero	_	_	_	_	_	linguistic	_	none	_	_	_	_	_	_
556-2	PST085	556	556	2	tre	tre	_	_	_	_	_	linguistic	_	none	_	End=1342.766	_	_	_	_
557-0	PST083	557	557	0	duemilaventicinque	duemilaventicinque	_	_	_	_	_	linguistic	_	none	PauseAfter=Yes	Begin=1344.924	_	_	_	_
557-1	PST083	557	557	1	(.)	(.)	_	_	_	_	_	shortpause	_	none	_	_	_	_	_	_
557-2	PST083	557	557	2	okay	okay	_	_	_	_	_	linguistic	_	none	_	End=1347.333	_	_	_	_
558-0	PST083	558	558	0	eh::	eh	_	_	_	_	_	linguistic	_	none	_	Begin=1355.666	1x2	_	_	_
558-1	PST083	558	558	1	sì	sì	_	_	_	_	_	linguistic	_	none	_	_	_	_	_	_
558-2	PST083	558	558	2	teoricamente	teoricamente	_	_	_	_	_	linguistic	_	none	_	End=1357.2	_	_	_	_
559-0	PST083	559	559	0	vediamo	vediamo	_	_	_	_	_	linguistic	_	none	_	Begin=1358.633	_	_	_	_
559-1	PST083	559	559	1	se	se	_	_	_	_	_	linguistic	_	none	_	_	_	_	_	_
559-2	PST083	559	559	2	va	va	_	_	_	_	_	linguistic	_	none	_	_	_	_	_	_
559-3	PST083	559	559	3	bene	bene	_	_	_	_	_	linguistic	_	none	_	End=1359.678	_	_	_	_
560-0	PST082	560	560	0	che	che	_	_	_	_	_	linguistic	_	none	_	Begin=1364.3	_	_	_	_
560-1	PST082	560	560	1	avete	avete	_	_	_	_	_	linguistic	_	none	_	_	_	_	_	_
560-2	PST082	560	560	2	deciso?	deciso	_	_	_	_	_	linguistic	_	none	Intonation=Rising	End=1366.022	_	_	_	_
561-0	PST082	561	561	0	balli	balli	_	_	_	_	_	linguistic	_	none	PauseAfter=Yes	Begin=1366.108	_	_	_	_
561-1	PST082	561	561	1	(.)	(.)	_	_	_	_	_	shortpause	_	none	_	_	_	_	_	_
561-2	PST082	561	561	2	balli	balli	_	_	_	_	_	linguistic	_	none	_	_	_	_	_	_
561-3	PST082	561	561	3	romeni?	romeni	_	_	_	_	_	linguistic	_	none	Intonation=Rising	End=1368.293	_	_	_	_
562-0	PST083	562	562	0	[eh	eh	_	_	_	_	_	linguistic	_	none	PauseAfter=Yes	Begin=1371.944	_	_	_	0-2(?)
562-1	PST083	562	562	1	(.)	(.)	_	_	_	_	_	shortpause	_	none	_	_	_	_	_	_
562-2	PST083	562	562	2	teoricamente	teoricamente	_	_	_	_	_	linguistic	_	none	_	_	_	_	_	0-12(?)
562-3	PST083	562	562	3	poi],	poi	_	_	_	_	_	linguistic	_	none	Intonation=WeaklyRising	End=1374.488	_	_	_	0-3(?)
563-0	PST093	563	563	0	eh	eh	_	_	_	_	_	linguistic	_	none	PauseAfter=Yes	Begin=1374.566	_	_	_	_
563-1	PST093	563	563	1	(.)	(.)	_	_	_	_	_	shortpause	_	none	_	_	_	_	_	_
563-2	PST093	563	563	2	sì	sì	_	_	_	_	_	linguistic	_	none	_	End=1375.9385	_	_	_	_
564-0	PST083	564	564	0	poi	poi	_	_	_	_	_	linguistic	_	none	_	Begin=1375.9385	_	_	_	_
564-1	PST083	564	564	1	se	se	_	_	_	_	_	linguistic	_	none	_	_	_	_	_	_
564-2	PST083	564	564	2	scegliamo	scegliamo	_	_	_	_	_	linguistic	_	none	_	_	_	_	_	_
564-3	PST083	564	564	3	proprio	proprio	_	_	_	_	_	linguistic	_	none	_	_	_	_	_	_
564-4	PST083	564	564	4	quello	quello	_	_	_	_	_	linguistic	_	none	_	_	_	_	_	_
564-5	PST083	564	564	5	non	non	_	_	_	_	_	linguistic	_	none	_	_	_	_	_	_
564-6	PST083	564	564	6	lo	lo	_	_	_	_	_	linguistic	_	none	_	_	_	_	_	_
564-7	PST083	564	564	7	so	so	_	_	_	_	_	linguistic	_	none	_	End=1377.878	_	_	_	_
565-0	PST083	565	565	0	[però::]	però	_	_	_	_	_	linguistic	_	none	_	Begin=1377.878|End=1378.933	3x2	_	_	0-4(?)
566-0	PST083	566	566	0	il	il	_	_	_	_	_	linguistic	_	none	_	Begin=1379.672	_	_	_	_
566-1	PST083	566	566	1	quello	quello	_	_	_	_	_	linguistic	_	none	_	_	_	_	_	_
566-2	PST083	566	566	2	che	che	_	_	_	_	_	linguistic	_	none	_	_	_	_	_	_
566-3	PST083	566	566	3	diciamo	diciamo	_	_	_	_	_	linguistic	_	none	_	_	_	_	_	_
566-4	PST083	566	566	4	già	già	_	_	_	_	_	linguistic	_	none	_	_	_	_	_	_
566-5	PST083	566	566	5	sappiamo	sappiamo	_	_	_	_	_	linguistic	_	none	_	_	_	_	_	_
566-6	PST083	566	566	6	sarebbe	sarebbe	_	_	_	_	_	linguistic	_	none	_	_	_	_	_	_
566-7	PST083	566	566	7	quello	quello	_	_	_	_	_	linguistic	_	none	_	_	_	_	_	_
566-8	PST083	566	566	8	te~	te~	_	_	_	_	_	linguistic	_	none	Interrupted=Yes	_	_	_	_	_
566-9	PST083	566	566	9	teoricamente	teoricamente	_	_	_	_	_	linguistic	_	none	_	End=1383.283	_	_	_	_
567-0	PST083	567	567	0	però	però	_	_	_	_	_	linguistic	_	none	_	Begin=1383.689	_	_	_	_
567-1	PST083	567	567	1	poi	poi	_	_	_	_	_	linguistic	_	none	_	_	_	_	_	_
567-2	PST083	567	567	2	magari::	magari	_	_	_	_	_	linguistic	_	none	_	_	5x2	_	_	_
567-3	PST083	567	567	3	se	se	_	_	_	_	_	linguistic	_	none	_	_	_	_	_	_
567-4	PST083	567	567	4	ne	ne	_	_	_	_	_	linguistic	_	none	_	_	_	_	_	_
567-5	PST083	567	567	5	presentano	presentano	_	_	_	_	_	linguistic	_	none	_	_	_	_	_	_
567-6	PST083	567	567	6	altri	altri	_	_	_	_	_	linguistic	_	none	_	_	_	_	_	_
567-7	PST083	567	567	7	più::	più	_	_	_	_	_	linguistic	_	none	_	End=1386.622	2x2	_	_	_
568-0	PST083	568	568	0	e:::h	eh	_	_	_	_	_	linguistic	_	none	_	Begin=1404.556	0x3	_	_	_
568-1	PST083	568	568	1	te~	te~	_	_	_	_	_	linguistic	_	none	Interrupted=Yes	_	_	_	_	_
568-2	PST083	568	568	2	teoricamente	teoricamente	_	_	_	_	_	linguistic	_	none	_	_	_	_	_	_
568-3	PST083	568	568	3	penso	penso	_	_	_	_	_	linguistic	_	none	_	_	_	_	_	_
568-4	PST083	568	568	4	che	che	_	_	_	_	_	linguistic	_	none	_	_	_	_	_	_
568-5	PST083	568	568	5	ci	ci	_	_	_	_	_	linguistic	_	none	_	_	_	_	_	_
568-6	PST083	568	568	6	mettano	mettano	_	_	_	_	_	linguistic	_	none	_	_	_	_	_	_
568-7	PST083	568	568	7	dentro	dentro	_	_	_	_	_	linguistic	_	none	_	_	_	_	_	_
568-8	PST083	568	568	8	lo	lo	_	_	_	_	_	linguistic	_	none	_	_	_	_	_	_
568-9	PST083	568	568	9	spettacolo	spettacolo	_	_	_	_	_	linguistic	_	none	_	_	_	_	_	_
568-10	PST083	568	568	10	però	però	_	_	_	_	_	linguistic	_	none	_	_	_	_	_	_
568-11	PST083	568	568	11	per	per	_	_	_	_	_	linguistic	_	none	_	_	_	_	_	_
568-12	PST083	568	568	12	forza	forza	_	_	_	_	_	linguistic	_	none	_	_	_	_	_	_
568-13	PST083	568	568	13	di	di	_	_	_	_	_	linguistic	_	none	_	_	_	_	_	_
568-14	PST083	568	568	14	cose.	cose	_	_	_	_	_	linguistic	_	none	Intonation=Falling	End=1409.156	_	_	_	_
569-0	PST083	569	569	0	qui[ndi::]	quindi	_	_	_	_	_	linguistic	_	none	_	Begin=1409.967|End=1410.556	5x2	_	_	3-6(?)
570-0	PST083	570	570	0	[teoricamente]	teoricamente	_	_	_	_	_	linguistic	_	none	_	Begin=1413.25|End=1414.039	_	_	_	0-12(?)
571-0	PST083	571	571	0	[almeno	almeno	_	_	_	_	_	linguistic	_	none	_	Begin=1415.058	_	_	_	0-6(?)
571-1	PST083	571	571	1	che]	che	_	_	_	_	_	linguistic	_	none	_	_	_	_	_	0-3(?)
571-2	PST083	571	571	2	qualcuno	qualcuno	_	_	_	_	_	linguistic	_	none	_	_	_	_	_	_
571-3	PST083	571	571	3	non:	non	_	_	_	_	_	linguistic	_	none	_	End=1416.641	2x1	_	_	_
572-0	PST083	572	572	0	ma	ma	_	_	_	_	_	linguistic	_	none	_	Begin=1416.978	_	_	_	_
572-1	PST083	572	572	1	non	non	_	_	_	_	_	linguistic	_	none	_	_	_	_	_	_
572-2	PST083	572	572	2	penso	penso	_	_	_	_	_	linguistic	_	none	_	End=1417.789	_	_	_	_
573-0	PST083	573	573	0	[cioè	cioè	_	_	_	_	_	linguistic	_	none	_	Begin=1419.116	_	_	_	0-4(?)
573-1	PST083	573	573	1	anche	anche	_	_	_	_	_	linguistic	_	none	_	_	_	_	_	0-5(?)
573-2	PST083	573	573	2	se]	se	_	_	_	_	_	linguistic	_	none	_	_	_	_	_	0-2(?)
573-3	PST083	573	573	3	volessimo:	volessimo	_	_	_	_	_	linguistic	_	none	_	_	8x1	_	_	_
573-4	PST083	573	573	4	penso	penso	_	_	_	_	_	linguistic	_	none	_	_	_	_	_	_
573-5	PST083	573	573	5	che	che	_	_	_	_	_	linguistic	_	none	_	_	_	_	_	_
573-6	PST083	573	573	6	ci	ci	_	_	_	_	_	linguistic	_	none	_	_	_	_	_	_
573-7	PST083	573	573	7	metterebbe	metterebbe	_	_	_	_	_	linguistic	_	none	_	_	_	_	_	_
573-8	PST083	573	573	8	comunque	comunque	_	_	_	_	_	linguistic	_	none	_	_	_	_	_	_
573-9	PST083	573	573	9	quindi::	quindi	_	_	_	_	_	linguistic	_	none	_	End=1422.716	5x2	_	_	_
574-0	PST083	574	574	0	[non	non	_	_	_	_	_	linguistic	_	none	_	Begin=1431.864	_	_	_	0-3(?)
574-1	PST083	574	574	1	ne	ne	_	_	_	_	_	linguistic	_	none	_	_	_	_	_	0-2(?)
574-2	PST083	574	574	2	ho	ho	_	_	_	_	_	linguistic	_	none	_	_	_	_	_	0-2(?)
574-3	PST083	574	574	3	>la	la	_	_	_	_	_	linguistic	_	none	_	_	_	Fast=0-2(0)	_	0-2(?)
574-4	PST083	574	574	4	più	più	_	_	_	_	_	linguistic	_	none	_	_	_	Fast=0-3(0)	_	0-3(?)
574-5	PST083	574	574	5	pallida<	pallida	_	_	_	_	_	linguistic	_	none	_	_	_	Fast=0-7(0)	_	0-7(?)
574-6	PST083	574	574	6	idea]	idea	_	_	_	_	_	linguistic	_	none	_	End=1433.664	_	_	_	0-4(?)
575-0	PST083	575	575	0	cioè	cioè	_	_	_	_	_	linguistic	_	none	_	Begin=1434.207	_	_	_	_
575-1	PST083	575	575	1	noi	noi	_	_	_	_	_	linguistic	_	none	_	_	_	_	_	_
575-2	PST083	575	575	2	diciamo	diciamo	_	_	_	_	_	linguistic	_	none	_	_	_	_	_	_
575-3	PST083	575	575	3	che	che	_	_	_	_	_	linguistic	_	none	_	_	_	_	_	_
575-4	PST083	575	575	4	decidiamo	decidiamo	_	_	_	_	_	linguistic	_	none	_	_	_	_	_	_
575-5	PST083	575	575	5	tutto	tutto	_	_	_	_	_	linguistic	_	none	_	_	_	_	_	_
575-6	PST083	575	575	6	il	il	_	_	_	_	_	linguistic	_	none	_	_	_	_	_	_
575-7	PST083	575	575	7	giorno	giorno	_	_	_	_	_	linguistic	_	none	_	_	_	_	_	_
575-8	PST083	575	575	8	prima	prima	_	_	_	_	_	linguistic	_	none	_	_	_	_	_	_
575-9	PST083	575	575	9	[praticamente]	praticamente	_	_	_	_	_	linguistic	_	none	_	_	_	_	_	0-12(?)
575-10	PST083	575	575	10	quindi	quindi	_	_	_	_	_	linguistic	_	none	_	_	_	_	_	_
575-11	PST083	575	575	11	non::	non	_	_	_	_	_	linguistic	_	none	_	_	2x2	_	_	_
575-12	PST083	575	575	12	[sappiamo]	sappiamo	_	_	_	_	_	linguistic	_	none	_	End=1439.056	_	_	_	0-8(?)
576-0	PST083	576	576	0	[sì]	sì	_	_	_	_	_	linguistic	_	none	_	Begin=1441.458|End=1441.989	_	_	_	0-2(?)
577-0	PST083	577	577	0	sì	sì	_	_	_	_	_	linguistic	_	none	_	Begin=1445.924|End=1446.133	_	_	_	_
578-0	PST083	578	578	0	[mh	mh	_	_	_	_	_	linguistic	_	none	ProsodicLink=Yes	Begin=1449.222	_	_	_	0-2(?)
578-1	PST083	578	578	1	mh]	mh	_	_	_	_	_	linguistic	_	none	_	End=1449.678	_	_	_	0-2(?)
579-0	PST083	579	579	0	[sì	sì	_	_	_	_	_	linguistic	_	none	_	Begin=1451.382	_	_	_	0-2(?)
579-1	PST083	579	579	1	poi	poi	_	_	_	_	_	linguistic	_	none	_	_	_	_	_	0-3(?)
579-2	PST083	579	579	2	vabè	vabè	_	_	_	_	_	linguistic	_	none	_	_	_	_	_	0-4(?)
579-3	PST083	579	579	3	dip~	dip~	_	_	_	_	_	linguistic	_	none	Interrupted=Yes	_	_	_	_	0-4(?)
579-4	PST083	579	579	4	problema]	problema	_	_	_	_	_	linguistic	_	none	_	_	_	_	_	0-8(?)
579-5	PST083	579	579	5	>il	il	_	_	_	_	_	linguistic	_	none	_	_	_	Fast=0-2(0)	_	_
579-6	PST083	579	579	6	problema<	problema	_	_	_	_	_	linguistic	_	none	_	_	_	Fast=0-8(0)	_	_
579-7	PST083	579	579	7	è	è	_	_	_	_	_	linguistic	_	none	_	_	_	_	_	_
579-8	PST083	579	579	8	che	che	_	_	_	_	_	linguistic	_	none	_	_	_	_	_	_
579-9	PST083	579	579	9	dipende	dipende	_	_	_	_	_	linguistic	_	none	_	_	_	_	_	_
579-10	PST083	579	579	10	anche	anche	_	_	_	_	_	linguistic	_	none	_	_	_	_	_	_
579-11	PST083	579	579	11	dalla	dalla	_	_	_	_	_	linguistic	_	none	_	_	_	_	_	_
579-12	PST083	579	579	12	scaletta	scaletta	_	_	_	_	_	linguistic	_	none	_	_	_	_	_	_
579-13	PST083	579	579	13	che	che	_	_	_	_	_	linguistic	_	none	_	_	_	_	_	_
579-14	PST083	579	579	14	si	si	_	_	_	_	_	linguistic	_	none	_	_	_	_	_	_
579-15	PST083	579	579	15	fa	fa	_	_	_	_	_	linguistic	_	none	_	End=1455.611	_	_	_	_
580-0	PST083	580	580	0	e	e	_	_	_	_	_	linguistic	_	none	_	Begin=1456.708	_	_	_	_
580-1	PST083	580	580	1	dalle	dalle	_	_	_	_	_	linguistic	_	none	_	_	_	_	_	_
580-2	PST083	580	580	2	persone	persone	_	_	_	_	_	linguistic	_	none	_	_	_	_	_	_
580-3	PST083	580	580	3	tipo	tipo	_	_	_	_	_	linguistic	_	none	PauseAfter=Yes	_	_	_	_	_
580-4	PST083	580	580	4	(.)	(.)	_	_	_	_	_	shortpause	_	none	_	_	_	_	_	_
580-5	PST083	580	580	5	mh	mh	_	_	_	_	_	linguistic	_	none	_	_	_	_	_	_
580-6	PST083	580	580	6	magari	magari	_	_	_	_	_	linguistic	_	none	PauseAfter=Yes	_	_	_	_	_
580-7	PST083	580	580	7	(.)	(.)	_	_	_	_	_	shortpause	_	none	_	_	_	_	_	_
580-8	PST083	580	580	8	ci	ci	_	_	_	_	_	linguistic	_	none	_	_	_	_	_	_
580-9	PST083	580	580	9	sono	sono	_	_	_	_	_	linguistic	_	none	_	_	_	_	_	_
580-10	PST083	580	580	10	certe	certe	_	_	_	_	_	linguistic	_	none	_	_	_	_	_	_
580-11	PST083	580	580	11	persone	persone	_	_	_	_	_	linguistic	_	none	_	_	_	_	_	_
580-12	PST083	580	580	12	che:	che	_	_	_	_	_	linguistic	_	none	_	End=1460.764	2x1	_	_	_
581-0	PST083	581	581	0	appaiono	appaiono	_	_	_	_	_	linguistic	_	none	_	Begin=1460.825	_	_	_	_
581-1	PST083	581	581	1	di	di	_	_	_	_	_	linguistic	_	none	_	_	_	_	_	_
581-2	PST083	581	581	2	più	più	_	_	_	_	_	linguistic	_	none	_	_	_	_	_	_
581-3	PST083	581	581	3	nello	nello	_	_	_	_	_	linguistic	_	none	_	_	_	_	_	_
581-4	PST083	581	581	4	spettacolo	spettacolo	_	_	_	_	_	linguistic	_	none	_	_	_	_	_	_
581-5	PST083	581	581	5	nel	nel	_	_	_	_	_	linguistic	_	none	_	_	_	_	_	_
581-6	PST083	581	581	6	senso	senso	_	_	_	_	_	linguistic	_	none	_	_	_	_	_	_
581-7	PST083	581	581	7	che	che	_	_	_	_	_	linguistic	_	none	_	_	_	_	_	_
581-8	PST083	581	581	8	magari	magari	_	_	_	_	_	linguistic	_	none	_	_	_	_	_	_
581-9	PST083	581	581	9	fanno	fanno	_	_	_	_	_	linguistic	_	none	_	_	_	_	_	_
581-10	PST083	581	581	10	più	più	_	_	_	_	_	linguistic	_	none	_	_	_	_	_	_
581-11	PST083	581	581	11	cose:	cose	_	_	_	_	_	linguistic	_	none	PauseAfter=Yes	_	3x1	_	_	_
581-12	PST083	581	581	12	(.)	(.)	_	_	_	_	_	shortpause	_	none	_	_	_	_	_	_
581-13	PST083	581	581	13	e	e	_	_	_	_	_	linguistic	_	none	_	_	_	_	_	_
581-14	PST083	581	581	14	altre	altre	_	_	_	_	_	linguistic	_	none	_	_	_	_	_	_
581-15	PST083	581	581	15	che	che	_	_	_	_	_	linguistic	_	none	_	_	_	_	_	_
581-16	PST083	581	581	16	magari	magari	_	_	_	_	_	linguistic	_	none	_	_	_	_	_	_
581-17	PST083	581	581	17	ne	ne	_	_	_	_	_	linguistic	_	none	_	_	_	_	_	_
581-18	PST083	581	581	18	fanno	fanno	_	_	_	_	_	linguistic	_	none	_	_	_	_	_	_
581-19	PST083	581	581	19	di	di	_	_	_	_	_	linguistic	_	none	_	_	_	_	_	_
581-20	PST083	581	581	20	meno	meno	_	_	_	_	_	linguistic	_	none	_	End=1466.189	_	_	_	_
582-0	PST083	582	582	0	quindi::	quindi	_	_	_	_	_	linguistic	_	none	_	Begin=1466.678	5x2	_	_	_
582-1	PST083	582	582	1	magari	magari	_	_	_	_	_	linguistic	_	none	_	_	_	_	_	_
582-2	PST083	582	582	2	dipende	dipende	_	_	_	_	_	linguistic	_	none	_	_	_	_	_	_
582-3	PST083	582	582	3	anche	anche	_	_	_	_	_	linguistic	_	none	_	_	_	_	_	_
582-4	PST083	582	582	4	da	da	_	_	_	_	_	linguistic	_	none	_	_	_	_	_	_
582-5	PST083	582	582	5	quello	quello	_	_	_	_	_	linguistic	_	none	_	End=1468.5	_	_	_	_
583-0	PST083	583	583	0	[qualcuno	qualcuno	_	_	_	_	_	linguistic	_	none	_	Begin=1496.247	_	_	_	0-8(?)
583-1	PST083	583	583	1	che	che	_	_	_	_	_	linguistic	_	none	_	_	_	_	_	0-3(?)
583-2	PST083	583	583	2	parla]	parla	_	_	_	_	_	linguistic	_	none	_	End=1497.189	_	_	_	0-5(?)
584-0	PST083	584	584	0	[sì]	sì	_	_	_	_	_	linguistic	_	none	_	Begin=1501.711|End=1502.022	_	_	_	0-2(?)
585-0	PST083	585	585	0	sì	sì	_	_	_	_	_	linguistic	_	none	_	Begin=1519.289|End=1519.645	_	_	_	_
586-0	PST083	586	586	0	va	va	_	_	_	_	_	linguistic	_	none	_	Begin=1520.4	_	_	_	_
586-1	PST083	586	586	1	bene	bene	_	_	_	_	_	linguistic	_	none	_	End=1520.923	_	_	_	_
587-0	PST083	587	587	0	e::::h	eh	_	_	_	_	_	linguistic	_	none	_	Begin=1521.222|End=1522.122	0x4	_	_	_
588-0	PST083	588	588	0	>vediamo<	vediamo	_	_	_	_	_	linguistic	_	none	_	Begin=1523.446	_	Fast=0-7(0)	_	_
588-1	PST083	588	588	1	un	un	_	_	_	_	_	linguistic	_	none	_	_	_	_	_	_
588-2	PST083	588	588	2	po'	po'	_	_	_	_	_	linguistic	_	none	_	End=1524.294	_	_	_	_
589-0	PST083	589	589	0	[intanto]	intanto	_	_	_	_	_	linguistic	_	none	_	Begin=1525.652|End=1526.277	_	_	_	0-7(?)
590-0	PST083	590	590	0	[eh	eh	_	_	_	_	_	linguistic	_	none	_	Begin=1529.788	_	_	_	0-2(?)
590-1	PST083	590	590	1	io	io	_	_	_	_	_	linguistic	_	none	_	_	_	_	_	0-2(?)
590-2	PST083	590	590	2	>sinceramente<	sinceramente	_	_	_	_	_	linguistic	_	none	_	_	_	Fast=0-12(0)	_	0-12(?)
590-3	PST083	590	590	3	pensavo:]	pensavo	_	_	_	_	_	linguistic	_	none	_	End=1531.733	6x1	_	_	0-7(?)
591-0	PST083	591	591	0	pensavo	pensavo	_	_	_	_	_	linguistic	_	none	_	Begin=1532.745	_	_	_	_
591-1	PST083	591	591	1	a	a	_	_	_	_	_	linguistic	_	none	_	_	_	_	_	_
591-2	PST083	591	591	2	@ecaterina	@ecaterina	_	_	_	_	_	anonymized	_	none	_	_	_	_	_	_
591-3	PST083	591	591	3	[sinceramente]	sinceramente	_	_	_	_	_	linguistic	_	none	_	End=1534.711	_	_	_	0-12(?)
592-0	PST083	592	592	0	[anche	anche	_	_	_	_	_	linguistic	_	none	_	Begin=1536.967	_	_	_	0-5(?)
592-1	PST083	592	592	1	perché:]	perché	_	_	_	_	_	linguistic	_	none	_	_	5x1	_	_	0-6(?)
592-2	PST083	592	592	2	cioè	cioè	_	_	_	_	_	linguistic	_	none	_	_	_	_	_	_
592-3	PST083	592	592	3	di	di	_	_	_	_	_	linguistic	_	none	_	_	_	_	_	_
592-4	PST083	592	592	4	cose	cose	_	_	_	_	_	linguistic	_	none	_	_	_	_	_	_
592-5	PST083	592	592	5	da	da	_	_	_	_	_	linguistic	_	none	_	_	_	_	_	_
592-6	PST083	592	592	6	dire	dire	_	_	_	_	_	linguistic	_	none	_	_	_	_	_	_
592-7	PST083	592	592	7	ce	ce	_	_	_	_	_	linguistic	_	none	_	_	_	_	_	_
592-8	PST083	592	592	8	ne	ne	_	_	_	_	_	linguistic	_	none	_	_	_	_	_	_
592-9	PST083	592	592	9	sono.	sono	_	_	_	_	_	linguistic	_	none	Intonation=Falling	End=1539.433	_	_	_	_
593-0	PST083	593	593	0	[m::h]	mh	_	_	_	_	_	linguistic	_	none	_	Begin=1539.909|End=1540.453	0x2	_	_	0-2(?)
594-0	PST083	594	594	0	[eh	eh	_	_	_	_	_	linguistic	_	none	_	Begin=1542.489	_	_	_	0-2(?)
594-1	PST083	594	594	1	esatto	esatto	_	_	_	_	_	linguistic	_	none	_	_	_	_	_	0-6(?)
594-2	PST083	594	594	2	esatto]	esatto	_	_	_	_	_	linguistic	_	none	_	End=1543.88	_	_	_	0-6(?)
595-0	PST083	595	595	0	allora	allora	_	_	_	_	_	linguistic	_	none	PauseAfter=Yes	Begin=1547.394	_	_	_	_
595-1	PST083	595	595	1	(.)	(.)	_	_	_	_	_	shortpause	_	none	_	_	_	_	_	_
595-2	PST083	595	595	2	((legge))	((legge))	_	_	_	_	_	nonverbalbehavior	_	none	_	_	_	_	_	_
595-3	PST083	595	595	3	titolo	titolo	_	_	_	_	_	linguistic	_	none	_	_	_	_	_	_
595-4	PST083	595	595	4	della	della	_	_	_	_	_	linguistic	_	none	_	_	_	_	_	_
595-5	PST083	595	595	5	scena,	scena	_	_	_	_	_	linguistic	_	none	Intonation=WeaklyRising	End=1548.894	_	_	_	_
596-0	PST083	596	596	0	intervista	intervista	_	_	_	_	_	linguistic	_	some	_	Begin=1549.0	_	_	_	_
596-1	PST083	596	596	1	a	a	_	_	_	_	_	linguistic	_	some	_	_	_	_	_	_
596-2	PST083	596	596	2	#doamna	doamna	_	_	_	_	_	linguistic	_	some	Language=NO_ISO_CODE|Variation=Token	_	_	_	_	_
596-3	PST083	596	596	3	@ecaterina	@ecaterina	_	_	_	_	_	anonymized	_	some	_	_	_	_	_	_
596-4	PST083	596	596	4	((ride))	((ride))	_	_	_	_	_	nonverbalbehavior	_	some	_	End=1550.588	_	_	_	_
598-0	PST083	598	598	0	eh	eh	_	_	_	_	_	linguistic	_	none	_	Begin=1551.744|End=1552.233	_	_	_	_
599-0	PST083	599	599	0	#doamna	doamna	_	_	_	_	_	linguistic	_	some	Language=NO_ISO_CODE|Variation=Token	Begin=1554.922	_	_	_	_
599-1	PST083	599	599	1	@ecat~	@ecat~	_	_	_	_	_	anonymized	_	some	Interrupted=Yes	_	_	_	_	_
599-2	PST083	599	599	2	e::h	eh	_	_	_	_	_	linguistic	_	some	_	_	0x2	_	_	_
599-3	PST083	599	599	3	[sarebbe]	sarebbe	_	_	_	_	_	linguistic	_	some	_	_	_	_	_	0-7(?)
599-4	PST083	599	599	4	[signora]	signora	_	_	_	_	_	linguistic	_	some	_	_	_	_	_	0-7(?)
599-5	PST083	599	599	5	solo	solo	_	_	_	_	_	linguistic	_	some	_	_	_	_	_	_
599-6	PST083	599	599	6	che:	che	_	_	_	_	_	linguistic	_	some	_	End=1558.022	2x1	_	_	_
601-0	PST085	601	601	0	[signora]	signora	_	_	_	_	_	linguistic	_	none	_	Begin=1556.039|End=1556.483	_	_	_	0-7(84)
602-0	PST083	602	602	0	mi	mi	_	_	_	_	_	linguistic	_	none	_	Begin=1558.172	_	_	_	_
602-1	PST083	602	602	1	viene	viene	_	_	_	_	_	linguistic	_	none	_	_	_	_	_	_
602-2	PST083	602	602	2	automatico	automatico	_	_	_	_	_	linguistic	_	none	_	_	_	_	_	_
602-3	PST083	602	602	3	dirl[o]	dirlo	_	_	_	_	_	linguistic	_	none	_	End=1559.894	_	_	_	4-5(?)
603-0	PST083	603	603	0	del	del	_	_	_	_	_	linguistic	_	none	_	Begin=1561.638	_	_	_	_
603-1	PST083	603	603	1	lei	lei	_	_	_	_	_	linguistic	_	none	_	End=1562.158	_	_	_	_
604-0	PST085	604	604	0	del	del	_	_	_	_	_	linguistic	_	none	_	Begin=1562.158	_	_	_	_
604-1	PST085	604	604	1	lei	lei	_	_	_	_	_	linguistic	_	none	_	End=1562.533	_	_	_	_
605-0	PST083	605	605	0	[sì]	sì	_	_	_	_	_	linguistic	_	none	_	Begin=1564.039|End=1564.428	_	_	_	0-2(?)
606-0	PST083	606	606	0	vabbè	vabbè	_	_	_	_	_	linguistic	_	none	_	Begin=1571.744	_	_	_	_
606-1	PST083	606	606	1	io	io	_	_	_	_	_	linguistic	_	none	_	_	_	_	_	_
606-2	PST083	606	606	2	scrivo::	scrivo	_	_	_	_	_	linguistic	_	none	_	End=1572.7	5x2	_	_	_
607-0	PST085	607	607	0	[>scrivi<]	scrivi	_	_	_	_	_	linguistic	_	none	_	Begin=1573.848	_	Fast=0-6(0)	_	0-6(85)
607-1	PST085	607	607	1	di	di	_	_	_	_	_	linguistic	_	none	_	_	_	_	_	_
607-2	PST085	607	607	2	punto	punto	_	_	_	_	_	linguistic	_	none	_	End=1575.445	_	_	_	_
608-0	PST093	608	608	0	#doa[mna]	doamna	_	_	_	_	_	linguistic	_	all	Language=NO_ISO_CODE|Variation=Token	Begin=1574.044|End=1574.445	_	_	_	4-7(85)
610-0	PST093	610	610	0	di	di	_	_	_	_	_	linguistic	_	none	_	Begin=1575.733	_	_	_	_
610-1	PST093	610	610	1	emme	emme	_	_	_	_	_	linguistic	_	none	_	End=1576.311	_	_	_	_
611-0	PST082	611	611	0	[sì::]	sì	_	_	_	_	_	linguistic	_	none	_	Begin=1578.291|End=1578.88	1x2	_	_	0-2(86)
612-0	PST083	612	612	0	[okay]	okay	_	_	_	_	_	linguistic	_	none	_	Begin=1578.326|End=1578.794	_	_	_	0-4(86)
613-0	PST082	613	613	0	[oppure	oppure	_	_	_	_	_	linguistic	_	none	_	Begin=1579.12	_	_	_	0-6(?)
613-1	PST082	613	613	1	con::]	con	_	_	_	_	_	linguistic	_	none	_	End=1580.189	2x2	_	_	0-3(?)
614-0	PST083	614	614	0	perché::	perché	_	_	_	_	_	linguistic	_	none	_	Begin=1582.266	5x2	_	_	_
614-1	PST083	614	614	1	in	in	_	_	_	_	_	linguistic	_	none	_	_	_	_	_	_
614-2	PST083	614	614	2	italiano::	italiano	_	_	_	_	_	linguistic	_	none	_	_	7x2	_	_	_
614-3	PST083	614	614	3	suona	suona	_	_	_	_	_	linguistic	_	none	_	_	_	_	_	_
614-4	PST083	614	614	4	un	un	_	_	_	_	_	linguistic	_	none	_	_	_	_	_	_
614-5	PST083	614	614	5	po'::	po'	_	_	_	_	_	linguistic	_	none	_	_	1x2	_	_	_
614-6	PST083	614	614	6	strano	strano	_	_	_	_	_	linguistic	_	none	_	_	_	_	_	_
614-7	PST083	614	614	7	((ride))	((ride))	_	_	_	_	_	nonverbalbehavior	_	none	_	End=1585.066	_	_	_	_
615-0	PST082	615	615	0	[sì	sì	_	_	_	_	_	linguistic	_	none	_	Begin=1587.044	_	_	_	0-2(87)
615-1	PST082	615	615	1	è	è	_	_	_	_	_	linguistic	_	none	_	_	_	_	_	0-1(87)
615-2	PST082	615	615	2	vero]	vero	_	_	_	_	_	linguistic	_	none	_	End=1588.1	_	_	_	0-4(87)
616-0	PST083	616	616	0	[esatto]	esatto	_	_	_	_	_	linguistic	_	none	_	Begin=1587.633|End=1588.433	_	_	_	0-6(87)
617-0	PST082	617	617	0	[è	è	_	_	_	_	_	linguistic	_	none	_	Begin=1588.522	_	_	_	0-1(88)
617-1	PST082	617	617	1	vero]	vero	_	_	_	_	_	linguistic	_	none	_	End=1589.233	_	_	_	0-4(88)
618-0	PST083	618	618	0	cioè	cioè	_	_	_	_	_	linguistic	_	some	_	Begin=1588.91	_	_	_	_
618-1	PST083	618	618	1	noi	noi	_	_	_	_	_	linguistic	_	some	_	_	_	_	_	_
618-2	PST083	618	618	2	anche	anche	_	_	_	_	_	linguistic	_	some	_	_	_	_	_	_
618-3	PST083	618	618	3	se	se	_	_	_	_	_	linguistic	_	some	_	_	_	_	_	_
618-4	PST083	618	618	4	parliamo	parliamo	_	_	_	_	_	linguistic	_	some	_	_	_	_	_	_
618-5	PST083	618	618	5	italiano	italiano	_	_	_	_	_	linguistic	_	some	_	_	_	_	_	_
618-6	PST083	618	618	6	è	è	_	_	_	_	_	linguistic	_	some	_	_	_	_	_	_
618-7	PST083	618	618	7	sempre	sempre	_	_	_	_	_	linguistic	_	some	_	_	_	_	_	_
618-8	PST083	618	618	8	#doamna	doamna	_	_	_	_	_	linguistic	_	some	Language=NO_ISO_CODE|Variation=Token	_	_	_	_	_
618-9	PST083	618	618	9	@ecaterina	@ecaterina	_	_	_	_	_	anonymized	_	some	_	End=1591.424	_	_	_	_
620-0	PST082	620	620	0	((ride))	((ride))	_	_	_	_	_	nonverbalbehavior	_	none	_	Begin=1591.424|End=1592.371	_	_	_	_
621-0	PST082	621	621	0	in	in	_	_	_	_	_	linguistic	_	none	_	Begin=1595.065	_	_	_	_
621-1	PST082	621	621	1	romeno	romeno	_	_	_	_	_	linguistic	_	none	_	_	_	_	_	_
621-2	PST082	621	621	2	suona	suona	_	_	_	_	_	linguistic	_	none	_	_	_	_	_	_
621-3	PST082	621	621	3	meglio	meglio	_	_	_	_	_	linguistic	_	none	_	End=1596.354	_	_	_	_
622-0	PST082	622	622	0	signora	signora	_	_	_	_	_	linguistic	_	none	_	Begin=1596.689	_	_	_	_
622-1	PST082	622	622	1	@ecaterina	@ecaterina	_	_	_	_	_	anonymized	_	none	_	_	_	_	_	_
622-2	PST082	622	622	2	è	è	_	_	_	_	_	linguistic	_	none	_	_	_	_	_	_
622-3	PST082	622	622	3	un	un	_	_	_	_	_	linguistic	_	none	_	_	_	_	_	_
622-4	PST082	622	622	4	po'	po'	_	_	_	_	_	linguistic	_	none	_	_	_	_	_	_
622-5	PST082	622	622	5	troppo::	troppo	_	_	_	_	_	linguistic	_	none	_	End=1598.822	5x2	_	_	_
623-0	PST083	623	623	0	sì	sì	_	_	_	_	_	linguistic	_	some	_	Begin=1600.677	_	_	_	_
623-1	PST083	623	623	1	perché	perché	_	_	_	_	_	linguistic	_	some	_	_	_	_	_	_
623-2	PST083	623	623	2	tipo	tipo	_	_	_	_	_	linguistic	_	some	_	_	_	_	_	_
623-3	PST083	623	623	3	in	in	_	_	_	_	_	linguistic	_	some	_	_	_	_	_	_
623-4	PST083	623	623	4	rumeno	rumeno	_	_	_	_	_	linguistic	_	some	_	_	_	_	_	_
623-5	PST083	623	623	5	#doamna	doamna	_	_	_	_	_	linguistic	_	some	Language=NO_ISO_CODE|Variation=Token	_	_	_	_	_
623-6	PST083	623	623	6	è	è	_	_	_	_	_	linguistic	_	some	_	_	_	_	_	_
623-7	PST083	623	623	7	anche	anche	_	_	_	_	_	linguistic	_	some	_	_	_	_	_	_
623-8	PST083	623	623	8	un	un	_	_	_	_	_	linguistic	_	some	_	_	_	_	_	_
623-9	PST083	623	623	9	po'	po'	_	_	_	_	_	linguistic	_	some	_	_	_	_	_	_
623-10	PST083	623	623	10	visto	visto	_	_	_	_	_	linguistic	_	some	_	_	_	_	_	_
623-11	PST083	623	623	11	tipo	tipo	_	_	_	_	_	linguistic	_	some	_	_	_	_	_	_
623-12	PST083	623	623	12	la~	la~	_	_	_	_	_	linguistic	_	some	Interrupted=Yes	_	_	_	_	_
623-13	PST083	623	623	13	la	la	_	_	_	_	_	linguistic	_	some	_	_	_	_	_	_
623-14	PST083	623	623	14	maestra	maestra	_	_	_	_	_	linguistic	_	some	_	_	_	_	_	_
623-15	PST083	623	623	15	anche	anche	_	_	_	_	_	linguistic	_	some	_	_	_	_	_	_
623-16	PST083	623	623	16	viene	viene	_	_	_	_	_	linguistic	_	some	_	_	_	_	_	_
623-17	PST083	623	623	17	viene	viene	_	_	_	_	_	linguistic	_	some	_	_	_	_	_	_
623-18	PST083	623	623	18	chiamata	chiamata	_	_	_	_	_	linguistic	_	some	_	_	_	_	_	_
623-19	PST083	623	623	19	#doamna	doamna	_	_	_	_	_	linguistic	_	some	Language=NO_ISO_CODE|Variation=Token	_	_	_	_	_
623-20	PST083	623	623	20	signora	signora	_	_	_	_	_	linguistic	_	some	_	_	_	_	_	_
623-21	PST083	623	623	21	solo	solo	_	_	_	_	_	linguistic	_	some	_	_	_	_	_	_
623-22	PST083	623	623	22	che	che	_	_	_	_	_	linguistic	_	some	_	_	_	_	_	_
623-23	PST083	623	623	23	poi	poi	_	_	_	_	_	linguistic	_	some	_	_	_	_	_	_
623-24	PST083	623	623	24	appunto	appunto	_	_	_	_	_	linguistic	_	some	PauseAfter=Yes	_	_	_	_	_
623-25	PST083	623	623	25	(.)	(.)	_	_	_	_	_	shortpause	_	some	_	_	_	_	_	_
623-26	PST083	623	623	26	esatto	esatto	_	_	_	_	_	linguistic	_	some	_	_	_	_	_	_
623-27	PST083	623	623	27	esatto	esatto	_	_	_	_	_	linguistic	_	some	_	End=1609.922	_	_	_	_
624-0	PST082	624	624	0	doamna	doamna	_	_	_	_	_	linguistic	_	all	Language=NO_ISO_CODE	Begin=1607.899	_	_	_	_
624-1	PST082	624	624	1	învățătoare	învățătoare	_	_	_	_	_	linguistic	_	all	Language=NO_ISO_CODE	End=1609.321	_	_	_	_
626-0	PST082	626	626	0	[sì]	sì	_	_	_	_	_	linguistic	_	none	_	Begin=1613.413|End=1613.848	_	_	_	0-2(?)
627-0	PST082	627	627	0	eh	eh	_	_	_	_	_	linguistic	_	none	_	Begin=1616.811	_	_	_	_
627-1	PST082	627	627	1	no	no	_	_	_	_	_	linguistic	_	none	_	_	_	_	_	_
627-2	PST082	627	627	2	è	è	_	_	_	_	_	linguistic	_	none	_	_	_	_	_	_
627-3	PST082	627	627	3	qua~	qua~	_	_	_	_	_	linguistic	_	none	Interrupted=Yes	End=1617.8	_	_	_	_
628-0	PST083	628	628	0	[tema	tema	_	_	_	_	_	linguistic	_	none	_	Begin=1618.2	_	_	_	0-4(?)
628-1	PST083	628	628	1	generale	generale	_	_	_	_	_	linguistic	_	none	_	_	_	_	_	0-8(?)
628-2	PST083	628	628	2	di	di	_	_	_	_	_	linguistic	_	none	_	_	_	_	_	0-2(?)
628-3	PST083	628	628	3	che	che	_	_	_	_	_	linguistic	_	none	_	_	_	_	_	0-3(?)
628-4	PST083	628	628	4	cosa	cosa	_	_	_	_	_	linguistic	_	none	_	_	_	_	_	0-4(?)
628-5	PST083	628	628	5	si	si	_	_	_	_	_	linguistic	_	none	_	_	_	_	_	0-2(?)
628-6	PST083	628	628	6	parla	parla	_	_	_	_	_	linguistic	_	none	_	_	_	_	_	0-5(?)
628-7	PST083	628	628	7	in	in	_	_	_	_	_	linguistic	_	none	_	_	_	_	_	0-2(?)
628-8	PST083	628	628	8	questa	questa	_	_	_	_	_	linguistic	_	none	_	_	_	_	_	0-6(?)
628-9	PST083	628	628	9	scena]	scena	_	_	_	_	_	linguistic	_	none	_	End=1620.444	_	_	_	0-5(?)
629-0	PST083	629	629	0	#doamna	doamna	_	_	_	_	_	linguistic	_	some	Language=NO_ISO_CODE|Variation=Token	Begin=1624.589	_	_	_	_
629-1	PST083	629	629	1	@ecaterina	@ecaterina	_	_	_	_	_	anonymized	_	some	_	_	_	_	_	_
629-2	PST083	629	629	2	che:	che	_	_	_	_	_	linguistic	_	some	_	_	2x1	_	_	_
629-3	PST083	629	629	3	racconta::	racconta	_	_	_	_	_	linguistic	_	some	_	_	7x2	_	_	_
629-4	PST083	629	629	4	che	che	_	_	_	_	_	linguistic	_	some	_	_	_	_	_	_
629-5	PST083	629	629	5	ne	ne	_	_	_	_	_	linguistic	_	some	_	_	_	_	_	_
629-6	PST083	629	629	6	so	so	_	_	_	_	_	linguistic	_	some	_	_	_	_	_	_
629-7	PST083	629	629	7	la	la	_	_	_	_	_	linguistic	_	some	_	_	_	_	_	_
629-8	PST083	629	629	8	storia	storia	_	_	_	_	_	linguistic	_	some	_	_	_	_	_	_
629-9	PST083	629	629	9	[del:]	del	_	_	_	_	_	linguistic	_	some	_	End=1627.578	2x1	_	_	0-3(?)
631-0	PST085	631	631	0	[del]	del	_	_	_	_	_	linguistic	_	some	_	Begin=1627.578	_	_	_	0-3(?)
631-1	PST085	631	631	1	#centru	centru	_	_	_	_	_	linguistic	_	some	Language=NO_ISO_CODE|Variation=Token	End=1628.533	_	_	_	_
633-0	PST083	633	633	0	[la	la	_	_	_	_	_	linguistic	_	none	_	Begin=1628.533	_	_	_	_
633-1	PST083	633	633	1	fondazio[ne]],	fondazione	_	_	_	_	_	linguistic	_	none	Intonation=WeaklyRising	End=1629.402	_	_	_	_
634-0	PST082	634	634	0	[cioè	cioè	_	_	_	_	_	linguistic	_	none	_	Begin=1628.533	_	_	_	0-4(113)
634-1	PST082	634	634	1	sono	sono	_	_	_	_	_	linguistic	_	none	_	_	_	_	_	0-4(113)
634-2	PST082	634	634	2	delle	delle	_	_	_	_	_	linguistic	_	none	_	_	_	_	_	0-5(113)
634-3	PST082	634	634	3	parole]	parole	_	_	_	_	_	linguistic	_	none	_	_	_	_	_	0-6(113)
634-4	PST082	634	634	4	collegate	collegate	_	_	_	_	_	linguistic	_	none	_	End=1630.378	_	_	_	_
635-0	PST085	635	635	0	[sì]	sì	_	_	_	_	_	linguistic	_	none	_	Begin=1629.064|End=1629.401	_	_	_	0-2(113)
636-0	PST093	636	636	0	sì	sì	_	_	_	_	_	linguistic	_	none	ProsodicLink=Yes	Begin=1629.402	_	_	_	_
636-1	PST093	636	636	1	sì	sì	_	_	_	_	_	linguistic	_	none	_	End=1630.01	_	_	_	_
637-0	PST083	637	637	0	sì	sì	_	_	_	_	_	linguistic	_	none	_	Begin=1638.233	_	_	_	_
637-1	PST083	637	637	1	ho	ho	_	_	_	_	_	linguistic	_	none	_	_	_	_	_	_
637-2	PST083	637	637	2	scritto	scritto	_	_	_	_	_	linguistic	_	none	_	_	_	_	_	_
637-3	PST083	637	637	3	@ecaterina	@ecaterina	_	_	_	_	_	anonymized	_	none	_	_	_	_	_	_
637-4	PST083	637	637	4	con	con	_	_	_	_	_	linguistic	_	none	_	_	_	_	_	_
637-5	PST083	637	637	5	due	due	_	_	_	_	_	linguistic	_	none	_	_	_	_	_	_
637-6	PST083	637	637	6	ti	ti	_	_	_	_	_	linguistic	_	none	_	_	_	_	_	_
637-7	PST083	637	637	7	sarebbe	sarebbe	_	_	_	_	_	linguistic	_	none	_	_	_	_	_	_
637-8	PST083	637	637	8	solo	solo	_	_	_	_	_	linguistic	_	none	_	_	_	_	_	_
637-9	PST083	637	637	9	una	una	_	_	_	_	_	linguistic	_	none	_	_	_	_	_	_
637-10	PST083	637	637	10	però,	però	_	_	_	_	_	linguistic	_	none	Intonation=WeaklyRising	End=1641.077	_	_	_	_
638-0	PST083	638	638	0	vabbè	vabbè	_	_	_	_	_	linguistic	_	none	_	Begin=1641.311|End=1641.722	_	_	_	_
639-0	PST083	639	639	0	ma	ma	_	_	_	_	_	linguistic	_	none	_	Begin=1657.367	_	_	_	_
639-1	PST083	639	639	1	@adela	@adela	_	_	_	_	_	anonymized	_	none	_	_	_	_	_	_
639-2	PST083	639	639	2	da	da	_	_	_	_	_	linguistic	_	none	_	_	_	_	_	_
639-3	PST083	639	639	3	dov'	dov'	_	_	_	_	_	linguistic	_	none	SpaceAfter=No	_	_	_	_	_
639-4	PST083	639	639	4	è	è	_	_	_	_	_	linguistic	_	none	_	_	_	_	_	_
639-5	PST083	639	639	5	uscita	uscita	_	_	_	_	_	linguistic	_	none	_	End=1659.056	_	_	_	_
640-0	PST085	640	640	0	[da::	da	_	_	_	_	_	linguistic	_	none	_	Begin=1659.315	1x2	_	_	0-2(90)
640-1	PST085	640	640	1	dietro]	dietro	_	_	_	_	_	linguistic	_	none	_	_	_	_	_	0-6(90)
640-2	PST085	640	640	2	((ride))	((ride))	_	_	_	_	_	nonverbalbehavior	_	none	_	End=1660.955	_	_	_	_
641-0	PST093	641	641	0	[xxx	xxx	_	_	_	_	_	unknown	_	none	Syllables=3	Begin=1659.315	_	_	_	0-3(90)
641-1	PST093	641	641	1	prima]	prima	_	_	_	_	_	linguistic	_	none	_	End=1660.955	_	_	_	0-5(90)
642-0	PST083	642	642	0	non	non	_	_	_	_	_	linguistic	_	none	_	Begin=1660.978	_	_	_	_
642-1	PST083	642	642	1	l'	l'	_	_	_	_	_	linguistic	_	none	SpaceAfter=No	_	_	_	_	_
642-2	PST083	642	642	2	ho	ho	_	_	_	_	_	linguistic	_	none	_	_	_	_	_	_
642-3	PST083	642	642	3	vista	vista	_	_	_	_	_	linguistic	_	none	_	_	_	_	_	_
642-4	PST083	642	642	4	[entrare	entrare	_	_	_	_	_	linguistic	_	none	PauseAfter=Yes	_	_	_	_	0-7(91)
642-5	PST083	642	642	5	(.)	(.)	_	_	_	_	_	shortpause	_	none	_	_	_	_	_	_
642-6	PST083	642	642	6	ciao	ciao	_	_	_	_	_	linguistic	_	none	_	_	_	_	_	0-4(91)
642-7	PST083	642	642	7	@adela]	@adela	_	_	_	_	_	anonymized	_	none	_	End=1663.344	_	_	_	0-6(91)
643-0	PST085	643	643	0	[ti	ti	_	_	_	_	_	linguistic	_	none	_	Begin=1661.739	_	_	_	0-2(91)
643-1	PST085	643	643	1	è	è	_	_	_	_	_	linguistic	_	none	_	_	_	_	_	0-1(91)
643-2	PST085	643	643	2	passata	passata	_	_	_	_	_	linguistic	_	none	_	_	_	_	_	0-7(91)
643-3	PST085	643	643	3	davanti]	davanti	_	_	_	_	_	linguistic	_	none	_	End=1663.174	_	_	_	0-7(91)
644-0	???	644	644	0	ciao	ciao	_	_	_	_	_	linguistic	_	none	_	Begin=1663.355	_	_	_	_
644-1	???	644	644	1	(xxx)	xxx	_	_	_	_	_	unknown	_	none	Syllables=3	_	_	_	0-3(0)	_
644-2	???	644	644	2	non	non	_	_	_	_	_	linguistic	_	none	_	_	_	_	_	_
644-3	???	644	644	3	salutare	salutare	_	_	_	_	_	linguistic	_	none	_	End=1665.61	_	_	_	_
645-0	PST083	645	645	0	a	a	_	_	_	_	_	linguistic	_	none	_	Begin=1665.622	_	_	_	_
645-1	PST083	645	645	1	parte	parte	_	_	_	_	_	linguistic	_	none	_	_	_	_	_	_
645-2	PST083	645	645	2	che	che	_	_	_	_	_	linguistic	_	none	_	_	_	_	_	_
645-3	PST083	645	645	3	tu	tu	_	_	_	_	_	linguistic	_	none	_	_	_	_	_	_
645-4	PST083	645	645	4	dovresti	dovresti	_	_	_	_	_	linguistic	_	none	_	_	_	_	_	_
645-5	PST083	645	645	5	salutarmi	salutarmi	_	_	_	_	_	linguistic	_	none	PauseAfter=Yes	_	_	_	_	_
645-6	PST083	645	645	6	(.)	(.)	_	_	_	_	_	shortpause	_	none	_	_	_	_	_	_
645-7	PST083	645	645	7	tu	tu	_	_	_	_	_	linguistic	_	none	_	_	_	_	_	_
645-8	PST083	645	645	8	sei	sei	_	_	_	_	_	linguistic	_	none	_	_	_	_	_	_
645-9	PST083	645	645	9	andata	andata	_	_	_	_	_	linguistic	_	none	_	_	_	_	_	_
645-10	PST083	645	645	10	in	in	_	_	_	_	_	linguistic	_	none	_	_	_	_	_	_
645-11	PST083	645	645	11	sala	sala	_	_	_	_	_	linguistic	_	none	_	End=1669.399	_	_	_	_
646-0	PST083	646	646	0	e::h	eh	_	_	_	_	_	linguistic	_	none	_	Begin=1670.728|End=1671.141	0x2	_	_	_
647-0	PST083	647	647	0	ciao	ciao	_	_	_	_	_	linguistic	_	none	_	Begin=1673.666	_	_	_	_
647-1	PST083	647	647	1	((ride))	((ride))	_	_	_	_	_	nonverbalbehavior	_	none	_	End=1674.399	_	_	_	_
648-0	???	648	648	0	ciao	ciao	_	_	_	_	_	linguistic	_	none	_	Begin=1674.478	_	_	_	_
648-1	???	648	648	1	@anitina	@anitina	_	_	_	_	_	anonymized	_	none	_	End=1675.233	_	_	_	_
649-0	PST083	649	649	0	ciao	ciao	_	_	_	_	_	linguistic	_	none	_	Begin=1676.766|End=1677.133	_	_	_	_
650-0	???	650	650	0	[ciao:	ciao	_	_	_	_	_	linguistic	_	none	_	Begin=1677.122	3x1	_	_	0-4(93)
650-1	???	650	650	1	@eleonora]?	@eleonora	_	_	_	_	_	anonymized	_	none	Intonation=Rising	End=1678.5	_	_	_	0-9(93)
651-0	PST083	651	651	0	[fondazione	fondazione	_	_	_	_	_	linguistic	_	none	_	Begin=1677.133	_	_	_	0-10(93)
651-1	PST083	651	651	1	del	del	_	_	_	_	_	linguistic	_	none	_	_	_	_	_	0-3(93)
651-2	PST083	651	651	2	@nomeassociazione]	@nomeassociazione	_	_	_	_	_	anonymized	_	none	_	End=1678.5	_	_	_	0-17(93)
652-0	PST093	652	652	0	sì	sì	_	_	_	_	_	linguistic	_	none	_	Begin=1678.5|End=1678.88	_	_	_	_
653-0	???	653	653	0	(xxx)	xxx	_	_	_	_	_	unknown	_	none	Syllables=3	Begin=1678.978|End=1680.261	_	_	0-3(0)	_
654-0	PST083	654	654	0	e::h	eh	_	_	_	_	_	linguistic	_	none	_	Begin=1680.261	0x2	_	_	_
654-1	PST083	654	654	1	((legge	legge	_	_	_	_	_	linguistic	_	none	_	_	_	_	_	_
654-2	PST083	654	654	2	scrivendo)	scrivendo	_	_	_	_	_	linguistic	_	none	_	_	_	_	_	_
654-3	PST083	654	654	3	e	e	_	_	_	_	_	linguistic	_	none	_	_	_	_	_	_
654-4	PST083	654	654	4	dell(a)	della	_	_	_	_	_	linguistic	_	none	_	End=1682.655	_	_	_	_
655-0	PST083	655	655	0	su(a)	sua	_	_	_	_	_	linguistic	_	none	_	Begin=1683.255|End=1683.674	_	_	2-3(0)	_
656-0	???	656	656	0	buon	buon	_	_	_	_	_	linguistic	_	none	_	Begin=1683.674	_	_	_	_
656-1	???	656	656	1	lavoro,	lavoro	_	_	_	_	_	linguistic	_	none	Intonation=WeaklyRising	End=1684.304	_	_	_	_
657-0	PST083	657	657	0	ciao,	ciao	_	_	_	_	_	linguistic	_	none	Intonation=WeaklyRising	Begin=1684.445|End=1685.0	_	_	_	_
658-0	PST085	658	658	0	gra:zie,	grazie	_	_	_	_	_	linguistic	_	none	Intonation=WeaklyRising	Begin=1685.048|End=1685.755	2x1	_	_	_
659-0	PST083	659	659	0	((legge_scrivendo))	((legge_scrivendo))	_	_	_	_	_	nonverbalbehavior	_	none	_	Begin=1685.35	_	_	_	_
659-1	PST083	659	659	1	°espe~	espe~	_	_	_	_	_	linguistic	_	none	Interrupted=Yes|PauseAfter=Yes|Volume=low	_	_	_	_	_
659-2	PST083	659	659	2	(.)	(.)	_	_	_	_	_	shortpause	_	none	_	_	_	_	_	_
659-3	PST083	659	659	3	rienza	rienza	_	_	_	_	_	linguistic	_	none	PauseAfter=Yes|Volume=low	_	_	_	_	_
659-4	PST083	659	659	4	(.)	(.)	_	_	_	_	_	shortpause	_	none	_	_	_	_	_	_
659-5	PST083	659	659	5	in°	in	_	_	_	_	_	linguistic	_	none	Volume=low	_	_	_	_	_
659-6	PST083	659	659	6	italia?	italia	_	_	_	_	_	linguistic	_	none	Intonation=Rising	_	_	_	_	_
659-7	PST083	659	659	7	boh	boh	_	_	_	_	_	linguistic	_	none	_	End=1690.348	_	_	_	_
660-0	PST083	660	660	0	a	a	_	_	_	_	_	linguistic	_	none	_	Begin=1692.633	_	_	_	_
660-1	PST083	660	660	1	grandi	grandi	_	_	_	_	_	linguistic	_	none	_	_	_	_	_	_
660-2	PST083	660	660	2	linee	linee	_	_	_	_	_	linguistic	_	none	_	End=1693.466	_	_	_	_
661-0	PST083	661	661	0	eh::m	ehm	_	_	_	_	_	linguistic	_	none	_	Begin=1694.322	1x2	_	_	_
661-1	PST083	661	661	1	((legge))	((legge))	_	_	_	_	_	nonverbalbehavior	_	none	_	_	_	_	_	_
661-2	PST083	661	661	2	che	che	_	_	_	_	_	linguistic	_	none	_	_	_	_	_	_
661-3	PST083	661	661	3	cosa	cosa	_	_	_	_	_	linguistic	_	none	_	_	_	_	_	_
661-4	PST083	661	661	4	succede	succede	_	_	_	_	_	linguistic	_	none	_	_	_	_	_	_
661-5	PST083	661	661	5	in	in	_	_	_	_	_	linguistic	_	none	_	_	_	_	_	_
661-6	PST083	661	661	6	questa	questa	_	_	_	_	_	linguistic	_	none	_	_	_	_	_	_
661-7	PST083	661	661	7	scena.	scena	_	_	_	_	_	linguistic	_	none	Intonation=Falling	End=1696.466	_	_	_	_
662-0	PST083	662	662	0	mi	mi	_	_	_	_	_	linguistic	_	none	_	Begin=1697.233	_	_	_	_
662-1	PST083	662	662	1	dis~	dis~	_	_	_	_	_	linguistic	_	none	Interrupted=Yes	_	_	_	_	_
662-2	PST083	662	662	2	mh	mh	_	_	_	_	_	linguistic	_	none	ProsodicLink=Yes	_	_	_	_	_
662-3	PST083	662	662	3	mh	mh	_	_	_	_	_	linguistic	_	none	_	End=1698.8	_	_	_	_
663-0	PST083	663	663	0	((legge))	((legge))	_	_	_	_	_	nonverbalbehavior	_	none	_	Begin=1699.378	_	_	_	_
663-1	PST083	663	663	1	intervistatore,	intervistatore	_	_	_	_	_	linguistic	_	none	Intonation=WeaklyRising	End=1700.744	_	_	_	_
664-0	PST093	664	664	0	intervista	intervista	_	_	_	_	_	linguistic	_	none	_	Begin=1702.766|End=1704.199	_	_	_	_
665-0	PST083	665	665	0	((legge_scrivendo))	((legge_scrivendo))	_	_	_	_	_	nonverbalbehavior	_	none	_	Begin=1703.826	_	_	_	_
665-1	PST083	665	665	1	°inter	inter	_	_	_	_	_	linguistic	_	none	PauseAfter=Yes|Volume=low	_	_	_	_	_
665-2	PST083	665	665	2	(.)	(.)	_	_	_	_	_	shortpause	_	none	_	_	_	_	_	_
665-3	PST083	665	665	3	vi~	vi~	_	_	_	_	_	linguistic	_	none	Interrupted=Yes|PauseAfter=Yes|Volume=low	_	_	_	_	_
665-4	PST083	665	665	4	(.)	(.)	_	_	_	_	_	shortpause	_	none	_	_	_	_	_	_
665-5	PST083	665	665	5	sta	sta	_	_	_	_	_	linguistic	_	none	PauseAfter=Yes|Volume=low	_	_	_	_	_
665-6	PST083	665	665	6	(.)	(.)	_	_	_	_	_	shortpause	_	none	_	_	_	_	_	_
665-7	PST083	665	665	7	tor~°	tor~	_	_	_	_	_	linguistic	_	none	Interrupted=Yes|Volume=low	End=1707.924	_	_	_	_
666-0	PST083	666	666	0	intervista	intervista	_	_	_	_	_	linguistic	_	none	_	Begin=1708.011	_	_	_	_
666-1	PST083	666	666	1	sì,	sì	_	_	_	_	_	linguistic	_	none	Intonation=WeaklyRising	_	_	_	_	_
666-2	PST083	666	666	2	((ride))	((ride))	_	_	_	_	_	nonverbalbehavior	_	none	_	End=1709.733	_	_	_	_
667-0	PST093	667	667	0	#doamna	doamna	_	_	_	_	_	linguistic	_	some	Language=NO_ISO_CODE|Variation=Token	Begin=1710.767	_	_	_	_
667-1	PST093	667	667	1	@ecaterina	@ecaterina	_	_	_	_	_	anonymized	_	some	_	End=1712.011	_	_	_	_
669-0	PST083	669	669	0	e::h	eh	_	_	_	_	_	linguistic	_	none	_	Begin=1724.766	0x2	_	_	_
669-1	PST083	669	669	1	((legge))	((legge))	_	_	_	_	_	nonverbalbehavior	_	none	_	_	_	_	_	_
669-2	PST083	669	669	2	chi	chi	_	_	_	_	_	linguistic	_	none	_	_	_	_	_	_
669-3	PST083	669	669	3	è	è	_	_	_	_	_	linguistic	_	none	_	_	_	_	_	_
669-4	PST083	669	669	4	coinvolto	coinvolto	_	_	_	_	_	linguistic	_	none	_	_	_	_	_	_
669-5	PST083	669	669	5	in	in	_	_	_	_	_	linguistic	_	none	_	_	_	_	_	_
669-6	PST083	669	669	6	quest'	quest'	_	_	_	_	_	linguistic	_	none	SpaceAfter=No	_	_	_	_	_
669-7	PST083	669	669	7	attività.	attività	_	_	_	_	_	linguistic	_	none	Intonation=Falling	End=1727.044	_	_	_	_
670-0	PST085	670	670	0	#doamna	doamna	_	_	_	_	_	linguistic	_	some	Language=NO_ISO_CODE|Variation=Token	Begin=1728.178	_	_	_	_
670-1	PST085	670	670	1	@ecateri[na]	@ecaterina	_	_	_	_	_	anonymized	_	some	_	End=1729.141	_	_	_	8-10(115)
672-0	PST083	672	672	0	[#doamna	doamna	_	_	_	_	_	linguistic	_	some	Language=NO_ISO_CODE|Variation=Token	Begin=1729.066	_	_	_	0-7(115)
672-1	PST083	672	672	1	@ecaterina]	@ecaterina	_	_	_	_	_	anonymized	_	some	_	_	_	_	_	0-10(115)
672-2	PST083	672	672	2	e	e	_	_	_	_	_	linguistic	_	some	_	_	_	_	_	_
672-3	PST083	672	672	3	un:	un	_	_	_	_	_	linguistic	_	some	_	_	1x1	_	_	_
672-4	PST083	672	672	4	intervistatore	intervistatore	_	_	_	_	_	linguistic	_	some	_	_	_	_	_	_
672-5	PST083	672	672	5	a	a	_	_	_	_	_	linguistic	_	some	_	_	_	_	_	_
672-6	PST083	672	672	6	caso?	caso	_	_	_	_	_	linguistic	_	some	Intonation=Rising	End=1732.122	_	_	_	_
674-0	PST093	674	674	0	[#doamna	doamna	_	_	_	_	_	linguistic	_	some	Language=NO_ISO_CODE|Variation=Token	Begin=1729.098	_	_	_	0-7(115)
674-1	PST093	674	674	1	@ecaterina]	@ecaterina	_	_	_	_	_	anonymized	_	some	_	End=1729.87	_	_	_	0-10(115)
676-0	PST093	676	676	0	chi	chi	_	_	_	_	_	linguistic	_	none	_	Begin=1734.65	_	_	_	_
676-1	PST093	676	676	1	lo	lo	_	_	_	_	_	linguistic	_	none	_	_	_	_	_	_
676-2	PST093	676	676	2	>voleva<	voleva	_	_	_	_	_	linguistic	_	none	_	_	_	Fast=0-6(0)	_	_
676-3	PST093	676	676	3	fa>re<?	fare	_	_	_	_	_	linguistic	_	none	Intonation=Rising	_	_	Slow=0-2(0)|Fast=2-4(1)	_	_
676-4	PST093	676	676	4	magari	magari	_	_	_	_	_	linguistic	_	none	_	_	_	_	_	_
676-5	PST093	676	676	5	chiediamo	chiediamo	_	_	_	_	_	linguistic	_	none	_	_	_	_	_	_
676-6	PST093	676	676	6	[nel	nel	_	_	_	_	_	linguistic	_	none	_	_	_	_	_	0-3(96)
676-7	PST093	676	676	7	gruppo	gruppo	_	_	_	_	_	linguistic	_	none	_	_	_	_	_	0-6(96)
676-8	PST093	676	676	8	qual~]	qual~	_	_	_	_	_	linguistic	_	none	Interrupted=Yes	End=1736.994	_	_	_	0-5(96)
677-0	PST083	677	677	0	[io	io	_	_	_	_	_	linguistic	_	none	_	Begin=1735.68	_	_	_	0-2(96)
677-1	PST083	677	677	1	o	o	_	_	_	_	_	linguistic	_	none	_	_	_	_	_	0-1(96)
677-2	PST083	677	677	2	tu]	tu	_	_	_	_	_	linguistic	_	none	_	End=1736.735	_	_	_	0-2(96)
678-0	PST083	678	678	0	no	no	_	_	_	_	_	linguistic	_	none	_	Begin=1737.233	_	_	_	_
678-1	PST083	678	678	1	chi	chi	_	_	_	_	_	linguistic	_	none	_	_	_	_	_	_
678-2	PST083	678	678	2	è	è	_	_	_	_	_	linguistic	_	none	_	_	_	_	_	_
678-3	PST083	678	678	3	che	che	_	_	_	_	_	linguistic	_	none	_	_	_	_	_	_
678-4	PST083	678	678	4	aveva	aveva	_	_	_	_	_	linguistic	_	none	_	_	_	_	_	_
678-5	PST083	678	678	5	scelto::	scelto	_	_	_	_	_	linguistic	_	none	_	_	5x2	_	_	_
678-6	PST083	678	678	6	[o]	o	_	_	_	_	_	linguistic	_	none	_	End=1738.889	_	_	_	0-1(97)
679-0	PST093	679	679	0	[tu]	tu	_	_	_	_	_	linguistic	_	none	_	Begin=1738.805	_	_	_	0-2(97)
679-1	PST093	679	679	1	e	e	_	_	_	_	_	linguistic	_	none	_	_	_	_	_	_
679-2	PST093	679	679	2	io	io	_	_	_	_	_	linguistic	_	none	_	End=1739.65	_	_	_	_
680-0	PST085	680	680	0	ah	ah	_	_	_	_	_	linguistic	_	none	_	Begin=1740.205	_	_	_	_
680-1	PST085	680	680	1	è	è	_	_	_	_	_	linguistic	_	none	_	_	_	_	_	_
680-2	PST085	680	680	2	vero	vero	_	_	_	_	_	linguistic	_	none	_	_	_	_	_	_
680-3	PST085	680	680	3	voi	voi	_	_	_	_	_	linguistic	_	none	_	_	_	_	_	_
680-4	PST085	680	680	4	due	due	_	_	_	_	_	linguistic	_	none	_	_	_	_	_	_
680-5	PST085	680	680	5	una	una	_	_	_	_	_	linguistic	_	none	_	_	_	_	_	_
680-6	PST085	680	680	6	delle	delle	_	_	_	_	_	linguistic	_	none	_	_	_	_	_	_
680-7	PST085	680	680	7	due	due	_	_	_	_	_	linguistic	_	none	_	End=1741.983	_	_	_	_
681-0	PST085	681	681	0	o	o	_	_	_	_	_	linguistic	_	none	_	Begin=1742.239	_	_	_	_
681-1	PST085	681	681	1	mettete	mettete	_	_	_	_	_	linguistic	_	none	_	_	_	_	_	_
681-2	PST085	681	681	2	entrambi	entrambi	_	_	_	_	_	linguistic	_	none	_	_	_	_	_	_
681-3	PST085	681	681	3	i	i	_	_	_	_	_	linguistic	_	none	_	_	_	_	_	_
681-4	PST085	681	681	4	nomi	nomi	_	_	_	_	_	linguistic	_	none	_	_	_	_	_	_
681-5	PST085	681	681	5	e	e	_	_	_	_	_	linguistic	_	none	_	_	_	_	_	_
681-6	PST085	681	681	6	poi	poi	_	_	_	_	_	linguistic	_	none	_	_	_	_	_	_
681-7	PST085	681	681	7	vi	vi	_	_	_	_	_	linguistic	_	none	_	_	_	_	_	_
681-8	PST085	681	681	8	organizzate	organizzate	_	_	_	_	_	linguistic	_	none	_	_	_	_	_	_
681-9	PST085	681	681	9	sul	sul	_	_	_	_	_	linguistic	_	none	_	_	_	_	_	_
681-10	PST085	681	681	10	mo[mento]	momento	_	_	_	_	_	linguistic	_	none	_	End=1744.845	_	_	_	2-7(98)
682-0	PST083	682	682	0	[sì]	sì	_	_	_	_	_	linguistic	_	none	_	Begin=1744.174	_	_	_	0-2(98)
682-1	PST083	682	682	1	mettiamo	mettiamo	_	_	_	_	_	linguistic	_	none	_	_	_	_	_	_
682-2	PST083	682	682	2	barr[a:::]	barra	_	_	_	_	_	linguistic	_	none	PauseAfter=Yes	_	4x3	_	_	4-5(99)
682-3	PST083	682	682	3	(.)	(.)	_	_	_	_	_	shortpause	_	none	_	_	_	_	_	_
682-4	PST083	682	682	4	m:::::h	mh	_	_	_	_	_	linguistic	_	none	_	End=1747.694	0x5	_	_	_
683-0	PST082	683	683	0	[sì]	sì	_	_	_	_	_	linguistic	_	none	_	Begin=1745.25|End=1745.924	_	_	_	0-2(99)
684-0	PST083	684	684	0	quindi	quindi	_	_	_	_	_	linguistic	_	none	_	Begin=1748.177|End=1749.022	_	_	_	_
685-0	PST093	685	685	0	però	però	_	_	_	_	_	linguistic	_	none	_	Begin=1754.389|End=1754.9	_	_	_	_
686-0	PST093	686	686	0	ah	ah	_	_	_	_	_	linguistic	_	none	_	Begin=1755.177|End=1755.5	_	_	_	_
687-0	PST083	687	687	0	cosa,	cosa	_	_	_	_	_	linguistic	_	none	Intonation=WeaklyRising	Begin=1756.289|End=1756.544	_	_	_	_
688-0	PST093	688	688	0	niente	niente	_	_	_	_	_	linguistic	_	none	_	Begin=1756.62	_	_	_	_
688-1	PST093	688	688	1	niente	niente	_	_	_	_	_	linguistic	_	none	_	End=1757.522	_	_	_	_
689-0	PST083	689	689	0	io	io	_	_	_	_	_	linguistic	_	none	_	Begin=1767.089	_	_	_	_
689-1	PST083	689	689	1	direi	direi	_	_	_	_	_	linguistic	_	none	_	_	_	_	_	_
689-2	PST083	689	689	2	al	al	_	_	_	_	_	linguistic	_	none	_	_	_	_	_	_
689-3	PST083	689	689	3	centro	centro	_	_	_	_	_	linguistic	_	none	_	_	_	_	_	_
689-4	PST083	689	689	4	sinceramente	sinceramente	_	_	_	_	_	linguistic	_	none	_	_	_	_	_	_
689-5	PST083	689	689	5	adesso,	adesso	_	_	_	_	_	linguistic	_	none	Intonation=WeaklyRising	End=1769.098	_	_	_	_
690-0	PST083	690	690	0	((legge))	((legge))	_	_	_	_	_	nonverbalbehavior	_	none	_	Begin=1773.811	_	_	_	_
690-1	PST083	690	690	1	quando	quando	_	_	_	_	_	linguistic	_	none	_	_	_	_	_	_
690-2	PST083	690	690	2	si	si	_	_	_	_	_	linguistic	_	none	_	_	_	_	_	_
690-3	PST083	690	690	3	farà	farà	_	_	_	_	_	linguistic	_	none	_	_	_	_	_	_
690-4	PST083	690	690	4	la	la	_	_	_	_	_	linguistic	_	none	_	_	_	_	_	_
690-5	PST083	690	690	5	ripresa:::	ripresa	_	_	_	_	_	linguistic	_	none	_	_	6x3	_	_	_
690-6	PST083	690	690	6	boh	boh	_	_	_	_	_	linguistic	_	none	_	End=1776.311	_	_	_	_
691-0	PST083	691	691	0	un	un	_	_	_	_	_	linguistic	_	none	_	Begin=1777.233	_	_	_	_
691-1	PST083	691	691	1	giorno	giorno	_	_	_	_	_	linguistic	_	none	_	_	_	_	_	_
691-2	PST083	691	691	2	((ride))	((ride))	_	_	_	_	_	nonverbalbehavior	_	none	_	End=1778.966	_	_	_	_
692-0	PST083	692	692	0	e::::h	eh	_	_	_	_	_	linguistic	_	none	_	Begin=1779.348|End=1780.75	0x4	_	_	_
693-0	PST093	693	693	0	un	un	_	_	_	_	_	linguistic	_	none	_	Begin=1780.967	_	_	_	_
693-1	PST093	693	693	1	sabato	sabato	_	_	_	_	_	linguistic	_	none	_	_	_	_	_	_
693-2	PST093	693	693	2	no?	no	_	_	_	_	_	linguistic	_	none	Intonation=Rising	End=1782.189	_	_	_	_
694-0	PST083	694	694	0	sì	sì	_	_	_	_	_	linguistic	_	none	_	Begin=1783.188	_	_	_	_
694-1	PST083	694	694	1	magari	magari	_	_	_	_	_	linguistic	_	none	_	_	_	_	_	_
694-2	PST083	694	694	2	un	un	_	_	_	_	_	linguistic	_	none	_	_	_	_	_	_
694-3	PST083	694	694	3	sabat~	sabat~	_	_	_	_	_	linguistic	_	none	Interrupted=Yes|PauseAfter=Yes	_	_	_	_	_
694-4	PST083	694	694	4	(.)	(.)	_	_	_	_	_	shortpause	_	none	_	_	_	_	_	_
694-5	PST083	694	694	5	vabbè	vabbè	_	_	_	_	_	linguistic	_	none	_	_	_	_	_	_
694-6	PST083	694	694	6	non	non	_	_	_	_	_	linguistic	_	none	_	_	_	_	_	_
694-7	PST083	694	694	7	per	per	_	_	_	_	_	linguistic	_	none	_	_	_	_	_	_
694-8	PST083	694	694	8	forza	forza	_	_	_	_	_	linguistic	_	none	_	End=1785.633	_	_	_	_
695-0	PST083	695	695	0	>posso	posso	_	_	_	_	_	linguistic	_	none	_	Begin=1803.344	_	Fast=0-5(0)	_	_
695-1	PST083	695	695	1	scrivere	scrivere	_	_	_	_	_	linguistic	_	none	_	_	_	Fast=0-8(0)	_	_
695-2	PST083	695	695	2	verso	verso	_	_	_	_	_	linguistic	_	none	_	_	_	Fast=0-5(0)	_	_
695-3	PST083	695	695	3	fine<	fine	_	_	_	_	_	linguistic	_	none	PauseAfter=Yes	_	_	Fast=0-4(0)	_	_
695-4	PST083	695	695	4	(.)	(.)	_	_	_	_	_	shortpause	_	none	_	_	_	_	_	_
695-5	PST083	695	695	5	febbraio	febbraio	_	_	_	_	_	linguistic	_	none	_	_	_	_	_	_
695-6	PST083	695	695	6	e	e	_	_	_	_	_	linguistic	_	none	_	_	_	_	_	_
695-7	PST083	695	695	7	poi	poi	_	_	_	_	_	linguistic	_	none	_	_	_	_	_	_
695-8	PST083	695	695	8	se	se	_	_	_	_	_	linguistic	_	none	_	_	_	_	_	_
695-9	PST083	695	695	9	abbiam[o::]	abbiamo	_	_	_	_	_	linguistic	_	none	_	End=1805.978	6x2	_	_	6-7(?)
696-0	PST083	696	696	0	[sì]	sì	_	_	_	_	_	linguistic	_	none	_	Begin=1815.066|End=1815.435	_	_	_	0-2(?)
697-0	PST083	697	697	0	((legge))	((legge))	_	_	_	_	_	nonverbalbehavior	_	none	_	Begin=1823.663	_	_	_	_
697-1	PST083	697	697	1	inquadrature	inquadrature	_	_	_	_	_	linguistic	_	none	_	End=1824.567	_	_	_	_
698-0	PST083	698	698	0	allora	allora	_	_	_	_	_	linguistic	_	none	_	Begin=1824.766|End=1825.288	_	_	_	_
699-0	PST083	699	699	0	e::::::h	eh	_	_	_	_	_	linguistic	_	none	_	Begin=1826.349|End=1829.916	0x6	_	_	_
700-0	PST083	700	700	0	beh	beh	_	_	_	_	_	linguistic	_	none	_	Begin=1836.233	_	_	_	_
700-1	PST083	700	700	1	sicuramente	sicuramente	_	_	_	_	_	linguistic	_	none	PauseAfter=Yes	_	_	_	_	_
700-2	PST083	700	700	2	(.)	(.)	_	_	_	_	_	shortpause	_	none	_	_	_	_	_	_
700-3	PST083	700	700	3	una	una	_	_	_	_	_	linguistic	_	none	_	_	_	_	_	_
700-4	PST083	700	700	4	mezza	mezza	_	_	_	_	_	linguistic	_	none	_	_	_	_	_	_
700-5	PST083	700	700	5	figura	figura	_	_	_	_	_	linguistic	_	none	_	_	_	_	_	_
700-6	PST083	700	700	6	penso	penso	_	_	_	_	_	linguistic	_	none	_	_	_	_	_	_
700-7	PST083	700	700	7	che	che	_	_	_	_	_	linguistic	_	none	_	End=1839.189	_	_	_	_
701-0	PST083	701	701	0	per	per	_	_	_	_	_	linguistic	_	none	_	Begin=1839.522	_	_	_	_
701-1	PST083	701	701	1	forza	forza	_	_	_	_	_	linguistic	_	none	_	End=1840.322	_	_	_	_
702-0	PST083	702	702	0	ci	ci	_	_	_	_	_	linguistic	_	none	_	Begin=1840.633	_	_	_	_
702-1	PST083	702	702	1	dev'	dev'	_	_	_	_	_	linguistic	_	none	SpaceAfter=No	_	_	_	_	_
702-2	PST083	702	702	2	essere,	essere	_	_	_	_	_	linguistic	_	none	Intonation=WeaklyRising	End=1841.555	_	_	_	_
703-0	PST083	703	703	0	poi	poi	_	_	_	_	_	linguistic	_	none	_	Begin=1842.345	_	_	_	_
703-1	PST083	703	703	1	magari::	magari	_	_	_	_	_	linguistic	_	none	PauseAfter=Yes	_	5x2	_	_	_
703-2	PST083	703	703	2	(.)	(.)	_	_	_	_	_	shortpause	_	none	_	_	_	_	_	_
703-3	PST083	703	703	3	un	un	_	_	_	_	_	linguistic	_	none	_	_	_	_	_	_
703-4	PST083	703	703	4	primo	primo	_	_	_	_	_	linguistic	_	none	_	_	_	_	_	_
703-5	PST083	703	703	5	piano,	piano	_	_	_	_	_	linguistic	_	none	Intonation=WeaklyRising	End=1844.945	_	_	_	_
704-0	PST085	704	704	0	primo	primo	_	_	_	_	_	linguistic	_	none	_	Begin=1845.777	_	_	_	_
704-1	PST085	704	704	1	piano	piano	_	_	_	_	_	linguistic	_	none	_	_	_	_	_	_
704-2	PST085	704	704	2	com'	com'	_	_	_	_	_	linguistic	_	none	SpaceAfter=No	_	_	_	_	_
704-3	PST085	704	704	3	è?	è	_	_	_	_	_	linguistic	_	none	Intonation=Rising	End=1846.744	_	_	_	_
705-0	PST093	705	705	0	sotto	sotto	_	_	_	_	_	linguistic	_	none	_	Begin=1847.38	_	_	_	_
705-1	PST093	705	705	1	[le	le	_	_	_	_	_	linguistic	_	none	_	_	_	_	_	0-2(116)
705-2	PST093	705	705	2	spalle]	spalle	_	_	_	_	_	linguistic	_	none	_	End=1847.945	_	_	_	0-6(116)
706-0	PST083	706	706	0	[(po:')	po'	_	_	_	_	_	linguistic	_	none	_	Begin=1847.674	1x1	_	0-3(0)	0-3(116)
706-1	PST083	706	706	1	sotto	sotto	_	_	_	_	_	linguistic	_	none	_	_	_	_	_	0-5(116)
706-2	PST083	706	706	2	le]	le	_	_	_	_	_	linguistic	_	none	_	_	_	_	_	0-2(116)
706-3	PST083	706	706	3	spalle	spalle	_	_	_	_	_	linguistic	_	none	_	_	_	_	_	_
706-4	PST083	706	706	4	in	in	_	_	_	_	_	linguistic	_	none	_	_	_	_	_	_
706-5	PST083	706	706	5	su	su	_	_	_	_	_	linguistic	_	none	_	End=1849.288	_	_	_	_
707-0	PST085	707	707	0	[xx]	xx	_	_	_	_	_	unknown	_	none	Syllables=2	Begin=1847.902|End=1848.696	_	_	_	0-2(116)
708-0	PST085	708	708	0	eh:::::m	ehm	_	_	_	_	_	linguistic	_	none	_	Begin=1850.589|End=1852.7	1x5	_	_	_
709-0	PST083	709	709	0	magari	magari	_	_	_	_	_	linguistic	_	none	_	Begin=1855.696	_	_	_	_
709-1	PST083	709	709	1	anche	anche	_	_	_	_	_	linguistic	_	none	_	_	_	_	_	_
709-2	PST083	709	709	2	un	un	_	_	_	_	_	linguistic	_	none	_	_	_	_	_	_
709-3	PST083	709	709	3	mezzo	mezzo	_	_	_	_	_	linguistic	_	none	_	_	_	_	_	_
709-4	PST083	709	709	4	busto	busto	_	_	_	_	_	linguistic	_	none	_	End=1857.411	_	_	_	_
710-0	PST083	710	710	0	cioè	cioè	_	_	_	_	_	linguistic	_	none	_	Begin=1858.422	_	_	_	_
710-1	PST083	710	710	1	alla	alla	_	_	_	_	_	linguistic	_	none	_	_	_	_	_	_
710-2	PST083	710	710	2	fine	fine	_	_	_	_	_	linguistic	_	none	_	_	_	_	_	_
710-3	PST083	710	710	3	qua	qua	_	_	_	_	_	linguistic	_	none	PauseAfter=Yes	_	_	_	_	_
710-4	PST083	710	710	4	(.)	(.)	_	_	_	_	_	shortpause	_	none	_	_	_	_	_	_
710-5	PST083	710	710	5	si	si	_	_	_	_	_	linguistic	_	none	_	_	_	_	_	_
710-6	PST083	710	710	6	può	può	_	_	_	_	_	linguistic	_	none	_	_	_	_	_	_
710-7	PST083	710	710	7	giocare	giocare	_	_	_	_	_	linguistic	_	none	_	_	_	_	_	_
710-8	PST083	710	710	8	un	un	_	_	_	_	_	linguistic	_	none	_	_	_	_	_	_
710-9	PST083	710	710	9	po'	po'	_	_	_	_	_	linguistic	_	none	_	_	_	_	_	_
710-10	PST083	710	710	10	con~	con~	_	_	_	_	_	linguistic	_	none	Interrupted=Yes	End=1861.333	_	_	_	_
711-0	PST093	711	711	0	di	di	_	_	_	_	_	linguistic	_	none	_	Begin=1860.326	_	_	_	_
711-1	PST093	711	711	1	solito	solito	_	_	_	_	_	linguistic	_	none	_	_	_	_	_	_
711-2	PST093	711	711	2	le	le	_	_	_	_	_	linguistic	_	none	_	_	_	_	_	_
711-3	PST093	711	711	3	interviste	interviste	_	_	_	_	_	linguistic	_	none	_	_	_	_	_	_
711-4	PST093	711	711	4	non	non	_	_	_	_	_	linguistic	_	none	_	_	_	_	_	_
711-5	PST093	711	711	5	sono	sono	_	_	_	_	_	linguistic	_	none	_	_	_	_	_	_
711-6	PST093	711	711	6	ferme?	ferme	_	_	_	_	_	linguistic	_	none	Intonation=Rising	End=1862.761	_	_	_	_
712-0	PST093	712	712	0	cioè,	cioè	_	_	_	_	_	linguistic	_	none	Intonation=WeaklyRising	Begin=1863.032|End=1863.445	_	_	_	_
713-0	PST083	713	713	0	sì	sì	_	_	_	_	_	linguistic	_	none	_	Begin=1863.467	_	_	_	_
713-1	PST083	713	713	1	ma	ma	_	_	_	_	_	linguistic	_	none	_	_	_	_	_	_
713-2	PST083	713	713	2	nel	nel	_	_	_	_	_	linguistic	_	none	_	_	_	_	_	_
713-3	PST083	713	713	3	senso	senso	_	_	_	_	_	linguistic	_	none	PauseAfter=Yes	_	_	_	_	_
713-4	PST083	713	713	4	(.)	(.)	_	_	_	_	_	shortpause	_	none	_	_	_	_	_	_
713-5	PST083	713	713	5	non	non	_	_	_	_	_	linguistic	_	none	_	_	_	_	_	_
713-6	PST083	713	713	6	è	è	_	_	_	_	_	linguistic	_	none	_	_	_	_	_	_
713-7	PST083	713	713	7	che	che	_	_	_	_	_	linguistic	_	none	PauseAfter=Yes	_	_	_	_	_
713-8	PST083	713	713	8	(.)	(.)	_	_	_	_	_	shortpause	_	none	_	_	_	_	_	_
713-9	PST083	713	713	9	tu	tu	_	_	_	_	_	linguistic	_	none	_	_	_	_	_	_
713-10	PST083	713	713	10	scorri	scorri	_	_	_	_	_	linguistic	_	none	_	_	_	_	_	_
713-11	PST083	713	713	11	cioè	cioè	_	_	_	_	_	linguistic	_	none	_	_	_	_	_	_
713-12	PST083	713	713	12	vabbè	vabbè	_	_	_	_	_	linguistic	_	none	_	_	_	_	_	_
713-13	PST083	713	713	13	for~	for~	_	_	_	_	_	linguistic	_	none	Interrupted=Yes	_	_	_	_	_
713-14	PST083	713	713	14	cioè	cioè	_	_	_	_	_	linguistic	_	none	_	_	_	_	_	_
713-15	PST083	713	713	15	puoi	puoi	_	_	_	_	_	linguistic	_	none	_	_	_	_	_	_
713-16	PST083	713	713	16	anche	anche	_	_	_	_	_	linguistic	_	none	_	_	_	_	_	_
713-17	PST083	713	713	17	farlo	farlo	_	_	_	_	_	linguistic	_	none	_	_	_	_	_	_
713-18	PST083	713	713	18	però	però	_	_	_	_	_	linguistic	_	none	_	End=1868.696	_	_	_	_
714-0	PST083	714	714	0	nel	nel	_	_	_	_	_	linguistic	_	none	_	Begin=1868.859	_	_	_	_
714-1	PST083	714	714	1	senso	senso	_	_	_	_	_	linguistic	_	none	_	_	_	_	_	_
714-2	PST083	714	714	2	che	che	_	_	_	_	_	linguistic	_	none	_	_	_	_	_	_
714-3	PST083	714	714	3	magari	magari	_	_	_	_	_	linguistic	_	none	PauseAfter=Yes	_	_	_	_	_
714-4	PST083	714	714	4	(.)	(.)	_	_	_	_	_	shortpause	_	none	_	_	_	_	_	_
714-5	PST083	714	714	5	eh	eh	_	_	_	_	_	linguistic	_	none	_	_	_	_	_	_
714-6	PST083	714	714	6	un	un	_	_	_	_	_	linguistic	_	none	_	_	_	_	_	_
714-7	PST083	714	714	7	momento	momento	_	_	_	_	_	linguistic	_	none	_	_	_	_	_	_
714-8	PST083	714	714	8	parla	parla	_	_	_	_	_	linguistic	_	none	_	_	_	_	_	_
714-9	PST083	714	714	9	e	e	_	_	_	_	_	linguistic	_	none	_	_	_	_	_	_
714-10	PST083	714	714	10	tu	tu	_	_	_	_	_	linguistic	_	none	_	_	_	_	_	_
714-11	PST083	714	714	11	prendi	prendi	_	_	_	_	_	linguistic	_	none	_	_	_	_	_	_
714-12	PST083	714	714	12	solo	solo	_	_	_	_	_	linguistic	_	none	_	_	_	_	_	_
714-13	PST083	714	714	13	la	la	_	_	_	_	_	linguistic	_	none	_	_	_	_	_	_
714-14	PST083	714	714	14	faccia	faccia	_	_	_	_	_	linguistic	_	none	_	End=1873.272	_	_	_	_
715-0	PST083	715	715	0	le~	le~	_	_	_	_	_	linguistic	_	none	Interrupted=Yes	Begin=1873.367	_	_	_	_
715-1	PST083	715	715	1	la	la	_	_	_	_	_	linguistic	_	none	_	_	_	_	_	_
715-2	PST083	715	715	2	voce	voce	_	_	_	_	_	linguistic	_	none	_	_	_	_	_	_
715-3	PST083	715	715	3	continua	continua	_	_	_	_	_	linguistic	_	none	_	_	_	_	_	_
715-4	PST083	715	715	4	a	a	_	_	_	_	_	linguistic	_	none	_	_	_	_	_	_
715-5	PST083	715	715	5	parlare	parlare	_	_	_	_	_	linguistic	_	none	_	_	_	_	_	_
715-6	PST083	715	715	6	però	però	_	_	_	_	_	linguistic	_	none	_	_	_	_	_	_
715-7	PST083	715	715	7	[cambi	cambi	_	_	_	_	_	linguistic	_	none	_	_	_	_	_	0-5(101)
715-8	PST083	715	715	8	inquadratura]	inquadratura	_	_	_	_	_	linguistic	_	none	_	_	_	_	_	0-12(101)
715-9	PST083	715	715	9	quindi	quindi	_	_	_	_	_	linguistic	_	none	_	_	_	_	_	_
715-10	PST083	715	715	10	magari	magari	_	_	_	_	_	linguistic	_	none	_	_	_	_	_	_
715-11	PST083	715	715	11	[la	la	_	_	_	_	_	linguistic	_	none	_	_	_	_	_	0-2(102)
715-12	PST083	715	715	12	prendi	prendi	_	_	_	_	_	linguistic	_	none	_	_	_	_	_	0-6(102)
715-13	PST083	715	715	13	meglio]	meglio	_	_	_	_	_	linguistic	_	none	_	End=1876.826	_	_	_	0-6(102)
716-0	PST093	716	716	0	[eh	eh	_	_	_	_	_	linguistic	_	none	_	Begin=1875.022	_	_	_	0-2(101)
716-1	PST093	716	716	1	lo	lo	_	_	_	_	_	linguistic	_	none	_	_	_	_	_	0-2(101)
716-2	PST093	716	716	2	so]	so	_	_	_	_	_	linguistic	_	none	_	End=1875.7	_	_	_	0-2(101)
717-0	PST093	717	717	0	[eh]	eh	_	_	_	_	_	linguistic	_	none	_	Begin=1876.61	_	_	_	0-2(102)
717-1	PST093	717	717	1	infatti	infatti	_	_	_	_	_	linguistic	_	none	_	_	_	_	_	_
717-2	PST093	717	717	2	>dicevo<	dicevo	_	_	_	_	_	linguistic	_	none	_	_	_	Fast=0-6(0)	_	_
717-3	PST093	717	717	3	ferma	ferma	_	_	_	_	_	linguistic	_	none	_	_	_	_	_	_
717-4	PST093	717	717	4	nel	nel	_	_	_	_	_	linguistic	_	none	_	_	_	_	_	_
717-5	PST093	717	717	5	senso	senso	_	_	_	_	_	linguistic	_	none	_	_	_	_	_	_
717-6	PST093	717	717	6	non	non	_	_	_	_	_	linguistic	_	none	_	_	_	_	_	_
717-7	PST093	717	717	7	cambia	cambia	_	_	_	_	_	linguistic	_	none	PauseAfter=Yes	_	_	_	_	_
717-8	PST093	717	717	8	(.)	(.)	_	_	_	_	_	shortpause	_	none	_	_	_	_	_	_
717-9	PST093	717	717	9	poi	poi	_	_	_	_	_	linguistic	_	none	_	_	_	_	_	_
717-10	PST093	717	717	10	non	non	_	_	_	_	_	linguistic	_	none	_	_	_	_	_	_
717-11	PST093	717	717	11	lo	lo	_	_	_	_	_	linguistic	_	none	_	_	_	_	_	_
717-12	PST093	717	717	12	so	so	_	_	_	_	_	linguistic	_	none	_	_	_	_	_	_
717-13	PST093	717	717	13	non	non	_	_	_	_	_	linguistic	_	none	_	_	_	_	_	_
717-14	PST093	717	717	14	ne	ne	_	_	_	_	_	linguistic	_	none	_	_	_	_	_	_
717-15	PST093	717	717	15	guardo	guardo	_	_	_	_	_	linguistic	_	none	_	_	_	_	_	_
717-16	PST093	717	717	16	interviste	interviste	_	_	_	_	_	linguistic	_	none	_	End=1881.348	_	_	_	_
718-0	PST083	718	718	0	ma	ma	_	_	_	_	_	linguistic	_	none	_	Begin=1881.356	_	_	_	_
718-1	PST083	718	718	1	di	di	_	_	_	_	_	linguistic	_	none	_	_	_	_	_	_
718-2	PST083	718	718	2	solito:	solito	_	_	_	_	_	linguistic	_	none	_	_	5x1	_	_	_
718-3	PST083	718	718	3	un	un	_	_	_	_	_	linguistic	_	none	_	_	_	_	_	_
718-4	PST083	718	718	4	po'	po'	_	_	_	_	_	linguistic	_	none	_	_	_	_	_	_
718-5	PST083	718	718	5	cambia	cambia	_	_	_	_	_	linguistic	_	none	_	_	_	_	_	_
718-6	PST083	718	718	6	poi	poi	_	_	_	_	_	linguistic	_	none	_	_	_	_	_	_
718-7	PST083	718	718	7	dipende	dipende	_	_	_	_	_	linguistic	_	none	_	_	_	_	_	_
718-8	PST083	718	718	8	cioè	cioè	_	_	_	_	_	linguistic	_	none	_	_	_	_	_	_
718-9	PST083	718	718	9	nel	nel	_	_	_	_	_	linguistic	_	none	_	_	_	_	_	_
718-10	PST083	718	718	10	senso:	senso	_	_	_	_	_	linguistic	_	none	_	_	4x1	_	_	_
718-11	PST083	718	718	11	magari	magari	_	_	_	_	_	linguistic	_	none	_	_	_	_	_	_
718-12	PST083	718	718	12	se	se	_	_	_	_	_	linguistic	_	none	_	_	_	_	_	_
718-13	PST083	718	718	13	vai	vai	_	_	_	_	_	linguistic	_	none	_	_	_	_	_	_
718-14	PST083	718	718	14	tipo	tipo	_	_	_	_	_	linguistic	_	none	_	_	_	_	_	_
718-15	PST083	718	718	15	da	da	_	_	_	_	_	linguistic	_	none	_	_	_	_	_	_
718-16	PST083	718	718	16	xxxx	xxxx	_	_	_	_	_	unknown	_	none	Syllables=4	_	_	_	_	_
718-17	PST083	718	718	17	non	non	_	_	_	_	_	linguistic	_	none	_	_	_	_	_	_
718-18	PST083	718	718	18	ti	ti	_	_	_	_	_	linguistic	_	none	_	_	_	_	_	_
718-19	PST083	718	718	19	cambiano	cambiano	_	_	_	_	_	linguistic	_	none	_	_	_	_	_	_
718-20	PST083	718	718	20	dieci	dieci	_	_	_	_	_	linguistic	_	none	_	_	_	_	_	_
718-21	PST083	718	718	21	mila	mila	_	_	_	_	_	linguistic	_	none	_	_	_	_	_	_
718-22	PST083	718	718	22	volte	volte	_	_	_	_	_	linguistic	_	none	_	_	_	_	_	_
718-23	PST083	718	718	23	l'	l'	_	_	_	_	_	linguistic	_	none	SpaceAfter=No	_	_	_	_	_
718-24	PST083	718	718	24	inquadratura,	inquadratura	_	_	_	_	_	linguistic	_	none	Intonation=WeaklyRising	End=1888.811	_	_	_	_
719-0	PST083	719	719	0	però	però	_	_	_	_	_	linguistic	_	none	_	Begin=1888.977	_	_	_	_
719-1	PST083	719	719	1	tipo	tipo	_	_	_	_	_	linguistic	_	none	_	_	_	_	_	_
719-2	PST083	719	719	2	quest'	quest'	_	_	_	_	_	linguistic	_	none	SpaceAfter=No	_	_	_	_	_
719-3	PST083	719	719	3	intervista	intervista	_	_	_	_	_	linguistic	_	none	_	_	_	_	_	_
719-4	PST083	719	719	4	un	un	_	_	_	_	_	linguistic	_	none	_	_	_	_	_	_
719-5	PST083	719	719	5	po'	po'	_	_	_	_	_	linguistic	_	none	_	_	_	_	_	_
719-6	PST083	719	719	6	più	più	_	_	_	_	_	linguistic	_	none	_	_	_	_	_	_
719-7	PST083	719	719	7	così,	così	_	_	_	_	_	linguistic	_	none	Intonation=WeaklyRising	End=1891.055	_	_	_	_
720-0	PST083	720	720	0	(boh)	boh	_	_	_	_	_	linguistic	_	none	_	Begin=1891.133	_	_	0-3(0)	_
720-1	PST083	720	720	1	noi:	noi	_	_	_	_	_	linguistic	_	none	ProsodicLink=Yes	_	2x1	_	_	_
720-2	PST083	720	720	2	noi	noi	_	_	_	_	_	linguistic	_	none	_	_	_	_	_	_
720-3	PST083	720	720	3	m::h	mh	_	_	_	_	_	linguistic	_	none	_	_	0x2	_	_	_
720-4	PST083	720	720	4	vediamo	vediamo	_	_	_	_	_	linguistic	_	none	_	_	_	_	_	_
720-5	PST083	720	720	5	c(io)è	cioè	_	_	_	_	_	linguistic	_	none	Reduced=Yes	End=1893.478	_	_	_	_
721-0	PST083	721	721	0	ah	ah	_	_	_	_	_	linguistic	_	none	_	Begin=1893.722	_	_	_	_
721-1	PST083	721	721	1	quindi	quindi	_	_	_	_	_	linguistic	_	none	_	_	_	_	_	_
721-2	PST083	721	721	2	abbiamo	abbiamo	_	_	_	_	_	linguistic	_	none	_	_	_	_	_	_
721-3	PST083	721	721	3	detto	detto	_	_	_	_	_	linguistic	_	none	_	End=1895.377	_	_	_	_
722-0	PST083	722	722	0	eh::m	ehm	_	_	_	_	_	linguistic	_	none	_	Begin=1895.966	1x2	_	_	_
722-1	PST083	722	722	1	((legge_scrivendo))	((legge_scrivendo))	_	_	_	_	_	nonverbalbehavior	_	none	_	_	_	_	_	_
722-2	PST083	722	722	2	primo	primo	_	_	_	_	_	linguistic	_	none	_	_	_	_	_	_
722-3	PST083	722	722	3	piano,	piano	_	_	_	_	_	linguistic	_	none	Intonation=WeaklyRising	End=1898.0	_	_	_	_
723-0	PST083	723	723	0	primo	primo	_	_	_	_	_	linguistic	_	none	_	Begin=1911.71	_	_	_	_
723-1	PST083	723	723	1	piano::,	piano	_	_	_	_	_	linguistic	_	none	Intonation=WeaklyRising	End=1912.799	4x2	_	_	_
724-0	PST083	724	724	0	eh::::m	ehm	_	_	_	_	_	linguistic	_	none	_	Begin=1913.444	1x4	_	_	_
724-1	PST083	724	724	1	quindi	quindi	_	_	_	_	_	linguistic	_	none	_	_	_	_	_	_
724-2	PST083	724	724	2	mettiamo	mettiamo	_	_	_	_	_	linguistic	_	none	_	_	_	_	_	_
724-3	PST083	724	724	3	anche	anche	_	_	_	_	_	linguistic	_	none	_	_	_	_	_	_
724-4	PST083	724	724	4	la	la	_	_	_	_	_	linguistic	_	none	_	_	_	_	_	_
724-5	PST083	724	724	5	mezza	mezza	_	_	_	_	_	linguistic	_	none	_	_	_	_	_	_
724-6	PST083	724	724	6	figura?	figura	_	_	_	_	_	linguistic	_	none	Intonation=Rising	End=1916.088	_	_	_	_
725-0	PST083	725	725	0	o	o	_	_	_	_	_	linguistic	_	none	_	Begin=1916.777	_	_	_	_
725-1	PST083	725	725	1	mezzo	mezzo	_	_	_	_	_	linguistic	_	none	_	_	_	_	_	_
725-2	PST083	725	725	2	busto,	busto	_	_	_	_	_	linguistic	_	none	Intonation=WeaklyRising	End=1918.033	_	_	_	_
726-0	PST083	726	726	0	mezza	mezza	_	_	_	_	_	linguistic	_	none	_	Begin=1919.37	_	_	_	_
726-1	PST083	726	726	1	figura	figura	_	_	_	_	_	linguistic	_	none	_	_	_	_	_	_
726-2	PST083	726	726	2	è	è	_	_	_	_	_	linguistic	_	none	_	_	_	_	_	_
726-3	PST083	726	726	3	dalle	dalle	_	_	_	_	_	linguistic	_	none	_	_	_	_	_	_
726-4	PST083	726	726	4	sp~	sp~	_	_	_	_	_	linguistic	_	none	Interrupted=Yes|PauseAfter=Yes	_	_	_	_	_
726-5	PST083	726	726	5	(.)	(.)	_	_	_	_	_	shortpause	_	none	_	_	_	_	_	_
726-6	PST083	726	726	6	dalla	dalla	_	_	_	_	_	linguistic	_	none	_	_	_	_	_	_
726-7	PST083	726	726	7	vita	vita	_	_	_	_	_	linguistic	_	none	_	_	_	_	_	_
726-8	PST083	726	726	8	in	in	_	_	_	_	_	linguistic	_	none	_	_	_	_	_	_
726-9	PST083	726	726	9	su	su	_	_	_	_	_	linguistic	_	none	_	End=1922.344	_	_	_	_
727-0	PST083	727	727	0	cosa	cosa	_	_	_	_	_	linguistic	_	none	_	Begin=1923.027	_	_	_	_
727-1	PST083	727	727	1	cambia	cambia	_	_	_	_	_	linguistic	_	none	_	_	_	_	_	_
727-2	PST083	727	727	2	da	da	_	_	_	_	_	linguistic	_	none	_	_	_	_	_	_
727-3	PST083	727	727	3	mezzo,	mezzo	_	_	_	_	_	linguistic	_	none	Intonation=WeaklyRising	End=1924.438	_	_	_	_
728-0	PST083	728	728	0	mettiamo	mettiamo	_	_	_	_	_	linguistic	_	none	_	Begin=1924.707	_	_	_	_
728-1	PST083	728	728	1	mezza	mezza	_	_	_	_	_	linguistic	_	none	_	_	_	_	_	_
728-2	PST083	728	728	2	figura	figura	_	_	_	_	_	linguistic	_	none	_	_	_	_	_	_
728-3	PST083	728	728	3	va'	va'	_	_	_	_	_	linguistic	_	none	Truncated=Yes	End=1925.955	_	_	_	_
729-0	PST085	729	729	0	secondo	secondo	_	_	_	_	_	linguistic	_	none	_	Begin=1932.978	_	_	_	_
729-1	PST085	729	729	1	me	me	_	_	_	_	_	linguistic	_	none	_	_	_	_	_	_
729-2	PST085	729	729	2	tipo::	tipo	_	_	_	_	_	linguistic	_	none	_	End=1934.345	3x2	_	_	_
730-0	PST085	730	730	0	da	da	_	_	_	_	_	linguistic	_	none	_	Begin=1936.326	_	_	_	_
730-1	PST085	730	730	1	qua	qua	_	_	_	_	_	linguistic	_	none	_	End=1936.944	_	_	_	_
731-0	PST083	731	731	0	si	si	_	_	_	_	_	linguistic	_	none	_	Begin=1937.01	_	_	_	_
731-1	PST083	731	731	1	eh	eh	_	_	_	_	_	linguistic	_	none	_	_	_	_	_	_
731-2	PST083	731	731	2	mezza	mezza	_	_	_	_	_	linguistic	_	none	_	_	_	_	_	_
731-3	PST083	731	731	3	mezza	mezza	_	_	_	_	_	linguistic	_	none	_	_	_	_	_	_
731-4	PST083	731	731	4	figura	figura	_	_	_	_	_	linguistic	_	none	_	_	_	_	_	_
731-5	PST083	731	731	5	allora	allora	_	_	_	_	_	linguistic	_	none	_	End=1938.88	_	_	_	_
732-0	PST083	732	732	0	e:::::h	eh	_	_	_	_	_	linguistic	_	none	_	Begin=1940.511|End=1942.261	0x5	_	_	_
733-0	PST083	733	733	0	teoricamente	teoricamente	_	_	_	_	_	linguistic	_	none	_	Begin=1942.391	_	_	_	_
733-1	PST083	733	733	1	penso	penso	_	_	_	_	_	linguistic	_	none	_	_	_	_	_	_
733-2	PST083	733	733	2	che	che	_	_	_	_	_	linguistic	_	none	_	_	_	_	_	_
733-3	PST083	733	733	3	staremo	staremo	_	_	_	_	_	linguistic	_	none	_	_	_	_	_	_
733-4	PST083	733	733	4	seduti	seduti	_	_	_	_	_	linguistic	_	none	_	_	_	_	_	_
733-5	PST083	733	733	5	quindi	quindi	_	_	_	_	_	linguistic	_	none	_	_	_	_	_	_
733-6	PST083	733	733	6	in	in	_	_	_	_	_	linguistic	_	none	_	_	_	_	_	_
733-7	PST083	733	733	7	realtà	realtà	_	_	_	_	_	linguistic	_	none	_	_	_	_	_	_
733-8	PST083	733	733	8	lascia	lascia	_	_	_	_	_	linguistic	_	none	_	_	_	_	_	_
733-9	PST083	733	733	9	solo	solo	_	_	_	_	_	linguistic	_	none	_	_	_	_	_	_
733-10	PST083	733	733	10	queste	queste	_	_	_	_	_	linguistic	_	none	_	_	_	_	_	_
733-11	PST083	733	733	11	due	due	_	_	_	_	_	linguistic	_	none	_	End=1945.566	_	_	_	_
734-0	PST085	734	734	0	no	no	_	_	_	_	_	linguistic	_	none	_	Begin=1945.957	_	_	_	_
734-1	PST085	734	734	1	e	e	_	_	_	_	_	linguistic	_	none	_	_	_	_	_	_
734-2	PST085	734	734	2	sì	sì	_	_	_	_	_	linguistic	_	none	ProsodicLink=Yes	_	_	_	_	_
734-3	PST085	734	734	3	sì	sì	_	_	_	_	_	linguistic	_	none	ProsodicLink=Yes	_	_	_	_	_
734-4	PST085	734	734	4	sì	sì	_	_	_	_	_	linguistic	_	none	ProsodicLink=Yes	_	_	_	_	_
734-5	PST085	734	734	5	sì	sì	_	_	_	_	_	linguistic	_	none	_	End=1947.065	_	_	_	_
735-0	PST083	735	735	0	c(io)è	cioè	_	_	_	_	_	linguistic	_	none	Reduced=Yes	Begin=1947.088|End=1947.733	_	_	_	_
736-0	PST083	736	736	0	anche	anche	_	_	_	_	_	linguistic	_	none	_	Begin=1948.277	_	_	_	_
736-1	PST083	736	736	1	perché	perché	_	_	_	_	_	linguistic	_	none	_	End=1949.266	_	_	_	_
737-0	PST093	737	737	0	le	le	_	_	_	_	_	linguistic	_	some	_	Begin=1949.707	_	_	_	_
737-1	PST093	737	737	1	puoi	puoi	_	_	_	_	_	linguistic	_	some	_	_	_	_	_	_
737-2	PST093	737	737	2	fare	fare	_	_	_	_	_	linguistic	_	some	_	_	_	_	_	_
737-3	PST093	737	737	3	a::	a	_	_	_	_	_	linguistic	_	some	_	_	0x2	_	_	_
737-4	PST093	737	737	4	#doamna	doamna	_	_	_	_	_	linguistic	_	some	Language=NO_ISO_CODE|Variation=Token	_	_	_	_	_
737-5	PST093	737	737	5	@ecaterina	@ecaterina	_	_	_	_	_	anonymized	_	some	_	_	_	_	_	_
737-6	PST093	737	737	6	do~	do~	_	_	_	_	_	linguistic	_	some	Interrupted=Yes	End=1951.5275	_	_	_	_
739-0	PST083	739	739	0	sì:	sì	_	_	_	_	_	linguistic	_	none	_	Begin=1951.5275	1x1	_	_	_
739-1	PST083	739	739	1	brava:	brava	_	_	_	_	_	linguistic	_	none	_	_	4x1	_	_	_
739-2	PST083	739	739	2	le	le	_	_	_	_	_	linguistic	_	none	_	_	_	_	_	_
739-3	PST083	739	739	3	ho	ho	_	_	_	_	_	linguistic	_	none	_	_	_	_	_	_
739-4	PST083	739	739	4	scritte	scritte	_	_	_	_	_	linguistic	_	none	_	_	_	_	_	_
739-5	PST083	739	739	5	sotto,	sotto	_	_	_	_	_	linguistic	_	none	Intonation=WeaklyRising	End=1953.641	_	_	_	_
740-0	PST083	740	740	0	[u::::h]	uh	_	_	_	_	_	linguistic	_	none	_	Begin=1954.13|End=1956.066	0x4	_	_	0-2(?)
741-0	PST083	741	741	0	che	che	_	_	_	_	_	linguistic	_	none	_	Begin=1956.5	_	_	_	_
741-1	PST083	741	741	1	fastidio	fastidio	_	_	_	_	_	linguistic	_	none	_	End=1957.435	_	_	_	_
742-0	PST083	742	742	0	vabbè	vabbè	_	_	_	_	_	linguistic	_	none	PauseAfter=Yes	Begin=1958.367	_	_	_	_
742-1	PST083	742	742	1	(.)	(.)	_	_	_	_	_	shortpause	_	none	_	_	_	_	_	_
742-2	PST083	742	742	2	e::::h	eh	_	_	_	_	_	linguistic	_	none	_	End=1960.367	0x4	_	_	_
743-0	PST083	743	743	0	l'	l'	_	_	_	_	_	linguistic	_	none	SpaceAfter=No	Begin=1960.555	_	_	_	_
743-1	PST083	743	743	1	attrezzatura	attrezzatura	_	_	_	_	_	linguistic	_	none	_	_	_	_	_	_
743-2	PST083	743	743	2	invece	invece	_	_	_	_	_	linguistic	_	none	_	_	_	_	_	_
743-3	PST083	743	743	3	((sospira))	((sospira))	_	_	_	_	_	nonverbalbehavior	_	none	_	End=1962.855	_	_	_	_
744-0	PST083	744	744	0	e::hm	ehm	_	_	_	_	_	linguistic	_	none	_	Begin=1963.994|End=1965.783	0x2	_	_	_
745-0	PST085	745	745	0	la	la	_	_	_	_	_	linguistic	_	none	_	Begin=1966.256	_	_	_	_
745-1	PST085	745	745	1	telecamera	telecamera	_	_	_	_	_	linguistic	_	none	_	_	_	_	_	_
745-2	PST085	745	745	2	e	e	_	_	_	_	_	linguistic	_	none	_	_	_	_	_	_
745-3	PST085	745	745	3	basta	basta	_	_	_	_	_	linguistic	_	none	_	End=1967.889	_	_	_	_
746-0	PST083	746	746	0	xxx	xxx	_	_	_	_	_	unknown	_	none	PauseAfter=Yes|Syllables=3	Begin=1967.999	_	_	_	_
746-1	PST083	746	746	1	(.)	(.)	_	_	_	_	_	shortpause	_	none	_	_	_	_	_	_
746-2	PST083	746	746	2	[non	non	_	_	_	_	_	linguistic	_	none	_	_	_	_	_	0-3(103)
746-3	PST083	746	746	3	dobb]iamo	dobbiamo	_	_	_	_	_	linguistic	_	none	_	_	_	_	_	0-4(103)
746-4	PST083	746	746	4	prendere	prendere	_	_	_	_	_	linguistic	_	none	_	_	_	_	_	_
746-5	PST083	746	746	5	anche	anche	_	_	_	_	_	linguistic	_	none	_	_	_	_	_	_
746-6	PST083	746	746	6	l'	l'	_	_	_	_	_	linguistic	_	none	SpaceAfter=No	_	_	_	_	_
746-7	PST083	746	746	7	intervistatore,	intervistatore	_	_	_	_	_	linguistic	_	none	Intonation=WeaklyRising	End=1971.345	_	_	_	_
747-0	PST093	747	747	0	[sì]	sì	_	_	_	_	_	linguistic	_	none	_	Begin=1969.211|End=1969.622	_	_	_	0-2(103)
748-0	PST093	748	748	0	ma	ma	_	_	_	_	_	linguistic	_	none	_	Begin=1971.394|End=1972.072	_	_	_	_
749-0	PST083	749	749	0	se	se	_	_	_	_	_	linguistic	_	none	_	Begin=1975.633	_	_	_	_
749-1	PST083	749	749	1	no	no	_	_	_	_	_	linguistic	_	none	_	_	_	_	_	_
749-2	PST083	749	749	2	[prendiamo	prendiamo	_	_	_	_	_	linguistic	_	none	_	_	_	_	_	0-9(104)
749-3	PST083	749	749	3	solo	solo	_	_	_	_	_	linguistic	_	none	PauseAfter=Yes	_	_	_	_	0-4(104)
749-4	PST083	749	749	4	(.)	(.)	_	_	_	_	_	shortpause	_	none	_	_	_	_	_	_
749-5	PST083	749	749	5	prendiamo	prendiamo	_	_	_	_	_	linguistic	_	none	_	_	_	_	_	0-9(104)
749-6	PST083	749	749	6	solo	solo	_	_	_	_	_	linguistic	_	none	_	_	_	_	_	0-4(104)
749-7	PST083	749	749	7	lei]	lei	_	_	_	_	_	linguistic	_	none	_	End=1977.889	_	_	_	0-3(104)
750-0	PST085	750	750	0	[perché	perché	_	_	_	_	_	linguistic	_	none	_	Begin=1976.272	_	_	_	_
750-1	PST085	750	750	1	alla	alla	_	_	_	_	_	linguistic	_	none	_	_	_	_	_	_
750-2	PST085	750	750	2	fine	fine	_	_	_	_	_	linguistic	_	none	_	_	_	_	_	_
750-3	PST085	750	750	3	è	è	_	_	_	_	_	linguistic	_	none	_	_	_	_	_	_
750-4	PST085	750	750	4	molto]	molto	_	_	_	_	_	linguistic	_	none	PauseAfter=Yes	_	_	_	_	_
750-5	PST085	750	750	5	(.)	(.)	_	_	_	_	_	shortpause	_	none	_	_	_	_	_	_
750-6	PST085	750	750	6	eh	eh	_	_	_	_	_	linguistic	_	none	_	_	_	_	_	_
750-7	PST085	750	750	7	perché	perché	_	_	_	_	_	linguistic	_	none	_	_	_	_	_	_
750-8	PST085	750	750	8	alla	alla	_	_	_	_	_	linguistic	_	none	_	_	_	_	_	_
750-9	PST085	750	750	9	fine	fine	_	_	_	_	_	linguistic	_	none	_	_	_	_	_	_
750-10	PST085	750	750	10	è	è	_	_	_	_	_	linguistic	_	none	_	_	_	_	_	_
750-11	PST085	750	750	11	molto	molto	_	_	_	_	_	linguistic	_	none	_	_	_	_	_	_
750-12	PST085	750	750	12	lei	lei	_	_	_	_	_	linguistic	_	none	_	_	_	_	_	_
750-13	PST085	750	750	13	che	che	_	_	_	_	_	linguistic	_	none	_	_	_	_	_	_
750-14	PST085	750	750	14	racconta	racconta	_	_	_	_	_	linguistic	_	none	_	_	_	_	_	_
750-15	PST085	750	750	15	capisci],	capisci	_	_	_	_	_	linguistic	_	none	Intonation=WeaklyRising	End=1980.51	_	_	_	_
751-0	PST083	751	751	0	[esatto]	esatto	_	_	_	_	_	linguistic	_	none	_	Begin=1979.533|End=1980.394	_	_	_	0-6(105)
752-0	PST083	752	752	0	quindi	quindi	_	_	_	_	_	linguistic	_	none	_	Begin=1980.522	_	_	_	_
752-1	PST083	752	752	1	una:	una	_	_	_	_	_	linguistic	_	none	_	_	2x1	_	_	_
752-2	PST083	752	752	2	una	una	_	_	_	_	_	linguistic	_	none	_	_	_	_	_	_
752-3	PST083	752	752	3	macchina	macchina	_	_	_	_	_	linguistic	_	none	_	_	_	_	_	_
752-4	PST083	752	752	4	da	da	_	_	_	_	_	linguistic	_	none	_	_	_	_	_	_
752-5	PST083	752	752	5	presa	presa	_	_	_	_	_	linguistic	_	none	_	End=1982.577	_	_	_	_
753-0	PST085	753	753	0	devo	devo	_	_	_	_	_	linguistic	_	none	_	Begin=1989.522	_	_	_	_
753-1	PST085	753	753	1	andare	andare	_	_	_	_	_	linguistic	_	none	_	_	_	_	_	_
753-2	PST085	753	753	2	in	in	_	_	_	_	_	linguistic	_	none	_	_	_	_	_	_
753-3	PST085	753	753	3	bagno	bagno	_	_	_	_	_	linguistic	_	none	_	_	_	_	_	_
753-4	PST085	753	753	4	sinceramente	sinceramente	_	_	_	_	_	linguistic	_	none	_	_	_	_	_	_
753-5	PST085	753	753	5	dai	dai	_	_	_	_	_	linguistic	_	none	_	_	_	_	_	_
753-6	PST085	753	753	6	su	su	_	_	_	_	_	linguistic	_	none	_	End=1991.833	_	_	_	_
754-0	PST083	754	754	0	vai	vai	_	_	_	_	_	linguistic	_	none	_	Begin=1992.957|End=1993.411	_	_	_	_
755-0	PST083	755	755	0	[tanto:::]	tanto	_	_	_	_	_	linguistic	_	none	_	Begin=1994.533|End=1995.289	4x3	_	_	0-5(106)
756-0	PST085	756	756	0	[posso	posso	_	_	_	_	_	linguistic	_	none	_	Begin=1994.533	_	_	_	0-5(?)
756-1	PST085	756	756	1	andare	andare	_	_	_	_	_	linguistic	_	none	_	_	_	_	_	0-6(?)
756-2	PST085	756	756	2	vi	vi	_	_	_	_	_	linguistic	_	none	_	_	_	_	_	0-2(?)
756-3	PST085	756	756	3	abbandono]	abbandono	_	_	_	_	_	linguistic	_	none	_	_	_	_	_	0-9(?)
756-4	PST085	756	756	4	posso	posso	_	_	_	_	_	linguistic	_	none	_	_	_	_	_	_
756-5	PST085	756	756	5	abbandonar~	abbandonar~	_	_	_	_	_	linguistic	_	none	Interrupted=Yes	End=1996.633	_	_	_	_
757-0	PST083	757	757	0	noi	noi	_	_	_	_	_	linguistic	_	none	_	Begin=1996.522	_	_	_	_
757-1	PST083	757	757	1	abbiam	abbiam	_	_	_	_	_	linguistic	_	none	_	_	_	_	_	_
757-2	PST083	757	757	2	finito	finito	_	_	_	_	_	linguistic	_	none	_	End=1997.688	_	_	_	_
758-0	PST083	758	758	0	macchina	macchina	_	_	_	_	_	linguistic	_	none	_	Begin=1998.483	_	_	_	_
758-1	PST083	758	758	1	da	da	_	_	_	_	_	linguistic	_	none	_	_	_	_	_	_
758-2	PST083	758	758	2	presa	presa	_	_	_	_	_	linguistic	_	none	_	End=1999.239	_	_	_	_
759-0	PST093	759	759	0	xxx	xxx	_	_	_	_	_	unknown	_	none	Syllables=3	Begin=1999.261	_	_	_	_
759-1	PST093	759	759	1	xx	xx	_	_	_	_	_	unknown	_	none	Syllables=2	_	_	_	_	_
759-2	PST093	759	759	2	xx?	xx	_	_	_	_	_	linguistic	_	none	Intonation=Rising	End=2001.12	_	_	_	_
760-0	PST083	760	760	0	[eh:::]	eh	_	_	_	_	_	linguistic	_	none	_	Begin=2001.389	1x3	_	_	0-2(?)
760-1	PST083	760	760	1	penso	penso	_	_	_	_	_	linguistic	_	none	_	_	_	_	_	_
760-2	PST083	760	760	2	ce	ce	_	_	_	_	_	linguistic	_	none	_	_	_	_	_	_
760-3	PST083	760	760	3	sì	sì	_	_	_	_	_	linguistic	_	none	_	End=2002.935	_	_	_	_
761-0	PST083	761	761	0	[penso]	penso	_	_	_	_	_	linguistic	_	none	_	Begin=2003.195	_	_	_	0-5(?)
761-1	PST083	761	761	1	ce	ce	_	_	_	_	_	linguistic	_	none	_	_	_	_	_	_
761-2	PST083	761	761	2	le	le	_	_	_	_	_	linguistic	_	none	_	_	_	_	_	_
761-3	PST083	761	761	3	abbia:::	abbia	_	_	_	_	_	linguistic	_	none	_	End=2004.946	4x3	_	_	_
762-0	PST083	762	762	0	non	non	_	_	_	_	_	linguistic	_	none	_	Begin=2005.651	_	_	_	_
762-1	PST083	762	762	1	lo	lo	_	_	_	_	_	linguistic	_	none	_	_	_	_	_	_
762-2	PST083	762	762	2	so	so	_	_	_	_	_	linguistic	_	none	_	End=2006.227	_	_	_	_
