token_id	speaker	tu_id	id	span	form	lemma	upos	xpos	feats	deprel	type	meta_label	variation	jefferson_feats	align	prolongations	pace	guesses	overlaps
0-0	PST206	0	0	ciao,	ciao	_	_	_	_	_	linguistic	_	ContainsVariation=No	Intonation=WeaklyRising	Begin=2.25	_	_	_	_
0-1	PST206	0	1	iniziamo	iniziamo	_	_	_	_	_	linguistic	_	ContainsVariation=No	_	_	_	_	_	_
0-2	PST206	0	2	la	la	_	_	_	_	_	linguistic	_	ContainsVariation=No	_	_	_	_	_	_
0-3	PST206	0	3	registrazi[one]	registrazione	_	_	_	_	_	linguistic	_	ContainsVariation=No	_	End=4.21	_	_	_	10-13(0)
1-0	PST017	1	0	[ci]ao	ciao	_	_	_	_	_	linguistic	_	ContainsVariation=No	_	Begin=4.12|End=4.93	_	_	_	0-2(0)
2-0	PST206	2	0	ehm,	ehm	_	_	_	_	_	linguistic	_	ContainsVariation=No	Intonation=WeaklyRising	Begin=5.37	_	_	_	_
2-1	PST206	2	1	quanti	quanti	_	_	_	_	_	linguistic	_	ContainsVariation=No	_	_	_	_	_	_
2-2	PST206	2	2	anni	anni	_	_	_	_	_	linguistic	_	ContainsVariation=No	_	_	_	_	_	_
2-3	PST206	2	3	hai?	hai	_	_	_	_	_	linguistic	_	ContainsVariation=No	Intonation=Rising	End=6.68	_	_	_	_
3-0	PST017	3	0	adesso	adesso	_	_	_	_	_	linguistic	_	ContainsVariation=No	_	Begin=6.93	_	_	_	_
3-1	PST017	3	1	ne	ne	_	_	_	_	_	linguistic	_	ContainsVariation=No	_	_	_	_	_	_
3-2	PST017	3	2	ho	ho	_	_	_	_	_	linguistic	_	ContainsVariation=No	_	_	_	_	_	_
3-3	PST017	3	3	ventidue	ventidue	_	_	_	_	_	linguistic	_	ContainsVariation=No	_	End=8.44	_	_	_	_
4-0	PST206	4	0	dove	dove	_	_	_	_	_	linguistic	_	ContainsVariation=No	_	Begin=9.62	_	_	_	_
4-1	PST206	4	1	sei	sei	_	_	_	_	_	linguistic	_	ContainsVariation=No	_	_	_	_	_	_
4-2	PST206	4	2	nata?	nata	_	_	_	_	_	linguistic	_	ContainsVariation=No	Intonation=Rising	End=10.41	_	_	_	_
5-0	PST017	5	0	in	in	_	_	_	_	_	linguistic	_	ContainsVariation=No	_	Begin=10.67	_	_	_	_
5-1	PST017	5	1	marocco,	marocco	_	_	_	_	_	linguistic	_	ContainsVariation=No	Intonation=WeaklyRising	_	_	_	_	_
5-2	PST017	5	2	a	a	_	_	_	_	_	linguistic	_	ContainsVariation=No	_	_	_	_	_	_
5-3	PST017	5	3	safi	safi	_	_	_	_	_	linguistic	_	ContainsVariation=No	_	End=12.9	_	_	_	_
6-0	PST206	6	0	a	a	_	_	_	_	_	linguistic	_	ContainsVariation=No	_	Begin=13.92	_	_	_	_
6-1	PST206	6	1	quale	quale	_	_	_	_	_	linguistic	_	ContainsVariation=No	_	_	_	_	_	_
6-2	PST206	6	2	età	età	_	_	_	_	_	linguistic	_	ContainsVariation=No	_	_	_	_	_	_
6-3	PST206	6	3	sei	sei	_	_	_	_	_	linguistic	_	ContainsVariation=No	_	_	_	_	_	_
6-4	PST206	6	4	arrivata	arrivata	_	_	_	_	_	linguistic	_	ContainsVariation=No	_	_	_	_	_	_
6-5	PST206	6	5	in	in	_	_	_	_	_	linguistic	_	ContainsVariation=No	_	_	_	_	_	_
6-6	PST206	6	6	italia?	italia	_	_	_	_	_	linguistic	_	ContainsVariation=No	Intonation=Rising	End=15.54	_	_	_	_
7-0	PST017	7	0	avevo:	avevo	_	_	_	_	_	linguistic	_	ContainsVariation=No	_	Begin=15.775	4x1	_	_	_
7-1	PST017	7	1	dieci	dieci	_	_	_	_	_	linguistic	_	ContainsVariation=No	_	_	_	_	_	_
7-2	PST017	7	2	anni	anni	_	_	_	_	_	linguistic	_	ContainsVariation=No	_	End=17.815	_	_	_	_
8-0	PST206	8	0	hai	hai	_	_	_	_	_	linguistic	_	ContainsVariation=No	_	Begin=19.53	_	_	_	_
8-1	PST206	8	1	vissuto	vissuto	_	_	_	_	_	linguistic	_	ContainsVariation=No	_	_	_	_	_	_
8-2	PST206	8	2	qualche,	qualche	_	_	_	_	_	linguistic	_	ContainsVariation=No	Intonation=WeaklyRising	_	_	_	_	_
8-3	PST206	8	3	in	in	_	_	_	_	_	linguistic	_	ContainsVariation=No	_	_	_	_	_	_
8-4	PST206	8	4	qualche	qualche	_	_	_	_	_	linguistic	_	ContainsVariation=No	_	_	_	_	_	_
8-5	PST206	8	5	altro	altro	_	_	_	_	_	linguistic	_	ContainsVariation=No	_	_	_	_	_	_
8-6	PST206	8	6	paese	paese	_	_	_	_	_	linguistic	_	ContainsVariation=No	_	_	_	_	_	_
8-7	PST206	8	7	prima	prima	_	_	_	_	_	linguistic	_	ContainsVariation=No	_	_	_	_	_	_
8-8	PST206	8	8	di	di	_	_	_	_	_	linguistic	_	ContainsVariation=No	_	_	_	_	_	_
8-9	PST206	8	9	arrivare	arrivare	_	_	_	_	_	linguistic	_	ContainsVariation=No	_	_	_	_	_	_
8-10	PST206	8	10	in	in	_	_	_	_	_	linguistic	_	ContainsVariation=No	_	_	_	_	_	_
8-11	PST206	8	11	italia?	italia	_	_	_	_	_	linguistic	_	ContainsVariation=No	Intonation=Rising	End=23.04	_	_	_	_
9-0	PST017	9	0	no,	no	_	_	_	_	_	linguistic	_	ContainsVariation=No	Intonation=WeaklyRising	Begin=23.7	_	_	_	_
9-1	PST017	9	1	e:hm	ehm	_	_	_	_	_	linguistic	_	ContainsVariation=No	_	End=25.13	0x1	_	_	_
10-0	PST017	10	0	#_ bǝs	bǝs	_	_	_	_	_	linguistic	_	ContainsVariation=Yes|Variety=Other|Language=NO_ISO_CODE	_	Begin=25.16	_	_	_	_
10-1	PST017	10	1	fi-l-maghrǝb	fi-l-maghrǝb	_	_	_	_	_	linguistic	_	ContainsVariation=Yes|Variety=Other|Language=NO_ISO_CODE	_	End=26.32	_	_	_	_
12-0	PST206	12	0	sei	sei	_	_	_	_	_	linguistic	_	ContainsVariation=No	_	Begin=27.49	_	_	_	_
12-1	PST206	12	1	andata	andata	_	_	_	_	_	linguistic	_	ContainsVariation=No	_	_	_	_	_	_
12-2	PST206	12	2	a	a	_	_	_	_	_	linguistic	_	ContainsVariation=No	_	_	_	_	_	_
12-3	PST206	12	3	scuola	scuola	_	_	_	_	_	linguistic	_	ContainsVariation=No	_	_	_	_	_	_
12-4	PST206	12	4	prima	prima	_	_	_	_	_	linguistic	_	ContainsVariation=No	_	_	_	_	_	_
12-5	PST206	12	5	di	di	_	_	_	_	_	linguistic	_	ContainsVariation=No	_	_	_	_	_	_
12-6	PST206	12	6	venire	venire	_	_	_	_	_	linguistic	_	ContainsVariation=No	_	_	_	_	_	_
12-7	PST206	12	7	in	in	_	_	_	_	_	linguistic	_	ContainsVariation=No	_	_	_	_	_	_
12-8	PST206	12	8	italia?	italia	_	_	_	_	_	linguistic	_	ContainsVariation=No	Intonation=Rising	End=29.57	_	_	_	_
13-0	PST017	13	0	ehm,	ehm	_	_	_	_	_	linguistic	_	ContainsVariation=No	Intonation=WeaklyRising	Begin=30.15	_	_	_	_
13-1	PST017	13	1	sì	sì	_	_	_	_	_	linguistic	_	ContainsVariation=No	_	End=30.86	_	_	_	_
14-0	PST017	14	0	#l-ḥadd	l-ḥadd	_	_	_	_	_	linguistic	_	ContainsVariation=Yes|Variety=Other|Language=NO_ISO_CODE	_	Begin=30.895	_	_	_	_
14-1	PST017	14	1	#ǝ::	ǝ	_	_	_	_	_	linguistic	_	ContainsVariation=Yes|Variety=Other|Language=NO_ISO_CODE	PauseAfter=Yes	_	0x2	_	_	_
14-2	PST017	14	2	(.)	(.)	_	_	_	_	_	shortpause	_	ContainsVariation=Yes	_	_	_	_	_	_
14-3	PST017	14	3	#rabaʕa	rabaʕa	_	_	_	_	_	linguistic	_	ContainsVariation=Yes|Variety=Other|Language=NO_ISO_CODE	_	_	_	_	_	_
14-4	PST017	14	4	elementare	elementare	_	_	_	_	_	linguistic	_	ContainsVariation=Yes	_	End=34.025	_	_	_	_
16-0	PST206	16	0	[con	con	_	_	_	_	_	linguistic	_	ContainsVariation=No	_	Begin=35.11	_	_	_	0-3(3)
16-1	PST206	16	1	chi	chi	_	_	_	_	_	linguistic	_	ContainsVariation=No	_	_	_	_	_	0-3(3)
16-2	PST206	16	2	s~]	s~	_	_	_	_	_	linguistic	_	ContainsVariation=No	Interrupted=Yes	End=35.77	_	_	_	0-2(3)
17-0	PST017	17	0	#[baʕdēn]	baʕdēn	_	_	_	_	_	linguistic	_	ContainsVariation=Yes|Variety=Other|Language=NO_ISO_CODE	_	Begin=35.19|End=35.74	_	_	_	1-7(3)
19-0	PST206	19	0	#baʕdēn?	baʕdēn	_	_	_	_	_	linguistic	_	ContainsVariation=Yes|Variety=Other|Language=NO_ISO_CODE	Intonation=Rising	Begin=37.07|End=37.82	_	_	_	_
21-0	PST017	21	0	#baʕdēn	baʕdēn	_	_	_	_	_	linguistic	_	ContainsVariation=Yes|Variety=Other|Language=NO_ISO_CODE	_	Begin=37.96	_	_	_	_
21-1	PST017	21	1	#gət	gət	_	_	_	_	_	linguistic	_	ContainsVariation=Yes|Variety=Other|Language=NO_ISO_CODE	_	_	_	_	_	_
21-2	PST017	21	2	#hīna.	hīna	_	_	_	_	_	linguistic	_	ContainsVariation=Yes|Variety=Other|Language=NO_ISO_CODE	Intonation=Falling	_	_	_	_	_
21-3	PST017	21	3	#w~	w~	_	_	_	_	_	linguistic	_	ContainsVariation=Yes|Variety=Other|Language=NO_ISO_CODE	Interrupted=Yes	_	_	_	_	_
21-4	PST017	21	4	#btədīt	btədīt	_	_	_	_	_	linguistic	_	ContainsVariation=Yes|Variety=Other|Language=NO_ISO_CODE	_	_	_	_	_	_
21-5	PST017	21	5	e::h	eh	_	_	_	_	_	linguistic	_	ContainsVariation=Yes	_	_	0x2	_	_	_
21-6	PST017	21	6	la	la	_	_	_	_	_	linguistic	_	ContainsVariation=Yes	_	_	_	_	_	_
21-7	PST017	21	7	quinta	quinta	_	_	_	_	_	linguistic	_	ContainsVariation=Yes	_	_	_	_	_	_
21-8	PST017	21	8	elementare	elementare	_	_	_	_	_	linguistic	_	ContainsVariation=Yes	_	End=41.47	_	_	_	_
23-0	PST206	23	0	con	con	_	_	_	_	_	linguistic	_	ContainsVariation=No	_	Begin=42.955	_	_	_	_
23-1	PST206	23	1	chi	chi	_	_	_	_	_	linguistic	_	ContainsVariation=No	_	_	_	_	_	_
23-2	PST206	23	2	sei	sei	_	_	_	_	_	linguistic	_	ContainsVariation=No	_	_	_	_	_	_
23-3	PST206	23	3	venuta	venuta	_	_	_	_	_	linguistic	_	ContainsVariation=No	_	_	_	_	_	_
23-4	PST206	23	4	in	in	_	_	_	_	_	linguistic	_	ContainsVariation=No	_	_	_	_	_	_
23-5	PST206	23	5	italia?	italia	_	_	_	_	_	linguistic	_	ContainsVariation=No	Intonation=Rising	End=44.235	_	_	_	_
24-0	PST017	24	0	ehm,	ehm	_	_	_	_	_	linguistic	_	ContainsVariation=No	Intonation=WeaklyRising	Begin=45.28	_	_	_	_
24-1	PST017	24	1	con	con	_	_	_	_	_	linguistic	_	ContainsVariation=No	_	_	_	_	_	_
24-2	PST017	24	2	mio	mio	_	_	_	_	_	linguistic	_	ContainsVariation=No	_	_	_	_	_	_
24-3	PST017	24	3	fratello	fratello	_	_	_	_	_	linguistic	_	ContainsVariation=No	_	_	_	_	_	_
24-4	PST017	24	4	e	e	_	_	_	_	_	linguistic	_	ContainsVariation=No	_	_	_	_	_	_
24-5	PST017	24	5	mia	mia	_	_	_	_	_	linguistic	_	ContainsVariation=No	_	_	_	_	_	_
24-6	PST017	24	6	mamma	mamma	_	_	_	_	_	linguistic	_	ContainsVariation=No	_	End=48.03	_	_	_	_
25-0	PST017	25	0	#_ ǝ:	ǝ	_	_	_	_	_	linguistic	_	ContainsVariation=Yes|Variety=Other|Language=NO_ISO_CODE	_	Begin=48.35	0x1	_	_	_
25-1	PST017	25	1	gət	gət	_	_	_	_	_	linguistic	_	ContainsVariation=Yes|Variety=Other|Language=NO_ISO_CODE	_	_	_	_	_	_
25-2	PST017	25	2	hīna:	hīna	_	_	_	_	_	linguistic	_	ContainsVariation=Yes|Variety=Other|Language=NO_ISO_CODE	_	_	3x1	_	_	_
25-3	PST017	25	3	ʕand	ʕand	_	_	_	_	_	linguistic	_	ContainsVariation=Yes|Variety=Other|Language=NO_ISO_CODE	_	_	_	_	_	_
25-4	PST017	25	4	bābā,	bābā	_	_	_	_	_	linguistic	_	ContainsVariation=Yes|Variety=Other|Language=NO_ISO_CODE	Intonation=WeaklyRising	_	_	_	_	_
25-5	PST017	25	5	w-kān	w-kān	_	_	_	_	_	linguistic	_	ContainsVariation=Yes|Variety=Other|Language=NO_ISO_CODE	_	_	_	_	_	_
25-6	PST017	25	6	hīna::	hīna	_	_	_	_	_	linguistic	_	ContainsVariation=Yes|Variety=Other|Language=NO_ISO_CODE	_	End=51.86	3x2	_	_	_
27-0	PST017	27	0	#min:	min	_	_	_	_	_	linguistic	_	ContainsVariation=Yes|Variety=Other|Language=NO_ISO_CODE	_	Begin=51.89	2x1	_	_	_
27-1	PST017	27	1	#el	el	_	_	_	_	_	linguistic	_	ContainsVariation=Yes|Variety=Other|Language=NO_ISO_CODE	PauseAfter=Yes	_	_	_	_	_
27-2	PST017	27	2	(.)	(.)	_	_	_	_	_	shortpause	_	ContainsVariation=Yes	_	_	_	_	_	_
27-3	PST017	27	3	#min	min	_	_	_	_	_	linguistic	_	ContainsVariation=Yes|Variety=Other|Language=NO_ISO_CODE	_	_	_	_	_	_
27-4	PST017	27	4	#is-sana:	is-sana	_	_	_	_	_	linguistic	_	ContainsVariation=Yes|Variety=Other|Language=NO_ISO_CODE	PauseAfter=Yes	_	5x1	_	_	_
27-5	PST017	27	5	(.)	(.)	_	_	_	_	_	shortpause	_	ContainsVariation=Yes	_	_	_	_	_	_
27-6	PST017	27	6	#min	min	_	_	_	_	_	linguistic	_	ContainsVariation=Yes|Variety=Other|Language=NO_ISO_CODE	_	_	_	_	_	_
27-7	PST017	27	7	il	il	_	_	_	_	_	linguistic	_	ContainsVariation=Yes	_	_	_	_	_	_
27-8	PST017	27	8	duemila	duemila	_	_	_	_	_	linguistic	_	ContainsVariation=Yes	_	End=55.66	_	_	_	_
29-0	PST017	29	0	#fa-ḥna	fa-ḥna	_	_	_	_	_	linguistic	_	ContainsVariation=Yes|Variety=Other|Language=NO_ISO_CODE	_	Begin=55.72	_	_	_	_
29-1	PST017	29	1	#b-hīna	b-hīna	_	_	_	_	_	linguistic	_	ContainsVariation=Yes|Variety=Other|Language=NO_ISO_CODE	_	_	_	_	_	_
29-2	PST017	29	2	nel	nel	_	_	_	_	_	linguistic	_	ContainsVariation=Yes	_	_	_	_	_	_
29-3	PST017	29	3	duemilasette.	duemilasette	_	_	_	_	_	linguistic	_	ContainsVariation=Yes	Intonation=Falling	End=57.59	_	_	_	_
31-0	PST206	31	0	perfetto	perfetto	_	_	_	_	_	linguistic	_	ContainsVariation=No	_	Begin=57.71|End=58.5	_	_	_	_
32-0	PST206	32	0	ora	ora	_	_	_	_	_	linguistic	_	ContainsVariation=No	_	Begin=58.93	_	_	_	_
32-1	PST206	32	1	con	con	_	_	_	_	_	linguistic	_	ContainsVariation=No	_	_	_	_	_	_
32-2	PST206	32	2	chi	chi	_	_	_	_	_	linguistic	_	ContainsVariation=No	_	_	_	_	_	_
32-3	PST206	32	3	vivi?	vivi	_	_	_	_	_	linguistic	_	ContainsVariation=No	Intonation=Rising	End=59.9	_	_	_	_
33-0	PST017	33	0	#ḅa:ḅā,	ḅaḅā	_	_	_	_	_	linguistic	_	ContainsVariation=Yes|Variety=Other|Language=NO_ISO_CODE	Intonation=WeaklyRising	Begin=60.78	1x1	_	_	_
33-1	PST017	33	1	#ṃāṃā,	ṃāṃā	_	_	_	_	_	linguistic	_	ContainsVariation=Yes|Variety=Other|Language=NO_ISO_CODE	Intonation=WeaklyRising|PauseAfter=Yes	_	_	_	_	_
33-2	PST017	33	2	(.)	(.)	_	_	_	_	_	shortpause	_	ContainsVariation=Yes	_	_	_	_	_	_
33-3	PST017	33	3	#w-axū-ya	w-axū-ya	_	_	_	_	_	linguistic	_	ContainsVariation=Yes|Variety=Other|Language=NO_ISO_CODE	_	End=63.85	_	_	_	_
35-0	PST206	35	0	quale	quale	_	_	_	_	_	linguistic	_	ContainsVariation=No	_	Begin=66.22	_	_	_	_
35-1	PST206	35	1	ritieni	ritieni	_	_	_	_	_	linguistic	_	ContainsVariation=No	_	_	_	_	_	_
35-2	PST206	35	2	essere	essere	_	_	_	_	_	linguistic	_	ContainsVariation=No	_	_	_	_	_	_
35-3	PST206	35	3	la	la	_	_	_	_	_	linguistic	_	ContainsVariation=No	_	_	_	_	_	_
35-4	PST206	35	4	tua	tua	_	_	_	_	_	linguistic	_	ContainsVariation=No	_	_	_	_	_	_
35-5	PST206	35	5	lingua	lingua	_	_	_	_	_	linguistic	_	ContainsVariation=No	_	_	_	_	_	_
35-6	PST206	35	6	madre?	madre	_	_	_	_	_	linguistic	_	ContainsVariation=No	Intonation=Rising	End=68.38	_	_	_	_
36-0	PST017	36	0	((sospira))	((sospira))	_	_	_	_	_	nonverbalbehavior	_	ContainsVariation=No	PauseAfter=Yes	Begin=69.16	_	_	_	_
36-1	PST017	36	1	[(.)]	(.)	_	_	_	_	_	shortpause	_	ContainsVariation=No	_	_	_	_	_	X(4)
36-2	PST017	36	2	l'	l'	_	_	_	_	_	linguistic	_	ContainsVariation=No	SpaceAfter=No	_	_	_	_	_
36-3	PST017	36	3	arabo	arabo	_	_	_	_	_	linguistic	_	ContainsVariation=No	_	End=72.26	_	_	_	_
38-0	PST206	38	0	[°da	da	_	_	_	_	_	linguistic	_	ContainsVariation=No	Volume=low	Begin=69.775	_	_	_	0-2(4)
38-1	PST206	38	1	l'	l'	_	_	_	_	_	linguistic	_	ContainsVariation=No	SpaceAfter=No|Volume=low	_	_	_	_	0-2(4)
38-2	PST206	38	2	italiano°]	italiano	_	_	_	_	_	linguistic	_	ContainsVariation=No	Volume=low	End=70.625	_	_	_	0-8(4)
39-0	PST206	39	0	°l'	l'	_	_	_	_	_	linguistic	_	ContainsVariation=No	SpaceAfter=No|Volume=low	Begin=72.51	_	_	_	_
39-1	PST206	39	1	arabo°	arabo	_	_	_	_	_	linguistic	_	ContainsVariation=No	Volume=low	End=73.02	_	_	_	_
40-0	PST206	40	0	come	come	_	_	_	_	_	linguistic	_	ContainsVariation=No	_	Begin=74.37	_	_	_	_
40-1	PST206	40	1	giudichi	giudichi	_	_	_	_	_	linguistic	_	ContainsVariation=No	_	_	_	_	_	_
40-2	PST206	40	2	il	il	_	_	_	_	_	linguistic	_	ContainsVariation=No	_	_	_	_	_	_
40-3	PST206	40	3	fatto	fatto	_	_	_	_	_	linguistic	_	ContainsVariation=No	_	_	_	_	_	_
40-4	PST206	40	4	di	di	_	_	_	_	_	linguistic	_	ContainsVariation=No	_	_	_	_	_	_
40-5	PST206	40	5	sapere	sapere	_	_	_	_	_	linguistic	_	ContainsVariation=No	_	_	_	_	_	_
40-6	PST206	40	6	più	più	_	_	_	_	_	linguistic	_	ContainsVariation=No	_	_	_	_	_	_
40-7	PST206	40	7	lingue,	lingue	_	_	_	_	_	linguistic	_	ContainsVariation=No	Intonation=WeaklyRising	_	_	_	_	_
40-8	PST206	40	8	secondo	secondo	_	_	_	_	_	linguistic	_	ContainsVariation=No	_	_	_	_	_	_
40-9	PST206	40	9	te	te	_	_	_	_	_	linguistic	_	ContainsVariation=No	_	_	_	_	_	_
40-10	PST206	40	10	è	è	_	_	_	_	_	linguistic	_	ContainsVariation=No	_	_	_	_	_	_
40-11	PST206	40	11	un	un	_	_	_	_	_	linguistic	_	ContainsVariation=No	_	_	_	_	_	_
40-12	PST206	40	12	vantaggio	vantaggio	_	_	_	_	_	linguistic	_	ContainsVariation=No	_	_	_	_	_	_
40-13	PST206	40	13	o	o	_	_	_	_	_	linguistic	_	ContainsVariation=No	_	_	_	_	_	_
40-14	PST206	40	14	uno	uno	_	_	_	_	_	linguistic	_	ContainsVariation=No	_	_	_	_	_	_
40-15	PST206	40	15	svantaggio?	svantaggio	_	_	_	_	_	linguistic	_	ContainsVariation=No	Intonation=Rising	End=78.76	_	_	_	_
41-0	PST017	41	0	è	è	_	_	_	_	_	linguistic	_	ContainsVariation=No	_	Begin=78.978	_	_	_	_
41-1	PST017	41	1	un	un	_	_	_	_	_	linguistic	_	ContainsVariation=No	_	_	_	_	_	_
41-2	PST017	41	2	vantaggio	vantaggio	_	_	_	_	_	linguistic	_	ContainsVariation=No	_	End=80.368	_	_	_	_
42-0	PST017	42	0	e:hm	ehm	_	_	_	_	_	linguistic	_	ContainsVariation=No	_	Begin=80.498|End=81.572	0x1	_	_	_
43-0	PST017	43	0	#ʔaḥsan:	ʔaḥsan	_	_	_	_	_	linguistic	_	ContainsVariation=Yes|Variety=Other|Language=NO_ISO_CODE	_	Begin=81.608|End=82.798	5x1	_	_	_
45-0	PST017	45	0	l'	l'	_	_	_	_	_	linguistic	_	ContainsVariation=No	SpaceAfter=No	Begin=82.966	_	_	_	_
45-1	PST017	45	1	arabo	arabo	_	_	_	_	_	linguistic	_	ContainsVariation=No	_	End=83.724	_	_	_	_
46-0	PST017	46	0	#_ ǝ:	ǝ	_	_	_	_	_	linguistic	_	ContainsVariation=Yes|Variety=Other|Language=NO_ISO_CODE	_	Begin=83.992	0x1	_	_	_
46-1	PST017	46	1	mumkin	mumkin	_	_	_	_	_	linguistic	_	ContainsVariation=Yes|Variety=Other|Language=NO_ISO_CODE	_	_	_	_	_	_
46-2	PST017	46	2	astaʕmil-u:	astaʕmil-u	_	_	_	_	_	linguistic	_	ContainsVariation=Yes|Variety=Other|Language=NO_ISO_CODE	_	_	8x1	_	_	_
46-3	PST017	46	3	fi-sh-shughul	fi-sh-shughul	_	_	_	_	_	linguistic	_	ContainsVariation=Yes|Variety=Other|Language=NO_ISO_CODE	_	End=86.455	_	_	_	_
48-0	PST017	48	0	m~	m~	_	_	_	_	_	linguistic	_	ContainsVariation=No	Interrupted=Yes	Begin=87.007|End=87.312	_	_	_	_
49-0	PST206	49	0	vai,	vai	_	_	_	_	_	linguistic	_	ContainsVariation=No	Intonation=WeaklyRising	Begin=89.501	_	_	_	_
49-1	PST206	49	1	vai,	vai	_	_	_	_	_	linguistic	_	ContainsVariation=No	Intonation=WeaklyRising	_	_	_	_	_
49-2	PST206	49	2	aumento	aumento	_	_	_	_	_	linguistic	_	ContainsVariation=No	_	_	_	_	_	_
49-3	PST206	49	3	solo	solo	_	_	_	_	_	linguistic	_	ContainsVariation=No	_	_	_	_	_	_
49-4	PST206	49	4	il	il	_	_	_	_	_	linguistic	_	ContainsVariation=No	_	_	_	_	_	_
49-5	PST206	49	5	volume	volume	_	_	_	_	_	linguistic	_	ContainsVariation=No	_	End=91.311	_	_	_	_
50-0	PST017	50	0	#_ e:	e	_	_	_	_	_	linguistic	_	ContainsVariation=Yes|Variety=Other|Language=NO_ISO_CODE	_	Begin=93.01	0x1	_	_	_
50-1	PST017	50	1	l-ʕarabi	l-ʕarabi	_	_	_	_	_	linguistic	_	ContainsVariation=Yes|Variety=Other|Language=NO_ISO_CODE	_	_	_	_	_	_
50-2	PST017	50	2	mumkin:	mumkin	_	_	_	_	_	linguistic	_	ContainsVariation=Yes|Variety=Other|Language=NO_ISO_CODE	_	_	5x1	_	_	_
50-3	PST017	50	3	yfīdi	yfīdi	_	_	_	_	_	linguistic	_	ContainsVariation=Yes|Variety=Other|Language=NO_ISO_CODE	_	_	_	_	_	_
50-4	PST017	50	4	fi-sh-shughul	fi-sh-shughul	_	_	_	_	_	linguistic	_	ContainsVariation=Yes|Variety=Other|Language=NO_ISO_CODE	_	End=97.031	_	_	_	_
52-0	PST017	52	0	#_ ḥatta	ḥatta	_	_	_	_	_	linguistic	_	ContainsVariation=Yes|Variety=Other|Language=NO_ISO_CODE	_	Begin=97.172	_	_	_	_
52-1	PST017	52	1	l-īṭālī	l-īṭālī	_	_	_	_	_	linguistic	_	ContainsVariation=Yes|Variety=Other|Language=NO_ISO_CODE	_	End=98.53	_	_	_	_
54-0	PST017	54	0	#bǝs::	bǝs	_	_	_	_	_	linguistic	_	ContainsVariation=Yes|Variety=Other|Language=NO_ISO_CODE	_	Begin=99.498|End=100.877	2x2	_	_	_
56-0	PST017	56	0	mi	mi	_	_	_	_	_	linguistic	_	ContainsVariation=Yes	_	Begin=101.726	_	_	_	_
56-1	PST017	56	1	ritengo:	ritengo	_	_	_	_	_	linguistic	_	ContainsVariation=Yes	_	_	6x1	_	_	_
56-2	PST017	56	2	#yaʕni	yaʕni	_	_	_	_	_	linguistic	_	ContainsVariation=Yes|Variety=Other|Language=NO_ISO_CODE	_	_	_	_	_	_
56-3	PST017	56	3	fortunata,	fortunata	_	_	_	_	_	linguistic	_	ContainsVariation=Yes	Intonation=WeaklyRising	_	_	_	_	_
56-4	PST017	56	4	che	che	_	_	_	_	_	linguistic	_	ContainsVariation=Yes	_	_	_	_	_	_
56-5	PST017	56	5	l'	l'	_	_	_	_	_	linguistic	_	ContainsVariation=Yes	SpaceAfter=No	_	_	_	_	_
56-6	PST017	56	6	arabo	arabo	_	_	_	_	_	linguistic	_	ContainsVariation=Yes	_	_	_	_	_	_
56-7	PST017	56	7	#mish	mish	_	_	_	_	_	linguistic	_	ContainsVariation=Yes|Variety=Other|Language=NO_ISO_CODE	_	_	_	_	_	_
56-8	PST017	56	8	una	una	_	_	_	_	_	linguistic	_	ContainsVariation=Yes	_	_	_	_	_	_
56-9	PST017	56	9	lingua	lingua	_	_	_	_	_	linguistic	_	ContainsVariation=Yes	_	_	_	_	_	_
56-10	PST017	56	10	che	che	_	_	_	_	_	linguistic	_	ContainsVariation=Yes	_	_	_	_	_	_
56-11	PST017	56	11	si	si	_	_	_	_	_	linguistic	_	ContainsVariation=Yes	_	_	_	_	_	_
56-12	PST017	56	12	impara	impara	_	_	_	_	_	linguistic	_	ContainsVariation=Yes	_	End=106.747	_	_	_	_
58-0	PST017	58	0	#yaʕni	yaʕni	_	_	_	_	_	linguistic	_	ContainsVariation=Yes|Variety=Other|Language=NO_ISO_CODE	_	Begin=106.788	_	_	_	_
58-1	PST017	58	1	molto	molto	_	_	_	_	_	linguistic	_	ContainsVariation=Yes	_	_	_	_	_	_
58-2	PST017	58	2	facilmente	facilmente	_	_	_	_	_	linguistic	_	ContainsVariation=Yes	_	End=108.251	_	_	_	_
60-0	PST017	60	0	#ʔaḥsan	ʔaḥsan	_	_	_	_	_	linguistic	_	ContainsVariation=Yes|Variety=Other|Language=NO_ISO_CODE	_	Begin=108.303	_	_	_	_
60-1	PST017	60	1	#min-ni:	min-ni	_	_	_	_	_	linguistic	_	ContainsVariation=Yes|Variety=Other|Language=NO_ISO_CODE	_	_	4x1	_	_	_
60-2	PST017	60	2	#yaʕni	yaʕni	_	_	_	_	_	linguistic	_	ContainsVariation=Yes|Variety=Other|Language=NO_ISO_CODE	_	_	_	_	_	_
60-3	PST017	60	3	come	come	_	_	_	_	_	linguistic	_	ContainsVariation=Yes	_	_	_	_	_	_
60-4	PST017	60	4	lingua	lingua	_	_	_	_	_	linguistic	_	ContainsVariation=Yes	_	_	_	_	_	_
60-5	PST017	60	5	madre	madre	_	_	_	_	_	linguistic	_	ContainsVariation=Yes	_	End=111.219	_	_	_	_
62-0	PST206	62	0	quale	quale	_	_	_	_	_	linguistic	_	ContainsVariation=No	_	Begin=115.462	_	_	_	_
62-1	PST206	62	1	lingua	lingua	_	_	_	_	_	linguistic	_	ContainsVariation=No	_	_	_	_	_	_
62-2	PST206	62	2	ritieni	ritieni	_	_	_	_	_	linguistic	_	ContainsVariation=No	_	_	_	_	_	_
62-3	PST206	62	3	di	di	_	_	_	_	_	linguistic	_	ContainsVariation=No	_	_	_	_	_	_
62-4	PST206	62	4	conoscere	conoscere	_	_	_	_	_	linguistic	_	ContainsVariation=No	_	_	_	_	_	_
62-5	PST206	62	5	meglio	meglio	_	_	_	_	_	linguistic	_	ContainsVariation=No	_	_	_	_	_	_
62-6	PST206	62	6	tra:	tra	_	_	_	_	_	linguistic	_	ContainsVariation=No	_	End=118.536	2x1	_	_	_
63-0	PST206	63	0	tra	tra	_	_	_	_	_	linguistic	_	ContainsVariation=No	_	Begin=118.699	_	_	_	_
63-1	PST206	63	1	le	le	_	_	_	_	_	linguistic	_	ContainsVariation=No	_	_	_	_	_	_
63-2	PST206	63	2	due,	due	_	_	_	_	_	linguistic	_	ContainsVariation=No	Intonation=WeaklyRising	_	_	_	_	_
63-3	PST206	63	3	ovviamente	ovviamente	_	_	_	_	_	linguistic	_	ContainsVariation=No	_	_	_	_	_	_
63-4	PST206	63	4	[l'	l'	_	_	_	_	_	linguistic	_	ContainsVariation=No	SpaceAfter=No	_	_	_	_	0-2(10)
63-5	PST206	63	5	arabo]?	arabo	_	_	_	_	_	linguistic	_	ContainsVariation=No	Intonation=Rising	End=121.225	_	_	_	0-5(10)
64-0	PST017	64	0	[l'	l'	_	_	_	_	_	linguistic	_	ContainsVariation=No	SpaceAfter=No	Begin=120.472	_	_	_	0-2(10)
64-1	PST017	64	1	arabo]	arabo	_	_	_	_	_	linguistic	_	ContainsVariation=No	_	End=121.241	_	_	_	0-5(10)
65-0	PST206	65	0	e	e	_	_	_	_	_	linguistic	_	ContainsVariation=No	_	Begin=121.419	_	_	_	_
65-1	PST206	65	1	su	su	_	_	_	_	_	linguistic	_	ContainsVariation=No	_	_	_	_	_	_
65-2	PST206	65	2	una	una	_	_	_	_	_	linguistic	_	ContainsVariation=No	_	_	_	_	_	_
65-3	PST206	65	3	scala	scala	_	_	_	_	_	linguistic	_	ContainsVariation=No	_	_	_	_	_	_
65-4	PST206	65	4	da	da	_	_	_	_	_	linguistic	_	ContainsVariation=No	_	_	_	_	_	_
65-5	PST206	65	5	uno	uno	_	_	_	_	_	linguistic	_	ContainsVariation=No	_	_	_	_	_	_
65-6	PST206	65	6	a	a	_	_	_	_	_	linguistic	_	ContainsVariation=No	_	_	_	_	_	_
65-7	PST206	65	7	dieci,	dieci	_	_	_	_	_	linguistic	_	ContainsVariation=No	Intonation=WeaklyRising	_	_	_	_	_
65-8	PST206	65	8	secondo	secondo	_	_	_	_	_	linguistic	_	ContainsVariation=No	_	_	_	_	_	_
65-9	PST206	65	9	te	te	_	_	_	_	_	linguistic	_	ContainsVariation=No	_	_	_	_	_	_
65-10	PST206	65	10	quanto	quanto	_	_	_	_	_	linguistic	_	ContainsVariation=No	_	_	_	_	_	_
65-11	PST206	65	11	conosci	conosci	_	_	_	_	_	linguistic	_	ContainsVariation=No	_	_	_	_	_	_
65-12	PST206	65	12	l'	l'	_	_	_	_	_	linguistic	_	ContainsVariation=No	SpaceAfter=No	_	_	_	_	_
65-13	PST206	65	13	arabo?	arabo	_	_	_	_	_	linguistic	_	ContainsVariation=No	Intonation=Rising	End=124.745	_	_	_	_
66-0	PST017	66	0	e:hm	ehm	_	_	_	_	_	linguistic	_	ContainsVariation=No	_	Begin=126.705|End=128.178	0x1	_	_	_
67-0	PST017	67	0	non	non	_	_	_	_	_	linguistic	_	ContainsVariation=Yes	_	Begin=128.835	_	_	_	_
67-1	PST017	67	1	lo	lo	_	_	_	_	_	linguistic	_	ContainsVariation=Yes	_	_	_	_	_	_
67-2	PST017	67	2	s~	s~	_	_	_	_	_	linguistic	_	ContainsVariation=Yes	Interrupted=Yes	_	_	_	_	_
67-3	PST017	67	3	#yaʕni::	yaʕni	_	_	_	_	_	linguistic	_	ContainsVariation=Yes|Variety=Other|Language=NO_ISO_CODE	_	End=130.941	4x2	_	_	_
69-0	PST017	69	0	mh,	mh	_	_	_	_	_	linguistic	_	ContainsVariation=No	Intonation=WeaklyRising	Begin=131.198	_	_	_	_
69-1	PST017	69	1	otto	otto	_	_	_	_	_	linguistic	_	ContainsVariation=No	_	End=132.398	_	_	_	_
70-0	PST017	70	0	#wəlla	wəlla	_	_	_	_	_	linguistic	_	ContainsVariation=Yes|Variety=Other|Language=NO_ISO_CODE	_	Begin=132.977	_	_	_	_
70-1	PST017	70	1	sette	sette	_	_	_	_	_	linguistic	_	ContainsVariation=Yes	_	End=134.007	_	_	_	_
72-0	PST206	72	0	mentre:	mentre	_	_	_	_	_	linguistic	_	ContainsVariation=No	_	Begin=134.481	5x1	_	_	_
72-1	PST206	72	1	l'	l'	_	_	_	_	_	linguistic	_	ContainsVariation=No	SpaceAfter=No	_	_	_	_	_
72-2	PST206	72	2	italiano?	italiano	_	_	_	_	_	linguistic	_	ContainsVariation=No	Intonation=Rising	End=135.914	_	_	_	_
73-0	PST017	73	0	ehm	ehm	_	_	_	_	_	linguistic	_	ContainsVariation=Yes	PauseAfter=Yes	Begin=139.881	_	_	_	_
73-1	PST017	73	1	(.)	(.)	_	_	_	_	_	shortpause	_	ContainsVariation=Yes	_	_	_	_	_	_
73-2	PST017	73	2	#yaʕni	yaʕni	_	_	_	_	_	linguistic	_	ContainsVariation=Yes|Variety=Other|Language=NO_ISO_CODE	_	_	_	_	_	_
73-3	PST017	73	3	sei	sei	_	_	_	_	_	linguistic	_	ContainsVariation=Yes	_	End=142.131	_	_	_	_
75-0	PST206	75	0	qual	qual	_	_	_	_	_	linguistic	_	ContainsVariation=No	_	Begin=144.109	_	_	_	_
75-1	PST206	75	1	è	è	_	_	_	_	_	linguistic	_	ContainsVariation=No	_	_	_	_	_	_
75-2	PST206	75	2	la	la	_	_	_	_	_	linguistic	_	ContainsVariation=No	_	_	_	_	_	_
75-3	PST206	75	3	lingua	lingua	_	_	_	_	_	linguistic	_	ContainsVariation=No	_	_	_	_	_	_
75-4	PST206	75	4	che	che	_	_	_	_	_	linguistic	_	ContainsVariation=No	_	_	_	_	_	_
75-5	PST206	75	5	ti	ti	_	_	_	_	_	linguistic	_	ContainsVariation=No	_	_	_	_	_	_
75-6	PST206	75	6	piace	piace	_	_	_	_	_	linguistic	_	ContainsVariation=No	_	_	_	_	_	_
75-7	PST206	75	7	di	di	_	_	_	_	_	linguistic	_	ContainsVariation=No	_	_	_	_	_	_
75-8	PST206	75	8	più?	più	_	_	_	_	_	linguistic	_	ContainsVariation=No	Intonation=Rising	End=145.617	_	_	_	_
76-0	PST017	76	0	tra	tra	_	_	_	_	_	linguistic	_	ContainsVariation=No	_	Begin=146.242	_	_	_	_
76-1	PST017	76	1	l'	l'	_	_	_	_	_	linguistic	_	ContainsVariation=No	SpaceAfter=No	_	_	_	_	_
76-2	PST017	76	2	arabo	arabo	_	_	_	_	_	linguistic	_	ContainsVariation=No	_	_	_	_	_	_
76-3	PST017	76	3	e	e	_	_	_	_	_	linguistic	_	ContainsVariation=No	_	_	_	_	_	_
76-4	PST017	76	4	l'	l'	_	_	_	_	_	linguistic	_	ContainsVariation=No	SpaceAfter=No	_	_	_	_	_
76-5	PST017	76	5	ita[liano]?	italiano	_	_	_	_	_	linguistic	_	ContainsVariation=No	Intonation=Rising	End=147.786	_	_	_	1-7(15)
77-0	PST206	77	0	[sì]	sì	_	_	_	_	_	linguistic	_	ContainsVariation=No	_	Begin=147.091|End=147.378	_	_	_	0-2(15)
78-0	PST017	78	0	tutte	tutte	_	_	_	_	_	linguistic	_	ContainsVariation=No	_	Begin=148.598	_	_	_	_
78-1	PST017	78	1	e	e	_	_	_	_	_	linguistic	_	ContainsVariation=No	_	_	_	_	_	_
78-2	PST017	78	2	due	due	_	_	_	_	_	linguistic	_	ContainsVariation=No	_	End=149.759	_	_	_	_
79-0	PST017	79	0	pe~	pe~	_	_	_	_	_	linguistic	_	ContainsVariation=No	Interrupted=Yes	Begin=150.24	_	_	_	_
79-1	PST017	79	1	però:	però	_	_	_	_	_	linguistic	_	ContainsVariation=No	_	End=151.365	3x1	_	_	_
80-0	PST017	80	0	m:	m	_	_	_	_	_	linguistic	_	ContainsVariation=No	_	Begin=151.658	0x1	_	_	_
80-1	PST017	80	1	l'	l'	_	_	_	_	_	linguistic	_	ContainsVariation=No	SpaceAfter=No	_	_	_	_	_
80-2	PST017	80	2	arabo	arabo	_	_	_	_	_	linguistic	_	ContainsVariation=No	_	End=152.658	_	_	_	_
81-0	PST206	81	0	l'	l'	_	_	_	_	_	linguistic	_	ContainsVariation=No	SpaceAfter=No	Begin=152.948	_	_	_	_
81-1	PST206	81	1	arabo	arabo	_	_	_	_	_	linguistic	_	ContainsVariation=No	_	_	_	_	_	_
81-2	PST206	81	2	di	di	_	_	_	_	_	linguistic	_	ContainsVariation=No	_	_	_	_	_	_
81-3	PST206	81	3	più.	più	_	_	_	_	_	linguistic	_	ContainsVariation=No	Intonation=Falling	_	_	_	_	_
81-4	PST206	81	4	perché?	perché	_	_	_	_	_	linguistic	_	ContainsVariation=No	Intonation=Rising	End=154.522	_	_	_	_
82-0	PST017	82	0	e:hm	ehm	_	_	_	_	_	linguistic	_	ContainsVariation=No	_	Begin=154.716	0x1	_	_	_
82-1	PST017	82	1	perché	perché	_	_	_	_	_	linguistic	_	ContainsVariation=No	_	_	_	_	_	_
82-2	PST017	82	2	lo	lo	_	_	_	_	_	linguistic	_	ContainsVariation=No	_	_	_	_	_	_
82-3	PST017	82	3	so	so	_	_	_	_	_	linguistic	_	ContainsVariation=No	_	_	_	_	_	_
82-4	PST017	82	4	parlare	parlare	_	_	_	_	_	linguistic	_	ContainsVariation=No	_	_	_	_	_	_
82-5	PST017	82	5	meglio	meglio	_	_	_	_	_	linguistic	_	ContainsVariation=No	_	End=157.165	_	_	_	_
83-0	PST017	83	0	in	in	_	_	_	_	_	linguistic	_	ContainsVariation=No	_	Begin=157.507	_	_	_	_
83-1	PST017	83	1	italiano:	italiano	_	_	_	_	_	linguistic	_	ContainsVariation=No	_	_	7x1	_	_	_
83-2	PST017	83	2	ehm	ehm	_	_	_	_	_	linguistic	_	ContainsVariation=No	_	_	_	_	_	_
83-3	PST017	83	3	faccio	faccio	_	_	_	_	_	linguistic	_	ContainsVariation=No	_	_	_	_	_	_
83-4	PST017	83	4	ancora	ancora	_	_	_	_	_	linguistic	_	ContainsVariation=No	_	_	_	_	_	_
83-5	PST017	83	5	degli	degli	_	_	_	_	_	linguistic	_	ContainsVariation=No	_	_	_	_	_	_
83-6	PST017	83	6	sbagli,	sbagli	_	_	_	_	_	linguistic	_	ContainsVariation=No	Intonation=WeaklyRising	_	_	_	_	_
83-7	PST017	83	7	soprattutto:	soprattutto	_	_	_	_	_	linguistic	_	ContainsVariation=No	_	End=161.198	10x1	_	_	_
84-0	PST017	84	0	ehm	ehm	_	_	_	_	_	linguistic	_	ContainsVariation=No	_	Begin=161.58|End=162.389	_	_	_	_
85-0	PST017	85	0	nella	nella	_	_	_	_	_	linguistic	_	ContainsVariation=No	_	Begin=162.484	_	_	_	_
85-1	PST017	85	1	grammatica,	grammatica	_	_	_	_	_	linguistic	_	ContainsVariation=No	Intonation=WeaklyRising	_	_	_	_	_
85-2	PST017	85	2	non	non	_	_	_	_	_	linguistic	_	ContainsVariation=No	_	_	_	_	_	_
85-3	PST017	85	3	so	so	_	_	_	_	_	linguistic	_	ContainsVariation=No	_	_	_	_	_	_
85-4	PST017	85	4	ancora	ancora	_	_	_	_	_	linguistic	_	ContainsVariation=No	_	_	_	_	_	_
85-5	PST017	85	5	tutti	tutti	_	_	_	_	_	linguistic	_	ContainsVariation=No	_	_	_	_	_	_
85-6	PST017	85	6	i	i	_	_	_	_	_	linguistic	_	ContainsVariation=No	_	_	_	_	_	_
85-7	PST017	85	7	verbi,	verbi	_	_	_	_	_	linguistic	_	ContainsVariation=No	Intonation=WeaklyRising	_	_	_	_	_
85-8	PST017	85	8	eccetera	eccetera	_	_	_	_	_	linguistic	_	ContainsVariation=No	_	End=165.852	_	_	_	_
86-0	PST206	86	0	secondo	secondo	_	_	_	_	_	linguistic	_	ContainsVariation=No	_	Begin=167.573	_	_	_	_
86-1	PST206	86	1	te	te	_	_	_	_	_	linguistic	_	ContainsVariation=No	_	_	_	_	_	_
86-2	PST206	86	2	perché?	perché	_	_	_	_	_	linguistic	_	ContainsVariation=No	Intonation=Rising	End=168.61	_	_	_	_
87-0	PST206	87	0	non:	non	_	_	_	_	_	linguistic	_	ContainsVariation=No	_	Begin=168.8|End=169.8	2x1	_	_	_
88-0	PST206	88	0	[sì,	sì	_	_	_	_	_	linguistic	_	ContainsVariation=No	Intonation=WeaklyRising	Begin=169.847	_	_	_	0-2(16)
88-1	PST206	88	1	hai	hai	_	_	_	_	_	linguistic	_	ContainsVariation=No	_	_	_	_	_	0-3(16)
88-2	PST206	88	2	trovato]	trovato	_	_	_	_	_	linguistic	_	ContainsVariation=No	_	_	_	_	_	0-7(16)
88-3	PST206	88	3	perché	perché	_	_	_	_	_	linguistic	_	ContainsVariation=No	_	_	_	_	_	_
88-4	PST206	88	4	hai	hai	_	_	_	_	_	linguistic	_	ContainsVariation=No	_	_	_	_	_	_
88-5	PST206	88	5	trovato	trovato	_	_	_	_	_	linguistic	_	ContainsVariation=No	_	_	_	_	_	_
88-6	PST206	88	6	tanta	tanta	_	_	_	_	_	linguistic	_	ContainsVariation=No	_	_	_	_	_	_
88-7	PST206	88	7	difficoltà	difficoltà	_	_	_	_	_	linguistic	_	ContainsVariation=No	_	_	_	_	_	_
88-8	PST206	88	8	durante:	durante	_	_	_	_	_	linguistic	_	ContainsVariation=No	_	End=173.644	6x1	_	_	_
89-0	PST017	89	0	[ya~]	ya~	_	_	_	_	_	linguistic	_	ContainsVariation=No	Interrupted=Yes	Begin=170.066|End=170.742	_	_	_	0-3(16)
90-0	PST206	90	0	quando	quando	_	_	_	_	_	linguistic	_	ContainsVariation=No	_	Begin=173.682	_	_	_	_
90-1	PST206	90	1	sei	sei	_	_	_	_	_	linguistic	_	ContainsVariation=No	_	_	_	_	_	_
90-2	PST206	90	2	venuta	venuta	_	_	_	_	_	linguistic	_	ContainsVariation=No	_	_	_	_	_	_
90-3	PST206	90	3	qui	qui	_	_	_	_	_	linguistic	_	ContainsVariation=No	_	_	_	_	_	_
90-4	PST206	90	4	in	in	_	_	_	_	_	linguistic	_	ContainsVariation=No	_	_	_	_	_	_
90-5	PST206	90	5	italia?	italia	_	_	_	_	_	linguistic	_	ContainsVariation=No	Intonation=Rising	End=175.116	_	_	_	_
91-0	PST017	91	0	sì,	sì	_	_	_	_	_	linguistic	_	ContainsVariation=No	Intonation=WeaklyRising	Begin=175.216	_	_	_	_
91-1	PST017	91	1	perché:	perché	_	_	_	_	_	linguistic	_	ContainsVariation=No	_	_	5x1	_	_	_
91-2	PST017	91	2	quando	quando	_	_	_	_	_	linguistic	_	ContainsVariation=No	_	_	_	_	_	_
91-3	PST017	91	3	sono	sono	_	_	_	_	_	linguistic	_	ContainsVariation=No	_	_	_	_	_	_
91-4	PST017	91	4	venuta	venuta	_	_	_	_	_	linguistic	_	ContainsVariation=No	_	_	_	_	_	_
91-5	PST017	91	5	in	in	_	_	_	_	_	linguistic	_	ContainsVariation=No	_	_	_	_	_	_
91-6	PST017	91	6	quinta	quinta	_	_	_	_	_	linguistic	_	ContainsVariation=No	_	End=178.311	_	_	_	_
92-0	PST017	92	0	ehm,	ehm	_	_	_	_	_	linguistic	_	ContainsVariation=No	Intonation=WeaklyRising	Begin=178.411	_	_	_	_
92-1	PST017	92	1	ormai	ormai	_	_	_	_	_	linguistic	_	ContainsVariation=No	_	_	_	_	_	_
92-2	PST017	92	2	l'	l'	_	_	_	_	_	linguistic	_	ContainsVariation=No	SpaceAfter=No	_	_	_	_	_
92-3	PST017	92	3	argom~	argom~	_	_	_	_	_	linguistic	_	ContainsVariation=No	Interrupted=Yes	_	_	_	_	_
92-4	PST017	92	4	gli	gli	_	_	_	_	_	linguistic	_	ContainsVariation=No	_	_	_	_	_	_
92-5	PST017	92	5	anni,	anni	_	_	_	_	_	linguistic	_	ContainsVariation=No	Intonation=WeaklyRising|PauseAfter=Yes	_	_	_	_	_
92-6	PST017	92	6	(.)	(.)	_	_	_	_	_	shortpause	_	ContainsVariation=No	_	_	_	_	_	_
92-7	PST017	92	7	il	il	_	_	_	_	_	linguistic	_	ContainsVariation=No	_	_	_	_	_	_
92-8	PST017	92	8	programma	programma	_	_	_	_	_	linguistic	_	ContainsVariation=No	_	_	_	_	_	_
92-9	PST017	92	9	era	era	_	_	_	_	_	linguistic	_	ContainsVariation=No	_	End=182.749	_	_	_	_
93-0	PST017	93	0	ormai	ormai	_	_	_	_	_	linguistic	_	ContainsVariation=No	_	Begin=183.117	_	_	_	_
93-1	PST017	93	1	quasi	quasi	_	_	_	_	_	linguistic	_	ContainsVariation=No	_	_	_	_	_	_
93-2	PST017	93	2	finito,	finito	_	_	_	_	_	linguistic	_	ContainsVariation=No	Intonation=WeaklyRising	_	_	_	_	_
93-3	PST017	93	3	ta~	ta~	_	_	_	_	_	linguistic	_	ContainsVariation=No	Interrupted=Yes	End=184.668	_	_	_	_
94-0	PST017	94	0	la	la	_	_	_	_	_	linguistic	_	ContainsVariation=No	_	Begin=184.726	_	_	_	_
94-1	PST017	94	1	grammatica,	grammatica	_	_	_	_	_	linguistic	_	ContainsVariation=No	Intonation=WeaklyRising	_	_	_	_	_
94-2	PST017	94	2	i	i	_	_	_	_	_	linguistic	_	ContainsVariation=No	_	_	_	_	_	_
94-3	PST017	94	3	verbi,	verbi	_	_	_	_	_	linguistic	_	ContainsVariation=No	Intonation=WeaklyRising	_	_	_	_	_
94-4	PST017	94	4	tutto	tutto	_	_	_	_	_	linguistic	_	ContainsVariation=No	_	End=187.109	_	_	_	_
95-0	PST017	95	0	quindi:	quindi	_	_	_	_	_	linguistic	_	ContainsVariation=Yes	_	Begin=187.682	5x1	_	_	_
95-1	PST017	95	1	eh:m	ehm	_	_	_	_	_	linguistic	_	ContainsVariation=Yes	_	_	1x1	_	_	_
95-2	PST017	95	2	#u:~lissa	u:~lissa	_	_	_	_	_	warning	_	ContainsVariation=Yes|Variety=Other|Language=NO_ISO_CODE	_	_	_	_	_	_
95-3	PST017	95	3	#ma-kull-ish	ma-kull-ish	_	_	_	_	_	linguistic	_	ContainsVariation=Yes|Variety=Other|Language=NO_ISO_CODE	_	_	_	_	_	_
95-4	PST017	95	4	#b-aʕraf	b-aʕraf	_	_	_	_	_	linguistic	_	ContainsVariation=Yes|Variety=Other|Language=NO_ISO_CODE	_	_	_	_	_	_
95-5	PST017	95	5	#atkellem:	atkellem	_	_	_	_	_	linguistic	_	ContainsVariation=Yes|Variety=Other|Language=NO_ISO_CODE	_	End=191.3	7x1	_	_	_
97-0	PST017	97	0	#lissa	lissa	_	_	_	_	_	linguistic	_	ContainsVariation=Yes|Variety=Other|Language=NO_ISO_CODE	_	Begin=191.646	_	_	_	_
97-1	PST017	97	1	#ma-kull-ish	ma-kull-ish	_	_	_	_	_	linguistic	_	ContainsVariation=Yes|Variety=Other|Language=NO_ISO_CODE	_	_	_	_	_	_
97-2	PST017	97	2	#b-aʕraf	b-aʕraf	_	_	_	_	_	linguistic	_	ContainsVariation=Yes|Variety=Other|Language=NO_ISO_CODE	_	_	_	_	_	_
97-3	PST017	97	3	#atkellem	atkellem	_	_	_	_	_	linguistic	_	ContainsVariation=Yes|Variety=Other|Language=NO_ISO_CODE	_	_	_	_	_	_
97-4	PST017	97	4	italiano	italiano	_	_	_	_	_	linguistic	_	ContainsVariation=Yes	_	_	_	_	_	_
97-5	PST017	97	5	neanche	neanche	_	_	_	_	_	linguistic	_	ContainsVariation=Yes	_	_	_	_	_	_
97-6	PST017	97	6	le	le	_	_	_	_	_	linguistic	_	ContainsVariation=Yes	_	_	_	_	_	_
97-7	PST017	97	7	lezioni	lezioni	_	_	_	_	_	linguistic	_	ContainsVariation=Yes	_	_	_	_	_	_
97-8	PST017	97	8	potevo seguirle:	potevo seguirle:	_	_	_	_	_	error	_	ContainsVariation=Yes	_	End=195.499	_	_	_	_
99-0	PST017	99	0	be:ne,	bene	_	_	_	_	_	linguistic	_	ContainsVariation=Yes	Intonation=WeaklyRising	Begin=195.808	1x1	_	_	_
99-1	PST017	99	1	#ma-kull-ish	ma-kull-ish	_	_	_	_	_	linguistic	_	ContainsVariation=Yes|Variety=Other|Language=NO_ISO_CODE	_	_	_	_	_	_
99-2	PST017	99	2	#b-afham	b-afham	_	_	_	_	_	linguistic	_	ContainsVariation=Yes|Variety=Other|Language=NO_ISO_CODE	_	_	_	_	_	_
99-3	PST017	99	3	cosa	cosa	_	_	_	_	_	linguistic	_	ContainsVariation=Yes	_	_	_	_	_	_
99-4	PST017	99	4	stava:	stava	_	_	_	_	_	linguistic	_	ContainsVariation=Yes	PauseAfter=Yes	_	4x1	_	_	_
99-5	PST017	99	5	(.)	(.)	_	_	_	_	_	shortpause	_	ContainsVariation=Yes	_	_	_	_	_	_
99-6	PST017	99	6	dicendo la prof,	dicendo la prof,	_	_	_	_	_	error	_	ContainsVariation=Yes	_	End=199.484	_	_	_	_
101-0	PST017	101	0	#bāʕdēn	bāʕdēn	_	_	_	_	_	linguistic	_	ContainsVariation=Yes|Variety=Other|Language=NO_ISO_CODE	_	Begin=199.675	_	_	_	_
101-1	PST017	101	1	anche	anche	_	_	_	_	_	linguistic	_	ContainsVariation=Yes	_	_	_	_	_	_
101-2	PST017	101	2	in	in	_	_	_	_	_	linguistic	_	ContainsVariation=Yes	_	_	_	_	_	_
101-3	PST017	101	3	prima,	prima	_	_	_	_	_	linguistic	_	ContainsVariation=Yes	Intonation=WeaklyRising	_	_	_	_	_
101-4	PST017	101	4	seconda	seconda	_	_	_	_	_	linguistic	_	ContainsVariation=Yes	_	End=203.558	_	_	_	_
103-0	PST017	103	0	e:hm,	ehm	_	_	_	_	_	linguistic	_	ContainsVariation=No	Intonation=WeaklyRising	Begin=203.602	0x1	_	_	_
103-1	PST017	103	1	media	media	_	_	_	_	_	linguistic	_	ContainsVariation=No	_	End=204.83	_	_	_	_
104-0	PST017	104	0	#ḥatta	ḥatta	_	_	_	_	_	linguistic	_	ContainsVariation=Yes|Variety=Other|Language=NO_ISO_CODE	_	Begin=204.888	_	_	_	_
104-1	PST017	104	1	anche	anche	_	_	_	_	_	linguistic	_	ContainsVariation=Yes	_	_	_	_	_	_
104-2	PST017	104	2	se	se	_	_	_	_	_	linguistic	_	ContainsVariation=Yes	PauseAfter=Yes	_	_	_	_	_
104-3	PST017	104	3	(.)	(.)	_	_	_	_	_	shortpause	_	ContainsVariation=Yes	_	_	_	_	_	_
104-4	PST017	104	4	la	la	_	_	_	_	_	linguistic	_	ContainsVariation=Yes	_	_	_	_	_	_
104-5	PST017	104	5	professoressa,	professoressa	_	_	_	_	_	linguistic	_	ContainsVariation=Yes	Intonation=WeaklyRising	_	_	_	_	_
104-6	PST017	104	6	>non	non	_	_	_	_	_	linguistic	_	ContainsVariation=Yes	_	_	_	Fast=0-3(0)	_	_
104-7	PST017	104	7	mi	mi	_	_	_	_	_	linguistic	_	ContainsVariation=Yes	_	_	_	Fast=0-2(0)	_	_
104-8	PST017	104	8	ricordo	ricordo	_	_	_	_	_	linguistic	_	ContainsVariation=Yes	_	_	_	Fast=0-7(0)	_	_
104-9	PST017	104	9	di	di	_	_	_	_	_	linguistic	_	ContainsVariation=Yes	_	_	_	Fast=0-2(0)	_	_
104-10	PST017	104	10	che<	che	_	_	_	_	_	linguistic	_	ContainsVariation=Yes	_	End=208.021	_	Fast=0-3(0)	_	_
106-0	PST017	106	0	della	della	_	_	_	_	_	linguistic	_	ContainsVariation=No	_	Begin=208.397	_	_	_	_
106-1	PST017	106	1	prima	prima	_	_	_	_	_	linguistic	_	ContainsVariation=No	_	_	_	_	_	_
106-2	PST017	106	2	media	media	_	_	_	_	_	linguistic	_	ContainsVariation=No	_	End=209.669	_	_	_	_
107-0	PST017	107	0	>ricordo	ricordo	_	_	_	_	_	linguistic	_	ContainsVariation=Yes	_	Begin=209.72	_	Fast=0-7(0)	_	_
107-1	PST017	107	1	che<	che	_	_	_	_	_	linguistic	_	ContainsVariation=Yes	_	_	_	Fast=0-3(0)	_	_
107-2	PST017	107	2	la	la	_	_	_	_	_	linguistic	_	ContainsVariation=Yes	_	_	_	_	_	_
107-3	PST017	107	3	professoressa	professoressa	_	_	_	_	_	linguistic	_	ContainsVariation=Yes	_	_	_	_	_	_
107-4	PST017	107	4	#badaʔt	badaʔt	_	_	_	_	_	linguistic	_	ContainsVariation=Yes|Variety=Other|Language=NO_ISO_CODE	_	_	_	_	_	_
107-5	PST017	107	5	il	il	_	_	_	_	_	linguistic	_	ContainsVariation=Yes	_	_	_	_	_	_
107-6	PST017	107	6	programma	programma	_	_	_	_	_	linguistic	_	ContainsVariation=Yes	_	_	_	_	_	_
107-7	PST017	107	7	dall'	dall'	_	_	_	_	_	linguistic	_	ContainsVariation=Yes	SpaceAfter=No	_	_	_	_	_
107-8	PST017	107	8	inizio	inizio	_	_	_	_	_	linguistic	_	ContainsVariation=Yes	_	End=212.801	_	_	_	_
109-0	PST017	109	0	far	far	_	_	_	_	_	linguistic	_	ContainsVariation=No	_	Begin=212.918	_	_	_	_
109-1	PST017	109	1	la	la	_	_	_	_	_	linguistic	_	ContainsVariation=No	_	_	_	_	_	_
109-2	PST017	109	2	grammatica,	grammatica	_	_	_	_	_	linguistic	_	ContainsVariation=No	Intonation=WeaklyRising	_	_	_	_	_
109-3	PST017	109	3	quasi	quasi	_	_	_	_	_	linguistic	_	ContainsVariation=No	_	_	_	_	_	_
109-4	PST017	109	4	dall'	dall'	_	_	_	_	_	linguistic	_	ContainsVariation=No	SpaceAfter=No	_	_	_	_	_
109-5	PST017	109	5	inizio	inizio	_	_	_	_	_	linguistic	_	ContainsVariation=No	_	End=214.682	_	_	_	_
110-0	PST017	110	0	anche	anche	_	_	_	_	_	linguistic	_	ContainsVariation=Yes	_	Begin=215.068	_	_	_	_
110-1	PST017	110	1	lì,	lì	_	_	_	_	_	linguistic	_	ContainsVariation=Yes	Intonation=WeaklyRising	_	_	_	_	_
110-2	PST017	110	2	#ma-kunti-sh	ma-kunti-sh	_	_	_	_	_	linguistic	_	ContainsVariation=Yes|Variety=Other|Language=NO_ISO_CODE	_	_	_	_	_	_
110-3	PST017	110	3	#fahma	fahma	_	_	_	_	_	linguistic	_	ContainsVariation=Yes|Variety=Other|Language=NO_ISO_CODE	_	_	_	_	_	_
110-4	PST017	110	4	#ḥāga	ḥāga	_	_	_	_	_	linguistic	_	ContainsVariation=Yes|Variety=Other|Language=NO_ISO_CODE	_	End=216.84	_	_	_	_
112-0	PST017	112	0	quindi,	quindi	_	_	_	_	_	linguistic	_	ContainsVariation=Yes	Intonation=WeaklyRising	Begin=216.98	_	_	_	_
112-1	PST017	112	1	anche	anche	_	_	_	_	_	linguistic	_	ContainsVariation=Yes	_	_	_	_	_	_
112-2	PST017	112	2	se	se	_	_	_	_	_	linguistic	_	ContainsVariation=Yes	_	_	_	_	_	_
112-3	PST017	112	3	rispiegavano,	rispiegavano	_	_	_	_	_	linguistic	_	ContainsVariation=Yes	Intonation=WeaklyRising	_	_	_	_	_
112-4	PST017	112	4	>#kunti-sh	kunti-sh	_	_	_	_	_	linguistic	_	ContainsVariation=Yes|Variety=Other|Language=NO_ISO_CODE	_	_	_	Fast=0-9(0)	_	_
112-5	PST017	112	5	#fahma	fahma	_	_	_	_	_	linguistic	_	ContainsVariation=Yes|Variety=Other|Language=NO_ISO_CODE	_	_	_	Fast=0-6(0)	_	_
112-6	PST017	112	6	#ḥāga<.	ḥāga	_	_	_	_	_	linguistic	_	ContainsVariation=Yes|Variety=Other|Language=NO_ISO_CODE	Intonation=Falling	_	_	Fast=0-5(0)	_	_
112-7	PST017	112	7	#w	w	_	_	_	_	_	linguistic	_	ContainsVariation=Yes|Variety=Other|Language=NO_ISO_CODE	_	_	_	_	_	_
112-8	PST017	112	8	#kāda.	kāda	_	_	_	_	_	linguistic	_	ContainsVariation=Yes|Variety=Other|Language=NO_ISO_CODE	Intonation=Falling	_	_	_	_	_
112-9	PST017	112	9	#°yaʕni.°	yaʕni	_	_	_	_	_	linguistic	_	ContainsVariation=Yes|Variety=Other|Language=NO_ISO_CODE	Intonation=Falling|Volume=low	End=221.15	_	_	_	_
114-0	PST206	114	0	è	è	_	_	_	_	_	linguistic	_	ContainsVariation=No	_	Begin=221.19	_	_	_	_
114-1	PST206	114	1	[andata]	andata	_	_	_	_	_	linguistic	_	ContainsVariation=No	_	End=222.04	_	_	_	0-6(21)
116-0	PST017	116	0	[è	è	_	_	_	_	_	linguistic	_	ContainsVariation=Yes	_	Begin=221.68	_	_	_	0-1(21)
116-1	PST017	116	1	andata]	andata	_	_	_	_	_	linguistic	_	ContainsVariation=Yes	_	_	_	_	_	0-6(21)
116-2	PST017	116	2	così,	così	_	_	_	_	_	linguistic	_	ContainsVariation=Yes	Intonation=WeaklyRising	_	_	_	_	_
116-3	PST017	116	3	#ḥatta	ḥatta	_	_	_	_	_	linguistic	_	ContainsVariation=Yes|Variety=Other|Language=NO_ISO_CODE	_	_	_	_	_	_
116-4	PST017	116	4	#ma-laʔēt-sh::	ma-laʔēt-sh	_	_	_	_	_	linguistic	_	ContainsVariation=Yes|Variety=Other|Language=NO_ISO_CODE	_	_	8x2	_	_	_
116-5	PST017	116	5	neanche:	neanche	_	_	_	_	_	linguistic	_	ContainsVariation=Yes	_	End=224.85	6x1	_	_	_
118-0	PST017	118	0	#_ ma-gət-ni-sh	ma-gət-ni-sh	_	_	_	_	_	linguistic	_	ContainsVariation=Yes|Variety=Other|Language=NO_ISO_CODE	_	Begin=224.93	_	_	_	_
118-1	PST017	118	1	fursa,	fursa	_	_	_	_	_	linguistic	_	ContainsVariation=Yes|Variety=Other|Language=NO_ISO_CODE	Intonation=WeaklyRising	_	_	_	_	_
118-2	PST017	118	2	e::h	eh	_	_	_	_	_	linguistic	_	ContainsVariation=Yes|Variety=Other|Language=NO_ISO_CODE	_	_	0x2	_	_	_
118-3	PST017	118	3	>yaʕni<	yaʕni	_	_	_	_	_	linguistic	_	ContainsVariation=Yes|Variety=Other|Language=NO_ISO_CODE	_	_	_	_	_	_
118-4	PST017	118	4	ʔalāʔi	ʔalāʔi	_	_	_	_	_	linguistic	_	ContainsVariation=Yes|Variety=Other|Language=NO_ISO_CODE	_	End=229.69	_	_	_	_
120-0	PST017	120	0	#ʔalāʔi	ʔalāʔi	_	_	_	_	_	linguistic	_	ContainsVariation=Yes|Variety=Other|Language=NO_ISO_CODE	_	Begin=230.9	_	_	_	_
120-1	PST017	120	1	una	una	_	_	_	_	_	linguistic	_	ContainsVariation=Yes	_	_	_	_	_	_
120-2	PST017	120	2	lezione	lezione	_	_	_	_	_	linguistic	_	ContainsVariation=Yes	_	End=232.64	_	_	_	_
122-0	PST206	122	0	dopo	dopo	_	_	_	_	_	linguistic	_	ContainsVariation=No	_	Begin=233.8	_	_	_	_
122-1	PST206	122	1	scuola	scuola	_	_	_	_	_	linguistic	_	ContainsVariation=No	_	_	_	_	_	_
122-2	PST206	122	2	dici,	dici	_	_	_	_	_	linguistic	_	ContainsVariation=No	Intonation=WeaklyRising	_	_	_	_	_
122-3	PST206	122	3	[mh]?	mh	_	_	_	_	_	linguistic	_	ContainsVariation=No	Intonation=Rising	End=235.87	_	_	_	0-2(22)
123-0	PST017	123	0	[no]	no	_	_	_	_	_	linguistic	_	ContainsVariation=No	_	Begin=235.57|End=236.02	_	_	_	0-2(22)
124-0	PST017	124	0	#f-la	f-la	_	_	_	_	_	linguistic	_	ContainsVariation=Yes|Variety=Other|Language=NO_ISO_CODE	_	Begin=236.28	_	_	_	_
124-1	PST017	124	1	scuola	scuola	_	_	_	_	_	linguistic	_	ContainsVariation=Yes	_	End=237.05	_	_	_	_
126-0	PST017	126	0	#ʔalāʔi	ʔalāʔi	_	_	_	_	_	linguistic	_	ContainsVariation=Yes|Variety=Other|Language=NO_ISO_CODE	_	Begin=237.19	_	_	_	_
126-1	PST017	126	1	#shi	shi	_	_	_	_	_	linguistic	_	ContainsVariation=Yes|Variety=Other|Language=NO_ISO_CODE	_	_	_	_	_	_
126-2	PST017	126	2	#sana,	sana	_	_	_	_	_	linguistic	_	ContainsVariation=Yes|Variety=Other|Language=NO_ISO_CODE	Intonation=WeaklyRising	_	_	_	_	_
126-3	PST017	126	3	#illi::	illi	_	_	_	_	_	linguistic	_	ContainsVariation=Yes|Variety=Other|Language=NO_ISO_CODE	_	_	3x2	_	_	_
126-4	PST017	126	4	#law	law	_	_	_	_	_	linguistic	_	ContainsVariation=Yes|Variety=Other|Language=NO_ISO_CODE	_	_	_	_	_	_
126-5	PST017	126	5	#ma	ma	_	_	_	_	_	linguistic	_	ContainsVariation=Yes|Variety=Other|Language=NO_ISO_CODE	_	_	_	_	_	_
126-6	PST017	126	6	#kunt	kunt	_	_	_	_	_	linguistic	_	ContainsVariation=Yes|Variety=Other|Language=NO_ISO_CODE	_	_	_	_	_	_
126-7	PST017	126	7	#taʕallamt	taʕallamt	_	_	_	_	_	linguistic	_	ContainsVariation=Yes|Variety=Other|Language=NO_ISO_CODE	_	_	_	_	_	_
126-8	PST017	126	8	#l-iṭālī	l-iṭālī	_	_	_	_	_	linguistic	_	ContainsVariation=Yes|Variety=Other|Language=NO_ISO_CODE	_	_	_	_	_	_
126-9	PST017	126	9	#ḥatta	ḥatta	_	_	_	_	_	linguistic	_	ContainsVariation=Yes|Variety=Other|Language=NO_ISO_CODE	_	_	_	_	_	_
126-10	PST017	126	10	#b-afham	b-afham	_	_	_	_	_	linguistic	_	ContainsVariation=Yes|Variety=Other|Language=NO_ISO_CODE	_	_	_	_	_	_
126-11	PST017	126	11	cosa	cosa	_	_	_	_	_	linguistic	_	ContainsVariation=Yes	_	_	_	_	_	_
126-12	PST017	126	12	stava	stava	_	_	_	_	_	linguistic	_	ContainsVariation=Yes	_	_	_	_	_	_
126-13	PST017	126	13	dicendo	dicendo	_	_	_	_	_	linguistic	_	ContainsVariation=Yes	_	_	_	_	_	_
126-14	PST017	126	14	la	la	_	_	_	_	_	linguistic	_	ContainsVariation=Yes	_	_	_	_	_	_
126-15	PST017	126	15	prof	prof	_	_	_	_	_	linguistic	_	ContainsVariation=Yes	_	End=242.49	_	_	_	_
128-0	PST017	128	0	era	era	_	_	_	_	_	linguistic	_	ContainsVariation=Yes	_	Begin=243.12	_	_	_	_
128-1	PST017	128	1	ormai	ormai	_	_	_	_	_	linguistic	_	ContainsVariation=Yes	_	_	_	_	_	_
128-2	PST017	128	2	troppo	troppo	_	_	_	_	_	linguistic	_	ContainsVariation=Yes	_	_	_	_	_	_
128-3	PST017	128	3	tardi.	tardi	_	_	_	_	_	linguistic	_	ContainsVariation=Yes	Intonation=Falling	_	_	_	_	_
128-4	PST017	128	4	#ashan	ashan	_	_	_	_	_	linguistic	_	ContainsVariation=Yes|Variety=Other|Language=NO_ISO_CODE	_	_	_	_	_	_
128-5	PST017	128	5	il	il	_	_	_	_	_	linguistic	_	ContainsVariation=Yes	_	_	_	_	_	_
128-6	PST017	128	6	programma	programma	_	_	_	_	_	linguistic	_	ContainsVariation=Yes	_	_	_	_	_	_
128-7	PST017	128	7	era::	era	_	_	_	_	_	linguistic	_	ContainsVariation=Yes	_	End=245.91	2x2	_	_	_
130-0	PST206	130	0	[erae,ra	erae,ra	_	_	_	_	_	error	_	ContainsVariation=No	_	Begin=246.23	_	_	_	0-6(24)
130-1	PST206	130	1	già:	già	_	_	_	_	_	linguistic	_	ContainsVariation=No	_	_	2x1	_	_	0-3(24)
130-2	PST206	130	2	avanzato,	avanzato	_	_	_	_	_	linguistic	_	ContainsVariation=No	Intonation=WeaklyRising	_	_	_	_	0-8(24)
130-3	PST206	130	3	xx]	xx	_	_	_	_	_	unknown	_	ContainsVariation=No	Syllables=2	End=248.85	_	_	_	0-2(24)
131-0	PST017	131	0	[era	era	_	_	_	_	_	linguistic	_	ContainsVariation=No	PauseAfter=Yes	Begin=246.245	_	_	_	0-3(24)
131-1	PST017	131	1	(.)	(.)	_	_	_	_	_	shortpause	_	ContainsVariation=No	_	_	_	_	_	X(24)
131-2	PST017	131	2	eh,	eh	_	_	_	_	_	linguistic	_	ContainsVariation=No	Intonation=WeaklyRising	_	_	_	_	0-2(24)
131-3	PST017	131	3	sì]	sì	_	_	_	_	_	linguistic	_	ContainsVariation=No	_	End=249.575	_	_	_	0-2(24)
132-0	PST206	132	0	ma:	ma	_	_	_	_	_	linguistic	_	ContainsVariation=No	_	Begin=249.99	1x1	_	_	_
132-1	PST206	132	1	sei	sei	_	_	_	_	_	linguistic	_	ContainsVariation=No	_	_	_	_	_	_
132-2	PST206	132	2	mai~	mai~	_	_	_	_	_	linguistic	_	ContainsVariation=No	Interrupted=Yes	_	_	_	_	_
132-3	PST206	132	3	sei:	sei	_	_	_	_	_	linguistic	_	ContainsVariation=No	_	_	2x1	_	_	_
132-4	PST206	132	4	hai	hai	_	_	_	_	_	linguistic	_	ContainsVariation=No	_	_	_	_	_	_
132-5	PST206	132	5	mai	mai	_	_	_	_	_	linguistic	_	ContainsVariation=No	_	_	_	_	_	_
132-6	PST206	132	6	provato	provato	_	_	_	_	_	linguistic	_	ContainsVariation=No	_	_	_	_	_	_
132-7	PST206	132	7	ad	ad	_	_	_	_	_	linguistic	_	ContainsVariation=No	_	_	_	_	_	_
132-8	PST206	132	8	andare	andare	_	_	_	_	_	linguistic	_	ContainsVariation=No	_	_	_	_	_	_
132-9	PST206	132	9	in	in	_	_	_	_	_	linguistic	_	ContainsVariation=No	_	_	_	_	_	_
132-10	PST206	132	10	scuole	scuole	_	_	_	_	_	linguistic	_	ContainsVariation=No	_	_	_	_	_	_
132-11	PST206	132	11	private::	private	_	_	_	_	_	linguistic	_	ContainsVariation=No	_	_	6x2	_	_	_
132-12	PST206	132	12	oppure,	oppure	_	_	_	_	_	linguistic	_	ContainsVariation=No	Intonation=WeaklyRising	_	_	_	_	_
132-13	PST206	132	13	o	o	_	_	_	_	_	linguistic	_	ContainsVariation=No	_	_	_	_	_	_
132-14	PST206	132	14	anche	anche	_	_	_	_	_	linguistic	_	ContainsVariation=No	_	_	_	_	_	_
132-15	PST206	132	15	solo	solo	_	_	_	_	_	linguistic	_	ContainsVariation=No	_	_	_	_	_	_
132-16	PST206	132	16	un	un	_	_	_	_	_	linguistic	_	ContainsVariation=No	_	_	_	_	_	_
132-17	PST206	132	17	doposcuola::_	doposcuola::_	_	_	_	_	_	error	_	ContainsVariation=No	_	End=255.91	_	_	_	_
133-0	PST017	133	0	mh	mh	_	_	_	_	_	linguistic	_	ContainsVariation=No	_	Begin=256.16	_	_	_	_
133-1	PST017	133	1	al	al	_	_	_	_	_	linguistic	_	ContainsVariation=No	_	_	_	_	_	_
133-2	PST017	133	2	doposcuola	doposcuola	_	_	_	_	_	linguistic	_	ContainsVariation=No	_	_	_	_	_	_
133-3	PST017	133	3	sì,	sì	_	_	_	_	_	linguistic	_	ContainsVariation=No	Intonation=WeaklyRising	_	_	_	_	_
133-4	PST017	133	4	però	però	_	_	_	_	_	linguistic	_	ContainsVariation=No	_	_	_	_	_	_
133-5	PST017	133	5	lì	lì	_	_	_	_	_	linguistic	_	ContainsVariation=No	_	_	_	_	_	_
133-6	PST017	133	6	mi	mi	_	_	_	_	_	linguistic	_	ContainsVariation=No	_	_	_	_	_	_
133-7	PST017	133	7	aiutavano	aiutavano	_	_	_	_	_	linguistic	_	ContainsVariation=No	_	_	_	_	_	_
133-8	PST017	133	8	solo	solo	_	_	_	_	_	linguistic	_	ContainsVariation=No	_	_	_	_	_	_
133-9	PST017	133	9	nei	nei	_	_	_	_	_	linguistic	_	ContainsVariation=No	_	_	_	_	_	_
133-10	PST017	133	10	compiti	compiti	_	_	_	_	_	linguistic	_	ContainsVariation=No	_	End=260.35	_	_	_	_
135-0	PST017	135	0	#ʔamīn:	ʔamīn	_	_	_	_	_	linguistic	_	ContainsVariation=Yes|Variety=Other|Language=NO_ISO_CODE	PauseAfter=Yes	Begin=260.56	4x1	_	_	_
135-1	PST017	135	1	(.)	(.)	_	_	_	_	_	shortpause	_	ContainsVariation=Yes	_	_	_	_	_	_
135-2	PST017	135	2	[niente	niente	_	_	_	_	_	linguistic	_	ContainsVariation=Yes	_	_	_	_	_	0-6(25)
135-3	PST017	135	3	di	di	_	_	_	_	_	linguistic	_	ContainsVariation=Yes	_	_	_	_	_	0-2(25)
135-4	PST017	135	4	che	che	_	_	_	_	_	linguistic	_	ContainsVariation=Yes	PauseAfter=Yes	_	_	_	_	0-3(25)
135-5	PST017	135	5	(.)	(.)	_	_	_	_	_	shortpause	_	ContainsVariation=Yes	_	_	_	_	_	X(25)
135-6	PST017	135	6	sì]	sì	_	_	_	_	_	linguistic	_	ContainsVariation=Yes	_	End=263.68	_	_	_	0-2(25)
137-0	PST206	137	0	[niente	niente	_	_	_	_	_	linguistic	_	ContainsVariation=No	_	Begin=262.255	_	_	_	0-6(25)
137-1	PST206	137	1	di	di	_	_	_	_	_	linguistic	_	ContainsVariation=No	_	_	_	_	_	0-2(25)
137-2	PST206	137	2	particolare]	particolare	_	_	_	_	_	linguistic	_	ContainsVariation=No	_	End=263.655	_	_	_	0-11(25)
138-0	PST206	138	0	ehm,	ehm	_	_	_	_	_	linguistic	_	ContainsVariation=No	Intonation=WeaklyRising	Begin=265.38	_	_	_	_
138-1	PST206	138	1	quale	quale	_	_	_	_	_	linguistic	_	ContainsVariation=No	_	_	_	_	_	_
138-2	PST206	138	2	lingua	lingua	_	_	_	_	_	linguistic	_	ContainsVariation=No	_	_	_	_	_	_
138-3	PST206	138	3	usi	usi	_	_	_	_	_	linguistic	_	ContainsVariation=No	_	_	_	_	_	_
138-4	PST206	138	4	quando	quando	_	_	_	_	_	linguistic	_	ContainsVariation=No	_	_	_	_	_	_
138-5	PST206	138	5	sei	sei	_	_	_	_	_	linguistic	_	ContainsVariation=No	_	_	_	_	_	_
138-6	PST206	138	6	nervosa	nervosa	_	_	_	_	_	linguistic	_	ContainsVariation=No	_	_	_	_	_	_
138-7	PST206	138	7	o	o	_	_	_	_	_	linguistic	_	ContainsVariation=No	_	_	_	_	_	_
138-8	PST206	138	8	arrabbiata?	arrabbiata	_	_	_	_	_	linguistic	_	ContainsVariation=No	Intonation=Rising	End=268.45	_	_	_	_
139-0	PST017	139	0	((sospira))	((sospira))	_	_	_	_	_	nonverbalbehavior	_	ContainsVariation=No	_	Begin=268.71	_	_	_	_
139-1	PST017	139	1	l'	l'	_	_	_	_	_	linguistic	_	ContainsVariation=No	SpaceAfter=No	_	_	_	_	_
139-2	PST017	139	2	arabo	arabo	_	_	_	_	_	linguistic	_	ContainsVariation=No	_	End=271.2	_	_	_	_
140-0	PST206	140	0	per	per	_	_	_	_	_	linguistic	_	ContainsVariation=No	_	Begin=272.17	_	_	_	_
140-1	PST206	140	1	contare,	contare	_	_	_	_	_	linguistic	_	ContainsVariation=No	Intonation=WeaklyRising	_	_	_	_	_
140-2	PST206	140	2	calcolare	calcolare	_	_	_	_	_	linguistic	_	ContainsVariation=No	_	_	_	_	_	_
140-3	PST206	140	3	e	e	_	_	_	_	_	linguistic	_	ContainsVariation=No	_	_	_	_	_	_
140-4	PST206	140	4	prendere	prendere	_	_	_	_	_	linguistic	_	ContainsVariation=No	_	_	_	_	_	_
140-5	PST206	140	5	appunti?	appunti	_	_	_	_	_	linguistic	_	ContainsVariation=No	Intonation=Rising	End=274.67	_	_	_	_
141-0	PST017	141	0	e:hm	ehm	_	_	_	_	_	linguistic	_	ContainsVariation=No	_	Begin=275.545|End=276.695	0x1	_	_	_
142-0	PST017	142	0	l'	l'	_	_	_	_	_	linguistic	_	ContainsVariation=No	SpaceAfter=No	Begin=277.475	_	_	_	_
142-1	PST017	142	1	italiano	italiano	_	_	_	_	_	linguistic	_	ContainsVariation=No	_	End=278.275	_	_	_	_
143-0	PST206	143	0	l'	l'	_	_	_	_	_	linguistic	_	ContainsVariation=No	SpaceAfter=No	Begin=278.38	_	_	_	_
143-1	PST206	143	1	italiano	italiano	_	_	_	_	_	linguistic	_	ContainsVariation=No	_	End=278.98	_	_	_	_
144-0	PST017	144	0	perché	perché	_	_	_	_	_	linguistic	_	ContainsVariation=Yes	_	Begin=279.14	_	_	_	_
144-1	PST017	144	1	>in	in	_	_	_	_	_	linguistic	_	ContainsVariation=Yes	_	_	_	Fast=0-2(0)	_	_
144-2	PST017	144	2	arabo<	arabo	_	_	_	_	_	linguistic	_	ContainsVariation=Yes	_	_	_	Fast=0-5(0)	_	_
144-3	PST017	144	3	anche	anche	_	_	_	_	_	linguistic	_	ContainsVariation=Yes	_	_	_	_	_	_
144-4	PST017	144	4	se::	se	_	_	_	_	_	linguistic	_	ContainsVariation=Yes	_	_	1x2	_	_	_
144-5	PST017	144	5	ho	ho	_	_	_	_	_	linguistic	_	ContainsVariation=Yes	_	_	_	_	_	_
144-6	PST017	144	6	fatto:	fatto	_	_	_	_	_	linguistic	_	ContainsVariation=Yes	_	_	4x1	_	_	_
144-7	PST017	144	7	sono	sono	_	_	_	_	_	linguistic	_	ContainsVariation=Yes	_	_	_	_	_	_
144-8	PST017	144	8	andata	andata	_	_	_	_	_	linguistic	_	ContainsVariation=Yes	_	_	_	_	_	_
144-9	PST017	144	9	a	a	_	_	_	_	_	linguistic	_	ContainsVariation=Yes	_	_	_	_	_	_
144-10	PST017	144	10	scuola	scuola	_	_	_	_	_	linguistic	_	ContainsVariation=Yes	_	_	_	_	_	_
144-11	PST017	144	11	#f~	f~	_	_	_	_	_	linguistic	_	ContainsVariation=Yes|Variety=Other|Language=NO_ISO_CODE	Interrupted=Yes	_	_	_	_	_
144-12	PST017	144	12	in,	in	_	_	_	_	_	linguistic	_	ContainsVariation=Yes	Intonation=WeaklyRising	_	_	_	_	_
144-13	PST017	144	13	in	in	_	_	_	_	_	linguistic	_	ContainsVariation=Yes	_	_	_	_	_	_
144-14	PST017	144	14	marocco,	marocco	_	_	_	_	_	linguistic	_	ContainsVariation=Yes	Intonation=WeaklyRising	_	_	_	_	_
144-15	PST017	144	15	fino	fino	_	_	_	_	_	linguistic	_	ContainsVariation=Yes	_	_	_	_	_	_
144-16	PST017	144	16	alla	alla	_	_	_	_	_	linguistic	_	ContainsVariation=Yes	_	_	_	_	_	_
144-17	PST017	144	17	quarta	quarta	_	_	_	_	_	linguistic	_	ContainsVariation=Yes	_	_	_	_	_	_
144-18	PST017	144	18	elementare	elementare	_	_	_	_	_	linguistic	_	ContainsVariation=Yes	_	End=285.46	_	_	_	_
146-0	PST017	146	0	#bǝṣ::	bǝṣ	_	_	_	_	_	linguistic	_	ContainsVariation=Yes|Variety=Other|Language=NO_ISO_CODE	_	Begin=285.64	2x2	_	_	_
146-1	PST017	146	1	scrivere,	scrivere	_	_	_	_	_	linguistic	_	ContainsVariation=Yes	Intonation=WeaklyRising	_	_	_	_	_
146-2	PST017	146	2	mi	mi	_	_	_	_	_	linguistic	_	ContainsVariation=Yes	_	_	_	_	_	_
146-3	PST017	146	3	è	è	_	_	_	_	_	linguistic	_	ContainsVariation=Yes	_	_	_	_	_	_
146-4	PST017	146	4	troppo	troppo	_	_	_	_	_	linguistic	_	ContainsVariation=Yes	_	_	_	_	_	_
146-5	PST017	146	5	difficile.	difficile	_	_	_	_	_	linguistic	_	ContainsVariation=Yes	Intonation=Falling	_	_	_	_	_
146-6	PST017	146	6	>#yaʕni<	yaʕni	_	_	_	_	_	linguistic	_	ContainsVariation=Yes|Variety=Other|Language=NO_ISO_CODE	_	_	_	Fast=0-6(0)	_	_
146-7	PST017	146	7	prendere	prendere	_	_	_	_	_	linguistic	_	ContainsVariation=Yes	_	_	_	_	_	_
146-8	PST017	146	8	appunti	appunti	_	_	_	_	_	linguistic	_	ContainsVariation=Yes	_	_	_	_	_	_
146-9	PST017	146	9	in	in	_	_	_	_	_	linguistic	_	ContainsVariation=Yes	_	_	_	_	_	_
146-10	PST017	146	10	arabo	arabo	_	_	_	_	_	linguistic	_	ContainsVariation=Yes	_	_	_	_	_	_
146-11	PST017	146	11	mi	mi	_	_	_	_	_	linguistic	_	ContainsVariation=Yes	_	_	_	_	_	_
146-12	PST017	146	12	è	è	_	_	_	_	_	linguistic	_	ContainsVariation=Yes	_	_	_	_	_	_
146-13	PST017	146	13	troppo	troppo	_	_	_	_	_	linguistic	_	ContainsVariation=Yes	_	_	_	_	_	_
146-14	PST017	146	14	difficile,	difficile	_	_	_	_	_	linguistic	_	ContainsVariation=Yes	Intonation=WeaklyRising	_	_	_	_	_
146-15	PST017	146	15	preferisco	preferisco	_	_	_	_	_	linguistic	_	ContainsVariation=Yes	_	_	_	_	_	_
146-16	PST017	146	16	prendere	prendere	_	_	_	_	_	linguistic	_	ContainsVariation=Yes	_	_	_	_	_	_
146-17	PST017	146	17	appunti	appunti	_	_	_	_	_	linguistic	_	ContainsVariation=Yes	_	_	_	_	_	_
146-18	PST017	146	18	in	in	_	_	_	_	_	linguistic	_	ContainsVariation=Yes	_	_	_	_	_	_
146-19	PST017	146	19	italiano	italiano	_	_	_	_	_	linguistic	_	ContainsVariation=Yes	_	End=292.95	_	_	_	_
148-0	PST017	148	0	è	è	_	_	_	_	_	linguistic	_	ContainsVariation=Yes	_	Begin=293.22	_	_	_	_
148-1	PST017	148	1	più	più	_	_	_	_	_	linguistic	_	ContainsVariation=Yes	_	_	_	_	_	_
148-2	PST017	148	2	facile	facile	_	_	_	_	_	linguistic	_	ContainsVariation=Yes	_	_	_	_	_	_
148-3	PST017	148	3	>#yaʕni<	yaʕni	_	_	_	_	_	linguistic	_	ContainsVariation=Yes|Variety=Other|Language=NO_ISO_CODE	_	_	_	Fast=0-6(0)	_	_
148-4	PST017	148	4	#b-aktib	b-aktib	_	_	_	_	_	linguistic	_	ContainsVariation=Yes|Variety=Other|Language=NO_ISO_CODE	PauseAfter=Yes	_	_	Slow=0-8(0)	_	_
148-5	PST017	148	5	(.)	(.)	_	_	_	_	_	shortpause	_	ContainsVariation=Yes	_	_	_	_	_	_
148-6	PST017	148	6	e:hm	ehm	_	_	_	_	_	linguistic	_	ContainsVariation=Yes	_	_	0x1	Slow=0-3(0)	_	_
148-7	PST017	148	7	>#yaʕni<	yaʕni	_	_	_	_	_	linguistic	_	ContainsVariation=Yes|Variety=Other|Language=NO_ISO_CODE	_	_	_	Fast=0-6(1)	_	_
148-8	PST017	148	8	#b-aktib:	b-aktib	_	_	_	_	_	linguistic	_	ContainsVariation=Yes|Variety=Other|Language=NO_ISO_CODE	_	_	5x1	_	_	_
148-9	PST017	148	9	subito:,	subito	_	_	_	_	_	linguistic	_	ContainsVariation=Yes	Intonation=WeaklyRising	_	5x1	_	_	_
148-10	PST017	148	10	#b-axaṭṭ	b-axaṭṭ	_	_	_	_	_	linguistic	_	ContainsVariation=Yes|Variety=Other|Language=NO_ISO_CODE	_	_	_	_	_	_
148-11	PST017	148	11	subito:,	subito	_	_	_	_	_	linguistic	_	ContainsVariation=Yes	Intonation=WeaklyRising	_	5x1	_	_	_
148-12	PST017	148	12	è	è	_	_	_	_	_	linguistic	_	ContainsVariation=Yes	_	_	_	_	_	_
148-13	PST017	148	13	difficile	difficile	_	_	_	_	_	linguistic	_	ContainsVariation=Yes	_	_	_	_	_	_
148-14	PST017	148	14	#b-aktib-u	b-aktib-u	_	_	_	_	_	linguistic	_	ContainsVariation=Yes|Variety=Other|Language=NO_ISO_CODE	_	_	_	_	_	_
148-15	PST017	148	15	#bi	bi	_	_	_	_	_	linguistic	_	ContainsVariation=Yes|Variety=Other|Language=NO_ISO_CODE	_	_	_	_	_	_
148-16	PST017	148	16	#l-ʕarabī	l-ʕarabī	_	_	_	_	_	linguistic	_	ContainsVariation=Yes|Variety=Other|Language=NO_ISO_CODE	_	End=300.65	_	_	_	_
150-0	PST017	150	0	#_ ḥatta	ḥatta	_	_	_	_	_	linguistic	_	ContainsVariation=Yes|Variety=Other|Language=NO_ISO_CODE	_	Begin=300.73	_	_	_	_
150-1	PST017	150	1	law	law	_	_	_	_	_	linguistic	_	ContainsVariation=Yes|Variety=Other|Language=NO_ISO_CODE	_	_	_	_	_	_
150-2	PST017	150	2	kān	kān	_	_	_	_	_	linguistic	_	ContainsVariation=Yes|Variety=Other|Language=NO_ISO_CODE	_	_	_	_	_	_
150-3	PST017	150	3	yaʕni	yaʕni	_	_	_	_	_	linguistic	_	ContainsVariation=Yes|Variety=Other|Language=NO_ISO_CODE	_	_	_	_	_	_
150-4	PST017	150	4	fi-waḥad	fi-waḥad	_	_	_	_	_	linguistic	_	ContainsVariation=Yes|Variety=Other|Language=NO_ISO_CODE	_	_	_	_	_	_
150-5	PST017	150	5	bi::	bi	_	_	_	_	_	linguistic	_	ContainsVariation=Yes|Variety=Other|Language=NO_ISO_CODE	_	_	1x2	_	_	_
150-6	PST017	150	6	b-iʔrʔi	b-iʔrʔi	_	_	_	_	_	linguistic	_	ContainsVariation=Yes|Variety=Other|Language=NO_ISO_CODE	_	_	_	_	_	_
150-7	PST017	150	7	muḥarrar	muḥarrar	_	_	_	_	_	linguistic	_	ContainsVariation=Yes|Variety=Other|Language=NO_ISO_CODE	_	_	_	_	_	_
150-8	PST017	150	8	bi-l-ʕarabī	bi-l-ʕarabī	_	_	_	_	_	linguistic	_	ContainsVariation=Yes|Variety=Other|Language=NO_ISO_CODE	_	End=304.83	_	_	_	_
152-0	PST017	152	0	#_ atlaʔi	atlaʔi	_	_	_	_	_	linguistic	_	ContainsVariation=Yes|Variety=Other|Language=NO_ISO_CODE	_	Begin=304.95	_	_	_	_
152-1	PST017	152	1	in-ni	in-ni	_	_	_	_	_	linguistic	_	ContainsVariation=Yes|Variety=Other|Language=NO_ISO_CODE	_	_	_	_	_	_
152-2	PST017	152	2	aktib	aktib	_	_	_	_	_	linguistic	_	ContainsVariation=Yes|Variety=Other|Language=NO_ISO_CODE	_	_	_	_	_	_
152-3	PST017	152	3	bi-l-iṭālī	bi-l-iṭālī	_	_	_	_	_	linguistic	_	ContainsVariation=Yes|Variety=Other|Language=NO_ISO_CODE	_	_	_	_	_	_
152-4	PST017	152	4	.	.	_	_	_	_	_	linguistic	_	ContainsVariation=Yes|Variety=Other|Language=NO_ISO_CODE	_	_	_	_	_	_
152-5	PST017	152	5	yaʕni	yaʕni	_	_	_	_	_	linguistic	_	ContainsVariation=Yes|Variety=Other|Language=NO_ISO_CODE	_	_	_	_	_	_
152-6	PST017	152	6	mush	mush	_	_	_	_	_	linguistic	_	ContainsVariation=Yes|Variety=Other|Language=NO_ISO_CODE	_	_	_	_	_	_
152-7	PST017	152	7	aktib al-ʕarab.	aktib al-ʕarab.	_	_	_	_	_	linguistic	_	ContainsVariation=Yes|Variety=Other|Language=NO_ISO_CODE	_	End=308.77	_	_	_	_
154-0	PST206	154	0	e:	e	_	_	_	_	_	linguistic	_	ContainsVariation=No	_	Begin=309.28	0x1	_	_	_
154-1	PST206	154	1	quando	quando	_	_	_	_	_	linguistic	_	ContainsVariation=No	_	_	_	_	_	_
154-2	PST206	154	2	pensi	pensi	_	_	_	_	_	linguistic	_	ContainsVariation=No	_	_	_	_	_	_
154-3	PST206	154	3	da	da	_	_	_	_	_	linguistic	_	ContainsVariation=No	_	_	_	_	_	_
154-4	PST206	154	4	sola	sola	_	_	_	_	_	linguistic	_	ContainsVariation=No	_	_	_	_	_	_
154-5	PST206	154	5	magari	magari	_	_	_	_	_	linguistic	_	ContainsVariation=No	_	_	_	_	_	_
154-6	PST206	154	6	i	i	_	_	_	_	_	linguistic	_	ContainsVariation=No	_	_	_	_	_	_
154-7	PST206	154	7	tuoi	tuoi	_	_	_	_	_	linguistic	_	ContainsVariation=No	_	_	_	_	_	_
154-8	PST206	154	8	pensieri,	pensieri	_	_	_	_	_	linguistic	_	ContainsVariation=No	Intonation=WeaklyRising	_	_	_	_	_
154-9	PST206	154	9	le	le	_	_	_	_	_	linguistic	_	ContainsVariation=No	_	_	_	_	_	_
154-10	PST206	154	10	tue	tue	_	_	_	_	_	linguistic	_	ContainsVariation=No	_	_	_	_	_	_
154-11	PST206	154	11	immaginazioni	immaginazioni	_	_	_	_	_	linguistic	_	ContainsVariation=No	_	End=314.49	_	_	_	_
155-0	PST206	155	0	sono	sono	_	_	_	_	_	linguistic	_	ContainsVariation=No	_	Begin=314.55	_	_	_	_
155-1	PST206	155	1	più	più	_	_	_	_	_	linguistic	_	ContainsVariation=No	_	_	_	_	_	_
155-2	PST206	155	2	in	in	_	_	_	_	_	linguistic	_	ContainsVariation=No	_	_	_	_	_	_
155-3	PST206	155	3	lingua	lingua	_	_	_	_	_	linguistic	_	ContainsVariation=No	_	_	_	_	_	_
155-4	PST206	155	4	araba	araba	_	_	_	_	_	linguistic	_	ContainsVariation=No	_	_	_	_	_	_
155-5	PST206	155	5	o	o	_	_	_	_	_	linguistic	_	ContainsVariation=No	_	_	_	_	_	_
155-6	PST206	155	6	in	in	_	_	_	_	_	linguistic	_	ContainsVariation=No	_	_	_	_	_	_
155-7	PST206	155	7	italiano?	italiano	_	_	_	_	_	linguistic	_	ContainsVariation=No	Intonation=Rising	End=316.24	_	_	_	_
156-0	PST017	156	0	mischiato	mischiato	_	_	_	_	_	linguistic	_	ContainsVariation=No	_	Begin=316.47|End=317.47	_	_	_	_
157-0	PST017	157	0	#_ yaʕni::	yaʕni	_	_	_	_	_	linguistic	_	ContainsVariation=Yes|Variety=Other|Language=NO_ISO_CODE	_	Begin=317.65	4x2	_	_	_
157-1	PST017	157	1	b-ǝtlaʔi	b-ǝtlaʔi	_	_	_	_	_	linguistic	_	ContainsVariation=Yes|Variety=Other|Language=NO_ISO_CODE	_	_	_	_	_	_
157-2	PST017	157	2	ḥatta::	ḥatta	_	_	_	_	_	linguistic	_	ContainsVariation=Yes|Variety=Other|Language=NO_ISO_CODE	_	_	4x2	_	_	_
157-3	PST017	157	3	lamma	lamma	_	_	_	_	_	linguistic	_	ContainsVariation=Yes|Variety=Other|Language=NO_ISO_CODE	_	_	_	_	_	_
157-4	PST017	157	4	b-ǝtkellǝm	b-ǝtkellǝm	_	_	_	_	_	linguistic	_	ContainsVariation=Yes|Variety=Other|Language=NO_ISO_CODE	PauseAfter=Yes	_	_	_	_	_
157-5	PST017	157	5	(.)	(.)	_	_	_	_	_	shortpause	_	ContainsVariation=Yes	_	_	_	_	_	_
157-6	PST017	157	6	laʔi	laʔi	_	_	_	_	_	linguistic	_	ContainsVariation=Yes|Variety=Other|Language=NO_ISO_CODE	ProsodicLink=Yes	_	_	_	_	_
157-7	PST017	157	7	ni	ni	_	_	_	_	_	linguistic	_	ContainsVariation=Yes|Variety=Other|Language=NO_ISO_CODE	_	_	_	_	_	_
157-8	PST017	157	8	m~	m~	_	_	_	_	_	linguistic	_	ContainsVariation=Yes|Variety=Other|Language=NO_ISO_CODE	Interrupted=Yes	End=321.45	_	_	_	_
159-0	PST017	159	0	mis:chio	mischio	_	_	_	_	_	linguistic	_	ContainsVariation=No	_	Begin=321.64	2x1	_	_	_
159-1	PST017	159	1	tutto.	tutto	_	_	_	_	_	linguistic	_	ContainsVariation=No	Intonation=Falling	_	_	_	_	_
159-2	PST017	159	2	mischio	mischio	_	_	_	_	_	linguistic	_	ContainsVariation=No	_	_	_	_	_	_
159-3	PST017	159	3	l'	l'	_	_	_	_	_	linguistic	_	ContainsVariation=No	SpaceAfter=No	_	_	_	_	_
159-4	PST017	159	4	it~	it~	_	_	_	_	_	linguistic	_	ContainsVariation=No	Interrupted=Yes	_	_	_	_	_
159-5	PST017	159	5	sia	sia	_	_	_	_	_	linguistic	_	ContainsVariation=No	_	_	_	_	_	_
159-6	PST017	159	6	l'	l'	_	_	_	_	_	linguistic	_	ContainsVariation=No	SpaceAfter=No	_	_	_	_	_
159-7	PST017	159	7	italiano	italiano	_	_	_	_	_	linguistic	_	ContainsVariation=No	_	_	_	_	_	_
159-8	PST017	159	8	che	che	_	_	_	_	_	linguistic	_	ContainsVariation=No	_	_	_	_	_	_
159-9	PST017	159	9	l'	l'	_	_	_	_	_	linguistic	_	ContainsVariation=No	SpaceAfter=No	_	_	_	_	_
159-10	PST017	159	10	arabo.	arabo	_	_	_	_	_	linguistic	_	ContainsVariation=No	Intonation=Falling	End=324.75	_	_	_	_
160-0	PST017	160	0	uso:	uso	_	_	_	_	_	linguistic	_	ContainsVariation=No	_	Begin=325.26	2x1	_	_	_
160-1	PST017	160	1	parola::	parola	_	_	_	_	_	linguistic	_	ContainsVariation=No	_	_	5x2	_	_	_
160-2	PST017	160	2	dall'	dall'	_	_	_	_	_	linguistic	_	ContainsVariation=No	SpaceAfter=No	_	_	_	_	_
160-3	PST017	160	3	italiano	italiano	_	_	_	_	_	linguistic	_	ContainsVariation=No	_	_	_	_	_	_
160-4	PST017	160	4	>e	e	_	_	_	_	_	linguistic	_	ContainsVariation=No	ProsodicLink=Yes	_	_	Fast=0-1(0)	_	_
160-5	PST017	160	5	una	una	_	_	_	_	_	linguistic	_	ContainsVariation=No	_	_	_	Fast=0-3(0)	_	_
160-6	PST017	160	6	parola<	parola	_	_	_	_	_	linguistic	_	ContainsVariation=No	_	_	_	Fast=0-6(0)	_	_
160-7	PST017	160	7	dall'	dall'	_	_	_	_	_	linguistic	_	ContainsVariation=No	SpaceAfter=No	_	_	_	_	_
160-8	PST017	160	8	arabo	arabo	_	_	_	_	_	linguistic	_	ContainsVariation=No	_	End=328.5	_	_	_	_
161-0	PST206	161	0	e	e	_	_	_	_	_	linguistic	_	ContainsVariation=No	_	Begin=328.74	_	_	_	_
161-1	PST206	161	1	quando	quando	_	_	_	_	_	linguistic	_	ContainsVariation=No	_	_	_	_	_	_
161-2	PST206	161	2	mischi.	mischi	_	_	_	_	_	linguistic	_	ContainsVariation=No	Intonation=Falling	_	_	_	_	_
161-3	PST206	161	3	cioè	cioè	_	_	_	_	_	linguistic	_	ContainsVariation=No	_	_	_	_	_	_
161-4	PST206	161	4	quando	quando	_	_	_	_	_	linguistic	_	ContainsVariation=No	_	_	_	_	_	_
161-5	PST206	161	5	ti	ti	_	_	_	_	_	linguistic	_	ContainsVariation=No	_	_	_	_	_	_
161-6	PST206	161	6	succede	succede	_	_	_	_	_	linguistic	_	ContainsVariation=No	_	_	_	_	_	_
161-7	PST206	161	7	di	di	_	_	_	_	_	linguistic	_	ContainsVariation=No	_	_	_	_	_	_
161-8	PST206	161	8	mischiare:	mischiare	_	_	_	_	_	linguistic	_	ContainsVariation=No	_	_	8x1	_	_	_
161-9	PST206	161	9	sia	sia	_	_	_	_	_	linguistic	_	ContainsVariation=No	_	_	_	_	_	_
161-10	PST206	161	10	da	da	_	_	_	_	_	linguistic	_	ContainsVariation=No	_	_	_	_	_	_
161-11	PST206	161	11	sola	sola	_	_	_	_	_	linguistic	_	ContainsVariation=No	_	_	_	_	_	_
161-12	PST206	161	12	o	o	_	_	_	_	_	linguistic	_	ContainsVariation=No	_	_	_	_	_	_
161-13	PST206	161	13	comunque:	comunque	_	_	_	_	_	linguistic	_	ContainsVariation=No	_	_	7x1	_	_	_
161-14	PST206	161	14	con	con	_	_	_	_	_	linguistic	_	ContainsVariation=No	_	_	_	_	_	_
161-15	PST206	161	15	persone	persone	_	_	_	_	_	linguistic	_	ContainsVariation=No	_	_	_	_	_	_
161-16	PST206	161	16	che	che	_	_	_	_	_	linguistic	_	ContainsVariation=No	_	_	_	_	_	_
161-17	PST206	161	17	parlano	parlano	_	_	_	_	_	linguistic	_	ContainsVariation=No	_	_	_	_	_	_
161-18	PST206	161	18	le	le	_	_	_	_	_	linguistic	_	ContainsVariation=No	_	_	_	_	_	_
161-19	PST206	161	19	stesse	stesse	_	_	_	_	_	linguistic	_	ContainsVariation=No	_	_	_	_	_	_
161-20	PST206	161	20	entrambe	entrambe	_	_	_	_	_	linguistic	_	ContainsVariation=No	_	_	_	_	_	_
161-21	PST206	161	21	due	due	_	_	_	_	_	linguistic	_	ContainsVariation=No	_	_	_	_	_	_
161-22	PST206	161	22	lin~	lin~	_	_	_	_	_	linguistic	_	ContainsVariation=No	Interrupted=Yes	_	_	_	_	_
161-23	PST206	161	23	due	due	_	_	_	_	_	linguistic	_	ContainsVariation=No	_	_	_	_	_	_
161-24	PST206	161	24	lingue.	lingue	_	_	_	_	_	linguistic	_	ContainsVariation=No	Intonation=Falling	End=337.39	_	_	_	_
162-0	PST206	162	0	e::h	eh	_	_	_	_	_	linguistic	_	ContainsVariation=No	_	Begin=337.666	0x2	_	_	_
162-1	PST206	162	1	ti	ti	_	_	_	_	_	linguistic	_	ContainsVariation=No	_	_	_	_	_	_
162-2	PST206	162	2	sembra	sembra	_	_	_	_	_	linguistic	_	ContainsVariation=No	_	_	_	_	_	_
162-3	PST206	162	3	di:	di	_	_	_	_	_	linguistic	_	ContainsVariation=No	_	_	1x1	_	_	_
162-4	PST206	162	4	>ti	ti	_	_	_	_	_	linguistic	_	ContainsVariation=No	_	_	_	_	_	_
162-5	PST206	162	5	pare	pare	_	_	_	_	_	linguistic	_	ContainsVariation=No	_	_	_	_	_	_
162-6	PST206	162	6	di	di	_	_	_	_	_	linguistic	_	ContainsVariation=No	_	_	_	_	_	_
162-7	PST206	162	7	utilizzare<	utilizzare	_	_	_	_	_	linguistic	_	ContainsVariation=No	_	_	_	_	_	_
162-8	PST206	162	8	un	un	_	_	_	_	_	linguistic	_	ContainsVariation=No	_	_	_	_	_	_
162-9	PST206	162	9	italiano	italiano	_	_	_	_	_	linguistic	_	ContainsVariation=No	_	_	_	_	_	_
162-10	PST206	162	10	con	con	_	_	_	_	_	linguistic	_	ContainsVariation=No	_	_	_	_	_	_
162-11	PST206	162	11	delle	delle	_	_	_	_	_	linguistic	_	ContainsVariation=No	_	_	_	_	_	_
162-12	PST206	162	12	parole	parole	_	_	_	_	_	linguistic	_	ContainsVariation=No	_	_	_	_	_	_
162-13	PST206	162	13	<in	in	_	_	_	_	_	linguistic	_	ContainsVariation=No	_	_	_	_	_	_
162-14	PST206	162	14	arabo	arabo	_	_	_	_	_	linguistic	_	ContainsVariation=No	_	End=342.05	_	_	_	_
163-0	PST206	163	0	o	o	_	_	_	_	_	linguistic	_	ContainsVariation=No	_	Begin=342.161	_	_	_	_
163-1	PST206	163	1	un	un	_	_	_	_	_	linguistic	_	ContainsVariation=No	_	_	_	_	_	_
163-2	PST206	163	2	arabo	arabo	_	_	_	_	_	linguistic	_	ContainsVariation=No	_	_	_	_	_	_
163-3	PST206	163	3	con	con	_	_	_	_	_	linguistic	_	ContainsVariation=No	_	_	_	_	_	_
163-4	PST206	163	4	delle	delle	_	_	_	_	_	linguistic	_	ContainsVariation=No	_	_	_	_	_	_
163-5	PST206	163	5	parole	parole	_	_	_	_	_	linguistic	_	ContainsVariation=No	_	_	_	_	_	_
163-6	PST206	163	6	in	in	_	_	_	_	_	linguistic	_	ContainsVariation=No	_	_	_	_	_	_
163-7	PST206	163	7	italiano?	italiano	_	_	_	_	_	linguistic	_	ContainsVariation=No	Intonation=Rising	End=344.545	_	_	_	_
164-0	PST017	164	0	e:hm	ehm	_	_	_	_	_	linguistic	_	ContainsVariation=No	PauseAfter=Yes	Begin=345.989	0x1	_	_	_
164-1	PST017	164	1	(.)	(.)	_	_	_	_	_	shortpause	_	ContainsVariation=No	_	_	_	_	_	_
164-2	PST017	164	2	di	di	_	_	_	_	_	linguistic	_	ContainsVariation=No	_	_	_	_	_	_
164-3	PST017	164	3	solito	solito	_	_	_	_	_	linguistic	_	ContainsVariation=No	_	End=348.342	_	_	_	_
165-0	PST017	165	0	ehm,	ehm	_	_	_	_	_	linguistic	_	ContainsVariation=No	Intonation=WeaklyRising	Begin=349.181	_	_	_	_
165-1	PST017	165	1	mi	mi	_	_	_	_	_	linguistic	_	ContainsVariation=No	_	_	_	_	_	_
165-2	PST017	165	2	vengono	vengono	_	_	_	_	_	linguistic	_	ContainsVariation=No	_	_	_	_	_	_
165-3	PST017	165	3	le	le	_	_	_	_	_	linguistic	_	ContainsVariation=No	_	_	_	_	_	_
165-4	PST017	165	4	idee	idee	_	_	_	_	_	linguistic	_	ContainsVariation=No	_	_	_	_	_	_
165-5	PST017	165	5	in	in	_	_	_	_	_	linguistic	_	ContainsVariation=No	_	_	_	_	_	_
165-6	PST017	165	6	arabo	arabo	_	_	_	_	_	linguistic	_	ContainsVariation=No	_	_	_	_	_	_
165-7	PST017	165	7	e	e	_	_	_	_	_	linguistic	_	ContainsVariation=No	_	_	_	_	_	_
165-8	PST017	165	8	poi	poi	_	_	_	_	_	linguistic	_	ContainsVariation=No	_	_	_	_	_	_
165-9	PST017	165	9	le	le	_	_	_	_	_	linguistic	_	ContainsVariation=No	_	_	_	_	_	_
165-10	PST017	165	10	traduco	traduco	_	_	_	_	_	linguistic	_	ContainsVariation=No	_	_	_	_	_	_
165-11	PST017	165	11	in	in	_	_	_	_	_	linguistic	_	ContainsVariation=No	_	_	_	_	_	_
165-12	PST017	165	12	italiano	italiano	_	_	_	_	_	linguistic	_	ContainsVariation=No	_	End=352.575	_	_	_	_
166-0	PST017	166	0	quindi:	quindi	_	_	_	_	_	linguistic	_	ContainsVariation=No	_	Begin=352.803|End=354.045	5x1	_	_	_
167-0	PST206	167	0	è	è	_	_	_	_	_	linguistic	_	ContainsVariation=No	_	Begin=356.67	_	_	_	_
167-1	PST206	167	1	un	un	_	_	_	_	_	linguistic	_	ContainsVariation=No	_	_	_	_	_	_
167-2	PST206	167	2	processo	processo	_	_	_	_	_	linguistic	_	ContainsVariation=No	_	_	_	_	_	_
167-3	PST206	167	3	di	di	_	_	_	_	_	linguistic	_	ContainsVariation=No	_	_	_	_	_	_
167-4	PST206	167	4	traduzio[ne]?	traduzione	_	_	_	_	_	linguistic	_	ContainsVariation=No	Intonation=Rising	End=358.45	_	_	_	8-10(29)
168-0	PST017	168	0	[sì]	sì	_	_	_	_	_	linguistic	_	ContainsVariation=No	_	Begin=358.335	_	_	_	0-2(29)
168-1	PST017	168	1	((ride))	((ride))	_	_	_	_	_	nonverbalbehavior	_	ContainsVariation=No	_	End=358.725	_	_	_	_
169-0	PST206	169	0	ma	ma	_	_	_	_	_	linguistic	_	ContainsVariation=No	_	Begin=358.618	_	_	_	_
169-1	PST206	169	1	quando:~	quando~	_	_	_	_	_	linguistic	_	ContainsVariation=No	Interrupted=Yes	_	5x1	_	_	_
169-2	PST206	169	2	<ad	ad	_	_	_	_	_	linguistic	_	ContainsVariation=No	_	_	_	Slow=0-2(0)	_	_
169-3	PST206	169	3	esempio	esempio	_	_	_	_	_	linguistic	_	ContainsVariation=No	_	_	_	Slow=0-7(0)	_	_
169-4	PST206	169	4	quando	quando	_	_	_	_	_	linguistic	_	ContainsVariation=No	_	_	_	Slow=0-6(0)	_	_
169-5	PST206	169	5	parli	parli	_	_	_	_	_	linguistic	_	ContainsVariation=No	_	_	_	Slow=0-5(0)	_	_
169-6	PST206	169	6	con	con	_	_	_	_	_	linguistic	_	ContainsVariation=No	_	_	_	Slow=0-3(0)	_	_
169-7	PST206	169	7	me>	me	_	_	_	_	_	linguistic	_	ContainsVariation=No	_	_	_	Slow=0-2(0)	_	_
169-8	PST206	169	8	dato	dato	_	_	_	_	_	linguistic	_	ContainsVariation=No	_	_	_	_	_	_
169-9	PST206	169	9	che	che	_	_	_	_	_	linguistic	_	ContainsVariation=No	_	_	_	_	_	_
169-10	PST206	169	10	anche	anche	_	_	_	_	_	linguistic	_	ContainsVariation=No	_	_	_	_	_	_
169-11	PST206	169	11	io	io	_	_	_	_	_	linguistic	_	ContainsVariation=No	_	_	_	_	_	_
169-12	PST206	169	12	parlo:	parlo	_	_	_	_	_	linguistic	_	ContainsVariation=No	_	_	4x1	_	_	_
169-13	PST206	169	13	[sia]	sia	_	_	_	_	_	linguistic	_	ContainsVariation=No	_	_	_	_	_	0-3(31)
169-14	PST206	169	14	l'	l'	_	_	_	_	_	linguistic	_	ContainsVariation=No	SpaceAfter=No	_	_	_	_	_
169-15	PST206	169	15	italiano	italiano	_	_	_	_	_	linguistic	_	ContainsVariation=No	_	_	_	_	_	_
169-16	PST206	169	16	che	che	_	_	_	_	_	linguistic	_	ContainsVariation=No	_	_	_	_	_	_
169-17	PST206	169	17	l'	l'	_	_	_	_	_	linguistic	_	ContainsVariation=No	SpaceAfter=No	_	_	_	_	_
169-18	PST206	169	18	arabo	arabo	_	_	_	_	_	linguistic	_	ContainsVariation=No	_	End=363.308	_	_	_	_
170-0	PST017	170	0	[sì]	sì	_	_	_	_	_	linguistic	_	ContainsVariation=No	_	Begin=362.297|End=362.782	_	_	_	0-2(31)
171-0	PST206	171	0	secondo	secondo	_	_	_	_	_	linguistic	_	ContainsVariation=No	_	Begin=363.595	_	_	_	_
171-1	PST206	171	1	te	te	_	_	_	_	_	linguistic	_	ContainsVariation=No	_	_	_	_	_	_
171-2	PST206	171	2	parli	parli	_	_	_	_	_	linguistic	_	ContainsVariation=No	_	_	_	_	_	_
171-3	PST206	171	3	di	di	_	_	_	_	_	linguistic	_	ContainsVariation=No	_	_	_	_	_	_
171-4	PST206	171	4	più	più	_	_	_	_	_	linguistic	_	ContainsVariation=No	_	_	_	_	_	_
171-5	PST206	171	5	l'	l'	_	_	_	_	_	linguistic	_	ContainsVariation=No	SpaceAfter=No	_	_	_	_	_
171-6	PST206	171	6	italiano	italiano	_	_	_	_	_	linguistic	_	ContainsVariation=No	_	_	_	_	_	_
171-7	PST206	171	7	[o	o	_	_	_	_	_	linguistic	_	ContainsVariation=No	_	_	_	_	_	0-1(32)
171-8	PST206	171	8	parli	parli	_	_	_	_	_	linguistic	_	ContainsVariation=No	_	_	_	_	_	0-5(32)
171-9	PST206	171	9	di	di	_	_	_	_	_	linguistic	_	ContainsVariation=No	_	_	_	_	_	0-2(32)
171-10	PST206	171	10	più	più	_	_	_	_	_	linguistic	_	ContainsVariation=No	_	_	_	_	_	0-3(32)
171-11	PST206	171	11	l'	l'	_	_	_	_	_	linguistic	_	ContainsVariation=No	SpaceAfter=No	_	_	_	_	0-2(32)
171-12	PST206	171	12	arabo?	arabo	_	_	_	_	_	linguistic	_	ContainsVariation=No	Intonation=Rising|PauseAfter=Yes	_	_	_	_	0-5(32)
171-13	PST206	171	13	(.)]	(.)	_	_	_	_	_	shortpause	_	ContainsVariation=No	_	_	_	_	_	X(32)
171-14	PST206	171	14	l'	l'	_	_	_	_	_	linguistic	_	ContainsVariation=No	SpaceAfter=No	_	_	_	_	_
171-15	PST206	171	15	arabo	arabo	_	_	_	_	_	linguistic	_	ContainsVariation=No	_	End=367.464	_	_	_	_
172-0	PST017	172	0	[l'	l'	_	_	_	_	_	linguistic	_	ContainsVariation=No	SpaceAfter=No	Begin=365.363	_	_	_	0-2(32)
172-1	PST017	172	1	arabo	arabo	_	_	_	_	_	linguistic	_	ContainsVariation=No	PauseAfter=Yes	_	_	_	_	0-5(32)
172-2	PST017	172	2	(.)	(.)	_	_	_	_	_	shortpause	_	ContainsVariation=No	_	_	_	_	_	X(32)
172-3	PST017	172	3	l'	l'	_	_	_	_	_	linguistic	_	ContainsVariation=No	SpaceAfter=No	_	_	_	_	0-2(32)
172-4	PST017	172	4	arabo]	arabo	_	_	_	_	_	linguistic	_	ContainsVariation=No	_	End=366.747	_	_	_	0-4(32)
173-0	PST206	173	0	e:hm	ehm	_	_	_	_	_	linguistic	_	ContainsVariation=No	_	Begin=368.757	0x1	_	_	_
173-1	PST206	173	1	quante	quante	_	_	_	_	_	linguistic	_	ContainsVariation=No	_	_	_	_	_	_
173-2	PST206	173	2	volte	volte	_	_	_	_	_	linguistic	_	ContainsVariation=No	_	_	_	_	_	_
173-3	PST206	173	3	vai	vai	_	_	_	_	_	linguistic	_	ContainsVariation=No	_	_	_	_	_	_
173-4	PST206	173	4	nel	nel	_	_	_	_	_	linguistic	_	ContainsVariation=No	_	_	_	_	_	_
173-5	PST206	173	5	tuo	tuo	_	_	_	_	_	linguistic	_	ContainsVariation=No	_	_	_	_	_	_
173-6	PST206	173	6	paese	paese	_	_	_	_	_	linguistic	_	ContainsVariation=No	_	_	_	_	_	_
173-7	PST206	173	7	di	di	_	_	_	_	_	linguistic	_	ContainsVariation=No	_	_	_	_	_	_
173-8	PST206	173	8	origine?	origine	_	_	_	_	_	linguistic	_	ContainsVariation=No	Intonation=Rising	End=371.696	_	_	_	_
174-0	PST017	174	0	ogni	ogni	_	_	_	_	_	linguistic	_	ContainsVariation=No	_	Begin=372.666	_	_	_	_
174-1	PST017	174	1	anno	anno	_	_	_	_	_	linguistic	_	ContainsVariation=No	_	End=373.494	_	_	_	_
175-0	PST017	175	0	ad	ad	_	_	_	_	_	linguistic	_	ContainsVariation=No	_	Begin=373.787	_	_	_	_
175-1	PST017	175	1	ag[osto:]	agosto	_	_	_	_	_	linguistic	_	ContainsVariation=No	_	End=374.827	5x1	_	_	2-6(33)
176-0	PST206	176	0	[è	è	_	_	_	_	_	linguistic	_	ContainsVariation=No	_	Begin=374.585	_	_	_	0-1(33)
176-1	PST206	176	1	sempre]	sempre	_	_	_	_	_	linguistic	_	ContainsVariation=No	_	_	_	_	_	0-6(33)
176-2	PST206	176	2	stato	stato	_	_	_	_	_	linguistic	_	ContainsVariation=No	_	_	_	_	_	_
176-3	PST206	176	3	così?	così	_	_	_	_	_	linguistic	_	ContainsVariation=No	Intonation=Rising	End=375.908	_	_	_	_
177-0	PST017	177	0	sì.	sì	_	_	_	_	_	linguistic	_	ContainsVariation=No	Intonation=Falling	Begin=376.292	_	_	_	_
177-1	PST017	177	1	sempre	sempre	_	_	_	_	_	linguistic	_	ContainsVariation=No	_	_	_	_	_	_
177-2	PST017	177	2	così.	così	_	_	_	_	_	linguistic	_	ContainsVariation=No	Intonation=Falling	_	_	_	_	_
177-3	PST017	177	3	ah	ah	_	_	_	_	_	linguistic	_	ContainsVariation=No	_	_	_	_	_	_
177-4	PST017	177	4	no	no	_	_	_	_	_	linguistic	_	ContainsVariation=No	_	End=378.645	_	_	_	_
178-0	PST017	178	0	e::h	eh	_	_	_	_	_	linguistic	_	ContainsVariation=No	_	Begin=378.867	0x2	_	_	_
178-1	PST017	178	1	anni	anni	_	_	_	_	_	linguistic	_	ContainsVariation=No	_	_	_	_	_	_
178-2	PST017	178	2	fa	fa	_	_	_	_	_	linguistic	_	ContainsVariation=No	_	_	_	_	_	_
178-3	PST017	178	3	andavo	andavo	_	_	_	_	_	linguistic	_	ContainsVariation=No	_	_	_	_	_	_
178-4	PST017	178	4	anche	anche	_	_	_	_	_	linguistic	_	ContainsVariation=No	_	_	_	_	_	_
178-5	PST017	178	5	a:	a	_	_	_	_	_	linguistic	_	ContainsVariation=No	_	End=381.292	0x1	_	_	_
179-0	PST017	179	0	nelle	nelle	_	_	_	_	_	linguistic	_	ContainsVariation=No	_	Begin=381.418	_	_	_	_
179-1	PST017	179	1	vacanze	vacanze	_	_	_	_	_	linguistic	_	ContainsVariation=No	_	_	_	_	_	_
179-2	PST017	179	2	di	di	_	_	_	_	_	linguistic	_	ContainsVariation=No	_	_	_	_	_	_
179-3	PST017	179	3	natale	natale	_	_	_	_	_	linguistic	_	ContainsVariation=No	_	End=382.791	_	_	_	_
180-0	PST017	180	0	passavo:	passavo	_	_	_	_	_	linguistic	_	ContainsVariation=No	_	Begin=383.726	6x1	_	_	_
180-1	PST017	180	1	le	le	_	_	_	_	_	linguistic	_	ContainsVariation=No	_	_	_	_	_	_
180-2	PST017	180	2	le	le	_	_	_	_	_	linguistic	_	ContainsVariation=No	_	_	_	_	_	_
180-3	PST017	180	3	a	a	_	_	_	_	_	linguistic	_	ContainsVariation=No	_	_	_	_	_	_
180-4	PST017	180	4	nat~	nat~	_	_	_	_	_	linguistic	_	ContainsVariation=No	Interrupted=Yes	_	_	_	_	_
180-5	PST017	180	5	((tossisce))	((tossisce))	_	_	_	_	_	nonverbalbehavior	_	ContainsVariation=No	_	_	_	_	_	_
180-6	PST017	180	6	capodanno:	capodanno	_	_	_	_	_	linguistic	_	ContainsVariation=No	_	_	8x1	_	_	_
180-7	PST017	180	7	in	in	_	_	_	_	_	linguistic	_	ContainsVariation=No	_	_	_	_	_	_
180-8	PST017	180	8	marocco	marocco	_	_	_	_	_	linguistic	_	ContainsVariation=No	_	End=387.665	_	_	_	_
181-0	PST017	181	0	oppure,	oppure	_	_	_	_	_	linguistic	_	ContainsVariation=No	Intonation=WeaklyRising	Begin=388.034	_	_	_	_
181-1	PST017	181	1	ultimamente	ultimamente	_	_	_	_	_	linguistic	_	ContainsVariation=No	_	_	_	_	_	_
181-2	PST017	181	2	vado	vado	_	_	_	_	_	linguistic	_	ContainsVariation=No	_	_	_	_	_	_
181-3	PST017	181	3	solo	solo	_	_	_	_	_	linguistic	_	ContainsVariation=No	_	_	_	_	_	_
181-4	PST017	181	4	ad	ad	_	_	_	_	_	linguistic	_	ContainsVariation=No	_	_	_	_	_	_
181-5	PST017	181	5	agosto	agosto	_	_	_	_	_	linguistic	_	ContainsVariation=No	_	End=390.418	_	_	_	_
182-0	PST017	182	0	passare	passare	_	_	_	_	_	linguistic	_	ContainsVariation=No	_	Begin=390.83	_	_	_	_
182-1	PST017	182	1	l'	l'	_	_	_	_	_	linguistic	_	ContainsVariation=No	SpaceAfter=No	_	_	_	_	_
182-2	PST017	182	2	estate,	estate	_	_	_	_	_	linguistic	_	ContainsVariation=No	Intonation=WeaklyRising	_	_	_	_	_
182-3	PST017	182	3	vedere	vedere	_	_	_	_	_	linguistic	_	ContainsVariation=No	_	_	_	_	_	_
182-4	PST017	182	4	i	i	_	_	_	_	_	linguistic	_	ContainsVariation=No	_	_	_	_	_	_
182-5	PST017	182	5	miei	miei	_	_	_	_	_	linguistic	_	ContainsVariation=No	_	_	_	_	_	_
182-6	PST017	182	6	parenti,	parenti	_	_	_	_	_	linguistic	_	ContainsVariation=No	Intonation=WeaklyRising	_	_	_	_	_
182-7	PST017	182	7	eccetera	eccetera	_	_	_	_	_	linguistic	_	ContainsVariation=No	_	End=393.21	_	_	_	_
183-0	PST206	183	0	durante	durante	_	_	_	_	_	linguistic	_	ContainsVariation=No	_	Begin=393.555	_	_	_	_
183-1	PST206	183	1	solo	solo	_	_	_	_	_	linguistic	_	ContainsVariation=No	_	_	_	_	_	_
183-2	PST206	183	2	il	il	_	_	_	_	_	linguistic	_	ContainsVariation=No	_	_	_	_	_	_
183-3	PST206	183	3	mese	mese	_	_	_	_	_	linguistic	_	ContainsVariation=No	_	_	_	_	_	_
183-4	PST206	183	4	di	di	_	_	_	_	_	linguistic	_	ContainsVariation=No	_	_	_	_	_	_
183-5	PST206	183	5	agosto	agosto	_	_	_	_	_	linguistic	_	ContainsVariation=No	_	End=395.245	_	_	_	_
184-0	PST017	184	0	sì.	sì	_	_	_	_	_	linguistic	_	ContainsVariation=No	Intonation=Falling	Begin=395.305	_	_	_	_
184-1	PST017	184	1	solo	solo	_	_	_	_	_	linguistic	_	ContainsVariation=No	_	_	_	_	_	_
184-2	PST017	184	2	per	per	_	_	_	_	_	linguistic	_	ContainsVariation=No	_	_	_	_	_	_
184-3	PST017	184	3	un	un	_	_	_	_	_	linguistic	_	ContainsVariation=No	_	_	_	_	_	_
184-4	PST017	184	4	mese	mese	_	_	_	_	_	linguistic	_	ContainsVariation=No	_	End=396.815	_	_	_	_
185-0	PST206	185	0	ti	ti	_	_	_	_	_	linguistic	_	ContainsVariation=No	_	Begin=397.32	_	_	_	_
185-1	PST206	185	1	senti	senti	_	_	_	_	_	linguistic	_	ContainsVariation=No	_	_	_	_	_	_
185-2	PST206	185	2	più	più	_	_	_	_	_	linguistic	_	ContainsVariation=No	_	_	_	_	_	_
185-3	PST206	185	3	italiana	italiana	_	_	_	_	_	linguistic	_	ContainsVariation=No	_	_	_	_	_	_
185-4	PST206	185	4	o	o	_	_	_	_	_	linguistic	_	ContainsVariation=No	_	_	_	_	_	_
185-5	PST206	185	5	più	più	_	_	_	_	_	linguistic	_	ContainsVariation=No	_	_	_	_	_	_
185-6	PST206	185	6	araba?	araba	_	_	_	_	_	linguistic	_	ContainsVariation=No	Intonation=Rising	End=399.18	_	_	_	_
186-0	PST017	186	0	araba	araba	_	_	_	_	_	linguistic	_	ContainsVariation=No	_	Begin=399.395|End=400.075	_	_	_	_
187-0	PST206	187	0	e:::hm:	ehm	_	_	_	_	_	linguistic	_	ContainsVariation=No	_	Begin=401.16	0x3,2x1	_	_	_
187-1	PST206	187	1	non	non	_	_	_	_	_	linguistic	_	ContainsVariation=No	_	_	_	_	_	_
187-2	PST206	187	2	ti	ti	_	_	_	_	_	linguistic	_	ContainsVariation=No	_	_	_	_	_	_
187-3	PST206	187	3	sei	sei	_	_	_	_	_	linguistic	_	ContainsVariation=No	_	_	_	_	_	_
187-4	PST206	187	4	mai	mai	_	_	_	_	_	linguistic	_	ContainsVariation=No	_	_	_	_	_	_
187-5	PST206	187	5	sentita	sentita	_	_	_	_	_	linguistic	_	ContainsVariation=No	_	_	_	_	_	_
187-6	PST206	187	6	un:	un	_	_	_	_	_	linguistic	_	ContainsVariation=No	_	_	1x1	_	_	_
187-7	PST206	187	7	un'	un'	_	_	_	_	_	linguistic	_	ContainsVariation=No	SpaceAfter=No	_	_	_	_	_
187-8	PST206	187	8	italiana	italiana	_	_	_	_	_	linguistic	_	ContainsVariation=No	_	_	_	_	_	_
187-9	PST206	187	9	di	di	_	_	_	_	_	linguistic	_	ContainsVariation=No	_	_	_	_	_	_
187-10	PST206	187	10	origine	origine	_	_	_	_	_	linguistic	_	ContainsVariation=No	_	_	_	_	_	_
187-11	PST206	187	11	araba?	araba	_	_	_	_	_	linguistic	_	ContainsVariation=No	Intonation=Rising	End=405.8	_	_	_	_
188-0	PST017	188	0	((sospira))	((sospira))	_	_	_	_	_	nonverbalbehavior	_	ContainsVariation=No	_	Begin=406.705	_	_	_	_
188-1	PST017	188	1	ehm	ehm	_	_	_	_	_	linguistic	_	ContainsVariation=No	_	End=407.925	_	_	_	_
189-0	PST017	189	0	m:::h	mh	_	_	_	_	_	linguistic	_	ContainsVariation=No	_	Begin=409.48	0x3	_	_	_
189-1	PST017	189	1	non	non	_	_	_	_	_	linguistic	_	ContainsVariation=No	_	_	_	_	_	_
189-2	PST017	189	2	qui	qui	_	_	_	_	_	linguistic	_	ContainsVariation=No	_	_	_	_	_	_
189-3	PST017	189	3	in	in	_	_	_	_	_	linguistic	_	ContainsVariation=No	_	_	_	_	_	_
189-4	PST017	189	4	italia.	italia	_	_	_	_	_	linguistic	_	ContainsVariation=No	Intonation=Falling	_	_	_	_	_
189-5	PST017	189	5	magari	magari	_	_	_	_	_	linguistic	_	ContainsVariation=No	_	_	_	_	_	_
189-6	PST017	189	6	in	in	_	_	_	_	_	linguistic	_	ContainsVariation=No	_	_	_	_	_	_
189-7	PST017	189	7	marocco	marocco	_	_	_	_	_	linguistic	_	ContainsVariation=No	_	End=412.81	_	_	_	_
190-0	PST017	190	0	[quando	quando	_	_	_	_	_	linguistic	_	ContainsVariation=No	_	Begin=413.5	_	_	_	0-6(36)
190-1	PST017	190	1	sono:~	sono~	_	_	_	_	_	linguistic	_	ContainsVariation=No	Interrupted=Yes	_	3x1	_	_	0-5(36)
190-2	PST017	190	2	quando	quando	_	_	_	_	_	linguistic	_	ContainsVariation=No	_	_	_	_	_	0-6(36)
190-3	PST017	190	3	vado]	vado	_	_	_	_	_	linguistic	_	ContainsVariation=No	_	_	_	_	_	0-4(36)
190-4	PST017	190	4	in	in	_	_	_	_	_	linguistic	_	ContainsVariation=No	_	_	_	_	_	_
190-5	PST017	190	5	marocco	marocco	_	_	_	_	_	linguistic	_	ContainsVariation=No	_	_	_	_	_	_
190-6	PST017	190	6	mi	mi	_	_	_	_	_	linguistic	_	ContainsVariation=No	_	_	_	_	_	_
190-7	PST017	190	7	sento	sento	_	_	_	_	_	linguistic	_	ContainsVariation=No	_	_	_	_	_	_
190-8	PST017	190	8	più	più	_	_	_	_	_	linguistic	_	ContainsVariation=No	_	_	_	_	_	_
190-9	PST017	190	9	italiana,	italiana	_	_	_	_	_	linguistic	_	ContainsVariation=No	Intonation=WeaklyRising	_	_	_	_	_
190-10	PST017	190	10	che	che	_	_	_	_	_	linguistic	_	ContainsVariation=No	_	_	_	_	_	_
190-11	PST017	190	11	araba	araba	_	_	_	_	_	linguistic	_	ContainsVariation=No	_	End=418.26	_	_	_	_
191-0	PST206	191	0	[quando	quando	_	_	_	_	_	linguistic	_	ContainsVariation=No	_	Begin=413.545	_	_	_	0-6(36)
191-1	PST206	191	1	vai	vai	_	_	_	_	_	linguistic	_	ContainsVariation=No	_	_	_	_	_	0-3(36)
191-2	PST206	191	2	in	in	_	_	_	_	_	linguistic	_	ContainsVariation=No	_	_	_	_	_	0-2(36)
191-3	PST206	191	3	marocco]	marocco	_	_	_	_	_	linguistic	_	ContainsVariation=No	_	End=414.795	_	_	_	0-7(36)
192-0	PST017	192	0	perché::	perché	_	_	_	_	_	linguistic	_	ContainsVariation=No	_	Begin=418.59|End=419.96	5x2	_	_	_
193-0	PST017	193	0	nel	nel	_	_	_	_	_	linguistic	_	ContainsVariation=No	_	Begin=421.33	_	_	_	_
193-1	PST017	193	1	senso	senso	_	_	_	_	_	linguistic	_	ContainsVariation=No	ProsodicLink=Yes	_	_	_	_	_
193-2	PST017	193	2	anche	anche	_	_	_	_	_	linguistic	_	ContainsVariation=No	_	_	_	_	_	_
193-3	PST017	193	3	come	come	_	_	_	_	_	linguistic	_	ContainsVariation=No	_	_	_	_	_	_
193-4	PST017	193	4	si	si	_	_	_	_	_	linguistic	_	ContainsVariation=No	_	_	_	_	_	_
193-5	PST017	193	5	comportano	comportano	_	_	_	_	_	linguistic	_	ContainsVariation=No	_	_	_	_	_	_
193-6	PST017	193	6	lì	lì	_	_	_	_	_	linguistic	_	ContainsVariation=No	_	_	_	_	_	_
193-7	PST017	193	7	la	la	_	_	_	_	_	linguistic	_	ContainsVariation=No	_	_	_	_	_	_
193-8	PST017	193	8	gente	gente	_	_	_	_	_	linguistic	_	ContainsVariation=No	_	_	_	_	_	_
193-9	PST017	193	9	con	con	_	_	_	_	_	linguistic	_	ContainsVariation=No	_	_	_	_	_	_
193-10	PST017	193	10	me	me	_	_	_	_	_	linguistic	_	ContainsVariation=No	_	_	_	_	_	_
193-11	PST017	193	11	mi	mi	_	_	_	_	_	linguistic	_	ContainsVariation=No	_	_	_	_	_	_
193-12	PST017	193	12	sento	sento	_	_	_	_	_	linguistic	_	ContainsVariation=No	_	End=424.41	_	_	_	_
194-0	PST017	194	0	nel	nel	_	_	_	_	_	linguistic	_	ContainsVariation=No	_	Begin=424.595	_	_	_	_
194-1	PST017	194	1	senso	senso	_	_	_	_	_	linguistic	_	ContainsVariation=No	_	_	_	_	_	_
194-2	PST017	194	2	non	non	_	_	_	_	_	linguistic	_	ContainsVariation=No	_	_	_	_	_	_
194-3	PST017	194	3	italiana	italiana	_	_	_	_	_	linguistic	_	ContainsVariation=No	_	_	_	_	_	_
194-4	PST017	194	4	però::	però	_	_	_	_	_	linguistic	_	ContainsVariation=No	_	End=426.775	3x2	_	_	_
195-0	PST017	195	0	che::	che	_	_	_	_	_	linguistic	_	ContainsVariation=No	_	Begin=427.74|End=428.58	2x2	_	_	_
196-0	PST017	196	0	mi	mi	_	_	_	_	_	linguistic	_	ContainsVariation=No	_	Begin=429.74	_	_	_	_
196-1	PST017	196	1	sento	sento	_	_	_	_	_	linguistic	_	ContainsVariation=No	_	_	_	_	_	_
196-2	PST017	196	2	più	più	_	_	_	_	_	linguistic	_	ContainsVariation=No	_	_	_	_	_	_
196-3	PST017	196	3	italiana	italiana	_	_	_	_	_	linguistic	_	ContainsVariation=No	_	_	_	_	_	_
196-4	PST017	196	4	che	che	_	_	_	_	_	linguistic	_	ContainsVariation=No	_	_	_	_	_	_
196-5	PST017	196	5	[araba]	araba	_	_	_	_	_	linguistic	_	ContainsVariation=No	_	_	_	_	_	0-5(37)
196-6	PST017	196	6	((ride))	((ride))	_	_	_	_	_	nonverbalbehavior	_	ContainsVariation=No	_	End=432.34	_	_	_	_
197-0	PST206	197	0	[°xx°]	xx	_	_	_	_	_	unknown	_	ContainsVariation=No	Volume=low|Syllables=2	Begin=431.065|End=431.535	_	_	_	0-2(37)
198-0	PST206	198	0	okay	okay	_	_	_	_	_	linguistic	_	ContainsVariation=No	_	Begin=432.585	_	_	_	_
198-1	PST206	198	1	((ride))	((ride))	_	_	_	_	_	nonverbalbehavior	_	ContainsVariation=No	_	End=433.525	_	_	_	_
199-0	PST206	199	0	perché	perché	_	_	_	_	_	linguistic	_	ContainsVariation=No	_	Begin=433.93	_	_	_	_
199-1	PST206	199	1	magari:	magari	_	_	_	_	_	linguistic	_	ContainsVariation=No	_	_	5x1	_	_	_
199-2	PST206	199	2	ti	ti	_	_	_	_	_	linguistic	_	ContainsVariation=No	_	_	_	_	_	_
199-3	PST206	199	3	trattano	trattano	_	_	_	_	_	linguistic	_	ContainsVariation=No	_	_	_	_	_	_
199-4	PST206	199	4	come	come	_	_	_	_	_	linguistic	_	ContainsVariation=No	_	_	_	_	_	_
199-5	PST206	199	5	una	una	_	_	_	_	_	linguistic	_	ContainsVariation=No	_	_	_	_	_	_
199-6	PST206	199	6	[persona]	persona	_	_	_	_	_	linguistic	_	ContainsVariation=No	_	_	_	_	_	0-7(38)
199-7	PST206	199	7	che	che	_	_	_	_	_	linguistic	_	ContainsVariation=No	_	_	_	_	_	_
199-8	PST206	199	8	ha	ha	_	_	_	_	_	linguistic	_	ContainsVariation=No	_	_	_	_	_	_
199-9	PST206	199	9	vissuto	vissuto	_	_	_	_	_	linguistic	_	ContainsVariation=No	_	_	_	_	_	_
199-10	PST206	199	10	tutto	tutto	_	_	_	_	_	linguistic	_	ContainsVariation=No	_	_	_	_	_	_
199-11	PST206	199	11	il	il	_	_	_	_	_	linguistic	_	ContainsVariation=No	_	_	_	_	_	_
199-12	PST206	199	12	tempo	tempo	_	_	_	_	_	linguistic	_	ContainsVariation=No	_	_	_	_	_	_
199-13	PST206	199	13	[in	in	_	_	_	_	_	linguistic	_	ContainsVariation=No	_	_	_	_	_	0-2(39)
199-14	PST206	199	14	italia]	italia	_	_	_	_	_	linguistic	_	ContainsVariation=No	_	End=438.71	_	_	_	0-6(39)
200-0	PST017	200	0	[sì]	sì	_	_	_	_	_	linguistic	_	ContainsVariation=No	_	Begin=436.545|End=436.795	_	_	_	0-2(38)
201-0	PST017	201	0	[esatto]	esatto	_	_	_	_	_	linguistic	_	ContainsVariation=No	_	Begin=438.345|End=439.145	_	_	_	0-6(39)
202-0	PST206	202	0	okay	okay	_	_	_	_	_	linguistic	_	ContainsVariation=No	_	Begin=440.01	_	_	_	_
202-1	PST206	202	1	hai	hai	_	_	_	_	_	linguistic	_	ContainsVariation=No	_	_	_	_	_	_
202-2	PST206	202	2	fratelli?	fratelli	_	_	_	_	_	linguistic	_	ContainsVariation=No	Intonation=Rising	_	_	_	_	_
202-3	PST206	202	3	°[hai	hai	_	_	_	_	_	linguistic	_	ContainsVariation=No	Volume=low	_	_	_	_	0-3(40)
202-4	PST206	202	4	detto	detto	_	_	_	_	_	linguistic	_	ContainsVariation=No	Volume=low	_	_	_	_	0-5(40)
202-5	PST206	202	5	che	che	_	_	_	_	_	linguistic	_	ContainsVariation=No	Volume=low	_	_	_	_	0-3(40)
202-6	PST206	202	6	hai	hai	_	_	_	_	_	linguistic	_	ContainsVariation=No	Volume=low	_	_	_	_	0-3(40)
202-7	PST206	202	7	un	un	_	_	_	_	_	linguistic	_	ContainsVariation=No	Volume=low	_	_	_	_	0-2(40)
202-8	PST206	202	8	fratello]°	fratello	_	_	_	_	_	linguistic	_	ContainsVariation=No	Volume=low	End=442.69	_	_	_	0-8(40)
203-0	PST017	203	0	[ho	ho	_	_	_	_	_	linguistic	_	ContainsVariation=No	_	Begin=441.42	_	_	_	0-2(40)
203-1	PST017	203	1	solo	solo	_	_	_	_	_	linguistic	_	ContainsVariation=No	_	_	_	_	_	0-4(40)
203-2	PST017	203	2	un	un	_	_	_	_	_	linguistic	_	ContainsVariation=No	_	_	_	_	_	0-2(40)
203-3	PST017	203	3	fratello],	fratello	_	_	_	_	_	linguistic	_	ContainsVariation=No	Intonation=WeaklyRising	_	_	_	_	0-8(40)
203-4	PST017	203	4	più	più	_	_	_	_	_	linguistic	_	ContainsVariation=No	_	_	_	_	_	_
203-5	PST017	203	5	grande	grande	_	_	_	_	_	linguistic	_	ContainsVariation=No	_	_	_	_	_	_
203-6	PST017	203	6	di	di	_	_	_	_	_	linguistic	_	ContainsVariation=No	_	_	_	_	_	_
203-7	PST017	203	7	me,	me	_	_	_	_	_	linguistic	_	ContainsVariation=No	Intonation=WeaklyRising	_	_	_	_	_
203-8	PST017	203	8	ventisei	ventisei	_	_	_	_	_	linguistic	_	ContainsVariation=No	_	_	_	_	_	_
203-9	PST017	203	9	anni	anni	_	_	_	_	_	linguistic	_	ContainsVariation=No	_	End=444.5	_	_	_	_
204-0	PST206	204	0	cosa	cosa	_	_	_	_	_	linguistic	_	ContainsVariation=No	_	Begin=444.815	_	_	_	_
204-1	PST206	204	1	fa?	fa	_	_	_	_	_	linguistic	_	ContainsVariation=No	Intonation=Rising	End=445.435	_	_	_	_
205-0	PST017	205	0	e::h	eh	_	_	_	_	_	linguistic	_	ContainsVariation=No	_	Begin=445.64	0x2	_	_	_
205-1	PST017	205	1	lavora	lavora	_	_	_	_	_	linguistic	_	ContainsVariation=No	_	_	_	_	_	_
205-2	PST017	205	2	fa	fa	_	_	_	_	_	linguistic	_	ContainsVariation=No	_	_	_	_	_	_
205-3	PST017	205	3	l'	l'	_	_	_	_	_	linguistic	_	ContainsVariation=No	SpaceAfter=No	_	_	_	_	_
205-4	PST017	205	4	operaio	operaio	_	_	_	_	_	linguistic	_	ContainsVariation=No	_	End=447.31	_	_	_	_
206-0	PST206	206	0	okay	okay	_	_	_	_	_	linguistic	_	ContainsVariation=No	_	Begin=447.49|End=448.36	_	_	_	_
207-0	PST206	207	0	e::h	eh	_	_	_	_	_	linguistic	_	ContainsVariation=No	_	Begin=448.48	0x2	_	_	_
207-1	PST206	207	1	quale	quale	_	_	_	_	_	linguistic	_	ContainsVariation=No	_	_	_	_	_	_
207-2	PST206	207	2	lingua	lingua	_	_	_	_	_	linguistic	_	ContainsVariation=No	_	_	_	_	_	_
207-3	PST206	207	3	o	o	_	_	_	_	_	linguistic	_	ContainsVariation=No	_	_	_	_	_	_
207-4	PST206	207	4	dialetti	dialetti	_	_	_	_	_	linguistic	_	ContainsVariation=No	_	_	_	_	_	_
207-5	PST206	207	5	si	si	_	_	_	_	_	linguistic	_	ContainsVariation=No	_	_	_	_	_	_
207-6	PST206	207	6	parlano	parlano	_	_	_	_	_	linguistic	_	ContainsVariation=No	_	_	_	_	_	_
207-7	PST206	207	7	di	di	_	_	_	_	_	linguistic	_	ContainsVariation=No	_	_	_	_	_	_
207-8	PST206	207	8	solito	solito	_	_	_	_	_	linguistic	_	ContainsVariation=No	_	_	_	_	_	_
207-9	PST206	207	9	nella	nella	_	_	_	_	_	linguistic	_	ContainsVariation=No	_	_	_	_	_	_
207-10	PST206	207	10	tua	tua	_	_	_	_	_	linguistic	_	ContainsVariation=No	_	_	_	_	_	_
207-11	PST206	207	11	famiglia?	famiglia	_	_	_	_	_	linguistic	_	ContainsVariation=No	Intonation=Rising	End=452.18	_	_	_	_
208-0	PST017	208	0	e:::hm	ehm	_	_	_	_	_	linguistic	_	ContainsVariation=No	_	Begin=453.24	0x3	_	_	_
208-1	PST017	208	1	arabo	arabo	_	_	_	_	_	linguistic	_	ContainsVariation=No	_	End=455.11	_	_	_	_
209-0	PST017	209	0	soprattutto	soprattutto	_	_	_	_	_	linguistic	_	ContainsVariation=No	_	Begin=455.49	_	_	_	_
209-1	PST017	209	1	con	con	_	_	_	_	_	linguistic	_	ContainsVariation=No	_	_	_	_	_	_
209-2	PST017	209	2	mia	mia	_	_	_	_	_	linguistic	_	ContainsVariation=No	_	_	_	_	_	_
209-3	PST017	209	3	mamma	mamma	_	_	_	_	_	linguistic	_	ContainsVariation=No	_	_	_	_	_	_
209-4	PST017	209	4	che	che	_	_	_	_	_	linguistic	_	ContainsVariation=No	_	_	_	_	_	_
209-5	PST017	209	5	non	non	_	_	_	_	_	linguistic	_	ContainsVariation=No	_	_	_	_	_	_
209-6	PST017	209	6	capisce	capisce	_	_	_	_	_	linguistic	_	ContainsVariation=No	_	_	_	_	_	_
209-7	PST017	209	7	l'	l'	_	_	_	_	_	linguistic	_	ContainsVariation=No	SpaceAfter=No	_	_	_	_	_
209-8	PST017	209	8	italiano.	italiano	_	_	_	_	_	linguistic	_	ContainsVariation=No	Intonation=Falling	_	_	_	_	_
209-9	PST017	209	9	parlo	parlo	_	_	_	_	_	linguistic	_	ContainsVariation=No	_	_	_	_	_	_
209-10	PST017	209	10	con	con	_	_	_	_	_	linguistic	_	ContainsVariation=No	_	_	_	_	_	_
209-11	PST017	209	11	lei	lei	_	_	_	_	_	linguistic	_	ContainsVariation=No	_	_	_	_	_	_
209-12	PST017	209	12	solo	solo	_	_	_	_	_	linguistic	_	ContainsVariation=No	_	_	_	_	_	_
209-13	PST017	209	13	in	in	_	_	_	_	_	linguistic	_	ContainsVariation=No	_	_	_	_	_	_
209-14	PST017	209	14	arabo	arabo	_	_	_	_	_	linguistic	_	ContainsVariation=No	_	End=458.9	_	_	_	_
210-0	PST017	210	0	poi::	poi	_	_	_	_	_	linguistic	_	ContainsVariation=No	_	Begin=459.27	2x2	_	_	_
210-1	PST017	210	1	e:	e	_	_	_	_	_	linguistic	_	ContainsVariation=No	_	_	0x1	_	_	_
210-2	PST017	210	2	con	con	_	_	_	_	_	linguistic	_	ContainsVariation=No	_	_	_	_	_	_
210-3	PST017	210	3	mio	mio	_	_	_	_	_	linguistic	_	ContainsVariation=No	_	_	_	_	_	_
210-4	PST017	210	4	fratello,	fratello	_	_	_	_	_	linguistic	_	ContainsVariation=No	Intonation=WeaklyRising	_	_	_	_	_
210-5	PST017	210	5	mischiato.	mischiato	_	_	_	_	_	linguistic	_	ContainsVariation=No	Intonation=Falling	End=462.22	_	_	_	_
211-0	PST017	211	0	[l'	l'	_	_	_	_	_	linguistic	_	ContainsVariation=No	SpaceAfter=No	Begin=462.96	_	_	_	0-2(44)
211-1	PST017	211	1	italiano,	italiano	_	_	_	_	_	linguistic	_	ContainsVariation=No	Intonation=WeaklyRising	_	_	_	_	0-8(44)
211-2	PST017	211	2	l'	l'	_	_	_	_	_	linguistic	_	ContainsVariation=No	SpaceAfter=No	_	_	_	_	0-2(44)
211-3	PST017	211	3	arabo].	arabo	_	_	_	_	_	linguistic	_	ContainsVariation=No	Intonation=Falling	_	_	_	_	0-4(44)
211-4	PST017	211	4	una	una	_	_	_	_	_	linguistic	_	ContainsVariation=No	_	_	_	_	_	_
211-5	PST017	211	5	parola	parola	_	_	_	_	_	linguistic	_	ContainsVariation=No	_	_	_	_	_	_
211-6	PST017	211	6	in	in	_	_	_	_	_	linguistic	_	ContainsVariation=No	_	_	_	_	_	_
211-7	PST017	211	7	italiano	italiano	_	_	_	_	_	linguistic	_	ContainsVariation=No	_	_	_	_	_	_
211-8	PST017	211	8	e	e	_	_	_	_	_	linguistic	_	ContainsVariation=No	_	_	_	_	_	_
211-9	PST017	211	9	una	una	_	_	_	_	_	linguistic	_	ContainsVariation=No	_	_	_	_	_	_
211-10	PST017	211	10	in	in	_	_	_	_	_	linguistic	_	ContainsVariation=No	_	_	_	_	_	1-2(45)
211-11	PST017	211	11	[arabo]	arabo	_	_	_	_	_	linguistic	_	ContainsVariation=No	_	End=466.6	_	_	_	0-4(45)
212-0	PST206	212	0	°[xxx]°	xxx	_	_	_	_	_	unknown	_	ContainsVariation=No	Volume=low|Syllables=3	Begin=463.465|End=464.395	_	_	_	0-3(44)
213-0	PST206	213	0	[e]	e	_	_	_	_	_	linguistic	_	ContainsVariation=No	_	Begin=466.365	_	_	_	0-1(45)
213-1	PST206	213	1	tuo	tuo	_	_	_	_	_	linguistic	_	ContainsVariation=No	_	_	_	_	_	_
213-2	PST206	213	2	padre	padre	_	_	_	_	_	linguistic	_	ContainsVariation=No	_	_	_	_	_	_
213-3	PST206	213	3	parla	parla	_	_	_	_	_	linguistic	_	ContainsVariation=No	_	_	_	_	_	_
213-4	PST206	213	4	in	in	_	_	_	_	_	linguistic	_	ContainsVariation=No	_	_	_	_	_	_
213-5	PST206	213	5	italiano?	italiano	_	_	_	_	_	linguistic	_	ContainsVariation=No	Intonation=Rising	End=467.895	_	_	_	_
214-0	PST017	214	0	sì.	sì	_	_	_	_	_	linguistic	_	ContainsVariation=No	Intonation=Falling	Begin=468.03	_	_	_	_
214-1	PST017	214	1	però	però	_	_	_	_	_	linguistic	_	ContainsVariation=No	_	_	_	_	_	_
214-2	PST017	214	2	anche	anche	_	_	_	_	_	linguistic	_	ContainsVariation=No	_	_	_	_	_	_
214-3	PST017	214	3	con	con	_	_	_	_	_	linguistic	_	ContainsVariation=No	_	_	_	_	_	_
214-4	PST017	214	4	lui	lui	_	_	_	_	_	linguistic	_	ContainsVariation=No	_	_	_	_	_	_
214-5	PST017	214	5	parlo	parlo	_	_	_	_	_	linguistic	_	ContainsVariation=No	_	_	_	_	_	_
214-6	PST017	214	6	solo	solo	_	_	_	_	_	linguistic	_	ContainsVariation=No	PauseAfter=Yes	_	_	_	_	_
214-7	PST017	214	7	(.)	(.)	_	_	_	_	_	shortpause	_	ContainsVariation=No	_	_	_	_	_	_
214-8	PST017	214	8	in	in	_	_	_	_	_	linguistic	_	ContainsVariation=No	_	_	_	_	_	_
214-9	PST017	214	9	arabo	arabo	_	_	_	_	_	linguistic	_	ContainsVariation=No	_	End=471.41	_	_	_	_
215-0	PST017	215	0	perché,	perché	_	_	_	_	_	linguistic	_	ContainsVariation=No	Intonation=WeaklyRising	Begin=471.48	_	_	_	_
215-1	PST017	215	1	>qualche	qualche	_	_	_	_	_	linguistic	_	ContainsVariation=No	_	_	_	Fast=0-7(0)	_	_
215-2	PST017	215	2	parola	parola	_	_	_	_	_	linguistic	_	ContainsVariation=No	ProsodicLink=Yes	_	_	Fast=0-6(0)	_	_
215-3	PST017	215	3	in<	in	_	_	_	_	_	linguistic	_	ContainsVariation=No	_	_	_	Fast=0-2(0)	_	_
215-4	PST017	215	4	italiano	italiano	_	_	_	_	_	linguistic	_	ContainsVariation=No	_	_	_	_	_	_
215-5	PST017	215	5	ma~	ma~	_	_	_	_	_	linguistic	_	ContainsVariation=No	Interrupted=Yes	End=473.7	_	_	_	_
216-0	PST206	216	0	vi	vi	_	_	_	_	_	linguistic	_	ContainsVariation=No	_	Begin=474.47	_	_	_	_
216-1	PST206	216	1	parla	parla	_	_	_	_	_	linguistic	_	ContainsVariation=No	_	_	_	_	_	_
216-2	PST206	216	2	qualche	qualche	_	_	_	_	_	linguistic	_	ContainsVariation=No	_	_	_	_	_	_
216-3	PST206	216	3	volta	volta	_	_	_	_	_	linguistic	_	ContainsVariation=No	_	_	_	_	_	_
216-4	PST206	216	4	in	in	_	_	_	_	_	linguistic	_	ContainsVariation=No	_	_	_	_	_	_
216-5	PST206	216	5	italiano?	italiano	_	_	_	_	_	linguistic	_	ContainsVariation=No	Intonation=Rising	End=476.26	_	_	_	_
217-0	PST017	217	0	solo	solo	_	_	_	_	_	linguistic	_	ContainsVariation=No	_	Begin=476.31	_	_	_	_
217-1	PST017	217	1	in	in	_	_	_	_	_	linguistic	_	ContainsVariation=No	_	_	_	_	_	_
217-2	PST017	217	2	italiano?	italiano	_	_	_	_	_	linguistic	_	ContainsVariation=No	Intonation=Rising	End=477.39	_	_	_	_
218-0	PST206	218	0	qualch~	qualch~	_	_	_	_	_	linguistic	_	ContainsVariation=No	Interrupted=Yes	Begin=477.855	_	_	_	_
218-1	PST206	218	1	mh,	mh	_	_	_	_	_	linguistic	_	ContainsVariation=No	Intonation=WeaklyRising	_	_	_	_	_
218-2	PST206	218	2	oppure	oppure	_	_	_	_	_	linguistic	_	ContainsVariation=No	_	_	_	_	_	_
218-3	PST206	218	3	mischiando	mischiando	_	_	_	_	_	linguistic	_	ContainsVariation=No	_	_	_	_	_	_
218-4	PST206	218	4	con	con	_	_	_	_	_	linguistic	_	ContainsVariation=No	_	_	_	_	_	_
218-5	PST206	218	5	[l'	l'	_	_	_	_	_	linguistic	_	ContainsVariation=No	SpaceAfter=No	_	_	_	_	0-2(47)
218-6	PST206	218	6	arabo]	arabo	_	_	_	_	_	linguistic	_	ContainsVariation=No	_	End=480.145	_	_	_	0-5(47)
219-0	PST017	219	0	[sì]	sì	_	_	_	_	_	linguistic	_	ContainsVariation=No	_	Begin=479.6	_	_	_	0-2(47)
219-1	PST017	219	1	mischiando	mischiando	_	_	_	_	_	linguistic	_	ContainsVariation=No	_	_	_	_	_	_
219-2	PST017	219	2	sì.	sì	_	_	_	_	_	linguistic	_	ContainsVariation=No	Intonation=Falling	End=480.81	_	_	_	_
220-0	PST206	220	0	qualche	qualche	_	_	_	_	_	linguistic	_	ContainsVariation=No	_	Begin=481.19	_	_	_	_
220-1	PST206	220	1	volta	volta	_	_	_	_	_	linguistic	_	ContainsVariation=No	_	_	_	_	_	_
220-2	PST206	220	2	lo	lo	_	_	_	_	_	linguistic	_	ContainsVariation=No	_	_	_	_	_	_
220-3	PST206	220	3	parla	parla	_	_	_	_	_	linguistic	_	ContainsVariation=No	_	End=482.22	_	_	_	_
221-0	PST017	221	0	sì	sì	_	_	_	_	_	linguistic	_	ContainsVariation=No	_	Begin=482.24	_	_	_	_
221-1	PST017	221	1	sì	sì	_	_	_	_	_	linguistic	_	ContainsVariation=No	_	_	_	_	_	_
221-2	PST017	221	2	sì	sì	_	_	_	_	_	linguistic	_	ContainsVariation=No	_	End=483.3	_	_	_	_
222-0	PST017	222	0	((tossisce))	((tossisce))	_	_	_	_	_	nonverbalbehavior	_	ContainsVariation=No	_	Begin=484.025|End=484.655	_	_	_	_
223-0	PST206	223	0	ment~	ment~	_	_	_	_	_	linguistic	_	ContainsVariation=No	Interrupted=Yes	Begin=485.385	_	_	_	_
223-1	PST206	223	1	e:::hm	ehm	_	_	_	_	_	linguistic	_	ContainsVariation=No	_	_	0x3	_	_	_
223-2	PST206	223	2	i	i	_	_	_	_	_	linguistic	_	ContainsVariation=No	_	_	_	_	_	_
223-3	PST206	223	3	tuoi	tuoi	_	_	_	_	_	linguistic	_	ContainsVariation=No	_	_	_	_	_	_
223-4	PST206	223	4	amici	amici	_	_	_	_	_	linguistic	_	ContainsVariation=No	_	_	_	_	_	_
223-5	PST206	223	5	invece	invece	_	_	_	_	_	linguistic	_	ContainsVariation=No	_	_	_	_	_	_
223-6	PST206	223	6	quale	quale	_	_	_	_	_	linguistic	_	ContainsVariation=No	_	_	_	_	_	_
223-7	PST206	223	7	lingua	lingua	_	_	_	_	_	linguistic	_	ContainsVariation=No	_	_	_	_	_	_
223-8	PST206	223	8	parlano	parlano	_	_	_	_	_	linguistic	_	ContainsVariation=No	_	_	_	_	_	_
223-9	PST206	223	9	con	con	_	_	_	_	_	linguistic	_	ContainsVariation=No	_	_	_	_	_	_
223-10	PST206	223	10	te?	te	_	_	_	_	_	linguistic	_	ContainsVariation=No	Intonation=Rising	End=489.155	_	_	_	_
224-0	PST017	224	0	arabo	arabo	_	_	_	_	_	linguistic	_	ContainsVariation=No	_	Begin=489.775|End=490.455	_	_	_	_
225-0	PST206	225	0	in	in	_	_	_	_	_	linguistic	_	ContainsVariation=No	_	Begin=491.27	_	_	_	_
225-1	PST206	225	1	arabo	arabo	_	_	_	_	_	linguistic	_	ContainsVariation=No	_	End=491.93	_	_	_	_
226-0	PST017	226	0	s~	s~	_	_	_	_	_	linguistic	_	ContainsVariation=No	Interrupted=Yes	Begin=492.095	_	_	_	_
226-1	PST017	226	1	perché:	perché	_	_	_	_	_	linguistic	_	ContainsVariation=No	_	_	5x1	_	_	_
226-2	PST017	226	2	non	non	_	_	_	_	_	linguistic	_	ContainsVariation=No	_	_	_	_	_	_
226-3	PST017	226	3	ho::	ho	_	_	_	_	_	linguistic	_	ContainsVariation=No	_	_	1x2	_	_	_
226-4	PST017	226	4	un'	un'	_	_	_	_	_	linguistic	_	ContainsVariation=No	SpaceAfter=No	_	_	_	_	_
226-5	PST017	226	5	amica	amica	_	_	_	_	_	linguistic	_	ContainsVariation=No	_	_	_	_	_	_
226-6	PST017	226	6	italiana,	italiana	_	_	_	_	_	linguistic	_	ContainsVariation=No	Intonation=WeaklyRising	_	_	_	_	_
226-7	PST017	226	7	ho	ho	_	_	_	_	_	linguistic	_	ContainsVariation=No	_	_	_	_	_	_
226-8	PST017	226	8	solo	solo	_	_	_	_	_	linguistic	_	ContainsVariation=No	_	_	_	_	_	_
226-9	PST017	226	9	un'	un'	_	_	_	_	_	linguistic	_	ContainsVariation=No	SpaceAfter=No	_	_	_	_	_
226-10	PST017	226	10	amica:	amica	_	_	_	_	_	linguistic	_	ContainsVariation=No	_	End=496.235	4x1	_	_	_
227-0	PST017	227	0	marocchina,	marocchina	_	_	_	_	_	linguistic	_	ContainsVariation=No	Intonation=WeaklyRising	Begin=496.65	_	_	_	_
227-1	PST017	227	1	e::hm	ehm	_	_	_	_	_	linguistic	_	ContainsVariation=No	_	End=499.12	0x2	_	_	_
228-0	PST017	228	0	[e::h]	eh	_	_	_	_	_	linguistic	_	ContainsVariation=No	_	Begin=500.05	0x2	_	_	0-2(48)
228-1	PST017	228	1	una	una	_	_	_	_	_	linguistic	_	ContainsVariation=No	_	_	_	_	_	_
228-2	PST017	228	2	in	in	_	_	_	_	_	linguistic	_	ContainsVariation=No	_	_	_	_	_	_
228-3	PST017	228	3	marocco,	marocco	_	_	_	_	_	linguistic	_	ContainsVariation=No	Intonation=WeaklyRising	_	_	_	_	_
228-4	PST017	228	4	quindi	quindi	_	_	_	_	_	linguistic	_	ContainsVariation=No	_	_	_	_	_	_
228-5	PST017	228	5	con	con	_	_	_	_	_	linguistic	_	ContainsVariation=No	_	_	_	_	_	_
228-6	PST017	228	6	lei	lei	_	_	_	_	_	linguistic	_	ContainsVariation=No	_	_	_	_	_	_
228-7	PST017	228	7	parlo	parlo	_	_	_	_	_	linguistic	_	ContainsVariation=No	_	_	_	_	_	_
228-8	PST017	228	8	solo	solo	_	_	_	_	_	linguistic	_	ContainsVariation=No	_	_	_	_	_	_
228-9	PST017	228	9	in:	in	_	_	_	_	_	linguistic	_	ContainsVariation=No	_	_	1x1	_	_	_
228-10	PST017	228	10	in	in	_	_	_	_	_	linguistic	_	ContainsVariation=No	_	_	_	_	_	_
228-11	PST017	228	11	arabo	arabo	_	_	_	_	_	linguistic	_	ContainsVariation=No	_	End=504.36	_	_	_	_
229-0	PST206	229	0	[i	i	_	_	_	_	_	linguistic	_	ContainsVariation=No	_	Begin=500.07	_	_	_	0-1(48)
229-1	PST206	229	1	tuoi	tuoi	_	_	_	_	_	linguistic	_	ContainsVariation=No	_	_	_	_	_	0-4(48)
229-2	PST206	229	2	amic~]	amic~	_	_	_	_	_	linguistic	_	ContainsVariation=No	Interrupted=Yes	End=500.61	_	_	_	0-5(48)
230-0	PST206	230	0	e	e	_	_	_	_	_	linguistic	_	ContainsVariation=No	_	Begin=505.69	_	_	_	_
230-1	PST206	230	1	i	i	_	_	_	_	_	linguistic	_	ContainsVariation=No	_	_	_	_	_	_
230-2	PST206	230	2	tuoi~	tuoi~	_	_	_	_	_	linguistic	_	ContainsVariation=No	Interrupted=Yes	_	_	_	_	_
230-3	PST206	230	3	con	con	_	_	_	_	_	linguistic	_	ContainsVariation=No	_	_	_	_	_	_
230-4	PST206	230	4	i	i	_	_	_	_	_	linguistic	_	ContainsVariation=No	_	_	_	_	_	_
230-5	PST206	230	5	tuoi~	tuoi~	_	_	_	_	_	linguistic	_	ContainsVariation=No	Interrupted=Yes	_	_	_	_	_
230-6	PST206	230	6	con	con	_	_	_	_	_	linguistic	_	ContainsVariation=No	_	_	_	_	_	_
230-7	PST206	230	7	i	i	_	_	_	_	_	linguistic	_	ContainsVariation=No	_	_	_	_	_	_
230-8	PST206	230	8	tuoi	tuoi	_	_	_	_	_	linguistic	_	ContainsVariation=No	_	_	_	_	_	_
230-9	PST206	230	9	parenti:,	parenti	_	_	_	_	_	linguistic	_	ContainsVariation=No	Intonation=WeaklyRising	_	6x1	_	_	_
230-10	PST206	230	10	parli:	parli	_	_	_	_	_	linguistic	_	ContainsVariation=No	_	_	4x1	_	_	_
230-11	PST206	230	11	ti	ti	_	_	_	_	_	linguistic	_	ContainsVariation=No	_	_	_	_	_	_
230-12	PST206	230	12	parlano	parlano	_	_	_	_	_	linguistic	_	ContainsVariation=No	_	_	_	_	_	_
230-13	PST206	230	13	sempre	sempre	_	_	_	_	_	linguistic	_	ContainsVariation=No	_	_	_	_	_	_
230-14	PST206	230	14	in	in	_	_	_	_	_	linguistic	_	ContainsVariation=No	_	_	_	_	_	_
230-15	PST206	230	15	arabo?	arabo	_	_	_	_	_	linguistic	_	ContainsVariation=No	Intonation=Rising	End=509.68	_	_	_	_
231-0	PST017	231	0	quelli:	quelli	_	_	_	_	_	linguistic	_	ContainsVariation=No	_	Begin=509.95	5x1	_	_	_
231-1	PST017	231	1	che	che	_	_	_	_	_	linguistic	_	ContainsVariation=No	_	_	_	_	_	_
231-2	PST017	231	2	vivono	vivono	_	_	_	_	_	linguistic	_	ContainsVariation=No	_	_	_	_	_	_
231-3	PST017	231	3	[qui	qui	_	_	_	_	_	linguistic	_	ContainsVariation=No	_	_	_	_	_	0-3(49)
231-4	PST017	231	4	o	o	_	_	_	_	_	linguistic	_	ContainsVariation=No	_	_	_	_	_	0-1(49)
231-5	PST017	231	5	in	in	_	_	_	_	_	linguistic	_	ContainsVariation=No	_	_	_	_	_	0-2(49)
231-6	PST017	231	6	marocco?	marocco	_	_	_	_	_	linguistic	_	ContainsVariation=No	Intonation=Rising	_	_	_	_	0-7(49)
231-7	PST017	231	7	quelli	quelli	_	_	_	_	_	linguistic	_	ContainsVariation=No	_	_	_	_	_	0-6(49)
231-8	PST017	231	8	che	che	_	_	_	_	_	linguistic	_	ContainsVariation=No	_	_	_	_	_	0-3(49)
231-9	PST017	231	9	vivono	vivono	_	_	_	_	_	linguistic	_	ContainsVariation=No	_	_	_	_	_	0-6(49)
231-10	PST017	231	10	qui]?	qui	_	_	_	_	_	linguistic	_	ContainsVariation=No	Intonation=Rising	End=513.18	_	_	_	0-3(49)
232-0	PST206	232	0	[sì]	sì	_	_	_	_	_	linguistic	_	ContainsVariation=No	_	Begin=511.16|End=511.46	_	_	_	0-2(49)
233-0	PST206	233	0	[sì,	sì	_	_	_	_	_	linguistic	_	ContainsVariation=No	Intonation=WeaklyRising	Begin=511.785	_	_	_	0-2(50)
233-1	PST206	233	1	sì	sì	_	_	_	_	_	linguistic	_	ContainsVariation=No	PauseAfter=Yes	_	_	_	_	0-2(50)
233-2	PST206	233	2	(.)	(.)	_	_	_	_	_	shortpause	_	ContainsVariation=No	_	_	_	_	_	X(50)
233-3	PST206	233	3	sì]	sì	_	_	_	_	_	linguistic	_	ContainsVariation=No	_	End=512.935	_	_	_	0-2(50)
234-0	PST017	234	0	((sospira))	((sospira))	_	_	_	_	_	nonverbalbehavior	_	ContainsVariation=No	_	Begin=513.915	_	_	_	_
234-1	PST017	234	1	ad	ad	_	_	_	_	_	linguistic	_	ContainsVariation=No	_	_	_	_	_	_
234-2	PST017	234	2	esempio	esempio	_	_	_	_	_	linguistic	_	ContainsVariation=No	_	_	_	_	_	_
234-3	PST017	234	3	con	con	_	_	_	_	_	linguistic	_	ContainsVariation=No	_	_	_	_	_	_
234-4	PST017	234	4	le	le	_	_	_	_	_	linguistic	_	ContainsVariation=No	_	_	_	_	_	_
234-5	PST017	234	5	mie	mie	_	_	_	_	_	linguistic	_	ContainsVariation=No	_	_	_	_	_	_
234-6	PST017	234	6	cugine	cugine	_	_	_	_	_	linguistic	_	ContainsVariation=No	_	_	_	_	_	_
234-7	PST017	234	7	che	che	_	_	_	_	_	linguistic	_	ContainsVariation=No	_	_	_	_	_	_
234-8	PST017	234	8	son	son	_	_	_	_	_	linguistic	_	ContainsVariation=No	_	_	_	_	_	_
234-9	PST017	234	9	nate	nate	_	_	_	_	_	linguistic	_	ContainsVariation=No	_	_	_	_	_	_
234-10	PST017	234	10	qua	qua	_	_	_	_	_	linguistic	_	ContainsVariation=No	_	_	_	_	_	_
234-11	PST017	234	11	in	in	_	_	_	_	_	linguistic	_	ContainsVariation=No	_	_	_	_	_	_
234-12	PST017	234	12	italia	italia	_	_	_	_	_	linguistic	_	ContainsVariation=No	_	End=516.815	_	_	_	_
235-0	PST017	235	0	che	che	_	_	_	_	_	linguistic	_	ContainsVariation=No	_	Begin=516.85	_	_	_	_
235-1	PST017	235	1	non	non	_	_	_	_	_	linguistic	_	ContainsVariation=No	_	_	_	_	_	_
235-2	PST017	235	2	è	è	_	_	_	_	_	linguistic	_	ContainsVariation=No	_	_	_	_	_	_
235-3	PST017	235	3	che:	che	_	_	_	_	_	linguistic	_	ContainsVariation=No	_	_	2x1	_	_	_
235-4	PST017	235	4	capiscono	capiscono	_	_	_	_	_	linguistic	_	ContainsVariation=No	_	_	_	_	_	_
235-5	PST017	235	5	bene:	bene	_	_	_	_	_	linguistic	_	ContainsVariation=No	_	_	3x1	_	_	_
235-6	PST017	235	6	l'	l'	_	_	_	_	_	linguistic	_	ContainsVariation=No	SpaceAfter=No	_	_	_	_	_
235-7	PST017	235	7	arabo,	arabo	_	_	_	_	_	linguistic	_	ContainsVariation=No	Intonation=WeaklyRising	_	_	_	_	_
235-8	PST017	235	8	parlo	parlo	_	_	_	_	_	linguistic	_	ContainsVariation=No	_	_	_	_	_	_
235-9	PST017	235	9	con	con	_	_	_	_	_	linguistic	_	ContainsVariation=No	_	_	_	_	_	_
235-10	PST017	235	10	loro	loro	_	_	_	_	_	linguistic	_	ContainsVariation=No	PauseAfter=Yes	_	_	_	_	_
235-11	PST017	235	11	(.)	(.)	_	_	_	_	_	shortpause	_	ContainsVariation=No	_	_	_	_	_	_
235-12	PST017	235	12	mischiato	mischiato	_	_	_	_	_	linguistic	_	ContainsVariation=No	_	End=521.1	_	_	_	_
236-0	PST017	236	0	e	e	_	_	_	_	_	linguistic	_	ContainsVariation=No	_	Begin=521.14	_	_	_	_
236-1	PST017	236	1	so:	so	_	_	_	_	_	linguistic	_	ContainsVariation=No	_	_	1x1	_	_	_
236-2	PST017	236	2	se	se	_	_	_	_	_	linguistic	_	ContainsVariation=No	_	_	_	_	_	_
236-3	PST017	236	3	capiscono,	capiscono	_	_	_	_	_	linguistic	_	ContainsVariation=No	Intonation=WeaklyRising	_	_	_	_	_
236-4	PST017	236	4	bene,	bene	_	_	_	_	_	linguistic	_	ContainsVariation=No	Intonation=WeaklyRising	_	_	_	_	_
236-5	PST017	236	5	[se	se	_	_	_	_	_	linguistic	_	ContainsVariation=No	_	_	_	_	_	0-2(51)
236-6	PST017	236	6	no]	no	_	_	_	_	_	linguistic	_	ContainsVariation=No	_	End=523.36	_	_	_	0-2(51)
237-0	PST206	237	0	[e	e	_	_	_	_	_	linguistic	_	ContainsVariation=No	_	Begin=522.875	_	_	_	0-1(51)
237-1	PST206	237	1	loro]?	loro	_	_	_	_	_	linguistic	_	ContainsVariation=No	Intonation=Rising	_	_	_	_	0-4(51)
237-2	PST206	237	2	come	come	_	_	_	_	_	linguistic	_	ContainsVariation=No	_	_	_	_	_	_
237-3	PST206	237	3	ti	ti	_	_	_	_	_	linguistic	_	ContainsVariation=No	_	_	_	_	_	_
237-4	PST206	237	4	parlano?	parlano	_	_	_	_	_	linguistic	_	ContainsVariation=No	Intonation=Rising	_	_	_	_	_
237-5	PST206	237	5	in,	in	_	_	_	_	_	linguistic	_	ContainsVariation=No	Intonation=WeaklyRising	_	_	_	_	_
237-6	PST206	237	6	in	in	_	_	_	_	_	linguistic	_	ContainsVariation=No	_	_	_	_	_	_
237-7	PST206	237	7	italiano	italiano	_	_	_	_	_	linguistic	_	ContainsVariation=No	_	_	_	_	_	_
237-8	PST206	237	8	ti	ti	_	_	_	_	_	linguistic	_	ContainsVariation=No	_	_	_	_	_	_
237-9	PST206	237	9	[parlano]?	parlano	_	_	_	_	_	linguistic	_	ContainsVariation=No	Intonation=Rising	End=525.405	_	_	_	0-7(52)
238-0	PST017	238	0	[loro	loro	_	_	_	_	_	linguistic	_	ContainsVariation=No	_	Begin=525.185	_	_	_	0-4(52)
238-1	PST017	238	1	provano]	provano	_	_	_	_	_	linguistic	_	ContainsVariation=No	_	_	_	_	_	0-7(52)
238-2	PST017	238	2	a	a	_	_	_	_	_	linguistic	_	ContainsVariation=No	_	_	_	_	_	_
238-3	PST017	238	3	parlarmi	parlarmi	_	_	_	_	_	linguistic	_	ContainsVariation=No	_	_	_	_	_	_
238-4	PST017	238	4	in	in	_	_	_	_	_	linguistic	_	ContainsVariation=No	_	_	_	_	_	_
238-5	PST017	238	5	arabo	arabo	_	_	_	_	_	linguistic	_	ContainsVariation=No	_	End=527.075	_	_	_	_
239-0	PST206	239	0	ma	ma	_	_	_	_	_	linguistic	_	ContainsVariation=No	_	Begin=528.045	_	_	_	_
239-1	PST206	239	1	di	di	_	_	_	_	_	linguistic	_	ContainsVariation=No	_	_	_	_	_	_
239-2	PST206	239	2	più	più	_	_	_	_	_	linguistic	_	ContainsVariation=No	_	_	_	_	_	_
239-3	PST206	239	3	co~	co~	_	_	_	_	_	linguistic	_	ContainsVariation=No	Interrupted=Yes	_	_	_	_	_
239-4	PST206	239	4	con	con	_	_	_	_	_	linguistic	_	ContainsVariation=No	_	_	_	_	_	_
239-5	PST206	239	5	quale	quale	_	_	_	_	_	linguistic	_	ContainsVariation=No	_	_	_	_	_	_
239-6	PST206	239	6	lingua	lingua	_	_	_	_	_	linguistic	_	ContainsVariation=No	_	_	_	_	_	_
239-7	PST206	239	7	ti	ti	_	_	_	_	_	linguistic	_	ContainsVariation=No	_	_	_	_	_	_
239-8	PST206	239	8	parlano?	parlano	_	_	_	_	_	linguistic	_	ContainsVariation=No	Intonation=Rising	End=530.825	_	_	_	_
240-0	PST017	240	0	mischiato,	mischiato	_	_	_	_	_	linguistic	_	ContainsVariation=No	Intonation=WeaklyRising	Begin=531.53	_	_	_	_
240-1	PST017	240	1	ma	ma	_	_	_	_	_	linguistic	_	ContainsVariation=No	_	_	_	_	_	_
240-2	PST017	240	2	più	più	_	_	_	_	_	linguistic	_	ContainsVariation=No	_	_	_	_	_	_
240-3	PST017	240	3	italiano	italiano	_	_	_	_	_	linguistic	_	ContainsVariation=No	_	_	_	_	_	_
240-4	PST017	240	4	che	che	_	_	_	_	_	linguistic	_	ContainsVariation=No	_	_	_	_	_	_
240-5	PST017	240	5	arabo	arabo	_	_	_	_	_	linguistic	_	ContainsVariation=No	_	End=534.0	_	_	_	_
241-0	PST206	241	0	più	più	_	_	_	_	_	linguistic	_	ContainsVariation=No	_	Begin=534.08	_	_	_	_
241-1	PST206	241	1	in	in	_	_	_	_	_	linguistic	_	ContainsVariation=No	_	_	_	_	_	_
241-2	PST206	241	2	italiano	italiano	_	_	_	_	_	linguistic	_	ContainsVariation=No	_	_	_	_	_	_
241-3	PST206	241	3	che	che	_	_	_	_	_	linguistic	_	ContainsVariation=No	_	_	_	_	_	_
241-4	PST206	241	4	arabo	arabo	_	_	_	_	_	linguistic	_	ContainsVariation=No	_	End=535.55	_	_	_	_
242-0	PST206	242	0	mentre	mentre	_	_	_	_	_	linguistic	_	ContainsVariation=No	_	Begin=535.81	_	_	_	_
242-1	PST206	242	1	i	i	_	_	_	_	_	linguistic	_	ContainsVariation=No	_	_	_	_	_	_
242-2	PST206	242	2	compagni	compagni	_	_	_	_	_	linguistic	_	ContainsVariation=No	_	_	_	_	_	_
242-3	PST206	242	3	di	di	_	_	_	_	_	linguistic	_	ContainsVariation=No	_	_	_	_	_	_
242-4	PST206	242	4	scuola,	scuola	_	_	_	_	_	linguistic	_	ContainsVariation=No	Intonation=WeaklyRising	_	_	_	_	_
242-5	PST206	242	5	o	o	_	_	_	_	_	linguistic	_	ContainsVariation=No	_	_	_	_	_	_
242-6	PST206	242	6	comunque	comunque	_	_	_	_	_	linguistic	_	ContainsVariation=No	_	_	_	_	_	_
242-7	PST206	242	7	i	i	_	_	_	_	_	linguistic	_	ContainsVariation=No	_	_	_	_	_	_
242-8	PST206	242	8	colleghi	colleghi	_	_	_	_	_	linguistic	_	ContainsVariation=No	_	_	_	_	_	_
242-9	PST206	242	9	all~	all~	_	_	_	_	_	linguistic	_	ContainsVariation=No	Interrupted=Yes	_	_	_	_	_
242-10	PST206	242	10	i	i	_	_	_	_	_	linguistic	_	ContainsVariation=No	_	_	_	_	_	_
242-11	PST206	242	11	tuoi	tuoi	_	_	_	_	_	linguistic	_	ContainsVariation=No	_	_	_	_	_	_
242-12	PST206	242	12	colleghi	colleghi	_	_	_	_	_	linguistic	_	ContainsVariation=No	_	_	_	_	_	_
242-13	PST206	242	13	ora	ora	_	_	_	_	_	linguistic	_	ContainsVariation=No	_	_	_	_	_	_
242-14	PST206	242	14	all'	all'	_	_	_	_	_	linguistic	_	ContainsVariation=No	SpaceAfter=No	_	_	_	_	_
242-15	PST206	242	15	università,	università	_	_	_	_	_	linguistic	_	ContainsVariation=No	Intonation=WeaklyRising	_	_	_	_	_
242-16	PST206	242	16	delle	delle	_	_	_	_	_	linguistic	_	ContainsVariation=No	_	_	_	_	_	_
242-17	PST206	242	17	tue	tue	_	_	_	_	_	linguistic	_	ContainsVariation=No	_	_	_	_	_	_
242-18	PST206	242	18	stesse	stesse	_	_	_	_	_	linguistic	_	ContainsVariation=No	_	_	_	_	_	_
242-19	PST206	242	19	provenienze	provenienze	_	_	_	_	_	linguistic	_	ContainsVariation=No	_	End=542.12	_	_	_	_
243-0	PST206	243	0	o	o	_	_	_	_	_	linguistic	_	ContainsVariation=No	_	Begin=542.35	_	_	_	_
243-1	PST206	243	1	comunque	comunque	_	_	_	_	_	linguistic	_	ContainsVariation=No	_	_	_	_	_	_
243-2	PST206	243	2	arabi.	arabi	_	_	_	_	_	linguistic	_	ContainsVariation=No	Intonation=Falling	_	_	_	_	_
243-3	PST206	243	3	con	con	_	_	_	_	_	linguistic	_	ContainsVariation=No	_	_	_	_	_	_
243-4	PST206	243	4	che	che	_	_	_	_	_	linguistic	_	ContainsVariation=No	_	_	_	_	_	_
243-5	PST206	243	5	lingua	lingua	_	_	_	_	_	linguistic	_	ContainsVariation=No	_	_	_	_	_	_
243-6	PST206	243	6	parli	parli	_	_	_	_	_	linguistic	_	ContainsVariation=No	_	_	_	_	_	_
243-7	PST206	243	7	p~	p~	_	_	_	_	_	linguistic	_	ContainsVariation=No	Interrupted=Yes	_	_	_	_	_
243-8	PST206	243	8	ti	ti	_	_	_	_	_	linguistic	_	ContainsVariation=No	_	_	_	_	_	_
243-9	PST206	243	9	parlano	parlano	_	_	_	_	_	linguistic	_	ContainsVariation=No	_	_	_	_	_	_
243-10	PST206	243	10	soprattutto?	soprattutto	_	_	_	_	_	linguistic	_	ContainsVariation=No	Intonation=Rising	End=546.94	_	_	_	_
244-0	PST017	244	0	e:hm,	ehm	_	_	_	_	_	linguistic	_	ContainsVariation=No	Intonation=WeaklyRising	Begin=547.38	0x1	_	_	_
244-1	PST017	244	1	non	non	_	_	_	_	_	linguistic	_	ContainsVariation=No	_	_	_	_	_	_
244-2	PST017	244	2	ne	ne	_	_	_	_	_	linguistic	_	ContainsVariation=No	_	_	_	_	_	_
244-3	PST017	244	3	ho	ho	_	_	_	_	_	linguistic	_	ContainsVariation=No	_	End=549.6	_	_	_	_
245-0	PST017	245	0	però,	però	_	_	_	_	_	linguistic	_	ContainsVariation=No	Intonation=WeaklyRising	Begin=549.64	_	_	_	_
245-1	PST017	245	1	quindi	quindi	_	_	_	_	_	linguistic	_	ContainsVariation=No	_	_	_	_	_	_
245-2	PST017	245	2	parlo	parlo	_	_	_	_	_	linguistic	_	ContainsVariation=No	_	_	_	_	_	_
245-3	PST017	245	3	solo	solo	_	_	_	_	_	linguistic	_	ContainsVariation=No	_	_	_	_	_	_
245-4	PST017	245	4	in	in	_	_	_	_	_	linguistic	_	ContainsVariation=No	_	_	_	_	_	_
245-5	PST017	245	5	italiano,	italiano	_	_	_	_	_	linguistic	_	ContainsVariation=No	Intonation=WeaklyRising	_	_	_	_	_
245-6	PST017	245	6	con	con	_	_	_	_	_	linguistic	_	ContainsVariation=No	_	_	_	_	_	_
245-7	PST017	245	7	loro	loro	_	_	_	_	_	linguistic	_	ContainsVariation=No	_	End=552.42	_	_	_	_
246-0	PST017	246	0	ceh,	ceh	_	_	_	_	_	linguistic	_	ContainsVariation=No	Intonation=WeaklyRising	Begin=552.615	_	_	_	_
246-1	PST017	246	1	ho	ho	_	_	_	_	_	linguistic	_	ContainsVariation=No	_	_	_	_	_	_
246-2	PST017	246	2	ehm	ehm	_	_	_	_	_	linguistic	_	ContainsVariation=No	_	_	_	_	_	_
246-3	PST017	246	3	amici	amici	_	_	_	_	_	linguistic	_	ContainsVariation=No	_	_	_	_	_	_
246-4	PST017	246	4	che	che	_	_	_	_	_	linguistic	_	ContainsVariation=No	_	_	_	_	_	_
246-5	PST017	246	5	sono	sono	_	_	_	_	_	linguistic	_	ContainsVariation=No	_	End=554.935	_	_	_	_
247-0	PST017	247	0	provenienti	provenienti	_	_	_	_	_	linguistic	_	ContainsVariation=No	_	Begin=554.99	_	_	_	_
247-1	PST017	247	1	da	da	_	_	_	_	_	linguistic	_	ContainsVariation=No	_	_	_	_	_	_
247-2	PST017	247	2	altri	altri	_	_	_	_	_	linguistic	_	ContainsVariation=No	_	_	_	_	_	_
247-3	PST017	247	3	paesi,	paesi	_	_	_	_	_	linguistic	_	ContainsVariation=No	Intonation=WeaklyRising	_	_	_	_	_
247-4	PST017	247	4	ma	ma	_	_	_	_	_	linguistic	_	ContainsVariation=No	_	_	_	_	_	_
247-5	PST017	247	5	non	non	_	_	_	_	_	linguistic	_	ContainsVariation=No	_	_	_	_	_	_
247-6	PST017	247	6	parlano	parlano	_	_	_	_	_	linguistic	_	ContainsVariation=No	_	_	_	_	_	_
247-7	PST017	247	7	l'	l'	_	_	_	_	_	linguistic	_	ContainsVariation=No	SpaceAfter=No	_	_	_	_	_
247-8	PST017	247	8	arabo,	arabo	_	_	_	_	_	linguistic	_	ContainsVariation=No	Intonation=WeaklyRising	_	_	_	_	_
247-9	PST017	247	9	quindi	quindi	_	_	_	_	_	linguistic	_	ContainsVariation=No	_	_	_	_	_	_
247-10	PST017	247	10	parlo	parlo	_	_	_	_	_	linguistic	_	ContainsVariation=No	_	_	_	_	_	_
247-11	PST017	247	11	solo	solo	_	_	_	_	_	linguistic	_	ContainsVariation=No	_	_	_	_	_	_
247-12	PST017	247	12	italiano	italiano	_	_	_	_	_	linguistic	_	ContainsVariation=No	_	_	_	_	_	_
247-13	PST017	247	13	con	con	_	_	_	_	_	linguistic	_	ContainsVariation=No	_	_	_	_	_	_
247-14	PST017	247	14	loro	loro	_	_	_	_	_	linguistic	_	ContainsVariation=No	_	End=560.22	_	_	_	_
248-0	PST017	248	0	[°faccio	faccio	_	_	_	_	_	linguistic	_	ContainsVariation=No	Volume=low	Begin=560.7	_	_	_	0-6(53)
248-1	PST017	248	1	solo°]	solo	_	_	_	_	_	linguistic	_	ContainsVariation=No	Volume=low	End=562.08	_	_	_	0-4(53)
249-0	PST206	249	0	[okay,	okay	_	_	_	_	_	linguistic	_	ContainsVariation=No	Intonation=WeaklyRising	Begin=560.765	_	_	_	0-4(53)
249-1	PST206	249	1	ma:]	ma	_	_	_	_	_	linguistic	_	ContainsVariation=No	_	_	1x1	_	_	0-2(53)
249-2	PST206	249	2	ehm	ehm	_	_	_	_	_	linguistic	_	ContainsVariation=No	_	_	_	_	_	_
249-3	PST206	249	3	i	i	_	_	_	_	_	linguistic	_	ContainsVariation=No	_	_	_	_	_	_
249-4	PST206	249	4	tuoi,	tuoi	_	_	_	_	_	linguistic	_	ContainsVariation=No	Intonation=WeaklyRising	_	_	_	_	_
249-5	PST206	249	5	con	con	_	_	_	_	_	linguistic	_	ContainsVariation=No	_	_	_	_	_	_
249-6	PST206	249	6	i	i	_	_	_	_	_	linguistic	_	ContainsVariation=No	_	_	_	_	_	_
249-7	PST206	249	7	tuoi	tuoi	_	_	_	_	_	linguistic	_	ContainsVariation=No	_	_	_	_	_	_
249-8	PST206	249	8	ex	ex	_	_	_	_	_	linguistic	_	ContainsVariation=No	_	_	_	_	_	_
249-9	PST206	249	9	compagni	compagni	_	_	_	_	_	linguistic	_	ContainsVariation=No	_	_	_	_	_	_
249-10	PST206	249	10	a	a	_	_	_	_	_	linguistic	_	ContainsVariation=No	_	_	_	_	_	_
249-11	PST206	249	11	scuola?	scuola	_	_	_	_	_	linguistic	_	ContainsVariation=No	Intonation=Rising	End=564.975	_	_	_	_
250-0	PST017	250	0	sì,	sì	_	_	_	_	_	linguistic	_	ContainsVariation=No	Intonation=WeaklyRising	Begin=566.93	_	_	_	_
250-1	PST017	250	1	e:hm,	ehm	_	_	_	_	_	linguistic	_	ContainsVariation=No	Intonation=WeaklyRising	_	0x1	_	_	_
250-2	PST017	250	2	con	con	_	_	_	_	_	linguistic	_	ContainsVariation=No	_	_	_	_	_	_
250-3	PST017	250	3	una	una	_	_	_	_	_	linguistic	_	ContainsVariation=No	_	_	_	_	_	_
250-4	PST017	250	4	mia	mia	_	_	_	_	_	linguistic	_	ContainsVariation=No	_	_	_	_	_	_
250-5	PST017	250	5	ex	ex	_	_	_	_	_	linguistic	_	ContainsVariation=No	_	_	_	_	_	_
250-6	PST017	250	6	compagna	compagna	_	_	_	_	_	linguistic	_	ContainsVariation=No	_	_	_	_	_	_
250-7	PST017	250	7	parlavo	parlavo	_	_	_	_	_	linguistic	_	ContainsVariation=No	_	_	_	_	_	_
250-8	PST017	250	8	con	con	_	_	_	_	_	linguistic	_	ContainsVariation=No	_	_	_	_	_	_
250-9	PST017	250	9	lei	lei	_	_	_	_	_	linguistic	_	ContainsVariation=No	_	_	_	_	_	_
250-10	PST017	250	10	solo	solo	_	_	_	_	_	linguistic	_	ContainsVariation=No	_	_	_	_	_	_
250-11	PST017	250	11	in	in	_	_	_	_	_	linguistic	_	ContainsVariation=No	_	_	_	_	_	_
250-12	PST017	250	12	arabo	arabo	_	_	_	_	_	linguistic	_	ContainsVariation=No	_	End=571.79	_	_	_	_
251-0	PST206	251	0	okay	okay	_	_	_	_	_	linguistic	_	ContainsVariation=No	_	Begin=572.055|End=572.945	_	_	_	_
252-0	PST206	252	0	in	in	_	_	_	_	_	linguistic	_	ContainsVariation=No	_	Begin=577.7	_	_	_	_
252-1	PST206	252	1	che,	che	_	_	_	_	_	linguistic	_	ContainsVariation=No	Intonation=WeaklyRising	_	_	_	_	_
252-2	PST206	252	2	che	che	_	_	_	_	_	linguistic	_	ContainsVariation=No	_	_	_	_	_	_
252-3	PST206	252	3	lavoro	lavoro	_	_	_	_	_	linguistic	_	ContainsVariation=No	_	_	_	_	_	_
252-4	PST206	252	4	fanno	fanno	_	_	_	_	_	linguistic	_	ContainsVariation=No	_	_	_	_	_	_
252-5	PST206	252	5	i	i	_	_	_	_	_	linguistic	_	ContainsVariation=No	_	_	_	_	_	_
252-6	PST206	252	6	tuoi	tuoi	_	_	_	_	_	linguistic	_	ContainsVariation=No	_	_	_	_	_	_
252-7	PST206	252	7	genitori?	genitori	_	_	_	_	_	linguistic	_	ContainsVariation=No	Intonation=Rising	End=579.82	_	_	_	_
253-0	PST017	253	0	[mia	mia	_	_	_	_	_	linguistic	_	ContainsVariation=No	_	Begin=580.565	_	_	_	0-3(54)
253-1	PST017	253	1	mamma	mamma	_	_	_	_	_	linguistic	_	ContainsVariation=No	_	_	_	_	_	0-5(54)
253-2	PST017	253	2	è	è	_	_	_	_	_	linguistic	_	ContainsVariation=No	_	_	_	_	_	0-1(54)
253-3	PST017	253	3	una	una	_	_	_	_	_	linguistic	_	ContainsVariation=No	_	_	_	_	_	0-3(54)
253-4	PST017	253	4	casalinga]	casalinga	_	_	_	_	_	linguistic	_	ContainsVariation=No	_	_	_	_	_	0-9(54)
253-5	PST017	253	5	e	e	_	_	_	_	_	linguistic	_	ContainsVariation=No	_	_	_	_	_	_
253-6	PST017	253	6	mio	mio	_	_	_	_	_	linguistic	_	ContainsVariation=No	_	_	_	_	_	_
253-7	PST017	253	7	padre	padre	_	_	_	_	_	linguistic	_	ContainsVariation=No	_	_	_	_	_	_
253-8	PST017	253	8	ehm,	ehm	_	_	_	_	_	linguistic	_	ContainsVariation=No	Intonation=WeaklyRising	_	_	_	_	_
253-9	PST017	253	9	fa	fa	_	_	_	_	_	linguistic	_	ContainsVariation=No	_	_	_	_	_	_
253-10	PST017	253	10	l'	l'	_	_	_	_	_	linguistic	_	ContainsVariation=No	SpaceAfter=No	_	_	_	_	_
253-11	PST017	253	11	operaio	operaio	_	_	_	_	_	linguistic	_	ContainsVariation=No	_	End=584.285	_	_	_	_
254-0	PST206	254	0	[ehm	ehm	_	_	_	_	_	linguistic	_	ContainsVariation=No	_	Begin=580.59	_	_	_	0-3(54)
254-1	PST206	254	1	me	me	_	_	_	_	_	linguistic	_	ContainsVariation=No	_	_	_	_	_	0-2(54)
254-2	PST206	254	2	l'	l'	_	_	_	_	_	linguistic	_	ContainsVariation=No	SpaceAfter=No	_	_	_	_	0-2(54)
254-3	PST206	254	3	hai	hai	_	_	_	_	_	linguistic	_	ContainsVariation=No	_	_	_	_	_	0-3(54)
254-4	PST206	254	4	già	già	_	_	_	_	_	linguistic	_	ContainsVariation=No	_	_	_	_	_	0-3(54)
254-5	PST206	254	5	detto]	detto	_	_	_	_	_	linguistic	_	ContainsVariation=No	_	End=581.37	_	_	_	0-5(54)
255-0	PST206	255	0	tua	tua	_	_	_	_	_	linguistic	_	ContainsVariation=No	_	Begin=586.04	_	_	_	_
255-1	PST206	255	1	madre	madre	_	_	_	_	_	linguistic	_	ContainsVariation=No	_	_	_	_	_	_
255-2	PST206	255	2	ha	ha	_	_	_	_	_	linguistic	_	ContainsVariation=No	_	_	_	_	_	_
255-3	PST206	255	3	mai	mai	_	_	_	_	_	linguistic	_	ContainsVariation=No	_	_	_	_	_	_
255-4	PST206	255	4	lavorato?	lavorato	_	_	_	_	_	linguistic	_	ContainsVariation=No	Intonation=Rising	End=587.24	_	_	_	_
256-0	PST017	256	0	mai	mai	_	_	_	_	_	linguistic	_	ContainsVariation=No	_	Begin=587.415|End=587.845	_	_	_	_
257-0	PST017	257	0	°no,	no	_	_	_	_	_	linguistic	_	ContainsVariation=No	Intonation=WeaklyRising|Volume=low	Begin=588.625	_	_	_	_
257-1	PST017	257	1	non	non	_	_	_	_	_	linguistic	_	ContainsVariation=No	Volume=low	_	_	_	_	_
257-2	PST017	257	2	ha	ha	_	_	_	_	_	linguistic	_	ContainsVariation=No	Volume=low	_	_	_	_	_
257-3	PST017	257	3	mai	mai	_	_	_	_	_	linguistic	_	ContainsVariation=No	Volume=low	_	_	_	_	_
257-4	PST017	257	4	lavorato°	lavorato	_	_	_	_	_	linguistic	_	ContainsVariation=No	Volume=low	End=589.795	_	_	_	_
258-0	PST206	258	0	hai:	hai	_	_	_	_	_	linguistic	_	ContainsVariation=No	_	Begin=591.44	2x1	_	_	_
258-1	PST206	258	1	ricevuto	ricevuto	_	_	_	_	_	linguistic	_	ContainsVariation=No	_	_	_	_	_	_
258-2	PST206	258	2	tutta	tutta	_	_	_	_	_	linguistic	_	ContainsVariation=No	_	_	_	_	_	_
258-3	PST206	258	3	la	la	_	_	_	_	_	linguistic	_	ContainsVariation=No	_	_	_	_	_	_
258-4	PST206	258	4	tua	tua	_	_	_	_	_	linguistic	_	ContainsVariation=No	_	_	_	_	_	_
258-5	PST206	258	5	istruzione	istruzione	_	_	_	_	_	linguistic	_	ContainsVariation=No	_	_	_	_	_	_
258-6	PST206	258	6	in	in	_	_	_	_	_	linguistic	_	ContainsVariation=No	_	_	_	_	_	_
258-7	PST206	258	7	italia?	italia	_	_	_	_	_	linguistic	_	ContainsVariation=No	Intonation=Rising	End=593.69	_	_	_	_
259-0	PST017	259	0	no	no	_	_	_	_	_	linguistic	_	ContainsVariation=No	PauseAfter=Yes	Begin=594.26	_	_	_	_
259-1	PST017	259	1	(.)	(.)	_	_	_	_	_	shortpause	_	ContainsVariation=No	_	_	_	_	_	_
259-2	PST017	259	2	ho	ho	_	_	_	_	_	linguistic	_	ContainsVariation=No	_	_	_	_	_	_
259-3	PST017	259	3	fatto:	fatto	_	_	_	_	_	linguistic	_	ContainsVariation=No	_	End=596.61	4x1	_	_	_
260-0	PST017	260	0	fino	fino	_	_	_	_	_	linguistic	_	ContainsVariation=No	_	Begin=597.67	_	_	_	_
260-1	PST017	260	1	alla	alla	_	_	_	_	_	linguistic	_	ContainsVariation=No	_	_	_	_	_	_
260-2	PST017	260	2	quarta	quarta	_	_	_	_	_	linguistic	_	ContainsVariation=No	_	_	_	_	_	_
260-3	PST017	260	3	elementare	elementare	_	_	_	_	_	linguistic	_	ContainsVariation=No	_	_	_	_	_	_
260-4	PST017	260	4	in	in	_	_	_	_	_	linguistic	_	ContainsVariation=No	_	_	_	_	_	_
260-5	PST017	260	5	marocco	marocco	_	_	_	_	_	linguistic	_	ContainsVariation=No	_	End=599.28	_	_	_	_
261-0	PST017	261	0	poi:	poi	_	_	_	_	_	linguistic	_	ContainsVariation=No	_	Begin=599.87	2x1	_	_	_
261-1	PST017	261	1	da	da	_	_	_	_	_	linguistic	_	ContainsVariation=No	_	_	_	_	_	_
261-2	PST017	261	2	qui	qui	_	_	_	_	_	linguistic	_	ContainsVariation=No	_	_	_	_	_	_
261-3	PST017	261	3	ho	ho	_	_	_	_	_	linguistic	_	ContainsVariation=No	_	_	_	_	_	_
261-4	PST017	261	4	preso:	preso	_	_	_	_	_	linguistic	_	ContainsVariation=No	_	_	4x1	_	_	_
261-5	PST017	261	5	dalla	dalla	_	_	_	_	_	linguistic	_	ContainsVariation=No	_	_	_	_	_	_
261-6	PST017	261	6	quinta	quinta	_	_	_	_	_	linguistic	_	ContainsVariation=No	_	_	_	_	_	_
261-7	PST017	261	7	e	e	_	_	_	_	_	linguistic	_	ContainsVariation=No	_	End=602.84	_	_	_	_
262-0	PST206	262	0	non	non	_	_	_	_	_	linguistic	_	ContainsVariation=No	_	Begin=603.29	_	_	_	_
262-1	PST206	262	1	hai	hai	_	_	_	_	_	linguistic	_	ContainsVariation=No	_	_	_	_	_	_
262-2	PST206	262	2	mai	mai	_	_	_	_	_	linguistic	_	ContainsVariation=No	_	_	_	_	_	_
262-3	PST206	262	3	interrotto	interrotto	_	_	_	_	_	linguistic	_	ContainsVariation=No	_	_	_	_	_	_
262-4	PST206	262	4	la	la	_	_	_	_	_	linguistic	_	ContainsVariation=No	_	_	_	_	_	_
262-5	PST206	262	5	tua	tua	_	_	_	_	_	linguistic	_	ContainsVariation=No	_	_	_	_	_	_
262-6	PST206	262	6	[istruzione:],	istruzione	_	_	_	_	_	linguistic	_	ContainsVariation=No	Intonation=WeaklyRising	_	9x1	_	_	0-10(55)
262-7	PST206	262	7	durante	durante	_	_	_	_	_	linguistic	_	ContainsVariation=No	_	_	_	_	_	_
262-8	PST206	262	8	questi	questi	_	_	_	_	_	linguistic	_	ContainsVariation=No	_	_	_	_	_	_
262-9	PST206	262	9	anni:	anni	_	_	_	_	_	linguistic	_	ContainsVariation=No	_	End=607.55	3x1	_	_	_
263-0	PST017	263	0	[ehm,	ehm	_	_	_	_	_	linguistic	_	ContainsVariation=No	Intonation=WeaklyRising	Begin=605.645	_	_	_	0-3(55)
263-1	PST017	263	1	no]	no	_	_	_	_	_	linguistic	_	ContainsVariation=No	_	End=605.995	_	_	_	0-2(55)
264-0	PST017	264	0	no	no	_	_	_	_	_	linguistic	_	ContainsVariation=No	_	Begin=607.58	_	_	_	_
264-1	PST017	264	1	no	no	_	_	_	_	_	linguistic	_	ContainsVariation=No	_	_	_	_	_	_
264-2	PST017	264	2	mai	mai	_	_	_	_	_	linguistic	_	ContainsVariation=No	_	End=608.235	_	_	_	_
265-0	PST206	265	0	ritornando	ritornando	_	_	_	_	_	linguistic	_	ContainsVariation=No	_	Begin=608.235	_	_	_	_
265-1	PST206	265	1	da	da	_	_	_	_	_	linguistic	_	ContainsVariation=No	_	_	_	_	_	_
265-2	PST206	265	2	qualche	qualche	_	_	_	_	_	linguistic	_	ContainsVariation=No	_	_	_	_	_	_
265-3	PST206	265	3	par~,	par~	_	_	_	_	_	linguistic	_	ContainsVariation=No	Intonation=WeaklyRising|Interrupted=Yes	_	_	_	_	_
265-4	PST206	265	4	eh	eh	_	_	_	_	_	linguistic	_	ContainsVariation=No	_	_	_	_	_	_
265-5	PST206	265	5	ritornando	ritornando	_	_	_	_	_	linguistic	_	ContainsVariation=No	_	_	_	_	_	_
265-6	PST206	265	6	in	in	_	_	_	_	_	linguistic	_	ContainsVariation=No	_	_	_	_	_	_
265-7	PST206	265	7	marocco	marocco	_	_	_	_	_	linguistic	_	ContainsVariation=No	_	_	_	_	_	_
265-8	PST206	265	8	o	o	_	_	_	_	_	linguistic	_	ContainsVariation=No	_	_	_	_	_	_
265-9	PST206	265	9	andando	andando	_	_	_	_	_	linguistic	_	ContainsVariation=No	_	_	_	_	_	_
265-10	PST206	265	10	da	da	_	_	_	_	_	linguistic	_	ContainsVariation=No	_	_	_	_	_	_
265-11	PST206	265	11	qualche	qualche	_	_	_	_	_	linguistic	_	ContainsVariation=No	_	_	_	_	_	_
265-12	PST206	265	12	altra	altra	_	_	_	_	_	linguistic	_	ContainsVariation=No	_	_	_	_	_	_
265-13	PST206	265	13	parte	parte	_	_	_	_	_	linguistic	_	ContainsVariation=No	_	End=612.26	_	_	_	_
266-0	PST017	266	0	no:	no	_	_	_	_	_	linguistic	_	ContainsVariation=No	_	Begin=612.34	1x1	_	_	_
266-1	PST017	266	1	mai.	mai	_	_	_	_	_	linguistic	_	ContainsVariation=No	Intonation=Falling	End=613.45	_	_	_	_
267-0	PST206	267	0	e:	e	_	_	_	_	_	linguistic	_	ContainsVariation=No	_	Begin=614.66	0x1	_	_	_
267-1	PST206	267	1	come	come	_	_	_	_	_	linguistic	_	ContainsVariation=No	_	_	_	_	_	_
267-2	PST206	267	2	ti	ti	_	_	_	_	_	linguistic	_	ContainsVariation=No	_	_	_	_	_	_
267-3	PST206	267	3	trovi,	trovi	_	_	_	_	_	linguistic	_	ContainsVariation=No	Intonation=WeaklyRising	_	_	_	_	_
267-4	PST206	267	4	come	come	_	_	_	_	_	linguistic	_	ContainsVariation=No	_	_	_	_	_	_
267-5	PST206	267	5	ti	ti	_	_	_	_	_	linguistic	_	ContainsVariation=No	_	_	_	_	_	_
267-6	PST206	267	6	trovavi	trovavi	_	_	_	_	_	linguistic	_	ContainsVariation=No	_	_	_	_	_	_
267-7	PST206	267	7	a	a	_	_	_	_	_	linguistic	_	ContainsVariation=No	_	_	_	_	_	_
267-8	PST206	267	8	scuola?	scuola	_	_	_	_	_	linguistic	_	ContainsVariation=No	Intonation=Rising	End=617.98	_	_	_	_
268-0	PST017	268	0	m:h	mh	_	_	_	_	_	linguistic	_	ContainsVariation=No	PauseAfter=Yes	Begin=619.56	0x1	_	_	_
268-1	PST017	268	1	(.)	(.)	_	_	_	_	_	shortpause	_	ContainsVariation=No	_	_	_	_	_	_
268-2	PST017	268	2	bene	bene	_	_	_	_	_	linguistic	_	ContainsVariation=No	_	_	_	_	_	_
268-3	PST017	268	3	ma	ma	_	_	_	_	_	linguistic	_	ContainsVariation=No	_	_	_	_	_	_
268-4	PST017	268	4	nello	nello	_	_	_	_	_	linguistic	_	ContainsVariation=No	_	_	_	_	_	_
268-5	PST017	268	5	stesso	stesso	_	_	_	_	_	linguistic	_	ContainsVariation=No	_	_	_	_	_	_
268-6	PST017	268	6	tempo	tempo	_	_	_	_	_	linguistic	_	ContainsVariation=No	_	_	_	_	_	_
268-7	PST017	268	7	male	male	_	_	_	_	_	linguistic	_	ContainsVariation=No	_	End=622.97	_	_	_	_
269-0	PST017	269	0	e::h	eh	_	_	_	_	_	linguistic	_	ContainsVariation=No	_	Begin=623.1	0x2	_	_	_
269-1	PST017	269	1	perché:	perché	_	_	_	_	_	linguistic	_	ContainsVariation=No	_	_	5x1	_	_	_
269-2	PST017	269	2	non	non	_	_	_	_	_	linguistic	_	ContainsVariation=No	_	_	_	_	_	_
269-3	PST017	269	3	sono	sono	_	_	_	_	_	linguistic	_	ContainsVariation=No	_	_	_	_	_	_
269-4	PST017	269	4	una	una	_	_	_	_	_	linguistic	_	ContainsVariation=No	_	_	_	_	_	_
269-5	PST017	269	5	che	che	_	_	_	_	_	linguistic	_	ContainsVariation=No	_	_	_	_	_	_
269-6	PST017	269	6	parla:	parla	_	_	_	_	_	linguistic	_	ContainsVariation=No	_	_	4x1	_	_	_
269-7	PST017	269	7	molto,	molto	_	_	_	_	_	linguistic	_	ContainsVariation=No	Intonation=WeaklyRising	End=627.14	_	_	_	_
270-0	PST017	270	0	sono	sono	_	_	_	_	_	linguistic	_	ContainsVariation=No	_	Begin=627.31	_	_	_	_
270-1	PST017	270	1	molto	molto	_	_	_	_	_	linguistic	_	ContainsVariation=No	_	_	_	_	_	_
270-2	PST017	270	2	timida,	timida	_	_	_	_	_	linguistic	_	ContainsVariation=No	Intonation=WeaklyRising	End=628.72	_	_	_	_
271-0	PST017	271	0	ma	ma	_	_	_	_	_	linguistic	_	ContainsVariation=No	_	Begin=629.07	_	_	_	_
271-1	PST017	271	1	non	non	_	_	_	_	_	linguistic	_	ContainsVariation=No	_	_	_	_	_	_
271-2	PST017	271	2	solo	solo	_	_	_	_	_	linguistic	_	ContainsVariation=No	_	_	_	_	_	_
271-3	PST017	271	3	sono~	sono~	_	_	_	_	_	linguistic	_	ContainsVariation=No	Interrupted=Yes	_	_	_	_	_
271-4	PST017	271	4	ma	ma	_	_	_	_	_	linguistic	_	ContainsVariation=No	_	_	_	_	_	_
271-5	PST017	271	5	non	non	_	_	_	_	_	linguistic	_	ContainsVariation=No	_	_	_	_	_	_
271-6	PST017	271	6	solo	solo	_	_	_	_	_	linguistic	_	ContainsVariation=No	_	_	_	_	_	_
271-7	PST017	271	7	per	per	_	_	_	_	_	linguistic	_	ContainsVariation=No	_	_	_	_	_	_
271-8	PST017	271	8	questo.	questo	_	_	_	_	_	linguistic	_	ContainsVariation=No	Intonation=Falling	_	_	_	_	_
271-9	PST017	271	9	non	non	_	_	_	_	_	linguistic	_	ContainsVariation=No	_	_	_	_	_	_
271-10	PST017	271	10	solo	solo	_	_	_	_	_	linguistic	_	ContainsVariation=No	_	_	_	_	_	_
271-11	PST017	271	11	perché	perché	_	_	_	_	_	linguistic	_	ContainsVariation=No	_	_	_	_	_	_
271-12	PST017	271	12	sono	sono	_	_	_	_	_	linguistic	_	ContainsVariation=No	_	_	_	_	_	_
271-13	PST017	271	13	molto	molto	_	_	_	_	_	linguistic	_	ContainsVariation=No	_	_	_	_	_	_
271-14	PST017	271	14	timida,	timida	_	_	_	_	_	linguistic	_	ContainsVariation=No	Intonation=WeaklyRising	_	_	_	_	_
271-15	PST017	271	15	ma	ma	_	_	_	_	_	linguistic	_	ContainsVariation=No	_	_	_	_	_	_
271-16	PST017	271	16	perché	perché	_	_	_	_	_	linguistic	_	ContainsVariation=No	_	End=633.23	_	_	_	_
272-0	PST017	272	0	e::h	eh	_	_	_	_	_	linguistic	_	ContainsVariation=No	_	Begin=634.04	0x2	_	_	_
272-1	PST017	272	1	se	se	_	_	_	_	_	linguistic	_	ContainsVariation=No	_	_	_	_	_	_
272-2	PST017	272	2	mi	mi	_	_	_	_	_	linguistic	_	ContainsVariation=No	_	_	_	_	_	_
272-3	PST017	272	3	parli	parli	_	_	_	_	_	linguistic	_	ContainsVariation=No	_	_	_	_	_	_
272-4	PST017	272	4	in	in	_	_	_	_	_	linguistic	_	ContainsVariation=No	_	_	_	_	_	_
272-5	PST017	272	5	arabo	arabo	_	_	_	_	_	linguistic	_	ContainsVariation=No	_	_	_	_	_	_
272-6	PST017	272	6	forse:	forse	_	_	_	_	_	linguistic	_	ContainsVariation=No	_	_	4x1	_	_	_
272-7	PST017	272	7	riesco	riesco	_	_	_	_	_	linguistic	_	ContainsVariation=No	_	_	_	_	_	_
272-8	PST017	272	8	anche:	anche	_	_	_	_	_	linguistic	_	ContainsVariation=No	_	_	4x1	_	_	_
272-9	PST017	272	9	mh	mh	_	_	_	_	_	linguistic	_	ContainsVariation=No	_	End=637.72	_	_	_	_
273-0	PST017	273	0	a	a	_	_	_	_	_	linguistic	_	ContainsVariation=No	_	Begin=638.025	_	_	_	_
273-1	PST017	273	1	fare:	fare	_	_	_	_	_	linguistic	_	ContainsVariation=No	_	_	3x1	_	_	_
273-2	PST017	273	2	senza	senza	_	_	_	_	_	linguistic	_	ContainsVariation=No	_	_	_	_	_	_
273-3	PST017	273	3	creare	creare	_	_	_	_	_	linguistic	_	ContainsVariation=No	_	_	_	_	_	_
273-4	PST017	273	4	un:	un	_	_	_	_	_	linguistic	_	ContainsVariation=No	_	_	1x1	_	_	_
273-5	PST017	273	5	argome~	argome~	_	_	_	_	_	linguistic	_	ContainsVariation=No	Interrupted=Yes	_	_	_	_	_
273-6	PST017	273	6	nean~	nean~	_	_	_	_	_	linguistic	_	ContainsVariation=No	Interrupted=Yes	_	_	_	_	_
273-7	PST017	273	7	nel	nel	_	_	_	_	_	linguistic	_	ContainsVariation=No	_	_	_	_	_	_
273-8	PST017	273	8	senso	senso	_	_	_	_	_	linguistic	_	ContainsVariation=No	_	_	_	_	_	_
273-9	PST017	273	9	dialogare,	dialogare	_	_	_	_	_	linguistic	_	ContainsVariation=No	Intonation=WeaklyRising	End=641.675	_	_	_	_
274-0	PST017	274	0	e::h	eh	_	_	_	_	_	linguistic	_	ContainsVariation=No	_	Begin=642.295	0x2	_	_	_
274-1	PST017	274	1	oppure:	oppure	_	_	_	_	_	linguistic	_	ContainsVariation=No	_	End=643.815	5x1	_	_	_
275-0	PST017	275	0	parlare:	parlare	_	_	_	_	_	linguistic	_	ContainsVariation=No	_	Begin=643.93	6x1	_	_	_
275-1	PST017	275	1	molto	molto	_	_	_	_	_	linguistic	_	ContainsVariation=No	_	_	_	_	_	_
275-2	PST017	275	2	liberamente,	liberamente	_	_	_	_	_	linguistic	_	ContainsVariation=No	Intonation=WeaklyRising	End=646.26	_	_	_	_
276-0	PST017	276	0	invece	invece	_	_	_	_	_	linguistic	_	ContainsVariation=No	_	Begin=646.61	_	_	_	_
276-1	PST017	276	1	in	in	_	_	_	_	_	linguistic	_	ContainsVariation=No	_	_	_	_	_	_
276-2	PST017	276	2	italiano	italiano	_	_	_	_	_	linguistic	_	ContainsVariation=No	_	_	_	_	_	_
276-3	PST017	276	3	no	no	_	_	_	_	_	linguistic	_	ContainsVariation=No	_	_	_	_	_	_
276-4	PST017	276	4	perché	perché	_	_	_	_	_	linguistic	_	ContainsVariation=No	_	_	_	_	_	_
276-5	PST017	276	5	ho	ho	_	_	_	_	_	linguistic	_	ContainsVariation=No	_	_	_	_	_	_
276-6	PST017	276	6	paura	paura	_	_	_	_	_	linguistic	_	ContainsVariation=No	_	_	_	_	_	_
276-7	PST017	276	7	sempre	sempre	_	_	_	_	_	linguistic	_	ContainsVariation=No	_	_	_	_	_	_
276-8	PST017	276	8	di	di	_	_	_	_	_	linguistic	_	ContainsVariation=No	_	_	_	_	_	_
276-9	PST017	276	9	sbagliare	sbagliare	_	_	_	_	_	linguistic	_	ContainsVariation=No	_	End=649.75	_	_	_	_
277-0	PST017	277	0	oppure	oppure	_	_	_	_	_	linguistic	_	ContainsVariation=No	_	Begin=649.785	_	_	_	_
277-1	PST017	277	1	le	le	_	_	_	_	_	linguistic	_	ContainsVariation=No	_	_	_	_	_	_
277-2	PST017	277	2	parole	parole	_	_	_	_	_	linguistic	_	ContainsVariation=No	_	_	_	_	_	_
277-3	PST017	277	3	non	non	_	_	_	_	_	linguistic	_	ContainsVariation=No	_	_	_	_	_	_
277-4	PST017	277	4	mi	mi	_	_	_	_	_	linguistic	_	ContainsVariation=No	_	_	_	_	_	_
277-5	PST017	277	5	vengono,	vengono	_	_	_	_	_	linguistic	_	ContainsVariation=No	Intonation=WeaklyRising	End=651.575	_	_	_	_
278-0	PST017	278	0	oppure	oppure	_	_	_	_	_	linguistic	_	ContainsVariation=No	PauseAfter=Yes	Begin=651.815	_	_	_	_
278-1	PST017	278	1	(.)	(.)	_	_	_	_	_	shortpause	_	ContainsVariation=No	_	_	_	_	_	_
278-2	PST017	278	2	nel	nel	_	_	_	_	_	linguistic	_	ContainsVariation=No	_	_	_	_	_	_
278-3	PST017	278	3	senso	senso	_	_	_	_	_	linguistic	_	ContainsVariation=No	_	_	_	_	_	_
278-4	PST017	278	4	mi	mi	_	_	_	_	_	linguistic	_	ContainsVariation=No	_	_	_	_	_	_
278-5	PST017	278	5	blocco,	blocco	_	_	_	_	_	linguistic	_	ContainsVariation=No	Intonation=WeaklyRising	_	_	_	_	_
278-6	PST017	278	6	non:	non	_	_	_	_	_	linguistic	_	ContainsVariation=No	_	End=654.355	2x1	_	_	_
279-0	PST017	279	0	non	non	_	_	_	_	_	linguistic	_	ContainsVariation=No	_	Begin=654.46	_	_	_	_
279-1	PST017	279	1	riesco:	riesco	_	_	_	_	_	linguistic	_	ContainsVariation=No	_	_	5x1	_	_	_
279-2	PST017	279	2	ad	ad	_	_	_	_	_	linguistic	_	ContainsVariation=No	_	_	_	_	_	_
279-3	PST017	279	3	esprimermi	esprimermi	_	_	_	_	_	linguistic	_	ContainsVariation=No	_	_	_	_	_	_
279-4	PST017	279	4	meglio	meglio	_	_	_	_	_	linguistic	_	ContainsVariation=No	_	_	_	_	_	_
279-5	PST017	279	5	in	in	_	_	_	_	_	linguistic	_	ContainsVariation=No	_	_	_	_	_	_
279-6	PST017	279	6	italiano.	italiano	_	_	_	_	_	linguistic	_	ContainsVariation=No	Intonation=Falling	_	_	_	_	_
279-7	PST017	279	7	ma	ma	_	_	_	_	_	linguistic	_	ContainsVariation=No	_	_	_	_	_	_
279-8	PST017	279	8	in	in	_	_	_	_	_	linguistic	_	ContainsVariation=No	_	_	_	_	_	_
279-9	PST017	279	9	arabo	arabo	_	_	_	_	_	linguistic	_	ContainsVariation=No	_	End=658.2	_	_	_	_
280-0	PST017	280	0	più	più	_	_	_	_	_	linguistic	_	ContainsVariation=No	_	Begin=658.655	_	_	_	_
280-1	PST017	280	1	o	o	_	_	_	_	_	linguistic	_	ContainsVariation=No	_	_	_	_	_	_
280-2	PST017	280	2	meno	meno	_	_	_	_	_	linguistic	_	ContainsVariation=No	_	_	_	_	_	_
280-3	PST017	280	3	sì	sì	_	_	_	_	_	linguistic	_	ContainsVariation=No	_	End=659.555	_	_	_	_
281-0	PST206	281	0	e	e	_	_	_	_	_	linguistic	_	ContainsVariation=No	_	Begin=659.74	_	_	_	_
281-1	PST206	281	1	come	come	_	_	_	_	_	linguistic	_	ContainsVariation=No	_	_	_	_	_	_
281-2	PST206	281	2	ti	ti	_	_	_	_	_	linguistic	_	ContainsVariation=No	_	_	_	_	_	_
281-3	PST206	281	3	trovavi	trovavi	_	_	_	_	_	linguistic	_	ContainsVariation=No	_	_	_	_	_	_
281-4	PST206	281	4	a	a	_	_	_	_	_	linguistic	_	ContainsVariation=No	_	_	_	_	_	_
281-5	PST206	281	5	scuola	scuola	_	_	_	_	_	linguistic	_	ContainsVariation=No	_	_	_	_	_	_
281-6	PST206	281	6	in	in	_	_	_	_	_	linguistic	_	ContainsVariation=No	_	_	_	_	_	_
281-7	PST206	281	7	marocco?	marocco	_	_	_	_	_	linguistic	_	ContainsVariation=No	Intonation=Rising	End=661.59	_	_	_	_
282-0	PST017	282	0	ehm	ehm	_	_	_	_	_	linguistic	_	ContainsVariation=No	_	Begin=661.97|End=662.56	_	_	_	_
283-0	PST017	283	0	sì	sì	_	_	_	_	_	linguistic	_	ContainsVariation=No	_	Begin=663.7	_	_	_	_
283-1	PST017	283	1	anche	anche	_	_	_	_	_	linguistic	_	ContainsVariation=No	_	_	_	_	_	_
283-2	PST017	283	2	lì.	lì	_	_	_	_	_	linguistic	_	ContainsVariation=No	Intonation=Falling	_	_	_	_	_
283-3	PST017	283	3	anche	anche	_	_	_	_	_	linguistic	_	ContainsVariation=No	_	_	_	_	_	_
283-4	PST017	283	4	se	se	_	_	_	_	_	linguistic	_	ContainsVariation=No	_	_	_	_	_	_
283-5	PST017	283	5	ero	ero	_	_	_	_	_	linguistic	_	ContainsVariation=No	_	_	_	_	_	_
283-6	PST017	283	6	timida	timida	_	_	_	_	_	linguistic	_	ContainsVariation=No	_	_	_	_	_	_
283-7	PST017	283	7	anche	anche	_	_	_	_	_	linguistic	_	ContainsVariation=No	_	_	_	_	_	_
283-8	PST017	283	8	in	in	_	_	_	_	_	linguistic	_	ContainsVariation=No	_	_	_	_	_	_
283-9	PST017	283	9	marocco,	marocco	_	_	_	_	_	linguistic	_	ContainsVariation=No	Intonation=WeaklyRising	End=666.16	_	_	_	_
284-0	PST017	284	0	però	però	_	_	_	_	_	linguistic	_	ContainsVariation=No	_	Begin=666.54	_	_	_	_
284-1	PST017	284	1	lì	lì	_	_	_	_	_	linguistic	_	ContainsVariation=No	_	_	_	_	_	_
284-2	PST017	284	2	avevo	avevo	_	_	_	_	_	linguistic	_	ContainsVariation=No	_	_	_	_	_	_
284-3	PST017	284	3	più	più	_	_	_	_	_	linguistic	_	ContainsVariation=No	_	_	_	_	_	_
284-4	PST017	284	4	amici,	amici	_	_	_	_	_	linguistic	_	ContainsVariation=No	Intonation=WeaklyRising	End=668.39	_	_	_	_
285-0	PST017	285	0	e:m:	em	_	_	_	_	_	linguistic	_	ContainsVariation=No	_	Begin=668.87	0x1,1x1	_	_	_
285-1	PST017	285	1	perché	perché	_	_	_	_	_	linguistic	_	ContainsVariation=No	_	End=670.2	_	_	_	_
286-0	PST017	286	0	m:h	mh	_	_	_	_	_	linguistic	_	ContainsVariation=No	PauseAfter=Yes	Begin=671.08	0x1	_	_	_
286-1	PST017	286	1	(.)	(.)	_	_	_	_	_	shortpause	_	ContainsVariation=No	_	_	_	_	_	_
286-2	PST017	286	2	non,	non	_	_	_	_	_	linguistic	_	ContainsVariation=No	Intonation=WeaklyRising	_	_	_	_	_
286-3	PST017	286	3	non	non	_	_	_	_	_	linguistic	_	ContainsVariation=No	_	End=674.07	_	_	_	_
287-0	PST017	287	0	in	in	_	_	_	_	_	linguistic	_	ContainsVariation=No	_	Begin=676.1	_	_	_	_
287-1	PST017	287	1	marocco,	marocco	_	_	_	_	_	linguistic	_	ContainsVariation=No	Intonation=WeaklyRising|PauseAfter=Yes	_	_	_	_	_
287-2	PST017	287	2	(.)	(.)	_	_	_	_	_	shortpause	_	ContainsVariation=No	_	_	_	_	_	_
287-3	PST017	287	3	le	le	_	_	_	_	_	linguistic	_	ContainsVariation=No	_	_	_	_	_	_
287-4	PST017	287	4	persone	persone	_	_	_	_	_	linguistic	_	ContainsVariation=No	_	_	_	_	_	_
287-5	PST017	287	5	non	non	_	_	_	_	_	linguistic	_	ContainsVariation=No	_	_	_	_	_	_
287-6	PST017	287	6	so	so	_	_	_	_	_	linguistic	_	ContainsVariation=No	_	End=678.56	_	_	_	_
288-0	PST017	288	0	#yaʕni::	yaʕni	_	_	_	_	_	linguistic	_	ContainsVariation=Yes|Variety=Other|Language=NO_ISO_CODE	_	Begin=678.795	4x2	_	_	_
288-1	PST017	288	1	e::h	eh	_	_	_	_	_	linguistic	_	ContainsVariation=Yes	_	_	0x2	_	_	_
288-2	PST017	288	2	i	i	_	_	_	_	_	linguistic	_	ContainsVariation=Yes	_	_	_	_	_	_
288-3	PST017	288	3	miei	miei	_	_	_	_	_	linguistic	_	ContainsVariation=Yes	_	_	_	_	_	_
288-4	PST017	288	4	compagni	compagni	_	_	_	_	_	linguistic	_	ContainsVariation=Yes	_	_	_	_	_	_
288-5	PST017	288	5	#hnāk	hnāk	_	_	_	_	_	linguistic	_	ContainsVariation=Yes|Variety=Other|Language=NO_ISO_CODE	_	_	_	_	_	_
288-6	PST017	288	6	#fi	fi	_	_	_	_	_	linguistic	_	ContainsVariation=Yes|Variety=Other|Language=NO_ISO_CODE	_	_	_	_	_	_
288-7	PST017	288	7	#l-maghrǝb	l-maghrǝb	_	_	_	_	_	linguistic	_	ContainsVariation=Yes|Variety=Other|Language=NO_ISO_CODE	_	End=681.885	_	_	_	_
290-0	PST017	290	0	che	che	_	_	_	_	_	linguistic	_	ContainsVariation=No	_	Begin=682.205	_	_	_	_
290-1	PST017	290	1	hanno	hanno	_	_	_	_	_	linguistic	_	ContainsVariation=No	_	_	_	_	_	_
290-2	PST017	290	2	più	più	_	_	_	_	_	linguistic	_	ContainsVariation=No	_	End=683.605	_	_	_	_
291-0	PST017	291	0	#_ yaʕni	yaʕni	_	_	_	_	_	linguistic	_	ContainsVariation=Yes|Variety=Other|Language=NO_ISO_CODE	_	Begin=684.02	_	_	_	_
291-1	PST017	291	1	bi-ytkellimu	bi-ytkellimu	_	_	_	_	_	linguistic	_	ContainsVariation=Yes|Variety=Other|Language=NO_ISO_CODE	_	_	_	_	_	_
291-2	PST017	291	2	mʕā-k,	mʕā-k	_	_	_	_	_	linguistic	_	ContainsVariation=Yes|Variety=Other|Language=NO_ISO_CODE	Intonation=WeaklyRising	End=685.39	_	_	_	_
293-0	PST017	293	0	#ḥatta	ḥatta	_	_	_	_	_	linguistic	_	ContainsVariation=Yes|Variety=Other|Language=NO_ISO_CODE	_	Begin=685.7	_	_	_	_
293-1	PST017	293	1	se	se	_	_	_	_	_	linguistic	_	ContainsVariation=Yes	_	_	_	_	_	_
293-2	PST017	293	2	tu	tu	_	_	_	_	_	linguistic	_	ContainsVariation=Yes	_	_	_	_	_	_
293-3	PST017	293	3	stavi	stavi	_	_	_	_	_	linguistic	_	ContainsVariation=Yes	_	_	_	_	_	_
293-4	PST017	293	4	zitta,	zitta	_	_	_	_	_	linguistic	_	ContainsVariation=Yes	Intonation=WeaklyRising	End=687.41	_	_	_	_
295-0	PST017	295	0	#_ ma	ma	_	_	_	_	_	linguistic	_	ContainsVariation=Yes|Variety=Other|Language=NO_ISO_CODE	_	Begin=687.63	_	_	_	_
295-1	PST017	295	1	kā	kā	_	_	_	_	_	linguistic	_	ContainsVariation=Yes|Variety=Other|Language=NO_ISO_CODE	_	_	_	_	_	_
295-2	PST017	295	2	nu	nu	_	_	_	_	_	linguistic	_	ContainsVariation=Yes|Variety=Other|Language=NO_ISO_CODE	_	_	_	_	_	_
295-3	PST017	295	3	bi-ytkellimu	bi-ytkellimu	_	_	_	_	_	linguistic	_	ContainsVariation=Yes|Variety=Other|Language=NO_ISO_CODE	_	_	_	_	_	_
295-4	PST017	295	4	mʕā-k	mʕā-k	_	_	_	_	_	linguistic	_	ContainsVariation=Yes|Variety=Other|Language=NO_ISO_CODE	_	End=689.15	_	_	_	_
297-0	PST017	297	0	#mush~	mush~	_	_	_	_	_	linguistic	_	ContainsVariation=Yes|Variety=Other|Language=NO_ISO_CODE	Interrupted=Yes	Begin=689.395|End=689.885	_	_	_	_
299-0	PST017	299	0	qui	qui	_	_	_	_	_	linguistic	_	ContainsVariation=No	_	Begin=690.185	_	_	_	_
299-1	PST017	299	1	invece	invece	_	_	_	_	_	linguistic	_	ContainsVariation=No	_	_	_	_	_	_
299-2	PST017	299	2	in	in	_	_	_	_	_	linguistic	_	ContainsVariation=No	_	_	_	_	_	_
299-3	PST017	299	3	italia	italia	_	_	_	_	_	linguistic	_	ContainsVariation=No	_	_	_	_	_	_
299-4	PST017	299	4	se	se	_	_	_	_	_	linguistic	_	ContainsVariation=No	_	_	_	_	_	_
299-5	PST017	299	5	tu	tu	_	_	_	_	_	linguistic	_	ContainsVariation=No	_	_	_	_	_	_
299-6	PST017	299	6	stai	stai	_	_	_	_	_	linguistic	_	ContainsVariation=No	_	_	_	_	_	_
299-7	PST017	299	7	zitta	zitta	_	_	_	_	_	linguistic	_	ContainsVariation=No	_	_	_	_	_	_
299-8	PST017	299	8	e:	e	_	_	_	_	_	linguistic	_	ContainsVariation=No	_	_	0x1	_	_	_
299-9	PST017	299	9	da	da	_	_	_	_	_	linguistic	_	ContainsVariation=No	_	_	_	_	_	_
299-10	PST017	299	10	sola	sola	_	_	_	_	_	linguistic	_	ContainsVariation=No	_	_	_	_	_	_
299-11	PST017	299	11	in	in	_	_	_	_	_	linguistic	_	ContainsVariation=No	_	_	_	_	_	_
299-12	PST017	299	12	un	un	_	_	_	_	_	linguistic	_	ContainsVariation=No	_	_	_	_	_	_
299-13	PST017	299	13	angolo	angolo	_	_	_	_	_	linguistic	_	ContainsVariation=No	_	End=693.855	_	_	_	_
300-0	PST017	300	0	nessuno	nessuno	_	_	_	_	_	linguistic	_	ContainsVariation=No	_	Begin=694.11	_	_	_	_
300-1	PST017	300	1	ti	ti	_	_	_	_	_	linguistic	_	ContainsVariation=No	_	_	_	_	_	_
300-2	PST017	300	2	[nessuno	nessuno	_	_	_	_	_	linguistic	_	ContainsVariation=No	_	_	_	_	_	0-7(56)
300-3	PST017	300	3	ti:	ti	_	_	_	_	_	linguistic	_	ContainsVariation=No	_	_	1x1	_	_	0-2(56)
300-4	PST017	300	4	viene	viene	_	_	_	_	_	linguistic	_	ContainsVariation=No	PauseAfter=Yes	_	_	_	_	0-5(56)
300-5	PST017	300	5	(.)	(.)	_	_	_	_	_	shortpause	_	ContainsVariation=No	_	_	_	_	_	X(56)
300-6	PST017	300	6	di	di	_	_	_	_	_	linguistic	_	ContainsVariation=No	_	_	_	_	_	0-2(56)
300-7	PST017	300	7	parlar]ti	parlarti	_	_	_	_	_	linguistic	_	ContainsVariation=No	_	End=697.98	_	_	_	0-6(56)
301-0	PST206	301	0	[nessuno:	nessuno	_	_	_	_	_	linguistic	_	ContainsVariation=No	PauseAfter=Yes	Begin=694.72	6x1	_	_	0-7(56)
301-1	PST206	301	1	(.)	(.)	_	_	_	_	_	shortpause	_	ContainsVariation=No	_	_	_	_	_	X(56)
301-2	PST206	301	2	,	,	_	_	_	_	_	error	_	ContainsVariation=No	_	_	_	_	_	_
301-3	PST206	301	3	nessuno	nessuno	_	_	_	_	_	linguistic	_	ContainsVariation=No	_	_	_	_	_	0-7(56)
301-4	PST206	301	4	cerca	cerca	_	_	_	_	_	linguistic	_	ContainsVariation=No	_	_	_	_	_	0-5(56)
301-5	PST206	301	5	di	di	_	_	_	_	_	linguistic	_	ContainsVariation=No	_	_	_	_	_	0-2(56)
301-6	PST206	301	6	parlarti]	parlarti	_	_	_	_	_	linguistic	_	ContainsVariation=No	_	End=697.65	_	_	_	0-8(56)
302-0	PST206	302	0	e	e	_	_	_	_	_	linguistic	_	ContainsVariation=No	_	Begin=698.37	_	_	_	_
302-1	PST206	302	1	dunque	dunque	_	_	_	_	_	linguistic	_	ContainsVariation=No	_	_	_	_	_	_
302-2	PST206	302	2	preferivi	preferivi	_	_	_	_	_	linguistic	_	ContainsVariation=No	_	_	_	_	_	_
302-3	PST206	302	3	continuare	continuare	_	_	_	_	_	linguistic	_	ContainsVariation=No	_	_	_	_	_	_
302-4	PST206	302	4	la	la	_	_	_	_	_	linguistic	_	ContainsVariation=No	_	_	_	_	_	_
302-5	PST206	302	5	scuola:	scuola	_	_	_	_	_	linguistic	_	ContainsVariation=No	_	_	5x1	_	_	_
302-6	PST206	302	6	in	in	_	_	_	_	_	linguistic	_	ContainsVariation=No	_	_	_	_	_	_
302-7	PST206	302	7	marocco	marocco	_	_	_	_	_	linguistic	_	ContainsVariation=No	_	_	_	_	_	_
302-8	PST206	302	8	o	o	_	_	_	_	_	linguistic	_	ContainsVariation=No	_	_	_	_	_	_
302-9	PST206	302	9	comunque	comunque	_	_	_	_	_	linguistic	_	ContainsVariation=No	_	_	_	_	_	_
302-10	PST206	302	10	no?	no	_	_	_	_	_	linguistic	_	ContainsVariation=No	Intonation=Rising	End=702.22	_	_	_	_
303-0	PST017	303	0	e::hm	ehm	_	_	_	_	_	linguistic	_	ContainsVariation=No	_	Begin=702.8|End=703.82	0x2	_	_	_
304-0	PST017	304	0	per	per	_	_	_	_	_	linguistic	_	ContainsVariation=No	_	Begin=704.405	_	_	_	_
304-1	PST017	304	1	i	i	_	_	_	_	_	linguistic	_	ContainsVariation=No	_	_	_	_	_	_
304-2	PST017	304	2	miei	miei	_	_	_	_	_	linguistic	_	ContainsVariation=No	_	_	_	_	_	_
304-3	PST017	304	3	ami:ci,	amici	_	_	_	_	_	linguistic	_	ContainsVariation=No	Intonation=WeaklyRising	_	2x1	_	_	_
304-4	PST017	304	4	e	e	_	_	_	_	_	linguistic	_	ContainsVariation=No	_	_	_	_	_	_
304-5	PST017	304	5	come	come	_	_	_	_	_	linguistic	_	ContainsVariation=No	_	_	_	_	_	_
304-6	PST017	304	6	mi	mi	_	_	_	_	_	linguistic	_	ContainsVariation=No	_	_	_	_	_	_
304-7	PST017	304	7	trovavo	trovavo	_	_	_	_	_	linguistic	_	ContainsVariation=No	_	_	_	_	_	_
304-8	PST017	304	8	con	con	_	_	_	_	_	linguistic	_	ContainsVariation=No	_	_	_	_	_	_
304-9	PST017	304	9	i	i	_	_	_	_	_	linguistic	_	ContainsVariation=No	_	_	_	_	_	_
304-10	PST017	304	10	miei	miei	_	_	_	_	_	linguistic	_	ContainsVariation=No	_	_	_	_	_	_
304-11	PST017	304	11	compagni	compagni	_	_	_	_	_	linguistic	_	ContainsVariation=No	_	_	_	_	_	_
304-12	PST017	304	12	sì,	sì	_	_	_	_	_	linguistic	_	ContainsVariation=No	Intonation=WeaklyRising	End=709.215	_	_	_	_
305-0	PST017	305	0	però	però	_	_	_	_	_	linguistic	_	ContainsVariation=No	_	Begin=709.56	_	_	_	_
305-1	PST017	305	1	per	per	_	_	_	_	_	linguistic	_	ContainsVariation=No	_	_	_	_	_	_
305-2	PST017	305	2	gli	gli	_	_	_	_	_	linguistic	_	ContainsVariation=No	_	_	_	_	_	_
305-3	PST017	305	3	studi,	studi	_	_	_	_	_	linguistic	_	ContainsVariation=No	Intonation=WeaklyRising	_	_	_	_	_
305-4	PST017	305	4	per	per	_	_	_	_	_	linguistic	_	ContainsVariation=No	_	_	_	_	_	_
305-5	PST017	305	5	il:	il	_	_	_	_	_	linguistic	_	ContainsVariation=No	_	_	1x1	_	_	_
305-6	PST017	305	6	futuro,	futuro	_	_	_	_	_	linguistic	_	ContainsVariation=No	Intonation=WeaklyRising	_	_	_	_	_
305-7	PST017	305	7	>nel	nel	_	_	_	_	_	linguistic	_	ContainsVariation=No	_	_	_	Fast=0-3(0)	_	_
305-8	PST017	305	8	senso	senso	_	_	_	_	_	linguistic	_	ContainsVariation=No	_	_	_	Fast=0-5(0)	_	_
305-9	PST017	305	9	per	per	_	_	_	_	_	linguistic	_	ContainsVariation=No	_	_	_	Fast=0-3(0)	_	_
305-10	PST017	305	10	ehm<	ehm	_	_	_	_	_	linguistic	_	ContainsVariation=No	_	_	_	Fast=0-3(0)	_	_
305-11	PST017	305	11	studiare	studiare	_	_	_	_	_	linguistic	_	ContainsVariation=No	_	_	_	_	_	_
305-12	PST017	305	12	meglio,	meglio	_	_	_	_	_	linguistic	_	ContainsVariation=No	Intonation=WeaklyRising	_	_	_	_	_
305-13	PST017	305	13	trovare	trovare	_	_	_	_	_	linguistic	_	ContainsVariation=No	_	_	_	_	_	_
305-14	PST017	305	14	un	un	_	_	_	_	_	linguistic	_	ContainsVariation=No	_	_	_	_	_	_
305-15	PST017	305	15	lavoro	lavoro	_	_	_	_	_	linguistic	_	ContainsVariation=No	_	End=715.7	_	_	_	_
306-0	PST017	306	0	meglio	meglio	_	_	_	_	_	linguistic	_	ContainsVariation=No	_	Begin=715.955	_	_	_	_
306-1	PST017	306	1	qui	qui	_	_	_	_	_	linguistic	_	ContainsVariation=No	_	_	_	_	_	_
306-2	PST017	306	2	in	in	_	_	_	_	_	linguistic	_	ContainsVariation=No	_	_	_	_	_	_
306-3	PST017	306	3	italia.	italia	_	_	_	_	_	linguistic	_	ContainsVariation=No	Intonation=Falling	_	_	_	_	_
306-4	PST017	306	4	sicuramente.	sicuramente	_	_	_	_	_	linguistic	_	ContainsVariation=No	Intonation=Falling	End=718.105	_	_	_	_
307-0	PST206	307	0	tu	tu	_	_	_	_	_	linguistic	_	ContainsVariation=No	_	Begin=719.335	_	_	_	_
307-1	PST206	307	1	avevi:	avevi	_	_	_	_	_	linguistic	_	ContainsVariation=No	_	_	4x1	_	_	_
307-2	PST206	307	2	difficoltà	difficoltà	_	_	_	_	_	linguistic	_	ContainsVariation=No	_	_	_	_	_	_
307-3	PST206	307	3	nella:	nella	_	_	_	_	_	linguistic	_	ContainsVariation=No	_	_	4x1	_	_	_
307-4	PST206	307	4	mh	mh	_	_	_	_	_	linguistic	_	ContainsVariation=No	_	_	_	_	_	_
307-5	PST206	307	5	nella	nella	_	_	_	_	_	linguistic	_	ContainsVariation=No	_	_	_	_	_	_
307-6	PST206	307	6	lingua	lingua	_	_	_	_	_	linguistic	_	ContainsVariation=No	_	_	_	_	_	_
307-7	PST206	307	7	italiana.	italiana	_	_	_	_	_	linguistic	_	ContainsVariation=No	Intonation=Falling	_	_	_	_	_
307-8	PST206	307	8	ma	ma	_	_	_	_	_	linguistic	_	ContainsVariation=No	_	_	_	_	_	_
307-9	PST206	307	9	questa	questa	_	_	_	_	_	linguistic	_	ContainsVariation=No	_	_	_	_	_	_
307-10	PST206	307	10	difficoltà	difficoltà	_	_	_	_	_	linguistic	_	ContainsVariation=No	_	_	_	_	_	_
307-11	PST206	307	11	ti	ti	_	_	_	_	_	linguistic	_	ContainsVariation=No	_	_	_	_	_	_
307-12	PST206	307	12	ha	ha	_	_	_	_	_	linguistic	_	ContainsVariation=No	_	_	_	_	_	_
307-13	PST206	307	13	portato	portato	_	_	_	_	_	linguistic	_	ContainsVariation=No	_	_	_	_	_	_
307-14	PST206	307	14	ad	ad	_	_	_	_	_	linguistic	_	ContainsVariation=No	_	_	_	_	_	_
307-15	PST206	307	15	esempio	esempio	_	_	_	_	_	linguistic	_	ContainsVariation=No	_	_	_	_	_	_
307-16	PST206	307	16	a	a	_	_	_	_	_	linguistic	_	ContainsVariation=No	_	_	_	_	_	_
307-17	PST206	307	17	ripetere	ripetere	_	_	_	_	_	linguistic	_	ContainsVariation=No	_	_	_	_	_	_
307-18	PST206	307	18	qualche	qualche	_	_	_	_	_	linguistic	_	ContainsVariation=No	_	_	_	_	_	_
307-19	PST206	307	19	anno	anno	_	_	_	_	_	linguistic	_	ContainsVariation=No	_	_	_	_	_	_
307-20	PST206	307	20	o	o	_	_	_	_	_	linguistic	_	ContainsVariation=No	_	_	_	_	_	_
307-21	PST206	307	21	[comunque::]	comunque	_	_	_	_	_	linguistic	_	ContainsVariation=No	_	End=727.045	7x2	_	_	0-8(57)
308-0	PST017	308	0	[mh]	mh	_	_	_	_	_	linguistic	_	ContainsVariation=No	_	Begin=726.6	_	_	_	0-2(57)
308-1	PST017	308	1	no	no	_	_	_	_	_	linguistic	_	ContainsVariation=No	_	_	_	_	_	_
308-2	PST017	308	2	mai	mai	_	_	_	_	_	linguistic	_	ContainsVariation=No	_	End=728.35	_	_	_	_
309-0	PST017	309	0	no	no	_	_	_	_	_	linguistic	_	ContainsVariation=No	_	Begin=728.65|End=729.22	_	_	_	_
310-0	PST017	310	0	m::h	mh	_	_	_	_	_	linguistic	_	ContainsVariation=No	_	Begin=730.64	0x2	_	_	_
310-1	PST017	310	1	anche	anche	_	_	_	_	_	linguistic	_	ContainsVariation=No	_	_	_	_	_	_
310-2	PST017	310	2	se	se	_	_	_	_	_	linguistic	_	ContainsVariation=No	_	End=731.95	_	_	_	_
311-0	PST017	311	0	ad	ad	_	_	_	_	_	linguistic	_	ContainsVariation=No	_	Begin=732.45	_	_	_	_
311-1	PST017	311	1	esempio,	esempio	_	_	_	_	_	linguistic	_	ContainsVariation=No	Intonation=WeaklyRising	_	_	_	_	_
311-2	PST017	311	2	in	in	_	_	_	_	_	linguistic	_	ContainsVariation=No	_	_	_	_	_	_
311-3	PST017	311	3	italiano	italiano	_	_	_	_	_	linguistic	_	ContainsVariation=No	_	_	_	_	_	_
311-4	PST017	311	4	avevo	avevo	_	_	_	_	_	linguistic	_	ContainsVariation=No	_	_	_	_	_	_
311-5	PST017	311	5	sempre	sempre	_	_	_	_	_	linguistic	_	ContainsVariation=No	_	_	_	_	_	_
311-6	PST017	311	6	difficoltà,	difficoltà	_	_	_	_	_	linguistic	_	ContainsVariation=No	Intonation=WeaklyRising	End=735.12	_	_	_	_
312-0	PST017	312	0	per	per	_	_	_	_	_	linguistic	_	ContainsVariation=No	_	Begin=735.41	_	_	_	_
312-1	PST017	312	1	me	me	_	_	_	_	_	linguistic	_	ContainsVariation=No	_	_	_	_	_	_
312-2	PST017	312	2	scrivere	scrivere	_	_	_	_	_	linguistic	_	ContainsVariation=No	_	_	_	_	_	_
312-3	PST017	312	3	i	i	_	_	_	_	_	linguistic	_	ContainsVariation=No	_	_	_	_	_	_
312-4	PST017	312	4	te:mi,	temi	_	_	_	_	_	linguistic	_	ContainsVariation=No	Intonation=WeaklyRising	_	1x1	_	_	_
312-5	PST017	312	5	nel	nel	_	_	_	_	_	linguistic	_	ContainsVariation=No	_	_	_	_	_	_
312-6	PST017	312	6	senso	senso	_	_	_	_	_	linguistic	_	ContainsVariation=No	_	_	_	_	_	_
312-7	PST017	312	7	prendevo	prendevo	_	_	_	_	_	linguistic	_	ContainsVariation=No	_	_	_	_	_	_
312-8	PST017	312	8	sempre	sempre	_	_	_	_	_	linguistic	_	ContainsVariation=No	_	_	_	_	_	_
312-9	PST017	312	9	un'	un'	_	_	_	_	_	linguistic	_	ContainsVariation=No	SpaceAfter=No	_	_	_	_	_
312-10	PST017	312	10	insufficienza	insufficienza	_	_	_	_	_	linguistic	_	ContainsVariation=No	_	End=738.96	_	_	_	_
313-0	PST017	313	0	oppure	oppure	_	_	_	_	_	linguistic	_	ContainsVariation=No	_	Begin=739.4	_	_	_	_
313-1	PST017	313	1	il	il	_	_	_	_	_	linguistic	_	ContainsVariation=No	_	_	_	_	_	_
313-2	PST017	313	2	<massimo>	massimo	_	_	_	_	_	linguistic	_	ContainsVariation=No	_	_	_	Slow=0-7(0)	_	_
313-3	PST017	313	3	era	era	_	_	_	_	_	linguistic	_	ContainsVariation=No	_	_	_	_	_	_
313-4	PST017	313	4	era	era	_	_	_	_	_	linguistic	_	ContainsVariation=No	_	_	_	_	_	_
313-5	PST017	313	5	un	un	_	_	_	_	_	linguistic	_	ContainsVariation=No	_	_	_	_	_	_
313-6	PST017	313	6	sei.	sei	_	_	_	_	_	linguistic	_	ContainsVariation=No	Intonation=Falling	End=741.75	_	_	_	_
314-0	PST017	314	0	era	era	_	_	_	_	_	linguistic	_	ContainsVariation=No	_	Begin=741.9	_	_	_	_
314-1	PST017	314	1	un	un	_	_	_	_	_	linguistic	_	ContainsVariation=No	_	_	_	_	_	_
314-2	PST017	314	2	sei	sei	_	_	_	_	_	linguistic	_	ContainsVariation=No	_	_	_	_	_	_
314-3	PST017	314	3	((ride))	((ride))	_	_	_	_	_	nonverbalbehavior	_	ContainsVariation=No	_	End=744.76	_	_	_	_
315-0	PST017	315	0	((ride))	((ride))	_	_	_	_	_	nonverbalbehavior	_	ContainsVariation=No	_	Begin=744.895	_	_	_	_
315-1	PST017	315	1	eh,	eh	_	_	_	_	_	linguistic	_	ContainsVariation=No	Intonation=WeaklyRising	_	_	_	_	_
315-2	PST017	315	2	quindi:::	quindi	_	_	_	_	_	linguistic	_	ContainsVariation=No	_	End=747.385	5x3	_	_	_
316-0	PST017	316	0	an~	an~	_	_	_	_	_	linguistic	_	ContainsVariation=No	Interrupted=Yes	Begin=747.6	_	_	_	_
316-1	PST017	316	1	anni	anni	_	_	_	_	_	linguistic	_	ContainsVariation=No	_	_	_	_	_	_
316-2	PST017	316	2	non	non	_	_	_	_	_	linguistic	_	ContainsVariation=No	_	_	_	_	_	_
316-3	PST017	316	3	so	so	_	_	_	_	_	linguistic	_	ContainsVariation=No	_	_	_	_	_	_
316-4	PST017	316	4	mai	mai	_	_	_	_	_	linguistic	_	ContainsVariation=No	_	_	_	_	_	_
316-5	PST017	316	5	riuscita	riuscita	_	_	_	_	_	linguistic	_	ContainsVariation=No	_	_	_	_	_	_
316-6	PST017	316	6	a	a	_	_	_	_	_	linguistic	_	ContainsVariation=No	_	_	_	_	_	_
316-7	PST017	316	7	prendere	prendere	_	_	_	_	_	linguistic	_	ContainsVariation=No	_	_	_	_	_	_
316-8	PST017	316	8	più	più	_	_	_	_	_	linguistic	_	ContainsVariation=No	_	_	_	_	_	_
316-9	PST017	316	9	di	di	_	_	_	_	_	linguistic	_	ContainsVariation=No	_	_	_	_	_	_
316-10	PST017	316	10	un	un	_	_	_	_	_	linguistic	_	ContainsVariation=No	_	_	_	_	_	_
316-11	PST017	316	11	sei	sei	_	_	_	_	_	linguistic	_	ContainsVariation=No	_	_	_	_	_	_
316-12	PST017	316	12	o	o	_	_	_	_	_	linguistic	_	ContainsVariation=No	_	_	_	_	_	_
316-13	PST017	316	13	a	a	_	_	_	_	_	linguistic	_	ContainsVariation=No	_	_	_	_	_	_
316-14	PST017	316	14	scrivere	scrivere	_	_	_	_	_	linguistic	_	ContainsVariation=No	_	_	_	_	_	_
316-15	PST017	316	15	un	un	_	_	_	_	_	linguistic	_	ContainsVariation=No	_	_	_	_	_	_
316-16	PST017	316	16	tema	tema	_	_	_	_	_	linguistic	_	ContainsVariation=No	_	_	_	_	_	_
316-17	PST017	316	17	decente	decente	_	_	_	_	_	linguistic	_	ContainsVariation=No	_	End=752.63	_	_	_	_
317-0	PST017	317	0	quindi:,	quindi	_	_	_	_	_	linguistic	_	ContainsVariation=No	Intonation=WeaklyRising	Begin=753.585	5x1	_	_	_
317-1	PST017	317	1	quest~	quest~	_	_	_	_	_	linguistic	_	ContainsVariation=No	Interrupted=Yes	_	_	_	_	_
317-2	PST017	317	2	questo	questo	_	_	_	_	_	linguistic	_	ContainsVariation=No	_	_	_	_	_	_
317-3	PST017	317	3	problema	problema	_	_	_	_	_	linguistic	_	ContainsVariation=No	_	_	_	_	_	_
317-4	PST017	317	4	me	me	_	_	_	_	_	linguistic	_	ContainsVariation=No	_	_	_	_	_	_
317-5	PST017	317	5	lo	lo	_	_	_	_	_	linguistic	_	ContainsVariation=No	_	_	_	_	_	_
317-6	PST017	317	6	porto	porto	_	_	_	_	_	linguistic	_	ContainsVariation=No	_	_	_	_	_	_
317-7	PST017	317	7	già	già	_	_	_	_	_	linguistic	_	ContainsVariation=No	_	_	_	_	_	_
317-8	PST017	317	8	da	da	_	_	_	_	_	linguistic	_	ContainsVariation=No	_	_	_	_	_	_
317-9	PST017	317	9	quando:	quando	_	_	_	_	_	linguistic	_	ContainsVariation=No	_	_	5x1	_	_	_
317-10	PST017	317	10	da	da	_	_	_	_	_	linguistic	_	ContainsVariation=No	_	_	_	_	_	_
317-11	PST017	317	11	ta~	ta~	_	_	_	_	_	linguistic	_	ContainsVariation=No	Interrupted=Yes	_	_	_	_	_
317-12	PST017	317	12	<anni>	anni	_	_	_	_	_	linguistic	_	ContainsVariation=No	_	End=758.065	_	Slow=0-4(0)	_	_
318-0	PST017	318	0	non	non	_	_	_	_	_	linguistic	_	ContainsVariation=No	_	Begin=758.4	_	_	_	_
318-1	PST017	318	1	riesco	riesco	_	_	_	_	_	linguistic	_	ContainsVariation=No	_	_	_	_	_	_
318-2	PST017	318	2	a	a	_	_	_	_	_	linguistic	_	ContainsVariation=No	_	_	_	_	_	_
318-3	PST017	318	3	risolverlo.	risolverlo	_	_	_	_	_	linguistic	_	ContainsVariation=No	Intonation=Falling	End=760.13	_	_	_	_
319-0	PST206	319	0	ma:	ma	_	_	_	_	_	linguistic	_	ContainsVariation=No	_	Begin=760.66	1x1	_	_	_
319-1	PST206	319	1	anche	anche	_	_	_	_	_	linguistic	_	ContainsVariation=No	_	_	_	_	_	_
319-2	PST206	319	2	nelle	nelle	_	_	_	_	_	linguistic	_	ContainsVariation=No	_	_	_	_	_	_
319-3	PST206	319	3	altre	altre	_	_	_	_	_	linguistic	_	ContainsVariation=No	_	_	_	_	_	_
319-4	PST206	319	4	materie	materie	_	_	_	_	_	linguistic	_	ContainsVariation=No	_	_	_	_	_	_
319-5	PST206	319	5	oltre	oltre	_	_	_	_	_	linguistic	_	ContainsVariation=No	_	_	_	_	_	_
319-6	PST206	319	6	all'	all'	_	_	_	_	_	linguistic	_	ContainsVariation=No	SpaceAfter=No	_	_	_	_	_
319-7	PST206	319	7	italiano	italiano	_	_	_	_	_	linguistic	_	ContainsVariation=No	_	_	_	_	_	_
319-8	PST206	319	8	avevi	avevi	_	_	_	_	_	linguistic	_	ContainsVariation=No	_	_	_	_	_	_
319-9	PST206	319	9	difficoltà	difficoltà	_	_	_	_	_	linguistic	_	ContainsVariation=No	_	_	_	_	_	_
319-10	PST206	319	10	ad	ad	_	_	_	_	_	linguistic	_	ContainsVariation=No	_	_	_	_	_	_
319-11	PST206	319	11	esempio	esempio	_	_	_	_	_	linguistic	_	ContainsVariation=No	_	_	_	_	_	_
319-12	PST206	319	12	a	a	_	_	_	_	_	linguistic	_	ContainsVariation=No	_	_	_	_	_	_
319-13	PST206	319	13	capire	capire	_	_	_	_	_	linguistic	_	ContainsVariation=No	_	_	_	_	_	_
319-14	PST206	319	14	le	le	_	_	_	_	_	linguistic	_	ContainsVariation=No	_	_	_	_	_	_
319-15	PST206	319	15	paro~,	paro~	_	_	_	_	_	linguistic	_	ContainsVariation=No	Intonation=WeaklyRising|Interrupted=Yes	_	_	_	_	_
319-16	PST206	319	16	capire	capire	_	_	_	_	_	linguistic	_	ContainsVariation=No	_	_	_	_	_	_
319-17	PST206	319	17	i	i	_	_	_	_	_	linguistic	_	ContainsVariation=No	_	_	_	_	_	_
319-18	PST206	319	18	termini,	termini	_	_	_	_	_	linguistic	_	ContainsVariation=No	Intonation=WeaklyRising	_	_	_	_	_
319-19	PST206	319	19	o	o	_	_	_	_	_	linguistic	_	ContainsVariation=No	_	_	_	_	_	_
319-20	PST206	319	20	comunque	comunque	_	_	_	_	_	linguistic	_	ContainsVariation=No	_	_	_	_	_	_
319-21	PST206	319	21	difficoltà:	difficoltà	_	_	_	_	_	linguistic	_	ContainsVariation=No	_	End=768.93	9x1	_	_	_
320-0	PST206	320	0	a	a	_	_	_	_	_	linguistic	_	ContainsVariation=No	_	Begin=769.41	_	_	_	_
320-1	PST206	320	1	esprimerti	esprimerti	_	_	_	_	_	linguistic	_	ContainsVariation=No	_	_	_	_	_	_
320-2	PST206	320	2	durante	durante	_	_	_	_	_	linguistic	_	ContainsVariation=No	_	_	_	_	_	_
320-3	PST206	320	3	le	le	_	_	_	_	_	linguistic	_	ContainsVariation=No	_	_	_	_	_	_
320-4	PST206	320	4	interrogazioni,	interrogazioni	_	_	_	_	_	linguistic	_	ContainsVariation=No	Intonation=WeaklyRising	End=771.69	_	_	_	_
321-0	PST017	321	0	e:hm,	ehm	_	_	_	_	_	linguistic	_	ContainsVariation=No	Intonation=WeaklyRising	Begin=771.935	0x1	_	_	_
321-1	PST017	321	1	sì	sì	_	_	_	_	_	linguistic	_	ContainsVariation=No	_	_	_	_	_	_
321-2	PST017	321	2	>nelle	nelle	_	_	_	_	_	linguistic	_	ContainsVariation=No	_	_	_	Fast=0-5(0)	_	_
321-3	PST017	321	3	interrogazioni<	interrogazioni	_	_	_	_	_	linguistic	_	ContainsVariation=No	_	_	_	Fast=0-14(0)	_	_
321-4	PST017	321	4	sì	sì	_	_	_	_	_	linguistic	_	ContainsVariation=No	_	_	_	_	_	_
321-5	PST017	321	5	però	però	_	_	_	_	_	linguistic	_	ContainsVariation=No	_	_	_	_	_	_
321-6	PST017	321	6	se	se	_	_	_	_	_	linguistic	_	ContainsVariation=No	_	_	_	_	_	_
321-7	PST017	321	7	mi	mi	_	_	_	_	_	linguistic	_	ContainsVariation=No	_	_	_	_	_	_
321-8	PST017	321	8	preparavo	preparavo	_	_	_	_	_	linguistic	_	ContainsVariation=No	_	End=775.485	_	_	_	_
322-0	PST017	322	0	be:ne,	bene	_	_	_	_	_	linguistic	_	ContainsVariation=No	Intonation=WeaklyRising	Begin=775.805	1x1	_	_	_
322-1	PST017	322	1	e::h	eh	_	_	_	_	_	linguistic	_	ContainsVariation=No	_	_	0x2	_	_	_
322-2	PST017	322	2	no.	no	_	_	_	_	_	linguistic	_	ContainsVariation=No	Intonation=Falling	_	_	_	_	_
322-3	PST017	322	3	non	non	_	_	_	_	_	linguistic	_	ContainsVariation=No	_	_	_	_	_	_
322-4	PST017	322	4	tanto,	tanto	_	_	_	_	_	linguistic	_	ContainsVariation=No	Intonation=WeaklyRising	End=778.925	_	_	_	_
323-0	PST017	323	0	però	però	_	_	_	_	_	linguistic	_	ContainsVariation=No	_	Begin=779.14	_	_	_	_
323-1	PST017	323	1	ad	ad	_	_	_	_	_	linguistic	_	ContainsVariation=No	_	_	_	_	_	_
323-2	PST017	323	2	esempio::	esempio	_	_	_	_	_	linguistic	_	ContainsVariation=No	_	_	6x2	_	_	_
323-3	PST017	323	3	studiare	studiare	_	_	_	_	_	linguistic	_	ContainsVariation=No	_	_	_	_	_	_
323-4	PST017	323	4	da	da	_	_	_	_	_	linguistic	_	ContainsVariation=No	_	_	_	_	_	_
323-5	PST017	323	5	sola,	sola	_	_	_	_	_	linguistic	_	ContainsVariation=No	Intonation=WeaklyRising	_	_	_	_	_
323-6	PST017	323	6	m::h	mh	_	_	_	_	_	linguistic	_	ContainsVariation=No	_	_	0x2	_	_	_
323-7	PST017	323	7	senza	senza	_	_	_	_	_	linguistic	_	ContainsVariation=No	_	_	_	_	_	_
323-8	PST017	323	8	spiegazione	spiegazione	_	_	_	_	_	linguistic	_	ContainsVariation=No	_	_	_	_	_	_
323-9	PST017	323	9	di	di	_	_	_	_	_	linguistic	_	ContainsVariation=No	_	_	_	_	_	_
323-10	PST017	323	10	una	una	_	_	_	_	_	linguistic	_	ContainsVariation=No	_	_	_	_	_	_
323-11	PST017	323	11	prof	prof	_	_	_	_	_	linguistic	_	ContainsVariation=No	_	_	_	_	_	_
323-12	PST017	323	12	su	su	_	_	_	_	_	linguistic	_	ContainsVariation=No	_	_	_	_	_	_
323-13	PST017	323	13	un	un	_	_	_	_	_	linguistic	_	ContainsVariation=No	_	_	_	_	_	_
323-14	PST017	323	14	libro	libro	_	_	_	_	_	linguistic	_	ContainsVariation=No	_	_	_	_	_	_
323-15	PST017	323	15	di	di	_	_	_	_	_	linguistic	_	ContainsVariation=No	_	_	_	_	_	_
323-16	PST017	323	16	testo,	testo	_	_	_	_	_	linguistic	_	ContainsVariation=No	Intonation=WeaklyRising	End=785.95	_	_	_	_
324-0	PST017	324	0	ehm:	ehm	_	_	_	_	_	linguistic	_	ContainsVariation=No	_	Begin=786.24	2x1	_	_	_
324-1	PST017	324	1	trovavo	trovavo	_	_	_	_	_	linguistic	_	ContainsVariation=No	_	_	_	_	_	_
324-2	PST017	324	2	molta	molta	_	_	_	_	_	linguistic	_	ContainsVariation=No	_	_	_	_	_	_
324-3	PST017	324	3	difficoltà.	difficoltà	_	_	_	_	_	linguistic	_	ContainsVariation=No	Intonation=Falling	_	_	_	_	_
324-4	PST017	324	4	nel	nel	_	_	_	_	_	linguistic	_	ContainsVariation=No	_	_	_	_	_	_
324-5	PST017	324	5	senso	senso	_	_	_	_	_	linguistic	_	ContainsVariation=No	_	End=788.77	_	_	_	_
325-0	PST017	325	0	la	la	_	_	_	_	_	linguistic	_	ContainsVariation=No	_	Begin=788.93	_	_	_	_
325-1	PST017	325	1	maggior	maggior	_	_	_	_	_	linguistic	_	ContainsVariation=No	_	_	_	_	_	_
325-2	PST017	325	2	parte	parte	_	_	_	_	_	linguistic	_	ContainsVariation=No	_	_	_	_	_	_
325-3	PST017	325	3	delle	delle	_	_	_	_	_	linguistic	_	ContainsVariation=No	_	_	_	_	_	_
325-4	PST017	325	4	parole	parole	_	_	_	_	_	linguistic	_	ContainsVariation=No	_	_	_	_	_	_
325-5	PST017	325	5	non	non	_	_	_	_	_	linguistic	_	ContainsVariation=No	_	_	_	_	_	_
325-6	PST017	325	6	le	le	_	_	_	_	_	linguistic	_	ContainsVariation=No	_	_	_	_	_	_
325-7	PST017	325	7	capivo.	capivo	_	_	_	_	_	linguistic	_	ContainsVariation=No	Intonation=Falling	_	_	_	_	_
325-8	PST017	325	8	quindi	quindi	_	_	_	_	_	linguistic	_	ContainsVariation=No	_	_	_	_	_	_
325-9	PST017	325	9	andavo	andavo	_	_	_	_	_	linguistic	_	ContainsVariation=No	_	_	_	_	_	_
325-10	PST017	325	10	sempre	sempre	_	_	_	_	_	linguistic	_	ContainsVariation=No	_	_	_	_	_	_
325-11	PST017	325	11	a	a	_	_	_	_	_	linguistic	_	ContainsVariation=No	_	_	_	_	_	_
325-12	PST017	325	12	usare	usare	_	_	_	_	_	linguistic	_	ContainsVariation=No	_	_	_	_	_	_
325-13	PST017	325	13	le~	le~	_	_	_	_	_	linguistic	_	ContainsVariation=No	Interrupted=Yes	_	_	_	_	_
325-14	PST017	325	14	il	il	_	_	_	_	_	linguistic	_	ContainsVariation=No	_	_	_	_	_	_
325-15	PST017	325	15	dizionario,	dizionario	_	_	_	_	_	linguistic	_	ContainsVariation=No	Intonation=WeaklyRising	_	_	_	_	_
325-16	PST017	325	16	oppure	oppure	_	_	_	_	_	linguistic	_	ContainsVariation=No	_	_	_	_	_	_
325-17	PST017	325	17	a	a	_	_	_	_	_	linguistic	_	ContainsVariation=No	_	_	_	_	_	_
325-18	PST017	325	18	chiedere	chiedere	_	_	_	_	_	linguistic	_	ContainsVariation=No	_	_	_	_	_	_
325-19	PST017	325	19	a	a	_	_	_	_	_	linguistic	_	ContainsVariation=No	_	End=794.58	_	_	_	_
326-0	PST017	326	0	a	a	_	_	_	_	_	linguistic	_	ContainsVariation=No	_	Begin=794.65	_	_	_	_
326-1	PST017	326	1	qualcuno,	qualcuno	_	_	_	_	_	linguistic	_	ContainsVariation=No	Intonation=WeaklyRising	_	_	_	_	_
326-2	PST017	326	2	a	a	_	_	_	_	_	linguistic	_	ContainsVariation=No	_	_	_	_	_	_
326-3	PST017	326	3	chiedere	chiedere	_	_	_	_	_	linguistic	_	ContainsVariation=No	_	_	_	_	_	_
326-4	PST017	326	4	a	a	_	_	_	_	_	linguistic	_	ContainsVariation=No	_	_	_	_	_	_
326-5	PST017	326	5	una	una	_	_	_	_	_	linguistic	_	ContainsVariation=No	_	_	_	_	_	_
326-6	PST017	326	6	mia	mia	_	_	_	_	_	linguistic	_	ContainsVariation=No	_	_	_	_	_	_
326-7	PST017	326	7	amica:	amica	_	_	_	_	_	linguistic	_	ContainsVariation=No	_	_	4x1	_	_	_
326-8	PST017	326	8	che	che	_	_	_	_	_	linguistic	_	ContainsVariation=No	_	_	_	_	_	_
326-9	PST017	326	9	sa	sa	_	_	_	_	_	linguistic	_	ContainsVariation=No	_	_	_	_	_	_
326-10	PST017	326	10	sia	sia	_	_	_	_	_	linguistic	_	ContainsVariation=No	_	_	_	_	_	_
326-11	PST017	326	11	l'	l'	_	_	_	_	_	linguistic	_	ContainsVariation=No	SpaceAfter=No	_	_	_	_	_
326-12	PST017	326	12	arabo	arabo	_	_	_	_	_	linguistic	_	ContainsVariation=No	_	_	_	_	_	_
326-13	PST017	326	13	che	che	_	_	_	_	_	linguistic	_	ContainsVariation=No	_	_	_	_	_	_
326-14	PST017	326	14	l'	l'	_	_	_	_	_	linguistic	_	ContainsVariation=No	SpaceAfter=No	_	_	_	_	_
326-15	PST017	326	15	italiano,	italiano	_	_	_	_	_	linguistic	_	ContainsVariation=No	Intonation=WeaklyRising	End=800.04	_	_	_	_
327-0	PST017	327	0	°e°	e	_	_	_	_	_	linguistic	_	ContainsVariation=No	Volume=low	Begin=801.04|End=801.71	_	_	_	_
328-0	PST206	328	0	ehm	ehm	_	_	_	_	_	linguistic	_	ContainsVariation=No	_	Begin=804.06|End=805.0	_	_	_	_
329-0	PST206	329	0	come	come	_	_	_	_	_	linguistic	_	ContainsVariation=No	_	Begin=808.98	_	_	_	_
329-1	PST206	329	1	ti	ti	_	_	_	_	_	linguistic	_	ContainsVariation=No	_	_	_	_	_	_
329-2	PST206	329	2	trovi	trovi	_	_	_	_	_	linguistic	_	ContainsVariation=No	_	_	_	_	_	_
329-3	PST206	329	3	adesso	adesso	_	_	_	_	_	linguistic	_	ContainsVariation=No	_	_	_	_	_	_
329-4	PST206	329	4	in	in	_	_	_	_	_	linguistic	_	ContainsVariation=No	_	_	_	_	_	_
329-5	PST206	329	5	italia?	italia	_	_	_	_	_	linguistic	_	ContainsVariation=No	Intonation=Rising|PauseAfter=Yes	_	_	_	_	_
329-6	PST206	329	6	(.)	(.)	_	_	_	_	_	shortpause	_	ContainsVariation=No	_	_	_	_	_	_
329-7	PST206	329	7	ti	ti	_	_	_	_	_	linguistic	_	ContainsVariation=No	_	_	_	_	_	_
329-8	PST206	329	8	piace	piace	_	_	_	_	_	linguistic	_	ContainsVariation=No	_	_	_	_	_	_
329-9	PST206	329	9	vivere	vivere	_	_	_	_	_	linguistic	_	ContainsVariation=No	_	_	_	_	_	_
329-10	PST206	329	10	qui?	qui	_	_	_	_	_	linguistic	_	ContainsVariation=No	Intonation=Rising	End=812.16	_	_	_	_
330-0	PST017	330	0	sì,	sì	_	_	_	_	_	linguistic	_	ContainsVariation=No	Intonation=WeaklyRising	Begin=813.005	_	_	_	_
330-1	PST017	330	1	mi	mi	_	_	_	_	_	linguistic	_	ContainsVariation=No	_	_	_	_	_	_
330-2	PST017	330	2	piace	piace	_	_	_	_	_	linguistic	_	ContainsVariation=No	_	_	_	_	_	_
330-3	PST017	330	3	vivere	vivere	_	_	_	_	_	linguistic	_	ContainsVariation=No	_	_	_	_	_	_
330-4	PST017	330	4	qui,	qui	_	_	_	_	_	linguistic	_	ContainsVariation=No	Intonation=WeaklyRising	_	_	_	_	_
330-5	PST017	330	5	e::h	eh	_	_	_	_	_	linguistic	_	ContainsVariation=No	_	End=815.605	0x2	_	_	_
331-0	PST017	331	0	nel	nel	_	_	_	_	_	linguistic	_	ContainsVariation=No	_	Begin=815.86	_	_	_	_
331-1	PST017	331	1	senso	senso	_	_	_	_	_	linguistic	_	ContainsVariation=No	_	_	_	_	_	_
331-2	PST017	331	2	non	non	_	_	_	_	_	linguistic	_	ContainsVariation=No	_	_	_	_	_	_
331-3	PST017	331	3	ritornerei	ritornerei	_	_	_	_	_	linguistic	_	ContainsVariation=No	_	_	_	_	_	_
331-4	PST017	331	4	mai	mai	_	_	_	_	_	linguistic	_	ContainsVariation=No	_	_	_	_	_	_
331-5	PST017	331	5	a	a	_	_	_	_	_	linguistic	_	ContainsVariation=No	_	_	_	_	_	_
331-6	PST017	331	6	vivere	vivere	_	_	_	_	_	linguistic	_	ContainsVariation=No	_	_	_	_	_	_
331-7	PST017	331	7	in	in	_	_	_	_	_	linguistic	_	ContainsVariation=No	_	_	_	_	_	_
331-8	PST017	331	8	marocco,	marocco	_	_	_	_	_	linguistic	_	ContainsVariation=No	Intonation=WeaklyRising	End=818.9	_	_	_	_
332-0	PST017	332	0	però:	però	_	_	_	_	_	linguistic	_	ContainsVariation=No	_	Begin=818.985	3x1	_	_	_
332-1	PST017	332	1	ci	ci	_	_	_	_	_	linguistic	_	ContainsVariation=No	_	_	_	_	_	_
332-2	PST017	332	2	vado::	vado	_	_	_	_	_	linguistic	_	ContainsVariation=No	_	End=821.215	3x2	_	_	_
333-0	PST017	333	0	ci	ci	_	_	_	_	_	linguistic	_	ContainsVariation=No	_	Begin=822.3	_	_	_	_
333-1	PST017	333	1	vado	vado	_	_	_	_	_	linguistic	_	ContainsVariation=No	_	_	_	_	_	_
333-2	PST017	333	2	solo	solo	_	_	_	_	_	linguistic	_	ContainsVariation=No	_	_	_	_	_	_
333-3	PST017	333	3	per	per	_	_	_	_	_	linguistic	_	ContainsVariation=No	_	_	_	_	_	_
333-4	PST017	333	4	vedere	vedere	_	_	_	_	_	linguistic	_	ContainsVariation=No	_	_	_	_	_	_
333-5	PST017	333	5	i	i	_	_	_	_	_	linguistic	_	ContainsVariation=No	_	_	_	_	_	_
333-6	PST017	333	6	miei	miei	_	_	_	_	_	linguistic	_	ContainsVariation=No	_	_	_	_	_	_
333-7	PST017	333	7	parenti,	parenti	_	_	_	_	_	linguistic	_	ContainsVariation=No	Intonation=WeaklyRising	_	_	_	_	_
333-8	PST017	333	8	per	per	_	_	_	_	_	linguistic	_	ContainsVariation=No	_	_	_	_	_	_
333-9	PST017	333	9	cambiare,	cambiare	_	_	_	_	_	linguistic	_	ContainsVariation=No	Intonation=WeaklyRising	_	_	_	_	_
333-10	PST017	333	10	così	così	_	_	_	_	_	linguistic	_	ContainsVariation=No	_	_	_	_	_	_
333-11	PST017	333	11	e:	e	_	_	_	_	_	linguistic	_	ContainsVariation=No	_	_	0x1	_	_	_
333-12	PST017	333	12	per	per	_	_	_	_	_	linguistic	_	ContainsVariation=No	_	_	_	_	_	_
333-13	PST017	333	13	passare	passare	_	_	_	_	_	linguistic	_	ContainsVariation=No	_	_	_	_	_	_
333-14	PST017	333	14	le	le	_	_	_	_	_	linguistic	_	ContainsVariation=No	_	_	_	_	_	_
333-15	PST017	333	15	vacanze.	vacanze	_	_	_	_	_	linguistic	_	ContainsVariation=No	Intonation=Falling	End=828.36	_	_	_	_
334-0	PST206	334	0	dunque	dunque	_	_	_	_	_	linguistic	_	ContainsVariation=No	_	Begin=832.115	_	_	_	_
334-1	PST206	334	1	hai	hai	_	_	_	_	_	linguistic	_	ContainsVariation=No	_	_	_	_	_	_
334-2	PST206	334	2	intenz~	intenz~	_	_	_	_	_	linguistic	_	ContainsVariation=No	Interrupted=Yes	_	_	_	_	_
334-3	PST206	334	3	hai	hai	_	_	_	_	_	linguistic	_	ContainsVariation=No	_	_	_	_	_	_
334-4	PST206	334	4	intenzione	intenzione	_	_	_	_	_	linguistic	_	ContainsVariation=No	_	_	_	_	_	_
334-5	PST206	334	5	di	di	_	_	_	_	_	linguistic	_	ContainsVariation=No	_	_	_	_	_	_
334-6	PST206	334	6	rimanere	rimanere	_	_	_	_	_	linguistic	_	ContainsVariation=No	_	_	_	_	_	_
334-7	PST206	334	7	in	in	_	_	_	_	_	linguistic	_	ContainsVariation=No	_	_	_	_	_	_
334-8	PST206	334	8	italia?	italia	_	_	_	_	_	linguistic	_	ContainsVariation=No	Intonation=Rising	End=834.975	_	_	_	_
335-0	PST017	335	0	ehm:	ehm	_	_	_	_	_	linguistic	_	ContainsVariation=No	PauseAfter=Yes	Begin=835.71	2x1	_	_	_
335-1	PST017	335	1	(.)	(.)	_	_	_	_	_	shortpause	_	ContainsVariation=No	_	_	_	_	_	_
335-2	PST017	335	2	sì	sì	_	_	_	_	_	linguistic	_	ContainsVariation=No	_	_	_	_	_	_
335-3	PST017	335	3	se	se	_	_	_	_	_	linguistic	_	ContainsVariation=No	_	_	_	_	_	_
335-4	PST017	335	4	riesco	riesco	_	_	_	_	_	linguistic	_	ContainsVariation=No	_	_	_	_	_	_
335-5	PST017	335	5	a	a	_	_	_	_	_	linguistic	_	ContainsVariation=No	_	_	_	_	_	_
335-6	PST017	335	6	trovare	trovare	_	_	_	_	_	linguistic	_	ContainsVariation=No	_	_	_	_	_	_
335-7	PST017	335	7	un	un	_	_	_	_	_	linguistic	_	ContainsVariation=No	_	_	_	_	_	_
335-8	PST017	335	8	lavoro	lavoro	_	_	_	_	_	linguistic	_	ContainsVariation=No	_	_	_	_	_	_
335-9	PST017	335	9	dopo:	dopo	_	_	_	_	_	linguistic	_	ContainsVariation=No	_	End=839.34	3x1	_	_	_
336-0	PST017	336	0	università,	università	_	_	_	_	_	linguistic	_	ContainsVariation=No	Intonation=WeaklyRising	Begin=839.61|End=840.9	_	_	_	_
337-0	PST017	337	0	se	se	_	_	_	_	_	linguistic	_	ContainsVariation=No	_	Begin=841.02	_	_	_	_
337-1	PST017	337	1	no:	no	_	_	_	_	_	linguistic	_	ContainsVariation=No	_	_	1x1	_	_	_
337-2	PST017	337	2	provo	provo	_	_	_	_	_	linguistic	_	ContainsVariation=No	_	_	_	_	_	_
337-3	PST017	337	3	a	a	_	_	_	_	_	linguistic	_	ContainsVariation=No	_	_	_	_	_	_
337-4	PST017	337	4	cercare:	cercare	_	_	_	_	_	linguistic	_	ContainsVariation=No	_	_	6x1	_	_	_
337-5	PST017	337	5	in	in	_	_	_	_	_	linguistic	_	ContainsVariation=No	_	_	_	_	_	_
337-6	PST017	337	6	altri	altri	_	_	_	_	_	linguistic	_	ContainsVariation=No	_	_	_	_	_	_
337-7	PST017	337	7	paesi	paesi	_	_	_	_	_	linguistic	_	ContainsVariation=No	_	End=844.74	_	_	_	_
338-0	PST017	338	0	se:	se	_	_	_	_	_	linguistic	_	ContainsVariation=No	_	Begin=844.795	1x1	_	_	_
338-1	PST017	338	1	riesco	riesco	_	_	_	_	_	linguistic	_	ContainsVariation=No	_	_	_	_	_	_
338-2	PST017	338	2	a	a	_	_	_	_	_	linguistic	_	ContainsVariation=No	_	_	_	_	_	_
338-3	PST017	338	3	trovare	trovare	_	_	_	_	_	linguistic	_	ContainsVariation=No	_	_	_	_	_	_
338-4	PST017	338	4	altro	altro	_	_	_	_	_	linguistic	_	ContainsVariation=No	_	End=846.465	_	_	_	_
339-0	PST206	339	0	e	e	_	_	_	_	_	linguistic	_	ContainsVariation=No	_	Begin=846.935	_	_	_	_
339-1	PST206	339	1	ti	ti	_	_	_	_	_	linguistic	_	ContainsVariation=No	_	_	_	_	_	_
339-2	PST206	339	2	piacerebbe	piacerebbe	_	_	_	_	_	linguistic	_	ContainsVariation=No	_	_	_	_	_	_
339-3	PST206	339	3	vivere	vivere	_	_	_	_	_	linguistic	_	ContainsVariation=No	_	_	_	_	_	_
339-4	PST206	339	4	nel~	nel~	_	_	_	_	_	linguistic	_	ContainsVariation=No	Interrupted=Yes	_	_	_	_	_
339-5	PST206	339	5	in	in	_	_	_	_	_	linguistic	_	ContainsVariation=No	_	_	_	_	_	_
339-6	PST206	339	6	marocco?	marocco	_	_	_	_	_	linguistic	_	ContainsVariation=No	Intonation=Rising	End=849.275	_	_	_	_
340-0	PST017	340	0	no	no	_	_	_	_	_	linguistic	_	ContainsVariation=No	_	Begin=849.91|End=850.34	_	_	_	_
341-0	PST206	341	0	[perché]?	perché	_	_	_	_	_	linguistic	_	ContainsVariation=No	Intonation=Rising	Begin=851.39|End=851.86	_	_	_	0-6(58)
342-0	PST017	342	0	[°no°]	no	_	_	_	_	_	linguistic	_	ContainsVariation=No	Volume=low	Begin=851.42|End=851.78	_	_	_	0-2(58)
343-0	PST017	343	0	anche	anche	_	_	_	_	_	linguistic	_	ContainsVariation=No	_	Begin=852.15	_	_	_	_
343-1	PST017	343	1	se	se	_	_	_	_	_	linguistic	_	ContainsVariation=No	_	End=852.96	_	_	_	_
344-0	PST017	344	0	ultimamente	ultimamente	_	_	_	_	_	linguistic	_	ContainsVariation=Yes	_	Begin=853.81	_	_	_	_
344-1	PST017	344	1	#yaʕn~	yaʕn~	_	_	_	_	_	linguistic	_	ContainsVariation=Yes|Variety=Other|Language=NO_ISO_CODE	Interrupted=Yes	_	_	_	_	_
344-2	PST017	344	2	#yaʕni	yaʕni	_	_	_	_	_	linguistic	_	ContainsVariation=Yes|Variety=Other|Language=NO_ISO_CODE	_	_	_	_	_	_
344-3	PST017	344	3	possono	possono	_	_	_	_	_	linguistic	_	ContainsVariation=Yes	_	_	_	_	_	_
344-4	PST017	344	4	accettare	accettare	_	_	_	_	_	linguistic	_	ContainsVariation=Yes	_	_	_	_	_	_
344-5	PST017	344	5	quelli	quelli	_	_	_	_	_	linguistic	_	ContainsVariation=Yes	_	_	_	_	_	_
344-6	PST017	344	6	che	che	_	_	_	_	_	linguistic	_	ContainsVariation=Yes	_	_	_	_	_	_
344-7	PST017	344	7	hanno	hanno	_	_	_	_	_	linguistic	_	ContainsVariation=Yes	_	_	_	_	_	_
344-8	PST017	344	8	la	la	_	_	_	_	_	linguistic	_	ContainsVariation=Yes	_	_	_	_	_	_
344-9	PST017	344	9	laurea	laurea	_	_	_	_	_	linguistic	_	ContainsVariation=Yes	_	End=857.49	_	_	_	_
346-0	PST017	346	0	# e	e	_	_	_	_	_	linguistic	_	ContainsVariation=Yes|Variety=Unsure	_	Begin=857.8	_	_	_	_
346-1	PST017	346	1	in	in	_	_	_	_	_	linguistic	_	ContainsVariation=Yes|Variety=Unsure	_	_	_	_	_	_
346-2	PST017	346	2	un	un	_	_	_	_	_	linguistic	_	ContainsVariation=Yes|Variety=Unsure	_	_	_	_	_	_
346-3	PST017	346	3	paese	paese	_	_	_	_	_	linguistic	_	ContainsVariation=Yes|Variety=Unsure	_	_	_	_	_	_
346-4	PST017	346	4	estero	estero	_	_	_	_	_	linguistic	_	ContainsVariation=Yes|Variety=Unsure	_	_	_	_	_	_
346-5	PST017	346	5	posso	posso	_	_	_	_	_	linguistic	_	ContainsVariation=Yes|Variety=Unsure	_	_	_	_	_	_
346-6	PST017	346	6	anche	anche	_	_	_	_	_	linguistic	_	ContainsVariation=Yes|Variety=Unsure	_	_	_	_	_	_
346-7	PST017	346	7	#yaʕni	yaʕni	_	_	_	_	_	linguistic	_	ContainsVariation=Yes|Variety=Other|Language=NO_ISO_CODE	_	_	_	_	_	_
346-8	PST017	346	8	posso	posso	_	_	_	_	_	linguistic	_	ContainsVariation=Yes|Variety=Unsure	_	_	_	_	_	_
346-9	PST017	346	9	essere	essere	_	_	_	_	_	linguistic	_	ContainsVariation=Yes|Variety=Unsure	_	_	_	_	_	_
346-10	PST017	346	10	anche	anche	_	_	_	_	_	linguistic	_	ContainsVariation=Yes|Variety=Unsure	_	_	_	_	_	_
346-11	PST017	346	11	pagata	pagata	_	_	_	_	_	linguistic	_	ContainsVariation=Yes|Variety=Unsure	_	_	_	_	_	_
346-12	PST017	346	12	bene	bene	_	_	_	_	_	linguistic	_	ContainsVariation=Yes|Variety=Unsure	_	End=861.77	_	_	_	_
348-0	PST017	348	0	ma:	ma	_	_	_	_	_	linguistic	_	ContainsVariation=No	_	Begin=862.26	1x1	_	_	_
348-1	PST017	348	1	non	non	_	_	_	_	_	linguistic	_	ContainsVariation=No	_	_	_	_	_	_
348-2	PST017	348	2	tornerei	tornerei	_	_	_	_	_	linguistic	_	ContainsVariation=No	_	_	_	_	_	_
348-3	PST017	348	3	mai	mai	_	_	_	_	_	linguistic	_	ContainsVariation=No	_	_	_	_	_	_
348-4	PST017	348	4	per	per	_	_	_	_	_	linguistic	_	ContainsVariation=No	_	_	_	_	_	_
348-5	PST017	348	5	la	la	_	_	_	_	_	linguistic	_	ContainsVariation=No	_	_	_	_	_	_
348-6	PST017	348	6	mentalità,	mentalità	_	_	_	_	_	linguistic	_	ContainsVariation=No	Intonation=WeaklyRising	_	_	_	_	_
348-7	PST017	348	7	della~	della~	_	_	_	_	_	linguistic	_	ContainsVariation=No	Interrupted=Yes	_	_	_	_	_
348-8	PST017	348	8	della:	della	_	_	_	_	_	linguistic	_	ContainsVariation=No	_	End=866.23	4x1	_	_	_
349-0	PST017	349	0	poi	poi	_	_	_	_	_	linguistic	_	ContainsVariation=No	_	Begin=866.45	_	_	_	_
349-1	PST017	349	1	la	la	_	_	_	_	_	linguistic	_	ContainsVariation=No	_	_	_	_	_	_
349-2	PST017	349	2	gente	gente	_	_	_	_	_	linguistic	_	ContainsVariation=No	_	_	_	_	_	_
349-3	PST017	349	3	che	che	_	_	_	_	_	linguistic	_	ContainsVariation=No	_	_	_	_	_	_
349-4	PST017	349	4	vive	vive	_	_	_	_	_	linguistic	_	ContainsVariation=No	_	_	_	_	_	_
349-5	PST017	349	5	lì,	lì	_	_	_	_	_	linguistic	_	ContainsVariation=No	Intonation=WeaklyRising	_	_	_	_	_
349-6	PST017	349	6	per	per	_	_	_	_	_	linguistic	_	ContainsVariation=No	_	_	_	_	_	_
349-7	PST017	349	7	le	le	_	_	_	_	_	linguistic	_	ContainsVariation=No	_	_	_	_	_	_
349-8	PST017	349	8	regole	regole	_	_	_	_	_	linguistic	_	ContainsVariation=No	_	_	_	_	_	_
349-9	PST017	349	9	che	che	_	_	_	_	_	linguistic	_	ContainsVariation=No	_	_	_	_	_	_
349-10	PST017	349	10	non	non	_	_	_	_	_	linguistic	_	ContainsVariation=No	_	_	_	_	_	_
349-11	PST017	349	11	vengono	vengono	_	_	_	_	_	linguistic	_	ContainsVariation=No	_	_	_	_	_	_
349-12	PST017	349	12	applicate,	applicate	_	_	_	_	_	linguistic	_	ContainsVariation=No	Intonation=WeaklyRising	End=870.02	_	_	_	_
350-0	PST017	350	0	sono	sono	_	_	_	_	_	linguistic	_	ContainsVariation=No	_	Begin=870.16	_	_	_	_
350-1	PST017	350	1	solo	solo	_	_	_	_	_	linguistic	_	ContainsVariation=No	_	_	_	_	_	_
350-2	PST017	350	2	scritte	scritte	_	_	_	_	_	linguistic	_	ContainsVariation=No	_	_	_	_	_	_
350-3	PST017	350	3	su	su	_	_	_	_	_	linguistic	_	ContainsVariation=No	_	_	_	_	_	_
350-4	PST017	350	4	un	un	_	_	_	_	_	linguistic	_	ContainsVariation=No	_	_	_	_	_	_
350-5	PST017	350	5	foglio,	foglio	_	_	_	_	_	linguistic	_	ContainsVariation=No	Intonation=WeaklyRising	End=871.9	_	_	_	_
351-0	PST017	351	0	per:	per	_	_	_	_	_	linguistic	_	ContainsVariation=No	_	Begin=872.99	2x1	_	_	_
351-1	PST017	351	1	la	la	_	_	_	_	_	linguistic	_	ContainsVariation=No	_	_	_	_	_	_
351-2	PST017	351	2	gente	gente	_	_	_	_	_	linguistic	_	ContainsVariation=No	_	_	_	_	_	_
351-3	PST017	351	3	che	che	_	_	_	_	_	linguistic	_	ContainsVariation=No	_	_	_	_	_	_
351-4	PST017	351	4	ti	ti	_	_	_	_	_	linguistic	_	ContainsVariation=No	_	_	_	_	_	_
351-5	PST017	351	5	giudica,	giudica	_	_	_	_	_	linguistic	_	ContainsVariation=No	Intonation=WeaklyRising|PauseAfter=Yes	_	_	_	_	_
351-6	PST017	351	6	(.)	(.)	_	_	_	_	_	shortpause	_	ContainsVariation=No	_	_	_	_	_	_
351-7	PST017	351	7	per	per	_	_	_	_	_	linguistic	_	ContainsVariation=No	_	End=875.54	_	_	_	_
352-0	PST017	352	0	per	per	_	_	_	_	_	linguistic	_	ContainsVariation=No	_	Begin=876.36	_	_	_	_
352-1	PST017	352	1	qualsiasi	qualsiasi	_	_	_	_	_	linguistic	_	ContainsVariation=No	_	_	_	_	_	_
352-2	PST017	352	2	cosa.	cosa	_	_	_	_	_	linguistic	_	ContainsVariation=No	Intonation=Falling	End=877.56	_	_	_	_
353-0	PST017	353	0	[anche]	anche	_	_	_	_	_	linguistic	_	ContainsVariation=No	_	Begin=878.495	_	_	_	0-5(59)
353-1	PST017	353	1	se	se	_	_	_	_	_	linguistic	_	ContainsVariation=No	_	_	_	_	_	_
353-2	PST017	353	2	fai	fai	_	_	_	_	_	linguistic	_	ContainsVariation=No	_	_	_	_	_	_
353-3	PST017	353	3	del~	del~	_	_	_	_	_	linguistic	_	ContainsVariation=No	Interrupted=Yes	_	_	_	_	_
353-4	PST017	353	4	del	del	_	_	_	_	_	linguistic	_	ContainsVariation=No	_	_	_	_	_	_
353-5	PST017	353	5	bene,	bene	_	_	_	_	_	linguistic	_	ContainsVariation=No	Intonation=WeaklyRising	_	_	_	_	_
353-6	PST017	353	6	ti	ti	_	_	_	_	_	linguistic	_	ContainsVariation=No	_	_	_	_	_	_
353-7	PST017	353	7	giudica	giudica	_	_	_	_	_	linguistic	_	ContainsVariation=No	_	_	_	_	_	_
353-8	PST017	353	8	lo	lo	_	_	_	_	_	linguistic	_	ContainsVariation=No	_	_	_	_	_	_
353-9	PST017	353	9	stesso	stesso	_	_	_	_	_	linguistic	_	ContainsVariation=No	_	_	_	_	_	_
353-10	PST017	353	10	((ride))	((ride))	_	_	_	_	_	nonverbalbehavior	_	ContainsVariation=No	_	End=881.825	_	_	_	_
354-0	PST206	354	0	[mh]	mh	_	_	_	_	_	linguistic	_	ContainsVariation=No	_	Begin=878.525|End=878.885	_	_	_	0-2(59)
355-0	PST206	355	0	non	non	_	_	_	_	_	linguistic	_	ContainsVariation=No	_	Begin=882.125	_	_	_	_
355-1	PST206	355	1	ti	ti	_	_	_	_	_	linguistic	_	ContainsVariation=No	_	_	_	_	_	_
355-2	PST206	355	2	trovi	trovi	_	_	_	_	_	linguistic	_	ContainsVariation=No	_	_	_	_	_	_
355-3	PST206	355	3	a	a	_	_	_	_	_	linguistic	_	ContainsVariation=No	_	_	_	_	_	_
355-4	PST206	355	4	tuo	tuo	_	_	_	_	_	linguistic	_	ContainsVariation=No	_	_	_	_	_	_
355-5	PST206	355	5	agio	agio	_	_	_	_	_	linguistic	_	ContainsVariation=No	_	_	_	_	_	_
355-6	PST206	355	6	[comunque	comunque	_	_	_	_	_	linguistic	_	ContainsVariation=No	_	_	_	_	_	0-8(60)
355-7	PST206	355	7	lì]	lì	_	_	_	_	_	linguistic	_	ContainsVariation=No	_	End=884.475	_	_	_	0-2(60)
356-0	PST017	356	0	[no,	no	_	_	_	_	_	linguistic	_	ContainsVariation=No	Intonation=WeaklyRising	Begin=883.395	_	_	_	0-2(60)
356-1	PST017	356	1	no]	no	_	_	_	_	_	linguistic	_	ContainsVariation=No	_	End=884.015	_	_	_	0-2(60)
357-0	PST206	357	0	e:	e	_	_	_	_	_	linguistic	_	ContainsVariation=No	_	Begin=886.84	0x1	_	_	_
357-1	PST206	357	1	invece	invece	_	_	_	_	_	linguistic	_	ContainsVariation=No	_	_	_	_	_	_
357-2	PST206	357	2	hai	hai	_	_	_	_	_	linguistic	_	ContainsVariation=No	_	_	_	_	_	_
357-3	PST206	357	3	intenzione	intenzione	_	_	_	_	_	linguistic	_	ContainsVariation=No	_	_	_	_	_	_
357-4	PST206	357	4	di	di	_	_	_	_	_	linguistic	_	ContainsVariation=No	_	_	_	_	_	_
357-5	PST206	357	5	andare?	andare	_	_	_	_	_	linguistic	_	ContainsVariation=No	Intonation=Rising	_	_	_	_	_
357-6	PST206	357	6	vers~	vers~	_	_	_	_	_	linguistic	_	ContainsVariation=No	Interrupted=Yes	_	_	_	_	_
357-7	PST206	357	7	dove?	dove	_	_	_	_	_	linguistic	_	ContainsVariation=No	Intonation=Rising	_	_	_	_	_
357-8	PST206	357	8	quale	quale	_	_	_	_	_	linguistic	_	ContainsVariation=No	_	_	_	_	_	_
357-9	PST206	357	9	paese?	paese	_	_	_	_	_	linguistic	_	ContainsVariation=No	Intonation=Rising	End=890.67	_	_	_	_
358-0	PST017	358	0	e::hm::	ehm	_	_	_	_	_	linguistic	_	ContainsVariation=No	_	Begin=890.72	0x2,2x2	_	_	_
358-1	PST017	358	1	no,	no	_	_	_	_	_	linguistic	_	ContainsVariation=No	Intonation=WeaklyRising	_	_	_	_	_
358-2	PST017	358	2	non	non	_	_	_	_	_	linguistic	_	ContainsVariation=No	_	_	_	_	_	_
358-3	PST017	358	3	ho	ho	_	_	_	_	_	linguistic	_	ContainsVariation=No	_	_	_	_	_	_
358-4	PST017	358	4	idea.	idea	_	_	_	_	_	linguistic	_	ContainsVariation=No	Intonation=Falling	_	_	_	_	_
358-5	PST017	358	5	però::	però	_	_	_	_	_	linguistic	_	ContainsVariation=No	_	End=894.17	3x2	_	_	_
359-0	PST017	359	0	esist~,	esist~	_	_	_	_	_	linguistic	_	ContainsVariation=No	Intonation=WeaklyRising|Interrupted=Yes	Begin=894.67	_	_	_	_
359-1	PST017	359	1	in	in	_	_	_	_	_	linguistic	_	ContainsVariation=No	_	_	_	_	_	_
359-2	PST017	359	2	un	un	_	_	_	_	_	linguistic	_	ContainsVariation=No	_	_	_	_	_	_
359-3	PST017	359	3	paese	paese	_	_	_	_	_	linguistic	_	ContainsVariation=No	_	_	_	_	_	_
359-4	PST017	359	4	dove	dove	_	_	_	_	_	linguistic	_	ContainsVariation=No	_	_	_	_	_	_
359-5	PST017	359	5	posso	posso	_	_	_	_	_	linguistic	_	ContainsVariation=No	_	_	_	_	_	_
359-6	PST017	359	6	vivere	vivere	_	_	_	_	_	linguistic	_	ContainsVariation=No	_	_	_	_	_	_
359-7	PST017	359	7	tranquilla,	tranquilla	_	_	_	_	_	linguistic	_	ContainsVariation=No	Intonation=WeaklyRising	_	_	_	_	_
359-8	PST017	359	8	trovare	trovare	_	_	_	_	_	linguistic	_	ContainsVariation=No	_	_	_	_	_	_
359-9	PST017	359	9	un	un	_	_	_	_	_	linguistic	_	ContainsVariation=No	_	_	_	_	_	_
359-10	PST017	359	10	lavoro:	lavoro	_	_	_	_	_	linguistic	_	ContainsVariation=No	_	End=899.18	5x1	_	_	_
360-0	PST017	360	0	e::h	eh	_	_	_	_	_	linguistic	_	ContainsVariation=No	_	Begin=900.587	0x2	_	_	_
360-1	PST017	360	1	però	però	_	_	_	_	_	linguistic	_	ContainsVariation=No	_	_	_	_	_	_
360-2	PST017	360	2	ho	ho	_	_	_	_	_	linguistic	_	ContainsVariation=No	_	_	_	_	_	_
360-3	PST017	360	3	intenzione	intenzione	_	_	_	_	_	linguistic	_	ContainsVariation=No	_	_	_	_	_	_
360-4	PST017	360	4	di	di	_	_	_	_	_	linguistic	_	ContainsVariation=No	_	_	_	_	_	_
360-5	PST017	360	5	and~	and~	_	_	_	_	_	linguistic	_	ContainsVariation=No	Interrupted=Yes	_	_	_	_	_
360-6	PST017	360	6	se.	se	_	_	_	_	_	linguistic	_	ContainsVariation=No	Intonation=Falling	_	_	_	_	_
360-7	PST017	360	7	di	di	_	_	_	_	_	linguistic	_	ContainsVariation=No	_	_	_	_	_	_
360-8	PST017	360	8	andare	andare	_	_	_	_	_	linguistic	_	ContainsVariation=No	_	_	_	_	_	_
360-9	PST017	360	9	in	in	_	_	_	_	_	linguistic	_	ContainsVariation=No	_	_	_	_	_	_
360-10	PST017	360	10	canada.	canada	_	_	_	_	_	linguistic	_	ContainsVariation=No	Intonation=Falling	_	_	_	_	_
360-11	PST017	360	11	forse	forse	_	_	_	_	_	linguistic	_	ContainsVariation=No	_	End=905.337	_	_	_	_
361-0	PST017	361	0	>forse,	forse	_	_	_	_	_	linguistic	_	ContainsVariation=No	Intonation=WeaklyRising	Begin=905.547	_	Fast=0-5(0)	_	_
361-1	PST017	361	1	per	per	_	_	_	_	_	linguistic	_	ContainsVariation=No	_	_	_	Fast=0-3(0)	_	_
361-2	PST017	361	2	ora	ora	_	_	_	_	_	linguistic	_	ContainsVariation=No	_	_	_	Fast=0-3(0)	_	_
361-3	PST017	361	3	non<	non	_	_	_	_	_	linguistic	_	ContainsVariation=No	_	End=907.377	_	Fast=0-3(0)	_	_
362-0	PST206	362	0	e::	e	_	_	_	_	_	linguistic	_	ContainsVariation=No	_	Begin=907.7|End=908.75	0x2	_	_	_
363-0	PST206	363	0	hai~	hai~	_	_	_	_	_	linguistic	_	ContainsVariation=No	Interrupted=Yes	Begin=909.09	_	_	_	_
363-1	PST206	363	1	tu	tu	_	_	_	_	_	linguistic	_	ContainsVariation=No	_	_	_	_	_	_
363-2	PST206	363	2	hai	hai	_	_	_	_	_	linguistic	_	ContainsVariation=No	_	_	_	_	_	_
363-3	PST206	363	3	provato	provato	_	_	_	_	_	linguistic	_	ContainsVariation=No	_	_	_	_	_	_
363-4	PST206	363	4	a	a	_	_	_	_	_	linguistic	_	ContainsVariation=No	_	_	_	_	_	_
363-5	PST206	363	5	continuare	continuare	_	_	_	_	_	linguistic	_	ContainsVariation=No	_	_	_	_	_	_
363-6	PST206	363	6	i	i	_	_	_	_	_	linguistic	_	ContainsVariation=No	_	_	_	_	_	_
363-7	PST206	363	7	tuoi	tuoi	_	_	_	_	_	linguistic	_	ContainsVariation=No	_	_	_	_	_	_
363-8	PST206	363	8	studi:	studi	_	_	_	_	_	linguistic	_	ContainsVariation=No	_	_	4x1	_	_	_
363-9	PST206	363	9	di:	di	_	_	_	_	_	linguistic	_	ContainsVariation=No	_	_	1x1	_	_	_
363-10	PST206	363	10	dell'	dell'	_	_	_	_	_	linguistic	_	ContainsVariation=No	Truncated=Yes	_	_	_	_	_
363-11	PST206	363	11	arabo,	arabo	_	_	_	_	_	linguistic	_	ContainsVariation=No	Intonation=WeaklyRising	_	_	_	_	_
363-12	PST206	363	12	dopo:	dopo	_	_	_	_	_	linguistic	_	ContainsVariation=No	_	End=913.92	3x1	_	_	_
364-0	PST206	364	0	dopo	dopo	_	_	_	_	_	linguistic	_	ContainsVariation=No	_	Begin=914.07	_	_	_	_
364-1	PST206	364	1	essere	essere	_	_	_	_	_	linguistic	_	ContainsVariation=No	_	_	_	_	_	_
364-2	PST206	364	2	venuta	venuta	_	_	_	_	_	linguistic	_	ContainsVariation=No	_	_	_	_	_	_
364-3	PST206	364	3	qui	qui	_	_	_	_	_	linguistic	_	ContainsVariation=No	_	_	_	_	_	_
364-4	PST206	364	4	in	in	_	_	_	_	_	linguistic	_	ContainsVariation=No	_	_	_	_	_	_
364-5	PST206	364	5	italia?	italia	_	_	_	_	_	linguistic	_	ContainsVariation=No	Intonation=Rising	End=915.77	_	_	_	_
365-0	PST017	365	0	no	no	_	_	_	_	_	linguistic	_	ContainsVariation=No	_	Begin=915.8	_	_	_	_
365-1	PST017	365	1	no	no	_	_	_	_	_	linguistic	_	ContainsVariation=No	_	_	_	_	_	_
365-2	PST017	365	2	mai.	mai	_	_	_	_	_	linguistic	_	ContainsVariation=No	Intonation=Falling	_	_	_	_	_
365-3	PST017	365	3	[quin~]	quin~	_	_	_	_	_	linguistic	_	ContainsVariation=No	Interrupted=Yes	_	_	_	_	0-5(61)
365-4	PST017	365	4	quindi:	quindi	_	_	_	_	_	linguistic	_	ContainsVariation=No	_	_	5x1	_	_	_
365-5	PST017	365	5	penso	penso	_	_	_	_	_	linguistic	_	ContainsVariation=No	_	_	_	_	_	_
365-6	PST017	365	6	da:	da	_	_	_	_	_	linguistic	_	ContainsVariation=No	_	_	1x1	_	_	_
365-7	PST017	365	7	dalla	dalla	_	_	_	_	_	linguistic	_	ContainsVariation=No	_	_	_	_	_	_
365-8	PST017	365	8	quarta	quarta	_	_	_	_	_	linguistic	_	ContainsVariation=No	_	_	_	_	_	_
365-9	PST017	365	9	elementare	elementare	_	_	_	_	_	linguistic	_	ContainsVariation=No	_	_	_	_	_	_
365-10	PST017	365	10	che	che	_	_	_	_	_	linguistic	_	ContainsVariation=No	_	_	_	_	_	_
365-11	PST017	365	11	non	non	_	_	_	_	_	linguistic	_	ContainsVariation=No	_	_	_	_	_	_
365-12	PST017	365	12	scrivo	scrivo	_	_	_	_	_	linguistic	_	ContainsVariation=No	_	End=920.58	_	_	_	_
366-0	PST206	366	0	[mai]	mai	_	_	_	_	_	linguistic	_	ContainsVariation=No	_	Begin=916.825|End=917.105	_	_	_	0-3(61)
367-0	PST017	367	0	m::h	mh	_	_	_	_	_	linguistic	_	ContainsVariation=No	_	Begin=921.29	0x2	_	_	_
367-1	PST017	367	1	non	non	_	_	_	_	_	linguistic	_	ContainsVariation=No	_	_	_	_	_	_
367-2	PST017	367	2	so	so	_	_	_	_	_	linguistic	_	ContainsVariation=No	PauseAfter=Yes	_	_	_	_	_
367-3	PST017	367	3	(.)	(.)	_	_	_	_	_	shortpause	_	ContainsVariation=No	_	_	_	_	_	_
367-4	PST017	367	4	un~	un~	_	_	_	_	_	linguistic	_	ContainsVariation=No	Interrupted=Yes	_	_	_	_	_
367-5	PST017	367	5	un	un	_	_	_	_	_	linguistic	_	ContainsVariation=No	_	_	_	_	_	_
367-6	PST017	367	6	tema,	tema	_	_	_	_	_	linguistic	_	ContainsVariation=No	Intonation=WeaklyRising	_	_	_	_	_
367-7	PST017	367	7	nel	nel	_	_	_	_	_	linguistic	_	ContainsVariation=No	_	_	_	_	_	_
367-8	PST017	367	8	senso:	senso	_	_	_	_	_	linguistic	_	ContainsVariation=No	_	_	4x1	_	_	_
367-9	PST017	367	9	se	se	_	_	_	_	_	linguistic	_	ContainsVariation=No	_	_	_	_	_	_
367-10	PST017	367	10	mi	mi	_	_	_	_	_	linguistic	_	ContainsVariation=No	_	_	_	_	_	_
367-11	PST017	367	11	capita	capita	_	_	_	_	_	linguistic	_	ContainsVariation=No	_	_	_	_	_	_
367-12	PST017	367	12	di	di	_	_	_	_	_	linguistic	_	ContainsVariation=No	_	_	_	_	_	_
367-13	PST017	367	13	scrivere	scrivere	_	_	_	_	_	linguistic	_	ContainsVariation=No	_	_	_	_	_	_
367-14	PST017	367	14	in	in	_	_	_	_	_	linguistic	_	ContainsVariation=No	_	_	_	_	_	_
367-15	PST017	367	15	arabo	arabo	_	_	_	_	_	linguistic	_	ContainsVariation=No	_	_	_	_	_	_
367-16	PST017	367	16	scrivo	scrivo	_	_	_	_	_	linguistic	_	ContainsVariation=No	_	_	_	_	_	_
367-17	PST017	367	17	solo	solo	_	_	_	_	_	linguistic	_	ContainsVariation=No	_	_	_	_	_	_
367-18	PST017	367	18	il	il	_	_	_	_	_	linguistic	_	ContainsVariation=No	_	_	_	_	_	_
367-19	PST017	367	19	mio	mio	_	_	_	_	_	linguistic	_	ContainsVariation=No	_	_	_	_	_	_
367-20	PST017	367	20	nome,	nome	_	_	_	_	_	linguistic	_	ContainsVariation=No	Intonation=WeaklyRising	_	_	_	_	_
367-21	PST017	367	21	una	una	_	_	_	_	_	linguistic	_	ContainsVariation=No	_	_	_	_	_	_
367-22	PST017	367	22	frase,	frase	_	_	_	_	_	linguistic	_	ContainsVariation=No	Intonation=WeaklyRising	End=927.6	_	_	_	_
368-0	PST017	368	0	[niente	niente	_	_	_	_	_	linguistic	_	ContainsVariation=No	_	Begin=928.37	_	_	_	0-6(62)
368-1	PST017	368	1	di,	di	_	_	_	_	_	linguistic	_	ContainsVariation=No	Intonation=WeaklyRising	_	_	_	_	0-2(62)
368-2	PST017	368	2	nient'	nient'	_	_	_	_	_	linguistic	_	ContainsVariation=No	SpaceAfter=No	_	_	_	_	0-6(62)
368-3	PST017	368	3	altro]	altro	_	_	_	_	_	linguistic	_	ContainsVariation=No	_	End=929.93	_	_	_	0-5(62)
369-0	PST206	369	0	[nient'	nient'	_	_	_	_	_	linguistic	_	ContainsVariation=No	SpaceAfter=No	Begin=928.435	_	_	_	0-6(62)
369-1	PST206	369	1	altro]	altro	_	_	_	_	_	linguistic	_	ContainsVariation=No	_	End=929.205	_	_	_	0-5(62)
370-0	PST206	370	0	e	e	_	_	_	_	_	linguistic	_	ContainsVariation=No	_	Begin=930.79	_	_	_	_
370-1	PST206	370	1	non	non	_	_	_	_	_	linguistic	_	ContainsVariation=No	_	_	_	_	_	_
370-2	PST206	370	2	sei	sei	_	_	_	_	_	linguistic	_	ContainsVariation=No	_	_	_	_	_	_
370-3	PST206	370	3	mai	mai	_	_	_	_	_	linguistic	_	ContainsVariation=No	_	_	_	_	_	_
370-4	PST206	370	4	andata	andata	_	_	_	_	_	linguistic	_	ContainsVariation=No	_	_	_	_	_	_
370-5	PST206	370	5	QUI	qui	_	_	_	_	_	linguistic	_	ContainsVariation=No	Volume=high	_	_	_	_	_
370-6	PST206	370	6	da:	da	_	_	_	_	_	linguistic	_	ContainsVariation=No	_	_	1x1	_	_	_
370-7	PST206	370	7	in	in	_	_	_	_	_	linguistic	_	ContainsVariation=No	_	_	_	_	_	_
370-8	PST206	370	8	italia	italia	_	_	_	_	_	linguistic	_	ContainsVariation=No	_	End=933.33	_	_	_	_
371-0	PST206	371	0	cioè	cioè	_	_	_	_	_	linguistic	_	ContainsVariation=No	_	Begin=933.545	_	_	_	_
371-1	PST206	371	1	a:	a	_	_	_	_	_	linguistic	_	ContainsVariation=No	_	_	0x1	_	_	_
371-2	PST206	371	2	torino:,	torino	_	_	_	_	_	linguistic	_	ContainsVariation=No	Intonation=WeaklyRising	_	5x1	_	_	_
371-3	PST206	371	3	a	a	_	_	_	_	_	linguistic	_	ContainsVariation=No	_	_	_	_	_	_
371-4	PST206	371	4	studiare	studiare	_	_	_	_	_	linguistic	_	ContainsVariation=No	_	_	_	_	_	_
371-5	PST206	371	5	da	da	_	_	_	_	_	linguistic	_	ContainsVariation=No	_	_	_	_	_	_
371-6	PST206	371	6	qualche	qualche	_	_	_	_	_	linguistic	_	ContainsVariation=No	_	_	_	_	_	_
371-7	PST206	371	7	parte,	parte	_	_	_	_	_	linguistic	_	ContainsVariation=No	Intonation=WeaklyRising	_	_	_	_	_
371-8	PST206	371	8	[l'	l'	_	_	_	_	_	linguistic	_	ContainsVariation=No	SpaceAfter=No	_	_	_	_	0-2(63)
371-9	PST206	371	9	arabo]	arabo	_	_	_	_	_	linguistic	_	ContainsVariation=No	_	End=936.795	_	_	_	0-5(63)
372-0	PST017	372	0	[l'	l'	_	_	_	_	_	linguistic	_	ContainsVariation=No	SpaceAfter=No	Begin=936.595	_	_	_	0-2(63)
372-1	PST017	372	1	arabo]?	arabo	_	_	_	_	_	linguistic	_	ContainsVariation=No	Intonation=Rising	_	_	_	_	0-5(63)
372-2	PST017	372	2	no,	no	_	_	_	_	_	linguistic	_	ContainsVariation=No	Intonation=WeaklyRising	_	_	_	_	_
372-3	PST017	372	3	non	non	_	_	_	_	_	linguistic	_	ContainsVariation=No	_	_	_	_	_	_
372-4	PST017	372	4	ho	ho	_	_	_	_	_	linguistic	_	ContainsVariation=No	_	_	_	_	_	_
372-5	PST017	372	5	provato	provato	_	_	_	_	_	linguistic	_	ContainsVariation=No	_	_	_	_	_	_
372-6	PST017	372	6	ad	ad	_	_	_	_	_	linguistic	_	ContainsVariation=No	_	_	_	_	_	_
372-7	PST017	372	7	andare	andare	_	_	_	_	_	linguistic	_	ContainsVariation=No	_	End=938.745	_	_	_	_
373-0	PST206	373	0	ti	ti	_	_	_	_	_	linguistic	_	ContainsVariation=No	_	Begin=941.12	_	_	_	_
373-1	PST206	373	1	piace	piace	_	_	_	_	_	linguistic	_	ContainsVariation=No	_	_	_	_	_	_
373-2	PST206	373	2	il	il	_	_	_	_	_	linguistic	_	ContainsVariation=No	_	_	_	_	_	_
373-3	PST206	373	3	tuo	tuo	_	_	_	_	_	linguistic	_	ContainsVariation=No	_	_	_	_	_	_
373-4	PST206	373	4	paese	paese	_	_	_	_	_	linguistic	_	ContainsVariation=No	_	_	_	_	_	_
373-5	PST206	373	5	di	di	_	_	_	_	_	linguistic	_	ContainsVariation=No	_	_	_	_	_	_
373-6	PST206	373	6	origine?	origine	_	_	_	_	_	linguistic	_	ContainsVariation=No	Intonation=Rising	End=942.67	_	_	_	_
374-0	PST017	374	0	sì	sì	_	_	_	_	_	linguistic	_	ContainsVariation=No	_	Begin=943.05|End=943.48	_	_	_	_
375-0	PST017	375	0	mi	mi	_	_	_	_	_	linguistic	_	ContainsVariation=No	_	Begin=944.87	_	_	_	_
375-1	PST017	375	1	piace.	piace	_	_	_	_	_	linguistic	_	ContainsVariation=No	Intonation=Falling	End=945.58	_	_	_	_
376-0	PST206	376	0	hai	hai	_	_	_	_	_	linguistic	_	ContainsVariation=No	_	Begin=946.37	_	_	_	_
376-1	PST206	376	1	amici	amici	_	_	_	_	_	linguistic	_	ContainsVariation=No	_	_	_	_	_	_
376-2	PST206	376	2	lì?	lì	_	_	_	_	_	linguistic	_	ContainsVariation=No	Intonation=Rising	End=947.49	_	_	_	_
377-0	PST017	377	0	sì	sì	_	_	_	_	_	linguistic	_	ContainsVariation=No	_	Begin=947.715	_	_	_	_
377-1	PST017	377	1	ho	ho	_	_	_	_	_	linguistic	_	ContainsVariation=No	_	_	_	_	_	_
377-2	PST017	377	2	un'	un'	_	_	_	_	_	linguistic	_	ContainsVariation=No	SpaceAfter=No	_	_	_	_	_
377-3	PST017	377	3	amica	amica	_	_	_	_	_	linguistic	_	ContainsVariation=No	_	_	_	_	_	_
377-4	PST017	377	4	lì.	lì	_	_	_	_	_	linguistic	_	ContainsVariation=No	Intonation=Falling	End=949.045	_	_	_	_
378-0	PST206	378	0	solo	solo	_	_	_	_	_	linguistic	_	ContainsVariation=No	_	Begin=949.645	_	_	_	_
378-1	PST206	378	1	una?	una	_	_	_	_	_	linguistic	_	ContainsVariation=No	Intonation=Rising	End=950.405	_	_	_	_
379-0	PST017	379	0	sì	sì	_	_	_	_	_	linguistic	_	ContainsVariation=No	_	Begin=950.55	_	_	_	_
379-1	PST017	379	1	ho	ho	_	_	_	_	_	linguistic	_	ContainsVariation=No	_	_	_	_	_	_
379-2	PST017	379	2	solo	solo	_	_	_	_	_	linguistic	_	ContainsVariation=No	_	_	_	_	_	_
379-3	PST017	379	3	una	una	_	_	_	_	_	linguistic	_	ContainsVariation=No	PauseAfter=Yes	_	_	_	_	_
379-4	PST017	379	4	(.)	(.)	_	_	_	_	_	shortpause	_	ContainsVariation=No	_	_	_	_	_	_
379-5	PST017	379	5	ho	ho	_	_	_	_	_	linguistic	_	ContainsVariation=No	_	_	_	_	_	_
379-6	PST017	379	6	altri	altri	_	_	_	_	_	linguistic	_	ContainsVariation=No	_	_	_	_	_	_
379-7	PST017	379	7	amici	amici	_	_	_	_	_	linguistic	_	ContainsVariation=No	_	_	_	_	_	_
379-8	PST017	379	8	però,	però	_	_	_	_	_	linguistic	_	ContainsVariation=No	Intonation=WeaklyRising	_	_	_	_	_
379-9	PST017	379	9	la	la	_	_	_	_	_	linguistic	_	ContainsVariation=No	_	_	_	_	_	_
379-10	PST017	379	10	mia	mia	_	_	_	_	_	linguistic	_	ContainsVariation=No	_	_	_	_	_	_
379-11	PST017	379	11	migliore	migliore	_	_	_	_	_	linguistic	_	ContainsVariation=No	_	_	_	_	_	_
379-12	PST017	379	12	amica,	amica	_	_	_	_	_	linguistic	_	ContainsVariation=No	Intonation=WeaklyRising	End=954.06	_	_	_	_
380-0	PST017	380	0	è	è	_	_	_	_	_	linguistic	_	ContainsVariation=No	_	Begin=954.54	_	_	_	_
380-1	PST017	380	1	solo	solo	_	_	_	_	_	linguistic	_	ContainsVariation=No	_	_	_	_	_	_
380-2	PST017	380	2	una	una	_	_	_	_	_	linguistic	_	ContainsVariation=No	_	_	_	_	_	_
380-3	PST017	380	3	ho	ho	_	_	_	_	_	linguistic	_	ContainsVariation=No	_	_	_	_	_	_
380-4	PST017	380	4	altri	altri	_	_	_	_	_	linguistic	_	ContainsVariation=No	_	_	_	_	_	_
380-5	PST017	380	5	conoscenti,	conoscenti	_	_	_	_	_	linguistic	_	ContainsVariation=No	Intonation=WeaklyRising	End=956.34	_	_	_	_
381-0	PST017	381	0	>nel	nel	_	_	_	_	_	linguistic	_	ContainsVariation=No	_	Begin=956.575	_	Fast=0-3(0)	_	_
381-1	PST017	381	1	senso	senso	_	_	_	_	_	linguistic	_	ContainsVariation=No	_	_	_	Fast=0-5(0)	_	_
381-2	PST017	381	2	conosco<	conosco	_	_	_	_	_	linguistic	_	ContainsVariation=No	_	End=957.665	_	Fast=0-7(0)	_	_
382-0	PST017	382	0	più	più	_	_	_	_	_	linguistic	_	ContainsVariation=No	_	Begin=957.915	_	_	_	_
382-1	PST017	382	1	gente	gente	_	_	_	_	_	linguistic	_	ContainsVariation=No	_	_	_	_	_	_
382-2	PST017	382	2	di	di	_	_	_	_	_	linguistic	_	ContainsVariation=No	_	_	_	_	_	_
382-3	PST017	382	3	là,	là	_	_	_	_	_	linguistic	_	ContainsVariation=No	Intonation=WeaklyRising	_	_	_	_	_
382-4	PST017	382	4	che	che	_	_	_	_	_	linguistic	_	ContainsVariation=No	_	_	_	_	_	_
382-5	PST017	382	5	qua	qua	_	_	_	_	_	linguistic	_	ContainsVariation=No	_	_	_	_	_	_
382-6	PST017	382	6	in	in	_	_	_	_	_	linguistic	_	ContainsVariation=No	_	_	_	_	_	_
382-7	PST017	382	7	italia.	italia	_	_	_	_	_	linguistic	_	ContainsVariation=No	Intonation=Falling	_	_	_	_	_
382-8	PST017	382	8	anche	anche	_	_	_	_	_	linguistic	_	ContainsVariation=No	_	_	_	_	_	_
382-9	PST017	382	9	se	se	_	_	_	_	_	linguistic	_	ContainsVariation=No	_	_	_	_	_	_
382-10	PST017	382	10	non	non	_	_	_	_	_	linguistic	_	ContainsVariation=No	_	_	_	_	_	_
382-11	PST017	382	11	vivo	vivo	_	_	_	_	_	linguistic	_	ContainsVariation=No	_	_	_	_	_	_
382-12	PST017	382	12	là	là	_	_	_	_	_	linguistic	_	ContainsVariation=No	_	_	_	_	_	_
382-13	PST017	382	13	però	però	_	_	_	_	_	linguistic	_	ContainsVariation=No	_	_	_	_	_	_
382-14	PST017	382	14	conosc~	conosc~	_	_	_	_	_	linguistic	_	ContainsVariation=No	Interrupted=Yes	End=961.435	_	_	_	_
383-0	PST017	383	0	ho	ho	_	_	_	_	_	linguistic	_	ContainsVariation=No	_	Begin=961.63	_	_	_	_
383-1	PST017	383	1	tanti	tanti	_	_	_	_	_	linguistic	_	ContainsVariation=No	_	_	_	_	_	_
383-2	PST017	383	2	amici	amici	_	_	_	_	_	linguistic	_	ContainsVariation=No	_	_	_	_	_	_
383-3	PST017	383	3	là,	là	_	_	_	_	_	linguistic	_	ContainsVariation=No	Intonation=WeaklyRising	End=962.8	_	_	_	_
384-0	PST017	384	0	che	che	_	_	_	_	_	linguistic	_	ContainsVariation=No	_	Begin=963.65	_	_	_	_
384-1	PST017	384	1	qui.	qui	_	_	_	_	_	linguistic	_	ContainsVariation=No	Intonation=Falling	End=964.17	_	_	_	_
385-0	PST017	385	0	nel	nel	_	_	_	_	_	linguistic	_	ContainsVariation=No	_	Begin=964.805	_	_	_	_
385-1	PST017	385	1	senso::	senso	_	_	_	_	_	linguistic	_	ContainsVariation=No	_	_	4x2	_	_	_
385-2	PST017	385	2	qui	qui	_	_	_	_	_	linguistic	_	ContainsVariation=No	_	_	_	_	_	_
385-3	PST017	385	3	in	in	_	_	_	_	_	linguistic	_	ContainsVariation=No	_	_	_	_	_	_
385-4	PST017	385	4	italia	italia	_	_	_	_	_	linguistic	_	ContainsVariation=No	_	_	_	_	_	_
385-5	PST017	385	5	conosco	conosco	_	_	_	_	_	linguistic	_	ContainsVariation=No	_	_	_	_	_	_
385-6	PST017	385	6	poca	poca	_	_	_	_	_	linguistic	_	ContainsVariation=No	_	_	_	_	_	_
385-7	PST017	385	7	gente.	gente	_	_	_	_	_	linguistic	_	ContainsVariation=No	Intonation=Falling	End=967.395	_	_	_	_
386-0	PST206	386	0	e	e	_	_	_	_	_	linguistic	_	ContainsVariation=No	_	Begin=968.05	_	_	_	_
386-1	PST206	386	1	quando	quando	_	_	_	_	_	linguistic	_	ContainsVariation=No	_	_	_	_	_	_
386-2	PST206	386	2	vai	vai	_	_	_	_	_	linguistic	_	ContainsVariation=No	_	_	_	_	_	_
386-3	PST206	386	3	lì	lì	_	_	_	_	_	linguistic	_	ContainsVariation=No	_	_	_	_	_	_
386-4	PST206	386	4	passi	passi	_	_	_	_	_	linguistic	_	ContainsVariation=No	_	_	_	_	_	_
386-5	PST206	386	5	tutte	tutte	_	_	_	_	_	linguistic	_	ContainsVariation=No	_	_	_	_	_	_
386-6	PST206	386	6	le	le	_	_	_	_	_	linguistic	_	ContainsVariation=No	_	_	_	_	_	_
386-7	PST206	386	7	vacanze	vacanze	_	_	_	_	_	linguistic	_	ContainsVariation=No	_	_	_	_	_	_
386-8	PST206	386	8	con	con	_	_	_	_	_	linguistic	_	ContainsVariation=No	_	_	_	_	_	_
386-9	PST206	386	9	loro?	loro	_	_	_	_	_	linguistic	_	ContainsVariation=No	Intonation=Rising	End=970.35	_	_	_	_
387-0	PST017	387	0	esatto,	esatto	_	_	_	_	_	linguistic	_	ContainsVariation=No	Intonation=WeaklyRising	Begin=970.61	_	_	_	_
387-1	PST017	387	1	qui	qui	_	_	_	_	_	linguistic	_	ContainsVariation=No	_	_	_	_	_	_
387-2	PST017	387	2	invece	invece	_	_	_	_	_	linguistic	_	ContainsVariation=No	_	_	_	_	_	_
387-3	PST017	387	3	quando	quando	_	_	_	_	_	linguistic	_	ContainsVariation=No	_	End=972.71	_	_	_	_
388-0	PST017	388	0	ad	ad	_	_	_	_	_	linguistic	_	ContainsVariation=No	_	Begin=972.84	_	_	_	_
388-1	PST017	388	1	esempio::	esempio	_	_	_	_	_	linguistic	_	ContainsVariation=No	_	_	6x2	_	_	_
388-2	PST017	388	2	ho	ho	_	_	_	_	_	linguistic	_	ContainsVariation=No	_	_	_	_	_	_
388-3	PST017	388	3	voglia	voglia	_	_	_	_	_	linguistic	_	ContainsVariation=No	_	_	_	_	_	_
388-4	PST017	388	4	di	di	_	_	_	_	_	linguistic	_	ContainsVariation=No	_	_	_	_	_	_
388-5	PST017	388	5	uscire,	uscire	_	_	_	_	_	linguistic	_	ContainsVariation=No	Intonation=WeaklyRising	_	_	_	_	_
388-6	PST017	388	6	è	è	_	_	_	_	_	linguistic	_	ContainsVariation=No	_	_	_	_	_	_
388-7	PST017	388	7	difficile	difficile	_	_	_	_	_	linguistic	_	ContainsVariation=No	_	_	_	_	_	_
388-8	PST017	388	8	trovare	trovare	_	_	_	_	_	linguistic	_	ContainsVariation=No	_	_	_	_	_	_
388-9	PST017	388	9	una	una	_	_	_	_	_	linguistic	_	ContainsVariation=No	_	_	_	_	_	_
388-10	PST017	388	10	persona	persona	_	_	_	_	_	linguistic	_	ContainsVariation=No	_	_	_	_	_	_
388-11	PST017	388	11	con	con	_	_	_	_	_	linguistic	_	ContainsVariation=No	_	_	_	_	_	_
388-12	PST017	388	12	cui	cui	_	_	_	_	_	linguistic	_	ContainsVariation=No	_	_	_	_	_	_
388-13	PST017	388	13	uscire,	uscire	_	_	_	_	_	linguistic	_	ContainsVariation=No	Intonation=WeaklyRising	End=978.62	_	_	_	_
389-0	PST017	389	0	poi,	poi	_	_	_	_	_	linguistic	_	ContainsVariation=No	Intonation=WeaklyRising	Begin=978.72	_	_	_	_
389-1	PST017	389	1	passare	passare	_	_	_	_	_	linguistic	_	ContainsVariation=No	_	_	_	_	_	_
389-2	PST017	389	2	il	il	_	_	_	_	_	linguistic	_	ContainsVariation=No	_	_	_	_	_	_
389-3	PST017	389	3	tempo,	tempo	_	_	_	_	_	linguistic	_	ContainsVariation=No	Intonation=WeaklyRising	_	_	_	_	_
389-4	PST017	389	4	è	è	_	_	_	_	_	linguistic	_	ContainsVariation=No	_	_	_	_	_	_
389-5	PST017	389	5	difficile.	difficile	_	_	_	_	_	linguistic	_	ContainsVariation=No	Intonation=Falling	_	_	_	_	_
389-6	PST017	389	6	invece	invece	_	_	_	_	_	linguistic	_	ContainsVariation=No	_	_	_	_	_	_
389-7	PST017	389	7	in	in	_	_	_	_	_	linguistic	_	ContainsVariation=No	_	_	_	_	_	_
389-8	PST017	389	8	marocco	marocco	_	_	_	_	_	linguistic	_	ContainsVariation=No	_	_	_	_	_	_
389-9	PST017	389	9	basta	basta	_	_	_	_	_	linguistic	_	ContainsVariation=No	_	_	_	_	_	_
389-10	PST017	389	10	che:	che	_	_	_	_	_	linguistic	_	ContainsVariation=No	_	_	2x1	_	_	_
389-11	PST017	389	11	dico	dico	_	_	_	_	_	linguistic	_	ContainsVariation=No	_	_	_	_	_	_
389-12	PST017	389	12	che	che	_	_	_	_	_	linguistic	_	ContainsVariation=No	_	_	_	_	_	_
389-13	PST017	389	13	esco,	esco	_	_	_	_	_	linguistic	_	ContainsVariation=No	Intonation=WeaklyRising	_	_	_	_	_
389-14	PST017	389	14	e	e	_	_	_	_	_	linguistic	_	ContainsVariation=No	_	_	_	_	_	_
389-15	PST017	389	15	trovo	trovo	_	_	_	_	_	linguistic	_	ContainsVariation=No	_	_	_	_	_	_
389-16	PST017	389	16	già	già	_	_	_	_	_	linguistic	_	ContainsVariation=No	_	_	_	_	_	_
389-17	PST017	389	17	tanti.	tanti	_	_	_	_	_	linguistic	_	ContainsVariation=No	Intonation=Falling	End=985.48	_	_	_	_
390-0	PST206	390	0	tante	tante	_	_	_	_	_	linguistic	_	ContainsVariation=No	_	Begin=985.655	_	_	_	_
390-1	PST206	390	1	persone.	persone	_	_	_	_	_	linguistic	_	ContainsVariation=No	Intonation=Falling	End=986.575	_	_	_	_
391-0	PST206	391	0	mh	mh	_	_	_	_	_	linguistic	_	ContainsVariation=No	_	Begin=987.62|End=988.07	_	_	_	_
392-0	PST206	392	0	e:::h	eh	_	_	_	_	_	linguistic	_	ContainsVariation=No	_	Begin=988.44	0x3	_	_	_
392-1	PST206	392	1	tu	tu	_	_	_	_	_	linguistic	_	ContainsVariation=No	_	_	_	_	_	_
392-2	PST206	392	2	hai	hai	_	_	_	_	_	linguistic	_	ContainsVariation=No	_	_	_	_	_	_
392-3	PST206	392	3	amici	amici	_	_	_	_	_	linguistic	_	ContainsVariation=No	_	_	_	_	_	_
392-4	PST206	392	4	più	più	_	_	_	_	_	linguistic	_	ContainsVariation=No	_	_	_	_	_	_
392-5	PST206	392	5	>secondo	secondo	_	_	_	_	_	linguistic	_	ContainsVariation=No	_	_	_	Fast=0-7(0)	_	_
392-6	PST206	392	6	te	te	_	_	_	_	_	linguistic	_	ContainsVariation=No	_	_	_	Fast=0-2(0)	_	_
392-7	PST206	392	7	tu	tu	_	_	_	_	_	linguistic	_	ContainsVariation=No	_	_	_	Fast=0-2(0)	_	_
392-8	PST206	392	8	hai	hai	_	_	_	_	_	linguistic	_	ContainsVariation=No	_	_	_	Fast=0-3(0)	_	_
392-9	PST206	392	9	amici	amici	_	_	_	_	_	linguistic	_	ContainsVariation=No	_	_	_	Fast=0-5(0)	_	_
392-10	PST206	392	10	più<	più	_	_	_	_	_	linguistic	_	ContainsVariation=No	_	_	_	Fast=0-3(0)	_	_
392-11	PST206	392	11	italiani	italiani	_	_	_	_	_	linguistic	_	ContainsVariation=No	_	_	_	_	_	_
392-12	PST206	392	12	o	o	_	_	_	_	_	linguistic	_	ContainsVariation=No	_	_	_	_	_	_
392-13	PST206	392	13	stranieri.	stranieri	_	_	_	_	_	linguistic	_	ContainsVariation=No	Intonation=Falling	End=992.12	_	_	_	_
393-0	PST017	393	0	stranieri.	stranieri	_	_	_	_	_	linguistic	_	ContainsVariation=No	Intonation=Falling	Begin=992.305|End=993.055	_	_	_	_
394-0	PST206	394	0	di	di	_	_	_	_	_	linguistic	_	ContainsVariation=No	_	Begin=993.495	_	_	_	_
394-1	PST206	394	1	origine,	origine	_	_	_	_	_	linguistic	_	ContainsVariation=No	Intonation=WeaklyRising|PauseAfter=Yes	_	_	_	_	_
394-2	PST206	394	2	(.)	(.)	_	_	_	_	_	shortpause	_	ContainsVariation=No	_	_	_	_	_	_
394-3	PST206	394	3	soprattutto,	soprattutto	_	_	_	_	_	linguistic	_	ContainsVariation=No	Intonation=WeaklyRising	End=995.435	_	_	_	_
395-0	PST017	395	0	((sospira))	((sospira))	_	_	_	_	_	nonverbalbehavior	_	ContainsVariation=No	_	Begin=995.63	_	_	_	_
395-1	PST017	395	1	ehm,	ehm	_	_	_	_	_	linguistic	_	ContainsVariation=No	Intonation=WeaklyRising	_	_	_	_	_
395-2	PST017	395	2	del	del	_	_	_	_	_	linguistic	_	ContainsVariation=No	_	_	_	_	_	_
395-3	PST017	395	3	marocco,	marocco	_	_	_	_	_	linguistic	_	ContainsVariation=No	Intonation=WeaklyRising	_	_	_	_	_
395-4	PST017	395	4	o	o	_	_	_	_	_	linguistic	_	ContainsVariation=No	_	_	_	_	_	_
395-5	PST017	395	5	dell'	dell'	_	_	_	_	_	linguistic	_	ContainsVariation=No	SpaceAfter=No	_	_	_	_	_
395-6	PST017	395	6	egitto:,	egitto	_	_	_	_	_	linguistic	_	ContainsVariation=No	Intonation=WeaklyRising	End=999.1	5x1	_	_	_
396-0	PST017	396	0	dell'	dell'	_	_	_	_	_	linguistic	_	ContainsVariation=No	SpaceAfter=No	Begin=999.34	_	_	_	_
396-1	PST017	396	1	iran,	iran	_	_	_	_	_	linguistic	_	ContainsVariation=No	Intonation=WeaklyRising	End=1000.34	_	_	_	_
397-0	PST017	397	0	[della	della	_	_	_	_	_	linguistic	_	ContainsVariation=No	_	Begin=1000.805	_	_	_	0-5(64)
397-1	PST017	397	1	tunisia	tunisia	_	_	_	_	_	linguistic	_	ContainsVariation=No	_	_	_	_	_	0-7(64)
397-2	PST017	397	2	solo::]	solo	_	_	_	_	_	linguistic	_	ContainsVariation=No	_	End=1002.385	3x2	_	_	0-4(64)
398-0	PST206	398	0	[arab~]	arab~	_	_	_	_	_	linguistic	_	ContainsVariation=No	Interrupted=Yes	Begin=1000.91|End=1001.65	_	_	_	0-5(64)
399-0	PST206	399	0	e:	e	_	_	_	_	_	linguistic	_	ContainsVariation=No	_	Begin=1003.56	0x1	_	_	_
399-1	PST206	399	1	perché	perché	_	_	_	_	_	linguistic	_	ContainsVariation=No	_	_	_	_	_	_
399-2	PST206	399	2	secondo	secondo	_	_	_	_	_	linguistic	_	ContainsVariation=No	_	_	_	_	_	_
399-3	PST206	399	3	te?	te	_	_	_	_	_	linguistic	_	ContainsVariation=No	Intonation=Rising	End=1004.79	_	_	_	_
400-0	PST017	400	0	e::hm	ehm	_	_	_	_	_	linguistic	_	ContainsVariation=No	PauseAfter=Yes	Begin=1006.05	0x2	_	_	_
400-1	PST017	400	1	(.)	(.)	_	_	_	_	_	shortpause	_	ContainsVariation=No	_	_	_	_	_	_
400-2	PST017	400	2	perché	perché	_	_	_	_	_	linguistic	_	ContainsVariation=No	_	_	_	_	_	_
400-3	PST017	400	3	ad	ad	_	_	_	_	_	linguistic	_	ContainsVariation=No	_	_	_	_	_	_
400-4	PST017	400	4	esempio,	esempio	_	_	_	_	_	linguistic	_	ContainsVariation=No	Intonation=WeaklyRising	_	_	_	_	_
400-5	PST017	400	5	e:giziani,	egiziani	_	_	_	_	_	linguistic	_	ContainsVariation=No	Intonation=WeaklyRising	_	0x1	_	_	_
400-6	PST017	400	6	tunisini,	tunisini	_	_	_	_	_	linguistic	_	ContainsVariation=No	Intonation=WeaklyRising	_	_	_	_	_
400-7	PST017	400	7	marocchini	marocchini	_	_	_	_	_	linguistic	_	ContainsVariation=No	_	_	_	_	_	_
400-8	PST017	400	8	parliamo	parliamo	_	_	_	_	_	linguistic	_	ContainsVariation=No	_	_	_	_	_	_
400-9	PST017	400	9	quasi	quasi	_	_	_	_	_	linguistic	_	ContainsVariation=No	_	_	_	_	_	_
400-10	PST017	400	10	la	la	_	_	_	_	_	linguistic	_	ContainsVariation=No	_	_	_	_	_	_
400-11	PST017	400	11	st~	st~	_	_	_	_	_	linguistic	_	ContainsVariation=No	Interrupted=Yes	_	_	_	_	_
400-12	PST017	400	12	quasi	quasi	_	_	_	_	_	linguistic	_	ContainsVariation=No	_	_	_	_	_	_
400-13	PST017	400	13	la	la	_	_	_	_	_	linguistic	_	ContainsVariation=No	_	_	_	_	_	_
400-14	PST017	400	14	stessa	stessa	_	_	_	_	_	linguistic	_	ContainsVariation=No	_	_	_	_	_	_
400-15	PST017	400	15	lingua	lingua	_	_	_	_	_	linguistic	_	ContainsVariation=No	_	_	_	_	_	_
400-16	PST017	400	16	quasi,	quasi	_	_	_	_	_	linguistic	_	ContainsVariation=No	Intonation=WeaklyRising	End=1013.95	_	_	_	_
401-0	PST017	401	0	e:hm::	ehm	_	_	_	_	_	linguistic	_	ContainsVariation=No	_	Begin=1014.16	0x1,2x2	_	_	_
401-1	PST017	401	1	(..)	..	_	_	_	_	_	error	_	ContainsVariation=No	_	_	_	_	_	_
401-2	PST017	401	2	e~	e~	_	_	_	_	_	linguistic	_	ContainsVariation=No	Interrupted=Yes	_	_	_	_	_
401-3	PST017	401	3	e	e	_	_	_	_	_	linguistic	_	ContainsVariation=No	_	_	_	_	_	_
401-4	PST017	401	4	poi	poi	_	_	_	_	_	linguistic	_	ContainsVariation=No	_	_	_	_	_	_
401-5	PST017	401	5	anche	anche	_	_	_	_	_	linguistic	_	ContainsVariation=No	_	_	_	_	_	_
401-6	PST017	401	6	quelli	quelli	_	_	_	_	_	linguistic	_	ContainsVariation=No	_	_	_	_	_	_
401-7	PST017	401	7	dell'	dell'	_	_	_	_	_	linguistic	_	ContainsVariation=No	SpaceAfter=No	_	_	_	_	_
401-8	PST017	401	8	iran,	iran	_	_	_	_	_	linguistic	_	ContainsVariation=No	Intonation=WeaklyRising	End=1018.25	_	_	_	_
402-0	PST017	402	0	ad	ad	_	_	_	_	_	linguistic	_	ContainsVariation=No	_	Begin=1018.67	_	_	_	_
402-1	PST017	402	1	esempio,	esempio	_	_	_	_	_	linguistic	_	ContainsVariation=No	Intonation=WeaklyRising	_	_	_	_	_
402-2	PST017	402	2	o	o	_	_	_	_	_	linguistic	_	ContainsVariation=No	_	_	_	_	_	_
402-3	PST017	402	3	anche	anche	_	_	_	_	_	linguistic	_	ContainsVariation=No	_	_	_	_	_	_
402-4	PST017	402	4	di	di	_	_	_	_	_	linguistic	_	ContainsVariation=No	_	_	_	_	_	_
402-5	PST017	402	5	altre,	altre	_	_	_	_	_	linguistic	_	ContainsVariation=No	Intonation=WeaklyRising	_	_	_	_	_
402-6	PST017	402	6	di	di	_	_	_	_	_	linguistic	_	ContainsVariation=No	_	_	_	_	_	_
402-7	PST017	402	7	altri	altri	_	_	_	_	_	linguistic	_	ContainsVariation=No	_	_	_	_	_	_
402-8	PST017	402	8	paesi	paesi	_	_	_	_	_	linguistic	_	ContainsVariation=No	_	_	_	_	_	_
402-9	PST017	402	9	che	che	_	_	_	_	_	linguistic	_	ContainsVariation=No	_	_	_	_	_	_
402-10	PST017	402	10	non	non	_	_	_	_	_	linguistic	_	ContainsVariation=No	_	_	_	_	_	_
402-11	PST017	402	11	sono	sono	_	_	_	_	_	linguistic	_	ContainsVariation=No	_	_	_	_	_	_
402-12	PST017	402	12	italiani,	italiani	_	_	_	_	_	linguistic	_	ContainsVariation=No	Intonation=WeaklyRising	End=1022.13	_	_	_	_
403-0	PST017	403	0	non	non	_	_	_	_	_	linguistic	_	ContainsVariation=No	_	Begin=1022.385	_	_	_	_
403-1	PST017	403	1	so.	so	_	_	_	_	_	linguistic	_	ContainsVariation=No	Intonation=Falling	_	_	_	_	_
403-2	PST017	403	2	e~	e~	_	_	_	_	_	linguistic	_	ContainsVariation=No	Interrupted=Yes	_	_	_	_	_
403-3	PST017	403	3	sento	sento	_	_	_	_	_	linguistic	_	ContainsVariation=No	_	_	_	_	_	_
403-4	PST017	403	4	che:	che	_	_	_	_	_	linguistic	_	ContainsVariation=No	_	End=1024.735	2x1	_	_	_
404-0	PST017	404	0	e:::hm	ehm	_	_	_	_	_	linguistic	_	ContainsVariation=No	_	Begin=1025.535	0x3	_	_	_
404-1	PST017	404	1	sono	sono	_	_	_	_	_	linguistic	_	ContainsVariation=No	_	_	_	_	_	_
404-2	PST017	404	2	quasi	quasi	_	_	_	_	_	linguistic	_	ContainsVariation=No	_	_	_	_	_	_
404-3	PST017	404	3	come	come	_	_	_	_	_	linguistic	_	ContainsVariation=No	_	_	_	_	_	_
404-4	PST017	404	4	noi.	noi	_	_	_	_	_	linguistic	_	ContainsVariation=No	Intonation=Falling	_	_	_	_	_
404-5	PST017	404	5	nel	nel	_	_	_	_	_	linguistic	_	ContainsVariation=No	_	_	_	_	_	_
404-6	PST017	404	6	senso,	senso	_	_	_	_	_	linguistic	_	ContainsVariation=No	Intonation=WeaklyRising	End=1028.755	_	_	_	_
405-0	PST017	405	0	qua~	qua~	_	_	_	_	_	linguistic	_	ContainsVariation=No	Interrupted=Yes	Begin=1029.28	_	_	_	_
405-1	PST017	405	1	quasi	quasi	_	_	_	_	_	linguistic	_	ContainsVariation=No	_	_	_	_	_	_
405-2	PST017	405	2	come	come	_	_	_	_	_	linguistic	_	ContainsVariation=No	_	_	_	_	_	_
405-3	PST017	405	3	noi	noi	_	_	_	_	_	linguistic	_	ContainsVariation=No	_	_	_	_	_	_
405-4	PST017	405	4	arabi.	arabi	_	_	_	_	_	linguistic	_	ContainsVariation=No	Intonation=Falling	_	_	_	_	_
405-5	PST017	405	5	hanno	hanno	_	_	_	_	_	linguistic	_	ContainsVariation=No	_	_	_	_	_	_
405-6	PST017	405	6	voglia	voglia	_	_	_	_	_	linguistic	_	ContainsVariation=No	_	_	_	_	_	_
405-7	PST017	405	7	di	di	_	_	_	_	_	linguistic	_	ContainsVariation=No	_	_	_	_	_	_
405-8	PST017	405	8	fare	fare	_	_	_	_	_	linguistic	_	ContainsVariation=No	_	_	_	_	_	_
405-9	PST017	405	9	amicizie,	amicizie	_	_	_	_	_	linguistic	_	ContainsVariation=No	Intonation=WeaklyRising	End=1032.89	_	_	_	_
406-0	PST017	406	0	e::h	eh	_	_	_	_	_	linguistic	_	ContainsVariation=No	_	Begin=1033.29	0x2	_	_	_
406-1	PST017	406	1	>nel	nel	_	_	_	_	_	linguistic	_	ContainsVariation=No	_	_	_	Fast=0-3(0)	_	_
406-2	PST017	406	2	senso<	senso	_	_	_	_	_	linguistic	_	ContainsVariation=No	_	_	_	Fast=0-5(0)	_	_
406-3	PST017	406	3	non	non	_	_	_	_	_	linguistic	_	ContainsVariation=No	_	_	_	_	_	_
406-4	PST017	406	4	sono:	sono	_	_	_	_	_	linguistic	_	ContainsVariation=No	_	_	3x1	_	_	_
406-5	PST017	406	5	riservati,	riservati	_	_	_	_	_	linguistic	_	ContainsVariation=No	Intonation=WeaklyRising	End=1036.31	_	_	_	_
407-0	PST017	407	0	e::h	eh	_	_	_	_	_	linguistic	_	ContainsVariation=No	_	Begin=1036.615|End=1037.095	0x2	_	_	_
408-0	PST017	408	0	hanno	hanno	_	_	_	_	_	linguistic	_	ContainsVariation=No	_	Begin=1037.75	_	_	_	_
408-1	PST017	408	1	voglia	voglia	_	_	_	_	_	linguistic	_	ContainsVariation=No	_	_	_	_	_	_
408-2	PST017	408	2	di	di	_	_	_	_	_	linguistic	_	ContainsVariation=No	_	_	_	_	_	_
408-3	PST017	408	3	conoscere::	conoscere	_	_	_	_	_	linguistic	_	ContainsVariation=No	_	_	8x2	_	_	_
408-4	PST017	408	4	altre	altre	_	_	_	_	_	linguistic	_	ContainsVariation=No	_	_	_	_	_	_
408-5	PST017	408	5	persone,	persone	_	_	_	_	_	linguistic	_	ContainsVariation=No	Intonation=WeaklyRising	_	_	_	_	_
408-6	PST017	408	6	di	di	_	_	_	_	_	linguistic	_	ContainsVariation=No	ProsodicLink=Yes	_	_	_	_	_
408-7	PST017	408	7	altre	altre	_	_	_	_	_	linguistic	_	ContainsVariation=No	_	_	_	_	_	_
408-8	PST017	408	8	nazionalità,	nazionalità	_	_	_	_	_	linguistic	_	ContainsVariation=No	Intonation=WeaklyRising	End=1041.47	_	_	_	_
409-0	PST017	409	0	eccetera.	eccetera	_	_	_	_	_	linguistic	_	ContainsVariation=No	Intonation=Falling	Begin=1042.46	_	_	_	_
409-1	PST017	409	1	vogliono	vogliono	_	_	_	_	_	linguistic	_	ContainsVariation=No	_	_	_	_	_	_
409-2	PST017	409	2	anche	anche	_	_	_	_	_	linguistic	_	ContainsVariation=No	_	_	_	_	_	_
409-3	PST017	409	3	loro	loro	_	_	_	_	_	linguistic	_	ContainsVariation=No	_	_	_	_	_	_
409-4	PST017	409	4	diventare	diventare	_	_	_	_	_	linguistic	_	ContainsVariation=No	_	_	_	_	_	_
409-5	PST017	409	5	un	un	_	_	_	_	_	linguistic	_	ContainsVariation=No	_	_	_	_	_	_
409-6	PST017	409	6	tuo	tuo	_	_	_	_	_	linguistic	_	ContainsVariation=No	_	_	_	_	_	_
409-7	PST017	409	7	amico,	amico	_	_	_	_	_	linguistic	_	ContainsVariation=No	Intonation=WeaklyRising	End=1045.18	_	_	_	_
410-0	PST017	410	0	invece	invece	_	_	_	_	_	linguistic	_	ContainsVariation=No	_	Begin=1046.97	_	_	_	_
410-1	PST017	410	1	con~	con~	_	_	_	_	_	linguistic	_	ContainsVariation=No	Interrupted=Yes	_	_	_	_	_
410-2	PST017	410	2	ad	ad	_	_	_	_	_	linguistic	_	ContainsVariation=No	_	_	_	_	_	_
410-3	PST017	410	3	esempio	esempio	_	_	_	_	_	linguistic	_	ContainsVariation=No	_	_	_	_	_	_
410-4	PST017	410	4	con	con	_	_	_	_	_	linguistic	_	ContainsVariation=No	_	_	_	_	_	_
410-5	PST017	410	5	gli	gli	_	_	_	_	_	linguistic	_	ContainsVariation=No	_	_	_	_	_	_
410-6	PST017	410	6	italiani,	italiani	_	_	_	_	_	linguistic	_	ContainsVariation=No	Intonation=WeaklyRising	_	_	_	_	_
410-7	PST017	410	7	trovo	trovo	_	_	_	_	_	linguistic	_	ContainsVariation=No	_	_	_	_	_	_
410-8	PST017	410	8	molta	molta	_	_	_	_	_	linguistic	_	ContainsVariation=No	_	_	_	_	_	_
410-9	PST017	410	9	difficoltà.	difficoltà	_	_	_	_	_	linguistic	_	ContainsVariation=No	Intonation=Falling	End=1050.27	_	_	_	_
411-0	PST206	411	0	a	a	_	_	_	_	_	linguistic	_	ContainsVariation=No	_	Begin=1050.385	_	_	_	_
411-1	PST206	411	1	fare	fare	_	_	_	_	_	linguistic	_	ContainsVariation=No	_	_	_	_	_	_
411-2	PST206	411	2	amicizia.	amicizia	_	_	_	_	_	linguistic	_	ContainsVariation=No	Intonation=Falling	End=1051.355	_	_	_	_
412-0	PST017	412	0	esatto.	esatto	_	_	_	_	_	linguistic	_	ContainsVariation=No	Intonation=Falling	Begin=1051.455|End=1052.235	_	_	_	_
413-0	PST206	413	0	ma	ma	_	_	_	_	_	linguistic	_	ContainsVariation=No	_	Begin=1052.51	_	_	_	_
413-1	PST206	413	1	non	non	_	_	_	_	_	linguistic	_	ContainsVariation=No	_	_	_	_	_	_
413-2	PST206	413	2	solo	solo	_	_	_	_	_	linguistic	_	ContainsVariation=No	_	_	_	_	_	_
413-3	PST206	413	3	per	per	_	_	_	_	_	linguistic	_	ContainsVariation=No	_	_	_	_	_	_
413-4	PST206	413	4	la	la	_	_	_	_	_	linguistic	_	ContainsVariation=No	_	_	_	_	_	_
413-5	PST206	413	5	lingua	lingua	_	_	_	_	_	linguistic	_	ContainsVariation=No	_	_	_	_	_	_
413-6	PST206	413	6	dici.	dici	_	_	_	_	_	linguistic	_	ContainsVariation=No	Intonation=Falling	End=1054.15	_	_	_	_
414-0	PST017	414	0	sì	sì	_	_	_	_	_	linguistic	_	ContainsVariation=No	_	Begin=1054.805	_	_	_	_
414-1	PST017	414	1	non	non	_	_	_	_	_	linguistic	_	ContainsVariation=No	_	_	_	_	_	_
414-2	PST017	414	2	solo	solo	_	_	_	_	_	linguistic	_	ContainsVariation=No	_	_	_	_	_	_
414-3	PST017	414	3	per	per	_	_	_	_	_	linguistic	_	ContainsVariation=No	_	_	_	_	_	_
414-4	PST017	414	4	la	la	_	_	_	_	_	linguistic	_	ContainsVariation=No	_	_	_	_	_	_
414-5	PST017	414	5	lingua.	lingua	_	_	_	_	_	linguistic	_	ContainsVariation=No	Intonation=Falling	_	_	_	_	_
414-6	PST017	414	6	anche	anche	_	_	_	_	_	linguistic	_	ContainsVariation=No	PauseAfter=Yes	_	_	_	_	_
414-7	PST017	414	7	(.)	(.)	_	_	_	_	_	shortpause	_	ContainsVariation=No	_	_	_	_	_	_
414-8	PST017	414	8	per	per	_	_	_	_	_	linguistic	_	ContainsVariation=No	_	_	_	_	_	_
414-9	PST017	414	9	come	come	_	_	_	_	_	linguistic	_	ContainsVariation=No	_	_	_	_	_	_
414-10	PST017	414	10	sono:	sono	_	_	_	_	_	linguistic	_	ContainsVariation=No	_	End=1058.295	3x1	_	_	_
415-0	PST017	415	0	come	come	_	_	_	_	_	linguistic	_	ContainsVariation=No	_	Begin=1058.975	_	_	_	_
415-1	PST017	415	1	sono	sono	_	_	_	_	_	linguistic	_	ContainsVariation=No	_	_	_	_	_	_
415-2	PST017	415	2	loro.	loro	_	_	_	_	_	linguistic	_	ContainsVariation=No	Intonation=Falling	_	_	_	_	_
415-3	PST017	415	3	>nel	nel	_	_	_	_	_	linguistic	_	ContainsVariation=No	_	_	_	Fast=0-3(0)	_	_
415-4	PST017	415	4	senso<	senso	_	_	_	_	_	linguistic	_	ContainsVariation=No	_	_	_	Fast=0-5(0)	_	_
415-5	PST017	415	5	come	come	_	_	_	_	_	linguistic	_	ContainsVariation=No	_	_	_	_	_	_
415-6	PST017	415	6	sono:	sono	_	_	_	_	_	linguistic	_	ContainsVariation=No	_	End=1061.145	3x1	_	_	_
416-0	PST017	416	0	fatti	fatti	_	_	_	_	_	linguistic	_	ContainsVariation=No	_	Begin=1061.405	_	_	_	_
416-1	PST017	416	1	loro.	loro	_	_	_	_	_	linguistic	_	ContainsVariation=No	Intonation=Falling	End=1062.335	_	_	_	_
417-0	PST206	417	0	hai	hai	_	_	_	_	_	linguistic	_	ContainsVariation=No	_	Begin=1062.715	_	_	_	_
417-1	PST206	417	1	d~	d~	_	_	_	_	_	linguistic	_	ContainsVariation=No	Interrupted=Yes	_	_	_	_	_
417-2	PST206	417	2	non	non	_	_	_	_	_	linguistic	_	ContainsVariation=No	_	_	_	_	_	_
417-3	PST206	417	3	ti	ti	_	_	_	_	_	linguistic	_	ContainsVariation=No	_	_	_	_	_	_
417-4	PST206	417	4	aiutano:	aiutano	_	_	_	_	_	linguistic	_	ContainsVariation=No	_	_	6x1	_	_	_
417-5	PST206	417	5	ad	ad	_	_	_	_	_	linguistic	_	ContainsVariation=No	_	_	_	_	_	_
417-6	PST206	417	6	uscire	uscire	_	_	_	_	_	linguistic	_	ContainsVariation=No	_	_	_	_	_	_
417-7	PST206	417	7	dalla	dalla	_	_	_	_	_	linguistic	_	ContainsVariation=No	_	_	_	_	_	_
417-8	PST206	417	8	tua	tua	_	_	_	_	_	linguistic	_	ContainsVariation=No	_	_	_	_	_	_
417-9	PST206	417	9	timidezza,	timidezza	_	_	_	_	_	linguistic	_	ContainsVariation=No	Intonation=WeaklyRising	_	_	_	_	_
417-10	PST206	417	10	[intendi	intendi	_	_	_	_	_	linguistic	_	ContainsVariation=No	_	_	_	_	_	0-7(65)
417-11	PST206	417	11	dire]	dire	_	_	_	_	_	linguistic	_	ContainsVariation=No	_	End=1066.545	_	_	_	0-4(65)
418-0	PST017	418	0	[no]	no	_	_	_	_	_	linguistic	_	ContainsVariation=No	_	Begin=1066.015|End=1066.565	_	_	_	0-2(65)
419-0	PST017	419	0	e	e	_	_	_	_	_	linguistic	_	ContainsVariation=No	_	Begin=1066.745	_	_	_	_
419-1	PST017	419	1	se	se	_	_	_	_	_	linguistic	_	ContainsVariation=No	_	_	_	_	_	_
419-2	PST017	419	2	ti	ti	_	_	_	_	_	linguistic	_	ContainsVariation=No	_	End=1067.265	_	_	_	_
420-0	PST017	420	0	se	se	_	_	_	_	_	linguistic	_	ContainsVariation=No	_	Begin=1067.46	_	_	_	_
420-1	PST017	420	1	vedono	vedono	_	_	_	_	_	linguistic	_	ContainsVariation=No	_	_	_	_	_	_
420-2	PST017	420	2	che	che	_	_	_	_	_	linguistic	_	ContainsVariation=No	_	_	_	_	_	_
420-3	PST017	420	3	sei	sei	_	_	_	_	_	linguistic	_	ContainsVariation=No	_	_	_	_	_	_
420-4	PST017	420	4	timido,	timido	_	_	_	_	_	linguistic	_	ContainsVariation=No	Intonation=WeaklyRising	_	_	_	_	_
420-5	PST017	420	5	non	non	_	_	_	_	_	linguistic	_	ContainsVariation=No	_	_	_	_	_	_
420-6	PST017	420	6	so.	so	_	_	_	_	_	linguistic	_	ContainsVariation=No	Intonation=Falling	_	_	_	_	_
420-7	PST017	420	7	e:::	e	_	_	_	_	_	linguistic	_	ContainsVariation=No	_	_	0x3	_	_	_
420-8	PST017	420	8	non	non	_	_	_	_	_	linguistic	_	ContainsVariation=No	_	_	_	_	_	_
420-9	PST017	420	9	provano	provano	_	_	_	_	_	linguistic	_	ContainsVariation=No	_	_	_	_	_	_
420-10	PST017	420	10	neanche	neanche	_	_	_	_	_	linguistic	_	ContainsVariation=No	_	_	_	_	_	_
420-11	PST017	420	11	a	a	_	_	_	_	_	linguistic	_	ContainsVariation=No	_	_	_	_	_	_
420-12	PST017	420	12	parlarti,	parlarti	_	_	_	_	_	linguistic	_	ContainsVariation=No	Intonation=WeaklyRising	_	_	_	_	_
420-13	PST017	420	13	o	o	_	_	_	_	_	linguistic	_	ContainsVariation=No	_	_	_	_	_	_
420-14	PST017	420	14	a	a	_	_	_	_	_	linguistic	_	ContainsVariation=No	_	_	_	_	_	_
420-15	PST017	420	15	diventare	diventare	_	_	_	_	_	linguistic	_	ContainsVariation=No	_	_	_	_	_	_
420-16	PST017	420	16	tuo	tuo	_	_	_	_	_	linguistic	_	ContainsVariation=No	_	_	_	_	_	_
420-17	PST017	420	17	amico,	amico	_	_	_	_	_	linguistic	_	ContainsVariation=No	Intonation=WeaklyRising	_	_	_	_	_
420-18	PST017	420	18	niente.	niente	_	_	_	_	_	linguistic	_	ContainsVariation=No	Intonation=Falling	End=1074.85	_	_	_	_
421-0	PST017	421	0	anzi	anzi	_	_	_	_	_	linguistic	_	ContainsVariation=No	_	Begin=1075.15	_	_	_	_
421-1	PST017	421	1	ti	ti	_	_	_	_	_	linguistic	_	ContainsVariation=No	_	_	_	_	_	_
421-2	PST017	421	2	allontanano	allontanano	_	_	_	_	_	linguistic	_	ContainsVariation=No	_	_	_	_	_	_
421-3	PST017	421	3	[ancora	ancora	_	_	_	_	_	linguistic	_	ContainsVariation=No	_	_	_	_	_	0-6(66)
421-4	PST017	421	4	di	di	_	_	_	_	_	linguistic	_	ContainsVariation=No	_	_	_	_	_	0-2(66)
421-5	PST017	421	5	più]	più	_	_	_	_	_	linguistic	_	ContainsVariation=No	_	_	_	_	_	0-3(66)
421-6	PST017	421	6	dal	dal	_	_	_	_	_	linguistic	_	ContainsVariation=No	_	_	_	_	_	_
421-7	PST017	421	7	loro	loro	_	_	_	_	_	linguistic	_	ContainsVariation=No	_	_	_	_	_	_
421-8	PST017	421	8	gruppo.	gruppo	_	_	_	_	_	linguistic	_	ContainsVariation=No	Intonation=Falling	End=1077.64	_	_	_	_
422-0	PST206	422	0	[sì	sì	_	_	_	_	_	linguistic	_	ContainsVariation=No	_	Begin=1076.24	_	_	_	0-2(66)
422-1	PST206	422	1	è	è	_	_	_	_	_	linguistic	_	ContainsVariation=No	_	_	_	_	_	0-1(66)
422-2	PST206	422	2	un	un	_	_	_	_	_	linguistic	_	ContainsVariation=No	_	_	_	_	_	0-2(66)
422-3	PST206	422	3	po']	po'	_	_	_	_	_	linguistic	_	ContainsVariation=No	_	End=1077.08	_	_	_	0-3(66)
423-0	PST206	423	0	tu	tu	_	_	_	_	_	linguistic	_	ContainsVariation=No	_	Begin=1078.65	_	_	_	_
423-1	PST206	423	1	hai	hai	_	_	_	_	_	linguistic	_	ContainsVariation=No	_	_	_	_	_	_
423-2	PST206	423	2	sempre	sempre	_	_	_	_	_	linguistic	_	ContainsVariation=No	_	_	_	_	_	_
423-3	PST206	423	3	contatti	contatti	_	_	_	_	_	linguistic	_	ContainsVariation=No	_	_	_	_	_	_
423-4	PST206	423	4	con	con	_	_	_	_	_	linguistic	_	ContainsVariation=No	_	_	_	_	_	_
423-5	PST206	423	5	i	i	_	_	_	_	_	linguistic	_	ContainsVariation=No	_	_	_	_	_	_
423-6	PST206	423	6	tuoi	tuoi	_	_	_	_	_	linguistic	_	ContainsVariation=No	_	_	_	_	_	_
423-7	PST206	423	7	cioè	cioè	_	_	_	_	_	linguistic	_	ContainsVariation=No	_	_	_	_	_	_
423-8	PST206	423	8	quando:	quando	_	_	_	_	_	linguistic	_	ContainsVariation=No	_	_	5x1	_	_	_
423-9	PST206	423	9	anche	anche	_	_	_	_	_	linguistic	_	ContainsVariation=No	_	_	_	_	_	_
423-10	PST206	423	10	quando	quando	_	_	_	_	_	linguistic	_	ContainsVariation=No	_	_	_	_	_	_
423-11	PST206	423	11	sei	sei	_	_	_	_	_	linguistic	_	ContainsVariation=No	_	_	_	_	_	_
423-12	PST206	423	12	qui	qui	_	_	_	_	_	linguistic	_	ContainsVariation=No	_	_	_	_	_	_
423-13	PST206	423	13	in	in	_	_	_	_	_	linguistic	_	ContainsVariation=No	_	_	_	_	_	_
423-14	PST206	423	14	italia::	italia	_	_	_	_	_	linguistic	_	ContainsVariation=No	_	End=1083.0	5x2	_	_	_
424-0	PST206	424	0	hai	hai	_	_	_	_	_	linguistic	_	ContainsVariation=No	_	Begin=1083.05	_	_	_	_
424-1	PST206	424	1	sempre	sempre	_	_	_	_	_	linguistic	_	ContainsVariation=No	_	_	_	_	_	_
424-2	PST206	424	2	contatti	contatti	_	_	_	_	_	linguistic	_	ContainsVariation=No	_	_	_	_	_	_
424-3	PST206	424	3	con	con	_	_	_	_	_	linguistic	_	ContainsVariation=No	_	_	_	_	_	_
424-4	PST206	424	4	i	i	_	_	_	_	_	linguistic	_	ContainsVariation=No	_	_	_	_	_	_
424-5	PST206	424	5	tuoi	tuoi	_	_	_	_	_	linguistic	_	ContainsVariation=No	_	_	_	_	_	_
424-6	PST206	424	6	amici	amici	_	_	_	_	_	linguistic	_	ContainsVariation=No	_	_	_	_	_	_
424-7	PST206	424	7	in	in	_	_	_	_	_	linguistic	_	ContainsVariation=No	_	_	_	_	_	_
424-8	PST206	424	8	marocco,	marocco	_	_	_	_	_	linguistic	_	ContainsVariation=No	Intonation=WeaklyRising	_	_	_	_	_
424-9	PST206	424	9	parli	parli	_	_	_	_	_	linguistic	_	ContainsVariation=No	_	_	_	_	_	_
424-10	PST206	424	10	sempre~	sempre~	_	_	_	_	_	linguistic	_	ContainsVariation=No	Interrupted=Yes	End=1086.04	_	_	_	_
425-0	PST206	425	0	[parli	parli	_	_	_	_	_	linguistic	_	ContainsVariation=No	_	Begin=1086.12	_	_	_	0-5(?)
425-1	PST206	425	1	spesso]	spesso	_	_	_	_	_	linguistic	_	ContainsVariation=No	_	_	_	_	_	0-6(?)
425-2	PST206	425	2	con	con	_	_	_	_	_	linguistic	_	ContainsVariation=No	_	_	_	_	_	_
425-3	PST206	425	3	[loro]?	loro	_	_	_	_	_	linguistic	_	ContainsVariation=No	Intonation=Rising	End=1087.45	_	_	_	0-4(?)
426-0	PST017	426	0	[sìs,ìs,ì	sìs,ìs,ì	_	_	_	_	_	error	_	ContainsVariation=No	PauseAfter=Yes	Begin=1086.13	_	_	_	0-6(67)
426-1	PST017	426	1	(.)	(.)	_	_	_	_	_	shortpause	_	ContainsVariation=No	_	_	_	_	_	X(67)
426-2	PST017	426	2	sì]	sì	_	_	_	_	_	linguistic	_	ContainsVariation=No	_	End=1087.42	_	_	_	0-2(67)
427-0	PST017	427	0	parlo:	parlo	_	_	_	_	_	linguistic	_	ContainsVariation=No	_	Begin=1087.53	4x1	_	_	_
427-1	PST017	427	1	spesso	spesso	_	_	_	_	_	linguistic	_	ContainsVariation=No	_	_	_	_	_	_
427-2	PST017	427	2	con	con	_	_	_	_	_	linguistic	_	ContainsVariation=No	_	_	_	_	_	_
427-3	PST017	427	3	loro,	loro	_	_	_	_	_	linguistic	_	ContainsVariation=No	Intonation=WeaklyRising	_	_	_	_	_
427-4	PST017	427	4	ci	ci	_	_	_	_	_	linguistic	_	ContainsVariation=No	_	_	_	_	_	_
427-5	PST017	427	5	sentiamo:	sentiamo	_	_	_	_	_	linguistic	_	ContainsVariation=No	_	End=1090.18	7x1	_	_	_
428-0	PST017	428	0	sempre.	sempre	_	_	_	_	_	linguistic	_	ContainsVariation=No	Intonation=Falling	Begin=1090.59	_	_	_	_
428-1	PST017	428	1	via	via	_	_	_	_	_	linguistic	_	ContainsVariation=No	_	_	_	_	_	_
428-2	PST017	428	2	whatsapp,	whatsapp	_	_	_	_	_	linguistic	_	ContainsVariation=No	Intonation=WeaklyRising	_	_	_	_	_
428-3	PST017	428	3	eccetera	eccetera	_	_	_	_	_	linguistic	_	ContainsVariation=No	_	End=1092.82	_	_	_	_
429-0	PST206	429	0	dunque	dunque	_	_	_	_	_	linguistic	_	ContainsVariation=No	_	Begin=1093.23	_	_	_	_
429-1	PST206	429	1	scrivi	scrivi	_	_	_	_	_	linguistic	_	ContainsVariation=No	_	_	_	_	_	_
429-2	PST206	429	2	spesso:	spesso	_	_	_	_	_	linguistic	_	ContainsVariation=No	_	_	5x1	_	_	_
429-3	PST206	429	3	messaggi	messaggi	_	_	_	_	_	linguistic	_	ContainsVariation=No	_	_	_	_	_	_
429-4	PST206	429	4	in	in	_	_	_	_	_	linguistic	_	ContainsVariation=No	_	_	_	_	_	_
429-5	PST206	429	5	arabo::	arabo	_	_	_	_	_	linguistic	_	ContainsVariation=No	_	_	4x2	_	_	_
429-6	PST206	429	6	e	e	_	_	_	_	_	linguistic	_	ContainsVariation=No	_	_	_	_	_	_
429-7	PST206	429	7	chatti	chatti	_	_	_	_	_	linguistic	_	ContainsVariation=No	_	_	_	_	_	_
429-8	PST206	429	8	spesso	spesso	_	_	_	_	_	linguistic	_	ContainsVariation=No	_	_	_	_	_	_
429-9	PST206	429	9	in	in	_	_	_	_	_	linguistic	_	ContainsVariation=No	_	_	_	_	_	_
429-10	PST206	429	10	arabo.	arabo	_	_	_	_	_	linguistic	_	ContainsVariation=No	Intonation=Falling	End=1097.93	_	_	_	_
430-0	PST017	430	0	sì.	sì	_	_	_	_	_	linguistic	_	ContainsVariation=No	Intonation=Falling	Begin=1098.055	_	_	_	_
430-1	PST017	430	1	esatto	esatto	_	_	_	_	_	linguistic	_	ContainsVariation=No	_	End=1098.785	_	_	_	_
431-0	PST017	431	0	sempre	sempre	_	_	_	_	_	linguistic	_	ContainsVariation=No	_	Begin=1099.535|End=1100.335	_	_	_	_
432-0	PST206	432	0	a	a	_	_	_	_	_	linguistic	_	ContainsVariation=No	_	Begin=1101.3	_	_	_	_
432-1	PST206	432	1	te	te	_	_	_	_	_	linguistic	_	ContainsVariation=No	_	_	_	_	_	_
432-2	PST206	432	2	piace	piace	_	_	_	_	_	linguistic	_	ContainsVariation=No	_	_	_	_	_	_
432-3	PST206	432	3	leggere?	leggere	_	_	_	_	_	linguistic	_	ContainsVariation=No	Intonation=Rising	End=1102.72	_	_	_	_
433-0	PST017	433	0	no	no	_	_	_	_	_	linguistic	_	ContainsVariation=No	_	Begin=1103.155|End=1103.515	_	_	_	_
434-0	PST017	434	0	e:hm	ehm	_	_	_	_	_	linguistic	_	ContainsVariation=No	_	Begin=1104.71|End=1105.62	0x1	_	_	_
435-0	PST017	435	0	ho	ho	_	_	_	_	_	linguistic	_	ContainsVariation=No	_	Begin=1106.17	_	_	_	_
435-1	PST017	435	1	provato	provato	_	_	_	_	_	linguistic	_	ContainsVariation=No	_	_	_	_	_	_
435-2	PST017	435	2	a	a	_	_	_	_	_	linguistic	_	ContainsVariation=No	_	_	_	_	_	_
435-3	PST017	435	3	leggere	leggere	_	_	_	_	_	linguistic	_	ContainsVariation=No	_	_	_	_	_	_
435-4	PST017	435	4	anche	anche	_	_	_	_	_	linguistic	_	ContainsVariation=No	_	_	_	_	_	_
435-5	PST017	435	5	dei	dei	_	_	_	_	_	linguistic	_	ContainsVariation=No	_	_	_	_	_	_
435-6	PST017	435	6	libri	libri	_	_	_	_	_	linguistic	_	ContainsVariation=No	_	_	_	_	_	_
435-7	PST017	435	7	in	in	_	_	_	_	_	linguistic	_	ContainsVariation=No	_	_	_	_	_	_
435-8	PST017	435	8	italiano,	italiano	_	_	_	_	_	linguistic	_	ContainsVariation=No	Intonation=WeaklyRising	_	_	_	_	_
435-9	PST017	435	9	perché	perché	_	_	_	_	_	linguistic	_	ContainsVariation=No	_	_	_	_	_	_
435-10	PST017	435	10	questo:	questo	_	_	_	_	_	linguistic	_	ContainsVariation=No	_	End=1109.4	5x1	_	_	_
436-0	PST017	436	0	mi	mi	_	_	_	_	_	linguistic	_	ContainsVariation=No	_	Begin=1109.62	_	_	_	_
436-1	PST017	436	1	hanno	hanno	_	_	_	_	_	linguistic	_	ContainsVariation=No	_	_	_	_	_	_
436-2	PST017	436	2	detto	detto	_	_	_	_	_	linguistic	_	ContainsVariation=No	_	_	_	_	_	_
436-3	PST017	436	3	che	che	_	_	_	_	_	linguistic	_	ContainsVariation=No	_	End=1110.39	_	_	_	_
437-0	PST017	437	0	mi	mi	_	_	_	_	_	linguistic	_	ContainsVariation=No	_	Begin=1111.09	_	_	_	_
437-1	PST017	437	1	aiuta	aiuta	_	_	_	_	_	linguistic	_	ContainsVariation=No	_	_	_	_	_	_
437-2	PST017	437	2	anche	anche	_	_	_	_	_	linguistic	_	ContainsVariation=No	_	_	_	_	_	_
437-3	PST017	437	3	a	a	_	_	_	_	_	linguistic	_	ContainsVariation=No	_	_	_	_	_	_
437-4	PST017	437	4	migliorare	migliorare	_	_	_	_	_	linguistic	_	ContainsVariation=No	_	_	_	_	_	_
437-5	PST017	437	5	la	la	_	_	_	_	_	linguistic	_	ContainsVariation=No	_	_	_	_	_	_
437-6	PST017	437	6	lingua,	lingua	_	_	_	_	_	linguistic	_	ContainsVariation=No	Intonation=WeaklyRising	End=1113.1	_	_	_	_
438-0	PST017	438	0	però	però	_	_	_	_	_	linguistic	_	ContainsVariation=No	_	Begin=1113.18	_	_	_	_
438-1	PST017	438	1	non	non	_	_	_	_	_	linguistic	_	ContainsVariation=No	_	_	_	_	_	_
438-2	PST017	438	2	riesco.	riesco	_	_	_	_	_	linguistic	_	ContainsVariation=No	Intonation=Falling	_	_	_	_	_
438-3	PST017	438	3	appena	appena	_	_	_	_	_	linguistic	_	ContainsVariation=No	_	_	_	_	_	_
438-4	PST017	438	4	inizia	inizia	_	_	_	_	_	linguistic	_	ContainsVariation=No	_	_	_	_	_	_
438-5	PST017	438	5	un	un	_	_	_	_	_	linguistic	_	ContainsVariation=No	_	_	_	_	_	_
438-6	PST017	438	6	libro,	libro	_	_	_	_	_	linguistic	_	ContainsVariation=No	Intonation=WeaklyRising	End=1115.05	_	_	_	_
439-0	PST017	439	0	la	la	_	_	_	_	_	linguistic	_	ContainsVariation=No	_	Begin=1116.21	_	_	_	_
439-1	PST017	439	1	prima	prima	_	_	_	_	_	linguistic	_	ContainsVariation=No	_	_	_	_	_	_
439-2	PST017	439	2	pagina	pagina	_	_	_	_	_	linguistic	_	ContainsVariation=No	_	_	_	_	_	_
439-3	PST017	439	3	già	già	_	_	_	_	_	linguistic	_	ContainsVariation=No	_	_	_	_	_	_
439-4	PST017	439	4	dalla	dalla	_	_	_	_	_	linguistic	_	ContainsVariation=No	_	_	_	_	_	_
439-5	PST017	439	5	seconda	seconda	_	_	_	_	_	linguistic	_	ContainsVariation=No	_	_	_	_	_	_
439-6	PST017	439	6	non	non	_	_	_	_	_	linguistic	_	ContainsVariation=No	_	_	_	_	_	_
439-7	PST017	439	7	capisco	capisco	_	_	_	_	_	linguistic	_	ContainsVariation=No	_	_	_	_	_	_
439-8	PST017	439	8	più	più	_	_	_	_	_	linguistic	_	ContainsVariation=No	_	_	_	_	_	_
439-9	PST017	439	9	niente	niente	_	_	_	_	_	linguistic	_	ContainsVariation=No	_	_	_	_	_	_
439-10	PST017	439	10	perché	perché	_	_	_	_	_	linguistic	_	ContainsVariation=No	_	_	_	_	_	_
439-11	PST017	439	11	((ride))	((ride))	_	_	_	_	_	nonverbalbehavior	_	ContainsVariation=No	_	End=1119.53	_	_	_	_
440-0	PST017	440	0	((ride))	((ride))	_	_	_	_	_	nonverbalbehavior	_	ContainsVariation=No	_	Begin=1119.665|End=1120.925	_	_	_	_
441-0	PST017	441	0	((ride))	((ride))	_	_	_	_	_	nonverbalbehavior	_	ContainsVariation=No	_	Begin=1122.36	_	_	_	_
441-1	PST017	441	1	perché	perché	_	_	_	_	_	linguistic	_	ContainsVariation=No	ProsodicLink=Yes	_	_	_	_	_
441-2	PST017	441	2	m::h	mh	_	_	_	_	_	linguistic	_	ContainsVariation=No	_	_	0x2	_	_	_
441-3	PST017	441	3	poi	poi	_	_	_	_	_	linguistic	_	ContainsVariation=No	_	_	_	_	_	_
441-4	PST017	441	4	trovo:	trovo	_	_	_	_	_	linguistic	_	ContainsVariation=No	_	End=1125.7	4x1	_	_	_
442-0	PST017	442	0	molte	molte	_	_	_	_	_	linguistic	_	ContainsVariation=No	_	Begin=1126.245	_	_	_	_
442-1	PST017	442	1	parole	parole	_	_	_	_	_	linguistic	_	ContainsVariation=No	_	End=1127.215	_	_	_	_
443-0	PST017	443	0	che:	che	_	_	_	_	_	linguistic	_	ContainsVariation=No	_	Begin=1128.04	2x1	_	_	_
443-1	PST017	443	1	ormai	ormai	_	_	_	_	_	linguistic	_	ContainsVariation=No	_	_	_	_	_	_
443-2	PST017	443	2	cioè	cioè	_	_	_	_	_	linguistic	_	ContainsVariation=No	_	_	_	_	_	_
443-3	PST017	443	3	n~	n~	_	_	_	_	_	linguistic	_	ContainsVariation=No	Interrupted=Yes	_	_	_	_	_
443-4	PST017	443	4	non	non	_	_	_	_	_	linguistic	_	ContainsVariation=No	_	_	_	_	_	_
443-5	PST017	443	5	le	le	_	_	_	_	_	linguistic	_	ContainsVariation=No	_	_	_	_	_	_
443-6	PST017	443	6	capisco	capisco	_	_	_	_	_	linguistic	_	ContainsVariation=No	_	End=1130.77	_	_	_	_
444-0	PST017	444	0	e	e	_	_	_	_	_	linguistic	_	ContainsVariation=No	_	Begin=1130.81	_	_	_	_
444-1	PST017	444	1	poi:	poi	_	_	_	_	_	linguistic	_	ContainsVariation=No	_	_	2x1	_	_	_
444-2	PST017	444	2	n~	n~	_	_	_	_	_	linguistic	_	ContainsVariation=No	Interrupted=Yes	_	_	_	_	_
444-3	PST017	444	3	cioè	cioè	_	_	_	_	_	linguistic	_	ContainsVariation=No	_	_	_	_	_	_
444-4	PST017	444	4	non	non	_	_	_	_	_	linguistic	_	ContainsVariation=No	_	_	_	_	_	_
444-5	PST017	444	5	ho	ho	_	_	_	_	_	linguistic	_	ContainsVariation=No	_	_	_	_	_	_
444-6	PST017	444	6	voglia	voglia	_	_	_	_	_	linguistic	_	ContainsVariation=No	_	_	_	_	_	_
444-7	PST017	444	7	di	di	_	_	_	_	_	linguistic	_	ContainsVariation=No	_	_	_	_	_	_
444-8	PST017	444	8	andare	andare	_	_	_	_	_	linguistic	_	ContainsVariation=No	_	_	_	_	_	_
444-9	PST017	444	9	ogni:	ogni	_	_	_	_	_	linguistic	_	ContainsVariation=No	_	End=1133.75	3x1	_	_	_
445-0	PST017	445	0	ogni	ogni	_	_	_	_	_	linguistic	_	ContainsVariation=No	_	Begin=1134.02	_	_	_	_
445-1	PST017	445	1	volta	volta	_	_	_	_	_	linguistic	_	ContainsVariation=No	_	_	_	_	_	_
445-2	PST017	445	2	a	a	_	_	_	_	_	linguistic	_	ContainsVariation=No	_	_	_	_	_	_
445-3	PST017	445	3	guardare	guardare	_	_	_	_	_	linguistic	_	ContainsVariation=No	_	_	_	_	_	_
445-4	PST017	445	4	quella	quella	_	_	_	_	_	linguistic	_	ContainsVariation=No	_	_	_	_	_	_
445-5	PST017	445	5	parola	parola	_	_	_	_	_	linguistic	_	ContainsVariation=No	_	_	_	_	_	_
445-6	PST017	445	6	nel	nel	_	_	_	_	_	linguistic	_	ContainsVariation=No	_	_	_	_	_	_
445-7	PST017	445	7	[dizionario]	dizionario	_	_	_	_	_	linguistic	_	ContainsVariation=No	_	End=1136.59	_	_	_	0-10(68)
446-0	PST206	446	0	[che]	che	_	_	_	_	_	linguistic	_	ContainsVariation=No	_	Begin=1136.36	_	_	_	0-3(68)
446-1	PST206	446	1	significato	significato	_	_	_	_	_	linguistic	_	ContainsVariation=No	_	_	_	_	_	_
446-2	PST206	446	2	ha	ha	_	_	_	_	_	linguistic	_	ContainsVariation=No	_	End=1137.96	_	_	_	_
447-0	PST206	447	0	hai	hai	_	_	_	_	_	linguistic	_	ContainsVariation=No	_	Begin=1138.115	_	_	_	_
447-1	PST206	447	1	provato	provato	_	_	_	_	_	linguistic	_	ContainsVariation=No	_	_	_	_	_	_
447-2	PST206	447	2	a	a	_	_	_	_	_	linguistic	_	ContainsVariation=No	_	_	_	_	_	_
447-3	PST206	447	3	leggere:	leggere	_	_	_	_	_	linguistic	_	ContainsVariation=No	_	_	6x1	_	_	_
447-4	PST206	447	4	libri	libri	_	_	_	_	_	linguistic	_	ContainsVariation=No	_	_	_	_	_	_
447-5	PST206	447	5	più	più	_	_	_	_	_	linguistic	_	ContainsVariation=No	_	_	_	_	_	_
447-6	PST206	447	6	semplici?	semplici	_	_	_	_	_	linguistic	_	ContainsVariation=No	Intonation=Rising	_	_	_	_	_
447-7	PST206	447	7	[iniziare	iniziare	_	_	_	_	_	linguistic	_	ContainsVariation=No	_	_	_	_	_	0-8(69)
447-8	PST206	447	8	con	con	_	_	_	_	_	linguistic	_	ContainsVariation=No	_	_	_	_	_	0-3(69)
447-9	PST206	447	9	libri	libri	_	_	_	_	_	linguistic	_	ContainsVariation=No	_	_	_	_	_	0-5(69)
447-10	PST206	447	10	più	più	_	_	_	_	_	linguistic	_	ContainsVariation=No	_	_	_	_	_	0-3(69)
447-11	PST206	447	11	semplici]?	semplici	_	_	_	_	_	linguistic	_	ContainsVariation=No	Intonation=Rising	End=1142.345	_	_	_	0-8(69)
448-0	PST017	448	0	[sì,	sì	_	_	_	_	_	linguistic	_	ContainsVariation=No	Intonation=WeaklyRising	Begin=1140.795	_	_	_	0-2(69)
448-1	PST017	448	1	piccolini]	piccolini	_	_	_	_	_	linguistic	_	ContainsVariation=No	_	End=1142.315	_	_	_	0-9(69)
449-0	PST206	449	0	hai	hai	_	_	_	_	_	linguistic	_	ContainsVariation=No	_	Begin=1143.115	_	_	_	_
449-1	PST206	449	1	provato?	provato	_	_	_	_	_	linguistic	_	ContainsVariation=No	Intonation=Rising	End=1143.885	_	_	_	_
450-0	PST017	450	0	no	no	_	_	_	_	_	linguistic	_	ContainsVariation=No	PauseAfter=Yes	Begin=1145.31	_	_	_	_
450-1	PST017	450	1	(.)	(.)	_	_	_	_	_	shortpause	_	ContainsVariation=No	_	_	_	_	_	_
450-2	PST017	450	2	o	o	_	_	_	_	_	linguistic	_	ContainsVariation=No	_	_	_	_	_	_
450-3	PST017	450	3	forse	forse	_	_	_	_	_	linguistic	_	ContainsVariation=No	_	_	_	_	_	_
450-4	PST017	450	4	sì	sì	_	_	_	_	_	linguistic	_	ContainsVariation=No	_	_	_	_	_	_
450-5	PST017	450	5	ma:	ma	_	_	_	_	_	linguistic	_	ContainsVariation=No	_	End=1147.85	1x1	_	_	_
451-0	PST206	451	0	non	non	_	_	_	_	_	linguistic	_	ContainsVariation=No	_	Begin=1149.4	_	_	_	_
451-1	PST206	451	1	ti	ti	_	_	_	_	_	linguistic	_	ContainsVariation=No	_	_	_	_	_	_
451-2	PST206	451	2	è	è	_	_	_	_	_	linguistic	_	ContainsVariation=No	_	_	_	_	_	_
451-3	PST206	451	3	piaciut(a).	piaciuta	_	_	_	_	_	linguistic	_	ContainsVariation=No	Intonation=Falling	End=1150.37	_	_	7-8(0)	_
452-0	PST017	452	0	°no,	no	_	_	_	_	_	linguistic	_	ContainsVariation=No	Intonation=WeaklyRising|Volume=low	Begin=1150.39	_	_	_	_
452-1	PST017	452	1	no°	no	_	_	_	_	_	linguistic	_	ContainsVariation=No	PauseAfter=Yes|Volume=low	_	_	_	_	_
452-2	PST017	452	2	(.)	(.)	_	_	_	_	_	shortpause	_	ContainsVariation=No	_	_	_	_	_	_
452-3	PST017	452	3	no	no	_	_	_	_	_	linguistic	_	ContainsVariation=No	_	End=1151.1	_	_	_	_
453-0	PST206	453	0	e	e	_	_	_	_	_	linguistic	_	ContainsVariation=No	_	Begin=1151.57	_	_	_	_
453-1	PST206	453	1	in	in	_	_	_	_	_	linguistic	_	ContainsVariation=No	_	_	_	_	_	_
453-2	PST206	453	2	arabo	arabo	_	_	_	_	_	linguistic	_	ContainsVariation=No	_	_	_	_	_	_
453-3	PST206	453	3	invece?	invece	_	_	_	_	_	linguistic	_	ContainsVariation=No	Intonation=Rising	_	_	_	_	_
453-4	PST206	453	4	i	i	_	_	_	_	_	linguistic	_	ContainsVariation=No	_	_	_	_	_	_
453-5	PST206	453	5	libri	libri	_	_	_	_	_	linguistic	_	ContainsVariation=No	_	_	_	_	_	_
453-6	PST206	453	6	in	in	_	_	_	_	_	linguistic	_	ContainsVariation=No	_	_	_	_	_	_
453-7	PST206	453	7	arabo?	arabo	_	_	_	_	_	linguistic	_	ContainsVariation=No	Intonation=Rising	End=1153.59	_	_	_	_
454-0	PST017	454	0	no,	no	_	_	_	_	_	linguistic	_	ContainsVariation=No	Intonation=WeaklyRising	Begin=1153.865	_	_	_	_
454-1	PST017	454	1	non	non	_	_	_	_	_	linguistic	_	ContainsVariation=No	_	_	_	_	_	_
454-2	PST017	454	2	ho	ho	_	_	_	_	_	linguistic	_	ContainsVariation=No	_	_	_	_	_	_
454-3	PST017	454	3	mai	mai	_	_	_	_	_	linguistic	_	ContainsVariation=No	_	_	_	_	_	_
454-4	PST017	454	4	letto	letto	_	_	_	_	_	linguistic	_	ContainsVariation=No	_	_	_	_	_	_
454-5	PST017	454	5	libri	libri	_	_	_	_	_	linguistic	_	ContainsVariation=No	_	_	_	_	_	_
454-6	PST017	454	6	in	in	_	_	_	_	_	linguistic	_	ContainsVariation=No	_	_	_	_	_	_
454-7	PST017	454	7	arabo.	arabo	_	_	_	_	_	linguistic	_	ContainsVariation=No	Intonation=Falling	End=1155.735	_	_	_	_
455-0	PST206	455	0	non	non	_	_	_	_	_	linguistic	_	ContainsVariation=No	_	Begin=1156.365	_	_	_	_
455-1	PST206	455	1	ti	ti	_	_	_	_	_	linguistic	_	ContainsVariation=No	_	_	_	_	_	_
455-2	PST206	455	2	piacerebbe?	piacerebbe	_	_	_	_	_	linguistic	_	ContainsVariation=No	Intonation=Rising	End=1157.495	_	_	_	_
456-0	PST017	456	0	sì	sì	_	_	_	_	_	linguistic	_	ContainsVariation=No	_	Begin=1158.245|End=1158.595	_	_	_	_
457-0	PST017	457	0	ah	ah	_	_	_	_	_	linguistic	_	ContainsVariation=No	_	Begin=1158.87	_	_	_	_
457-1	PST017	457	1	forse	forse	_	_	_	_	_	linguistic	_	ContainsVariation=No	_	_	_	_	_	_
457-2	PST017	457	2	ho:	ho	_	_	_	_	_	linguistic	_	ContainsVariation=No	_	_	1x1	_	_	_
457-3	PST017	457	3	avevo	avevo	_	_	_	_	_	linguistic	_	ContainsVariation=No	_	_	_	_	_	_
457-4	PST017	457	4	trovato	trovato	_	_	_	_	_	linguistic	_	ContainsVariation=No	_	_	_	_	_	_
457-5	PST017	457	5	un	un	_	_	_	_	_	linguistic	_	ContainsVariation=No	_	_	_	_	_	_
457-6	PST017	457	6	libro	libro	_	_	_	_	_	linguistic	_	ContainsVariation=No	_	_	_	_	_	_
457-7	PST017	457	7	in	in	_	_	_	_	_	linguistic	_	ContainsVariation=No	_	_	_	_	_	_
457-8	PST017	457	8	arabo	arabo	_	_	_	_	_	linguistic	_	ContainsVariation=No	_	_	_	_	_	_
457-9	PST017	457	9	in	in	_	_	_	_	_	linguistic	_	ContainsVariation=No	_	_	_	_	_	_
457-10	PST017	457	10	biblioteca,	biblioteca	_	_	_	_	_	linguistic	_	ContainsVariation=No	Intonation=WeaklyRising	End=1162.57	_	_	_	_
458-0	PST017	458	0	però:	però	_	_	_	_	_	linguistic	_	ContainsVariation=No	_	Begin=1162.795	3x1	_	_	_
458-1	PST017	458	1	quel	quel	_	_	_	_	_	linguistic	_	ContainsVariation=No	_	_	_	_	_	_
458-2	PST017	458	2	libro,	libro	_	_	_	_	_	linguistic	_	ContainsVariation=No	Intonation=WeaklyRising	_	_	_	_	_
458-3	PST017	458	3	era	era	_	_	_	_	_	linguistic	_	ContainsVariation=No	_	_	_	_	_	_
458-4	PST017	458	4	un	un	_	_	_	_	_	linguistic	_	ContainsVariation=No	_	_	_	_	_	_
458-5	PST017	458	5	arabo	arabo	_	_	_	_	_	linguistic	_	ContainsVariation=No	_	_	_	_	_	_
458-6	PST017	458	6	molto	molto	_	_	_	_	_	linguistic	_	ContainsVariation=No	_	_	_	_	_	_
458-7	PST017	458	7	avanzato	avanzato	_	_	_	_	_	linguistic	_	ContainsVariation=No	_	End=1166.385	_	_	_	_
459-0	PST017	459	0	cioè	cioè	_	_	_	_	_	linguistic	_	ContainsVariation=No	_	Begin=1166.595	_	_	_	_
459-1	PST017	459	1	io	io	_	_	_	_	_	linguistic	_	ContainsVariation=No	_	_	_	_	_	_
459-2	PST017	459	2	ho	ho	_	_	_	_	_	linguistic	_	ContainsVariation=No	_	_	_	_	_	_
459-3	PST017	459	3	studiato	studiato	_	_	_	_	_	linguistic	_	ContainsVariation=No	_	_	_	_	_	_
459-4	PST017	459	4	l'	l'	_	_	_	_	_	linguistic	_	ContainsVariation=No	SpaceAfter=No	_	_	_	_	_
459-5	PST017	459	5	arabo	arabo	_	_	_	_	_	linguistic	_	ContainsVariation=No	_	_	_	_	_	_
459-6	PST017	459	6	fino	fino	_	_	_	_	_	linguistic	_	ContainsVariation=No	_	_	_	_	_	_
459-7	PST017	459	7	alla:	alla	_	_	_	_	_	linguistic	_	ContainsVariation=No	_	End=1169.155	3x1	_	_	_
460-0	PST017	460	0	la	la	_	_	_	_	_	linguistic	_	ContainsVariation=No	_	Begin=1169.41	_	_	_	_
460-1	PST017	460	1	quarta	quarta	_	_	_	_	_	linguistic	_	ContainsVariation=No	_	_	_	_	_	_
460-2	PST017	460	2	elementare.	elementare	_	_	_	_	_	linguistic	_	ContainsVariation=No	Intonation=Falling	_	_	_	_	_
460-3	PST017	460	3	quindi	quindi	_	_	_	_	_	linguistic	_	ContainsVariation=No	_	_	_	_	_	_
460-4	PST017	460	4	e:	e	_	_	_	_	_	linguistic	_	ContainsVariation=No	_	End=1171.95	0x1	_	_	_
461-0	PST017	461	0	un	un	_	_	_	_	_	linguistic	_	ContainsVariation=No	_	Begin=1172.255	_	_	_	_
461-1	PST017	461	1	arabo:	arabo	_	_	_	_	_	linguistic	_	ContainsVariation=No	_	_	4x1	_	_	_
461-2	PST017	461	2	e~	e~	_	_	_	_	_	linguistic	_	ContainsVariation=No	Interrupted=Yes	_	_	_	_	_
461-3	PST017	461	3	base	base	_	_	_	_	_	linguistic	_	ContainsVariation=No	_	End=1174.355	_	_	_	_
462-0	PST017	462	0	#ma-fī-sh:	ma-fī-sh	_	_	_	_	_	linguistic	_	ContainsVariation=Yes|Variety=Other|Language=NO_ISO_CODE	_	Begin=1174.4	5x1	_	_	_
462-1	PST017	462	1	parole	parole	_	_	_	_	_	linguistic	_	ContainsVariation=Yes	_	_	_	_	_	_
462-2	PST017	462	2	difficili	difficili	_	_	_	_	_	linguistic	_	ContainsVariation=Yes	_	_	_	_	_	_
462-3	PST017	462	3	e	e	_	_	_	_	_	linguistic	_	ContainsVariation=Yes	_	_	_	_	_	_
462-4	PST017	462	4	avanzate	avanzate	_	_	_	_	_	linguistic	_	ContainsVariation=Yes	_	End=1177.63	_	_	_	_
464-0	PST206	464	0	e::hm:	ehm	_	_	_	_	_	linguistic	_	ContainsVariation=No	_	Begin=1179.6	0x2,2x1	_	_	_
464-1	PST206	464	1	tu:	tu	_	_	_	_	_	linguistic	_	ContainsVariation=No	_	_	1x1	_	_	_
464-2	PST206	464	2	capisci	capisci	_	_	_	_	_	linguistic	_	ContainsVariation=No	_	_	_	_	_	_
464-3	PST206	464	3	comunque	comunque	_	_	_	_	_	linguistic	_	ContainsVariation=No	_	_	_	_	_	_
464-4	PST206	464	4	l'	l'	_	_	_	_	_	linguistic	_	ContainsVariation=No	SpaceAfter=No	_	_	_	_	_
464-5	PST206	464	5	arabo	arabo	_	_	_	_	_	linguistic	_	ContainsVariation=No	_	_	_	_	_	_
464-6	PST206	464	6	standard?	standard	_	_	_	_	_	linguistic	_	ContainsVariation=No	Intonation=Rising	_	_	_	_	_
464-7	PST206	464	7	cioè	cioè	_	_	_	_	_	linguistic	_	ContainsVariation=No	_	_	_	_	_	_
464-8	PST206	464	8	quello	quello	_	_	_	_	_	linguistic	_	ContainsVariation=No	_	_	_	_	_	_
464-9	PST206	464	9	del~	del~	_	_	_	_	_	linguistic	_	ContainsVariation=No	Interrupted=Yes	_	_	_	_	_
464-10	PST206	464	10	del	del	_	_	_	_	_	linguistic	_	ContainsVariation=No	_	_	_	_	_	_
464-11	PST206	464	11	livello	livello	_	_	_	_	_	linguistic	_	ContainsVariation=No	_	_	_	_	_	_
464-12	PST206	464	12	normale	normale	_	_	_	_	_	linguistic	_	ContainsVariation=No	_	End=1185.03	_	_	_	_
465-0	PST206	465	0	[non	non	_	_	_	_	_	linguistic	_	ContainsVariation=No	_	Begin=1185.07	_	_	_	0-3(70)
465-1	PST206	465	1	dell'	dell'	_	_	_	_	_	linguistic	_	ContainsVariation=No	SpaceAfter=No	_	_	_	_	0-5(70)
465-2	PST206	465	2	avanzato]	avanzato	_	_	_	_	_	linguistic	_	ContainsVariation=No	_	End=1186.28	_	_	_	0-8(70)
466-0	PST017	466	0	[e:hm],	ehm	_	_	_	_	_	linguistic	_	ContainsVariation=No	Intonation=WeaklyRising	Begin=1185.43	0x1	_	_	0-3(70)
466-1	PST017	466	1	no	no	_	_	_	_	_	linguistic	_	ContainsVariation=No	_	_	_	_	_	_
466-2	PST017	466	2	non	non	_	_	_	_	_	linguistic	_	ContainsVariation=No	_	_	_	_	_	_
466-3	PST017	466	3	l'	l'	_	_	_	_	_	linguistic	_	ContainsVariation=No	SpaceAfter=No	_	_	_	_	_
466-4	PST017	466	4	avanzato	avanzato	_	_	_	_	_	linguistic	_	ContainsVariation=No	_	End=1187.21	_	_	_	_
467-0	PST017	467	0	# >yaʕni<	yaʕni	_	_	_	_	_	linguistic	_	ContainsVariation=Yes|Variety=Unsure	_	Begin=1187.355	_	Fast=0-5(0)	_	_
467-1	PST017	467	1	riesco	riesco	_	_	_	_	_	linguistic	_	ContainsVariation=Yes|Variety=Unsure	_	End=1188.355	_	_	_	_
468-0	PST017	468	0	a:	a	_	_	_	_	_	linguistic	_	ContainsVariation=No	_	Begin=1188.74	0x1	_	_	_
468-1	PST017	468	1	parlare	parlare	_	_	_	_	_	linguistic	_	ContainsVariation=No	_	_	_	_	_	_
468-2	PST017	468	2	con	con	_	_	_	_	_	linguistic	_	ContainsVariation=No	_	_	_	_	_	_
468-3	PST017	468	3	una	una	_	_	_	_	_	linguistic	_	ContainsVariation=No	_	_	_	_	_	_
468-4	PST017	468	4	persona	persona	_	_	_	_	_	linguistic	_	ContainsVariation=No	_	_	_	_	_	_
468-5	PST017	468	5	in	in	_	_	_	_	_	linguistic	_	ContainsVariation=No	_	_	_	_	_	_
468-6	PST017	468	6	arabo,	arabo	_	_	_	_	_	linguistic	_	ContainsVariation=No	Intonation=WeaklyRising	End=1191.12	_	_	_	_
469-0	PST017	469	0	sì,	sì	_	_	_	_	_	linguistic	_	ContainsVariation=No	Intonation=WeaklyRising	Begin=1192.785|End=1193.325	_	_	_	_
470-0	PST017	470	0	troverò	troverò	_	_	_	_	_	linguistic	_	ContainsVariation=No	_	Begin=1193.46	_	_	_	_
470-1	PST017	470	1	un	un	_	_	_	_	_	linguistic	_	ContainsVariation=No	_	_	_	_	_	_
470-2	PST017	470	2	<pochino>	pochino	_	_	_	_	_	linguistic	_	ContainsVariation=No	_	_	_	Slow=0-7(0)	_	_
470-3	PST017	470	3	di	di	_	_	_	_	_	linguistic	_	ContainsVariation=No	_	_	_	_	_	_
470-4	PST017	470	4	difficoltà,	difficoltà	_	_	_	_	_	linguistic	_	ContainsVariation=No	Intonation=WeaklyRising	_	_	_	_	_
470-5	PST017	470	5	però	però	_	_	_	_	_	linguistic	_	ContainsVariation=No	_	_	_	_	_	_
470-6	PST017	470	6	nella~	nella~	_	_	_	_	_	linguistic	_	ContainsVariation=No	Interrupted=Yes	_	_	_	_	_
470-7	PST017	470	7	nel	nel	_	_	_	_	_	linguistic	_	ContainsVariation=No	_	_	_	_	_	_
470-8	PST017	470	8	senso	senso	_	_	_	_	_	linguistic	_	ContainsVariation=No	_	_	_	_	_	_
470-9	PST017	470	9	me	me	_	_	_	_	_	linguistic	_	ContainsVariation=No	_	_	_	_	_	_
470-10	PST017	470	10	la	la	_	_	_	_	_	linguistic	_	ContainsVariation=No	_	_	_	_	_	_
470-11	PST017	470	11	cavo.	cavo	_	_	_	_	_	linguistic	_	ContainsVariation=No	Intonation=Falling	End=1197.54	_	_	_	_
471-0	PST017	471	0	e	e	_	_	_	_	_	linguistic	_	ContainsVariation=No	_	Begin=1197.915	_	_	_	_
471-1	PST017	471	1	invece	invece	_	_	_	_	_	linguistic	_	ContainsVariation=No	_	_	_	_	_	_
471-2	PST017	471	2	nella	nella	_	_	_	_	_	linguistic	_	ContainsVariation=No	_	_	_	_	_	_
471-3	PST017	471	3	scrittura:	scrittura	_	_	_	_	_	linguistic	_	ContainsVariation=No	_	End=1200.055	8x1	_	_	_
472-0	PST017	472	0	mh,	mh	_	_	_	_	_	linguistic	_	ContainsVariation=No	Intonation=WeaklyRising	Begin=1200.17	_	_	_	_
472-1	PST017	472	1	un	un	_	_	_	_	_	linguistic	_	ContainsVariation=No	_	_	_	_	_	_
472-2	PST017	472	2	pochino	pochino	_	_	_	_	_	linguistic	_	ContainsVariation=No	_	_	_	_	_	_
472-3	PST017	472	3	meno.	meno	_	_	_	_	_	linguistic	_	ContainsVariation=No	Intonation=Falling	End=1201.85	_	_	_	_
473-0	PST206	473	0	cioè:	cioè	_	_	_	_	_	linguistic	_	ContainsVariation=No	_	Begin=1201.965	3x1	_	_	_
473-1	PST206	473	1	se	se	_	_	_	_	_	linguistic	_	ContainsVariation=No	_	_	_	_	_	_
473-2	PST206	473	2	un	un	_	_	_	_	_	linguistic	_	ContainsVariation=No	_	_	_	_	_	_
473-3	PST206	473	3	articolo:	articolo	_	_	_	_	_	linguistic	_	ContainsVariation=No	_	_	7x1	_	_	_
473-4	PST206	473	4	ti	ti	_	_	_	_	_	linguistic	_	ContainsVariation=No	_	_	_	_	_	_
473-5	PST206	473	5	succede	succede	_	_	_	_	_	linguistic	_	ContainsVariation=No	_	_	_	_	_	_
473-6	PST206	473	6	ad	ad	_	_	_	_	_	linguistic	_	ContainsVariation=No	_	_	_	_	_	_
473-7	PST206	473	7	esempio	esempio	_	_	_	_	_	linguistic	_	ContainsVariation=No	_	_	_	_	_	_
473-8	PST206	473	8	di	di	_	_	_	_	_	linguistic	_	ContainsVariation=No	_	_	_	_	_	_
473-9	PST206	473	9	leggere	leggere	_	_	_	_	_	linguistic	_	ContainsVariation=No	_	_	_	_	_	_
473-10	PST206	473	10	articoli	articoli	_	_	_	_	_	linguistic	_	ContainsVariation=No	_	_	_	_	_	_
473-11	PST206	473	11	di	di	_	_	_	_	_	linguistic	_	ContainsVariation=No	_	_	_	_	_	_
473-12	PST206	473	12	giorn[ali:]	giornali	_	_	_	_	_	linguistic	_	ContainsVariation=No	_	End=1205.975	7x1	_	_	5-8(71)
474-0	PST017	474	0	[sì,	sì	_	_	_	_	_	linguistic	_	ContainsVariation=No	Intonation=WeaklyRising	Begin=1205.695	_	_	_	0-2(71)
474-1	PST017	474	1	quelli	quelli	_	_	_	_	_	linguistic	_	ContainsVariation=No	_	_	_	_	_	0-6(71)
474-2	PST017	474	2	sì]	sì	_	_	_	_	_	linguistic	_	ContainsVariation=No	_	End=1206.445	_	_	_	0-2(71)
475-0	PST206	475	0	in	in	_	_	_	_	_	linguistic	_	ContainsVariation=No	_	Begin=1206.775	_	_	_	_
475-1	PST206	475	1	arabo	arabo	_	_	_	_	_	linguistic	_	ContainsVariation=No	_	_	_	_	_	_
475-2	PST206	475	2	[in	in	_	_	_	_	_	linguistic	_	ContainsVariation=No	_	_	_	_	_	0-2(72)
475-3	PST206	475	3	arabo	arabo	_	_	_	_	_	linguistic	_	ContainsVariation=No	_	_	_	_	_	0-5(72)
475-4	PST206	475	4	standard]	standard	_	_	_	_	_	linguistic	_	ContainsVariation=No	_	End=1208.745	_	_	_	0-8(72)
476-0	PST017	476	0	[sì,	sì	_	_	_	_	_	linguistic	_	ContainsVariation=No	Intonation=WeaklyRising	Begin=1207.575	_	_	_	0-2(72)
476-1	PST017	476	1	sì,	sì	_	_	_	_	_	linguistic	_	ContainsVariation=No	Intonation=WeaklyRising	_	_	_	_	0-2(72)
476-2	PST017	476	2	sì],	sì	_	_	_	_	_	linguistic	_	ContainsVariation=No	Intonation=WeaklyRising	_	_	_	_	0-2(72)
476-3	PST017	476	3	quelli	quelli	_	_	_	_	_	linguistic	_	ContainsVariation=No	_	_	_	_	_	_
476-4	PST017	476	4	li	li	_	_	_	_	_	linguistic	_	ContainsVariation=No	_	_	_	_	_	_
476-5	PST017	476	5	capisco.	capisco	_	_	_	_	_	linguistic	_	ContainsVariation=No	Intonation=Falling	_	_	_	_	_
476-6	PST017	476	6	sì	sì	_	_	_	_	_	linguistic	_	ContainsVariation=No	_	End=1209.535	_	_	_	_
477-0	PST206	477	0	dunque	dunque	_	_	_	_	_	linguistic	_	ContainsVariation=No	_	Begin=1209.64	_	_	_	_
477-1	PST206	477	1	se	se	_	_	_	_	_	linguistic	_	ContainsVariation=No	_	_	_	_	_	_
477-2	PST206	477	2	hai	hai	_	_	_	_	_	linguistic	_	ContainsVariation=No	_	_	_	_	_	_
477-3	PST206	477	3	un	un	_	_	_	_	_	linguistic	_	ContainsVariation=No	_	_	_	_	_	_
477-4	PST206	477	4	testo	testo	_	_	_	_	_	linguistic	_	ContainsVariation=No	_	_	_	_	_	_
477-5	PST206	477	5	anche	anche	_	_	_	_	_	linguistic	_	ContainsVariation=No	_	_	_	_	_	_
477-6	PST206	477	6	se	se	_	_	_	_	_	linguistic	_	ContainsVariation=No	_	_	_	_	_	_
477-7	PST206	477	7	è	è	_	_	_	_	_	linguistic	_	ContainsVariation=No	_	_	_	_	_	_
477-8	PST206	477	8	un	un	_	_	_	_	_	linguistic	_	ContainsVariation=No	_	_	_	_	_	_
477-9	PST206	477	9	po'	po'	_	_	_	_	_	linguistic	_	ContainsVariation=No	_	_	_	_	_	_
477-10	PST206	477	10	complesso	complesso	_	_	_	_	_	linguistic	_	ContainsVariation=No	_	_	_	_	_	_
477-11	PST206	477	11	di	di	_	_	_	_	_	linguistic	_	ContainsVariation=No	_	_	_	_	_	_
477-12	PST206	477	12	arabo	arabo	_	_	_	_	_	linguistic	_	ContainsVariation=No	_	_	_	_	_	_
477-13	PST206	477	13	[standard:]	standard	_	_	_	_	_	linguistic	_	ContainsVariation=No	_	End=1213.16	7x1	_	_	0-8(73)
478-0	PST017	478	0	[sì]	sì	_	_	_	_	_	linguistic	_	ContainsVariation=No	_	Begin=1212.955|End=1213.255	_	_	_	0-2(73)
479-0	PST206	479	0	te	te	_	_	_	_	_	linguistic	_	ContainsVariation=No	_	Begin=1213.245	_	_	_	_
479-1	PST206	479	1	riesci	riesci	_	_	_	_	_	linguistic	_	ContainsVariation=No	_	_	_	_	_	_
479-2	PST206	479	2	a	a	_	_	_	_	_	linguistic	_	ContainsVariation=No	_	_	_	_	_	_
479-3	PST206	479	3	capirlo.	capirlo	_	_	_	_	_	linguistic	_	ContainsVariation=No	Intonation=Falling	End=1214.515	_	_	_	_
480-0	PST017	480	0	°esatto,	esatto	_	_	_	_	_	linguistic	_	ContainsVariation=No	Intonation=WeaklyRising|Volume=low	Begin=1214.585	_	_	_	_
480-1	PST017	480	1	sì,	sì	_	_	_	_	_	linguistic	_	ContainsVariation=No	Intonation=WeaklyRising|Volume=low	_	_	_	_	_
480-2	PST017	480	2	sì°	sì	_	_	_	_	_	linguistic	_	ContainsVariation=No	Volume=low	End=1215.895	_	_	_	_
481-0	PST206	481	0	e::	e	_	_	_	_	_	linguistic	_	ContainsVariation=No	PauseAfter=Yes	Begin=1216.505	0x2	_	_	_
481-1	PST206	481	1	(.)	(.)	_	_	_	_	_	shortpause	_	ContainsVariation=No	_	_	_	_	_	_
481-2	PST206	481	2	se	se	_	_	_	_	_	linguistic	_	ContainsVariation=No	_	_	_	_	_	_
481-3	PST206	481	3	invece,	invece	_	_	_	_	_	linguistic	_	ContainsVariation=No	Intonation=WeaklyRising	_	_	_	_	_
481-4	PST206	481	4	m~	m~	_	_	_	_	_	linguistic	_	ContainsVariation=No	Interrupted=Yes	_	_	_	_	_
481-5	PST206	481	5	m~	m~	_	_	_	_	_	linguistic	_	ContainsVariation=No	Interrupted=Yes	End=1219.275	_	_	_	_
482-0	PST206	482	0	tra~	tra~	_	_	_	_	_	linguistic	_	ContainsVariation=No	Interrupted=Yes	Begin=1219.36	_	_	_	_
482-1	PST206	482	1	negli	negli	_	_	_	_	_	linguistic	_	ContainsVariation=No	_	_	_	_	_	_
482-2	PST206	482	2	artic~	artic~	_	_	_	_	_	linguistic	_	ContainsVariation=No	Interrupted=Yes	_	_	_	_	_
482-3	PST206	482	3	negli	negli	_	_	_	_	_	linguistic	_	ContainsVariation=No	_	_	_	_	_	_
482-4	PST206	482	4	articoli	articoli	_	_	_	_	_	linguistic	_	ContainsVariation=No	_	_	_	_	_	_
482-5	PST206	482	5	di	di	_	_	_	_	_	linguistic	_	ContainsVariation=No	_	_	_	_	_	_
482-6	PST206	482	6	giornale	giornale	_	_	_	_	_	linguistic	_	ContainsVariation=No	_	_	_	_	_	_
482-7	PST206	482	7	[ad	ad	_	_	_	_	_	linguistic	_	ContainsVariation=No	_	_	_	_	_	0-2(75)
482-8	PST206	482	8	esempio],	esempio	_	_	_	_	_	linguistic	_	ContainsVariation=No	Intonation=WeaklyRising	_	_	_	_	0-7(75)
482-9	PST206	482	9	i	i	_	_	_	_	_	linguistic	_	ContainsVariation=No	_	_	_	_	_	_
482-10	PST206	482	10	fumetti,	fumetti	_	_	_	_	_	linguistic	_	ContainsVariation=No	Intonation=WeaklyRising	_	_	_	_	_
482-11	PST206	482	11	o	o	_	_	_	_	_	linguistic	_	ContainsVariation=No	_	_	_	_	_	_
482-12	PST206	482	12	comunque:	comunque	_	_	_	_	_	linguistic	_	ContainsVariation=No	_	End=1223.85	7x1	_	_	_
483-0	PST017	483	0	[sì]	sì	_	_	_	_	_	linguistic	_	ContainsVariation=No	_	Begin=1221.34|End=1221.64	_	_	_	0-2(75)
484-0	PST206	484	0	i	i	_	_	_	_	_	linguistic	_	ContainsVariation=No	_	Begin=1223.955	_	_	_	_
484-1	PST206	484	1	giornalini,	giornalini	_	_	_	_	_	linguistic	_	ContainsVariation=No	Intonation=WeaklyRising	_	_	_	_	_
484-2	PST206	484	2	riviste,	riviste	_	_	_	_	_	linguistic	_	ContainsVariation=No	Intonation=WeaklyRising	_	_	_	_	_
484-3	PST206	484	3	e	e	_	_	_	_	_	linguistic	_	ContainsVariation=No	_	_	_	_	_	_
484-4	PST206	484	4	cose	cose	_	_	_	_	_	linguistic	_	ContainsVariation=No	_	_	_	_	_	_
484-5	PST206	484	5	varie.	varie	_	_	_	_	_	linguistic	_	ContainsVariation=No	Intonation=Falling	End=1226.835	_	_	_	_
485-0	PST206	485	0	preferisci	preferisci	_	_	_	_	_	linguistic	_	ContainsVariation=No	_	Begin=1227.0	_	_	_	_
485-1	PST206	485	1	leggerli	leggerli	_	_	_	_	_	linguistic	_	ContainsVariation=No	_	_	_	_	_	_
485-2	PST206	485	2	in	in	_	_	_	_	_	linguistic	_	ContainsVariation=No	_	_	_	_	_	_
485-3	PST206	485	3	lingua	lingua	_	_	_	_	_	linguistic	_	ContainsVariation=No	_	_	_	_	_	_
485-4	PST206	485	4	araba	araba	_	_	_	_	_	linguistic	_	ContainsVariation=No	_	_	_	_	_	_
485-5	PST206	485	5	o	o	_	_	_	_	_	linguistic	_	ContainsVariation=No	_	_	_	_	_	_
485-6	PST206	485	6	in	in	_	_	_	_	_	linguistic	_	ContainsVariation=No	_	_	_	_	_	_
485-7	PST206	485	7	lingua	lingua	_	_	_	_	_	linguistic	_	ContainsVariation=No	_	_	_	_	_	_
485-8	PST206	485	8	italiana?	italiana	_	_	_	_	_	linguistic	_	ContainsVariation=No	Intonation=Rising	End=1229.78	_	_	_	_
486-0	PST017	486	0	m:h	mh	_	_	_	_	_	linguistic	_	ContainsVariation=No	_	Begin=1230.495|End=1231.085	0x1	_	_	_
487-0	PST017	487	0	lingua	lingua	_	_	_	_	_	linguistic	_	ContainsVariation=No	_	Begin=1231.665	_	_	_	_
487-1	PST017	487	1	italiana.	italiana	_	_	_	_	_	linguistic	_	ContainsVariation=No	Intonation=Falling	End=1232.835	_	_	_	_
488-0	PST206	488	0	perché:::	perché	_	_	_	_	_	linguistic	_	ContainsVariation=No	_	Begin=1234.32|End=1235.44	5x3	_	_	_
489-0	PST017	489	0	perché	perché	_	_	_	_	_	linguistic	_	ContainsVariation=No	_	Begin=1235.705	_	_	_	_
489-1	PST017	489	1	forse	forse	_	_	_	_	_	linguistic	_	ContainsVariation=No	PauseAfter=Yes	_	_	_	_	_
489-2	PST017	489	2	(.)	(.)	_	_	_	_	_	shortpause	_	ContainsVariation=No	_	_	_	_	_	_
489-3	PST017	489	3	capisco	capisco	_	_	_	_	_	linguistic	_	ContainsVariation=No	_	_	_	_	_	_
489-4	PST017	489	4	meglio	meglio	_	_	_	_	_	linguistic	_	ContainsVariation=No	_	_	_	_	_	_
489-5	PST017	489	5	in	in	_	_	_	_	_	linguistic	_	ContainsVariation=No	_	_	_	_	_	_
489-6	PST017	489	6	un	un	_	_	_	_	_	linguistic	_	ContainsVariation=No	_	_	_	_	_	_
489-7	PST017	489	7	articolo	articolo	_	_	_	_	_	linguistic	_	ContainsVariation=No	_	_	_	_	_	_
489-8	PST017	489	8	di	di	_	_	_	_	_	linguistic	_	ContainsVariation=No	_	_	_	_	_	_
489-9	PST017	489	9	giornale:	giornale	_	_	_	_	_	linguistic	_	ContainsVariation=No	_	End=1239.515	7x1	_	_	_
490-0	PST017	490	0	in:	in	_	_	_	_	_	linguistic	_	ContainsVariation=No	_	Begin=1239.8	1x1	_	_	_
490-1	PST017	490	1	in	in	_	_	_	_	_	linguistic	_	ContainsVariation=No	_	_	_	_	_	_
490-2	PST017	490	2	italiano	italiano	_	_	_	_	_	linguistic	_	ContainsVariation=No	_	_	_	_	_	_
490-3	PST017	490	3	che:	che	_	_	_	_	_	linguistic	_	ContainsVariation=No	_	_	2x1	_	_	_
490-4	PST017	490	4	cioè	cioè	_	_	_	_	_	linguistic	_	ContainsVariation=No	_	_	_	_	_	_
490-5	PST017	490	5	se	se	_	_	_	_	_	linguistic	_	ContainsVariation=No	_	_	_	_	_	_
490-6	PST017	490	6	preferisco	preferisco	_	_	_	_	_	linguistic	_	ContainsVariation=No	_	_	_	_	_	_
490-7	PST017	490	7	leggerlo	leggerlo	_	_	_	_	_	linguistic	_	ContainsVariation=No	_	_	_	_	_	_
490-8	PST017	490	8	in	in	_	_	_	_	_	linguistic	_	ContainsVariation=No	_	_	_	_	_	_
490-9	PST017	490	9	italiano	italiano	_	_	_	_	_	linguistic	_	ContainsVariation=No	_	_	_	_	_	_
490-10	PST017	490	10	che	che	_	_	_	_	_	linguistic	_	ContainsVariation=No	_	_	_	_	_	_
490-11	PST017	490	11	in	in	_	_	_	_	_	linguistic	_	ContainsVariation=No	_	_	_	_	_	_
490-12	PST017	490	12	arabo.	arabo	_	_	_	_	_	linguistic	_	ContainsVariation=No	Intonation=Falling	End=1245.05	_	_	_	_
491-0	PST206	491	0	((tossisce))	((tossisce))	_	_	_	_	_	nonverbalbehavior	_	ContainsVariation=No	_	Begin=1247.78|End=1248.7	_	_	_	_
492-0	PST206	492	0	in	in	_	_	_	_	_	linguistic	_	ContainsVariation=No	_	Begin=1250.56	_	_	_	_
492-1	PST206	492	1	quale	quale	_	_	_	_	_	linguistic	_	ContainsVariation=No	_	_	_	_	_	_
492-2	PST206	492	2	lingua	lingua	_	_	_	_	_	linguistic	_	ContainsVariation=No	_	_	_	_	_	_
492-3	PST206	492	3	invece	invece	_	_	_	_	_	linguistic	_	ContainsVariation=No	_	_	_	_	_	_
492-4	PST206	492	4	guardi	guardi	_	_	_	_	_	linguistic	_	ContainsVariation=No	_	_	_	_	_	_
492-5	PST206	492	5	i	i	_	_	_	_	_	linguistic	_	ContainsVariation=No	_	_	_	_	_	_
492-6	PST206	492	6	programmi	programmi	_	_	_	_	_	linguistic	_	ContainsVariation=No	_	_	_	_	_	_
492-7	PST206	492	7	televisivi	televisivi	_	_	_	_	_	linguistic	_	ContainsVariation=No	_	_	_	_	_	_
492-8	PST206	492	8	o	o	_	_	_	_	_	linguistic	_	ContainsVariation=No	_	_	_	_	_	_
492-9	PST206	492	9	comunque	comunque	_	_	_	_	_	linguistic	_	ContainsVariation=No	_	_	_	_	_	_
492-10	PST206	492	10	i	i	_	_	_	_	_	linguistic	_	ContainsVariation=No	_	_	_	_	_	_
492-11	PST206	492	11	programmi	programmi	_	_	_	_	_	linguistic	_	ContainsVariation=No	_	_	_	_	_	_
492-12	PST206	492	12	che	che	_	_	_	_	_	linguistic	_	ContainsVariation=No	_	_	_	_	_	_
492-13	PST206	492	13	si	si	_	_	_	_	_	linguistic	_	ContainsVariation=No	_	_	_	_	_	_
492-14	PST206	492	14	trovano	trovano	_	_	_	_	_	linguistic	_	ContainsVariation=No	_	_	_	_	_	_
492-15	PST206	492	15	su	su	_	_	_	_	_	linguistic	_	ContainsVariation=No	_	_	_	_	_	_
492-16	PST206	492	16	internet.	internet	_	_	_	_	_	linguistic	_	ContainsVariation=No	Intonation=Falling	End=1255.73	_	_	_	_
493-0	PST017	493	0	e::h	eh	_	_	_	_	_	linguistic	_	ContainsVariation=No	_	Begin=1257.28|End=1258.08	0x2	_	_	_
494-0	PST017	494	0	tutte	tutte	_	_	_	_	_	linguistic	_	ContainsVariation=No	_	Begin=1258.74	_	_	_	_
494-1	PST017	494	1	e	e	_	_	_	_	_	linguistic	_	ContainsVariation=No	_	_	_	_	_	_
494-2	PST017	494	2	due.	due	_	_	_	_	_	linguistic	_	ContainsVariation=No	Intonation=Falling	_	_	_	_	_
494-3	PST017	494	3	però:	però	_	_	_	_	_	linguistic	_	ContainsVariation=No	_	_	3x1	_	_	_
494-4	PST017	494	4	ad	ad	_	_	_	_	_	linguistic	_	ContainsVariation=No	_	_	_	_	_	_
494-5	PST017	494	5	esempio	esempio	_	_	_	_	_	linguistic	_	ContainsVariation=No	_	_	_	_	_	_
494-6	PST017	494	6	a	a	_	_	_	_	_	linguistic	_	ContainsVariation=No	_	_	_	_	_	_
494-7	PST017	494	7	casa,	casa	_	_	_	_	_	linguistic	_	ContainsVariation=No	Intonation=WeaklyRising	_	_	_	_	_
494-8	PST017	494	8	guardiamo	guardiamo	_	_	_	_	_	linguistic	_	ContainsVariation=No	_	_	_	_	_	_
494-9	PST017	494	9	solo::	solo	_	_	_	_	_	linguistic	_	ContainsVariation=No	_	End=1262.65	3x2	_	_	_
495-0	PST017	495	0	quelli:	quelli	_	_	_	_	_	linguistic	_	ContainsVariation=No	PauseAfter=Yes	Begin=1262.73	5x1	_	_	_
495-1	PST017	495	1	(.)	(.)	_	_	_	_	_	shortpause	_	ContainsVariation=No	_	_	_	_	_	_
495-2	PST017	495	2	arabi,	arabi	_	_	_	_	_	linguistic	_	ContainsVariation=No	Intonation=WeaklyRising	End=1264.38	_	_	_	_
496-0	PST017	496	0	però	però	_	_	_	_	_	linguistic	_	ContainsVariation=No	_	Begin=1264.86	_	_	_	_
496-1	PST017	496	1	da	da	_	_	_	_	_	linguistic	_	ContainsVariation=No	_	_	_	_	_	_
496-2	PST017	496	2	sola	sola	_	_	_	_	_	linguistic	_	ContainsVariation=No	_	_	_	_	_	_
496-3	PST017	496	3	posso	posso	_	_	_	_	_	linguistic	_	ContainsVariation=No	_	_	_	_	_	_
496-4	PST017	496	4	anche:	anche	_	_	_	_	_	linguistic	_	ContainsVariation=No	_	_	4x1	_	_	_
496-5	PST017	496	5	su	su	_	_	_	_	_	linguistic	_	ContainsVariation=No	_	_	_	_	_	_
496-6	PST017	496	6	youtube	youtube	_	_	_	_	_	linguistic	_	ContainsVariation=No	_	_	_	_	_	_
496-7	PST017	496	7	posso	posso	_	_	_	_	_	linguistic	_	ContainsVariation=No	_	_	_	_	_	_
496-8	PST017	496	8	guardare	guardare	_	_	_	_	_	linguistic	_	ContainsVariation=No	_	_	_	_	_	_
496-9	PST017	496	9	quelli,	quelli	_	_	_	_	_	linguistic	_	ContainsVariation=No	Intonation=WeaklyRising	_	_	_	_	_
496-10	PST017	496	10	video	video	_	_	_	_	_	linguistic	_	ContainsVariation=No	_	_	_	_	_	_
496-11	PST017	496	11	in	in	_	_	_	_	_	linguistic	_	ContainsVariation=No	_	_	_	_	_	_
496-12	PST017	496	12	italiano:,	italiano	_	_	_	_	_	linguistic	_	ContainsVariation=No	Intonation=WeaklyRising	_	7x1	_	_	_
496-13	PST017	496	13	eccetera	eccetera	_	_	_	_	_	linguistic	_	ContainsVariation=No	_	End=1270.7	_	_	_	_
497-0	PST017	497	0	oppure	oppure	_	_	_	_	_	linguistic	_	ContainsVariation=No	_	Begin=1271.005	_	_	_	_
497-1	PST017	497	1	un	un	_	_	_	_	_	linguistic	_	ContainsVariation=No	_	_	_	_	_	_
497-2	PST017	497	2	film	film	_	_	_	_	_	linguistic	_	ContainsVariation=No	_	_	_	_	_	_
497-3	PST017	497	3	in	in	_	_	_	_	_	linguistic	_	ContainsVariation=No	_	_	_	_	_	_
497-4	PST017	497	4	italiano	italiano	_	_	_	_	_	linguistic	_	ContainsVariation=No	_	End=1272.695	_	_	_	_
498-0	PST017	498	0	però	però	_	_	_	_	_	linguistic	_	ContainsVariation=No	_	Begin=1273.295	_	_	_	_
498-1	PST017	498	1	a	a	_	_	_	_	_	linguistic	_	ContainsVariation=No	_	_	_	_	_	_
498-2	PST017	498	2	casa	casa	_	_	_	_	_	linguistic	_	ContainsVariation=No	_	End=1274.455	_	_	_	_
499-0	PST017	499	0	ehm	ehm	_	_	_	_	_	linguistic	_	ContainsVariation=No	_	Begin=1274.66	_	_	_	_
499-1	PST017	499	1	solo	solo	_	_	_	_	_	linguistic	_	ContainsVariation=No	_	_	_	_	_	_
499-2	PST017	499	2	in	in	_	_	_	_	_	linguistic	_	ContainsVariation=No	_	_	_	_	_	_
499-3	PST017	499	3	arabo.	arabo	_	_	_	_	_	linguistic	_	ContainsVariation=No	Intonation=Falling	_	_	_	_	_
499-4	PST017	499	4	da	da	_	_	_	_	_	linguistic	_	ContainsVariation=No	_	_	_	_	_	_
499-5	PST017	499	5	sola	sola	_	_	_	_	_	linguistic	_	ContainsVariation=No	_	_	_	_	_	_
499-6	PST017	499	6	in	in	_	_	_	_	_	linguistic	_	ContainsVariation=No	_	_	_	_	_	_
499-7	PST017	499	7	italiano.	italiano	_	_	_	_	_	linguistic	_	ContainsVariation=No	Intonation=Falling	End=1277.12	_	_	_	_
500-0	PST206	500	0	e	e	_	_	_	_	_	linguistic	_	ContainsVariation=No	_	Begin=1277.655	_	_	_	_
500-1	PST206	500	1	qual	qual	_	_	_	_	_	linguistic	_	ContainsVariation=No	_	_	_	_	_	_
500-2	PST206	500	2	è	è	_	_	_	_	_	linguistic	_	ContainsVariation=No	_	_	_	_	_	_
500-3	PST206	500	3	la	la	_	_	_	_	_	linguistic	_	ContainsVariation=No	_	_	_	_	_	_
500-4	PST206	500	4	tv	tv	_	_	_	_	_	linguistic	_	ContainsVariation=No	_	_	_	_	_	_
500-5	PST206	500	5	che	che	_	_	_	_	_	linguistic	_	ContainsVariation=No	_	_	_	_	_	_
500-6	PST206	500	6	si	si	_	_	_	_	_	linguistic	_	ContainsVariation=No	_	_	_	_	_	_
500-7	PST206	500	7	vede	vede	_	_	_	_	_	linguistic	_	ContainsVariation=No	_	_	_	_	_	_
500-8	PST206	500	8	spesso	spesso	_	_	_	_	_	linguistic	_	ContainsVariation=No	_	_	_	_	_	_
500-9	PST206	500	9	a	a	_	_	_	_	_	linguistic	_	ContainsVariation=No	_	_	_	_	_	_
500-10	PST206	500	10	casa	casa	_	_	_	_	_	linguistic	_	ContainsVariation=No	_	_	_	_	_	_
500-11	PST206	500	11	tua?	tua	_	_	_	_	_	linguistic	_	ContainsVariation=No	Intonation=Rising	End=1280.265	_	_	_	_
501-0	PST017	501	0	l'	l'	_	_	_	_	_	linguistic	_	ContainsVariation=No	SpaceAfter=No	Begin=1280.905	_	_	_	_
501-1	PST017	501	1	arabo.	arabo	_	_	_	_	_	linguistic	_	ContainsVariation=No	Intonation=Falling	End=1281.415	_	_	_	_
502-0	PST017	502	0	sempre	sempre	_	_	_	_	_	linguistic	_	ContainsVariation=No	_	Begin=1281.96|End=1282.57	_	_	_	_
503-0	PST206	503	0	eh	eh	_	_	_	_	_	linguistic	_	ContainsVariation=No	_	Begin=1283.18	_	_	_	_
503-1	PST206	503	1	anche	anche	_	_	_	_	_	linguistic	_	ContainsVariation=No	_	_	_	_	_	_
503-2	PST206	503	2	da	da	_	_	_	_	_	linguistic	_	ContainsVariation=No	_	_	_	_	_	_
503-3	PST206	503	3	piccola?	piccola	_	_	_	_	_	linguistic	_	ContainsVariation=No	Intonation=Rising	End=1284.57	_	_	_	_
504-0	PST017	504	0	sì.	sì	_	_	_	_	_	linguistic	_	ContainsVariation=No	Intonation=Falling	Begin=1284.76	_	_	_	_
504-1	PST017	504	1	sempre	sempre	_	_	_	_	_	linguistic	_	ContainsVariation=No	_	End=1285.49	_	_	_	_
505-0	PST017	505	0	[perché:]	perché	_	_	_	_	_	linguistic	_	ContainsVariation=No	_	Begin=1286.645	5x1	_	_	0-6(76)
505-1	PST017	505	1	visto	visto	_	_	_	_	_	linguistic	_	ContainsVariation=No	_	_	_	_	_	_
505-2	PST017	505	2	che	che	_	_	_	_	_	linguistic	_	ContainsVariation=No	_	_	_	_	_	_
505-3	PST017	505	3	mia	mia	_	_	_	_	_	linguistic	_	ContainsVariation=No	_	_	_	_	_	_
505-4	PST017	505	4	mamma	mamma	_	_	_	_	_	linguistic	_	ContainsVariation=No	_	_	_	_	_	_
505-5	PST017	505	5	non	non	_	_	_	_	_	linguistic	_	ContainsVariation=No	_	_	_	_	_	_
505-6	PST017	505	6	sa	sa	_	_	_	_	_	linguistic	_	ContainsVariation=No	_	_	_	_	_	_
505-7	PST017	505	7	parlare	parlare	_	_	_	_	_	linguistic	_	ContainsVariation=No	_	_	_	_	_	_
505-8	PST017	505	8	in	in	_	_	_	_	_	linguistic	_	ContainsVariation=No	_	_	_	_	_	_
505-9	PST017	505	9	italiano,	italiano	_	_	_	_	_	linguistic	_	ContainsVariation=No	Intonation=WeaklyRising	End=1289.605	_	_	_	_
506-0	PST206	506	0	[e:hm]	ehm	_	_	_	_	_	linguistic	_	ContainsVariation=No	_	Begin=1286.66|End=1287.48	0x1	_	_	0-3(76)
507-0	PST017	507	0	quindi::	quindi	_	_	_	_	_	linguistic	_	ContainsVariation=No	PauseAfter=Yes	Begin=1290.52	5x2	_	_	_
507-1	PST017	507	1	(.)	(.)	_	_	_	_	_	shortpause	_	ContainsVariation=No	_	_	_	_	_	_
507-2	PST017	507	2	preferisce	preferisce	_	_	_	_	_	linguistic	_	ContainsVariation=No	_	_	_	_	_	_
507-3	PST017	507	3	guardare	guardare	_	_	_	_	_	linguistic	_	ContainsVariation=No	_	_	_	_	_	_
507-4	PST017	507	4	quella	quella	_	_	_	_	_	linguistic	_	ContainsVariation=No	_	_	_	_	_	_
507-5	PST017	507	5	araba.	araba	_	_	_	_	_	linguistic	_	ContainsVariation=No	Intonation=Falling	End=1294.19	_	_	_	_
508-0	PST206	508	0	invece	invece	_	_	_	_	_	linguistic	_	ContainsVariation=No	_	Begin=1295.79	_	_	_	_
508-1	PST206	508	1	per	per	_	_	_	_	_	linguistic	_	ContainsVariation=No	_	_	_	_	_	_
508-2	PST206	508	2	quanto	quanto	_	_	_	_	_	linguistic	_	ContainsVariation=No	_	_	_	_	_	_
508-3	PST206	508	3	riguarda	riguarda	_	_	_	_	_	linguistic	_	ContainsVariation=No	_	_	_	_	_	_
508-4	PST206	508	4	i	i	_	_	_	_	_	linguistic	_	ContainsVariation=No	_	_	_	_	_	_
508-5	PST206	508	5	film	film	_	_	_	_	_	linguistic	_	ContainsVariation=No	_	_	_	_	_	_
508-6	PST206	508	6	e	e	_	_	_	_	_	linguistic	_	ContainsVariation=No	_	_	_	_	_	_
508-7	PST206	508	7	le	le	_	_	_	_	_	linguistic	_	ContainsVariation=No	_	_	_	_	_	_
508-8	PST206	508	8	serie	serie	_	_	_	_	_	linguistic	_	ContainsVariation=No	_	_	_	_	_	_
508-9	PST206	508	9	tv?	tv	_	_	_	_	_	linguistic	_	ContainsVariation=No	Intonation=Rising	End=1298.3	_	_	_	_
509-0	PST206	509	0	preferisci:	preferisci	_	_	_	_	_	linguistic	_	ContainsVariation=No	_	Begin=1299.83	9x1	_	_	_
509-1	PST206	509	1	vederli	vederli	_	_	_	_	_	linguistic	_	ContainsVariation=No	_	_	_	_	_	_
509-2	PST206	509	2	in	in	_	_	_	_	_	linguistic	_	ContainsVariation=No	_	_	_	_	_	_
509-3	PST206	509	3	quale	quale	_	_	_	_	_	linguistic	_	ContainsVariation=No	_	_	_	_	_	_
509-4	PST206	509	4	lingua?	lingua	_	_	_	_	_	linguistic	_	ContainsVariation=No	Intonation=Rising	End=1301.6	_	_	_	_
510-0	PST017	510	0	uguale.	uguale	_	_	_	_	_	linguistic	_	ContainsVariation=No	Intonation=Falling	Begin=1302.33|End=1303.05	_	_	_	_
511-0	PST206	511	0	entrambe	entrambe	_	_	_	_	_	linguistic	_	ContainsVariation=No	_	Begin=1303.77	_	_	_	_
511-1	PST206	511	1	le	le	_	_	_	_	_	linguistic	_	ContainsVariation=No	_	_	_	_	_	_
511-2	PST206	511	2	due	due	_	_	_	_	_	linguistic	_	ContainsVariation=No	_	_	_	_	_	_
511-3	PST206	511	3	lingu[e].	lingue	_	_	_	_	_	linguistic	_	ContainsVariation=No	Intonation=Falling	End=1304.85	_	_	_	5-6(2)
512-0	PST017	512	0	[sì:]	sì	_	_	_	_	_	linguistic	_	ContainsVariation=No	_	Begin=1304.645	1x1	_	_	0-2(2)
512-1	PST017	512	1	per	per	_	_	_	_	_	linguistic	_	ContainsVariation=No	_	_	_	_	_	_
512-2	PST017	512	2	me	me	_	_	_	_	_	linguistic	_	ContainsVariation=No	_	_	_	_	_	_
512-3	PST017	512	3	è	è	_	_	_	_	_	linguistic	_	ContainsVariation=No	_	_	_	_	_	_
512-4	PST017	512	4	[uguale]	uguale	_	_	_	_	_	linguistic	_	ContainsVariation=No	_	End=1306.065	_	_	_	0-6(1)
513-0	PST206	513	0	[non	non	_	_	_	_	_	linguistic	_	ContainsVariation=No	_	Begin=1305.64	_	_	_	0-3(1)
513-1	PST206	513	1	hai]	hai	_	_	_	_	_	linguistic	_	ContainsVariation=No	_	_	_	_	_	0-3(1)
513-2	PST206	513	2	preferenze?	preferenze	_	_	_	_	_	linguistic	_	ContainsVariation=No	Intonation=Rising	End=1306.71	_	_	_	_
514-0	PST017	514	0	no	no	_	_	_	_	_	linguistic	_	ContainsVariation=No	_	Begin=1306.78|End=1307.35	_	_	_	_
515-0	PST206	515	0	tu	tu	_	_	_	_	_	linguistic	_	ContainsVariation=No	_	Begin=1307.84	_	_	_	_
515-1	PST206	515	1	comunque	comunque	_	_	_	_	_	linguistic	_	ContainsVariation=No	_	_	_	_	_	_
515-2	PST206	515	2	sei	sei	_	_	_	_	_	linguistic	_	ContainsVariation=No	_	_	_	_	_	_
515-3	PST206	515	3	appassionata	appassionata	_	_	_	_	_	linguistic	_	ContainsVariation=No	_	_	_	_	_	_
515-4	PST206	515	4	di::	di	_	_	_	_	_	linguistic	_	ContainsVariation=No	_	_	1x2	_	_	_
515-5	PST206	515	5	serie	serie	_	_	_	_	_	linguistic	_	ContainsVariation=No	_	_	_	_	_	_
515-6	PST206	515	6	tv?	tv	_	_	_	_	_	linguistic	_	ContainsVariation=No	Intonation=Rising	End=1311.03	_	_	_	_
516-0	PST206	516	0	eccetera,	eccetera	_	_	_	_	_	linguistic	_	ContainsVariation=No	Intonation=WeaklyRising	Begin=1311.45	_	_	_	_
516-1	PST206	516	1	oppure?	oppure	_	_	_	_	_	linguistic	_	ContainsVariation=No	Intonation=Rising	End=1312.8	_	_	_	_
517-0	PST017	517	0	non	non	_	_	_	_	_	linguistic	_	ContainsVariation=No	_	Begin=1313.21	_	_	_	_
517-1	PST017	517	1	molto	molto	_	_	_	_	_	linguistic	_	ContainsVariation=No	_	End=1314.21	_	_	_	_
518-0	PST017	518	0	ultimamente	ultimamente	_	_	_	_	_	linguistic	_	ContainsVariation=No	_	Begin=1316.11	_	_	_	_
518-1	PST017	518	1	non	non	_	_	_	_	_	linguistic	_	ContainsVariation=No	_	_	_	_	_	_
518-2	PST017	518	2	molto.	molto	_	_	_	_	_	linguistic	_	ContainsVariation=No	Intonation=Falling	End=1317.55	_	_	_	_
519-0	PST206	519	0	ma	ma	_	_	_	_	_	linguistic	_	ContainsVariation=No	_	Begin=1317.925	_	_	_	_
519-1	PST206	519	1	prima	prima	_	_	_	_	_	linguistic	_	ContainsVariation=No	_	_	_	_	_	_
519-2	PST206	519	2	sì	sì	_	_	_	_	_	linguistic	_	ContainsVariation=No	_	End=1319.065	_	_	_	_
520-0	PST017	520	0	sì,	sì	_	_	_	_	_	linguistic	_	ContainsVariation=No	Intonation=WeaklyRising	Begin=1319.1	_	_	_	_
520-1	PST017	520	1	guardavo	guardavo	_	_	_	_	_	linguistic	_	ContainsVariation=No	_	_	_	_	_	_
520-2	PST017	520	2	molte	molte	_	_	_	_	_	linguistic	_	ContainsVariation=No	_	_	_	_	_	_
520-3	PST017	520	3	serie	serie	_	_	_	_	_	linguistic	_	ContainsVariation=No	_	_	_	_	_	_
520-4	PST017	520	4	tv	tv	_	_	_	_	_	linguistic	_	ContainsVariation=No	_	_	_	_	_	_
520-5	PST017	520	5	arabe,	arabe	_	_	_	_	_	linguistic	_	ContainsVariation=No	Intonation=WeaklyRising	End=1321.86	_	_	_	_
521-0	PST017	521	0	adesso	adesso	_	_	_	_	_	linguistic	_	ContainsVariation=No	_	Begin=1322.72	_	_	_	_
521-1	PST017	521	1	se	se	_	_	_	_	_	linguistic	_	ContainsVariation=No	_	_	_	_	_	_
521-2	PST017	521	2	mi	mi	_	_	_	_	_	linguistic	_	ContainsVariation=No	_	_	_	_	_	_
521-3	PST017	521	3	capita	capita	_	_	_	_	_	linguistic	_	ContainsVariation=No	_	_	_	_	_	_
521-4	PST017	521	4	posso	posso	_	_	_	_	_	linguistic	_	ContainsVariation=No	_	_	_	_	_	_
521-5	PST017	521	5	vedere	vedere	_	_	_	_	_	linguistic	_	ContainsVariation=No	_	_	_	_	_	_
521-6	PST017	521	6	solo	solo	_	_	_	_	_	linguistic	_	ContainsVariation=No	_	_	_	_	_	_
521-7	PST017	521	7	un	un	_	_	_	_	_	linguistic	_	ContainsVariation=No	_	_	_	_	_	_
521-8	PST017	521	8	film	film	_	_	_	_	_	linguistic	_	ContainsVariation=No	_	_	_	_	_	_
521-9	PST017	521	9	in	in	_	_	_	_	_	linguistic	_	ContainsVariation=No	_	_	_	_	_	_
521-10	PST017	521	10	italiano,	italiano	_	_	_	_	_	linguistic	_	ContainsVariation=No	Intonation=WeaklyRising	_	_	_	_	_
521-11	PST017	521	11	se:	se	_	_	_	_	_	linguistic	_	ContainsVariation=No	_	End=1326.55	1x1	_	_	_
522-0	PST017	522	0	lo	lo	_	_	_	_	_	linguistic	_	ContainsVariation=No	_	Begin=1326.74	_	_	_	_
522-1	PST017	522	1	trovo	trovo	_	_	_	_	_	linguistic	_	ContainsVariation=No	_	_	_	_	_	_
522-2	PST017	522	2	interessante.	interessante	_	_	_	_	_	linguistic	_	ContainsVariation=No	Intonation=Falling	End=1327.81	_	_	_	_
523-0	PST206	523	0	non	non	_	_	_	_	_	linguistic	_	ContainsVariation=No	_	Begin=1328.44	_	_	_	_
523-1	PST206	523	1	hai	hai	_	_	_	_	_	linguistic	_	ContainsVariation=No	_	_	_	_	_	_
523-2	PST206	523	2	mai	mai	_	_	_	_	_	linguistic	_	ContainsVariation=No	_	_	_	_	_	_
523-3	PST206	523	3	visto	visto	_	_	_	_	_	linguistic	_	ContainsVariation=No	_	_	_	_	_	_
523-4	PST206	523	4	invece	invece	_	_	_	_	_	linguistic	_	ContainsVariation=No	_	_	_	_	_	_
523-5	PST206	523	5	una	una	_	_	_	_	_	linguistic	_	ContainsVariation=No	_	_	_	_	_	_
523-6	PST206	523	6	serie	serie	_	_	_	_	_	linguistic	_	ContainsVariation=No	_	_	_	_	_	_
523-7	PST206	523	7	tv	tv	_	_	_	_	_	linguistic	_	ContainsVariation=No	_	_	_	_	_	_
523-8	PST206	523	8	italiana?	italiana	_	_	_	_	_	linguistic	_	ContainsVariation=No	Intonation=Rising	End=1331.16	_	_	_	_
524-0	PST206	524	0	o	o	_	_	_	_	_	linguistic	_	ContainsVariation=No	_	Begin=1331.405	_	_	_	_
524-1	PST206	524	1	comunque	comunque	_	_	_	_	_	linguistic	_	ContainsVariation=No	_	_	_	_	_	_
524-2	PST206	524	2	tradotta	tradotta	_	_	_	_	_	linguistic	_	ContainsVariation=No	_	_	_	_	_	_
524-3	PST206	524	3	in	in	_	_	_	_	_	linguistic	_	ContainsVariation=No	_	_	_	_	_	_
524-4	PST206	524	4	italiano?	italiano	_	_	_	_	_	linguistic	_	ContainsVariation=No	Intonation=Rising	End=1332.975	_	_	_	_
525-0	PST017	525	0	sì	sì	_	_	_	_	_	linguistic	_	ContainsVariation=No	_	Begin=1334.62	_	_	_	_
525-1	PST017	525	1	sì	sì	_	_	_	_	_	linguistic	_	ContainsVariation=No	_	_	_	_	_	_
525-2	PST017	525	2	e::h	eh	_	_	_	_	_	linguistic	_	ContainsVariation=No	_	End=1335.99	0x2	_	_	_
526-0	PST017	526	0	ma:	ma	_	_	_	_	_	linguistic	_	ContainsVariation=No	_	Begin=1336.43	1x1	_	_	_
526-1	PST017	526	1	tanto	tanto	_	_	_	_	_	linguistic	_	ContainsVariation=No	_	_	_	_	_	_
526-2	PST017	526	2	tempo	tempo	_	_	_	_	_	linguistic	_	ContainsVariation=No	_	_	_	_	_	_
526-3	PST017	526	3	fa.	fa	_	_	_	_	_	linguistic	_	ContainsVariation=No	Intonation=Falling	End=1337.73	_	_	_	_
527-0	PST206	527	0	dunque	dunque	_	_	_	_	_	linguistic	_	ContainsVariation=No	_	Begin=1339.025	_	_	_	_
527-1	PST206	527	1	ti	ti	_	_	_	_	_	linguistic	_	ContainsVariation=No	_	_	_	_	_	_
527-2	PST206	527	2	è:	è	_	_	_	_	_	linguistic	_	ContainsVariation=No	_	_	0x1	_	_	_
527-3	PST206	527	3	ti	ti	_	_	_	_	_	linguistic	_	ContainsVariation=No	_	_	_	_	_	_
527-4	PST206	527	4	è	è	_	_	_	_	_	linguistic	_	ContainsVariation=No	_	_	_	_	_	_
527-5	PST206	527	5	capitato.	capitato	_	_	_	_	_	linguistic	_	ContainsVariation=No	Intonation=Falling	End=1340.365	_	_	_	_
528-0	PST017	528	0	sì	sì	_	_	_	_	_	linguistic	_	ContainsVariation=No	_	Begin=1340.47	_	_	_	_
528-1	PST017	528	1	sì	sì	_	_	_	_	_	linguistic	_	ContainsVariation=No	_	_	_	_	_	_
528-2	PST017	528	2	sì	sì	_	_	_	_	_	linguistic	_	ContainsVariation=No	_	End=1341.07	_	_	_	_
529-0	PST206	529	0	come	come	_	_	_	_	_	linguistic	_	ContainsVariation=No	_	Begin=1341.535	_	_	_	_
529-1	PST206	529	1	trascorri	trascorri	_	_	_	_	_	linguistic	_	ContainsVariation=No	_	_	_	_	_	_
529-2	PST206	529	2	il	il	_	_	_	_	_	linguistic	_	ContainsVariation=No	_	_	_	_	_	_
529-3	PST206	529	3	tuo	tuo	_	_	_	_	_	linguistic	_	ContainsVariation=No	_	_	_	_	_	_
529-4	PST206	529	4	tempo	tempo	_	_	_	_	_	linguistic	_	ContainsVariation=No	_	_	_	_	_	_
529-5	PST206	529	5	libero?	libero	_	_	_	_	_	linguistic	_	ContainsVariation=No	Intonation=Rising	End=1343.245	_	_	_	_
530-0	PST017	530	0	e::hm::	ehm	_	_	_	_	_	linguistic	_	ContainsVariation=No	_	Begin=1344.835|End=1345.885	0x2,2x2	_	_	_
531-0	PST017	531	0	ascoltare	ascoltare	_	_	_	_	_	linguistic	_	ContainsVariation=No	_	Begin=1346.875	_	_	_	_
531-1	PST017	531	1	la	la	_	_	_	_	_	linguistic	_	ContainsVariation=No	_	_	_	_	_	_
531-2	PST017	531	2	musica,	musica	_	_	_	_	_	linguistic	_	ContainsVariation=No	Intonation=WeaklyRising	_	_	_	_	_
531-3	PST017	531	3	guardare	guardare	_	_	_	_	_	linguistic	_	ContainsVariation=No	_	_	_	_	_	_
531-4	PST017	531	4	la	la	_	_	_	_	_	linguistic	_	ContainsVariation=No	_	_	_	_	_	_
531-5	PST017	531	5	tv:,	tv	_	_	_	_	_	linguistic	_	ContainsVariation=No	Intonation=WeaklyRising	End=1349.995	1x1	_	_	_
532-0	PST017	532	0	mangiare,	mangiare	_	_	_	_	_	linguistic	_	ContainsVariation=No	Intonation=WeaklyRising	Begin=1352.11	_	_	_	_
532-1	PST017	532	1	dormire,	dormire	_	_	_	_	_	linguistic	_	ContainsVariation=No	Intonation=WeaklyRising	End=1353.62	_	_	_	_
533-0	PST017	533	0	oppure:	oppure	_	_	_	_	_	linguistic	_	ContainsVariation=No	_	Begin=1357.65	5x1	_	_	_
533-1	PST017	533	1	se:	se	_	_	_	_	_	linguistic	_	ContainsVariation=No	_	End=1359.66	1x1	_	_	_
534-0	PST017	534	0	se	se	_	_	_	_	_	linguistic	_	ContainsVariation=No	_	Begin=1360.47	_	_	_	_
534-1	PST017	534	1	ho	ho	_	_	_	_	_	linguistic	_	ContainsVariation=No	_	_	_	_	_	_
534-2	PST017	534	2	voglia,	voglia	_	_	_	_	_	linguistic	_	ContainsVariation=No	Intonation=WeaklyRising	_	_	_	_	_
534-3	PST017	534	3	di	di	_	_	_	_	_	linguistic	_	ContainsVariation=No	_	_	_	_	_	_
534-4	PST017	534	4	uscire	uscire	_	_	_	_	_	linguistic	_	ContainsVariation=No	_	_	_	_	_	_
534-5	PST017	534	5	ad	ad	_	_	_	_	_	linguistic	_	ContainsVariation=No	_	_	_	_	_	_
534-6	PST017	534	6	esempio	esempio	_	_	_	_	_	linguistic	_	ContainsVariation=No	_	_	_	_	_	_
534-7	PST017	534	7	oppure:	oppure	_	_	_	_	_	linguistic	_	ContainsVariation=No	_	End=1363.16	5x1	_	_	_
535-0	PST017	535	0	non	non	_	_	_	_	_	linguistic	_	ContainsVariation=No	_	Begin=1363.74	_	_	_	_
535-1	PST017	535	1	so.	so	_	_	_	_	_	linguistic	_	ContainsVariation=No	Intonation=Falling	End=1364.22	_	_	_	_
536-0	PST017	536	0	°basta°	basta	_	_	_	_	_	linguistic	_	ContainsVariation=No	Volume=low	Begin=1366.18|End=1366.38	_	_	_	_
537-0	PST206	537	0	hai	hai	_	_	_	_	_	linguistic	_	ContainsVariation=No	_	Begin=1366.625	_	_	_	_
537-1	PST206	537	1	qualche	qualche	_	_	_	_	_	linguistic	_	ContainsVariation=No	_	_	_	_	_	_
537-2	PST206	537	2	hobby?	hobby	_	_	_	_	_	linguistic	_	ContainsVariation=No	Intonation=Rising	End=1367.645	_	_	_	_
538-0	PST017	538	0	m:h,	mh	_	_	_	_	_	linguistic	_	ContainsVariation=No	Intonation=WeaklyRising	Begin=1369.26	0x1	_	_	_
538-1	PST017	538	1	no	no	_	_	_	_	_	linguistic	_	ContainsVariation=No	_	_	_	_	_	_
538-2	PST017	538	2	non	non	_	_	_	_	_	linguistic	_	ContainsVariation=No	_	_	_	_	_	_
538-3	PST017	538	3	più.	più	_	_	_	_	_	linguistic	_	ContainsVariation=No	Intonation=Falling	_	_	_	_	_
538-4	PST017	538	4	però	però	_	_	_	_	_	linguistic	_	ContainsVariation=No	_	_	_	_	_	_
538-5	PST017	538	5	prima	prima	_	_	_	_	_	linguistic	_	ContainsVariation=No	_	_	_	_	_	_
538-6	PST017	538	6	facevo	facevo	_	_	_	_	_	linguistic	_	ContainsVariation=No	_	_	_	_	_	_
538-7	PST017	538	7	nuoto.	nuoto	_	_	_	_	_	linguistic	_	ContainsVariation=No	Intonation=Falling	End=1372.53	_	_	_	_
539-0	PST206	539	0	praticavi	praticavi	_	_	_	_	_	linguistic	_	ContainsVariation=No	_	Begin=1372.92	_	_	_	_
539-1	PST206	539	1	sport	sport	_	_	_	_	_	linguistic	_	ContainsVariation=No	_	_	_	_	_	_
539-2	PST206	539	2	allora.	allora	_	_	_	_	_	linguistic	_	ContainsVariation=No	Intonation=Falling	End=1374.21	_	_	_	_
540-0	PST017	540	0	mh	mh	_	_	_	_	_	linguistic	_	ContainsVariation=No	_	Begin=1374.35	_	_	_	_
540-1	PST017	540	1	mh	mh	_	_	_	_	_	linguistic	_	ContainsVariation=No	_	_	_	_	_	_
540-2	PST017	540	2	sì	sì	_	_	_	_	_	linguistic	_	ContainsVariation=No	_	_	_	_	_	_
540-3	PST017	540	3	sì	sì	_	_	_	_	_	linguistic	_	ContainsVariation=No	_	End=1375.74	_	_	_	_
541-0	PST206	541	0	con	con	_	_	_	_	_	linguistic	_	ContainsVariation=No	_	Begin=1375.99	_	_	_	_
541-1	PST206	541	1	c~	c~	_	_	_	_	_	linguistic	_	ContainsVariation=No	Interrupted=Yes	_	_	_	_	_
541-2	PST206	541	2	cioè	cioè	_	_	_	_	_	linguistic	_	ContainsVariation=No	_	_	_	_	_	_
541-3	PST206	541	3	lo	lo	_	_	_	_	_	linguistic	_	ContainsVariation=No	_	_	_	_	_	_
541-4	PST206	541	4	praticavi:	praticavi	_	_	_	_	_	linguistic	_	ContainsVariation=No	_	_	8x1	_	_	_
541-5	PST206	541	5	e:::h	eh	_	_	_	_	_	linguistic	_	ContainsVariation=No	_	End=1378.33	0x3	_	_	_
542-0	PST206	542	0	e::h	eh	_	_	_	_	_	linguistic	_	ContainsVariation=No	_	Begin=1378.475	0x2	_	_	_
542-1	PST206	542	1	lo	lo	_	_	_	_	_	linguistic	_	ContainsVariation=No	_	_	_	_	_	_
542-2	PST206	542	2	praticavi	praticavi	_	_	_	_	_	linguistic	_	ContainsVariation=No	_	_	_	_	_	_
542-3	PST206	542	3	spes~	spes~	_	_	_	_	_	linguistic	_	ContainsVariation=No	Interrupted=Yes	_	_	_	_	_
542-4	PST206	542	4	cioè:	cioè	_	_	_	_	_	linguistic	_	ContainsVariation=No	_	_	3x1	_	_	_
542-5	PST206	542	5	facevi:	facevi	_	_	_	_	_	linguistic	_	ContainsVariation=No	_	_	5x1	_	_	_
542-6	PST206	542	6	nuoto	nuoto	_	_	_	_	_	linguistic	_	ContainsVariation=No	_	_	_	_	_	_
542-7	PST206	542	7	spesso?	spesso	_	_	_	_	_	linguistic	_	ContainsVariation=No	Intonation=Rising	End=1381.955	_	_	_	_
543-0	PST017	543	0	sì	sì	_	_	_	_	_	linguistic	_	ContainsVariation=No	_	Begin=1382.06	_	_	_	_
543-1	PST017	543	1	sì	sì	_	_	_	_	_	linguistic	_	ContainsVariation=No	_	_	_	_	_	_
543-2	PST017	543	2	ehm	ehm	_	_	_	_	_	linguistic	_	ContainsVariation=No	_	_	_	_	_	_
543-3	PST017	543	3	facevo	facevo	_	_	_	_	_	linguistic	_	ContainsVariation=No	_	_	_	_	_	_
543-4	PST017	543	4	anc~,	anc~	_	_	_	_	_	linguistic	_	ContainsVariation=No	Intonation=WeaklyRising|Interrupted=Yes	_	_	_	_	_
543-5	PST017	543	5	perché	perché	_	_	_	_	_	linguistic	_	ContainsVariation=No	_	_	_	_	_	_
543-6	PST017	543	6	non	non	_	_	_	_	_	linguistic	_	ContainsVariation=No	_	_	_	_	_	_
543-7	PST017	543	7	sapevo	sapevo	_	_	_	_	_	linguistic	_	ContainsVariation=No	_	_	_	_	_	_
543-8	PST017	543	8	nuotare,	nuotare	_	_	_	_	_	linguistic	_	ContainsVariation=No	Intonation=WeaklyRising	End=1385.12	_	_	_	_
544-0	PST017	544	0	e	e	_	_	_	_	_	linguistic	_	ContainsVariation=No	_	Begin=1385.75	_	_	_	_
544-1	PST017	544	1	quindi	quindi	_	_	_	_	_	linguistic	_	ContainsVariation=No	_	_	_	_	_	_
544-2	PST017	544	2	av~	av~	_	_	_	_	_	linguistic	_	ContainsVariation=No	Interrupted=Yes|PauseAfter=Yes	_	_	_	_	_
544-3	PST017	544	3	(.)	(.)	_	_	_	_	_	shortpause	_	ContainsVariation=No	_	_	_	_	_	_
544-4	PST017	544	4	avevo	avevo	_	_	_	_	_	linguistic	_	ContainsVariation=No	_	_	_	_	_	_
544-5	PST017	544	5	voglia	voglia	_	_	_	_	_	linguistic	_	ContainsVariation=No	_	_	_	_	_	_
544-6	PST017	544	6	di:	di	_	_	_	_	_	linguistic	_	ContainsVariation=No	_	_	1x1	_	_	_
544-7	PST017	544	7	imparare	imparare	_	_	_	_	_	linguistic	_	ContainsVariation=No	_	_	_	_	_	_
544-8	PST017	544	8	il	il	_	_	_	_	_	linguistic	_	ContainsVariation=No	_	_	_	_	_	_
544-9	PST017	544	9	nuoto	nuoto	_	_	_	_	_	linguistic	_	ContainsVariation=No	_	_	_	_	_	_
544-10	PST017	544	10	e	e	_	_	_	_	_	linguistic	_	ContainsVariation=No	_	_	_	_	_	_
544-11	PST017	544	11	ho	ho	_	_	_	_	_	linguistic	_	ContainsVariation=No	_	_	_	_	_	_
544-12	PST017	544	12	visto	visto	_	_	_	_	_	linguistic	_	ContainsVariation=No	_	_	_	_	_	_
544-13	PST017	544	13	anche	anche	_	_	_	_	_	linguistic	_	ContainsVariation=No	_	End=1390.17	_	_	_	_
545-0	PST017	545	0	c(io)è	cioè	_	_	_	_	_	linguistic	_	ContainsVariation=No	Reduced=Yes	Begin=1390.43	_	_	_	_
545-1	PST017	545	1	mi	mi	_	_	_	_	_	linguistic	_	ContainsVariation=No	_	_	_	_	_	_
545-2	PST017	545	2	piaceva	piaceva	_	_	_	_	_	linguistic	_	ContainsVariation=No	_	_	_	_	_	_
545-3	PST017	545	3	tanto.	tanto	_	_	_	_	_	linguistic	_	ContainsVariation=No	Intonation=Falling	End=1391.82	_	_	_	_
546-0	PST017	546	0	quindi	quindi	_	_	_	_	_	linguistic	_	ContainsVariation=No	_	Begin=1392.04	_	_	_	_
546-1	PST017	546	1	tanto	tanto	_	_	_	_	_	linguistic	_	ContainsVariation=No	_	_	_	_	_	_
546-2	PST017	546	2	tempo	tempo	_	_	_	_	_	linguistic	_	ContainsVariation=No	_	_	_	_	_	_
546-3	PST017	546	3	fa	fa	_	_	_	_	_	linguistic	_	ContainsVariation=No	_	_	_	_	_	_
546-4	PST017	546	4	andavo	andavo	_	_	_	_	_	linguistic	_	ContainsVariation=No	_	_	_	_	_	_
546-5	PST017	546	5	a	a	_	_	_	_	_	linguistic	_	ContainsVariation=No	_	_	_	_	_	_
546-6	PST017	546	6	fare:	fare	_	_	_	_	_	linguistic	_	ContainsVariation=No	_	End=1394.25	3x1	_	_	_
547-0	PST017	547	0	due	due	_	_	_	_	_	linguistic	_	ContainsVariation=No	_	Begin=1394.72	_	_	_	_
547-1	PST017	547	1	gior~	gior~	_	_	_	_	_	linguistic	_	ContainsVariation=No	Interrupted=Yes	_	_	_	_	_
547-2	PST017	547	2	due	due	_	_	_	_	_	linguistic	_	ContainsVariation=No	_	_	_	_	_	_
547-3	PST017	547	3	giorni	giorni	_	_	_	_	_	linguistic	_	ContainsVariation=No	_	_	_	_	_	_
547-4	PST017	547	4	alla	alla	_	_	_	_	_	linguistic	_	ContainsVariation=No	_	_	_	_	_	_
547-5	PST017	547	5	settimana	settimana	_	_	_	_	_	linguistic	_	ContainsVariation=No	_	_	_	_	_	_
547-6	PST017	547	6	andavo	andavo	_	_	_	_	_	linguistic	_	ContainsVariation=No	_	_	_	_	_	_
547-7	PST017	547	7	a	a	_	_	_	_	_	linguistic	_	ContainsVariation=No	_	_	_	_	_	_
547-8	PST017	547	8	fare	fare	_	_	_	_	_	linguistic	_	ContainsVariation=No	_	_	_	_	_	_
547-9	PST017	547	9	un	un	_	_	_	_	_	linguistic	_	ContainsVariation=No	_	_	_	_	_	_
547-10	PST017	547	10	corso	corso	_	_	_	_	_	linguistic	_	ContainsVariation=No	_	_	_	_	_	_
547-11	PST017	547	11	di	di	_	_	_	_	_	linguistic	_	ContainsVariation=No	_	_	_	_	_	_
547-12	PST017	547	12	nuoto	nuoto	_	_	_	_	_	linguistic	_	ContainsVariation=No	_	End=1398.42	_	_	_	_
548-0	PST206	548	0	navighi~	navighi~	_	_	_	_	_	linguistic	_	ContainsVariation=No	Interrupted=Yes	Begin=1401.55	_	_	_	_
548-1	PST206	548	1	tu	tu	_	_	_	_	_	linguistic	_	ContainsVariation=No	_	_	_	_	_	_
548-2	PST206	548	2	navighi	navighi	_	_	_	_	_	linguistic	_	ContainsVariation=No	_	_	_	_	_	_
548-3	PST206	548	3	in	in	_	_	_	_	_	linguistic	_	ContainsVariation=No	_	_	_	_	_	_
548-4	PST206	548	4	arabo	arabo	_	_	_	_	_	linguistic	_	ContainsVariation=No	_	_	_	_	_	_
548-5	PST206	548	5	in	in	_	_	_	_	_	linguistic	_	ContainsVariation=No	_	_	_	_	_	_
548-6	PST206	548	6	internet	internet	_	_	_	_	_	linguistic	_	ContainsVariation=No	_	_	_	_	_	_
548-7	PST206	548	7	vero?	vero	_	_	_	_	_	linguistic	_	ContainsVariation=No	Intonation=Rising	End=1403.91	_	_	_	_
549-0	PST017	549	0	mh,	mh	_	_	_	_	_	linguistic	_	ContainsVariation=No	Intonation=WeaklyRising	Begin=1404.75	_	_	_	_
549-1	PST017	549	1	no,	no	_	_	_	_	_	linguistic	_	ContainsVariation=No	Intonation=WeaklyRising	_	_	_	_	_
549-2	PST017	549	2	in	in	_	_	_	_	_	linguistic	_	ContainsVariation=No	_	_	_	_	_	_
549-3	PST017	549	3	itali[ano].	italiano	_	_	_	_	_	linguistic	_	ContainsVariation=No	Intonation=Falling	End=1406.01	_	_	_	5-8(5)
550-0	PST206	550	0	[pag~]	pag~	_	_	_	_	_	linguistic	_	ContainsVariation=No	Interrupted=Yes	Begin=1405.695|End=1405.975	_	_	_	0-4(5)
551-0	PST206	551	0	ah	ah	_	_	_	_	_	linguistic	_	ContainsVariation=No	_	Begin=1406.095	_	_	_	_
551-1	PST206	551	1	e:	e	_	_	_	_	_	linguistic	_	ContainsVariation=No	_	_	0x1	_	_	_
551-2	PST206	551	2	di	di	_	_	_	_	_	linguistic	_	ContainsVariation=No	_	_	_	_	_	_
551-3	PST206	551	3	solito	solito	_	_	_	_	_	linguistic	_	ContainsVariation=No	_	_	_	_	_	_
551-4	PST206	551	4	in	in	_	_	_	_	_	linguistic	_	ContainsVariation=No	_	_	_	_	_	_
551-5	PST206	551	5	italiano.	italiano	_	_	_	_	_	linguistic	_	ContainsVariation=No	Intonation=Falling	End=1408.085	_	_	_	_
552-0	PST017	552	0	sì	sì	_	_	_	_	_	linguistic	_	ContainsVariation=No	_	Begin=1408.235|End=1408.585	_	_	_	_
553-0	PST206	553	0	ma	ma	_	_	_	_	_	linguistic	_	ContainsVariation=No	_	Begin=1408.615	_	_	_	_
553-1	PST206	553	1	non	non	_	_	_	_	_	linguistic	_	ContainsVariation=No	_	_	_	_	_	_
553-2	PST206	553	2	ti	ti	_	_	_	_	_	linguistic	_	ContainsVariation=No	_	_	_	_	_	_
553-3	PST206	553	3	succede~	succede~	_	_	_	_	_	linguistic	_	ContainsVariation=No	Interrupted=Yes	_	_	_	_	_
553-4	PST206	553	4	non	non	_	_	_	_	_	linguistic	_	ContainsVariation=No	_	_	_	_	_	_
553-5	PST206	553	5	ti	ti	_	_	_	_	_	linguistic	_	ContainsVariation=No	_	_	_	_	_	_
553-6	PST206	553	6	capita:	capita	_	_	_	_	_	linguistic	_	ContainsVariation=No	_	_	5x1	_	_	_
553-7	PST206	553	7	di:	di	_	_	_	_	_	linguistic	_	ContainsVariation=No	_	_	1x1	_	_	_
553-8	PST206	553	8	navigare	navigare	_	_	_	_	_	linguistic	_	ContainsVariation=No	_	_	_	_	_	_
553-9	PST206	553	9	in	in	_	_	_	_	_	linguistic	_	ContainsVariation=No	_	_	_	_	_	_
553-10	PST206	553	10	arabo?	arabo	_	_	_	_	_	linguistic	_	ContainsVariation=No	Intonation=Rising	End=1411.345	_	_	_	_
554-0	PST017	554	0	e:hm::	ehm	_	_	_	_	_	linguistic	_	ContainsVariation=No	PauseAfter=Yes	Begin=1411.905	0x1,2x2	_	_	_
554-1	PST017	554	1	(.)	(.)	_	_	_	_	_	shortpause	_	ContainsVariation=No	_	_	_	_	_	_
554-2	PST017	554	2	a	a	_	_	_	_	_	linguistic	_	ContainsVariation=No	_	_	_	_	_	_
554-3	PST017	554	3	volte	volte	_	_	_	_	_	linguistic	_	ContainsVariation=No	_	_	_	_	_	_
554-4	PST017	554	4	se~	se~	_	_	_	_	_	linguistic	_	ContainsVariation=No	Interrupted=Yes	_	_	_	_	_
554-5	PST017	554	5	se	se	_	_	_	_	_	linguistic	_	ContainsVariation=No	_	_	_	_	_	_
554-6	PST017	554	6	la	la	_	_	_	_	_	linguistic	_	ContainsVariation=No	_	_	_	_	_	_
554-7	PST017	554	7	parola,	parola	_	_	_	_	_	linguistic	_	ContainsVariation=No	Intonation=WeaklyRising	End=1415.045	_	_	_	_
555-0	PST017	555	0	>nel	nel	_	_	_	_	_	linguistic	_	ContainsVariation=No	_	Begin=1415.19	_	Fast=0-3(0)	_	_
555-1	PST017	555	1	senso	senso	_	_	_	_	_	linguistic	_	ContainsVariation=No	_	_	_	Fast=0-5(0)	_	_
555-2	PST017	555	2	se	se	_	_	_	_	_	linguistic	_	ContainsVariation=No	_	_	_	Fast=0-2(0)	_	_
555-3	PST017	555	3	riesco<	riesco	_	_	_	_	_	linguistic	_	ContainsVariation=No	_	_	_	Fast=0-6(0)	_	_
555-4	PST017	555	4	se	se	_	_	_	_	_	linguistic	_	ContainsVariation=No	_	_	_	_	_	_
555-5	PST017	555	5	non	non	_	_	_	_	_	linguistic	_	ContainsVariation=No	_	_	_	_	_	_
555-6	PST017	555	6	riesco	riesco	_	_	_	_	_	linguistic	_	ContainsVariation=No	_	_	_	_	_	_
555-7	PST017	555	7	a	a	_	_	_	_	_	linguistic	_	ContainsVariation=No	_	_	_	_	_	_
555-8	PST017	555	8	trovarlo:	trovarlo	_	_	_	_	_	linguistic	_	ContainsVariation=No	_	_	7x1	_	_	_
555-9	PST017	555	9	in	in	_	_	_	_	_	linguistic	_	ContainsVariation=No	_	_	_	_	_	_
555-10	PST017	555	10	italiano,	italiano	_	_	_	_	_	linguistic	_	ContainsVariation=No	Intonation=WeaklyRising	End=1418.31	_	_	_	_
556-0	PST017	556	0	me	me	_	_	_	_	_	linguistic	_	ContainsVariation=No	_	Begin=1418.475	_	_	_	_
556-1	PST017	556	1	lo	lo	_	_	_	_	_	linguistic	_	ContainsVariation=No	_	_	_	_	_	_
556-2	PST017	556	2	cerco::	cerco	_	_	_	_	_	linguistic	_	ContainsVariation=No	_	_	4x2	_	_	_
556-3	PST017	556	3	in	in	_	_	_	_	_	linguistic	_	ContainsVariation=No	_	_	_	_	_	_
556-4	PST017	556	4	arabo.	arabo	_	_	_	_	_	linguistic	_	ContainsVariation=No	Intonation=Falling	End=1420.565	_	_	_	_
557-0	PST017	557	0	perché	perché	_	_	_	_	_	linguistic	_	ContainsVariation=No	_	Begin=1420.775	_	_	_	_
557-1	PST017	557	1	non	non	_	_	_	_	_	linguistic	_	ContainsVariation=No	_	_	_	_	_	_
557-2	PST017	557	2	riesco	riesco	_	_	_	_	_	linguistic	_	ContainsVariation=No	_	_	_	_	_	_
557-3	PST017	557	3	a	a	_	_	_	_	_	linguistic	_	ContainsVariation=No	_	_	_	_	_	_
557-4	PST017	557	4	navigare	navigare	_	_	_	_	_	linguistic	_	ContainsVariation=No	_	_	_	_	_	_
557-5	PST017	557	5	in	in	_	_	_	_	_	linguistic	_	ContainsVariation=No	_	_	_	_	_	_
557-6	PST017	557	6	arabo,	arabo	_	_	_	_	_	linguistic	_	ContainsVariation=No	Intonation=WeaklyRising	_	_	_	_	_
557-7	PST017	557	7	perché	perché	_	_	_	_	_	linguistic	_	ContainsVariation=No	_	_	_	_	_	_
557-8	PST017	557	8	non	non	_	_	_	_	_	linguistic	_	ContainsVariation=No	_	_	_	_	_	_
557-9	PST017	557	9	so:	so	_	_	_	_	_	linguistic	_	ContainsVariation=No	_	End=1423.405	1x1	_	_	_
558-0	PST017	558	0	la	la	_	_	_	_	_	linguistic	_	ContainsVariation=No	_	Begin=1423.615	_	_	_	_
558-1	PST017	558	1	tastiera.	tastiera	_	_	_	_	_	linguistic	_	ContainsVariation=No	Intonation=Falling	_	_	_	_	_
558-2	PST017	558	2	quella:	quella	_	_	_	_	_	linguistic	_	ContainsVariation=No	_	End=1425.145	5x1	_	_	_
559-0	PST017	559	0	del~	del~	_	_	_	_	_	linguistic	_	ContainsVariation=No	Interrupted=Yes	Begin=1425.29	_	_	_	_
559-1	PST017	559	1	delle:	delle	_	_	_	_	_	linguistic	_	ContainsVariation=No	_	_	4x1	_	_	_
559-2	PST017	559	2	dell'	dell'	_	_	_	_	_	linguistic	_	ContainsVariation=No	SpaceAfter=No	_	_	_	_	_
559-3	PST017	559	3	alfabeto:	alfabeto	_	_	_	_	_	linguistic	_	ContainsVariation=No	_	_	7x1	_	_	_
559-4	PST017	559	4	arabo,	arabo	_	_	_	_	_	linguistic	_	ContainsVariation=No	Intonation=WeaklyRising	_	_	_	_	_
559-5	PST017	559	5	non	non	_	_	_	_	_	linguistic	_	ContainsVariation=No	_	_	_	_	_	_
559-6	PST017	559	6	la	la	_	_	_	_	_	linguistic	_	ContainsVariation=No	_	_	_	_	_	_
559-7	PST017	559	7	so	so	_	_	_	_	_	linguistic	_	ContainsVariation=No	_	_	_	_	_	_
559-8	PST017	559	8	a	a	_	_	_	_	_	linguistic	_	ContainsVariation=No	_	_	_	_	_	_
559-9	PST017	559	9	memoria.	memoria	_	_	_	_	_	linguistic	_	ContainsVariation=No	Intonation=Falling	_	_	_	_	_
559-10	PST017	559	10	quindi	quindi	_	_	_	_	_	linguistic	_	ContainsVariation=No	_	_	_	_	_	_
559-11	PST017	559	11	mi	mi	_	_	_	_	_	linguistic	_	ContainsVariation=No	_	_	_	_	_	_
559-12	PST017	559	12	è	è	_	_	_	_	_	linguistic	_	ContainsVariation=No	_	_	_	_	_	_
559-13	PST017	559	13	difficile	difficile	_	_	_	_	_	linguistic	_	ContainsVariation=No	_	_	_	_	_	_
559-14	PST017	559	14	scrivere	scrivere	_	_	_	_	_	linguistic	_	ContainsVariation=No	_	End=1431.42	_	_	_	_
560-0	PST206	560	0	ma	ma	_	_	_	_	_	linguistic	_	ContainsVariation=No	_	Begin=1432.26	_	_	_	_
560-1	PST206	560	1	forse	forse	_	_	_	_	_	linguistic	_	ContainsVariation=No	_	_	_	_	_	_
560-2	PST206	560	2	quella	quella	_	_	_	_	_	linguistic	_	ContainsVariation=No	_	_	_	_	_	_
560-3	PST206	560	3	per	per	_	_	_	_	_	linguistic	_	ContainsVariation=No	_	_	_	_	_	_
560-4	PST206	560	4	la	la	_	_	_	_	_	linguistic	_	ContainsVariation=No	_	_	_	_	_	_
560-5	PST206	560	5	frequenza	frequenza	_	_	_	_	_	linguistic	_	ContainsVariation=No	_	_	_	_	_	_
560-6	PST206	560	6	forse	forse	_	_	_	_	_	linguistic	_	ContainsVariation=No	_	_	_	_	_	_
560-7	PST206	560	7	[perché	perché	_	_	_	_	_	linguistic	_	ContainsVariation=No	_	_	_	_	_	0-6(6)
560-8	PST206	560	8	non	non	_	_	_	_	_	linguistic	_	ContainsVariation=No	_	_	_	_	_	0-3(6)
560-9	PST206	560	9	scrivi].	scrivi	_	_	_	_	_	linguistic	_	ContainsVariation=No	Intonation=Falling	_	_	_	_	0-6(6)
560-10	PST206	560	10	e	e	_	_	_	_	_	linguistic	_	ContainsVariation=No	_	_	_	_	_	_
560-11	PST206	560	11	quando	quando	_	_	_	_	_	linguistic	_	ContainsVariation=No	_	_	_	_	_	_
560-12	PST206	560	12	chatti	chatti	_	_	_	_	_	linguistic	_	ContainsVariation=No	_	_	_	_	_	_
560-13	PST206	560	13	con	con	_	_	_	_	_	linguistic	_	ContainsVariation=No	_	_	_	_	_	_
560-14	PST206	560	14	i	i	_	_	_	_	_	linguistic	_	ContainsVariation=No	_	_	_	_	_	_
560-15	PST206	560	15	tuoi	tuoi	_	_	_	_	_	linguistic	_	ContainsVariation=No	_	_	_	_	_	_
560-16	PST206	560	16	amici,	amici	_	_	_	_	_	linguistic	_	ContainsVariation=No	Intonation=WeaklyRising	_	_	_	_	_
560-17	PST206	560	17	com~	com~	_	_	_	_	_	linguistic	_	ContainsVariation=No	Interrupted=Yes	_	_	_	_	_
560-18	PST206	560	18	e::h	eh	_	_	_	_	_	linguistic	_	ContainsVariation=No	_	_	0x2	_	_	_
560-19	PST206	560	19	come	come	_	_	_	_	_	linguistic	_	ContainsVariation=No	_	_	_	_	_	_
560-20	PST206	560	20	scrivi.	scrivi	_	_	_	_	_	linguistic	_	ContainsVariation=No	Intonation=Falling	End=1438.02	_	_	_	_
561-0	PST017	561	0	[sìs,ìs,ì]	sìs,ìs,ì	_	_	_	_	_	error	_	ContainsVariation=No	_	Begin=1434.495|End=1435.245	_	_	_	0-6(6)
562-0	PST017	562	0	in	in	_	_	_	_	_	linguistic	_	ContainsVariation=No	_	Begin=1438.37	_	_	_	_
562-1	PST017	562	1	arabo,	arabo	_	_	_	_	_	linguistic	_	ContainsVariation=No	Intonation=WeaklyRising	_	_	_	_	_
562-2	PST017	562	2	ma	ma	_	_	_	_	_	linguistic	_	ContainsVariation=No	_	_	_	_	_	_
562-3	PST017	562	3	uso	uso	_	_	_	_	_	linguistic	_	ContainsVariation=No	_	_	_	_	_	_
562-4	PST017	562	4	le	le	_	_	_	_	_	linguistic	_	ContainsVariation=No	_	_	_	_	_	_
562-5	PST017	562	5	lettere::	lettere	_	_	_	_	_	linguistic	_	ContainsVariation=No	_	End=1440.49	6x2	_	_	_
563-0	PST017	563	0	quelle:::	quelle	_	_	_	_	_	linguistic	_	ContainsVariation=No	_	Begin=1440.66	5x3	_	_	_
563-1	PST017	563	1	del	del	_	_	_	_	_	linguistic	_	ContainsVariation=No	_	End=1441.96	_	_	_	_
564-0	PST206	564	0	dell'	dell'	_	_	_	_	_	linguistic	_	ContainsVariation=No	SpaceAfter=No	Begin=1444.145	_	_	_	_
564-1	PST206	564	1	alfabeto	alfabeto	_	_	_	_	_	linguistic	_	ContainsVariation=No	_	_	_	_	_	_
564-2	PST206	564	2	[italiano]	italiano	_	_	_	_	_	linguistic	_	ContainsVariation=No	_	End=1445.535	_	_	_	0-8(7)
565-0	PST017	565	0	[sì],	sì	_	_	_	_	_	linguistic	_	ContainsVariation=No	Intonation=WeaklyRising	Begin=1445.245	_	_	_	0-2(7)
565-1	PST017	565	1	esatto	esatto	_	_	_	_	_	linguistic	_	ContainsVariation=No	_	End=1446.085	_	_	_	_
566-0	PST206	566	0	comunque:	comunque	_	_	_	_	_	linguistic	_	ContainsVariation=No	_	Begin=1447.54	7x1	_	_	_
566-1	PST206	566	1	se	se	_	_	_	_	_	linguistic	_	ContainsVariation=No	_	_	_	_	_	_
566-2	PST206	566	2	scrivi::	scrivi	_	_	_	_	_	linguistic	_	ContainsVariation=No	_	_	5x2	_	_	_
566-3	PST206	566	3	e:hm	ehm	_	_	_	_	_	linguistic	_	ContainsVariation=No	_	_	0x1	_	_	_
566-4	PST206	566	4	se	se	_	_	_	_	_	linguistic	_	ContainsVariation=No	_	_	_	_	_	_
566-5	PST206	566	5	scrivi	scrivi	_	_	_	_	_	linguistic	_	ContainsVariation=No	_	_	_	_	_	_
566-6	PST206	566	6	ciao,	ciao	_	_	_	_	_	linguistic	_	ContainsVariation=No	Intonation=WeaklyRising	_	_	_	_	_
566-7	PST206	566	7	che	che	_	_	_	_	_	linguistic	_	ContainsVariation=No	_	End=1451.75	_	_	_	_
567-0	PST206	567	0	che:	che	_	_	_	_	_	linguistic	_	ContainsVariation=No	_	Begin=1453.11	2x1	_	_	_
567-1	PST206	567	1	e::h	eh	_	_	_	_	_	linguistic	_	ContainsVariation=No	_	End=1454.48	0x2	_	_	_
568-0	PST017	568	0	[se	se	_	_	_	_	_	linguistic	_	ContainsVariation=Yes	_	Begin=1454.61	_	_	_	0-2(8)
568-1	PST017	568	1	scrivo	scrivo	_	_	_	_	_	linguistic	_	ContainsVariation=Yes	_	_	_	_	_	0-6(8)
568-2	PST017	568	2	ciao	ciao	_	_	_	_	_	linguistic	_	ContainsVariation=Yes	_	_	_	_	_	0-4(8)
568-3	PST017	568	3	in,	in	_	_	_	_	_	linguistic	_	ContainsVariation=Yes	Intonation=WeaklyRising	_	_	_	_	0-2(8)
568-4	PST017	568	4	in]	in	_	_	_	_	_	linguistic	_	ContainsVariation=Yes	_	_	_	_	_	0-2(8)
568-5	PST017	568	5	arabo	arabo	_	_	_	_	_	linguistic	_	ContainsVariation=Yes	_	_	_	_	_	_
568-6	PST017	568	6	che	che	_	_	_	_	_	linguistic	_	ContainsVariation=Yes	_	_	_	_	_	_
568-7	PST017	568	7	si	si	_	_	_	_	_	linguistic	_	ContainsVariation=Yes	_	_	_	_	_	_
568-8	PST017	568	8	dice	dice	_	_	_	_	_	linguistic	_	ContainsVariation=Yes	_	_	_	_	_	_
568-9	PST017	568	9	#salām,	salām	_	_	_	_	_	linguistic	_	ContainsVariation=Yes|Variety=Other|Language=NO_ISO_CODE	Intonation=WeaklyRising	_	_	_	_	_
568-10	PST017	568	10	scrivo	scrivo	_	_	_	_	_	linguistic	_	ContainsVariation=Yes	_	End=1458.26	_	_	_	_
569-0	PST206	569	0	[#sa~,	sa~	_	_	_	_	_	linguistic	_	ContainsVariation=Yes|Variety=Other|Language=NO_ISO_CODE	Intonation=WeaklyRising|Interrupted=Yes	Begin=1454.63	_	_	_	0-4(8)
569-1	PST206	569	1	#salam]	salam	_	_	_	_	_	linguistic	_	ContainsVariation=Yes|Variety=Other|Language=NO_ISO_CODE	_	End=1455.82	_	_	_	0-6(8)
570-0	PST017	570	0	come:	come	_	_	_	_	_	linguistic	_	ContainsVariation=No	_	Begin=1458.72	3x1	_	_	_
570-1	PST017	570	1	in	in	_	_	_	_	_	linguistic	_	ContainsVariation=No	_	_	_	_	_	_
570-2	PST017	570	2	italiano.	italiano	_	_	_	_	_	linguistic	_	ContainsVariation=No	Intonation=Falling	_	_	_	_	_
570-3	PST017	570	3	esse	esse	_	_	_	_	_	linguistic	_	ContainsVariation=No	_	_	_	_	_	_
570-4	PST017	570	4	a	a	_	_	_	_	_	linguistic	_	ContainsVariation=No	_	_	_	_	_	_
570-5	PST017	570	5	elle	elle	_	_	_	_	_	linguistic	_	ContainsVariation=No	_	_	_	_	_	_
570-6	PST017	570	6	a	a	_	_	_	_	_	linguistic	_	ContainsVariation=No	_	_	_	_	_	_
570-7	PST017	570	7	emme	emme	_	_	_	_	_	linguistic	_	ContainsVariation=No	_	End=1461.79	_	_	_	_
571-0	PST206	571	0	e	e	_	_	_	_	_	linguistic	_	ContainsVariation=No	_	Begin=1461.81	_	_	_	_
571-1	PST206	571	1	non	non	_	_	_	_	_	linguistic	_	ContainsVariation=No	_	_	_	_	_	_
571-2	PST206	571	2	utilizzando	utilizzando	_	_	_	_	_	linguistic	_	ContainsVariation=No	_	_	_	_	_	_
571-3	PST206	571	3	[l'	l'	_	_	_	_	_	linguistic	_	ContainsVariation=No	SpaceAfter=No	_	_	_	_	0-2(9)
571-4	PST206	571	4	alfabeto	alfabeto	_	_	_	_	_	linguistic	_	ContainsVariation=No	_	_	_	_	_	0-8(9)
571-5	PST206	571	5	arabo].	arabo	_	_	_	_	_	linguistic	_	ContainsVariation=No	Intonation=Falling	End=1463.89	_	_	_	0-5(9)
572-0	PST017	572	0	[no,	no	_	_	_	_	_	linguistic	_	ContainsVariation=No	Intonation=WeaklyRising	Begin=1462.875	_	_	_	0-2(9)
572-1	PST017	572	1	no]	no	_	_	_	_	_	linguistic	_	ContainsVariation=No	_	End=1463.625	_	_	_	0-2(9)
573-0	PST206	573	0	capito.	capito	_	_	_	_	_	linguistic	_	ContainsVariation=No	Intonation=Falling	Begin=1464.315|End=1464.895	_	_	_	_
574-0	PST206	574	0	dunque	dunque	_	_	_	_	_	linguistic	_	ContainsVariation=No	_	Begin=1465.07	_	_	_	_
574-1	PST206	574	1	preferisci::	preferisci	_	_	_	_	_	linguistic	_	ContainsVariation=No	_	_	9x2	_	_	_
574-2	PST206	574	2	utilizzare:	utilizzare	_	_	_	_	_	linguistic	_	ContainsVariation=No	_	_	9x1	_	_	_
574-3	PST206	574	3	praticamente	praticamente	_	_	_	_	_	linguistic	_	ContainsVariation=No	_	_	_	_	_	_
574-4	PST206	574	4	sul	sul	_	_	_	_	_	linguistic	_	ContainsVariation=No	_	_	_	_	_	_
574-5	PST206	574	5	telefono,	telefono	_	_	_	_	_	linguistic	_	ContainsVariation=No	Intonation=WeaklyRising	End=1468.79	_	_	_	_
575-0	PST017	575	0	sì	sì	_	_	_	_	_	linguistic	_	ContainsVariation=No	_	Begin=1468.845|End=1469.255	_	_	_	_
576-0	PST206	576	0	l'	l'	_	_	_	_	_	linguistic	_	ContainsVariation=No	SpaceAfter=No	Begin=1469.345	_	_	_	_
576-1	PST206	576	1	alfabeto:	alfabeto	_	_	_	_	_	linguistic	_	ContainsVariation=No	_	_	7x1	_	_	_
576-2	PST206	576	2	itali[ano],	italiano	_	_	_	_	_	linguistic	_	ContainsVariation=No	Intonation=WeaklyRising	_	_	_	_	4-8(11)
576-3	PST206	576	3	o	o	_	_	_	_	_	linguistic	_	ContainsVariation=No	_	_	_	_	_	_
576-4	PST206	576	4	comun[que	comunque	_	_	_	_	_	linguistic	_	ContainsVariation=No	_	_	_	_	_	4-8(12)
576-5	PST206	576	5	in	in	_	_	_	_	_	linguistic	_	ContainsVariation=No	_	_	_	_	_	0-2(12)
576-6	PST206	576	6	italiano]	italiano	_	_	_	_	_	linguistic	_	ContainsVariation=No	_	End=1472.555	_	_	_	0-8(12)
577-0	PST017	577	0	[esatto]	esatto	_	_	_	_	_	linguistic	_	ContainsVariation=No	_	Begin=1470.81|End=1471.33	_	_	_	0-6(11)
578-0	PST017	578	0	[non	non	_	_	_	_	_	linguistic	_	ContainsVariation=No	_	Begin=1471.715	_	_	_	_
578-1	PST017	578	1	uso	uso	_	_	_	_	_	linguistic	_	ContainsVariation=No	_	_	_	_	_	_
578-2	PST017	578	2	[mai,	mai	_	_	_	_	_	linguistic	_	ContainsVariation=No	Intonation=WeaklyRising	_	_	_	_	_
578-3	PST017	578	3	quasi	quasi	_	_	_	_	_	linguistic	_	ContainsVariation=No	_	_	_	_	_	_
578-4	PST017	578	4	mai]	mai	_	_	_	_	_	linguistic	_	ContainsVariation=No	_	End=1473.215	_	_	_	_
579-0	PST206	579	0	tu	tu	_	_	_	_	_	linguistic	_	ContainsVariation=No	_	Begin=1473.52	_	_	_	_
579-1	PST206	579	1	sei	sei	_	_	_	_	_	linguistic	_	ContainsVariation=No	_	_	_	_	_	_
579-2	PST206	579	2	[musulmana]?	musulmana	_	_	_	_	_	linguistic	_	ContainsVariation=No	Intonation=Rising	End=1474.46	_	_	_	0-9(13)
580-0	PST017	580	0	°[araba]°	araba	_	_	_	_	_	linguistic	_	ContainsVariation=No	Volume=low	Begin=1473.865|End=1474.455	_	_	_	0-5(13)
581-0	PST017	581	0	sì	sì	_	_	_	_	_	linguistic	_	ContainsVariation=No	_	Begin=1474.665|End=1475.075	_	_	_	_
582-0	PST206	582	0	sei	sei	_	_	_	_	_	linguistic	_	ContainsVariation=No	_	Begin=1475.565	_	_	_	_
582-1	PST206	582	1	praticante?	praticante	_	_	_	_	_	linguistic	_	ContainsVariation=No	Intonation=Rising	End=1476.435	_	_	_	_
583-0	PST017	583	0	sì	sì	_	_	_	_	_	linguistic	_	ContainsVariation=No	_	Begin=1477.955|End=1478.365	_	_	_	_
584-0	PST206	584	0	e::	e	_	_	_	_	_	linguistic	_	ContainsVariation=No	_	Begin=1479.405	0x2	_	_	_
584-1	PST206	584	1	cosa	cosa	_	_	_	_	_	linguistic	_	ContainsVariation=No	_	_	_	_	_	_
584-2	PST206	584	2	pensi?	pensi	_	_	_	_	_	linguistic	_	ContainsVariation=No	Intonation=Rising	_	_	_	_	_
584-3	PST206	584	3	>cosa	cosa	_	_	_	_	_	linguistic	_	ContainsVariation=No	_	_	_	Fast=0-4(0)	_	_
584-4	PST206	584	4	ne<	ne	_	_	_	_	_	linguistic	_	ContainsVariation=No	_	_	_	Fast=0-2(0)	_	_
584-5	PST206	584	5	pensi	pensi	_	_	_	_	_	linguistic	_	ContainsVariation=No	_	_	_	_	_	_
584-6	PST206	584	6	della	della	_	_	_	_	_	linguistic	_	ContainsVariation=No	_	_	_	_	_	_
584-7	PST206	584	7	religione?	religione	_	_	_	_	_	linguistic	_	ContainsVariation=No	Intonation=Rising	End=1482.115	_	_	_	_
585-0	PST017	585	0	della	della	_	_	_	_	_	linguistic	_	ContainsVariation=No	_	Begin=1484.46	_	_	_	_
585-1	PST017	585	1	mia	mia	_	_	_	_	_	linguistic	_	ContainsVariation=No	_	_	_	_	_	_
585-2	PST017	585	2	religione?	religione	_	_	_	_	_	linguistic	_	ContainsVariation=No	Intonation=Rising	End=1485.67	_	_	_	_
586-0	PST017	586	0	[o]?	o	_	_	_	_	_	linguistic	_	ContainsVariation=No	Intonation=Rising	Begin=1486.18|End=1487.0	_	_	_	0-1(14)
587-0	PST206	587	0	[della]	della	_	_	_	_	_	linguistic	_	ContainsVariation=No	_	Begin=1486.185	_	_	_	0-5(14)
587-1	PST206	587	1	religione:	religione	_	_	_	_	_	linguistic	_	ContainsVariation=No	_	_	8x1	_	_	_
587-2	PST206	587	2	nella	nella	_	_	_	_	_	linguistic	_	ContainsVariation=No	_	_	_	_	_	_
587-3	PST206	587	3	vita	vita	_	_	_	_	_	linguistic	_	ContainsVariation=No	_	_	_	_	_	_
587-4	PST206	587	4	personale,	personale	_	_	_	_	_	linguistic	_	ContainsVariation=No	Intonation=WeaklyRising	End=1488.525	_	_	_	_
588-0	PST017	588	0	e::h	eh	_	_	_	_	_	linguistic	_	ContainsVariation=No	_	Begin=1488.62	0x2	_	_	_
588-1	PST017	588	1	la	la	_	_	_	_	_	linguistic	_	ContainsVariation=No	_	_	_	_	_	_
588-2	PST017	588	2	religione	religione	_	_	_	_	_	linguistic	_	ContainsVariation=No	_	_	_	_	_	_
588-3	PST017	588	3	secondo	secondo	_	_	_	_	_	linguistic	_	ContainsVariation=No	_	_	_	_	_	_
588-4	PST017	588	4	me	me	_	_	_	_	_	linguistic	_	ContainsVariation=No	_	_	_	_	_	_
588-5	PST017	588	5	è:	è	_	_	_	_	_	linguistic	_	ContainsVariation=No	_	_	0x1	_	_	_
588-6	PST017	588	6	una	una	_	_	_	_	_	linguistic	_	ContainsVariation=No	_	_	_	_	_	_
588-7	PST017	588	7	cosa	cosa	_	_	_	_	_	linguistic	_	ContainsVariation=No	_	_	_	_	_	_
588-8	PST017	588	8	molto	molto	_	_	_	_	_	linguistic	_	ContainsVariation=No	_	_	_	_	_	_
588-9	PST017	588	9	importante,	importante	_	_	_	_	_	linguistic	_	ContainsVariation=No	Intonation=WeaklyRising	End=1493.13	_	_	_	_
589-0	PST017	589	0	m::h	mh	_	_	_	_	_	linguistic	_	ContainsVariation=No	_	Begin=1493.68	0x2	_	_	_
589-1	PST017	589	1	nel	nel	_	_	_	_	_	linguistic	_	ContainsVariation=No	_	_	_	_	_	_
589-2	PST017	589	2	senso:	senso	_	_	_	_	_	linguistic	_	ContainsVariation=No	_	_	4x1	_	_	_
589-3	PST017	589	3	secondo	secondo	_	_	_	_	_	linguistic	_	ContainsVariation=No	_	_	_	_	_	_
589-4	PST017	589	4	me	me	_	_	_	_	_	linguistic	_	ContainsVariation=No	_	_	_	_	_	_
589-5	PST017	589	5	n~	n~	_	_	_	_	_	linguistic	_	ContainsVariation=No	Interrupted=Yes	_	_	_	_	_
589-6	PST017	589	6	nessuno	nessuno	_	_	_	_	_	linguistic	_	ContainsVariation=No	_	End=1496.24	_	_	_	_
590-0	PST017	590	0	anche	anche	_	_	_	_	_	linguistic	_	ContainsVariation=No	_	Begin=1496.91	_	_	_	_
590-1	PST017	590	1	se	se	_	_	_	_	_	linguistic	_	ContainsVariation=No	_	_	_	_	_	_
590-2	PST017	590	2	ci	ci	_	_	_	_	_	linguistic	_	ContainsVariation=No	_	_	_	_	_	_
590-3	PST017	590	3	sono	sono	_	_	_	_	_	linguistic	_	ContainsVariation=No	_	_	_	_	_	_
590-4	PST017	590	4	molte	molte	_	_	_	_	_	linguistic	_	ContainsVariation=No	_	_	_	_	_	_
590-5	PST017	590	5	religioni,	religioni	_	_	_	_	_	linguistic	_	ContainsVariation=No	Intonation=WeaklyRising	_	_	_	_	_
590-6	PST017	590	6	però	però	_	_	_	_	_	linguistic	_	ContainsVariation=No	_	_	_	_	_	_
590-7	PST017	590	7	non~	non~	_	_	_	_	_	linguistic	_	ContainsVariation=No	Interrupted=Yes	_	_	_	_	_
590-8	PST017	590	8	non	non	_	_	_	_	_	linguistic	_	ContainsVariation=No	_	_	_	_	_	_
590-9	PST017	590	9	penso	penso	_	_	_	_	_	linguistic	_	ContainsVariation=No	_	_	_	_	_	_
590-10	PST017	590	10	che	che	_	_	_	_	_	linguistic	_	ContainsVariation=No	_	_	_	_	_	_
590-11	PST017	590	11	ci	ci	_	_	_	_	_	linguistic	_	ContainsVariation=No	_	_	_	_	_	_
590-12	PST017	590	12	sia	sia	_	_	_	_	_	linguistic	_	ContainsVariation=No	_	End=1500.92	_	_	_	_
591-0	PST017	591	0	nel	nel	_	_	_	_	_	linguistic	_	ContainsVariation=No	_	Begin=1501.2	_	_	_	_
591-1	PST017	591	1	senso	senso	_	_	_	_	_	linguistic	_	ContainsVariation=No	PauseAfter=Yes	_	_	_	_	_
591-2	PST017	591	2	(.)	(.)	_	_	_	_	_	shortpause	_	ContainsVariation=No	_	_	_	_	_	_
591-3	PST017	591	3	è	è	_	_	_	_	_	linguistic	_	ContainsVariation=No	_	_	_	_	_	_
591-4	PST017	591	4	molto	molto	_	_	_	_	_	linguistic	_	ContainsVariation=No	_	_	_	_	_	_
591-5	PST017	591	5	difficile,	difficile	_	_	_	_	_	linguistic	_	ContainsVariation=No	Intonation=WeaklyRising	End=1503.74	_	_	_	_
592-0	PST017	592	0	#yaʕni	yaʕni	_	_	_	_	_	linguistic	_	ContainsVariation=Yes|Variety=Other|Language=NO_ISO_CODE	_	Begin=1503.835	_	_	_	_
592-1	PST017	592	1	#waḥǝd	waḥǝd	_	_	_	_	_	linguistic	_	ContainsVariation=Yes|Variety=Other|Language=NO_ISO_CODE	_	_	_	_	_	_
592-2	PST017	592	2	#ʕaysh	ʕaysh	_	_	_	_	_	linguistic	_	ContainsVariation=Yes|Variety=Other|Language=NO_ISO_CODE	_	_	_	_	_	_
592-3	PST017	592	3	senza:	senza	_	_	_	_	_	linguistic	_	ContainsVariation=Yes	_	_	4x1	_	_	_
592-4	PST017	592	4	avere	avere	_	_	_	_	_	linguistic	_	ContainsVariation=Yes	_	_	_	_	_	_
592-5	PST017	592	5	una	una	_	_	_	_	_	linguistic	_	ContainsVariation=Yes	_	_	_	_	_	_
592-6	PST017	592	6	religione.	religione	_	_	_	_	_	linguistic	_	ContainsVariation=Yes	Intonation=Falling	End=1506.955	_	_	_	_
594-0	PST017	594	0	e:	e	_	_	_	_	_	linguistic	_	ContainsVariation=No	_	Begin=1509.26	0x1	_	_	_
594-1	PST017	594	1	senza:	senza	_	_	_	_	_	linguistic	_	ContainsVariation=No	_	_	4x1	_	_	_
594-2	PST017	594	2	pensare	pensare	_	_	_	_	_	linguistic	_	ContainsVariation=No	_	_	_	_	_	_
594-3	PST017	594	3	che	che	_	_	_	_	_	linguistic	_	ContainsVariation=No	_	_	_	_	_	_
594-4	PST017	594	4	ci	ci	_	_	_	_	_	linguistic	_	ContainsVariation=No	_	_	_	_	_	_
594-5	PST017	594	5	sia:	sia	_	_	_	_	_	linguistic	_	ContainsVariation=No	_	_	2x1	_	_	_
594-6	PST017	594	6	ehm	ehm	_	_	_	_	_	linguistic	_	ContainsVariation=No	_	End=1512.55	_	_	_	_
595-0	PST017	595	0	#yaʕni.	yaʕni	_	_	_	_	_	linguistic	_	ContainsVariation=Yes|Variety=Other|Language=NO_ISO_CODE	Intonation=Falling	Begin=1512.7	_	_	_	_
595-1	PST017	595	1	un	un	_	_	_	_	_	linguistic	_	ContainsVariation=Yes	_	_	_	_	_	_
595-2	PST017	595	2	dio	dio	_	_	_	_	_	linguistic	_	ContainsVariation=Yes	_	End=1513.96	_	_	_	_
597-0	PST017	597	0	a	a	_	_	_	_	_	linguistic	_	ContainsVariation=No	_	Begin=1514.085	_	_	_	_
597-1	PST017	597	1	cui	cui	_	_	_	_	_	linguistic	_	ContainsVariation=No	_	_	_	_	_	_
597-2	PST017	597	2	rivolgersi	rivolgersi	_	_	_	_	_	linguistic	_	ContainsVariation=No	_	_	_	_	_	_
597-3	PST017	597	3	quando	quando	_	_	_	_	_	linguistic	_	ContainsVariation=No	_	_	_	_	_	_
597-4	PST017	597	4	si	si	_	_	_	_	_	linguistic	_	ContainsVariation=No	_	_	_	_	_	_
597-5	PST017	597	5	ha	ha	_	_	_	_	_	linguistic	_	ContainsVariation=No	_	End=1515.875	_	_	_	_
598-0	PST017	598	0	quando:	quando	_	_	_	_	_	linguistic	_	ContainsVariation=No	_	Begin=1516.065	5x1	_	_	_
598-1	PST017	598	1	ne	ne	_	_	_	_	_	linguistic	_	ContainsVariation=No	_	_	_	_	_	_
598-2	PST017	598	2	hai	hai	_	_	_	_	_	linguistic	_	ContainsVariation=No	_	_	_	_	_	_
598-3	PST017	598	3	bisogno,	bisogno	_	_	_	_	_	linguistic	_	ContainsVariation=No	Intonation=WeaklyRising	End=1518.115	_	_	_	_
599-0	PST017	599	0	a::	a	_	_	_	_	_	linguistic	_	ContainsVariation=No	_	Begin=1518.275	0x2	_	_	_
599-1	PST017	599	1	chiedergli	chiedergli	_	_	_	_	_	linguistic	_	ContainsVariation=No	_	_	_	_	_	_
599-2	PST017	599	2	aiuto,	aiuto	_	_	_	_	_	linguistic	_	ContainsVariation=No	Intonation=WeaklyRising	_	_	_	_	_
599-3	PST017	599	3	oppure	oppure	_	_	_	_	_	linguistic	_	ContainsVariation=No	_	_	_	_	_	_
599-4	PST017	599	4	e::m	em	_	_	_	_	_	linguistic	_	ContainsVariation=No	_	End=1521.725	0x2	_	_	_
600-0	PST017	600	0	anche	anche	_	_	_	_	_	linguistic	_	ContainsVariation=No	_	Begin=1522.135	_	_	_	_
600-1	PST017	600	1	nei	nei	_	_	_	_	_	linguistic	_	ContainsVariation=No	_	_	_	_	_	_
600-2	PST017	600	2	momenti	momenti	_	_	_	_	_	linguistic	_	ContainsVariation=No	_	_	_	_	_	_
600-3	PST017	600	3	difficili	difficili	_	_	_	_	_	linguistic	_	ContainsVariation=No	_	_	_	_	_	_
600-4	PST017	600	4	sapere	sapere	_	_	_	_	_	linguistic	_	ContainsVariation=No	_	_	_	_	_	_
600-5	PST017	600	5	che	che	_	_	_	_	_	linguistic	_	ContainsVariation=No	_	_	_	_	_	_
600-6	PST017	600	6	comunque,	comunque	_	_	_	_	_	linguistic	_	ContainsVariation=No	Intonation=WeaklyRising	End=1524.475	_	_	_	_
601-0	PST017	601	0	dio	dio	_	_	_	_	_	linguistic	_	ContainsVariation=No	_	Begin=1524.62	_	_	_	_
601-1	PST017	601	1	è	è	_	_	_	_	_	linguistic	_	ContainsVariation=No	_	_	_	_	_	_
601-2	PST017	601	2	sempre	sempre	_	_	_	_	_	linguistic	_	ContainsVariation=No	_	_	_	_	_	_
601-3	PST017	601	3	con	con	_	_	_	_	_	linguistic	_	ContainsVariation=No	_	_	_	_	_	_
601-4	PST017	601	4	te,	te	_	_	_	_	_	linguistic	_	ContainsVariation=No	Intonation=WeaklyRising	_	_	_	_	_
601-5	PST017	601	5	anche	anche	_	_	_	_	_	linguistic	_	ContainsVariation=No	_	_	_	_	_	_
601-6	PST017	601	6	nei	nei	_	_	_	_	_	linguistic	_	ContainsVariation=No	_	_	_	_	_	_
601-7	PST017	601	7	momenti	momenti	_	_	_	_	_	linguistic	_	ContainsVariation=No	_	_	_	_	_	_
601-8	PST017	601	8	belli,	belli	_	_	_	_	_	linguistic	_	ContainsVariation=No	Intonation=WeaklyRising	End=1527.23	_	_	_	_
602-0	PST017	602	0	e	e	_	_	_	_	_	linguistic	_	ContainsVariation=No	_	Begin=1527.39	_	_	_	_
602-1	PST017	602	1	ringraziare	ringraziare	_	_	_	_	_	linguistic	_	ContainsVariation=No	_	_	_	_	_	_
602-2	PST017	602	2	sempre	sempre	_	_	_	_	_	linguistic	_	ContainsVariation=No	_	_	_	_	_	_
602-3	PST017	602	3	dio	dio	_	_	_	_	_	linguistic	_	ContainsVariation=No	_	_	_	_	_	_
602-4	PST017	602	4	per	per	_	_	_	_	_	linguistic	_	ContainsVariation=No	_	_	_	_	_	_
602-5	PST017	602	5	quello	quello	_	_	_	_	_	linguistic	_	ContainsVariation=No	_	_	_	_	_	_
602-6	PST017	602	6	che	che	_	_	_	_	_	linguistic	_	ContainsVariation=No	_	_	_	_	_	_
602-7	PST017	602	7	ti	ti	_	_	_	_	_	linguistic	_	ContainsVariation=No	_	_	_	_	_	_
602-8	PST017	602	8	ha	ha	_	_	_	_	_	linguistic	_	ContainsVariation=No	_	_	_	_	_	_
602-9	PST017	602	9	dato.	dato	_	_	_	_	_	linguistic	_	ContainsVariation=No	Intonation=Falling	End=1530.28	_	_	_	_
603-0	PST017	603	0	e:	e	_	_	_	_	_	linguistic	_	ContainsVariation=No	_	Begin=1530.87	0x1	_	_	_
603-1	PST017	603	1	non	non	_	_	_	_	_	linguistic	_	ContainsVariation=No	_	_	_	_	_	_
603-2	PST017	603	2	riesco,	riesco	_	_	_	_	_	linguistic	_	ContainsVariation=No	Intonation=WeaklyRising	_	_	_	_	_
603-3	PST017	603	3	am:	am	_	_	_	_	_	linguistic	_	ContainsVariation=No	_	End=1532.9	1x1	_	_	_
604-0	PST017	604	0	a	a	_	_	_	_	_	linguistic	_	ContainsVariation=No	_	Begin=1533.39	_	_	_	_
604-1	PST017	604	1	capire,	capire	_	_	_	_	_	linguistic	_	ContainsVariation=No	Intonation=WeaklyRising	End=1534.31	_	_	_	_
605-0	PST017	605	0	>nel	nel	_	_	_	_	_	linguistic	_	ContainsVariation=No	_	Begin=1534.96	_	Fast=0-3(0)	_	_
605-1	PST017	605	1	senso<	senso	_	_	_	_	_	linguistic	_	ContainsVariation=No	_	_	_	Fast=0-5(0)	_	_
605-2	PST017	605	2	non	non	_	_	_	_	_	linguistic	_	ContainsVariation=No	_	_	_	Slow=0-3(0)	_	_
605-3	PST017	605	3	riesco	riesco	_	_	_	_	_	linguistic	_	ContainsVariation=No	_	_	_	Slow=0-6(0)	_	_
605-4	PST017	605	4	a	a	_	_	_	_	_	linguistic	_	ContainsVariation=No	_	_	_	Slow=0-1(0)	_	_
605-5	PST017	605	5	vivere	vivere	_	_	_	_	_	linguistic	_	ContainsVariation=No	_	_	_	Slow=0-6(0)	_	_
605-6	PST017	605	6	senza	senza	_	_	_	_	_	linguistic	_	ContainsVariation=No	_	_	_	Slow=0-5(0)	_	_
605-7	PST017	605	7	dire	dire	_	_	_	_	_	linguistic	_	ContainsVariation=No	_	_	_	Slow=0-4(0)	_	_
605-8	PST017	605	8	non	non	_	_	_	_	_	linguistic	_	ContainsVariation=No	_	_	_	Slow=0-3(0)	_	_
605-9	PST017	605	9	c'	c'	_	_	_	_	_	linguistic	_	ContainsVariation=No	SpaceAfter=No	_	_	Slow=0-2(0)	_	_
605-10	PST017	605	10	è	è	_	_	_	_	_	linguistic	_	ContainsVariation=No	_	_	_	Slow=0-1(0)	_	_
605-11	PST017	605	11	nessuna	nessuna	_	_	_	_	_	linguistic	_	ContainsVariation=No	_	_	_	Slow=0-7(0)	_	_
605-12	PST017	605	12	religione	religione	_	_	_	_	_	linguistic	_	ContainsVariation=No	_	_	_	Slow=0-9(0)	_	_
605-13	PST017	605	13	nel	nel	_	_	_	_	_	linguistic	_	ContainsVariation=No	_	_	_	Slow=0-3(0)	_	_
605-14	PST017	605	14	mondo.	mondo	_	_	_	_	_	linguistic	_	ContainsVariation=No	Intonation=Falling	_	_	Slow=0-5(0)	_	_
605-15	PST017	605	15	>nel	nel	_	_	_	_	_	linguistic	_	ContainsVariation=No	_	_	_	Fast=0-3(1)	_	_
605-16	PST017	605	16	senso<	senso	_	_	_	_	_	linguistic	_	ContainsVariation=No	_	_	_	Fast=0-5(1)	_	_
605-17	PST017	605	17	per	per	_	_	_	_	_	linguistic	_	ContainsVariation=No	_	_	_	_	_	_
605-18	PST017	605	18	me	me	_	_	_	_	_	linguistic	_	ContainsVariation=No	_	End=1540.19	_	_	_	_
606-0	PST206	606	0	dunque	dunque	_	_	_	_	_	linguistic	_	ContainsVariation=No	_	Begin=1540.58	_	_	_	_
606-1	PST206	606	1	è	è	_	_	_	_	_	linguistic	_	ContainsVariation=No	_	_	_	_	_	_
606-2	PST206	606	2	findament~	findament~	_	_	_	_	_	linguistic	_	ContainsVariation=No	Interrupted=Yes	_	_	_	_	_
606-3	PST206	606	3	è	è	_	_	_	_	_	linguistic	_	ContainsVariation=No	_	_	_	_	_	_
606-4	PST206	606	4	<fondamentale>	fondamentale	_	_	_	_	_	linguistic	_	ContainsVariation=No	_	_	_	Slow=0-12(0)	_	_
606-5	PST206	606	5	nella	nella	_	_	_	_	_	linguistic	_	ContainsVariation=No	_	_	_	_	_	_
606-6	PST206	606	6	vita	vita	_	_	_	_	_	linguistic	_	ContainsVariation=No	_	_	_	_	_	_
606-7	PST206	606	7	[di	di	_	_	_	_	_	linguistic	_	ContainsVariation=No	_	_	_	_	_	0-2(17)
606-8	PST206	606	8	una	una	_	_	_	_	_	linguistic	_	ContainsVariation=No	_	_	_	_	_	0-3(17)
606-9	PST206	606	9	persona	persona	_	_	_	_	_	linguistic	_	ContainsVariation=No	_	_	_	_	_	0-7(17)
606-10	PST206	606	10	secondo	secondo	_	_	_	_	_	linguistic	_	ContainsVariation=No	_	_	_	_	_	0-7(17)
606-11	PST206	606	11	te]	te	_	_	_	_	_	linguistic	_	ContainsVariation=No	_	End=1544.67	_	_	_	0-2(17)
607-0	PST017	607	0	[sì,	sì	_	_	_	_	_	linguistic	_	ContainsVariation=No	Intonation=WeaklyRising	Begin=1543.44	_	_	_	0-2(17)
607-1	PST017	607	1	sì,	sì	_	_	_	_	_	linguistic	_	ContainsVariation=No	Intonation=WeaklyRising	_	_	_	_	0-2(17)
607-2	PST017	607	2	sì,	sì	_	_	_	_	_	linguistic	_	ContainsVariation=No	Intonation=WeaklyRising	_	_	_	_	0-2(17)
607-3	PST017	607	3	è	è	_	_	_	_	_	linguistic	_	ContainsVariation=No	_	_	_	_	_	0-1(17)
607-4	PST017	607	4	fondamentale,	fondamentale	_	_	_	_	_	linguistic	_	ContainsVariation=No	Intonation=WeaklyRising	_	_	_	_	0-12(17)
607-5	PST017	607	5	fondamentale]	fondamentale	_	_	_	_	_	linguistic	_	ContainsVariation=No	_	End=1545.81	_	_	_	0-12(17)
608-0	PST206	608	0	e	e	_	_	_	_	_	linguistic	_	ContainsVariation=No	_	Begin=1545.9	_	_	_	_
608-1	PST206	608	1	secondo	secondo	_	_	_	_	_	linguistic	_	ContainsVariation=No	_	_	_	_	_	_
608-2	PST206	608	2	te	te	_	_	_	_	_	linguistic	_	ContainsVariation=No	_	_	_	_	_	_
608-3	PST206	608	3	la~	la~	_	_	_	_	_	linguistic	_	ContainsVariation=No	Interrupted=Yes	_	_	_	_	_
608-4	PST206	608	4	la:	la	_	_	_	_	_	linguistic	_	ContainsVariation=No	_	_	1x1	_	_	_
608-5	PST206	608	5	religione,	religione	_	_	_	_	_	linguistic	_	ContainsVariation=No	Intonation=WeaklyRising	End=1548.23	_	_	_	_
609-0	PST206	609	0	e::	e	_	_	_	_	_	linguistic	_	ContainsVariation=No	_	Begin=1548.31	0x2	_	_	_
609-1	PST206	609	1	ed	ed	_	_	_	_	_	linguistic	_	ContainsVariation=No	_	_	_	_	_	_
609-2	PST206	609	2	essere	essere	_	_	_	_	_	linguistic	_	ContainsVariation=No	_	_	_	_	_	_
609-3	PST206	609	3	una	una	_	_	_	_	_	linguistic	_	ContainsVariation=No	_	_	_	_	_	_
609-4	PST206	609	4	persona	persona	_	_	_	_	_	linguistic	_	ContainsVariation=No	_	_	_	_	_	_
609-5	PST206	609	5	praticante	praticante	_	_	_	_	_	linguistic	_	ContainsVariation=No	_	End=1550.75	_	_	_	_
610-0	PST206	610	0	ha	ha	_	_	_	_	_	linguistic	_	ContainsVariation=No	_	Begin=1550.95	_	_	_	_
610-1	PST206	610	1	influito	influito	_	_	_	_	_	linguistic	_	ContainsVariation=No	_	_	_	_	_	_
610-2	PST206	610	2	in	in	_	_	_	_	_	linguistic	_	ContainsVariation=No	_	_	_	_	_	_
610-3	PST206	610	3	modo	modo	_	_	_	_	_	linguistic	_	ContainsVariation=No	_	_	_	_	_	_
610-4	PST206	610	4	<diretto>	diretto	_	_	_	_	_	linguistic	_	ContainsVariation=No	_	_	_	Slow=0-7(0)	_	_
610-5	PST206	610	5	sul:	sul	_	_	_	_	_	linguistic	_	ContainsVariation=No	_	_	2x1	_	_	_
610-6	PST206	610	6	sulla	sulla	_	_	_	_	_	linguistic	_	ContainsVariation=No	_	_	_	_	_	_
610-7	PST206	610	7	tua	tua	_	_	_	_	_	linguistic	_	ContainsVariation=No	_	_	_	_	_	_
610-8	PST206	610	8	lingua,	lingua	_	_	_	_	_	linguistic	_	ContainsVariation=No	Intonation=WeaklyRising	_	_	_	_	_
610-9	PST206	610	9	o	o	_	_	_	_	_	linguistic	_	ContainsVariation=No	_	_	_	_	_	_
610-10	PST206	610	10	comunque	comunque	_	_	_	_	_	linguistic	_	ContainsVariation=No	_	_	_	_	_	_
610-11	PST206	610	11	sulle	sulle	_	_	_	_	_	linguistic	_	ContainsVariation=No	_	_	_	_	_	_
610-12	PST206	610	12	tue	tue	_	_	_	_	_	linguistic	_	ContainsVariation=No	_	_	_	_	_	_
610-13	PST206	610	13	conoscenze,	conoscenze	_	_	_	_	_	linguistic	_	ContainsVariation=No	Intonation=WeaklyRising	End=1556.48	_	_	_	_
611-0	PST206	611	0	sulla	sulla	_	_	_	_	_	linguistic	_	ContainsVariation=No	_	Begin=1556.96	_	_	_	_
611-1	PST206	611	1	tua	tua	_	_	_	_	_	linguistic	_	ContainsVariation=No	_	_	_	_	_	_
611-2	PST206	611	2	cultura?	cultura	_	_	_	_	_	linguistic	_	ContainsVariation=No	Intonation=Rising	End=1558.11	_	_	_	_
612-0	PST017	612	0	mh,	mh	_	_	_	_	_	linguistic	_	ContainsVariation=No	Intonation=WeaklyRising	Begin=1559.02	_	_	_	_
612-1	PST017	612	1	°in	in	_	_	_	_	_	linguistic	_	ContainsVariation=No	Volume=low	_	_	_	_	_
612-2	PST017	612	2	che	che	_	_	_	_	_	linguistic	_	ContainsVariation=No	Volume=low	_	_	_	_	_
612-3	PST017	612	3	senso°	senso	_	_	_	_	_	linguistic	_	ContainsVariation=No	Volume=low	End=1560.25	_	_	_	_
613-0	PST206	613	0	se	se	_	_	_	_	_	linguistic	_	ContainsVariation=No	_	Begin=1560.73	_	_	_	_
613-1	PST206	613	1	la	la	_	_	_	_	_	linguistic	_	ContainsVariation=No	_	_	_	_	_	_
613-2	PST206	613	2	religione	religione	_	_	_	_	_	linguistic	_	ContainsVariation=No	_	_	_	_	_	_
613-3	PST206	613	3	ha	ha	_	_	_	_	_	linguistic	_	ContainsVariation=No	_	_	_	_	_	_
613-4	PST206	613	4	avuto	avuto	_	_	_	_	_	linguistic	_	ContainsVariation=No	_	_	_	_	_	_
613-5	PST206	613	5	un	un	_	_	_	_	_	linguistic	_	ContainsVariation=No	_	_	_	_	_	_
613-6	PST206	613	6	ruolo	ruolo	_	_	_	_	_	linguistic	_	ContainsVariation=No	PauseAfter=Yes	_	_	_	_	_
613-7	PST206	613	7	(.)	(.)	_	_	_	_	_	shortpause	_	ContainsVariation=No	_	_	_	_	_	_
613-8	PST206	613	8	diretto	diretto	_	_	_	_	_	linguistic	_	ContainsVariation=No	_	End=1564.1	_	_	_	_
614-0	PST206	614	0	nel::	nel	_	_	_	_	_	linguistic	_	ContainsVariation=No	_	Begin=1564.53	2x2	_	_	_
614-1	PST206	614	1	nella	nella	_	_	_	_	_	linguistic	_	ContainsVariation=No	_	_	_	_	_	_
614-2	PST206	614	2	tua	tua	_	_	_	_	_	linguistic	_	ContainsVariation=No	_	_	_	_	_	_
614-3	PST206	614	3	identificazione.	identificazione	_	_	_	_	_	linguistic	_	ContainsVariation=No	Intonation=Falling	End=1567.27	_	_	_	_
615-0	PST017	615	0	sì	sì	_	_	_	_	_	linguistic	_	ContainsVariation=No	_	Begin=1568.215|End=1568.825	_	_	_	_
616-0	PST206	616	0	((ride))	((ride))	_	_	_	_	_	nonverbalbehavior	_	ContainsVariation=No	_	Begin=1570.58	_	_	_	_
616-1	PST206	616	1	se,	se	_	_	_	_	_	linguistic	_	ContainsVariation=No	Intonation=WeaklyRising	_	_	_	_	_
616-2	PST206	616	2	ha~	ha~	_	_	_	_	_	linguistic	_	ContainsVariation=No	Interrupted=Yes	_	_	_	_	_
616-3	PST206	616	3	hai~	hai~	_	_	_	_	_	linguistic	_	ContainsVariation=No	Interrupted=Yes	_	_	_	_	_
616-4	PST206	616	4	cioè:	cioè	_	_	_	_	_	linguistic	_	ContainsVariation=No	_	_	3x1	_	_	_
616-5	PST206	616	5	>dato	dato	_	_	_	_	_	linguistic	_	ContainsVariation=No	_	_	_	Fast=0-4(0)	_	_
616-6	PST206	616	6	che	che	_	_	_	_	_	linguistic	_	ContainsVariation=No	_	_	_	Fast=0-3(0)	_	_
616-7	PST206	616	7	la	la	_	_	_	_	_	linguistic	_	ContainsVariation=No	_	_	_	Fast=0-2(0)	_	_
616-8	PST206	616	8	religione<,	religione	_	_	_	_	_	linguistic	_	ContainsVariation=No	Intonation=WeaklyRising	_	_	Fast=0-9(0)	_	_
616-9	PST206	616	9	comunque,	comunque	_	_	_	_	_	linguistic	_	ContainsVariation=No	Intonation=WeaklyRising	End=1574.38	_	_	_	_
617-0	PST206	617	0	e:	e	_	_	_	_	_	linguistic	_	ContainsVariation=No	_	Begin=1574.47	0x1	_	_	_
617-1	PST206	617	1	comunque	comunque	_	_	_	_	_	linguistic	_	ContainsVariation=No	_	_	_	_	_	_
617-2	PST206	617	2	[musulmana],	musulmana	_	_	_	_	_	linguistic	_	ContainsVariation=No	Intonation=WeaklyRising	_	_	_	_	0-9(18)
617-3	PST206	617	3	dell'	dell'	_	_	_	_	_	linguistic	_	ContainsVariation=No	SpaceAfter=No	_	_	_	_	_
617-4	PST206	617	4	islam,	islam	_	_	_	_	_	linguistic	_	ContainsVariation=No	Intonation=WeaklyRising	_	_	_	_	_
617-5	PST206	617	5	è	è	_	_	_	_	_	linguistic	_	ContainsVariation=No	_	_	_	_	_	_
617-6	PST206	617	6	fondata	fondata	_	_	_	_	_	linguistic	_	ContainsVariation=No	_	_	_	_	_	_
617-7	PST206	617	7	su::	su	_	_	_	_	_	linguistic	_	ContainsVariation=No	_	_	1x2	_	_	_
617-8	PST206	617	8	l'	l'	_	_	_	_	_	linguistic	_	ContainsVariation=No	SpaceAfter=No	_	_	_	_	_
617-9	PST206	617	9	arabo.	arabo	_	_	_	_	_	linguistic	_	ContainsVariation=No	Intonation=Falling	End=1579.43	_	_	_	_
618-0	PST017	618	0	°sì°	sì	_	_	_	_	_	linguistic	_	ContainsVariation=No	Volume=low	Begin=1576.075|End=1577.265	_	_	_	_
619-0	PST206	619	0	[cioè:],	cioè	_	_	_	_	_	linguistic	_	ContainsVariation=No	Intonation=WeaklyRising	Begin=1579.515	3x1	_	_	0-4(19)
619-1	PST206	619	1	il	il	_	_	_	_	_	linguistic	_	ContainsVariation=No	_	_	_	_	_	_
619-2	PST206	619	2	cor[ano	corano	_	_	_	_	_	linguistic	_	ContainsVariation=No	_	_	_	_	_	3-6(20)
619-3	PST206	619	3	è	è	_	_	_	_	_	linguistic	_	ContainsVariation=No	_	_	_	_	_	0-1(20)
619-4	PST206	619	4	in	in	_	_	_	_	_	linguistic	_	ContainsVariation=No	_	_	_	_	_	0-2(20)
619-5	PST206	619	5	lingua]	lingua	_	_	_	_	_	linguistic	_	ContainsVariation=No	_	_	_	_	_	0-6(20)
619-6	PST206	619	6	araba.	araba	_	_	_	_	_	linguistic	_	ContainsVariation=No	Intonation=Falling	End=1582.285	_	_	_	_
620-0	PST017	620	0	[sìs,ìs,ì]	sìs,ìs,ì	_	_	_	_	_	error	_	ContainsVariation=No	_	Begin=1579.633|End=1580.592	_	_	_	0-6(19)
621-0	PST017	621	0	[sìs,ì]	sìs,ì	_	_	_	_	_	error	_	ContainsVariation=No	_	Begin=1581.272|End=1581.808	_	_	_	0-4(20)
622-0	PST206	622	0	e:h	eh	_	_	_	_	_	linguistic	_	ContainsVariation=No	_	Begin=1582.6	0x1	_	_	_
622-1	PST206	622	1	i	i	_	_	_	_	_	linguistic	_	ContainsVariation=No	_	_	_	_	_	_
622-2	PST206	622	2	libri	libri	_	_	_	_	_	linguistic	_	ContainsVariation=No	_	_	_	_	_	_
622-3	PST206	622	3	vari	vari	_	_	_	_	_	linguistic	_	ContainsVariation=No	_	_	_	_	_	_
622-4	PST206	622	4	della	della	_	_	_	_	_	linguistic	_	ContainsVariation=No	_	_	_	_	_	_
622-5	PST206	622	5	religione	religione	_	_	_	_	_	linguistic	_	ContainsVariation=No	_	_	_	_	_	_
622-6	PST206	622	6	sono	sono	_	_	_	_	_	linguistic	_	ContainsVariation=No	_	_	_	_	_	_
622-7	PST206	622	7	in	in	_	_	_	_	_	linguistic	_	ContainsVariation=No	_	_	_	_	_	_
622-8	PST206	622	8	lingua	lingua	_	_	_	_	_	linguistic	_	ContainsVariation=No	_	_	_	_	_	_
622-9	PST206	622	9	araba.	araba	_	_	_	_	_	linguistic	_	ContainsVariation=No	Intonation=Falling	_	_	_	_	_
622-10	PST206	622	10	questo	questo	_	_	_	_	_	linguistic	_	ContainsVariation=No	_	_	_	_	_	_
622-11	PST206	622	11	ha	ha	_	_	_	_	_	linguistic	_	ContainsVariation=No	_	_	_	_	_	_
622-12	PST206	622	12	influito	influito	_	_	_	_	_	linguistic	_	ContainsVariation=No	_	_	_	_	_	_
622-13	PST206	622	13	in	in	_	_	_	_	_	linguistic	_	ContainsVariation=No	_	_	_	_	_	_
622-14	PST206	622	14	qualche	qualche	_	_	_	_	_	linguistic	_	ContainsVariation=No	_	_	_	_	_	_
622-15	PST206	622	15	modo	modo	_	_	_	_	_	linguistic	_	ContainsVariation=No	_	_	_	_	_	_
622-16	PST206	622	16	ad	ad	_	_	_	_	_	linguistic	_	ContainsVariation=No	_	_	_	_	_	_
622-17	PST206	622	17	avere:	avere	_	_	_	_	_	linguistic	_	ContainsVariation=No	_	End=1590.37	4x1	_	_	_
623-0	PST206	623	0	a	a	_	_	_	_	_	linguistic	_	ContainsVariation=No	_	Begin=1590.57	_	_	_	_
623-1	PST206	623	1	farti	farti	_	_	_	_	_	linguistic	_	ContainsVariation=No	_	_	_	_	_	_
623-2	PST206	623	2	avere~	avere~	_	_	_	_	_	linguistic	_	ContainsVariation=No	Interrupted=Yes	_	_	_	_	_
623-3	PST206	623	3	a	a	_	_	_	_	_	linguistic	_	ContainsVariation=No	_	_	_	_	_	_
623-4	PST206	623	4	farti	farti	_	_	_	_	_	linguistic	_	ContainsVariation=No	_	_	_	_	_	_
623-5	PST206	623	5	conoscere	conoscere	_	_	_	_	_	linguistic	_	ContainsVariation=No	_	_	_	_	_	_
623-6	PST206	623	6	di	di	_	_	_	_	_	linguistic	_	ContainsVariation=No	_	_	_	_	_	_
623-7	PST206	623	7	più	più	_	_	_	_	_	linguistic	_	ContainsVariation=No	_	_	_	_	_	_
623-8	PST206	623	8	o	o	_	_	_	_	_	linguistic	_	ContainsVariation=No	_	_	_	_	_	_
623-9	PST206	623	9	meglio	meglio	_	_	_	_	_	linguistic	_	ContainsVariation=No	_	_	_	_	_	_
623-10	PST206	623	10	la	la	_	_	_	_	_	linguistic	_	ContainsVariation=No	_	_	_	_	_	_
623-11	PST206	623	11	lingua	lingua	_	_	_	_	_	linguistic	_	ContainsVariation=No	_	_	_	_	_	_
623-12	PST206	623	12	araba.	araba	_	_	_	_	_	linguistic	_	ContainsVariation=No	Intonation=Falling	_	_	_	_	_
623-13	PST206	623	13	o	o	_	_	_	_	_	linguistic	_	ContainsVariation=No	_	_	_	_	_	_
623-14	PST206	623	14	comunque	comunque	_	_	_	_	_	linguistic	_	ContainsVariation=No	_	_	_	_	_	_
623-15	PST206	623	15	a	a	_	_	_	_	_	linguistic	_	ContainsVariation=No	_	_	_	_	_	_
623-16	PST206	623	16	identificarti	identificarti	_	_	_	_	_	linguistic	_	ContainsVariation=No	_	_	_	_	_	_
623-17	PST206	623	17	di	di	_	_	_	_	_	linguistic	_	ContainsVariation=No	_	_	_	_	_	_
623-18	PST206	623	18	più	più	_	_	_	_	_	linguistic	_	ContainsVariation=No	_	End=1595.64	_	_	_	_
624-0	PST206	624	0	nel:	nel	_	_	_	_	_	linguistic	_	ContainsVariation=No	_	Begin=1595.87	2x1	_	_	_
624-1	PST206	624	1	con	con	_	_	_	_	_	linguistic	_	ContainsVariation=No	_	_	_	_	_	_
624-2	PST206	624	2	il	il	_	_	_	_	_	linguistic	_	ContainsVariation=No	_	_	_	_	_	_
624-3	PST206	624	3	paese	paese	_	_	_	_	_	linguistic	_	ContainsVariation=No	_	_	_	_	_	_
624-4	PST206	624	4	arab~,	arab~	_	_	_	_	_	linguistic	_	ContainsVariation=No	Intonation=WeaklyRising|Interrupted=Yes	_	_	_	_	_
624-5	PST206	624	5	con	con	_	_	_	_	_	linguistic	_	ContainsVariation=No	_	_	_	_	_	_
624-6	PST206	624	6	il	il	_	_	_	_	_	linguistic	_	ContainsVariation=No	_	_	_	_	_	_
624-7	PST206	624	7	tuo	tuo	_	_	_	_	_	linguistic	_	ContainsVariation=No	_	_	_	_	_	_
624-8	PST206	624	8	paese	paese	_	_	_	_	_	linguistic	_	ContainsVariation=No	_	_	_	_	_	_
624-9	PST206	624	9	di	di	_	_	_	_	_	linguistic	_	ContainsVariation=No	_	_	_	_	_	_
624-10	PST206	624	10	origine?	origine	_	_	_	_	_	linguistic	_	ContainsVariation=No	Intonation=Rising	End=1599.05	_	_	_	_
625-0	PST017	625	0	sì.	sì	_	_	_	_	_	linguistic	_	ContainsVariation=Yes	Intonation=Falling	Begin=1599.74	_	_	_	_
625-1	PST017	625	1	però:	però	_	_	_	_	_	linguistic	_	ContainsVariation=Yes	_	_	3x1	_	_	_
625-2	PST017	625	2	dico	dico	_	_	_	_	_	linguistic	_	ContainsVariation=Yes	_	_	_	_	_	_
625-3	PST017	625	3	che,	che	_	_	_	_	_	linguistic	_	ContainsVariation=Yes	Intonation=WeaklyRising	_	_	_	_	_
625-4	PST017	625	4	m::h	mh	_	_	_	_	_	linguistic	_	ContainsVariation=Yes	_	_	0x2	_	_	_
625-5	PST017	625	5	meno~	meno~	_	_	_	_	_	linguistic	_	ContainsVariation=Yes	Interrupted=Yes	_	_	_	_	_
625-6	PST017	625	6	>#yaʕni:<	yaʕni	_	_	_	_	_	linguistic	_	ContainsVariation=Yes|Variety=Other|Language=NO_ISO_CODE	_	_	4x1	Fast=0-6(0)	_	_
625-7	PST017	625	7	meno	meno	_	_	_	_	_	linguistic	_	ContainsVariation=Yes	_	_	_	_	_	_
625-8	PST017	625	8	male	male	_	_	_	_	_	linguistic	_	ContainsVariation=Yes	_	_	_	_	_	_
625-9	PST017	625	9	che	che	_	_	_	_	_	linguistic	_	ContainsVariation=Yes	_	_	_	_	_	_
625-10	PST017	625	10	so	so	_	_	_	_	_	linguistic	_	ContainsVariation=Yes	_	_	_	_	_	_
625-11	PST017	625	11	l'	l'	_	_	_	_	_	linguistic	_	ContainsVariation=Yes	SpaceAfter=No	_	_	_	_	_
625-12	PST017	625	12	arabo,	arabo	_	_	_	_	_	linguistic	_	ContainsVariation=Yes	Intonation=WeaklyRising	End=1604.43	_	_	_	_
627-0	PST017	627	0	così	così	_	_	_	_	_	linguistic	_	ContainsVariation=No	_	Begin=1604.61	_	_	_	_
627-1	PST017	627	1	posso	posso	_	_	_	_	_	linguistic	_	ContainsVariation=No	_	_	_	_	_	_
627-2	PST017	627	2	leggere	leggere	_	_	_	_	_	linguistic	_	ContainsVariation=No	_	_	_	_	_	_
627-3	PST017	627	3	il	il	_	_	_	_	_	linguistic	_	ContainsVariation=No	_	_	_	_	_	_
627-4	PST017	627	4	corano,	corano	_	_	_	_	_	linguistic	_	ContainsVariation=No	Intonation=WeaklyRising	_	_	_	_	_
627-5	PST017	627	5	posso	posso	_	_	_	_	_	linguistic	_	ContainsVariation=No	_	_	_	_	_	_
627-6	PST017	627	6	fare	fare	_	_	_	_	_	linguistic	_	ContainsVariation=No	_	_	_	_	_	_
627-7	PST017	627	7	la	la	_	_	_	_	_	linguistic	_	ContainsVariation=No	_	_	_	_	_	_
627-8	PST017	627	8	preghiera:,	preghiera	_	_	_	_	_	linguistic	_	ContainsVariation=No	Intonation=WeaklyRising	End=1607.59	8x1	_	_	_
628-0	PST017	628	0	e:::h	eh	_	_	_	_	_	linguistic	_	ContainsVariation=No	_	Begin=1607.895|End=1609.075	0x3	_	_	_
629-0	PST017	629	0	fare:	fare	_	_	_	_	_	linguistic	_	ContainsVariation=No	_	Begin=1609.32	3x1	_	_	_
629-1	PST017	629	1	la	la	_	_	_	_	_	linguistic	_	ContainsVariation=No	_	_	_	_	_	_
629-2	PST017	629	2	preghiera	preghiera	_	_	_	_	_	linguistic	_	ContainsVariation=No	_	_	_	_	_	_
629-3	PST017	629	3	in	in	_	_	_	_	_	linguistic	_	ContainsVariation=No	_	_	_	_	_	_
629-4	PST017	629	4	arabo	arabo	_	_	_	_	_	linguistic	_	ContainsVariation=No	_	_	_	_	_	_
629-5	PST017	629	5	>perché	perché	_	_	_	_	_	linguistic	_	ContainsVariation=No	_	_	_	Fast=0-6(0)	_	_
629-6	PST017	629	6	si	si	_	_	_	_	_	linguistic	_	ContainsVariation=No	_	_	_	Fast=0-2(0)	_	_
629-7	PST017	629	7	devono	devono	_	_	_	_	_	linguistic	_	ContainsVariation=No	_	_	_	Fast=0-6(0)	_	_
629-8	PST017	629	8	leggere	leggere	_	_	_	_	_	linguistic	_	ContainsVariation=No	_	_	_	Fast=0-7(0)	_	_
629-9	PST017	629	9	le	le	_	_	_	_	_	linguistic	_	ContainsVariation=No	_	_	_	Fast=0-2(0)	_	_
629-10	PST017	629	10	sure<	sure	_	_	_	_	_	linguistic	_	ContainsVariation=No	_	_	_	Fast=0-4(0)	_	_
629-11	PST017	629	11	in	in	_	_	_	_	_	linguistic	_	ContainsVariation=No	_	_	_	_	_	_
629-12	PST017	629	12	arabo	arabo	_	_	_	_	_	linguistic	_	ContainsVariation=No	_	End=1613.18	_	_	_	_
630-0	PST017	630	0	e:	e	_	_	_	_	_	linguistic	_	ContainsVariation=No	_	Begin=1613.49	0x1	_	_	_
630-1	PST017	630	1	anche	anche	_	_	_	_	_	linguistic	_	ContainsVariation=No	_	End=1614.43	_	_	_	_
631-0	PST017	631	0	per	per	_	_	_	_	_	linguistic	_	ContainsVariation=No	_	Begin=1614.725	_	_	_	_
631-1	PST017	631	1	capire	capire	_	_	_	_	_	linguistic	_	ContainsVariation=No	_	_	_	_	_	_
631-2	PST017	631	2	meglio	meglio	_	_	_	_	_	linguistic	_	ContainsVariation=No	_	_	_	_	_	_
631-3	PST017	631	3	la	la	_	_	_	_	_	linguistic	_	ContainsVariation=No	_	_	_	_	_	_
631-4	PST017	631	4	religione,	religione	_	_	_	_	_	linguistic	_	ContainsVariation=No	Intonation=WeaklyRising	_	_	_	_	_
631-5	PST017	631	5	è	è	_	_	_	_	_	linguistic	_	ContainsVariation=No	_	_	_	_	_	_
631-6	PST017	631	6	meglio	meglio	_	_	_	_	_	linguistic	_	ContainsVariation=No	_	_	_	_	_	_
631-7	PST017	631	7	sapere	sapere	_	_	_	_	_	linguistic	_	ContainsVariation=No	_	_	_	_	_	_
631-8	PST017	631	8	l'	l'	_	_	_	_	_	linguistic	_	ContainsVariation=No	SpaceAfter=No	_	_	_	_	_
631-9	PST017	631	9	arabo.	arabo	_	_	_	_	_	linguistic	_	ContainsVariation=No	Intonation=Falling	End=1617.375	_	_	_	_
632-0	PST017	632	0	perché	perché	_	_	_	_	_	linguistic	_	ContainsVariation=No	_	Begin=1617.465	_	_	_	_
632-1	PST017	632	1	anche	anche	_	_	_	_	_	linguistic	_	ContainsVariation=No	_	_	_	_	_	_
632-2	PST017	632	2	con	con	_	_	_	_	_	linguistic	_	ContainsVariation=No	_	_	_	_	_	_
632-3	PST017	632	3	la	la	_	_	_	_	_	linguistic	_	ContainsVariation=No	_	_	_	_	_	_
632-4	PST017	632	4	traduzione	traduzione	_	_	_	_	_	linguistic	_	ContainsVariation=No	_	_	_	_	_	_
632-5	PST017	632	5	non	non	_	_	_	_	_	linguistic	_	ContainsVariation=No	_	_	_	_	_	_
632-6	PST017	632	6	è	è	_	_	_	_	_	linguistic	_	ContainsVariation=No	_	_	_	_	_	_
632-7	PST017	632	7	che	che	_	_	_	_	_	linguistic	_	ContainsVariation=No	_	_	_	_	_	_
632-8	PST017	632	8	si	si	_	_	_	_	_	linguistic	_	ContainsVariation=No	_	_	_	_	_	_
632-9	PST017	632	9	capisce	capisce	_	_	_	_	_	linguistic	_	ContainsVariation=No	_	_	_	_	_	_
632-10	PST017	632	10	m:	m	_	_	_	_	_	linguistic	_	ContainsVariation=No	PauseAfter=Yes	_	0x1	_	_	_
632-11	PST017	632	11	(.)	(.)	_	_	_	_	_	shortpause	_	ContainsVariation=No	_	_	_	_	_	_
632-12	PST017	632	12	non	non	_	_	_	_	_	linguistic	_	ContainsVariation=No	_	_	_	_	_	_
632-13	PST017	632	13	si	si	_	_	_	_	_	linguistic	_	ContainsVariation=No	_	_	_	_	_	_
632-14	PST017	632	14	capisce	capisce	_	_	_	_	_	linguistic	_	ContainsVariation=No	_	End=1621.445	_	_	_	_
633-0	PST017	633	0	molto.	molto	_	_	_	_	_	linguistic	_	ContainsVariation=No	Intonation=Falling	Begin=1621.99	_	_	_	_
633-1	PST017	633	1	>nel	nel	_	_	_	_	_	linguistic	_	ContainsVariation=No	_	_	_	Fast=0-3(0)	_	_
633-2	PST017	633	2	senso	senso	_	_	_	_	_	linguistic	_	ContainsVariation=No	_	_	_	Fast=0-5(0)	_	_
633-3	PST017	633	3	non	non	_	_	_	_	_	linguistic	_	ContainsVariation=No	_	_	_	Fast=0-3(0)	_	_
633-4	PST017	633	4	si	si	_	_	_	_	_	linguistic	_	ContainsVariation=No	_	_	_	Fast=0-2(0)	_	_
633-5	PST017	633	5	capisce<	capisce	_	_	_	_	_	linguistic	_	ContainsVariation=No	_	_	_	Fast=0-7(0)	_	_
633-6	PST017	633	6	quello,	quello	_	_	_	_	_	linguistic	_	ContainsVariation=No	Intonation=WeaklyRising	_	_	_	_	_
633-7	PST017	633	7	il	il	_	_	_	_	_	linguistic	_	ContainsVariation=No	_	_	_	_	_	_
633-8	PST017	633	8	senso	senso	_	_	_	_	_	linguistic	_	ContainsVariation=No	_	_	_	_	_	_
633-9	PST017	633	9	vero	vero	_	_	_	_	_	linguistic	_	ContainsVariation=No	_	_	_	_	_	_
633-10	PST017	633	10	della:	della	_	_	_	_	_	linguistic	_	ContainsVariation=No	_	End=1626.39	4x1	_	_	_
634-0	PST017	634	0	[della	della	_	_	_	_	_	linguistic	_	ContainsVariation=No	PauseAfter=Yes	Begin=1626.56	_	_	_	0-5(23)
634-1	PST017	634	1	(.)	(.)	_	_	_	_	_	shortpause	_	ContainsVariation=No	_	_	_	_	_	X(23)
634-2	PST017	634	2	delle	delle	_	_	_	_	_	linguistic	_	ContainsVariation=No	_	_	_	_	_	0-5(23)
634-3	PST017	634	3	parole]	parole	_	_	_	_	_	linguistic	_	ContainsVariation=No	_	End=1628.14	_	_	_	0-6(23)
635-0	PST206	635	0	[delle	delle	_	_	_	_	_	linguistic	_	ContainsVariation=No	_	Begin=1626.825	_	_	_	0-5(23)
635-1	PST206	635	1	parole]	parole	_	_	_	_	_	linguistic	_	ContainsVariation=No	_	End=1627.545	_	_	_	0-6(23)
636-0	PST206	636	0	cosa	cosa	_	_	_	_	_	linguistic	_	ContainsVariation=No	_	Begin=1629.205	_	_	_	_
636-1	PST206	636	1	pensi	pensi	_	_	_	_	_	linguistic	_	ContainsVariation=No	_	_	_	_	_	_
636-2	PST206	636	2	de~	de~	_	_	_	_	_	linguistic	_	ContainsVariation=No	Interrupted=Yes	_	_	_	_	_
636-3	PST206	636	3	cosa	cosa	_	_	_	_	_	linguistic	_	ContainsVariation=No	_	_	_	_	_	_
636-4	PST206	636	4	ne	ne	_	_	_	_	_	linguistic	_	ContainsVariation=No	_	_	_	_	_	_
636-5	PST206	636	5	pensi	pensi	_	_	_	_	_	linguistic	_	ContainsVariation=No	_	_	_	_	_	_
636-6	PST206	636	6	della	della	_	_	_	_	_	linguistic	_	ContainsVariation=No	_	_	_	_	_	_
636-7	PST206	636	7	cultura	cultura	_	_	_	_	_	linguistic	_	ContainsVariation=No	_	_	_	_	_	_
636-8	PST206	636	8	araba.	araba	_	_	_	_	_	linguistic	_	ContainsVariation=No	Intonation=Falling	End=1631.435	_	_	_	_
637-0	PST017	637	0	e::h	eh	_	_	_	_	_	linguistic	_	ContainsVariation=No	PauseAfter=Yes	Begin=1632.755	0x2	_	_	_
637-1	PST017	637	1	(.)	(.)	_	_	_	_	_	shortpause	_	ContainsVariation=No	_	_	_	_	_	_
637-2	PST017	637	2	mi	mi	_	_	_	_	_	linguistic	_	ContainsVariation=No	_	_	_	_	_	_
637-3	PST017	637	3	piace.	piace	_	_	_	_	_	linguistic	_	ContainsVariation=No	Intonation=Falling	_	_	_	_	_
637-4	PST017	637	4	sì	sì	_	_	_	_	_	linguistic	_	ContainsVariation=No	_	End=1635.095	_	_	_	_
638-0	PST017	638	0	nel	nel	_	_	_	_	_	linguistic	_	ContainsVariation=No	_	Begin=1635.22	_	_	_	_
638-1	PST017	638	1	senso:	senso	_	_	_	_	_	linguistic	_	ContainsVariation=No	_	_	4x1	_	_	_
638-2	PST017	638	2	mi	mi	_	_	_	_	_	linguistic	_	ContainsVariation=No	_	_	_	_	_	_
638-3	PST017	638	3	piace	piace	_	_	_	_	_	linguistic	_	ContainsVariation=No	_	_	_	_	_	_
638-4	PST017	638	4	tutto:	tutto	_	_	_	_	_	linguistic	_	ContainsVariation=No	_	End=1637.52	4x1	_	_	_
639-0	PST017	639	0	quasi	quasi	_	_	_	_	_	linguistic	_	ContainsVariation=No	_	Begin=1637.765	_	_	_	_
639-1	PST017	639	1	tutto,	tutto	_	_	_	_	_	linguistic	_	ContainsVariation=No	Intonation=WeaklyRising	_	_	_	_	_
639-2	PST017	639	2	mi	mi	_	_	_	_	_	linguistic	_	ContainsVariation=No	_	_	_	_	_	_
639-3	PST017	639	3	piace	piace	_	_	_	_	_	linguistic	_	ContainsVariation=No	_	_	_	_	_	_
639-4	PST017	639	4	la:	la	_	_	_	_	_	linguistic	_	ContainsVariation=No	_	End=1639.655	1x1	_	_	_
640-0	PST017	640	0	tem~	tem~	_	_	_	_	_	linguistic	_	ContainsVariation=No	Interrupted=Yes	Begin=1639.985	_	_	_	_
640-1	PST017	640	1	>ad	ad	_	_	_	_	_	linguistic	_	ContainsVariation=No	_	_	_	Fast=0-2(0)	_	_
640-2	PST017	640	2	esempio<	esempio	_	_	_	_	_	linguistic	_	ContainsVariation=No	_	_	_	Fast=0-7(0)	_	_
640-3	PST017	640	3	la	la	_	_	_	_	_	linguistic	_	ContainsVariation=No	_	_	_	_	_	_
640-4	PST017	640	4	cucina,	cucina	_	_	_	_	_	linguistic	_	ContainsVariation=No	Intonation=WeaklyRising	End=1641.585	_	_	_	_
641-0	PST017	641	0	il~	il~	_	_	_	_	_	linguistic	_	ContainsVariation=No	Interrupted=Yes	Begin=1641.91	_	_	_	_
641-1	PST017	641	1	i	i	_	_	_	_	_	linguistic	_	ContainsVariation=No	_	_	_	_	_	_
641-2	PST017	641	2	costumi::	costumi	_	_	_	_	_	linguistic	_	ContainsVariation=No	_	End=1643.89	6x2	_	_	_
642-0	PST017	642	0	le	le	_	_	_	_	_	linguistic	_	ContainsVariation=No	_	Begin=1643.995	_	_	_	_
642-1	PST017	642	1	nostre	nostre	_	_	_	_	_	linguistic	_	ContainsVariation=No	_	_	_	_	_	_
642-2	PST017	642	2	usanze,	usanze	_	_	_	_	_	linguistic	_	ContainsVariation=No	Intonation=WeaklyRising	_	_	_	_	_
642-3	PST017	642	3	eccetera,	eccetera	_	_	_	_	_	linguistic	_	ContainsVariation=No	Intonation=WeaklyRising	End=1646.005	_	_	_	_
643-0	PST017	643	0	però	però	_	_	_	_	_	linguistic	_	ContainsVariation=No	_	Begin=1646.325	_	_	_	_
643-1	PST017	643	1	mi	mi	_	_	_	_	_	linguistic	_	ContainsVariation=No	_	_	_	_	_	_
643-2	PST017	643	2	piace	piace	_	_	_	_	_	linguistic	_	ContainsVariation=No	_	_	_	_	_	_
643-3	PST017	643	3	anche	anche	_	_	_	_	_	linguistic	_	ContainsVariation=No	_	_	_	_	_	_
643-4	PST017	643	4	quella	quella	_	_	_	_	_	linguistic	_	ContainsVariation=No	_	_	_	_	_	_
643-5	PST017	643	5	italiana.	italiana	_	_	_	_	_	linguistic	_	ContainsVariation=No	Intonation=Falling	End=1647.885	_	_	_	_
644-0	PST206	644	0	ma:	ma	_	_	_	_	_	linguistic	_	ContainsVariation=No	_	Begin=1648.68	1x1	_	_	_
644-1	PST206	644	1	qual~	qual~	_	_	_	_	_	linguistic	_	ContainsVariation=No	Interrupted=Yes	_	_	_	_	_
644-2	PST206	644	2	quali	quali	_	_	_	_	_	linguistic	_	ContainsVariation=No	_	_	_	_	_	_
644-3	PST206	644	3	i	i	_	_	_	_	_	linguistic	_	ContainsVariation=No	_	_	_	_	_	_
644-4	PST206	644	4	sono	sono	_	_	_	_	_	linguistic	_	ContainsVariation=No	_	_	_	_	_	_
644-5	PST206	644	5	gli	gli	_	_	_	_	_	linguistic	_	ContainsVariation=No	_	_	_	_	_	_
644-6	PST206	644	6	aspetti	aspetti	_	_	_	_	_	linguistic	_	ContainsVariation=No	_	_	_	_	_	_
644-7	PST206	644	7	che	che	_	_	_	_	_	linguistic	_	ContainsVariation=No	_	_	_	_	_	_
644-8	PST206	644	8	magari	magari	_	_	_	_	_	linguistic	_	ContainsVariation=No	_	_	_	_	_	_
644-9	PST206	644	9	non	non	_	_	_	_	_	linguistic	_	ContainsVariation=No	_	_	_	_	_	_
644-10	PST206	644	10	ti	ti	_	_	_	_	_	linguistic	_	ContainsVariation=No	_	_	_	_	_	_
644-11	PST206	644	11	piacciono	piacciono	_	_	_	_	_	linguistic	_	ContainsVariation=No	_	_	_	_	_	_
644-12	PST206	644	12	nella	nella	_	_	_	_	_	linguistic	_	ContainsVariation=No	_	_	_	_	_	_
644-13	PST206	644	13	cultura	cultura	_	_	_	_	_	linguistic	_	ContainsVariation=No	_	_	_	_	_	_
644-14	PST206	644	14	araba.	araba	_	_	_	_	_	linguistic	_	ContainsVariation=No	Intonation=Falling	End=1652.74	_	_	_	_
645-0	PST017	645	0	che	che	_	_	_	_	_	linguistic	_	ContainsVariation=No	_	Begin=1653.38	_	_	_	_
645-1	PST017	645	1	ci	ci	_	_	_	_	_	linguistic	_	ContainsVariation=No	_	_	_	_	_	_
645-2	PST017	645	2	sono::	sono	_	_	_	_	_	linguistic	_	ContainsVariation=No	_	_	3x2	_	_	_
645-3	PST017	645	3	delle::	delle	_	_	_	_	_	linguistic	_	ContainsVariation=No	_	_	4x2	_	_	_
645-4	PST017	645	4	delle	delle	_	_	_	_	_	linguistic	_	ContainsVariation=No	_	_	_	_	_	_
645-5	PST017	645	5	nostre	nostre	_	_	_	_	_	linguistic	_	ContainsVariation=No	_	_	_	_	_	_
645-6	PST017	645	6	tradizioni,	tradizioni	_	_	_	_	_	linguistic	_	ContainsVariation=No	Intonation=WeaklyRising	End=1657.22	_	_	_	_
646-0	PST017	646	0	delle	delle	_	_	_	_	_	linguistic	_	ContainsVariation=No	_	Begin=1657.625	_	_	_	_
646-1	PST017	646	1	usanze,	usanze	_	_	_	_	_	linguistic	_	ContainsVariation=No	Intonation=WeaklyRising	_	_	_	_	_
646-2	PST017	646	2	che	che	_	_	_	_	_	linguistic	_	ContainsVariation=No	_	_	_	_	_	_
646-3	PST017	646	3	sono:	sono	_	_	_	_	_	linguistic	_	ContainsVariation=No	_	End=1659.755	3x1	_	_	_
647-0	PST017	647	0	da:	da	_	_	_	_	_	linguistic	_	ContainsVariation=No	_	Begin=1660.035	1x1	_	_	_
647-1	PST017	647	1	sinceramente	sinceramente	_	_	_	_	_	linguistic	_	ContainsVariation=No	_	End=1661.565	_	_	_	_
648-0	PST017	648	0	che	che	_	_	_	_	_	linguistic	_	ContainsVariation=No	_	Begin=1662.415	_	_	_	_
648-1	PST017	648	1	non	non	_	_	_	_	_	linguistic	_	ContainsVariation=No	_	_	_	_	_	_
648-2	PST017	648	2	c'	c'	_	_	_	_	_	linguistic	_	ContainsVariation=No	SpaceAfter=No	_	_	_	_	_
648-3	PST017	648	3	entrano	entrano	_	_	_	_	_	linguistic	_	ContainsVariation=No	_	_	_	_	_	_
648-4	PST017	648	4	niente	niente	_	_	_	_	_	linguistic	_	ContainsVariation=No	_	_	_	_	_	_
648-5	PST017	648	5	con	con	_	_	_	_	_	linguistic	_	ContainsVariation=No	_	_	_	_	_	_
648-6	PST017	648	6	la:	la	_	_	_	_	_	linguistic	_	ContainsVariation=No	_	End=1664.405	1x1	_	_	_
649-0	PST017	649	0	con	con	_	_	_	_	_	linguistic	_	ContainsVariation=No	_	Begin=1664.875	_	_	_	_
649-1	PST017	649	1	la	la	_	_	_	_	_	linguistic	_	ContainsVariation=No	_	_	_	_	_	_
649-2	PST017	649	2	religione.	religione	_	_	_	_	_	linguistic	_	ContainsVariation=No	Intonation=Falling	End=1666.175	_	_	_	_
650-0	PST017	650	0	e::h	eh	_	_	_	_	_	linguistic	_	ContainsVariation=No	_	Begin=1667.58	0x2	_	_	_
650-1	PST017	650	1	che	che	_	_	_	_	_	linguistic	_	ContainsVariation=No	_	_	_	_	_	_
650-2	PST017	650	2	vengono,	vengono	_	_	_	_	_	linguistic	_	ContainsVariation=No	Intonation=WeaklyRising	_	_	_	_	_
650-3	PST017	650	3	>nel	nel	_	_	_	_	_	linguistic	_	ContainsVariation=No	_	_	_	Fast=0-3(0)	_	_
650-4	PST017	650	4	senso<	senso	_	_	_	_	_	linguistic	_	ContainsVariation=No	_	_	_	Fast=0-5(0)	_	_
650-5	PST017	650	5	son	son	_	_	_	_	_	linguistic	_	ContainsVariation=No	_	_	_	_	_	_
650-6	PST017	650	6	cose	cose	_	_	_	_	_	linguistic	_	ContainsVariation=No	_	_	_	_	_	_
650-7	PST017	650	7	che	che	_	_	_	_	_	linguistic	_	ContainsVariation=No	_	_	_	_	_	_
650-8	PST017	650	8	vengono	vengono	_	_	_	_	_	linguistic	_	ContainsVariation=No	_	_	_	_	_	_
650-9	PST017	650	9	usate	usate	_	_	_	_	_	linguistic	_	ContainsVariation=No	_	End=1670.89	_	_	_	_
651-0	PST017	651	0	così	così	_	_	_	_	_	linguistic	_	ContainsVariation=No	_	Begin=1671.24	_	_	_	_
651-1	PST017	651	1	nella	nella	_	_	_	_	_	linguistic	_	ContainsVariation=No	_	_	_	_	_	_
651-2	PST017	651	2	società.	società	_	_	_	_	_	linguistic	_	ContainsVariation=No	Intonation=Falling	End=1672.52	_	_	_	_
652-0	PST017	652	0	ma:	ma	_	_	_	_	_	linguistic	_	ContainsVariation=No	_	Begin=1674.0	1x1	_	_	_
652-1	PST017	652	1	non	non	_	_	_	_	_	linguistic	_	ContainsVariation=No	_	_	_	_	_	_
652-2	PST017	652	2	c'	c'	_	_	_	_	_	linguistic	_	ContainsVariation=No	SpaceAfter=No	_	_	_	_	_
652-3	PST017	652	3	entrano	entrano	_	_	_	_	_	linguistic	_	ContainsVariation=No	_	_	_	_	_	_
652-4	PST017	652	4	niente	niente	_	_	_	_	_	linguistic	_	ContainsVariation=No	_	_	_	_	_	_
652-5	PST017	652	5	con	con	_	_	_	_	_	linguistic	_	ContainsVariation=No	_	_	_	_	_	_
652-6	PST017	652	6	la:	la	_	_	_	_	_	linguistic	_	ContainsVariation=No	_	_	1x1	_	_	_
652-7	PST017	652	7	nostra	nostra	_	_	_	_	_	linguistic	_	ContainsVariation=No	_	_	_	_	_	_
652-8	PST017	652	8	religione,	religione	_	_	_	_	_	linguistic	_	ContainsVariation=No	Intonation=WeaklyRising	_	_	_	_	_
652-9	PST017	652	9	ma	ma	_	_	_	_	_	linguistic	_	ContainsVariation=No	_	End=1678.34	_	_	_	_
653-0	PST017	653	0	continuano	continuano	_	_	_	_	_	linguistic	_	ContainsVariation=No	PauseAfter=Yes	Begin=1678.56	_	_	_	_
653-1	PST017	653	1	(.)	(.)	_	_	_	_	_	shortpause	_	ContainsVariation=No	_	_	_	_	_	_
653-2	PST017	653	2	>fino	fino	_	_	_	_	_	linguistic	_	ContainsVariation=No	_	_	_	Fast=0-4(0)	_	_
653-3	PST017	653	3	ad	ad	_	_	_	_	_	linguistic	_	ContainsVariation=No	_	_	_	Fast=0-2(0)	_	_
653-4	PST017	653	4	adesso<,	adesso	_	_	_	_	_	linguistic	_	ContainsVariation=No	Intonation=WeaklyRising	End=1680.51	_	Fast=0-6(0)	_	_
654-0	PST017	654	0	a:	a	_	_	_	_	_	linguistic	_	ContainsVariation=No	_	Begin=1680.68	0x1	_	_	_
654-1	PST017	654	1	cercare	cercare	_	_	_	_	_	linguistic	_	ContainsVariation=No	_	_	_	_	_	_
654-2	PST017	654	2	di:	di	_	_	_	_	_	linguistic	_	ContainsVariation=No	_	_	1x1	_	_	_
654-3	PST017	654	3	ehm::	ehm	_	_	_	_	_	linguistic	_	ContainsVariation=No	_	End=1683.15	2x2	_	_	_
655-0	PST017	655	0	di	di	_	_	_	_	_	linguistic	_	ContainsVariation=No	_	Begin=1683.57	_	_	_	_
655-1	PST017	655	1	cre~,	cre~	_	_	_	_	_	linguistic	_	ContainsVariation=No	Intonation=WeaklyRising|Interrupted=Yes	_	_	_	_	_
655-2	PST017	655	2	di	di	_	_	_	_	_	linguistic	_	ContainsVariation=No	_	_	_	_	_	_
655-3	PST017	655	3	dire	dire	_	_	_	_	_	linguistic	_	ContainsVariation=No	_	_	_	_	_	_
655-4	PST017	655	4	sempre	sempre	_	_	_	_	_	linguistic	_	ContainsVariation=No	_	_	_	_	_	_
655-5	PST017	655	5	eh	eh	_	_	_	_	_	linguistic	_	ContainsVariation=No	_	_	_	_	_	_
655-6	PST017	655	6	sì	sì	_	_	_	_	_	linguistic	_	ContainsVariation=No	_	_	_	_	_	_
655-7	PST017	655	7	c'	c'	_	_	_	_	_	linguistic	_	ContainsVariation=No	SpaceAfter=No	_	_	_	_	_
655-8	PST017	655	8	entra	entra	_	_	_	_	_	linguistic	_	ContainsVariation=No	_	_	_	_	_	_
655-9	PST017	655	9	con	con	_	_	_	_	_	linguistic	_	ContainsVariation=No	_	_	_	_	_	_
655-10	PST017	655	10	la	la	_	_	_	_	_	linguistic	_	ContainsVariation=No	_	_	_	_	_	_
655-11	PST017	655	11	religione	religione	_	_	_	_	_	linguistic	_	ContainsVariation=No	_	End=1686.86	_	_	_	_
656-0	PST017	656	0	>nel	nel	_	_	_	_	_	linguistic	_	ContainsVariation=No	_	Begin=1687.07	_	Fast=0-3(0)	_	_
656-1	PST017	656	1	senso<	senso	_	_	_	_	_	linguistic	_	ContainsVariation=No	_	_	_	Fast=0-5(0)	_	_
656-2	PST017	656	2	lo	lo	_	_	_	_	_	linguistic	_	ContainsVariation=No	_	_	_	_	_	_
656-3	PST017	656	3	faccio	faccio	_	_	_	_	_	linguistic	_	ContainsVariation=No	_	_	_	_	_	_
656-4	PST017	656	4	per:	per	_	_	_	_	_	linguistic	_	ContainsVariation=No	_	_	2x1	_	_	_
656-5	PST017	656	5	perché	perché	_	_	_	_	_	linguistic	_	ContainsVariation=No	_	_	_	_	_	_
656-6	PST017	656	6	è	è	_	_	_	_	_	linguistic	_	ContainsVariation=No	_	_	_	_	_	_
656-7	PST017	656	7	nella	nella	_	_	_	_	_	linguistic	_	ContainsVariation=No	_	_	_	_	_	_
656-8	PST017	656	8	nostra	nostra	_	_	_	_	_	linguistic	_	ContainsVariation=No	_	_	_	_	_	_
656-9	PST017	656	9	religione.	religione	_	_	_	_	_	linguistic	_	ContainsVariation=No	Intonation=Falling	_	_	_	_	_
656-10	PST017	656	10	e	e	_	_	_	_	_	linguistic	_	ContainsVariation=No	_	_	_	_	_	_
656-11	PST017	656	11	invece	invece	_	_	_	_	_	linguistic	_	ContainsVariation=No	_	_	_	_	_	_
656-12	PST017	656	12	no	no	_	_	_	_	_	linguistic	_	ContainsVariation=No	_	End=1690.82	_	_	_	_
657-0	PST206	657	0	sai	sai	_	_	_	_	_	linguistic	_	ContainsVariation=No	_	Begin=1691.54	_	_	_	_
657-1	PST206	657	1	dirmi	dirmi	_	_	_	_	_	linguistic	_	ContainsVariation=No	_	_	_	_	_	_
657-2	PST206	657	2	qualche	qualche	_	_	_	_	_	linguistic	_	ContainsVariation=No	_	_	_	_	_	_
657-3	PST206	657	3	esempio?	esempio	_	_	_	_	_	linguistic	_	ContainsVariation=No	Intonation=Rising	End=1692.91	_	_	_	_
658-0	PST017	658	0	((sospira))	((sospira))	_	_	_	_	_	nonverbalbehavior	_	ContainsVariation=No	_	Begin=1694.71	_	_	_	_
658-1	PST017	658	1	,	,	_	_	_	_	_	error	_	ContainsVariation=No	_	_	_	_	_	_
658-2	PST017	658	2	allora	allora	_	_	_	_	_	linguistic	_	ContainsVariation=No	_	End=1696.4	_	_	_	_
659-0	PST017	659	0	m::h	mh	_	_	_	_	_	linguistic	_	ContainsVariation=No	_	Begin=1697.46|End=1698.51	0x2	_	_	_
660-0	PST017	660	0	nel,	nel	_	_	_	_	_	linguistic	_	ContainsVariation=No	Intonation=WeaklyRising	Begin=1698.75	_	_	_	_
660-1	PST017	660	1	il	il	_	_	_	_	_	linguistic	_	ContainsVariation=No	_	_	_	_	_	_
660-2	PST017	660	2	senso	senso	_	_	_	_	_	linguistic	_	ContainsVariation=No	_	_	_	_	_	_
660-3	PST017	660	3	di::	di	_	_	_	_	_	linguistic	_	ContainsVariation=No	_	_	1x2	_	_	_
660-4	PST017	660	4	fare	fare	_	_	_	_	_	linguistic	_	ContainsVariation=No	_	_	_	_	_	_
660-5	PST017	660	5	un	un	_	_	_	_	_	linguistic	_	ContainsVariation=No	_	_	_	_	_	_
660-6	PST017	660	6	po'	po'	_	_	_	_	_	linguistic	_	ContainsVariation=No	_	_	_	_	_	_
660-7	PST017	660	7	di	di	_	_	_	_	_	linguistic	_	ContainsVariation=No	_	_	_	_	_	_
660-8	PST017	660	8	differenza	differenza	_	_	_	_	_	linguistic	_	ContainsVariation=No	_	_	_	_	_	_
660-9	PST017	660	9	tra	tra	_	_	_	_	_	linguistic	_	ContainsVariation=No	_	_	_	_	_	_
660-10	PST017	660	10	maschio	maschio	_	_	_	_	_	linguistic	_	ContainsVariation=No	_	_	_	_	_	_
660-11	PST017	660	11	e	e	_	_	_	_	_	linguistic	_	ContainsVariation=No	_	_	_	_	_	_
660-12	PST017	660	12	femmina,	femmina	_	_	_	_	_	linguistic	_	ContainsVariation=No	Intonation=WeaklyRising	End=1703.01	_	_	_	_
661-0	PST017	661	0	>per	per	_	_	_	_	_	linguistic	_	ContainsVariation=No	_	Begin=1703.46	_	Fast=0-3(0)	_	_
661-1	PST017	661	1	esempio<	esempio	_	_	_	_	_	linguistic	_	ContainsVariation=No	_	_	_	Fast=0-7(0)	_	_
661-2	PST017	661	2	anche~	anche~	_	_	_	_	_	linguistic	_	ContainsVariation=No	Interrupted=Yes	_	_	_	_	_
661-3	PST017	661	3	a	a	_	_	_	_	_	linguistic	_	ContainsVariation=No	_	_	_	_	_	_
661-4	PST017	661	4	casa	casa	_	_	_	_	_	linguistic	_	ContainsVariation=No	_	End=1704.98	_	_	_	_
662-0	PST017	662	0	di::	di	_	_	_	_	_	linguistic	_	ContainsVariation=No	_	Begin=1705.25	1x2	_	_	_
662-1	PST017	662	1	dire	dire	_	_	_	_	_	linguistic	_	ContainsVariation=No	_	_	_	_	_	_
662-2	PST017	662	2	alla	alla	_	_	_	_	_	linguistic	_	ContainsVariation=No	_	_	_	_	_	_
662-3	PST017	662	3	femmina	femmina	_	_	_	_	_	linguistic	_	ContainsVariation=No	_	_	_	_	_	_
662-4	PST017	662	4	tu	tu	_	_	_	_	_	linguistic	_	ContainsVariation=No	_	_	_	_	_	_
662-5	PST017	662	5	devi	devi	_	_	_	_	_	linguistic	_	ContainsVariation=No	_	_	_	_	_	_
662-6	PST017	662	6	imparare	imparare	_	_	_	_	_	linguistic	_	ContainsVariation=No	_	_	_	_	_	_
662-7	PST017	662	7	a	a	_	_	_	_	_	linguistic	_	ContainsVariation=No	_	_	_	_	_	_
662-8	PST017	662	8	cucinare,	cucinare	_	_	_	_	_	linguistic	_	ContainsVariation=No	Intonation=WeaklyRising	_	_	_	_	_
662-9	PST017	662	9	perché	perché	_	_	_	_	_	linguistic	_	ContainsVariation=No	_	_	_	_	_	_
662-10	PST017	662	10	un	un	_	_	_	_	_	linguistic	_	ContainsVariation=No	_	_	_	_	_	_
662-11	PST017	662	11	giorno	giorno	_	_	_	_	_	linguistic	_	ContainsVariation=No	_	_	_	_	_	_
662-12	PST017	662	12	ti	ti	_	_	_	_	_	linguistic	_	ContainsVariation=No	_	_	_	_	_	_
662-13	PST017	662	13	devi	devi	_	_	_	_	_	linguistic	_	ContainsVariation=No	_	_	_	_	_	_
662-14	PST017	662	14	sposare,	sposare	_	_	_	_	_	linguistic	_	ContainsVariation=No	Intonation=WeaklyRising	_	_	_	_	_
662-15	PST017	662	15	e	e	_	_	_	_	_	linguistic	_	ContainsVariation=No	_	_	_	_	_	_
662-16	PST017	662	16	devi	devi	_	_	_	_	_	linguistic	_	ContainsVariation=No	_	_	_	_	_	_
662-17	PST017	662	17	saper	saper	_	_	_	_	_	linguistic	_	ContainsVariation=No	_	_	_	_	_	_
662-18	PST017	662	18	comunque	comunque	_	_	_	_	_	linguistic	_	ContainsVariation=No	_	End=1711.14	_	_	_	_
663-0	PST017	663	0	essere	essere	_	_	_	_	_	linguistic	_	ContainsVariation=No	_	Begin=1711.54	_	_	_	_
663-1	PST017	663	1	in	in	_	_	_	_	_	linguistic	_	ContainsVariation=No	_	_	_	_	_	_
663-2	PST017	663	2	grado	grado	_	_	_	_	_	linguistic	_	ContainsVariation=No	_	_	_	_	_	_
663-3	PST017	663	3	di	di	_	_	_	_	_	linguistic	_	ContainsVariation=No	_	_	_	_	_	_
663-4	PST017	663	4	cucinare	cucinare	_	_	_	_	_	linguistic	_	ContainsVariation=No	_	_	_	_	_	_
663-5	PST017	663	5	per	per	_	_	_	_	_	linguistic	_	ContainsVariation=No	_	_	_	_	_	_
663-6	PST017	663	6	tuo	tuo	_	_	_	_	_	linguistic	_	ContainsVariation=No	_	_	_	_	_	_
663-7	PST017	663	7	marito	marito	_	_	_	_	_	linguistic	_	ContainsVariation=No	_	_	_	_	_	_
663-8	PST017	663	8	e	e	_	_	_	_	_	linguistic	_	ContainsVariation=No	_	_	_	_	_	_
663-9	PST017	663	9	i	i	_	_	_	_	_	linguistic	_	ContainsVariation=No	_	_	_	_	_	_
663-10	PST017	663	10	tuoi	tuoi	_	_	_	_	_	linguistic	_	ContainsVariation=No	_	_	_	_	_	_
663-11	PST017	663	11	figli.	figli	_	_	_	_	_	linguistic	_	ContainsVariation=No	Intonation=Falling	End=1714.31	_	_	_	_
664-0	PST017	664	0	e	e	_	_	_	_	_	linguistic	_	ContainsVariation=No	_	Begin=1714.64	_	_	_	_
664-1	PST017	664	1	questo	questo	_	_	_	_	_	linguistic	_	ContainsVariation=No	_	_	_	_	_	_
664-2	PST017	664	2	era	era	_	_	_	_	_	linguistic	_	ContainsVariation=No	_	End=1715.21	_	_	_	_
665-0	PST017	665	0	questo::	questo	_	_	_	_	_	linguistic	_	ContainsVariation=No	_	Begin=1715.3	5x2	_	_	_
665-1	PST017	665	1	>è	è	_	_	_	_	_	linguistic	_	ContainsVariation=No	_	_	_	Fast=0-1(0)	_	_
665-2	PST017	665	2	un	un	_	_	_	_	_	linguistic	_	ContainsVariation=No	_	_	_	Fast=0-2(0)	_	_
665-3	PST017	665	3	ragionamento	ragionamento	_	_	_	_	_	linguistic	_	ContainsVariation=No	_	_	_	Fast=0-12(0)	_	_
665-4	PST017	665	4	che	che	_	_	_	_	_	linguistic	_	ContainsVariation=No	_	_	_	Fast=0-3(0)	_	_
665-5	PST017	665	5	non	non	_	_	_	_	_	linguistic	_	ContainsVariation=No	_	_	_	Fast=0-3(0)	_	_
665-6	PST017	665	6	si	si	_	_	_	_	_	linguistic	_	ContainsVariation=No	_	_	_	Fast=0-2(0)	_	_
665-7	PST017	665	7	fa<	fa	_	_	_	_	_	linguistic	_	ContainsVariation=No	_	_	_	Fast=0-2(0)	_	_
665-8	PST017	665	8	con	con	_	_	_	_	_	linguistic	_	ContainsVariation=No	_	_	_	Slow=0-3(0)	_	_
665-9	PST017	665	9	il	il	_	_	_	_	_	linguistic	_	ContainsVariation=No	_	_	_	Slow=0-2(0)	_	_
665-10	PST017	665	10	maschio.	maschio	_	_	_	_	_	linguistic	_	ContainsVariation=No	Intonation=Falling	_	_	Slow=0-7(0)	_	_
665-11	PST017	665	11	>nel	nel	_	_	_	_	_	linguistic	_	ContainsVariation=No	_	_	_	Fast=0-3(1)	_	_
665-12	PST017	665	12	senso<	senso	_	_	_	_	_	linguistic	_	ContainsVariation=No	_	_	_	Fast=0-5(1)	_	_
665-13	PST017	665	13	non	non	_	_	_	_	_	linguistic	_	ContainsVariation=No	_	_	_	_	_	_
665-14	PST017	665	14	di~	di~	_	_	_	_	_	linguistic	_	ContainsVariation=No	Interrupted=Yes	_	_	_	_	_
665-15	PST017	665	15	non	non	_	_	_	_	_	linguistic	_	ContainsVariation=No	_	_	_	_	_	_
665-16	PST017	665	16	si	si	_	_	_	_	_	linguistic	_	ContainsVariation=No	_	_	_	_	_	_
665-17	PST017	665	17	dice	dice	_	_	_	_	_	linguistic	_	ContainsVariation=No	_	_	_	_	_	_
665-18	PST017	665	18	al	al	_	_	_	_	_	linguistic	_	ContainsVariation=No	_	_	_	_	_	_
665-19	PST017	665	19	maschio	maschio	_	_	_	_	_	linguistic	_	ContainsVariation=No	_	End=1719.36	_	_	_	_
666-0	PST017	666	0	tu	tu	_	_	_	_	_	linguistic	_	ContainsVariation=No	_	Begin=1719.74	_	_	_	_
666-1	PST017	666	1	devi	devi	_	_	_	_	_	linguistic	_	ContainsVariation=No	_	_	_	_	_	_
666-2	PST017	666	2	cucinare	cucinare	_	_	_	_	_	linguistic	_	ContainsVariation=No	_	_	_	_	_	_
666-3	PST017	666	3	perché	perché	_	_	_	_	_	linguistic	_	ContainsVariation=No	_	_	_	_	_	_
666-4	PST017	666	4	un	un	_	_	_	_	_	linguistic	_	ContainsVariation=No	_	_	_	_	_	_
666-5	PST017	666	5	giorno	giorno	_	_	_	_	_	linguistic	_	ContainsVariation=No	_	_	_	_	_	_
666-6	PST017	666	6	anche	anche	_	_	_	_	_	linguistic	_	ContainsVariation=No	_	_	_	_	_	_
666-7	PST017	666	7	tu	tu	_	_	_	_	_	linguistic	_	ContainsVariation=No	_	_	_	_	_	_
666-8	PST017	666	8	devi	devi	_	_	_	_	_	linguistic	_	ContainsVariation=No	_	_	_	_	_	_
666-9	PST017	666	9	cucinare	cucinare	_	_	_	_	_	linguistic	_	ContainsVariation=No	_	_	_	_	_	_
666-10	PST017	666	10	per	per	_	_	_	_	_	linguistic	_	ContainsVariation=No	_	_	_	_	_	_
666-11	PST017	666	11	te	te	_	_	_	_	_	linguistic	_	ContainsVariation=No	_	_	_	_	_	_
666-12	PST017	666	12	stesso,	stesso	_	_	_	_	_	linguistic	_	ContainsVariation=No	Intonation=WeaklyRising	_	_	_	_	_
666-13	PST017	666	13	per	per	_	_	_	_	_	linguistic	_	ContainsVariation=No	_	_	_	_	_	_
666-14	PST017	666	14	tua	tua	_	_	_	_	_	linguistic	_	ContainsVariation=No	_	_	_	_	_	_
666-15	PST017	666	15	moglie	moglie	_	_	_	_	_	linguistic	_	ContainsVariation=No	_	_	_	_	_	_
666-16	PST017	666	16	e	e	_	_	_	_	_	linguistic	_	ContainsVariation=No	_	_	_	_	_	_
666-17	PST017	666	17	i	i	_	_	_	_	_	linguistic	_	ContainsVariation=No	_	_	_	_	_	_
666-18	PST017	666	18	tuoi	tuoi	_	_	_	_	_	linguistic	_	ContainsVariation=No	_	_	_	_	_	_
666-19	PST017	666	19	figli.	figli	_	_	_	_	_	linguistic	_	ContainsVariation=No	Intonation=Falling	_	_	_	_	_
666-20	PST017	666	20	questo	questo	_	_	_	_	_	linguistic	_	ContainsVariation=No	_	_	_	_	_	_
666-21	PST017	666	21	è	è	_	_	_	_	_	linguistic	_	ContainsVariation=No	_	_	_	_	_	_
666-22	PST017	666	22	un	un	_	_	_	_	_	linguistic	_	ContainsVariation=No	_	_	_	_	_	_
666-23	PST017	666	23	ragionamento	ragionamento	_	_	_	_	_	linguistic	_	ContainsVariation=No	_	_	_	_	_	_
666-24	PST017	666	24	che	che	_	_	_	_	_	linguistic	_	ContainsVariation=No	_	_	_	_	_	_
666-25	PST017	666	25	non	non	_	_	_	_	_	linguistic	_	ContainsVariation=No	_	_	_	_	_	_
666-26	PST017	666	26	si	si	_	_	_	_	_	linguistic	_	ContainsVariation=No	_	_	_	_	_	_
666-27	PST017	666	27	fa.	fa	_	_	_	_	_	linguistic	_	ContainsVariation=No	Intonation=Falling	End=1726.52	_	_	_	_
667-0	PST017	667	0	ad	ad	_	_	_	_	_	linguistic	_	ContainsVariation=No	_	Begin=1726.755	_	_	_	_
667-1	PST017	667	1	esem[pio]	esempio	_	_	_	_	_	linguistic	_	ContainsVariation=No	_	End=1727.445	_	_	_	4-7(26)
668-0	PST206	668	0	[ed	ed	_	_	_	_	_	linguistic	_	ContainsVariation=No	_	Begin=1727.275	_	_	_	0-2(26)
668-1	PST206	668	1	è	è	_	_	_	_	_	linguistic	_	ContainsVariation=No	_	_	_	_	_	0-1(26)
668-2	PST206	668	2	un]	un	_	_	_	_	_	linguistic	_	ContainsVariation=No	_	_	_	_	_	0-2(26)
668-3	PST206	668	3	ragionamento	ragionamento	_	_	_	_	_	linguistic	_	ContainsVariation=No	_	_	_	_	_	_
668-4	PST206	668	4	che	che	_	_	_	_	_	linguistic	_	ContainsVariation=No	_	_	_	_	_	_
668-5	PST206	668	5	[a	a	_	_	_	_	_	linguistic	_	ContainsVariation=No	_	_	_	_	_	0-1(27)
668-6	PST206	668	6	te	te	_	_	_	_	_	linguistic	_	ContainsVariation=No	_	_	_	_	_	0-2(27)
668-7	PST206	668	7	non	non	_	_	_	_	_	linguistic	_	ContainsVariation=No	_	_	_	_	_	0-3(27)
668-8	PST206	668	8	piace	piace	_	_	_	_	_	linguistic	_	ContainsVariation=No	_	_	_	_	_	0-5(27)
668-9	PST206	668	9	ovviamente]	ovviamente	_	_	_	_	_	linguistic	_	ContainsVariation=No	_	End=1729.095	_	_	_	0-10(27)
669-0	PST017	669	0	[e	e	_	_	_	_	_	linguistic	_	ContainsVariation=No	_	Begin=1728.53	_	_	_	0-1(27)
669-1	PST017	669	1	non	non	_	_	_	_	_	linguistic	_	ContainsVariation=No	_	_	_	_	_	0-3(27)
669-2	PST017	669	2	c'	c'	_	_	_	_	_	linguistic	_	ContainsVariation=No	SpaceAfter=No	_	_	_	_	0-2(27)
669-3	PST017	669	3	entra~]	entra~	_	_	_	_	_	linguistic	_	ContainsVariation=No	Interrupted=Yes	_	_	_	_	0-6(27)
669-4	PST017	669	4	e	e	_	_	_	_	_	linguistic	_	ContainsVariation=No	_	_	_	_	_	_
669-5	PST017	669	5	non	non	_	_	_	_	_	linguistic	_	ContainsVariation=No	_	_	_	_	_	_
669-6	PST017	669	6	c'	c'	_	_	_	_	_	linguistic	_	ContainsVariation=No	SpaceAfter=No	_	_	_	_	_
669-7	PST017	669	7	entra	entra	_	_	_	_	_	linguistic	_	ContainsVariation=No	_	_	_	_	_	_
669-8	PST017	669	8	niente	niente	_	_	_	_	_	linguistic	_	ContainsVariation=No	_	_	_	_	_	_
669-9	PST017	669	9	con	con	_	_	_	_	_	linguistic	_	ContainsVariation=No	_	_	_	_	_	_
669-10	PST017	669	10	la	la	_	_	_	_	_	linguistic	_	ContainsVariation=No	_	_	_	_	_	_
669-11	PST017	669	11	religione~	religione~	_	_	_	_	_	linguistic	_	ContainsVariation=No	Interrupted=Yes	_	_	Fast=9-10(0)	_	_
669-12	PST017	669	12	>nel	nel	_	_	_	_	_	linguistic	_	ContainsVariation=No	_	_	_	Fast=0-3(0)	_	_
669-13	PST017	669	13	senso,	senso	_	_	_	_	_	linguistic	_	ContainsVariation=No	Intonation=WeaklyRising	_	_	Fast=0-5(0)	_	_
669-14	PST017	669	14	nel	nel	_	_	_	_	_	linguistic	_	ContainsVariation=No	_	_	_	Fast=0-3(0)	_	_
669-15	PST017	669	15	corano	corano	_	_	_	_	_	linguistic	_	ContainsVariation=No	_	_	_	Fast=0-6(0)	_	_
669-16	PST017	669	16	non	non	_	_	_	_	_	linguistic	_	ContainsVariation=No	_	_	_	Fast=0-3(0)	_	_
669-17	PST017	669	17	c'	c'	_	_	_	_	_	linguistic	_	ContainsVariation=No	SpaceAfter=No	_	_	Fast=0-2(0)	_	_
669-18	PST017	669	18	è	è	_	_	_	_	_	linguistic	_	ContainsVariation=No	_	_	_	Fast=0-1(0)	_	_
669-19	PST017	669	19	scritto	scritto	_	_	_	_	_	linguistic	_	ContainsVariation=No	_	_	_	Fast=0-7(0)	_	_
669-20	PST017	669	20	che<	che	_	_	_	_	_	linguistic	_	ContainsVariation=No	_	End=1732.51	_	Fast=0-1(0)	_	_
670-0	PST017	670	0	la	la	_	_	_	_	_	linguistic	_	ContainsVariation=No	_	Begin=1732.7	_	_	_	_
670-1	PST017	670	1	donna	donna	_	_	_	_	_	linguistic	_	ContainsVariation=No	_	_	_	_	_	_
670-2	PST017	670	2	deve	deve	_	_	_	_	_	linguistic	_	ContainsVariation=No	_	_	_	_	_	_
670-3	PST017	670	3	imparare	imparare	_	_	_	_	_	linguistic	_	ContainsVariation=No	_	_	_	_	_	_
670-4	PST017	670	4	a	a	_	_	_	_	_	linguistic	_	ContainsVariation=No	_	_	_	_	_	_
670-5	PST017	670	5	cucinare	cucinare	_	_	_	_	_	linguistic	_	ContainsVariation=No	_	_	_	_	_	_
670-6	PST017	670	6	e	e	_	_	_	_	_	linguistic	_	ContainsVariation=No	_	_	_	_	_	_
670-7	PST017	670	7	l'	l'	_	_	_	_	_	linguistic	_	ContainsVariation=No	SpaceAfter=No	_	_	_	_	_
670-8	PST017	670	8	uomo	uomo	_	_	_	_	_	linguistic	_	ContainsVariation=No	_	_	_	_	_	_
670-9	PST017	670	9	no~	no~	_	_	_	_	_	linguistic	_	ContainsVariation=No	Interrupted=Yes	_	_	_	_	_
670-10	PST017	670	10	((ride))	((ride))	_	_	_	_	_	nonverbalbehavior	_	ContainsVariation=No	_	_	_	_	_	_
670-11	PST017	670	11	non	non	_	_	_	_	_	linguistic	_	ContainsVariation=No	_	_	_	_	_	_
670-12	PST017	670	12	deve	deve	_	_	_	_	_	linguistic	_	ContainsVariation=No	_	_	_	_	_	_
670-13	PST017	670	13	imparare	imparare	_	_	_	_	_	linguistic	_	ContainsVariation=No	_	_	_	_	_	_
670-14	PST017	670	14	a	a	_	_	_	_	_	linguistic	_	ContainsVariation=No	_	_	_	_	_	_
670-15	PST017	670	15	cucinare,	cucinare	_	_	_	_	_	linguistic	_	ContainsVariation=No	Intonation=WeaklyRising	_	_	_	_	_
670-16	PST017	670	16	a	a	_	_	_	_	_	linguistic	_	ContainsVariation=No	_	_	_	_	_	_
670-17	PST017	670	17	fare	fare	_	_	_	_	_	linguistic	_	ContainsVariation=No	_	_	_	_	_	_
670-18	PST017	670	18	la	la	_	_	_	_	_	linguistic	_	ContainsVariation=No	_	_	_	_	_	_
670-19	PST017	670	19	pulizia,	pulizia	_	_	_	_	_	linguistic	_	ContainsVariation=No	Intonation=WeaklyRising	_	_	_	_	_
670-20	PST017	670	20	[eccetera]	eccetera	_	_	_	_	_	linguistic	_	ContainsVariation=No	_	End=1738.23	_	_	_	0-8(28)
671-0	PST206	671	0	[mentre]	mentre	_	_	_	_	_	linguistic	_	ContainsVariation=No	_	Begin=1737.85	_	_	_	0-6(28)
671-1	PST206	671	1	alcuni	alcuni	_	_	_	_	_	linguistic	_	ContainsVariation=No	_	_	_	_	_	_
671-2	PST206	671	2	dicono	dicono	_	_	_	_	_	linguistic	_	ContainsVariation=No	_	_	_	_	_	_
671-3	PST206	671	3	che:	che	_	_	_	_	_	linguistic	_	ContainsVariation=No	_	_	2x1	_	_	_
671-4	PST206	671	4	nella:	nella	_	_	_	_	_	linguistic	_	ContainsVariation=No	_	_	4x1	_	_	_
671-5	PST206	671	5	è	è	_	_	_	_	_	linguistic	_	ContainsVariation=No	_	_	_	_	_	_
671-6	PST206	671	6	detto	detto	_	_	_	_	_	linguistic	_	ContainsVariation=No	_	_	_	_	_	_
671-7	PST206	671	7	nella	nella	_	_	_	_	_	linguistic	_	ContainsVariation=No	_	_	_	_	_	_
671-8	PST206	671	8	religione?	religione	_	_	_	_	_	linguistic	_	ContainsVariation=No	Intonation=Rising	End=1741.76	_	_	_	_
672-0	PST017	672	0	m::	m	_	_	_	_	_	linguistic	_	ContainsVariation=No	_	Begin=1742.73	0x2	_	_	_
672-1	PST017	672	1	sì	sì	_	_	_	_	_	linguistic	_	ContainsVariation=No	_	_	_	_	_	_
672-2	PST017	672	2	nel	nel	_	_	_	_	_	linguistic	_	ContainsVariation=No	_	_	_	_	_	_
672-3	PST017	672	3	senso:	senso	_	_	_	_	_	linguistic	_	ContainsVariation=No	_	_	4x1	_	_	_
672-4	PST017	672	4	dicono:	dicono	_	_	_	_	_	linguistic	_	ContainsVariation=No	_	End=1745.39	5x1	_	_	_
673-0	PST017	673	0	eh	eh	_	_	_	_	_	linguistic	_	ContainsVariation=No	_	Begin=1745.575	_	_	_	_
673-1	PST017	673	1	sì.	sì	_	_	_	_	_	linguistic	_	ContainsVariation=No	Intonation=Falling	_	_	_	_	_
673-2	PST017	673	2	la	la	_	_	_	_	_	linguistic	_	ContainsVariation=No	_	_	_	_	_	_
673-3	PST017	673	3	donna	donna	_	_	_	_	_	linguistic	_	ContainsVariation=No	_	_	_	_	_	_
673-4	PST017	673	4	è	è	_	_	_	_	_	linguistic	_	ContainsVariation=No	_	_	_	_	_	_
673-5	PST017	673	5	fatta	fatta	_	_	_	_	_	linguistic	_	ContainsVariation=No	_	_	_	_	_	_
673-6	PST017	673	6	per	per	_	_	_	_	_	linguistic	_	ContainsVariation=No	_	_	_	_	_	_
673-7	PST017	673	7	questo,	questo	_	_	_	_	_	linguistic	_	ContainsVariation=No	Intonation=WeaklyRising	End=1748.325	_	_	_	_
674-0	PST017	674	0	invece	invece	_	_	_	_	_	linguistic	_	ContainsVariation=No	_	Begin=1748.525	_	_	_	_
674-1	PST017	674	1	l'	l'	_	_	_	_	_	linguistic	_	ContainsVariation=No	SpaceAfter=No	_	_	_	_	_
674-2	PST017	674	2	uomo:	uomo	_	_	_	_	_	linguistic	_	ContainsVariation=No	_	_	3x1	_	_	_
674-3	PST017	674	3	è	è	_	_	_	_	_	linguistic	_	ContainsVariation=No	_	_	_	_	_	_
674-4	PST017	674	4	un	un	_	_	_	_	_	linguistic	_	ContainsVariation=No	_	End=1750.255	_	_	_	_
675-0	PST017	675	0	è	è	_	_	_	_	_	linguistic	_	ContainsVariation=No	_	Begin=1750.755	_	_	_	_
675-1	PST017	675	1	fatto	fatto	_	_	_	_	_	linguistic	_	ContainsVariation=No	_	_	_	_	_	_
675-2	PST017	675	2	in	in	_	_	_	_	_	linguistic	_	ContainsVariation=No	_	_	_	_	_	_
675-3	PST017	675	3	un	un	_	_	_	_	_	linguistic	_	ContainsVariation=No	_	_	_	_	_	_
675-4	PST017	675	4	altro	altro	_	_	_	_	_	linguistic	_	ContainsVariation=No	_	_	_	_	_	_
675-5	PST017	675	5	modo.	modo	_	_	_	_	_	linguistic	_	ContainsVariation=No	Intonation=Falling	_	_	_	_	_
675-6	PST017	675	6	>nel	nel	_	_	_	_	_	linguistic	_	ContainsVariation=No	_	_	_	Fast=0-3(0)	_	_
675-7	PST017	675	7	senso	senso	_	_	_	_	_	linguistic	_	ContainsVariation=No	_	_	_	Fast=0-5(0)	_	_
675-8	PST017	675	8	lui	lui	_	_	_	_	_	linguistic	_	ContainsVariation=No	_	_	_	Fast=0-3(0)	_	_
675-9	PST017	675	9	deve<	deve	_	_	_	_	_	linguistic	_	ContainsVariation=No	_	End=1752.795	_	Fast=0-4(0)	_	_
676-0	PST017	676	0	lavorare,	lavorare	_	_	_	_	_	linguistic	_	ContainsVariation=No	Intonation=WeaklyRising	Begin=1753.1	_	_	_	_
676-1	PST017	676	1	e	e	_	_	_	_	_	linguistic	_	ContainsVariation=No	_	_	_	_	_	_
676-2	PST017	676	2	basta.	basta	_	_	_	_	_	linguistic	_	ContainsVariation=No	Intonation=Falling	_	_	_	_	_
676-3	PST017	676	3	nel	nel	_	_	_	_	_	linguistic	_	ContainsVariation=No	_	_	_	_	_	_
676-4	PST017	676	4	senso:	senso	_	_	_	_	_	linguistic	_	ContainsVariation=No	_	End=1755.57	4x1	_	_	_
677-0	PST017	677	0	invece	invece	_	_	_	_	_	linguistic	_	ContainsVariation=No	_	Begin=1757.19	_	_	_	_
677-1	PST017	677	1	la	la	_	_	_	_	_	linguistic	_	ContainsVariation=No	_	_	_	_	_	_
677-2	PST017	677	2	donna	donna	_	_	_	_	_	linguistic	_	ContainsVariation=No	_	_	_	_	_	_
677-3	PST017	677	3	>ultimamente	ultimamente	_	_	_	_	_	linguistic	_	ContainsVariation=No	_	_	_	Fast=0-11(0)	_	_
677-4	PST017	677	4	visto	visto	_	_	_	_	_	linguistic	_	ContainsVariation=No	_	_	_	Fast=0-5(0)	_	_
677-5	PST017	677	5	che<	che	_	_	_	_	_	linguistic	_	ContainsVariation=No	_	_	_	Fast=0-3(0)	_	_
677-6	PST017	677	6	molte	molte	_	_	_	_	_	linguistic	_	ContainsVariation=No	_	_	_	_	_	_
677-7	PST017	677	7	donne,	donne	_	_	_	_	_	linguistic	_	ContainsVariation=No	Intonation=WeaklyRising	End=1759.81	_	_	_	_
678-0	PST017	678	0	lavoran	lavoran	_	_	_	_	_	linguistic	_	ContainsVariation=No	_	Begin=1759.975	_	_	_	_
678-1	PST017	678	1	sia	sia	_	_	_	_	_	linguistic	_	ContainsVariation=No	_	_	_	_	_	_
678-2	PST017	678	2	fuori,	fuori	_	_	_	_	_	linguistic	_	ContainsVariation=No	Intonation=WeaklyRising	End=1761.325	_	_	_	_
679-0	PST017	679	0	che:	che	_	_	_	_	_	linguistic	_	ContainsVariation=No	_	Begin=1761.41	2x1	_	_	_
679-1	PST017	679	1	dentro,	dentro	_	_	_	_	_	linguistic	_	ContainsVariation=No	Intonation=WeaklyRising	_	_	_	_	_
679-2	PST017	679	2	>nel	nel	_	_	_	_	_	linguistic	_	ContainsVariation=No	_	_	_	Fast=0-3(0)	_	_
679-3	PST017	679	3	senso	senso	_	_	_	_	_	linguistic	_	ContainsVariation=No	_	_	_	Fast=0-5(0)	_	_
679-4	PST017	679	4	la	la	_	_	_	_	_	linguistic	_	ContainsVariation=No	_	_	_	Fast=0-2(0)	_	_
679-5	PST017	679	5	donna<	donna	_	_	_	_	_	linguistic	_	ContainsVariation=No	_	End=1763.36	_	Fast=0-5(0)	_	_
680-0	PST017	680	0	lavora	lavora	_	_	_	_	_	linguistic	_	ContainsVariation=No	_	Begin=1763.53	_	_	_	_
680-1	PST017	680	1	fuori,	fuori	_	_	_	_	_	linguistic	_	ContainsVariation=No	Intonation=WeaklyRising	_	_	_	_	_
680-2	PST017	680	2	poi	poi	_	_	_	_	_	linguistic	_	ContainsVariation=No	_	_	_	_	_	_
680-3	PST017	680	3	torna	torna	_	_	_	_	_	linguistic	_	ContainsVariation=No	_	_	_	_	_	_
680-4	PST017	680	4	a	a	_	_	_	_	_	linguistic	_	ContainsVariation=No	_	_	_	_	_	_
680-5	PST017	680	5	casa	casa	_	_	_	_	_	linguistic	_	ContainsVariation=No	_	_	_	_	_	_
680-6	PST017	680	6	e	e	_	_	_	_	_	linguistic	_	ContainsVariation=No	_	_	_	_	_	_
680-7	PST017	680	7	deve	deve	_	_	_	_	_	linguistic	_	ContainsVariation=No	_	_	_	_	_	_
680-8	PST017	680	8	lo	lo	_	_	_	_	_	linguistic	_	ContainsVariation=No	_	_	_	_	_	_
680-9	PST017	680	9	stesso	stesso	_	_	_	_	_	linguistic	_	ContainsVariation=No	_	_	_	_	_	_
680-10	PST017	680	10	pulire,	pulire	_	_	_	_	_	linguistic	_	ContainsVariation=No	Intonation=WeaklyRising	_	_	_	_	_
680-11	PST017	680	11	cucinare,	cucinare	_	_	_	_	_	linguistic	_	ContainsVariation=No	Intonation=WeaklyRising	_	_	_	_	_
680-12	PST017	680	12	eccetera.	eccetera	_	_	_	_	_	linguistic	_	ContainsVariation=No	Intonation=Falling	_	_	_	_	_
680-13	PST017	680	13	l'	l'	_	_	_	_	_	linguistic	_	ContainsVariation=No	SpaceAfter=No	_	_	_	_	_
680-14	PST017	680	14	uomo	uomo	_	_	_	_	_	linguistic	_	ContainsVariation=No	_	_	_	_	_	_
680-15	PST017	680	15	invece	invece	_	_	_	_	_	linguistic	_	ContainsVariation=No	_	_	_	_	_	_
680-16	PST017	680	16	ultimamente,	ultimamente	_	_	_	_	_	linguistic	_	ContainsVariation=No	Intonation=WeaklyRising	End=1769.47	_	_	_	_
681-0	PST017	681	0	lavora	lavora	_	_	_	_	_	linguistic	_	ContainsVariation=No	_	Begin=1769.88	_	_	_	_
681-1	PST017	681	1	fuori	fuori	_	_	_	_	_	linguistic	_	ContainsVariation=No	_	_	_	_	_	_
681-2	PST017	681	2	e	e	_	_	_	_	_	linguistic	_	ContainsVariation=No	_	_	_	_	_	_
681-3	PST017	681	3	basta.	basta	_	_	_	_	_	linguistic	_	ContainsVariation=No	Intonation=Falling	_	_	_	_	_
681-4	PST017	681	4	>cioè	cioè	_	_	_	_	_	linguistic	_	ContainsVariation=No	_	_	_	Fast=0-4(0)	_	_
681-5	PST017	681	5	se	se	_	_	_	_	_	linguistic	_	ContainsVariation=No	_	_	_	Fast=0-2(0)	_	_
681-6	PST017	681	6	non	non	_	_	_	_	_	linguistic	_	ContainsVariation=No	_	_	_	Fast=0-3(0)	_	_
681-7	PST017	681	7	aiuta<	aiuta	_	_	_	_	_	linguistic	_	ContainsVariation=No	_	_	_	Fast=0-5(0)	_	_
681-8	PST017	681	8	a	a	_	_	_	_	_	linguistic	_	ContainsVariation=No	_	_	_	_	_	_
681-9	PST017	681	9	casa.	casa	_	_	_	_	_	linguistic	_	ContainsVariation=No	Intonation=Falling	End=1772.79	_	_	_	_
682-0	PST206	682	0	e:	e	_	_	_	_	_	linguistic	_	ContainsVariation=No	_	Begin=1774.26	0x1	_	_	_
682-1	PST206	682	1	cosa	cosa	_	_	_	_	_	linguistic	_	ContainsVariation=No	_	_	_	_	_	_
682-2	PST206	682	2	ne	ne	_	_	_	_	_	linguistic	_	ContainsVariation=No	_	_	_	_	_	_
682-3	PST206	682	3	pensi	pensi	_	_	_	_	_	linguistic	_	ContainsVariation=No	_	_	_	_	_	_
682-4	PST206	682	4	invece	invece	_	_	_	_	_	linguistic	_	ContainsVariation=No	_	_	_	_	_	_
682-5	PST206	682	5	della	della	_	_	_	_	_	linguistic	_	ContainsVariation=No	_	_	_	_	_	_
682-6	PST206	682	6	cultura	cultura	_	_	_	_	_	linguistic	_	ContainsVariation=No	_	_	_	_	_	_
682-7	PST206	682	7	italiana.	italiana	_	_	_	_	_	linguistic	_	ContainsVariation=No	Intonation=Falling	_	_	_	_	_
682-8	PST206	682	8	>hai	hai	_	_	_	_	_	linguistic	_	ContainsVariation=No	_	_	_	Fast=0-3(0)	_	_
682-9	PST206	682	9	detto<	detto	_	_	_	_	_	linguistic	_	ContainsVariation=No	_	_	_	Fast=0-5(0)	_	_
682-10	PST206	682	10	che	che	_	_	_	_	_	linguistic	_	ContainsVariation=No	_	_	_	_	_	_
682-11	PST206	682	11	comunque	comunque	_	_	_	_	_	linguistic	_	ContainsVariation=No	_	_	_	_	_	_
682-12	PST206	682	12	a	a	_	_	_	_	_	linguistic	_	ContainsVariation=No	_	_	_	_	_	_
682-13	PST206	682	13	te	te	_	_	_	_	_	linguistic	_	ContainsVariation=No	_	_	_	_	_	_
682-14	PST206	682	14	piace,	piace	_	_	_	_	_	linguistic	_	ContainsVariation=No	Intonation=WeaklyRising	End=1777.93	_	_	_	_
683-0	PST017	683	0	ehm:	ehm	_	_	_	_	_	linguistic	_	ContainsVariation=No	PauseAfter=Yes	Begin=1778.4	2x1	_	_	_
683-1	PST017	683	1	(.)	(.)	_	_	_	_	_	shortpause	_	ContainsVariation=No	_	_	_	_	_	_
683-2	PST017	683	2	sì,	sì	_	_	_	_	_	linguistic	_	ContainsVariation=No	Intonation=WeaklyRising	_	_	_	_	_
683-3	PST017	683	3	mi	mi	_	_	_	_	_	linguistic	_	ContainsVariation=No	_	_	_	_	_	_
683-4	PST017	683	4	piacciono:	piacciono	_	_	_	_	_	linguistic	_	ContainsVariation=No	_	End=1781.56	8x1	_	_	_
684-0	PST017	684	0	ehm,	ehm	_	_	_	_	_	linguistic	_	ContainsVariation=No	Intonation=WeaklyRising	Begin=1781.98	_	_	_	_
684-1	PST017	684	1	molte	molte	_	_	_	_	_	linguistic	_	ContainsVariation=No	_	_	_	_	_	_
684-2	PST017	684	2	cose.	cose	_	_	_	_	_	linguistic	_	ContainsVariation=No	Intonation=Falling	_	_	_	_	_
684-3	PST017	684	3	>nel	nel	_	_	_	_	_	linguistic	_	ContainsVariation=No	_	_	_	Fast=0-3(0)	_	_
684-4	PST017	684	4	senso<	senso	_	_	_	_	_	linguistic	_	ContainsVariation=No	_	_	_	Fast=0-5(0)	_	_
684-5	PST017	684	5	la	la	_	_	_	_	_	linguistic	_	ContainsVariation=No	_	_	_	_	_	_
684-6	PST017	684	6	cucina	cucina	_	_	_	_	_	linguistic	_	ContainsVariation=No	_	_	_	_	_	_
684-7	PST017	684	7	sempre	sempre	_	_	_	_	_	linguistic	_	ContainsVariation=No	_	_	_	_	_	_
684-8	PST017	684	8	mi	mi	_	_	_	_	_	linguistic	_	ContainsVariation=No	_	_	_	_	_	_
684-9	PST017	684	9	piace	piace	_	_	_	_	_	linguistic	_	ContainsVariation=No	_	_	_	_	_	_
684-10	PST017	684	10	molto,	molto	_	_	_	_	_	linguistic	_	ContainsVariation=No	Intonation=WeaklyRising	End=1785.6	_	_	_	_
685-0	PST017	685	0	((ride))	((ride))	_	_	_	_	_	nonverbalbehavior	_	ContainsVariation=No	_	Begin=1785.975	_	_	_	_
685-1	PST017	685	1	e:	e	_	_	_	_	_	linguistic	_	ContainsVariation=No	_	End=1787.325	0x1	_	_	_
686-0	PST017	686	0	poi:	poi	_	_	_	_	_	linguistic	_	ContainsVariation=No	_	Begin=1788.765|End=1789.865	2x1	_	_	_
687-0	PST206	687	0	qual	qual	_	_	_	_	_	linguistic	_	ContainsVariation=No	_	Begin=1791.4	_	_	_	_
687-1	PST206	687	1	è	è	_	_	_	_	_	linguistic	_	ContainsVariation=No	_	_	_	_	_	_
687-2	PST206	687	2	l'	l'	_	_	_	_	_	linguistic	_	ContainsVariation=No	SpaceAfter=No	_	_	_	_	_
687-3	PST206	687	3	aspetto	aspetto	_	_	_	_	_	linguistic	_	ContainsVariation=No	_	_	_	_	_	_
687-4	PST206	687	4	che	che	_	_	_	_	_	linguistic	_	ContainsVariation=No	_	_	_	_	_	_
687-5	PST206	687	5	magari::	magari	_	_	_	_	_	linguistic	_	ContainsVariation=No	_	_	5x2	_	_	_
687-6	PST206	687	6	vivendo	vivendo	_	_	_	_	_	linguistic	_	ContainsVariation=No	_	_	_	_	_	_
687-7	PST206	687	7	qui	qui	_	_	_	_	_	linguistic	_	ContainsVariation=No	_	_	_	_	_	_
687-8	PST206	687	8	a	a	_	_	_	_	_	linguistic	_	ContainsVariation=No	_	_	_	_	_	_
687-9	PST206	687	9	torino::	torino	_	_	_	_	_	linguistic	_	ContainsVariation=No	_	_	5x2	_	_	_
687-10	PST206	687	10	e	e	_	_	_	_	_	linguistic	_	ContainsVariation=No	_	_	_	_	_	_
687-11	PST206	687	11	comunque	comunque	_	_	_	_	_	linguistic	_	ContainsVariation=No	_	_	_	_	_	_
687-12	PST206	687	12	in	in	_	_	_	_	_	linguistic	_	ContainsVariation=No	_	_	_	_	_	_
687-13	PST206	687	13	italia:	italia	_	_	_	_	_	linguistic	_	ContainsVariation=No	_	_	5x1	_	_	_
687-14	PST206	687	14	non	non	_	_	_	_	_	linguistic	_	ContainsVariation=No	_	_	_	_	_	_
687-15	PST206	687	15	ti	ti	_	_	_	_	_	linguistic	_	ContainsVariation=No	_	_	_	_	_	_
687-16	PST206	687	16	è	è	_	_	_	_	_	linguistic	_	ContainsVariation=No	_	_	_	_	_	_
687-17	PST206	687	17	piaciuto	piaciuto	_	_	_	_	_	linguistic	_	ContainsVariation=No	_	_	_	_	_	_
687-18	PST206	687	18	di	di	_	_	_	_	_	linguistic	_	ContainsVariation=No	_	_	_	_	_	_
687-19	PST206	687	19	più	più	_	_	_	_	_	linguistic	_	ContainsVariation=No	_	_	_	_	_	_
687-20	PST206	687	20	o	o	_	_	_	_	_	linguistic	_	ContainsVariation=No	_	_	_	_	_	_
687-21	PST206	687	21	comunque	comunque	_	_	_	_	_	linguistic	_	ContainsVariation=No	_	_	_	_	_	_
687-22	PST206	687	22	ti	ti	_	_	_	_	_	linguistic	_	ContainsVariation=No	_	_	_	_	_	_
687-23	PST206	687	23	è	è	_	_	_	_	_	linguistic	_	ContainsVariation=No	_	_	_	_	_	_
687-24	PST206	687	24	piaciuto.	piaciuto	_	_	_	_	_	linguistic	_	ContainsVariation=No	Intonation=Falling	End=1798.48	_	_	_	_
688-0	PST206	688	0	cioè	cioè	_	_	_	_	_	linguistic	_	ContainsVariation=No	_	Begin=1798.93	_	_	_	_
688-1	PST206	688	1	gli	gli	_	_	_	_	_	linguistic	_	ContainsVariation=No	_	_	_	_	_	_
688-2	PST206	688	2	aspetti	aspetti	_	_	_	_	_	linguistic	_	ContainsVariation=No	_	_	_	_	_	_
688-3	PST206	688	3	che	che	_	_	_	_	_	linguistic	_	ContainsVariation=No	_	_	_	_	_	_
688-4	PST206	688	4	ti	ti	_	_	_	_	_	linguistic	_	ContainsVariation=No	_	_	_	_	_	_
688-5	PST206	688	5	so~	so~	_	_	_	_	_	linguistic	_	ContainsVariation=No	Interrupted=Yes	_	_	_	_	_
688-6	PST206	688	6	un	un	_	_	_	_	_	linguistic	_	ContainsVariation=No	_	_	_	_	_	_
688-7	PST206	688	7	aspe~	aspe~	_	_	_	_	_	linguistic	_	ContainsVariation=No	Interrupted=Yes	_	_	_	_	_
688-8	PST206	688	8	qualche	qualche	_	_	_	_	_	linguistic	_	ContainsVariation=No	_	_	_	_	_	_
688-9	PST206	688	9	aspetto	aspetto	_	_	_	_	_	linguistic	_	ContainsVariation=No	_	_	_	_	_	_
688-10	PST206	688	10	che	che	_	_	_	_	_	linguistic	_	ContainsVariation=No	_	_	_	_	_	_
688-11	PST206	688	11	ti	ti	_	_	_	_	_	linguistic	_	ContainsVariation=No	_	_	_	_	_	_
688-12	PST206	688	12	è	è	_	_	_	_	_	linguistic	_	ContainsVariation=No	_	_	_	_	_	_
688-13	PST206	688	13	piaciuto	piaciuto	_	_	_	_	_	linguistic	_	ContainsVariation=No	_	_	_	_	_	_
688-14	PST206	688	14	maggiormente,	maggiormente	_	_	_	_	_	linguistic	_	ContainsVariation=No	Intonation=WeaklyRising	End=1802.71	_	_	_	_
689-0	PST017	689	0	vivendo	vivendo	_	_	_	_	_	linguistic	_	ContainsVariation=No	_	Begin=1802.875	_	_	_	_
689-1	PST017	689	1	qui	qui	_	_	_	_	_	linguistic	_	ContainsVariation=No	_	_	_	_	_	_
689-2	PST017	689	2	in	in	_	_	_	_	_	linguistic	_	ContainsVariation=No	_	_	_	_	_	_
689-3	PST017	689	3	[italia]?	italia	_	_	_	_	_	linguistic	_	ContainsVariation=No	Intonation=Rising	End=1804.125	_	_	_	0-6(34)
690-0	PST206	690	0	[vivendo]	vivendo	_	_	_	_	_	linguistic	_	ContainsVariation=No	_	Begin=1803.835	_	_	_	0-7(34)
690-1	PST206	690	1	qui	qui	_	_	_	_	_	linguistic	_	ContainsVariation=No	_	_	_	_	_	_
690-2	PST206	690	2	in	in	_	_	_	_	_	linguistic	_	ContainsVariation=No	_	_	_	_	_	_
690-3	PST206	690	3	italia	italia	_	_	_	_	_	linguistic	_	ContainsVariation=No	_	End=1805.135	_	_	_	_
691-0	PST017	691	0	e:hm	ehm	_	_	_	_	_	linguistic	_	ContainsVariation=No	_	Begin=1805.63|End=1806.5	0x1	_	_	_
692-0	PST017	692	0	che~	che~	_	_	_	_	_	linguistic	_	ContainsVariation=No	Interrupted=Yes	Begin=1808.11	_	_	_	_
692-1	PST017	692	1	e::	e	_	_	_	_	_	linguistic	_	ContainsVariation=No	_	_	0x2	_	_	_
692-2	PST017	692	2	la	la	_	_	_	_	_	linguistic	_	ContainsVariation=No	_	_	_	_	_	_
692-3	PST017	692	3	gent~	gent~	_	_	_	_	_	linguistic	_	ContainsVariation=No	Interrupted=Yes	_	_	_	_	_
692-4	PST017	692	4	>non	non	_	_	_	_	_	linguistic	_	ContainsVariation=No	_	_	_	Fast=0-3(0)	_	_
692-5	PST017	692	5	sempre	sempre	_	_	_	_	_	linguistic	_	ContainsVariation=No	_	_	_	Fast=0-6(0)	_	_
692-6	PST017	692	6	però<	però	_	_	_	_	_	linguistic	_	ContainsVariation=No	_	End=1810.77	_	Fast=0-4(0)	_	_
693-0	PST017	693	0	quasi	quasi	_	_	_	_	_	linguistic	_	ContainsVariation=No	_	Begin=1811.145	_	_	_	_
693-1	PST017	693	1	>nel	nel	_	_	_	_	_	linguistic	_	ContainsVariation=No	_	_	_	Fast=0-3(0)	_	_
693-2	PST017	693	2	se~	se~	_	_	_	_	_	linguistic	_	ContainsVariation=No	Interrupted=Yes	_	_	Fast=0-3(0)	_	_
693-3	PST017	693	3	non	non	_	_	_	_	_	linguistic	_	ContainsVariation=No	_	_	_	Fast=0-3(0)	_	_
693-4	PST017	693	4	sempre<	sempre	_	_	_	_	_	linguistic	_	ContainsVariation=No	_	_	_	Fast=0-6(0)	_	_
693-5	PST017	693	5	però	però	_	_	_	_	_	linguistic	_	ContainsVariation=No	_	_	_	_	_	_
693-6	PST017	693	6	la	la	_	_	_	_	_	linguistic	_	ContainsVariation=No	_	_	_	_	_	_
693-7	PST017	693	7	gente	gente	_	_	_	_	_	linguistic	_	ContainsVariation=No	_	_	_	_	_	_
693-8	PST017	693	8	non::	non	_	_	_	_	_	linguistic	_	ContainsVariation=No	_	End=1814.765	2x2	_	_	_
694-0	PST017	694	0	non:	non	_	_	_	_	_	linguistic	_	ContainsVariation=No	_	Begin=1815.47	2x1	_	_	_
694-1	PST017	694	1	m::h	mh	_	_	_	_	_	linguistic	_	ContainsVariation=No	_	_	0x2	_	_	_
694-2	PST017	694	2	non:	non	_	_	_	_	_	linguistic	_	ContainsVariation=No	_	End=1817.34	2x1	_	_	_
695-0	PST017	695	0	non	non	_	_	_	_	_	linguistic	_	ContainsVariation=Yes	_	Begin=1817.47	_	_	_	_
695-1	PST017	695	1	#b-tǝdxal-sh	b-tǝdxal-sh	_	_	_	_	_	linguistic	_	ContainsVariation=Yes|Variety=Other|Language=NO_ISO_CODE	_	_	_	_	_	_
695-2	PST017	695	2	#f-ḥaya:t-ǝk	f-ḥayat-ǝk	_	_	_	_	_	linguistic	_	ContainsVariation=Yes|Variety=Other|Language=NO_ISO_CODE	_	End=1819.0	4x1	_	_	_
697-0	PST017	697	0	[ad	ad	_	_	_	_	_	linguistic	_	ContainsVariation=No	_	Begin=1819.185	_	_	_	0-2(35)
697-1	PST017	697	1	esempio],	esempio	_	_	_	_	_	linguistic	_	ContainsVariation=No	Intonation=WeaklyRising	_	_	_	_	0-7(35)
697-2	PST017	697	2	ti	ti	_	_	_	_	_	linguistic	_	ContainsVariation=No	_	_	_	_	_	_
697-3	PST017	697	3	lascia::	lascia	_	_	_	_	_	linguistic	_	ContainsVariation=No	_	End=1820.405	5x2	_	_	_
699-0	PST206	699	0	[mh	mh	_	_	_	_	_	linguistic	_	ContainsVariation=No	_	Begin=1819.24	_	_	_	0-2(35)
699-1	PST206	699	1	mh]	mh	_	_	_	_	_	linguistic	_	ContainsVariation=No	_	End=1819.73	_	_	_	0-2(35)
700-0	PST017	700	0	#in-nēs	in-nēs	_	_	_	_	_	linguistic	_	ContainsVariation=Yes|Variety=Other|Language=NO_ISO_CODE	_	Begin=1820.74	_	_	_	_
700-1	PST017	700	1	#x	x	_	_	_	_	_	linguistic	_	ContainsVariation=Yes|Variety=Other|Language=NO_ISO_CODE	_	_	_	_	_	_
700-2	PST017	700	2	#bi-tdaxal	bi-tdaxal	_	_	_	_	_	linguistic	_	ContainsVariation=Yes|Variety=Other|Language=NO_ISO_CODE	_	_	_	_	_	_
700-3	PST017	700	3	ti	ti	_	_	_	_	_	linguistic	_	ContainsVariation=Yes	_	_	_	_	_	_
700-4	PST017	700	4	dice	dice	_	_	_	_	_	linguistic	_	ContainsVariation=Yes	_	_	_	_	_	_
700-5	PST017	700	5	cosa	cosa	_	_	_	_	_	linguistic	_	ContainsVariation=Yes	_	_	_	_	_	_
700-6	PST017	700	6	devi	devi	_	_	_	_	_	linguistic	_	ContainsVariation=Yes	_	_	_	_	_	_
700-7	PST017	700	7	fare	fare	_	_	_	_	_	linguistic	_	ContainsVariation=Yes	_	End=1823.42	_	_	_	_
702-0	PST017	702	0	cosa	cosa	_	_	_	_	_	linguistic	_	ContainsVariation=No	_	Begin=1823.495	_	_	_	_
702-1	PST017	702	1	non	non	_	_	_	_	_	linguistic	_	ContainsVariation=No	_	_	_	_	_	_
702-2	PST017	702	2	devi	devi	_	_	_	_	_	linguistic	_	ContainsVariation=No	_	_	_	_	_	_
702-3	PST017	702	3	fare,	fare	_	_	_	_	_	linguistic	_	ContainsVariation=No	Intonation=WeaklyRising	_	_	_	_	_
702-4	PST017	702	4	cosa	cosa	_	_	_	_	_	linguistic	_	ContainsVariation=No	_	_	_	_	_	_
702-5	PST017	702	5	hai	hai	_	_	_	_	_	linguistic	_	ContainsVariation=No	_	_	_	_	_	_
702-6	PST017	702	6	fatto	fatto	_	_	_	_	_	linguistic	_	ContainsVariation=No	_	End=1825.635	_	_	_	_
704-0	PST017	704	0	e:::h	eh	_	_	_	_	_	linguistic	_	ContainsVariation=No	_	Begin=1826.11	0x3	_	_	_
704-1	PST017	704	1	un'	un'	_	_	_	_	_	linguistic	_	ContainsVariation=No	Truncated=Yes	_	_	_	_	_
704-2	PST017	704	2	altra	altra	_	_	_	_	_	linguistic	_	ContainsVariation=No	_	_	_	_	_	_
704-3	PST017	704	3	cosa,	cosa	_	_	_	_	_	linguistic	_	ContainsVariation=No	Intonation=WeaklyRising	End=1828.91	_	_	_	_
705-0	PST017	705	0	però	però	_	_	_	_	_	linguistic	_	ContainsVariation=No	_	Begin=1828.96	_	_	_	_
705-1	PST017	705	1	questa	questa	_	_	_	_	_	linguistic	_	ContainsVariation=No	_	_	_	_	_	_
705-2	PST017	705	2	cosa	cosa	_	_	_	_	_	linguistic	_	ContainsVariation=No	_	_	_	_	_	_
705-3	PST017	705	3	me	me	_	_	_	_	_	linguistic	_	ContainsVariation=No	_	_	_	_	_	_
705-4	PST017	705	4	la	la	_	_	_	_	_	linguistic	_	ContainsVariation=No	_	_	_	_	_	_
705-5	PST017	705	5	s~	s~	_	_	_	_	_	linguistic	_	ContainsVariation=No	Interrupted=Yes	_	_	_	_	_
705-6	PST017	705	6	la	la	_	_	_	_	_	linguistic	_	ContainsVariation=No	_	_	_	_	_	_
705-7	PST017	705	7	sento	sento	_	_	_	_	_	linguistic	_	ContainsVariation=No	_	_	_	_	_	_
705-8	PST017	705	8	solo	solo	_	_	_	_	_	linguistic	_	ContainsVariation=No	_	_	_	_	_	_
705-9	PST017	705	9	ultimamente,	ultimamente	_	_	_	_	_	linguistic	_	ContainsVariation=No	Intonation=WeaklyRising	End=1831.83	_	_	_	_
706-0	PST017	706	0	che	che	_	_	_	_	_	linguistic	_	ContainsVariation=Yes	_	Begin=1832.92	_	_	_	_
706-1	PST017	706	1	le	le	_	_	_	_	_	linguistic	_	ContainsVariation=Yes	_	_	_	_	_	_
706-2	PST017	706	2	persone,	persone	_	_	_	_	_	linguistic	_	ContainsVariation=Yes	Intonation=WeaklyRising	_	_	_	_	_
706-3	PST017	706	3	>#yaʕni<	yaʕni	_	_	_	_	_	linguistic	_	ContainsVariation=Yes|Variety=Other|Language=NO_ISO_CODE	_	_	_	Fast=0-6(0)	_	_
706-4	PST017	706	4	non	non	_	_	_	_	_	linguistic	_	ContainsVariation=Yes	_	_	_	_	_	_
706-5	PST017	706	5	sono	sono	_	_	_	_	_	linguistic	_	ContainsVariation=Yes	_	_	_	_	_	_
706-6	PST017	706	6	#ijtimaʕī	ijtimaʕī	_	_	_	_	_	linguistic	_	ContainsVariation=Yes|Variety=Other|Language=NO_ISO_CODE	_	End=1836.51	_	_	_	_
708-0	PST017	708	0	ognuno	ognuno	_	_	_	_	_	linguistic	_	ContainsVariation=No	_	Begin=1836.87	_	_	_	_
708-1	PST017	708	1	è	è	_	_	_	_	_	linguistic	_	ContainsVariation=No	_	_	_	_	_	_
708-2	PST017	708	2	per~	per~	_	_	_	_	_	linguistic	_	ContainsVariation=No	Interrupted=Yes	_	_	_	_	_
708-3	PST017	708	3	>nel	nel	_	_	_	_	_	linguistic	_	ContainsVariation=No	_	_	_	Fast=0-3(0)	_	_
708-4	PST017	708	4	senso:<	senso	_	_	_	_	_	linguistic	_	ContainsVariation=No	_	End=1838.92	4x1	Fast=0-5(0)	_	_
709-0	PST017	709	0	#_ fi-l-ḥayr-uh	fi-l-ḥayr-uh	_	_	_	_	_	linguistic	_	ContainsVariation=Yes|Variety=Other|Language=NO_ISO_CODE	_	Begin=1839.57|End=1840.65	_	_	_	_
711-0	PST017	711	0	#mush	mush	_	_	_	_	_	linguistic	_	ContainsVariation=Yes|Variety=Other|Language=NO_ISO_CODE	_	Begin=1841.165	_	_	_	_
711-1	PST017	711	1	#ijtimaʕīn,	ijtimaʕīn	_	_	_	_	_	linguistic	_	ContainsVariation=Yes|Variety=Other|Language=NO_ISO_CODE	Intonation=WeaklyRising	_	_	_	_	_
711-2	PST017	711	2	>e	e	_	_	_	_	_	linguistic	_	ContainsVariation=Yes	_	_	_	Fast=0-1(0)	_	_
711-3	PST017	711	3	poi	poi	_	_	_	_	_	linguistic	_	ContainsVariation=Yes	_	_	_	Fast=0-3(0)	_	_
711-4	PST017	711	4	ultimamente	ultimamente	_	_	_	_	_	linguistic	_	ContainsVariation=Yes	_	_	_	Fast=0-11(0)	_	_
711-5	PST017	711	5	sento	sento	_	_	_	_	_	linguistic	_	ContainsVariation=Yes	_	_	_	Fast=0-5(0)	_	_
711-6	PST017	711	6	che:<	che	_	_	_	_	_	linguistic	_	ContainsVariation=Yes	_	_	2x1	Fast=0-3(0)	_	_
711-7	PST017	711	7	c'	c'	_	_	_	_	_	linguistic	_	ContainsVariation=Yes	SpaceAfter=No	_	_	_	_	_
711-8	PST017	711	8	è	è	_	_	_	_	_	linguistic	_	ContainsVariation=Yes	_	_	_	_	_	_
711-9	PST017	711	9	più	più	_	_	_	_	_	linguistic	_	ContainsVariation=Yes	_	_	_	_	_	_
711-10	PST017	711	10	razzismo	razzismo	_	_	_	_	_	linguistic	_	ContainsVariation=Yes	_	End=1845.755	_	_	_	_
713-0	PST017	713	0	con	con	_	_	_	_	_	linguistic	_	ContainsVariation=No	_	Begin=1846.47	_	_	_	_
713-1	PST017	713	1	tutti::>tutte	tuttitutte	_	_	_	_	_	linguistic	_	ContainsVariation=No	_	_	4x2	Fast=5-10(0)	_	_
713-2	PST017	713	2	le	le	_	_	_	_	_	linguistic	_	ContainsVariation=No	_	_	_	Fast=0-2(0)	_	_
713-3	PST017	713	3	cose	cose	_	_	_	_	_	linguistic	_	ContainsVariation=No	_	_	_	Fast=0-4(0)	_	_
713-4	PST017	713	4	che	che	_	_	_	_	_	linguistic	_	ContainsVariation=No	_	_	_	Fast=0-3(0)	_	_
713-5	PST017	713	5	stanno	stanno	_	_	_	_	_	linguistic	_	ContainsVariation=No	_	_	_	Fast=0-6(0)	_	_
713-6	PST017	713	6	succedendo<	succedendo	_	_	_	_	_	linguistic	_	ContainsVariation=No	_	_	_	Fast=0-10(0)	_	_
713-7	PST017	713	7	nel	nel	_	_	_	_	_	linguistic	_	ContainsVariation=No	_	_	_	_	_	_
713-8	PST017	713	8	mondo,	mondo	_	_	_	_	_	linguistic	_	ContainsVariation=No	Intonation=WeaklyRising	_	_	_	_	_
713-9	PST017	713	9	le	le	_	_	_	_	_	linguistic	_	ContainsVariation=No	_	_	_	_	_	_
713-10	PST017	713	10	persone	persone	_	_	_	_	_	linguistic	_	ContainsVariation=No	_	_	_	_	_	_
713-11	PST017	713	11	diventano	diventano	_	_	_	_	_	linguistic	_	ContainsVariation=No	_	_	_	_	_	_
713-12	PST017	713	12	più	più	_	_	_	_	_	linguistic	_	ContainsVariation=No	_	_	_	_	_	_
713-13	PST017	713	13	razziste.	razziste	_	_	_	_	_	linguistic	_	ContainsVariation=No	Intonation=Falling	End=1851.97	_	_	_	_
714-0	PST206	714	0	[e	e	_	_	_	_	_	linguistic	_	ContainsVariation=No	_	Begin=1853.3	_	_	_	0-1(41)
714-1	PST206	714	1	la]	la	_	_	_	_	_	linguistic	_	ContainsVariation=No	_	_	_	_	_	0-2(41)
714-2	PST206	714	2	soprattutto	soprattutto	_	_	_	_	_	linguistic	_	ContainsVariation=No	_	_	_	_	_	_
714-3	PST206	714	3	con	con	_	_	_	_	_	linguistic	_	ContainsVariation=No	_	_	_	_	_	_
714-4	PST206	714	4	la	la	_	_	_	_	_	linguistic	_	ContainsVariation=No	_	_	_	_	_	_
714-5	PST206	714	5	nuova	nuova	_	_	_	_	_	linguistic	_	ContainsVariation=No	_	_	_	_	_	_
714-6	PST206	714	6	politica:	politica	_	_	_	_	_	linguistic	_	ContainsVariation=No	_	_	7x1	_	_	_
714-7	PST206	714	7	[che	che	_	_	_	_	_	linguistic	_	ContainsVariation=No	_	_	_	_	_	0-3(42)
714-8	PST206	714	8	abbiamo:]	abbiamo	_	_	_	_	_	linguistic	_	ContainsVariation=No	_	_	6x1	_	_	0-7(42)
714-9	PST206	714	9	((ride))	((ride))	_	_	_	_	_	nonverbalbehavior	_	ContainsVariation=No	_	End=1857.1	_	_	_	_
715-0	PST017	715	0	[sì]	sì	_	_	_	_	_	linguistic	_	ContainsVariation=No	_	Begin=1853.64|End=1854.09	_	_	_	0-2(41)
716-0	PST017	716	0	[esatto::	esatto	_	_	_	_	_	linguistic	_	ContainsVariation=No	_	Begin=1855.77	5x2	_	_	0-6(42)
716-1	PST017	716	1	esatto]	esatto	_	_	_	_	_	linguistic	_	ContainsVariation=No	_	_	_	_	_	0-6(42)
716-2	PST017	716	2	ancora	ancora	_	_	_	_	_	linguistic	_	ContainsVariation=No	_	_	_	_	_	_
716-3	PST017	716	3	di	di	_	_	_	_	_	linguistic	_	ContainsVariation=No	_	_	_	_	_	_
716-4	PST017	716	4	più.	più	_	_	_	_	_	linguistic	_	ContainsVariation=No	Intonation=Falling	End=1858.44	_	_	_	_
717-0	PST206	717	0	quanto	quanto	_	_	_	_	_	linguistic	_	ContainsVariation=No	_	Begin=1859.32	_	_	_	_
717-1	PST206	717	1	pensi	pensi	_	_	_	_	_	linguistic	_	ContainsVariation=No	_	_	_	_	_	_
717-2	PST206	717	2	di	di	_	_	_	_	_	linguistic	_	ContainsVariation=No	_	_	_	_	_	_
717-3	PST206	717	3	appartenere	appartenere	_	_	_	_	_	linguistic	_	ContainsVariation=No	_	_	_	_	_	_
717-4	PST206	717	4	alla	alla	_	_	_	_	_	linguistic	_	ContainsVariation=No	_	_	_	_	_	_
717-5	PST206	717	5	cultura	cultura	_	_	_	_	_	linguistic	_	ContainsVariation=No	_	_	_	_	_	_
717-6	PST206	717	6	italiana	italiana	_	_	_	_	_	linguistic	_	ContainsVariation=No	_	_	_	_	_	_
717-7	PST206	717	7	su	su	_	_	_	_	_	linguistic	_	ContainsVariation=No	_	_	_	_	_	_
717-8	PST206	717	8	una	una	_	_	_	_	_	linguistic	_	ContainsVariation=No	_	_	_	_	_	_
717-9	PST206	717	9	scala	scala	_	_	_	_	_	linguistic	_	ContainsVariation=No	_	_	_	_	_	_
717-10	PST206	717	10	da	da	_	_	_	_	_	linguistic	_	ContainsVariation=No	_	_	_	_	_	_
717-11	PST206	717	11	uno	uno	_	_	_	_	_	linguistic	_	ContainsVariation=No	_	_	_	_	_	_
717-12	PST206	717	12	a	a	_	_	_	_	_	linguistic	_	ContainsVariation=No	_	_	_	_	_	_
717-13	PST206	717	13	dieci?	dieci	_	_	_	_	_	linguistic	_	ContainsVariation=No	Intonation=Rising	End=1863.09	_	_	_	_
718-0	PST017	718	0	ehm	ehm	_	_	_	_	_	linguistic	_	ContainsVariation=No	_	Begin=1865.92|End=1866.61	_	_	_	_
719-0	PST017	719	0	mh	mh	_	_	_	_	_	linguistic	_	ContainsVariation=No	_	Begin=1869.12	_	_	_	_
719-1	PST017	719	1	quattro,	quattro	_	_	_	_	_	linguistic	_	ContainsVariation=No	Intonation=WeaklyRising	_	_	_	_	_
719-2	PST017	719	2	°[cinque]°	cinque	_	_	_	_	_	linguistic	_	ContainsVariation=No	Volume=low	End=1870.73	_	_	_	0-6(43)
720-0	PST206	720	0	[mentre]	mentre	_	_	_	_	_	linguistic	_	ContainsVariation=No	_	Begin=1870.51	_	_	_	0-6(43)
720-1	PST206	720	1	quella	quella	_	_	_	_	_	linguistic	_	ContainsVariation=No	_	_	_	_	_	_
720-2	PST206	720	2	araba?	araba	_	_	_	_	_	linguistic	_	ContainsVariation=No	Intonation=Rising	End=1871.81	_	_	_	_
721-0	PST017	721	0	e::h	eh	_	_	_	_	_	linguistic	_	ContainsVariation=No	_	Begin=1872.605	0x2	_	_	_
721-1	PST017	721	1	nove	nove	_	_	_	_	_	linguistic	_	ContainsVariation=No	_	End=1874.205	_	_	_	_
722-0	PST206	722	0	nove	nove	_	_	_	_	_	linguistic	_	ContainsVariation=No	_	Begin=1874.45|End=1875.33	_	_	_	_
723-0	PST206	723	0	l'	l'	_	_	_	_	_	linguistic	_	ContainsVariation=No	SpaceAfter=No	Begin=1875.885	_	_	_	_
723-1	PST206	723	1	intervista	intervista	_	_	_	_	_	linguistic	_	ContainsVariation=No	_	_	_	_	_	_
723-2	PST206	723	2	è	è	_	_	_	_	_	linguistic	_	ContainsVariation=No	_	_	_	_	_	_
723-3	PST206	723	3	finita,	finita	_	_	_	_	_	linguistic	_	ContainsVariation=No	Intonation=WeaklyRising	_	_	_	_	_
723-4	PST206	723	4	vuoi	vuoi	_	_	_	_	_	linguistic	_	ContainsVariation=No	_	_	_	_	_	_
723-5	PST206	723	5	aggiungere	aggiungere	_	_	_	_	_	linguistic	_	ContainsVariation=No	_	_	_	_	_	_
723-6	PST206	723	6	altro?	altro	_	_	_	_	_	linguistic	_	ContainsVariation=No	Intonation=Rising	End=1878.365	_	_	_	_
724-0	PST017	724	0	((ride))	((ride))	_	_	_	_	_	nonverbalbehavior	_	ContainsVariation=No	_	Begin=1878.38|End=1879.0	_	_	_	_
725-0	PST017	725	0	m:h,	mh	_	_	_	_	_	linguistic	_	ContainsVariation=No	Intonation=WeaklyRising	Begin=1879.515	0x1	_	_	_
725-1	PST017	725	1	no	no	_	_	_	_	_	linguistic	_	ContainsVariation=No	_	_	_	_	_	_
725-2	PST017	725	2	però	però	_	_	_	_	_	linguistic	_	ContainsVariation=No	_	End=1881.335	_	_	_	_
726-0	PST017	726	0	ti	ti	_	_	_	_	_	linguistic	_	ContainsVariation=No	_	Begin=1881.41	_	_	_	_
726-1	PST017	726	1	ringrazi[o]	ringrazio	_	_	_	_	_	linguistic	_	ContainsVariation=No	_	End=1882.4	_	_	_	8-9(46)
727-0	PST206	727	0	[gra]zie	grazie	_	_	_	_	_	linguistic	_	ContainsVariation=No	_	Begin=1882.37	_	_	_	0-3(46)
727-1	PST206	727	1	a	a	_	_	_	_	_	linguistic	_	ContainsVariation=No	_	_	_	_	_	_
727-2	PST206	727	2	te	te	_	_	_	_	_	linguistic	_	ContainsVariation=No	_	_	_	_	_	_
727-3	PST206	727	3	per	per	_	_	_	_	_	linguistic	_	ContainsVariation=No	_	_	_	_	_	_
727-4	PST206	727	4	la	la	_	_	_	_	_	linguistic	_	ContainsVariation=No	_	_	_	_	_	_
727-5	PST206	727	5	tua	tua	_	_	_	_	_	linguistic	_	ContainsVariation=No	_	_	_	_	_	_
727-6	PST206	727	6	collaborazione	collaborazione	_	_	_	_	_	linguistic	_	ContainsVariation=No	_	End=1884.18	_	_	_	_
728-0	PST017	728	0	e::hm	ehm	_	_	_	_	_	linguistic	_	ContainsVariation=No	_	Begin=1884.39	0x2	_	_	_
728-1	PST017	728	1	è	è	_	_	_	_	_	linguistic	_	ContainsVariation=No	_	_	_	_	_	_
728-2	PST017	728	2	stato	stato	_	_	_	_	_	linguistic	_	ContainsVariation=No	_	_	_	_	_	_
728-3	PST017	728	3	molto	molto	_	_	_	_	_	linguistic	_	ContainsVariation=No	_	_	_	_	_	_
728-4	PST017	728	4	divertente,	divertente	_	_	_	_	_	linguistic	_	ContainsVariation=No	Intonation=WeaklyRising	_	_	_	_	_
728-5	PST017	728	5	nel	nel	_	_	_	_	_	linguistic	_	ContainsVariation=No	_	_	_	_	_	_
728-6	PST017	728	6	senso:,	senso	_	_	_	_	_	linguistic	_	ContainsVariation=No	Intonation=WeaklyRising	_	4x1	_	_	_
728-7	PST017	728	7	e::h	eh	_	_	_	_	_	linguistic	_	ContainsVariation=No	_	_	0x2	_	_	_
728-8	PST017	728	8	poi	poi	_	_	_	_	_	linguistic	_	ContainsVariation=No	_	_	_	_	_	_
728-9	PST017	728	9	mi	mi	_	_	_	_	_	linguistic	_	ContainsVariation=No	_	_	_	_	_	_
728-10	PST017	728	10	hai	hai	_	_	_	_	_	linguistic	_	ContainsVariation=No	_	_	_	_	_	_
728-11	PST017	728	11	chiesto	chiesto	_	_	_	_	_	linguistic	_	ContainsVariation=No	_	_	_	_	_	_
728-12	PST017	728	12	anche	anche	_	_	_	_	_	linguistic	_	ContainsVariation=No	_	_	_	_	_	_
728-13	PST017	728	13	delle	delle	_	_	_	_	_	linguistic	_	ContainsVariation=No	_	_	_	_	_	_
728-14	PST017	728	14	domande	domande	_	_	_	_	_	linguistic	_	ContainsVariation=No	_	_	_	_	_	_
728-15	PST017	728	15	che	che	_	_	_	_	_	linguistic	_	ContainsVariation=No	_	_	_	_	_	_
728-16	PST017	728	16	non	non	_	_	_	_	_	linguistic	_	ContainsVariation=No	_	_	_	_	_	_
728-17	PST017	728	17	mi	mi	_	_	_	_	_	linguistic	_	ContainsVariation=No	_	_	_	_	_	_
728-18	PST017	728	18	sono	sono	_	_	_	_	_	linguistic	_	ContainsVariation=No	_	_	_	_	_	_
728-19	PST017	728	19	MAI	mai	_	_	_	_	_	linguistic	_	ContainsVariation=No	Volume=high	_	_	_	_	_
728-20	PST017	728	20	chiesta	chiesta	_	_	_	_	_	linguistic	_	ContainsVariation=No	_	_	_	_	_	_
728-21	PST017	728	21	neanch'	neanch'	_	_	_	_	_	linguistic	_	ContainsVariation=No	SpaceAfter=No	_	_	_	_	_
728-22	PST017	728	22	io	io	_	_	_	_	_	linguistic	_	ContainsVariation=No	_	End=1891.45	_	_	_	_
729-0	PST017	729	0	mi	mi	_	_	_	_	_	linguistic	_	ContainsVariation=No	_	Begin=1891.99	_	_	_	_
729-1	PST017	729	1	hai	hai	_	_	_	_	_	linguistic	_	ContainsVariation=No	_	_	_	_	_	_
729-2	PST017	729	2	fatto	fatto	_	_	_	_	_	linguistic	_	ContainsVariation=No	_	_	_	_	_	_
729-3	PST017	729	3	anche:	anche	_	_	_	_	_	linguistic	_	ContainsVariation=No	_	_	4x1	_	_	_
729-4	PST017	729	4	ragionare,	ragionare	_	_	_	_	_	linguistic	_	ContainsVariation=No	Intonation=WeaklyRising	_	_	_	_	_
729-5	PST017	729	5	riflettere,	riflettere	_	_	_	_	_	linguistic	_	ContainsVariation=No	Intonation=WeaklyRising	_	_	_	_	_
729-6	PST017	729	6	su	su	_	_	_	_	_	linguistic	_	ContainsVariation=No	_	_	_	_	_	_
729-7	PST017	729	7	quello	quello	_	_	_	_	_	linguistic	_	ContainsVariation=No	_	_	_	_	_	_
729-8	PST017	729	8	che	che	_	_	_	_	_	linguistic	_	ContainsVariation=No	_	End=1895.57	_	_	_	_
730-0	PST017	730	0	sulla	sulla	_	_	_	_	_	linguistic	_	ContainsVariation=No	_	Begin=1895.73	_	_	_	_
730-1	PST017	730	1	mia	mia	_	_	_	_	_	linguistic	_	ContainsVariation=No	_	_	_	_	_	_
730-2	PST017	730	2	vita,	vita	_	_	_	_	_	linguistic	_	ContainsVariation=No	Intonation=WeaklyRising	_	_	_	_	_
730-3	PST017	730	3	s~	s~	_	_	_	_	_	linguistic	_	ContainsVariation=No	Interrupted=Yes	_	_	_	_	_
730-4	PST017	730	4	dove	dove	_	_	_	_	_	linguistic	_	ContainsVariation=No	_	_	_	_	_	_
730-5	PST017	730	5	sto	sto	_	_	_	_	_	linguistic	_	ContainsVariation=No	_	_	_	_	_	_
730-6	PST017	730	6	vivendo,	vivendo	_	_	_	_	_	linguistic	_	ContainsVariation=No	Intonation=WeaklyRising	End=1898.36	_	_	_	_
731-0	PST017	731	0	e	e	_	_	_	_	_	linguistic	_	ContainsVariation=No	_	Begin=1898.6	_	_	_	_
731-1	PST017	731	1	su	su	_	_	_	_	_	linguistic	_	ContainsVariation=No	_	_	_	_	_	_
731-2	PST017	731	2	tutti	tutti	_	_	_	_	_	linguistic	_	ContainsVariation=No	_	_	_	_	_	_
731-3	PST017	731	3	i	i	_	_	_	_	_	linguistic	_	ContainsVariation=No	_	_	_	_	_	_
731-4	PST017	731	4	problemi	problemi	_	_	_	_	_	linguistic	_	ContainsVariation=No	_	_	_	_	_	_
731-5	PST017	731	5	che	che	_	_	_	_	_	linguistic	_	ContainsVariation=No	_	_	_	_	_	_
731-6	PST017	731	6	mi	mi	_	_	_	_	_	linguistic	_	ContainsVariation=No	_	_	_	_	_	_
731-7	PST017	731	7	hanno:	hanno	_	_	_	_	_	linguistic	_	ContainsVariation=No	_	_	4x1	_	_	_
731-8	PST017	731	8	che	che	_	_	_	_	_	linguistic	_	ContainsVariation=No	_	_	_	_	_	_
731-9	PST017	731	9	m::h	mh	_	_	_	_	_	linguistic	_	ContainsVariation=No	_	_	0x2	_	_	_
731-10	PST017	731	10	che	che	_	_	_	_	_	linguistic	_	ContainsVariation=No	_	_	_	_	_	_
731-11	PST017	731	11	ho	ho	_	_	_	_	_	linguistic	_	ContainsVariation=No	_	_	_	_	_	_
731-12	PST017	731	12	incontrato	incontrato	_	_	_	_	_	linguistic	_	ContainsVariation=No	_	End=1902.24	_	_	_	_
732-0	PST017	732	0	in	in	_	_	_	_	_	linguistic	_	ContainsVariation=No	_	Begin=1902.32	_	_	_	_
732-1	PST017	732	1	tutto	tutto	_	_	_	_	_	linguistic	_	ContainsVariation=No	_	_	_	_	_	_
732-2	PST017	732	2	questo	questo	_	_	_	_	_	linguistic	_	ContainsVariation=No	_	_	_	_	_	_
732-3	PST017	732	3	percorso.	percorso	_	_	_	_	_	linguistic	_	ContainsVariation=No	Intonation=Falling	_	_	_	_	_
732-4	PST017	732	4	da	da	_	_	_	_	_	linguistic	_	ContainsVariation=No	_	_	_	_	_	_
732-5	PST017	732	5	quando	quando	_	_	_	_	_	linguistic	_	ContainsVariation=No	_	_	_	_	_	_
732-6	PST017	732	6	sono	sono	_	_	_	_	_	linguistic	_	ContainsVariation=No	_	_	_	_	_	_
732-7	PST017	732	7	e:h	eh	_	_	_	_	_	linguistic	_	ContainsVariation=No	_	_	0x1	_	_	_
732-8	PST017	732	8	arrivata	arrivata	_	_	_	_	_	linguistic	_	ContainsVariation=No	_	_	_	_	_	_
732-9	PST017	732	9	in	in	_	_	_	_	_	linguistic	_	ContainsVariation=No	_	_	_	_	_	_
732-10	PST017	732	10	italia.	italia	_	_	_	_	_	linguistic	_	ContainsVariation=No	Intonation=Falling	End=1905.95	_	_	_	_
733-0	PST206	733	0	sono	sono	_	_	_	_	_	linguistic	_	ContainsVariation=No	_	Begin=1906.06	_	_	_	_
733-1	PST206	733	1	contenta.	contenta	_	_	_	_	_	linguistic	_	ContainsVariation=No	Intonation=Falling	_	_	_	_	_
733-2	PST206	733	2	grazie	grazie	_	_	_	_	_	linguistic	_	ContainsVariation=No	_	End=1908.51	_	_	_	_
