token_id	speaker	tu_id	id	span	form	lemma	upos	xpos	feats	deprel	type	meta_label	variation	jefferson_feats	align	prolongations	pace	guesses	overlaps
0-0	PST213	0	0	o:k	ok	_	_	_	_	_	linguistic	_	none	_	Begin=0.377|End=1.008	0x1	_	_	_
1-0	PST213	1	0	e:h	eh	_	_	_	_	_	linguistic	_	none	_	Begin=3.25	0x1	_	_	_
1-1	PST213	1	1	ciao.	ciao	_	_	_	_	_	linguistic	_	none	Intonation=Falling	End=4.32	_	_	_	_
2-0	PST051	2	0	[ciao	ciao	_	_	_	_	_	linguistic	_	none	_	Begin=4.33	_	_	_	0-4(0)
2-1	PST051	2	1	((ride))]	((ride))	_	_	_	_	_	nonverbalbehavior	_	none	_	End=5.31	_	_	_	X(0)
3-0	PST213	3	0	((ride))	((ride))	_	_	_	_	_	nonverbalbehavior	_	none	_	Begin=4.331|End=5.792	_	_	_	_
4-0	PST213	4	0	non	non	_	_	_	_	_	linguistic	_	none	_	Begin=5.98	_	_	_	_
4-1	PST213	4	1	so	so	_	_	_	_	_	linguistic	_	none	_	_	_	_	_	_
4-2	PST213	4	2	se	se	_	_	_	_	_	linguistic	_	none	_	_	_	_	_	_
4-3	PST213	4	3	hai	hai	_	_	_	_	_	linguistic	_	none	_	_	_	_	_	_
4-4	PST213	4	4	sentito	sentito	_	_	_	_	_	linguistic	_	none	_	_	_	_	_	_
4-5	PST213	4	5	prima	prima	_	_	_	_	_	linguistic	_	none	_	_	_	_	_	_
4-6	PST213	4	6	quello	quello	_	_	_	_	_	linguistic	_	none	_	_	_	_	_	_
4-7	PST213	4	7	che	che	_	_	_	_	_	linguistic	_	none	_	_	_	_	_	_
4-8	PST213	4	8	dicevamo:	dicevamo	_	_	_	_	_	linguistic	_	none	_	End=8.37	7x1	_	_	_
5-0	PST051	5	0	sì	sì	_	_	_	_	_	linguistic	_	none	_	Begin=8.4	_	_	_	_
5-1	PST051	5	1	più	più	_	_	_	_	_	linguistic	_	none	_	_	_	_	_	_
5-2	PST051	5	2	o	o	_	_	_	_	_	linguistic	_	none	_	_	_	_	_	_
5-3	PST051	5	3	meno	meno	_	_	_	_	_	linguistic	_	none	PauseAfter=Yes	_	_	_	_	_
5-4	PST051	5	4	(.)	(.)	_	_	_	_	_	shortpause	_	none	_	_	_	_	_	_
5-5	PST051	5	5	un	un	_	_	_	_	_	linguistic	_	none	_	_	_	_	_	_
5-6	PST051	5	6	po'	po'	_	_	_	_	_	linguistic	_	none	_	_	_	_	_	_
5-7	PST051	5	7	o	o	_	_	_	_	_	linguistic	_	none	_	_	_	_	_	_
5-8	PST051	5	8	qualcosina	qualcosina	_	_	_	_	_	linguistic	_	none	_	End=11.07	_	_	_	_
6-0	PST213	6	0	okay	okay	_	_	_	_	_	linguistic	_	none	_	Begin=11.08	_	_	_	_
6-1	PST213	6	1	siamo	siamo	_	_	_	_	_	linguistic	_	none	_	_	_	_	_	_
6-2	PST213	6	2	dell'	dell'	_	_	_	_	_	linguistic	_	none	SpaceAfter=No	_	_	_	_	_
6-3	PST213	6	3	università,	università	_	_	_	_	_	linguistic	_	none	Intonation=WeaklyRising	End=12.94	_	_	_	_
7-0	PST051	7	0	o[kay]	okay	_	_	_	_	_	linguistic	_	none	_	Begin=13.09|End=13.55	_	_	_	1-4(1)
8-0	PST213	8	0	[e	e	_	_	_	_	_	linguistic	_	none	_	Begin=13.32	_	_	_	0-1(1)
8-1	PST213	8	1	s]tiamo::	stiamo	_	_	_	_	_	linguistic	_	none	PauseAfter=Yes	_	5x2	_	_	0-1(1)
8-2	PST213	8	2	(.)	(.)	_	_	_	_	_	shortpause	_	none	_	_	_	_	_	_
8-3	PST213	8	3	registra:ndo,	registrando	_	_	_	_	_	linguistic	_	none	Intonation=WeaklyRising	End=15.812	7x1	_	_	_
9-0	PST213	9	0	e::hm::	ehm	_	_	_	_	_	linguistic	_	none	_	Begin=16.12|End=17.15	0x2,2x2	_	_	_
10-0	PST213	10	0	le	le	_	_	_	_	_	linguistic	_	none	_	Begin=17.34	_	_	_	_
10-1	PST213	10	1	persone	persone	_	_	_	_	_	linguistic	_	none	_	_	_	_	_	_
10-2	PST213	10	2	che	che	_	_	_	_	_	linguistic	_	none	_	_	_	_	_	_
10-3	PST213	10	3	vivono	vivono	_	_	_	_	_	linguistic	_	none	_	_	_	_	_	_
10-4	PST213	10	4	a	a	_	_	_	_	_	linguistic	_	none	_	_	_	_	_	_
10-5	PST213	10	5	tori:no	torino	_	_	_	_	_	linguistic	_	none	_	_	3x1	_	_	_
10-6	PST213	10	6	e	e	_	_	_	_	_	linguistic	_	none	_	_	_	_	_	_
10-7	PST213	10	7	che	che	_	_	_	_	_	linguistic	_	none	_	_	_	_	_	_
10-8	PST213	10	8	parlano	parlano	_	_	_	_	_	linguistic	_	none	_	_	_	_	_	_
10-9	PST213	10	9	più	più	_	_	_	_	_	linguistic	_	none	_	_	_	_	_	_
10-10	PST213	10	10	li:ngue	lingue	_	_	_	_	_	linguistic	_	none	_	End=19.861	1x1	_	_	_
11-0	PST051	11	0	[mh	mh	_	_	_	_	_	linguistic	_	none	_	Begin=20.24	_	_	_	0-2(2)
11-1	PST051	11	1	mh]	mh	_	_	_	_	_	linguistic	_	none	_	End=20.707	_	_	_	0-2(2)
12-0	PST213	12	0	[e	e	_	_	_	_	_	linguistic	_	none	_	Begin=20.241	_	_	_	0-1(2)
12-1	PST213	12	1	quindi]	quindi	_	_	_	_	_	linguistic	_	none	_	_	_	_	_	0-6(2)
12-2	PST213	12	2	come	come	_	_	_	_	_	linguistic	_	none	_	_	_	_	_	_
12-3	PST213	12	3	si	si	_	_	_	_	_	linguistic	_	none	_	_	_	_	_	_
12-4	PST213	12	4	rapportano::	rapportano	_	_	_	_	_	linguistic	_	none	_	_	9x2	_	_	_
12-5	PST213	12	5	all'	all'	_	_	_	_	_	linguistic	_	none	SpaceAfter=No	_	_	_	_	_
12-6	PST213	12	6	italia:no	italiano	_	_	_	_	_	linguistic	_	none	_	_	5x1	_	_	_
12-7	PST213	12	7	alla	alla	_	_	_	_	_	linguistic	_	none	_	_	_	_	_	_
12-8	PST213	12	8	loro	loro	_	_	_	_	_	linguistic	_	none	_	_	_	_	_	_
12-9	PST213	12	9	lin[gua	lingua	_	_	_	_	_	linguistic	_	none	_	_	_	_	_	2-6(3)
12-10	PST213	12	10	d'	d'	_	_	_	_	_	linguistic	_	none	SpaceAfter=No	_	_	_	_	0-2(3)
12-11	PST213	12	11	ori:g]ine	origine	_	_	_	_	_	linguistic	_	none	_	_	2x1	_	_	0-3(3)
12-12	PST213	12	12	come	come	_	_	_	_	_	linguistic	_	none	_	_	_	_	_	_
12-13	PST213	12	13	si	si	_	_	_	_	_	linguistic	_	none	_	_	_	_	_	_
12-14	PST213	12	14	trovano	trovano	_	_	_	_	_	linguistic	_	none	_	_	_	_	_	_
12-15	PST213	12	15	qua	qua	_	_	_	_	_	linguistic	_	none	_	_	_	_	_	_
12-16	PST213	12	16	a	a	_	_	_	_	_	linguistic	_	none	_	_	_	_	_	_
12-17	PST213	12	17	tori:no	torino	_	_	_	_	_	linguistic	_	none	_	_	3x1	_	_	_
12-18	PST213	12	18	insomma,	insomma	_	_	_	_	_	linguistic	_	none	Intonation=WeaklyRising	End=25.359	_	_	_	_
13-0	PST051	13	0	[okay].	okay	_	_	_	_	_	linguistic	_	none	Intonation=Falling	Begin=23.107|End=23.641	_	_	_	0-4(3)
14-0	PST213	14	0	facciamo	facciamo	_	_	_	_	_	linguistic	_	none	_	Begin=25.547	_	_	_	_
14-1	PST213	14	1	questo	questo	_	_	_	_	_	linguistic	_	none	_	_	_	_	_	_
14-2	PST213	14	2	tipo	tipo	_	_	_	_	_	linguistic	_	none	_	_	_	_	_	_
14-3	PST213	14	3	di::	di	_	_	_	_	_	linguistic	_	none	_	_	1x2	_	_	_
14-4	PST213	14	4	[ricerca]	ricerca	_	_	_	_	_	linguistic	_	none	_	_	_	_	_	0-7(4)
14-5	PST213	14	5	qua,	qua	_	_	_	_	_	linguistic	_	none	Intonation=WeaklyRising	End=27.353	_	_	_	_
15-0	PST051	15	0	[okay].	okay	_	_	_	_	_	linguistic	_	none	Intonation=Falling	Begin=26.567|End=27.133	_	_	_	0-4(4)
16-0	PST213	16	0	e	e	_	_	_	_	_	linguistic	_	none	_	Begin=27.78	_	_	_	_
16-1	PST213	16	1	tu:	tu	_	_	_	_	_	linguistic	_	none	_	_	1x1	_	_	_
16-2	PST213	16	2	è	è	_	_	_	_	_	linguistic	_	none	_	_	_	_	_	_
16-3	PST213	16	3	tanto	tanto	_	_	_	_	_	linguistic	_	none	_	_	_	_	_	_
16-4	PST213	16	4	che	che	_	_	_	_	_	linguistic	_	none	_	_	_	_	_	_
16-5	PST213	16	5	sei	sei	_	_	_	_	_	linguistic	_	none	_	_	_	_	_	_
16-6	PST213	16	6	qua::	qua	_	_	_	_	_	linguistic	_	none	_	_	2x2	_	_	_
16-7	PST213	16	7	a	a	_	_	_	_	_	linguistic	_	none	_	_	_	_	_	_
16-8	PST213	16	8	torino?	torino	_	_	_	_	_	linguistic	_	none	Intonation=Rising	End=30.006	_	_	_	_
17-0	PST051	17	0	s:ì::	sì	_	_	_	_	_	linguistic	_	none	_	Begin=30.006	0x1,1x2	_	_	_
17-1	PST051	17	1	diciassette	diciassette	_	_	_	_	_	linguistic	_	none	_	_	_	_	_	_
17-2	PST051	17	2	anni.	anni	_	_	_	_	_	linguistic	_	none	Intonation=Falling	End=31.724	_	_	_	_
18-0	PST213	18	0	a::h	ah	_	_	_	_	_	linguistic	_	none	_	Begin=31.92	0x2	_	_	_
18-1	PST213	18	1	o[kay]	okay	_	_	_	_	_	linguistic	_	none	_	End=33.1	_	_	_	1-4(5)
19-0	PST051	19	0	[sì:	sì	_	_	_	_	_	linguistic	_	none	_	Begin=32.727	1x1	_	_	0-2(5)
19-1	PST051	19	1	un	un	_	_	_	_	_	linguistic	_	none	_	_	_	_	_	0-2(5)
19-2	PST051	19	2	bel]	bel	_	_	_	_	_	linguistic	_	none	_	_	_	_	_	0-3(5)
19-3	PST051	19	3	po'	po'	_	_	_	_	_	linguistic	_	none	_	_	_	_	_	_
19-4	PST051	19	4	((_ride))	((_ride))	_	_	_	_	_	nonverbalbehavior	_	none	_	End=33.993	_	_	_	_
20-0	PST213	20	0	e:	e	_	_	_	_	_	linguistic	_	none	_	Begin=34.201	0x1	_	_	_
20-1	PST213	20	1	com~	com~	_	_	_	_	_	linguistic	_	none	Interrupted=Yes	_	_	_	_	_
20-2	PST213	20	2	m:h	mh	_	_	_	_	_	linguistic	_	none	_	_	0x1	_	_	_
20-3	PST213	20	3	quando::	quando	_	_	_	_	_	linguistic	_	none	_	_	5x2	_	_	_
20-4	PST213	20	4	c(io)è	cioè	_	_	_	_	_	linguistic	_	none	Reduced=Yes	_	_	_	_	_
20-5	PST213	20	5	quando	quando	_	_	_	_	_	linguistic	_	none	_	_	_	_	_	_
20-6	PST213	20	6	sei	sei	_	_	_	_	_	linguistic	_	none	_	_	_	_	_	_
20-7	PST213	20	7	arrivata?	arrivata	_	_	_	_	_	linguistic	_	none	Intonation=Rising	End=36.628	_	_	_	_
21-0	PST051	21	0	allora	allora	_	_	_	_	_	linguistic	_	none	_	Begin=37.113	_	_	_	_
21-1	PST051	21	1	quando	quando	_	_	_	_	_	linguistic	_	none	_	_	_	_	_	_
21-2	PST051	21	2	sono	sono	_	_	_	_	_	linguistic	_	none	_	_	_	_	_	_
21-3	PST051	21	3	arrivata:	arrivata	_	_	_	_	_	linguistic	_	none	_	_	7x1	_	_	_
21-4	PST051	21	4	devo	devo	_	_	_	_	_	linguistic	_	none	_	_	_	_	_	_
21-5	PST051	21	5	dire	dire	_	_	_	_	_	linguistic	_	none	_	_	_	_	_	_
21-6	PST051	21	6	che::	che	_	_	_	_	_	linguistic	_	none	_	_	2x2	_	_	_
21-7	PST051	21	7	è	è	_	_	_	_	_	linguistic	_	none	_	_	_	_	_	_
21-8	PST051	21	8	stata	stata	_	_	_	_	_	linguistic	_	none	_	_	_	_	_	_
21-9	PST051	21	9	un	un	_	_	_	_	_	linguistic	_	none	_	_	_	_	_	_
21-10	PST051	21	10	po'	po'	_	_	_	_	_	linguistic	_	none	_	_	_	_	_	_
21-11	PST051	21	11	dura.	dura	_	_	_	_	_	linguistic	_	none	Intonation=Falling	End=41.514	_	_	_	_
22-0	PST213	22	0	mh	mh	_	_	_	_	_	linguistic	_	none	_	Begin=41.68|End=42.08	_	_	_	_
23-0	PST051	23	0	c(io)è	cioè	_	_	_	_	_	linguistic	_	none	Reduced=Yes	Begin=42.3	_	_	_	_
23-1	PST051	23	1	per	per	_	_	_	_	_	linguistic	_	none	_	_	_	_	_	_
23-2	PST051	23	2	un	un	_	_	_	_	_	linguistic	_	none	_	_	_	_	_	_
23-3	PST051	23	3	a:nno	anno	_	_	_	_	_	linguistic	_	none	_	_	0x1	_	_	_
23-4	PST051	23	4	proprio:	proprio	_	_	_	_	_	linguistic	_	none	_	_	6x1	_	_	_
23-5	PST051	23	5	mi	mi	_	_	_	_	_	linguistic	_	none	_	_	_	_	_	_
23-6	PST051	23	6	sono	sono	_	_	_	_	_	linguistic	_	none	_	_	_	_	_	_
23-7	PST051	23	7	trovata	trovata	_	_	_	_	_	linguistic	_	none	_	_	_	_	_	_
23-8	PST051	23	8	male.	male	_	_	_	_	_	linguistic	_	none	Intonation=Falling	End=45.118	_	_	_	_
24-0	PST051	24	0	poi	poi	_	_	_	_	_	linguistic	_	none	_	Begin=46.06	_	_	_	_
24-1	PST051	24	1	imparando	imparando	_	_	_	_	_	linguistic	_	none	_	_	_	_	_	_
24-2	PST051	24	2	la	la	_	_	_	_	_	linguistic	_	none	_	_	_	_	_	_
24-3	PST051	24	3	lingua?	lingua	_	_	_	_	_	linguistic	_	none	Intonation=Rising	End=48.023	_	_	_	_
25-0	PST213	25	0	perché	perché	_	_	_	_	_	linguistic	_	none	_	Begin=48.023	_	_	_	_
25-1	PST213	25	1	sei	sei	_	_	_	_	_	linguistic	_	none	_	_	_	_	_	_
25-2	PST213	25	2	arrivata	arrivata	_	_	_	_	_	linguistic	_	none	_	_	_	_	_	_
25-3	PST213	25	3	che	che	_	_	_	_	_	linguistic	_	none	_	_	_	_	_	_
25-4	PST213	25	4	non	non	_	_	_	_	_	linguistic	_	none	_	_	_	_	_	_
25-5	PST213	25	5	sapevi	sapevi	_	_	_	_	_	linguistic	_	none	_	_	_	_	_	_
25-6	PST213	25	6	l'	l'	_	_	_	_	_	linguistic	_	none	SpaceAfter=No	_	_	_	_	_
25-7	PST213	25	7	itali[ano],	italiano	_	_	_	_	_	linguistic	_	none	Intonation=WeaklyRising	End=49.712	_	_	_	4-8(6)
26-0	PST051	26	0	[no]:	no	_	_	_	_	_	linguistic	_	none	_	Begin=49.44	1x1	_	_	0-2(6)
26-1	PST051	26	1	non	non	_	_	_	_	_	linguistic	_	none	_	_	_	_	_	_
26-2	PST051	26	2	sapevo.	sapevo	_	_	_	_	_	linguistic	_	none	Intonation=Falling	End=50.629	_	_	_	_
27-0	PST213	27	0	m::h	mh	_	_	_	_	_	linguistic	_	none	_	Begin=50.855|End=51.29	0x2	_	_	_
28-0	PST051	28	0	poi:	poi	_	_	_	_	_	linguistic	_	none	_	Begin=51.435	2x1	_	_	_
28-1	PST051	28	1	e::h	eh	_	_	_	_	_	linguistic	_	none	_	_	0x2	_	_	_
28-2	PST051	28	2	imparando	imparando	_	_	_	_	_	linguistic	_	none	_	_	_	_	_	_
28-3	PST051	28	3	la	la	_	_	_	_	_	linguistic	_	none	_	_	_	_	_	_
28-4	PST051	28	4	lingua	lingua	_	_	_	_	_	linguistic	_	none	_	_	_	_	_	_
28-5	PST051	28	5	è	è	_	_	_	_	_	linguistic	_	none	_	_	_	_	_	_
28-6	PST051	28	6	diven[tato::	diventato	_	_	_	_	_	linguistic	_	none	_	_	8x2	_	_	5-9(7)
28-7	PST051	28	7	tutto]	tutto	_	_	_	_	_	linguistic	_	none	_	_	_	_	_	0-5(7)
28-8	PST051	28	8	molto	molto	_	_	_	_	_	linguistic	_	none	_	_	_	_	_	_
28-9	PST051	28	9	più	più	_	_	_	_	_	linguistic	_	none	_	_	_	_	_	_
28-10	PST051	28	10	facile	facile	_	_	_	_	_	linguistic	_	none	_	_	_	_	_	_
28-11	PST051	28	11	sì:,	sì	_	_	_	_	_	linguistic	_	none	Intonation=WeaklyRising	End=56.385	1x1	_	_	_
29-0	PST213	29	0	[tutto	tutto	_	_	_	_	_	linguistic	_	none	_	Begin=53.8	_	_	_	0-5(7)
29-1	PST213	29	1	pù	pù	_	_	_	_	_	linguistic	_	none	_	_	_	_	_	0-2(7)
29-2	PST213	29	2	facile],	facile	_	_	_	_	_	linguistic	_	none	Intonation=WeaklyRising	End=54.885	_	_	_	0-6(7)
30-0	PST051	30	0	poi	poi	_	_	_	_	_	linguistic	_	none	_	Begin=56.49	_	_	_	_
30-1	PST051	30	1	ho	ho	_	_	_	_	_	linguistic	_	none	_	_	_	_	_	_
30-2	PST051	30	2	iniziato	iniziato	_	_	_	_	_	linguistic	_	none	_	_	_	_	_	_
30-3	PST051	30	3	a	a	_	_	_	_	_	linguistic	_	none	_	_	_	_	_	_
30-4	PST051	30	4	lavorare:?	lavorare	_	_	_	_	_	linguistic	_	none	Intonation=Rising	End=58.409	7x1	_	_	_
31-0	PST051	31	0	e	e	_	_	_	_	_	linguistic	_	none	_	Begin=58.445	_	_	_	_
31-1	PST051	31	1	adesso:?	adesso	_	_	_	_	_	linguistic	_	none	Intonation=Rising	End=59.395	5x1	_	_	_
32-0	PST051	32	0	è	è	_	_	_	_	_	linguistic	_	none	_	Begin=59.73	_	_	_	_
32-1	PST051	32	1	proprio	proprio	_	_	_	_	_	linguistic	_	none	_	_	_	_	_	_
32-2	PST051	32	2	la	la	_	_	_	_	_	linguistic	_	none	_	_	_	_	_	_
32-3	PST051	32	3	mia	mia	_	_	_	_	_	linguistic	_	none	_	_	_	_	_	_
32-4	PST051	32	4	casa	casa	_	_	_	_	_	linguistic	_	none	_	_	_	_	_	_
32-5	PST051	32	5	[mi	mi	_	_	_	_	_	linguistic	_	none	_	_	_	_	_	0-2(8)
32-6	PST051	32	6	sento	sento	_	_	_	_	_	linguistic	_	none	_	_	_	_	_	0-5(8)
32-7	PST051	32	7	co]me	come	_	_	_	_	_	linguistic	_	none	_	_	_	_	_	0-2(8)
32-8	PST051	32	8	se	se	_	_	_	_	_	linguistic	_	none	_	_	_	_	_	_
32-9	PST051	32	9	fossi	fossi	_	_	_	_	_	linguistic	_	none	_	_	_	_	_	_
32-10	PST051	32	10	a	a	_	_	_	_	_	linguistic	_	none	_	_	_	_	_	_
32-11	PST051	32	11	casa.	casa	_	_	_	_	_	linguistic	_	none	Intonation=Falling	End=63.155	_	_	_	_
33-0	PST213	33	0	((ride))	((ride))	_	_	_	_	_	nonverbalbehavior	_	none	_	Begin=61.125|End=61.775	_	_	_	_
34-0	PST213	34	0	da:i	dai	_	_	_	_	_	linguistic	_	none	_	Begin=63.145	1x1	_	_	_
34-1	PST213	34	1	[che	che	_	_	_	_	_	linguistic	_	none	_	_	_	_	_	0-3(10)
34-2	PST213	34	2	bello]	bello	_	_	_	_	_	linguistic	_	none	_	End=63.99	_	_	_	0-5(10)
35-0	PST051	35	0	[qua	qua	_	_	_	_	_	linguistic	_	none	_	Begin=63.695	_	_	_	0-3(10)
35-1	PST051	35	1	ho]:	ho	_	_	_	_	_	linguistic	_	none	_	_	1x1	_	_	0-2(10)
35-2	PST051	35	2	dei	dei	_	_	_	_	_	linguistic	_	none	_	_	_	_	_	_
35-3	PST051	35	3	figli	figli	_	_	_	_	_	linguistic	_	none	_	_	_	_	_	_
35-4	PST051	35	4	ho	ho	_	_	_	_	_	linguistic	_	none	_	_	_	_	_	_
35-5	PST051	35	5	il	il	_	_	_	_	_	linguistic	_	none	_	_	_	_	_	_
35-6	PST051	35	6	marito	marito	_	_	_	_	_	linguistic	_	none	_	_	_	_	_	_
35-7	PST051	35	7	sono	sono	_	_	_	_	_	linguistic	_	none	_	_	_	_	_	_
35-8	PST051	35	8	sposata	sposata	_	_	_	_	_	linguistic	_	none	_	_	_	_	_	_
35-9	PST051	35	9	abbiamo:.	abbiamo	_	_	_	_	_	linguistic	_	none	Intonation=Falling	End=67.11	6x1	_	_	_
36-0	PST213	36	0	okay	okay	_	_	_	_	_	linguistic	_	none	_	Begin=67.105|End=67.41	_	_	_	_
37-0	PST051	37	0	non	non	_	_	_	_	_	linguistic	_	none	_	Begin=67.41	_	_	_	_
37-1	PST051	37	1	ci	ci	_	_	_	_	_	linguistic	_	none	_	_	_	_	_	_
37-2	PST051	37	2	manca	manca	_	_	_	_	_	linguistic	_	none	_	_	_	_	_	_
37-3	PST051	37	3	nien(te.)	niente	_	_	_	_	_	linguistic	_	none	Intonation=Falling	End=68.237	_	_	4-6(0)	_
38-0	PST213	38	0	da:i	dai	_	_	_	_	_	linguistic	_	none	_	Begin=68.425	1x1	_	_	_
38-1	PST213	38	1	benissimo	benissimo	_	_	_	_	_	linguistic	_	none	_	_	_	_	_	_
38-2	PST213	38	2	[ma	ma	_	_	_	_	_	linguistic	_	none	_	_	_	_	_	0-2(13)
38-3	PST213	38	3	l'	l'	_	_	_	_	_	linguistic	_	none	SpaceAfter=No	_	_	_	_	0-2(13)
38-4	PST213	38	4	hai]	hai	_	_	_	_	_	linguistic	_	none	_	_	_	_	_	0-3(13)
38-5	PST213	38	5	conosciuto	conosciuto	_	_	_	_	_	linguistic	_	none	_	_	_	_	_	_
38-6	PST213	38	6	qua:	qua	_	_	_	_	_	linguistic	_	none	_	_	2x1	_	_	_
38-7	PST213	38	7	tuo	tuo	_	_	_	_	_	linguistic	_	none	_	_	_	_	_	_
38-8	PST213	38	8	marito?	marito	_	_	_	_	_	linguistic	_	none	Intonation=Rising	End=70.718	_	_	_	_
39-0	PST051	39	0	[s:ì]	sì	_	_	_	_	_	linguistic	_	none	_	Begin=69.3|End=69.555	0x1	_	_	0-2(13)
40-0	PST051	40	0	sì:?	sì	_	_	_	_	_	linguistic	_	none	Intonation=Rising	Begin=70.71|End=71.079	1x1	_	_	_
41-0	PST051	41	0	il:	il	_	_	_	_	_	linguistic	_	none	_	Begin=71.515	1x1	_	_	_
41-1	PST051	41	1	primo	primo	_	_	_	_	_	linguistic	_	none	_	_	_	_	_	_
41-2	PST051	41	2	giorno	giorno	_	_	_	_	_	linguistic	_	none	_	_	_	_	_	_
41-3	PST051	41	3	quando	quando	_	_	_	_	_	linguistic	_	none	_	_	_	_	_	_
41-4	PST051	41	4	sono	sono	_	_	_	_	_	linguistic	_	none	_	_	_	_	_	_
41-5	PST051	41	5	arrivata.	arrivata	_	_	_	_	_	linguistic	_	none	Intonation=Falling	End=73.242	_	_	_	_
42-0	PST213	42	0	[ma	ma	_	_	_	_	_	linguistic	_	none	_	Begin=73.242	_	_	_	0-2(14)
42-1	PST213	42	1	da:i::],	dai	_	_	_	_	_	linguistic	_	none	Intonation=WeaklyRising	End=74.12	1x1,2x2	_	_	0-3(14)
43-0	PST051	43	0	[((ride))	((ride))	_	_	_	_	_	nonverbalbehavior	_	none	_	Begin=73.245	_	_	_	X(14)
43-1	PST051	43	1	s]ì:	sì	_	_	_	_	_	linguistic	_	none	_	_	1x1	_	_	0-1(14)
43-2	PST051	43	2	((rideo))	((rideo))	_	_	_	_	_	nonverbalbehavior	_	none	_	_	_	_	_	_
43-3	PST051	43	3	sì:,	sì	_	_	_	_	_	linguistic	_	none	Intonation=WeaklyRising	End=75.279	1x1	_	_	_
44-0	PST051	44	0	e	e	_	_	_	_	_	linguistic	_	none	_	Begin=75.64	_	_	_	_
44-1	PST051	44	1	poi	poi	_	_	_	_	_	linguistic	_	none	_	_	_	_	_	_
44-2	PST051	44	2	laggiù:?	laggiù	_	_	_	_	_	linguistic	_	none	Intonation=Rising	End=77.132	5x1	_	_	_
45-0	PST051	45	0	siamo	siamo	_	_	_	_	_	linguistic	_	none	_	Begin=77.255	_	_	_	_
45-1	PST051	45	1	proprio	proprio	_	_	_	_	_	linguistic	_	none	_	_	_	_	_	_
45-2	PST051	45	2	vicini.	vicini	_	_	_	_	_	linguistic	_	none	Intonation=Falling	End=78.729	_	_	_	_
46-0	PST213	46	0	okay	okay	_	_	_	_	_	linguistic	_	none	_	Begin=78.895|End=79.515	_	_	_	_
47-0	PST051	47	0	però	però	_	_	_	_	_	linguistic	_	none	_	Begin=79.895	_	_	_	_
47-1	PST051	47	1	lì:	lì	_	_	_	_	_	linguistic	_	none	_	_	1x1	_	_	_
47-2	PST051	47	2	non	non	_	_	_	_	_	linguistic	_	none	_	_	_	_	_	_
47-3	PST051	47	3	ci	ci	_	_	_	_	_	linguistic	_	none	_	_	_	_	_	_
47-4	PST051	47	4	siamo	siamo	_	_	_	_	_	linguistic	_	none	_	_	_	_	_	_
47-5	PST051	47	5	trova:ti	trovati	_	_	_	_	_	linguistic	_	none	_	_	4x1	_	_	_
47-6	PST051	47	6	((ride))	((ride))	_	_	_	_	_	nonverbalbehavior	_	none	_	_	_	_	_	_
47-7	PST051	47	7	ci	ci	_	_	_	_	_	linguistic	_	none	_	_	_	_	_	_
47-8	PST051	47	8	siamo	siamo	_	_	_	_	_	linguistic	_	none	_	_	_	_	_	_
47-9	PST051	47	9	trovati	trovati	_	_	_	_	_	linguistic	_	none	_	_	_	_	_	_
47-10	PST051	47	10	qua:,	qua	_	_	_	_	_	linguistic	_	none	Intonation=WeaklyRising	_	2x1	_	_	_
47-11	PST051	47	11	((ride))	((ride))	_	_	_	_	_	nonverbalbehavior	_	none	_	End=83.209	_	_	_	_
48-0	PST051	48	0	è	è	_	_	_	_	_	linguistic	_	none	_	Begin=83.75	_	_	_	_
48-1	PST051	48	1	stato	stato	_	_	_	_	_	linguistic	_	none	_	_	_	_	_	_
48-2	PST051	48	2	proprio::	proprio	_	_	_	_	_	linguistic	_	none	_	_	6x2	_	_	_
48-3	PST051	48	3	un	un	_	_	_	_	_	linguistic	_	none	_	_	_	_	_	_
48-4	PST051	48	4	caso,	caso	_	_	_	_	_	linguistic	_	none	Intonation=WeaklyRising	End=85.547	_	_	_	_
49-0	PST213	49	0	[che	che	_	_	_	_	_	linguistic	_	none	_	Begin=85.87	_	_	_	0-3(15)
49-1	PST213	49	1	storia],	storia	_	_	_	_	_	linguistic	_	none	Intonation=WeaklyRising	End=86.547	_	_	_	0-6(15)
50-0	PST051	50	0	[xxx]	xxx	_	_	_	_	_	unknown	_	none	Syllables=3	Begin=85.87|End=86.547	_	_	_	0-3(15)
51-0	PST213	51	0	[e:	e	_	_	_	_	_	linguistic	_	none	_	Begin=87.04	0x1	_	_	0-1(?)
51-1	PST213	51	1	s~	s~	_	_	_	_	_	linguistic	_	none	Interrupted=Yes|PauseAfter=Yes	_	_	_	_	0-2(?)
51-2	PST213	51	2	(.)]	(.)	_	_	_	_	_	shortpause	_	none	_	_	_	_	_	X(?)
51-3	PST213	51	3	e	e	_	_	_	_	_	linguistic	_	none	_	_	_	_	_	_
51-4	PST213	51	4	quindi	quindi	_	_	_	_	_	linguistic	_	none	_	_	_	_	_	_
51-5	PST213	51	5	anche	anche	_	_	_	_	_	linguistic	_	none	_	_	_	_	_	_
51-6	PST213	51	6	lui	lui	_	_	_	_	_	linguistic	_	none	_	_	_	_	_	_
51-7	PST213	51	7	viene::	viene	_	_	_	_	_	linguistic	_	none	_	_	4x2	_	_	_
51-8	PST213	51	8	viene	viene	_	_	_	_	_	linguistic	_	none	_	_	_	_	_	_
51-9	PST213	51	9	dalla	dalla	_	_	_	_	_	linguistic	_	none	_	_	_	_	_	_
51-10	PST213	51	10	romania?	romania	_	_	_	_	_	linguistic	_	none	Intonation=Rising	End=90.334	_	_	_	_
52-0	PST051	52	0	sì:	sì	_	_	_	_	_	linguistic	_	none	_	Begin=90.334	1x1	_	_	_
52-1	PST051	52	1	anche	anche	_	_	_	_	_	linguistic	_	none	_	_	_	_	_	_
52-2	PST051	52	2	lui,	lui	_	_	_	_	_	linguistic	_	none	Intonation=WeaklyRising	End=91.215	_	_	_	_
53-0	PST213	53	0	ma	ma	_	_	_	_	_	linguistic	_	none	_	Begin=91.645	_	_	_	_
53-1	PST213	53	1	e	e	_	_	_	_	_	linguistic	_	none	_	_	_	_	_	_
53-2	PST213	53	2	e	e	_	_	_	_	_	linguistic	_	none	_	_	_	_	_	_
53-3	PST213	53	3	voi	voi	_	_	_	_	_	linguistic	_	none	_	_	_	_	_	_
53-4	PST213	53	4	tra	tra	_	_	_	_	_	linguistic	_	none	_	_	_	_	_	_
53-5	PST213	53	5	di	di	_	_	_	_	_	linguistic	_	none	_	_	_	_	_	_
53-6	PST213	53	6	voi?	voi	_	_	_	_	_	linguistic	_	none	Intonation=Rising	End=92.92	_	_	_	_
54-0	PST213	54	0	che	che	_	_	_	_	_	linguistic	_	none	_	Begin=93.335	_	_	_	_
54-1	PST213	54	1	lingua	lingua	_	_	_	_	_	linguistic	_	none	_	_	_	_	_	_
54-2	PST213	54	2	parlate,	parlate	_	_	_	_	_	linguistic	_	none	Intonation=WeaklyRising	End=94.34	_	_	_	_
55-0	PST051	55	0	e:[:h	eh	_	_	_	_	_	linguistic	_	none	PauseAfter=Yes	Begin=94.92	0x2	_	_	1-2(16)
55-1	PST051	55	1	(.)	(.)	_	_	_	_	_	shortpause	_	none	_	_	_	_	_	X(16)
55-2	PST051	55	2	un	un	_	_	_	_	_	linguistic	_	none	_	_	_	_	_	0-2(16)
55-3	PST051	55	3	po'	po'	_	_	_	_	_	linguistic	_	none	_	_	_	_	_	0-3(16)
55-4	PST051	55	4	misto	misto	_	_	_	_	_	linguistic	_	none	_	_	_	_	_	0-5(16)
55-5	PST051	55	5	dicia]:mo	diciamo	_	_	_	_	_	linguistic	_	none	_	_	4x1	_	_	0-5(16)
55-6	PST051	55	6	[perché	perché	_	_	_	_	_	linguistic	_	none	_	_	_	_	_	0-6(17)
55-7	PST051	55	7	i]	i	_	_	_	_	_	linguistic	_	none	_	_	_	_	_	0-1(17)
55-8	PST051	55	8	piccoli	piccoli	_	_	_	_	_	linguistic	_	none	_	_	_	_	_	_
55-9	PST051	55	9	parlano	parlano	_	_	_	_	_	linguistic	_	none	_	_	_	_	_	_
55-10	PST051	55	10	più:	più	_	_	_	_	_	linguistic	_	none	_	_	2x1	_	_	_
55-11	PST051	55	11	italia:no	italiano	_	_	_	_	_	linguistic	_	none	_	_	5x1	_	_	_
55-12	PST051	55	12	[noi]	noi	_	_	_	_	_	linguistic	_	none	_	_	_	_	_	0-3(18)
55-13	PST051	55	13	parliamo	parliamo	_	_	_	_	_	linguistic	_	none	_	_	_	_	_	_
55-14	PST051	55	14	anche	anche	_	_	_	_	_	linguistic	_	none	_	_	_	_	_	_
55-15	PST051	55	15	rumeno.	rumeno	_	_	_	_	_	linguistic	_	none	Intonation=Falling	End=102.098	_	_	_	_
56-0	PST213	56	0	[e	e	_	_	_	_	_	linguistic	_	none	_	Begin=95.256	_	_	_	0-1(16)
56-1	PST213	56	1	in	in	_	_	_	_	_	linguistic	_	none	_	_	_	_	_	0-2(16)
56-2	PST213	56	2	ca:sa	casa	_	_	_	_	_	linguistic	_	none	_	_	1x1	_	_	0-4(16)
56-3	PST213	56	3	che	che	_	_	_	_	_	linguistic	_	none	_	_	_	_	_	0-3(16)
56-4	PST213	56	4	lingua	lingua	_	_	_	_	_	linguistic	_	none	_	_	_	_	_	0-6(16)
56-5	PST213	56	5	parlate],	parlate	_	_	_	_	_	linguistic	_	none	Intonation=WeaklyRising	End=97.03	_	_	_	0-7(16)
57-0	PST213	57	0	[okay]	okay	_	_	_	_	_	linguistic	_	none	_	Begin=97.389|End=97.961	_	_	_	0-4(17)
58-0	PST213	58	0	[mh	mh	_	_	_	_	_	linguistic	_	none	_	Begin=100.533	_	_	_	0-2(18)
58-1	PST213	58	1	m:h]	mh	_	_	_	_	_	linguistic	_	none	_	End=100.878	0x1	_	_	0-2(18)
59-0	PST213	59	0	okay	okay	_	_	_	_	_	linguistic	_	none	_	Begin=102.294	_	_	_	_
59-1	PST213	59	1	e:	e	_	_	_	_	_	linguistic	_	none	_	_	0x1	_	_	_
59-2	PST213	59	2	a	a	_	_	_	_	_	linguistic	_	none	_	_	_	_	_	_
59-3	PST213	59	3	loro	loro	_	_	_	_	_	linguistic	_	none	_	_	_	_	_	_
59-4	PST213	59	4	parlate	parlate	_	_	_	_	_	linguistic	_	none	_	_	_	_	_	_
59-5	PST213	59	5	più	più	_	_	_	_	_	linguistic	_	none	_	_	_	_	_	_
59-6	PST213	59	6	in	in	_	_	_	_	_	linguistic	_	none	_	_	_	_	_	_
59-7	PST213	59	7	italiano?	italiano	_	_	_	_	_	linguistic	_	none	Intonation=Rising	End=104.728	_	_	_	_
60-0	PST213	60	0	[ai	ai	_	_	_	_	_	linguistic	_	none	_	Begin=104.728	_	_	_	0-2(19)
60-1	PST213	60	1	bambini]?	bambini	_	_	_	_	_	linguistic	_	none	Intonation=Rising	End=105.406	_	_	_	0-7(19)
61-0	PST051	61	0	[s:ì:]	sì	_	_	_	_	_	linguistic	_	none	_	Begin=104.729	0x1,1x1	_	_	0-2(19)
61-1	PST051	61	1	anche::	anche	_	_	_	_	_	linguistic	_	none	_	_	4x2	_	_	_
61-2	PST051	61	2	diciamo	diciamo	_	_	_	_	_	linguistic	_	none	_	_	_	_	_	_
61-3	PST051	61	3	m:età	metà	_	_	_	_	_	linguistic	_	none	_	_	0x1	_	_	_
61-4	PST051	61	4	metà	metà	_	_	_	_	_	linguistic	_	none	_	_	_	_	_	_
61-5	PST051	61	5	facciamo.	facciamo	_	_	_	_	_	linguistic	_	none	Intonation=Falling	End=108.564	_	_	_	_
62-0	PST213	62	0	[okay]	okay	_	_	_	_	_	linguistic	_	none	_	Begin=108.754|End=109.215	_	_	_	0-4(20)
63-0	PST051	63	0	[perché:]	perché	_	_	_	_	_	linguistic	_	none	_	Begin=108.761	5x1	_	_	0-6(20)
63-1	PST051	63	1	l~	l~	_	_	_	_	_	linguistic	_	none	Interrupted=Yes	_	_	_	_	_
63-2	PST051	63	2	il	il	_	_	_	_	_	linguistic	_	none	_	_	_	_	_	_
63-3	PST051	63	3	grande	grande	_	_	_	_	_	linguistic	_	none	_	_	_	_	_	_
63-4	PST051	63	4	sa	sa	_	_	_	_	_	linguistic	_	none	_	_	_	_	_	_
63-5	PST051	63	5	già:	già	_	_	_	_	_	linguistic	_	none	_	_	2x1	_	_	_
63-6	PST051	63	6	il	il	_	_	_	_	_	linguistic	_	none	_	_	_	_	_	_
63-7	PST051	63	7	e:h	eh	_	_	_	_	_	linguistic	_	none	_	_	0x1	_	_	_
63-8	PST051	63	8	rumeno	rumeno	_	_	_	_	_	linguistic	_	none	_	_	_	_	_	_
63-9	PST051	63	9	però	però	_	_	_	_	_	linguistic	_	none	_	_	_	_	_	_
63-10	PST051	63	10	il	il	_	_	_	_	_	linguistic	_	none	_	_	_	_	_	_
63-11	PST051	63	11	piccolo	piccolo	_	_	_	_	_	linguistic	_	none	_	_	_	_	_	_
63-12	PST051	63	12	ancora:	ancora	_	_	_	_	_	linguistic	_	none	_	_	5x1	_	_	_
63-13	PST051	63	13	preferisce	preferisce	_	_	_	_	_	linguistic	_	none	_	_	_	_	_	_
63-14	PST051	63	14	l'	l'	_	_	_	_	_	linguistic	_	none	SpaceAfter=No	_	_	_	_	_
63-15	PST051	63	15	italia[no	italiano	_	_	_	_	_	linguistic	_	none	_	_	_	_	_	5-8(21)
63-16	PST051	63	16	((rid))	((rid))	_	_	_	_	_	nonverbalbehavior	_	none	_	_	_	_	_	X(21)
63-17	PST051	63	17	è	è	_	_	_	_	_	linguistic	_	none	_	_	_	_	_	0-1(21)
63-18	PST051	63	18	mo]lto	molto	_	_	_	_	_	linguistic	_	none	_	_	_	_	_	0-2(21)
63-19	PST051	63	19	più	più	_	_	_	_	_	linguistic	_	none	_	_	_	_	_	_
63-20	PST051	63	20	facile	facile	_	_	_	_	_	linguistic	_	none	_	_	_	_	_	_
63-21	PST051	63	21	per	per	_	_	_	_	_	linguistic	_	none	_	_	_	_	_	_
63-22	PST051	63	22	lui,	lui	_	_	_	_	_	linguistic	_	none	Intonation=WeaklyRising	End=116.666	_	_	_	_
64-0	PST213	64	0	[e	e	_	_	_	_	_	linguistic	_	none	_	Begin=114.808	_	_	_	0-1(21)
64-1	PST213	64	1	sì:]	sì	_	_	_	_	_	linguistic	_	none	_	End=115.338	1x1	_	_	0-2(21)
65-0	PST213	65	0	eh	eh	_	_	_	_	_	linguistic	_	none	_	Begin=116.723	_	_	_	_
65-1	PST213	65	1	beh	beh	_	_	_	_	_	linguistic	_	none	_	_	_	_	_	_
65-2	PST213	65	2	s:ì:	sì	_	_	_	_	_	linguistic	_	none	_	End=117.454	0x1,1x1	_	_	_
66-0	PST212	66	0	quanti	quanti	_	_	_	_	_	linguistic	_	none	_	Begin=117.715	_	_	_	_
66-1	PST212	66	1	anni	anni	_	_	_	_	_	linguistic	_	none	_	_	_	_	_	_
66-2	PST212	66	2	ha?	ha	_	_	_	_	_	linguistic	_	none	Intonation=Rising	End=118.392	_	_	_	_
67-0	PST051	67	0	e:hm	ehm	_	_	_	_	_	linguistic	_	none	_	Begin=118.677	0x1	_	_	_
67-1	PST051	67	1	il	il	_	_	_	_	_	linguistic	_	none	_	_	_	_	_	_
67-2	PST051	67	2	piccolo	piccolo	_	_	_	_	_	linguistic	_	none	_	_	_	_	_	_
67-3	PST051	67	3	ne	ne	_	_	_	_	_	linguistic	_	none	_	_	_	_	_	_
67-4	PST051	67	4	ha	ha	_	_	_	_	_	linguistic	_	none	_	_	_	_	_	_
67-5	PST051	67	5	tre	tre	_	_	_	_	_	linguistic	_	none	_	_	_	_	_	_
67-6	PST051	67	6	anni	anni	_	_	_	_	_	linguistic	_	none	_	_	_	_	_	_
67-7	PST051	67	7	il	il	_	_	_	_	_	linguistic	_	none	_	_	_	_	_	_
67-8	PST051	67	8	gra:nde	grande	_	_	_	_	_	linguistic	_	none	_	_	2x1	_	_	_
67-9	PST051	67	9	ne	ne	_	_	_	_	_	linguistic	_	none	_	_	_	_	_	_
67-10	PST051	67	10	ha	ha	_	_	_	_	_	linguistic	_	none	_	_	_	_	_	_
67-11	PST051	67	11	nove.	nove	_	_	_	_	_	linguistic	_	none	Intonation=Falling	End=121.746	_	_	_	_
68-0	PST212	68	0	qui[ndi	quindi	_	_	_	_	_	linguistic	_	none	_	Begin=122.32	_	_	_	3-6(22)
68-1	PST212	68	1	ha	ha	_	_	_	_	_	linguistic	_	none	_	_	_	_	_	0-2(22)
68-2	PST212	68	2	impara]to	imparato	_	_	_	_	_	linguistic	_	none	_	_	_	_	_	0-6(22)
68-3	PST212	68	3	comunque	comunque	_	_	_	_	_	linguistic	_	none	_	_	_	_	_	_
68-4	PST212	68	4	l'	l'	_	_	_	_	_	linguistic	_	none	SpaceAfter=No	_	_	_	_	_
68-5	PST212	68	5	italiano	italiano	_	_	_	_	_	linguistic	_	none	_	_	_	_	_	_
68-6	PST212	68	6	da	da	_	_	_	_	_	linguistic	_	none	_	_	_	_	_	_
68-7	PST212	68	7	voi	voi	_	_	_	_	_	linguistic	_	none	_	_	_	_	_	_
68-8	PST212	68	8	[xxxx	xxxx	_	_	_	_	_	unknown	_	none	Syllables=4	_	_	_	_	0-4(23)
68-9	PST212	68	9	italiano]	italiano	_	_	_	_	_	linguistic	_	none	_	End=125.946	_	_	_	0-8(23)
69-0	PST213	69	0	[okay]	okay	_	_	_	_	_	linguistic	_	none	_	Begin=122.462|End=122.985	_	_	_	0-4(22)
70-0	PST051	70	0	[sì	sì	_	_	_	_	_	linguistic	_	none	_	Begin=124.32	_	_	_	0-2(23)
70-1	PST051	70	1	sì:	sì	_	_	_	_	_	linguistic	_	none	PauseAfter=Yes	_	1x1	_	_	0-2(23)
70-2	PST051	70	2	(.)	(.)	_	_	_	_	_	shortpause	_	none	_	_	_	_	_	X(23)
70-3	PST051	70	3	anda]ndo	andando	_	_	_	_	_	linguistic	_	none	_	_	_	_	_	0-4(23)
70-4	PST051	70	4	poi	poi	_	_	_	_	_	linguistic	_	none	_	_	_	_	_	_
70-5	PST051	70	5	anche:	anche	_	_	_	_	_	linguistic	_	none	_	_	4x1	_	_	_
70-6	PST051	70	6	a	a	_	_	_	_	_	linguistic	_	none	_	_	_	_	_	_
70-7	PST051	70	7	scuol[a:	scuola	_	_	_	_	_	linguistic	_	none	_	_	5x1	_	_	5-6(24)
70-8	PST051	70	8	all'	all'	_	_	_	_	_	linguistic	_	none	SpaceAfter=No	_	_	_	_	0-4(24)
70-9	PST051	70	9	asilo	asilo	_	_	_	_	_	linguistic	_	none	_	_	_	_	_	0-5(24)
70-10	PST051	70	10	sì]	sì	_	_	_	_	_	linguistic	_	none	_	_	_	_	_	0-2(24)
70-11	PST051	70	11	sì	sì	_	_	_	_	_	linguistic	_	none	_	_	_	_	_	_
70-12	PST051	70	12	sì	sì	_	_	_	_	_	linguistic	_	none	_	End=129.485	_	_	_	_
71-0	PST212	71	0	[all'	all'	_	_	_	_	_	linguistic	_	none	SpaceAfter=No	Begin=127.438	_	_	_	0-4(24)
71-1	PST212	71	1	asilo	asilo	_	_	_	_	_	linguistic	_	none	PauseAfter=Yes	_	_	_	_	0-5(24)
71-2	PST212	71	2	(.)	(.)	_	_	_	_	_	shortpause	_	none	_	_	_	_	_	X(24)
71-3	PST212	71	3	a:h	ah	_	_	_	_	_	linguistic	_	none	_	_	0x1	_	_	0-2(24)
71-4	PST212	71	4	okay].	okay	_	_	_	_	_	linguistic	_	none	Intonation=Falling	End=128.962	_	_	_	0-4(24)
72-0	PST213	72	0	certo	certo	_	_	_	_	_	linguistic	_	none	_	Begin=129.608	_	_	_	_
72-1	PST213	72	1	certo.	certo	_	_	_	_	_	linguistic	_	none	Intonation=Falling	End=130.869	_	_	_	_
73-0	PST213	73	0	e[::]h	eh	_	_	_	_	_	linguistic	_	none	_	Begin=131.769|End=132.223	0x2	_	_	_
74-0	PST211	74	0	[tu	tu	_	_	_	_	_	linguistic	_	none	_	Begin=131.923	_	_	_	0-2(25)
74-1	PST211	74	1	hai	hai	_	_	_	_	_	linguistic	_	none	_	_	_	_	_	0-3(25)
74-2	PST211	74	2	fa]tto	fatto	_	_	_	_	_	linguistic	_	none	_	_	_	_	_	0-2(25)
74-3	PST211	74	3	fatica	fatica	_	_	_	_	_	linguistic	_	none	_	_	_	_	_	_
74-4	PST211	74	4	a	a	_	_	_	_	_	linguistic	_	none	_	_	_	_	_	_
74-5	PST211	74	5	imparare	imparare	_	_	_	_	_	linguistic	_	none	_	_	_	_	_	_
74-6	PST211	74	6	l'	l'	_	_	_	_	_	linguistic	_	none	SpaceAfter=No	_	_	_	_	_
74-7	PST211	74	7	italiano	italiano	_	_	_	_	_	linguistic	_	none	_	_	_	_	_	_
74-8	PST211	74	8	quando	quando	_	_	_	_	_	linguistic	_	none	_	_	_	_	_	_
74-9	PST211	74	9	sei	sei	_	_	_	_	_	linguistic	_	none	_	_	_	_	_	_
74-10	PST211	74	10	arrivata?	arrivata	_	_	_	_	_	linguistic	_	none	Intonation=Rising	End=134.734	_	_	_	_
75-0	PST051	75	0	e::hm::	ehm	_	_	_	_	_	linguistic	_	none	_	Begin=134.892|End=135.884	0x2,2x2	_	_	_
76-0	PST051	76	0	fatica	fatica	_	_	_	_	_	linguistic	_	none	_	Begin=136.354	_	_	_	_
76-1	PST051	76	1	no:	no	_	_	_	_	_	linguistic	_	none	_	_	1x1	_	_	_
76-2	PST051	76	2	perché:	perché	_	_	_	_	_	linguistic	_	none	_	_	5x1	_	_	_
76-3	PST051	76	3	s:~	s~	_	_	_	_	_	linguistic	_	none	Interrupted=Yes	_	0x1	_	_	_
76-4	PST051	76	4	è	è	_	_	_	_	_	linguistic	_	none	_	_	_	_	_	_
76-5	PST051	76	5	molto	molto	_	_	_	_	_	linguistic	_	none	_	_	_	_	_	_
76-6	PST051	76	6	simile	simile	_	_	_	_	_	linguistic	_	none	_	_	_	_	_	_
76-7	PST051	76	7	dicia[mo].	diciamo	_	_	_	_	_	linguistic	_	none	Intonation=Falling	End=139.646	_	_	_	5-7(26)
77-0	PST211	77	0	[mh]	mh	_	_	_	_	_	linguistic	_	none	_	Begin=139.538	_	_	_	0-2(26)
77-1	PST211	77	1	mh	mh	_	_	_	_	_	linguistic	_	none	_	End=139.846	_	_	_	_
78-0	PST051	78	0	però	però	_	_	_	_	_	linguistic	_	none	_	Begin=140.246	_	_	_	_
78-1	PST051	78	1	trovandoti	trovandoti	_	_	_	_	_	linguistic	_	none	_	_	_	_	_	_
78-2	PST051	78	2	da	da	_	_	_	_	_	linguistic	_	none	_	_	_	_	_	_
78-3	PST051	78	3	sola	sola	_	_	_	_	_	linguistic	_	none	_	_	_	_	_	_
78-4	PST051	78	4	non::	non	_	_	_	_	_	linguistic	_	none	_	_	2x2	_	_	_
78-5	PST051	78	5	mh	mh	_	_	_	_	_	linguistic	_	none	_	_	_	_	_	_
78-6	PST051	78	6	non	non	_	_	_	_	_	linguistic	_	none	_	_	_	_	_	_
78-7	PST051	78	7	parlando	parlando	_	_	_	_	_	linguistic	_	none	_	_	_	_	_	_
78-8	PST051	78	8	con:	con	_	_	_	_	_	linguistic	_	none	_	_	2x1	_	_	_
78-9	PST051	78	9	gli	gli	_	_	_	_	_	linguistic	_	none	_	_	_	_	_	_
78-10	PST051	78	10	italiani	italiani	_	_	_	_	_	linguistic	_	none	_	_	_	_	_	_
78-11	PST051	78	11	è	è	_	_	_	_	_	linguistic	_	none	_	_	_	_	_	_
78-12	PST051	78	12	stato	stato	_	_	_	_	_	linguistic	_	none	_	_	_	_	_	_
78-13	PST051	78	13	un	un	_	_	_	_	_	linguistic	_	none	_	_	_	_	_	_
78-14	PST051	78	14	po':	po'	_	_	_	_	_	linguistic	_	none	_	_	1x1	_	_	_
78-15	PST051	78	15	difficile	difficile	_	_	_	_	_	linguistic	_	none	_	_	_	_	_	_
78-16	PST051	78	16	c(io)è	cioè	_	_	_	_	_	linguistic	_	none	Reduced=Yes	_	_	_	_	_
78-17	PST051	78	17	ehm	ehm	_	_	_	_	_	linguistic	_	none	_	_	_	_	_	_
78-18	PST051	78	18	io	io	_	_	_	_	_	linguistic	_	none	_	_	_	_	_	_
78-19	PST051	78	19	stavo	stavo	_	_	_	_	_	linguistic	_	none	_	_	_	_	_	_
78-20	PST051	78	20	con	con	_	_	_	_	_	linguistic	_	none	_	_	_	_	_	_
78-21	PST051	78	21	mia	mia	_	_	_	_	_	linguistic	_	none	_	_	_	_	_	_
78-22	PST051	78	22	sorella,	sorella	_	_	_	_	_	linguistic	_	none	Intonation=WeaklyRising	End=149.519	_	_	_	_
79-0	PST051	79	0	quindi	quindi	_	_	_	_	_	linguistic	_	none	_	Begin=150.162	_	_	_	_
79-1	PST051	79	1	parlavo	parlavo	_	_	_	_	_	linguistic	_	none	_	_	_	_	_	_
79-2	PST051	79	2	con	con	_	_	_	_	_	linguistic	_	none	_	_	_	_	_	_
79-3	PST051	79	3	lei	lei	_	_	_	_	_	linguistic	_	none	_	_	_	_	_	_
79-4	PST051	79	4	e:hm	ehm	_	_	_	_	_	linguistic	_	none	_	_	0x1	_	_	_
79-5	PST051	79	5	in	in	_	_	_	_	_	linguistic	_	none	_	_	_	_	_	_
79-6	PST051	79	6	rumeno	rumeno	_	_	_	_	_	linguistic	_	none	_	_	_	_	_	_
79-7	PST051	79	7	non	non	_	_	_	_	_	linguistic	_	none	_	_	_	_	_	_
79-8	PST051	79	8	italiano.	italiano	_	_	_	_	_	linguistic	_	none	Intonation=Falling	End=153.379	_	_	_	_
80-0	PST213	80	0	certo.	certo	_	_	_	_	_	linguistic	_	none	Intonation=Falling	Begin=153.392|End=153.954	_	_	_	_
81-0	PST051	81	0	quando	quando	_	_	_	_	_	linguistic	_	none	_	Begin=154.215	_	_	_	_
81-1	PST051	81	1	ho	ho	_	_	_	_	_	linguistic	_	none	_	_	_	_	_	_
81-2	PST051	81	2	iniziato	iniziato	_	_	_	_	_	linguistic	_	none	_	_	_	_	_	_
81-3	PST051	81	3	a:	a	_	_	_	_	_	linguistic	_	none	_	_	0x1	_	_	_
81-4	PST051	81	4	a	a	_	_	_	_	_	linguistic	_	none	_	_	_	_	_	_
81-5	PST051	81	5	lavorare	lavorare	_	_	_	_	_	linguistic	_	none	_	_	_	_	_	_
81-6	PST051	81	6	ho	ho	_	_	_	_	_	linguistic	_	none	_	_	_	_	_	_
81-7	PST051	81	7	iniziato	iniziato	_	_	_	_	_	linguistic	_	none	_	_	_	_	_	_
81-8	PST051	81	8	anche	anche	_	_	_	_	_	linguistic	_	none	_	_	_	_	_	_
81-9	PST051	81	9	a	a	_	_	_	_	_	linguistic	_	none	_	_	_	_	_	_
81-10	PST051	81	10	parlare	parlare	_	_	_	_	_	linguistic	_	none	_	_	_	_	_	_
81-11	PST051	81	11	molto	molto	_	_	_	_	_	linguistic	_	none	_	_	_	_	_	_
81-12	PST051	81	12	di	di	_	_	_	_	_	linguistic	_	none	_	_	_	_	_	_
81-13	PST051	81	13	più	più	_	_	_	_	_	linguistic	_	none	_	_	_	_	_	_
81-14	PST051	81	14	qui[ndi:]	quindi	_	_	_	_	_	linguistic	_	none	_	End=159.533	5x1	_	_	3-6(27)
82-0	PST213	82	0	[certo].	certo	_	_	_	_	_	linguistic	_	none	Intonation=Falling	Begin=158.923|End=159.546	_	_	_	0-5(27)
83-0	PST051	83	0	andando	andando	_	_	_	_	_	linguistic	_	none	_	Begin=159.746	_	_	_	_
83-1	PST051	83	1	a	a	_	_	_	_	_	linguistic	_	none	_	_	_	_	_	_
83-2	PST051	83	2	lavoro	lavoro	_	_	_	_	_	linguistic	_	none	_	_	_	_	_	_
83-3	PST051	83	3	ho	ho	_	_	_	_	_	linguistic	_	none	_	_	_	_	_	_
83-4	PST051	83	4	iniziato::.	iniziato	_	_	_	_	_	linguistic	_	none	Intonation=Falling	End=161.815	7x2	_	_	_
84-0	PST213	84	0	quindi	quindi	_	_	_	_	_	linguistic	_	none	_	Begin=161.815	_	_	_	_
84-1	PST213	84	1	l'	l'	_	_	_	_	_	linguistic	_	none	SpaceAfter=No	_	_	_	_	_
84-2	PST213	84	2	hai	hai	_	_	_	_	_	linguistic	_	none	_	_	_	_	_	_
84-3	PST213	84	3	imparato	imparato	_	_	_	_	_	linguistic	_	none	_	_	_	_	_	_
84-4	PST213	84	4	così	così	_	_	_	_	_	linguistic	_	none	_	_	_	_	_	_
84-5	PST213	84	5	non	non	_	_	_	_	_	linguistic	_	none	_	_	_	_	_	_
84-6	PST213	84	6	s[ei	sei	_	_	_	_	_	linguistic	_	none	_	_	_	_	_	0-3(28)
84-7	PST213	84	7	andata	andata	_	_	_	_	_	linguistic	_	none	_	_	_	_	_	0-6(28)
84-8	PST213	84	8	a	a	_	_	_	_	_	linguistic	_	none	_	_	_	_	_	0-1(28)
84-9	PST213	84	9	scuola	scuola	_	_	_	_	_	linguistic	_	none	_	_	_	_	_	0-6(28)
84-10	PST213	84	10	non	non	_	_	_	_	_	linguistic	_	none	_	_	_	_	_	0-3(28)
84-11	PST213	84	11	hai:	hai	_	_	_	_	_	linguistic	_	none	_	_	2x1	_	_	0-3(28)
84-12	PST213	84	12	studiato],	studiato	_	_	_	_	_	linguistic	_	none	Intonation=WeaklyRising	End=165.262	_	_	_	0-8(28)
85-0	PST051	85	0	[l'	l'	_	_	_	_	_	linguistic	_	none	SpaceAfter=No	Begin=163.046	_	_	_	0-2(28)
85-1	PST051	85	1	ho	ho	_	_	_	_	_	linguistic	_	none	_	_	_	_	_	0-2(28)
85-2	PST051	85	2	impara~	impara~	_	_	_	_	_	linguistic	_	none	Interrupted=Yes	_	_	_	_	0-7(28)
85-3	PST051	85	3	no	no	_	_	_	_	_	linguistic	_	none	_	_	_	_	_	0-2(28)
85-4	PST051	85	4	no	no	_	_	_	_	_	linguistic	_	none	_	_	_	_	_	0-2(28)
85-5	PST051	85	5	no	no	_	_	_	_	_	linguistic	_	none	_	_	_	_	_	0-2(28)
85-6	PST051	85	6	l'	l'	_	_	_	_	_	linguistic	_	none	SpaceAfter=No	_	_	_	_	0-2(28)
85-7	PST051	85	7	ho	ho	_	_	_	_	_	linguistic	_	none	_	_	_	_	_	0-2(28)
85-8	PST051	85	8	imparato	imparato	_	_	_	_	_	linguistic	_	none	_	_	_	_	_	0-8(28)
85-9	PST051	85	9	c]osì.	così	_	_	_	_	_	linguistic	_	none	Intonation=Falling	End=165.665	_	_	_	_
86-0	PST213	86	0	okay	okay	_	_	_	_	_	linguistic	_	none	_	Begin=165.8|End=166.338	_	_	_	_
87-0	PST051	87	0	sì	sì	_	_	_	_	_	linguistic	_	none	_	Begin=166.429|End=166.842	_	_	_	_
88-0	PST212	88	0	e	e	_	_	_	_	_	linguistic	_	none	_	Begin=167.931	_	_	_	_
88-1	PST212	88	1	che	che	_	_	_	_	_	linguistic	_	none	_	_	_	_	_	_
88-2	PST212	88	2	lavoro:	lavoro	_	_	_	_	_	linguistic	_	none	_	_	5x1	_	_	_
88-3	PST212	88	3	facevi	facevi	_	_	_	_	_	linguistic	_	none	_	_	_	_	_	_
88-4	PST212	88	4	all'	all'	_	_	_	_	_	linguistic	_	none	SpaceAfter=No	_	_	_	_	_
88-5	PST212	88	5	inizio	inizio	_	_	_	_	_	linguistic	_	none	_	_	_	_	_	_
88-6	PST212	88	6	o	o	_	_	_	_	_	linguistic	_	none	_	_	_	_	_	_
88-7	PST212	88	7	fai	fai	_	_	_	_	_	linguistic	_	none	_	_	_	_	_	_
88-8	PST212	88	8	[ancora]?	ancora	_	_	_	_	_	linguistic	_	none	Intonation=Rising	End=170.63	_	_	_	0-6(29)
89-0	PST051	89	0	[all'	all'	_	_	_	_	_	linguistic	_	none	SpaceAfter=No	Begin=170.031	_	_	_	0-4(29)
89-1	PST051	89	1	inizio	inizio	_	_	_	_	_	linguistic	_	none	_	_	_	_	_	0-6(29)
89-2	PST051	89	2	c]ameriera.	cameriera	_	_	_	_	_	linguistic	_	none	Intonation=Falling	End=171.321	_	_	_	0-1(29)
90-0	PST212	90	0	okay	okay	_	_	_	_	_	linguistic	_	none	_	Begin=171.3|End=171.823	_	_	_	_
91-0	PST212	91	0	[e	e	_	_	_	_	_	linguistic	_	none	_	Begin=172.194	_	_	_	0-1(98)
91-1	PST212	91	1	quindi	quindi	_	_	_	_	_	linguistic	_	none	_	_	_	_	_	0-6(98)
91-2	PST212	91	2	li	li	_	_	_	_	_	linguistic	_	none	_	_	_	_	_	0-2(98)
91-3	PST212	91	3	hai	hai	_	_	_	_	_	linguistic	_	none	_	_	_	_	_	0-3(98)
91-4	PST212	91	4	dovuto]	dovuto	_	_	_	_	_	linguistic	_	none	_	End=173.65	_	_	_	0-6(98)
92-0	PST213	92	0	[allora	allora	_	_	_	_	_	linguistic	_	none	_	Begin=172.2	_	_	_	0-6(98)
92-1	PST213	92	1	quindi	quindi	_	_	_	_	_	linguistic	_	none	_	_	_	_	_	0-6(98)
92-2	PST213	92	2	per	per	_	_	_	_	_	linguistic	_	none	_	_	_	_	_	0-3(98)
92-3	PST213	92	3	forza]	forza	_	_	_	_	_	linguistic	_	none	_	_	_	_	_	0-5(98)
92-4	PST213	92	4	lo	lo	_	_	_	_	_	linguistic	_	none	_	_	_	_	_	_
92-5	PST213	92	5	dovevi	dovevi	_	_	_	_	_	linguistic	_	none	_	_	_	_	_	_
92-6	PST213	92	6	imparare	imparare	_	_	_	_	_	linguistic	_	none	_	_	_	_	_	_
92-7	PST213	92	7	((ride))	((ride))	_	_	_	_	_	nonverbalbehavior	_	none	_	End=174.62	_	_	_	_
93-0	PST051	93	0	[sì:	sì	_	_	_	_	_	linguistic	_	none	_	Begin=173.569	1x1	_	_	0-2(98)
93-1	PST051	93	1	infa]:tti	infatti	_	_	_	_	_	linguistic	_	none	_	_	3x1	_	_	0-4(98)
93-2	PST051	93	2	((ride))	((ride))	_	_	_	_	_	nonverbalbehavior	_	none	_	_	_	_	_	_
93-3	PST051	93	3	sì:.	sì	_	_	_	_	_	linguistic	_	none	Intonation=Falling	End=175.825	1x1	_	_	_
94-0	PST213	94	0	okay	okay	_	_	_	_	_	linguistic	_	none	_	Begin=176.144|End=176.694	_	_	_	_
95-0	PST213	95	0	okay	okay	_	_	_	_	_	linguistic	_	none	_	Begin=177.062	_	_	_	_
95-1	PST213	95	1	e	e	_	_	_	_	_	linguistic	_	none	_	_	_	_	_	_
95-2	PST213	95	2	quanti	quanti	_	_	_	_	_	linguistic	_	none	_	_	_	_	_	_
95-3	PST213	95	3	anni	anni	_	_	_	_	_	linguistic	_	none	_	_	_	_	_	_
95-4	PST213	95	4	avevi	avevi	_	_	_	_	_	linguistic	_	none	_	_	_	_	_	_
95-5	PST213	95	5	quando	quando	_	_	_	_	_	linguistic	_	none	_	_	_	_	_	_
95-6	PST213	95	6	sei:	sei	_	_	_	_	_	linguistic	_	none	_	_	2x1	_	_	_
95-7	PST213	95	7	arri[vata],	arrivata	_	_	_	_	_	linguistic	_	none	Intonation=WeaklyRising	End=179.237	_	_	_	4-8(31)
96-0	PST051	96	0	[vent]uno.	ventuno	_	_	_	_	_	linguistic	_	none	Intonation=Falling	Begin=178.9|End=179.584	_	_	_	0-4(31)
97-0	PST213	97	0	okay	okay	_	_	_	_	_	linguistic	_	none	_	Begin=179.912|End=180.537	_	_	_	_
98-0	PST213	98	0	quindi	quindi	_	_	_	_	_	linguistic	_	none	_	Begin=181.294	_	_	_	_
98-1	PST213	98	1	è	è	_	_	_	_	_	linguistic	_	none	_	_	_	_	_	_
98-2	PST213	98	2	stato	stato	_	_	_	_	_	linguistic	_	none	PauseAfter=Yes	_	_	_	_	_
98-3	PST213	98	3	(.)	(.)	_	_	_	_	_	shortpause	_	none	_	_	_	_	_	_
98-4	PST213	98	4	traumatico	traumatico	_	_	_	_	_	linguistic	_	none	_	_	_	_	_	_
98-5	PST213	98	5	im[magino	immagino	_	_	_	_	_	linguistic	_	none	_	_	_	_	_	2-8(32)
98-6	PST213	98	6	all'	all'	_	_	_	_	_	linguistic	_	none	SpaceAfter=No	_	_	_	_	0-4(32)
98-7	PST213	98	7	inizio	inizio	_	_	_	_	_	linguistic	_	none	_	_	_	_	_	0-6(32)
98-8	PST213	98	8	no:]?	no	_	_	_	_	_	linguistic	_	none	Intonation=Rising	End=183.951	1x1	_	_	0-2(32)
99-0	PST051	99	0	[è	è	_	_	_	_	_	linguistic	_	none	_	Begin=182.7	_	_	_	0-1(32)
99-1	PST051	99	1	stato	stato	_	_	_	_	_	linguistic	_	none	_	_	_	_	_	0-5(32)
99-2	PST051	99	2	un	un	_	_	_	_	_	linguistic	_	none	_	_	_	_	_	0-2(32)
99-3	PST051	99	3	po'	po'	_	_	_	_	_	linguistic	_	none	_	_	_	_	_	0-3(32)
99-4	PST051	99	4	un]	un	_	_	_	_	_	linguistic	_	none	_	_	_	_	_	0-2(32)
99-5	PST051	99	5	po':	po'	_	_	_	_	_	linguistic	_	none	_	_	1x1	_	_	_
99-6	PST051	99	6	all'	all'	_	_	_	_	_	linguistic	_	none	SpaceAfter=No	_	_	_	_	_
99-7	PST051	99	7	inizio	inizio	_	_	_	_	_	linguistic	_	none	_	_	_	_	_	_
99-8	PST051	99	8	sì:.	sì	_	_	_	_	_	linguistic	_	none	Intonation=Falling	End=185.35	1x1	_	_	_
100-0	PST051	100	0	però:	però	_	_	_	_	_	linguistic	_	none	_	Begin=185.962	3x1	_	_	_
100-1	PST051	100	1	dai	dai	_	_	_	_	_	linguistic	_	none	_	_	_	_	_	_
100-2	PST051	100	2	è	è	_	_	_	_	_	linguistic	_	none	_	_	_	_	_	_
100-3	PST051	100	3	andata:,	andata	_	_	_	_	_	linguistic	_	none	Intonation=WeaklyRising	End=187.517	5x1	_	_	_
101-0	PST051	101	0	[andata	andata	_	_	_	_	_	linguistic	_	none	_	Begin=187.86	_	_	_	0-6(33)
101-1	PST051	101	1	bene	bene	_	_	_	_	_	linguistic	_	none	_	_	_	_	_	0-4(33)
101-2	PST051	101	2	sì]:	sì	_	_	_	_	_	linguistic	_	none	_	_	1x1	_	_	0-2(33)
101-3	PST051	101	3	((ride))	((ride))	_	_	_	_	_	nonverbalbehavior	_	none	_	_	_	_	_	_
101-4	PST051	101	4	[sì:	sì	_	_	_	_	_	linguistic	_	none	_	_	1x1	_	_	0-2(34)
101-5	PST051	101	5	((ride))]	((ride))	_	_	_	_	_	nonverbalbehavior	_	none	_	End=189.663	_	_	_	X(34)
102-0	PST213	102	0	[è	è	_	_	_	_	_	linguistic	_	none	_	Begin=187.97	_	_	_	0-1(33)
102-1	PST213	102	1	andata	andata	_	_	_	_	_	linguistic	_	none	_	_	_	_	_	0-6(33)
102-2	PST213	102	2	be:ne]	bene	_	_	_	_	_	linguistic	_	none	_	End=188.74	1x1	_	_	0-4(33)
103-0	PST212	103	0	[ma	ma	_	_	_	_	_	linguistic	_	none	_	Begin=189.157	_	_	_	0-2(34)
103-1	PST212	103	1	e]	e	_	_	_	_	_	linguistic	_	none	_	_	_	_	_	0-1(34)
103-2	PST212	103	2	e:	e	_	_	_	_	_	linguistic	_	none	_	_	0x1	_	_	_
103-3	PST212	103	3	c'	c'	_	_	_	_	_	linguistic	_	none	SpaceAfter=No	_	_	_	_	_
103-4	PST212	103	4	è	è	_	_	_	_	_	linguistic	_	none	_	_	_	_	_	_
103-5	PST212	103	5	qualcosa:	qualcosa	_	_	_	_	_	linguistic	_	none	_	_	7x1	_	_	_
103-6	PST212	103	6	che	che	_	_	_	_	_	linguistic	_	none	_	_	_	_	_	_
103-7	PST212	103	7	ti	ti	_	_	_	_	_	linguistic	_	none	_	_	_	_	_	_
103-8	PST212	103	8	ha	ha	_	_	_	_	_	linguistic	_	none	_	_	_	_	_	_
103-9	PST212	103	9	aiutato	aiutato	_	_	_	_	_	linguistic	_	none	_	_	_	_	_	_
103-10	PST212	103	10	particolarmente:	particolarmente	_	_	_	_	_	linguistic	_	none	_	_	14x1	_	_	_
103-11	PST212	103	11	nell'	nell'	_	_	_	_	_	linguistic	_	none	SpaceAfter=No	_	_	_	_	_
103-12	PST212	103	12	imparare::	imparare	_	_	_	_	_	linguistic	_	none	_	_	7x2	_	_	_
103-13	PST212	103	13	cioè,	cioè	_	_	_	_	_	linguistic	_	none	Intonation=WeaklyRising	End=194.65	_	_	_	_
104-0	PST212	104	0	magari:	magari	_	_	_	_	_	linguistic	_	none	_	Begin=195.12	5x1	_	_	_
104-1	PST212	104	1	non	non	_	_	_	_	_	linguistic	_	none	_	_	_	_	_	_
104-2	PST212	104	2	so	so	_	_	_	_	_	linguistic	_	none	_	_	_	_	_	_
104-3	PST212	104	3	qualche::	qualche	_	_	_	_	_	linguistic	_	none	_	_	6x2	_	_	_
104-4	PST212	104	4	programma	programma	_	_	_	_	_	linguistic	_	none	_	_	_	_	_	_
104-5	PST212	104	5	tv:	tv	_	_	_	_	_	linguistic	_	none	_	_	1x1	_	_	_
104-6	PST212	104	6	oppu[re	oppure	_	_	_	_	_	linguistic	_	none	PauseAfter=Yes	_	_	_	_	4-6(35)
104-7	PST212	104	7	(.)	(.)	_	_	_	_	_	shortpause	_	none	_	_	_	_	_	X(35)
104-8	PST212	104	8	qualche	qualche	_	_	_	_	_	linguistic	_	none	_	_	_	_	_	0-7(35)
104-9	PST212	104	9	am]ico	amico	_	_	_	_	_	linguistic	_	none	_	End=200.857	_	_	_	0-2(35)
105-0	PST051	105	0	[s::ì	sì	_	_	_	_	_	linguistic	_	none	_	Begin=198.7	0x2	_	_	0-2(35)
105-1	PST051	105	1	guardavo]	guardavo	_	_	_	_	_	linguistic	_	none	_	End=200.53	_	_	_	0-8(35)
106-0	PST051	106	0	n::o:	no	_	_	_	_	_	linguistic	_	none	_	Begin=200.862	0x2,1x1	_	_	_
106-1	PST051	106	1	guardavo::	guardavo	_	_	_	_	_	linguistic	_	none	_	_	7x2	_	_	_
106-2	PST051	106	2	guardavo	guardavo	_	_	_	_	_	linguistic	_	none	_	_	_	_	_	_
106-3	PST051	106	3	anche	anche	_	_	_	_	_	linguistic	_	none	_	_	_	_	_	_
106-4	PST051	106	4	la	la	_	_	_	_	_	linguistic	_	none	_	_	_	_	_	_
106-5	PST051	106	5	tivù:	tivù	_	_	_	_	_	linguistic	_	none	_	_	3x1	_	_	_
106-6	PST051	106	6	e	e	_	_	_	_	_	linguistic	_	none	_	_	_	_	_	_
106-7	PST051	106	7	così	così	_	_	_	_	_	linguistic	_	none	_	_	_	_	_	_
106-8	PST051	106	8	[ho:].	ho	_	_	_	_	_	linguistic	_	none	Intonation=Falling	End=205.268	1x1	_	_	0-2(36)
107-0	PST212	107	0	[s:ì:].	sì	_	_	_	_	_	linguistic	_	none	Intonation=Falling	Begin=204.924|End=205.276	0x1,1x1	_	_	0-2(36)
108-0	PST051	108	0	parla:ndo	parlando	_	_	_	_	_	linguistic	_	none	_	Begin=206.7	4x1	_	_	_
108-1	PST051	108	1	e	e	_	_	_	_	_	linguistic	_	none	_	_	_	_	_	_
108-2	PST051	108	2	s::ente:ndo	sentendo	_	_	_	_	_	linguistic	_	none	_	_	0x2,4x1	_	_	_
108-3	PST051	108	3	sempre:	sempre	_	_	_	_	_	linguistic	_	none	_	_	5x1	_	_	_
108-4	PST051	108	4	la:	la	_	_	_	_	_	linguistic	_	none	_	_	1x1	_	_	_
108-5	PST051	108	5	la	la	_	_	_	_	_	linguistic	_	none	_	_	_	_	_	_
108-6	PST051	108	6	lingua	lingua	_	_	_	_	_	linguistic	_	none	_	_	_	_	_	_
108-7	PST051	108	7	così	così	_	_	_	_	_	linguistic	_	none	_	_	_	_	_	_
108-8	PST051	108	8	ho::	ho	_	_	_	_	_	linguistic	_	none	_	_	1x2	_	_	_
108-9	PST051	108	9	anche	anche	_	_	_	_	_	linguistic	_	none	_	_	_	_	_	_
108-10	PST051	108	10	imparato,	imparato	_	_	_	_	_	linguistic	_	none	Intonation=WeaklyRising	End=212.909	_	_	_	_
109-0	PST213	109	0	certo	certo	_	_	_	_	_	linguistic	_	none	PauseAfter=Yes	Begin=213.156	_	_	_	_
109-1	PST213	109	1	(.)	(.)	_	_	_	_	_	shortpause	_	none	_	_	_	_	_	_
109-2	PST213	109	2	certo.	certo	_	_	_	_	_	linguistic	_	none	Intonation=Falling	End=214.493	_	_	_	_
110-0	PST213	110	0	e::hm:::	ehm	_	_	_	_	_	linguistic	_	none	_	Begin=215.661|End=217.189	0x2,2x3	_	_	_
111-0	PST212	111	0	e	e	_	_	_	_	_	linguistic	_	none	_	Begin=217.567	_	_	_	_
111-1	PST212	111	1	in	in	_	_	_	_	_	linguistic	_	none	_	_	_	_	_	_
111-2	PST212	111	2	che	che	_	_	_	_	_	linguistic	_	none	_	_	_	_	_	_
111-3	PST212	111	3	zona	zona	_	_	_	_	_	linguistic	_	none	_	_	_	_	_	_
111-4	PST212	111	4	di	di	_	_	_	_	_	linguistic	_	none	_	_	_	_	_	_
111-5	PST212	111	5	torino::	torino	_	_	_	_	_	linguistic	_	none	PauseAfter=Yes	_	5x2	_	_	_
111-6	PST212	111	6	(.)	(.)	_	_	_	_	_	shortpause	_	none	_	_	_	_	_	_
111-7	PST212	111	7	eh	eh	_	_	_	_	_	linguistic	_	none	_	_	_	_	_	_
111-8	PST212	111	8	vivi	vivi	_	_	_	_	_	linguistic	_	none	_	End=220.12	_	_	_	_
112-0	PST051	112	0	e::h	eh	_	_	_	_	_	linguistic	_	none	_	Begin=220.717	0x2	_	_	_
112-1	PST051	112	1	allo:ra	allora	_	_	_	_	_	linguistic	_	none	_	_	3x1	_	_	_
112-2	PST051	112	2	in:	in	_	_	_	_	_	linguistic	_	none	_	End=222.36	1x1	_	_	_
113-0	PST051	113	0	come	come	_	_	_	_	_	linguistic	_	none	_	Begin=223.594	_	_	_	_
113-1	PST051	113	1	dirti	dirti	_	_	_	_	_	linguistic	_	none	_	_	_	_	_	_
113-2	PST051	113	2	è	è	_	_	_	_	_	linguistic	_	none	_	_	_	_	_	_
113-3	PST051	113	3	un	un	_	_	_	_	_	linguistic	_	none	PauseAfter=Yes	_	_	_	_	_
113-4	PST051	113	4	(.)	(.)	_	_	_	_	_	shortpause	_	none	_	_	_	_	_	_
113-5	PST051	113	5	@nomeluogo	@nomeluogo	_	_	_	_	_	anonymized	_	none	_	_	_	_	_	_
113-6	PST051	113	6	se:	se	_	_	_	_	_	linguistic	_	none	_	_	1x1	_	_	_
113-7	PST051	113	7	tu:.	tu	_	_	_	_	_	linguistic	_	none	Intonation=Falling	End=227.026	1x1	_	_	_
114-0	PST051	114	0	[non	non	_	_	_	_	_	linguistic	_	none	_	Begin=227.444	_	_	_	0-3(99)
114-1	PST051	114	1	la	la	_	_	_	_	_	linguistic	_	none	_	_	_	_	_	0-2(99)
114-2	PST051	114	2	sapete	sapete	_	_	_	_	_	linguistic	_	none	_	_	_	_	_	0-6(99)
114-3	PST051	114	3	((ride))	((ride))	_	_	_	_	_	nonverbalbehavior	_	none	_	_	_	_	_	X(99)
114-4	PST051	114	4	proprio	proprio	_	_	_	_	_	linguistic	_	none	_	_	_	_	_	0-7(99)
114-5	PST051	114	5	qua	qua	_	_	_	_	_	linguistic	_	none	_	_	_	_	_	0-3(99)
114-6	PST051	114	6	vicino	vicino	_	_	_	_	_	linguistic	_	none	_	_	_	_	_	0-6(99)
114-7	PST051	114	7	vicino	vicino	_	_	_	_	_	linguistic	_	none	_	_	_	_	_	0-6(99)
114-8	PST051	114	8	alla	alla	_	_	_	_	_	linguistic	_	none	_	_	_	_	_	0-4(99)
114-9	PST051	114	9	tesoriera].	tesoriera	_	_	_	_	_	linguistic	_	none	Intonation=Falling	End=231.628	_	_	_	0-9(99)
115-0	PST212	115	0	[non	non	_	_	_	_	_	linguistic	_	none	_	Begin=227.444	_	_	_	0-3(99)
115-1	PST212	115	1	la	la	_	_	_	_	_	linguistic	_	none	_	_	_	_	_	0-2(99)
115-2	PST212	115	2	conosco	conosco	_	_	_	_	_	linguistic	_	none	_	_	_	_	_	0-7(99)
115-3	PST212	115	3	perché	perché	_	_	_	_	_	linguistic	_	none	_	_	_	_	_	0-6(99)
115-4	PST212	115	4	non	non	_	_	_	_	_	linguistic	_	none	_	_	_	_	_	0-3(99)
115-5	PST212	115	5	sono	sono	_	_	_	_	_	linguistic	_	none	_	_	_	_	_	0-4(99)
115-6	PST212	115	6	di	di	_	_	_	_	_	linguistic	_	none	_	_	_	_	_	0-2(99)
115-7	PST212	115	7	torino	torino	_	_	_	_	_	linguistic	_	none	PauseAfter=Yes	_	_	_	_	0-6(99)
115-8	PST212	115	8	(.)	(.)	_	_	_	_	_	shortpause	_	none	_	_	_	_	_	X(99)
115-9	PST212	115	9	okay	okay	_	_	_	_	_	linguistic	_	none	PauseAfter=Yes	_	_	_	_	0-4(99)
115-10	PST212	115	10	(.)	(.)	_	_	_	_	_	shortpause	_	none	_	_	_	_	_	X(99)
115-11	PST212	115	11	a:h	ah	_	_	_	_	_	linguistic	_	none	_	_	0x1	_	_	0-2(99)
115-12	PST212	115	12	okay]	okay	_	_	_	_	_	linguistic	_	none	_	End=232.061	_	_	_	0-4(99)
116-0	PST211	116	0	[okay].	okay	_	_	_	_	_	linguistic	_	none	Intonation=Falling	Begin=231.622|End=232.056	_	_	_	0-4(99)
117-0	PST051	117	0	sì:	sì	_	_	_	_	_	linguistic	_	none	_	Begin=232.056	1x1	_	_	_
117-1	PST051	117	1	è	è	_	_	_	_	_	linguistic	_	none	_	_	_	_	_	_
117-2	PST051	117	2	qua	qua	_	_	_	_	_	linguistic	_	none	_	_	_	_	_	_
117-3	PST051	117	3	vicino.	vicino	_	_	_	_	_	linguistic	_	none	Intonation=Falling	End=233.236	_	_	_	_
118-0	PST213	118	0	e	e	_	_	_	_	_	linguistic	_	none	_	Begin=233.236	_	_	_	_
118-1	PST213	118	1	ti	ti	_	_	_	_	_	linguistic	_	none	_	_	_	_	_	_
118-2	PST213	118	2	trovi	trovi	_	_	_	_	_	linguistic	_	none	_	_	_	_	_	_
118-3	PST213	118	3	bene	bene	_	_	_	_	_	linguistic	_	none	_	_	_	_	_	_
118-4	PST213	118	4	qua:	qua	_	_	_	_	_	linguistic	_	none	_	_	2x1	_	_	_
118-5	PST213	118	5	in	in	_	_	_	_	_	linguistic	_	none	_	_	_	_	_	_
118-6	PST213	118	6	que[sta	questa	_	_	_	_	_	linguistic	_	none	_	_	_	_	_	3-6(39)
118-7	PST213	118	7	zona	zona	_	_	_	_	_	linguistic	_	none	PauseAfter=Yes	_	_	_	_	0-4(39)
118-8	PST213	118	8	(.)	(.)	_	_	_	_	_	shortpause	_	none	_	_	_	_	_	X(39)
118-9	PST213	118	9	c'	c'	_	_	_	_	_	linguistic	_	none	SpaceAfter=No	_	_	_	_	0-2(39)
118-10	PST213	118	10	è	è	_	_	_	_	_	linguistic	_	none	_	_	_	_	_	0-1(39)
118-11	PST213	118	11	tutto	tutto	_	_	_	_	_	linguistic	_	none	_	_	_	_	_	0-5(39)
118-12	PST213	118	12	quello:]	quello	_	_	_	_	_	linguistic	_	none	PauseAfter=Yes	_	5x1	_	_	0-6(39)
118-13	PST213	118	13	(.)	(.)	_	_	_	_	_	shortpause	_	none	_	_	_	_	_	_
118-14	PST213	118	14	di	di	_	_	_	_	_	linguistic	_	none	_	_	_	_	_	_
118-15	PST213	118	15	cui	cui	_	_	_	_	_	linguistic	_	none	_	_	_	_	_	_
118-16	PST213	118	16	tu	tu	_	_	_	_	_	linguistic	_	none	_	_	_	_	_	_
118-17	PST213	118	17	hai	hai	_	_	_	_	_	linguistic	_	none	_	_	_	_	_	_
118-18	PST213	118	18	bis[ogno].	bisogno	_	_	_	_	_	linguistic	_	none	Intonation=Falling	End=237.722	_	_	_	2-7(38)
119-0	PST051	119	0	[sì:	sì	_	_	_	_	_	linguistic	_	none	PauseAfter=Yes	Begin=234.35	1x1	_	_	0-2(39)
119-1	PST051	119	1	(.)	(.)	_	_	_	_	_	shortpause	_	none	_	_	_	_	_	X(39)
119-2	PST051	119	2	sì	sì	_	_	_	_	_	linguistic	_	none	_	_	_	_	_	0-2(39)
119-3	PST051	119	3	sì	sì	_	_	_	_	_	linguistic	_	none	PauseAfter=Yes	_	_	_	_	0-2(39)
119-4	PST051	119	4	(.)	(.)	_	_	_	_	_	shortpause	_	none	_	_	_	_	_	X(39)
119-5	PST051	119	5	sì:].	sì	_	_	_	_	_	linguistic	_	none	Intonation=Falling	End=236.482	1x1	_	_	0-2(39)
120-0	PST051	120	0	[sì:]	sì	_	_	_	_	_	linguistic	_	none	_	Begin=237.333	1x1	_	_	0-2(38)
120-1	PST051	120	1	è	è	_	_	_	_	_	linguistic	_	none	_	_	_	_	_	_
120-2	PST051	120	2	pr~	pr~	_	_	_	_	_	linguistic	_	none	Interrupted=Yes	_	_	_	_	_
120-3	PST051	120	3	c'	c'	_	_	_	_	_	linguistic	_	none	SpaceAfter=No	_	_	_	_	_
120-4	PST051	120	4	è	è	_	_	_	_	_	linguistic	_	none	_	_	_	_	_	_
120-5	PST051	120	5	c'	c'	_	_	_	_	_	linguistic	_	none	SpaceAfter=No	_	_	_	_	_
120-6	PST051	120	6	è	è	_	_	_	_	_	linguistic	_	none	_	_	_	_	_	_
120-7	PST051	120	7	di	di	_	_	_	_	_	linguistic	_	none	_	_	_	_	_	_
120-8	PST051	120	8	tutto.	tutto	_	_	_	_	_	linguistic	_	none	Intonation=Falling	End=239.282	_	_	_	_
121-0	PST051	121	0	no:	no	_	_	_	_	_	linguistic	_	none	_	Begin=239.656	1x1	_	_	_
121-1	PST051	121	1	qualsiasi	qualsiasi	_	_	_	_	_	linguistic	_	none	_	_	_	_	_	_
121-2	PST051	121	2	cosa:	cosa	_	_	_	_	_	linguistic	_	none	_	_	3x1	_	_	_
121-3	PST051	121	3	[la	la	_	_	_	_	_	linguistic	_	none	_	_	_	_	_	0-2(40)
121-4	PST051	121	4	trovi]?	trovi	_	_	_	_	_	linguistic	_	none	Intonation=Rising	End=241.943	_	_	_	0-5(40)
122-0	PST213	122	0	[è	è	_	_	_	_	_	linguistic	_	none	_	Begin=241.294	_	_	_	0-1(40)
122-1	PST213	122	1	una	una	_	_	_	_	_	linguistic	_	none	_	_	_	_	_	0-3(40)
122-2	PST213	122	2	zona	zona	_	_	_	_	_	linguistic	_	none	_	_	_	_	_	0-4(40)
122-3	PST213	122	3	più]	più	_	_	_	_	_	linguistic	_	none	_	_	_	_	_	0-3(40)
122-4	PST213	122	4	tranquilla	tranquilla	_	_	_	_	_	linguistic	_	none	_	_	_	_	_	_
122-5	PST213	122	5	no	no	_	_	_	_	_	linguistic	_	none	_	_	_	_	_	_
122-6	PST213	122	6	mi	mi	_	_	_	_	_	linguistic	_	none	_	_	_	_	_	_
122-7	PST213	122	7	[immagino].	immagino	_	_	_	_	_	linguistic	_	none	Intonation=Falling	End=243.373	_	_	_	0-8(41)
123-0	PST051	123	0	[s:ì:	sì	_	_	_	_	_	linguistic	_	none	_	Begin=242.756	0x1,1x1	_	_	0-2(41)
123-1	PST051	123	1	s]ì	sì	_	_	_	_	_	linguistic	_	none	_	_	_	_	_	0-1(41)
123-2	PST051	123	2	sì:.	sì	_	_	_	_	_	linguistic	_	none	Intonation=Falling	End=243.817	1x1	_	_	_
124-0	PST051	124	0	tranquillo	tranquillo	_	_	_	_	_	linguistic	_	none	PauseAfter=Yes	Begin=244.061	_	_	_	_
124-1	PST051	124	1	(.)	(.)	_	_	_	_	_	shortpause	_	none	_	_	_	_	_	_
124-2	PST051	124	2	sì	sì	_	_	_	_	_	linguistic	_	none	_	End=245.404	_	_	_	_
125-0	PST213	125	0	okay	okay	_	_	_	_	_	linguistic	_	none	_	Begin=245.806|End=246.222	_	_	_	_
126-0	PST212	126	0	e	e	_	_	_	_	_	linguistic	_	none	_	Begin=246.422	_	_	_	_
126-1	PST212	126	1	hai	hai	_	_	_	_	_	linguistic	_	none	_	_	_	_	_	_
126-2	PST212	126	2	conosciuto:	conosciuto	_	_	_	_	_	linguistic	_	none	_	_	9x1	_	_	_
126-3	PST212	126	3	qualc~	qualc~	_	_	_	_	_	linguistic	_	none	Interrupted=Yes	_	_	_	_	_
126-4	PST212	126	4	c(io)è	cioè	_	_	_	_	_	linguistic	_	none	Reduced=Yes	_	_	_	_	_
126-5	PST212	126	5	da	da	_	_	_	_	_	linguistic	_	none	_	_	_	_	_	_
126-6	PST212	126	6	quant'	quant'	_	_	_	_	_	linguistic	_	none	SpaceAfter=No	_	_	_	_	_
126-7	PST212	126	7	è:	è	_	_	_	_	_	linguistic	_	none	_	_	0x1	_	_	_
126-8	PST212	126	8	che	che	_	_	_	_	_	linguistic	_	none	_	_	_	_	_	_
126-9	PST212	126	9	conosci	conosci	_	_	_	_	_	linguistic	_	none	_	_	_	_	_	_
126-10	PST212	126	10	questa	questa	_	_	_	_	_	linguistic	_	none	_	_	_	_	_	_
126-11	PST212	126	11	associazione::	associazione	_	_	_	_	_	linguistic	_	none	_	_	11x2	_	_	_
126-12	PST212	126	12	la	la	_	_	_	_	_	linguistic	_	none	_	_	_	_	_	_
126-13	PST212	126	13	frequenti,	frequenti	_	_	_	_	_	linguistic	_	none	Intonation=WeaklyRising	End=251.483	_	_	_	_
127-0	PST051	127	0	e:h	eh	_	_	_	_	_	linguistic	_	none	_	Begin=251.483	0x1	_	_	_
127-1	PST051	127	1	questa	questa	_	_	_	_	_	linguistic	_	none	_	_	_	_	_	_
127-2	PST051	127	2	associazione	associazione	_	_	_	_	_	linguistic	_	none	_	_	_	_	_	_
127-3	PST051	127	3	da	da	_	_	_	_	_	linguistic	_	none	_	_	_	_	_	_
127-4	PST051	127	4	quest'	quest'	_	_	_	_	_	linguistic	_	none	SpaceAfter=No	_	_	_	_	_
127-5	PST051	127	5	anno.	anno	_	_	_	_	_	linguistic	_	none	Intonation=Falling	End=253.788	_	_	_	_
128-0	PST051	128	0	prim~	prim~	_	_	_	_	_	linguistic	_	none	Interrupted=Yes	Begin=254.339	_	_	_	_
128-1	PST051	128	1	c(io)è	cioè	_	_	_	_	_	linguistic	_	none	Reduced=Yes	End=255.133	_	_	_	_
129-0	PST051	129	0	tramite	tramite	_	_	_	_	_	linguistic	_	none	_	Begin=255.717	_	_	_	_
129-1	PST051	129	1	un'	un'	_	_	_	_	_	linguistic	_	none	SpaceAfter=No	_	_	_	_	_
129-2	PST051	129	2	amica	amica	_	_	_	_	_	linguistic	_	none	_	_	_	_	_	_
129-3	PST051	129	3	ho::	ho	_	_	_	_	_	linguistic	_	none	_	_	1x2	_	_	_
129-4	PST051	129	4	conosciuto	conosciuto	_	_	_	_	_	linguistic	_	none	_	_	_	_	_	_
129-5	PST051	129	5	loro	loro	_	_	_	_	_	linguistic	_	none	_	_	_	_	_	_
129-6	PST051	129	6	così	così	_	_	_	_	_	linguistic	_	none	_	_	_	_	_	_
129-7	PST051	129	7	ho:	ho	_	_	_	_	_	linguistic	_	none	_	_	1x1	_	_	_
129-8	PST051	129	8	iscritto	iscritto	_	_	_	_	_	linguistic	_	none	_	_	_	_	_	_
129-9	PST051	129	9	lui,	lui	_	_	_	_	_	linguistic	_	none	Intonation=WeaklyRising	End=259.959	_	_	_	_
130-0	PST051	130	0	perché	perché	_	_	_	_	_	linguistic	_	none	PauseAfter=Yes	Begin=260.456	_	_	_	_
130-1	PST051	130	1	(.)	(.)	_	_	_	_	_	shortpause	_	none	_	_	_	_	_	_
130-2	PST051	130	2	io	io	_	_	_	_	_	linguistic	_	none	_	_	_	_	_	_
130-3	PST051	130	3	non:	non	_	_	_	_	_	linguistic	_	none	_	_	2x1	_	_	_
130-4	PST051	130	4	non	non	_	_	_	_	_	linguistic	_	none	_	_	_	_	_	_
130-5	PST051	130	5	la	la	_	_	_	_	_	linguistic	_	none	_	_	_	_	_	_
130-6	PST051	130	6	conoscevo.	conoscevo	_	_	_	_	_	linguistic	_	none	Intonation=Falling	End=263.0	_	_	_	_
131-0	PST212	131	0	e	e	_	_	_	_	_	linguistic	_	none	_	Begin=263.383	_	_	_	_
131-1	PST212	131	1	prima	prima	_	_	_	_	_	linguistic	_	none	_	_	_	_	_	_
131-2	PST212	131	2	avevi	avevi	_	_	_	_	_	linguistic	_	none	_	_	_	_	_	_
131-3	PST212	131	3	comunque:	comunque	_	_	_	_	_	linguistic	_	none	_	_	7x1	_	_	_
131-4	PST212	131	4	diciamo	diciamo	_	_	_	_	_	linguistic	_	none	_	_	_	_	_	_
131-5	PST212	131	5	dei	dei	_	_	_	_	_	linguistic	_	none	_	_	_	_	_	_
131-6	PST212	131	6	rapporti	rapporti	_	_	_	_	_	linguistic	_	none	_	_	_	_	_	_
131-7	PST212	131	7	con	con	_	_	_	_	_	linguistic	_	none	_	_	_	_	_	_
131-8	PST212	131	8	altre	altre	_	_	_	_	_	linguistic	_	none	_	_	_	_	_	_
131-9	PST212	131	9	persone:	persone	_	_	_	_	_	linguistic	_	none	_	_	6x1	_	_	_
131-10	PST212	131	10	e:hm	ehm	_	_	_	_	_	linguistic	_	none	_	_	0x1	_	_	_
131-11	PST212	131	11	rume:ne	rumene	_	_	_	_	_	linguistic	_	none	_	_	3x1	_	_	_
131-12	PST212	131	12	o	o	_	_	_	_	_	linguistic	_	none	_	_	_	_	_	_
131-13	PST212	131	13	comunque	comunque	_	_	_	_	_	linguistic	_	none	_	_	_	_	_	_
131-14	PST212	131	14	con	con	_	_	_	_	_	linguistic	_	none	_	_	_	_	_	_
131-15	PST212	131	15	altre	altre	_	_	_	_	_	linguistic	_	none	_	_	_	_	_	_
131-16	PST212	131	16	associazioni	associazioni	_	_	_	_	_	linguistic	_	none	_	_	_	_	_	_
131-17	PST212	131	17	rume:[ne],	rumene	_	_	_	_	_	linguistic	_	none	Intonation=WeaklyRising	End=271.525	3x1	_	_	4-6(42)
132-0	PST051	132	0	[no].	no	_	_	_	_	_	linguistic	_	none	Intonation=Falling	Begin=271.15|End=271.517	_	_	_	0-2(42)
133-0	PST212	133	0	o[kay]	okay	_	_	_	_	_	linguistic	_	none	_	Begin=272.383|End=272.839	_	_	_	1-4(43)
134-0	PST051	134	0	[no]:	no	_	_	_	_	_	linguistic	_	none	_	Begin=272.592|End=272.958	1x1	_	_	0-2(43)
135-0	PST212	135	0	quindi	quindi	_	_	_	_	_	linguistic	_	none	_	Begin=273.058	_	_	_	_
135-1	PST212	135	1	è	è	_	_	_	_	_	linguistic	_	none	_	_	_	_	_	_
135-2	PST212	135	2	da:	da	_	_	_	_	_	linguistic	_	none	_	_	1x1	_	_	_
135-3	PST212	135	3	da	da	_	_	_	_	_	linguistic	_	none	_	_	_	_	_	_
135-4	PST212	135	4	poco	poco	_	_	_	_	_	linguistic	_	none	_	_	_	_	_	_
135-5	PST212	135	5	in[somma],	insomma	_	_	_	_	_	linguistic	_	none	Intonation=WeaklyRising	End=274.889	_	_	_	2-7(44)
136-0	PST051	136	0	[sì:	sì	_	_	_	_	_	linguistic	_	none	_	Begin=274.283	1x1	_	_	0-2(44)
136-1	PST051	136	1	in]fatti.	infatti	_	_	_	_	_	linguistic	_	none	Intonation=Falling	End=275.397	_	_	_	0-2(44)
137-0	PST212	137	0	e::	e	_	_	_	_	_	linguistic	_	none	_	Begin=275.9	0x2	_	_	_
137-1	PST212	137	1	[chi	chi	_	_	_	_	_	linguistic	_	none	_	_	_	_	_	0-3(45)
137-2	PST212	137	2	era	era	_	_	_	_	_	linguistic	_	none	_	_	_	_	_	0-3(45)
137-3	PST212	137	3	il	il	_	_	_	_	_	linguistic	_	none	_	_	_	_	_	0-2(45)
137-4	PST212	137	4	tuo	tuo	_	_	_	_	_	linguistic	_	none	_	_	_	_	_	0-3(45)
137-5	PST212	137	5	la	la	_	_	_	_	_	linguistic	_	none	_	_	_	_	_	0-2(45)
137-6	PST212	137	6	tu~]	tu~	_	_	_	_	_	linguistic	_	none	Interrupted=Yes	End=277.825	_	_	_	0-3(45)
138-0	PST051	138	0	[c(io)è	cioè	_	_	_	_	_	linguistic	_	none	Reduced=Yes	Begin=276.642	_	_	_	0-4(45)
138-1	PST051	138	1	praticamente]	praticamente	_	_	_	_	_	linguistic	_	none	_	_	_	_	_	0-12(45)
138-2	PST051	138	2	da	da	_	_	_	_	_	linguistic	_	none	_	_	_	_	_	_
138-3	PST051	138	3	questo::	questo	_	_	_	_	_	linguistic	_	none	_	_	5x2	_	_	_
138-4	PST051	138	4	me:se	mese	_	_	_	_	_	linguistic	_	none	_	_	1x1	_	_	_
138-5	PST051	138	5	da	da	_	_	_	_	_	linguistic	_	none	_	_	_	_	_	_
138-6	PST051	138	6	quando	quando	_	_	_	_	_	linguistic	_	none	_	_	_	_	_	_
138-7	PST051	138	7	ha	ha	_	_	_	_	_	linguistic	_	none	_	_	_	_	_	_
138-8	PST051	138	8	iniziato	iniziato	_	_	_	_	_	linguistic	_	none	_	_	_	_	_	_
138-9	PST051	138	9	lui	lui	_	_	_	_	_	linguistic	_	none	_	_	_	_	_	_
138-10	PST051	138	10	a:	a	_	_	_	_	_	linguistic	_	none	_	_	0x1	_	_	_
138-11	PST051	138	11	venire:	venire	_	_	_	_	_	linguistic	_	none	_	_	5x1	_	_	_
138-12	PST051	138	12	qua.	qua	_	_	_	_	_	linguistic	_	none	Intonation=Falling	End=282.183	_	_	_	_
139-0	PST213	139	0	okay	okay	_	_	_	_	_	linguistic	_	none	_	Begin=282.242|End=282.867	_	_	_	_
140-0	PST051	140	0	perché:	perché	_	_	_	_	_	linguistic	_	none	_	Begin=283.158	5x1	_	_	_
140-1	PST051	140	1	prima	prima	_	_	_	_	_	linguistic	_	none	_	_	_	_	_	_
140-2	PST051	140	2	ne	ne	_	_	_	_	_	linguistic	_	none	_	_	_	_	_	_
140-3	PST051	140	3	ho	ho	_	_	_	_	_	linguistic	_	none	_	_	_	_	_	_
140-4	PST051	140	4	sentiti	sentiti	_	_	_	_	_	linguistic	_	none	_	_	_	_	_	_
140-5	PST051	140	5	che	che	_	_	_	_	_	linguistic	_	none	_	_	_	_	_	_
140-6	PST051	140	6	c'	c'	_	_	_	_	_	linguistic	_	none	SpaceAfter=No	_	_	_	_	_
140-7	PST051	140	7	erano	erano	_	_	_	_	_	linguistic	_	none	_	_	_	_	_	_
140-8	PST051	140	8	ma	ma	_	_	_	_	_	linguistic	_	none	_	_	_	_	_	_
140-9	PST051	140	9	non	non	_	_	_	_	_	linguistic	_	none	_	_	_	_	_	_
140-10	PST051	140	10	sono	sono	_	_	_	_	_	linguistic	_	none	_	_	_	_	_	_
140-11	PST051	140	11	andata	andata	_	_	_	_	_	linguistic	_	none	_	_	_	_	_	_
140-12	PST051	140	12	a[::].	a	_	_	_	_	_	linguistic	_	none	Intonation=Falling	End=288.19	0x2	_	_	0-1(46)
141-0	PST212	141	0	[okay]	okay	_	_	_	_	_	linguistic	_	none	_	Begin=287.725|End=288.192	_	_	_	0-4(46)
142-0	PST213	142	0	non	non	_	_	_	_	_	linguistic	_	none	_	Begin=289.075	_	_	_	_
142-1	PST213	142	1	ti	ti	_	_	_	_	_	linguistic	_	none	_	_	_	_	_	_
142-2	PST213	142	2	[non	non	_	_	_	_	_	linguistic	_	none	_	_	_	_	_	0-3(47)
142-3	PST213	142	3	t]i	ti	_	_	_	_	_	linguistic	_	none	_	_	_	_	_	0-1(47)
142-4	PST213	142	4	interessava,	interessava	_	_	_	_	_	linguistic	_	none	Intonation=WeaklyRising	End=290.57	_	_	_	_
143-0	PST051	143	0	[a	a	_	_	_	_	_	linguistic	_	none	_	Begin=289.331	_	_	_	0-1(47)
143-1	PST051	143	1	vedere]	vedere	_	_	_	_	_	linguistic	_	none	_	End=289.855	_	_	_	0-6(47)
144-0	PST213	144	0	non	non	_	_	_	_	_	linguistic	_	none	_	Begin=291.242	_	_	_	_
144-1	PST213	144	1	a[vevi	avevi	_	_	_	_	_	linguistic	_	none	_	_	_	_	_	1-5(48)
144-2	PST213	144	2	bisogno]	bisogno	_	_	_	_	_	linguistic	_	none	_	End=292.1	_	_	_	0-7(48)
145-0	PST051	145	0	[ma:	ma	_	_	_	_	_	linguistic	_	none	_	Begin=291.431	1x1	_	_	0-2(48)
145-1	PST051	145	1	non	non	_	_	_	_	_	linguistic	_	none	_	_	_	_	_	0-3(48)
145-2	PST051	145	2	lo	lo	_	_	_	_	_	linguistic	_	none	_	_	_	_	_	0-2(48)
145-3	PST051	145	3	so]::	so	_	_	_	_	_	linguistic	_	none	_	_	1x2	_	_	0-2(48)
145-4	PST051	145	4	((ride))	((ride))	_	_	_	_	_	nonverbalbehavior	_	none	_	_	_	_	_	_
145-5	PST051	145	5	non	non	_	_	_	_	_	linguistic	_	none	_	_	_	_	_	_
145-6	PST051	145	6	lo	lo	_	_	_	_	_	linguistic	_	none	_	_	_	_	_	_
145-7	PST051	145	7	so	so	_	_	_	_	_	linguistic	_	none	_	_	_	_	_	_
145-8	PST051	145	8	perch[é	perché	_	_	_	_	_	linguistic	_	none	_	_	_	_	_	5-6(49)
145-9	PST051	145	9	non]	non	_	_	_	_	_	linguistic	_	none	_	_	_	_	_	0-3(49)
145-10	PST051	145	10	non	non	_	_	_	_	_	linguistic	_	none	_	_	_	_	_	_
145-11	PST051	145	11	sono	sono	_	_	_	_	_	linguistic	_	none	_	_	_	_	_	_
145-12	PST051	145	12	mai	mai	_	_	_	_	_	linguistic	_	none	_	_	_	_	_	_
145-13	PST051	145	13	andata	andata	_	_	_	_	_	linguistic	_	none	_	_	_	_	_	_
145-14	PST051	145	14	boh:	boh	_	_	_	_	_	linguistic	_	none	_	_	2x1	_	_	_
145-15	PST051	145	15	mi	mi	_	_	_	_	_	linguistic	_	none	_	_	_	_	_	_
145-16	PST051	145	16	chiedo	chiedo	_	_	_	_	_	linguistic	_	none	_	_	_	_	_	_
145-17	PST051	145	17	anch'	anch'	_	_	_	_	_	linguistic	_	none	SpaceAfter=No	_	_	_	_	_
145-18	PST051	145	18	io	io	_	_	_	_	_	linguistic	_	none	_	_	_	_	_	_
145-19	PST051	145	19	ma	ma	_	_	_	_	_	linguistic	_	none	_	_	_	_	_	_
145-20	PST051	145	20	n~	n~	_	_	_	_	_	linguistic	_	none	Interrupted=Yes	_	_	_	_	_
145-21	PST051	145	21	non	non	_	_	_	_	_	linguistic	_	none	_	_	_	_	_	_
145-22	PST051	145	22	lo	lo	_	_	_	_	_	linguistic	_	none	_	_	_	_	_	_
145-23	PST051	145	23	so:	so	_	_	_	_	_	linguistic	_	none	_	_	1x1	_	_	_
145-24	PST051	145	24	((ride))	((ride))	_	_	_	_	_	nonverbalbehavior	_	none	_	End=297.515	_	_	_	_
146-0	PST213	146	0	((ride))	((ride))	_	_	_	_	_	nonverbalbehavior	_	none	_	Begin=293.594|End=294.181	_	_	_	_
147-0	PST213	147	0	è	è	_	_	_	_	_	linguistic	_	none	_	Begin=298.431	_	_	_	_
147-1	PST213	147	1	andata	andata	_	_	_	_	_	linguistic	_	none	_	_	_	_	_	_
147-2	PST213	147	2	così.	così	_	_	_	_	_	linguistic	_	none	Intonation=Falling	End=299.169	_	_	_	_
148-0	PST051	148	0	è	è	_	_	_	_	_	linguistic	_	none	_	Begin=299.256	_	_	_	_
148-1	PST051	148	1	andata	andata	_	_	_	_	_	linguistic	_	none	_	_	_	_	_	_
148-2	PST051	148	2	così	così	_	_	_	_	_	linguistic	_	none	_	_	_	_	_	_
148-3	PST051	148	3	sì.	sì	_	_	_	_	_	linguistic	_	none	Intonation=Falling	End=300.369	_	_	_	_
149-0	PST212	149	0	e::hm	ehm	_	_	_	_	_	linguistic	_	none	_	Begin=302.262|End=302.767	0x2	_	_	_
150-0	PST212	150	0	e	e	_	_	_	_	_	linguistic	_	none	_	Begin=304.137	_	_	_	_
150-1	PST212	150	1	quindi:	quindi	_	_	_	_	_	linguistic	_	none	PauseAfter=Yes	_	5x1	_	_	_
150-2	PST212	150	2	(.)	(.)	_	_	_	_	_	shortpause	_	none	_	_	_	_	_	_
150-3	PST212	150	3	tuo	tuo	_	_	_	_	_	linguistic	_	none	_	_	_	_	_	_
150-4	PST212	150	4	figlio:	figlio	_	_	_	_	_	linguistic	_	none	PauseAfter=Yes	_	5x1	_	_	_
150-5	PST212	150	5	(.)	(.)	_	_	_	_	_	shortpause	_	none	_	_	_	_	_	_
150-6	PST212	150	6	frequenta	frequenta	_	_	_	_	_	linguistic	_	none	_	_	_	_	_	_
150-7	PST212	150	7	anche	anche	_	_	_	_	_	linguistic	_	none	_	_	_	_	_	_
150-8	PST212	150	8	altre	altre	_	_	_	_	_	linguistic	_	none	_	_	_	_	_	_
150-9	PST212	150	9	attività:	attività	_	_	_	_	_	linguistic	_	none	_	_	7x1	_	_	_
150-10	PST212	150	10	più	più	_	_	_	_	_	linguistic	_	none	_	_	_	_	_	_
150-11	PST212	150	11	legate	legate	_	_	_	_	_	linguistic	_	none	_	_	_	_	_	_
150-12	PST212	150	12	alla	alla	_	_	_	_	_	linguistic	_	none	_	_	_	_	_	_
150-13	PST212	150	13	tradizione:	tradizione	_	_	_	_	_	linguistic	_	none	_	_	9x1	_	_	_
150-14	PST212	150	14	rume:[na]	rumena	_	_	_	_	_	linguistic	_	none	_	End=310.337	3x1	_	_	4-6(50)
151-0	PST051	151	0	[n:]o:	no	_	_	_	_	_	linguistic	_	none	_	Begin=310.037	0x1,1x1	_	_	0-1(50)
151-1	PST051	151	1	e:hm	ehm	_	_	_	_	_	linguistic	_	none	_	_	0x1	_	_	_
151-2	PST051	151	2	un'	un'	_	_	_	_	_	linguistic	_	none	SpaceAfter=No	_	_	_	_	_
151-3	PST051	151	3	altra	altra	_	_	_	_	_	linguistic	_	none	_	_	_	_	_	_
151-4	PST051	151	4	attività	attività	_	_	_	_	_	linguistic	_	none	_	_	_	_	_	_
151-5	PST051	151	5	no:.	no	_	_	_	_	_	linguistic	_	none	Intonation=Falling	End=312.795	1x1	_	_	_
152-0	PST051	152	0	lui	lui	_	_	_	_	_	linguistic	_	none	_	Begin=313.437	_	_	_	_
152-1	PST051	152	1	fa	fa	_	_	_	_	_	linguistic	_	none	_	_	_	_	_	_
152-2	PST051	152	2	equitazio:ne.	equitazione	_	_	_	_	_	linguistic	_	none	Intonation=Falling	End=314.851	8x1	_	_	_
153-0	PST212	153	0	okay	okay	_	_	_	_	_	linguistic	_	none	_	Begin=314.851|End=315.443	_	_	_	_
154-0	PST051	154	0	l'	l'	_	_	_	_	_	linguistic	_	none	SpaceAfter=No	Begin=315.443	_	_	_	_
154-1	PST051	154	1	altro:	altro	_	_	_	_	_	linguistic	_	none	_	_	4x1	_	_	_
154-2	PST051	154	2	l'	l'	_	_	_	_	_	linguistic	_	none	SpaceAfter=No	_	_	_	_	_
154-3	PST051	154	3	altra	altra	_	_	_	_	_	linguistic	_	none	_	_	_	_	_	_
154-4	PST051	154	4	cosa	cosa	_	_	_	_	_	linguistic	_	none	_	_	_	_	_	_
154-5	PST051	154	5	che	che	_	_	_	_	_	linguistic	_	none	_	_	_	_	_	_
154-6	PST051	154	6	l:~	l~	_	_	_	_	_	linguistic	_	none	Interrupted=Yes	_	0x1	_	_	_
154-7	PST051	154	7	che	che	_	_	_	_	_	linguistic	_	none	_	_	_	_	_	_
154-8	PST051	154	8	fa:,	fa	_	_	_	_	_	linguistic	_	none	Intonation=WeaklyRising	End=317.551	1x1	_	_	_
155-0	PST051	155	0	ma	ma	_	_	_	_	_	linguistic	_	none	_	Begin=318.631	_	_	_	_
155-1	PST051	155	1	non::	non	_	_	_	_	_	linguistic	_	none	_	_	2x2	_	_	_
155-2	PST051	155	2	m::h	mh	_	_	_	_	_	linguistic	_	none	_	End=320.121	0x2	_	_	_
156-0	PST051	156	0	non	non	_	_	_	_	_	linguistic	_	none	_	Begin=321.112	_	_	_	_
156-1	PST051	156	1	frequenta	frequenta	_	_	_	_	_	linguistic	_	none	_	End=322.04	_	_	_	_
157-0	PST212	157	0	e	e	_	_	_	_	_	linguistic	_	none	_	Begin=322.619	_	_	_	_
157-1	PST212	157	1	siete	siete	_	_	_	_	_	linguistic	_	none	_	_	_	_	_	_
157-2	PST212	157	2	invece	invece	_	_	_	_	_	linguistic	_	none	_	_	_	_	_	_
157-3	PST212	157	3	tornati	tornati	_	_	_	_	_	linguistic	_	none	_	_	_	_	_	_
157-4	PST212	157	4	in	in	_	_	_	_	_	linguistic	_	none	_	_	_	_	_	_
157-5	PST212	157	5	romania	romania	_	_	_	_	_	linguistic	_	none	_	_	_	_	_	_
157-6	PST212	157	6	ogni	ogni	_	_	_	_	_	linguistic	_	none	_	_	_	_	_	_
157-7	PST212	157	7	ta:nto:	tanto	_	_	_	_	_	linguistic	_	none	_	_	1x1,4x1	_	_	_
157-8	PST212	157	8	[anche	anche	_	_	_	_	_	linguistic	_	none	_	_	_	_	_	0-5(51)
157-9	PST212	157	9	con	con	_	_	_	_	_	linguistic	_	none	_	_	_	_	_	0-3(51)
157-10	PST212	157	10	lu:i],	lui	_	_	_	_	_	linguistic	_	none	Intonation=WeaklyRising	End=326.005	1x1	_	_	0-3(51)
158-0	PST051	158	0	[sì::	sì	_	_	_	_	_	linguistic	_	none	_	Begin=325.069	1x2	_	_	0-2(51)
158-1	PST051	158	1	a]nche	anche	_	_	_	_	_	linguistic	_	none	_	_	_	_	_	0-1(51)
158-2	PST051	158	2	quest'	quest'	_	_	_	_	_	linguistic	_	none	SpaceAfter=No	_	_	_	_	_
158-3	PST051	158	3	anno	anno	_	_	_	_	_	linguistic	_	none	_	_	_	_	_	_
158-4	PST051	158	4	andiamo.	andiamo	_	_	_	_	_	linguistic	_	none	Intonation=Falling	End=327.274	_	_	_	_
159-0	PST212	159	0	okay	okay	_	_	_	_	_	linguistic	_	none	_	Begin=327.556|End=328.031	_	_	_	_
160-0	PST213	160	0	quindi	quindi	_	_	_	_	_	linguistic	_	none	_	Begin=328.119	_	_	_	_
160-1	PST213	160	1	rit~	rit~	_	_	_	_	_	linguistic	_	none	Interrupted=Yes	_	_	_	_	_
160-2	PST213	160	2	ritornate	ritornate	_	_	_	_	_	linguistic	_	none	_	_	_	_	_	_
160-3	PST213	160	3	spe:sso.	spesso	_	_	_	_	_	linguistic	_	none	Intonation=Falling	End=329.574	2x1	_	_	_
161-0	PST051	161	0	spesso	spesso	_	_	_	_	_	linguistic	_	none	_	Begin=330.387	_	_	_	_
161-1	PST051	161	1	diciamo	diciamo	_	_	_	_	_	linguistic	_	none	_	_	_	_	_	_
161-2	PST051	161	2	no:	no	_	_	_	_	_	linguistic	_	none	_	_	1x1	_	_	_
161-3	PST051	161	3	però	però	_	_	_	_	_	linguistic	_	none	_	_	_	_	_	_
161-4	PST051	161	4	mh	mh	_	_	_	_	_	linguistic	_	none	_	_	_	_	_	_
161-5	PST051	161	5	più	più	_	_	_	_	_	linguistic	_	none	_	_	_	_	_	_
161-6	PST051	161	6	o	o	_	_	_	_	_	linguistic	_	none	_	_	_	_	_	_
161-7	PST051	161	7	meno	meno	_	_	_	_	_	linguistic	_	none	_	_	_	_	_	_
161-8	PST051	161	8	ogni	ogni	_	_	_	_	_	linguistic	_	none	_	_	_	_	_	_
161-9	PST051	161	9	anno:	anno	_	_	_	_	_	linguistic	_	none	_	_	3x1	_	_	_
161-10	PST051	161	10	sì	sì	_	_	_	_	_	linguistic	_	none	_	_	_	_	_	_
161-11	PST051	161	11	[si	si	_	_	_	_	_	linguistic	_	none	_	_	_	_	_	0-2(52)
161-12	PST051	161	12	va:	va	_	_	_	_	_	linguistic	_	none	_	_	1x1	_	_	0-2(52)
161-13	PST051	161	13	un	un	_	_	_	_	_	linguistic	_	none	_	_	_	_	_	0-2(52)
161-14	PST051	161	14	po']	po'	_	_	_	_	_	linguistic	_	none	_	_	_	_	_	0-3(52)
161-15	PST051	161	15	esa:tto	esatto	_	_	_	_	_	linguistic	_	none	_	_	2x1	_	_	_
161-16	PST051	161	16	sì.	sì	_	_	_	_	_	linguistic	_	none	Intonation=Falling	End=336.394	_	_	_	_
162-0	PST213	162	0	[quando	quando	_	_	_	_	_	linguistic	_	none	_	Begin=334.325	_	_	_	0-6(52)
162-1	PST213	162	1	riuscite]	riuscite	_	_	_	_	_	linguistic	_	none	_	End=335.375	_	_	_	0-8(52)
163-0	PST051	163	0	sì	sì	_	_	_	_	_	linguistic	_	none	_	Begin=336.487	_	_	_	_
163-1	PST051	163	1	perché	perché	_	_	_	_	_	linguistic	_	none	_	_	_	_	_	_
163-2	PST051	163	2	mio	mio	_	_	_	_	_	linguistic	_	none	_	_	_	_	_	_
163-3	PST051	163	3	marito	marito	_	_	_	_	_	linguistic	_	none	_	_	_	_	_	_
163-4	PST051	163	4	lavo:ra	lavora	_	_	_	_	_	linguistic	_	none	_	_	3x1	_	_	_
163-5	PST051	163	5	e	e	_	_	_	_	_	linguistic	_	none	_	_	_	_	_	_
163-6	PST051	163	6	mh	mh	_	_	_	_	_	linguistic	_	none	_	_	_	_	_	_
163-7	PST051	163	7	mh	mh	_	_	_	_	_	linguistic	_	none	_	_	_	_	_	_
163-8	PST051	163	8	dipende::	dipende	_	_	_	_	_	linguistic	_	none	_	_	6x2	_	_	_
163-9	PST051	163	9	da	da	_	_	_	_	_	linguistic	_	none	_	_	_	_	_	_
163-10	PST051	163	10	lui,	lui	_	_	_	_	_	linguistic	_	none	Intonation=WeaklyRising	End=339.992	_	_	_	_
164-0	PST212	164	0	sì[:]	sì	_	_	_	_	_	linguistic	_	none	_	Begin=340.069|End=340.512	1x1	_	_	_
165-0	PST051	165	0	[s]:e	se	_	_	_	_	_	linguistic	_	none	_	Begin=340.381	0x1	_	_	0-1(53)
165-1	PST051	165	1	noi	noi	_	_	_	_	_	linguistic	_	none	_	_	_	_	_	_
165-2	PST051	165	2	riusciamo	riusciamo	_	_	_	_	_	linguistic	_	none	_	_	_	_	_	_
165-3	PST051	165	3	ad	ad	_	_	_	_	_	linguistic	_	none	_	_	_	_	_	_
165-4	PST051	165	4	andare	andare	_	_	_	_	_	linguistic	_	none	_	_	_	_	_	_
165-5	PST051	165	5	oppure	oppure	_	_	_	_	_	linguistic	_	none	_	_	_	_	_	_
165-6	PST051	165	6	no	no	_	_	_	_	_	linguistic	_	none	_	_	_	_	_	_
165-7	PST051	165	7	per[ché	perché	_	_	_	_	_	linguistic	_	none	_	_	_	_	_	3-6(54)
165-8	PST051	165	8	lui]	lui	_	_	_	_	_	linguistic	_	none	_	_	_	_	_	0-3(54)
165-9	PST051	165	9	ha	ha	_	_	_	_	_	linguistic	_	none	_	_	_	_	_	_
165-10	PST051	165	10	un	un	_	_	_	_	_	linguistic	_	none	_	_	_	_	_	_
165-11	PST051	165	11	lavoro	lavoro	_	_	_	_	_	linguistic	_	none	_	_	_	_	_	_
165-12	PST051	165	12	molto::	molto	_	_	_	_	_	linguistic	_	none	_	End=344.955	4x2	_	_	_
166-0	PST213	166	0	[ce:rto].	certo	_	_	_	_	_	linguistic	_	none	Intonation=Falling	Begin=342.575|End=343.181	1x1	_	_	0-5(54)
167-0	PST051	167	0	impegnativo	impegnativo	_	_	_	_	_	linguistic	_	none	_	Begin=345.481	_	_	_	_
167-1	PST051	167	1	e::h.	eh	_	_	_	_	_	linguistic	_	none	Intonation=Falling	End=347.445	0x2	_	_	_
168-0	PST051	168	0	vediamo	vediamo	_	_	_	_	_	linguistic	_	none	_	Begin=347.532	_	_	_	_
168-1	PST051	168	1	se:	se	_	_	_	_	_	linguistic	_	none	_	End=348.557	1x1	_	_	_
169-0	PST051	169	0	dipende	dipende	_	_	_	_	_	linguistic	_	none	_	Begin=349.111	_	_	_	_
169-1	PST051	169	1	tutto	tutto	_	_	_	_	_	linguistic	_	none	_	_	_	_	_	_
169-2	PST051	169	2	da	da	_	_	_	_	_	linguistic	_	none	_	_	_	_	_	_
169-3	PST051	169	3	lui	lui	_	_	_	_	_	linguistic	_	none	_	_	_	_	_	_
169-4	PST051	169	4	diciamo,	diciamo	_	_	_	_	_	linguistic	_	none	Intonation=WeaklyRising	End=350.961	_	_	_	_
170-0	PST213	170	0	okay	okay	_	_	_	_	_	linguistic	_	none	PauseAfter=Yes	Begin=351.181	_	_	_	_
170-1	PST213	170	1	(.)	(.)	_	_	_	_	_	shortpause	_	none	_	_	_	_	_	_
170-2	PST213	170	2	ma	ma	_	_	_	_	_	linguistic	_	none	_	_	_	_	_	_
170-3	PST213	170	3	che	che	_	_	_	_	_	linguistic	_	none	_	_	_	_	_	_
170-4	PST213	170	4	lavoro	lavoro	_	_	_	_	_	linguistic	_	none	_	_	_	_	_	_
170-5	PST213	170	5	fa,	fa	_	_	_	_	_	linguistic	_	none	Intonation=WeaklyRising	End=352.662	_	_	_	_
171-0	PST051	171	0	((inspira))	((inspira))	_	_	_	_	_	nonverbalbehavior	_	none	_	Begin=354.256	_	_	_	_
171-1	PST051	171	1	è	è	_	_	_	_	_	linguistic	_	none	_	_	_	_	_	_
171-2	PST051	171	2	un	un	_	_	_	_	_	linguistic	_	none	_	_	_	_	_	_
171-3	PST051	171	3	termoidraulico,	termoidraulico	_	_	_	_	_	linguistic	_	none	Intonation=WeaklyRising	End=355.667	_	_	_	_
172-0	PST213	172	0	okay	okay	_	_	_	_	_	linguistic	_	none	_	Begin=355.925|End=356.469	_	_	_	_
173-0	PST051	173	0	il	il	_	_	_	_	_	linguistic	_	none	_	Begin=356.475	_	_	_	_
173-1	PST051	173	1	riscaldamento	riscaldamento	_	_	_	_	_	linguistic	_	none	_	_	_	_	_	_
173-2	PST051	173	2	[((ride))	((ride))	_	_	_	_	_	nonverbalbehavior	_	none	_	_	_	_	_	X(55)
173-3	PST051	173	3	sì:	sì	_	_	_	_	_	linguistic	_	none	_	_	1x1	_	_	0-2(55)
173-4	PST051	173	4	((ride))]	((ride))	_	_	_	_	_	nonverbalbehavior	_	none	PauseAfter=Yes	_	_	_	_	X(55)
173-5	PST051	173	5	(.)	(.)	_	_	_	_	_	shortpause	_	none	_	_	_	_	_	_
173-6	PST051	173	6	è:	è	_	_	_	_	_	linguistic	_	none	_	_	0x1	_	_	_
173-7	PST051	173	7	è	è	_	_	_	_	_	linguistic	_	none	_	_	_	_	_	_
173-8	PST051	173	8	quello	quello	_	_	_	_	_	linguistic	_	none	_	_	_	_	_	_
173-9	PST051	173	9	che	che	_	_	_	_	_	linguistic	_	none	_	_	_	_	_	_
173-10	PST051	173	10	fa,	fa	_	_	_	_	_	linguistic	_	none	Intonation=WeaklyRising	End=361.669	_	_	_	_
174-0	PST213	174	0	[okay:	okay	_	_	_	_	_	linguistic	_	none	_	Begin=357.744	3x1	_	_	0-4(55)
174-1	PST213	174	1	okay]	okay	_	_	_	_	_	linguistic	_	none	_	End=359.281	_	_	_	0-4(55)
175-0	PST051	175	0	scusate	scusate	_	_	_	_	_	linguistic	_	none	_	Begin=362.594	_	_	_	_
175-1	PST051	175	1	ma	ma	_	_	_	_	_	linguistic	_	none	_	_	_	_	_	_
175-2	PST051	175	2	guardo	guardo	_	_	_	_	_	linguistic	_	none	_	_	_	_	_	_
175-3	PST051	175	3	anch[e	anche	_	_	_	_	_	linguistic	_	none	_	_	_	_	_	4-5(56)
175-4	PST051	175	4	il	il	_	_	_	_	_	linguistic	_	none	_	_	_	_	_	0-2(56)
175-5	PST051	175	5	piccolo,	piccolo	_	_	_	_	_	linguistic	_	none	Intonation=WeaklyRising	_	_	_	_	0-7(56)
175-6	PST051	175	6	((ride))]	((ride))	_	_	_	_	_	nonverbalbehavior	_	none	_	End=364.87	_	_	_	X(56)
176-0	PST213	176	0	[eh	eh	_	_	_	_	_	linguistic	_	none	_	Begin=363.594	_	_	_	0-2(56)
176-1	PST213	176	1	no	no	_	_	_	_	_	linguistic	_	none	_	_	_	_	_	0-2(56)
176-2	PST213	176	2	no	no	_	_	_	_	_	linguistic	_	none	_	_	_	_	_	0-2(56)
176-3	PST213	176	3	va:i	vai	_	_	_	_	_	linguistic	_	none	_	_	1x1	_	_	0-3(56)
176-4	PST213	176	4	va:i].	vai	_	_	_	_	_	linguistic	_	none	Intonation=Falling	End=364.856	1x1	_	_	0-3(56)
177-0	PST212	177	0	e	e	_	_	_	_	_	linguistic	_	none	_	Begin=366.244	_	_	_	_
177-1	PST212	177	1	quindi	quindi	_	_	_	_	_	linguistic	_	none	_	_	_	_	_	_
177-2	PST212	177	2	quando	quando	_	_	_	_	_	linguistic	_	none	_	_	_	_	_	_
177-3	PST212	177	3	siete	siete	_	_	_	_	_	linguistic	_	none	_	_	_	_	_	_
177-4	PST212	177	4	in	in	_	_	_	_	_	linguistic	_	none	_	_	_	_	_	_
177-5	PST212	177	5	romania:	romania	_	_	_	_	_	linguistic	_	none	_	_	6x1	_	_	_
177-6	PST212	177	6	tuo	tuo	_	_	_	_	_	linguistic	_	none	_	_	_	_	_	_
177-7	PST212	177	7	figlio:	figlio	_	_	_	_	_	linguistic	_	none	_	_	5x1	_	_	_
177-8	PST212	177	8	parla	parla	_	_	_	_	_	linguistic	_	none	_	_	_	_	_	_
177-9	PST212	177	9	traquillamente	traquillamente	_	_	_	_	_	linguistic	_	none	_	_	_	_	_	_
177-10	PST212	177	10	[rume:no],	rumeno	_	_	_	_	_	linguistic	_	none	Intonation=WeaklyRising	End=370.894	3x1	_	_	0-6(57)
178-0	PST051	178	0	[lui	lui	_	_	_	_	_	linguistic	_	none	_	Begin=370.219	_	_	_	0-3(57)
178-1	PST051	178	1	sì:]	sì	_	_	_	_	_	linguistic	_	none	_	_	1x1	_	_	0-2(57)
178-2	PST051	178	2	lui	lui	_	_	_	_	_	linguistic	_	none	_	_	_	_	_	_
178-3	PST051	178	3	parla	parla	_	_	_	_	_	linguistic	_	none	_	_	_	_	_	_
178-4	PST051	178	4	sì	sì	_	_	_	_	_	linguistic	_	none	_	End=371.85	_	_	_	_
179-0	PST051	179	0	il	il	_	_	_	_	_	linguistic	_	none	_	Begin=372.775	_	_	_	_
179-1	PST051	179	1	piccolino	piccolino	_	_	_	_	_	linguistic	_	none	_	_	_	_	_	_
179-2	PST051	179	2	dobbiamo	dobbiamo	_	_	_	_	_	linguistic	_	none	_	_	_	_	_	_
179-3	PST051	179	3	tradurre	tradurre	_	_	_	_	_	linguistic	_	none	_	_	_	_	_	_
179-4	PST051	179	4	facciamo:	facciamo	_	_	_	_	_	linguistic	_	none	_	_	7x1	_	_	_
179-5	PST051	179	5	[((ride))	((ride))	_	_	_	_	_	nonverbalbehavior	_	none	_	_	_	_	_	X(100)
179-6	PST051	179	6	do]bbiamo	dobbiamo	_	_	_	_	_	linguistic	_	none	_	_	_	_	_	0-2(100)
179-7	PST051	179	7	tradurre	tradurre	_	_	_	_	_	linguistic	_	none	PauseAfter=Yes	_	_	_	_	_
179-8	PST051	179	8	(.)	(.)	_	_	_	_	_	shortpause	_	none	_	_	_	_	_	_
179-9	PST051	179	9	ai	ai	_	_	_	_	_	linguistic	_	none	_	_	_	_	_	_
179-10	PST051	179	10	nonni	nonni	_	_	_	_	_	linguistic	_	none	_	_	_	_	_	_
179-11	PST051	179	11	quello	quello	_	_	_	_	_	linguistic	_	none	_	_	_	_	_	_
179-12	PST051	179	12	che	che	_	_	_	_	_	linguistic	_	none	_	_	_	_	_	_
179-13	PST051	179	13	lui	lui	_	_	_	_	_	linguistic	_	none	_	_	_	_	_	_
179-14	PST051	179	14	dice	dice	_	_	_	_	_	linguistic	_	none	_	_	_	_	_	_
179-15	PST051	179	15	e:	e	_	_	_	_	_	linguistic	_	none	_	_	0x1	_	_	_
179-16	PST051	179	16	viceversa.	viceversa	_	_	_	_	_	linguistic	_	none	Intonation=Falling	End=380.425	_	_	_	_
180-0	PST213	180	0	((ride))	((ride))	_	_	_	_	_	nonverbalbehavior	_	none	_	Begin=375.069|End=375.656	_	_	_	_
181-0	PST212	181	0	[okay]	okay	_	_	_	_	_	linguistic	_	none	_	Begin=375.437|End=376.094	_	_	_	0-4(100)
182-0	PST051	182	0	anche	anche	_	_	_	_	_	linguistic	_	none	_	Begin=381.287	_	_	_	_
182-1	PST051	182	1	se	se	_	_	_	_	_	linguistic	_	none	_	_	_	_	_	_
182-2	PST051	182	2	lui	lui	_	_	_	_	_	linguistic	_	none	_	_	_	_	_	_
182-3	PST051	182	3	poco	poco	_	_	_	_	_	linguistic	_	none	_	_	_	_	_	_
182-4	PST051	182	4	poco	poco	_	_	_	_	_	linguistic	_	none	_	_	_	_	_	_
182-5	PST051	182	5	capisce.	capisce	_	_	_	_	_	linguistic	_	none	Intonation=Falling	End=383.619	_	_	_	_
183-0	PST051	183	0	qualcosina	qualcosina	_	_	_	_	_	linguistic	_	none	_	Begin=383.819	_	_	_	_
183-1	PST051	183	1	capisce	capisce	_	_	_	_	_	linguistic	_	none	_	_	_	_	_	_
183-2	PST051	183	2	non	non	_	_	_	_	_	linguistic	_	none	_	_	_	_	_	_
183-3	PST051	183	3	è	è	_	_	_	_	_	linguistic	_	none	_	_	_	_	_	_
183-4	PST051	183	4	che	che	_	_	_	_	_	linguistic	_	none	_	_	_	_	_	_
183-5	PST051	183	5	proprio:	proprio	_	_	_	_	_	linguistic	_	none	_	_	6x1	_	_	_
183-6	PST051	183	6	non	non	_	_	_	_	_	linguistic	_	none	_	_	_	_	_	_
183-7	PST051	183	7	sa	sa	_	_	_	_	_	linguistic	_	none	_	_	_	_	_	_
183-8	PST051	183	8	niente.	niente	_	_	_	_	_	linguistic	_	none	Intonation=Falling	End=387.409	_	_	_	_
184-0	PST213	184	0	mh	mh	_	_	_	_	_	linguistic	_	none	_	Begin=387.5	_	_	_	_
184-1	PST213	184	1	[mh]	mh	_	_	_	_	_	linguistic	_	none	_	End=387.875	_	_	_	0-2(58)
185-0	PST051	185	0	[qualc]osina	qualcosina	_	_	_	_	_	linguistic	_	none	_	Begin=387.675	_	_	_	0-5(58)
185-1	PST051	185	1	capisce.	capisce	_	_	_	_	_	linguistic	_	none	Intonation=Falling	End=388.995	_	_	_	_
186-0	PST213	186	0	perché	perché	_	_	_	_	_	linguistic	_	none	_	Begin=389.219	_	_	_	_
186-1	PST213	186	1	è	è	_	_	_	_	_	linguistic	_	none	_	_	_	_	_	_
186-2	PST213	186	2	un	un	_	_	_	_	_	linguistic	_	none	_	_	_	_	_	_
186-3	PST213	186	3	po'	po'	_	_	_	_	_	linguistic	_	none	_	_	_	_	_	_
186-4	PST213	186	4	abituato	abituato	_	_	_	_	_	linguistic	_	none	_	_	_	_	_	_
186-5	PST213	186	5	magari	magari	_	_	_	_	_	linguistic	_	none	_	_	_	_	_	_
186-6	PST213	186	6	anche	anche	_	_	_	_	_	linguistic	_	none	_	_	_	_	_	_
186-7	PST213	186	7	a	a	_	_	_	_	_	linguistic	_	none	_	_	_	_	_	_
186-8	PST213	186	8	sentirlo	sentirlo	_	_	_	_	_	linguistic	_	none	_	_	_	_	_	_
186-9	PST213	186	9	da	da	_	_	_	_	_	linguistic	_	none	_	_	_	_	_	_
186-10	PST213	186	10	voi	voi	_	_	_	_	_	linguistic	_	none	_	_	_	_	_	_
186-11	PST213	186	11	no:?	no	_	_	_	_	_	linguistic	_	none	Intonation=Rising	End=391.95	1x1	_	_	_
187-0	PST213	187	0	[quando	quando	_	_	_	_	_	linguistic	_	none	_	Begin=391.95	_	_	_	0-6(59)
187-1	PST213	187	1	parlate	parlate	_	_	_	_	_	linguistic	_	none	_	_	_	_	_	0-7(59)
187-2	PST213	187	2	in	in	_	_	_	_	_	linguistic	_	none	_	_	_	_	_	0-2(59)
187-3	PST213	187	3	casa]?	casa	_	_	_	_	_	linguistic	_	none	Intonation=Rising	End=393.52	_	_	_	0-4(59)
188-0	PST051	188	0	[sì:	sì	_	_	_	_	_	linguistic	_	none	_	Begin=391.97	1x1	_	_	0-2(59)
188-1	PST051	188	1	sì:	sì	_	_	_	_	_	linguistic	_	none	_	_	1x1	_	_	0-2(59)
188-2	PST051	188	2	sì:]	sì	_	_	_	_	_	linguistic	_	none	_	_	1x1	_	_	0-2(59)
188-3	PST051	188	3	eh	eh	_	_	_	_	_	linguistic	_	none	_	_	_	_	_	_
188-4	PST051	188	4	e	e	_	_	_	_	_	linguistic	_	none	_	_	_	_	_	_
188-5	PST051	188	5	anche:	anche	_	_	_	_	_	linguistic	_	none	_	_	4x1	_	_	_
188-6	PST051	188	6	delle	delle	_	_	_	_	_	linguistic	_	none	_	_	_	_	_	_
188-7	PST051	188	7	parole	parole	_	_	_	_	_	linguistic	_	none	_	_	_	_	_	_
188-8	PST051	188	8	ogni	ogni	_	_	_	_	_	linguistic	_	none	_	_	_	_	_	_
188-9	PST051	188	9	tanto::	tanto	_	_	_	_	_	linguistic	_	none	_	_	4x2	_	_	_
188-10	PST051	188	10	una	una	_	_	_	_	_	linguistic	_	none	_	_	_	_	_	_
188-11	PST051	188	11	parola	parola	_	_	_	_	_	linguistic	_	none	_	_	_	_	_	_
188-12	PST051	188	12	rumena	rumena	_	_	_	_	_	linguistic	_	none	_	_	_	_	_	_
188-13	PST051	188	13	due	due	_	_	_	_	_	linguistic	_	none	_	_	_	_	_	_
188-14	PST051	188	14	tre:	tre	_	_	_	_	_	linguistic	_	none	_	_	2x1	_	_	_
188-15	PST051	188	15	italia[ne	italiane	_	_	_	_	_	linguistic	_	none	_	_	_	_	_	6-8(101)
188-16	PST051	188	16	così	così	_	_	_	_	_	linguistic	_	none	_	_	_	_	_	0-4(101)
188-17	PST051	188	17	fa	fa	_	_	_	_	_	linguistic	_	none	_	_	_	_	_	0-2(101)
188-18	PST051	188	18	un	un	_	_	_	_	_	linguistic	_	none	_	_	_	_	_	0-2(101)
188-19	PST051	188	19	misto	misto	_	_	_	_	_	linguistic	_	none	_	_	_	_	_	0-5(101)
188-20	PST051	188	20	((ride))	((ride))	_	_	_	_	_	nonverbalbehavior	_	none	_	_	_	_	_	X(101)
188-21	PST051	188	21	sì]	sì	_	_	_	_	_	linguistic	_	none	_	_	_	_	_	0-2(101)
188-22	PST051	188	22	sì:	sì	_	_	_	_	_	linguistic	_	none	_	_	1x1	_	_	_
188-23	PST051	188	23	sì.	sì	_	_	_	_	_	linguistic	_	none	Intonation=Falling	End=401.49	_	_	_	_
189-0	PST213	189	0	((ride))	((ride))	_	_	_	_	_	nonverbalbehavior	_	none	_	Begin=398.754|End=399.473	_	_	_	_
190-0	PST212	190	0	[a:h	ah	_	_	_	_	_	linguistic	_	none	_	Begin=399.464	0x1	_	_	0-2(101)
190-1	PST212	190	1	sì:	sì	_	_	_	_	_	linguistic	_	none	_	_	1x1	_	_	0-2(101)
190-2	PST212	190	2	le	le	_	_	_	_	_	linguistic	_	none	_	_	_	_	_	0-2(101)
190-3	PST212	190	3	(mischia)]	mischia	_	_	_	_	_	linguistic	_	none	_	End=400.673	_	_	0-7(0)	0-7(101)
191-0	PST051	191	0	sì	sì	_	_	_	_	_	linguistic	_	none	_	Begin=401.818|End=402.173	_	_	_	_
192-0	PST213	192	0	mh	mh	_	_	_	_	_	linguistic	_	none	_	Begin=402.664	_	_	_	_
192-1	PST213	192	1	mh	mh	_	_	_	_	_	linguistic	_	none	_	End=403.174	_	_	_	_
193-0	PST212	193	0	pensi	pensi	_	_	_	_	_	linguistic	_	none	_	Begin=403.642	_	_	_	_
193-1	PST212	193	1	che	che	_	_	_	_	_	linguistic	_	none	_	_	_	_	_	_
193-2	PST212	193	2	sia	sia	_	_	_	_	_	linguistic	_	none	_	_	_	_	_	_
193-3	PST212	193	3	comunque	comunque	_	_	_	_	_	linguistic	_	none	_	_	_	_	_	_
193-4	PST212	193	4	importante	importante	_	_	_	_	_	linguistic	_	none	_	_	_	_	_	_
193-5	PST212	193	5	che	che	_	_	_	_	_	linguistic	_	none	_	_	_	_	_	_
193-6	PST212	193	6	loro:	loro	_	_	_	_	_	linguistic	_	none	_	_	3x1	_	_	_
193-7	PST212	193	7	continuino:	continuino	_	_	_	_	_	linguistic	_	none	_	_	9x1	_	_	_
193-8	PST212	193	8	a	a	_	_	_	_	_	linguistic	_	none	_	_	_	_	_	_
193-9	PST212	193	9	im[para(re)]	imparare	_	_	_	_	_	linguistic	_	none	_	End=407.288	_	_	6-8(0)	2-8(60)
194-0	PST051	194	0	[certo	certo	_	_	_	_	_	linguistic	_	none	_	Begin=406.709	_	_	_	0-5(60)
194-1	PST051	194	1	i]o::	io	_	_	_	_	_	linguistic	_	none	_	_	1x2	_	_	0-1(60)
194-2	PST051	194	2	voglio	voglio	_	_	_	_	_	linguistic	_	none	_	_	_	_	_	_
194-3	PST051	194	3	c(io)è	cioè	_	_	_	_	_	linguistic	_	none	Reduced=Yes	_	_	_	_	_
194-4	PST051	194	4	mh	mh	_	_	_	_	_	linguistic	_	none	_	_	_	_	_	_
194-5	PST051	194	5	mh	mh	_	_	_	_	_	linguistic	_	none	_	_	_	_	_	_
194-6	PST051	194	6	per	per	_	_	_	_	_	linguistic	_	none	_	_	_	_	_	_
194-7	PST051	194	7	quello	quello	_	_	_	_	_	linguistic	_	none	_	_	_	_	_	_
194-8	PST051	194	8	mh	mh	_	_	_	_	_	linguistic	_	none	_	_	_	_	_	_
194-9	PST051	194	9	preferisco	preferisco	_	_	_	_	_	linguistic	_	none	_	_	_	_	_	_
194-10	PST051	194	10	andare	andare	_	_	_	_	_	linguistic	_	none	_	_	_	_	_	_
194-11	PST051	194	11	in	in	_	_	_	_	_	linguistic	_	none	_	_	_	_	_	_
194-12	PST051	194	12	romania	romania	_	_	_	_	_	linguistic	_	none	_	_	_	_	_	_
194-13	PST051	194	13	che	che	_	_	_	_	_	linguistic	_	none	_	_	_	_	_	_
194-14	PST051	194	14	si	si	_	_	_	_	_	linguistic	_	none	_	_	_	_	_	_
194-15	PST051	194	15	sente	sente	_	_	_	_	_	linguistic	_	none	_	_	_	_	_	_
194-16	PST051	194	16	solo	solo	_	_	_	_	_	linguistic	_	none	_	_	_	_	_	_
194-17	PST051	194	17	la	la	_	_	_	_	_	linguistic	_	none	_	_	_	_	_	_
194-18	PST051	194	18	lingua	lingua	_	_	_	_	_	linguistic	_	none	_	_	_	_	_	_
194-19	PST051	194	19	rumena	rumena	_	_	_	_	_	linguistic	_	none	_	_	_	_	_	_
194-20	PST051	194	20	così	così	_	_	_	_	_	linguistic	_	none	_	_	_	_	_	_
194-21	PST051	194	21	lui	lui	_	_	_	_	_	linguistic	_	none	_	_	_	_	_	_
194-22	PST051	194	22	sentendo	sentendo	_	_	_	_	_	linguistic	_	none	_	_	_	_	_	_
194-23	PST051	194	23	un	un	_	_	_	_	_	linguistic	_	none	_	_	_	_	_	_
194-24	PST051	194	24	po'	po'	_	_	_	_	_	linguistic	_	none	_	_	_	_	_	_
194-25	PST051	194	25	di	di	_	_	_	_	_	linguistic	_	none	_	_	_	_	_	_
194-26	PST051	194	26	più	più	_	_	_	_	_	linguistic	_	none	_	_	_	_	_	_
194-27	PST051	194	27	impara	impara	_	_	_	_	_	linguistic	_	none	_	_	_	_	_	_
194-28	PST051	194	28	anche:	anche	_	_	_	_	_	linguistic	_	none	_	_	4x1	_	_	_
194-29	PST051	194	29	un	un	_	_	_	_	_	linguistic	_	none	_	_	_	_	_	_
194-30	PST051	194	30	po':	po'	_	_	_	_	_	linguistic	_	none	_	_	1x1	_	_	_
194-31	PST051	194	31	un	un	_	_	_	_	_	linguistic	_	none	_	_	_	_	_	_
194-32	PST051	194	32	po'	po'	_	_	_	_	_	linguistic	_	none	_	_	_	_	_	_
194-33	PST051	194	33	di	di	_	_	_	_	_	linguistic	_	none	_	_	_	_	_	_
194-34	PST051	194	34	più	più	_	_	_	_	_	linguistic	_	none	_	_	_	_	_	_
194-35	PST051	194	35	perché	perché	_	_	_	_	_	linguistic	_	none	_	_	_	_	_	_
194-36	PST051	194	36	[qua:	qua	_	_	_	_	_	linguistic	_	none	_	_	2x1	_	_	0-3(61)
194-37	PST051	194	37	è]	è	_	_	_	_	_	linguistic	_	none	_	End=419.109	_	_	_	0-1(61)
195-0	PST213	195	0	[certo].	certo	_	_	_	_	_	linguistic	_	none	Intonation=Falling	Begin=418.509|End=419.118	_	_	_	0-5(61)
196-0	PST051	196	0	è	è	_	_	_	_	_	linguistic	_	none	_	Begin=419.401	_	_	_	_
196-1	PST051	196	1	giusto	giusto	_	_	_	_	_	linguistic	_	none	_	_	_	_	_	_
196-2	PST051	196	2	che	che	_	_	_	_	_	linguistic	_	none	_	_	_	_	_	_
196-3	PST051	196	3	parla	parla	_	_	_	_	_	linguistic	_	none	_	_	_	_	_	_
196-4	PST051	196	4	in	in	_	_	_	_	_	linguistic	_	none	_	_	_	_	_	_
196-5	PST051	196	5	italiano	italiano	_	_	_	_	_	linguistic	_	none	PauseAfter=Yes	_	_	_	_	_
196-6	PST051	196	6	(.)	(.)	_	_	_	_	_	shortpause	_	none	_	_	_	_	_	_
196-7	PST051	196	7	sente:	sente	_	_	_	_	_	linguistic	_	none	_	_	4x1	_	_	_
196-8	PST051	196	8	intorno::	intorno	_	_	_	_	_	linguistic	_	none	_	_	6x2	_	_	_
196-9	PST051	196	9	solo	solo	_	_	_	_	_	linguistic	_	none	_	_	_	_	_	_
196-10	PST051	196	10	italiano	italiano	_	_	_	_	_	linguistic	_	none	_	_	_	_	_	_
196-11	PST051	196	11	quindi	quindi	_	_	_	_	_	linguistic	_	none	_	_	_	_	_	_
196-12	PST051	196	12	è	è	_	_	_	_	_	linguistic	_	none	_	_	_	_	_	_
196-13	PST051	196	13	[normale	normale	_	_	_	_	_	linguistic	_	none	_	_	_	_	_	0-7(62)
196-14	PST051	196	14	che:].	che	_	_	_	_	_	linguistic	_	none	Intonation=Falling	End=426.134	2x1	_	_	0-3(62)
197-0	PST212	197	0	[sì:	sì	_	_	_	_	_	linguistic	_	none	_	Begin=425.018	1x1	_	_	0-2(62)
197-1	PST212	197	1	sì	sì	_	_	_	_	_	linguistic	_	none	_	_	_	_	_	0-2(62)
197-2	PST212	197	2	s]ì	sì	_	_	_	_	_	linguistic	_	none	_	End=426.324	_	_	_	0-1(62)
198-0	PST213	198	0	certo.	certo	_	_	_	_	_	linguistic	_	none	Intonation=Falling	Begin=427.073|End=427.701	_	_	_	_
199-0	PST051	199	0	anche::	anche	_	_	_	_	_	linguistic	_	none	_	Begin=427.701	4x2	_	_	_
199-1	PST051	199	1	mh	mh	_	_	_	_	_	linguistic	_	none	PauseAfter=Yes	_	_	_	_	_
199-2	PST051	199	2	(.)	(.)	_	_	_	_	_	shortpause	_	none	_	_	_	_	_	_
199-3	PST051	199	3	c(io)è	cioè	_	_	_	_	_	linguistic	_	none	Reduced=Yes	_	_	_	_	_
199-4	PST051	199	4	anche	anche	_	_	_	_	_	linguistic	_	none	_	_	_	_	_	_
199-5	PST051	199	5	lui	lui	_	_	_	_	_	linguistic	_	none	PauseAfter=Yes	_	_	_	_	_
199-6	PST051	199	6	(.)	(.)	_	_	_	_	_	shortpause	_	none	_	_	_	_	_	_
199-7	PST051	199	7	gli	gli	_	_	_	_	_	linguistic	_	none	_	_	_	_	_	_
199-8	PST051	199	8	viene	viene	_	_	_	_	_	linguistic	_	none	_	_	_	_	_	_
199-9	PST051	199	9	molto	molto	_	_	_	_	_	linguistic	_	none	_	_	_	_	_	_
199-10	PST051	199	10	più	più	_	_	_	_	_	linguistic	_	none	_	_	_	_	_	_
199-11	PST051	199	11	facile.	facile	_	_	_	_	_	linguistic	_	none	Intonation=Falling	End=431.6955	_	_	_	_
200-0	PST212	200	0	mh	mh	_	_	_	_	_	linguistic	_	none	_	Begin=431.6955|End=432.045	_	_	_	_
201-0	PST213	201	0	certo.	certo	_	_	_	_	_	linguistic	_	none	Intonation=Falling	Begin=432.3|End=432.936	_	_	_	_
202-0	PST213	202	0	certo.	certo	_	_	_	_	_	linguistic	_	none	Intonation=Falling	Begin=433.527|End=434.145	_	_	_	_
203-0	PST051	203	0	[e:h	eh	_	_	_	_	_	linguistic	_	none	_	Begin=436.745	0x1	_	_	0-2(?)
203-1	PST051	203	1	devo	devo	_	_	_	_	_	linguistic	_	none	_	_	_	_	_	0-4(?)
203-2	PST051	203	2	guarda:rlo,	guardarlo	_	_	_	_	_	linguistic	_	none	Intonation=WeaklyRising	_	5x1	_	_	0-9(?)
203-3	PST051	203	3	((ridendo))]	((ridendo))	_	_	_	_	_	nonverbalbehavior	_	none	_	End=438.02	_	_	_	X(?)
204-0	PST213	204	0	[sempre	sempre	_	_	_	_	_	linguistic	_	none	_	Begin=438.05	_	_	_	0-6(102)
204-1	PST213	204	1	sull'	sull'	_	_	_	_	_	linguistic	_	none	SpaceAfter=No	_	_	_	_	0-5(102)
204-2	PST213	204	2	attenti]	attenti	_	_	_	_	_	linguistic	_	none	_	End=439.65	_	_	_	0-7(102)
205-0	PST212	205	0	[e	e	_	_	_	_	_	linguistic	_	none	_	Begin=438.454	_	_	_	0-1(102)
205-1	PST212	205	1	e	e	_	_	_	_	_	linguistic	_	none	_	_	_	_	_	0-1(102)
205-2	PST212	205	2	tra	tra	_	_	_	_	_	linguistic	_	none	_	_	_	_	_	0-3(102)
205-3	PST212	205	3	di	di	_	_	_	_	_	linguistic	_	none	_	_	_	_	_	0-2(102)
205-4	PST212	205	4	loro	loro	_	_	_	_	_	linguistic	_	none	_	_	_	_	_	0-4(102)
205-5	PST212	205	5	in]vece	invece	_	_	_	_	_	linguistic	_	none	_	_	_	_	_	0-2(102)
205-6	PST212	205	6	parlano	parlano	_	_	_	_	_	linguistic	_	none	_	_	_	_	_	_
205-7	PST212	205	7	italiano,	italiano	_	_	_	_	_	linguistic	_	none	Intonation=WeaklyRising	End=440.954	_	_	_	_
206-0	PST051	206	0	[e:h]?	eh	_	_	_	_	_	linguistic	_	none	Intonation=Rising	Begin=439.127|End=439.573	0x1	_	_	0-2(102)
207-0	PST051	207	0	s:~	s~	_	_	_	_	_	linguistic	_	none	Interrupted=Yes	Begin=441.073	0x1	_	_	_
207-1	PST051	207	1	[italiano	italiano	_	_	_	_	_	linguistic	_	none	_	_	_	_	_	0-8(63)
207-2	PST051	207	2	sì:]?	sì	_	_	_	_	_	linguistic	_	none	Intonation=Rising	End=442.289	1x1	_	_	0-2(63)
208-0	PST212	208	0	[tra	tra	_	_	_	_	_	linguistic	_	none	_	Begin=441.291	_	_	_	0-3(63)
208-1	PST212	208	1	fratelli].	fratelli	_	_	_	_	_	linguistic	_	none	Intonation=Falling	End=442.273	_	_	_	0-8(63)
209-0	PST212	209	0	sì	sì	_	_	_	_	_	linguistic	_	none	_	Begin=442.464|End=442.745	_	_	_	_
210-0	PST051	210	0	sì,	sì	_	_	_	_	_	linguistic	_	none	Intonation=WeaklyRising	Begin=442.982|End=443.245	_	_	_	_
211-0	PST212	211	0	mh	mh	_	_	_	_	_	linguistic	_	none	_	Begin=444.045|End=444.336	_	_	_	_
212-0	PST213	212	0	e::hm::	ehm	_	_	_	_	_	linguistic	_	none	_	Begin=446.682	0x2,2x2	_	_	_
212-1	PST213	212	1	c'	c'	_	_	_	_	_	linguistic	_	none	SpaceAfter=No	_	_	_	_	_
212-2	PST213	212	2	è	è	_	_	_	_	_	linguistic	_	none	_	_	_	_	_	_
212-3	PST213	212	3	qualche	qualche	_	_	_	_	_	linguistic	_	none	_	_	_	_	_	_
212-4	PST213	212	4	cosa	cosa	_	_	_	_	_	linguistic	_	none	_	_	_	_	_	_
212-5	PST213	212	5	che	che	_	_	_	_	_	linguistic	_	none	PauseAfter=Yes	_	_	_	_	_
212-6	PST213	212	6	(.)	(.)	_	_	_	_	_	shortpause	_	none	_	_	_	_	_	_
212-7	PST213	212	7	ci	ci	_	_	_	_	_	linguistic	_	none	_	_	_	_	_	_
212-8	PST213	212	8	vuoi	vuoi	_	_	_	_	_	linguistic	_	none	_	_	_	_	_	_
212-9	PST213	212	9	chiedere	chiedere	_	_	_	_	_	linguistic	_	none	_	_	_	_	_	_
212-10	PST213	212	10	tu::	tu	_	_	_	_	_	linguistic	_	none	_	_	1x2	_	_	_
212-11	PST213	212	11	per	per	_	_	_	_	_	linguistic	_	none	PauseAfter=Yes	_	_	_	_	_
212-12	PST213	212	12	[(.)]	(.)	_	_	_	_	_	shortpause	_	none	_	_	_	_	_	X(64)
212-13	PST213	212	13	((ride))	((ride))	_	_	_	_	_	nonverbalbehavior	_	none	_	End=452.095	_	_	_	_
213-0	PST051	213	0	[non	non	_	_	_	_	_	linguistic	_	none	_	Begin=450.764	_	_	_	0-3(64)
213-1	PST051	213	1	lo	lo	_	_	_	_	_	linguistic	_	none	_	_	_	_	_	0-2(64)
213-2	PST051	213	2	so],	so	_	_	_	_	_	linguistic	_	none	Intonation=WeaklyRising	End=451.336	_	_	_	0-2(64)
214-0	PST051	214	0	no:	no	_	_	_	_	_	linguistic	_	none	_	Begin=452.164	1x1	_	_	_
214-1	PST051	214	1	((ride))	((ride))	_	_	_	_	_	nonverbalbehavior	_	none	_	_	_	_	_	_
214-2	PST051	214	2	non	non	_	_	_	_	_	linguistic	_	none	_	_	_	_	_	_
214-3	PST051	214	3	lo	lo	_	_	_	_	_	linguistic	_	none	_	_	_	_	_	_
214-4	PST051	214	4	[so],	so	_	_	_	_	_	linguistic	_	none	Intonation=WeaklyRising	End=453.145	_	_	_	0-2(65)
215-0	PST212	215	0	[ma	ma	_	_	_	_	_	linguistic	_	none	_	Begin=452.827	_	_	_	0-2(65)
215-1	PST212	215	1	ol]tre	oltre	_	_	_	_	_	linguistic	_	none	_	_	_	_	_	0-2(65)
215-2	PST212	215	2	all'	all'	_	_	_	_	_	linguistic	_	none	SpaceAfter=No	_	_	_	_	_
215-3	PST212	215	3	italiano	italiano	_	_	_	_	_	linguistic	_	none	_	_	_	_	_	_
215-4	PST212	215	4	e	e	_	_	_	_	_	linguistic	_	none	_	_	_	_	_	_
215-5	PST212	215	5	il	il	_	_	_	_	_	linguistic	_	none	_	_	_	_	_	_
215-6	PST212	215	6	rumeno::	rumeno	_	_	_	_	_	linguistic	_	none	_	_	5x2	_	_	_
215-7	PST212	215	7	sai	sai	_	_	_	_	_	linguistic	_	none	_	_	_	_	_	_
215-8	PST212	215	8	anche	anche	_	_	_	_	_	linguistic	_	none	_	_	_	_	_	_
215-9	PST212	215	9	altre	altre	_	_	_	_	_	linguistic	_	none	_	_	_	_	_	_
215-10	PST212	215	10	li:ngue,	lingue	_	_	_	_	_	linguistic	_	none	Intonation=WeaklyRising	End=456.149	1x1	_	_	_
216-0	PST051	216	0	allora	allora	_	_	_	_	_	linguistic	_	none	_	Begin=456.536	_	_	_	_
216-1	PST051	216	1	io	io	_	_	_	_	_	linguistic	_	none	_	_	_	_	_	_
216-2	PST051	216	2	ho	ho	_	_	_	_	_	linguistic	_	none	_	_	_	_	_	_
216-3	PST051	216	3	studiato::	studiato	_	_	_	_	_	linguistic	_	none	_	_	7x2	_	_	_
216-4	PST051	216	4	l:~	l~	_	_	_	_	_	linguistic	_	none	Interrupted=Yes	_	0x1	_	_	_
216-5	PST051	216	5	l'	l'	_	_	_	_	_	linguistic	_	none	SpaceAfter=No	_	_	_	_	_
216-6	PST051	216	6	ucraino,	ucraino	_	_	_	_	_	linguistic	_	none	Intonation=WeaklyRising	End=459.87649999999996	_	_	_	_
217-0	PST212	217	0	okay	okay	_	_	_	_	_	linguistic	_	none	_	Begin=459.87649999999996|End=460.518	_	_	_	_
218-0	PST051	218	0	un	un	_	_	_	_	_	linguistic	_	none	_	Begin=461.254	_	_	_	_
218-1	PST051	218	1	po'	po'	_	_	_	_	_	linguistic	_	none	_	_	_	_	_	_
218-2	PST051	218	2	russo	russo	_	_	_	_	_	linguistic	_	none	_	_	_	_	_	_
218-3	PST051	218	3	diciamo	diciamo	_	_	_	_	_	linguistic	_	none	_	_	_	_	_	_
218-4	PST051	218	4	non	non	_	_	_	_	_	linguistic	_	none	_	_	_	_	_	_
218-5	PST051	218	5	proprio	proprio	_	_	_	_	_	linguistic	_	none	_	_	_	_	_	_
218-6	PST051	218	6	ucraino,	ucraino	_	_	_	_	_	linguistic	_	none	Intonation=WeaklyRising	End=463.468	_	_	_	_
219-0	PST051	219	0	e	e	_	_	_	_	_	linguistic	_	none	_	Begin=464.136	_	_	_	_
219-1	PST051	219	1	un	un	_	_	_	_	_	linguistic	_	none	_	_	_	_	_	_
219-2	PST051	219	2	po'	po'	_	_	_	_	_	linguistic	_	none	_	_	_	_	_	_
219-3	PST051	219	3	di	di	_	_	_	_	_	linguistic	_	none	_	_	_	_	_	_
219-4	PST051	219	4	inglese	inglese	_	_	_	_	_	linguistic	_	none	_	End=465.336	_	_	_	_
220-0	PST051	220	0	però::	però	_	_	_	_	_	linguistic	_	none	_	Begin=466.245	3x2	_	_	_
220-1	PST051	220	1	mi	mi	_	_	_	_	_	linguistic	_	none	_	_	_	_	_	_
220-2	PST051	220	2	viene	viene	_	_	_	_	_	linguistic	_	none	_	_	_	_	_	_
220-3	PST051	220	3	molto	molto	_	_	_	_	_	linguistic	_	none	_	_	_	_	_	_
220-4	PST051	220	4	a	a	_	_	_	_	_	linguistic	_	none	_	_	_	_	_	_
220-5	PST051	220	5	a	a	_	_	_	_	_	linguistic	_	none	_	_	_	_	_	_
220-6	PST051	220	6	adesso:,	adesso	_	_	_	_	_	linguistic	_	none	Intonation=WeaklyRising	End=468.913	5x1	_	_	_
221-0	PST051	221	0	s:e	se	_	_	_	_	_	linguistic	_	none	_	Begin=469.191	0x1	_	_	_
221-1	PST051	221	1	voglio	voglio	_	_	_	_	_	linguistic	_	none	_	_	_	_	_	_
221-2	PST051	221	2	parlare	parlare	_	_	_	_	_	linguistic	_	none	_	_	_	_	_	_
221-3	PST051	221	3	in::	in	_	_	_	_	_	linguistic	_	none	_	_	1x2	_	_	_
221-4	PST051	221	4	russo?	russo	_	_	_	_	_	linguistic	_	none	Intonation=Rising	End=471.705	_	_	_	_
222-0	PST051	222	0	mi	mi	_	_	_	_	_	linguistic	_	none	_	Begin=471.845	_	_	_	_
222-1	PST051	222	1	viene:	viene	_	_	_	_	_	linguistic	_	none	_	_	4x1	_	_	_
222-2	PST051	222	2	mi	mi	_	_	_	_	_	linguistic	_	none	_	_	_	_	_	_
222-3	PST051	222	3	vengono	vengono	_	_	_	_	_	linguistic	_	none	_	_	_	_	_	_
222-4	PST051	222	4	le	le	_	_	_	_	_	linguistic	_	none	_	_	_	_	_	_
222-5	PST051	222	5	parole	parole	_	_	_	_	_	linguistic	_	none	_	_	_	_	_	_
222-6	PST051	222	6	italiane	italiane	_	_	_	_	_	linguistic	_	none	_	_	_	_	_	_
222-7	PST051	222	7	[non	non	_	_	_	_	_	linguistic	_	none	_	_	_	_	_	0-3(66)
222-8	PST051	222	8	riesco].	riesco	_	_	_	_	_	linguistic	_	none	Intonation=Falling	End=475.173	_	_	_	0-6(66)
223-0	PST213	223	0	((ride))	((ride))	_	_	_	_	_	nonverbalbehavior	_	none	_	Begin=474.354|End=475.436	_	_	_	_
224-0	PST051	224	0	quindi	quindi	_	_	_	_	_	linguistic	_	none	_	Begin=475.836	_	_	_	_
224-1	PST051	224	1	sono	sono	_	_	_	_	_	linguistic	_	none	_	_	_	_	_	_
224-2	PST051	224	2	proprio	proprio	_	_	_	_	_	linguistic	_	none	_	_	_	_	_	_
224-3	PST051	224	3	anch'	anch'	_	_	_	_	_	linguistic	_	none	SpaceAfter=No	_	_	_	_	_
224-4	PST051	224	4	io	io	_	_	_	_	_	linguistic	_	none	_	_	_	_	_	_
224-5	PST051	224	5	abituata::.	abituata	_	_	_	_	_	linguistic	_	none	Intonation=Falling	End=478.461	7x2	_	_	_
225-0	PST212	225	0	ma	ma	_	_	_	_	_	linguistic	_	none	_	Begin=479.209	_	_	_	_
225-1	PST212	225	1	ti	ti	_	_	_	_	_	linguistic	_	none	_	_	_	_	_	_
225-2	PST212	225	2	capita	capita	_	_	_	_	_	linguistic	_	none	_	_	_	_	_	_
225-3	PST212	225	3	di	di	_	_	_	_	_	linguistic	_	none	_	_	_	_	_	_
225-4	PST212	225	4	usare:	usare	_	_	_	_	_	linguistic	_	none	_	_	4x1	_	_	_
225-5	PST212	225	5	altre	altre	_	_	_	_	_	linguistic	_	none	_	_	_	_	_	_
225-6	PST212	225	6	lingue	lingue	_	_	_	_	_	linguistic	_	none	_	_	_	_	_	_
225-7	PST212	225	7	oltre	oltre	_	_	_	_	_	linguistic	_	none	_	_	_	_	_	_
225-8	PST212	225	8	l'	l'	_	_	_	_	_	linguistic	_	none	SpaceAfter=No	_	_	_	_	_
225-9	PST212	225	9	italiano	italiano	_	_	_	_	_	linguistic	_	none	_	_	_	_	_	_
225-10	PST212	225	10	diciamo	diciamo	_	_	_	_	_	linguistic	_	none	_	_	_	_	_	_
225-11	PST212	225	11	al	al	_	_	_	_	_	linguistic	_	none	_	_	_	_	_	_
225-12	PST212	225	12	di	di	_	_	_	_	_	linguistic	_	none	_	_	_	_	_	_
225-13	PST212	225	13	fuori	fuori	_	_	_	_	_	linguistic	_	none	_	_	_	_	_	_
225-14	PST212	225	14	della	della	_	_	_	_	_	linguistic	_	none	_	_	_	_	_	_
225-15	PST212	225	15	casa:?	casa	_	_	_	_	_	linguistic	_	none	Intonation=Rising	End=484.125	3x1	_	_	_
226-0	PST051	226	0	n[o::	no	_	_	_	_	_	linguistic	_	none	PauseAfter=Yes	Begin=484.573	1x2	_	_	1-2(67)
226-1	PST051	226	1	(.)]	(.)	_	_	_	_	_	shortpause	_	none	_	_	_	_	_	X(67)
226-2	PST051	226	2	no:	no	_	_	_	_	_	linguistic	_	none	_	End=486.763	1x1	_	_	_
227-0	PST212	227	0	[ehm	ehm	_	_	_	_	_	linguistic	_	none	_	Begin=484.773	_	_	_	0-3(67)
227-1	PST212	227	1	nella	nella	_	_	_	_	_	linguistic	_	none	_	_	_	_	_	0-5(67)
227-2	PST212	227	2	tua	tua	_	_	_	_	_	linguistic	_	none	_	_	_	_	_	0-3(67)
227-3	PST212	227	3	quotidianità:],	quotidianità	_	_	_	_	_	linguistic	_	none	Intonation=WeaklyRising	End=486.273	11x1	_	_	0-12(67)
228-0	PST212	228	0	no:	no	_	_	_	_	_	linguistic	_	none	_	Begin=486.973	1x1	_	_	_
228-1	PST212	228	1	ma	ma	_	_	_	_	_	linguistic	_	none	_	_	_	_	_	_
228-2	PST212	228	2	adesso	adesso	_	_	_	_	_	linguistic	_	none	_	_	_	_	_	_
228-3	PST212	228	3	ancora	ancora	_	_	_	_	_	linguistic	_	none	_	_	_	_	_	_
228-4	PST212	228	4	lavori?	lavori	_	_	_	_	_	linguistic	_	none	Intonation=Rising	End=488.576	_	_	_	_
229-0	PST051	229	0	sì,	sì	_	_	_	_	_	linguistic	_	none	Intonation=WeaklyRising	Begin=488.891|End=489.204	_	_	_	_
230-0	PST212	230	0	a:h	ah	_	_	_	_	_	linguistic	_	none	_	Begin=489.204	0x1	_	_	_
230-1	PST212	230	1	e	e	_	_	_	_	_	linguistic	_	none	_	_	_	_	_	_
230-2	PST212	230	2	anche	anche	_	_	_	_	_	linguistic	_	none	_	_	_	_	_	_
230-3	PST212	230	3	a	a	_	_	_	_	_	linguistic	_	none	_	_	_	_	_	_
230-4	PST212	230	4	lavoro	lavoro	_	_	_	_	_	linguistic	_	none	_	_	_	_	_	_
230-5	PST212	230	5	solo	solo	_	_	_	_	_	linguistic	_	none	_	_	_	_	_	_
230-6	PST212	230	6	italiano	italiano	_	_	_	_	_	linguistic	_	none	_	_	_	_	_	_
230-7	PST212	230	7	[praticamente	praticamente	_	_	_	_	_	linguistic	_	none	PauseAfter=Yes	_	_	_	_	0-12(68)
230-8	PST212	230	8	(.)	(.)	_	_	_	_	_	shortpause	_	none	_	_	_	_	_	X(68)
230-9	PST212	230	9	o]kay	okay	_	_	_	_	_	linguistic	_	none	_	End=492.591	_	_	_	0-1(68)
231-0	PST051	231	0	[sì:	sì	_	_	_	_	_	linguistic	_	none	_	Begin=491.109	1x1	_	_	0-2(68)
231-1	PST051	231	1	sì	sì	_	_	_	_	_	linguistic	_	none	_	_	_	_	_	0-2(68)
231-2	PST051	231	2	sì]	sì	_	_	_	_	_	linguistic	_	none	_	End=492.291	_	_	_	0-2(68)
232-0	PST213	232	0	e	e	_	_	_	_	_	linguistic	_	none	_	Begin=494.718	_	_	_	_
232-1	PST213	232	1	quindi	quindi	_	_	_	_	_	linguistic	_	none	PauseAfter=Yes	_	_	_	_	_
232-2	PST213	232	2	(.)	(.)	_	_	_	_	_	shortpause	_	none	_	_	_	_	_	_
232-3	PST213	232	3	c(io)è:,	cioè	_	_	_	_	_	linguistic	_	none	Intonation=WeaklyRising|Reduced=Yes	End=495.527	3x1	_	_	_
233-0	PST213	233	0	la	la	_	_	_	_	_	linguistic	_	none	_	Begin=496.082	_	_	_	_
233-1	PST213	233	1	maggior	maggior	_	_	_	_	_	linguistic	_	none	_	_	_	_	_	_
233-2	PST213	233	2	parte	parte	_	_	_	_	_	linguistic	_	none	_	_	_	_	_	_
233-3	PST213	233	3	del	del	_	_	_	_	_	linguistic	_	none	_	_	_	_	_	_
233-4	PST213	233	4	tempo	tempo	_	_	_	_	_	linguistic	_	none	_	_	_	_	_	_
233-5	PST213	233	5	pensi	pensi	_	_	_	_	_	linguistic	_	none	_	_	_	_	_	_
233-6	PST213	233	6	più:	più	_	_	_	_	_	linguistic	_	none	_	_	2x1	_	_	_
233-7	PST213	233	7	in	in	_	_	_	_	_	linguistic	_	none	_	_	_	_	_	_
233-8	PST213	233	8	italia:n[o	italiano	_	_	_	_	_	linguistic	_	none	_	_	5x1	_	_	7-8(69)
233-9	PST213	233	9	o	o	_	_	_	_	_	linguistic	_	none	_	_	_	_	_	0-1(69)
233-10	PST213	233	10	in	in	_	_	_	_	_	linguistic	_	none	_	_	_	_	_	0-2(69)
233-11	PST213	233	11	rumeno],	rumeno	_	_	_	_	_	linguistic	_	none	Intonation=WeaklyRising	End=499.505	_	_	_	0-6(69)
234-0	PST051	234	0	[s:ì	sì	_	_	_	_	_	linguistic	_	none	PauseAfter=Yes	Begin=498.573	0x1	_	_	0-2(69)
234-1	PST051	234	1	(.)]	(.)	_	_	_	_	_	shortpause	_	none	_	_	_	_	_	X(69)
234-2	PST051	234	2	no:	no	_	_	_	_	_	linguistic	_	none	_	_	1x1	_	_	_
234-3	PST051	234	3	italiano	italiano	_	_	_	_	_	linguistic	_	none	PauseAfter=Yes	_	_	_	_	_
234-4	PST051	234	4	[(.)	(.)	_	_	_	_	_	shortpause	_	none	_	_	_	_	_	X(103)
234-5	PST051	234	5	s]ì:	sì	_	_	_	_	_	linguistic	_	none	_	_	1x1	_	_	0-1(103)
234-6	PST051	234	6	devo	devo	_	_	_	_	_	linguistic	_	none	_	_	_	_	_	_
234-7	PST051	234	7	dire	dire	_	_	_	_	_	linguistic	_	none	_	_	_	_	_	_
234-8	PST051	234	8	di	di	_	_	_	_	_	linguistic	_	none	_	_	_	_	_	_
234-9	PST051	234	9	sì.	sì	_	_	_	_	_	linguistic	_	none	Intonation=Falling	End=502.183	_	_	_	_
235-0	PST213	235	0	[italiano].	italiano	_	_	_	_	_	linguistic	_	none	Intonation=Falling	Begin=500.282|End=500.963	_	_	_	0-8(103)
236-0	PST212	236	0	((ride))	((ride))	_	_	_	_	_	nonverbalbehavior	_	none	_	Begin=500.282|End=500.809	_	_	_	_
237-0	PST051	237	0	perché	perché	_	_	_	_	_	linguistic	_	none	_	Begin=502.636	_	_	_	_
237-1	PST051	237	1	anche	anche	_	_	_	_	_	linguistic	_	none	_	_	_	_	_	_
237-2	PST051	237	2	a	a	_	_	_	_	_	linguistic	_	none	_	_	_	_	_	_
237-3	PST051	237	3	casa::	casa	_	_	_	_	_	linguistic	_	none	_	_	3x2	_	_	_
237-4	PST051	237	4	con	con	_	_	_	_	_	linguistic	_	none	_	_	_	_	_	_
237-5	PST051	237	5	loro:,	loro	_	_	_	_	_	linguistic	_	none	Intonation=WeaklyRising	End=505.352	3x1	_	_	_
238-0	PST051	238	0	più	più	_	_	_	_	_	linguistic	_	none	_	Begin=506.1	_	_	_	_
238-1	PST051	238	1	con	con	_	_	_	_	_	linguistic	_	none	_	_	_	_	_	_
238-2	PST051	238	2	loro	loro	_	_	_	_	_	linguistic	_	none	_	_	_	_	_	_
238-3	PST051	238	3	si	si	_	_	_	_	_	linguistic	_	none	_	_	_	_	_	_
238-4	PST051	238	4	parla::	parla	_	_	_	_	_	linguistic	_	none	_	_	4x2	_	_	_
238-5	PST051	238	5	in:	in	_	_	_	_	_	linguistic	_	none	_	_	1x1	_	_	_
238-6	PST051	238	6	italiano	italiano	_	_	_	_	_	linguistic	_	none	_	_	_	_	_	_
238-7	PST051	238	7	con	con	_	_	_	_	_	linguistic	_	none	_	_	_	_	_	_
238-8	PST051	238	8	il	il	_	_	_	_	_	linguistic	_	none	_	_	_	_	_	_
238-9	PST051	238	9	marito	marito	_	_	_	_	_	linguistic	_	none	_	_	_	_	_	_
238-10	PST051	238	10	parlo	parlo	_	_	_	_	_	linguistic	_	none	_	_	_	_	_	_
238-11	PST051	238	11	in	in	_	_	_	_	_	linguistic	_	none	_	_	_	_	_	_
238-12	PST051	238	12	rumeno.	rumeno	_	_	_	_	_	linguistic	_	none	Intonation=Falling	End=510.625	_	_	_	_
239-0	PST213	239	0	okay	okay	_	_	_	_	_	linguistic	_	none	_	Begin=510.627|End=511.209	_	_	_	_
240-0	PST051	240	0	però	però	_	_	_	_	_	linguistic	_	none	_	Begin=511.209	_	_	_	_
240-1	PST051	240	1	con	con	_	_	_	_	_	linguistic	_	none	_	_	_	_	_	_
240-2	PST051	240	2	loro	loro	_	_	_	_	_	linguistic	_	none	_	_	_	_	_	_
240-3	PST051	240	3	sì:	sì	_	_	_	_	_	linguistic	_	none	_	_	1x1	_	_	_
240-4	PST051	240	4	mi	mi	_	_	_	_	_	linguistic	_	none	_	_	_	_	_	_
240-5	PST051	240	5	viene	viene	_	_	_	_	_	linguistic	_	none	_	_	_	_	_	_
240-6	PST051	240	6	molto	molto	_	_	_	_	_	linguistic	_	none	_	_	_	_	_	_
240-7	PST051	240	7	più	più	_	_	_	_	_	linguistic	_	none	_	_	_	_	_	_
240-8	PST051	240	8	facile	facile	_	_	_	_	_	linguistic	_	none	_	_	_	_	_	_
240-9	PST051	240	9	anche	anche	_	_	_	_	_	linguistic	_	none	_	_	_	_	_	_
240-10	PST051	240	10	a	a	_	_	_	_	_	linguistic	_	none	_	_	_	_	_	_
240-11	PST051	240	11	me	me	_	_	_	_	_	linguistic	_	none	_	_	_	_	_	_
240-12	PST051	240	12	non	non	_	_	_	_	_	linguistic	_	none	_	_	_	_	_	_
240-13	PST051	240	13	so	so	_	_	_	_	_	linguistic	_	none	_	_	_	_	_	_
240-14	PST051	240	14	perché:	perché	_	_	_	_	_	linguistic	_	none	_	_	5x1	_	_	_
240-15	PST051	240	15	((ride))	((ride))	_	_	_	_	_	nonverbalbehavior	_	none	_	End=515.138	_	_	_	_
241-0	PST213	241	0	(per)che	perche	_	_	_	_	_	linguistic	_	none	_	Begin=515.138	_	_	0-3(0)	_
241-1	PST213	241	1	ormai	ormai	_	_	_	_	_	linguistic	_	none	_	_	_	_	_	_
241-2	PST213	241	2	sei	sei	_	_	_	_	_	linguistic	_	none	_	_	_	_	_	_
241-3	PST213	241	3	abi[tuata	abituata	_	_	_	_	_	linguistic	_	none	_	_	_	_	_	3-8(70)
241-4	PST213	241	4	così	così	_	_	_	_	_	linguistic	_	none	_	_	_	_	_	0-4(70)
241-5	PST213	241	5	magari]	magari	_	_	_	_	_	linguistic	_	none	_	End=516.774	_	_	_	0-6(70)
242-0	PST051	242	0	[sì:	sì	_	_	_	_	_	linguistic	_	none	_	Begin=515.681	1x1	_	_	0-2(70)
242-1	PST051	242	1	sì	sì	_	_	_	_	_	linguistic	_	none	_	_	_	_	_	0-2(70)
242-2	PST051	242	2	s]ì	sì	_	_	_	_	_	linguistic	_	none	_	End=517.062	_	_	_	0-1(70)
243-0	PST051	243	0	vabbè	vabbè	_	_	_	_	_	linguistic	_	none	_	Begin=517.336	_	_	_	_
243-1	PST051	243	1	m:h	mh	_	_	_	_	_	linguistic	_	none	_	_	0x1	_	_	_
243-2	PST051	243	2	sarà	sarà	_	_	_	_	_	linguistic	_	none	_	_	_	_	_	_
243-3	PST051	243	3	perché	perché	_	_	_	_	_	linguistic	_	none	_	_	_	_	_	_
243-4	PST051	243	4	anche	anche	_	_	_	_	_	linguistic	_	none	_	_	_	_	_	_
243-5	PST051	243	5	loro	loro	_	_	_	_	_	linguistic	_	none	_	_	_	_	_	_
243-6	PST051	243	6	mi	mi	_	_	_	_	_	linguistic	_	none	_	_	_	_	_	_
243-7	PST051	243	7	cap~	cap~	_	_	_	_	_	linguistic	_	none	Interrupted=Yes	_	_	_	_	_
243-8	PST051	243	8	capiscono	capiscono	_	_	_	_	_	linguistic	_	none	_	_	_	_	_	_
243-9	PST051	243	9	meglio	meglio	_	_	_	_	_	linguistic	_	none	_	_	_	_	_	_
243-10	PST051	243	10	mh.	mh	_	_	_	_	_	linguistic	_	none	Intonation=Falling	End=521.4	_	_	_	_
244-0	PST213	244	0	mh	mh	_	_	_	_	_	linguistic	_	none	_	Begin=521.491	_	_	_	_
244-1	PST213	244	1	m:h	mh	_	_	_	_	_	linguistic	_	none	_	End=522.054	0x1	_	_	_
245-0	PST051	245	0	ma:	ma	_	_	_	_	_	linguistic	_	none	_	Begin=522.173	1x1	_	_	_
245-1	PST051	245	1	mi	mi	_	_	_	_	_	linguistic	_	none	_	_	_	_	_	_
245-2	PST051	245	2	viene	viene	_	_	_	_	_	linguistic	_	none	_	_	_	_	_	_
245-3	PST051	245	3	molto	molto	_	_	_	_	_	linguistic	_	none	_	_	_	_	_	_
245-4	PST051	245	4	più	più	_	_	_	_	_	linguistic	_	none	_	_	_	_	_	_
245-5	PST051	245	5	facile	facile	_	_	_	_	_	linguistic	_	none	_	_	_	_	_	_
245-6	PST051	245	6	parlare	parlare	_	_	_	_	_	linguistic	_	none	_	_	_	_	_	_
245-7	PST051	245	7	in	in	_	_	_	_	_	linguistic	_	none	_	_	_	_	_	_
245-8	PST051	245	8	italiano.	italiano	_	_	_	_	_	linguistic	_	none	Intonation=Falling	End=524.854	_	_	_	_
246-0	PST213	246	0	mh	mh	_	_	_	_	_	linguistic	_	none	_	Begin=524.891	_	_	_	_
246-1	PST213	246	1	mh,	mh	_	_	_	_	_	linguistic	_	none	Intonation=WeaklyRising	End=525.345	_	_	_	_
247-0	PST213	247	0	e::hm::	ehm	_	_	_	_	_	linguistic	_	none	_	Begin=528.909|End=529.809	0x2,2x2	_	_	_
248-0	PST213	248	0	m:[::h]	mh	_	_	_	_	_	linguistic	_	none	_	Begin=531.273|End=532.091	0x3	_	_	1-2(71)
249-0	PST212	249	0	[e	e	_	_	_	_	_	linguistic	_	none	_	Begin=531.836	_	_	_	0-1(71)
249-1	PST212	249	1	in]vece	invece	_	_	_	_	_	linguistic	_	none	_	_	_	_	_	0-2(71)
249-2	PST212	249	2	altre	altre	_	_	_	_	_	linguistic	_	none	_	_	_	_	_	_
249-3	PST212	249	3	cose	cose	_	_	_	_	_	linguistic	_	none	_	_	_	_	_	_
249-4	PST212	249	4	ad	ad	_	_	_	_	_	linguistic	_	none	_	_	_	_	_	_
249-5	PST212	249	5	esempio	esempio	_	_	_	_	_	linguistic	_	none	_	_	_	_	_	_
249-6	PST212	249	6	nel	nel	_	_	_	_	_	linguistic	_	none	_	_	_	_	_	_
249-7	PST212	249	7	tempo	tempo	_	_	_	_	_	linguistic	_	none	_	_	_	_	_	_
249-8	PST212	249	8	libero:	libero	_	_	_	_	_	linguistic	_	none	PauseAfter=Yes	_	5x1	_	_	_
249-9	PST212	249	9	(.)	(.)	_	_	_	_	_	shortpause	_	none	_	_	_	_	_	_
249-10	PST212	249	10	e:hm	ehm	_	_	_	_	_	linguistic	_	none	_	_	0x1	_	_	_
249-11	PST212	249	11	ti	ti	_	_	_	_	_	linguistic	_	none	_	_	_	_	_	_
249-12	PST212	249	12	capita:	capita	_	_	_	_	_	linguistic	_	none	_	_	5x1	_	_	_
249-13	PST212	249	13	m:h	mh	_	_	_	_	_	linguistic	_	none	PauseAfter=Yes	_	0x1	_	_	_
249-14	PST212	249	14	(.)	(.)	_	_	_	_	_	shortpause	_	none	_	_	_	_	_	_
249-15	PST212	249	15	che	che	_	_	_	_	_	linguistic	_	none	_	_	_	_	_	_
249-16	PST212	249	16	ne	ne	_	_	_	_	_	linguistic	_	none	_	_	_	_	_	_
249-17	PST212	249	17	so	so	_	_	_	_	_	linguistic	_	none	_	_	_	_	_	_
249-18	PST212	249	18	se	se	_	_	_	_	_	linguistic	_	none	_	_	_	_	_	_
249-19	PST212	249	19	leggi	leggi	_	_	_	_	_	linguistic	_	none	_	_	_	_	_	_
249-20	PST212	249	20	un	un	_	_	_	_	_	linguistic	_	none	_	_	_	_	_	_
249-21	PST212	249	21	libro	libro	_	_	_	_	_	linguistic	_	none	_	_	_	_	_	_
249-22	PST212	249	22	guardi	guardi	_	_	_	_	_	linguistic	_	none	_	_	_	_	_	_
249-23	PST212	249	23	un	un	_	_	_	_	_	linguistic	_	none	_	_	_	_	_	_
249-24	PST212	249	24	film	film	_	_	_	_	_	linguistic	_	none	_	_	_	_	_	_
249-25	PST212	249	25	cose	cose	_	_	_	_	_	linguistic	_	none	_	_	_	_	_	_
249-26	PST212	249	26	del	del	_	_	_	_	_	linguistic	_	none	_	_	_	_	_	_
249-27	PST212	249	27	genere?	genere	_	_	_	_	_	linguistic	_	none	Intonation=Rising	End=541.099	_	_	_	_
250-0	PST212	250	0	vai	vai	_	_	_	_	_	linguistic	_	none	_	Begin=541.636	_	_	_	_
250-1	PST212	250	1	più	più	_	_	_	_	_	linguistic	_	none	_	_	_	_	_	_
250-2	PST212	250	2	sull'	sull'	_	_	_	_	_	linguistic	_	none	SpaceAfter=No	_	_	_	_	_
250-3	PST212	250	3	italiano:	italiano	_	_	_	_	_	linguistic	_	none	_	_	7x1	_	_	_
250-4	PST212	250	4	oppure	oppure	_	_	_	_	_	linguistic	_	none	_	_	_	_	_	_
250-5	PST212	250	5	sul	sul	_	_	_	_	_	linguistic	_	none	_	_	_	_	_	_
250-6	PST212	250	6	rumeno.	rumeno	_	_	_	_	_	linguistic	_	none	Intonation=Falling	End=544.466	_	_	_	_
251-0	PST212	251	0	c(io)è:	cioè	_	_	_	_	_	linguistic	_	none	Reduced=Yes	Begin=544.473	3x1	_	_	_
251-1	PST212	251	1	se	se	_	_	_	_	_	linguistic	_	none	_	_	_	_	_	_
251-2	PST212	251	2	compri	compri	_	_	_	_	_	linguistic	_	none	_	_	_	_	_	_
251-3	PST212	251	3	un	un	_	_	_	_	_	linguistic	_	none	_	_	_	_	_	_
251-4	PST212	251	4	libro::.	libro	_	_	_	_	_	linguistic	_	none	Intonation=Falling	End=546.682	4x2	_	_	_
252-0	PST051	252	0	e::hm::	ehm	_	_	_	_	_	linguistic	_	none	_	Begin=546.682|End=547.568	0x2,2x2	_	_	_
253-0	PST051	253	0	leggo	leggo	_	_	_	_	_	linguistic	_	none	_	Begin=548.045	_	_	_	_
253-1	PST051	253	1	anche	anche	_	_	_	_	_	linguistic	_	none	_	_	_	_	_	_
253-2	PST051	253	2	in	in	_	_	_	_	_	linguistic	_	none	_	_	_	_	_	_
253-3	PST051	253	3	italiano?	italiano	_	_	_	_	_	linguistic	_	none	Intonation=Rising	End=549.848	_	_	_	_
254-0	PST051	254	0	peò	peò	_	_	_	_	_	linguistic	_	none	_	Begin=550.327	_	_	_	_
254-1	PST051	254	1	certo	certo	_	_	_	_	_	linguistic	_	none	_	_	_	_	_	_
254-2	PST051	254	2	mi	mi	_	_	_	_	_	linguistic	_	none	_	_	_	_	_	_
254-3	PST051	254	3	v:~	v~	_	_	_	_	_	linguistic	_	none	Interrupted=Yes	_	0x1	_	_	_
254-4	PST051	254	4	viene	viene	_	_	_	_	_	linguistic	_	none	_	_	_	_	_	_
254-5	PST051	254	5	molto	molto	_	_	_	_	_	linguistic	_	none	_	_	_	_	_	_
254-6	PST051	254	6	più	più	_	_	_	_	_	linguistic	_	none	_	_	_	_	_	_
254-7	PST051	254	7	facile	facile	_	_	_	_	_	linguistic	_	none	_	_	_	_	_	_
254-8	PST051	254	8	nella	nella	_	_	_	_	_	linguistic	_	none	_	_	_	_	_	_
254-9	PST051	254	9	mia	mia	_	_	_	_	_	linguistic	_	none	_	_	_	_	_	_
254-10	PST051	254	10	lingua:.	lingua	_	_	_	_	_	linguistic	_	none	Intonation=Falling	End=553.998	5x1	_	_	_
255-0	PST213	255	0	e:h	eh	_	_	_	_	_	linguistic	_	none	_	Begin=553.998|End=554.378	0x1	_	_	_
256-0	PST051	256	0	sì,	sì	_	_	_	_	_	linguistic	_	none	Intonation=WeaklyRising	Begin=554.8|End=555.173	_	_	_	_
257-0	PST212	257	0	sì,	sì	_	_	_	_	_	linguistic	_	none	Intonation=WeaklyRising	Begin=555.382|End=555.727	_	_	_	_
258-0	PST051	258	0	però	però	_	_	_	_	_	linguistic	_	none	_	Begin=556.418	_	_	_	_
258-1	PST051	258	1	leggo	leggo	_	_	_	_	_	linguistic	_	none	_	_	_	_	_	_
258-2	PST051	258	2	non	non	_	_	_	_	_	linguistic	_	none	_	_	_	_	_	_
258-3	PST051	258	3	ho	ho	_	_	_	_	_	linguistic	_	none	_	_	_	_	_	_
258-4	PST051	258	4	problemi	problemi	_	_	_	_	_	linguistic	_	none	_	_	_	_	_	_
258-5	PST051	258	5	da::	da	_	_	_	_	_	linguistic	_	none	_	_	1x2	_	_	_
258-6	PST051	258	6	da	da	_	_	_	_	_	linguistic	_	none	_	_	_	_	_	_
258-7	PST051	258	7	leggere	leggere	_	_	_	_	_	linguistic	_	none	_	_	_	_	_	_
258-8	PST051	258	8	in::	in	_	_	_	_	_	linguistic	_	none	_	_	1x2	_	_	_
258-9	PST051	258	9	in	in	_	_	_	_	_	linguistic	_	none	_	_	_	_	_	_
258-10	PST051	258	10	italiano.	italiano	_	_	_	_	_	linguistic	_	none	Intonation=Falling	End=560.804	_	_	_	_
259-0	PST212	259	0	ma	ma	_	_	_	_	_	linguistic	_	none	_	Begin=561.773	_	_	_	_
259-1	PST212	259	1	invece	invece	_	_	_	_	_	linguistic	_	none	_	_	_	_	_	_
259-2	PST212	259	2	c'	c'	_	_	_	_	_	linguistic	_	none	SpaceAfter=No	_	_	_	_	_
259-3	PST212	259	3	e	e	_	_	_	_	_	linguistic	_	none	_	_	_	_	_	_
259-4	PST212	259	4	stato	stato	_	_	_	_	_	linguistic	_	none	_	_	_	_	_	_
259-5	PST212	259	5	qualcosa:	qualcosa	_	_	_	_	_	linguistic	_	none	PauseAfter=Yes	_	7x1	_	_	_
259-6	PST212	259	6	(.)	(.)	_	_	_	_	_	shortpause	_	none	_	_	_	_	_	_
259-7	PST212	259	7	che	che	_	_	_	_	_	linguistic	_	none	_	_	_	_	_	_
259-8	PST212	259	8	hai	hai	_	_	_	_	_	linguistic	_	none	_	_	_	_	_	_
259-9	PST212	259	9	trovato	trovato	_	_	_	_	_	linguistic	_	none	_	_	_	_	_	_
259-10	PST212	259	10	particolarmente	particolarmente	_	_	_	_	_	linguistic	_	none	_	_	_	_	_	_
259-11	PST212	259	11	difficile	difficile	_	_	_	_	_	linguistic	_	none	_	_	_	_	_	_
259-12	PST212	259	12	quando	quando	_	_	_	_	_	linguistic	_	none	_	_	_	_	_	_
259-13	PST212	259	13	hai	hai	_	_	_	_	_	linguistic	_	none	_	_	_	_	_	_
259-14	PST212	259	14	imparato	imparato	_	_	_	_	_	linguistic	_	none	_	_	_	_	_	_
259-15	PST212	259	15	italiano.	italiano	_	_	_	_	_	linguistic	_	none	Intonation=Falling	End=567.325	_	_	_	_
260-0	PST212	260	0	c(io)è::	cioè	_	_	_	_	_	linguistic	_	none	Reduced=Yes	Begin=568.031|End=568.492	3x2	_	_	_
261-0	PST212	261	0	qualche:::	qualche	_	_	_	_	_	linguistic	_	none	_	Begin=569.477	6x3	_	_	_
261-1	PST212	261	1	non	non	_	_	_	_	_	linguistic	_	none	_	_	_	_	_	_
261-2	PST212	261	2	lo	lo	_	_	_	_	_	linguistic	_	none	_	_	_	_	_	_
261-3	PST212	261	3	so:	so	_	_	_	_	_	linguistic	_	none	_	_	1x1	_	_	_
261-4	PST212	261	4	o	o	_	_	_	_	_	linguistic	_	none	_	_	_	_	_	_
261-5	PST212	261	5	la	la	_	_	_	_	_	linguistic	_	none	_	_	_	_	_	_
261-6	PST212	261	6	pronuncia	pronuncia	_	_	_	_	_	linguistic	_	none	_	_	_	_	_	_
261-7	PST212	261	7	oppure:	oppure	_	_	_	_	_	linguistic	_	none	_	_	5x1	_	_	_
261-8	PST212	261	8	appunto	appunto	_	_	_	_	_	linguistic	_	none	_	_	_	_	_	_
261-9	PST212	261	9	leggere	leggere	_	_	_	_	_	linguistic	_	none	_	_	_	_	_	_
261-10	PST212	261	10	[o::]	o	_	_	_	_	_	linguistic	_	none	_	End=574.769	0x2	_	_	0-1(72)
262-0	PST211	262	0	[lo	lo	_	_	_	_	_	linguistic	_	none	_	Begin=574.346	_	_	_	0-2(72)
262-1	PST211	262	1	scri]vere.	scrivere	_	_	_	_	_	linguistic	_	none	Intonation=Falling	End=575.361	_	_	_	0-4(72)
263-0	PST212	263	0	lo	lo	_	_	_	_	_	linguistic	_	none	_	Begin=575.361	_	_	_	_
263-1	PST212	263	1	s[criv~]	scriv~	_	_	_	_	_	linguistic	_	none	Interrupted=Yes	End=575.986	_	_	_	1-6(73)
264-0	PST051	264	0	[no	no	_	_	_	_	_	linguistic	_	none	_	Begin=575.552	_	_	_	0-2(73)
264-1	PST051	264	1	scriv]ere:	scrivere	_	_	_	_	_	linguistic	_	none	_	_	7x1	_	_	0-5(73)
264-2	PST051	264	2	devo	devo	_	_	_	_	_	linguistic	_	none	_	_	_	_	_	_
264-3	PST051	264	3	dire	dire	_	_	_	_	_	linguistic	_	none	_	_	_	_	_	_
264-4	PST051	264	4	che	che	_	_	_	_	_	linguistic	_	none	_	_	_	_	_	_
264-5	PST051	264	5	non	non	_	_	_	_	_	linguistic	_	none	_	_	_	_	_	_
264-6	PST051	264	6	è	è	_	_	_	_	_	linguistic	_	none	_	_	_	_	_	_
264-7	PST051	264	7	molto:	molto	_	_	_	_	_	linguistic	_	none	_	_	4x1	_	_	_
264-8	PST051	264	8	difficile	difficile	_	_	_	_	_	linguistic	_	none	_	_	_	_	_	_
264-9	PST051	264	9	s:ì:	sì	_	_	_	_	_	linguistic	_	none	_	_	0x1,1x1	_	_	_
264-10	PST051	264	10	certe	certe	_	_	_	_	_	linguistic	_	none	_	_	_	_	_	_
264-11	PST051	264	11	parole:	parole	_	_	_	_	_	linguistic	_	none	_	_	5x1	_	_	_
264-12	PST051	264	12	eh	eh	_	_	_	_	_	linguistic	_	none	_	_	_	_	_	_
264-13	PST051	264	13	la	la	_	_	_	_	_	linguistic	_	none	_	_	_	_	_	_
264-14	PST051	264	14	pronuncia	pronuncia	_	_	_	_	_	linguistic	_	none	_	_	_	_	_	_
264-15	PST051	264	15	sì:	sì	_	_	_	_	_	linguistic	_	none	_	_	1x1	_	_	_
264-16	PST051	264	16	è	è	_	_	_	_	_	linguistic	_	none	_	_	_	_	_	_
264-17	PST051	264	17	un	un	_	_	_	_	_	linguistic	_	none	_	_	_	_	_	_
264-18	PST051	264	18	[po']:	po'	_	_	_	_	_	linguistic	_	none	_	End=583.503	1x1	_	_	0-3(74)
265-0	PST212	265	0	[mh]	mh	_	_	_	_	_	linguistic	_	none	_	Begin=583.054|End=583.315	_	_	_	0-2(74)
266-0	PST051	266	0	c(io)è	cioè	_	_	_	_	_	linguistic	_	none	Reduced=Yes	Begin=584.631	_	_	_	_
266-1	PST051	266	1	anche	anche	_	_	_	_	_	linguistic	_	none	_	_	_	_	_	_
266-2	PST051	266	2	adesso	adesso	_	_	_	_	_	linguistic	_	none	_	_	_	_	_	_
266-3	PST051	266	3	dopo	dopo	_	_	_	_	_	linguistic	_	none	_	_	_	_	_	_
266-4	PST051	266	4	tanto	tanto	_	_	_	_	_	linguistic	_	none	_	_	_	_	_	_
266-5	PST051	266	5	tempo	tempo	_	_	_	_	_	linguistic	_	none	_	_	_	_	_	_
266-6	PST051	266	6	io	io	_	_	_	_	_	linguistic	_	none	_	_	_	_	_	_
266-7	PST051	266	7	quando	quando	_	_	_	_	_	linguistic	_	none	_	_	_	_	_	_
266-8	PST051	266	8	parlo	parlo	_	_	_	_	_	linguistic	_	none	_	_	_	_	_	_
266-9	PST051	266	9	con	con	_	_	_	_	_	linguistic	_	none	_	_	_	_	_	_
266-10	PST051	266	10	qualcuno	qualcuno	_	_	_	_	_	linguistic	_	none	_	_	_	_	_	_
266-11	PST051	266	11	mi	mi	_	_	_	_	_	linguistic	_	none	_	_	_	_	_	_
266-12	PST051	266	12	cap~	cap~	_	_	_	_	_	linguistic	_	none	Interrupted=Yes	_	_	_	_	_
266-13	PST051	266	13	capiscono	capiscono	_	_	_	_	_	linguistic	_	none	_	_	_	_	_	_
266-14	PST051	266	14	subito	subito	_	_	_	_	_	linguistic	_	none	_	_	_	_	_	_
266-15	PST051	266	15	che	che	_	_	_	_	_	linguistic	_	none	_	_	_	_	_	_
266-16	PST051	266	16	sono::	sono	_	_	_	_	_	linguistic	_	none	_	_	3x2	_	_	_
266-17	PST051	266	17	straniera	straniera	_	_	_	_	_	linguistic	_	none	_	_	_	_	_	_
266-18	PST051	266	18	((al_figlio))	((al_figlio))	_	_	_	_	_	nonverbalbehavior	_	none	_	_	_	_	_	_
266-19	PST051	266	19	dimmi	dimmi	_	_	_	_	_	linguistic	_	none	_	_	_	_	_	_
266-20	PST051	266	20	amore	amore	_	_	_	_	_	linguistic	_	none	_	_	_	_	_	_
266-21	PST051	266	21	wow	wow	_	_	_	_	_	linguistic	_	none	_	_	_	_	_	_
266-22	PST051	266	22	che	che	_	_	_	_	_	linguistic	_	none	_	_	_	_	_	_
266-23	PST051	266	23	be[lla],	bella	_	_	_	_	_	linguistic	_	none	Intonation=WeaklyRising	End=594.567	_	_	_	2-5(75)
267-0	PST213	267	0	((ride))	((ride))	_	_	_	_	_	nonverbalbehavior	_	none	_	Begin=594.191|End=595.727	_	_	_	_
268-0	PST212	268	0	((ride))	((ride))	_	_	_	_	_	nonverbalbehavior	_	none	_	Begin=595.045|End=595.718	_	_	_	_
269-0	PST051	269	0	quindi	quindi	_	_	_	_	_	linguistic	_	none	_	Begin=596.7	_	_	_	_
269-1	PST051	269	1	capiscono:	capiscono	_	_	_	_	_	linguistic	_	none	_	_	8x1	_	_	_
269-2	PST051	269	2	subito	subito	_	_	_	_	_	linguistic	_	none	_	_	_	_	_	_
269-3	PST051	269	3	perché	perché	_	_	_	_	_	linguistic	_	none	_	_	_	_	_	_
269-4	PST051	269	4	ancora	ancora	_	_	_	_	_	linguistic	_	none	_	_	_	_	_	_
269-5	PST051	269	5	non	non	_	_	_	_	_	linguistic	_	none	_	_	_	_	_	_
269-6	PST051	269	6	ho	ho	_	_	_	_	_	linguistic	_	none	_	_	_	_	_	_
269-7	PST051	269	7	l::~	l~	_	_	_	_	_	linguistic	_	none	Interrupted=Yes	End=599.996	0x2	_	_	_
270-0	PST212	270	0	però	però	_	_	_	_	_	linguistic	_	none	_	Begin=600.8	_	_	_	_
270-1	PST212	270	1	secondo	secondo	_	_	_	_	_	linguistic	_	none	_	_	_	_	_	_
270-2	PST212	270	2	me	me	_	_	_	_	_	linguistic	_	none	_	_	_	_	_	_
270-3	PST212	270	3	parli	parli	_	_	_	_	_	linguistic	_	none	_	_	_	_	_	_
270-4	PST212	270	4	molto	molto	_	_	_	_	_	linguistic	_	none	_	_	_	_	_	_
270-5	PST212	270	5	bene.	bene	_	_	_	_	_	linguistic	_	none	Intonation=Falling	End=602.321	_	_	_	_
271-0	PST213	271	0	sì	sì	_	_	_	_	_	linguistic	_	none	_	Begin=602.327|End=602.591	_	_	_	_
272-0	PST051	272	0	s:::ì	sì	_	_	_	_	_	linguistic	_	none	_	Begin=602.591	0x3	_	_	_
272-1	PST051	272	1	penso	penso	_	_	_	_	_	linguistic	_	none	_	_	_	_	_	_
272-2	PST051	272	2	di	di	_	_	_	_	_	linguistic	_	none	_	_	_	_	_	_
272-3	PST051	272	3	sì:	sì	_	_	_	_	_	linguistic	_	none	_	_	1x1	_	_	_
272-4	PST051	272	4	ma::	ma	_	_	_	_	_	linguistic	_	none	_	End=604.614	1x2	_	_	_
273-0	PST051	273	0	ehm	ehm	_	_	_	_	_	linguistic	_	none	_	Begin=604.963	_	_	_	_
273-1	PST051	273	1	[trovo	trovo	_	_	_	_	_	linguistic	_	none	_	_	_	_	_	0-5(77)
273-2	PST051	273	2	sempre],	sempre	_	_	_	_	_	linguistic	_	none	Intonation=WeaklyRising	End=606.247	_	_	_	0-6(77)
274-0	PST213	274	0	[ma	ma	_	_	_	_	_	linguistic	_	none	_	Begin=605.563	_	_	_	0-2(77)
274-1	PST213	274	1	questa	questa	_	_	_	_	_	linguistic	_	none	_	_	_	_	_	0-6(77)
274-2	PST213	274	2	cosa]	cosa	_	_	_	_	_	linguistic	_	none	_	_	_	_	_	0-4(77)
274-3	PST213	274	3	come	come	_	_	_	_	_	linguistic	_	none	_	_	_	_	_	_
274-4	PST213	274	4	ti	ti	_	_	_	_	_	linguistic	_	none	_	_	_	_	_	_
274-5	PST213	274	5	fa	fa	_	_	_	_	_	linguistic	_	none	_	_	_	_	_	_
274-6	PST213	274	6	sentire	sentire	_	_	_	_	_	linguistic	_	none	_	_	_	_	_	_
274-7	PST213	274	7	c(io)è	cioè	_	_	_	_	_	linguistic	_	none	Reduced=Yes	_	_	_	_	_
274-8	PST213	274	8	come	come	_	_	_	_	_	linguistic	_	none	_	_	_	_	_	_
274-9	PST213	274	9	te	te	_	_	_	_	_	linguistic	_	none	_	_	_	_	_	_
274-10	PST213	274	10	la	la	_	_	_	_	_	linguistic	_	none	_	_	_	_	_	_
274-11	PST213	274	11	vivi,	vivi	_	_	_	_	_	linguistic	_	none	Intonation=WeaklyRising	End=608.673	_	_	_	_
275-0	PST051	275	0	sto	sto	_	_	_	_	_	linguistic	_	none	_	Begin=609.3	_	_	_	_
275-1	PST051	275	1	bene:	bene	_	_	_	_	_	linguistic	_	none	PauseAfter=Yes	_	3x1	_	_	_
275-2	PST051	275	2	(.)	(.)	_	_	_	_	_	shortpause	_	none	_	_	_	_	_	_
275-3	PST051	275	3	bene.	bene	_	_	_	_	_	linguistic	_	none	Intonation=Falling	End=612.088	_	_	_	_
276-0	PST213	276	0	okay	okay	_	_	_	_	_	linguistic	_	none	_	Begin=612.28|End=612.99	_	_	_	_
277-0	PST051	277	0	sì	sì	_	_	_	_	_	linguistic	_	none	_	Begin=613.582	_	_	_	_
277-1	PST051	277	1	((ride))	((ride))	_	_	_	_	_	nonverbalbehavior	_	none	_	End=615.063	_	_	_	_
278-0	PST212	278	0	[va	va	_	_	_	_	_	linguistic	_	none	_	Begin=614.163	_	_	_	0-2(78)
278-1	PST212	278	1	bene]	bene	_	_	_	_	_	linguistic	_	none	_	End=614.845	_	_	_	0-4(78)
279-0	PST051	279	0	mi	mi	_	_	_	_	_	linguistic	_	none	_	Begin=616.3	_	_	_	_
279-1	PST051	279	1	fa	fa	_	_	_	_	_	linguistic	_	none	_	_	_	_	_	_
279-2	PST051	279	2	sentire	sentire	_	_	_	_	_	linguistic	_	none	_	_	_	_	_	_
279-3	PST051	279	3	bene.	bene	_	_	_	_	_	linguistic	_	none	Intonation=Falling	End=617.563	_	_	_	_
280-0	PST213	280	0	perché	perché	_	_	_	_	_	linguistic	_	none	_	Begin=620.918	_	_	_	_
280-1	PST213	280	1	a	a	_	_	_	_	_	linguistic	_	none	_	_	_	_	_	_
280-2	PST213	280	2	a	a	_	_	_	_	_	linguistic	_	none	_	_	_	_	_	_
280-3	PST213	280	3	me	me	_	_	_	_	_	linguistic	_	none	_	_	_	_	_	_
280-4	PST213	280	4	è	è	_	_	_	_	_	linguistic	_	none	_	_	_	_	_	_
280-5	PST213	280	5	capitato	capitato	_	_	_	_	_	linguistic	_	none	_	_	_	_	_	_
280-6	PST213	280	6	di:	di	_	_	_	_	_	linguistic	_	none	_	_	1x1	_	_	_
280-7	PST213	280	7	di	di	_	_	_	_	_	linguistic	_	none	_	_	_	_	_	_
280-8	PST213	280	8	stare	stare	_	_	_	_	_	linguistic	_	none	_	_	_	_	_	_
280-9	PST213	280	9	all'	all'	_	_	_	_	_	linguistic	_	none	SpaceAfter=No	_	_	_	_	_
280-10	PST213	280	10	estero:	estero	_	_	_	_	_	linguistic	_	none	_	_	5x1	_	_	_
280-11	PST213	280	11	e::	e	_	_	_	_	_	linguistic	_	none	_	End=624.299	0x2	_	_	_
281-0	PST213	281	0	dovevo	dovevo	_	_	_	_	_	linguistic	_	none	_	Begin=624.936	_	_	_	_
281-1	PST213	281	1	parlare	parlare	_	_	_	_	_	linguistic	_	none	_	_	_	_	_	_
281-2	PST213	281	2	in	in	_	_	_	_	_	linguistic	_	none	_	_	_	_	_	_
281-3	PST213	281	3	inglese	inglese	_	_	_	_	_	linguistic	_	none	_	_	_	_	_	_
281-4	PST213	281	4	e	e	_	_	_	_	_	linguistic	_	none	_	_	_	_	_	_
281-5	PST213	281	5	mi	mi	_	_	_	_	_	linguistic	_	none	_	_	_	_	_	_
281-6	PST213	281	6	dicevano	dicevano	_	_	_	_	_	linguistic	_	none	_	_	_	_	_	_
281-7	PST213	281	7	a:h	ah	_	_	_	_	_	linguistic	_	none	_	_	0x1	_	_	_
281-8	PST213	281	8	ma	ma	_	_	_	_	_	linguistic	_	none	_	_	_	_	_	_
281-9	PST213	281	9	si	si	_	_	_	_	_	linguistic	_	none	_	_	_	_	_	_
281-10	PST213	281	10	sente	sente	_	_	_	_	_	linguistic	_	none	_	_	_	_	_	_
281-11	PST213	281	11	che	che	_	_	_	_	_	linguistic	_	none	_	_	_	_	_	_
281-12	PST213	281	12	sei	sei	_	_	_	_	_	linguistic	_	none	_	_	_	_	_	_
281-13	PST213	281	13	italiana,	italiana	_	_	_	_	_	linguistic	_	none	Intonation=WeaklyRising	End=628.259	_	_	_	_
282-0	PST213	282	0	e	e	_	_	_	_	_	linguistic	_	none	_	Begin=628.593	_	_	_	_
282-1	PST213	282	1	alcune	alcune	_	_	_	_	_	linguistic	_	none	_	_	_	_	_	_
282-2	PST213	282	2	[volte]	volte	_	_	_	_	_	linguistic	_	none	_	_	_	_	_	0-5(79)
282-3	PST213	282	3	io	io	_	_	_	_	_	linguistic	_	none	_	_	_	_	_	_
282-4	PST213	282	4	un:	un	_	_	_	_	_	linguistic	_	none	_	_	1x1	_	_	_
282-5	PST213	282	5	un	un	_	_	_	_	_	linguistic	_	none	_	_	_	_	_	_
282-6	PST213	282	6	po'	po'	_	_	_	_	_	linguistic	_	none	_	_	_	_	_	_
282-7	PST213	282	7	male	male	_	_	_	_	_	linguistic	_	none	_	_	_	_	_	_
282-8	PST213	282	8	me	me	_	_	_	_	_	linguistic	_	none	_	_	_	_	_	_
282-9	PST213	282	9	la	la	_	_	_	_	_	linguistic	_	none	_	_	_	_	_	_
282-10	PST213	282	10	vive[vo	vivevo	_	_	_	_	_	linguistic	_	none	_	_	_	_	_	4-6(80)
282-11	PST213	282	11	perché:]	perché	_	_	_	_	_	linguistic	_	none	_	End=631.589	5x1	_	_	0-6(80)
283-0	PST212	283	0	[sì:]	sì	_	_	_	_	_	linguistic	_	none	_	Begin=628.986|End=629.35	1x1	_	_	0-2(79)
284-0	PST051	284	0	[allora	allora	_	_	_	_	_	linguistic	_	none	_	Begin=630.857	_	_	_	0-6(80)
284-1	PST051	284	1	e]::h	eh	_	_	_	_	_	linguistic	_	none	_	_	0x2	_	_	0-1(80)
284-2	PST051	284	2	lo	lo	_	_	_	_	_	linguistic	_	none	_	_	_	_	_	_
284-3	PST051	284	3	so	so	_	_	_	_	_	linguistic	_	none	_	_	_	_	_	_
284-4	PST051	284	4	che::	che	_	_	_	_	_	linguistic	_	none	_	_	2x2	_	_	_
284-5	PST051	284	5	mh	mh	_	_	_	_	_	linguistic	_	none	_	_	_	_	_	_
284-6	PST051	284	6	mh	mh	_	_	_	_	_	linguistic	_	none	_	_	_	_	_	_
284-7	PST051	284	7	c(io)è	cioè	_	_	_	_	_	linguistic	_	none	Reduced=Yes	_	_	_	_	_
284-8	PST051	284	8	neanche	neanche	_	_	_	_	_	linguistic	_	none	_	_	_	_	_	_
284-9	PST051	284	9	a	a	_	_	_	_	_	linguistic	_	none	_	_	_	_	_	_
284-10	PST051	284	10	me	me	_	_	_	_	_	linguistic	_	none	_	_	_	_	_	_
284-11	PST051	284	11	non	non	_	_	_	_	_	linguistic	_	none	_	_	_	_	_	_
284-12	PST051	284	12	è	è	_	_	_	_	_	linguistic	_	none	_	_	_	_	_	_
284-13	PST051	284	13	che	che	_	_	_	_	_	linguistic	_	none	_	_	_	_	_	_
284-14	PST051	284	14	mi	mi	_	_	_	_	_	linguistic	_	none	_	_	_	_	_	_
284-15	PST051	284	15	fa	fa	_	_	_	_	_	linguistic	_	none	_	_	_	_	_	_
284-16	PST051	284	16	proprio	proprio	_	_	_	_	_	linguistic	_	none	_	_	_	_	_	_
284-17	PST051	284	17	piacere	piacere	_	_	_	_	_	linguistic	_	none	_	_	_	_	_	_
284-18	PST051	284	18	però::	però	_	_	_	_	_	linguistic	_	none	_	_	3x2	_	_	_
284-19	PST051	284	19	è:	è	_	_	_	_	_	linguistic	_	none	_	_	0x1	_	_	_
284-20	PST051	284	20	così:	così	_	_	_	_	_	linguistic	_	none	_	_	3x1	_	_	_
284-21	PST051	284	21	se	se	_	_	_	_	_	linguistic	_	none	_	_	_	_	_	_
284-22	PST051	284	22	mi	mi	_	_	_	_	_	linguistic	_	none	_	_	_	_	_	_
284-23	PST051	284	23	vengo~	vengo~	_	_	_	_	_	linguistic	_	none	Interrupted=Yes	_	_	_	_	_
284-24	PST051	284	24	io	io	_	_	_	_	_	linguistic	_	none	_	_	_	_	_	_
284-25	PST051	284	25	non	non	_	_	_	_	_	linguistic	_	none	_	_	_	_	_	_
284-26	PST051	284	26	posso	posso	_	_	_	_	_	linguistic	_	none	_	_	_	_	_	_
284-27	PST051	284	27	fare:[:	fare	_	_	_	_	_	linguistic	_	none	_	_	3x2	_	_	_
284-28	PST051	284	28	a:ltr]o.	altro	_	_	_	_	_	linguistic	_	none	Intonation=Falling	End=640.665	0x1	_	_	0-4(81)
285-0	PST213	285	0	[esatto	esatto	_	_	_	_	_	linguistic	_	none	PauseAfter=Yes	Begin=639.727	_	_	_	0-6(82)
285-1	PST213	285	1	(.)	(.)	_	_	_	_	_	shortpause	_	none	_	_	_	_	_	X(82)
285-2	PST213	285	2	esatto	esatto	_	_	_	_	_	linguistic	_	none	_	_	_	_	_	0-6(82)
285-3	PST213	285	3	((ride))]	((ride))	_	_	_	_	_	nonverbalbehavior	_	none	_	End=642.309	_	_	_	X(82)
286-0	PST051	286	0	[ci	ci	_	_	_	_	_	linguistic	_	none	_	Begin=640.665	_	_	_	0-2(82)
286-1	PST051	286	1	io	io	_	_	_	_	_	linguistic	_	none	_	_	_	_	_	0-2(82)
286-2	PST051	286	2	ci	ci	_	_	_	_	_	linguistic	_	none	_	_	_	_	_	0-2(82)
286-3	PST051	286	3	provo	provo	_	_	_	_	_	linguistic	_	none	_	_	_	_	_	0-5(82)
286-4	PST051	286	4	a:]	a	_	_	_	_	_	linguistic	_	none	_	_	0x1	_	_	0-1(82)
286-5	PST051	286	5	mh	mh	_	_	_	_	_	linguistic	_	none	_	_	_	_	_	_
286-6	PST051	286	6	parlare	parlare	_	_	_	_	_	linguistic	_	none	_	_	_	_	_	_
286-7	PST051	286	7	meglio::,	meglio	_	_	_	_	_	linguistic	_	none	Intonation=WeaklyRising	End=643.913	5x2	_	_	_
287-0	PST051	287	0	però:	però	_	_	_	_	_	linguistic	_	none	_	Begin=644.163	3x1	_	_	_
287-1	PST051	287	1	è	è	_	_	_	_	_	linguistic	_	none	_	_	_	_	_	_
287-2	PST051	287	2	così	così	_	_	_	_	_	linguistic	_	none	_	_	_	_	_	_
287-3	PST051	287	3	che	che	_	_	_	_	_	linguistic	_	none	_	_	_	_	_	_
287-4	PST051	287	4	mi	mi	_	_	_	_	_	linguistic	_	none	_	_	_	_	_	_
287-5	PST051	287	5	viene	viene	_	_	_	_	_	linguistic	_	none	_	_	_	_	_	_
287-6	PST051	287	6	no[:	no	_	_	_	_	_	linguistic	_	none	_	_	1x1	_	_	_
287-7	PST051	287	7	cosa	cosa	_	_	_	_	_	linguistic	_	none	_	_	_	_	_	0-4(83)
287-8	PST051	287	8	posso:	posso	_	_	_	_	_	linguistic	_	none	_	_	4x1	_	_	0-5(83)
287-9	PST051	287	9	posso	posso	_	_	_	_	_	linguistic	_	none	_	_	_	_	_	0-5(83)
287-10	PST051	287	10	fare],	fare	_	_	_	_	_	linguistic	_	none	Intonation=WeaklyRising	End=648.298	_	_	_	0-4(83)
288-0	PST213	288	0	[esatto	esatto	_	_	_	_	_	linguistic	_	none	PauseAfter=Yes	Begin=646.091	_	_	_	0-6(83)
288-1	PST213	288	1	(.)	(.)	_	_	_	_	_	shortpause	_	none	_	_	_	_	_	X(83)
288-2	PST213	288	2	eh]	eh	_	_	_	_	_	linguistic	_	none	_	_	_	_	_	0-2(83)
288-3	PST213	288	3	no:	no	_	_	_	_	_	linguistic	_	none	_	_	1x1	_	_	_
288-4	PST213	288	4	eh	eh	_	_	_	_	_	linguistic	_	none	_	_	_	_	_	_
288-5	PST213	288	5	no:	no	_	_	_	_	_	linguistic	_	none	_	_	1x1	_	_	_
288-6	PST213	288	6	e	e	_	_	_	_	_	linguistic	_	none	_	_	_	_	_	_
288-7	PST213	288	7	poi	poi	_	_	_	_	_	linguistic	_	none	_	_	_	_	_	_
288-8	PST213	288	8	è	è	_	_	_	_	_	linguistic	_	none	_	_	_	_	_	_
288-9	PST213	288	9	giusto	giusto	_	_	_	_	_	linguistic	_	none	_	_	_	_	_	_
288-10	PST213	288	10	c(io)è[:]	cioè	_	_	_	_	_	linguistic	_	none	Reduced=Yes	End=650.191	3x1	_	_	_
289-0	PST212	289	0	[ma	ma	_	_	_	_	_	linguistic	_	none	_	Begin=650.063	_	_	_	0-2(84)
289-1	PST212	289	1	s]ì	sì	_	_	_	_	_	linguistic	_	none	_	_	_	_	_	0-1(84)
289-2	PST212	289	2	infatt~	infatt~	_	_	_	_	_	linguistic	_	none	Interrupted=Yes	End=650.753	_	_	_	_
290-0	PST213	290	0	io	io	_	_	_	_	_	linguistic	_	none	_	Begin=650.753	_	_	_	_
290-1	PST213	290	1	non	non	_	_	_	_	_	linguistic	_	none	_	_	_	_	_	_
290-2	PST213	290	2	voglio	voglio	_	_	_	_	_	linguistic	_	none	_	_	_	_	_	_
290-3	PST213	290	3	essere	essere	_	_	_	_	_	linguistic	_	none	_	_	_	_	_	_
290-4	PST213	290	4	vista	vista	_	_	_	_	_	linguistic	_	none	_	_	_	_	_	_
290-5	PST213	290	5	come	come	_	_	_	_	_	linguistic	_	none	_	_	_	_	_	_
290-6	PST213	290	6	ingl[ese	inglese	_	_	_	_	_	linguistic	_	none	_	_	_	_	_	4-7(85)
290-7	PST213	290	7	se	se	_	_	_	_	_	linguistic	_	none	_	_	_	_	_	0-2(85)
290-8	PST213	290	8	sono	sono	_	_	_	_	_	linguistic	_	none	_	_	_	_	_	0-4(85)
290-9	PST213	290	9	italiana].	italiana	_	_	_	_	_	linguistic	_	none	Intonation=Falling	End=653.615	_	_	_	0-8(85)
291-0	PST051	291	0	[però:	però	_	_	_	_	_	linguistic	_	none	_	Begin=652.407	3x1	_	_	0-4(85)
291-1	PST051	291	1	visto	visto	_	_	_	_	_	linguistic	_	none	_	_	_	_	_	0-5(85)
291-2	PST051	291	2	che:]::	che	_	_	_	_	_	linguistic	_	none	_	_	2x3	_	_	0-3(85)
291-3	PST051	291	3	e:h	eh	_	_	_	_	_	linguistic	_	none	_	_	0x1	_	_	_
291-4	PST051	291	4	riesco	riesco	_	_	_	_	_	linguistic	_	none	_	_	_	_	_	_
291-5	PST051	291	5	a	a	_	_	_	_	_	linguistic	_	none	_	_	_	_	_	_
291-6	PST051	291	6	parlare	parlare	_	_	_	_	_	linguistic	_	none	_	_	_	_	_	_
291-7	PST051	291	7	e	e	_	_	_	_	_	linguistic	_	none	_	_	_	_	_	_
291-8	PST051	291	8	mi	mi	_	_	_	_	_	linguistic	_	none	_	_	_	_	_	_
291-9	PST051	291	9	capiscono	capiscono	_	_	_	_	_	linguistic	_	none	_	_	_	_	_	_
291-10	PST051	291	10	è	è	_	_	_	_	_	linguistic	_	none	_	_	_	_	_	_
291-11	PST051	291	11	già	già	_	_	_	_	_	linguistic	_	none	_	_	_	_	_	_
291-12	PST051	291	12	tanto	tanto	_	_	_	_	_	linguistic	_	none	_	_	_	_	_	_
291-13	PST051	291	13	((ride))	((ride))	_	_	_	_	_	nonverbalbehavior	_	none	_	_	_	_	_	_
291-14	PST051	291	14	per	per	_	_	_	_	_	linguistic	_	none	_	_	_	_	_	_
291-15	PST051	291	15	me:	me	_	_	_	_	_	linguistic	_	none	_	_	1x1	_	_	_
291-16	PST051	291	16	((ride))	((ride))	_	_	_	_	_	nonverbalbehavior	_	none	_	End=657.93	_	_	_	_
292-0	PST213	292	0	certo	certo	_	_	_	_	_	linguistic	_	none	_	Begin=658.033	_	_	_	_
292-1	PST213	292	1	[no:]?	no	_	_	_	_	_	linguistic	_	none	Intonation=Rising	End=659.07	1x1	_	_	0-2(86)
293-0	PST051	293	0	[sì:	sì	_	_	_	_	_	linguistic	_	none	_	Begin=658.52	1x1	_	_	0-2(86)
293-1	PST051	293	1	((ride))]	((ride))	_	_	_	_	_	nonverbalbehavior	_	none	_	End=659.07	_	_	_	X(86)
294-0	PST051	294	0	sì:	sì	_	_	_	_	_	linguistic	_	none	_	Begin=659.44|End=659.753	1x1	_	_	_
295-0	PST213	295	0	questa	questa	_	_	_	_	_	linguistic	_	none	_	Begin=659.92	_	_	_	_
295-1	PST213	295	1	è	è	_	_	_	_	_	linguistic	_	none	_	_	_	_	_	_
295-2	PST213	295	2	la	la	_	_	_	_	_	linguistic	_	none	_	_	_	_	_	_
295-3	PST213	295	3	cosa	cosa	_	_	_	_	_	linguistic	_	none	_	_	_	_	_	_
295-4	PST213	295	4	più	più	_	_	_	_	_	linguistic	_	none	_	_	_	_	_	_
295-5	PST213	295	5	importa[nte	importante	_	_	_	_	_	linguistic	_	none	_	_	_	_	_	7-10(87)
295-6	PST213	295	6	no]?	no	_	_	_	_	_	linguistic	_	none	Intonation=Rising	End=661.465	_	_	_	0-2(87)
296-0	PST051	296	0	[eh	eh	_	_	_	_	_	linguistic	_	none	_	Begin=661.013	_	_	_	0-2(87)
296-1	PST051	296	1	eh	eh	_	_	_	_	_	linguistic	_	none	_	_	_	_	_	0-2(87)
296-2	PST051	296	2	s]empre	sempre	_	_	_	_	_	linguistic	_	none	_	_	_	_	_	0-1(87)
296-3	PST051	296	3	sì	sì	_	_	_	_	_	linguistic	_	none	_	_	_	_	_	_
296-4	PST051	296	4	migliora	migliora	_	_	_	_	_	linguistic	_	none	_	_	_	_	_	_
296-5	PST051	296	5	sempre	sempre	_	_	_	_	_	linguistic	_	none	_	_	_	_	_	_
296-6	PST051	296	6	si	si	_	_	_	_	_	linguistic	_	none	_	_	_	_	_	_
296-7	PST051	296	7	può	può	_	_	_	_	_	linguistic	_	none	_	_	_	_	_	_
296-8	PST051	296	8	migliorare	migliorare	_	_	_	_	_	linguistic	_	none	_	_	_	_	_	_
296-9	PST051	296	9	sempre.	sempre	_	_	_	_	_	linguistic	_	none	Intonation=Falling	End=664.3	_	_	_	_
297-0	PST213	297	0	certo.	certo	_	_	_	_	_	linguistic	_	none	Intonation=Falling	Begin=664.333|End=665.02	_	_	_	_
298-0	PST051	298	0	però:	però	_	_	_	_	_	linguistic	_	none	_	Begin=665.327	3x1	_	_	_
298-1	PST051	298	1	se	se	_	_	_	_	_	linguistic	_	none	_	_	_	_	_	_
298-2	PST051	298	2	non	non	_	_	_	_	_	linguistic	_	none	_	_	_	_	_	_
298-3	PST051	298	3	mi	mi	_	_	_	_	_	linguistic	_	none	_	_	_	_	_	_
298-4	PST051	298	4	viene:	viene	_	_	_	_	_	linguistic	_	none	_	_	4x1	_	_	_
298-5	PST051	298	5	di	di	_	_	_	_	_	linguistic	_	none	_	_	_	_	_	_
298-6	PST051	298	6	più::	più	_	_	_	_	_	linguistic	_	none	PauseAfter=Yes	_	2x2	_	_	_
298-7	PST051	298	7	(.)	(.)	_	_	_	_	_	shortpause	_	none	_	_	_	_	_	_
298-8	PST051	298	8	non	non	_	_	_	_	_	linguistic	_	none	_	_	_	_	_	_
298-9	PST051	298	9	posso	posso	_	_	_	_	_	linguistic	_	none	_	_	_	_	_	_
298-10	PST051	298	10	fare::	fare	_	_	_	_	_	linguistic	_	none	_	End=669.478	3x2	_	_	_
299-0	PST051	299	0	[niente]	niente	_	_	_	_	_	linguistic	_	none	_	Begin=669.933|End=670.447	_	_	_	0-6(88)
300-0	PST213	300	0	[cer]to.	certo	_	_	_	_	_	linguistic	_	none	Intonation=Falling	Begin=669.94|End=670.727	_	_	_	0-3(88)
301-0	PST212	301	0	e	e	_	_	_	_	_	linguistic	_	none	_	Begin=671.393	_	_	_	_
301-1	PST212	301	1	il	il	_	_	_	_	_	linguistic	_	none	_	_	_	_	_	_
301-2	PST212	301	2	rumeno:	rumeno	_	_	_	_	_	linguistic	_	none	_	_	5x1	_	_	_
301-3	PST212	301	3	c(io)è	cioè	_	_	_	_	_	linguistic	_	none	Reduced=Yes	_	_	_	_	_
301-4	PST212	301	4	m::h	mh	_	_	_	_	_	linguistic	_	none	_	_	0x2	_	_	_
301-5	PST212	301	5	stando	stando	_	_	_	_	_	linguistic	_	none	_	_	_	_	_	_
301-6	PST212	301	6	da	da	_	_	_	_	_	linguistic	_	none	_	_	_	_	_	_
301-7	PST212	301	7	così	così	_	_	_	_	_	linguistic	_	none	_	_	_	_	_	_
301-8	PST212	301	8	tanto	tanto	_	_	_	_	_	linguistic	_	none	_	_	_	_	_	_
301-9	PST212	301	9	tempo	tempo	_	_	_	_	_	linguistic	_	none	_	_	_	_	_	_
301-10	PST212	301	10	in	in	_	_	_	_	_	linguistic	_	none	_	_	_	_	_	_
301-11	PST212	301	11	italia?	italia	_	_	_	_	_	linguistic	_	none	Intonation=Rising	End=675.439	_	_	_	_
302-0	PST212	302	0	a	a	_	_	_	_	_	linguistic	_	none	_	Begin=676.053	_	_	_	_
302-1	PST212	302	1	volte	volte	_	_	_	_	_	linguistic	_	none	_	_	_	_	_	_
302-2	PST212	302	2	ti::	ti	_	_	_	_	_	linguistic	_	none	_	_	1x2	_	_	_
302-3	PST212	302	3	c(io)è	cioè	_	_	_	_	_	linguistic	_	none	Reduced=Yes	_	_	_	_	_
302-4	PST212	302	4	ti	ti	_	_	_	_	_	linguistic	_	none	_	_	_	_	_	_
302-5	PST212	302	5	dimentichi	dimentichi	_	_	_	_	_	linguistic	_	none	_	_	_	_	_	_
302-6	PST212	302	6	magari	magari	_	_	_	_	_	linguistic	_	none	_	_	_	_	_	_
302-7	PST212	302	7	qualche	qualche	_	_	_	_	_	linguistic	_	none	_	_	_	_	_	_
302-8	PST212	302	8	parola	parola	_	_	_	_	_	linguistic	_	none	_	_	_	_	_	_
302-9	PST212	302	9	o:.	o	_	_	_	_	_	linguistic	_	none	Intonation=Falling	End=679.342	0x1	_	_	_
303-0	PST212	303	0	quello	quello	_	_	_	_	_	linguistic	_	none	_	Begin=679.347	_	_	_	_
303-1	PST212	303	1	c'	c'	_	_	_	_	_	linguistic	_	none	SpaceAfter=No	_	_	_	_	_
303-2	PST212	303	2	è	è	_	_	_	_	_	linguistic	_	none	_	End=679.7	_	_	_	_
304-0	PST051	304	0	devo	devo	_	_	_	_	_	linguistic	_	none	_	Begin=679.7	_	_	_	_
304-1	PST051	304	1	dire	dire	_	_	_	_	_	linguistic	_	none	_	_	_	_	_	_
304-2	PST051	304	2	di	di	_	_	_	_	_	linguistic	_	none	_	_	_	_	_	_
304-3	PST051	304	3	sì:,	sì	_	_	_	_	_	linguistic	_	none	Intonation=WeaklyRising	End=680.727	1x1	_	_	_
305-0	PST212	305	0	eh	eh	_	_	_	_	_	linguistic	_	none	_	Begin=680.733|End=680.987	_	_	_	_
306-0	PST051	306	0	sì	sì	_	_	_	_	_	linguistic	_	none	_	Begin=681.193	_	_	_	_
306-1	PST051	306	1	devo	devo	_	_	_	_	_	linguistic	_	none	_	_	_	_	_	_
306-2	PST051	306	2	dire	dire	_	_	_	_	_	linguistic	_	none	_	_	_	_	_	_
306-3	PST051	306	3	sì	sì	_	_	_	_	_	linguistic	_	none	_	_	_	_	_	_
306-4	PST051	306	4	a	a	_	_	_	_	_	linguistic	_	none	_	_	_	_	_	_
306-5	PST051	306	5	volte:	volte	_	_	_	_	_	linguistic	_	none	_	_	4x1	_	_	_
306-6	PST051	306	6	sto	sto	_	_	_	_	_	linguistic	_	none	_	_	_	_	_	_
306-7	PST051	306	7	pensando	pensando	_	_	_	_	_	linguistic	_	none	_	_	_	_	_	_
306-8	PST051	306	8	come	come	_	_	_	_	_	linguistic	_	none	_	_	_	_	_	_
306-9	PST051	306	9	si	si	_	_	_	_	_	linguistic	_	none	_	_	_	_	_	_
306-10	PST051	306	10	sti~	sti~	_	_	_	_	_	linguistic	_	none	Interrupted=Yes	_	_	_	_	_
306-11	PST051	306	11	dice	dice	_	_	_	_	_	linguistic	_	none	_	_	_	_	_	_
306-12	PST051	306	12	quasta	quasta	_	_	_	_	_	linguistic	_	none	_	_	_	_	_	_
306-13	PST051	306	13	parola[:	parola	_	_	_	_	_	linguistic	_	none	_	_	5x1	_	_	_
306-14	PST051	306	14	in]	in	_	_	_	_	_	linguistic	_	none	_	_	_	_	_	0-2(89)
306-15	PST051	306	15	rumeno:?	rumeno	_	_	_	_	_	linguistic	_	none	Intonation=Rising	End=686.694	5x1	_	_	_
307-0	PST213	307	0	((ride))	((ride))	_	_	_	_	_	nonverbalbehavior	_	none	_	Begin=685.373|End=685.893	_	_	_	_
308-0	PST051	308	0	ah	ah	_	_	_	_	_	linguistic	_	none	_	Begin=687.38	_	_	_	_
308-1	PST051	308	1	perché	perché	_	_	_	_	_	linguistic	_	none	_	_	_	_	_	_
308-2	PST051	308	2	ogni	ogni	_	_	_	_	_	linguistic	_	none	_	_	_	_	_	_
308-3	PST051	308	3	tanto	tanto	_	_	_	_	_	linguistic	_	none	_	_	_	_	_	_
308-4	PST051	308	4	mi	mi	_	_	_	_	_	linguistic	_	none	_	_	_	_	_	_
308-5	PST051	308	5	chiede	chiede	_	_	_	_	_	linguistic	_	none	_	_	_	_	_	_
308-6	PST051	308	6	lui	lui	_	_	_	_	_	linguistic	_	none	_	_	_	_	_	_
308-7	PST051	308	7	se	se	_	_	_	_	_	linguistic	_	none	_	_	_	_	_	_
308-8	PST051	308	8	mi	mi	_	_	_	_	_	linguistic	_	none	_	_	_	_	_	_
308-9	PST051	308	9	chiede	chiede	_	_	_	_	_	linguistic	_	none	_	_	_	_	_	_
308-10	PST051	308	10	qualche	qualche	_	_	_	_	_	linguistic	_	none	_	_	_	_	_	_
308-11	PST051	308	11	parola	parola	_	_	_	_	_	linguistic	_	none	_	_	_	_	_	_
308-12	PST051	308	12	devo	devo	_	_	_	_	_	linguistic	_	none	_	_	_	_	_	_
308-13	PST051	308	13	m:h	mh	_	_	_	_	_	linguistic	_	none	_	_	0x1	_	_	_
308-14	PST051	308	14	e:h	eh	_	_	_	_	_	linguistic	_	none	_	_	0x1	_	_	_
308-15	PST051	308	15	[devo	devo	_	_	_	_	_	linguistic	_	none	_	_	_	_	_	0-4(104)
308-16	PST051	308	16	pensare	pensare	_	_	_	_	_	linguistic	_	none	_	_	_	_	_	0-7(104)
308-17	PST051	308	17	un	un	_	_	_	_	_	linguistic	_	none	_	_	_	_	_	0-2(104)
308-18	PST051	308	18	po'	po'	_	_	_	_	_	linguistic	_	none	_	_	_	_	_	0-3(104)
308-19	PST051	308	19	sì	sì	_	_	_	_	_	linguistic	_	none	_	_	_	_	_	0-2(104)
308-20	PST051	308	20	s]ì,	sì	_	_	_	_	_	linguistic	_	none	Intonation=WeaklyRising	End=693.42	_	_	_	0-1(104)
309-0	PST213	309	0	[oddio	oddio	_	_	_	_	_	linguistic	_	none	_	Begin=691.32	_	_	_	0-5(104)
309-1	PST213	309	1	come	come	_	_	_	_	_	linguistic	_	none	_	_	_	_	_	0-4(104)
309-2	PST213	309	2	si	si	_	_	_	_	_	linguistic	_	none	_	_	_	_	_	0-2(104)
309-3	PST213	309	3	dice],	dice	_	_	_	_	_	linguistic	_	none	Intonation=WeaklyRising	End=693.233	_	_	_	0-4(104)
310-0	PST212	310	0	[devi	devi	_	_	_	_	_	linguistic	_	none	_	Begin=691.32	_	_	_	0-4(104)
310-1	PST212	310	1	un	un	_	_	_	_	_	linguistic	_	none	_	_	_	_	_	0-2(104)
310-2	PST212	310	2	attimo	attimo	_	_	_	_	_	linguistic	_	none	_	_	_	_	_	0-6(104)
310-3	PST212	310	3	rinfrescarli]	rinfrescarli	_	_	_	_	_	linguistic	_	none	_	End=693.247	_	_	_	0-12(104)
311-0	PST051	311	0	[devo	devo	_	_	_	_	_	linguistic	_	none	PauseAfter=Yes	Begin=693.42	_	_	_	0-4(90)
311-1	PST051	311	1	(.)]	(.)	_	_	_	_	_	shortpause	_	none	_	_	_	_	_	X(90)
311-2	PST051	311	2	esatto	esatto	_	_	_	_	_	linguistic	_	none	_	_	_	_	_	_
311-3	PST051	311	3	sì	sì	_	_	_	_	_	linguistic	_	none	_	_	_	_	_	_
311-4	PST051	311	4	mi:	mi	_	_	_	_	_	linguistic	_	none	_	End=695.507	1x1	_	_	_
312-0	PST212	312	0	[okay]	okay	_	_	_	_	_	linguistic	_	none	_	Begin=693.42|End=694.067	_	_	_	0-4(90)
313-0	PST212	313	0	sì	sì	_	_	_	_	_	linguistic	_	none	_	Begin=695.513	_	_	_	_
313-1	PST212	313	1	sì	sì	_	_	_	_	_	linguistic	_	none	_	End=695.98	_	_	_	_
314-0	PST051	314	0	mi	mi	_	_	_	_	_	linguistic	_	none	_	Begin=696.027	_	_	_	_
314-1	PST051	314	1	sfugge	sfugge	_	_	_	_	_	linguistic	_	none	_	_	_	_	_	_
314-2	PST051	314	2	a	a	_	_	_	_	_	linguistic	_	none	_	_	_	_	_	_
314-3	PST051	314	3	volte.	volte	_	_	_	_	_	linguistic	_	none	Intonation=Falling	End=697.2	_	_	_	_
315-0	PST213	315	0	poi	poi	_	_	_	_	_	linguistic	_	none	_	Begin=697.947	_	_	_	_
315-1	PST213	315	1	magari	magari	_	_	_	_	_	linguistic	_	none	_	_	_	_	_	_
315-2	PST213	315	2	se	se	_	_	_	_	_	linguistic	_	none	_	_	_	_	_	_
315-3	PST213	315	3	quando	quando	_	_	_	_	_	linguistic	_	none	_	_	_	_	_	_
315-4	PST213	315	4	vai	vai	_	_	_	_	_	linguistic	_	none	_	_	_	_	_	_
315-5	PST213	315	5	là:	là	_	_	_	_	_	linguistic	_	none	_	_	1x1	_	_	_
315-6	PST213	315	6	e::	e	_	_	_	_	_	linguistic	_	none	_	_	0x2	_	_	_
315-7	PST213	315	7	lo	lo	_	_	_	_	_	linguistic	_	none	_	_	_	_	_	_
315-8	PST213	315	8	[senti	senti	_	_	_	_	_	linguistic	_	none	_	_	_	_	_	0-5(91)
315-9	PST213	315	9	per	per	_	_	_	_	_	linguistic	_	none	_	_	_	_	_	0-3(91)
315-10	PST213	315	10	qualche	qualche	_	_	_	_	_	linguistic	_	none	_	_	_	_	_	0-7(91)
315-11	PST213	315	11	gio]rno	giorno	_	_	_	_	_	linguistic	_	none	_	_	_	_	_	0-3(91)
315-12	PST213	315	12	poi	poi	_	_	_	_	_	linguistic	_	none	_	_	_	_	_	_
315-13	PST213	315	13	dopo,	dopo	_	_	_	_	_	linguistic	_	none	Intonation=WeaklyRising	End=702.007	_	_	_	_
316-0	PST051	316	0	[s::ì::]	sì	_	_	_	_	_	linguistic	_	none	_	Begin=700.407|End=701.407	0x2,1x2	_	_	0-2(91)
317-0	PST051	317	0	allora	allora	_	_	_	_	_	linguistic	_	none	_	Begin=702.007	_	_	_	_
317-1	PST051	317	1	non	non	_	_	_	_	_	linguistic	_	none	_	_	_	_	_	_
317-2	PST051	317	2	si	si	_	_	_	_	_	linguistic	_	none	_	_	_	_	_	_
317-3	PST051	317	3	dimentica	dimentica	_	_	_	_	_	linguistic	_	none	_	_	_	_	_	_
317-4	PST051	317	4	perché	perché	_	_	_	_	_	linguistic	_	none	_	_	_	_	_	_
317-5	PST051	317	5	è	è	_	_	_	_	_	linguistic	_	none	_	_	_	_	_	_
317-6	PST051	317	6	la	la	_	_	_	_	_	linguistic	_	none	_	_	_	_	_	_
317-7	PST051	317	7	tua	tua	_	_	_	_	_	linguistic	_	none	_	_	_	_	_	_
317-8	PST051	317	8	lingua	lingua	_	_	_	_	_	linguistic	_	none	_	_	_	_	_	_
317-9	PST051	317	9	non	non	_	_	_	_	_	linguistic	_	none	_	_	_	_	_	_
317-10	PST051	317	10	si	si	_	_	_	_	_	linguistic	_	none	_	_	_	_	_	_
317-11	PST051	317	11	dimentica	dimentica	_	_	_	_	_	linguistic	_	none	_	_	_	_	_	_
317-12	PST051	317	12	ma	ma	_	_	_	_	_	linguistic	_	none	_	_	_	_	_	_
317-13	PST051	317	13	qualche	qualche	_	_	_	_	_	linguistic	_	none	_	_	_	_	_	_
317-14	PST051	317	14	parola	parola	_	_	_	_	_	linguistic	_	none	_	_	_	_	_	_
317-15	PST051	317	15	si	si	_	_	_	_	_	linguistic	_	none	_	_	_	_	_	_
317-16	PST051	317	16	può::	può	_	_	_	_	_	linguistic	_	none	PauseAfter=Yes	_	2x2	_	_	_
317-17	PST051	317	17	(.)	(.)	_	_	_	_	_	shortpause	_	none	_	_	_	_	_	_
317-18	PST051	317	18	può	può	_	_	_	_	_	linguistic	_	none	_	_	_	_	_	_
317-19	PST051	317	19	capitare	capitare	_	_	_	_	_	linguistic	_	none	_	_	_	_	_	_
317-20	PST051	317	20	che::.	che	_	_	_	_	_	linguistic	_	none	Intonation=Falling	End=709.243	2x2	_	_	_
318-0	PST213	318	0	certo.	certo	_	_	_	_	_	linguistic	_	none	Intonation=Falling	Begin=709.521|End=710.036	_	_	_	_
319-0	PST051	319	0	c(io)è	cioè	_	_	_	_	_	linguistic	_	none	Reduced=Yes	Begin=710.278	_	_	_	_
319-1	PST051	319	1	non	non	_	_	_	_	_	linguistic	_	none	_	_	_	_	_	_
319-2	PST051	319	2	ti::	ti	_	_	_	_	_	linguistic	_	none	_	_	1x2	_	_	_
319-3	PST051	319	3	viene	viene	_	_	_	_	_	linguistic	_	none	_	_	_	_	_	_
319-4	PST051	319	4	proprio	proprio	_	_	_	_	_	linguistic	_	none	_	_	_	_	_	_
319-5	PST051	319	5	al	al	_	_	_	_	_	linguistic	_	none	_	_	_	_	_	_
319-6	PST051	319	6	mu:~	mu~	_	_	_	_	_	linguistic	_	none	Interrupted=Yes	_	1x1	_	_	_
319-7	PST051	319	7	sul	sul	_	_	_	_	_	linguistic	_	none	_	_	_	_	_	_
319-8	PST051	319	8	momento	momento	_	_	_	_	_	linguistic	_	none	_	_	_	_	_	_
319-9	PST051	319	9	però	però	_	_	_	_	_	linguistic	_	none	_	_	_	_	_	_
319-10	PST051	319	10	poi:	poi	_	_	_	_	_	linguistic	_	none	_	_	2x1	_	_	_
319-11	PST051	319	11	te	te	_	_	_	_	_	linguistic	_	none	_	_	_	_	_	_
319-12	PST051	319	12	la	la	_	_	_	_	_	linguistic	_	none	_	_	_	_	_	_
319-13	PST051	319	13	ricordi.	ricordi	_	_	_	_	_	linguistic	_	none	Intonation=Falling	End=714.9105	_	_	_	_
320-0	PST213	320	0	certo	certo	_	_	_	_	_	linguistic	_	none	PauseAfter=Yes	Begin=714.9105	_	_	_	_
320-1	PST213	320	1	(.)	(.)	_	_	_	_	_	shortpause	_	none	_	_	_	_	_	_
320-2	PST213	320	2	certo	certo	_	_	_	_	_	linguistic	_	none	_	End=716.221	_	_	_	_
321-0	PST051	321	0	è	è	_	_	_	_	_	linguistic	_	none	_	Begin=716.593	_	_	_	_
321-1	PST051	321	1	la::	la	_	_	_	_	_	linguistic	_	none	_	_	1x2	_	_	_
321-2	PST051	321	2	la	la	_	_	_	_	_	linguistic	_	none	_	_	_	_	_	_
321-3	PST051	321	3	madre	madre	_	_	_	_	_	linguistic	_	none	_	_	_	_	_	_
321-4	PST051	321	4	lingua	lingua	_	_	_	_	_	linguistic	_	none	_	_	_	_	_	_
321-5	PST051	321	5	quindi	quindi	_	_	_	_	_	linguistic	_	none	PauseAfter=Yes	_	_	_	_	_
321-6	PST051	321	6	(.)	(.)	_	_	_	_	_	shortpause	_	none	_	_	_	_	_	_
321-7	PST051	321	7	[è	è	_	_	_	_	_	linguistic	_	none	_	_	_	_	_	0-1(92)
321-8	PST051	321	8	nor]male,	normale	_	_	_	_	_	linguistic	_	none	Intonation=WeaklyRising	_	_	_	_	0-3(92)
321-9	PST051	321	9	((ride))	((ride))	_	_	_	_	_	nonverbalbehavior	_	none	_	End=719.556	_	_	_	_
322-0	PST213	322	0	[e:h]	eh	_	_	_	_	_	linguistic	_	none	_	Begin=718.7|End=719.064	0x1	_	_	0-2(92)
323-0	PST213	323	0	e	e	_	_	_	_	_	linguistic	_	none	_	Begin=719.693	_	_	_	_
323-1	PST213	323	1	sì:	sì	_	_	_	_	_	linguistic	_	none	PauseAfter=Yes	_	1x1	_	_	_
323-2	PST213	323	2	(.)	(.)	_	_	_	_	_	shortpause	_	none	_	_	_	_	_	_
323-3	PST213	323	3	sì	sì	_	_	_	_	_	linguistic	_	none	_	_	_	_	_	_
323-4	PST213	323	4	sì	sì	_	_	_	_	_	linguistic	_	none	_	_	_	_	_	_
323-5	PST213	323	5	sì	sì	_	_	_	_	_	linguistic	_	none	_	End=721.452	_	_	_	_
324-0	PST212	324	0	va	va	_	_	_	_	_	linguistic	_	none	_	Begin=722.636	_	_	_	_
324-1	PST212	324	1	bene,	bene	_	_	_	_	_	linguistic	_	none	Intonation=WeaklyRising	End=723.15	_	_	_	_
325-0	PST213	325	0	e:h	eh	_	_	_	_	_	linguistic	_	none	_	Begin=723.15	0x1	_	_	_
325-1	PST213	325	1	bene,	bene	_	_	_	_	_	linguistic	_	none	Intonation=WeaklyRising	End=724.027	_	_	_	_
326-0	PST212	326	0	beh	beh	_	_	_	_	_	linguistic	_	none	_	Begin=725.178	_	_	_	_
326-1	PST212	326	1	per	per	_	_	_	_	_	linguistic	_	none	_	_	_	_	_	_
326-2	PST212	326	2	noi:	noi	_	_	_	_	_	linguistic	_	none	_	_	2x1	_	_	_
326-3	PST212	326	3	può	può	_	_	_	_	_	linguistic	_	none	_	_	_	_	_	_
326-4	PST212	326	4	anche	anche	_	_	_	_	_	linguistic	_	none	_	_	_	_	_	_
326-5	PST212	326	5	andare	andare	_	_	_	_	_	linguistic	_	none	_	_	_	_	_	_
326-6	PST212	326	6	bene	bene	_	_	_	_	_	linguistic	_	none	_	_	_	_	_	_
326-7	PST212	326	7	così	così	_	_	_	_	_	linguistic	_	none	_	_	_	_	_	_
326-8	PST212	326	8	se	se	_	_	_	_	_	linguistic	_	none	_	_	_	_	_	_
326-9	PST212	326	9	vuoi:	vuoi	_	_	_	_	_	linguistic	_	none	_	_	3x1	_	_	_
326-10	PST212	326	10	aggiungere	aggiungere	_	_	_	_	_	linguistic	_	none	_	_	_	_	_	_
326-11	PST212	326	11	tu	tu	_	_	_	_	_	linguistic	_	none	_	_	_	_	_	_
326-12	PST212	326	12	qualcosa:	qualcosa	_	_	_	_	_	linguistic	_	none	_	End=729.275	7x1	_	_	_
327-0	PST051	327	0	e:	e	_	_	_	_	_	linguistic	_	none	_	Begin=730.921	0x1	_	_	_
327-1	PST051	327	1	[lui	lui	_	_	_	_	_	linguistic	_	none	_	_	_	_	_	0-3(94)
327-2	PST051	327	2	vuole	vuole	_	_	_	_	_	linguistic	_	none	_	_	_	_	_	0-5(94)
327-3	PST051	327	3	aggiungere	aggiungere	_	_	_	_	_	linguistic	_	none	_	_	_	_	_	0-10(94)
327-4	PST051	327	4	qualcosa]	qualcosa	_	_	_	_	_	linguistic	_	none	_	_	_	_	_	0-8(94)
327-5	PST051	327	5	ecco.	ecco	_	_	_	_	_	linguistic	_	none	Intonation=Falling	End=733.358	_	_	_	_
328-0	PST212	328	0	((ride))	((ride))	_	_	_	_	_	nonverbalbehavior	_	none	_	Begin=731.171|End=731.671	_	_	_	_
329-0	PST213	329	0	[((al_bambino))	((al_bambino))	_	_	_	_	_	nonverbalbehavior	_	none	_	Begin=731.693	_	_	_	X(94)
329-1	PST213	329	1	vuoi	vuoi	_	_	_	_	_	linguistic	_	none	_	_	_	_	_	0-4(94)
329-2	PST213	329	2	aggiungere	aggiungere	_	_	_	_	_	linguistic	_	none	_	_	_	_	_	0-10(94)
329-3	PST213	329	3	qualco:sa],	qualcosa	_	_	_	_	_	linguistic	_	none	Intonation=WeaklyRising	End=732.836	5x1	_	_	0-8(94)
330-0	PST212	330	0	((ride))	((ride))	_	_	_	_	_	nonverbalbehavior	_	none	_	Begin=733.336|End=734.043	_	_	_	_
331-0	PST213	331	0	dai,	dai	_	_	_	_	_	linguistic	_	none	Intonation=WeaklyRising	Begin=736.756|End=737.195	_	_	_	_
332-0	PST213	332	0	la:	la	_	_	_	_	_	linguistic	_	none	_	Begin=737.371	1x1	_	_	_
332-1	PST213	332	1	[lo	lo	_	_	_	_	_	linguistic	_	none	_	_	_	_	_	0-2(96)
332-2	PST213	332	2	sta:cco],	stacco	_	_	_	_	_	linguistic	_	none	Intonation=WeaklyRising	End=738.461	2x1	_	_	0-6(96)
333-0	PST212	333	0	[va	va	_	_	_	_	_	linguistic	_	none	_	Begin=737.786	_	_	_	0-2(96)
333-1	PST212	333	1	bene]	bene	_	_	_	_	_	linguistic	_	none	_	End=738.436	_	_	_	0-4(96)
334-0	PST212	334	0	grazie	grazie	_	_	_	_	_	linguistic	_	none	_	Begin=738.723	_	_	_	_
334-1	PST212	334	1	allora,	allora	_	_	_	_	_	linguistic	_	none	Intonation=WeaklyRising	End=739.446	_	_	_	_
335-0	PST212	335	0	ti	ti	_	_	_	_	_	linguistic	_	none	_	Begin=740.109	_	_	_	_
335-1	PST212	335	1	facciamo	facciamo	_	_	_	_	_	linguistic	_	none	_	_	_	_	_	_
335-2	PST212	335	2	solo	solo	_	_	_	_	_	linguistic	_	none	_	_	_	_	_	_
335-3	PST212	335	3	firm[are	firmare	_	_	_	_	_	linguistic	_	none	_	_	_	_	_	4-7(97)
335-4	PST212	335	4	velocemente],	velocemente	_	_	_	_	_	linguistic	_	none	Intonation=WeaklyRising	End=742.627	_	_	_	0-11(97)
336-0	PST213	336	0	[aspetta	aspetta	_	_	_	_	_	linguistic	_	none	_	Begin=741.276	_	_	_	0-7(97)
336-1	PST213	336	1	non	non	_	_	_	_	_	linguistic	_	none	_	_	_	_	_	0-3(97)
336-2	PST213	336	2	s~	s~	_	_	_	_	_	linguistic	_	none	Interrupted=Yes	_	_	_	_	0-2(97)
336-3	PST213	336	3	non	non	_	_	_	_	_	linguistic	_	none	_	_	_	_	_	0-3(97)
336-4	PST213	336	4	si	si	_	_	_	_	_	linguistic	_	none	_	_	_	_	_	0-2(97)
336-5	PST213	336	5	è	è	_	_	_	_	_	linguistic	_	none	_	_	_	_	_	0-1(97)
336-6	PST213	336	6	s]toppato.	stoppato	_	_	_	_	_	linguistic	_	none	Intonation=Falling	End=743.285	_	_	_	0-1(97)
