token_id	speaker	tu_id	unit	id	span	form	lemma	upos	xpos	feats	deprel	type	meta_label	variation	jefferson_feats	align	prolongations	pace	guesses	overlaps
0-0	PST211	0	0	0	intanto	intanto	_	_	_	_	_	linguistic	_	none	_	Begin=0.51	_	_	_	_
0-1	PST211	0	0	1	io	io	_	_	_	_	_	linguistic	_	none	_	_	_	_	_	_
0-2	PST211	0	0	2	sono	sono	_	_	_	_	_	linguistic	_	none	_	_	_	_	_	_
0-3	PST211	0	0	3	@selene	@selene	_	_	_	_	_	anonymized	_	none	_	_	_	_	_	_
0-4	PST211	0	0	4	piacere	piacere	_	_	_	_	_	linguistic	_	none	_	_	_	_	_	_
0-5	PST211	0	0	5	tu	tu	_	_	_	_	_	linguistic	_	none	_	_	_	_	_	_
0-6	PST211	0	0	6	come	come	_	_	_	_	_	linguistic	_	none	_	_	_	_	_	_
0-7	PST211	0	0	7	ti	ti	_	_	_	_	_	linguistic	_	none	_	_	_	_	_	_
0-8	PST211	0	0	8	chia[:mi],	chiami	_	_	_	_	_	linguistic	_	none	Intonation=WeaklyRising	End=2.58	3x1	_	_	4-6(0)
1-0	PST058	1	1	0	@daniela	@daniela	_	_	_	_	_	anonymized	_	none	_	Begin=2.45|End=2.964	_	_	_	_
2-0	PST211	2	2	0	@daniela	@daniela	_	_	_	_	_	anonymized	_	none	_	Begin=2.964	_	_	_	_
2-1	PST211	2	2	1	ciao	ciao	_	_	_	_	_	linguistic	_	none	_	_	_	_	_	_
2-2	PST211	2	2	2	@daniela	@daniela	_	_	_	_	_	anonymized	_	none	_	_	_	_	_	_
2-3	PST211	2	2	3	[da	da	_	_	_	_	_	linguistic	_	none	_	_	_	_	_	0-2(1)
2-4	PST211	2	2	4	quanti	quanti	_	_	_	_	_	linguistic	_	none	_	_	_	_	_	0-6(1)
2-5	PST211	2	2	5	an]ni	anni	_	_	_	_	_	linguistic	_	none	_	_	_	_	_	0-2(1)
2-6	PST211	2	2	6	sei	sei	_	_	_	_	_	linguistic	_	none	_	_	_	_	_	_
2-7	PST211	2	2	7	qui	qui	_	_	_	_	_	linguistic	_	none	_	_	_	_	_	_
2-8	PST211	2	2	8	a	a	_	_	_	_	_	linguistic	_	none	_	_	_	_	_	_
2-9	PST211	2	2	9	torino.	torino	_	_	_	_	_	linguistic	_	none	Intonation=Falling	End=5.382	_	_	_	_
3-0	PST058	3	3	0	[ciao],	ciao	_	_	_	_	_	linguistic	_	none	Intonation=WeaklyRising	Begin=3.914|End=4.407	_	_	_	0-4(1)
4-0	PST058	4	4	0	quindici,	quindici	_	_	_	_	_	linguistic	_	none	Intonation=WeaklyRising	Begin=5.521|End=6.057	_	_	_	_
5-0	PST211	5	5	0	quindici	quindici	_	_	_	_	_	linguistic	_	none	_	Begin=6.164	_	_	_	_
5-1	PST211	5	5	1	ah	ah	_	_	_	_	_	linguistic	_	none	_	_	_	_	_	_
5-2	PST211	5	5	2	e	e	_	_	_	_	_	linguistic	_	none	_	_	_	_	_	_
5-3	PST211	5	5	3	quanti	quanti	_	_	_	_	_	linguistic	_	none	_	_	_	_	_	_
5-4	PST211	5	5	4	anni	anni	_	_	_	_	_	linguistic	_	none	_	_	_	_	_	_
5-5	PST211	5	5	5	avevi	avevi	_	_	_	_	_	linguistic	_	none	_	_	_	_	_	_
5-6	PST211	5	5	6	quando	quando	_	_	_	_	_	linguistic	_	none	_	_	_	_	_	_
5-7	PST211	5	5	7	sei	sei	_	_	_	_	_	linguistic	_	none	_	_	_	_	_	_
5-8	PST211	5	5	8	arrivata?	arrivata	_	_	_	_	_	linguistic	_	none	Intonation=Rising	End=8.465	_	_	_	_
6-0	PST058	6	6	0	e::hm	ehm	_	_	_	_	_	linguistic	_	none	_	Begin=8.957	0x2	_	_	_
6-1	PST058	6	6	1	v:e:nti?	venti	_	_	_	_	_	linguistic	_	none	Intonation=Rising	End=10.583	0x1,1x1	_	_	_
7-0	PST211	7	7	0	mh	mh	_	_	_	_	_	linguistic	_	none	_	Begin=10.886	_	_	_	_
7-1	PST211	7	7	1	mh	mh	_	_	_	_	_	linguistic	_	none	_	End=11.241	_	_	_	_
8-0	PST058	8	8	0	venti	venti	_	_	_	_	_	linguistic	_	none	_	Begin=11.3	_	_	_	_
8-1	PST058	8	8	1	ventuno,	ventuno	_	_	_	_	_	linguistic	_	none	Intonation=WeaklyRising	End=12.127	_	_	_	_
9-0	PST211	9	9	0	e:	e	_	_	_	_	_	linguistic	_	none	_	Begin=12.364	0x1	_	_	_
9-1	PST211	9	9	1	sei:	sei	_	_	_	_	_	linguistic	_	none	_	_	2x1	_	_	_
9-2	PST211	9	9	2	arrivata	arrivata	_	_	_	_	_	linguistic	_	none	_	_	_	_	_	_
9-3	PST211	9	9	3	subito	subito	_	_	_	_	_	linguistic	_	none	_	_	_	_	_	_
9-4	PST211	9	9	4	a	a	_	_	_	_	_	linguistic	_	none	_	_	_	_	_	_
9-5	PST211	9	9	5	torino	torino	_	_	_	_	_	linguistic	_	none	_	_	_	_	_	_
9-6	PST211	9	9	6	oppure::	oppure	_	_	_	_	_	linguistic	_	none	_	End=14.7	5x2	_	_	_
10-0	PST058	10	10	0	e::hm:	ehm	_	_	_	_	_	linguistic	_	none	_	Begin=14.879	0x2,2x1	_	_	_
10-1	PST058	10	10	1	[subito	subito	_	_	_	_	_	linguistic	_	none	_	_	_	_	_	0-6(2)
10-2	PST058	10	10	2	a	a	_	_	_	_	_	linguistic	_	none	_	_	_	_	_	0-1(2)
10-3	PST058	10	10	3	torino].	torino	_	_	_	_	_	linguistic	_	none	Intonation=Falling	End=15.9	_	_	_	0-6(2)
11-0	PST211	11	11	0	[se:~	se~	_	_	_	_	_	linguistic	_	none	Interrupted=Yes	Begin=15.186	1x1	_	_	0-3(2)
11-1	PST211	11	11	1	a]:h	ah	_	_	_	_	_	linguistic	_	none	_	_	0x1	_	_	0-1(2)
11-2	PST211	11	11	2	ah	ah	_	_	_	_	_	linguistic	_	none	_	_	_	_	_	_
11-3	PST211	11	11	3	perché	perché	_	_	_	_	_	linguistic	_	none	_	_	_	_	_	_
11-4	PST211	11	11	4	avevi:	avevi	_	_	_	_	_	linguistic	_	none	_	_	4x1	_	_	_
11-5	PST211	11	11	5	dei	dei	_	_	_	_	_	linguistic	_	none	_	_	_	_	_	_
11-6	PST211	11	11	6	paren[ti	parenti	_	_	_	_	_	linguistic	_	none	_	_	_	_	_	5-7(3)
11-7	PST211	11	11	7	qui:	qui	_	_	_	_	_	linguistic	_	none	_	_	2x1	_	_	0-3(3)
11-8	PST211	11	11	8	o::].	o	_	_	_	_	_	linguistic	_	none	Intonation=Falling	End=18.561	0x2	_	_	0-1(3)
12-0	PST058	12	12	0	[e:hm	ehm	_	_	_	_	_	linguistic	_	none	_	Begin=17.45	0x1	_	_	0-3(3)
12-1	PST058	12	12	1	sì:	sì	_	_	_	_	_	linguistic	_	none	_	_	1x1	_	_	0-2(3)
12-2	PST058	12	12	2	c'	c'	_	_	_	_	_	linguistic	_	none	SpaceAfter=No	_	_	_	_	0-2(3)
12-3	PST058	12	12	3	ho:	ho	_	_	_	_	_	linguistic	_	none	_	_	1x1	_	_	0-2(3)
12-4	PST058	12	12	4	le]	le	_	_	_	_	_	linguistic	_	none	_	_	_	_	_	0-2(3)
12-5	PST058	12	12	5	mie	mie	_	_	_	_	_	linguistic	_	none	_	_	_	_	_	_
12-6	PST058	12	12	6	sorelle	sorelle	_	_	_	_	_	linguistic	_	none	_	_	_	_	_	_
12-7	PST058	12	12	7	qua.	qua	_	_	_	_	_	linguistic	_	none	Intonation=Falling	End=19.286	_	_	_	_
13-0	PST211	13	13	0	ah	ah	_	_	_	_	_	linguistic	_	none	_	Begin=19.321	_	_	_	_
13-1	PST211	13	13	1	ah	ah	_	_	_	_	_	linguistic	_	none	_	_	_	_	_	_
13-2	PST211	13	13	2	e	e	_	_	_	_	_	linguistic	_	none	_	_	_	_	_	_
13-3	PST211	13	13	3	da	da	_	_	_	_	_	linguistic	_	none	_	_	_	_	_	_
13-4	PST211	13	13	4	quanto	quanto	_	_	_	_	_	linguistic	_	none	_	_	_	_	_	_
13-5	PST211	13	13	5	erano	erano	_	_	_	_	_	linguistic	_	none	_	_	_	_	_	_
13-6	PST211	13	13	6	qui	qui	_	_	_	_	_	linguistic	_	none	_	_	_	_	_	_
13-7	PST211	13	13	7	le	le	_	_	_	_	_	linguistic	_	none	_	_	_	_	_	_
13-8	PST211	13	13	8	tue	tue	_	_	_	_	_	linguistic	_	none	_	_	_	_	_	_
13-9	PST211	13	13	9	sore:lle,	sorelle	_	_	_	_	_	linguistic	_	none	Intonation=WeaklyRising	End=21.459	3x1	_	_	_
14-0	PST058	14	14	0	venticinque?	venticinque	_	_	_	_	_	linguistic	_	none	Intonation=Rising	Begin=21.571|End=22.514	_	_	_	_
15-0	PST211	15	15	0	a:h	ah	_	_	_	_	_	linguistic	_	none	_	Begin=22.8	0x1	_	_	_
15-1	PST211	15	15	1	caspita	caspita	_	_	_	_	_	linguistic	_	none	PauseAfter=Yes	_	_	_	_	_
15-2	PST211	15	15	2	{P}	{P}	_	_	_	_	_	shortpause	_	none	_	_	_	_	_	_
15-3	PST211	15	15	3	[okay].	okay	_	_	_	_	_	linguistic	_	none	Intonation=Falling	End=24.25	_	_	_	0-4(4)
16-0	PST058	16	16	0	[sì	sì	_	_	_	_	_	linguistic	_	none	_	Begin=23.757	_	_	_	0-2(4)
16-1	PST058	16	16	1	sì]	sì	_	_	_	_	_	linguistic	_	none	_	_	_	_	_	0-2(4)
16-2	PST058	16	16	2	sì	sì	_	_	_	_	_	linguistic	_	none	_	End=24.457	_	_	_	_
17-0	PST211	17	17	0	e::h	eh	_	_	_	_	_	linguistic	_	none	_	Begin=24.778	0x2	_	_	_
17-1	PST211	17	17	1	come	come	_	_	_	_	_	linguistic	_	none	_	_	_	_	_	_
17-2	PST211	17	17	2	è	è	_	_	_	_	_	linguistic	_	none	_	_	_	_	_	_
17-3	PST211	17	17	3	andata	andata	_	_	_	_	_	linguistic	_	none	_	_	_	_	_	_
17-4	PST211	17	17	4	c(io)è	cioè	_	_	_	_	_	linguistic	_	none	_	_	_	_	1-3(0)	_
17-5	PST211	17	17	5	quando	quando	_	_	_	_	_	linguistic	_	none	_	_	_	_	_	_
17-6	PST211	17	17	6	sei	sei	_	_	_	_	_	linguistic	_	none	_	_	_	_	_	_
17-7	PST211	17	17	7	arrivata:	arrivata	_	_	_	_	_	linguistic	_	none	_	_	7x1	_	_	_
17-8	PST211	17	17	8	hai	hai	_	_	_	_	_	linguistic	_	none	_	_	_	_	_	_
17-9	PST211	17	17	9	trovato	trovato	_	_	_	_	_	linguistic	_	none	_	_	_	_	_	_
17-10	PST211	17	17	10	subito	subito	_	_	_	_	_	linguistic	_	none	_	_	_	_	_	_
17-11	PST211	17	17	11	lavo:ro	lavoro	_	_	_	_	_	linguistic	_	none	_	_	3x1	_	_	_
17-12	PST211	17	17	12	che	che	_	_	_	_	_	linguistic	_	none	_	_	_	_	_	_
17-13	PST211	17	17	13	cosa	cosa	_	_	_	_	_	linguistic	_	none	_	_	_	_	_	_
17-14	PST211	17	17	14	hai	hai	_	_	_	_	_	linguistic	_	none	_	_	_	_	_	_
17-15	PST211	17	17	15	fa:tto[::]	fatto	_	_	_	_	_	linguistic	_	none	_	End=29.122	1x1,4x2	_	_	_
18-0	PST058	18	18	0	[no]:	no	_	_	_	_	_	linguistic	_	none	_	Begin=28.95	1x1	_	_	0-2(5)
18-1	PST058	18	18	1	sono	sono	_	_	_	_	_	linguistic	_	none	_	_	_	_	_	_
18-2	PST058	18	18	2	stata	stata	_	_	_	_	_	linguistic	_	none	_	_	_	_	_	_
18-3	PST058	18	18	3	un	un	_	_	_	_	_	linguistic	_	none	_	_	_	_	_	_
18-4	PST058	18	18	4	po'	po'	_	_	_	_	_	linguistic	_	none	_	_	_	_	_	_
18-5	PST058	18	18	5	con	con	_	_	_	_	_	linguistic	_	none	_	_	_	_	_	_
18-6	PST058	18	18	6	mie	mie	_	_	_	_	_	linguistic	_	none	_	_	_	_	_	_
18-7	PST058	18	18	7	sore:lle	sorelle	_	_	_	_	_	linguistic	_	none	_	_	3x1	_	_	_
18-8	PST058	18	18	8	poi	poi	_	_	_	_	_	linguistic	_	none	_	_	_	_	_	_
18-9	PST058	18	18	9	dopo:.	dopo	_	_	_	_	_	linguistic	_	none	Intonation=Falling	End=31.528	3x1	_	_	_
19-0	PST211	19	19	0	mh	mh	_	_	_	_	_	linguistic	_	none	_	Begin=31.522	_	_	_	_
19-1	PST211	19	19	1	mh	mh	_	_	_	_	_	linguistic	_	none	_	End=31.917	_	_	_	_
20-0	PST058	20	20	0	mh	mh	_	_	_	_	_	linguistic	_	none	_	Begin=32.469	_	_	_	_
20-1	PST058	20	20	1	sono	sono	_	_	_	_	_	linguistic	_	none	_	_	_	_	_	_
20-2	PST058	20	20	2	stata	stata	_	_	_	_	_	linguistic	_	none	_	_	_	_	_	_
20-3	PST058	20	20	3	con	con	_	_	_	_	_	linguistic	_	none	_	_	_	_	_	_
20-4	PST058	20	20	4	mio	mio	_	_	_	_	_	linguistic	_	none	_	_	_	_	_	_
20-5	PST058	20	20	5	nipote	nipote	_	_	_	_	_	linguistic	_	none	_	_	_	_	_	_
20-6	PST058	20	20	6	poi	poi	_	_	_	_	_	linguistic	_	none	_	_	_	_	_	_
20-7	PST058	20	20	7	dopo	dopo	_	_	_	_	_	linguistic	_	none	_	_	_	_	_	_
20-8	PST058	20	20	8	ho	ho	_	_	_	_	_	linguistic	_	none	_	_	_	_	_	_
20-9	PST058	20	20	9	trovato	trovato	_	_	_	_	_	linguistic	_	none	_	_	_	_	_	_
20-10	PST058	20	20	10	lavoro	lavoro	_	_	_	_	_	linguistic	_	none	_	_	_	_	_	_
20-11	PST058	20	20	11	[da	da	_	_	_	_	_	linguistic	_	none	_	_	_	_	_	0-2(7)
20-12	PST058	20	20	12	una]:	una	_	_	_	_	_	linguistic	_	none	_	_	2x1	_	_	0-3(7)
20-13	PST058	20	20	13	ragazzina	ragazzina	_	_	_	_	_	linguistic	_	none	PauseAfter=Yes	_	_	_	_	_
20-14	PST058	20	20	14	{P}	{P}	_	_	_	_	_	shortpause	_	none	_	_	_	_	_	_
20-15	PST058	20	20	15	per	per	_	_	_	_	_	linguistic	_	none	_	_	_	_	_	_
20-16	PST058	20	20	16	avere	avere	_	_	_	_	_	linguistic	_	none	_	_	_	_	_	_
20-17	PST058	20	20	17	cura	cura	_	_	_	_	_	linguistic	_	none	_	_	_	_	_	_
20-18	PST058	20	20	18	di	di	_	_	_	_	_	linguistic	_	none	_	_	_	_	_	_
20-19	PST058	20	20	19	una	una	_	_	_	_	_	linguistic	_	none	_	_	_	_	_	_
20-20	PST058	20	20	20	ragazzi[na].	ragazzina	_	_	_	_	_	linguistic	_	none	Intonation=Falling	End=38.047	_	_	_	7-9(8)
21-0	PST211	21	21	0	[mh	mh	_	_	_	_	_	linguistic	_	none	_	Begin=35.317	_	_	_	0-2(7)
21-1	PST211	21	21	1	m:h]	mh	_	_	_	_	_	linguistic	_	none	_	End=35.656	0x1	_	_	0-2(7)
22-0	PST211	22	22	0	[a:h]	ah	_	_	_	_	_	linguistic	_	none	_	Begin=37.844	0x1	_	_	0-2(8)
22-1	PST211	22	22	1	okay	okay	_	_	_	_	_	linguistic	_	none	_	End=38.478	_	_	_	_
23-0	PST211	23	23	0	come:	come	_	_	_	_	_	linguistic	_	none	PauseAfter=Yes	Begin=38.672	3x1	_	_	_
23-1	PST211	23	23	1	{P}	{P}	_	_	_	_	_	shortpause	_	none	_	_	_	_	_	_
23-2	PST211	23	23	2	[ho	ho	_	_	_	_	_	linguistic	_	none	_	_	_	_	_	0-2(9)
23-3	PST211	23	23	3	capito	capito	_	_	_	_	_	linguistic	_	none	PauseAfter=Yes	_	_	_	_	0-6(9)
23-4	PST211	23	23	4	{P}	{P}	_	_	_	_	_	shortpause	_	none	_	_	_	_	_	0-3(9)
23-5	PST211	23	23	5	eh],	eh	_	_	_	_	_	linguistic	_	none	Intonation=WeaklyRising	End=41.016	_	_	_	0-2(9)
24-0	PST058	24	24	0	[s:ì:	sì	_	_	_	_	_	linguistic	_	none	PauseAfter=Yes	Begin=39.5	0x1,1x1	_	_	0-2(9)
24-1	PST058	24	24	1	{P}	{P}	_	_	_	_	_	shortpause	_	none	_	_	_	_	_	0-3(9)
24-2	PST058	24	24	2	babysitter]	babysitter	_	_	_	_	_	linguistic	_	none	_	_	_	_	_	0-10(9)
24-3	PST058	24	24	3	{ride}	{ride}	_	_	_	_	_	nonverbalbehavior	_	none	_	End=41.017	_	_	_	_
25-0	PST211	25	25	0	e::hm::	ehm	_	_	_	_	_	linguistic	_	none	_	Begin=41.391	0x2,2x2	_	_	_
25-1	PST211	25	25	1	come	come	_	_	_	_	_	linguistic	_	none	_	_	_	_	_	_
25-2	PST211	25	25	2	ti	ti	_	_	_	_	_	linguistic	_	none	_	_	_	_	_	_
25-3	PST211	25	25	3	trovi	trovi	_	_	_	_	_	linguistic	_	none	_	_	_	_	_	_
25-4	PST211	25	25	4	qui	qui	_	_	_	_	_	linguistic	_	none	_	_	_	_	_	_
25-5	PST211	25	25	5	a	a	_	_	_	_	_	linguistic	_	none	_	_	_	_	_	_
25-6	PST211	25	25	6	torino	torino	_	_	_	_	_	linguistic	_	none	_	_	_	_	_	_
25-7	PST211	25	25	7	adesso	adesso	_	_	_	_	_	linguistic	_	none	_	_	_	_	_	_
25-8	PST211	25	25	8	[in	in	_	_	_	_	_	linguistic	_	none	_	_	_	_	_	0-2(10)
25-9	PST211	25	25	9	che	che	_	_	_	_	_	linguistic	_	none	_	_	_	_	_	0-3(10)
25-10	PST211	25	25	10	zona]	zona	_	_	_	_	_	linguistic	_	none	_	_	_	_	_	0-4(10)
25-11	PST211	25	25	11	abiti,	abiti	_	_	_	_	_	linguistic	_	none	Intonation=WeaklyRising	End=44.543	_	_	_	_
26-0	PST058	26	26	0	[bene].	bene	_	_	_	_	_	linguistic	_	none	Intonation=Falling	Begin=43.6|End=43.956	_	_	_	0-4(10)
27-0	PST058	27	27	0	e::hm	ehm	_	_	_	_	_	linguistic	_	none	_	Begin=45.117	0x2	_	_	_
27-1	PST058	27	27	1	@nomeluogo	@nomeluogo	_	_	_	_	_	anonymized	_	none	_	End=47.297	_	_	_	_
28-0	PST058	28	28	0	[è	è	_	_	_	_	_	linguistic	_	none	_	Begin=47.628	_	_	_	0-1(11)
28-1	PST058	28	28	1	qua	qua	_	_	_	_	_	linguistic	_	none	PauseAfter=Yes	_	_	_	_	0-3(11)
28-2	PST058	28	28	2	{P}	{P}	_	_	_	_	_	shortpause	_	none	_	_	_	_	_	0-3(11)
28-3	PST058	28	28	3	vici:no],	vicino	_	_	_	_	_	linguistic	_	none	Intonation=WeaklyRising	End=48.55	3x1	_	_	0-6(11)
29-0	PST211	29	29	0	[hai	hai	_	_	_	_	_	linguistic	_	none	_	Begin=47.63	_	_	_	0-3(11)
29-1	PST211	29	29	1	sempre	sempre	_	_	_	_	_	linguistic	_	none	_	_	_	_	_	0-6(11)
29-2	PST211	29	29	2	abita]to	abitato	_	_	_	_	_	linguistic	_	none	_	_	_	_	_	0-5(11)
29-3	PST211	29	29	3	lì:	lì	_	_	_	_	_	linguistic	_	none	_	_	1x1	_	_	_
29-4	PST211	29	29	4	oppure::	oppure	_	_	_	_	_	linguistic	_	none	_	_	5x2	_	_	_
29-5	PST211	29	29	5	[vi	vi	_	_	_	_	_	linguistic	_	none	_	_	_	_	_	0-2(12)
29-6	PST211	29	29	6	siete:]	siete	_	_	_	_	_	linguistic	_	none	_	End=50.321	4x1	_	_	0-5(12)
30-0	PST058	30	30	0	[e::hm]::	ehm	_	_	_	_	_	linguistic	_	none	_	Begin=49.844	0x2,2x2	_	_	0-3(12)
30-1	PST058	30	30	1	sì:	sì	_	_	_	_	_	linguistic	_	none	_	_	1x1	_	_	_
30-2	PST058	30	30	2	sempre:	sempre	_	_	_	_	_	linguistic	_	none	PauseAfter=Yes	_	5x1	_	_	_
30-3	PST058	30	30	3	{P}	{P}	_	_	_	_	_	shortpause	_	none	_	_	_	_	_	_
30-4	PST058	30	30	4	di	di	_	_	_	_	_	linguistic	_	none	_	_	_	_	_	_
30-5	PST058	30	30	5	ques[te	queste	_	_	_	_	_	linguistic	_	none	_	_	_	_	_	4-6(13)
30-6	PST058	30	30	6	parti].	parti	_	_	_	_	_	linguistic	_	none	Intonation=Falling	End=52.399	_	_	_	0-5(13)
31-0	PST211	31	31	0	[questa]	questa	_	_	_	_	_	linguistic	_	none	_	Begin=51.983	_	_	_	0-6(13)
31-1	PST211	31	31	1	zona	zona	_	_	_	_	_	linguistic	_	none	_	_	_	_	_	_
31-2	PST211	31	31	2	e	e	_	_	_	_	_	linguistic	_	none	_	_	_	_	_	_
31-3	PST211	31	31	3	che	che	_	_	_	_	_	linguistic	_	none	_	_	_	_	_	_
31-4	PST211	31	31	4	ne	ne	_	_	_	_	_	linguistic	_	none	_	_	_	_	_	_
31-5	PST211	31	31	5	pensi	pensi	_	_	_	_	_	linguistic	_	none	_	_	_	_	_	_
31-6	PST211	31	31	6	di	di	_	_	_	_	_	linguistic	_	none	_	_	_	_	_	_
31-7	PST211	31	31	7	questa	questa	_	_	_	_	_	linguistic	_	none	_	_	_	_	_	_
31-8	PST211	31	31	8	zona,	zona	_	_	_	_	_	linguistic	_	none	Intonation=WeaklyRising	End=54.352	_	_	_	_
32-0	PST058	32	32	0	bene	bene	_	_	_	_	_	linguistic	_	none	_	Begin=54.444|End=54.844	_	_	_	_
33-0	PST211	33	33	0	sei	sei	_	_	_	_	_	linguistic	_	none	_	Begin=54.985	_	_	_	_
33-1	PST211	33	33	1	sempre	sempre	_	_	_	_	_	linguistic	_	none	_	_	_	_	_	_
33-2	PST211	33	33	2	trovata	trovata	_	_	_	_	_	linguistic	_	none	_	_	_	_	_	_
33-3	PST211	33	33	3	bene	bene	_	_	_	_	_	linguistic	_	none	_	_	_	_	_	_
33-4	PST211	33	33	4	mh	mh	_	_	_	_	_	linguistic	_	none	_	_	_	_	_	_
33-5	PST211	33	33	5	[mh]	mh	_	_	_	_	_	linguistic	_	none	_	End=56.686	_	_	_	0-2(14)
34-0	PST058	34	34	0	[sì]	sì	_	_	_	_	_	linguistic	_	none	_	Begin=56.5	_	_	_	0-2(14)
34-1	PST058	34	34	1	sì	sì	_	_	_	_	_	linguistic	_	none	_	End=57.05	_	_	_	_
35-0	PST211	35	35	0	l'	l'	_	_	_	_	_	linguistic	_	none	SpaceAfter=No	Begin=57.467	_	_	_	_
35-1	PST211	35	35	1	hai	hai	_	_	_	_	_	linguistic	_	none	_	_	_	_	_	_
35-2	PST211	35	35	2	vista	vista	_	_	_	_	_	linguistic	_	none	_	_	_	_	_	_
35-3	PST211	35	35	3	cambiare	cambiare	_	_	_	_	_	linguistic	_	none	_	_	_	_	_	_
35-4	PST211	35	35	4	in	in	_	_	_	_	_	linguistic	_	none	_	_	_	_	_	_
35-5	PST211	35	35	5	questi	questi	_	_	_	_	_	linguistic	_	none	_	_	_	_	_	_
35-6	PST211	35	35	6	anni	anni	_	_	_	_	_	linguistic	_	none	_	_	_	_	_	_
35-7	PST211	35	35	7	in	in	_	_	_	_	_	linguistic	_	none	_	_	_	_	_	_
35-8	PST211	35	35	8	cui:	cui	_	_	_	_	_	linguistic	_	none	_	_	2x1	_	_	_
35-9	PST211	35	35	9	sei	sei	_	_	_	_	_	linguistic	_	none	_	_	_	_	_	_
35-10	PST211	35	35	10	qui:?	qui	_	_	_	_	_	linguistic	_	none	Intonation=Rising	End=60.117	2x1	_	_	_
36-0	PST058	36	36	0	ma::h	mah	_	_	_	_	_	linguistic	_	none	_	Begin=60.844	1x2	_	_	_
36-1	PST058	36	36	1	meglio.	meglio	_	_	_	_	_	linguistic	_	none	Intonation=Falling	End=61.989	_	_	_	_
37-0	PST058	37	37	0	diciamo	diciamo	_	_	_	_	_	linguistic	_	none	_	Begin=62.278	_	_	_	_
37-1	PST058	37	37	1	me[glio.	meglio	_	_	_	_	_	linguistic	_	none	Intonation=Falling|PauseAfter=Yes	_	_	_	_	2-6(15)
37-2	PST058	37	37	2	{P}	{P}	_	_	_	_	_	shortpause	_	none	_	_	_	_	_	0-3(15)
37-3	PST058	37	37	3	sì]:	sì	_	_	_	_	_	linguistic	_	none	_	End=63.6	1x1	_	_	0-2(15)
38-0	PST211	38	38	0	[migliorata],	migliorata	_	_	_	_	_	linguistic	_	none	Intonation=WeaklyRising	Begin=62.739|End=63.567	_	_	_	0-10(15)
39-0	PST058	39	39	0	è	è	_	_	_	_	_	linguistic	_	none	_	Begin=63.811	_	_	_	_
39-1	PST058	39	39	1	migliorata	migliorata	_	_	_	_	_	linguistic	_	none	_	_	_	_	_	_
39-2	PST058	39	39	2	tutta:	tutta	_	_	_	_	_	linguistic	_	none	_	_	4x1	_	_	_
39-3	PST058	39	39	3	pulita.	pulita	_	_	_	_	_	linguistic	_	none	Intonation=Falling	End=65.752	_	_	_	_
40-0	PST211	40	40	0	ah	ah	_	_	_	_	_	linguistic	_	none	_	Begin=65.9	_	_	_	_
40-1	PST211	40	40	1	ah	ah	_	_	_	_	_	linguistic	_	none	_	End=66.267	_	_	_	_
41-0	PST211	41	41	0	bene.	bene	_	_	_	_	_	linguistic	_	none	Intonation=Falling	Begin=66.75|End=67.117	_	_	_	_
42-0	PST211	42	42	0	non	non	_	_	_	_	_	linguistic	_	none	_	Begin=67.633	_	_	_	_
42-1	PST211	42	42	1	c'	c'	_	_	_	_	_	linguistic	_	none	SpaceAfter=No	_	_	_	_	_
42-2	PST211	42	42	2	è	è	_	_	_	_	_	linguistic	_	none	_	_	_	_	_	_
42-3	PST211	42	42	3	niente	niente	_	_	_	_	_	linguistic	_	none	_	_	_	_	_	_
42-4	PST211	42	42	4	che:	che	_	_	_	_	_	linguistic	_	none	_	_	2x1	_	_	_
42-5	PST211	42	42	5	e:h	eh	_	_	_	_	_	linguistic	_	none	_	_	0x1	_	_	_
42-6	PST211	42	42	6	cambieresti	cambieresti	_	_	_	_	_	linguistic	_	none	_	_	_	_	_	_
42-7	PST211	42	42	7	che:	che	_	_	_	_	_	linguistic	_	none	_	_	2x1	_	_	_
42-8	PST211	42	42	8	e::h	eh	_	_	_	_	_	linguistic	_	none	_	_	0x2	_	_	_
42-9	PST211	42	42	9	non	non	_	_	_	_	_	linguistic	_	none	_	_	_	_	_	_
42-10	PST211	42	42	10	so.	so	_	_	_	_	_	linguistic	_	none	Intonation=Falling	End=70.848	_	_	_	_
43-0	PST058	43	43	0	[no:].	no	_	_	_	_	_	linguistic	_	none	Intonation=Falling	Begin=71.589|End=72.072	1x1	_	_	0-2(16)
44-0	PST211	44	44	0	[trovi	trovi	_	_	_	_	_	linguistic	_	none	_	Begin=71.601	_	_	_	0-5(16)
44-1	PST211	44	44	1	che]	che	_	_	_	_	_	linguistic	_	none	_	_	_	_	_	0-3(16)
44-2	PST211	44	44	2	ma:nca:	manca	_	_	_	_	_	linguistic	_	none	_	_	1x1,4x1	_	_	_
44-3	PST211	44	44	3	o:kay.	okay	_	_	_	_	_	linguistic	_	none	Intonation=Falling	End=73.343	0x1	_	_	_
45-0	PST058	45	45	0	no:	no	_	_	_	_	_	linguistic	_	none	_	Begin=73.733	1x1	_	_	_
45-1	PST058	45	45	1	{ride}	{ride}	_	_	_	_	_	nonverbalbehavior	_	none	_	End=74.319	_	_	_	_
46-0	PST211	46	46	0	[mh	mh	_	_	_	_	_	linguistic	_	none	_	Begin=74.1	_	_	_	0-2(17)
46-1	PST211	46	46	1	mh]	mh	_	_	_	_	_	linguistic	_	none	_	_	_	_	_	0-2(17)
46-2	PST211	46	46	2	{ride}	{ride}	_	_	_	_	_	nonverbalbehavior	_	none	_	End=74.861	_	_	_	_
47-0	PST211	47	47	0	e:h	eh	_	_	_	_	_	linguistic	_	none	_	Begin=75.433	0x1	_	_	_
47-1	PST211	47	47	1	quando	quando	_	_	_	_	_	linguistic	_	none	_	_	_	_	_	_
47-2	PST211	47	47	2	sei	sei	_	_	_	_	_	linguistic	_	none	_	_	_	_	_	_
47-3	PST211	47	47	3	arrivata	arrivata	_	_	_	_	_	linguistic	_	none	PauseAfter=Yes	_	_	_	_	_
47-4	PST211	47	47	4	{P}	{P}	_	_	_	_	_	shortpause	_	none	_	_	_	_	_	_
47-5	PST211	47	47	5	come	come	_	_	_	_	_	linguistic	_	none	_	_	_	_	_	_
47-6	PST211	47	47	6	hai	hai	_	_	_	_	_	linguistic	_	none	_	_	_	_	_	_
47-7	PST211	47	47	7	fatto	fatto	_	_	_	_	_	linguistic	_	none	_	_	_	_	_	_
47-8	PST211	47	47	8	a	a	_	_	_	_	_	linguistic	_	none	_	_	_	_	_	_
47-9	PST211	47	47	9	imparare	imparare	_	_	_	_	_	linguistic	_	none	_	_	_	_	_	_
47-10	PST211	47	47	10	l'	l'	_	_	_	_	_	linguistic	_	none	SpaceAfter=No	_	_	_	_	_
47-11	PST211	47	47	11	italiano	italiano	_	_	_	_	_	linguistic	_	none	_	_	_	_	_	_
47-12	PST211	47	47	12	c(io)è	cioè	_	_	_	_	_	linguistic	_	none	_	_	_	_	0-3(0)	_
47-13	PST211	47	47	13	ti	ti	_	_	_	_	_	linguistic	_	none	_	_	_	_	_	_
47-14	PST211	47	47	14	è	è	_	_	_	_	_	linguistic	_	none	_	_	_	_	_	_
47-15	PST211	47	47	15	stato	stato	_	_	_	_	_	linguistic	_	none	_	_	_	_	_	_
47-16	PST211	47	47	16	diffi[cile:]?	difficile	_	_	_	_	_	linguistic	_	none	Intonation=Rising	End=80.172	8x1	_	_	4-9(20)
48-0	PST058	48	48	0	[e:hm	ehm	_	_	_	_	_	linguistic	_	none	_	Begin=79.65	0x1	_	_	0-3(20)
48-1	PST058	48	48	1	ho	ho	_	_	_	_	_	linguistic	_	none	_	_	_	_	_	0-2(20)
48-2	PST058	48	48	2	f]atto	fatto	_	_	_	_	_	linguistic	_	none	_	_	_	_	_	0-1(20)
48-3	PST058	48	48	3	un	un	_	_	_	_	_	linguistic	_	none	_	_	_	_	_	_
48-4	PST058	48	48	4	corso[:	corso	_	_	_	_	_	linguistic	_	none	PauseAfter=Yes	_	4x1	_	_	_
48-5	PST058	48	48	5	{P}]	{P}	_	_	_	_	_	shortpause	_	none	_	_	_	_	_	0-3(18)
48-6	PST058	48	48	6	che	che	_	_	_	_	_	linguistic	_	none	_	_	_	_	_	_
48-7	PST058	48	48	7	si	si	_	_	_	_	_	linguistic	_	none	_	_	_	_	_	_
48-8	PST058	48	48	8	faceva:	faceva	_	_	_	_	_	linguistic	_	none	_	_	5x1	_	_	_
48-9	PST058	48	48	9	a	a	_	_	_	_	_	linguistic	_	none	_	_	_	_	_	_
48-10	PST058	48	48	10	quel	quel	_	_	_	_	_	linguistic	_	none	_	_	_	_	_	_
48-11	PST058	48	48	11	tempo	tempo	_	_	_	_	_	linguistic	_	none	_	_	_	_	_	_
48-12	PST058	48	48	12	poi	poi	_	_	_	_	_	linguistic	_	none	_	_	_	_	_	_
48-13	PST058	48	48	13	dopo	dopo	_	_	_	_	_	linguistic	_	none	_	_	_	_	_	_
48-14	PST058	48	48	14	con	con	_	_	_	_	_	linguistic	_	none	_	_	_	_	_	_
48-15	PST058	48	48	15	mia	mia	_	_	_	_	_	linguistic	_	none	_	_	_	_	_	_
48-16	PST058	48	48	16	nipote	nipote	_	_	_	_	_	linguistic	_	none	PauseAfter=Yes	_	_	_	_	_
48-17	PST058	48	48	17	{P}	{P}	_	_	_	_	_	shortpause	_	none	_	_	_	_	_	_
48-18	PST058	48	48	18	[abbiamo	abbiamo	_	_	_	_	_	linguistic	_	none	_	_	_	_	_	0-7(19)
48-19	PST058	48	48	19	im]parato	imparato	_	_	_	_	_	linguistic	_	none	_	_	_	_	_	0-2(19)
48-20	PST058	48	48	20	alla	alla	_	_	_	_	_	linguistic	_	none	_	_	_	_	_	_
48-21	PST058	48	48	21	tivù?	tivù	_	_	_	_	_	linguistic	_	none	Intonation=Rising	End=87.144	_	_	_	_
49-0	PST211	49	49	0	[mh	mh	_	_	_	_	_	linguistic	_	none	_	Begin=81.367	_	_	_	0-2(18)
49-1	PST211	49	49	1	mh]	mh	_	_	_	_	_	linguistic	_	none	_	End=81.744	_	_	_	0-2(18)
50-0	PST211	50	50	0	[mh	mh	_	_	_	_	_	linguistic	_	none	_	Begin=85.944	_	_	_	0-2(19)
50-1	PST211	50	50	1	mh]	mh	_	_	_	_	_	linguistic	_	none	_	End=86.311	_	_	_	0-2(19)
51-0	PST211	51	51	0	a:h	ah	_	_	_	_	_	linguistic	_	none	_	Begin=87.322	0x1	_	_	_
51-1	PST211	51	51	1	okay	okay	_	_	_	_	_	linguistic	_	none	PauseAfter=Yes	_	_	_	_	_
51-2	PST211	51	51	2	{P}	{P}	_	_	_	_	_	shortpause	_	none	_	_	_	_	_	_
51-3	PST211	51	51	3	guardando	guardando	_	_	_	_	_	linguistic	_	none	_	_	_	_	_	_
51-4	PST211	51	51	4	la	la	_	_	_	_	_	linguistic	_	none	_	_	_	_	_	_
51-5	PST211	51	51	5	tivù,	tivù	_	_	_	_	_	linguistic	_	none	Intonation=WeaklyRising	End=89.002	_	_	_	_
52-0	PST058	52	52	0	s:ì:	sì	_	_	_	_	_	linguistic	_	none	_	Begin=89.017|End=89.3	0x1,1x1	_	_	_
53-0	PST211	53	53	0	e::hm:::	ehm	_	_	_	_	_	linguistic	_	none	PauseAfter=Yes	Begin=89.3	0x2,2x3	_	_	_
53-1	PST211	53	53	1	{P}	{P}	_	_	_	_	_	shortpause	_	none	_	_	_	_	_	_
53-2	PST211	53	53	2	tua	tua	_	_	_	_	_	linguistic	_	none	_	_	_	_	_	_
53-3	PST211	53	53	3	sorella	sorella	_	_	_	_	_	linguistic	_	none	_	_	_	_	_	_
53-4	PST211	53	53	4	lo	lo	_	_	_	_	_	linguistic	_	none	_	_	_	_	_	_
53-5	PST211	53	53	5	sapeva	sapeva	_	_	_	_	_	linguistic	_	none	_	_	_	_	_	_
53-6	PST211	53	53	6	già?	già	_	_	_	_	_	linguistic	_	none	Intonation=Rising	End=91.818	_	_	_	_
54-0	PST058	54	54	0	e:hm	ehm	_	_	_	_	_	linguistic	_	none	_	Begin=92.489	0x1	_	_	_
54-1	PST058	54	54	1	no:	no	_	_	_	_	_	linguistic	_	none	_	End=92.948	1x1	_	_	_
55-0	PST211	55	55	0	n[:o:]	no	_	_	_	_	_	linguistic	_	none	_	Begin=93.167|End=93.522	0x1,1x1	_	_	1-2(21)
56-0	PST058	56	56	0	[anch]e	anche	_	_	_	_	_	linguistic	_	none	_	Begin=93.322	_	_	_	0-4(21)
56-1	PST058	56	56	1	le:i	lei	_	_	_	_	_	linguistic	_	none	PauseAfter=Yes	_	1x1	_	_	_
56-2	PST058	56	56	2	[{P}	{P}	_	_	_	_	_	shortpause	_	none	_	_	_	_	_	0-3(22)
56-3	PST058	56	56	3	sì	sì	_	_	_	_	_	linguistic	_	none	_	_	_	_	_	0-2(22)
56-4	PST058	56	56	4	sì	sì	_	_	_	_	_	linguistic	_	none	_	_	_	_	_	0-2(22)
56-5	PST058	56	56	5	sì]	sì	_	_	_	_	_	linguistic	_	none	_	End=95.217	_	_	_	0-2(22)
57-0	PST211	57	57	0	[anche	anche	_	_	_	_	_	linguistic	_	none	_	Begin=93.933	_	_	_	0-5(22)
57-1	PST211	57	57	1	lei	lei	_	_	_	_	_	linguistic	_	none	_	_	_	_	_	0-3(22)
57-2	PST211	57	57	2	lo	lo	_	_	_	_	_	linguistic	_	none	_	_	_	_	_	0-2(22)
57-3	PST211	57	57	3	ha	ha	_	_	_	_	_	linguistic	_	none	_	_	_	_	_	0-2(22)
57-4	PST211	57	57	4	imparato	imparato	_	_	_	_	_	linguistic	_	none	_	_	_	_	_	0-8(22)
57-5	PST211	57	57	5	così]	così	_	_	_	_	_	linguistic	_	none	_	_	_	_	_	0-4(22)
57-6	PST211	57	57	6	e:	e	_	_	_	_	_	linguistic	_	none	_	_	0x1	_	_	_
57-7	PST211	57	57	7	hai	hai	_	_	_	_	_	linguistic	_	none	_	_	_	_	_	_
57-8	PST211	57	57	8	avuto	avuto	_	_	_	_	_	linguistic	_	none	_	_	_	_	_	_
57-9	PST211	57	57	9	difficoltà	difficoltà	_	_	_	_	_	linguistic	_	none	_	_	_	_	_	_
57-10	PST211	57	57	10	magari	magari	_	_	_	_	_	linguistic	_	none	PauseAfter=Yes	_	_	_	_	_
57-11	PST211	57	57	11	{P}	{P}	_	_	_	_	_	shortpause	_	none	_	_	_	_	_	_
57-12	PST211	57	57	12	non	non	_	_	_	_	_	linguistic	_	none	_	_	_	_	_	_
57-13	PST211	57	57	13	lo	lo	_	_	_	_	_	linguistic	_	none	_	_	_	_	_	_
57-14	PST211	57	57	14	so	so	_	_	_	_	_	linguistic	_	none	_	_	_	_	_	_
57-15	PST211	57	57	15	in	in	_	_	_	_	_	linguistic	_	none	_	_	_	_	_	_
57-16	PST211	57	57	16	certi	certi	_	_	_	_	_	linguistic	_	none	_	_	_	_	_	_
57-17	PST211	57	57	17	casi:	casi	_	_	_	_	_	linguistic	_	none	_	_	3x1	_	_	_
57-18	PST211	57	57	18	hai	hai	_	_	_	_	_	linguistic	_	none	_	_	_	_	_	_
57-19	PST211	57	57	19	visto	visto	_	_	_	_	_	linguistic	_	none	_	_	_	_	_	_
57-20	PST211	57	57	20	che	che	_	_	_	_	_	linguistic	_	none	_	_	_	_	_	_
57-21	PST211	57	57	21	non	non	_	_	_	_	_	linguistic	_	none	_	_	_	_	_	_
57-22	PST211	57	57	22	sapere	sapere	_	_	_	_	_	linguistic	_	none	_	_	_	_	_	_
57-23	PST211	57	57	23	l'	l'	_	_	_	_	_	linguistic	_	none	SpaceAfter=No	_	_	_	_	_
57-24	PST211	57	57	24	italiano	italiano	_	_	_	_	_	linguistic	_	none	_	_	_	_	_	_
57-25	PST211	57	57	25	ti	ti	_	_	_	_	_	linguistic	_	none	_	_	_	_	_	_
57-26	PST211	57	57	26	ha	ha	_	_	_	_	_	linguistic	_	none	_	_	_	_	_	_
57-27	PST211	57	57	27	ostacolato	ostacolato	_	_	_	_	_	linguistic	_	none	_	_	_	_	_	_
57-28	PST211	57	57	28	ti	ti	_	_	_	_	_	linguistic	_	none	_	_	_	_	_	_
57-29	PST211	57	57	29	ha	ha	_	_	_	_	_	linguistic	_	none	_	_	_	_	_	_
57-30	PST211	57	57	30	creato	creato	_	_	_	_	_	linguistic	_	none	_	_	_	_	_	_
57-31	PST211	57	57	31	delle	delle	_	_	_	_	_	linguistic	_	none	_	_	_	_	_	_
57-32	PST211	57	57	32	difficoltà:,	difficoltà	_	_	_	_	_	linguistic	_	none	Intonation=WeaklyRising	End=102.359	9x1	_	_	_
58-0	PST211	58	58	0	anche	anche	_	_	_	_	_	linguistic	_	none	_	Begin=102.856	_	_	_	_
58-1	PST211	58	58	1	sul	sul	_	_	_	_	_	linguistic	_	none	_	_	_	_	_	_
58-2	PST211	58	58	2	lavoro:,	lavoro	_	_	_	_	_	linguistic	_	none	Intonation=WeaklyRising	End=104.3195	5x1	_	_	_
59-0	PST058	59	59	0	sul	sul	_	_	_	_	_	linguistic	_	none	_	Begin=104.3195	_	_	_	_
59-1	PST058	59	59	1	lavoro	lavoro	_	_	_	_	_	linguistic	_	none	_	_	_	_	_	_
59-2	PST058	59	59	2	un	un	_	_	_	_	_	linguistic	_	none	_	_	_	_	_	_
59-3	PST058	59	59	3	po'	po'	_	_	_	_	_	linguistic	_	none	_	_	_	_	_	_
59-4	PST058	59	59	4	sì:	sì	_	_	_	_	_	linguistic	_	none	_	_	1x1	_	_	_
59-5	PST058	59	59	5	poi:	poi	_	_	_	_	_	linguistic	_	none	_	_	2x1	_	_	_
59-6	PST058	59	59	6	dopo	dopo	_	_	_	_	_	linguistic	_	none	_	_	_	_	_	_
59-7	PST058	59	59	7	mi	mi	_	_	_	_	_	linguistic	_	none	_	_	_	_	_	_
59-8	PST058	59	59	8	sono	sono	_	_	_	_	_	linguistic	_	none	_	_	_	_	_	_
59-9	PST058	59	59	9	abituata.	abituata	_	_	_	_	_	linguistic	_	none	Intonation=Falling	End=107.417	_	_	_	_
60-0	PST211	60	60	0	mh	mh	_	_	_	_	_	linguistic	_	none	_	Begin=107.467	_	_	_	_
60-1	PST211	60	60	1	m:h	mh	_	_	_	_	_	linguistic	_	none	_	_	0x1	_	_	_
60-2	PST211	60	60	2	[e	e	_	_	_	_	_	linguistic	_	none	_	_	_	_	_	0-1(23)
60-3	PST211	60	60	3	hai	hai	_	_	_	_	_	linguistic	_	none	_	_	_	_	_	0-3(23)
60-4	PST211	60	60	4	fatto	fatto	_	_	_	_	_	linguistic	_	none	_	_	_	_	_	0-5(23)
60-5	PST211	60	60	5	fati]ca	fatica	_	_	_	_	_	linguistic	_	none	_	_	_	_	_	0-4(23)
60-6	PST211	60	60	6	a	a	_	_	_	_	_	linguistic	_	none	_	_	_	_	_	_
60-7	PST211	60	60	7	impara:rlo	impararlo	_	_	_	_	_	linguistic	_	none	_	_	5x1	_	_	_
60-8	PST211	60	60	8	c(io)è	cioè	_	_	_	_	_	linguistic	_	none	_	_	_	_	1-3(0)	_
60-9	PST211	60	60	9	ci	ci	_	_	_	_	_	linguistic	_	none	_	_	_	_	_	_
60-10	PST211	60	60	10	è	è	_	_	_	_	_	linguistic	_	none	_	_	_	_	_	_
60-11	PST211	60	60	11	voluto	voluto	_	_	_	_	_	linguistic	_	none	_	_	_	_	_	_
60-12	PST211	60	60	12	tan[to]?	tanto	_	_	_	_	_	linguistic	_	none	Intonation=Rising	End=110.57	_	_	_	3-5(24)
61-0	PST058	61	61	0	[(diciamo,)]	diciamo	_	_	_	_	_	linguistic	_	none	Intonation=WeaklyRising	Begin=108.028|End=108.556	_	_	0-7(0)	0-7(23)
62-0	PST058	62	62	0	[un	un	_	_	_	_	_	linguistic	_	none	_	Begin=110.356	_	_	_	0-2(24)
62-1	PST058	62	62	1	po']:	po'	_	_	_	_	_	linguistic	_	none	_	_	1x1	_	_	0-3(24)
62-2	PST058	62	62	2	sì:	sì	_	_	_	_	_	linguistic	_	none	_	_	1x1	_	_	_
62-3	PST058	62	62	3	se:	se	_	_	_	_	_	linguistic	_	none	_	_	1x1	_	_	_
62-4	PST058	62	62	4	non	non	_	_	_	_	_	linguistic	_	none	_	_	_	_	_	_
62-5	PST058	62	62	5	parli	parli	_	_	_	_	_	linguistic	_	none	_	_	_	_	_	_
62-6	PST058	62	62	6	trop~	trop~	_	_	_	_	_	linguistic	_	none	Interrupted=Yes	_	_	_	_	_
62-7	PST058	62	62	7	e::hm:	ehm	_	_	_	_	_	linguistic	_	none	_	_	0x2,2x1	_	_	_
62-8	PST058	62	62	8	tante	tante	_	_	_	_	_	linguistic	_	none	_	_	_	_	_	_
62-9	PST058	62	62	9	volte	volte	_	_	_	_	_	linguistic	_	none	_	_	_	_	_	_
62-10	PST058	62	62	10	con:	con	_	_	_	_	_	linguistic	_	none	_	_	2x1	_	_	_
62-11	PST058	62	62	11	m::h	mh	_	_	_	_	_	linguistic	_	none	_	_	0x2	_	_	_
62-12	PST058	62	62	12	qualcuno	qualcuno	_	_	_	_	_	linguistic	_	none	_	_	_	_	_	_
62-13	PST058	62	62	13	in	in	_	_	_	_	_	linguistic	_	none	_	_	_	_	_	_
62-14	PST058	62	62	14	italiano	italiano	_	_	_	_	_	linguistic	_	none	_	_	_	_	_	_
62-15	PST058	62	62	15	e	e	_	_	_	_	_	linguistic	_	none	_	_	_	_	_	_
62-16	PST058	62	62	16	parli	parli	_	_	_	_	_	linguistic	_	none	_	_	_	_	_	_
62-17	PST058	62	62	17	sempre	sempre	_	_	_	_	_	linguistic	_	none	_	_	_	_	_	_
62-18	PST058	62	62	18	rumeno:	rumeno	_	_	_	_	_	linguistic	_	none	_	_	5x1	_	_	_
62-19	PST058	62	62	19	è	è	_	_	_	_	_	linguistic	_	none	_	_	_	_	_	_
62-20	PST058	62	62	20	un	un	_	_	_	_	_	linguistic	_	none	_	_	_	_	_	_
62-21	PST058	62	62	21	sei	sei	_	_	_	_	_	linguistic	_	none	_	_	_	_	_	_
62-22	PST058	62	62	22	un	un	_	_	_	_	_	linguistic	_	none	_	_	_	_	_	_
62-23	PST058	62	62	23	po':.	po'	_	_	_	_	_	linguistic	_	none	Intonation=Falling	End=118.508	1x1	_	_	_
63-0	PST211	63	63	0	mh	mh	_	_	_	_	_	linguistic	_	none	_	Begin=118.861	_	_	_	_
63-1	PST211	63	63	1	m:h	mh	_	_	_	_	_	linguistic	_	none	_	_	0x1	_	_	_
63-2	PST211	63	63	2	[perché	perché	_	_	_	_	_	linguistic	_	none	_	_	_	_	_	0-6(25)
63-3	PST211	63	63	3	comu]nque	comunque	_	_	_	_	_	linguistic	_	none	_	_	_	_	_	0-4(25)
63-4	PST211	63	63	4	con	con	_	_	_	_	_	linguistic	_	none	_	_	_	_	_	_
63-5	PST211	63	63	5	la	la	_	_	_	_	_	linguistic	_	none	_	_	_	_	_	_
63-6	PST211	63	63	6	tua	tua	_	_	_	_	_	linguistic	_	none	_	_	_	_	_	_
63-7	PST211	63	63	7	famiglia	famiglia	_	_	_	_	_	linguistic	_	none	_	_	_	_	_	_
63-8	PST211	63	63	8	tendevi	tendevi	_	_	_	_	_	linguistic	_	none	_	_	_	_	_	_
63-9	PST211	63	63	9	a	a	_	_	_	_	_	linguistic	_	none	_	_	_	_	_	_
63-10	PST211	63	63	10	parlare::	parlare	_	_	_	_	_	linguistic	_	none	_	_	6x2	_	_	_
63-11	PST211	63	63	11	rume:no.	rumeno	_	_	_	_	_	linguistic	_	none	Intonation=Falling	End=122.55	3x1	_	_	_
64-0	PST058	64	64	0	[così]	così	_	_	_	_	_	linguistic	_	none	_	Begin=119.483|End=119.822	_	_	_	0-4(25)
65-0	PST058	65	65	0	parliamo	parliamo	_	_	_	_	_	linguistic	_	none	_	Begin=122.556	_	_	_	_
65-1	PST058	65	65	1	rume[no	rumeno	_	_	_	_	_	linguistic	_	none	_	_	_	_	_	4-6(26)
65-2	PST058	65	65	2	(per	per	_	_	_	_	_	linguistic	_	none	_	_	_	_	0-3(0)	0-3(26)
65-3	PST058	65	65	3	questo)	questo	_	_	_	_	_	linguistic	_	none	_	_	_	_	0-6(0)	0-6(26)
65-4	PST058	65	65	4	sì	sì	_	_	_	_	_	linguistic	_	none	_	_	_	_	_	0-2(26)
65-5	PST058	65	65	5	sì	sì	_	_	_	_	_	linguistic	_	none	_	_	_	_	_	0-2(26)
65-6	PST058	65	65	6	sì	sì	_	_	_	_	_	linguistic	_	none	_	_	_	_	_	0-2(26)
65-7	PST058	65	65	7	sì]	sì	_	_	_	_	_	linguistic	_	none	_	End=124.913	_	_	_	0-2(26)
66-0	PST211	66	66	0	[mh	mh	_	_	_	_	_	linguistic	_	none	_	Begin=123.161	_	_	_	0-2(26)
66-1	PST211	66	66	1	mh	mh	_	_	_	_	_	linguistic	_	none	_	_	_	_	_	0-2(26)
66-2	PST211	66	66	2	anche	anche	_	_	_	_	_	linguistic	_	none	_	_	_	_	_	0-5(26)
66-3	PST211	66	66	3	adesso:	adesso	_	_	_	_	_	linguistic	_	none	_	_	5x1	_	_	0-6(26)
66-4	PST211	66	66	4	m]:h,	mh	_	_	_	_	_	linguistic	_	none	Intonation=WeaklyRising	End=125.133	0x1	_	_	0-1(26)
67-0	PST211	67	67	0	e::hm[::	ehm	_	_	_	_	_	linguistic	_	none	_	Begin=125.683	0x2,2x2	_	_	_
67-1	PST211	67	67	1	ho	ho	_	_	_	_	_	linguistic	_	none	_	_	_	_	_	0-2(27)
67-2	PST211	67	67	2	capi]to	capito	_	_	_	_	_	linguistic	_	none	PauseAfter=Yes	_	_	_	_	0-4(27)
67-3	PST211	67	67	3	{P}	{P}	_	_	_	_	_	shortpause	_	none	_	_	_	_	_	_
67-4	PST211	67	67	4	e::hm:	ehm	_	_	_	_	_	linguistic	_	none	_	_	0x2,2x1	_	_	_
67-5	PST211	67	67	5	hai	hai	_	_	_	_	_	linguistic	_	none	PauseAfter=Yes	_	_	_	_	_
67-6	PST211	67	67	6	{P}	{P}	_	_	_	_	_	shortpause	_	none	_	_	_	_	_	_
67-7	PST211	67	67	7	diciamo	diciamo	_	_	_	_	_	linguistic	_	none	_	_	_	_	_	_
67-8	PST211	67	67	8	ad	ad	_	_	_	_	_	linguistic	_	none	_	_	_	_	_	_
67-9	PST211	67	67	9	esempio	esempio	_	_	_	_	_	linguistic	_	none	_	_	_	_	_	_
67-10	PST211	67	67	10	l'	l'	_	_	_	_	_	linguistic	_	none	SpaceAfter=No	_	_	_	_	_
67-11	PST211	67	67	11	associazione	associazione	_	_	_	_	_	linguistic	_	none	_	_	_	_	_	_
67-12	PST211	67	67	12	come	come	_	_	_	_	_	linguistic	_	none	_	_	_	_	_	_
67-13	PST211	67	67	13	la	la	_	_	_	_	_	linguistic	_	none	_	_	_	_	_	_
67-14	PST211	67	67	14	conosci,	conosci	_	_	_	_	_	linguistic	_	none	Intonation=WeaklyRising	End=131.973	_	_	_	_
68-0	PST058	68	68	0	[parliamo	parliamo	_	_	_	_	_	linguistic	_	none	_	Begin=126.144	_	_	_	0-8(27)
68-1	PST058	68	68	1	rumeno	rumeno	_	_	_	_	_	linguistic	_	none	_	_	_	_	_	0-6(27)
68-2	PST058	68	68	2	noi]	noi	_	_	_	_	_	linguistic	_	none	_	End=127.05	_	_	_	0-3(27)
69-0	PST058	69	69	0	la	la	_	_	_	_	_	linguistic	_	none	_	Begin=132.639	_	_	_	_
69-1	PST058	69	69	1	conosco	conosco	_	_	_	_	_	linguistic	_	none	_	_	_	_	_	_
69-2	PST058	69	69	2	da::::	da	_	_	_	_	_	linguistic	_	none	_	_	1x4	_	_	_
69-3	PST058	69	69	3	i	i	_	_	_	_	_	linguistic	_	none	_	_	_	_	_	_
69-4	PST058	69	69	4	miei	miei	_	_	_	_	_	linguistic	_	none	_	_	_	_	_	_
69-5	PST058	69	69	5	amici?	amici	_	_	_	_	_	linguistic	_	none	Intonation=Rising	End=135.358	_	_	_	_
70-0	PST211	70	70	0	mh	mh	_	_	_	_	_	linguistic	_	none	_	Begin=135.572	_	_	_	_
70-1	PST211	70	70	1	mh,	mh	_	_	_	_	_	linguistic	_	none	Intonation=WeaklyRising	End=136.022	_	_	_	_
71-0	PST058	71	71	0	è	è	_	_	_	_	_	linguistic	_	none	_	Begin=136.278	_	_	_	_
71-1	PST058	71	71	1	che	che	_	_	_	_	_	linguistic	_	none	_	_	_	_	_	_
71-2	PST058	71	71	2	se	se	_	_	_	_	_	linguistic	_	none	_	_	_	_	_	_
71-3	PST058	71	71	3	la	la	_	_	_	_	_	linguistic	_	none	_	_	_	_	_	_
71-4	PST058	71	71	4	conoscevo	conoscevo	_	_	_	_	_	linguistic	_	none	_	_	_	_	_	_
71-5	PST058	71	71	5	già:	già	_	_	_	_	_	linguistic	_	none	_	_	2x1	_	_	_
71-6	PST058	71	71	6	[venivo	venivo	_	_	_	_	_	linguistic	_	none	_	_	_	_	_	0-6(28)
71-7	PST058	71	71	7	da	da	_	_	_	_	_	linguistic	_	none	_	_	_	_	_	0-2(28)
71-8	PST058	71	71	8	prima	prima	_	_	_	_	_	linguistic	_	none	_	_	_	_	_	0-5(28)
71-9	PST058	71	71	9	{ride}	{ride}	_	_	_	_	_	nonverbalbehavior	_	none	_	_	_	_	_	0-6(28)
71-10	PST058	71	71	10	ec]co	ecco	_	_	_	_	_	linguistic	_	none	_	End=140.05	_	_	_	0-2(28)
72-0	PST211	72	72	0	[a:h	ah	_	_	_	_	_	linguistic	_	none	_	Begin=137.811	0x1	_	_	0-2(28)
72-1	PST211	72	72	1	okay	okay	_	_	_	_	_	linguistic	_	none	PauseAfter=Yes	_	_	_	_	0-4(28)
72-2	PST211	72	72	2	{P}	{P}	_	_	_	_	_	shortpause	_	none	_	_	_	_	_	0-3(28)
72-3	PST211	72	72	3	a::h	ah	_	_	_	_	_	linguistic	_	none	_	_	0x2	_	_	0-2(28)
72-4	PST211	72	72	4	okay]	okay	_	_	_	_	_	linguistic	_	none	_	End=139.795	_	_	_	0-4(28)
73-0	PST211	73	73	0	ma	ma	_	_	_	_	_	linguistic	_	none	_	Begin=140.117	_	_	_	_
73-1	PST211	73	73	1	dal	dal	_	_	_	_	_	linguistic	_	none	_	_	_	_	_	_
73-2	PST211	73	73	2	centro	centro	_	_	_	_	_	linguistic	_	none	_	_	_	_	_	_
73-3	PST211	73	73	3	estivo::	estivo	_	_	_	_	_	linguistic	_	none	_	_	5x2	_	_	_
73-4	PST211	73	73	4	o	o	_	_	_	_	_	linguistic	_	none	_	_	_	_	_	_
73-5	PST211	73	73	5	l~	l~	_	_	_	_	_	linguistic	_	none	Interrupted=Yes	_	_	_	_	_
73-6	PST211	73	73	6	già	già	_	_	_	_	_	linguistic	_	none	_	_	_	_	_	_
73-7	PST211	73	73	7	da	da	_	_	_	_	_	linguistic	_	none	_	_	_	_	_	_
73-8	PST211	73	73	8	prima.	prima	_	_	_	_	_	linguistic	_	none	Intonation=Falling	End=142.656	_	_	_	_
74-0	PST058	74	74	0	e::hm	ehm	_	_	_	_	_	linguistic	_	none	_	Begin=142.878	0x2	_	_	_
74-1	PST058	74	74	1	[dal	dal	_	_	_	_	_	linguistic	_	none	_	_	_	_	_	0-3(?)
74-2	PST058	74	74	2	m:h	mh	_	_	_	_	_	linguistic	_	none	PauseAfter=Yes	_	0x1	_	_	0-2(?)
74-3	PST058	74	74	3	{P}	{P}	_	_	_	_	_	shortpause	_	none	_	_	_	_	_	0-3(?)
74-4	PST058	74	74	4	dal	dal	_	_	_	_	_	linguistic	_	none	_	_	_	_	_	0-3(?)
74-5	PST058	74	74	5	centro	centro	_	_	_	_	_	linguistic	_	none	_	_	_	_	_	0-6(?)
74-6	PST058	74	74	6	estivo]	estivo	_	_	_	_	_	linguistic	_	none	_	End=145.127	_	_	_	0-6(?)
75-0	PST211	75	75	0	[c(io)è:]	cioè	_	_	_	_	_	linguistic	_	none	_	Begin=143.194|End=143.467	3x1	_	1-3(0)	0-4(29)
76-0	PST211	76	76	0	[a:h	ah	_	_	_	_	_	linguistic	_	none	_	Begin=144.539	0x1	_	_	0-2(30)
76-1	PST211	76	76	1	okay]:	okay	_	_	_	_	_	linguistic	_	none	_	_	3x1	_	_	0-4(30)
76-2	PST211	76	76	2	okay	okay	_	_	_	_	_	linguistic	_	none	_	End=145.622	_	_	_	_
77-0	PST211	77	77	0	no	no	_	_	_	_	_	linguistic	_	none	_	Begin=145.968	_	_	_	_
77-1	PST211	77	77	1	perché	perché	_	_	_	_	_	linguistic	_	none	_	_	_	_	_	_
77-2	PST211	77	77	2	sai	sai	_	_	_	_	_	linguistic	_	none	_	_	_	_	_	_
77-3	PST211	77	77	3	che	che	_	_	_	_	_	linguistic	_	none	_	_	_	_	_	_
77-4	PST211	77	77	4	fanno	fanno	_	_	_	_	_	linguistic	_	none	_	_	_	_	_	_
77-5	PST211	77	77	5	[anche	anche	_	_	_	_	_	linguistic	_	none	_	_	_	_	_	0-5(31)
77-6	PST211	77	77	6	corsi::	corsi	_	_	_	_	_	linguistic	_	none	_	_	4x2	_	_	0-5(31)
77-7	PST211	77	77	7	in	in	_	_	_	_	_	linguistic	_	none	_	_	_	_	_	0-2(31)
77-8	PST211	77	77	8	associazione::	associazione	_	_	_	_	_	linguistic	_	none	_	_	11x2	_	_	0-12(31)
77-9	PST211	77	77	9	così:]	così	_	_	_	_	_	linguistic	_	none	_	_	3x1	_	_	0-4(31)
77-10	PST211	77	77	10	ah	ah	_	_	_	_	_	linguistic	_	none	_	_	_	_	_	_
77-11	PST211	77	77	11	a:h,	ah	_	_	_	_	_	linguistic	_	none	Intonation=WeaklyRising	End=150.193	0x1	_	_	_
78-0	PST058	78	78	0	[s:ì:	sì	_	_	_	_	_	linguistic	_	none	_	Begin=146.918	0x1,1x1	_	_	0-2(31)
78-1	PST058	78	78	1	fanno	fanno	_	_	_	_	_	linguistic	_	none	_	_	_	_	_	0-5(31)
78-2	PST058	78	78	2	i	i	_	_	_	_	_	linguistic	_	none	_	_	_	_	_	0-1(31)
78-3	PST058	78	78	3	cors::::~	cors~	_	_	_	_	_	linguistic	_	none	Interrupted=Yes	_	3x4	_	_	0-5(31)
78-4	PST058	78	78	4	sì	sì	_	_	_	_	_	linguistic	_	none	_	_	_	_	_	0-2(31)
78-5	PST058	78	78	5	sì],	sì	_	_	_	_	_	linguistic	_	none	Intonation=WeaklyRising	End=149.859	_	_	_	0-2(31)
79-0	PST058	79	79	0	e::h	eh	_	_	_	_	_	linguistic	_	none	_	Begin=150.714	0x2	_	_	_
79-1	PST058	79	79	1	no	no	_	_	_	_	_	linguistic	_	none	_	_	_	_	_	_
79-2	PST058	79	79	2	adesso	adesso	_	_	_	_	_	linguistic	_	none	_	_	_	_	_	_
79-3	PST058	79	79	3	col	col	_	_	_	_	_	linguistic	_	none	_	_	_	_	_	_
79-4	PST058	79	79	4	centro	centro	_	_	_	_	_	linguistic	_	none	_	_	_	_	_	_
79-5	PST058	79	79	5	estivo	estivo	_	_	_	_	_	linguistic	_	none	_	_	_	_	_	_
79-6	PST058	79	79	6	poi	poi	_	_	_	_	_	linguistic	_	none	_	_	_	_	_	_
79-7	PST058	79	79	7	dopo:,	dopo	_	_	_	_	_	linguistic	_	none	Intonation=WeaklyRising	End=153.659	3x1	_	_	_
80-0	PST058	80	80	0	vediamo	vediamo	_	_	_	_	_	linguistic	_	none	_	Begin=154.968	_	_	_	_
80-1	PST058	80	80	1	un	un	_	_	_	_	_	linguistic	_	none	_	_	_	_	_	_
80-2	PST058	80	80	2	[po'	po'	_	_	_	_	_	linguistic	_	none	_	_	_	_	_	0-3(32)
80-3	PST058	80	80	3	come]	come	_	_	_	_	_	linguistic	_	none	_	_	_	_	_	0-4(32)
80-4	PST058	80	80	4	sono	sono	_	_	_	_	_	linguistic	_	none	_	_	_	_	_	_
80-5	PST058	80	80	5	le	le	_	_	_	_	_	linguistic	_	none	_	_	_	_	_	_
80-6	PST058	80	80	6	cose,	cose	_	_	_	_	_	linguistic	_	none	Intonation=WeaklyRising	End=156.765	_	_	_	_
81-0	PST211	81	81	0	[mh	mh	_	_	_	_	_	linguistic	_	none	_	Begin=155.482	_	_	_	0-2(32)
81-1	PST211	81	81	1	mh],	mh	_	_	_	_	_	linguistic	_	none	Intonation=WeaklyRising	End=155.945	_	_	_	0-2(32)
82-0	PST211	82	82	0	mh	mh	_	_	_	_	_	linguistic	_	none	_	Begin=157.155	_	_	_	_
82-1	PST211	82	82	1	mh	mh	_	_	_	_	_	linguistic	_	none	_	End=157.514	_	_	_	_
83-0	PST058	83	83	0	con	con	_	_	_	_	_	linguistic	_	none	_	Begin=157.836	_	_	_	_
83-1	PST058	83	83	1	il	il	_	_	_	_	_	linguistic	_	none	_	_	_	_	_	_
83-2	PST058	83	83	2	piccolo	piccolo	_	_	_	_	_	linguistic	_	none	_	_	_	_	_	_
83-3	PST058	83	83	3	poi	poi	_	_	_	_	_	linguistic	_	none	_	_	_	_	_	_
83-4	PST058	83	83	4	dopo:	dopo	_	_	_	_	_	linguistic	_	none	PauseAfter=Yes	_	3x1	_	_	_
83-5	PST058	83	83	5	[{P}	{P}	_	_	_	_	_	shortpause	_	none	_	_	_	_	_	0-3(33)
83-6	PST058	83	83	6	speriamo	speriamo	_	_	_	_	_	linguistic	_	none	_	_	_	_	_	0-8(33)
83-7	PST058	83	83	7	che	che	_	_	_	_	_	linguistic	_	none	_	_	_	_	_	0-3(33)
83-8	PST058	83	83	8	andiamo	andiamo	_	_	_	_	_	linguistic	_	none	_	_	_	_	_	0-7(33)
83-9	PST058	83	83	9	di	di	_	_	_	_	_	linguistic	_	none	_	_	_	_	_	0-2(33)
83-10	PST058	83	83	10	più:]	più	_	_	_	_	_	linguistic	_	none	_	_	2x1	_	_	0-3(33)
83-11	PST058	83	83	11	{ride}	{ride}	_	_	_	_	_	nonverbalbehavior	_	none	_	End=161.706	_	_	_	_
84-0	PST211	84	84	0	{ride}	{ride}	_	_	_	_	_	nonverbalbehavior	_	none	PauseAfter=Yes	Begin=159.205	_	_	_	_
84-1	PST211	84	84	1	[{P}	{P}	_	_	_	_	_	shortpause	_	none	_	_	_	_	_	0-3(33)
84-2	PST211	84	84	2	ah	ah	_	_	_	_	_	linguistic	_	none	_	_	_	_	_	0-2(33)
84-3	PST211	84	84	3	a:h],	ah	_	_	_	_	_	linguistic	_	none	Intonation=WeaklyRising	End=161.695	0x1	_	_	0-2(33)
85-0	PST211	85	85	0	e	e	_	_	_	_	_	linguistic	_	none	_	Begin=161.945	_	_	_	_
85-1	PST211	85	85	1	loro	loro	_	_	_	_	_	linguistic	_	none	_	_	_	_	_	_
85-2	PST211	85	85	2	lo	lo	_	_	_	_	_	linguistic	_	none	_	_	_	_	_	_
85-3	PST211	85	85	3	sanno	sanno	_	_	_	_	_	linguistic	_	none	_	_	_	_	_	_
85-4	PST211	85	85	4	il	il	_	_	_	_	_	linguistic	_	none	_	_	_	_	_	_
85-5	PST211	85	85	5	rumeno	rumeno	_	_	_	_	_	linguistic	_	none	_	_	_	_	_	_
85-6	PST211	85	85	6	gliel'	gliel'	_	_	_	_	_	linguistic	_	none	SpaceAfter=No	_	_	_	_	_
85-7	PST211	85	85	7	avete::	avete	_	_	_	_	_	linguistic	_	none	_	_	4x2	_	_	_
85-8	PST211	85	85	8	[insegna(to)].	insegnato	_	_	_	_	_	linguistic	_	none	Intonation=Falling	End=164.778	_	_	6-9(0)	0-9(34)
86-0	PST058	86	86	0	[eh	eh	_	_	_	_	_	linguistic	_	none	_	Begin=163.964	_	_	_	0-2(34)
86-1	PST058	86	86	1	la	la	_	_	_	_	_	linguistic	_	none	_	_	_	_	_	0-2(34)
86-2	PST058	86	86	2	bimba	bimba	_	_	_	_	_	linguistic	_	none	_	_	_	_	_	0-5(34)
86-3	PST058	86	86	3	lo]	lo	_	_	_	_	_	linguistic	_	none	_	_	_	_	_	0-2(34)
86-4	PST058	86	86	4	s:a:	sa	_	_	_	_	_	linguistic	_	none	PauseAfter=Yes	_	0x1,1x1	_	_	_
86-5	PST058	86	86	5	[{P}]	{P}	_	_	_	_	_	shortpause	_	none	_	_	_	_	_	0-3(35)
86-6	PST058	86	86	6	e	e	_	_	_	_	_	linguistic	_	none	_	_	_	_	_	_
86-7	PST058	86	86	7	lui:	lui	_	_	_	_	_	linguistic	_	none	_	End=166.459	2x1	_	_	_
87-0	PST211	87	87	0	[ah	ah	_	_	_	_	_	linguistic	_	none	_	Begin=165.405	_	_	_	0-2(35)
87-1	PST211	87	87	1	a:h],	ah	_	_	_	_	_	linguistic	_	none	Intonation=WeaklyRising	End=165.759	0x1	_	_	0-2(35)
88-0	PST211	88	88	0	vabbè	vabbè	_	_	_	_	_	linguistic	_	none	_	Begin=167.045	_	_	_	_
88-1	PST211	88	88	1	[certo	certo	_	_	_	_	_	linguistic	_	none	_	_	_	_	_	0-5(36)
88-2	PST211	88	88	2	sta	sta	_	_	_	_	_	linguistic	_	none	_	_	_	_	_	0-3(36)
88-3	PST211	88	88	3	ancora:]	ancora	_	_	_	_	_	linguistic	_	none	_	_	5x1	_	_	0-6(36)
88-4	PST211	88	88	4	{ride}	{ride}	_	_	_	_	_	nonverbalbehavior	_	none	_	_	_	_	_	_
88-5	PST211	88	88	5	sì	sì	_	_	_	_	_	linguistic	_	none	_	_	_	_	_	_
88-6	PST211	88	88	6	sì	sì	_	_	_	_	_	linguistic	_	none	_	_	_	_	_	_
88-7	PST211	88	88	7	è	è	_	_	_	_	_	linguistic	_	none	_	_	_	_	_	_
88-8	PST211	88	88	8	ancora	ancora	_	_	_	_	_	linguistic	_	none	_	_	_	_	_	_
88-9	PST211	88	88	9	piccolo.	piccolo	_	_	_	_	_	linguistic	_	none	Intonation=Falling	End=170.845	_	_	_	_
89-0	PST058	89	89	0	[eh	eh	_	_	_	_	_	linguistic	_	none	_	Begin=167.259	_	_	_	0-2(36)
89-1	PST058	89	89	1	no	no	_	_	_	_	_	linguistic	_	none	_	_	_	_	_	0-2(36)
89-2	PST058	89	89	2	c'	c'	_	_	_	_	_	linguistic	_	none	SpaceAfter=No	_	_	_	_	0-2(36)
89-3	PST058	89	89	3	ha	ha	_	_	_	_	_	linguistic	_	none	_	_	_	_	_	0-2(36)
89-4	PST058	89	89	4	un	un	_	_	_	_	_	linguistic	_	none	_	_	_	_	_	0-2(36)
89-5	PST058	89	89	5	anno]	anno	_	_	_	_	_	linguistic	_	none	_	_	_	_	_	0-4(36)
89-6	PST058	89	89	6	{ride}	{ride}	_	_	_	_	_	nonverbalbehavior	_	none	_	End=168.6	_	_	_	_
90-0	PST058	90	90	0	pe[rò:	però	_	_	_	_	_	linguistic	_	none	_	Begin=171.05	3x1	_	_	2-4(37)
90-1	PST058	90	90	1	ha	ha	_	_	_	_	_	linguistic	_	none	_	_	_	_	_	0-2(37)
90-2	PST058	90	90	2	im]parato	imparato	_	_	_	_	_	linguistic	_	none	_	_	_	_	_	0-2(37)
90-3	PST058	90	90	3	tanto	tanto	_	_	_	_	_	linguistic	_	none	_	_	_	_	_	_
90-4	PST058	90	90	4	ad[esso	adesso	_	_	_	_	_	linguistic	_	none	_	_	_	_	_	2-6(38)
90-5	PST058	90	90	5	anche	anche	_	_	_	_	_	linguistic	_	none	_	_	_	_	_	0-5(38)
90-6	PST058	90	90	6	qui:	qui	_	_	_	_	_	linguistic	_	none	_	_	2x1	_	_	0-3(38)
90-7	PST058	90	90	7	all'	all'	_	_	_	_	_	linguistic	_	none	SpaceAfter=No	_	_	_	_	0-4(38)
90-8	PST058	90	90	8	est]i:vo:	estivo	_	_	_	_	_	linguistic	_	none	_	_	3x1,5x1	_	_	0-3(38)
90-9	PST058	90	90	9	ha	ha	_	_	_	_	_	linguistic	_	none	_	_	_	_	_	_
90-10	PST058	90	90	10	imparato	imparato	_	_	_	_	_	linguistic	_	none	_	_	_	_	_	_
90-11	PST058	90	90	11	tante	tante	_	_	_	_	_	linguistic	_	none	_	_	_	_	_	_
90-12	PST058	90	90	12	cose	cose	_	_	_	_	_	linguistic	_	none	_	_	_	_	_	_
90-13	PST058	90	90	13	di[ciamo]::,	diciamo	_	_	_	_	_	linguistic	_	none	Intonation=WeaklyRising	End=176.777	6x2	_	_	1-7(39)
91-0	PST211	91	91	0	[e:h],	eh	_	_	_	_	_	linguistic	_	none	Intonation=WeaklyRising	Begin=171.159|End=171.445	0x1	_	_	0-2(37)
92-0	PST211	92	92	0	[a::h	ah	_	_	_	_	_	linguistic	_	none	PauseAfter=Yes	Begin=172.536	0x2	_	_	0-2(38)
92-1	PST211	92	92	1	{P}	{P}	_	_	_	_	_	shortpause	_	none	_	_	_	_	_	0-3(38)
92-2	PST211	92	92	2	a::h	ah	_	_	_	_	_	linguistic	_	none	_	_	0x2	_	_	0-2(38)
92-3	PST211	92	92	3	okay].	okay	_	_	_	_	_	linguistic	_	none	Intonation=Falling	End=173.792	_	_	_	0-4(38)
93-0	PST211	93	93	0	[mh	mh	_	_	_	_	_	linguistic	_	none	_	Begin=176.05	_	_	_	0-2(39)
93-1	PST211	93	93	1	m:h],	mh	_	_	_	_	_	linguistic	_	none	Intonation=WeaklyRising	End=176.395	0x1	_	_	0-2(39)
94-0	PST058	94	94	0	che	che	_	_	_	_	_	linguistic	_	none	_	Begin=176.927	_	_	_	_
94-1	PST058	94	94	1	ci	ci	_	_	_	_	_	linguistic	_	none	_	_	_	_	_	_
94-2	PST058	94	94	2	son~	son~	_	_	_	_	_	linguistic	_	none	Interrupted=Yes|PauseAfter=Yes	_	_	_	_	_
94-3	PST058	94	94	3	{P}	{P}	_	_	_	_	_	shortpause	_	none	_	_	_	_	_	_
94-4	PST058	94	94	4	i	i	_	_	_	_	_	linguistic	_	none	_	_	_	_	_	_
94-5	PST058	94	94	5	giochi	giochi	_	_	_	_	_	linguistic	_	none	_	_	_	_	_	_
94-6	PST058	94	94	6	tutto	tutto	_	_	_	_	_	linguistic	_	none	_	_	_	_	_	_
94-7	PST058	94	94	7	quello	quello	_	_	_	_	_	linguistic	_	none	_	_	_	_	_	_
94-8	PST058	94	94	8	che	che	_	_	_	_	_	linguistic	_	none	_	_	_	_	_	_
94-9	PST058	94	94	9	noi	noi	_	_	_	_	_	linguistic	_	none	_	_	_	_	_	_
94-10	PST058	94	94	10	non	non	_	_	_	_	_	linguistic	_	none	_	_	_	_	_	_
94-11	PST058	94	94	11	gli	gli	_	_	_	_	_	linguistic	_	none	_	_	_	_	_	_
94-12	PST058	94	94	12	spieghia[mo	spieghiamo	_	_	_	_	_	linguistic	_	none	_	_	_	_	_	8-10(40)
94-13	PST058	94	94	13	a	a	_	_	_	_	_	linguistic	_	none	_	_	_	_	_	0-1(40)
94-14	PST058	94	94	14	casa].	casa	_	_	_	_	_	linguistic	_	none	Intonation=Falling	End=181.181	_	_	_	0-4(40)
95-0	PST211	95	95	0	[ce:rto].	certo	_	_	_	_	_	linguistic	_	none	Intonation=Falling	Begin=180.514|End=181.186	1x1	_	_	0-5(40)
96-0	PST058	96	96	0	non::	non	_	_	_	_	_	linguistic	_	none	PauseAfter=Yes	Begin=181.341	2x2	_	_	_
96-1	PST058	96	96	1	{P}	{P}	_	_	_	_	_	shortpause	_	none	_	_	_	_	_	_
96-2	PST058	96	96	2	tanto.	tanto	_	_	_	_	_	linguistic	_	none	Intonation=Falling	End=182.793	_	_	_	_
97-0	PST211	97	97	0	mh	mh	_	_	_	_	_	linguistic	_	none	_	Begin=183.041	_	_	_	_
97-1	PST211	97	97	1	m:h?	mh	_	_	_	_	_	linguistic	_	none	Intonation=Rising	End=183.514	0x1	_	_	_
98-0	PST058	98	98	0	e:h	eh	_	_	_	_	_	linguistic	_	none	_	Begin=183.514	0x1	_	_	_
98-1	PST058	98	98	1	ha	ha	_	_	_	_	_	linguistic	_	none	_	_	_	_	_	_
98-2	PST058	98	98	2	imparato	imparato	_	_	_	_	_	linguistic	_	none	_	_	_	_	_	_
98-3	PST058	98	98	3	tanto	tanto	_	_	_	_	_	linguistic	_	none	_	_	_	_	_	_
98-4	PST058	98	98	4	[qua],	qua	_	_	_	_	_	linguistic	_	none	Intonation=WeaklyRising	End=184.932	_	_	_	0-3(41)
99-0	PST211	99	99	0	[mh]	mh	_	_	_	_	_	linguistic	_	none	_	Begin=184.782	_	_	_	0-2(41)
99-1	PST211	99	99	1	mh?	mh	_	_	_	_	_	linguistic	_	none	Intonation=Rising	End=185.2	_	_	_	_
100-0	PST211	100	100	0	e	e	_	_	_	_	_	linguistic	_	none	_	Begin=185.663	_	_	_	_
100-1	PST211	100	100	1	in	in	_	_	_	_	_	linguistic	_	none	_	_	_	_	_	_
100-2	PST211	100	100	2	casa	casa	_	_	_	_	_	linguistic	_	none	_	_	_	_	_	_
100-3	PST211	100	100	3	parlate:	parlate	_	_	_	_	_	linguistic	_	none	_	_	6x1	_	_	_
100-4	PST211	100	100	4	un	un	_	_	_	_	_	linguistic	_	none	_	_	_	_	_	_
100-5	PST211	100	100	5	po'	po'	_	_	_	_	_	linguistic	_	none	_	_	_	_	_	_
100-6	PST211	100	100	6	misto	misto	_	_	_	_	_	linguistic	_	none	_	_	_	_	_	_
100-7	PST211	100	100	7	anche	anche	_	_	_	_	_	linguistic	_	none	_	_	_	_	_	_
100-8	PST211	100	100	8	ita[liano	italiano	_	_	_	_	_	linguistic	_	none	_	_	_	_	_	3-8(42)
100-9	PST211	100	100	9	oppure:	oppure	_	_	_	_	_	linguistic	_	none	_	_	5x1	_	_	0-6(42)
100-10	PST211	100	100	10	sì:]	sì	_	_	_	_	_	linguistic	_	none	PauseAfter=Yes	_	1x1	_	_	0-2(42)
100-11	PST211	100	100	11	{P}	{P}	_	_	_	_	_	shortpause	_	none	_	_	_	_	_	_
100-12	PST211	100	100	12	mh	mh	_	_	_	_	_	linguistic	_	none	_	_	_	_	_	_
100-13	PST211	100	100	13	mh?	mh	_	_	_	_	_	linguistic	_	none	Intonation=Rising	End=190.536	_	_	_	_
101-0	PST058	101	101	0	[mi::sto	misto	_	_	_	_	_	linguistic	_	none	PauseAfter=Yes	Begin=188.027	1x2	_	_	0-5(42)
101-1	PST058	101	101	1	{P}	{P}	_	_	_	_	_	shortpause	_	none	_	_	_	_	_	0-3(42)
101-2	PST058	101	101	2	sì	sì	_	_	_	_	_	linguistic	_	none	_	_	_	_	_	0-2(42)
101-3	PST058	101	101	3	misto].	misto	_	_	_	_	_	linguistic	_	none	Intonation=Falling	End=189.986	_	_	_	0-5(42)
102-0	PST211	102	102	0	e:	e	_	_	_	_	_	linguistic	_	none	_	Begin=191.532	0x1	_	_	_
102-1	PST211	102	102	1	in	in	_	_	_	_	_	linguistic	_	none	_	_	_	_	_	_
102-2	PST211	102	102	2	diciamo:	diciamo	_	_	_	_	_	linguistic	_	none	_	_	6x1	_	_	_
102-3	PST211	102	102	3	vi	vi	_	_	_	_	_	linguistic	_	none	_	_	_	_	_	_
102-4	PST211	102	102	4	accorgete	accorgete	_	_	_	_	_	linguistic	_	none	_	_	_	_	_	_
102-5	PST211	102	102	5	oppure:	oppure	_	_	_	_	_	linguistic	_	none	PauseAfter=Yes	_	5x1	_	_	_
102-6	PST211	102	102	6	{P}	{P}	_	_	_	_	_	shortpause	_	none	_	_	_	_	_	_
102-7	PST211	102	102	7	quello	quello	_	_	_	_	_	linguistic	_	none	_	_	_	_	_	_
102-8	PST211	102	102	8	che	che	_	_	_	_	_	linguistic	_	none	_	_	_	_	_	_
102-9	PST211	102	102	9	viene	viene	_	_	_	_	_	linguistic	_	none	_	_	_	_	_	_
102-10	PST211	102	102	10	viene.	viene	_	_	_	_	_	linguistic	_	none	Intonation=Falling	End=195.708	_	_	_	_
103-0	PST058	103	103	0	e::hm::	ehm	_	_	_	_	_	linguistic	_	none	_	Begin=196.8	0x2,2x2	_	_	_
103-1	PST058	103	103	1	diciamo	diciamo	_	_	_	_	_	linguistic	_	none	_	_	_	_	_	_
103-2	PST058	103	103	2	che	che	_	_	_	_	_	linguistic	_	none	_	_	_	_	_	_
103-3	PST058	103	103	3	m::::h	mh	_	_	_	_	_	linguistic	_	none	_	End=199.2	0x4	_	_	_
104-0	PST058	104	104	0	mio	mio	_	_	_	_	_	linguistic	_	none	_	Begin=200.18	_	_	_	_
104-1	PST058	104	104	1	marito	marito	_	_	_	_	_	linguistic	_	none	_	_	_	_	_	_
104-2	PST058	104	104	2	parla	parla	_	_	_	_	_	linguistic	_	none	_	_	_	_	_	_
104-3	PST058	104	104	3	di	di	_	_	_	_	_	linguistic	_	none	_	_	_	_	_	_
104-4	PST058	104	104	4	p~	p~	_	_	_	_	_	linguistic	_	none	Interrupted=Yes|PauseAfter=Yes	_	_	_	_	_
104-5	PST058	104	104	5	{P}	{P}	_	_	_	_	_	shortpause	_	none	_	_	_	_	_	_
104-6	PST058	104	104	6	lui	lui	_	_	_	_	_	linguistic	_	none	_	_	_	_	_	_
104-7	PST058	104	104	7	ha	ha	_	_	_	_	_	linguistic	_	none	_	_	_	_	_	_
104-8	PST058	104	104	8	fatto	fatto	_	_	_	_	_	linguistic	_	none	_	_	_	_	_	_
104-9	PST058	104	104	9	la	la	_	_	_	_	_	linguistic	_	none	_	_	_	_	_	_
104-10	PST058	104	104	10	scuola	scuola	_	_	_	_	_	linguistic	_	none	_	_	_	_	_	_
104-11	PST058	104	104	11	qui.	qui	_	_	_	_	_	linguistic	_	none	Intonation=Falling	End=202.537	_	_	_	_
105-0	PST211	105	105	0	a[:h	ah	_	_	_	_	_	linguistic	_	none	_	Begin=202.537	0x1	_	_	1-2(43)
105-1	PST211	105	105	1	okay].	okay	_	_	_	_	_	linguistic	_	none	Intonation=Falling	End=203.218	_	_	_	0-4(43)
106-0	PST058	106	106	0	[quindi]	quindi	_	_	_	_	_	linguistic	_	none	_	Begin=202.776	_	_	_	0-6(43)
106-1	PST058	106	106	1	con	con	_	_	_	_	_	linguistic	_	none	_	_	_	_	_	_
106-2	PST058	106	106	2	lei	lei	_	_	_	_	_	linguistic	_	none	_	_	_	_	_	_
106-3	PST058	106	106	3	parla	parla	_	_	_	_	_	linguistic	_	none	_	_	_	_	_	_
106-4	PST058	106	106	4	meglio.	meglio	_	_	_	_	_	linguistic	_	none	Intonation=Falling	End=204.429	_	_	_	_
107-0	PST211	107	107	0	ah	ah	_	_	_	_	_	linguistic	_	none	_	Begin=204.615	_	_	_	_
107-1	PST211	107	107	1	ah,	ah	_	_	_	_	_	linguistic	_	none	Intonation=WeaklyRising	End=204.985	_	_	_	_
108-0	PST058	108	108	0	m:h	mh	_	_	_	_	_	linguistic	_	none	_	Begin=205.165	0x1	_	_	_
108-1	PST058	108	108	1	grammaticale	grammaticale	_	_	_	_	_	linguistic	_	none	_	_	_	_	_	_
108-2	PST058	108	108	2	e	e	_	_	_	_	_	linguistic	_	none	_	_	_	_	_	_
108-3	PST058	108	108	3	tu[tto	tutto	_	_	_	_	_	linguistic	_	none	_	_	_	_	_	2-5(44)
108-4	PST058	108	108	4	io	io	_	_	_	_	_	linguistic	_	none	_	_	_	_	_	0-2(44)
108-5	PST058	108	108	5	(quando)]	quando	_	_	_	_	_	linguistic	_	none	_	_	_	_	0-6(0)	0-6(44)
108-6	PST058	108	108	6	{ride}	{ride}	_	_	_	_	_	nonverbalbehavior	_	none	_	End=209.125	_	_	_	_
109-0	PST211	109	109	0	[ah	ah	_	_	_	_	_	linguistic	_	none	_	Begin=206.58	_	_	_	0-2(44)
109-1	PST211	109	109	1	a:h	ah	_	_	_	_	_	linguistic	_	none	PauseAfter=Yes	_	0x1	_	_	0-2(44)
109-2	PST211	109	109	2	{P}	{P}	_	_	_	_	_	shortpause	_	none	_	_	_	_	_	0-3(44)
109-3	PST211	109	109	3	vabbè]	vabbè	_	_	_	_	_	linguistic	_	none	_	_	_	_	_	0-5(44)
109-4	PST211	109	109	4	{ride}	{ride}	_	_	_	_	_	nonverbalbehavior	_	none	_	End=208.605	_	_	_	_
110-0	PST211	110	110	0	okay	okay	_	_	_	_	_	linguistic	_	none	_	Begin=209.39|End=209.91	_	_	_	_
111-0	PST211	111	111	0	e:hm::::	ehm	_	_	_	_	_	linguistic	_	none	_	Begin=210.44|End=211.639	0x1,2x4	_	_	_
112-0	PST211	112	112	0	come	come	_	_	_	_	_	linguistic	_	none	_	Begin=212.361	_	_	_	_
112-1	PST211	112	112	1	percepisci	percepisci	_	_	_	_	_	linguistic	_	none	_	_	_	_	_	_
112-2	PST211	112	112	2	adesso	adesso	_	_	_	_	_	linguistic	_	none	_	_	_	_	_	_
112-3	PST211	112	112	3	il	il	_	_	_	_	_	linguistic	_	none	_	_	_	_	_	_
112-4	PST211	112	112	4	tuo	tuo	_	_	_	_	_	linguistic	_	none	_	_	_	_	_	_
112-5	PST211	112	112	5	italiano	italiano	_	_	_	_	_	linguistic	_	none	_	_	_	_	_	_
112-6	PST211	112	112	6	c(io)è	cioè	_	_	_	_	_	linguistic	_	none	_	_	_	_	1-3(0)	_
112-7	PST211	112	112	7	m::h.	mh	_	_	_	_	_	linguistic	_	none	Intonation=Falling	End=215.147	0x2	_	_	_
113-0	PST058	113	113	0	ma:,	ma	_	_	_	_	_	linguistic	_	none	Intonation=WeaklyRising	Begin=215.15|End=215.52	1x1	_	_	_
114-0	PST058	114	114	0	diaci[amo:	diaciamo	_	_	_	_	_	linguistic	_	none	PauseAfter=Yes	Begin=215.85	7x1	_	_	5-8(45)
114-1	PST058	114	114	1	{P}]	{P}	_	_	_	_	_	shortpause	_	none	_	_	_	_	_	0-3(45)
114-2	PST058	114	114	2	così	così	_	_	_	_	_	linguistic	_	none	_	_	_	_	_	_
114-3	PST058	114	114	3	così	così	_	_	_	_	_	linguistic	_	none	_	_	_	_	_	_
114-4	PST058	114	114	4	{ride}	{ride}	_	_	_	_	_	nonverbalbehavior	_	none	_	_	_	_	_	_
114-5	PST058	114	114	5	[non	non	_	_	_	_	_	linguistic	_	none	_	_	_	_	_	0-3(46)
114-6	PST058	114	114	6	ta]nto::	tanto	_	_	_	_	_	linguistic	_	none	_	End=219.137	4x2	_	_	0-2(46)
115-0	PST211	115	115	0	[lo	lo	_	_	_	_	_	linguistic	_	none	_	Begin=216.05	_	_	_	0-2(45)
115-1	PST211	115	115	1	senti:]	senti	_	_	_	_	_	linguistic	_	none	_	End=216.923	4x1	_	_	0-5(45)
116-0	PST211	116	116	0	[okay]	okay	_	_	_	_	_	linguistic	_	none	_	Begin=218.017|End=218.468	_	_	_	0-4(46)
117-0	PST211	117	117	0	diciamo	diciamo	_	_	_	_	_	linguistic	_	none	_	Begin=219.505	_	_	_	_
117-1	PST211	117	117	1	però	però	_	_	_	_	_	linguistic	_	none	PauseAfter=Yes	_	_	_	_	_
117-2	PST211	117	117	2	{P}	{P}	_	_	_	_	_	shortpause	_	none	_	_	_	_	_	_
117-3	PST211	117	117	3	non	non	_	_	_	_	_	linguistic	_	none	_	_	_	_	_	_
117-4	PST211	117	117	4	ti	ti	_	_	_	_	_	linguistic	_	none	_	_	_	_	_	_
117-5	PST211	117	117	5	senti	senti	_	_	_	_	_	linguistic	_	none	_	_	_	_	_	_
117-6	PST211	117	117	6	di	di	_	_	_	_	_	linguistic	_	none	_	_	_	_	_	_
117-7	PST211	117	117	7	avere	avere	_	_	_	_	_	linguistic	_	none	_	_	_	_	_	_
117-8	PST211	117	117	8	difficoltà	difficoltà	_	_	_	_	_	linguistic	_	none	_	_	_	_	_	_
117-9	PST211	117	117	9	ad	ad	_	_	_	_	_	linguistic	_	none	_	_	_	_	_	_
117-10	PST211	117	117	10	esprimerti	esprimerti	_	_	_	_	_	linguistic	_	none	_	_	_	_	_	_
117-11	PST211	117	117	11	mag[ari	magari	_	_	_	_	_	linguistic	_	none	_	_	_	_	_	3-6(47)
117-12	PST211	117	117	12	oppure]:	oppure	_	_	_	_	_	linguistic	_	none	_	_	5x1	_	_	0-6(47)
117-13	PST211	117	117	13	okay.	okay	_	_	_	_	_	linguistic	_	none	Intonation=Falling	End=224.695	_	_	_	_
118-0	PST058	118	118	0	[no:	no	_	_	_	_	_	linguistic	_	none	_	Begin=223.16	1x1	_	_	0-2(47)
118-1	PST058	118	118	1	no	no	_	_	_	_	_	linguistic	_	none	_	_	_	_	_	0-2(47)
118-2	PST058	118	118	2	no].	no	_	_	_	_	_	linguistic	_	none	Intonation=Falling	End=224.04	_	_	_	0-2(47)
119-0	PST058	119	119	0	no	no	_	_	_	_	_	linguistic	_	none	_	Begin=224.91	_	_	_	_
119-1	PST058	119	119	1	no:	no	_	_	_	_	_	linguistic	_	none	_	End=225.57	1x1	_	_	_
120-0	PST211	120	120	0	m:h?	mh	_	_	_	_	_	linguistic	_	none	Intonation=Rising	Begin=225.71|End=226.14	0x1	_	_	_
121-0	PST211	121	121	0	e	e	_	_	_	_	_	linguistic	_	none	_	Begin=226.355	_	_	_	_
121-1	PST211	121	121	1	in	in	_	_	_	_	_	linguistic	_	none	_	_	_	_	_	_
121-2	PST211	121	121	2	romania	romania	_	_	_	_	_	linguistic	_	none	_	_	_	_	_	_
121-3	PST211	121	121	3	tornate?	tornate	_	_	_	_	_	linguistic	_	none	Intonation=Rising	End=227.455	_	_	_	_
122-0	PST058	122	122	0	s::~	s~	_	_	_	_	_	linguistic	_	none	Interrupted=Yes	Begin=227.885	0x2	_	_	_
122-1	PST058	122	122	1	e::hm:	ehm	_	_	_	_	_	linguistic	_	none	_	_	0x2,2x1	_	_	_
122-2	PST058	122	122	2	in	in	_	_	_	_	_	linguistic	_	none	_	_	_	_	_	_
122-3	PST058	122	122	3	v[acanza],	vacanza	_	_	_	_	_	linguistic	_	none	Intonation=WeaklyRising	End=230.318	_	_	_	1-7(48)
123-0	PST211	123	123	0	[eh	eh	_	_	_	_	_	linguistic	_	none	_	Begin=229.65	_	_	_	0-2(48)
123-1	PST211	123	123	1	sì:]	sì	_	_	_	_	_	linguistic	_	none	_	_	1x1	_	_	0-2(48)
123-2	PST211	123	123	2	e:h	eh	_	_	_	_	_	linguistic	_	none	_	_	0x1	_	_	_
123-3	PST211	123	123	3	okay[:]	okay	_	_	_	_	_	linguistic	_	none	_	End=231.135	3x1	_	_	_
124-0	PST058	124	124	0	[s]ì:	sì	_	_	_	_	_	linguistic	_	none	_	Begin=230.995	1x1	_	_	0-1(49)
124-1	PST058	124	124	1	[però:	però	_	_	_	_	_	linguistic	_	none	_	_	3x1	_	_	0-4(50)
124-2	PST058	124	124	2	xxx].	xxx	_	_	_	_	_	linguistic	_	none	Intonation=Falling	End=232.559	_	_	_	0-3(50)
125-0	PST211	125	125	0	[c(io)è	cioè	_	_	_	_	_	linguistic	_	none	_	Begin=231.43	_	_	1-3(0)	0-4(50)
125-1	PST211	125	125	1	dico	dico	_	_	_	_	_	linguistic	_	none	_	_	_	_	_	0-4(50)
125-2	PST211	125	125	2	abitualmente	abitualmente	_	_	_	_	_	linguistic	_	none	_	_	_	_	_	0-12(50)
125-3	PST211	125	125	3	o]gni	ogni	_	_	_	_	_	linguistic	_	none	_	_	_	_	_	0-1(50)
125-4	PST211	125	125	4	anno:	anno	_	_	_	_	_	linguistic	_	none	_	End=233.425	3x1	_	_	_
126-0	PST058	126	126	0	sì	sì	_	_	_	_	_	linguistic	_	none	_	Begin=233.435	_	_	_	_
126-1	PST058	126	126	1	sì	sì	_	_	_	_	_	linguistic	_	none	_	_	_	_	_	_
126-2	PST058	126	126	2	in	in	_	_	_	_	_	linguistic	_	none	_	_	_	_	_	_
126-3	PST058	126	126	3	vaca[nza	vacanza	_	_	_	_	_	linguistic	_	none	_	_	_	_	_	4-7(51)
126-4	PST058	126	126	4	però]	però	_	_	_	_	_	linguistic	_	none	_	_	_	_	_	0-4(51)
126-5	PST058	126	126	5	qua:	qua	_	_	_	_	_	linguistic	_	none	_	_	2x1	_	_	_
126-6	PST058	126	126	6	stiamo	stiamo	_	_	_	_	_	linguistic	_	none	_	_	_	_	_	_
126-7	PST058	126	126	7	qua.	qua	_	_	_	_	_	linguistic	_	none	Intonation=Falling	End=235.499	_	_	_	_
127-0	PST211	127	127	0	[ah	ah	_	_	_	_	_	linguistic	_	none	_	Begin=234.4	_	_	_	0-2(51)
127-1	PST211	127	127	1	ah],	ah	_	_	_	_	_	linguistic	_	none	Intonation=WeaklyRising	End=234.79	_	_	_	0-2(51)
128-0	PST211	128	128	0	ah	ah	_	_	_	_	_	linguistic	_	none	_	Begin=235.9	_	_	_	_
128-1	PST211	128	128	1	ah	ah	_	_	_	_	_	linguistic	_	none	_	End=236.215	_	_	_	_
129-0	PST211	129	129	0	e	e	_	_	_	_	_	linguistic	_	none	_	Begin=236.435	_	_	_	_
129-1	PST211	129	129	1	com'	com'	_	_	_	_	_	linguistic	_	none	SpaceAfter=No	_	_	_	_	_
129-2	PST211	129	129	2	è	è	_	_	_	_	_	linguistic	_	none	_	_	_	_	_	_
129-3	PST211	129	129	3	tornare	tornare	_	_	_	_	_	linguistic	_	none	_	_	_	_	_	_
129-4	PST211	129	129	4	in	in	_	_	_	_	_	linguistic	_	none	_	_	_	_	_	_
129-5	PST211	129	129	5	romania	romania	_	_	_	_	_	linguistic	_	none	_	_	_	_	_	_
129-6	PST211	129	129	6	ad	ad	_	_	_	_	_	linguistic	_	none	_	_	_	_	_	_
129-7	PST211	129	129	7	esempio	esempio	_	_	_	_	_	linguistic	_	none	_	_	_	_	_	_
129-8	PST211	129	129	8	tornare	tornare	_	_	_	_	_	linguistic	_	none	_	_	_	_	_	_
129-9	PST211	129	129	9	in	in	_	_	_	_	_	linguistic	_	none	_	_	_	_	_	_
129-10	PST211	129	129	10	un	un	_	_	_	_	_	linguistic	_	none	_	_	_	_	_	_
129-11	PST211	129	129	11	posto	posto	_	_	_	_	_	linguistic	_	none	_	_	_	_	_	_
129-12	PST211	129	129	12	dove	dove	_	_	_	_	_	linguistic	_	none	_	_	_	_	_	_
129-13	PST211	129	129	13	parli	parli	_	_	_	_	_	linguistic	_	none	_	_	_	_	_	_
129-14	PST211	129	129	14	sempre	sempre	_	_	_	_	_	linguistic	_	none	_	_	_	_	_	_
129-15	PST211	129	129	15	solo	solo	_	_	_	_	_	linguistic	_	none	_	_	_	_	_	_
129-16	PST211	129	129	16	romeno	romeno	_	_	_	_	_	linguistic	_	none	_	_	_	_	_	_
129-17	PST211	129	129	17	c(io)è	cioè	_	_	_	_	_	linguistic	_	none	_	_	_	_	0-3(0)	_
129-18	PST211	129	129	18	ti	ti	_	_	_	_	_	linguistic	_	none	_	_	_	_	_	_
129-19	PST211	129	129	19	mh	mh	_	_	_	_	_	linguistic	_	none	_	_	_	_	_	_
129-20	PST211	129	129	20	mh.	mh	_	_	_	_	_	linguistic	_	none	Intonation=Falling	End=241.339	_	_	_	_
130-0	PST058	130	130	0	e::h	eh	_	_	_	_	_	linguistic	_	none	_	Begin=241.335	0x2	_	_	_
130-1	PST058	130	130	1	guarda	guarda	_	_	_	_	_	linguistic	_	none	_	_	_	_	_	_
130-2	PST058	130	130	2	che::	che	_	_	_	_	_	linguistic	_	none	_	_	2x2	_	_	_
130-3	PST058	130	130	3	sono	sono	_	_	_	_	_	linguistic	_	none	_	_	_	_	_	_
130-4	PST058	130	130	4	strani	strani	_	_	_	_	_	linguistic	_	none	_	_	_	_	_	_
130-5	PST058	130	130	5	quando	quando	_	_	_	_	_	linguistic	_	none	_	_	_	_	_	_
130-6	PST058	130	130	6	andiamo	andiamo	_	_	_	_	_	linguistic	_	none	_	_	_	_	_	_
130-7	PST058	130	130	7	[noi	noi	_	_	_	_	_	linguistic	_	none	_	_	_	_	_	0-3(53)
130-8	PST058	130	130	8	in	in	_	_	_	_	_	linguistic	_	none	_	_	_	_	_	0-2(53)
130-9	PST058	130	130	9	rom]ania	romania	_	_	_	_	_	linguistic	_	none	_	_	_	_	_	0-3(53)
130-10	PST058	130	130	10	sì	sì	_	_	_	_	_	linguistic	_	none	_	_	_	_	_	_
130-11	PST058	130	130	11	sì	sì	_	_	_	_	_	linguistic	_	none	_	_	_	_	_	_
130-12	PST058	130	130	12	sì.	sì	_	_	_	_	_	linguistic	_	none	Intonation=Falling	End=245.523	_	_	_	_
131-0	PST211	131	131	0	[sì:]?	sì	_	_	_	_	_	linguistic	_	none	Intonation=Rising	Begin=244.095|End=244.5	1x1	_	_	0-2(53)
132-0	PST211	132	132	0	come	come	_	_	_	_	_	linguistic	_	none	_	Begin=245.523	_	_	_	_
132-1	PST211	132	132	1	ma:[i]?	mai	_	_	_	_	_	linguistic	_	none	Intonation=Rising	End=246.072	1x1	_	_	2-3(54)
133-0	PST058	133	133	0	[e]:h	eh	_	_	_	_	_	linguistic	_	none	_	Begin=245.96	0x1	_	_	0-1(54)
133-1	PST058	133	133	1	fino	fino	_	_	_	_	_	linguistic	_	none	_	_	_	_	_	_
133-2	PST058	133	133	2	a	a	_	_	_	_	_	linguistic	_	none	_	_	_	_	_	_
133-3	PST058	133	133	3	quando	quando	_	_	_	_	_	linguistic	_	none	_	_	_	_	_	_
133-4	PST058	133	133	4	ti	ti	_	_	_	_	_	linguistic	_	none	_	_	_	_	_	_
133-5	PST058	133	133	5	abitui	abitui	_	_	_	_	_	linguistic	_	none	_	_	_	_	_	_
133-6	PST058	133	133	6	perché:	perché	_	_	_	_	_	linguistic	_	none	_	_	5x1	_	_	_
133-7	PST058	133	133	7	dicono	dicono	_	_	_	_	_	linguistic	_	none	_	_	_	_	_	_
133-8	PST058	133	133	8	che	che	_	_	_	_	_	linguistic	_	none	_	_	_	_	_	_
133-9	PST058	133	133	9	siamo	siamo	_	_	_	_	_	linguistic	_	none	_	_	_	_	_	_
133-10	PST058	133	133	10	sempre:	sempre	_	_	_	_	_	linguistic	_	none	_	_	5x1	_	_	_
133-11	PST058	133	133	11	qua:	qua	_	_	_	_	_	linguistic	_	none	PauseAfter=Yes	_	2x1	_	_	_
133-12	PST058	133	133	12	{P}	{P}	_	_	_	_	_	shortpause	_	none	_	_	_	_	_	_
133-13	PST058	133	133	13	e:	e	_	_	_	_	_	linguistic	_	none	_	End=250.685	0x1	_	_	_
134-0	PST058	134	134	0	m::h	mh	_	_	_	_	_	linguistic	_	none	_	Begin=251.92	0x2	_	_	_
134-1	PST058	134	134	1	non	non	_	_	_	_	_	linguistic	_	none	_	_	_	_	_	_
134-2	PST058	134	134	2	so	so	_	_	_	_	_	linguistic	_	none	_	_	_	_	_	_
134-3	PST058	134	134	3	come	come	_	_	_	_	_	linguistic	_	none	_	_	_	_	_	_
134-4	PST058	134	134	4	si	si	_	_	_	_	_	linguistic	_	none	_	End=253.595	_	_	_	_
135-0	PST058	135	135	0	non	non	_	_	_	_	_	linguistic	_	none	_	Begin=256.601	_	_	_	_
135-1	PST058	135	135	1	ci	ci	_	_	_	_	_	linguistic	_	none	_	_	_	_	_	_
135-2	PST058	135	135	2	vedono	vedono	_	_	_	_	_	linguistic	_	none	_	_	_	_	_	_
135-3	PST058	135	135	3	con	con	_	_	_	_	_	linguistic	_	none	_	_	_	_	_	_
135-4	PST058	135	135	4	la	la	_	_	_	_	_	linguistic	_	none	_	_	_	_	_	_
135-5	PST058	135	135	5	stessa	stessa	_	_	_	_	_	linguistic	_	none	_	_	_	_	_	_
135-6	PST058	135	135	6	faccia	faccia	_	_	_	_	_	linguistic	_	none	_	_	_	_	_	_
135-7	PST058	135	135	7	{ride}	{ride}	_	_	_	_	_	nonverbalbehavior	_	none	_	_	_	_	_	_
135-8	PST058	135	135	8	[s]ì	sì	_	_	_	_	_	linguistic	_	none	_	_	_	_	_	0-1(55)
135-9	PST058	135	135	9	sì,	sì	_	_	_	_	_	linguistic	_	none	Intonation=WeaklyRising	End=259.673	_	_	_	_
136-0	PST211	136	136	0	[a:h	ah	_	_	_	_	_	linguistic	_	none	_	Begin=258.375	0x1	_	_	0-2(55)
136-1	PST211	136	136	1	okay].	okay	_	_	_	_	_	linguistic	_	none	Intonation=Falling	End=259.305	_	_	_	0-4(55)
137-0	PST211	137	137	0	ah	ah	_	_	_	_	_	linguistic	_	none	_	Begin=259.805	_	_	_	_
137-1	PST211	137	137	1	ah	ah	_	_	_	_	_	linguistic	_	none	_	End=260.135	_	_	_	_
138-0	PST211	138	138	0	c(io)è	cioè	_	_	_	_	_	linguistic	_	none	_	Begin=260.635	_	_	1-3(0)	_
138-1	PST211	138	138	1	è	è	_	_	_	_	_	linguistic	_	none	_	_	_	_	_	_
138-2	PST211	138	138	2	come	come	_	_	_	_	_	linguistic	_	none	_	_	_	_	_	_
138-3	PST211	138	138	3	se	se	_	_	_	_	_	linguistic	_	none	_	_	_	_	_	_
138-4	PST211	138	138	4	fossero	fossero	_	_	_	_	_	linguistic	_	none	_	_	_	_	_	_
138-5	PST211	138	138	5	offesi	offesi	_	_	_	_	_	linguistic	_	none	_	_	_	_	_	_
138-6	PST211	138	138	6	che	che	_	_	_	_	_	linguistic	_	none	_	_	_	_	_	_
138-7	PST211	138	138	7	[non	non	_	_	_	_	_	linguistic	_	none	_	_	_	_	_	0-3(56)
138-8	PST211	138	138	8	tornate	tornate	_	_	_	_	_	linguistic	_	none	_	_	_	_	_	0-7(56)
138-9	PST211	138	138	9	spesso].	spesso	_	_	_	_	_	linguistic	_	none	Intonation=Falling	End=263.671	_	_	_	0-6(56)
139-0	PST058	139	139	0	[s:ì:	sì	_	_	_	_	_	linguistic	_	none	PauseAfter=Yes	Begin=262.235	0x1,1x1	_	_	0-2(56)
139-1	PST058	139	139	1	{P}	{P}	_	_	_	_	_	shortpause	_	none	_	_	_	_	_	0-3(56)
139-2	PST058	139	139	2	e:]::h	eh	_	_	_	_	_	linguistic	_	none	_	_	0x3	_	_	0-1(56)
139-3	PST058	139	139	3	che:	che	_	_	_	_	_	linguistic	_	none	_	_	2x1	_	_	_
139-4	PST058	139	139	4	siamo	siamo	_	_	_	_	_	linguistic	_	none	_	_	_	_	_	_
139-5	PST058	139	139	5	un	un	_	_	_	_	_	linguistic	_	none	_	_	_	_	_	_
139-6	PST058	139	139	6	po':	po'	_	_	_	_	_	linguistic	_	none	_	_	1x1	_	_	_
139-7	PST058	139	139	7	più	più	_	_	_	_	_	linguistic	_	none	_	_	_	_	_	_
139-8	PST058	139	139	8	alti	alti	_	_	_	_	_	linguistic	_	none	_	_	_	_	_	_
139-9	PST058	139	139	9	[diciamo	diciamo	_	_	_	_	_	linguistic	_	none	_	_	_	_	_	0-7(57)
139-10	PST058	139	139	10	che	che	_	_	_	_	_	linguistic	_	none	_	_	_	_	_	0-3(57)
139-11	PST058	139	139	11	però	però	_	_	_	_	_	linguistic	_	none	_	_	_	_	_	0-4(57)
139-12	PST058	139	139	12	non	non	_	_	_	_	_	linguistic	_	none	_	_	_	_	_	0-3(57)
139-13	PST058	139	139	13	è	è	_	_	_	_	_	linguistic	_	none	_	_	_	_	_	0-1(57)
139-14	PST058	139	139	14	vero	vero	_	_	_	_	_	linguistic	_	none	_	_	_	_	_	0-4(57)
139-15	PST058	139	139	15	(non	non	_	_	_	_	_	linguistic	_	none	_	_	_	_	0-3(0)	0-3(57)
139-16	PST058	139	139	16	è,)]	è	_	_	_	_	_	linguistic	_	none	Intonation=WeaklyRising	End=268.64	_	_	0-1(0)	0-1(57)
140-0	PST211	140	140	0	[a:h	ah	_	_	_	_	_	linguistic	_	none	_	Begin=266.425	0x1	_	_	0-2(57)
140-1	PST211	140	140	1	a:h	ah	_	_	_	_	_	linguistic	_	none	_	_	0x1	_	_	0-2(57)
140-2	PST211	140	140	2	ah	ah	_	_	_	_	_	linguistic	_	none	PauseAfter=Yes	_	_	_	_	0-2(57)
140-3	PST211	140	140	3	{P}	{P}	_	_	_	_	_	shortpause	_	none	_	_	_	_	_	0-3(57)
140-4	PST211	140	140	4	e	e	_	_	_	_	_	linguistic	_	none	_	_	_	_	_	0-1(57)
140-5	PST211	140	140	5	beh:]	beh	_	_	_	_	_	linguistic	_	none	_	_	2x1	_	_	0-3(57)
140-6	PST211	140	140	6	certo	certo	_	_	_	_	_	linguistic	_	none	PauseAfter=Yes	_	_	_	_	_
140-7	PST211	140	140	7	{P}	{P}	_	_	_	_	_	shortpause	_	none	_	_	_	_	_	_
140-8	PST211	140	140	8	ah	ah	_	_	_	_	_	linguistic	_	none	_	_	_	_	_	_
140-9	PST211	140	140	9	ah,	ah	_	_	_	_	_	linguistic	_	none	Intonation=WeaklyRising	End=269.859	_	_	_	_
141-0	PST211	141	141	0	e:hm:	ehm	_	_	_	_	_	linguistic	_	none	_	Begin=270.33	0x1,2x1	_	_	_
141-1	PST211	141	141	1	tu	tu	_	_	_	_	_	linguistic	_	none	_	_	_	_	_	_
141-2	PST211	141	141	2	hai	hai	_	_	_	_	_	linguistic	_	none	_	_	_	_	_	_
141-3	PST211	141	141	3	studiato	studiato	_	_	_	_	_	linguistic	_	none	_	_	_	_	_	_
141-4	PST211	141	141	4	in	in	_	_	_	_	_	linguistic	_	none	_	_	_	_	_	_
141-5	PST211	141	141	5	romania?	romania	_	_	_	_	_	linguistic	_	none	Intonation=Rising	End=272.056	_	_	_	_
142-0	PST058	142	142	0	sì,	sì	_	_	_	_	_	linguistic	_	none	Intonation=WeaklyRising	Begin=272.285|End=272.555	_	_	_	_
143-0	PST211	143	143	0	che	che	_	_	_	_	_	linguistic	_	none	_	Begin=273.185	_	_	_	_
143-1	PST211	143	143	1	ti~	ti~	_	_	_	_	_	linguistic	_	none	Interrupted=Yes	_	_	_	_	_
143-2	PST211	143	143	2	[fino	fino	_	_	_	_	_	linguistic	_	none	_	_	_	_	_	0-4(58)
143-3	PST211	143	143	3	a	a	_	_	_	_	_	linguistic	_	none	_	_	_	_	_	0-1(58)
143-4	PST211	143	143	4	che::]	che	_	_	_	_	_	linguistic	_	none	_	End=274.596	2x2	_	_	0-3(58)
144-0	PST058	144	144	0	[e::hm	ehm	_	_	_	_	_	linguistic	_	none	_	Begin=273.734	0x2	_	_	0-3(58)
144-1	PST058	144	144	1	pane]ttiere,	panettiere	_	_	_	_	_	linguistic	_	none	Intonation=WeaklyRising	End=274.99	_	_	_	0-4(58)
145-0	PST211	145	145	0	a:h	ah	_	_	_	_	_	linguistic	_	none	_	Begin=275.155	0x1	_	_	_
145-1	PST211	145	145	1	okay.	okay	_	_	_	_	_	linguistic	_	none	Intonation=Falling	End=275.745	_	_	_	_
146-0	PST211	146	146	0	c(io)è	cioè	_	_	_	_	_	linguistic	_	none	_	Begin=276.33	_	_	1-3(0)	_
146-1	PST211	146	146	1	fino	fino	_	_	_	_	_	linguistic	_	none	_	_	_	_	_	_
146-2	PST211	146	146	2	alle	alle	_	_	_	_	_	linguistic	_	none	_	_	_	_	_	_
146-3	PST211	146	146	3	[superio:ri	superiori	_	_	_	_	_	linguistic	_	none	PauseAfter=Yes	_	6x1	_	_	0-9(59)
146-4	PST211	146	146	4	{P}	{P}	_	_	_	_	_	shortpause	_	none	_	_	_	_	_	0-3(59)
146-5	PST211	146	146	5	mh	mh	_	_	_	_	_	linguistic	_	none	_	_	_	_	_	0-2(59)
146-6	PST211	146	146	6	mh]?	mh	_	_	_	_	_	linguistic	_	none	Intonation=Rising	End=278.283	_	_	_	0-2(59)
147-0	PST058	147	147	0	[ehm	ehm	_	_	_	_	_	linguistic	_	none	_	Begin=276.765	_	_	_	0-3(59)
147-1	PST058	147	147	1	f:~	f~	_	_	_	_	_	linguistic	_	none	Interrupted=Yes	_	0x1	_	_	0-2(59)
147-2	PST058	147	147	2	sì:	sì	_	_	_	_	_	linguistic	_	none	PauseAfter=Yes	_	1x1	_	_	0-2(59)
147-3	PST058	147	147	3	{P}	{P}	_	_	_	_	_	shortpause	_	none	_	_	_	_	_	0-3(59)
147-4	PST058	147	147	4	sì	sì	_	_	_	_	_	linguistic	_	none	_	_	_	_	_	0-2(59)
147-5	PST058	147	147	5	sì	sì	_	_	_	_	_	linguistic	_	none	_	_	_	_	_	0-2(59)
147-6	PST058	147	147	6	sì].	sì	_	_	_	_	_	linguistic	_	none	Intonation=Falling	End=278.295	_	_	_	0-2(59)
148-0	PST211	148	148	0	e	e	_	_	_	_	_	linguistic	_	none	_	Begin=278.832	_	_	_	_
148-1	PST211	148	148	1	non	non	_	_	_	_	_	linguistic	_	none	_	_	_	_	_	_
148-2	PST211	148	148	2	sei	sei	_	_	_	_	_	linguistic	_	none	_	_	_	_	_	_
148-3	PST211	148	148	3	poi	poi	_	_	_	_	_	linguistic	_	none	_	_	_	_	_	_
148-4	PST211	148	148	4	riuscita	riuscita	_	_	_	_	_	linguistic	_	none	_	_	_	_	_	_
148-5	PST211	148	148	5	a	a	_	_	_	_	_	linguistic	_	none	_	_	_	_	_	_
148-6	PST211	148	148	6	trovare	trovare	_	_	_	_	_	linguistic	_	none	_	_	_	_	_	_
148-7	PST211	148	148	7	qui	qui	_	_	_	_	_	linguistic	_	none	_	_	_	_	_	_
148-8	PST211	148	148	8	il	il	_	_	_	_	_	linguistic	_	none	_	_	_	_	_	_
148-9	PST211	148	148	9	la[voro::],	lavoro	_	_	_	_	_	linguistic	_	none	Intonation=WeaklyRising	End=281.134	5x2	_	_	2-6(60)
149-0	PST058	149	149	0	[in	in	_	_	_	_	_	linguistic	_	none	_	Begin=280.495	_	_	_	0-2(60)
149-1	PST058	149	149	1	realtà	realtà	_	_	_	_	_	linguistic	_	none	_	_	_	_	_	0-6(60)
149-2	PST058	149	149	2	è]	è	_	_	_	_	_	linguistic	_	none	_	_	_	_	_	0-1(60)
149-3	PST058	149	149	3	un	un	_	_	_	_	_	linguistic	_	none	_	_	_	_	_	_
149-4	PST058	149	149	4	altro	altro	_	_	_	_	_	linguistic	_	none	_	_	_	_	_	_
149-5	PST058	149	149	5	modo	modo	_	_	_	_	_	linguistic	_	none	_	_	_	_	_	_
149-6	PST058	149	149	6	di	di	_	_	_	_	_	linguistic	_	none	_	_	_	_	_	_
149-7	PST058	149	149	7	fare	fare	_	_	_	_	_	linguistic	_	none	_	_	_	_	_	_
149-8	PST058	149	149	8	il	il	_	_	_	_	_	linguistic	_	none	_	_	_	_	_	_
149-9	PST058	149	149	9	pane	pane	_	_	_	_	_	linguistic	_	none	_	_	_	_	_	_
149-10	PST058	149	149	10	qu[indi:]	quindi	_	_	_	_	_	linguistic	_	none	_	_	5x1	_	_	2-6(61)
149-11	PST058	149	149	11	sì	sì	_	_	_	_	_	linguistic	_	none	_	_	_	_	_	_
149-12	PST058	149	149	12	sì	sì	_	_	_	_	_	linguistic	_	none	_	_	_	_	_	_
149-13	PST058	149	149	13	sì.	sì	_	_	_	_	_	linguistic	_	none	Intonation=Falling	End=284.132	_	_	_	_
150-0	PST211	150	150	0	[sì:]?	sì	_	_	_	_	_	linguistic	_	none	Intonation=Rising	Begin=283.015|End=283.515	1x1	_	_	0-2(61)
151-0	PST211	151	151	0	a:h	ah	_	_	_	_	_	linguistic	_	none	_	Begin=284.26|End=284.61	0x1	_	_	_
152-0	PST058	152	152	0	non	non	_	_	_	_	_	linguistic	_	none	_	Begin=284.66	_	_	_	_
152-1	PST058	152	152	1	è	è	_	_	_	_	_	linguistic	_	none	_	_	_	_	_	_
152-2	PST058	152	152	2	lo	lo	_	_	_	_	_	linguistic	_	none	_	_	_	_	_	_
152-3	PST058	152	152	3	ste:sso.	stesso	_	_	_	_	_	linguistic	_	none	Intonation=Falling	End=285.665	2x1	_	_	_
153-0	PST211	153	153	0	cas[pita].	caspita	_	_	_	_	_	linguistic	_	none	Intonation=Falling	Begin=285.99|End=286.481	_	_	_	3-7(62)
154-0	PST058	154	154	0	[dicia]mo	diciamo	_	_	_	_	_	linguistic	_	none	PauseAfter=Yes	Begin=286.16	_	_	_	0-5(62)
154-1	PST058	154	154	1	{P}	{P}	_	_	_	_	_	shortpause	_	none	_	_	_	_	_	_
154-2	PST058	154	154	2	sì	sì	_	_	_	_	_	linguistic	_	none	_	_	_	_	_	_
154-3	PST058	154	154	3	sì	sì	_	_	_	_	_	linguistic	_	none	PauseAfter=Yes	_	_	_	_	_
154-4	PST058	154	154	4	[{P}]	{P}	_	_	_	_	_	shortpause	_	none	_	_	_	_	_	0-3(63)
154-5	PST058	154	154	5	non	non	_	_	_	_	_	linguistic	_	none	_	_	_	_	_	_
154-6	PST058	154	154	6	è	è	_	_	_	_	_	linguistic	_	none	_	_	_	_	_	_
154-7	PST058	154	154	7	uguale.	uguale	_	_	_	_	_	linguistic	_	none	Intonation=Falling	End=288.015	_	_	_	_
155-0	PST211	155	155	0	[ah	ah	_	_	_	_	_	linguistic	_	none	_	Begin=286.99	_	_	_	0-2(63)
155-1	PST211	155	155	1	ah]?	ah	_	_	_	_	_	linguistic	_	none	Intonation=Rising	End=287.365	_	_	_	0-2(63)
156-0	PST058	156	156	0	ho	ho	_	_	_	_	_	linguistic	_	none	_	Begin=288.735	_	_	_	_
156-1	PST058	156	156	1	preso	preso	_	_	_	_	_	linguistic	_	none	_	_	_	_	_	_
156-2	PST058	156	156	2	la	la	_	_	_	_	_	linguistic	_	none	_	_	_	_	_	_
156-3	PST058	156	156	3	diploma	diploma	_	_	_	_	_	linguistic	_	none	_	_	_	_	_	_
156-4	PST058	156	156	4	tutto	tutto	_	_	_	_	_	linguistic	_	none	_	_	_	_	_	_
156-5	PST058	156	156	5	per	per	_	_	_	_	_	linguistic	_	none	_	_	_	_	_	_
156-6	PST058	156	156	6	farla:	farla	_	_	_	_	_	linguistic	_	none	_	_	4x1	_	_	_
156-7	PST058	156	156	7	tr~	tr~	_	_	_	_	_	linguistic	_	none	Interrupted=Yes	_	_	_	_	_
156-8	PST058	156	156	8	m::h	mh	_	_	_	_	_	linguistic	_	none	PauseAfter=Yes	_	0x2	_	_	_
156-9	PST058	156	156	9	{P}	{P}	_	_	_	_	_	shortpause	_	none	_	_	_	_	_	_
156-10	PST058	156	156	10	qua:	qua	_	_	_	_	_	linguistic	_	none	_	End=293.124	2x1	_	_	_
157-0	PST058	157	157	0	per:	per	_	_	_	_	_	linguistic	_	none	_	Begin=293.175	2x1	_	_	_
157-1	PST058	157	157	1	vedere	vedere	_	_	_	_	_	linguistic	_	none	_	_	_	_	_	_
157-2	PST058	157	157	2	ma	ma	_	_	_	_	_	linguistic	_	none	PauseAfter=Yes	_	_	_	_	_
157-3	PST058	157	157	3	{P}	{P}	_	_	_	_	_	shortpause	_	none	_	_	_	_	_	_
157-4	PST058	157	157	4	non	non	_	_	_	_	_	linguistic	_	none	_	_	_	_	_	_
157-5	PST058	157	157	5	è	è	_	_	_	_	_	linguistic	_	none	_	_	_	_	_	_
157-6	PST058	157	157	6	lo	lo	_	_	_	_	_	linguistic	_	none	_	_	_	_	_	_
157-7	PST058	157	157	7	stesso.	stesso	_	_	_	_	_	linguistic	_	none	Intonation=Falling	End=295.301	_	_	_	_
158-0	PST211	158	158	0	uh	uh	_	_	_	_	_	linguistic	_	none	_	Begin=295.325	_	_	_	_
158-1	PST211	158	158	1	caspita	caspita	_	_	_	_	_	linguistic	_	none	_	_	_	_	_	_
158-2	PST211	158	158	2	e	e	_	_	_	_	_	linguistic	_	none	_	_	_	_	_	_
158-3	PST211	158	158	3	a	a	_	_	_	_	_	linguistic	_	none	_	_	_	_	_	_
158-4	PST211	158	158	4	casa	casa	_	_	_	_	_	linguistic	_	none	_	_	_	_	_	_
158-5	PST211	158	158	5	però	però	_	_	_	_	_	linguistic	_	none	_	_	_	_	_	_
158-6	PST211	158	158	6	continui	continui	_	_	_	_	_	linguistic	_	none	_	_	_	_	_	_
158-7	PST211	158	158	7	lo	lo	_	_	_	_	_	linguistic	_	none	_	_	_	_	_	_
158-8	PST211	158	158	8	stesso	stesso	_	_	_	_	_	linguistic	_	none	_	_	_	_	_	_
158-9	PST211	158	158	9	a::	a	_	_	_	_	_	linguistic	_	none	_	_	0x2	_	_	_
158-10	PST211	158	158	10	cucinare,	cucinare	_	_	_	_	_	linguistic	_	none	Intonation=WeaklyRising	End=299.016	_	_	_	_
159-0	PST058	159	159	0	ma:	ma	_	_	_	_	_	linguistic	_	none	_	Begin=299.02	1x1	_	_	_
159-1	PST058	159	159	1	diciamo	diciamo	_	_	_	_	_	linguistic	_	none	_	_	_	_	_	_
159-2	PST058	159	159	2	di	di	_	_	_	_	_	linguistic	_	none	_	_	_	_	_	_
159-3	PST058	159	159	3	no	no	_	_	_	_	_	linguistic	_	none	_	_	_	_	_	_
159-4	PST058	159	159	4	{ride}	{ride}	_	_	_	_	_	nonverbalbehavior	_	none	_	_	_	_	_	_
159-5	PST058	159	159	5	[se:	se	_	_	_	_	_	linguistic	_	none	_	_	1x1	_	_	0-2(64)
159-6	PST058	159	159	6	sono:	sono	_	_	_	_	_	linguistic	_	none	_	_	3x1	_	_	0-4(64)
159-7	PST058	159	159	7	con	con	_	_	_	_	_	linguistic	_	none	_	_	_	_	_	0-3(64)
159-8	PST058	159	159	8	il	il	_	_	_	_	_	linguistic	_	none	_	_	_	_	_	0-2(64)
159-9	PST058	159	159	9	bimbo	bimbo	_	_	_	_	_	linguistic	_	none	_	_	_	_	_	0-5(64)
159-10	PST058	159	159	10	ehm	ehm	_	_	_	_	_	linguistic	_	none	_	_	_	_	_	0-3(64)
159-11	PST058	159	159	11	cucinare	cucinare	_	_	_	_	_	linguistic	_	none	_	_	_	_	_	0-8(64)
159-12	PST058	159	159	12	sì:	sì	_	_	_	_	_	linguistic	_	none	_	_	1x1	_	_	0-2(64)
159-13	PST058	159	159	13	però:	però	_	_	_	_	_	linguistic	_	none	PauseAfter=Yes	_	3x1	_	_	0-4(64)
159-14	PST058	159	159	14	{P}	{P}	_	_	_	_	_	shortpause	_	none	_	_	_	_	_	0-3(64)
159-15	PST058	159	159	15	sì	sì	_	_	_	_	_	linguistic	_	none	_	_	_	_	_	0-2(64)
159-16	PST058	159	159	16	sì]	sì	_	_	_	_	_	linguistic	_	none	_	End=305.46	_	_	_	0-2(64)
160-0	PST211	160	160	0	{ride}	{ride}	_	_	_	_	_	nonverbalbehavior	_	none	_	Begin=300.309	_	_	_	_
160-1	PST211	160	160	1	[no:	no	_	_	_	_	_	linguistic	_	none	_	_	1x1	_	_	0-2(?)
160-2	PST211	160	160	2	{ride}	{ride}	_	_	_	_	_	nonverbalbehavior	_	none	PauseAfter=Yes	_	_	_	_	0-6(?)
160-3	PST211	160	160	3	{P}	{P}	_	_	_	_	_	shortpause	_	none	_	_	_	_	_	0-3(?)
160-4	PST211	160	160	4	e:h	eh	_	_	_	_	_	linguistic	_	none	PauseAfter=Yes	_	0x1	_	_	0-2(?)
160-5	PST211	160	160	5	{P}	{P}	_	_	_	_	_	shortpause	_	none	_	_	_	_	_	0-3(?)
160-6	PST211	160	160	6	no	no	_	_	_	_	_	linguistic	_	none	_	_	_	_	_	0-2(?)
160-7	PST211	160	160	7	sì	sì	_	_	_	_	_	linguistic	_	none	_	_	_	_	_	0-2(?)
160-8	PST211	160	160	8	dico	dico	_	_	_	_	_	linguistic	_	none	_	_	_	_	_	0-4(?)
160-9	PST211	160	160	9	ma	ma	_	_	_	_	_	linguistic	_	none	_	_	_	_	_	0-2(?)
160-10	PST211	160	160	10	fare	fare	_	_	_	_	_	linguistic	_	none	_	_	_	_	_	0-4(?)
160-11	PST211	160	160	11	il	il	_	_	_	_	_	linguistic	_	none	_	_	_	_	_	0-2(?)
160-12	PST211	160	160	12	pane	pane	_	_	_	_	_	linguistic	_	none	_	_	_	_	_	0-4(?)
160-13	PST211	160	160	13	magari	magari	_	_	_	_	_	linguistic	_	none	_	_	_	_	_	0-6(?)
160-14	PST211	160	160	14	non	non	_	_	_	_	_	linguistic	_	none	_	_	_	_	_	0-3(?)
160-15	PST211	160	160	15	so]	so	_	_	_	_	_	linguistic	_	none	_	_	_	_	_	0-2(?)
160-16	PST211	160	160	16	se:	se	_	_	_	_	_	linguistic	_	none	_	End=306.15	1x1	_	_	_
161-0	PST058	161	161	0	[e:h]	eh	_	_	_	_	_	linguistic	_	none	_	Begin=305.93	0x1	_	_	0-2(65)
161-1	PST058	161	161	1	qualche	qualche	_	_	_	_	_	linguistic	_	none	_	_	_	_	_	_
161-2	PST058	161	161	2	volta	volta	_	_	_	_	_	linguistic	_	none	_	_	_	_	_	_
161-3	PST058	161	161	3	sì	sì	_	_	_	_	_	linguistic	_	none	_	End=307.1	_	_	_	_
162-0	PST211	162	162	0	ah	ah	_	_	_	_	_	linguistic	_	none	_	Begin=307.256	_	_	_	_
162-1	PST211	162	162	1	ah,	ah	_	_	_	_	_	linguistic	_	none	Intonation=WeaklyRising	End=307.65	_	_	_	_
163-0	PST211	163	163	0	e:	e	_	_	_	_	_	linguistic	_	none	_	Begin=307.938	0x1	_	_	_
163-1	PST211	163	163	1	cosa	cosa	_	_	_	_	_	linguistic	_	none	_	_	_	_	_	_
163-2	PST211	163	163	2	cucini	cucini	_	_	_	_	_	linguistic	_	none	_	_	_	_	_	_
163-3	PST211	163	163	3	cucini:	cucini	_	_	_	_	_	linguistic	_	none	_	_	5x1	_	_	_
163-4	PST211	163	163	4	tendenzialmente	tendenzialmente	_	_	_	_	_	linguistic	_	none	_	_	_	_	_	_
163-5	PST211	163	163	5	tipico	tipico	_	_	_	_	_	linguistic	_	none	_	_	_	_	_	_
163-6	PST211	163	163	6	rumeno	rumeno	_	_	_	_	_	linguistic	_	none	_	_	_	_	_	_
163-7	PST211	163	163	7	[oppure	oppure	_	_	_	_	_	linguistic	_	none	_	_	_	_	_	0-6(66)
163-8	PST211	163	163	8	anche:],	anche	_	_	_	_	_	linguistic	_	none	Intonation=WeaklyRising	End=312.305	4x1	_	_	0-5(66)
164-0	PST058	164	164	0	[rumeno	rumeno	_	_	_	_	_	linguistic	_	none	_	Begin=311.281	_	_	_	0-6(66)
164-1	PST058	164	164	1	le]	le	_	_	_	_	_	linguistic	_	none	_	_	_	_	_	0-2(66)
164-2	PST058	164	164	2	zu:ppe	zuppe	_	_	_	_	_	linguistic	_	none	_	_	1x1	_	_	_
164-3	PST058	164	164	3	quelli	quelli	_	_	_	_	_	linguistic	_	none	_	_	_	_	_	_
164-4	PST058	164	164	4	là:	là	_	_	_	_	_	linguistic	_	none	_	_	1x1	_	_	_
164-5	PST058	164	164	5	sì	sì	_	_	_	_	_	linguistic	_	none	_	_	_	_	_	_
164-6	PST058	164	164	6	rumeni.	rumeni	_	_	_	_	_	linguistic	_	none	Intonation=Falling	End=314.641	_	_	_	_
165-0	PST211	165	165	0	ah	ah	_	_	_	_	_	linguistic	_	none	_	Begin=314.669	_	_	_	_
165-1	PST211	165	165	1	[ah]?	ah	_	_	_	_	_	linguistic	_	none	Intonation=Rising	End=315.094	_	_	_	0-2(67)
166-0	PST058	166	166	0	[pe]rò:	però	_	_	_	_	_	linguistic	_	none	_	Begin=314.95	3x1	_	_	0-2(67)
166-1	PST058	166	166	1	la	la	_	_	_	_	_	linguistic	_	none	_	_	_	_	_	_
166-2	PST058	166	166	2	pasta	pasta	_	_	_	_	_	linguistic	_	none	_	_	_	_	_	_
166-3	PST058	166	166	3	tutto	tutto	_	_	_	_	_	linguistic	_	none	_	_	_	_	_	_
166-4	PST058	166	166	4	quello	quello	_	_	_	_	_	linguistic	_	none	PauseAfter=Yes	_	_	_	_	_
166-5	PST058	166	166	5	{P}	{P}	_	_	_	_	_	shortpause	_	none	_	_	_	_	_	_
166-6	PST058	166	166	6	che	che	_	_	_	_	_	linguistic	_	none	_	_	_	_	_	_
166-7	PST058	166	166	7	mangia	mangia	_	_	_	_	_	linguistic	_	none	_	_	_	_	_	_
166-8	PST058	166	166	8	la	la	_	_	_	_	_	linguistic	_	none	_	_	_	_	_	_
166-9	PST058	166	166	9	bimba	bimba	_	_	_	_	_	linguistic	_	none	_	_	_	_	_	_
166-10	PST058	166	166	10	[sì	sì	_	_	_	_	_	linguistic	_	none	PauseAfter=Yes	_	_	_	_	0-2(69)
166-11	PST058	166	166	11	{P}]	{P}	_	_	_	_	_	shortpause	_	none	_	_	_	_	_	0-3(69)
166-12	PST058	166	166	12	però::	però	_	_	_	_	_	linguistic	_	none	_	_	3x2	_	_	_
166-13	PST058	166	166	13	rumeno	rumeno	_	_	_	_	_	linguistic	_	none	_	_	_	_	_	_
166-14	PST058	166	166	14	{ride}	{ride}	_	_	_	_	_	nonverbalbehavior	_	none	PauseAfter=Yes	_	_	_	_	_
166-15	PST058	166	166	15	[{P}]	{P}	_	_	_	_	_	shortpause	_	none	_	_	_	_	_	0-3(68)
166-16	PST058	166	166	16	tanto	tanto	_	_	_	_	_	linguistic	_	none	_	End=322.88	_	_	_	_
167-0	PST211	167	167	0	[mh	mh	_	_	_	_	_	linguistic	_	none	_	Begin=318.347	_	_	_	0-2(69)
167-1	PST211	167	167	1	m:h	mh	_	_	_	_	_	linguistic	_	none	PauseAfter=Yes	_	0x1	_	_	0-2(69)
167-2	PST211	167	167	2	{P}]	{P}	_	_	_	_	_	shortpause	_	none	_	_	_	_	_	0-3(69)
167-3	PST211	167	167	3	{ride}	{ride}	_	_	_	_	_	nonverbalbehavior	_	none	_	End=319.707	_	_	_	_
168-0	PST211	168	168	0	[okay].	okay	_	_	_	_	_	linguistic	_	none	Intonation=Falling	Begin=321.46|End=322.173	_	_	_	0-4(68)
169-0	PST211	169	169	0	mh	mh	_	_	_	_	_	linguistic	_	none	_	Begin=323.06	_	_	_	_
169-1	PST211	169	169	1	mh	mh	_	_	_	_	_	linguistic	_	none	_	End=323.48	_	_	_	_
170-0	PST211	170	170	0	sì	sì	_	_	_	_	_	linguistic	_	none	_	Begin=324.427	_	_	_	_
170-1	PST211	170	170	1	sì	sì	_	_	_	_	_	linguistic	_	none	_	End=324.953	_	_	_	_
171-0	PST211	171	171	0	e::	e	_	_	_	_	_	linguistic	_	none	_	Begin=325.527	0x2	_	_	_
171-1	PST211	171	171	1	tuo	tuo	_	_	_	_	_	linguistic	_	none	_	_	_	_	_	_
171-2	PST211	171	171	2	marito	marito	_	_	_	_	_	linguistic	_	none	_	_	_	_	_	_
171-3	PST211	171	171	3	che	che	_	_	_	_	_	linguistic	_	none	_	_	_	_	_	_
171-4	PST211	171	171	4	lavoro	lavoro	_	_	_	_	_	linguistic	_	none	_	_	_	_	_	_
171-5	PST211	171	171	5	fa	fa	_	_	_	_	_	linguistic	_	none	_	_	_	_	_	_
171-6	PST211	171	171	6	invece?	invece	_	_	_	_	_	linguistic	_	none	Intonation=Rising	End=327.334	_	_	_	_
172-0	PST058	172	172	0	adesso	adesso	_	_	_	_	_	linguistic	_	none	_	Begin=327.64	_	_	_	_
172-1	PST058	172	172	1	fa:	fa	_	_	_	_	_	linguistic	_	none	_	_	1x1	_	_	_
172-2	PST058	172	172	2	il:	il	_	_	_	_	_	linguistic	_	none	_	_	1x1	_	_	_
172-3	PST058	172	172	3	corriere	corriere	_	_	_	_	_	linguistic	_	none	PauseAfter=Yes	_	_	_	_	_
172-4	PST058	172	172	4	{P}	{P}	_	_	_	_	_	shortpause	_	none	_	_	_	_	_	_
172-5	PST058	172	172	5	[e	e	_	_	_	_	_	linguistic	_	none	_	_	_	_	_	0-1(70)
172-6	PST058	172	172	6	ha	ha	_	_	_	_	_	linguistic	_	none	_	_	_	_	_	0-2(70)
172-7	PST058	172	172	7	f]atto	fatto	_	_	_	_	_	linguistic	_	none	_	_	_	_	_	0-1(70)
172-8	PST058	172	172	8	anche	anche	_	_	_	_	_	linguistic	_	none	_	_	_	_	_	_
172-9	PST058	172	172	9	il	il	_	_	_	_	_	linguistic	_	none	_	_	_	_	_	_
172-10	PST058	172	172	10	pizzaiolo.	pizzaiolo	_	_	_	_	_	linguistic	_	none	Intonation=Falling	End=331.071	_	_	_	_
173-0	PST211	173	173	0	[m:h],	mh	_	_	_	_	_	linguistic	_	none	Intonation=WeaklyRising	Begin=329.753|End=330.052	0x1	_	_	0-2(70)
174-0	PST211	174	174	0	ah	ah	_	_	_	_	_	linguistic	_	none	_	Begin=331.167	_	_	_	_
174-1	PST211	174	174	1	ah,	ah	_	_	_	_	_	linguistic	_	none	Intonation=WeaklyRising	End=331.507	_	_	_	_
175-0	PST058	175	175	0	[fa	fa	_	_	_	_	_	linguistic	_	none	_	Begin=331.687	_	_	_	0-2(71)
175-1	PST058	175	175	1	anche	anche	_	_	_	_	_	linguistic	_	none	_	_	_	_	_	0-5(71)
175-2	PST058	175	175	2	tutti	tutti	_	_	_	_	_	linguistic	_	none	_	_	_	_	_	0-5(71)
175-3	PST058	175	175	3	e	e	_	_	_	_	_	linguistic	_	none	_	_	_	_	_	0-1(71)
175-4	PST058	175	175	4	due]	due	_	_	_	_	_	linguistic	_	none	_	End=332.993	_	_	_	0-3(71)
176-0	PST211	176	176	0	[ma	ma	_	_	_	_	_	linguistic	_	none	_	Begin=331.69	_	_	_	0-2(71)
176-1	PST211	176	176	1	dicevi:	dicevi	_	_	_	_	_	linguistic	_	none	PauseAfter=Yes	_	5x1	_	_	0-6(71)
176-2	PST211	176	176	2	{P}]	{P}	_	_	_	_	_	shortpause	_	none	_	_	_	_	_	0-3(71)
176-3	PST211	176	176	3	lui	lui	_	_	_	_	_	linguistic	_	none	_	_	_	_	_	_
176-4	PST211	176	176	4	è	è	_	_	_	_	_	linguistic	_	none	_	_	_	_	_	_
176-5	PST211	176	176	5	qui	qui	_	_	_	_	_	linguistic	_	none	_	_	_	_	_	_
176-6	PST211	176	176	6	da	da	_	_	_	_	_	linguistic	_	none	_	_	_	_	_	_
176-7	PST211	176	176	7	più	più	_	_	_	_	_	linguistic	_	none	_	_	_	_	_	_
176-8	PST211	176	176	8	tempo	tempo	_	_	_	_	_	linguistic	_	none	_	_	_	_	_	_
176-9	PST211	176	176	9	quin[di]?	quindi	_	_	_	_	_	linguistic	_	none	Intonation=Rising	End=334.912	_	_	_	4-6(72)
177-0	PST058	177	177	0	[s]:ì:,	sì	_	_	_	_	_	linguistic	_	none	Intonation=WeaklyRising	Begin=334.713|End=335.375	0x1,1x1	_	_	0-1(72)
178-0	PST211	178	178	0	c(io)è	cioè	_	_	_	_	_	linguistic	_	none	_	Begin=335.747	_	_	1-3(0)	_
178-1	PST211	178	178	1	[l'	l'	_	_	_	_	_	linguistic	_	none	SpaceAfter=No	_	_	_	_	0-2(73)
178-2	PST211	178	178	2	hai	hai	_	_	_	_	_	linguistic	_	none	_	_	_	_	_	0-3(73)
178-3	PST211	178	178	3	co]nosciuto	conosciuto	_	_	_	_	_	linguistic	_	none	_	_	_	_	_	0-2(73)
178-4	PST211	178	178	4	qui:?	qui	_	_	_	_	_	linguistic	_	none	Intonation=Rising	End=336.841	2x1	_	_	_
179-0	PST058	179	179	0	[s:~]	s~	_	_	_	_	_	linguistic	_	none	Interrupted=Yes	Begin=335.895|End=336.145	0x1	_	_	0-2(73)
180-0	PST058	180	180	0	sì:,	sì	_	_	_	_	_	linguistic	_	none	Intonation=WeaklyRising	Begin=336.959|End=337.205	1x1	_	_	_
181-0	PST211	181	181	0	a:h	ah	_	_	_	_	_	linguistic	_	none	_	Begin=337.368	0x1	_	_	_
181-1	PST211	181	181	1	okay.	okay	_	_	_	_	_	linguistic	_	none	Intonation=Falling	End=337.858	_	_	_	_
182-0	PST058	182	182	0	sì	sì	_	_	_	_	_	linguistic	_	none	_	Begin=337.864	_	_	_	_
182-1	PST058	182	182	1	sì	sì	_	_	_	_	_	linguistic	_	none	_	End=338.264	_	_	_	_
183-0	PST058	183	183	0	e::hm	ehm	_	_	_	_	_	linguistic	_	none	_	Begin=338.576	0x2	_	_	_
183-1	PST058	183	183	1	aveva::	aveva	_	_	_	_	_	linguistic	_	none	_	_	4x2	_	_	_
183-2	PST058	183	183	2	nove	nove	_	_	_	_	_	linguistic	_	none	_	_	_	_	_	_
183-3	PST058	183	183	3	anni	anni	_	_	_	_	_	linguistic	_	none	_	_	_	_	_	_
183-4	PST058	183	183	4	quando:	quando	_	_	_	_	_	linguistic	_	none	_	End=340.9	5x1	_	_	_
184-0	PST211	184	184	0	a:h	ah	_	_	_	_	_	linguistic	_	none	_	Begin=340.914	0x1	_	_	_
184-1	PST211	184	184	1	okay	okay	_	_	_	_	_	linguistic	_	none	_	_	_	_	_	_
184-2	PST211	184	184	2	quindi::,	quindi	_	_	_	_	_	linguistic	_	none	Intonation=WeaklyRising	End=342.255	5x2	_	_	_
185-0	PST058	185	185	0	io	io	_	_	_	_	_	linguistic	_	none	_	Begin=342.385	_	_	_	_
185-1	PST058	185	185	1	sono	sono	_	_	_	_	_	linguistic	_	none	_	_	_	_	_	_
185-2	PST058	185	185	2	trenta	trenta	_	_	_	_	_	linguistic	_	none	_	End=343.169	_	_	_	_
186-0	PST211	186	186	0	eh	eh	_	_	_	_	_	linguistic	_	none	_	Begin=343.423	_	_	_	_
186-1	PST211	186	186	1	eh?	eh	_	_	_	_	_	linguistic	_	none	Intonation=Rising	End=343.829	_	_	_	_
187-0	PST211	187	187	0	e	e	_	_	_	_	_	linguistic	_	none	_	Begin=344.627	_	_	_	_
187-1	PST211	187	187	1	quindi	quindi	_	_	_	_	_	linguistic	_	none	_	_	_	_	_	_
187-2	PST211	187	187	2	anche	anche	_	_	_	_	_	linguistic	_	none	_	_	_	_	_	_
187-3	PST211	187	187	3	la	la	_	_	_	_	_	linguistic	_	none	_	_	_	_	_	_
187-4	PST211	187	187	4	famiglia	famiglia	_	_	_	_	_	linguistic	_	none	_	_	_	_	_	_
187-5	PST211	187	187	5	sua	sua	_	_	_	_	_	linguistic	_	none	_	_	_	_	_	_
187-6	PST211	187	187	6	è	è	_	_	_	_	_	linguistic	_	none	_	_	_	_	_	_
187-7	PST211	187	187	7	[qui:	qui	_	_	_	_	_	linguistic	_	none	_	_	2x1	_	_	0-3(74)
187-8	PST211	187	187	8	e::]	e	_	_	_	_	_	linguistic	_	none	PauseAfter=Yes	_	0x2	_	_	0-1(74)
187-9	PST211	187	187	9	{P}	{P}	_	_	_	_	_	shortpause	_	none	_	_	_	_	_	_
187-10	PST211	187	187	10	okay	okay	_	_	_	_	_	linguistic	_	none	PauseAfter=Yes	_	_	_	_	_
187-11	PST211	187	187	11	{P}	{P}	_	_	_	_	_	shortpause	_	none	_	_	_	_	_	_
187-12	PST211	187	187	12	ho	ho	_	_	_	_	_	linguistic	_	none	_	_	_	_	_	_
187-13	PST211	187	187	13	capito.	capito	_	_	_	_	_	linguistic	_	none	Intonation=Falling	End=348.748	_	_	_	_
188-0	PST058	188	188	0	[sì	sì	_	_	_	_	_	linguistic	_	none	_	Begin=346.145	_	_	_	0-2(74)
188-1	PST058	188	188	1	sì	sì	_	_	_	_	_	linguistic	_	none	_	_	_	_	_	0-2(74)
188-2	PST058	188	188	2	sono	sono	_	_	_	_	_	linguistic	_	none	_	_	_	_	_	0-4(74)
188-3	PST058	188	188	3	tutti	tutti	_	_	_	_	_	linguistic	_	none	_	_	_	_	_	0-5(74)
188-4	PST058	188	188	4	qua]	qua	_	_	_	_	_	linguistic	_	none	_	End=347.228	_	_	_	0-3(74)
189-0	PST211	189	189	0	e::hm:::	ehm	_	_	_	_	_	linguistic	_	none	_	Begin=349.895|End=351.396	0x2,2x3	_	_	_
190-0	PST211	190	190	0	diciamo	diciamo	_	_	_	_	_	linguistic	_	none	_	Begin=352.127	_	_	_	_
190-1	PST211	190	190	1	ci	ci	_	_	_	_	_	linguistic	_	none	_	_	_	_	_	_
190-2	PST211	190	190	2	sono	sono	_	_	_	_	_	linguistic	_	none	_	_	_	_	_	_
190-3	PST211	190	190	3	dei:	dei	_	_	_	_	_	linguistic	_	none	_	_	2x1	_	_	_
190-4	PST211	190	190	4	in	in	_	_	_	_	_	linguistic	_	none	_	_	_	_	_	_
190-5	PST211	190	190	5	casa	casa	_	_	_	_	_	linguistic	_	none	_	_	_	_	_	_
190-6	PST211	190	190	6	magari	magari	_	_	_	_	_	linguistic	_	none	_	_	_	_	_	_
190-7	PST211	190	190	7	noti	noti	_	_	_	_	_	linguistic	_	none	_	_	_	_	_	_
190-8	PST211	190	190	8	che	che	_	_	_	_	_	linguistic	_	none	_	_	_	_	_	_
190-9	PST211	190	190	9	ci	ci	_	_	_	_	_	linguistic	_	none	_	_	_	_	_	_
190-10	PST211	190	190	10	sono	sono	_	_	_	_	_	linguistic	_	none	_	_	_	_	_	_
190-11	PST211	190	190	11	delle	delle	_	_	_	_	_	linguistic	_	none	_	_	_	_	_	_
190-12	PST211	190	190	12	cose	cose	_	_	_	_	_	linguistic	_	none	_	End=355.622	_	_	_	_
191-0	PST211	191	191	0	di	di	_	_	_	_	_	linguistic	_	none	_	Begin=356.082	_	_	_	_
191-1	PST211	191	191	1	cui	cui	_	_	_	_	_	linguistic	_	none	_	_	_	_	_	_
191-2	PST211	191	191	2	parlate	parlate	_	_	_	_	_	linguistic	_	none	_	_	_	_	_	_
191-3	PST211	191	191	3	di	di	_	_	_	_	_	linguistic	_	none	_	_	_	_	_	_
191-4	PST211	191	191	4	più	più	_	_	_	_	_	linguistic	_	none	_	_	_	_	_	_
191-5	PST211	191	191	5	in	in	_	_	_	_	_	linguistic	_	none	_	_	_	_	_	_
191-6	PST211	191	191	6	italiano	italiano	_	_	_	_	_	linguistic	_	none	_	_	_	_	_	_
191-7	PST211	191	191	7	e	e	_	_	_	_	_	linguistic	_	none	_	_	_	_	_	_
191-8	PST211	191	191	8	altre	altre	_	_	_	_	_	linguistic	_	none	_	_	_	_	_	_
191-9	PST211	191	191	9	invece	invece	_	_	_	_	_	linguistic	_	none	_	_	_	_	_	_
191-10	PST211	191	191	10	di	di	_	_	_	_	_	linguistic	_	none	_	_	_	_	_	_
191-11	PST211	191	191	11	più	più	_	_	_	_	_	linguistic	_	none	_	_	_	_	_	_
191-12	PST211	191	191	12	che	che	_	_	_	_	_	linguistic	_	none	_	_	_	_	_	_
191-13	PST211	191	191	13	parlate	parlate	_	_	_	_	_	linguistic	_	none	_	_	_	_	_	_
191-14	PST211	191	191	14	in	in	_	_	_	_	_	linguistic	_	none	_	_	_	_	_	_
191-15	PST211	191	191	15	rumeno	rumeno	_	_	_	_	_	linguistic	_	none	_	_	_	_	_	_
191-16	PST211	191	191	16	magari	magari	_	_	_	_	_	linguistic	_	none	_	_	_	_	_	_
191-17	PST211	191	191	17	anche	anche	_	_	_	_	_	linguistic	_	none	_	_	_	_	_	_
191-18	PST211	191	191	18	con	con	_	_	_	_	_	linguistic	_	none	_	_	_	_	_	_
191-19	PST211	191	191	19	i	i	_	_	_	_	_	linguistic	_	none	_	_	_	_	_	_
191-20	PST211	191	191	20	bambini	bambini	_	_	_	_	_	linguistic	_	none	_	_	_	_	_	_
191-21	PST211	191	191	21	non	non	_	_	_	_	_	linguistic	_	none	_	_	_	_	_	_
191-22	PST211	191	191	22	so	so	_	_	_	_	_	linguistic	_	none	_	_	_	_	_	_
191-23	PST211	191	191	23	avete:	avete	_	_	_	_	_	linguistic	_	none	_	End=361.694	4x1	_	_	_
192-0	PST211	192	192	0	vedi	vedi	_	_	_	_	_	linguistic	_	none	_	Begin=362.295	_	_	_	_
192-1	PST211	192	192	1	[che	che	_	_	_	_	_	linguistic	_	none	_	_	_	_	_	0-3(75)
192-2	PST211	192	192	2	c'	c'	_	_	_	_	_	linguistic	_	none	SpaceAfter=No	_	_	_	_	0-2(75)
192-3	PST211	192	192	3	è	è	_	_	_	_	_	linguistic	_	none	_	_	_	_	_	0-1(75)
192-4	PST211	192	192	4	una	una	_	_	_	_	_	linguistic	_	none	_	_	_	_	_	0-3(75)
192-5	PST211	192	192	5	divisione],	divisione	_	_	_	_	_	linguistic	_	none	Intonation=WeaklyRising	End=363.598	_	_	_	0-9(75)
193-0	PST058	193	193	0	[s:ì:	sì	_	_	_	_	_	linguistic	_	none	_	Begin=362.48	0x1,1x1	_	_	0-2(?)
193-1	PST058	193	193	1	per	per	_	_	_	_	_	linguistic	_	none	_	_	_	_	_	0-3(?)
193-2	PST058	193	193	2	la	la	_	_	_	_	_	linguistic	_	none	_	_	_	_	_	0-2(?)
193-3	PST058	193	193	3	s]cuola	scuola	_	_	_	_	_	linguistic	_	none	_	_	_	_	_	0-1(?)
193-4	PST058	193	193	4	di	di	_	_	_	_	_	linguistic	_	none	_	_	_	_	_	_
193-5	PST058	193	193	5	@emily?	@emily	_	_	_	_	_	anonymized	_	none	Intonation=Rising	End=364.894	_	_	_	_
194-0	PST211	194	194	0	[a::h]?	ah	_	_	_	_	_	linguistic	_	none	Intonation=Rising	Begin=364.241|End=364.682	0x2	_	_	0-2(76)
195-0	PST058	195	195	0	e:::	e	_	_	_	_	_	linguistic	_	none	_	Begin=365.0|End=365.715	0x3	_	_	_
196-0	PST058	196	196	0	fa	fa	_	_	_	_	_	linguistic	_	none	_	Begin=366.42	_	_	_	_
196-1	PST058	196	196	1	lui	lui	_	_	_	_	_	linguistic	_	none	PauseAfter=Yes	_	_	_	_	_
196-2	PST058	196	196	2	{P}	{P}	_	_	_	_	_	shortpause	_	none	_	_	_	_	_	_
196-3	PST058	196	196	3	più	più	_	_	_	_	_	linguistic	_	none	_	_	_	_	_	_
196-4	PST058	196	196	4	i	i	_	_	_	_	_	linguistic	_	none	_	_	_	_	_	_
196-5	PST058	196	196	5	compi[ti	compiti	_	_	_	_	_	linguistic	_	none	_	_	_	_	_	5-7(77)
196-6	PST058	196	196	6	che]	che	_	_	_	_	_	linguistic	_	none	_	_	_	_	_	0-3(77)
196-7	PST058	196	196	7	lui	lui	_	_	_	_	_	linguistic	_	none	_	_	_	_	_	_
196-8	PST058	196	196	8	(si	si	_	_	_	_	_	linguistic	_	none	_	_	_	_	0-2(0)	_
196-9	PST058	196	196	9	ha)	ha	_	_	_	_	_	linguistic	_	none	_	_	_	_	0-2(0)	_
196-10	PST058	196	196	10	fatto	fatto	_	_	_	_	_	linguistic	_	none	_	_	_	_	_	_
196-11	PST058	196	196	11	la	la	_	_	_	_	_	linguistic	_	none	_	_	_	_	_	_
196-12	PST058	196	196	12	scuola	scuola	_	_	_	_	_	linguistic	_	none	_	_	_	_	_	_
196-13	PST058	196	196	13	qui:	qui	_	_	_	_	_	linguistic	_	none	PauseAfter=Yes	_	2x1	_	_	_
196-14	PST058	196	196	14	[{P}]	{P}	_	_	_	_	_	shortpause	_	none	_	_	_	_	_	0-3(78)
196-15	PST058	196	196	15	li	li	_	_	_	_	_	linguistic	_	none	_	_	_	_	_	_
196-16	PST058	196	196	16	sa	sa	_	_	_	_	_	linguistic	_	none	_	_	_	_	_	_
196-17	PST058	196	196	17	spiegare	spiegare	_	_	_	_	_	linguistic	_	none	_	_	_	_	_	_
196-18	PST058	196	196	18	meglio.	meglio	_	_	_	_	_	linguistic	_	none	Intonation=Falling	End=372.25	_	_	_	_
197-0	PST211	197	197	0	[ah	ah	_	_	_	_	_	linguistic	_	none	_	Begin=368.125	_	_	_	0-2(77)
197-1	PST211	197	197	1	ah]?	ah	_	_	_	_	_	linguistic	_	none	Intonation=Rising	End=368.508	_	_	_	0-2(77)
198-0	PST211	198	198	0	[okay]	okay	_	_	_	_	_	linguistic	_	none	_	Begin=370.16|End=370.765	_	_	_	0-4(78)
199-0	PST211	199	199	0	mh	mh	_	_	_	_	_	linguistic	_	none	_	Begin=372.37	_	_	_	_
199-1	PST211	199	199	1	mh?	mh	_	_	_	_	_	linguistic	_	none	Intonation=Rising	End=372.765	_	_	_	_
200-0	PST058	200	200	0	quindi::	quindi	_	_	_	_	_	linguistic	_	none	_	Begin=372.765	5x2	_	_	_
200-1	PST058	200	200	1	parliamo	parliamo	_	_	_	_	_	linguistic	_	none	_	_	_	_	_	_
200-2	PST058	200	200	2	mi	mi	_	_	_	_	_	linguistic	_	none	_	_	_	_	_	_
200-3	PST058	200	200	3	fa	fa	_	_	_	_	_	linguistic	_	none	_	_	_	_	_	_
200-4	PST058	200	200	4	capire	capire	_	_	_	_	_	linguistic	_	none	_	_	_	_	_	_
200-5	PST058	200	200	5	anche	anche	_	_	_	_	_	linguistic	_	none	_	_	_	_	_	_
200-6	PST058	200	200	6	a	a	_	_	_	_	_	linguistic	_	none	_	_	_	_	_	_
200-7	PST058	200	200	7	[me	me	_	_	_	_	_	linguistic	_	none	PauseAfter=Yes	_	_	_	_	0-2(79)
200-8	PST058	200	200	8	{P}]	{P}	_	_	_	_	_	shortpause	_	none	_	_	_	_	_	0-3(79)
200-9	PST058	200	200	9	delle	delle	_	_	_	_	_	linguistic	_	none	_	_	_	_	_	_
200-10	PST058	200	200	10	co:se	cose	_	_	_	_	_	linguistic	_	none	_	_	1x1	_	_	_
200-11	PST058	200	200	11	{ride}	{ride}	_	_	_	_	_	nonverbalbehavior	_	none	_	_	_	_	_	_
200-12	PST058	200	200	12	[dici]amo	diciamo	_	_	_	_	_	linguistic	_	none	_	_	_	_	_	0-4(80)
200-13	PST058	200	200	13	che:	che	_	_	_	_	_	linguistic	_	none	_	End=377.983	2x1	_	_	_
201-0	PST211	201	201	0	[okay]	okay	_	_	_	_	_	linguistic	_	none	_	Begin=375.29|End=375.863	_	_	_	0-4(79)
202-0	PST211	202	202	0	[eh	eh	_	_	_	_	_	linguistic	_	none	_	Begin=376.725	_	_	_	0-2(80)
202-1	PST211	202	202	1	eh],	eh	_	_	_	_	_	linguistic	_	none	Intonation=WeaklyRising	End=377.14	_	_	_	0-2(80)
203-0	PST058	203	203	0	è	è	_	_	_	_	_	linguistic	_	none	_	Begin=378.396	_	_	_	_
203-1	PST058	203	203	1	più::	più	_	_	_	_	_	linguistic	_	none	PauseAfter=Yes	_	2x2	_	_	_
203-2	PST058	203	203	2	{P}	{P}	_	_	_	_	_	shortpause	_	none	_	_	_	_	_	_
203-3	PST058	203	203	3	facile.	facile	_	_	_	_	_	linguistic	_	none	Intonation=Falling	End=380.385	_	_	_	_
204-0	PST211	204	204	0	ah	ah	_	_	_	_	_	linguistic	_	none	_	Begin=380.585	_	_	_	_
204-1	PST211	204	204	1	ah	ah	_	_	_	_	_	linguistic	_	none	_	End=380.94	_	_	_	_
205-0	PST058	205	205	0	non	non	_	_	_	_	_	linguistic	_	none	_	Begin=380.94	_	_	_	_
205-1	PST058	205	205	1	so	so	_	_	_	_	_	linguistic	_	none	PauseAfter=Yes	_	_	_	_	_
205-2	PST058	205	205	2	{P}	{P}	_	_	_	_	_	shortpause	_	none	_	_	_	_	_	_
205-3	PST058	205	205	3	più	più	_	_	_	_	_	linguistic	_	none	_	_	_	_	_	_
205-4	PST058	205	205	4	pratico.	pratico	_	_	_	_	_	linguistic	_	none	Intonation=Falling	End=382.183	_	_	_	_
206-0	PST211	206	206	0	mh	mh	_	_	_	_	_	linguistic	_	none	_	Begin=382.18	_	_	_	_
206-1	PST211	206	206	1	m:h	mh	_	_	_	_	_	linguistic	_	none	PauseAfter=Yes	_	0x1	_	_	_
206-2	PST211	206	206	2	{P}	{P}	_	_	_	_	_	shortpause	_	none	_	_	_	_	_	_
206-3	PST211	206	206	3	e	e	_	_	_	_	_	linguistic	_	none	_	_	_	_	_	_
206-4	PST211	206	206	4	tu:	tu	_	_	_	_	_	linguistic	_	none	_	_	1x1	_	_	_
206-5	PST211	206	206	5	c(io)è	cioè	_	_	_	_	_	linguistic	_	none	_	_	_	_	1-3(0)	_
206-6	PST211	206	206	6	diciamo	diciamo	_	_	_	_	_	linguistic	_	none	_	_	_	_	_	_
206-7	PST211	206	206	7	il	il	_	_	_	_	_	linguistic	_	none	_	_	_	_	_	_
206-8	PST211	206	206	8	corso	corso	_	_	_	_	_	linguistic	_	none	_	_	_	_	_	_
206-9	PST211	206	206	9	che	che	_	_	_	_	_	linguistic	_	none	_	_	_	_	_	_
206-10	PST211	206	206	10	hai	hai	_	_	_	_	_	linguistic	_	none	_	_	_	_	_	_
206-11	PST211	206	206	11	fatto	fatto	_	_	_	_	_	linguistic	_	none	_	_	_	_	_	_
206-12	PST211	206	206	12	tu	tu	_	_	_	_	_	linguistic	_	none	_	_	_	_	_	_
206-13	PST211	206	206	13	quando	quando	_	_	_	_	_	linguistic	_	none	_	_	_	_	_	_
206-14	PST211	206	206	14	sei	sei	_	_	_	_	_	linguistic	_	none	_	_	_	_	_	_
206-15	PST211	206	206	15	arrivata	arrivata	_	_	_	_	_	linguistic	_	none	_	_	_	_	_	_
206-16	PST211	206	206	16	ti	ti	_	_	_	_	_	linguistic	_	none	_	_	_	_	_	_
206-17	PST211	206	206	17	sembra	sembra	_	_	_	_	_	linguistic	_	none	_	_	_	_	_	_
206-18	PST211	206	206	18	che	che	_	_	_	_	_	linguistic	_	none	_	_	_	_	_	_
206-19	PST211	206	206	19	sia	sia	_	_	_	_	_	linguistic	_	none	_	_	_	_	_	_
206-20	PST211	206	206	20	stato	stato	_	_	_	_	_	linguistic	_	none	_	_	_	_	_	_
206-21	PST211	206	206	21	utile	utile	_	_	_	_	_	linguistic	_	none	_	_	_	_	_	_
206-22	PST211	206	206	22	oppure	oppure	_	_	_	_	_	linguistic	_	none	_	_	_	_	_	_
206-23	PST211	206	206	23	alla	alla	_	_	_	_	_	linguistic	_	none	_	_	_	_	_	_
206-24	PST211	206	206	24	fi[ne:],	fine	_	_	_	_	_	linguistic	_	none	Intonation=WeaklyRising	End=388.095	3x1	_	_	2-4(82)
207-0	PST058	207	207	0	[un	un	_	_	_	_	_	linguistic	_	none	_	Begin=387.695	_	_	_	0-2(82)
207-1	PST058	207	207	1	po':]	po'	_	_	_	_	_	linguistic	_	none	_	_	1x1	_	_	0-3(82)
207-2	PST058	207	207	2	sì:	sì	_	_	_	_	_	linguistic	_	none	_	_	1x1	_	_	_
207-3	PST058	207	207	3	però:::	però	_	_	_	_	_	linguistic	_	none	_	_	3x3	_	_	_
207-4	PST058	207	207	4	ho	ho	_	_	_	_	_	linguistic	_	none	_	_	_	_	_	_
207-5	PST058	207	207	5	imparato	imparato	_	_	_	_	_	linguistic	_	none	_	_	_	_	_	_
207-6	PST058	207	207	6	io	io	_	_	_	_	_	linguistic	_	none	_	_	_	_	_	_
207-7	PST058	207	207	7	dopo	dopo	_	_	_	_	_	linguistic	_	none	_	_	_	_	_	_
207-8	PST058	207	207	8	così:	così	_	_	_	_	_	linguistic	_	none	PauseAfter=Yes	_	3x1	_	_	_
207-9	PST058	207	207	9	[{P}]	{P}	_	_	_	_	_	shortpause	_	none	_	_	_	_	_	0-3(83)
207-10	PST058	207	207	10	mano	mano	_	_	_	_	_	linguistic	_	none	_	_	_	_	_	_
207-11	PST058	207	207	11	mano.	mano	_	_	_	_	_	linguistic	_	none	Intonation=Falling	End=393.82	_	_	_	_
208-0	PST211	208	208	0	[mh	mh	_	_	_	_	_	linguistic	_	none	_	Begin=392.705	_	_	_	0-2(83)
208-1	PST211	208	208	1	mh]	mh	_	_	_	_	_	linguistic	_	none	_	End=393.135	_	_	_	0-2(83)
209-0	PST211	209	209	0	okay	okay	_	_	_	_	_	linguistic	_	none	_	Begin=393.995	_	_	_	_
209-1	PST211	209	209	1	parlando	parlando	_	_	_	_	_	linguistic	_	none	_	_	_	_	_	_
209-2	PST211	209	209	2	con	con	_	_	_	_	_	linguistic	_	none	_	_	_	_	_	_
209-3	PST211	209	209	3	le	le	_	_	_	_	_	linguistic	_	none	_	_	_	_	_	_
209-4	PST211	209	209	4	[persone	persone	_	_	_	_	_	linguistic	_	none	_	_	_	_	_	0-7(84)
209-5	PST211	209	209	5	ascoltando	ascoltando	_	_	_	_	_	linguistic	_	none	PauseAfter=Yes	_	_	_	_	0-10(84)
209-6	PST211	209	209	6	{P}	{P}	_	_	_	_	_	shortpause	_	none	_	_	_	_	_	0-3(84)
209-7	PST211	209	209	7	ah].	ah	_	_	_	_	_	linguistic	_	none	Intonation=Falling	End=397.28	_	_	_	0-2(84)
210-0	PST058	210	210	0	[sì	sì	_	_	_	_	_	linguistic	_	none	_	Begin=395.15	_	_	_	0-2(84)
210-1	PST058	210	210	1	sì	sì	_	_	_	_	_	linguistic	_	none	_	_	_	_	_	0-2(84)
210-2	PST058	210	210	2	sì	sì	_	_	_	_	_	linguistic	_	none	_	_	_	_	_	0-2(84)
210-3	PST058	210	210	3	parlando	parlando	_	_	_	_	_	linguistic	_	none	_	_	_	_	_	0-8(84)
210-4	PST058	210	210	4	poi	poi	_	_	_	_	_	linguistic	_	none	_	_	_	_	_	0-3(84)
210-5	PST058	210	210	5	al]	al	_	_	_	_	_	linguistic	_	none	_	_	_	_	_	0-2(84)
210-6	PST058	210	210	6	lavoro:	lavoro	_	_	_	_	_	linguistic	_	none	PauseAfter=Yes	_	5x1	_	_	_
210-7	PST058	210	210	7	{P}	{P}	_	_	_	_	_	shortpause	_	none	_	_	_	_	_	_
210-8	PST058	210	210	8	(un	un	_	_	_	_	_	linguistic	_	none	_	_	_	_	_	_
210-9	PST058	210	210	9	[po']	po'	_	_	_	_	_	linguistic	_	none	_	End=398.681	_	_	_	0-3(85)
211-0	PST211	211	211	0	[ah	ah	_	_	_	_	_	linguistic	_	none	_	Begin=398.395	_	_	_	0-2(85)
211-1	PST211	211	211	1	ah]	ah	_	_	_	_	_	linguistic	_	none	_	End=398.685	_	_	_	0-2(85)
212-0	PST211	212	212	0	adesso	adesso	_	_	_	_	_	linguistic	_	none	_	Begin=399.18	_	_	_	_
212-1	PST211	212	212	1	lavori	lavori	_	_	_	_	_	linguistic	_	none	_	_	_	_	_	_
212-2	PST211	212	212	2	o	o	_	_	_	_	_	linguistic	_	none	_	_	_	_	_	_
212-3	PST211	212	212	3	sei	sei	_	_	_	_	_	linguistic	_	none	_	_	_	_	_	_
212-4	PST211	212	212	4	in	in	_	_	_	_	_	linguistic	_	none	_	_	_	_	_	_
212-5	PST211	212	212	5	maternità?	maternità	_	_	_	_	_	linguistic	_	none	Intonation=Rising	End=400.817	_	_	_	_
213-0	PST058	213	213	0	sono::	sono	_	_	_	_	_	linguistic	_	none	_	Begin=400.815	3x2	_	_	_
213-1	PST058	213	213	1	mh	mh	_	_	_	_	_	linguistic	_	none	_	_	_	_	_	_
213-2	PST058	213	213	2	sì	sì	_	_	_	_	_	linguistic	_	none	PauseAfter=Yes	_	_	_	_	_
213-3	PST058	213	213	3	{P}	{P}	_	_	_	_	_	shortpause	_	none	_	_	_	_	_	_
213-4	PST058	213	213	4	[diciamo].	diciamo	_	_	_	_	_	linguistic	_	none	Intonation=Falling	End=403.25	_	_	_	0-7(87)
214-0	PST211	214	214	0	[mh	mh	_	_	_	_	_	linguistic	_	none	_	Begin=402.66	_	_	_	0-2(87)
214-1	PST211	214	214	1	mh]	mh	_	_	_	_	_	linguistic	_	none	PauseAfter=Yes	_	_	_	_	0-2(87)
214-2	PST211	214	214	2	{P}	{P}	_	_	_	_	_	shortpause	_	none	_	_	_	_	_	_
214-3	PST211	214	214	3	okay	okay	_	_	_	_	_	linguistic	_	none	_	End=403.925	_	_	_	_
215-0	PST211	215	215	0	e::hm::	ehm	_	_	_	_	_	linguistic	_	none	PauseAfter=Yes	Begin=405.095	0x2,2x2	_	_	_
215-1	PST211	215	215	1	{P}	{P}	_	_	_	_	_	shortpause	_	none	_	_	_	_	_	_
215-2	PST211	215	215	2	e	e	_	_	_	_	_	linguistic	_	none	_	_	_	_	_	_
215-3	PST211	215	215	3	tipo	tipo	_	_	_	_	_	linguistic	_	none	_	_	_	_	_	_
215-4	PST211	215	215	4	leggere	leggere	_	_	_	_	_	linguistic	_	none	_	_	_	_	_	_
215-5	PST211	215	215	5	invece	invece	_	_	_	_	_	linguistic	_	none	_	_	_	_	_	_
215-6	PST211	215	215	6	guardare	guardare	_	_	_	_	_	linguistic	_	none	_	_	_	_	_	_
215-7	PST211	215	215	7	i	i	_	_	_	_	_	linguistic	_	none	_	_	_	_	_	_
215-8	PST211	215	215	8	film	film	_	_	_	_	_	linguistic	_	none	_	_	_	_	_	_
215-9	PST211	215	215	9	ascolare	ascolare	_	_	_	_	_	linguistic	_	none	_	_	_	_	_	_
215-10	PST211	215	215	10	la	la	_	_	_	_	_	linguistic	_	none	_	_	_	_	_	_
215-11	PST211	215	215	11	musica	musica	_	_	_	_	_	linguistic	_	none	_	_	_	_	_	_
215-12	PST211	215	215	12	in	in	_	_	_	_	_	linguistic	_	none	_	_	_	_	_	_
215-13	PST211	215	215	13	che	che	_	_	_	_	_	linguistic	_	none	_	_	_	_	_	_
215-14	PST211	215	215	14	lingua	lingua	_	_	_	_	_	linguistic	_	none	_	_	_	_	_	_
215-15	PST211	215	215	15	preferisci	preferisci	_	_	_	_	_	linguistic	_	none	_	_	_	_	_	_
215-16	PST211	215	215	16	farlo	farlo	_	_	_	_	_	linguistic	_	none	_	_	_	_	_	_
215-17	PST211	215	215	17	ti	ti	_	_	_	_	_	linguistic	_	none	_	_	_	_	_	_
215-18	PST211	215	215	18	>riesce<	riesce	_	_	_	_	_	linguistic	_	none	_	_	_	Fast=0-6(0)	_	_
215-19	PST211	215	215	19	viene	viene	_	_	_	_	_	linguistic	_	none	_	_	_	_	_	_
215-20	PST211	215	215	20	più:,	più	_	_	_	_	_	linguistic	_	none	Intonation=WeaklyRising	End=412.319	2x1	_	_	_
216-0	PST058	216	216	0	ma	ma	_	_	_	_	_	linguistic	_	none	_	Begin=412.618	_	_	_	_
216-1	PST058	216	216	1	diciamo::	diciamo	_	_	_	_	_	linguistic	_	none	_	_	6x2	_	_	_
216-2	PST058	216	216	2	l:~	l~	_	_	_	_	_	linguistic	_	none	Interrupted=Yes	_	0x1	_	_	_
216-3	PST058	216	216	3	la	la	_	_	_	_	_	linguistic	_	none	_	_	_	_	_	_
216-4	PST058	216	216	4	musica	musica	_	_	_	_	_	linguistic	_	none	_	_	_	_	_	_
216-5	PST058	216	216	5	anche	anche	_	_	_	_	_	linguistic	_	none	_	_	_	_	_	_
216-6	PST058	216	216	6	rumeno	rumeno	_	_	_	_	_	linguistic	_	none	_	_	_	_	_	_
216-7	PST058	216	216	7	anche	anche	_	_	_	_	_	linguistic	_	none	_	_	_	_	_	_
216-8	PST058	216	216	8	italiano	italiano	_	_	_	_	_	linguistic	_	none	_	_	_	_	_	_
216-9	PST058	216	216	9	[c'	c'	_	_	_	_	_	linguistic	_	none	SpaceAfter=No	_	_	_	_	0-2(88)
216-10	PST058	216	216	10	è]	è	_	_	_	_	_	linguistic	_	none	_	_	_	_	_	0-1(88)
216-11	PST058	216	216	11	la	la	_	_	_	_	_	linguistic	_	none	_	_	_	_	_	_
216-12	PST058	216	216	12	bimba	bimba	_	_	_	_	_	linguistic	_	none	_	_	_	_	_	_
216-13	PST058	216	216	13	che:.	che	_	_	_	_	_	linguistic	_	none	Intonation=Falling	End=417.79	2x1	_	_	_
217-0	PST211	217	217	0	[ah	ah	_	_	_	_	_	linguistic	_	none	_	Begin=416.671	_	_	_	0-2(88)
217-1	PST211	217	217	1	ah]	ah	_	_	_	_	_	linguistic	_	none	_	End=417.0	_	_	_	0-2(88)
218-0	PST211	218	218	0	ah	ah	_	_	_	_	_	linguistic	_	none	_	Begin=418.141	_	_	_	_
218-1	PST211	218	218	1	ah,	ah	_	_	_	_	_	linguistic	_	none	Intonation=WeaklyRising	End=418.482	_	_	_	_
219-0	PST058	219	219	0	poi:	poi	_	_	_	_	_	linguistic	_	none	_	Begin=418.488	2x1	_	_	_
219-1	PST058	219	219	1	i	i	_	_	_	_	_	linguistic	_	none	_	_	_	_	_	_
219-2	PST058	219	219	2	film	film	_	_	_	_	_	linguistic	_	none	_	_	_	_	_	_
219-3	PST058	219	219	3	guardiamo	guardiamo	_	_	_	_	_	linguistic	_	none	_	_	_	_	_	_
219-4	PST058	219	219	4	netflix	netflix	_	_	_	_	_	linguistic	_	none	_	_	_	_	_	_
219-5	PST058	219	219	5	{ride}	{ride}	_	_	_	_	_	nonverbalbehavior	_	none	_	End=421.153	_	_	_	_
220-0	PST211	220	220	0	{ride}	{ride}	_	_	_	_	_	nonverbalbehavior	_	none	PauseAfter=Yes	Begin=420.388	_	_	_	_
220-1	PST211	220	220	1	{P}	{P}	_	_	_	_	_	shortpause	_	none	_	_	_	_	_	_
220-2	PST211	220	220	2	in	in	_	_	_	_	_	linguistic	_	none	_	_	_	_	_	_
220-3	PST211	220	220	3	italiano:	italiano	_	_	_	_	_	linguistic	_	none	_	_	7x1	_	_	_
220-4	PST211	220	220	4	o	o	_	_	_	_	_	linguistic	_	none	_	_	_	_	_	_
220-5	PST211	220	220	5	[eh]	eh	_	_	_	_	_	linguistic	_	none	_	End=423.234	_	_	_	0-2(?)
221-0	PST058	221	221	0	[ita]liano.	italiano	_	_	_	_	_	linguistic	_	none	Intonation=Falling	Begin=423.029|End=423.575	_	_	_	0-3(?)
222-0	PST211	222	222	0	ah	ah	_	_	_	_	_	linguistic	_	none	_	Begin=423.571	_	_	_	_
222-1	PST211	222	222	1	ah	ah	_	_	_	_	_	linguistic	_	none	_	End=423.859	_	_	_	_
223-0	PST058	223	223	0	italiano	italiano	_	_	_	_	_	linguistic	_	none	_	Begin=423.859|End=424.352	_	_	_	_
224-0	PST211	224	224	0	okay	okay	_	_	_	_	_	linguistic	_	none	PauseAfter=Yes	Begin=424.352	_	_	_	_
224-1	PST211	224	224	1	{P}	{P}	_	_	_	_	_	shortpause	_	none	_	_	_	_	_	_
224-2	PST211	224	224	2	e:	e	_	_	_	_	_	linguistic	_	none	PauseAfter=Yes	_	0x1	_	_	_
224-3	PST211	224	224	3	{P}	{P}	_	_	_	_	_	shortpause	_	none	_	_	_	_	_	_
224-4	PST211	224	224	4	capisci	capisci	_	_	_	_	_	linguistic	_	none	_	_	_	_	_	_
224-5	PST211	224	224	5	tutto	tutto	_	_	_	_	_	linguistic	_	none	_	_	_	_	_	_
224-6	PST211	224	224	6	hai[:],	hai	_	_	_	_	_	linguistic	_	none	Intonation=WeaklyRising	End=427.311	2x1	_	_	_
225-0	PST058	225	225	0	[sì	sì	_	_	_	_	_	linguistic	_	none	_	Begin=426.947	_	_	_	0-2(92)
225-1	PST058	225	225	1	sì]	sì	_	_	_	_	_	linguistic	_	none	PauseAfter=Yes	_	_	_	_	0-2(92)
225-2	PST058	225	225	2	{P}	{P}	_	_	_	_	_	shortpause	_	none	_	_	_	_	_	_
225-3	PST058	225	225	3	e::	e	_	_	_	_	_	linguistic	_	none	_	_	0x2	_	_	_
225-4	PST058	225	225	4	voglio	voglio	_	_	_	_	_	linguistic	_	none	_	_	_	_	_	_
225-5	PST058	225	225	5	anche	anche	_	_	_	_	_	linguistic	_	none	_	_	_	_	_	_
225-6	PST058	225	225	6	capire,	capire	_	_	_	_	_	linguistic	_	none	Intonation=WeaklyRising	End=429.301	_	_	_	_
226-0	PST211	226	226	0	mh	mh	_	_	_	_	_	linguistic	_	none	_	Begin=429.3	_	_	_	_
226-1	PST211	226	226	1	m:h?	mh	_	_	_	_	_	linguistic	_	none	Intonation=Rising	End=429.865	0x1	_	_	_
227-0	PST058	227	227	0	un	un	_	_	_	_	_	linguistic	_	none	_	Begin=429.871	_	_	_	_
227-1	PST058	227	227	1	po':	po'	_	_	_	_	_	linguistic	_	none	_	_	1x1	_	_	_
227-2	PST058	227	227	2	però	però	_	_	_	_	_	linguistic	_	none	PauseAfter=Yes	_	_	_	_	_
227-3	PST058	227	227	3	{P}	{P}	_	_	_	_	_	shortpause	_	none	_	_	_	_	_	_
227-4	PST058	227	227	4	che	che	_	_	_	_	_	linguistic	_	none	_	_	_	_	_	_
227-5	PST058	227	227	5	se	se	_	_	_	_	_	linguistic	_	none	_	_	_	_	_	_
227-6	PST058	227	227	6	non	non	_	_	_	_	_	linguistic	_	none	_	_	_	_	_	_
227-7	PST058	227	227	7	parli	parli	_	_	_	_	_	linguistic	_	none	_	_	_	_	_	_
227-8	PST058	227	227	8	tanto	tanto	_	_	_	_	_	linguistic	_	none	_	_	_	_	_	_
227-9	PST058	227	227	9	italiano	italiano	_	_	_	_	_	linguistic	_	none	_	_	_	_	_	_
227-10	PST058	227	227	10	non:	non	_	_	_	_	_	linguistic	_	none	PauseAfter=Yes	_	2x1	_	_	_
227-11	PST058	227	227	11	{P}	{P}	_	_	_	_	_	shortpause	_	none	_	_	_	_	_	_
227-12	PST058	227	227	12	dimentichi	dimentichi	_	_	_	_	_	linguistic	_	none	_	_	_	_	_	_
227-13	PST058	227	227	13	subito	subito	_	_	_	_	_	linguistic	_	none	_	End=434.874	_	_	_	_
228-0	PST211	228	228	0	certo	certo	_	_	_	_	_	linguistic	_	none	_	Begin=435.226	_	_	_	_
228-1	PST211	228	228	1	sì	sì	_	_	_	_	_	linguistic	_	none	_	_	_	_	_	_
228-2	PST211	228	228	2	sì.	sì	_	_	_	_	_	linguistic	_	none	Intonation=Falling	End=436.288	_	_	_	_
229-0	PST211	229	229	0	e::hm:	ehm	_	_	_	_	_	linguistic	_	none	_	Begin=437.006	0x2,2x1	_	_	_
229-1	PST211	229	229	1	e	e	_	_	_	_	_	linguistic	_	none	_	_	_	_	_	_
229-2	PST211	229	229	2	d~	d~	_	_	_	_	_	linguistic	_	none	Interrupted=Yes	_	_	_	_	_
229-3	PST211	229	229	3	mh	mh	_	_	_	_	_	linguistic	_	none	_	_	_	_	_	_
229-4	PST211	229	229	4	fuori	fuori	_	_	_	_	_	linguistic	_	none	_	_	_	_	_	_
229-5	PST211	229	229	5	diciamo	diciamo	_	_	_	_	_	linguistic	_	none	_	_	_	_	_	_
229-6	PST211	229	229	6	da	da	_	_	_	_	_	linguistic	_	none	_	_	_	_	_	_
229-7	PST211	229	229	7	casa	casa	_	_	_	_	_	linguistic	_	none	_	_	_	_	_	_
229-8	PST211	229	229	8	vostra	vostra	_	_	_	_	_	linguistic	_	none	_	_	_	_	_	_
229-9	PST211	229	229	9	ci	ci	_	_	_	_	_	linguistic	_	none	_	_	_	_	_	_
229-10	PST211	229	229	10	sono	sono	_	_	_	_	_	linguistic	_	none	_	_	_	_	_	_
229-11	PST211	229	229	11	degli	degli	_	_	_	_	_	linguistic	_	none	_	_	_	_	_	_
229-12	PST211	229	229	12	ambienti	ambienti	_	_	_	_	_	linguistic	_	none	_	_	_	_	_	_
229-13	PST211	229	229	13	in	in	_	_	_	_	_	linguistic	_	none	_	_	_	_	_	_
229-14	PST211	229	229	14	cui	cui	_	_	_	_	_	linguistic	_	none	_	_	_	_	_	_
229-15	PST211	229	229	15	parlate:	parlate	_	_	_	_	_	linguistic	_	none	_	_	6x1	_	_	_
229-16	PST211	229	229	16	romeno.	romeno	_	_	_	_	_	linguistic	_	none	Intonation=Falling	End=441.913	_	_	_	_
230-0	PST058	230	230	0	sì:	sì	_	_	_	_	_	linguistic	_	none	_	Begin=442.288|End=442.612	1x1	_	_	_
231-0	PST211	231	231	0	[avete	avete	_	_	_	_	_	linguistic	_	none	_	Begin=442.835	_	_	_	0-5(94)
231-1	PST211	231	231	1	amici:	amici	_	_	_	_	_	linguistic	_	none	_	_	4x1	_	_	0-5(94)
231-2	PST211	231	231	2	ah	ah	_	_	_	_	_	linguistic	_	none	_	_	_	_	_	0-2(94)
231-3	PST211	231	231	3	okay]	okay	_	_	_	_	_	linguistic	_	none	_	End=444.835	_	_	_	0-4(94)
232-0	PST058	232	232	0	[tutt~	tutt~	_	_	_	_	_	linguistic	_	none	Interrupted=Yes|PauseAfter=Yes	Begin=442.835	_	_	_	0-5(94)
232-1	PST058	232	232	1	{P}	{P}	_	_	_	_	_	shortpause	_	none	_	_	_	_	_	0-3(94)
232-2	PST058	232	232	2	tu:tti	tutti	_	_	_	_	_	linguistic	_	none	_	_	1x1	_	_	0-5(94)
232-3	PST058	232	232	3	le	le	_	_	_	_	_	linguistic	_	none	_	_	_	_	_	0-2(94)
232-4	PST058	232	232	4	mie	mie	_	_	_	_	_	linguistic	_	none	_	_	_	_	_	0-3(94)
232-5	PST058	232	232	5	s]ore:lle	sorelle	_	_	_	_	_	linguistic	_	none	_	_	3x1	_	_	0-1(94)
232-6	PST058	232	232	6	quando	quando	_	_	_	_	_	linguistic	_	none	_	_	_	_	_	_
232-7	PST058	232	232	7	usciamo	usciamo	_	_	_	_	_	linguistic	_	none	_	_	_	_	_	_
232-8	PST058	232	232	8	parliamo	parliamo	_	_	_	_	_	linguistic	_	none	_	_	_	_	_	_
232-9	PST058	232	232	9	rumeno	rumeno	_	_	_	_	_	linguistic	_	none	_	_	_	_	_	_
232-10	PST058	232	232	10	infatti	infatti	_	_	_	_	_	linguistic	_	none	_	_	_	_	_	_
232-11	PST058	232	232	11	adesso	adesso	_	_	_	_	_	linguistic	_	none	_	_	_	_	_	_
232-12	PST058	232	232	12	che	che	_	_	_	_	_	linguistic	_	none	_	_	_	_	_	_
232-13	PST058	232	232	13	sono	sono	_	_	_	_	_	linguistic	_	none	_	_	_	_	_	_
232-14	PST058	232	232	14	stata	stata	_	_	_	_	_	linguistic	_	none	_	_	_	_	_	_
232-15	PST058	232	232	15	un	un	_	_	_	_	_	linguistic	_	none	_	_	_	_	_	_
232-16	PST058	232	232	16	anno	anno	_	_	_	_	_	linguistic	_	none	_	_	_	_	_	_
232-17	PST058	232	232	17	a	a	_	_	_	_	_	linguistic	_	none	_	_	_	_	_	_
232-18	PST058	232	232	18	casa	casa	_	_	_	_	_	linguistic	_	none	_	_	_	_	_	_
232-19	PST058	232	232	19	che	che	_	_	_	_	_	linguistic	_	none	_	_	_	_	_	_
232-20	PST058	232	232	20	non	non	_	_	_	_	_	linguistic	_	none	_	_	_	_	_	_
232-21	PST058	232	232	21	ho	ho	_	_	_	_	_	linguistic	_	none	_	_	_	_	_	_
232-22	PST058	232	232	22	parlato	parlato	_	_	_	_	_	linguistic	_	none	_	_	_	_	_	_
232-23	PST058	232	232	23	con	con	_	_	_	_	_	linguistic	_	none	_	_	_	_	_	_
232-24	PST058	232	232	24	nessuno	nessuno	_	_	_	_	_	linguistic	_	none	PauseAfter=Yes	_	_	_	_	_
232-25	PST058	232	232	25	{P}	{P}	_	_	_	_	_	shortpause	_	none	_	_	_	_	_	_
232-26	PST058	232	232	26	così:	così	_	_	_	_	_	linguistic	_	none	_	_	3x1	_	_	_
232-27	PST058	232	232	27	sì:.	sì	_	_	_	_	_	linguistic	_	none	Intonation=Falling	End=452.497	1x1	_	_	_
233-0	PST058	233	233	0	già	già	_	_	_	_	_	linguistic	_	none	_	Begin=453.335	_	_	_	_
233-1	PST058	233	233	1	è	è	_	_	_	_	_	linguistic	_	none	_	_	_	_	_	_
233-2	PST058	233	233	2	così	così	_	_	_	_	_	linguistic	_	none	_	_	_	_	_	_
233-3	PST058	233	233	3	che	che	_	_	_	_	_	linguistic	_	none	_	_	_	_	_	_
233-4	PST058	233	233	4	ti	ti	_	_	_	_	_	linguistic	_	none	_	_	_	_	_	_
233-5	PST058	233	233	5	blocchi	blocchi	_	_	_	_	_	linguistic	_	none	_	_	_	_	_	_
233-6	PST058	233	233	6	un	un	_	_	_	_	_	linguistic	_	none	_	_	_	_	_	_
233-7	PST058	233	233	7	atti[mo]	attimo	_	_	_	_	_	linguistic	_	none	_	End=455.204	_	_	_	4-6(95)
234-0	PST211	234	234	0	[a]:h	ah	_	_	_	_	_	linguistic	_	none	_	Begin=455.082	0x1	_	_	0-1(95)
234-1	PST211	234	234	1	con	con	_	_	_	_	_	linguistic	_	none	_	_	_	_	_	_
234-2	PST211	234	234	2	l'	l'	_	_	_	_	_	linguistic	_	none	SpaceAfter=No	_	_	_	_	_
234-3	PST211	234	234	3	italia[no	italiano	_	_	_	_	_	linguistic	_	none	_	_	_	_	_	5-8(96)
234-4	PST211	234	234	4	dici	dici	_	_	_	_	_	linguistic	_	none	_	_	_	_	_	0-4(96)
234-5	PST211	234	234	5	ah	ah	_	_	_	_	_	linguistic	_	none	_	_	_	_	_	0-2(96)
234-6	PST211	234	234	6	ah],	ah	_	_	_	_	_	linguistic	_	none	Intonation=WeaklyRising	End=456.957	_	_	_	0-2(96)
235-0	PST058	235	235	0	[sì:	sì	_	_	_	_	_	linguistic	_	none	PauseAfter=Yes	Begin=456.065	1x1	_	_	0-2(96)
235-1	PST058	235	235	1	{P}]	{P}	_	_	_	_	_	shortpause	_	none	_	_	_	_	_	0-3(96)
235-2	PST058	235	235	2	ti	ti	_	_	_	_	_	linguistic	_	none	_	_	_	_	_	_
235-3	PST058	235	235	3	blocchi.	blocchi	_	_	_	_	_	linguistic	_	none	Intonation=Falling	End=457.541	_	_	_	_
236-0	PST211	236	236	0	mh	mh	_	_	_	_	_	linguistic	_	none	_	Begin=457.618	_	_	_	_
236-1	PST211	236	236	1	mh?	mh	_	_	_	_	_	linguistic	_	none	Intonation=Rising	End=458.129	_	_	_	_
237-0	PST211	237	237	0	ho	ho	_	_	_	_	_	linguistic	_	none	_	Begin=458.853	_	_	_	_
237-1	PST211	237	237	1	capito	capito	_	_	_	_	_	linguistic	_	none	PauseAfter=Yes	_	_	_	_	_
237-2	PST211	237	237	2	{P}	{P}	_	_	_	_	_	shortpause	_	none	_	_	_	_	_	_
237-3	PST211	237	237	3	e:hm::	ehm	_	_	_	_	_	linguistic	_	none	PauseAfter=Yes	_	0x1,2x2	_	_	_
237-4	PST211	237	237	4	{P}	{P}	_	_	_	_	_	shortpause	_	none	_	_	_	_	_	_
237-5	PST211	237	237	5	e	e	_	_	_	_	_	linguistic	_	none	_	_	_	_	_	_
237-6	PST211	237	237	6	quando	quando	_	_	_	_	_	linguistic	_	none	_	_	_	_	_	_
237-7	PST211	237	237	7	torni	torni	_	_	_	_	_	linguistic	_	none	_	_	_	_	_	_
237-8	PST211	237	237	8	in	in	_	_	_	_	_	linguistic	_	none	_	_	_	_	_	_
237-9	PST211	237	237	9	romania	romania	_	_	_	_	_	linguistic	_	none	_	_	_	_	_	_
237-10	PST211	237	237	10	si	si	_	_	_	_	_	linguistic	_	none	_	_	_	_	_	_
237-11	PST211	237	237	11	accogono	accogono	_	_	_	_	_	linguistic	_	none	_	_	_	_	_	_
237-12	PST211	237	237	12	che	che	_	_	_	_	_	linguistic	_	none	_	_	_	_	_	_
237-13	PST211	237	237	13	mh	mh	_	_	_	_	_	linguistic	_	none	_	_	_	_	_	_
237-14	PST211	237	237	14	c(io)è	cioè	_	_	_	_	_	linguistic	_	none	_	_	_	_	1-3(0)	_
237-15	PST211	237	237	15	ti	ti	_	_	_	_	_	linguistic	_	none	_	_	_	_	_	_
237-16	PST211	237	237	16	sembra	sembra	_	_	_	_	_	linguistic	_	none	_	_	_	_	_	_
237-17	PST211	237	237	17	che	che	_	_	_	_	_	linguistic	_	none	_	_	_	_	_	_
237-18	PST211	237	237	18	il	il	_	_	_	_	_	linguistic	_	none	_	_	_	_	_	_
237-19	PST211	237	237	19	tuo	tuo	_	_	_	_	_	linguistic	_	none	_	_	_	_	_	_
237-20	PST211	237	237	20	rumeno	rumeno	_	_	_	_	_	linguistic	_	none	_	_	_	_	_	_
237-21	PST211	237	237	21	sia	sia	_	_	_	_	_	linguistic	_	none	_	_	_	_	_	_
237-22	PST211	237	237	22	diverso?	diverso	_	_	_	_	_	linguistic	_	none	Intonation=Rising	End=465.535	_	_	_	_
238-0	PST058	238	238	0	e::h	eh	_	_	_	_	_	linguistic	_	none	_	Begin=465.547	0x2	_	_	_
238-1	PST058	238	238	1	sì:	sì	_	_	_	_	_	linguistic	_	none	_	_	1x1	_	_	_
238-2	PST058	238	238	2	che	che	_	_	_	_	_	linguistic	_	none	_	_	_	_	_	_
238-3	PST058	238	238	3	ti	ti	_	_	_	_	_	linguistic	_	none	_	_	_	_	_	_
238-4	PST058	238	238	4	scappa	scappa	_	_	_	_	_	linguistic	_	none	_	_	_	_	_	_
238-5	PST058	238	238	5	qualche	qualche	_	_	_	_	_	linguistic	_	none	_	_	_	_	_	_
238-6	PST058	238	238	6	parola	parola	_	_	_	_	_	linguistic	_	none	_	_	_	_	_	_
238-7	PST058	238	238	7	e	e	_	_	_	_	_	linguistic	_	none	_	_	_	_	_	_
238-8	PST058	238	238	8	loro	loro	_	_	_	_	_	linguistic	_	none	_	_	_	_	_	_
238-9	PST058	238	238	9	ti	ti	_	_	_	_	_	linguistic	_	none	_	_	_	_	_	_
238-10	PST058	238	238	10	guardano	guardano	_	_	_	_	_	linguistic	_	none	_	_	_	_	_	_
238-11	PST058	238	238	11	cos[ì	così	_	_	_	_	_	linguistic	_	none	_	_	_	_	_	3-4(97)
238-12	PST058	238	238	12	che::]	che	_	_	_	_	_	linguistic	_	none	_	_	2x2	_	_	0-3(97)
238-13	PST058	238	238	13	{ride}	{ride}	_	_	_	_	_	nonverbalbehavior	_	none	_	End=470.668	_	_	_	_
239-0	PST211	239	239	0	[e:h]	eh	_	_	_	_	_	linguistic	_	none	_	Begin=469.329	0x1	_	_	0-2(97)
239-1	PST211	239	239	1	{ride}	{ride}	_	_	_	_	_	nonverbalbehavior	_	none	_	_	_	_	_	_
239-2	PST211	239	239	2	che	che	_	_	_	_	_	linguistic	_	none	_	_	_	_	_	_
239-3	PST211	239	239	3	cosa	cosa	_	_	_	_	_	linguistic	_	none	_	_	_	_	_	_
239-4	PST211	239	239	4	s[tai	stai	_	_	_	_	_	linguistic	_	none	_	_	_	_	_	1-4(98)
239-5	PST211	239	239	5	dicendo]	dicendo	_	_	_	_	_	linguistic	_	none	_	_	_	_	_	0-7(98)
239-6	PST211	239	239	6	{ride}	{ride}	_	_	_	_	_	nonverbalbehavior	_	none	_	End=472.941	_	_	_	_
240-0	PST058	240	240	0	[e:h]	eh	_	_	_	_	_	linguistic	_	none	_	Begin=471.224	0x1	_	_	0-2(98)
240-1	PST058	240	240	1	{ride}	{ride}	_	_	_	_	_	nonverbalbehavior	_	none	_	_	_	_	_	_
240-2	PST058	240	240	2	e	e	_	_	_	_	_	linguistic	_	none	_	_	_	_	_	_
240-3	PST058	240	240	3	tu::	tu	_	_	_	_	_	linguistic	_	none	_	_	1x2	_	_	_
240-4	PST058	240	240	4	{ride}	{ride}	_	_	_	_	_	nonverbalbehavior	_	none	PauseAfter=Yes	_	_	_	_	_
240-5	PST058	240	240	5	[{P}	{P}	_	_	_	_	_	shortpause	_	none	_	_	_	_	_	0-3(99)
240-6	PST058	240	240	6	pa]rli	parli	_	_	_	_	_	linguistic	_	none	_	_	_	_	_	0-2(99)
240-7	PST058	240	240	7	però:	però	_	_	_	_	_	linguistic	_	none	_	_	3x1	_	_	_
240-8	PST058	240	240	8	{ride}	{ride}	_	_	_	_	_	nonverbalbehavior	_	none	_	End=475.675	_	_	_	_
241-0	PST211	241	241	0	[e:h]	eh	_	_	_	_	_	linguistic	_	none	_	Begin=473.99	0x1	_	_	0-2(99)
241-1	PST211	241	241	1	{ride}	{ride}	_	_	_	_	_	nonverbalbehavior	_	none	_	End=474.738	_	_	_	_
242-0	PST211	242	242	0	e::h.	eh	_	_	_	_	_	linguistic	_	none	Intonation=Falling	Begin=475.718|End=476.271	0x2	_	_	_
243-0	PST211	243	243	0	[non	non	_	_	_	_	_	linguistic	_	none	_	Begin=476.575	_	_	_	0-3(100)
243-1	PST211	243	243	1	te	te	_	_	_	_	_	linguistic	_	none	_	_	_	_	_	0-2(100)
243-2	PST211	243	243	2	ne	ne	_	_	_	_	_	linguistic	_	none	_	_	_	_	_	0-2(100)
243-3	PST211	243	243	3	acco~]	acco~	_	_	_	_	_	linguistic	_	none	Interrupted=Yes	End=477.319	_	_	_	0-5(100)
244-0	PST058	244	244	0	[e	e	_	_	_	_	_	linguistic	_	none	_	Begin=476.58	_	_	_	_
244-1	PST058	244	244	1	poi	poi	_	_	_	_	_	linguistic	_	none	_	_	_	_	_	_
244-2	PST058	244	244	2	te	te	_	_	_	_	_	linguistic	_	none	_	_	_	_	_	_
244-3	PST058	244	244	3	ne	ne	_	_	_	_	_	linguistic	_	none	_	_	_	_	_	_
244-4	PST058	244	244	4	accorgi	accorgi	_	_	_	_	_	linguistic	_	none	_	_	_	_	_	_
244-5	PST058	244	244	5	te	te	_	_	_	_	_	linguistic	_	none	_	_	_	_	_	_
244-6	PST058	244	244	6	ne	ne	_	_	_	_	_	linguistic	_	none	_	_	_	_	_	_
244-7	PST058	244	244	7	accorgi	accorgi	_	_	_	_	_	linguistic	_	none	_	_	_	_	_	_
244-8	PST058	244	244	8	che	che	_	_	_	_	_	linguistic	_	none	_	_	_	_	_	_
244-9	PST058	244	244	9	lo	lo	_	_	_	_	_	linguistic	_	none	_	_	_	_	_	_
244-10	PST058	244	244	10	dici	dici	_	_	_	_	_	linguistic	_	none	_	_	_	_	_	_
244-11	PST058	244	244	11	in	in	_	_	_	_	_	linguistic	_	none	_	_	_	_	_	_
244-12	PST058	244	244	12	italia:no.)	italiano	_	_	_	_	_	linguistic	_	none	Intonation=Falling	End=479.444	5x1	_	_	_
245-0	PST211	245	245	0	okay	okay	_	_	_	_	_	linguistic	_	none	_	Begin=480.094	_	_	_	_
245-1	PST211	245	245	1	ho	ho	_	_	_	_	_	linguistic	_	none	_	_	_	_	_	_
245-2	PST211	245	245	2	capito	capito	_	_	_	_	_	linguistic	_	none	_	_	_	_	_	_
245-3	PST211	245	245	3	mh	mh	_	_	_	_	_	linguistic	_	none	_	_	_	_	_	_
245-4	PST211	245	245	4	mh?	mh	_	_	_	_	_	linguistic	_	none	Intonation=Rising	End=481.679	_	_	_	_
246-0	PST211	246	246	0	sì.	sì	_	_	_	_	_	linguistic	_	none	Intonation=Falling	Begin=482.094|End=482.525	_	_	_	_
247-0	PST211	247	247	0	e:	e	_	_	_	_	_	linguistic	_	none	_	Begin=482.888	0x1	_	_	_
247-1	PST211	247	247	1	invece	invece	_	_	_	_	_	linguistic	_	none	_	_	_	_	_	_
247-2	PST211	247	247	2	ad	ad	_	_	_	_	_	linguistic	_	none	_	_	_	_	_	_
247-3	PST211	247	247	3	esempio:	esempio	_	_	_	_	_	linguistic	_	none	_	_	6x1	_	_	_
247-4	PST211	247	247	4	mh	mh	_	_	_	_	_	linguistic	_	none	_	_	_	_	_	_
247-5	PST211	247	247	5	non	non	_	_	_	_	_	linguistic	_	none	_	_	_	_	_	_
247-6	PST211	247	247	6	so	so	_	_	_	_	_	linguistic	_	none	_	_	_	_	_	_
247-7	PST211	247	247	7	s~	s~	_	_	_	_	_	linguistic	_	none	Interrupted=Yes	_	_	_	_	_
247-8	PST211	247	247	8	quando	quando	_	_	_	_	_	linguistic	_	none	_	_	_	_	_	_
247-9	PST211	247	247	9	ti	ti	_	_	_	_	_	linguistic	_	none	_	_	_	_	_	_
247-10	PST211	247	247	10	arrabbi	arrabbi	_	_	_	_	_	linguistic	_	none	_	_	_	_	_	_
247-11	PST211	247	247	11	quando:,	quando	_	_	_	_	_	linguistic	_	none	Intonation=WeaklyRising	End=486.7	5x1	_	_	_
248-0	PST211	248	248	0	dici	dici	_	_	_	_	_	linguistic	_	none	_	Begin=487.231	_	_	_	_
248-1	PST211	248	248	1	c[ose	cose	_	_	_	_	_	linguistic	_	none	_	_	_	_	_	1-4(101)
248-2	PST211	248	248	2	più:],	più	_	_	_	_	_	linguistic	_	none	Intonation=WeaklyRising	End=488.325	2x1	_	_	0-3(101)
249-0	PST058	249	249	0	[a:h	ah	_	_	_	_	_	linguistic	_	none	_	Begin=487.588	0x1	_	_	0-2(101)
249-1	PST058	249	249	1	dico	dico	_	_	_	_	_	linguistic	_	none	_	_	_	_	_	0-4(101)
249-2	PST058	249	249	2	una]	una	_	_	_	_	_	linguistic	_	none	_	_	_	_	_	0-3(101)
249-3	PST058	249	249	3	parola	parola	_	_	_	_	_	linguistic	_	none	_	_	_	_	_	_
249-4	PST058	249	249	4	così	così	_	_	_	_	_	linguistic	_	none	_	_	_	_	_	_
249-5	PST058	249	249	5	una	una	_	_	_	_	_	linguistic	_	none	_	_	_	_	_	_
249-6	PST058	249	249	6	par~	par~	_	_	_	_	_	linguistic	_	none	Interrupted=Yes	_	_	_	_	_
249-7	PST058	249	249	7	parola	parola	_	_	_	_	_	linguistic	_	none	_	_	_	_	_	_
249-8	PST058	249	249	8	co~	co~	_	_	_	_	_	linguistic	_	none	Interrupted=Yes	_	_	_	_	_
249-9	PST058	249	249	9	{ride}	{ride}	_	_	_	_	_	nonverbalbehavior	_	none	_	_	_	_	_	_
249-10	PST058	249	249	10	[escono	escono	_	_	_	_	_	linguistic	_	none	_	_	_	_	_	0-6(102)
249-11	PST058	249	249	11	tutte	tutte	_	_	_	_	_	linguistic	_	none	_	_	_	_	_	0-5(102)
249-12	PST058	249	249	12	e	e	_	_	_	_	_	linguistic	_	none	_	_	_	_	_	0-1(102)
249-13	PST058	249	249	13	due]	due	_	_	_	_	_	linguistic	_	none	_	_	_	_	_	0-3(102)
249-14	PST058	249	249	14	{ride}	{ride}	_	_	_	_	_	nonverbalbehavior	_	none	_	End=492.95	_	_	_	_
250-0	PST211	250	250	0	[a:h	ah	_	_	_	_	_	linguistic	_	none	_	Begin=489.894	0x1	_	_	0-2(102)
250-1	PST211	250	250	1	okay]	okay	_	_	_	_	_	linguistic	_	none	_	_	_	_	_	0-4(102)
250-2	PST211	250	250	2	{ride}	{ride}	_	_	_	_	_	nonverbalbehavior	_	none	_	End=492.951	_	_	_	_
251-0	PST211	251	251	0	{ride}	{ride}	_	_	_	_	_	nonverbalbehavior	_	none	_	Begin=493.375	_	_	_	_
251-1	PST211	251	251	1	e	e	_	_	_	_	_	linguistic	_	none	_	_	_	_	_	_
251-2	PST211	251	251	2	ehm	ehm	_	_	_	_	_	linguistic	_	none	_	_	_	_	_	_
251-3	PST211	251	251	3	ad	ad	_	_	_	_	_	linguistic	_	none	_	_	_	_	_	_
251-4	PST211	251	251	4	esempio	esempio	_	_	_	_	_	linguistic	_	none	_	_	_	_	_	_
251-5	PST211	251	251	5	non	non	_	_	_	_	_	linguistic	_	none	_	_	_	_	_	_
251-6	PST211	251	251	6	so	so	_	_	_	_	_	linguistic	_	none	_	_	_	_	_	_
251-7	PST211	251	251	7	per	per	_	_	_	_	_	linguistic	_	none	_	_	_	_	_	_
251-8	PST211	251	251	8	non	non	_	_	_	_	_	linguistic	_	none	_	_	_	_	_	_
251-9	PST211	251	251	9	farti	farti	_	_	_	_	_	linguistic	_	none	_	_	_	_	_	_
251-10	PST211	251	251	10	capire	capire	_	_	_	_	_	linguistic	_	none	_	_	_	_	_	_
251-11	PST211	251	251	11	da	da	_	_	_	_	_	linguistic	_	none	_	_	_	_	_	_
251-12	PST211	251	251	12	loro	loro	_	_	_	_	_	linguistic	_	none	_	_	_	_	_	_
251-13	PST211	251	251	13	magari	magari	_	_	_	_	_	linguistic	_	none	_	_	_	_	_	_
251-14	PST211	251	251	14	ci	ci	_	_	_	_	_	linguistic	_	none	_	_	_	_	_	_
251-15	PST211	251	251	15	sono	sono	_	_	_	_	_	linguistic	_	none	_	_	_	_	_	_
251-16	PST211	251	251	16	delle	delle	_	_	_	_	_	linguistic	_	none	_	_	_	_	_	_
251-17	PST211	251	251	17	[situazioni	situazioni	_	_	_	_	_	linguistic	_	none	_	_	_	_	_	0-10(103)
251-18	PST211	251	251	18	in	in	_	_	_	_	_	linguistic	_	none	_	_	_	_	_	0-2(103)
251-19	PST211	251	251	19	cui:	cui	_	_	_	_	_	linguistic	_	none	_	_	2x1	_	_	0-3(103)
251-20	PST211	251	251	20	usi	usi	_	_	_	_	_	linguistic	_	none	_	_	_	_	_	0-3(103)
251-21	PST211	251	251	21	le	le	_	_	_	_	_	linguistic	_	none	_	_	_	_	_	0-2(103)
251-22	PST211	251	251	22	lingue]?	lingue	_	_	_	_	_	linguistic	_	none	Intonation=Rising	End=499.717	_	_	_	0-6(103)
252-0	PST058	252	252	0	[e::hm:	ehm	_	_	_	_	_	linguistic	_	none	PauseAfter=Yes	Begin=497.58	0x2,2x1	_	_	0-3(103)
252-1	PST058	252	252	1	{P}	{P}	_	_	_	_	_	shortpause	_	none	_	_	_	_	_	0-3(103)
252-2	PST058	252	252	2	e::h	eh	_	_	_	_	_	linguistic	_	none	_	_	0x2	_	_	0-2(103)
252-3	PST058	252	252	3	in	in	_	_	_	_	_	linguistic	_	none	_	_	_	_	_	0-2(103)
252-4	PST058	252	252	4	rume]no.	rumeno	_	_	_	_	_	linguistic	_	none	Intonation=Falling	End=499.98	_	_	_	0-4(103)
253-0	PST211	253	253	0	in	in	_	_	_	_	_	linguistic	_	none	_	Begin=500.309	_	_	_	_
253-1	PST211	253	253	1	rumeno.	rumeno	_	_	_	_	_	linguistic	_	none	Intonation=Falling	End=500.971	_	_	_	_
254-0	PST211	254	254	0	mh	mh	_	_	_	_	_	linguistic	_	none	_	Begin=500.975	_	_	_	_
254-1	PST211	254	254	1	m:h,	mh	_	_	_	_	_	linguistic	_	none	Intonation=WeaklyRising	End=501.499	0x1	_	_	_
255-0	PST058	255	255	0	co[sì	così	_	_	_	_	_	linguistic	_	none	_	Begin=502.2	_	_	_	2-4(104)
255-1	PST058	255	255	1	non	non	_	_	_	_	_	linguistic	_	none	_	_	_	_	_	0-3(104)
255-2	PST058	255	255	2	mi	mi	_	_	_	_	_	linguistic	_	none	PauseAfter=Yes	_	_	_	_	0-2(104)
255-3	PST058	255	255	3	{P}	{P}	_	_	_	_	_	shortpause	_	none	_	_	_	_	_	0-3(104)
255-4	PST058	255	255	4	mi]	mi	_	_	_	_	_	linguistic	_	none	_	_	_	_	_	0-2(104)
255-5	PST058	255	255	5	capisce	capisce	_	_	_	_	_	linguistic	_	none	_	_	_	_	_	_
255-6	PST058	255	255	6	che	che	_	_	_	_	_	linguistic	_	none	_	_	_	_	_	_
255-7	PST058	255	255	7	@emily	@emily	_	_	_	_	_	anonymized	_	none	_	_	_	_	_	_
255-8	PST058	255	255	8	capisce	capisce	_	_	_	_	_	linguistic	_	none	_	_	_	_	_	_
255-9	PST058	255	255	9	tanto	tanto	_	_	_	_	_	linguistic	_	none	_	_	_	_	_	_
255-10	PST058	255	255	10	italiano.	italiano	_	_	_	_	_	linguistic	_	none	Intonation=Falling	End=505.219	_	_	_	_
256-0	PST211	256	256	0	[ho	ho	_	_	_	_	_	linguistic	_	none	_	Begin=502.425	_	_	_	0-2(104)
256-1	PST211	256	256	1	capito]	capito	_	_	_	_	_	linguistic	_	none	_	End=503.163	_	_	_	0-6(104)
257-0	PST211	257	257	0	a:h	ah	_	_	_	_	_	linguistic	_	none	_	Begin=505.219	0x1	_	_	_
257-1	PST211	257	257	1	okay	okay	_	_	_	_	_	linguistic	_	none	_	End=505.844	_	_	_	_
258-0	PST058	258	258	0	quindi:	quindi	_	_	_	_	_	linguistic	_	none	_	Begin=505.838	5x1	_	_	_
258-1	PST058	258	258	1	{ride}	{ride}	_	_	_	_	_	nonverbalbehavior	_	none	_	_	_	_	_	_
258-2	PST058	258	258	2	[rume]no	rumeno	_	_	_	_	_	linguistic	_	none	_	_	_	_	_	0-4(?)
258-3	PST058	258	258	3	{ride}	{ride}	_	_	_	_	_	nonverbalbehavior	_	none	_	End=507.714	_	_	_	_
259-0	PST211	259	259	0	[ah	ah	_	_	_	_	_	linguistic	_	none	_	Begin=506.625	_	_	_	0-2(106)
259-1	PST211	259	259	1	ah],	ah	_	_	_	_	_	linguistic	_	none	Intonation=WeaklyRising	End=506.881	_	_	_	0-2(106)
260-0	PST211	260	260	0	e:	e	_	_	_	_	_	linguistic	_	none	_	Begin=508.225	0x1	_	_	_
260-1	PST211	260	260	1	cosa:	cosa	_	_	_	_	_	linguistic	_	none	_	_	3x1	_	_	_
260-2	PST211	260	260	2	c(io)è	cioè	_	_	_	_	_	linguistic	_	none	_	_	_	_	1-3(0)	_
260-3	PST211	260	260	3	diciamo	diciamo	_	_	_	_	_	linguistic	_	none	_	_	_	_	_	_
260-4	PST211	260	260	4	come	come	_	_	_	_	_	linguistic	_	none	_	_	_	_	_	_
260-5	PST211	260	260	5	li	li	_	_	_	_	_	linguistic	_	none	_	_	_	_	_	_
260-6	PST211	260	260	6	vedi	vedi	_	_	_	_	_	linguistic	_	none	_	_	_	_	_	_
260-7	PST211	260	260	7	loro	loro	_	_	_	_	_	linguistic	_	none	_	_	_	_	_	_
260-8	PST211	260	260	8	con:	con	_	_	_	_	_	linguistic	_	none	_	_	2x1	_	_	_
260-9	PST211	260	260	9	con	con	_	_	_	_	_	linguistic	_	none	_	_	_	_	_	_
260-10	PST211	260	260	10	il	il	_	_	_	_	_	linguistic	_	none	_	_	_	_	_	_
260-11	PST211	260	260	11	rumeno	rumeno	_	_	_	_	_	linguistic	_	none	_	_	_	_	_	_
260-12	PST211	260	260	12	fanno	fanno	_	_	_	_	_	linguistic	_	none	_	_	_	_	_	_
260-13	PST211	260	260	13	fatica	fatica	_	_	_	_	_	linguistic	_	none	_	_	_	_	_	_
260-14	PST211	260	260	14	oppure	oppure	_	_	_	_	_	linguistic	_	none	_	_	_	_	_	_
260-15	PST211	260	260	15	sono	sono	_	_	_	_	_	linguistic	_	none	_	_	_	_	_	_
260-16	PST211	260	260	16	sciolti:	sciolti	_	_	_	_	_	linguistic	_	none	_	_	6x1	_	_	_
260-17	PST211	260	260	17	c(io)è	cioè	_	_	_	_	_	linguistic	_	none	_	_	_	_	1-3(1)	_
260-18	PST211	260	260	18	beh	beh	_	_	_	_	_	linguistic	_	none	_	_	_	_	_	_
260-19	PST211	260	260	19	più:	più	_	_	_	_	_	linguistic	_	none	_	_	2x1	_	_	_
260-20	PST211	260	260	20	tua	tua	_	_	_	_	_	linguistic	_	none	_	_	_	_	_	_
260-21	PST211	260	260	21	figlia.	figlia	_	_	_	_	_	linguistic	_	none	Intonation=Falling	End=515.569	_	_	_	_
261-0	PST058	261	261	0	ma::	ma	_	_	_	_	_	linguistic	_	none	_	Begin=516.027	1x2	_	_	_
261-1	PST058	261	261	1	m:h	mh	_	_	_	_	_	linguistic	_	none	_	_	0x1	_	_	_
261-2	PST058	261	261	2	v~	v~	_	_	_	_	_	linguistic	_	none	Interrupted=Yes|PauseAfter=Yes	_	_	_	_	_
261-3	PST058	261	261	3	{P}	{P}	_	_	_	_	_	shortpause	_	none	_	_	_	_	_	_
261-4	PST058	261	261	4	diciamo	diciamo	_	_	_	_	_	linguistic	_	none	_	_	_	_	_	_
261-5	PST058	261	261	5	che	che	_	_	_	_	_	linguistic	_	none	_	_	_	_	_	_
261-6	PST058	261	261	6	adesso	adesso	_	_	_	_	_	linguistic	_	none	_	_	_	_	_	_
261-7	PST058	261	261	7	che	che	_	_	_	_	_	linguistic	_	none	_	_	_	_	_	_
261-8	PST058	261	261	8	è	è	_	_	_	_	_	linguistic	_	none	_	_	_	_	_	_
261-9	PST058	261	261	9	c~	c~	_	_	_	_	_	linguistic	_	none	Interrupted=Yes	_	_	_	_	_
261-10	PST058	261	261	10	è	è	_	_	_	_	_	linguistic	_	none	_	_	_	_	_	_
261-11	PST058	261	261	11	all'	all'	_	_	_	_	_	linguistic	_	none	SpaceAfter=No	_	_	_	_	_
261-12	PST058	261	261	12	estivo?	estivo	_	_	_	_	_	linguistic	_	none	Intonation=Rising	End=520.677	_	_	_	_
262-0	PST211	262	262	0	m:h?	mh	_	_	_	_	_	linguistic	_	none	Intonation=Rising	Begin=520.686|End=521.043	0x1	_	_	_
263-0	PST058	263	263	0	è	è	_	_	_	_	_	linguistic	_	none	_	Begin=521.175	_	_	_	_
263-1	PST058	263	263	1	più::	più	_	_	_	_	_	linguistic	_	none	_	_	2x2	_	_	_
263-2	PST058	263	263	2	più	più	_	_	_	_	_	linguistic	_	none	_	_	_	_	_	_
263-3	PST058	263	263	3	brava	brava	_	_	_	_	_	linguistic	_	none	_	_	_	_	_	_
263-4	PST058	263	263	4	più::	più	_	_	_	_	_	linguistic	_	none	PauseAfter=Yes	_	2x2	_	_	_
263-5	PST058	263	263	5	{P}	{P}	_	_	_	_	_	shortpause	_	none	_	_	_	_	_	_
263-6	PST058	263	263	6	v~	v~	_	_	_	_	_	linguistic	_	none	Interrupted=Yes	_	_	_	_	_
263-7	PST058	263	263	7	e::h	eh	_	_	_	_	_	linguistic	_	none	_	_	0x2	_	_	_
263-8	PST058	263	263	8	ha	ha	_	_	_	_	_	linguistic	_	none	_	_	_	_	_	_
263-9	PST058	263	263	9	voglia	voglia	_	_	_	_	_	linguistic	_	none	_	_	_	_	_	_
263-10	PST058	263	263	10	di	di	_	_	_	_	_	linguistic	_	none	_	_	_	_	_	_
263-11	PST058	263	263	11	imparare.	imparare	_	_	_	_	_	linguistic	_	none	Intonation=Falling	End=526.694	_	_	_	_
264-0	PST211	264	264	0	mh	mh	_	_	_	_	_	linguistic	_	none	_	Begin=526.757	_	_	_	_
264-1	PST211	264	264	1	mh?	mh	_	_	_	_	_	linguistic	_	none	Intonation=Rising	End=527.15	_	_	_	_
265-0	PST058	265	265	0	di	di	_	_	_	_	_	linguistic	_	none	_	Begin=527.157	_	_	_	_
265-1	PST058	265	265	1	più,	più	_	_	_	_	_	linguistic	_	none	Intonation=WeaklyRising	End=527.714	_	_	_	_
266-0	PST211	266	266	0	mh	mh	_	_	_	_	_	linguistic	_	none	_	Begin=527.821	_	_	_	_
266-1	PST211	266	266	1	mh,	mh	_	_	_	_	_	linguistic	_	none	Intonation=WeaklyRising	End=528.314	_	_	_	_
267-0	PST058	267	267	0	e	e	_	_	_	_	_	linguistic	_	none	_	Begin=528.536	_	_	_	_
267-1	PST058	267	267	1	a	a	_	_	_	_	_	linguistic	_	none	_	_	_	_	_	_
267-2	PST058	267	267	2	casa	casa	_	_	_	_	_	linguistic	_	none	_	_	_	_	_	_
267-3	PST058	267	267	3	xx	xx	_	_	_	_	_	unknown	_	none	Syllables=2	_	_	_	_	_
267-4	PST058	267	267	4	ho	ho	_	_	_	_	_	linguistic	_	none	_	_	_	_	_	_
267-5	PST058	267	267	5	visto	visto	_	_	_	_	_	linguistic	_	none	_	_	_	_	_	_
267-6	PST058	267	267	6	ieri?	ieri	_	_	_	_	_	linguistic	_	none	Intonation=Rising	End=530.639	_	_	_	_
268-0	PST058	268	268	0	che	che	_	_	_	_	_	linguistic	_	none	_	Begin=530.879	_	_	_	_
268-1	PST058	268	268	1	faceva	faceva	_	_	_	_	_	linguistic	_	none	_	_	_	_	_	_
268-2	PST058	268	268	2	un	un	_	_	_	_	_	linguistic	_	none	_	_	_	_	_	_
268-3	PST058	268	268	3	gioco	gioco	_	_	_	_	_	linguistic	_	none	_	_	_	_	_	_
268-4	PST058	268	268	4	che	che	_	_	_	_	_	linguistic	_	none	_	_	_	_	_	_
268-5	PST058	268	268	5	ha	ha	_	_	_	_	_	linguistic	_	none	_	_	_	_	_	_
268-6	PST058	268	268	6	fatto	fatto	_	_	_	_	_	linguistic	_	none	_	_	_	_	_	_
268-7	PST058	268	268	7	qua:	qua	_	_	_	_	_	linguistic	_	none	_	_	2x1	_	_	_
268-8	PST058	268	268	8	e	e	_	_	_	_	_	linguistic	_	none	_	_	_	_	_	_
268-9	PST058	268	268	9	poi	poi	_	_	_	_	_	linguistic	_	none	_	_	_	_	_	_
268-10	PST058	268	268	10	mi	mi	_	_	_	_	_	linguistic	_	none	_	_	_	_	_	_
268-11	PST058	268	268	11	parlava.	parlava	_	_	_	_	_	linguistic	_	none	Intonation=Falling	End=533.902	_	_	_	_
269-0	PST211	269	269	0	a:h	ah	_	_	_	_	_	linguistic	_	none	_	Begin=534.107	0x1	_	_	_
269-1	PST211	269	269	1	okay.	okay	_	_	_	_	_	linguistic	_	none	Intonation=Falling	End=534.706	_	_	_	_
270-0	PST058	270	270	0	e::ro	ero	_	_	_	_	_	linguistic	_	none	_	Begin=534.706	0x2	_	_	_
270-1	PST058	270	270	1	contenta.	contenta	_	_	_	_	_	linguistic	_	none	Intonation=Falling	End=535.895	_	_	_	_
271-0	PST211	271	271	0	ah	ah	_	_	_	_	_	linguistic	_	none	_	Begin=535.936	_	_	_	_
271-1	PST211	271	271	1	[ah]?	ah	_	_	_	_	_	linguistic	_	none	Intonation=Rising	End=536.343	_	_	_	0-2(107)
272-0	PST058	272	272	0	[gua]rda	guarda	_	_	_	_	_	linguistic	_	none	PauseAfter=Yes	Begin=536.171	_	_	_	0-3(107)
272-1	PST058	272	272	1	{P}	{P}	_	_	_	_	_	shortpause	_	none	_	_	_	_	_	_
272-2	PST058	272	272	2	che	che	_	_	_	_	_	linguistic	_	none	_	_	_	_	_	_
272-3	PST058	272	272	3	noi:	noi	_	_	_	_	_	linguistic	_	none	_	_	2x1	_	_	_
272-4	PST058	272	272	4	non	non	_	_	_	_	_	linguistic	_	none	_	_	_	_	_	_
272-5	PST058	272	272	5	ce	ce	_	_	_	_	_	linguistic	_	none	_	_	_	_	_	_
272-6	PST058	272	272	6	la	la	_	_	_	_	_	linguistic	_	none	_	_	_	_	_	_
272-7	PST058	272	272	7	facevamo	facevamo	_	_	_	_	_	linguistic	_	none	PauseAfter=Yes	_	_	_	_	_
272-8	PST058	272	272	8	[{P}	{P}	_	_	_	_	_	shortpause	_	none	_	_	_	_	_	0-3(108)
272-9	PST058	272	272	9	a	a	_	_	_	_	_	linguistic	_	none	_	_	_	_	_	0-1(108)
272-10	PST058	272	272	10	a]	a	_	_	_	_	_	linguistic	_	none	_	_	_	_	_	0-1(108)
272-11	PST058	272	272	11	fare	fare	_	_	_	_	_	linguistic	_	none	_	_	_	_	_	_
272-12	PST058	272	272	12	così?	così	_	_	_	_	_	linguistic	_	none	Intonation=Rising	End=539.762	_	_	_	_
273-0	PST211	273	273	0	[mh	mh	_	_	_	_	_	linguistic	_	none	_	Begin=538.65	_	_	_	0-2(108)
273-1	PST211	273	273	1	mh]?	mh	_	_	_	_	_	linguistic	_	none	Intonation=Rising	End=539.071	_	_	_	0-2(108)
274-0	PST211	274	274	0	m:h.	mh	_	_	_	_	_	linguistic	_	none	Intonation=Falling	Begin=539.964|End=540.343	0x1	_	_	_
275-0	PST211	275	275	0	e	e	_	_	_	_	_	linguistic	_	none	_	Begin=541.093	_	_	_	_
275-1	PST211	275	275	1	quando	quando	_	_	_	_	_	linguistic	_	none	_	_	_	_	_	_
275-2	PST211	275	275	2	tornate	tornate	_	_	_	_	_	linguistic	_	none	_	_	_	_	_	_
275-3	PST211	275	275	3	in	in	_	_	_	_	_	linguistic	_	none	_	_	_	_	_	_
275-4	PST211	275	275	4	romania	romania	_	_	_	_	_	linguistic	_	none	_	_	_	_	_	_
275-5	PST211	275	275	5	lei	lei	_	_	_	_	_	linguistic	_	none	_	_	_	_	_	_
275-6	PST211	275	275	6	si	si	_	_	_	_	_	linguistic	_	none	_	_	_	_	_	_
275-7	PST211	275	275	7	inserisce	inserisce	_	_	_	_	_	linguistic	_	none	_	_	_	_	_	_
275-8	PST211	275	275	8	facilmente	facilmente	_	_	_	_	_	linguistic	_	none	_	_	_	_	_	_
275-9	PST211	275	275	9	o	o	_	_	_	_	_	linguistic	_	none	_	_	_	_	_	_
275-10	PST211	275	275	10	fa	fa	_	_	_	_	_	linguistic	_	none	_	_	_	_	_	_
275-11	PST211	275	275	11	fatica.	fatica	_	_	_	_	_	linguistic	_	none	Intonation=Falling	End=545.093	_	_	_	_
276-0	PST058	276	276	0	e::h	eh	_	_	_	_	_	linguistic	_	none	_	Begin=545.086	0x2	_	_	_
276-1	PST058	276	276	1	si	si	_	_	_	_	_	linguistic	_	none	_	_	_	_	_	_
276-2	PST058	276	276	2	inserisce	inserisce	_	_	_	_	_	linguistic	_	none	_	_	_	_	_	_
276-3	PST058	276	276	3	bene	bene	_	_	_	_	_	linguistic	_	none	_	_	_	_	_	_
276-4	PST058	276	276	4	[facil]mente	facilmente	_	_	_	_	_	linguistic	_	none	_	_	_	_	_	0-5(110)
276-5	PST058	276	276	5	diciamo	diciamo	_	_	_	_	_	linguistic	_	none	_	_	_	_	_	_
276-6	PST058	276	276	6	adesso	adesso	_	_	_	_	_	linguistic	_	none	_	_	_	_	_	_
276-7	PST058	276	276	7	che::	che	_	_	_	_	_	linguistic	_	none	_	_	2x2	_	_	_
276-8	PST058	276	276	8	è	è	_	_	_	_	_	linguistic	_	none	_	_	_	_	_	_
276-9	PST058	276	276	9	andata	andata	_	_	_	_	_	linguistic	_	none	_	_	_	_	_	_
276-10	PST058	276	276	10	qua,	qua	_	_	_	_	_	linguistic	_	none	Intonation=WeaklyRising	End=550.457	_	_	_	_
277-0	PST211	277	277	0	[m:h]?	mh	_	_	_	_	_	linguistic	_	none	Intonation=Rising	Begin=546.929|End=547.236	0x1	_	_	0-2(110)
278-0	PST058	278	278	0	e::hm::	ehm	_	_	_	_	_	linguistic	_	none	_	Begin=551.121	0x2,2x2	_	_	_
278-1	PST058	278	278	1	gli	gli	_	_	_	_	_	linguistic	_	none	_	_	_	_	_	_
278-2	PST058	278	278	2	ho	ho	_	_	_	_	_	linguistic	_	none	_	_	_	_	_	_
278-3	PST058	278	278	3	già	già	_	_	_	_	_	linguistic	_	none	_	_	_	_	_	_
278-4	PST058	278	278	4	parlato	parlato	_	_	_	_	_	linguistic	_	none	_	_	_	_	_	_
278-5	PST058	278	278	5	a	a	_	_	_	_	_	linguistic	_	none	_	_	_	_	_	_
278-6	PST058	278	278	6	mia	mia	_	_	_	_	_	linguistic	_	none	_	_	_	_	_	_
278-7	PST058	278	278	7	ma:mma	mamma	_	_	_	_	_	linguistic	_	none	_	_	1x1	_	_	_
278-8	PST058	278	278	8	ho	ho	_	_	_	_	_	linguistic	_	none	_	_	_	_	_	_
278-9	PST058	278	278	9	detto	detto	_	_	_	_	_	linguistic	_	none	_	_	_	_	_	_
278-10	PST058	278	278	10	guarda	guarda	_	_	_	_	_	linguistic	_	none	_	_	_	_	_	_
278-11	PST058	278	278	11	che	che	_	_	_	_	_	linguistic	_	none	_	_	_	_	_	_
278-12	PST058	278	278	12	sa	sa	_	_	_	_	_	linguistic	_	none	_	_	_	_	_	_
278-13	PST058	278	278	13	di	di	_	_	_	_	_	linguistic	_	none	_	_	_	_	_	_
278-14	PST058	278	278	14	più	più	_	_	_	_	_	linguistic	_	none	_	_	_	_	_	_
278-15	PST058	278	278	15	{ride}	{ride}	_	_	_	_	_	nonverbalbehavior	_	none	_	_	_	_	_	_
278-16	PST058	278	278	16	[il	il	_	_	_	_	_	linguistic	_	none	_	_	_	_	_	0-2(111)
278-17	PST058	278	278	17	ru]meno	rumeno	_	_	_	_	_	linguistic	_	none	_	_	_	_	_	0-2(111)
278-18	PST058	278	278	18	così	così	_	_	_	_	_	linguistic	_	none	_	_	_	_	_	_
278-19	PST058	278	278	19	vedi	vedi	_	_	_	_	_	linguistic	_	none	_	_	_	_	_	_
278-20	PST058	278	278	20	{ride}	{ride}	_	_	_	_	_	nonverbalbehavior	_	none	_	End=556.264	_	_	_	_
279-0	PST211	279	279	0	[a::h]	ah	_	_	_	_	_	linguistic	_	none	_	Begin=554.464|End=554.943	0x2	_	_	0-2(111)
280-0	PST058	280	280	0	e:	e	_	_	_	_	_	linguistic	_	none	_	Begin=556.879	0x1	_	_	_
280-1	PST058	280	280	1	parla	parla	_	_	_	_	_	linguistic	_	none	_	_	_	_	_	_
280-2	PST058	280	280	2	rumeno	rumeno	_	_	_	_	_	linguistic	_	none	_	_	_	_	_	_
280-3	PST058	280	280	3	[di	di	_	_	_	_	_	linguistic	_	none	_	_	_	_	_	0-2(112)
280-4	PST058	280	280	4	più]	più	_	_	_	_	_	linguistic	_	none	_	End=558.388	_	_	_	0-3(112)
281-0	PST211	281	281	0	[ah	ah	_	_	_	_	_	linguistic	_	none	_	Begin=557.859	_	_	_	0-2(112)
281-1	PST211	281	281	1	ah]	ah	_	_	_	_	_	linguistic	_	none	PauseAfter=Yes	_	_	_	_	0-2(112)
281-2	PST211	281	281	2	{P}	{P}	_	_	_	_	_	shortpause	_	none	_	_	_	_	_	_
281-3	PST211	281	281	3	okay	okay	_	_	_	_	_	linguistic	_	none	_	End=559.049	_	_	_	_
282-0	PST211	282	282	0	quindi	quindi	_	_	_	_	_	linguistic	_	none	_	Begin=559.907	_	_	_	_
282-1	PST211	282	282	1	anche	anche	_	_	_	_	_	linguistic	_	none	_	_	_	_	_	_
282-2	PST211	282	282	2	a	a	_	_	_	_	_	linguistic	_	none	_	_	_	_	_	_
282-3	PST211	282	282	3	lei	lei	_	_	_	_	_	linguistic	_	none	_	_	_	_	_	_
282-4	PST211	282	282	4	fa	fa	_	_	_	_	_	linguistic	_	none	_	_	_	_	_	_
282-5	PST211	282	282	5	bene	bene	_	_	_	_	_	linguistic	_	none	_	_	_	_	_	_
282-6	PST211	282	282	6	dic[iamo	diciamo	_	_	_	_	_	linguistic	_	none	_	_	_	_	_	3-7(113)
282-7	PST211	282	282	7	c(io)è:	cioè	_	_	_	_	_	linguistic	_	none	_	_	3x1	_	1-3(0)	0-4(113)
282-8	PST211	282	282	8	la	la	_	_	_	_	_	linguistic	_	none	_	_	_	_	_	0-2(113)
282-9	PST211	282	282	9	aiuta	aiuta	_	_	_	_	_	linguistic	_	none	_	_	_	_	_	0-5(113)
282-10	PST211	282	282	10	star]e::	stare	_	_	_	_	_	linguistic	_	none	_	End=563.237	4x2	_	_	0-4(113)
283-0	PST058	283	283	0	[sì:	sì	_	_	_	_	_	linguistic	_	none	PauseAfter=Yes	Begin=561.329	1x1	_	_	0-2(113)
283-1	PST058	283	283	1	{P}	{P}	_	_	_	_	_	shortpause	_	none	_	_	_	_	_	0-3(113)
283-2	PST058	283	283	2	sì	sì	_	_	_	_	_	linguistic	_	none	_	_	_	_	_	0-2(113)
283-3	PST058	283	283	3	sì	sì	_	_	_	_	_	linguistic	_	none	_	_	_	_	_	0-2(113)
283-4	PST058	283	283	4	sì]	sì	_	_	_	_	_	linguistic	_	none	_	End=562.65	_	_	_	0-2(113)
284-0	PST058	284	284	0	sì	sì	_	_	_	_	_	linguistic	_	none	_	Begin=563.729	_	_	_	_
284-1	PST058	284	284	1	sì	sì	_	_	_	_	_	linguistic	_	none	_	End=564.15	_	_	_	_
285-0	PST211	285	285	0	ho	ho	_	_	_	_	_	linguistic	_	none	_	Begin=564.929	_	_	_	_
285-1	PST211	285	285	1	capito	capito	_	_	_	_	_	linguistic	_	none	PauseAfter=Yes	_	_	_	_	_
285-2	PST211	285	285	2	{P}	{P}	_	_	_	_	_	shortpause	_	none	_	_	_	_	_	_
285-3	PST211	285	285	3	va	va	_	_	_	_	_	linguistic	_	none	_	_	_	_	_	_
285-4	PST211	285	285	4	bene	bene	_	_	_	_	_	linguistic	_	none	_	End=566.664	_	_	_	_
286-0	PST211	286	286	0	grazie,	grazie	_	_	_	_	_	linguistic	_	none	Intonation=WeaklyRising	Begin=566.85|End=567.421	_	_	_	_
287-0	PST058	287	287	0	(pr)ego,	prego	_	_	_	_	_	linguistic	_	none	Intonation=WeaklyRising	Begin=567.786|End=568.179	_	_	0-2(0)	_
