token_id	speaker	tu_id	unit	id	span	form	lemma	upos	xpos	feats	deprel	type	meta_label	variation	jefferson_feats	align	prolongations	pace	guesses	overlaps
0-0	PST213	0	0	0	a:h	ah	_	_	_	_	_	linguistic	_	none	_	Begin=0.62|End=1.19	0x1	_	_	_
1-0	PST041	1	1	0	io	io	_	_	_	_	_	linguistic	_	none	_	Begin=1.7	_	_	_	_
1-1	PST041	1	1	1	sono::	sono	_	_	_	_	_	linguistic	_	none	PauseAfter=Yes	_	3x2	_	_	_
1-2	PST041	1	1	2	{P}	{P}	_	_	_	_	_	shortpause	_	none	_	_	_	_	_	_
1-3	PST041	1	1	3	umore::	umore	_	_	_	_	_	linguistic	_	none	_	_	4x2	_	_	_
1-4	PST041	1	1	4	tutta	tutta	_	_	_	_	_	linguistic	_	none	_	_	_	_	_	_
1-5	PST041	1	1	5	la	la	_	_	_	_	_	linguistic	_	none	_	_	_	_	_	_
1-6	PST041	1	1	6	notte	notte	_	_	_	_	_	linguistic	_	none	_	_	_	_	_	_
1-7	PST041	1	1	7	{ride}	{ride}	_	_	_	_	_	nonverbalbehavior	_	none	_	End=4.9	_	_	_	_
2-0	PST213	2	2	0	ah	ah	_	_	_	_	_	linguistic	_	none	_	Begin=5.07	_	_	_	_
2-1	PST213	2	2	1	sì,	sì	_	_	_	_	_	linguistic	_	none	Intonation=WeaklyRising	End=5.64	_	_	_	_
3-0	PST041	3	3	0	u::h	uh	_	_	_	_	_	linguistic	_	none	_	Begin=5.74|End=6.23	0x2	_	_	_
4-0	PST041	4	4	0	venerdì	venerdì	_	_	_	_	_	linguistic	_	none	_	Begin=6.87	_	_	_	_
4-1	PST041	4	4	1	sera,	sera	_	_	_	_	_	linguistic	_	none	Intonation=WeaklyRising	End=8.07	_	_	_	_
5-0	PST041	5	5	0	non	non	_	_	_	_	_	linguistic	_	none	_	Begin=8.34	_	_	_	_
5-1	PST041	5	5	1	si	si	_	_	_	_	_	linguistic	_	none	_	_	_	_	_	_
5-2	PST041	5	5	2	può	può	_	_	_	_	_	linguistic	_	none	_	_	_	_	_	_
5-3	PST041	5	5	3	riposarsi.	riposarsi	_	_	_	_	_	linguistic	_	none	Intonation=Falling	End=9.25	_	_	_	_
6-0	PST213	6	6	0	m::h	mh	_	_	_	_	_	linguistic	_	none	_	Begin=9.4|End=9.84	0x2	_	_	_
7-0	PST213	7	7	0	ma	ma	_	_	_	_	_	linguistic	_	none	_	Begin=10.6	_	_	_	_
7-1	PST213	7	7	1	quando	quando	_	_	_	_	_	linguistic	_	none	_	_	_	_	_	_
7-2	PST213	7	7	2	è	è	_	_	_	_	_	linguistic	_	none	_	_	_	_	_	_
7-3	PST213	7	7	3	venuto	venuto	_	_	_	_	_	linguistic	_	none	_	_	_	_	_	_
7-4	PST213	7	7	4	qua	qua	_	_	_	_	_	linguistic	_	none	_	_	_	_	_	_
7-5	PST213	7	7	5	in	in	_	_	_	_	_	linguistic	_	none	_	_	_	_	_	_
7-6	PST213	7	7	6	italia	italia	_	_	_	_	_	linguistic	_	none	_	_	_	_	_	_
7-7	PST213	7	7	7	è	è	_	_	_	_	_	linguistic	_	none	_	_	_	_	_	_
7-8	PST213	7	7	8	venuto	venuto	_	_	_	_	_	linguistic	_	none	_	_	_	_	_	_
7-9	PST213	7	7	9	direttamente	direttamente	_	_	_	_	_	linguistic	_	none	_	_	_	_	_	_
7-10	PST213	7	7	10	a:	a	_	_	_	_	_	linguistic	_	none	_	_	0x1	_	_	_
7-11	PST213	7	7	11	torino?	torino	_	_	_	_	_	linguistic	_	none	Intonation=Rising	End=14.057	_	_	_	_
8-0	PST041	8	8	0	e:h	eh	_	_	_	_	_	linguistic	_	none	_	Begin=15.18	0x1	_	_	_
8-1	PST041	8	8	1	prima	prima	_	_	_	_	_	linguistic	_	none	_	_	_	_	_	_
8-2	PST041	8	8	2	sono	sono	_	_	_	_	_	linguistic	_	none	_	_	_	_	_	_
8-3	PST041	8	8	3	andata	andata	_	_	_	_	_	linguistic	_	none	_	_	_	_	_	_
8-4	PST041	8	8	4	a	a	_	_	_	_	_	linguistic	_	none	_	_	_	_	_	_
8-5	PST041	8	8	5	(usseaux),	usseaux	_	_	_	_	_	linguistic	_	none	Intonation=WeaklyRising	End=17.231	_	_	0-7(0)	_
9-0	PST041	9	9	0	e:h	eh	_	_	_	_	_	linguistic	_	none	_	Begin=17.4	0x1	_	_	_
9-1	PST041	9	9	1	mont~	mont~	_	_	_	_	_	linguistic	_	none	Interrupted=Yes	_	_	_	_	_
9-2	PST041	9	9	2	montagna	montagna	_	_	_	_	_	linguistic	_	none	_	End=18.62	_	_	_	_
10-0	PST213	10	10	0	ah	ah	_	_	_	_	_	linguistic	_	none	_	Begin=18.77	_	_	_	_
10-1	PST213	10	10	1	okay	okay	_	_	_	_	_	linguistic	_	none	_	End=19.41	_	_	_	_
11-0	PST212	11	11	0	[è	è	_	_	_	_	_	linguistic	_	none	PauseAfter=Yes	Begin=20.32	_	_	_	0-1(1)
11-1	PST212	11	11	1	{P}	{P}	_	_	_	_	_	shortpause	_	none	_	_	_	_	_	0-3(1)
11-2	PST212	11	11	2	sempre]	sempre	_	_	_	_	_	linguistic	_	none	_	_	_	_	_	0-6(1)
11-3	PST212	11	11	3	in	in	_	_	_	_	_	linguistic	_	none	_	_	_	_	_	_
11-4	PST212	11	11	4	piemonte?	piemonte	_	_	_	_	_	linguistic	_	none	Intonation=Rising	End=21.6	_	_	_	_
12-0	PST041	12	12	0	[dopo	dopo	_	_	_	_	_	linguistic	_	none	_	Begin=20.32	_	_	_	0-4(1)
12-1	PST041	12	12	1	sono]	sono	_	_	_	_	_	linguistic	_	none	_	End=21.01	_	_	_	0-4(1)
13-0	PST041	13	13	0	sì::	sì	_	_	_	_	_	linguistic	_	none	_	Begin=21.61|End=22.06	1x2	_	_	_
14-0	PST212	14	14	0	ah	ah	_	_	_	_	_	linguistic	_	none	_	Begin=22.07	_	_	_	_
14-1	PST212	14	14	1	okay	okay	_	_	_	_	_	linguistic	_	none	_	End=22.5	_	_	_	_
15-0	PST041	15	15	0	io	io	_	_	_	_	_	linguistic	_	none	_	Begin=22.64	_	_	_	_
15-1	PST041	15	15	1	dopo	dopo	_	_	_	_	_	linguistic	_	none	_	_	_	_	_	_
15-2	PST041	15	15	2	sono	sono	_	_	_	_	_	linguistic	_	none	_	_	_	_	_	_
15-3	PST041	15	15	3	venuto	venuto	_	_	_	_	_	linguistic	_	none	_	_	_	_	_	_
15-4	PST041	15	15	4	a	a	_	_	_	_	_	linguistic	_	none	_	_	_	_	_	_
15-5	PST041	15	15	5	torino,	torino	_	_	_	_	_	linguistic	_	none	Intonation=WeaklyRising	_	_	_	_	_
15-6	PST041	15	15	6	stato	stato	_	_	_	_	_	linguistic	_	none	_	_	_	_	_	_
15-7	PST041	15	15	7	in	in	_	_	_	_	_	linguistic	_	none	_	_	_	_	_	_
15-8	PST041	15	15	8	affitto,	affitto	_	_	_	_	_	linguistic	_	none	Intonation=WeaklyRising	End=25.85	_	_	_	_
16-0	PST041	16	16	0	a	a	_	_	_	_	_	linguistic	_	none	_	Begin=26.28	_	_	_	_
16-1	PST041	16	16	1	porta	porta	_	_	_	_	_	linguistic	_	none	_	_	_	_	_	_
16-2	PST041	16	16	2	palazzo,	palazzo	_	_	_	_	_	linguistic	_	none	Intonation=WeaklyRising	End=27.39	_	_	_	_
17-0	PST213	17	17	0	mh	mh	_	_	_	_	_	linguistic	_	none	_	Begin=27.59|End=27.92	_	_	_	_
18-0	PST041	18	18	0	e::h	eh	_	_	_	_	_	linguistic	_	none	_	Begin=28.77	0x2	_	_	_
18-1	PST041	18	18	1	[dopo]	dopo	_	_	_	_	_	linguistic	_	none	_	End=29.721	_	_	_	0-4(3)
19-0	PST213	19	19	0	[beh	beh	_	_	_	_	_	linguistic	_	none	_	Begin=29.21	_	_	_	0-3(3)
19-1	PST213	19	19	1	anche	anche	_	_	_	_	_	linguistic	_	none	_	_	_	_	_	0-5(3)
19-2	PST213	19	19	2	lì]	lì	_	_	_	_	_	linguistic	_	none	_	_	_	_	_	0-2(3)
19-3	PST213	19	19	3	ce	ce	_	_	_	_	_	linguistic	_	none	_	_	_	_	_	_
19-4	PST213	19	19	4	ne	ne	_	_	_	_	_	linguistic	_	none	_	_	_	_	_	_
19-5	PST213	19	19	5	sono	sono	_	_	_	_	_	linguistic	_	none	_	_	_	_	_	_
19-6	PST213	19	19	6	di	di	_	_	_	_	_	linguistic	_	none	_	_	_	_	_	_
19-7	PST213	19	19	7	rumore	rumore	_	_	_	_	_	linguistic	_	none	_	_	_	_	_	_
19-8	PST213	19	19	8	eh	eh	_	_	_	_	_	linguistic	_	none	PauseAfter=Yes	_	_	_	_	_
19-9	PST213	19	19	9	{P}	{P}	_	_	_	_	_	shortpause	_	none	_	_	_	_	_	_
19-10	PST213	19	19	10	porta	porta	_	_	_	_	_	linguistic	_	none	_	_	_	_	_	_
19-11	PST213	19	19	11	palazzo.	palazzo	_	_	_	_	_	linguistic	_	none	Intonation=Falling	End=31.53	_	_	_	_
20-0	PST041	20	20	0	sì:	sì	_	_	_	_	_	linguistic	_	none	_	Begin=32.174	1x1	_	_	_
20-1	PST041	20	20	1	tutti	tutti	_	_	_	_	_	linguistic	_	none	_	_	_	_	_	_
20-2	PST041	20	20	2	i	i	_	_	_	_	_	linguistic	_	none	_	_	_	_	_	_
20-3	PST041	20	20	3	$mattini	mattini	_	_	_	_	_	linguistic	_	none	Orthography=Yes|Variation=Emerging	_	_	_	_	_
20-4	PST041	20	20	4	c'	c'	_	_	_	_	_	linguistic	_	none	SpaceAfter=No	_	_	_	_	_
20-5	PST041	20	20	5	era::	era	_	_	_	_	_	linguistic	_	none	_	End=34.48	2x2	_	_	_
21-0	PST041	21	21	0	duemilatrè::	duemilatrè	_	_	_	_	_	linguistic	_	none	_	Begin=34.77	9x2	_	_	_
21-1	PST041	21	21	1	duemilaquattro:	duemilaquattro	_	_	_	_	_	linguistic	_	none	_	End=37.332	13x1	_	_	_
22-0	PST041	22	22	0	c'	c'	_	_	_	_	_	linguistic	_	none	SpaceAfter=No	Begin=37.69	_	_	_	_
22-1	PST041	22	22	1	era	era	_	_	_	_	_	linguistic	_	none	PauseAfter=Yes	_	_	_	_	_
22-2	PST041	22	22	2	{P}	{P}	_	_	_	_	_	shortpause	_	none	_	_	_	_	_	_
22-3	PST041	22	22	3	questi::	questi	_	_	_	_	_	linguistic	_	none	_	_	5x2	_	_	_
22-4	PST041	22	22	4	che	che	_	_	_	_	_	linguistic	_	none	_	_	_	_	_	_
22-5	PST041	22	22	5	vado	vado	_	_	_	_	_	linguistic	_	none	_	_	_	_	_	_
22-6	PST041	22	22	6	a	a	_	_	_	_	_	linguistic	_	none	_	_	_	_	_	_
22-7	PST041	22	22	7	porta	porta	_	_	_	_	_	linguistic	_	none	_	End=40.91	_	_	_	_
23-0	PST041	23	23	0	a::	a	_	_	_	_	_	linguistic	_	none	_	Begin=41.34	0x2	_	_	_
23-1	PST041	23	23	1	casa:	casa	_	_	_	_	_	linguistic	_	none	_	_	3x1	_	_	_
23-2	PST041	23	23	2	questi	questi	_	_	_	_	_	linguistic	_	none	_	_	_	_	_	_
23-3	PST041	23	23	3	(motoretti)	motoretti	_	_	_	_	_	linguistic	_	none	_	_	_	_	0-9(0)	_
23-4	PST041	23	23	4	così	così	_	_	_	_	_	linguistic	_	none	_	End=44.02	_	_	_	_
24-0	PST213	24	24	0	mh	mh	_	_	_	_	_	linguistic	_	none	_	Begin=44.02	_	_	_	_
24-1	PST213	24	24	1	mh	mh	_	_	_	_	_	linguistic	_	none	_	End=44.52	_	_	_	_
25-0	PST041	25	25	0	a(ll)e	alle	_	_	_	_	_	linguistic	_	none	PauseAfter=Yes	Begin=44.76	_	_	1-3(0)	_
25-1	PST041	25	25	1	{P}	{P}	_	_	_	_	_	shortpause	_	none	_	_	_	_	_	_
25-2	PST041	25	25	2	quattro	quattro	_	_	_	_	_	linguistic	_	none	_	_	_	_	_	_
25-3	PST041	25	25	3	o	o	_	_	_	_	_	linguistic	_	none	_	_	_	_	_	_
25-4	PST041	25	25	4	cinque	cinque	_	_	_	_	_	linguistic	_	none	_	_	_	_	_	_
25-5	PST041	25	25	5	di	di	_	_	_	_	_	linguistic	_	none	_	_	_	_	_	_
25-6	PST041	25	25	6	mattina	mattina	_	_	_	_	_	linguistic	_	none	_	End=47.289	_	_	_	_
26-0	PST213	26	26	0	ohi	ohi	_	_	_	_	_	linguistic	_	none	_	Begin=47.75|End=48.35	_	_	_	_
27-0	PST041	27	27	0	#i	i	_	_	_	_	_	linguistic	_	some	Language=NO_ISO_CODE|Variation=Token	Begin=48.91	_	_	_	_
27-1	PST041	27	27	1	si	si	_	_	_	_	_	linguistic	_	some	_	_	_	_	_	_
27-2	PST041	27	27	2	era::	era	_	_	_	_	_	linguistic	_	some	PauseAfter=Yes	_	2x2	_	_	_
27-3	PST041	27	27	3	{P}	{P}	_	_	_	_	_	shortpause	_	some	_	_	_	_	_	_
27-4	PST041	27	27	4	li	li	_	_	_	_	_	linguistic	_	some	_	_	_	_	_	_
27-5	PST041	27	27	5	ritornava	ritornava	_	_	_	_	_	linguistic	_	some	_	_	_	_	_	_
27-6	PST041	27	27	6	adesso s~	adesso s~	_	_	_	_	_	error	_	some	_	End=51.81	_	_	_	_
28-0	PST041	28	28	0	il	il	_	_	_	_	_	linguistic	_	none	_	Begin=52.34	_	_	_	_
28-1	PST041	28	28	1	parcheggio	parcheggio	_	_	_	_	_	linguistic	_	none	_	_	_	_	_	_
28-2	PST041	28	28	2	è	è	_	_	_	_	_	linguistic	_	none	_	_	_	_	_	_
28-3	PST041	28	28	3	di	di	_	_	_	_	_	linguistic	_	none	_	_	_	_	_	_
28-4	PST041	28	28	4	lato	lato	_	_	_	_	_	linguistic	_	none	_	_	_	_	_	_
28-5	PST041	28	28	5	[non	non	_	_	_	_	_	linguistic	_	none	_	_	_	_	_	0-3(6)
28-6	PST041	28	28	6	importa	importa	_	_	_	_	_	linguistic	_	none	_	_	_	_	_	0-7(6)
28-7	PST041	28	28	7	dove::]	dove	_	_	_	_	_	linguistic	_	none	_	End=54.652	3x2	_	_	0-4(6)
29-0	PST213	29	29	0	[m:h	mh	_	_	_	_	_	linguistic	_	none	_	Begin=53.67	0x1	_	_	0-2(6)
29-1	PST213	29	29	1	mh]	mh	_	_	_	_	_	linguistic	_	none	_	End=54.45	_	_	_	0-2(6)
30-0	PST213	30	30	0	mh	mh	_	_	_	_	_	linguistic	_	none	_	Begin=55.041	_	_	_	_
30-1	PST213	30	30	1	mh	mh	_	_	_	_	_	linguistic	_	none	_	End=55.371	_	_	_	_
31-0	PST041	31	31	0	in	in	_	_	_	_	_	linguistic	_	none	_	Begin=56.0	_	_	_	_
31-1	PST041	31	31	1	cantina	cantina	_	_	_	_	_	linguistic	_	none	PauseAfter=Yes	_	_	_	_	_
31-2	PST041	31	31	2	{P}	{P}	_	_	_	_	_	shortpause	_	none	_	_	_	_	_	_
31-3	PST041	31	31	3	c'	c'	_	_	_	_	_	linguistic	_	none	SpaceAfter=No	_	_	_	_	_
31-4	PST041	31	31	4	era	era	_	_	_	_	_	linguistic	_	none	_	_	_	_	_	_
31-5	PST041	31	31	5	cantina	cantina	_	_	_	_	_	linguistic	_	none	_	_	_	_	_	_
31-6	PST041	31	31	6	di::	di	_	_	_	_	_	linguistic	_	none	_	End=58.062	1x2	_	_	_
32-0	PST041	32	32	0	(ch)e	che	_	_	_	_	_	linguistic	_	none	_	Begin=59.02	_	_	0-2(0)	_
32-1	PST041	32	32	1	so::	so	_	_	_	_	_	linguistic	_	none	_	End=59.79	1x2	_	_	_
33-0	PST041	33	33	0	dopo	dopo	_	_	_	_	_	linguistic	_	none	_	Begin=60.68	_	_	_	_
33-1	PST041	33	33	1	sono	sono	_	_	_	_	_	linguistic	_	none	_	_	_	_	_	_
33-2	PST041	33	33	2	passato	passato	_	_	_	_	_	linguistic	_	none	_	_	_	_	_	_
33-3	PST041	33	33	3	a	a	_	_	_	_	_	linguistic	_	none	_	_	_	_	_	_
33-4	PST041	33	33	4	via	via	_	_	_	_	_	linguistic	_	none	_	_	_	_	_	_
33-5	PST041	33	33	5	@nomeluogo	@nomeluogo	_	_	_	_	_	anonymized	_	none	_	End=62.678	_	_	_	_
34-0	PST041	34	34	0	comperato	comperato	_	_	_	_	_	linguistic	_	none	_	Begin=63.15	_	_	_	_
34-1	PST041	34	34	1	la	la	_	_	_	_	_	linguistic	_	none	_	_	_	_	_	_
34-2	PST041	34	34	2	casa	casa	_	_	_	_	_	linguistic	_	none	_	_	_	_	_	_
34-3	PST041	34	34	3	e::	e	_	_	_	_	_	linguistic	_	none	_	End=64.42	0x2	_	_	_
35-0	PST041	35	35	0	ho	ho	_	_	_	_	_	linguistic	_	none	_	Begin=65.23	_	_	_	_
35-1	PST041	35	35	1	saputo	saputo	_	_	_	_	_	linguistic	_	none	_	_	_	_	_	_
35-2	PST041	35	35	2	che:	che	_	_	_	_	_	linguistic	_	none	_	_	2x1	_	_	_
35-3	PST041	35	35	3	questa::	questa	_	_	_	_	_	linguistic	_	none	_	End=67.41	5x2	_	_	_
36-0	PST041	36	36	0	#i::	i	_	_	_	_	_	linguistic	_	some	Language=NO_ISO_CODE|Variation=Token	Begin=68.85	0x2	_	_	_
36-1	PST041	36	36	1	e::h	eh	_	_	_	_	_	linguistic	_	some	_	End=69.46	0x2	_	_	_
37-0	PST041	37	37	0	così	così	_	_	_	_	_	linguistic	_	none	_	Begin=70.71	_	_	_	_
37-1	PST041	37	37	1	è	è	_	_	_	_	_	linguistic	_	none	_	_	_	_	_	_
37-2	PST041	37	37	2	la	la	_	_	_	_	_	linguistic	_	none	_	_	_	_	_	_
37-3	PST041	37	37	3	strada	strada	_	_	_	_	_	linguistic	_	none	PauseAfter=Yes	_	_	_	_	_
37-4	PST041	37	37	4	{P}	{P}	_	_	_	_	_	shortpause	_	none	_	_	_	_	_	_
37-5	PST041	37	37	5	via	via	_	_	_	_	_	linguistic	_	none	_	_	_	_	_	_
37-6	PST041	37	37	6	così::	così	_	_	_	_	_	linguistic	_	none	_	End=73.124	3x2	_	_	_
38-0	PST041	38	38	0	brutta	brutta	_	_	_	_	_	linguistic	_	none	PauseAfter=Yes	Begin=73.56	_	_	_	_
38-1	PST041	38	38	1	{P}	{P}	_	_	_	_	_	shortpause	_	none	_	_	_	_	_	_
38-2	PST041	38	38	2	(l'	l'	_	_	_	_	_	linguistic	_	none	SpaceAfter=No	_	_	_	0-2(0)	_
38-3	PST041	38	38	3	ha	ha	_	_	_	_	_	linguistic	_	none	_	_	_	_	0-2(0)	_
38-4	PST041	38	38	4	comprata	comprata	_	_	_	_	_	linguistic	_	none	_	_	_	_	0-8(0)	_
38-5	PST041	38	38	5	nuovo)	nuovo	_	_	_	_	_	linguistic	_	none	_	End=75.44	_	_	0-5(0)	_
39-0	PST213	39	39	0	{ride}	{ride}	_	_	_	_	_	nonverbalbehavior	_	none	_	Begin=74.13|End=74.45	_	_	_	_
40-0	PST041	40	40	0	brutta	brutta	_	_	_	_	_	linguistic	_	none	_	Begin=76.58|End=77.1	_	_	_	_
41-0	PST212	41	41	0	quindi	quindi	_	_	_	_	_	linguistic	_	none	_	Begin=77.45	_	_	_	_
41-1	PST212	41	41	1	non	non	_	_	_	_	_	linguistic	_	none	_	_	_	_	_	_
41-2	PST212	41	41	2	si	si	_	_	_	_	_	linguistic	_	none	_	_	_	_	_	_
41-3	PST212	41	41	3	trova	trova	_	_	_	_	_	linguistic	_	none	_	_	_	_	_	_
41-4	PST212	41	41	4	tanto	tanto	_	_	_	_	_	linguistic	_	none	_	_	_	_	_	_
41-5	PST212	41	41	5	bene	bene	_	_	_	_	_	linguistic	_	none	PauseAfter=Yes	_	_	_	_	_
41-6	PST212	41	41	6	{P}	{P}	_	_	_	_	_	shortpause	_	none	_	_	_	_	_	_
41-7	PST212	41	41	7	vorrebbe	vorrebbe	_	_	_	_	_	linguistic	_	none	_	_	_	_	_	_
41-8	PST212	41	41	8	cambiare::	cambiare	_	_	_	_	_	linguistic	_	none	_	End=80.58	7x2	_	_	_
42-0	PST041	42	42	0	e:h	eh	_	_	_	_	_	linguistic	_	none	_	Begin=80.73	0x1	_	_	_
42-1	PST041	42	42	1	come	come	_	_	_	_	_	linguistic	_	none	_	_	_	_	_	_
42-2	PST041	42	42	2	per	per	_	_	_	_	_	linguistic	_	none	_	_	_	_	_	_
42-3	PST041	42	42	3	vendere	vendere	_	_	_	_	_	linguistic	_	none	_	_	_	_	_	_
42-4	PST041	42	42	4	non	non	_	_	_	_	_	linguistic	_	none	_	_	_	_	_	_
42-5	PST041	42	42	5	si	si	_	_	_	_	_	linguistic	_	none	_	End=82.75	_	_	_	_
43-0	PST041	43	43	0	non	non	_	_	_	_	_	linguistic	_	none	_	Begin=82.89	_	_	_	_
43-1	PST041	43	43	1	puoi	puoi	_	_	_	_	_	linguistic	_	none	_	_	_	_	_	_
43-2	PST041	43	43	2	vendere	vendere	_	_	_	_	_	linguistic	_	none	_	_	_	_	_	_
43-3	PST041	43	43	3	da	da	_	_	_	_	_	linguistic	_	none	_	_	_	_	_	_
43-4	PST041	43	43	4	qui:	qui	_	_	_	_	_	linguistic	_	none	_	_	2x1	_	_	_
43-5	PST041	43	43	5	non	non	_	_	_	_	_	linguistic	_	none	_	_	_	_	_	_
43-6	PST041	43	43	6	si	si	_	_	_	_	_	linguistic	_	none	_	_	_	_	_	_
43-7	PST041	43	43	7	può	può	_	_	_	_	_	linguistic	_	none	_	_	_	_	_	_
43-8	PST041	43	43	8	vendere	vendere	_	_	_	_	_	linguistic	_	none	_	End=85.211	_	_	_	_
44-0	PST041	44	44	0	hai::	hai	_	_	_	_	_	linguistic	_	none	_	Begin=85.32	2x2	_	_	_
44-1	PST041	44	44	1	a	a	_	_	_	_	_	linguistic	_	none	_	_	_	_	_	_
44-2	PST041	44	44	2	pagar~	pagar~	_	_	_	_	_	linguistic	_	none	Interrupted=Yes	_	_	_	_	_
44-3	PST041	44	44	3	trentacinque	trentacinque	_	_	_	_	_	linguistic	_	none	_	End=87.06	_	_	_	_
45-0	PST041	45	45	0	e::h	eh	_	_	_	_	_	linguistic	_	none	_	Begin=87.72	0x2	_	_	_
45-1	PST041	45	45	1	ti	ti	_	_	_	_	_	linguistic	_	none	_	_	_	_	_	_
45-2	PST041	45	45	2	danno	danno	_	_	_	_	_	linguistic	_	none	_	_	_	_	_	_
45-3	PST041	45	45	3	diecimila	diecimila	_	_	_	_	_	linguistic	_	none	_	_	_	_	_	_
45-4	PST041	45	45	4	cinquemila	cinquemila	_	_	_	_	_	linguistic	_	none	_	_	_	_	_	_
45-5	PST041	45	45	5	[non	non	_	_	_	_	_	linguistic	_	none	_	_	_	_	_	0-3(9)
45-6	PST041	45	45	6	ti	ti	_	_	_	_	_	linguistic	_	none	_	_	_	_	_	0-2(9)
45-7	PST041	45	45	7	danno	danno	_	_	_	_	_	linguistic	_	none	_	_	_	_	_	0-5(9)
45-8	PST041	45	45	8	di]	di	_	_	_	_	_	linguistic	_	none	_	_	_	_	_	0-2(9)
45-9	PST041	45	45	9	più	più	_	_	_	_	_	linguistic	_	none	_	End=91.76	_	_	_	_
46-0	PST213	46	46	0	[m::h	mh	_	_	_	_	_	linguistic	_	none	_	Begin=90.69	0x2	_	_	0-2(9)
46-1	PST213	46	46	1	mh]	mh	_	_	_	_	_	linguistic	_	none	_	End=91.31	_	_	_	0-2(9)
47-0	PST213	47	47	0	m::h	mh	_	_	_	_	_	linguistic	_	none	_	Begin=92.56	0x2	_	_	_
47-1	PST213	47	47	1	[mh]	mh	_	_	_	_	_	linguistic	_	none	_	End=93.43	_	_	_	0-2(10)
48-0	PST041	48	48	0	[la	la	_	_	_	_	_	linguistic	_	none	_	Begin=92.87	_	_	_	0-2(10)
48-1	PST041	48	48	1	casa]	casa	_	_	_	_	_	linguistic	_	none	_	End=93.42	_	_	_	0-4(10)
49-0	PST212	49	49	0	okay	okay	_	_	_	_	_	linguistic	_	none	_	Begin=95.92|End=96.48	_	_	_	_
50-0	PST212	50	50	0	e:::hm::	ehm	_	_	_	_	_	linguistic	_	none	PauseAfter=Yes	Begin=96.87	0x3,2x2	_	_	_
50-1	PST212	50	50	1	{P}	{P}	_	_	_	_	_	shortpause	_	none	_	_	_	_	_	_
50-2	PST212	50	50	2	lei	lei	_	_	_	_	_	linguistic	_	none	_	_	_	_	_	_
50-3	PST212	50	50	3	lavora	lavora	_	_	_	_	_	linguistic	_	none	_	End=99.9	_	_	_	_
51-0	PST041	51	51	0	sì:	sì	_	_	_	_	_	linguistic	_	none	_	Begin=100.18	1x1	_	_	_
51-1	PST041	51	51	1	a	a	_	_	_	_	_	linguistic	_	none	_	End=100.84	_	_	_	_
52-0	PST212	52	52	0	qua	qua	_	_	_	_	_	linguistic	_	none	_	Begin=100.86	_	_	_	_
52-1	PST212	52	52	1	a	a	_	_	_	_	_	linguistic	_	none	_	_	_	_	_	_
52-2	PST212	52	52	2	torino?	torino	_	_	_	_	_	linguistic	_	none	Intonation=Rising	End=101.6	_	_	_	_
53-0	PST212	53	53	0	[che]	che	_	_	_	_	_	linguistic	_	none	_	Begin=101.77	_	_	_	0-3(12)
53-1	PST212	53	53	1	lavoro	lavoro	_	_	_	_	_	linguistic	_	none	_	_	_	_	_	_
53-2	PST212	53	53	2	fa.	fa	_	_	_	_	_	linguistic	_	none	Intonation=Falling	End=102.697	_	_	_	_
54-0	PST041	54	54	0	[sì]	sì	_	_	_	_	_	linguistic	_	none	_	Begin=101.77|End=101.954	_	_	_	0-2(12)
55-0	PST041	55	55	0	muratore	muratore	_	_	_	_	_	linguistic	_	none	_	Begin=103.251|End=103.807	_	_	_	_
56-0	PST212	56	56	0	okay	okay	_	_	_	_	_	linguistic	_	none	_	Begin=104.371|End=104.821	_	_	_	_
57-0	PST212	57	57	0	e	e	_	_	_	_	_	linguistic	_	none	_	Begin=105.407	_	_	_	_
57-1	PST212	57	57	1	non	non	_	_	_	_	_	linguistic	_	none	_	_	_	_	_	_
57-2	PST212	57	57	2	so	so	_	_	_	_	_	linguistic	_	none	_	_	_	_	_	_
57-3	PST212	57	57	3	vuole	vuole	_	_	_	_	_	linguistic	_	none	_	_	_	_	_	_
57-4	PST212	57	57	4	raccontarci	raccontarci	_	_	_	_	_	linguistic	_	none	_	_	_	_	_	_
57-5	PST212	57	57	5	qualcosa	qualcosa	_	_	_	_	_	linguistic	_	none	_	_	_	_	_	_
57-6	PST212	57	57	6	di:	di	_	_	_	_	_	linguistic	_	none	_	_	1x1	_	_	_
57-7	PST212	57	57	7	come	come	_	_	_	_	_	linguistic	_	none	_	_	_	_	_	_
57-8	PST212	57	57	8	ha	ha	_	_	_	_	_	linguistic	_	none	_	_	_	_	_	_
57-9	PST212	57	57	9	trovato	trovato	_	_	_	_	_	linguistic	_	none	_	_	_	_	_	_
57-10	PST212	57	57	10	lavo::ro	lavoro	_	_	_	_	_	linguistic	_	none	_	End=108.814	3x2	_	_	_
58-0	PST212	58	58	0	se	se	_	_	_	_	_	linguistic	_	none	_	Begin=108.836	_	_	_	_
58-1	PST212	58	58	1	è	è	_	_	_	_	_	linguistic	_	none	_	_	_	_	_	_
58-2	PST212	58	58	2	stato	stato	_	_	_	_	_	linguistic	_	none	_	_	_	_	_	_
58-3	PST212	58	58	3	diffi::cile::	difficile	_	_	_	_	_	linguistic	_	none	_	End=110.507	4x2,8x2	_	_	_
59-0	PST212	59	59	0	[da	da	_	_	_	_	_	linguistic	_	none	_	Begin=111.135	_	_	_	0-2(14)
59-1	PST212	59	59	1	quanto	quanto	_	_	_	_	_	linguistic	_	none	_	_	_	_	_	0-6(14)
59-2	PST212	59	59	2	tempo	tempo	_	_	_	_	_	linguistic	_	none	_	_	_	_	_	0-5(14)
59-3	PST212	59	59	3	fa	fa	_	_	_	_	_	linguistic	_	none	_	_	_	_	_	0-2(14)
59-4	PST212	59	59	4	questo	questo	_	_	_	_	_	linguistic	_	none	_	_	_	_	_	0-6(14)
59-5	PST212	59	59	5	lav~]	lav~	_	_	_	_	_	linguistic	_	none	Interrupted=Yes	End=112.803	_	_	_	0-4(14)
60-0	PST041	60	60	0	[come	come	_	_	_	_	_	linguistic	_	none	_	Begin=111.135	_	_	_	0-4(14)
60-1	PST041	60	60	1	ha	ha	_	_	_	_	_	linguistic	_	none	_	_	_	_	_	0-2(14)
60-2	PST041	60	60	2	trovato	trovato	_	_	_	_	_	linguistic	_	none	PauseAfter=Yes	_	_	_	_	0-7(14)
60-3	PST041	60	60	3	{P}	{P}	_	_	_	_	_	shortpause	_	none	_	_	_	_	_	0-3(14)
60-4	PST041	60	60	4	e::h]	eh	_	_	_	_	_	linguistic	_	none	_	End=112.803	0x2	_	_	0-2(14)
61-0	PST041	61	61	0	e:h	eh	_	_	_	_	_	linguistic	_	none	_	Begin=113.087	0x1	_	_	_
61-1	PST041	61	61	1	ho	ho	_	_	_	_	_	linguistic	_	none	_	_	_	_	_	_
61-2	PST041	61	61	2	trovato	trovato	_	_	_	_	_	linguistic	_	none	_	_	_	_	_	_
61-3	PST041	61	61	3	lavoro::	lavoro	_	_	_	_	_	linguistic	_	none	_	End=114.437	5x2	_	_	_
62-0	PST041	62	62	0	così	così	_	_	_	_	_	linguistic	_	none	_	Begin=114.749	_	_	_	_
62-1	PST041	62	62	1	che	che	_	_	_	_	_	linguistic	_	none	_	_	_	_	_	_
62-2	PST041	62	62	2	xx	xx	_	_	_	_	_	unknown	_	none	Syllables=2	_	_	_	_	_
62-3	PST041	62	62	3	mio	mio	_	_	_	_	_	linguistic	_	none	_	_	_	_	_	_
62-4	PST041	62	62	4	figlio	figlio	_	_	_	_	_	linguistic	_	none	_	_	_	_	_	_
62-5	PST041	62	62	5	è	è	_	_	_	_	_	linguistic	_	none	_	_	_	_	_	_
62-6	PST041	62	62	6	il	il	_	_	_	_	_	linguistic	_	none	_	_	_	_	_	_
62-7	PST041	62	62	7	responsabile	responsabile	_	_	_	_	_	linguistic	_	none	_	_	_	_	_	_
62-8	PST041	62	62	8	di	di	_	_	_	_	_	linguistic	_	none	_	_	_	_	_	_
62-9	PST041	62	62	9	cantiere.	cantiere	_	_	_	_	_	linguistic	_	none	Intonation=Falling	End=117.56	_	_	_	_
63-0	PST212	63	63	0	ah	ah	_	_	_	_	_	linguistic	_	none	_	Begin=117.786	_	_	_	_
63-1	PST212	63	63	1	okay,	okay	_	_	_	_	_	linguistic	_	none	Intonation=WeaklyRising	End=118.457	_	_	_	_
64-0	PST041	64	64	0	e::	e	_	_	_	_	_	linguistic	_	none	_	Begin=118.457	0x2	_	_	_
64-1	PST041	64	64	1	per	per	_	_	_	_	_	linguistic	_	none	_	_	_	_	_	_
64-2	PST041	64	64	2	questa	questa	_	_	_	_	_	linguistic	_	none	_	_	_	_	_	_
64-3	PST041	64	64	3	lavoro:	lavoro	_	_	_	_	_	linguistic	_	none	_	End=120.042	5x1	_	_	_
65-0	PST212	65	65	0	quindi	quindi	_	_	_	_	_	linguistic	_	none	_	Begin=120.357	_	_	_	_
65-1	PST212	65	65	1	lei	lei	_	_	_	_	_	linguistic	_	none	_	_	_	_	_	_
65-2	PST212	65	65	2	vive	vive	_	_	_	_	_	linguistic	_	none	_	_	_	_	_	_
65-3	PST212	65	65	3	qua	qua	_	_	_	_	_	linguistic	_	none	_	_	_	_	_	_
65-4	PST212	65	65	4	con	con	_	_	_	_	_	linguistic	_	none	_	_	_	_	_	_
65-5	PST212	65	65	5	suo	suo	_	_	_	_	_	linguistic	_	none	_	_	_	_	_	_
65-6	PST212	65	65	6	figlio?	figlio	_	_	_	_	_	linguistic	_	none	Intonation=Rising	End=122.471	_	_	_	_
66-0	PST212	66	66	0	e	e	_	_	_	_	_	linguistic	_	none	_	Begin=122.571	_	_	_	_
66-1	PST212	66	66	1	con	con	_	_	_	_	_	linguistic	_	none	_	_	_	_	_	_
66-2	PST212	66	66	2	altri	altri	_	_	_	_	_	linguistic	_	none	_	_	_	_	_	_
66-3	PST212	66	66	3	[mem~]	mem~	_	_	_	_	_	linguistic	_	none	Interrupted=Yes	End=123.614	_	_	_	0-4(15)
67-0	PST041	67	67	0	[tre]	tre	_	_	_	_	_	linguistic	_	none	_	Begin=123.307	_	_	_	0-3(15)
67-1	PST041	67	67	1	figli.	figli	_	_	_	_	_	linguistic	_	none	Intonation=Falling	End=124.067	_	_	_	_
68-0	PST213	68	68	0	tre	tre	_	_	_	_	_	linguistic	_	none	_	Begin=124.292	_	_	_	_
68-1	PST213	68	68	1	figli?	figli	_	_	_	_	_	linguistic	_	none	Intonation=Rising	End=124.925	_	_	_	_
69-0	PST041	69	69	0	nipotini,	nipotini	_	_	_	_	_	linguistic	_	none	Intonation=WeaklyRising	Begin=125.678|End=126.522	_	_	_	_
70-0	PST212	70	70	0	ha	ha	_	_	_	_	_	linguistic	_	none	_	Begin=126.849	_	_	_	_
70-1	PST212	70	70	1	anche	anche	_	_	_	_	_	linguistic	_	none	_	End=127.456	_	_	_	_
71-0	PST041	71	71	0	la	la	_	_	_	_	_	linguistic	_	none	_	Begin=128.006	_	_	_	_
71-1	PST041	71	71	1	moglie::	moglie	_	_	_	_	_	linguistic	_	none	_	_	5x2	_	_	_
71-2	PST041	71	71	2	la	la	_	_	_	_	_	linguistic	_	none	_	_	_	_	_	_
71-3	PST041	71	71	3	la	la	_	_	_	_	_	linguistic	_	none	_	_	_	_	_	_
71-4	PST041	71	71	4	nuora,	nuora	_	_	_	_	_	linguistic	_	none	Intonation=WeaklyRising	End=130.008	_	_	_	_
72-0	PST212	72	72	0	okay.	okay	_	_	_	_	_	linguistic	_	none	Intonation=Falling	Begin=130.435|End=130.913	_	_	_	_
73-0	PST041	73	73	0	tre	tre	_	_	_	_	_	linguistic	_	none	_	Begin=131.5	_	_	_	_
73-1	PST041	73	73	1	figli	figli	_	_	_	_	_	linguistic	_	none	_	_	_	_	_	_
73-2	PST041	73	73	2	sono.	sono	_	_	_	_	_	linguistic	_	none	Intonation=Falling	End=132.436	_	_	_	_
74-0	PST213	74	74	0	[mh	mh	_	_	_	_	_	linguistic	_	none	_	Begin=132.797	_	_	_	0-2(16)
74-1	PST213	74	74	1	mh]	mh	_	_	_	_	_	linguistic	_	none	_	End=133.254	_	_	_	0-2(16)
75-0	PST212	75	75	0	[e	e	_	_	_	_	_	linguistic	_	none	_	Begin=132.8	_	_	_	0-1(16)
75-1	PST212	75	75	1	sua]	sua	_	_	_	_	_	linguistic	_	none	_	_	_	_	_	0-3(16)
75-2	PST212	75	75	2	moglie	moglie	_	_	_	_	_	linguistic	_	none	_	_	_	_	_	_
75-3	PST212	75	75	3	anche	anche	_	_	_	_	_	linguistic	_	none	_	_	_	_	_	_
75-4	PST212	75	75	4	è	è	_	_	_	_	_	linguistic	_	none	_	_	_	_	_	_
75-5	PST212	75	75	5	rumena?	rumena	_	_	_	_	_	linguistic	_	none	Intonation=Rising	End=134.644	_	_	_	_
76-0	PST041	76	76	0	moldava::	moldava	_	_	_	_	_	linguistic	_	none	_	Begin=135.768	6x2	_	_	_
76-1	PST041	76	76	1	[(un~	un~	_	_	_	_	_	linguistic	_	none	Interrupted=Yes	_	_	_	0-3(0)	0-3(17)
76-2	PST041	76	76	2	una]	una	_	_	_	_	_	linguistic	_	none	_	_	_	_	0-3(0)	0-3(17)
76-3	PST041	76	76	3	nuova)	nuova	_	_	_	_	_	linguistic	_	none	_	_	_	_	0-5(0)	_
76-4	PST041	76	76	4	cittadinanza	cittadinanza	_	_	_	_	_	linguistic	_	none	_	_	_	_	_	_
76-5	PST041	76	76	5	italiana.	italiana	_	_	_	_	_	linguistic	_	none	Intonation=Falling	End=138.878	_	_	_	_
77-0	PST212	77	77	0	[moldava].	moldava	_	_	_	_	_	linguistic	_	none	Intonation=Falling	Begin=136.612|End=137.034	_	_	_	0-7(17)
78-0	PST213	78	78	0	mh	mh	_	_	_	_	_	linguistic	_	none	_	Begin=138.893	_	_	_	_
78-1	PST213	78	78	1	mh	mh	_	_	_	_	_	linguistic	_	none	_	End=139.314	_	_	_	_
79-0	PST212	79	79	0	e::	e	_	_	_	_	_	linguistic	_	none	_	Begin=140.171|End=140.499	0x2	_	_	_
80-0	PST212	80	80	0	e	e	_	_	_	_	_	linguistic	_	none	_	Begin=141.1	_	_	_	_
80-1	PST212	80	80	1	poi::	poi	_	_	_	_	_	linguistic	_	none	_	_	2x2	_	_	_
80-2	PST212	80	80	2	i	i	_	_	_	_	_	linguistic	_	none	_	_	_	_	_	_
80-3	PST212	80	80	3	suoi	suoi	_	_	_	_	_	linguistic	_	none	_	_	_	_	_	_
80-4	PST212	80	80	4	figli	figli	_	_	_	_	_	linguistic	_	none	_	_	_	_	_	_
80-5	PST212	80	80	5	quindi	quindi	_	_	_	_	_	linguistic	_	none	_	_	_	_	_	_
80-6	PST212	80	80	6	si	si	_	_	_	_	_	linguistic	_	none	_	_	_	_	_	_
80-7	PST212	80	80	7	sono	sono	_	_	_	_	_	linguistic	_	none	_	_	_	_	_	_
80-8	PST212	80	80	8	sposati	sposati	_	_	_	_	_	linguistic	_	none	_	_	_	_	_	_
80-9	PST212	80	80	9	qui	qui	_	_	_	_	_	linguistic	_	none	_	_	_	_	_	_
80-10	PST212	80	80	10	o	o	_	_	_	_	_	linguistic	_	none	_	_	_	_	_	_
80-11	PST212	80	80	11	erano	erano	_	_	_	_	_	linguistic	_	none	_	_	_	_	_	_
80-12	PST212	80	80	12	già::	già	_	_	_	_	_	linguistic	_	none	_	End=145.193	2x2	_	_	_
81-0	PST212	81	81	0	grandi	grandi	_	_	_	_	_	linguistic	_	none	_	Begin=145.364	_	_	_	_
81-1	PST212	81	81	1	quando	quando	_	_	_	_	_	linguistic	_	none	_	_	_	_	_	_
81-2	PST212	81	81	2	siete	siete	_	_	_	_	_	linguistic	_	none	_	_	_	_	_	_
81-3	PST212	81	81	3	arrivati.	arrivati	_	_	_	_	_	linguistic	_	none	Intonation=Falling	End=146.941	_	_	_	_
82-0	PST041	82	82	0	uno	uno	_	_	_	_	_	linguistic	_	none	_	Begin=147.152	_	_	_	_
82-1	PST041	82	82	1	sposato,	sposato	_	_	_	_	_	linguistic	_	none	Intonation=WeaklyRising	End=148.391	_	_	_	_
83-0	PST041	83	83	0	altro	altro	_	_	_	_	_	linguistic	_	none	_	Begin=149.162	_	_	_	_
83-1	PST041	83	83	1	c'	c'	_	_	_	_	_	linguistic	_	none	SpaceAfter=No	_	_	_	_	_
83-2	PST041	83	83	2	è::	è	_	_	_	_	_	linguistic	_	none	_	End=150.282	0x2	_	_	_
84-0	PST041	84	84	0	c'	c'	_	_	_	_	_	linguistic	_	none	SpaceAfter=No	Begin=151.554	_	_	_	_
84-1	PST041	84	84	1	era	era	_	_	_	_	_	linguistic	_	none	PauseAfter=Yes	_	_	_	_	_
84-2	PST041	84	84	2	{P}	{P}	_	_	_	_	_	shortpause	_	none	_	_	_	_	_	_
84-3	PST041	84	84	3	compagna	compagna	_	_	_	_	_	linguistic	_	none	_	_	_	_	_	_
84-4	PST041	84	84	4	no::,	no	_	_	_	_	_	linguistic	_	none	Intonation=WeaklyRising	End=153.336	1x2	_	_	_
85-0	PST041	85	85	0	non	non	_	_	_	_	_	linguistic	_	none	_	Begin=153.401	_	_	_	_
85-1	PST041	85	85	1	c'	c'	_	_	_	_	_	linguistic	_	none	SpaceAfter=No	_	_	_	_	_
85-2	PST041	85	85	2	ha	ha	_	_	_	_	_	linguistic	_	none	_	_	_	_	_	_
85-3	PST041	85	85	3	la	la	_	_	_	_	_	linguistic	_	none	_	_	_	_	_	_
85-4	PST041	85	85	4	compagna	compagna	_	_	_	_	_	linguistic	_	none	_	_	_	_	_	_
85-5	PST041	85	85	5	so~	so~	_	_	_	_	_	linguistic	_	none	Interrupted=Yes	_	_	_	_	_
85-6	PST041	85	85	6	solo	solo	_	_	_	_	_	linguistic	_	none	_	_	_	_	_	_
85-7	PST041	85	85	7	lui	lui	_	_	_	_	_	linguistic	_	none	_	_	_	_	_	_
85-8	PST041	85	85	8	adesso	adesso	_	_	_	_	_	linguistic	_	none	_	End=155.836	_	_	_	_
86-0	PST041	86	86	0	altro	altro	_	_	_	_	_	linguistic	_	none	PauseAfter=Yes	Begin=156.418	_	_	_	_
86-1	PST041	86	86	1	{P}	{P}	_	_	_	_	_	shortpause	_	none	_	_	_	_	_	_
86-2	PST041	86	86	2	(po'	po'	_	_	_	_	_	linguistic	_	none	_	_	_	_	0-3(0)	_
86-3	PST041	86	86	3	grande)	grande	_	_	_	_	_	linguistic	_	none	_	_	_	_	0-6(0)	_
86-4	PST041	86	86	4	lui	lui	_	_	_	_	_	linguistic	_	none	_	_	_	_	_	_
86-5	PST041	86	86	5	sposato.	sposato	_	_	_	_	_	linguistic	_	none	Intonation=Falling	End=158.299	_	_	_	_
87-0	PST041	87	87	0	quaranta	quaranta	_	_	_	_	_	linguistic	_	none	_	Begin=159.477	_	_	_	_
87-1	PST041	87	87	1	uno	uno	_	_	_	_	_	linguistic	_	none	_	_	_	_	_	_
87-2	PST041	87	87	2	anni	anni	_	_	_	_	_	linguistic	_	none	_	_	_	_	_	_
87-3	PST041	87	87	3	è	è	_	_	_	_	_	linguistic	_	none	_	_	_	_	_	_
87-4	PST041	87	87	4	x	x	_	_	_	_	_	unknown	_	none	Syllables=1	_	_	_	_	_
87-5	PST041	87	87	5	sposato	sposato	_	_	_	_	_	linguistic	_	none	_	End=161.19	_	_	_	_
88-0	PST212	88	88	0	a::h	ah	_	_	_	_	_	linguistic	_	none	_	Begin=161.19	0x2	_	_	_
88-1	PST212	88	88	1	è	è	_	_	_	_	_	linguistic	_	none	_	_	_	_	_	_
88-2	PST212	88	88	2	sposato.	sposato	_	_	_	_	_	linguistic	_	none	Intonation=Falling	End=162.011	_	_	_	_
89-0	PST212	89	89	0	e	e	_	_	_	_	_	linguistic	_	none	_	Begin=162.511	_	_	_	_
89-1	PST212	89	89	1	e	e	_	_	_	_	_	linguistic	_	none	_	_	_	_	_	_
89-2	PST212	89	89	2	la	la	_	_	_	_	_	linguistic	_	none	_	_	_	_	_	_
89-3	PST212	89	89	3	moglie	moglie	_	_	_	_	_	linguistic	_	none	_	_	_	_	_	_
89-4	PST212	89	89	4	di	di	_	_	_	_	_	linguistic	_	none	_	_	_	_	_	_
89-5	PST212	89	89	5	suo	suo	_	_	_	_	_	linguistic	_	none	_	_	_	_	_	_
89-6	PST212	89	89	6	figlio	figlio	_	_	_	_	_	linguistic	_	none	_	_	_	_	_	_
89-7	PST212	89	89	7	è	è	_	_	_	_	_	linguistic	_	none	_	_	_	_	_	_
89-8	PST212	89	89	8	italiana	italiana	_	_	_	_	_	linguistic	_	none	_	_	_	_	_	_
89-9	PST212	89	89	9	oppure	oppure	_	_	_	_	_	linguistic	_	none	_	End=165.772	_	_	_	_
90-0	PST041	90	90	0	come?	come	_	_	_	_	_	linguistic	_	none	Intonation=Rising	Begin=166.174|End=166.609	_	_	_	_
91-0	PST212	91	91	0	e::h	eh	_	_	_	_	_	linguistic	_	none	_	Begin=169.75	0x2	_	_	_
91-1	PST212	91	91	1	la	la	_	_	_	_	_	linguistic	_	none	_	_	_	_	_	_
91-2	PST212	91	91	2	moglie	moglie	_	_	_	_	_	linguistic	_	none	_	_	_	_	_	_
91-3	PST212	91	91	3	di	di	_	_	_	_	_	linguistic	_	none	_	_	_	_	_	_
91-4	PST212	91	91	4	suo	suo	_	_	_	_	_	linguistic	_	none	_	_	_	_	_	_
91-5	PST212	91	91	5	figlio.	figlio	_	_	_	_	_	linguistic	_	none	Intonation=Falling	End=171.674	_	_	_	_
92-0	PST212	92	92	0	cioè	cioè	_	_	_	_	_	linguistic	_	none	_	Begin=172.206	_	_	_	_
92-1	PST212	92	92	1	si	si	_	_	_	_	_	linguistic	_	none	_	_	_	_	_	_
92-2	PST212	92	92	2	sono	sono	_	_	_	_	_	linguistic	_	none	_	_	_	_	_	_
92-3	PST212	92	92	3	sposati	sposati	_	_	_	_	_	linguistic	_	none	_	_	_	_	_	_
92-4	PST212	92	92	4	qua?	qua	_	_	_	_	_	linguistic	_	none	Intonation=Rising	End=173.967	_	_	_	_
93-0	PST212	93	93	0	[in	in	_	_	_	_	_	linguistic	_	none	_	Begin=174.766	_	_	_	0-2(20)
93-1	PST212	93	93	1	italia].	italia	_	_	_	_	_	linguistic	_	none	Intonation=Falling	End=175.614	_	_	_	0-6(20)
94-0	PST041	94	94	0	[eh	eh	_	_	_	_	_	linguistic	_	none	_	Begin=174.772	_	_	_	0-2(20)
94-1	PST041	94	94	1	no:	no	_	_	_	_	_	linguistic	_	none	_	_	1x1	_	_	0-2(20)
94-2	PST041	94	94	2	sposa]ta	sposata	_	_	_	_	_	linguistic	_	none	_	_	_	_	_	0-5(20)
94-3	PST041	94	94	3	a	a	_	_	_	_	_	linguistic	_	none	_	_	_	_	_	_
94-4	PST041	94	94	4	moldavia,	moldavia	_	_	_	_	_	linguistic	_	none	Intonation=WeaklyRising	End=176.511	_	_	_	_
95-0	PST212	95	95	0	a::h	ah	_	_	_	_	_	linguistic	_	none	_	Begin=176.647	0x2	_	_	_
95-1	PST212	95	95	1	ok[ay]	okay	_	_	_	_	_	linguistic	_	none	_	End=177.487	_	_	_	2-4(21)
96-0	PST213	96	96	0	[ah]	ah	_	_	_	_	_	linguistic	_	none	_	Begin=177.098	_	_	_	0-2(21)
96-1	PST213	96	96	1	okay	okay	_	_	_	_	_	linguistic	_	none	_	End=177.989	_	_	_	_
97-0	PST213	97	97	0	quindi	quindi	_	_	_	_	_	linguistic	_	none	PauseAfter=Yes	Begin=177.989	_	_	_	_
97-1	PST213	97	97	1	{P}	{P}	_	_	_	_	_	shortpause	_	none	_	_	_	_	_	_
97-2	PST213	97	97	2	ma	ma	_	_	_	_	_	linguistic	_	none	_	_	_	_	_	_
97-3	PST213	97	97	3	quindi	quindi	_	_	_	_	_	linguistic	_	none	_	_	_	_	_	_
97-4	PST213	97	97	4	vivono	vivono	_	_	_	_	_	linguistic	_	none	_	_	_	_	_	_
97-5	PST213	97	97	5	là	là	_	_	_	_	_	linguistic	_	none	_	_	_	_	_	_
97-6	PST213	97	97	6	non	non	_	_	_	_	_	linguistic	_	none	_	_	_	_	_	_
97-7	PST213	97	97	7	vivono	vivono	_	_	_	_	_	linguistic	_	none	_	_	_	_	_	_
97-8	PST213	97	97	8	qua.	qua	_	_	_	_	_	linguistic	_	none	Intonation=Falling	End=180.174	_	_	_	_
98-0	PST041	98	98	0	qua,	qua	_	_	_	_	_	linguistic	_	none	Intonation=WeaklyRising	Begin=180.174|End=180.6	_	_	_	_
99-0	PST213	99	99	0	vivono	vivono	_	_	_	_	_	linguistic	_	none	_	Begin=180.608	_	_	_	_
99-1	PST213	99	99	1	qua?	qua	_	_	_	_	_	linguistic	_	none	Intonation=Rising	End=181.249	_	_	_	_
100-0	PST041	100	100	0	sì.	sì	_	_	_	_	_	linguistic	_	none	Intonation=Falling	Begin=181.249|End=181.564	_	_	_	_
101-0	PST041	101	101	0	per	per	_	_	_	_	_	linguistic	_	none	_	Begin=182.021	_	_	_	_
101-1	PST041	101	101	1	[questo]	questo	_	_	_	_	_	linguistic	_	none	_	_	_	_	_	0-6(22)
101-2	PST041	101	101	2	sono	sono	_	_	_	_	_	linguistic	_	none	_	_	_	_	_	_
101-3	PST041	101	101	3	venuto	venuto	_	_	_	_	_	linguistic	_	none	_	_	_	_	_	_
101-4	PST041	101	101	4	qui:	qui	_	_	_	_	_	linguistic	_	none	_	_	2x1	_	_	_
101-5	PST041	101	101	5	per	per	_	_	_	_	_	linguistic	_	none	_	_	_	_	_	_
101-6	PST041	101	101	6	fare	fare	_	_	_	_	_	linguistic	_	none	_	_	_	_	_	_
101-7	PST041	101	101	7	i	i	_	_	_	_	_	linguistic	_	none	_	_	_	_	_	_
101-8	PST041	101	101	8	voucher	voucher	_	_	_	_	_	linguistic	_	none	_	_	_	_	_	_
101-9	PST041	101	101	9	per	per	_	_	_	_	_	linguistic	_	none	_	_	_	_	_	_
101-10	PST041	101	101	10	x	x	_	_	_	_	_	unknown	_	none	Syllables=1	_	_	_	_	_
101-11	PST041	101	101	11	[bambini	bambini	_	_	_	_	_	linguistic	_	none	_	_	_	_	_	0-7(23)
101-12	PST041	101	101	12	a	a	_	_	_	_	_	linguistic	_	none	_	_	_	_	_	0-1(23)
101-13	PST041	101	101	13	scuo]la	scuola	_	_	_	_	_	linguistic	_	none	_	End=186.011	_	_	_	0-4(23)
102-0	PST213	102	102	0	[okay]	okay	_	_	_	_	_	linguistic	_	none	_	Begin=182.185|End=182.522	_	_	_	0-4(22)
103-0	PST213	103	103	0	[a:::h]	ah	_	_	_	_	_	linguistic	_	none	_	Begin=184.902|End=185.511	0x3	_	_	0-2(23)
104-0	PST213	104	104	0	a::h	ah	_	_	_	_	_	linguistic	_	none	_	Begin=186.25	0x2	_	_	_
104-1	PST213	104	104	1	ma	ma	_	_	_	_	_	linguistic	_	none	_	_	_	_	_	_
104-2	PST213	104	104	2	come	come	_	_	_	_	_	linguistic	_	none	_	_	_	_	_	_
104-3	PST213	104	104	3	funziona	funziona	_	_	_	_	_	linguistic	_	none	_	_	_	_	_	_
104-4	PST213	104	104	4	questo	questo	_	_	_	_	_	linguistic	_	none	_	_	_	_	_	_
104-5	PST213	104	104	5	voucher	voucher	_	_	_	_	_	linguistic	_	none	_	End=188.283	_	_	_	_
105-0	PST213	105	105	0	cos'	cos'	_	_	_	_	_	linguistic	_	none	SpaceAfter=No	Begin=188.337	_	_	_	_
105-1	PST213	105	105	1	è.	è	_	_	_	_	_	linguistic	_	none	Intonation=Falling	End=188.964	_	_	_	_
106-0	PST041	106	106	0	per	per	_	_	_	_	_	linguistic	_	none	_	Begin=189.065	_	_	_	_
106-1	PST041	106	106	1	libri	libri	_	_	_	_	_	linguistic	_	none	_	End=190.121	_	_	_	_
107-0	PST213	107	107	0	a::h	ah	_	_	_	_	_	linguistic	_	none	_	Begin=190.369	0x2	_	_	_
107-1	PST213	107	107	1	per	per	_	_	_	_	_	linguistic	_	none	_	_	_	_	_	_
107-2	PST213	107	107	2	la	la	_	_	_	_	_	linguistic	_	none	_	_	_	_	_	_
107-3	PST213	107	107	3	per	per	_	_	_	_	_	linguistic	_	none	_	_	_	_	_	_
107-4	PST213	107	107	4	i	i	_	_	_	_	_	linguistic	_	none	_	_	_	_	_	_
107-5	PST213	107	107	5	libri	libri	_	_	_	_	_	linguistic	_	none	_	_	_	_	_	_
107-6	PST213	107	107	6	della	della	_	_	_	_	_	linguistic	_	none	_	_	_	_	_	_
107-7	PST213	107	107	7	scuola?	scuola	_	_	_	_	_	linguistic	_	none	Intonation=Rising	End=192.5595	_	_	_	_
108-0	PST041	108	108	0	sì::	sì	_	_	_	_	_	linguistic	_	none	_	Begin=192.5595|End=192.88	1x2	_	_	_
109-0	PST213	109	109	0	a::h,	ah	_	_	_	_	_	linguistic	_	none	Intonation=WeaklyRising	Begin=193.043|End=193.583	0x2	_	_	_
110-0	PST041	110	110	0	e::h	eh	_	_	_	_	_	linguistic	_	none	_	Begin=193.728	0x2	_	_	_
110-1	PST041	110	110	1	costano	costano	_	_	_	_	_	linguistic	_	none	_	_	_	_	_	_
110-2	PST041	110	110	2	tanto	tanto	_	_	_	_	_	linguistic	_	none	_	_	_	_	_	_
110-3	PST041	110	110	3	questi:	questi	_	_	_	_	_	linguistic	_	none	_	End=195.685	5x1	_	_	_
111-0	PST213	111	111	0	madonna.	madonna	_	_	_	_	_	linguistic	_	none	Intonation=Falling	Begin=195.685|End=196.322	_	_	_	_
112-0	PST041	112	112	0	no::	no	_	_	_	_	_	linguistic	_	none	_	Begin=197.163	1x2	_	_	_
112-1	PST041	112	112	1	sono	sono	_	_	_	_	_	linguistic	_	none	_	_	_	_	_	_
112-2	PST041	112	112	2	quattro	quattro	_	_	_	_	_	linguistic	_	none	_	_	_	_	_	_
112-3	PST041	112	112	3	nipotini	nipotini	_	_	_	_	_	linguistic	_	none	_	End=199.022	_	_	_	_
113-0	PST213	113	113	0	ah	ah	_	_	_	_	_	linguistic	_	none	_	Begin=199.446	_	_	_	_
113-1	PST213	113	113	1	ah	ah	_	_	_	_	_	linguistic	_	none	_	End=200.05	_	_	_	_
114-0	PST041	114	114	0	e	e	_	_	_	_	_	linguistic	_	none	_	Begin=200.085	_	_	_	_
114-1	PST041	114	114	1	per	per	_	_	_	_	_	linguistic	_	none	_	_	_	_	_	_
114-2	PST041	114	114	2	questo	questo	_	_	_	_	_	linguistic	_	none	_	_	_	_	_	_
114-3	PST041	114	114	3	serve::	serve	_	_	_	_	_	linguistic	_	none	_	End=202.209	4x2	_	_	_
115-0	PST041	115	115	0	#i::	i	_	_	_	_	_	linguistic	_	some	Language=NO_ISO_CODE|Variation=Token	Begin=202.717	0x2	_	_	_
115-1	PST041	115	115	1	no	no	_	_	_	_	_	linguistic	_	some	_	_	_	_	_	_
115-2	PST041	115	115	2	tutti	tutti	_	_	_	_	_	linguistic	_	some	_	_	_	_	_	_
115-3	PST041	115	115	3	lavorano	lavorano	_	_	_	_	_	linguistic	_	some	_	_	_	_	_	_
115-4	PST041	115	115	4	io	io	_	_	_	_	_	linguistic	_	some	_	_	_	_	_	_
115-5	PST041	115	115	5	sono	sono	_	_	_	_	_	linguistic	_	some	_	_	_	_	_	_
115-6	PST041	115	115	6	adesso	adesso	_	_	_	_	_	linguistic	_	some	_	_	_	_	_	_
115-7	PST041	115	115	7	lavoro	lavoro	_	_	_	_	_	linguistic	_	some	_	_	_	_	_	_
115-8	PST041	115	115	8	però	però	_	_	_	_	_	linguistic	_	some	_	_	_	_	_	_
115-9	PST041	115	115	9	io	io	_	_	_	_	_	linguistic	_	some	_	_	_	_	_	_
115-10	PST041	115	115	10	sono	sono	_	_	_	_	_	linguistic	_	some	_	_	_	_	_	_
115-11	PST041	115	115	11	no	no	_	_	_	_	_	linguistic	_	some	_	_	_	_	_	_
115-12	PST041	115	115	12	così	così	_	_	_	_	_	linguistic	_	some	_	_	_	_	_	_
115-13	PST041	115	115	13	io	io	_	_	_	_	_	linguistic	_	some	_	_	_	_	_	_
115-14	PST041	115	115	14	sono	sono	_	_	_	_	_	linguistic	_	some	_	_	_	_	_	_
115-15	PST041	115	115	15	invalido,	invalido	_	_	_	_	_	linguistic	_	some	Intonation=WeaklyRising	End=207.837	_	_	_	_
116-0	PST213	116	116	0	ah	ah	_	_	_	_	_	linguistic	_	none	_	Begin=208.022	_	_	_	_
116-1	PST213	116	116	1	ah	ah	_	_	_	_	_	linguistic	_	none	_	End=208.457	_	_	_	_
117-0	PST041	117	117	0	ottantadue	ottantadue	_	_	_	_	_	linguistic	_	none	_	Begin=208.891	_	_	_	_
117-1	PST041	117	117	1	percento	percento	_	_	_	_	_	linguistic	_	none	_	_	_	_	_	_
117-2	PST041	117	117	2	(ormai)	ormai	_	_	_	_	_	linguistic	_	none	_	End=210.572	_	_	0-5(0)	_
118-0	PST213	118	118	0	ah	ah	_	_	_	_	_	linguistic	_	none	_	Begin=210.891	_	_	_	_
118-1	PST213	118	118	1	però	però	_	_	_	_	_	linguistic	_	none	_	End=211.412	_	_	_	_
119-0	PST041	119	119	0	e::h,	eh	_	_	_	_	_	linguistic	_	none	Intonation=WeaklyRising	Begin=212.728|End=213.239	0x2	_	_	_
120-0	PST213	120	120	0	[e	e	_	_	_	_	_	linguistic	_	none	_	Begin=213.934	_	_	_	0-1(24)
120-1	PST213	120	120	1	quindi	quindi	_	_	_	_	_	linguistic	_	none	PauseAfter=Yes	_	_	_	_	0-6(24)
120-2	PST213	120	120	2	{P}	{P}	_	_	_	_	_	shortpause	_	none	_	_	_	_	_	0-3(24)
120-3	PST213	120	120	3	c'	c'	_	_	_	_	_	linguistic	_	none	SpaceAfter=No	_	_	_	_	0-2(24)
120-4	PST213	120	120	4	è	è	_	_	_	_	_	linguistic	_	none	_	_	_	_	_	0-1(24)
120-5	PST213	120	120	5	un	un	_	_	_	_	_	linguistic	_	none	_	_	_	_	_	0-2(24)
120-6	PST213	120	120	6	aiuto]	aiuto	_	_	_	_	_	linguistic	_	none	_	End=215.926	_	_	_	0-5(24)
121-0	PST041	121	121	0	[per	per	_	_	_	_	_	linguistic	_	some	_	Begin=213.934	_	_	_	0-3(24)
121-1	PST041	121	121	1	questo:	questo	_	_	_	_	_	linguistic	_	some	_	_	5x1	_	_	0-6(24)
121-2	PST041	121	121	2	x	x	_	_	_	_	_	unknown	_	some	Syllables=1	_	_	_	_	0-1(24)
121-3	PST041	121	121	3	figlio	figlio	_	_	_	_	_	linguistic	_	some	_	_	_	_	_	0-6(24)
121-4	PST041	121	121	4	#i::]	i	_	_	_	_	_	linguistic	_	some	Language=NO_ISO_CODE|Variation=Token	End=215.926	0x2	_	_	0-2(24)
122-0	PST041	122	122	0	è	è	_	_	_	_	_	linguistic	_	none	_	Begin=216.023	_	_	_	_
122-1	PST041	122	122	1	il	il	_	_	_	_	_	linguistic	_	none	_	_	_	_	_	_
122-2	PST041	122	122	2	responsabile	responsabile	_	_	_	_	_	linguistic	_	none	_	_	_	_	_	_
122-3	PST041	122	122	3	per	per	_	_	_	_	_	linguistic	_	none	_	_	_	_	_	_
122-4	PST041	122	122	4	questo	questo	_	_	_	_	_	linguistic	_	none	_	_	_	_	_	_
122-5	PST041	122	122	5	mi	mi	_	_	_	_	_	linguistic	_	none	_	_	_	_	_	_
122-6	PST041	122	122	6	ha	ha	_	_	_	_	_	linguistic	_	none	_	_	_	_	_	_
122-7	PST041	122	122	7	preso	preso	_	_	_	_	_	linguistic	_	none	_	_	_	_	_	_
122-8	PST041	122	122	8	a:	a	_	_	_	_	_	linguistic	_	none	_	_	0x1	_	_	_
122-9	PST041	122	122	9	così,	così	_	_	_	_	_	linguistic	_	none	Intonation=WeaklyRising	End=218.66	_	_	_	_
123-0	PST041	123	123	0	quando	quando	_	_	_	_	_	linguistic	_	none	_	Begin=219.054	_	_	_	_
123-1	PST041	123	123	1	vado	vado	_	_	_	_	_	linguistic	_	none	_	_	_	_	_	_
123-2	PST041	123	123	2	per	per	_	_	_	_	_	linguistic	_	none	_	_	_	_	_	_
123-3	PST041	123	123	3	e::h	eh	_	_	_	_	_	linguistic	_	none	_	_	0x2	_	_	_
123-4	PST041	123	123	4	agenzie	agenzie	_	_	_	_	_	linguistic	_	none	_	_	_	_	_	_
123-5	PST041	123	123	5	per:	per	_	_	_	_	_	linguistic	_	none	_	_	2x1	_	_	_
123-6	PST041	123	123	6	e::h	eh	_	_	_	_	_	linguistic	_	none	_	_	0x2	_	_	_
123-7	PST041	123	123	7	lavorare,	lavorare	_	_	_	_	_	linguistic	_	none	Intonation=WeaklyRising	End=222.902	_	_	_	_
124-0	PST213	124	124	0	no	no	_	_	_	_	_	linguistic	_	none	_	Begin=223.669	_	_	_	_
124-1	PST213	124	124	1	eh?	eh	_	_	_	_	_	linguistic	_	none	Intonation=Rising	End=224.223	_	_	_	_
125-0	PST041	125	125	0	no	no	_	_	_	_	_	linguistic	_	none	_	Begin=224.956	_	_	_	_
125-1	PST041	125	125	1	ti	ti	_	_	_	_	_	linguistic	_	none	_	_	_	_	_	_
125-2	PST041	125	125	2	prendono:	prendono	_	_	_	_	_	linguistic	_	none	_	_	7x1	_	_	_
125-3	PST041	125	125	3	a:desso,	adesso	_	_	_	_	_	linguistic	_	none	Intonation=WeaklyRising	End=226.731	0x1	_	_	_
126-0	PST041	126	126	0	e	e	_	_	_	_	_	linguistic	_	none	_	Begin=228.304	_	_	_	_
126-1	PST041	126	126	1	questa	questa	_	_	_	_	_	linguistic	_	none	_	_	_	_	_	_
126-2	PST041	126	126	2	agenzia,	agenzia	_	_	_	_	_	linguistic	_	none	Intonation=WeaklyRising	End=229.391	_	_	_	_
127-0	PST041	127	127	0	[figlio	figlio	_	_	_	_	_	linguistic	_	some	_	Begin=230.859	_	_	_	0-6(25)
127-1	PST041	127	127	1	#i::]	i	_	_	_	_	_	linguistic	_	some	PauseAfter=Yes|Language=NO_ISO_CODE|Variation=Token	_	0x2	_	_	0-2(25)
127-2	PST041	127	127	2	{P}	{P}	_	_	_	_	_	shortpause	_	some	_	_	_	_	_	_
127-3	PST041	127	127	3	agente	agente	_	_	_	_	_	linguistic	_	some	_	_	_	_	_	_
127-4	PST041	127	127	4	diplomatico	diplomatico	_	_	_	_	_	linguistic	_	some	_	_	_	_	_	_
127-5	PST041	127	127	5	#i::	i	_	_	_	_	_	linguistic	_	some	Language=NO_ISO_CODE|Variation=Token	_	0x2	_	_	_
127-6	PST041	127	127	6	lavora	lavora	_	_	_	_	_	linguistic	_	some	_	_	_	_	_	_
127-7	PST041	127	127	7	in:	in	_	_	_	_	_	linguistic	_	some	_	_	1x1	_	_	_
127-8	PST041	127	127	8	e::h	eh	_	_	_	_	_	linguistic	_	some	_	End=234.937	0x2	_	_	_
128-0	PST213	128	128	0	[okay]	okay	_	_	_	_	_	linguistic	_	none	_	Begin=230.913|End=231.51	_	_	_	0-4(25)
129-0	PST041	129	129	0	responsabile	responsabile	_	_	_	_	_	linguistic	_	none	_	Begin=234.969	_	_	_	_
129-1	PST041	129	129	1	di	di	_	_	_	_	_	linguistic	_	none	_	_	_	_	_	_
129-2	PST041	129	129	2	cantiere	cantiere	_	_	_	_	_	linguistic	_	none	_	End=236.143	_	_	_	_
130-0	PST213	130	130	0	okay	okay	_	_	_	_	_	linguistic	_	none	_	Begin=236.771|End=237.467	_	_	_	_
131-0	PST041	131	131	0	così	così	_	_	_	_	_	linguistic	_	none	_	Begin=238.434|End=238.88	_	_	_	_
132-0	PST213	132	132	0	così.	così	_	_	_	_	_	linguistic	_	none	Intonation=Falling	Begin=239.098|End=239.565	_	_	_	_
133-0	PST213	133	133	0	e	e	_	_	_	_	_	linguistic	_	none	_	Begin=240.141	_	_	_	_
133-1	PST213	133	133	1	quindi	quindi	_	_	_	_	_	linguistic	_	none	_	_	_	_	_	_
133-2	PST213	133	133	2	che::	che	_	_	_	_	_	linguistic	_	none	_	_	2x2	_	_	_
133-3	PST213	133	133	3	che	che	_	_	_	_	_	linguistic	_	none	_	_	_	_	_	_
133-4	PST213	133	133	4	lingue	lingue	_	_	_	_	_	linguistic	_	none	_	_	_	_	_	_
133-5	PST213	133	133	5	parla	parla	_	_	_	_	_	linguistic	_	none	_	_	_	_	_	_
133-6	PST213	133	133	6	oltre	oltre	_	_	_	_	_	linguistic	_	none	_	_	_	_	_	_
133-7	PST213	133	133	7	all'	all'	_	_	_	_	_	linguistic	_	none	SpaceAfter=No	_	_	_	_	_
133-8	PST213	133	133	8	italiano	italiano	_	_	_	_	_	linguistic	_	none	_	_	_	_	_	_
133-9	PST213	133	133	9	e	e	_	_	_	_	_	linguistic	_	none	_	_	_	_	_	_
133-10	PST213	133	133	10	il	il	_	_	_	_	_	linguistic	_	none	_	_	_	_	_	_
133-11	PST213	133	133	11	rumeno	rumeno	_	_	_	_	_	linguistic	_	none	_	_	_	_	_	_
133-12	PST213	133	133	12	[anche	anche	_	_	_	_	_	linguistic	_	none	_	_	_	_	_	0-5(26)
133-13	PST213	133	133	13	no]?	no	_	_	_	_	_	linguistic	_	none	Intonation=Rising	End=244.402	_	_	_	0-2(26)
134-0	PST041	134	134	0	[italiano]	italiano	_	_	_	_	_	linguistic	_	none	_	Begin=243.662	_	_	_	0-8(26)
134-1	PST041	134	134	1	rumeno	rumeno	_	_	_	_	_	linguistic	_	none	PauseAfter=Yes	_	_	_	_	_
134-2	PST041	134	134	2	{P}	{P}	_	_	_	_	_	shortpause	_	none	_	_	_	_	_	_
134-3	PST041	134	134	3	russo	russo	_	_	_	_	_	linguistic	_	none	_	End=246.001	_	_	_	_
135-0	PST213	135	135	0	russo	russo	_	_	_	_	_	linguistic	_	none	_	Begin=246.043	_	_	_	_
135-1	PST213	135	135	1	pure?	pure	_	_	_	_	_	linguistic	_	none	Intonation=Rising	End=246.88	_	_	_	_
136-0	PST041	136	136	0	sì:	sì	_	_	_	_	_	linguistic	_	none	_	Begin=247.238|End=247.847	1x1	_	_	_
137-0	PST041	137	137	0	venti	venti	_	_	_	_	_	linguistic	_	none	_	Begin=248.662	_	_	_	_
137-1	PST041	137	137	1	anni	anni	_	_	_	_	_	linguistic	_	none	_	_	_	_	_	_
137-2	PST041	137	137	2	sono	sono	_	_	_	_	_	linguistic	_	none	_	_	_	_	_	_
137-3	PST041	137	137	3	stato	stato	_	_	_	_	_	linguistic	_	none	_	_	_	_	_	_
137-4	PST041	137	137	4	a	a	_	_	_	_	_	linguistic	_	none	_	_	_	_	_	_
137-5	PST041	137	137	5	russia.	russia	_	_	_	_	_	linguistic	_	none	Intonation=Falling	End=250.242	_	_	_	_
138-0	PST213	138	138	0	a::h,	ah	_	_	_	_	_	linguistic	_	none	Intonation=WeaklyRising	Begin=250.336|End=251.097	0x2	_	_	_
139-0	PST041	139	139	0	ho	ho	_	_	_	_	_	linguistic	_	none	_	Begin=251.662	_	_	_	_
139-1	PST041	139	139	1	lavorato	lavorato	_	_	_	_	_	linguistic	_	none	_	_	_	_	_	_
139-2	PST041	139	139	2	miniera	miniera	_	_	_	_	_	linguistic	_	none	_	_	_	_	_	_
139-3	PST041	139	139	3	di	di	_	_	_	_	_	linguistic	_	none	_	_	_	_	_	_
139-4	PST041	139	139	4	carbone	carbone	_	_	_	_	_	linguistic	_	none	_	End=253.664	_	_	_	_
140-0	PST041	140	140	0	meccanico	meccanico	_	_	_	_	_	linguistic	_	none	_	Begin=255.315|End=255.859	_	_	_	_
141-0	PST213	141	141	0	okay.	okay	_	_	_	_	_	linguistic	_	none	Intonation=Falling	Begin=256.174|End=256.75	_	_	_	_
142-0	PST213	142	142	0	okay.	okay	_	_	_	_	_	linguistic	_	none	Intonation=Falling	Begin=257.945|End=258.423	_	_	_	_
143-0	PST041	143	143	0	e	e	_	_	_	_	_	linguistic	_	some	_	Begin=258.488	_	_	_	_
143-1	PST041	143	143	1	dopo	dopo	_	_	_	_	_	linguistic	_	some	_	_	_	_	_	_
143-2	PST041	143	143	2	sono	sono	_	_	_	_	_	linguistic	_	some	_	_	_	_	_	_
143-3	PST041	143	143	3	andato	andato	_	_	_	_	_	linguistic	_	some	_	_	_	_	_	_
143-4	PST041	143	143	4	a	a	_	_	_	_	_	linguistic	_	some	_	_	_	_	_	_
143-5	PST041	143	143	5	moldavia	moldavia	_	_	_	_	_	linguistic	_	some	_	_	_	_	_	_
143-6	PST041	143	143	6	sono	sono	_	_	_	_	_	linguistic	_	some	_	_	_	_	_	_
143-7	PST041	143	143	7	sposato	sposato	_	_	_	_	_	linguistic	_	some	_	_	_	_	_	_
143-8	PST041	143	143	8	#i::	i	_	_	_	_	_	linguistic	_	some	Language=NO_ISO_CODE|Variation=Token	End=260.905	0x2	_	_	_
144-0	PST213	144	144	0	e	e	_	_	_	_	_	linguistic	_	none	_	Begin=261.477	_	_	_	_
144-1	PST213	144	144	1	poi	poi	_	_	_	_	_	linguistic	_	none	_	_	_	_	_	_
144-2	PST213	144	144	2	sei	sei	_	_	_	_	_	linguistic	_	none	_	_	_	_	_	_
144-3	PST213	144	144	3	venu~	venu~	_	_	_	_	_	linguistic	_	none	Interrupted=Yes	_	_	_	_	_
144-4	PST213	144	144	4	e	e	_	_	_	_	_	linguistic	_	none	_	_	_	_	_	_
144-5	PST213	144	144	5	poi	poi	_	_	_	_	_	linguistic	_	none	_	_	_	_	_	_
144-6	PST213	144	144	6	è	è	_	_	_	_	_	linguistic	_	none	_	_	_	_	_	_
144-7	PST213	144	144	7	venuto	venuto	_	_	_	_	_	linguistic	_	none	_	_	_	_	_	_
144-8	PST213	144	144	8	qua.	qua	_	_	_	_	_	linguistic	_	none	Intonation=Falling	End=263.054	_	_	_	_
145-0	PST041	145	145	0	così	così	_	_	_	_	_	linguistic	_	none	_	Begin=264.804|End=265.038	_	_	_	_
146-0	PST213	146	146	0	okay.	okay	_	_	_	_	_	linguistic	_	none	Intonation=Falling	Begin=265.038|End=265.435	_	_	_	_
147-0	PST212	147	147	0	e	e	_	_	_	_	_	linguistic	_	none	_	Begin=265.489	_	_	_	_
147-1	PST212	147	147	1	quindi	quindi	_	_	_	_	_	linguistic	_	none	_	_	_	_	_	_
147-2	PST212	147	147	2	a	a	_	_	_	_	_	linguistic	_	none	_	_	_	_	_	_
147-3	PST212	147	147	3	casa::	casa	_	_	_	_	_	linguistic	_	none	_	_	3x2	_	_	_
147-4	PST212	147	147	4	m::h	mh	_	_	_	_	_	linguistic	_	none	_	_	0x2	_	_	_
147-5	PST212	147	147	5	lei	lei	_	_	_	_	_	linguistic	_	none	_	_	_	_	_	_
147-6	PST212	147	147	6	che	che	_	_	_	_	_	linguistic	_	none	_	_	_	_	_	_
147-7	PST212	147	147	7	lingue	lingue	_	_	_	_	_	linguistic	_	none	_	_	_	_	_	_
147-8	PST212	147	147	8	parla.	parla	_	_	_	_	_	linguistic	_	none	Intonation=Falling	End=269.373	_	_	_	_
148-0	PST041	148	148	0	moldavo,	moldavo	_	_	_	_	_	linguistic	_	none	Intonation=WeaklyRising	Begin=270.524|End=271.002	_	_	_	_
149-0	PST212	149	149	0	non	non	_	_	_	_	_	linguistic	_	none	_	Begin=271.543	_	_	_	_
149-1	PST212	149	149	1	[parla	parla	_	_	_	_	_	linguistic	_	none	_	_	_	_	_	0-5(27)
149-2	PST212	149	149	2	mai]	mai	_	_	_	_	_	linguistic	_	none	_	End=272.347	_	_	_	0-3(27)
150-0	PST041	150	150	0	[con	con	_	_	_	_	_	linguistic	_	none	_	Begin=271.859	_	_	_	0-3(27)
150-1	PST041	150	150	1	la	la	_	_	_	_	_	linguistic	_	none	_	_	_	_	_	0-2(27)
150-2	PST041	150	150	2	fa]miglia,	famiglia	_	_	_	_	_	linguistic	_	none	Intonation=WeaklyRising	End=272.88	_	_	_	0-2(27)
151-0	PST213	151	151	0	mai	mai	_	_	_	_	_	linguistic	_	none	_	Begin=273.538	_	_	_	_
151-1	PST213	151	151	1	i[taliano].	italiano	_	_	_	_	_	linguistic	_	none	Intonation=Falling	End=274.62	_	_	_	1-8(28)
152-0	PST041	152	152	0	[in	in	_	_	_	_	_	linguistic	_	none	_	Begin=274.043	_	_	_	0-2(28)
152-1	PST041	152	152	1	famiglia]	famiglia	_	_	_	_	_	linguistic	_	none	_	End=274.62	_	_	_	0-8(28)
153-0	PST041	153	153	0	{sbuffa}	{sbuffa}	_	_	_	_	_	nonverbalbehavior	_	none	_	Begin=275.011|End=275.511	_	_	_	_
154-0	PST041	154	154	0	xx	xx	_	_	_	_	_	unknown	_	none	Syllables=2	Begin=276.065	_	_	_	_
154-1	PST041	154	154	1	anche	anche	_	_	_	_	_	linguistic	_	none	_	_	_	_	_	_
154-2	PST041	154	154	2	italiano	italiano	_	_	_	_	_	linguistic	_	none	_	_	_	_	_	_
154-3	PST041	154	154	3	pi~	pi~	_	_	_	_	_	linguistic	_	none	Interrupted=Yes	_	_	_	_	_
154-4	PST041	154	154	4	piccolo::	piccolo	_	_	_	_	_	linguistic	_	none	_	_	6x2	_	_	_
154-5	PST041	154	154	5	figlio::	figlio	_	_	_	_	_	linguistic	_	none	_	_	5x2	_	_	_
154-6	PST041	154	154	6	c'	c'	_	_	_	_	_	linguistic	_	none	SpaceAfter=No	_	_	_	_	_
154-7	PST041	154	154	7	è	è	_	_	_	_	_	linguistic	_	none	_	_	_	_	_	_
154-8	PST041	154	154	8	a::	a	_	_	_	_	_	linguistic	_	none	_	End=280.054	0x2	_	_	_
155-0	PST041	155	155	0	e:::h	eh	_	_	_	_	_	linguistic	_	none	_	Begin=280.467	0x3	_	_	_
155-1	PST041	155	155	1	viene	viene	_	_	_	_	_	linguistic	_	none	_	_	_	_	_	_
155-2	PST041	155	155	2	dal	dal	_	_	_	_	_	linguistic	_	none	_	_	_	_	_	_
155-3	PST041	155	155	3	lavoro::,	lavoro	_	_	_	_	_	linguistic	_	none	Intonation=WeaklyRising	End=282.576	5x2	_	_	_
156-0	PST041	156	156	0	sempre::	sempre	_	_	_	_	_	linguistic	_	none	_	Begin=283.293|End=284.127	5x2	_	_	_
157-0	PST041	157	157	0	così.	così	_	_	_	_	_	linguistic	_	none	Intonation=Falling	Begin=284.597|End=285.233	_	_	_	_
158-0	PST041	158	158	0	un	un	_	_	_	_	_	linguistic	_	none	_	Begin=285.511	_	_	_	_
158-1	PST041	158	158	1	italiano	italiano	_	_	_	_	_	linguistic	_	none	_	_	_	_	_	_
158-2	PST041	158	158	2	xx	xx	_	_	_	_	_	unknown	_	none	Syllables=2	End=286.489	_	_	_	_
159-0	PST213	159	159	0	okay.	okay	_	_	_	_	_	linguistic	_	none	Intonation=Falling	Begin=287.174|End=287.728	_	_	_	_
160-0	PST041	160	160	0	lui	lui	_	_	_	_	_	linguistic	_	none	_	Begin=287.956	_	_	_	_
160-1	PST041	160	160	1	ha	ha	_	_	_	_	_	linguistic	_	none	_	_	_	_	_	_
160-2	PST041	160	160	2	lavorato::	lavorato	_	_	_	_	_	linguistic	_	none	_	_	7x2	_	_	_
160-3	PST041	160	160	3	designer	designer	_	_	_	_	_	linguistic	_	none	_	_	_	_	_	_
160-4	PST041	160	160	4	x	x	_	_	_	_	_	unknown	_	none	Syllables=1	_	_	_	_	_
160-5	PST041	160	160	5	e:::h	eh	_	_	_	_	_	linguistic	_	none	_	End=290.739	0x3	_	_	_
161-0	PST041	161	161	0	sartoria	sartoria	_	_	_	_	_	linguistic	_	none	_	Begin=291.228	_	_	_	_
161-1	PST041	161	161	1	di	di	_	_	_	_	_	linguistic	_	none	_	_	_	_	_	_
161-2	PST041	161	161	2	@nomeluogo	@nomeluogo	_	_	_	_	_	anonymized	_	none	_	End=292.90700000000004	_	_	_	_
162-0	PST213	162	162	0	ah	ah	_	_	_	_	_	linguistic	_	none	_	Begin=292.90700000000004	_	_	_	_
162-1	PST213	162	162	1	okay	okay	_	_	_	_	_	linguistic	_	none	_	End=293.7165	_	_	_	_
163-0	PST041	163	163	0	lui	lui	_	_	_	_	_	linguistic	_	none	_	Begin=293.7165	_	_	_	_
163-1	PST041	163	163	1	xxx	xxx	_	_	_	_	_	unknown	_	none	Syllables=3	_	_	_	_	_
163-2	PST041	163	163	2	(botticelli)	botticelli	_	_	_	_	_	linguistic	_	none	_	End=295.286	_	_	0-10(0)	_
164-0	PST213	164	164	0	[ah	ah	_	_	_	_	_	linguistic	_	none	_	Begin=295.567	_	_	_	0-2(29)
164-1	PST213	164	164	1	okay]	okay	_	_	_	_	_	linguistic	_	none	_	End=296.219	_	_	_	0-4(29)
165-0	PST041	165	165	0	[otto	otto	_	_	_	_	_	linguistic	_	none	_	Begin=295.567	_	_	_	0-4(29)
165-1	PST041	165	165	1	anni	anni	_	_	_	_	_	linguistic	_	none	_	_	_	_	_	0-4(29)
165-2	PST041	165	165	2	ha	ha	_	_	_	_	_	linguistic	_	none	_	_	_	_	_	0-2(29)
165-3	PST041	165	165	3	lavorato	lavorato	_	_	_	_	_	linguistic	_	none	_	_	_	_	_	0-8(29)
165-4	PST041	165	165	4	da	da	_	_	_	_	_	linguistic	_	none	_	_	_	_	_	0-2(29)
165-5	PST041	165	165	5	là:],	là	_	_	_	_	_	linguistic	_	none	Intonation=WeaklyRising	End=297.397	1x1	_	_	0-2(29)
166-0	PST213	166	166	0	[okay]	okay	_	_	_	_	_	linguistic	_	none	_	Begin=297.445|End=298.076	_	_	_	0-4(30)
167-0	PST041	167	167	0	[e::]	e	_	_	_	_	_	linguistic	_	none	_	Begin=297.445|End=298.076	0x2	_	_	0-1(30)
168-0	PST041	168	168	0	è	è	_	_	_	_	_	linguistic	_	none	_	Begin=298.309	_	_	_	_
168-1	PST041	168	168	1	andato	andato	_	_	_	_	_	linguistic	_	none	_	_	_	_	_	_
168-2	PST041	168	168	2	anche::	anche	_	_	_	_	_	linguistic	_	none	PauseAfter=Yes	_	4x2	_	_	_
168-3	PST041	168	168	3	{P}	{P}	_	_	_	_	_	shortpause	_	none	_	_	_	_	_	_
168-4	PST041	168	168	4	accademia	accademia	_	_	_	_	_	linguistic	_	none	_	_	_	_	_	_
168-5	PST041	168	168	5	di	di	_	_	_	_	_	linguistic	_	none	_	_	_	_	_	_
168-6	PST041	168	168	6	sarto	sarto	_	_	_	_	_	linguistic	_	none	_	_	_	_	_	_
168-7	PST041	168	168	7	a	a	_	_	_	_	_	linguistic	_	none	_	_	_	_	_	_
168-8	PST041	168	168	8	roma,	roma	_	_	_	_	_	linguistic	_	none	Intonation=WeaklyRising	End=301.587	_	_	_	_
169-0	PST213	169	169	0	a::h	ah	_	_	_	_	_	linguistic	_	none	_	Begin=301.901|End=302.38	0x2	_	_	_
170-0	PST041	170	170	0	ha	ha	_	_	_	_	_	linguistic	_	none	_	Begin=303.999	_	_	_	_
170-1	PST041	170	170	1	fatto	fatto	_	_	_	_	_	linguistic	_	none	_	_	_	_	_	_
170-2	PST041	170	170	2	eh	eh	_	_	_	_	_	linguistic	_	none	_	_	_	_	_	_
170-3	PST041	170	170	3	corsi	corsi	_	_	_	_	_	linguistic	_	none	_	_	_	_	_	_
170-4	PST041	170	170	4	di::::	di	_	_	_	_	_	linguistic	_	none	_	End=306.173	1x4	_	_	_
171-0	PST041	171	171	0	designer	designer	_	_	_	_	_	linguistic	_	none	_	Begin=306.707	_	_	_	_
171-1	PST041	171	171	1	a:nche	anche	_	_	_	_	_	linguistic	_	none	_	_	0x1	_	_	_
171-2	PST041	171	171	2	qui	qui	_	_	_	_	_	linguistic	_	none	_	_	_	_	_	_
171-3	PST041	171	171	3	poi	poi	_	_	_	_	_	linguistic	_	none	_	_	_	_	_	_
171-4	PST041	171	171	4	ha	ha	_	_	_	_	_	linguistic	_	none	_	_	_	_	_	_
171-5	PST041	171	171	5	studiato	studiato	_	_	_	_	_	linguistic	_	none	_	_	_	_	_	_
171-6	PST041	171	171	6	a	a	_	_	_	_	_	linguistic	_	none	_	_	_	_	_	_
171-7	PST041	171	171	7	moldavia	moldavia	_	_	_	_	_	linguistic	_	none	_	_	_	_	_	_
171-8	PST041	171	171	8	prima	prima	_	_	_	_	_	linguistic	_	none	_	_	_	_	_	_
171-9	PST041	171	171	9	de[signer]	designer	_	_	_	_	_	linguistic	_	none	_	End=310.552	_	_	_	2-8(31)
172-0	PST213	172	172	0	[sì::	sì	_	_	_	_	_	linguistic	_	none	_	Begin=310.108	1x2	_	_	0-2(31)
172-1	PST213	172	172	1	sì:]	sì	_	_	_	_	_	linguistic	_	none	_	End=310.826	1x1	_	_	0-2(31)
173-0	PST041	173	173	0	dopo	dopo	_	_	_	_	_	linguistic	_	none	_	Begin=310.841	_	_	_	_
173-1	PST041	173	173	1	anche	anche	_	_	_	_	_	linguistic	_	none	_	_	_	_	_	_
173-2	PST041	173	173	2	qui::	qui	_	_	_	_	_	linguistic	_	none	_	_	2x2	_	_	_
173-3	PST041	173	173	3	[sei	sei	_	_	_	_	_	linguistic	_	none	_	_	_	_	_	0-3(32)
173-4	PST041	173	173	4	mesi]	mesi	_	_	_	_	_	linguistic	_	none	_	End=312.837	_	_	_	0-4(32)
174-0	PST213	174	174	0	[ah	ah	_	_	_	_	_	linguistic	_	none	_	Begin=312.065	_	_	_	0-2(32)
174-1	PST213	174	174	1	okay]	okay	_	_	_	_	_	linguistic	_	none	_	End=312.793	_	_	_	0-4(32)
175-0	PST041	175	175	0	xx	xx	_	_	_	_	_	unknown	_	none	Syllables=2	Begin=313.086	_	_	_	_
175-1	PST041	175	175	1	non:	non	_	_	_	_	_	linguistic	_	none	_	_	2x1	_	_	_
175-2	PST041	175	175	2	ricordo	ricordo	_	_	_	_	_	linguistic	_	none	_	End=314.499	_	_	_	_
176-0	PST213	176	176	0	okay.	okay	_	_	_	_	_	linguistic	_	none	Intonation=Falling	Begin=314.619|End=315.086	_	_	_	_
177-0	PST041	177	177	0	e::	e	_	_	_	_	_	linguistic	_	none	_	Begin=316.075	0x2	_	_	_
177-1	PST041	177	177	1	dopo:	dopo	_	_	_	_	_	linguistic	_	none	_	_	3x1	_	_	_
177-2	PST041	177	177	2	ha	ha	_	_	_	_	_	linguistic	_	none	_	_	_	_	_	_
177-3	PST041	177	177	3	lasciato	lasciato	_	_	_	_	_	linguistic	_	none	_	_	_	_	_	_
177-4	PST041	177	177	4	xx	xx	_	_	_	_	_	unknown	_	none	Syllables=2	End=318.434	_	_	_	_
178-0	PST041	178	178	0	xx	xx	_	_	_	_	_	unknown	_	none	Syllables=2	Begin=318.467	_	_	_	_
178-1	PST041	178	178	1	xx	xx	_	_	_	_	_	unknown	_	none	Syllables=2	_	_	_	_	_
178-2	PST041	178	178	2	xx	xx	_	_	_	_	_	unknown	_	none	Syllables=2	_	_	_	_	_
178-3	PST041	178	178	3	a	a	_	_	_	_	_	linguistic	_	none	_	_	_	_	_	_
178-4	PST041	178	178	4	piedi::	piedi	_	_	_	_	_	linguistic	_	none	_	End=320.402	4x2	_	_	_
179-0	PST041	179	179	0	per	per	_	_	_	_	_	linguistic	_	none	_	Begin=320.489	_	_	_	_
179-1	PST041	179	179	1	lavorare,	lavorare	_	_	_	_	_	linguistic	_	none	Intonation=WeaklyRising	End=321.446	_	_	_	_
180-0	PST213	180	180	0	e::h	eh	_	_	_	_	_	linguistic	_	none	_	Begin=321.489|End=322.043	0x2	_	_	_
181-0	PST041	181	181	0	e	e	_	_	_	_	_	linguistic	_	none	_	Begin=322.369	_	_	_	_
181-1	PST041	181	181	1	ha	ha	_	_	_	_	_	linguistic	_	none	_	_	_	_	_	_
181-2	PST041	181	181	2	lasciato	lasciato	_	_	_	_	_	linguistic	_	none	_	_	_	_	_	_
181-3	PST041	181	181	3	x	x	_	_	_	_	_	unknown	_	none	Syllables=1	_	_	_	_	_
181-4	PST041	181	181	4	so:	so	_	_	_	_	_	linguistic	_	none	_	End=324.238	1x1	_	_	_
182-0	PST041	182	182	0	[a	a	_	_	_	_	_	linguistic	_	none	_	Begin=324.298	_	_	_	0-1(33)
182-1	PST041	182	182	1	per]	per	_	_	_	_	_	linguistic	_	none	_	_	_	_	_	0-3(33)
182-2	PST041	182	182	2	corriere:	corriere	_	_	_	_	_	linguistic	_	none	_	_	7x1	_	_	_
182-3	PST041	182	182	3	adesso::	adesso	_	_	_	_	_	linguistic	_	none	_	End=325.972	5x2	_	_	_
183-0	PST213	183	183	0	[°okay°]	okay	_	_	_	_	_	linguistic	_	none	Volume=low	Begin=324.326|End=324.609	_	_	_	0-4(33)
184-0	PST041	184	184	0	un	un	_	_	_	_	_	linguistic	_	none	_	Begin=326.184	_	_	_	_
184-1	PST041	184	184	1	cantiere	cantiere	_	_	_	_	_	linguistic	_	none	_	End=327.054	_	_	_	_
185-0	PST213	185	185	0	eh	eh	_	_	_	_	_	linguistic	_	none	_	Begin=327.12|End=327.4675	_	_	_	_
186-0	PST041	186	186	0	eh	eh	_	_	_	_	_	linguistic	_	none	_	Begin=327.4675|End=327.913	_	_	_	_
187-0	PST213	187	187	0	{ride}	{ride}	_	_	_	_	_	nonverbalbehavior	_	none	_	Begin=327.565|End=328.336	_	_	_	_
188-0	PST041	188	188	0	e	e	_	_	_	_	_	linguistic	_	none	_	Begin=329.25	_	_	_	_
188-1	PST041	188	188	1	così.	così	_	_	_	_	_	linguistic	_	none	Intonation=Falling	End=329.80949999999996	_	_	_	_
189-0	PST213	189	189	0	sì.	sì	_	_	_	_	_	linguistic	_	none	Intonation=Falling	Begin=329.80949999999996|End=330.163	_	_	_	_
190-0	PST213	190	190	0	[>e	e	_	_	_	_	_	linguistic	_	none	_	Begin=330.233	_	Fast=0-1(0)	_	0-1(34)
190-1	PST213	190	190	1	quindi<]	quindi	_	_	_	_	_	linguistic	_	none	_	End=330.755	_	Fast=0-6(0)	_	0-6(34)
191-0	PST212	191	191	0	[quindi::]	quindi	_	_	_	_	_	linguistic	_	none	_	Begin=330.239|End=331.347	5x2	_	_	0-6(?)
192-0	PST213	192	192	0	[no	no	_	_	_	_	_	linguistic	_	none	_	Begin=330.924	_	_	_	0-2(35)
192-1	PST213	192	192	1	scu~]	scu~	_	_	_	_	_	linguistic	_	none	Interrupted=Yes	End=331.37	_	_	_	0-4(35)
193-0	PST213	193	193	0	no	no	_	_	_	_	_	linguistic	_	none	_	Begin=331.586	_	_	_	_
193-1	PST213	193	193	1	no	no	_	_	_	_	_	linguistic	_	none	_	_	_	_	_	_
193-2	PST213	193	193	2	vai	vai	_	_	_	_	_	linguistic	_	none	_	End=332.144	_	_	_	_
194-0	PST212	194	194	0	quindi	quindi	_	_	_	_	_	linguistic	_	none	_	Begin=332.144	_	_	_	_
194-1	PST212	194	194	1	capita	capita	_	_	_	_	_	linguistic	_	none	_	_	_	_	_	_
194-2	PST212	194	194	2	che	che	_	_	_	_	_	linguistic	_	none	_	_	_	_	_	_
194-3	PST212	194	194	3	suo	suo	_	_	_	_	_	linguistic	_	none	_	_	_	_	_	_
194-4	PST212	194	194	4	figlio,	figlio	_	_	_	_	_	linguistic	_	none	Intonation=WeaklyRising	End=333.994	_	_	_	_
195-0	PST212	195	195	0	le	le	_	_	_	_	_	linguistic	_	none	_	Begin=334.402	_	_	_	_
195-1	PST212	195	195	1	parla	parla	_	_	_	_	_	linguistic	_	none	_	_	_	_	_	_
195-2	PST212	195	195	2	in	in	_	_	_	_	_	linguistic	_	none	_	_	_	_	_	_
195-3	PST212	195	195	3	italiano,	italiano	_	_	_	_	_	linguistic	_	none	Intonation=WeaklyRising	End=335.728	_	_	_	_
196-0	PST212	196	196	0	e::	e	_	_	_	_	_	linguistic	_	none	_	Begin=336.141	0x2	_	_	_
196-1	PST212	196	196	1	poi:	poi	_	_	_	_	_	linguistic	_	none	_	_	2x1	_	_	_
196-2	PST212	196	196	2	lei	lei	_	_	_	_	_	linguistic	_	none	_	_	_	_	_	_
196-3	PST212	196	196	3	gli	gli	_	_	_	_	_	linguistic	_	none	_	_	_	_	_	_
196-4	PST212	196	196	4	risponde	risponde	_	_	_	_	_	linguistic	_	none	_	_	_	_	_	_
196-5	PST212	196	196	5	sempre	sempre	_	_	_	_	_	linguistic	_	none	_	_	_	_	_	_
196-6	PST212	196	196	6	in	in	_	_	_	_	_	linguistic	_	none	_	_	_	_	_	_
196-7	PST212	196	196	7	italiano	italiano	_	_	_	_	_	linguistic	_	none	_	_	_	_	_	_
196-8	PST212	196	196	8	oppure::	oppure	_	_	_	_	_	linguistic	_	none	_	_	5x2	_	_	_
196-9	PST212	196	196	9	risponde:	risponde	_	_	_	_	_	linguistic	_	none	_	_	7x1	_	_	_
196-10	PST212	196	196	10	in	in	_	_	_	_	_	linguistic	_	none	_	_	_	_	_	_
196-11	PST212	196	196	11	molda::vo::	moldavo	_	_	_	_	_	linguistic	_	none	_	End=341.705	4x2,6x2	_	_	_
197-0	PST041	197	197	0	in	in	_	_	_	_	_	linguistic	_	none	_	Begin=341.793	_	_	_	_
197-1	PST041	197	197	1	moldavo	moldavo	_	_	_	_	_	linguistic	_	none	_	_	_	_	_	_
197-2	PST041	197	197	2	italiano	italiano	_	_	_	_	_	linguistic	_	none	_	_	_	_	_	_
197-3	PST041	197	197	3	come::	come	_	_	_	_	_	linguistic	_	none	_	_	3x2	_	_	_
197-4	PST041	197	197	4	$comi	comi	_	_	_	_	_	linguistic	_	none	Orthography=Yes|Variation=Emerging	_	_	_	_	_
197-5	PST041	197	197	5	esce	esce	_	_	_	_	_	linguistic	_	none	_	End=344.743	_	_	_	_
198-0	PST212	198	198	0	[°come	come	_	_	_	_	_	linguistic	_	none	Volume=low	Begin=344.815	_	_	_	0-4(36)
198-1	PST212	198	198	1	esce°]	esce	_	_	_	_	_	linguistic	_	none	Volume=low	End=345.561	_	_	_	0-4(36)
199-0	PST213	199	199	0	[come	come	_	_	_	_	_	linguistic	_	none	_	Begin=344.815	_	_	_	0-4(36)
199-1	PST213	199	199	1	esce]	esce	_	_	_	_	_	linguistic	_	none	_	End=345.561	_	_	_	0-4(36)
200-0	PST041	200	200	0	io	io	_	_	_	_	_	linguistic	_	none	_	Begin=347.118	_	_	_	_
200-1	PST041	200	200	1	quanto::	quanto	_	_	_	_	_	linguistic	_	none	_	_	5x2	_	_	_
200-2	PST041	200	200	2	e:::h	eh	_	_	_	_	_	linguistic	_	none	_	_	0x3	_	_	_
200-3	PST041	200	200	3	stato	stato	_	_	_	_	_	linguistic	_	none	_	_	_	_	_	_
200-4	PST041	200	200	4	in	in	_	_	_	_	_	linguistic	_	none	_	_	_	_	_	_
200-5	PST041	200	200	5	russia,	russia	_	_	_	_	_	linguistic	_	none	Intonation=WeaklyRising	End=350.065	_	_	_	_
201-0	PST041	201	201	0	sempre	sempre	_	_	_	_	_	linguistic	_	none	_	Begin=350.337	_	_	_	_
201-1	PST041	201	201	1	in	in	_	_	_	_	_	linguistic	_	none	_	_	_	_	_	_
201-2	PST041	201	201	2	russo	russo	_	_	_	_	_	linguistic	_	none	_	_	_	_	_	_
201-3	PST041	201	201	3	(andavo)	andavo	_	_	_	_	_	linguistic	_	none	_	_	_	_	0-6(0)	_
201-4	PST041	201	201	4	eh	eh	_	_	_	_	_	linguistic	_	none	_	_	_	_	_	_
201-5	PST041	201	201	5	parlato	parlato	_	_	_	_	_	linguistic	_	none	_	End=352.022	_	_	_	_
202-0	PST041	202	202	0	adesso	adesso	_	_	_	_	_	linguistic	_	none	_	Begin=352.109	_	_	_	_
202-1	PST041	202	202	1	per	per	_	_	_	_	_	linguistic	_	none	_	_	_	_	_	_
202-2	PST041	202	202	2	parlare	parlare	_	_	_	_	_	linguistic	_	none	_	_	_	_	_	_
202-3	PST041	202	202	3	russo	russo	_	_	_	_	_	linguistic	_	none	_	_	_	_	_	_
202-4	PST041	202	202	4	riesce,	riesce	_	_	_	_	_	linguistic	_	none	Intonation=WeaklyRising	End=354.526	_	_	_	_
203-0	PST041	203	203	0	prima:	prima	_	_	_	_	_	linguistic	_	none	PauseAfter=Yes	Begin=354.945	4x1	_	_	_
203-1	PST041	203	203	1	{P}	{P}	_	_	_	_	_	shortpause	_	none	_	_	_	_	_	_
203-2	PST041	203	203	2	italiano	italiano	_	_	_	_	_	linguistic	_	none	_	_	_	_	_	_
203-3	PST041	203	203	3	c'	c'	_	_	_	_	_	linguistic	_	none	SpaceAfter=No	_	_	_	_	_
203-4	PST041	203	203	4	è	è	_	_	_	_	_	linguistic	_	none	_	_	_	_	_	_
203-5	PST041	203	203	5	come	come	_	_	_	_	_	linguistic	_	none	_	_	_	_	_	_
203-6	PST041	203	203	6	in	in	_	_	_	_	_	linguistic	_	none	_	_	_	_	_	_
203-7	PST041	203	203	7	russo	russo	_	_	_	_	_	linguistic	_	none	_	End=357.36	_	_	_	_
204-0	PST213	204	204	0	e:::h,	eh	_	_	_	_	_	linguistic	_	none	Intonation=WeaklyRising	Begin=357.521|End=358.195	0x3	_	_	_
205-0	PST041	205	205	0	{ride}	{ride}	_	_	_	_	_	nonverbalbehavior	_	none	_	Begin=357.521	_	_	_	_
205-1	PST041	205	205	1	per	per	_	_	_	_	_	linguistic	_	none	_	_	_	_	_	_
205-2	PST041	205	205	2	parlare	parlare	_	_	_	_	_	linguistic	_	none	_	End=359.206	_	_	_	_
206-0	PST213	206	206	0	perché	perché	_	_	_	_	_	linguistic	_	none	_	Begin=359.293	_	_	_	_
206-1	PST213	206	206	1	è	è	_	_	_	_	_	linguistic	_	none	_	_	_	_	_	_
206-2	PST213	206	206	2	tanto	tanto	_	_	_	_	_	linguistic	_	none	_	_	_	_	_	_
206-3	PST213	206	206	3	tempo	tempo	_	_	_	_	_	linguistic	_	none	_	_	_	_	_	_
206-4	PST213	206	206	4	che	che	_	_	_	_	_	linguistic	_	none	_	_	_	_	_	_
206-5	PST213	206	206	5	non	non	_	_	_	_	_	linguistic	_	none	_	_	_	_	_	_
206-6	PST213	206	206	6	lo	lo	_	_	_	_	_	linguistic	_	none	_	_	_	_	_	_
206-7	PST213	206	206	7	parla	parla	_	_	_	_	_	linguistic	_	none	_	_	_	_	_	_
206-8	PST213	206	206	8	il	il	_	_	_	_	_	linguistic	_	none	_	_	_	_	_	_
206-9	PST213	206	206	9	russo	russo	_	_	_	_	_	linguistic	_	none	_	_	_	_	_	_
206-10	PST213	206	206	10	[no]?	no	_	_	_	_	_	linguistic	_	none	Intonation=Rising	End=361.608	_	_	_	0-2(38)
207-0	PST041	207	207	0	[sì]	sì	_	_	_	_	_	linguistic	_	none	_	Begin=361.238|End=361.695	_	_	_	0-2(38)
208-0	PST041	208	208	0	io	io	_	_	_	_	_	linguistic	_	none	_	Begin=361.923	_	_	_	_
208-1	PST041	208	208	1	sono:	sono	_	_	_	_	_	linguistic	_	none	PauseAfter=Yes	_	3x1	_	_	_
208-2	PST041	208	208	2	{P}	{P}	_	_	_	_	_	shortpause	_	none	_	_	_	_	_	_
208-3	PST041	208	208	3	che	che	_	_	_	_	_	linguistic	_	none	_	_	_	_	_	_
208-4	PST041	208	208	4	ho	ho	_	_	_	_	_	linguistic	_	none	_	_	_	_	_	_
208-5	PST041	208	208	5	manovrato	manovrato	_	_	_	_	_	linguistic	_	none	_	_	_	_	_	_
208-6	PST041	208	208	6	ne::	ne	_	_	_	_	_	linguistic	_	none	_	End=364.532	1x2	_	_	_
209-0	PST041	209	209	0	per	per	_	_	_	_	_	linguistic	_	none	_	Begin=365.423	_	_	_	_
209-1	PST041	209	209	1	i	i	_	_	_	_	_	linguistic	_	none	_	_	_	_	_	_
209-2	PST041	209	209	2	xx	xx	_	_	_	_	_	unknown	_	none	Syllables=2	_	_	_	_	_
209-3	PST041	209	209	3	(elettricisti),	elettricisti	_	_	_	_	_	linguistic	_	none	Intonation=WeaklyRising	End=367.306	_	_	0-12(0)	_
210-0	PST213	210	210	0	m::h,	mh	_	_	_	_	_	linguistic	_	none	Intonation=WeaklyRising	Begin=367.401|End=367.912	0x2	_	_	_
211-0	PST041	211	211	0	per	per	_	_	_	_	_	linguistic	_	none	_	Begin=368.087	_	_	_	_
211-1	PST041	211	211	1	e::h	eh	_	_	_	_	_	linguistic	_	none	_	_	0x2	_	_	_
211-2	PST041	211	211	2	enel	enel	_	_	_	_	_	linguistic	_	none	_	_	_	_	_	_
211-3	PST041	211	211	3	ho	ho	_	_	_	_	_	linguistic	_	none	_	_	_	_	_	_
211-4	PST041	211	211	4	lavorato,	lavorato	_	_	_	_	_	linguistic	_	none	Intonation=WeaklyRising	End=369.815	_	_	_	_
212-0	PST041	212	212	0	c'	c'	_	_	_	_	_	linguistic	_	none	SpaceAfter=No	Begin=370.51	_	_	_	_
212-1	PST041	212	212	1	è	è	_	_	_	_	_	linguistic	_	none	_	_	_	_	_	_
212-2	PST041	212	212	2	venuto	venuto	_	_	_	_	_	linguistic	_	none	_	_	_	_	_	_
212-3	PST041	212	212	3	uno	uno	_	_	_	_	_	linguistic	_	none	_	_	_	_	_	_
212-4	PST041	212	212	4	di	di	_	_	_	_	_	linguistic	_	none	_	_	_	_	_	_
212-5	PST041	212	212	5	questi::	questi	_	_	_	_	_	linguistic	_	none	_	End=372.396	5x2	_	_	_
213-0	PST041	213	213	0	come	come	_	_	_	_	_	linguistic	_	none	_	Begin=372.554	_	_	_	_
213-1	PST041	213	213	1	si	si	_	_	_	_	_	linguistic	_	none	_	_	_	_	_	_
213-2	PST041	213	213	2	chiama::	chiama	_	_	_	_	_	linguistic	_	none	_	_	5x2	_	_	_
213-3	PST041	213	213	3	e::h	eh	_	_	_	_	_	linguistic	_	none	_	_	0x2	_	_	_
213-4	PST041	213	213	4	@nomepersona	@nomepersona	_	_	_	_	_	anonymized	_	none	_	End=374.876	_	_	_	_
214-0	PST213	214	214	0	m::h,	mh	_	_	_	_	_	linguistic	_	none	Intonation=WeaklyRising	Begin=375.09|End=375.677	0x2	_	_	_
215-0	PST041	215	215	0	e::	e	_	_	_	_	_	linguistic	_	none	_	Begin=375.967	0x2	_	_	_
215-1	PST041	215	215	1	dice	dice	_	_	_	_	_	linguistic	_	none	PauseAfter=Yes	_	_	_	_	_
215-2	PST041	215	215	2	{P}	{P}	_	_	_	_	_	shortpause	_	none	_	_	_	_	_	_
215-3	PST041	215	215	3	tiè	tiè	_	_	_	_	_	linguistic	_	none	_	_	_	_	_	_
215-4	PST041	215	215	4	parla	parla	_	_	_	_	_	linguistic	_	none	_	_	_	_	_	_
215-5	PST041	215	215	5	in	in	_	_	_	_	_	linguistic	_	none	_	_	_	_	_	_
215-6	PST041	215	215	6	russo	russo	_	_	_	_	_	linguistic	_	none	_	End=378.609	_	_	_	_
216-0	PST041	216	216	0	#i	i	_	_	_	_	_	linguistic	_	some	Language=NO_ISO_CODE|Variation=Token	Begin=378.951	_	_	_	_
216-1	PST041	216	216	1	eh	eh	_	_	_	_	_	linguistic	_	some	_	End=379.571	_	_	_	_
217-0	PST041	217	217	0	eh	eh	_	_	_	_	_	linguistic	_	none	_	Begin=380.011	_	_	_	_
217-1	PST041	217	217	1	parliamo	parliamo	_	_	_	_	_	linguistic	_	none	PauseAfter=Yes	_	_	_	_	_
217-2	PST041	217	217	2	{P}	{P}	_	_	_	_	_	shortpause	_	none	_	_	_	_	_	_
217-3	PST041	217	217	3	e::h	eh	_	_	_	_	_	linguistic	_	none	_	_	0x2	_	_	_
217-4	PST041	217	217	4	parlare	parlare	_	_	_	_	_	linguistic	_	none	_	_	_	_	_	_
217-5	PST041	217	217	5	{ride}	{ride}	_	_	_	_	_	nonverbalbehavior	_	none	_	End=383.033	_	_	_	_
218-0	PST213	218	218	0	e	e	_	_	_	_	_	linguistic	_	none	_	Begin=383.033	_	_	_	_
218-1	PST213	218	218	1	ti	ti	_	_	_	_	_	linguistic	_	none	_	_	_	_	_	_
218-2	PST213	218	218	2	usciva	usciva	_	_	_	_	_	linguistic	_	none	_	_	_	_	_	_
218-3	PST213	218	218	3	l'	l'	_	_	_	_	_	linguistic	_	none	SpaceAfter=No	_	_	_	_	_
218-4	PST213	218	218	4	italiano?	italiano	_	_	_	_	_	linguistic	_	none	Intonation=Rising	End=384.322	_	_	_	_
219-0	PST041	219	219	0	sì	sì	_	_	_	_	_	linguistic	_	none	PauseAfter=Yes	Begin=384.608	_	_	_	_
219-1	PST041	219	219	1	{P}	{P}	_	_	_	_	_	shortpause	_	none	_	_	_	_	_	_
219-2	PST041	219	219	2	e::h	eh	_	_	_	_	_	linguistic	_	none	_	End=385.706	0x2	_	_	_
220-0	PST041	220	220	0	xx	xx	_	_	_	_	_	unknown	_	none	Syllables=2	Begin=385.782	_	_	_	_
220-1	PST041	220	220	1	la	la	_	_	_	_	_	linguistic	_	none	_	_	_	_	_	_
220-2	PST041	220	220	2	xx	xx	_	_	_	_	_	unknown	_	none	Syllables=2	_	_	_	_	_
220-3	PST041	220	220	3	volta	volta	_	_	_	_	_	linguistic	_	none	_	_	_	_	_	_
220-4	PST041	220	220	4	e::h	eh	_	_	_	_	_	linguistic	_	none	_	End=387.684	0x2	_	_	_
221-0	PST041	221	221	0	vengo	vengo	_	_	_	_	_	linguistic	_	none	_	Begin=387.837	_	_	_	_
221-1	PST041	221	221	1	e:	e	_	_	_	_	_	linguistic	_	none	_	_	0x1	_	_	_
221-2	PST041	221	221	2	parliamo	parliamo	_	_	_	_	_	linguistic	_	none	_	_	_	_	_	_
221-3	PST041	221	221	3	russo	russo	_	_	_	_	_	linguistic	_	none	_	End=389.598	_	_	_	_
222-0	PST213	222	222	0	eh	eh	_	_	_	_	_	linguistic	_	none	_	Begin=389.608	_	_	_	_
222-1	PST213	222	222	1	eh	eh	_	_	_	_	_	linguistic	_	none	_	_	_	_	_	_
222-2	PST213	222	222	2	eh	eh	_	_	_	_	_	linguistic	_	none	_	End=390.119	_	_	_	_
223-0	PST213	223	223	0	eh	eh	_	_	_	_	_	linguistic	_	none	_	Begin=391.456|End=391.999	_	_	_	_
224-0	PST041	224	224	0	ti	ti	_	_	_	_	_	linguistic	_	none	_	Begin=392.467	_	_	_	_
224-1	PST041	224	224	1	dimentichi	dimentichi	_	_	_	_	_	linguistic	_	none	_	End=393.522	_	_	_	_
225-0	PST041	225	225	0	con	con	_	_	_	_	_	linguistic	_	some	_	Begin=394.076	_	_	_	_
225-1	PST041	225	225	1	fratelli	fratelli	_	_	_	_	_	linguistic	_	some	_	_	_	_	_	_
225-2	PST041	225	225	2	io	io	_	_	_	_	_	linguistic	_	some	PauseAfter=Yes	_	_	_	_	_
225-3	PST041	225	225	3	{P}	{P}	_	_	_	_	_	shortpause	_	some	_	_	_	_	_	_
225-4	PST041	225	225	4	parlo	parlo	_	_	_	_	_	linguistic	_	some	_	_	_	_	_	_
225-5	PST041	225	225	5	allora	allora	_	_	_	_	_	linguistic	_	some	_	_	_	_	_	_
225-6	PST041	225	225	6	sì	sì	_	_	_	_	_	linguistic	_	some	_	_	_	_	_	_
225-7	PST041	225	225	7	#în	în	_	_	_	_	_	linguistic	_	some	Language=NO_ISO_CODE|Variation=Token	_	_	_	_	_
225-8	PST041	225	225	8	#rusă	rusă	_	_	_	_	_	linguistic	_	some	Language=NO_ISO_CODE|Variation=Token	End=396.612	_	_	_	_
227-0	PST041	227	227	0	fratelli	fratelli	_	_	_	_	_	linguistic	_	none	_	Begin=396.926	_	_	_	_
227-1	PST041	227	227	1	sorella,	sorella	_	_	_	_	_	linguistic	_	none	Intonation=WeaklyRising	End=397.948	_	_	_	_
228-0	PST041	228	228	0	parlo,	parlo	_	_	_	_	_	linguistic	_	none	Intonation=WeaklyRising	Begin=398.51|End=399.097	_	_	_	_
229-0	PST041	229	229	0	loro	loro	_	_	_	_	_	linguistic	_	none	_	Begin=399.51	_	_	_	_
229-1	PST041	229	229	1	ha	ha	_	_	_	_	_	linguistic	_	none	_	_	_	_	_	_
229-2	PST041	229	229	2	dimenticato:::	dimenticato	_	_	_	_	_	linguistic	_	none	_	_	10x3	_	_	_
229-3	PST041	229	229	3	mol[davo],	moldavo	_	_	_	_	_	linguistic	_	none	Intonation=WeaklyRising	End=401.75	_	_	_	3-7(39)
230-0	PST213	230	230	0	[mol]davo	moldavo	_	_	_	_	_	linguistic	_	none	_	Begin=401.51|End=402.032	_	_	_	0-3(39)
231-0	PST041	231	231	0	io::	io	_	_	_	_	_	linguistic	_	none	_	Begin=403.125	1x2	_	_	_
231-1	PST041	231	231	1	dimentico	dimentico	_	_	_	_	_	linguistic	_	none	_	_	_	_	_	_
231-2	PST041	231	231	2	russo	russo	_	_	_	_	_	linguistic	_	none	_	End=404.288	_	_	_	_
232-0	PST213	232	232	0	però	però	_	_	_	_	_	linguistic	_	none	_	Begin=405.478	_	_	_	_
232-1	PST213	232	232	1	se	se	_	_	_	_	_	linguistic	_	none	_	_	_	_	_	_
232-2	PST213	232	232	2	loro	loro	_	_	_	_	_	linguistic	_	none	_	_	_	_	_	_
232-3	PST213	232	232	3	parlano	parlano	_	_	_	_	_	linguistic	_	none	_	_	_	_	_	_
232-4	PST213	232	232	4	russo	russo	_	_	_	_	_	linguistic	_	none	_	_	_	_	_	_
232-5	PST213	232	232	5	lei	lei	_	_	_	_	_	linguistic	_	none	_	_	_	_	_	_
232-6	PST213	232	232	6	lo	lo	_	_	_	_	_	linguistic	_	none	_	_	_	_	_	_
232-7	PST213	232	232	7	capisce	capisce	_	_	_	_	_	linguistic	_	none	_	_	_	_	_	_
232-8	PST213	232	232	8	no?	no	_	_	_	_	_	linguistic	_	none	Intonation=Rising	End=407.893	_	_	_	_
233-0	PST041	233	233	0	sì::	sì	_	_	_	_	_	linguistic	_	none	_	Begin=407.956|End=408.597	1x2	_	_	_
234-0	PST041	234	234	0	subito	subito	_	_	_	_	_	linguistic	_	none	_	Begin=409.76	_	_	_	_
234-1	PST041	234	234	1	mi	mi	_	_	_	_	_	linguistic	_	none	_	_	_	_	_	_
234-2	PST041	234	234	2	ricordo	ricordo	_	_	_	_	_	linguistic	_	none	_	_	_	_	_	_
234-3	PST041	234	234	3	[no::]	no	_	_	_	_	_	linguistic	_	none	_	End=411.727	1x2	_	_	0-2(40)
235-0	PST213	235	235	0	[certo]	certo	_	_	_	_	_	linguistic	_	none	_	Begin=411.119|End=411.728	_	_	_	0-5(40)
236-0	PST041	236	236	0	#i	i	_	_	_	_	_	linguistic	_	some	Language=NO_ISO_CODE|Variation=Token	Begin=412.194	_	_	_	_
236-1	PST041	236	236	1	ma::	ma	_	_	_	_	_	linguistic	_	some	_	End=412.912	1x2	_	_	_
237-0	PST041	237	237	0	a:h	ah	_	_	_	_	_	linguistic	_	none	_	Begin=414.347	0x1	_	_	_
237-1	PST041	237	237	1	la	la	_	_	_	_	_	linguistic	_	none	_	_	_	_	_	_
237-2	PST041	237	237	2	moglie	moglie	_	_	_	_	_	linguistic	_	none	_	_	_	_	_	_
237-3	PST041	237	237	3	altri	altri	_	_	_	_	_	linguistic	_	none	_	_	_	_	_	_
237-4	PST041	237	237	4	volti	volti	_	_	_	_	_	linguistic	_	none	_	End=415.749	_	_	_	_
238-0	PST041	238	238	0	parla,	parla	_	_	_	_	_	linguistic	_	none	Intonation=WeaklyRising	Begin=416.021|End=416.728	_	_	_	_
239-0	PST041	239	239	0	>e	e	_	_	_	_	_	linguistic	_	none	_	Begin=417.804	_	Fast=0-1(0)	_	_
239-1	PST041	239	239	1	dice<	dice	_	_	_	_	_	linguistic	_	none	PauseAfter=Yes	_	_	Fast=0-4(0)	_	_
239-2	PST041	239	239	2	{P}	{P}	_	_	_	_	_	shortpause	_	none	_	_	_	_	_	_
239-3	PST041	239	239	3	o::h	oh	_	_	_	_	_	linguistic	_	none	_	_	0x2	_	_	_
239-4	PST041	239	239	4	ho	ho	_	_	_	_	_	linguistic	_	none	_	_	_	_	_	_
239-5	PST041	239	239	5	(cambiato)	cambiato	_	_	_	_	_	linguistic	_	none	_	_	_	_	0-8(0)	_
239-6	PST041	239	239	6	in	in	_	_	_	_	_	linguistic	_	none	_	_	_	_	_	_
239-7	PST041	239	239	7	italiano	italiano	_	_	_	_	_	linguistic	_	none	_	_	_	_	_	_
239-8	PST041	239	239	8	a::h	ah	_	_	_	_	_	linguistic	_	none	_	End=421.097	0x2	_	_	_
240-0	PST213	240	240	0	{ride}	{ride}	_	_	_	_	_	nonverbalbehavior	_	none	_	Begin=420.173|End=421.064	_	_	_	_
241-0	PST041	241	241	0	anche	anche	_	_	_	_	_	linguistic	_	none	_	Begin=421.564	_	_	_	_
241-1	PST041	241	241	1	og~	og~	_	_	_	_	_	linguistic	_	none	Interrupted=Yes|PauseAfter=Yes	_	_	_	_	_
241-2	PST041	241	241	2	{P}	{P}	_	_	_	_	_	shortpause	_	none	_	_	_	_	_	_
241-3	PST041	241	241	3	negozio	negozio	_	_	_	_	_	linguistic	_	none	_	_	_	_	_	_
241-4	PST041	241	241	4	moldavia	moldavia	_	_	_	_	_	linguistic	_	none	_	_	_	_	_	_
241-5	PST041	241	241	5	e:[::h	eh	_	_	_	_	_	linguistic	_	none	_	_	0x3	_	_	1-2(41)
241-6	PST041	241	241	6	van~]	van~	_	_	_	_	_	linguistic	_	none	Interrupted=Yes	_	_	_	_	0-4(41)
241-7	PST041	241	241	7	in	in	_	_	_	_	_	linguistic	_	none	_	_	_	_	_	_
241-8	PST041	241	241	8	negozio	negozio	_	_	_	_	_	linguistic	_	none	_	_	_	_	_	_
241-9	PST041	241	241	9	e::h	eh	_	_	_	_	_	linguistic	_	none	_	End=425.305	0x2	_	_	_
242-0	PST213	242	242	0	ah	ah	_	_	_	_	_	linguistic	_	none	_	Begin=423.543|End=423.946	_	_	_	_
243-0	PST041	243	243	0	parla::,	parla	_	_	_	_	_	linguistic	_	none	Intonation=WeaklyRising	Begin=425.575|End=426.162	4x2	_	_	_
244-0	PST041	244	244	0	guarda	guarda	_	_	_	_	_	linguistic	_	none	_	Begin=427.608	_	_	_	_
244-1	PST041	244	244	1	cos'	cos'	_	_	_	_	_	linguistic	_	none	SpaceAfter=No	_	_	_	_	_
244-2	PST041	244	244	2	hai	hai	_	_	_	_	_	linguistic	_	none	_	_	_	_	_	_
244-3	PST041	244	244	3	detto	detto	_	_	_	_	_	linguistic	_	none	_	End=428.923	_	_	_	_
245-0	PST212	245	245	0	{ride}	{ride}	_	_	_	_	_	nonverbalbehavior	_	none	_	Begin=428.989|End=430.337	_	_	_	_
246-0	PST213	246	246	0	{ride}	{ride}	_	_	_	_	_	nonverbalbehavior	_	none	_	Begin=428.989|End=430.337	_	_	_	_
247-0	PST041	247	247	0	ah	ah	_	_	_	_	_	linguistic	_	none	PauseAfter=Yes	Begin=430.935	_	_	_	_
247-1	PST041	247	247	1	{P}	{P}	_	_	_	_	_	shortpause	_	none	_	_	_	_	_	_
247-2	PST041	247	247	2	in	in	_	_	_	_	_	linguistic	_	none	_	_	_	_	_	_
247-3	PST041	247	247	3	italiano.	italiano	_	_	_	_	_	linguistic	_	none	Intonation=Falling	End=432.79	_	_	_	_
248-0	PST041	248	248	0	anche::	anche	_	_	_	_	_	linguistic	_	none	_	Begin=432.934|End=433.951	4x2	_	_	_
249-0	PST041	249	249	0	quasi	quasi	_	_	_	_	_	linguistic	_	none	_	Begin=434.934	_	_	_	_
249-1	PST041	249	249	1	xx	xx	_	_	_	_	_	unknown	_	none	Syllables=2	_	_	_	_	_
249-2	PST041	249	249	2	xxxx	xxxx	_	_	_	_	_	unknown	_	none	Syllables=4	_	_	_	_	_
249-3	PST041	249	249	3	[sì::]	sì	_	_	_	_	_	linguistic	_	none	_	End=436.836	1x2	_	_	0-2(42)
250-0	PST213	250	250	0	[eh	eh	_	_	_	_	_	linguistic	_	none	_	Begin=436.217	_	_	_	0-2(42)
250-1	PST213	250	250	1	sì]	sì	_	_	_	_	_	linguistic	_	none	_	End=436.76	_	_	_	0-2(42)
251-0	PST041	251	251	0	#i	i	_	_	_	_	_	linguistic	_	some	Language=NO_ISO_CODE|Variation=Token	Begin=438.282	_	_	_	_
251-1	PST041	251	251	1	lei	lei	_	_	_	_	_	linguistic	_	some	_	_	_	_	_	_
251-2	PST041	251	251	2	abituata	abituata	_	_	_	_	_	linguistic	_	some	_	_	_	_	_	_
251-3	PST041	251	251	3	ha	ha	_	_	_	_	_	linguistic	_	some	_	_	_	_	_	_
251-4	PST041	251	251	4	lavorato::	lavorato	_	_	_	_	_	linguistic	_	some	_	_	7x2	_	_	_
251-5	PST041	251	251	5	sempre	sempre	_	_	_	_	_	linguistic	_	some	_	_	_	_	_	_
251-6	PST041	251	251	6	a	a	_	_	_	_	_	linguistic	_	some	_	_	_	_	_	_
251-7	PST041	251	251	7	montagna:	montagna	_	_	_	_	_	linguistic	_	some	_	End=441.152	7x1	_	_	_
252-0	PST041	252	252	0	lei	lei	_	_	_	_	_	linguistic	_	none	_	Begin=441.434	_	_	_	_
252-1	PST041	252	252	1	lavorato	lavorato	_	_	_	_	_	linguistic	_	none	_	End=442.293	_	_	_	_
253-0	PST041	253	253	0	lei	lei	_	_	_	_	_	linguistic	_	none	_	Begin=442.63	_	_	_	_
253-1	PST041	253	253	1	e::h	eh	_	_	_	_	_	linguistic	_	none	_	End=443.825	0x2	_	_	_
254-0	PST041	254	254	0	diciotto	diciotto	_	_	_	_	_	linguistic	_	none	_	Begin=444.086	_	_	_	_
254-1	PST041	254	254	1	anni	anni	_	_	_	_	_	linguistic	_	none	_	_	_	_	_	_
254-2	PST041	254	254	2	ha	ha	_	_	_	_	_	linguistic	_	none	_	_	_	_	_	_
254-3	PST041	254	254	3	lavorato	lavorato	_	_	_	_	_	linguistic	_	none	_	_	_	_	_	_
254-4	PST041	254	254	4	come:	come	_	_	_	_	_	linguistic	_	none	PauseAfter=Yes	_	3x1	_	_	_
254-5	PST041	254	254	5	{P}	{P}	_	_	_	_	_	shortpause	_	none	_	_	_	_	_	_
254-6	PST041	254	254	6	in	in	_	_	_	_	_	linguistic	_	none	_	_	_	_	_	_
254-7	PST041	254	254	7	casa,	casa	_	_	_	_	_	linguistic	_	none	Intonation=WeaklyRising	End=446.835	_	_	_	_
255-0	PST041	255	255	0	sempre	sempre	_	_	_	_	_	linguistic	_	none	_	Begin=446.999	_	_	_	_
255-1	PST041	255	255	1	con	con	_	_	_	_	_	linguistic	_	none	_	_	_	_	_	_
255-2	PST041	255	255	2	la:	la	_	_	_	_	_	linguistic	_	none	_	_	1x1	_	_	_
255-3	PST041	255	255	3	italiani	italiani	_	_	_	_	_	linguistic	_	none	_	End=449.007	_	_	_	_
256-0	PST041	256	256	0	io	io	_	_	_	_	_	linguistic	_	none	_	Begin=449.543	_	_	_	_
256-1	PST041	256	256	1	adesso	adesso	_	_	_	_	_	linguistic	_	none	_	_	_	_	_	_
256-2	PST041	256	256	2	lavoro:	lavoro	_	_	_	_	_	linguistic	_	none	_	_	5x1	_	_	_
256-3	PST041	256	256	3	con	con	_	_	_	_	_	linguistic	_	none	_	_	_	_	_	_
256-4	PST041	256	256	4	figli	figli	_	_	_	_	_	linguistic	_	none	_	_	_	_	_	_
256-5	PST041	256	256	5	xx	xx	_	_	_	_	_	unknown	_	none	Syllables=2	_	_	_	_	_
256-6	PST041	256	256	6	cantiere	cantiere	_	_	_	_	_	linguistic	_	none	_	_	_	_	_	_
256-7	PST041	256	256	7	co::::n	con	_	_	_	_	_	linguistic	_	none	_	End=453.67	1x4	_	_	_
257-0	PST041	257	257	0	nipotino::	nipotino	_	_	_	_	_	linguistic	_	none	_	Begin=453.977	7x2	_	_	_
257-1	PST041	257	257	1	e::::h	eh	_	_	_	_	_	linguistic	_	none	_	End=457.017	0x4	_	_	_
258-0	PST041	258	258	0	noi	noi	_	_	_	_	_	linguistic	_	none	_	Begin=457.017	_	_	_	_
258-1	PST041	258	258	1	potiamo:	potiamo	_	_	_	_	_	linguistic	_	none	_	_	6x1	_	_	_
258-2	PST041	258	258	2	per	per	_	_	_	_	_	linguistic	_	none	_	_	_	_	_	_
258-3	PST041	258	258	3	mettersi	mettersi	_	_	_	_	_	linguistic	_	none	_	_	_	_	_	_
258-4	PST041	258	258	4	anche	anche	_	_	_	_	_	linguistic	_	none	_	_	_	_	_	_
258-5	PST041	258	258	5	xx	xx	_	_	_	_	_	unknown	_	none	Syllables=2	_	_	_	_	_
258-6	PST041	258	258	6	parlare	parlare	_	_	_	_	_	linguistic	_	none	_	_	_	_	_	_
258-7	PST041	258	258	7	noi	noi	_	_	_	_	_	linguistic	_	none	_	_	_	_	_	_
258-8	PST041	258	258	8	romeno::	romeno	_	_	_	_	_	linguistic	_	none	_	_	5x2	_	_	_
258-9	PST041	258	258	9	italiano::	italiano	_	_	_	_	_	linguistic	_	none	_	End=461.442	7x2	_	_	_
259-0	PST041	259	259	0	in	in	_	_	_	_	_	linguistic	_	none	_	Begin=462.184	_	_	_	_
259-1	PST041	259	259	1	russo	russo	_	_	_	_	_	linguistic	_	none	_	_	_	_	_	_
259-2	PST041	259	259	2	no	no	_	_	_	_	_	linguistic	_	none	_	End=463.141	_	_	_	_
260-0	PST213	260	260	0	okay	okay	_	_	_	_	_	linguistic	_	none	_	Begin=465.456|End=466.13	_	_	_	_
261-0	PST041	261	261	0	così.	così	_	_	_	_	_	linguistic	_	none	Intonation=Falling	Begin=466.282|End=466.805	_	_	_	_
262-0	PST041	262	262	0	va	va	_	_	_	_	_	linguistic	_	none	_	Begin=467.76	_	_	_	_
262-1	PST041	262	262	1	bene	bene	_	_	_	_	_	linguistic	_	none	_	End=468.478	_	_	_	_
263-0	PST212	263	263	0	e:	e	_	_	_	_	_	linguistic	_	none	PauseAfter=Yes	Begin=468.923	0x1	_	_	_
263-1	PST212	263	263	1	{P}	{P}	_	_	_	_	_	shortpause	_	none	_	_	_	_	_	_
263-2	PST212	263	263	2	e	e	_	_	_	_	_	linguistic	_	none	_	_	_	_	_	_
263-3	PST212	263	263	3	invece	invece	_	_	_	_	_	linguistic	_	none	_	End=470.299	_	_	_	_
264-0	PST212	264	264	0	quando	quando	_	_	_	_	_	linguistic	_	none	_	Begin=470.652	_	_	_	_
264-1	PST212	264	264	1	lavora::	lavora	_	_	_	_	_	linguistic	_	none	PauseAfter=Yes	_	5x2	_	_	_
264-2	PST212	264	264	2	{P}	{P}	_	_	_	_	_	shortpause	_	none	_	_	_	_	_	_
264-3	PST212	264	264	3	che	che	_	_	_	_	_	linguistic	_	none	_	_	_	_	_	_
264-4	PST212	264	264	4	lavora	lavora	_	_	_	_	_	linguistic	_	none	_	_	_	_	_	_
264-5	PST212	264	264	5	con	con	_	_	_	_	_	linguistic	_	none	_	_	_	_	_	_
264-6	PST212	264	264	6	altre	altre	_	_	_	_	_	linguistic	_	none	_	_	_	_	_	_
264-7	PST212	264	264	7	persone	persone	_	_	_	_	_	linguistic	_	none	_	_	_	_	_	_
264-8	PST212	264	264	8	oltre	oltre	_	_	_	_	_	linguistic	_	none	_	_	_	_	_	_
264-9	PST212	264	264	9	a	a	_	_	_	_	_	linguistic	_	none	_	_	_	_	_	_
264-10	PST212	264	264	10	suo	suo	_	_	_	_	_	linguistic	_	none	_	_	_	_	_	_
264-11	PST212	264	264	11	figlio	figlio	_	_	_	_	_	linguistic	_	none	_	_	_	_	_	_
264-12	PST212	264	264	12	immagino	immagino	_	_	_	_	_	linguistic	_	none	_	End=474.687	_	_	_	_
265-0	PST212	265	265	0	no	no	_	_	_	_	_	linguistic	_	none	PauseAfter=Yes	Begin=474.728	_	_	_	_
265-1	PST212	265	265	1	{P}	{P}	_	_	_	_	_	shortpause	_	none	_	_	_	_	_	_
265-2	PST212	265	265	2	sì	sì	_	_	_	_	_	linguistic	_	none	_	End=475.391	_	_	_	_
266-0	PST041	266	266	0	sì	sì	_	_	_	_	_	linguistic	_	none	PauseAfter=Yes	Begin=475.771	_	_	_	_
266-1	PST041	266	266	1	{P}	{P}	_	_	_	_	_	shortpause	_	none	_	_	_	_	_	_
266-2	PST041	266	266	2	[xx	xx	_	_	_	_	_	unknown	_	none	Syllables=2	_	_	_	_	0-2(0)
266-3	PST041	266	266	3	parlo]	parlo	_	_	_	_	_	linguistic	_	none	_	End=476.945	_	_	_	0-5(0)
267-0	PST212	267	267	0	[e	e	_	_	_	_	_	linguistic	_	none	_	Begin=476.271	_	_	_	0-1(0)
267-1	PST212	267	267	1	e	e	_	_	_	_	_	linguistic	_	none	_	_	_	_	_	0-1(0)
267-2	PST212	267	267	2	c~]	c~	_	_	_	_	_	linguistic	_	none	Interrupted=Yes	_	_	_	_	0-2(0)
267-3	PST212	267	267	3	che	che	_	_	_	_	_	linguistic	_	none	_	_	_	_	_	_
267-4	PST212	267	267	4	lingua	lingua	_	_	_	_	_	linguistic	_	none	_	_	_	_	_	_
267-5	PST212	267	267	5	usa::	usa	_	_	_	_	_	linguistic	_	none	_	End=477.945	2x2	_	_	_
268-0	PST041	268	268	0	italiano.	italiano	_	_	_	_	_	linguistic	_	none	Intonation=Falling	Begin=478.755|End=479.516	_	_	_	_
269-0	PST212	269	269	0	italiano.	italiano	_	_	_	_	_	linguistic	_	none	Intonation=Falling	Begin=479.641|End=480.456	_	_	_	_
270-0	PST041	270	270	0	solo	solo	_	_	_	_	_	linguistic	_	none	_	Begin=483.913	_	_	_	_
270-1	PST041	270	270	1	e::h	eh	_	_	_	_	_	linguistic	_	none	_	_	0x2	_	_	_
270-2	PST041	270	270	2	cantiere	cantiere	_	_	_	_	_	linguistic	_	none	_	_	_	_	_	_
270-3	PST041	270	270	3	su::	su	_	_	_	_	_	linguistic	_	none	_	_	1x2	_	_	_
270-4	PST041	270	270	4	uno	uno	_	_	_	_	_	linguistic	_	none	_	_	_	_	_	_
270-5	PST041	270	270	5	non	non	_	_	_	_	_	linguistic	_	none	_	_	_	_	_	_
270-6	PST041	270	270	6	conosci::	conosci	_	_	_	_	_	linguistic	_	none	_	_	6x2	_	_	_
270-7	PST041	270	270	7	lingua:	lingua	_	_	_	_	_	linguistic	_	none	_	_	5x1	_	_	_
270-8	PST041	270	270	8	italiana:	italiana	_	_	_	_	_	linguistic	_	none	_	_	7x1	_	_	_
270-9	PST041	270	270	9	[e::h]	eh	_	_	_	_	_	linguistic	_	none	_	End=489.25	0x2	_	_	0-2(2)
271-0	PST212	271	271	0	[okay]	okay	_	_	_	_	_	linguistic	_	none	_	Begin=488.772|End=489.239	_	_	_	0-4(2)
272-0	PST041	272	272	0	altri	altri	_	_	_	_	_	linguistic	_	none	_	Begin=490.087	_	_	_	_
272-1	PST041	272	272	1	tutti::	tutti	_	_	_	_	_	linguistic	_	none	_	_	4x2	_	_	_
272-2	PST041	272	272	2	italiano	italiano	_	_	_	_	_	linguistic	_	none	_	End=492.033	_	_	_	_
273-0	PST213	273	273	0	okay	okay	_	_	_	_	_	linguistic	_	none	_	Begin=493.011|End=493.532	_	_	_	_
274-0	PST041	274	274	0	lavorato	lavorato	_	_	_	_	_	linguistic	_	none	_	Begin=494.347	_	_	_	_
274-1	PST041	274	274	1	anche	anche	_	_	_	_	_	linguistic	_	none	_	_	_	_	_	_
274-2	PST041	274	274	2	con	con	_	_	_	_	_	linguistic	_	none	_	_	_	_	_	_
274-3	PST041	274	274	3	xx	xx	_	_	_	_	_	unknown	_	none	Syllables=2	_	_	_	_	_
274-4	PST041	274	274	4	rumeni	rumeni	_	_	_	_	_	linguistic	_	none	_	_	_	_	_	_
274-5	PST041	274	274	5	xx	xx	_	_	_	_	_	unknown	_	none	Syllables=2	_	_	_	_	_
274-6	PST041	274	274	6	xx	xx	_	_	_	_	_	unknown	_	none	Syllables=2	_	_	_	_	_
274-7	PST041	274	274	7	no?	no	_	_	_	_	_	linguistic	_	none	Intonation=Rising	End=497.39	_	_	_	_
275-0	PST212	275	275	0	eh	eh	_	_	_	_	_	linguistic	_	none	_	Begin=498.304	_	_	_	_
275-1	PST212	275	275	1	è	è	_	_	_	_	_	linguistic	_	none	_	_	_	_	_	_
275-2	PST212	275	275	2	riuscito	riuscito	_	_	_	_	_	linguistic	_	none	_	_	_	_	_	_
275-3	PST212	275	275	3	[a	a	_	_	_	_	_	linguistic	_	none	_	_	_	_	_	0-1(4)
275-4	PST212	275	275	4	trovare	trovare	_	_	_	_	_	linguistic	_	none	_	_	_	_	_	0-7(4)
275-5	PST212	275	275	5	altre]	altre	_	_	_	_	_	linguistic	_	none	_	_	_	_	_	0-5(4)
275-6	PST212	275	275	6	persone::	persone	_	_	_	_	_	linguistic	_	none	_	End=501.022	6x2	_	_	_
276-0	PST041	276	276	0	[sempre]	sempre	_	_	_	_	_	linguistic	_	none	_	Begin=499.098|End=499.88	_	_	_	0-6(4)
277-0	PST041	277	277	0	sempre	sempre	_	_	_	_	_	linguistic	_	none	PauseAfter=Yes	Begin=501.022	_	_	_	_
277-1	PST041	277	277	1	{P}	{P}	_	_	_	_	_	shortpause	_	none	_	_	_	_	_	_
277-2	PST041	277	277	2	can~	can~	_	_	_	_	_	linguistic	_	none	Interrupted=Yes	_	_	_	_	_
277-3	PST041	277	277	3	quando	quando	_	_	_	_	_	linguistic	_	none	_	_	_	_	_	_
277-4	PST041	277	277	4	rumeni	rumeni	_	_	_	_	_	linguistic	_	none	_	_	_	_	_	_
277-5	PST041	277	277	5	sempre	sempre	_	_	_	_	_	linguistic	_	none	_	_	_	_	_	_
277-6	PST041	277	277	6	parliamo	parliamo	_	_	_	_	_	linguistic	_	none	_	_	_	_	_	_
277-7	PST041	277	277	7	italiano	italiano	_	_	_	_	_	linguistic	_	none	_	End=505.035	_	_	_	_
278-0	PST212	278	278	0	ah	ah	_	_	_	_	_	linguistic	_	none	_	Begin=505.086	_	_	_	_
278-1	PST212	278	278	1	sì,	sì	_	_	_	_	_	linguistic	_	none	Intonation=WeaklyRising	End=505.575	_	_	_	_
279-0	PST213	279	279	0	[ah]	ah	_	_	_	_	_	linguistic	_	none	_	Begin=505.739|End=506.152	_	_	_	0-2(5)
280-0	PST041	280	280	0	[ah]	ah	_	_	_	_	_	linguistic	_	none	_	Begin=505.739	_	_	_	0-2(5)
280-1	PST041	280	280	1	solo	solo	_	_	_	_	_	linguistic	_	none	_	_	_	_	_	_
280-2	PST041	280	280	2	questa	questa	_	_	_	_	_	linguistic	_	none	_	_	_	_	_	_
280-3	PST041	280	280	3	non	non	_	_	_	_	_	linguistic	_	none	_	_	_	_	_	_
280-4	PST041	280	280	4	non	non	_	_	_	_	_	linguistic	_	none	_	_	_	_	_	_
280-5	PST041	280	280	5	capisci	capisci	_	_	_	_	_	linguistic	_	none	_	_	_	_	_	_
280-6	PST041	280	280	6	per	per	_	_	_	_	_	linguistic	_	none	_	_	_	_	_	_
280-7	PST041	280	280	7	questa::	questa	_	_	_	_	_	linguistic	_	none	_	End=509.174	5x2	_	_	_
281-0	PST041	281	281	0	poco	poco	_	_	_	_	_	linguistic	_	none	_	Begin=509.57	_	_	_	_
281-1	PST041	281	281	1	capisci:	capisci	_	_	_	_	_	linguistic	_	none	_	_	6x1	_	_	_
281-2	PST041	281	281	2	italiano	italiano	_	_	_	_	_	linguistic	_	none	_	End=511.466	_	_	_	_
282-0	PST041	282	282	0	e	e	_	_	_	_	_	linguistic	_	none	_	Begin=511.592	_	_	_	_
282-1	PST041	282	282	1	parliamo:	parliamo	_	_	_	_	_	linguistic	_	none	_	End=512.201	7x1	_	_	_
283-0	PST041	283	283	0	già	già	_	_	_	_	_	linguistic	_	none	_	Begin=513.076	_	_	_	_
283-1	PST041	283	283	1	con	con	_	_	_	_	_	linguistic	_	none	_	_	_	_	_	_
283-2	PST041	283	283	2	lui,	lui	_	_	_	_	_	linguistic	_	none	Intonation=WeaklyRising	End=514.0	_	_	_	_
284-0	PST041	284	284	0	in	in	_	_	_	_	_	linguistic	_	some	_	Begin=514.814	_	_	_	_
284-1	PST041	284	284	1	moldavo	moldavo	_	_	_	_	_	linguistic	_	some	_	_	_	_	_	_
284-2	PST041	284	284	2	o	o	_	_	_	_	_	linguistic	_	some	_	_	_	_	_	_
284-3	PST041	284	284	3	#rusă	rusă	_	_	_	_	_	linguistic	_	some	Language=NO_ISO_CODE|Variation=Token	End=516.399	_	_	_	_
286-0	PST212	286	286	0	e	e	_	_	_	_	_	linguistic	_	none	_	Begin=517.369	_	_	_	_
286-1	PST212	286	286	1	e	e	_	_	_	_	_	linguistic	_	none	_	_	_	_	_	_
286-2	PST212	286	286	2	come	come	_	_	_	_	_	linguistic	_	none	_	_	_	_	_	_
286-3	PST212	286	286	3	mai::	mai	_	_	_	_	_	linguistic	_	none	_	_	2x2	_	_	_
286-4	PST212	286	286	4	usate	usate	_	_	_	_	_	linguistic	_	none	_	_	_	_	_	_
286-5	PST212	286	286	5	l'	l'	_	_	_	_	_	linguistic	_	none	SpaceAfter=No	_	_	_	_	_
286-6	PST212	286	286	6	italiano	italiano	_	_	_	_	_	linguistic	_	none	_	_	_	_	_	_
286-7	PST212	286	286	7	anche	anche	_	_	_	_	_	linguistic	_	none	_	_	_	_	_	_
286-8	PST212	286	286	8	tra::	tra	_	_	_	_	_	linguistic	_	none	_	End=520.902	2x2	_	_	_
287-0	PST212	287	287	0	tra	tra	_	_	_	_	_	linguistic	_	none	_	Begin=521.565	_	_	_	_
287-1	PST212	287	287	1	persone	persone	_	_	_	_	_	linguistic	_	none	_	_	_	_	_	_
287-2	PST212	287	287	2	appunto	appunto	_	_	_	_	_	linguistic	_	none	_	_	_	_	_	_
287-3	PST212	287	287	3	che	che	_	_	_	_	_	linguistic	_	none	PauseAfter=Yes	_	_	_	_	_
287-4	PST212	287	287	4	{P}	{P}	_	_	_	_	_	shortpause	_	none	_	_	_	_	_	_
287-5	PST212	287	287	5	potreste	potreste	_	_	_	_	_	linguistic	_	none	_	_	_	_	_	_
287-6	PST212	287	287	6	parlare:	parlare	_	_	_	_	_	linguistic	_	none	_	_	6x1	_	_	_
287-7	PST212	287	287	7	rumeno	rumeno	_	_	_	_	_	linguistic	_	none	_	End=524.93	_	_	_	_
288-0	PST041	288	288	0	c'	c'	_	_	_	_	_	linguistic	_	none	SpaceAfter=No	Begin=524.978	_	_	_	_
288-1	PST041	288	288	1	è	è	_	_	_	_	_	linguistic	_	none	PauseAfter=Yes	_	_	_	_	_
288-2	PST041	288	288	2	{P}	{P}	_	_	_	_	_	shortpause	_	none	_	_	_	_	_	_
288-3	PST041	288	288	3	quando	quando	_	_	_	_	_	linguistic	_	none	_	_	_	_	_	_
288-4	PST041	288	288	4	sono	sono	_	_	_	_	_	linguistic	_	none	_	_	_	_	_	_
288-5	PST041	288	288	5	altri	altri	_	_	_	_	_	linguistic	_	none	_	_	_	_	_	_
288-6	PST041	288	288	6	persone	persone	_	_	_	_	_	linguistic	_	none	_	_	_	_	_	_
288-7	PST041	288	288	7	devi	devi	_	_	_	_	_	linguistic	_	none	_	_	_	_	_	_
288-8	PST041	288	288	8	usare:	usare	_	_	_	_	_	linguistic	_	none	_	_	4x1	_	_	_
288-9	PST041	288	288	9	solo	solo	_	_	_	_	_	linguistic	_	none	_	_	_	_	_	_
288-10	PST041	288	288	10	[italiano:]	italiano	_	_	_	_	_	linguistic	_	none	_	End=528.96	7x1	_	_	0-8(43)
289-0	PST212	289	289	0	[okay]	okay	_	_	_	_	_	linguistic	_	none	_	Begin=528.402|End=528.945	_	_	_	0-4(43)
290-0	PST213	290	290	0	così	così	_	_	_	_	_	linguistic	_	none	_	Begin=528.413	_	_	_	_
290-1	PST213	290	290	1	che	che	_	_	_	_	_	linguistic	_	none	_	_	_	_	_	_
290-2	PST213	290	290	2	tutti	tutti	_	_	_	_	_	linguistic	_	none	_	_	_	_	_	_
290-3	PST213	290	290	3	capiscano?	capiscano	_	_	_	_	_	linguistic	_	none	Intonation=Rising	End=530.163	_	_	_	_
291-0	PST041	291	291	0	dopo	dopo	_	_	_	_	_	linguistic	_	none	_	Begin=530.869	_	_	_	_
291-1	PST041	291	291	1	loro	loro	_	_	_	_	_	linguistic	_	none	_	_	_	_	_	_
291-2	PST041	291	291	2	dice	dice	_	_	_	_	_	linguistic	_	none	_	_	_	_	_	_
291-3	PST041	291	291	3	xx	xx	_	_	_	_	_	unknown	_	none	Syllables=2	_	_	_	_	_
291-4	PST041	291	291	4	oh	oh	_	_	_	_	_	linguistic	_	none	_	_	_	_	_	_
291-5	PST041	291	291	5	perché	perché	_	_	_	_	_	linguistic	_	none	PauseAfter=Yes	_	_	_	_	_
291-6	PST041	291	291	6	{P}	{P}	_	_	_	_	_	shortpause	_	none	_	_	_	_	_	_
291-7	PST041	291	291	7	noi	noi	_	_	_	_	_	linguistic	_	none	_	_	_	_	_	_
291-8	PST041	291	291	8	parliamo	parliamo	_	_	_	_	_	linguistic	_	none	_	_	_	_	_	_
291-9	PST041	291	291	9	italiano	italiano	_	_	_	_	_	linguistic	_	none	_	End=534.343	_	_	_	_
292-0	PST213	292	292	0	eh	eh	_	_	_	_	_	linguistic	_	none	_	Begin=534.793	_	_	_	_
292-1	PST213	292	292	1	eh	eh	_	_	_	_	_	linguistic	_	none	_	End=535.443	_	_	_	_
293-0	PST212	293	293	0	e	e	_	_	_	_	_	linguistic	_	none	PauseAfter=Yes	Begin=535.912	_	_	_	_
293-1	PST212	293	293	1	{P}	{P}	_	_	_	_	_	shortpause	_	none	_	_	_	_	_	_
293-2	PST212	293	293	2	come	come	_	_	_	_	_	linguistic	_	none	_	_	_	_	_	_
293-3	PST212	293	293	3	si	si	_	_	_	_	_	linguistic	_	none	_	_	_	_	_	_
293-4	PST212	293	293	4	sente	sente	_	_	_	_	_	linguistic	_	none	_	_	_	_	_	_
293-5	PST212	293	293	5	quando	quando	_	_	_	_	_	linguistic	_	none	_	_	_	_	_	_
293-6	PST212	293	293	6	parla	parla	_	_	_	_	_	linguistic	_	none	_	_	_	_	_	_
293-7	PST212	293	293	7	italiano	italiano	_	_	_	_	_	linguistic	_	none	_	_	_	_	_	_
293-8	PST212	293	293	8	le	le	_	_	_	_	_	linguistic	_	none	_	_	_	_	_	_
293-9	PST212	293	293	9	pesa::	pesa	_	_	_	_	_	linguistic	_	none	_	_	3x2	_	_	_
293-10	PST212	293	293	10	cioè:	cioè	_	_	_	_	_	linguistic	_	none	_	End=539.888	3x1	_	_	_
294-0	PST041	294	294	0	no:	no	_	_	_	_	_	linguistic	_	none	_	Begin=540.206|End=540.511	1x1	_	_	_
295-0	PST212	295	295	0	fa	fa	_	_	_	_	_	linguistic	_	none	_	Begin=540.5	_	_	_	_
295-1	PST212	295	295	1	fatica	fatica	_	_	_	_	_	linguistic	_	none	_	_	_	_	_	_
295-2	PST212	295	295	2	o	o	_	_	_	_	_	linguistic	_	none	_	_	_	_	_	_
295-3	PST212	295	295	3	le	le	_	_	_	_	_	linguistic	_	none	_	_	_	_	_	_
295-4	PST212	295	295	4	vie[ne	viene	_	_	_	_	_	linguistic	_	none	_	_	_	_	_	3-5(8)
295-5	PST212	295	295	5	comun]que	comunque	_	_	_	_	_	linguistic	_	none	_	_	_	_	_	0-5(8)
295-6	PST212	295	295	6	naturale::	naturale	_	_	_	_	_	linguistic	_	none	_	End=542.868	7x2	_	_	_
296-0	PST041	296	296	0	[no]	no	_	_	_	_	_	linguistic	_	none	_	Begin=541.564|End=541.89	_	_	_	0-2(8)
297-0	PST041	297	297	0	naturale	naturale	_	_	_	_	_	linguistic	_	none	_	Begin=542.918|End=543.76	_	_	_	_
298-0	PST212	298	298	0	okay.	okay	_	_	_	_	_	linguistic	_	none	Intonation=Falling	Begin=545.022|End=545.533	_	_	_	_
299-0	PST041	299	299	0	già	già	_	_	_	_	_	linguistic	_	none	_	Begin=547.293	_	_	_	_
299-1	PST041	299	299	1	di	di	_	_	_	_	_	linguistic	_	none	PauseAfter=Yes	_	_	_	_	_
299-2	PST041	299	299	2	{P}	{P}	_	_	_	_	_	shortpause	_	none	_	_	_	_	_	_
299-3	PST041	299	299	3	venti	venti	_	_	_	_	_	linguistic	_	none	_	_	_	_	_	_
299-4	PST041	299	299	4	anni	anni	_	_	_	_	_	linguistic	_	none	_	End=549.314	_	_	_	_
300-0	PST212	300	300	0	eh	eh	_	_	_	_	_	linguistic	_	none	_	Begin=549.521	_	_	_	_
300-1	PST212	300	300	1	sì.	sì	_	_	_	_	_	linguistic	_	none	Intonation=Falling	End=550.119	_	_	_	_
301-0	PST212	301	301	0	[e	e	_	_	_	_	_	linguistic	_	none	_	Begin=551.0	_	_	_	0-1(11)
301-1	PST212	301	301	1	come::]	come	_	_	_	_	_	linguistic	_	none	_	_	3x2	_	_	0-4(11)
301-2	PST212	301	301	2	no	no	_	_	_	_	_	linguistic	_	none	_	_	_	_	_	_
301-3	PST212	301	301	3	infatti	infatti	_	_	_	_	_	linguistic	_	none	_	_	_	_	_	_
301-4	PST212	301	301	4	volevo	volevo	_	_	_	_	_	linguistic	_	none	_	_	_	_	_	_
301-5	PST212	301	301	5	chiederle	chiederle	_	_	_	_	_	linguistic	_	none	_	_	_	_	_	_
301-6	PST212	301	301	6	anche	anche	_	_	_	_	_	linguistic	_	none	_	_	_	_	_	_
301-7	PST212	301	301	7	come::	come	_	_	_	_	_	linguistic	_	none	_	_	3x2	_	_	_
301-8	PST212	301	301	8	com'	com'	_	_	_	_	_	linguistic	_	none	SpaceAfter=No	_	_	_	_	_
301-9	PST212	301	301	9	è	è	_	_	_	_	_	linguistic	_	none	_	_	_	_	_	_
301-10	PST212	301	301	10	riuscito	riuscito	_	_	_	_	_	linguistic	_	none	_	_	_	_	_	_
301-11	PST212	301	301	11	a	a	_	_	_	_	_	linguistic	_	none	_	_	_	_	_	_
301-12	PST212	301	301	12	imparare	imparare	_	_	_	_	_	linguistic	_	none	_	_	_	_	_	_
301-13	PST212	301	301	13	l'	l'	_	_	_	_	_	linguistic	_	none	SpaceAfter=No	_	_	_	_	_
301-14	PST212	301	301	14	italiano::	italiano	_	_	_	_	_	linguistic	_	none	_	End=556.679	7x2	_	_	_
302-0	PST041	302	302	0	[e::h]	eh	_	_	_	_	_	linguistic	_	none	_	Begin=551.011|End=551.597	0x2	_	_	0-2(11)
303-0	PST041	303	303	0	non	non	_	_	_	_	_	linguistic	_	none	_	Begin=556.935	_	_	_	_
303-1	PST041	303	303	1	so,	so	_	_	_	_	_	linguistic	_	none	Intonation=WeaklyRising	End=557.391	_	_	_	_
304-0	PST041	304	304	0	prima	prima	_	_	_	_	_	linguistic	_	none	PauseAfter=Yes	Begin=558.098	_	_	_	_
304-1	PST041	304	304	1	{P}	{P}	_	_	_	_	_	shortpause	_	none	_	_	_	_	_	_
304-2	PST041	304	304	2	sono	sono	_	_	_	_	_	linguistic	_	none	_	_	_	_	_	_
304-3	PST041	304	304	3	andato::	andato	_	_	_	_	_	linguistic	_	none	_	_	5x2	_	_	_
304-4	PST041	304	304	4	a	a	_	_	_	_	_	linguistic	_	none	_	_	_	_	_	_
304-5	PST041	304	304	5	montagna	montagna	_	_	_	_	_	linguistic	_	none	_	_	_	_	_	_
304-6	PST041	304	304	6	di	di	_	_	_	_	_	linguistic	_	none	_	_	_	_	_	_
304-7	PST041	304	304	7	là,	là	_	_	_	_	_	linguistic	_	none	Intonation=WeaklyRising	End=561.881	_	_	_	_
305-0	PST041	305	305	0	era::	era	_	_	_	_	_	linguistic	_	none	_	Begin=562.174	2x2	_	_	_
305-1	PST041	305	305	1	la	la	_	_	_	_	_	linguistic	_	none	_	_	_	_	_	_
305-2	PST041	305	305	2	moglie	moglie	_	_	_	_	_	linguistic	_	none	_	_	_	_	_	_
305-3	PST041	305	305	3	dove	dove	_	_	_	_	_	linguistic	_	none	_	_	_	_	_	_
305-4	PST041	305	305	4	ha	ha	_	_	_	_	_	linguistic	_	none	_	_	_	_	_	_
305-5	PST041	305	305	5	lavorato,	lavorato	_	_	_	_	_	linguistic	_	none	Intonation=WeaklyRising	End=564.587	_	_	_	_
306-0	PST041	306	306	0	la	la	_	_	_	_	_	linguistic	_	none	_	Begin=564.999	_	_	_	_
306-1	PST041	306	306	1	(nonna)	nonna	_	_	_	_	_	linguistic	_	none	PauseAfter=Yes	_	_	_	0-5(0)	_
306-2	PST041	306	306	2	{P}	{P}	_	_	_	_	_	shortpause	_	none	_	_	_	_	_	_
306-3	PST041	306	306	3	lei::	lei	_	_	_	_	_	linguistic	_	none	_	_	2x2	_	_	_
306-4	PST041	306	306	4	mancata	mancata	_	_	_	_	_	linguistic	_	none	_	_	_	_	_	_
306-5	PST041	306	306	5	non	non	_	_	_	_	_	linguistic	_	none	_	_	_	_	_	_
306-6	PST041	306	306	6	c'	c'	_	_	_	_	_	linguistic	_	none	SpaceAfter=No	_	_	_	_	_
306-7	PST041	306	306	7	è	è	_	_	_	_	_	linguistic	_	none	_	End=567.598	_	_	_	_
307-0	PST041	307	307	0	lei,	lei	_	_	_	_	_	linguistic	_	none	Intonation=WeaklyRising	Begin=568.288|End=568.739	_	_	_	_
308-0	PST041	308	308	0	mi	mi	_	_	_	_	_	linguistic	_	none	_	Begin=570.332	_	_	_	_
308-1	PST041	308	308	1	chiedeva	chiedeva	_	_	_	_	_	linguistic	_	none	_	_	_	_	_	_
308-2	PST041	308	308	2	tutti	tutti	_	_	_	_	_	linguistic	_	none	_	_	_	_	_	_
308-3	PST041	308	308	3	i	i	_	_	_	_	_	linguistic	_	none	_	_	_	_	_	_
308-4	PST041	308	308	4	giorni	giorni	_	_	_	_	_	linguistic	_	none	PauseAfter=Yes	_	_	_	_	_
308-5	PST041	308	308	5	{P}	{P}	_	_	_	_	_	shortpause	_	none	_	_	_	_	_	_
308-6	PST041	308	308	6	cosa	cosa	_	_	_	_	_	linguistic	_	none	_	_	_	_	_	_
308-7	PST041	308	308	7	hai	hai	_	_	_	_	_	linguistic	_	none	_	_	_	_	_	_
308-8	PST041	308	308	8	imparato.	imparato	_	_	_	_	_	linguistic	_	none	Intonation=Falling	End=572.658	_	_	_	_
309-0	PST041	309	309	0	questa	questa	_	_	_	_	_	linguistic	_	none	_	Begin=573.957	_	_	_	_
309-1	PST041	309	309	1	cosa	cosa	_	_	_	_	_	linguistic	_	none	_	_	_	_	_	_
309-2	PST041	309	309	2	questa	questa	_	_	_	_	_	linguistic	_	none	_	_	_	_	_	_
309-3	PST041	309	309	3	tutto:,	tutto	_	_	_	_	_	linguistic	_	none	Intonation=WeaklyRising	End=575.943	4x1	_	_	_
310-0	PST041	310	310	0	scriveva	scriveva	_	_	_	_	_	linguistic	_	none	_	Begin=576.369	_	_	_	_
310-1	PST041	310	310	1	un	un	_	_	_	_	_	linguistic	_	none	_	_	_	_	_	_
310-2	PST041	310	310	2	tema	tema	_	_	_	_	_	linguistic	_	none	_	_	_	_	_	_
310-3	PST041	310	310	3	ne::l	nel	_	_	_	_	_	linguistic	_	none	_	_	1x2	_	_	_
310-4	PST041	310	310	4	e::h	eh	_	_	_	_	_	linguistic	_	none	_	_	0x2	_	_	_
310-5	PST041	310	310	5	foglio?	foglio	_	_	_	_	_	linguistic	_	none	Intonation=Rising	End=578.924	_	_	_	_
311-0	PST041	311	311	0	dopo	dopo	_	_	_	_	_	linguistic	_	none	_	Begin=579.195	_	_	_	_
311-1	PST041	311	311	1	dall'	dall'	_	_	_	_	_	linguistic	_	none	SpaceAfter=No	_	_	_	_	_
311-2	PST041	311	311	2	altro	altro	_	_	_	_	_	linguistic	_	none	_	_	_	_	_	_
311-3	PST041	311	311	3	giorno	giorno	_	_	_	_	_	linguistic	_	none	_	_	_	_	_	_
311-4	PST041	311	311	4	lei	lei	_	_	_	_	_	linguistic	_	none	_	_	_	_	_	_
311-5	PST041	311	311	5	mi::	mi	_	_	_	_	_	linguistic	_	none	_	_	1x2	_	_	_
311-6	PST041	311	311	6	chiedeva.	chiedeva	_	_	_	_	_	linguistic	_	none	Intonation=Falling	End=581.618	_	_	_	_
312-0	PST041	312	312	0	come	come	_	_	_	_	_	linguistic	_	none	_	Begin=582.25	_	_	_	_
312-1	PST041	312	312	1	si	si	_	_	_	_	_	linguistic	_	none	_	_	_	_	_	_
312-2	PST041	312	312	2	chiama	chiama	_	_	_	_	_	linguistic	_	none	_	_	_	_	_	_
312-3	PST041	312	312	3	questo	questo	_	_	_	_	_	linguistic	_	none	_	_	_	_	_	_
312-4	PST041	312	312	4	come	come	_	_	_	_	_	linguistic	_	none	_	_	_	_	_	_
312-5	PST041	312	312	5	si	si	_	_	_	_	_	linguistic	_	none	_	_	_	_	_	_
312-6	PST041	312	312	6	chiama	chiama	_	_	_	_	_	linguistic	_	none	_	_	_	_	_	_
312-7	PST041	312	312	7	quello	quello	_	_	_	_	_	linguistic	_	none	_	End=584.098	_	_	_	_
313-0	PST041	313	313	0	più	più	_	_	_	_	_	linguistic	_	none	_	Begin=585.0	_	_	_	_
313-1	PST041	313	313	1	facile	facile	_	_	_	_	_	linguistic	_	none	_	_	_	_	_	_
313-2	PST041	313	313	2	dire::	dire	_	_	_	_	_	linguistic	_	none	PauseAfter=Yes	_	3x2	_	_	_
313-3	PST041	313	313	3	{P}	{P}	_	_	_	_	_	shortpause	_	none	_	_	_	_	_	_
313-4	PST041	313	313	4	cosa	cosa	_	_	_	_	_	linguistic	_	none	_	_	_	_	_	_
313-5	PST041	313	313	5	è	è	_	_	_	_	_	linguistic	_	none	_	_	_	_	_	_
313-6	PST041	313	313	6	che	che	_	_	_	_	_	linguistic	_	none	_	_	_	_	_	_
313-7	PST041	313	313	7	cosa	cosa	_	_	_	_	_	linguistic	_	none	_	_	_	_	_	_
313-8	PST041	313	313	8	[eh]	eh	_	_	_	_	_	linguistic	_	none	_	End=587.63	_	_	_	0-2(13)
314-0	PST213	314	314	0	[mh	mh	_	_	_	_	_	linguistic	_	none	_	Begin=587.13	_	_	_	0-2(13)
314-1	PST213	314	314	1	mh]	mh	_	_	_	_	_	linguistic	_	none	_	End=587.598	_	_	_	0-2(13)
315-0	PST213	315	315	0	mh	mh	_	_	_	_	_	linguistic	_	none	_	Begin=589.098	_	_	_	_
315-1	PST213	315	315	1	mh	mh	_	_	_	_	_	linguistic	_	none	_	End=589.5	_	_	_	_
316-0	PST041	316	316	0	dice	dice	_	_	_	_	_	linguistic	_	none	_	Begin=590.608	_	_	_	_
316-1	PST041	316	316	1	tu	tu	_	_	_	_	_	linguistic	_	none	_	_	_	_	_	_
316-2	PST041	316	316	2	non	non	_	_	_	_	_	linguistic	_	none	_	_	_	_	_	_
316-3	PST041	316	316	3	puoi	puoi	_	_	_	_	_	linguistic	_	none	_	_	_	_	_	_
316-4	PST041	316	316	4	stare	stare	_	_	_	_	_	linguistic	_	none	_	_	_	_	_	_
316-5	PST041	316	316	5	qui	qui	_	_	_	_	_	linguistic	_	none	_	_	_	_	_	_
316-6	PST041	316	316	6	con	con	_	_	_	_	_	linguistic	_	none	_	_	_	_	_	_
316-7	PST041	316	316	7	noi	noi	_	_	_	_	_	linguistic	_	none	_	End=592.912	_	_	_	_
317-0	PST041	317	317	0	devi::	devi	_	_	_	_	_	linguistic	_	none	_	Begin=593.674	3x2	_	_	_
317-1	PST041	317	317	1	andare	andare	_	_	_	_	_	linguistic	_	none	_	_	_	_	_	_
317-2	PST041	317	317	2	a	a	_	_	_	_	_	linguistic	_	none	_	_	_	_	_	_
317-3	PST041	317	317	3	lavorare	lavorare	_	_	_	_	_	linguistic	_	none	_	_	_	_	_	_
317-4	PST041	317	317	4	{ride}	{ride}	_	_	_	_	_	nonverbalbehavior	_	none	_	End=595.446	_	_	_	_
318-0	PST213	318	318	0	{ride}	{ride}	_	_	_	_	_	nonverbalbehavior	_	none	_	Begin=595.51|End=595.945	_	_	_	_
319-0	PST041	319	319	0	devi	devi	_	_	_	_	_	linguistic	_	none	_	Begin=595.945	_	_	_	_
319-1	PST041	319	319	1	imparare	imparare	_	_	_	_	_	linguistic	_	none	_	_	_	_	_	_
319-2	PST041	319	319	2	prima::	prima	_	_	_	_	_	linguistic	_	none	PauseAfter=Yes	_	4x2	_	_	_
319-3	PST041	319	319	3	[{P}	{P}	_	_	_	_	_	shortpause	_	none	_	_	_	_	_	0-3(44)
319-4	PST041	319	319	4	la	la	_	_	_	_	_	linguistic	_	none	_	_	_	_	_	0-2(44)
319-5	PST041	319	319	5	lingua].	lingua	_	_	_	_	_	linguistic	_	none	Intonation=Falling	End=598.772	_	_	_	0-6(44)
320-0	PST212	320	320	0	[eh	eh	_	_	_	_	_	linguistic	_	none	_	Begin=597.695	_	_	_	0-2(44)
320-1	PST212	320	320	1	sì]	sì	_	_	_	_	_	linguistic	_	none	_	End=598.239	_	_	_	0-2(44)
321-0	PST213	321	321	0	[eh	eh	_	_	_	_	_	linguistic	_	none	_	Begin=598.076	_	_	_	0-2(44)
321-1	PST213	321	321	1	certo]	certo	_	_	_	_	_	linguistic	_	none	_	End=598.772	_	_	_	0-5(44)
322-0	PST041	322	322	0	e	e	_	_	_	_	_	linguistic	_	none	_	Begin=599.483	_	_	_	_
322-1	PST041	322	322	1	così	così	_	_	_	_	_	linguistic	_	none	_	_	_	_	_	_
322-2	PST041	322	322	2	dopo	dopo	_	_	_	_	_	linguistic	_	none	_	End=600.559	_	_	_	_
323-0	PST041	323	323	0	°non	non	_	_	_	_	_	linguistic	_	none	Volume=low	Begin=601.043	_	_	_	_
323-1	PST041	323	323	1	so°	so	_	_	_	_	_	linguistic	_	none	Volume=low	End=601.793	_	_	_	_
324-0	PST041	324	324	0	tre	tre	_	_	_	_	_	linguistic	_	none	_	Begin=602.261	_	_	_	_
324-1	PST041	324	324	1	mesi	mesi	_	_	_	_	_	linguistic	_	none	_	End=603.109	_	_	_	_
325-0	PST041	325	325	0	stato	stato	_	_	_	_	_	linguistic	_	none	_	Begin=603.325	_	_	_	_
325-1	PST041	325	325	1	di	di	_	_	_	_	_	linguistic	_	none	_	_	_	_	_	_
325-2	PST041	325	325	2	là,	là	_	_	_	_	_	linguistic	_	none	Intonation=WeaklyRising	End=604.249	_	_	_	_
326-0	PST041	326	326	0	a	a	_	_	_	_	_	linguistic	_	none	_	Begin=605.304	_	_	_	_
326-1	PST041	326	326	1	leinì	leinì	_	_	_	_	_	linguistic	_	none	_	End=606.173	_	_	_	_
327-0	PST212	327	327	0	okay	okay	_	_	_	_	_	linguistic	_	none	_	Begin=606.652|End=607.065	_	_	_	_
328-0	PST213	328	328	0	mh	mh	_	_	_	_	_	linguistic	_	none	_	Begin=607.141	_	_	_	_
328-1	PST213	328	328	1	mh	mh	_	_	_	_	_	linguistic	_	none	_	End=607.565	_	_	_	_
329-0	PST041	329	329	0	a	a	_	_	_	_	_	linguistic	_	none	_	Begin=607.706	_	_	_	_
329-1	PST041	329	329	1	xx	xx	_	_	_	_	_	unknown	_	none	Syllables=2	_	_	_	_	_
329-2	PST041	329	329	2	moglie	moglie	_	_	_	_	_	linguistic	_	none	_	_	_	_	_	_
329-3	PST041	329	329	3	di	di	_	_	_	_	_	linguistic	_	none	_	_	_	_	_	_
329-4	PST041	329	329	4	vieni~	vieni~	_	_	_	_	_	linguistic	_	none	Interrupted=Yes	_	_	_	_	_
329-5	PST041	329	329	5	qui	qui	_	_	_	_	_	linguistic	_	none	_	_	_	_	_	_
329-6	PST041	329	329	6	vicino	vicino	_	_	_	_	_	linguistic	_	none	_	_	_	_	_	_
329-7	PST041	329	329	7	a	a	_	_	_	_	_	linguistic	_	none	_	_	_	_	_	_
329-8	PST041	329	329	8	xx	xx	_	_	_	_	_	unknown	_	none	Syllables=2	_	_	_	_	_
329-9	PST041	329	329	9	montagna	montagna	_	_	_	_	_	linguistic	_	none	_	End=611.163	_	_	_	_
330-0	PST041	330	330	0	e	e	_	_	_	_	_	linguistic	_	none	_	Begin=611.625	_	_	_	_
330-1	PST041	330	330	1	dopo	dopo	_	_	_	_	_	linguistic	_	none	_	_	_	_	_	_
330-2	PST041	330	330	2	sono	sono	_	_	_	_	_	linguistic	_	none	_	_	_	_	_	_
330-3	PST041	330	330	3	venuto	venuto	_	_	_	_	_	linguistic	_	none	_	_	_	_	_	_
330-4	PST041	330	330	4	a	a	_	_	_	_	_	linguistic	_	none	_	_	_	_	_	_
330-5	PST041	330	330	5	porta	porta	_	_	_	_	_	linguistic	_	none	_	_	_	_	_	_
330-6	PST041	330	330	6	palazzo,	palazzo	_	_	_	_	_	linguistic	_	none	Intonation=WeaklyRising	End=613.761	_	_	_	_
331-0	PST041	331	331	0	sono	sono	_	_	_	_	_	linguistic	_	none	_	Begin=613.88	_	_	_	_
331-1	PST041	331	331	1	andato::	andato	_	_	_	_	_	linguistic	_	none	_	End=614.859	5x2	_	_	_
332-0	PST041	332	332	0	a	a	_	_	_	_	_	linguistic	_	none	_	Begin=615.075	_	_	_	_
332-1	PST041	332	332	1	@nomeluogo	@nomeluogo	_	_	_	_	_	anonymized	_	none	_	_	_	_	_	_
332-2	PST041	332	332	2	per	per	_	_	_	_	_	linguistic	_	none	_	_	_	_	_	_
332-3	PST041	332	332	3	lavorare::	lavorare	_	_	_	_	_	linguistic	_	none	_	End=616.597	7x2	_	_	_
333-0	PST041	333	333	0	e::	e	_	_	_	_	_	linguistic	_	none	_	Begin=616.685	0x2	_	_	_
333-1	PST041	333	333	1	dopo	dopo	_	_	_	_	_	linguistic	_	none	_	_	_	_	_	_
333-2	PST041	333	333	2	a	a	_	_	_	_	_	linguistic	_	none	_	_	_	_	_	_
333-3	PST041	333	333	3	torino:,	torino	_	_	_	_	_	linguistic	_	none	Intonation=WeaklyRising	End=618.13	5x1	_	_	_
334-0	PST213	334	334	0	mh	mh	_	_	_	_	_	linguistic	_	none	_	Begin=618.326	_	_	_	_
334-1	PST213	334	334	1	mh	mh	_	_	_	_	_	linguistic	_	none	_	End=618.957	_	_	_	_
335-0	PST041	335	335	0	dove	dove	_	_	_	_	_	linguistic	_	none	_	Begin=619.022	_	_	_	_
335-1	PST041	335	335	1	prendevo	prendevo	_	_	_	_	_	linguistic	_	none	_	_	_	_	_	_
335-2	PST041	335	335	2	xx	xx	_	_	_	_	_	unknown	_	none	PauseAfter=Yes|Syllables=2	_	_	_	_	_
335-3	PST041	335	335	3	{P}	{P}	_	_	_	_	_	shortpause	_	none	_	_	_	_	_	_
335-4	PST041	335	335	4	[lavoro]	lavoro	_	_	_	_	_	linguistic	_	none	_	End=621.228	_	_	_	0-6(18)
336-0	PST213	336	336	0	[eh	eh	_	_	_	_	_	linguistic	_	none	_	Begin=620.717	_	_	_	0-2(18)
336-1	PST213	336	336	1	sì]	sì	_	_	_	_	_	linguistic	_	none	_	End=621.25	_	_	_	0-2(18)
337-0	PST041	337	337	0	così.	così	_	_	_	_	_	linguistic	_	none	Intonation=Falling	Begin=622.467|End=622.913	_	_	_	_
338-0	PST041	338	338	0	va:	va	_	_	_	_	_	linguistic	_	none	_	Begin=624.216	1x1	_	_	_
338-1	PST041	338	338	1	bene	bene	_	_	_	_	_	linguistic	_	none	_	End=625.032	_	_	_	_
339-0	PST213	339	339	0	va	va	_	_	_	_	_	linguistic	_	none	_	Begin=625.412	_	_	_	_
339-1	PST213	339	339	1	bene	bene	_	_	_	_	_	linguistic	_	none	_	End=626.032	_	_	_	_
340-0	PST213	340	340	0	grazie	grazie	_	_	_	_	_	linguistic	_	none	_	Begin=626.478|End=626.8855	_	_	_	_
341-0	PST212	341	341	0	grazie	grazie	_	_	_	_	_	linguistic	_	none	_	Begin=626.8855	_	_	_	_
341-1	PST212	341	341	1	mille	mille	_	_	_	_	_	linguistic	_	none	_	End=627.76	_	_	_	_
342-0	PST041	342	342	0	di	di	_	_	_	_	_	linguistic	_	none	_	Begin=628.402	_	_	_	_
342-1	PST041	342	342	1	niente	niente	_	_	_	_	_	linguistic	_	none	_	End=629.13	_	_	_	_
343-0	PST041	343	343	0	adesso	adesso	_	_	_	_	_	linguistic	_	none	_	Begin=629.282	_	_	_	_
343-1	PST041	343	343	1	mi	mi	_	_	_	_	_	linguistic	_	none	_	_	_	_	_	_
343-2	PST041	343	343	2	chiede	chiede	_	_	_	_	_	linguistic	_	none	_	_	_	_	_	_
343-3	PST041	343	343	3	la	la	_	_	_	_	_	linguistic	_	none	_	_	_	_	_	_
343-4	PST041	343	343	4	moglie	moglie	_	_	_	_	_	linguistic	_	none	_	_	_	_	_	_
343-5	PST041	343	343	5	già	già	_	_	_	_	_	linguistic	_	none	_	_	_	_	_	_
343-6	PST041	343	343	6	parlato?	parlato	_	_	_	_	_	linguistic	_	none	Intonation=Rising	End=631.553	_	_	_	_
344-0	PST213	344	344	0	[eh	eh	_	_	_	_	_	linguistic	_	none	_	Begin=631.902	_	_	_	0-2(19)
344-1	PST213	344	344	1	eh]	eh	_	_	_	_	_	linguistic	_	none	_	End=632.5	_	_	_	0-2(19)
345-0	PST041	345	345	0	[xx	xx	_	_	_	_	_	unknown	_	none	Syllables=2	Begin=631.902	_	_	_	0-2(19)
345-1	PST041	345	345	1	xx]	xx	_	_	_	_	_	unknown	_	none	Syllables=2	End=632.5	_	_	_	0-2(19)
346-0	PST041	346	346	0	già	già	_	_	_	_	_	linguistic	_	none	_	Begin=632.772|End=633.217	_	_	_	_
347-0	PST041	347	347	0	esco	esco	_	_	_	_	_	linguistic	_	none	_	Begin=633.739	_	_	_	_
347-1	PST041	347	347	1	da	da	_	_	_	_	_	linguistic	_	none	_	_	_	_	_	_
347-2	PST041	347	347	2	qui	qui	_	_	_	_	_	linguistic	_	none	_	_	_	_	_	_
347-3	PST041	347	347	3	io	io	_	_	_	_	_	linguistic	_	none	_	_	_	_	_	_
347-4	PST041	347	347	4	sono:	sono	_	_	_	_	_	linguistic	_	none	_	_	3x1	_	_	_
347-5	PST041	347	347	5	{ride}	{ride}	_	_	_	_	_	nonverbalbehavior	_	none	_	End=636.793	_	_	_	_
348-0	PST213	348	348	0	{ride}	{ride}	_	_	_	_	_	nonverbalbehavior	_	none	_	Begin=635.891|End=636.804	_	_	_	_
