token_id	speaker	tu_id	unit	id	span	form	lemma	upos	xpos	feats	deprel	type	meta_label	variation	jefferson_feats	align	prolongations	pace	guesses	overlaps
0-0	PST212	0	0	0	allora	allora	_	_	_	_	_	linguistic	_	none	_	Begin=0.16	_	_	_	_
0-1	PST212	0	0	1	eh	eh	_	_	_	_	_	linguistic	_	none	PauseAfter=Yes	_	_	_	_	_
0-2	PST212	0	0	2	(.)	(.)	_	_	_	_	_	shortpause	_	none	_	_	_	_	_	_
0-3	PST212	0	0	3	quando	quando	_	_	_	_	_	linguistic	_	none	_	_	_	_	_	_
0-4	PST212	0	0	4	sei	sei	_	_	_	_	_	linguistic	_	none	_	_	_	_	_	_
0-5	PST212	0	0	5	arrivata:	arrivata	_	_	_	_	_	linguistic	_	none	_	_	7x1	_	_	_
0-6	PST212	0	0	6	qui	qui	_	_	_	_	_	linguistic	_	none	_	_	_	_	_	_
0-7	PST212	0	0	7	a	a	_	_	_	_	_	linguistic	_	none	_	_	_	_	_	_
0-8	PST212	0	0	8	torino,	torino	_	_	_	_	_	linguistic	_	none	Intonation=WeaklyRising	End=3.751	_	_	_	_
1-0	PST050	1	1	0	e:h	eh	_	_	_	_	_	linguistic	_	none	_	Begin=3.751	0x1	_	_	_
1-1	PST050	1	1	1	sono	sono	_	_	_	_	_	linguistic	_	none	_	_	_	_	_	_
1-2	PST050	1	1	2	arrivata	arrivata	_	_	_	_	_	linguistic	_	none	_	_	_	_	_	_
1-3	PST050	1	1	3	duemilatré:?	duemilatré	_	_	_	_	_	linguistic	_	none	Intonation=Rising	End=5.51	9x1	_	_	_
2-0	PST212	2	2	0	duemilatré?	duemilatré	_	_	_	_	_	linguistic	_	none	Intonation=Rising	Begin=5.66|End=6.45	_	_	_	_
3-0	PST050	3	3	0	a	a	_	_	_	_	_	linguistic	_	none	_	Begin=6.54	_	_	_	_
3-1	PST050	3	3	1	torino.	torino	_	_	_	_	_	linguistic	_	none	Intonation=Falling	End=7.14	_	_	_	_
4-0	PST050	4	4	0	ero	ero	_	_	_	_	_	linguistic	_	none	_	Begin=7.47	_	_	_	_
4-1	PST050	4	4	1	bambina	bambina	_	_	_	_	_	linguistic	_	none	PauseAfter=Yes	_	_	_	_	_
4-2	PST050	4	4	2	(.)	(.)	_	_	_	_	_	shortpause	_	none	_	_	_	_	_	_
4-3	PST050	4	4	3	diciassette	diciassette	_	_	_	_	_	linguistic	_	none	_	_	_	_	_	_
4-4	PST050	4	4	4	anni	anni	_	_	_	_	_	linguistic	_	none	_	_	_	_	_	_
4-5	PST050	4	4	5	che	che	_	_	_	_	_	linguistic	_	none	_	_	_	_	_	_
4-6	PST050	4	4	6	avevo.	avevo	_	_	_	_	_	linguistic	_	none	Intonation=Falling	End=10.186	_	_	_	_
5-0	PST212	5	5	0	okay.	okay	_	_	_	_	_	linguistic	_	none	Intonation=Falling	Begin=10.43|End=11.11	_	_	_	_
6-0	PST050	6	6	0	insieme	insieme	_	_	_	_	_	linguistic	_	none	_	Begin=11.11	_	_	_	_
6-1	PST050	6	6	1	a	a	_	_	_	_	_	linguistic	_	none	_	_	_	_	_	_
6-2	PST050	6	6	2	mia	mia	_	_	_	_	_	linguistic	_	none	_	_	_	_	_	_
6-3	PST050	6	6	3	sorella	sorella	_	_	_	_	_	linguistic	_	none	_	_	_	_	_	_
6-4	PST050	6	6	4	che	che	_	_	_	_	_	linguistic	_	none	_	_	_	_	_	_
6-5	PST050	6	6	5	lei	lei	_	_	_	_	_	linguistic	_	none	_	_	_	_	_	_
6-6	PST050	6	6	6	mi	mi	_	_	_	_	_	linguistic	_	none	_	_	_	_	_	_
6-7	PST050	6	6	7	aveva	aveva	_	_	_	_	_	linguistic	_	none	_	_	_	_	_	_
6-8	PST050	6	6	8	portato	portato	_	_	_	_	_	linguistic	_	none	_	_	_	_	_	_
6-9	PST050	6	6	9	qua:	qua	_	_	_	_	_	linguistic	_	none	_	_	2x1	_	_	_
6-10	PST050	6	6	10	che	che	_	_	_	_	_	linguistic	_	none	_	_	_	_	_	_
6-11	PST050	6	6	11	io	io	_	_	_	_	_	linguistic	_	none	_	_	_	_	_	_
6-12	PST050	6	6	12	non	non	_	_	_	_	_	linguistic	_	none	_	_	_	_	_	_
6-13	PST050	6	6	13	ho	ho	_	_	_	_	_	linguistic	_	none	_	_	_	_	_	_
6-14	PST050	6	6	14	mai	mai	_	_	_	_	_	linguistic	_	none	_	_	_	_	_	_
6-15	PST050	6	6	15	voluto	voluto	_	_	_	_	_	linguistic	_	none	_	_	_	_	_	_
6-16	PST050	6	6	16	venire	venire	_	_	_	_	_	linguistic	_	none	_	_	_	_	_	_
6-17	PST050	6	6	17	[mai]	mai	_	_	_	_	_	linguistic	_	none	PauseAfter=Yes	_	_	_	_	0-3(0)
6-18	PST050	6	6	18	(.)	(.)	_	_	_	_	_	shortpause	_	none	_	_	_	_	_	_
6-19	PST050	6	6	19	ho	ho	_	_	_	_	_	linguistic	_	none	_	_	_	_	_	_
6-20	PST050	6	6	20	pianto?	pianto	_	_	_	_	_	linguistic	_	none	Intonation=Rising	End=17.164	_	_	_	_
7-0	PST212	7	7	0	[no:],	no	_	_	_	_	_	linguistic	_	none	Intonation=WeaklyRising	Begin=15.53|End=16.09	1x1	_	_	0-2(0)
8-0	PST050	8	8	0	non	non	_	_	_	_	_	linguistic	_	none	_	Begin=18.1	_	_	_	_
8-1	PST050	8	8	1	gli	gli	_	_	_	_	_	linguistic	_	none	_	_	_	_	_	_
8-2	PST050	8	8	2	dico	dico	_	_	_	_	_	linguistic	_	none	_	_	_	_	_	_
8-3	PST050	8	8	3	quanto	quanto	_	_	_	_	_	linguistic	_	none	_	_	_	_	_	_
8-4	PST050	8	8	4	ho	ho	_	_	_	_	_	linguistic	_	none	_	_	_	_	_	_
8-5	PST050	8	8	5	pianto	pianto	_	_	_	_	_	linguistic	_	none	_	_	_	_	_	_
8-6	PST050	8	8	6	[che	che	_	_	_	_	_	linguistic	_	none	_	_	_	_	_	0-3(1)
8-7	PST050	8	8	7	non	non	_	_	_	_	_	linguistic	_	none	_	_	_	_	_	0-3(1)
8-8	PST050	8	8	8	vole]vo.	volevo	_	_	_	_	_	linguistic	_	none	Intonation=Falling	End=20.518	_	_	_	0-4(1)
9-0	PST213	9	9	0	[sì:]	sì	_	_	_	_	_	linguistic	_	none	_	Begin=19.58|End=20.08	1x1	_	_	0-2(1)
10-0	PST050	10	10	0	volevo	volevo	_	_	_	_	_	linguistic	_	none	_	Begin=21.13	_	_	_	_
10-1	PST050	10	10	1	stare	stare	_	_	_	_	_	linguistic	_	none	_	_	_	_	_	_
10-2	PST050	10	10	2	là:?	là	_	_	_	_	_	linguistic	_	none	Intonation=Rising	End=22.21	1x1	_	_	_
11-0	PST050	11	11	0	a	a	_	_	_	_	_	linguistic	_	none	_	Begin=22.61	_	_	_	_
11-1	PST050	11	11	1	casa	casa	_	_	_	_	_	linguistic	_	none	PauseAfter=Yes	_	_	_	_	_
11-2	PST050	11	11	2	(.)	(.)	_	_	_	_	_	shortpause	_	none	_	_	_	_	_	_
11-3	PST050	11	11	3	appena	appena	_	_	_	_	_	linguistic	_	none	_	_	_	_	_	_
11-4	PST050	11	11	4	finita	finita	_	_	_	_	_	linguistic	_	none	_	_	_	_	_	_
11-5	PST050	11	11	5	la	la	_	_	_	_	_	linguistic	_	none	_	_	_	_	_	_
11-6	PST050	11	11	6	sc~	sc~	_	_	_	_	_	linguistic	_	none	Interrupted=Yes	_	_	_	_	_
11-7	PST050	11	11	7	il	il	_	_	_	_	_	linguistic	_	none	_	_	_	_	_	_
11-8	PST050	11	11	8	liceo:?	liceo	_	_	_	_	_	linguistic	_	none	Intonation=Rising	End=25.44	4x1	_	_	_
12-0	PST050	12	12	0	e	e	_	_	_	_	_	linguistic	_	none	_	Begin=26.14	_	_	_	_
12-1	PST050	12	12	1	poi:[:].	poi	_	_	_	_	_	linguistic	_	none	Intonation=Falling	End=27.02	2x2	_	_	_
13-0	PST212	13	13	0	[tua]	tua	_	_	_	_	_	linguistic	_	none	_	Begin=26.9	_	_	_	0-3(2)
13-1	PST212	13	13	1	sorella:	sorella	_	_	_	_	_	linguistic	_	none	_	_	6x1	_	_	_
13-2	PST212	13	13	2	[xx]	xx	_	_	_	_	_	unknown	_	none	Syllables=2	End=28.404	_	_	_	0-2(3)
14-0	PST050	14	14	0	[no:	no	_	_	_	_	_	linguistic	_	none	_	Begin=27.774	1x1	_	_	0-2(3)
14-1	PST050	14	14	1	vieni	vieni	_	_	_	_	_	linguistic	_	none	_	_	_	_	_	0-5(3)
14-2	PST050	14	14	2	qua]::	qua	_	_	_	_	_	linguistic	_	none	_	_	2x2	_	_	0-3(3)
14-3	PST050	14	14	3	che::	che	_	_	_	_	_	linguistic	_	none	_	_	2x2	_	_	_
14-4	PST050	14	14	4	a~	a~	_	_	_	_	_	linguistic	_	none	Interrupted=Yes	_	_	_	_	_
14-5	PST050	14	14	5	sono	sono	_	_	_	_	_	linguistic	_	none	_	_	_	_	_	_
14-6	PST050	14	14	6	anche	anche	_	_	_	_	_	linguistic	_	none	_	_	_	_	_	_
14-7	PST050	14	14	7	gli	gli	_	_	_	_	_	linguistic	_	none	_	_	_	_	_	_
14-8	PST050	14	14	8	altri	altri	_	_	_	_	_	linguistic	_	none	_	_	_	_	_	_
14-9	PST050	14	14	9	che::	che	_	_	_	_	_	linguistic	_	none	_	_	2x2	_	_	_
14-10	PST050	14	14	10	ci	ci	_	_	_	_	_	linguistic	_	none	_	_	_	_	_	_
14-11	PST050	14	14	11	sono	sono	_	_	_	_	_	linguistic	_	none	_	_	_	_	_	_
14-12	PST050	14	14	12	con	con	_	_	_	_	_	linguistic	_	none	_	_	_	_	_	_
14-13	PST050	14	14	13	le	le	_	_	_	_	_	linguistic	_	none	_	_	_	_	_	_
14-14	PST050	14	14	14	sorelle	sorelle	_	_	_	_	_	linguistic	_	none	_	_	_	_	_	_
14-15	PST050	14	14	15	i	i	_	_	_	_	_	linguistic	_	none	_	_	_	_	_	_
14-16	PST050	14	14	16	fratelli	fratelli	_	_	_	_	_	linguistic	_	none	_	_	_	_	_	_
14-17	PST050	14	14	17	io	io	_	_	_	_	_	linguistic	_	none	_	_	_	_	_	_
14-18	PST050	14	14	18	son(o)	sono	_	_	_	_	_	linguistic	_	none	_	_	_	_	3-4(0)	_
14-19	PST050	14	14	19	da	da	_	_	_	_	_	linguistic	_	none	_	_	_	_	_	_
14-20	PST050	14	14	20	sola	sola	_	_	_	_	_	linguistic	_	none	_	_	_	_	_	_
14-21	PST050	14	14	21	vieni	vieni	_	_	_	_	_	linguistic	_	none	_	_	_	_	_	_
14-22	PST050	14	14	22	qu~	qu~	_	_	_	_	_	linguistic	_	none	Interrupted=Yes	_	_	_	_	_
14-23	PST050	14	14	23	vieni,	vieni	_	_	_	_	_	linguistic	_	none	Intonation=WeaklyRising	End=34.69	_	_	_	_
15-0	PST050	15	15	0	(trovi):	trovi	_	_	_	_	_	linguistic	_	none	_	Begin=35.1	4x1	_	0-5(0)	_
15-1	PST050	15	15	1	ti	ti	_	_	_	_	_	linguistic	_	none	_	_	_	_	_	_
15-2	PST050	15	15	2	metto	metto	_	_	_	_	_	linguistic	_	none	_	_	_	_	_	_
15-3	PST050	15	15	3	a	a	_	_	_	_	_	linguistic	_	none	_	_	_	_	_	_
15-4	PST050	15	15	4	lavorare	lavorare	_	_	_	_	_	linguistic	_	none	_	_	_	_	_	_
15-5	PST050	15	15	5	[ti	ti	_	_	_	_	_	linguistic	_	none	_	_	_	_	_	0-2(4)
15-6	PST050	15	15	6	metto:	metto	_	_	_	_	_	linguistic	_	none	_	_	4x1	_	_	0-5(4)
15-7	PST050	15	15	7	io]	io	_	_	_	_	_	linguistic	_	none	_	_	_	_	_	0-2(4)
15-8	PST050	15	15	8	no:	no	_	_	_	_	_	linguistic	_	none	_	_	1x1	_	_	_
15-9	PST050	15	15	9	no	no	_	_	_	_	_	linguistic	_	none	_	_	_	_	_	_
15-10	PST050	15	15	10	no	no	_	_	_	_	_	linguistic	_	none	_	_	_	_	_	_
15-11	PST050	15	15	11	no	no	_	_	_	_	_	linguistic	_	none	_	_	_	_	_	_
15-12	PST050	15	15	12	n~	n~	_	_	_	_	_	linguistic	_	none	Interrupted=Yes	_	_	_	_	_
15-13	PST050	15	15	13	((ride))	((ride))	_	_	_	_	_	nonverbalbehavior	_	none	_	End=39.046	_	_	_	_
16-0	PST212	16	16	0	[mh	mh	_	_	_	_	_	linguistic	_	none	_	Begin=36.94	_	_	_	0-2(4)
16-1	PST212	16	16	1	mh]	mh	_	_	_	_	_	linguistic	_	none	_	End=37.53	_	_	_	0-2(4)
17-0	PST050	17	17	0	e	e	_	_	_	_	_	linguistic	_	none	_	Begin=39.501	_	_	_	_
17-1	PST050	17	17	1	alla	alla	_	_	_	_	_	linguistic	_	none	_	_	_	_	_	_
17-2	PST050	17	17	2	fine::	fine	_	_	_	_	_	linguistic	_	none	PauseAfter=Yes	_	3x2	_	_	_
17-3	PST050	17	17	3	(.)	(.)	_	_	_	_	_	shortpause	_	none	_	_	_	_	_	_
17-4	PST050	17	17	4	con	con	_	_	_	_	_	linguistic	_	none	_	_	_	_	_	_
17-5	PST050	17	17	5	l::~	l~	_	_	_	_	_	linguistic	_	none	Interrupted=Yes	_	0x2	_	_	_
17-6	PST050	17	17	6	sua:,	sua	_	_	_	_	_	linguistic	_	none	Intonation=WeaklyRising	_	2x1	_	_	_
17-7	PST050	17	17	7	((ridendo))	((ridendo))	_	_	_	_	_	nonverbalbehavior	_	none	_	End=43.03	_	_	_	_
18-0	PST213	18	18	0	vo[glia]	voglia	_	_	_	_	_	linguistic	_	none	_	Begin=43.58	_	_	_	2-6(5)
18-1	PST213	18	18	1	((ridendo))	((ridendo))	_	_	_	_	_	nonverbalbehavior	_	none	_	End=44.205	_	_	_	_
19-0	PST050	19	19	0	[eh]	eh	_	_	_	_	_	linguistic	_	none	_	Begin=43.79	_	_	_	0-2(5)
19-1	PST050	19	19	1	vo:glia:?	voglia	_	_	_	_	_	linguistic	_	none	Intonation=Rising	End=45.018	1x1,5x1	_	_	_
20-0	PST050	20	20	0	ho	ho	_	_	_	_	_	linguistic	_	none	_	Begin=45.9	_	_	_	_
20-1	PST050	20	20	1	dovuto:	dovuto	_	_	_	_	_	linguistic	_	none	_	_	5x1	_	_	_
20-2	PST050	20	20	2	venire	venire	_	_	_	_	_	linguistic	_	none	_	_	_	_	_	_
20-3	PST050	20	20	3	per	per	_	_	_	_	_	linguistic	_	none	_	_	_	_	_	_
20-4	PST050	20	20	4	forza,	forza	_	_	_	_	_	linguistic	_	none	Intonation=WeaklyRising	End=48.114	_	_	_	_
21-0	PST050	21	21	0	poi	poi	_	_	_	_	_	linguistic	_	none	_	Begin=48.28	_	_	_	_
21-1	PST050	21	21	1	piano	piano	_	_	_	_	_	linguistic	_	none	_	_	_	_	_	_
21-2	PST050	21	21	2	piano::	piano	_	_	_	_	_	linguistic	_	none	_	_	4x2	_	_	_
21-3	PST050	21	21	3	mi	mi	_	_	_	_	_	linguistic	_	none	_	_	_	_	_	_
21-4	PST050	21	21	4	è	è	_	_	_	_	_	linguistic	_	none	_	_	_	_	_	_
21-5	PST050	21	21	5	pi~	pi~	_	_	_	_	_	linguistic	_	none	Interrupted=Yes	_	_	_	_	_
21-6	PST050	21	21	6	mi	mi	_	_	_	_	_	linguistic	_	none	_	_	_	_	_	_
21-7	PST050	21	21	7	è	è	_	_	_	_	_	linguistic	_	none	_	_	_	_	_	_
21-8	PST050	21	21	8	piaciuto:?	piaciuto	_	_	_	_	_	linguistic	_	none	Intonation=Rising	End=51.204	7x1	_	_	_
22-0	PST050	22	22	0	ho	ho	_	_	_	_	_	linguistic	_	none	_	Begin=52.148	_	_	_	_
22-1	PST050	22	22	1	trovato	trovato	_	_	_	_	_	linguistic	_	none	_	_	_	_	_	_
22-2	PST050	22	22	2	un	un	_	_	_	_	_	linguistic	_	none	_	_	_	_	_	_
22-3	PST050	22	22	3	po'	po'	_	_	_	_	_	linguistic	_	none	_	_	_	_	_	_
22-4	PST050	22	22	4	di	di	_	_	_	_	_	linguistic	_	none	_	_	_	_	_	_
22-5	PST050	22	22	5	amichetti:	amichetti	_	_	_	_	_	linguistic	_	none	_	_	8x1	_	_	_
22-6	PST050	22	22	6	amici:?	amici	_	_	_	_	_	linguistic	_	none	Intonation=Rising	End=54.966	4x1	_	_	_
23-0	PST050	23	23	0	ho	ho	_	_	_	_	_	linguistic	_	none	_	Begin=55.37	_	_	_	_
23-1	PST050	23	23	1	conosciuto	conosciuto	_	_	_	_	_	linguistic	_	none	_	_	_	_	_	_
23-2	PST050	23	23	2	mio	mio	_	_	_	_	_	linguistic	_	none	_	_	_	_	_	_
23-3	PST050	23	23	3	marito	marito	_	_	_	_	_	linguistic	_	none	_	_	_	_	_	_
23-4	PST050	23	23	4	qua:?	qua	_	_	_	_	_	linguistic	_	none	Intonation=Rising	End=57.058	2x1	_	_	_
24-0	PST213	24	24	0	a::h	ah	_	_	_	_	_	linguistic	_	none	_	Begin=57.13|End=57.71	0x2	_	_	_
25-0	PST050	25	25	0	tramite	tramite	_	_	_	_	_	linguistic	_	none	_	Begin=58.04	_	_	_	_
25-1	PST050	25	25	1	lei:?	lei	_	_	_	_	_	linguistic	_	none	Intonation=Rising	_	2x1	_	_	_
25-2	PST050	25	25	2	((ride))	((ride))	_	_	_	_	_	nonverbalbehavior	_	none	_	End=59.328	_	_	_	_
26-0	PST213	26	26	0	eh	eh	_	_	_	_	_	linguistic	_	none	_	Begin=59.45	_	_	_	_
26-1	PST213	26	26	1	eh	eh	_	_	_	_	_	linguistic	_	none	_	_	_	_	_	_
26-2	PST213	26	26	2	((ride))	((ride))	_	_	_	_	_	nonverbalbehavior	_	none	_	End=59.97	_	_	_	_
27-0	PST050	27	27	0	ho	ho	_	_	_	_	_	linguistic	_	none	_	Begin=59.97	_	_	_	_
27-1	PST050	27	27	1	conosciuto	conosciuto	_	_	_	_	_	linguistic	_	none	_	_	_	_	_	_
27-2	PST050	27	27	2	che	che	_	_	_	_	_	linguistic	_	none	_	_	_	_	_	_
27-3	PST050	27	27	3	sembra	sembra	_	_	_	_	_	linguistic	_	none	_	_	_	_	_	_
27-4	PST050	27	27	4	quasi::	quasi	_	_	_	_	_	linguistic	_	none	_	_	4x2	_	_	_
27-5	PST050	27	27	5	vent'	vent'	_	_	_	_	_	linguistic	_	none	SpaceAfter=No	_	_	_	_	_
27-6	PST050	27	27	6	a:nni:?	anni	_	_	_	_	_	linguistic	_	none	Intonation=Rising	End=63.095	0x1,3x1	_	_	_
28-0	PST213	28	28	0	pe:ns[a].	pensa	_	_	_	_	_	linguistic	_	none	Intonation=Falling	Begin=63.19|End=63.93	1x1	_	_	4-5(6)
29-0	PST050	29	29	0	[ins]ieme:?	insieme	_	_	_	_	_	linguistic	_	none	Intonation=Rising	Begin=63.761|End=64.547	6x1	_	_	0-3(6)
30-0	PST050	30	30	0	che	che	_	_	_	_	_	linguistic	_	none	_	Begin=65.02	_	_	_	_
30-1	PST050	30	30	1	abbiamo	abbiamo	_	_	_	_	_	linguistic	_	none	_	_	_	_	_	_
30-2	PST050	30	30	2	questi	questi	_	_	_	_	_	linguistic	_	none	_	_	_	_	_	_
30-3	PST050	30	30	3	splendidi	splendidi	_	_	_	_	_	linguistic	_	none	PauseAfter=Yes	_	_	_	_	_
30-4	PST050	30	30	4	(.)	(.)	_	_	_	_	_	shortpause	_	none	_	_	_	_	_	_
30-5	PST050	30	30	5	due	due	_	_	_	_	_	linguistic	_	none	_	_	_	_	_	_
30-6	PST050	30	30	6	bambini:?	bambini	_	_	_	_	_	linguistic	_	none	Intonation=Rising	End=67.663	6x1	_	_	_
31-0	PST050	31	31	0	e	e	_	_	_	_	_	linguistic	_	none	_	Begin=69.65	_	_	_	_
31-1	PST050	31	31	1	ba~	ba~	_	_	_	_	_	linguistic	_	none	Interrupted=Yes	_	_	_	_	_
31-2	PST050	31	31	2	poi	poi	_	_	_	_	_	linguistic	_	none	_	_	_	_	_	_
31-3	PST050	31	31	3	piano	piano	_	_	_	_	_	linguistic	_	none	_	_	_	_	_	_
31-4	PST050	31	31	4	piano	piano	_	_	_	_	_	linguistic	_	none	_	_	_	_	_	_
31-5	PST050	31	31	5	ho	ho	_	_	_	_	_	linguistic	_	none	_	_	_	_	_	_
31-6	PST050	31	31	6	iniziato::	iniziato	_	_	_	_	_	linguistic	_	none	_	_	7x2	_	_	_
31-7	PST050	31	31	7	parlare?	parlare	_	_	_	_	_	linguistic	_	none	Intonation=Rising	End=72.751	_	_	_	_
32-0	PST050	32	32	0	[conoscere:]	conoscere	_	_	_	_	_	linguistic	_	none	_	Begin=73.93	8x1	_	_	0-9(?)
32-1	PST050	32	32	1	un	un	_	_	_	_	_	linguistic	_	none	_	_	_	_	_	_
32-2	PST050	32	32	2	po'	po'	_	_	_	_	_	linguistic	_	none	_	_	_	_	_	_
32-3	PST050	32	32	3	la	la	_	_	_	_	_	linguistic	_	none	_	_	_	_	_	_
32-4	PST050	32	32	4	lingua?	lingua	_	_	_	_	_	linguistic	_	none	Intonation=Rising	End=75.661	_	_	_	_
33-0	PST050	33	33	0	[senza	senza	_	_	_	_	_	linguistic	_	none	_	Begin=76.46	_	_	_	0-5(7)
33-1	PST050	33	33	1	sf~]	sf~	_	_	_	_	_	linguistic	_	none	Interrupted=Yes	End=77.19	_	_	_	0-3(7)
34-0	PST213	34	34	0	[è	è	_	_	_	_	_	linguistic	_	none	_	Begin=76.47	_	_	_	0-1(7)
34-1	PST213	34	34	1	stato	stato	_	_	_	_	_	linguistic	_	none	_	_	_	_	_	0-5(7)
34-2	PST213	34	34	2	diff]icile	difficile	_	_	_	_	_	linguistic	_	none	_	_	_	_	_	0-4(7)
34-3	PST213	34	34	3	all'	all'	_	_	_	_	_	linguistic	_	none	SpaceAfter=No	_	_	_	_	_
34-4	PST213	34	34	4	inizio?	inizio	_	_	_	_	_	linguistic	_	none	Intonation=Rising	End=78.036	_	_	_	_
35-0	PST050	35	35	0	no:	no	_	_	_	_	_	linguistic	_	none	_	Begin=78.02|End=78.34	1x1	_	_	_
36-0	PST050	36	36	0	no	no	_	_	_	_	_	linguistic	_	none	_	Begin=78.941	_	_	_	_
36-1	PST050	36	36	1	no	no	_	_	_	_	_	linguistic	_	none	_	End=79.473	_	_	_	_
37-0	PST050	37	37	0	piano	piano	_	_	_	_	_	linguistic	_	none	_	Begin=79.86	_	_	_	_
37-1	PST050	37	37	1	piano	piano	_	_	_	_	_	linguistic	_	none	_	_	_	_	_	_
37-2	PST050	37	37	2	ho	ho	_	_	_	_	_	linguistic	_	none	_	_	_	_	_	_
37-3	PST050	37	37	3	imparato	imparato	_	_	_	_	_	linguistic	_	none	_	_	_	_	_	_
37-4	PST050	37	37	4	così	così	_	_	_	_	_	linguistic	_	none	_	_	_	_	_	_
37-5	PST050	37	37	5	mi	mi	_	_	_	_	_	linguistic	_	none	_	_	_	_	_	_
37-6	PST050	37	37	6	scrivevo	scrivevo	_	_	_	_	_	linguistic	_	none	_	_	_	_	_	_
37-7	PST050	37	37	7	le	le	_	_	_	_	_	linguistic	_	none	_	_	_	_	_	_
37-8	PST050	37	37	8	parole	parole	_	_	_	_	_	linguistic	_	none	_	_	_	_	_	_
37-9	PST050	37	37	9	sul	sul	_	_	_	_	_	linguistic	_	none	_	_	_	_	_	_
37-10	PST050	37	37	10	diario	diario	_	_	_	_	_	linguistic	_	none	_	_	_	_	_	_
37-11	PST050	37	37	11	cosa	cosa	_	_	_	_	_	linguistic	_	none	_	_	_	_	_	_
37-12	PST050	37	37	12	vuol	vuol	_	_	_	_	_	linguistic	_	none	_	_	_	_	_	_
37-13	PST050	37	37	13	dire?	dire	_	_	_	_	_	linguistic	_	none	Intonation=Rising	End=84.802	_	_	_	_
38-0	PST050	38	38	0	[e	e	_	_	_	_	_	linguistic	_	none	_	Begin=85.21	_	_	_	0-1(?)
38-1	PST050	38	38	1	poi]	poi	_	_	_	_	_	linguistic	_	none	_	_	_	_	_	0-3(?)
38-2	PST050	38	38	2	ho	ho	_	_	_	_	_	linguistic	_	none	_	_	_	_	_	_
38-3	PST050	38	38	3	iniziato	iniziato	_	_	_	_	_	linguistic	_	none	_	_	_	_	_	_
38-4	PST050	38	38	4	a	a	_	_	_	_	_	linguistic	_	none	_	_	_	_	_	_
38-5	PST050	38	38	5	parlare	parlare	_	_	_	_	_	linguistic	_	none	_	_	_	_	_	_
38-6	PST050	38	38	6	qualche	qualche	_	_	_	_	_	linguistic	_	none	_	_	_	_	_	_
38-7	PST050	38	38	7	volta	volta	_	_	_	_	_	linguistic	_	none	_	_	_	_	_	_
38-8	PST050	38	38	8	mi:	mi	_	_	_	_	_	linguistic	_	none	_	_	1x1	_	_	_
38-9	PST050	38	38	9	((ai_figli))	((ai_figli))	_	_	_	_	_	nonverbalbehavior	_	none	_	_	_	_	_	_
38-10	PST050	38	38	10	no:	no	_	_	_	_	_	linguistic	_	none	_	_	1x1	_	_	_
38-11	PST050	38	38	11	[no	no	_	_	_	_	_	linguistic	_	none	_	_	_	_	_	0-2(?)
38-12	PST050	38	38	12	no	no	_	_	_	_	_	linguistic	_	none	_	_	_	_	_	0-2(?)
38-13	PST050	38	38	13	andate	andate	_	_	_	_	_	linguistic	_	none	_	_	_	_	_	0-6(?)
38-14	PST050	38	38	14	a	a	_	_	_	_	_	linguistic	_	none	_	_	_	_	_	0-1(?)
38-15	PST050	38	38	15	giocare].	giocare	_	_	_	_	_	linguistic	_	none	Intonation=Falling	End=90.251	_	_	_	0-7(?)
39-0	PST213	39	39	0	[a:h]	ah	_	_	_	_	_	linguistic	_	none	_	Begin=85.21|End=85.64	0x1	_	_	0-2(9)
40-0	PST212	40	40	0	no	no	_	_	_	_	_	linguistic	_	none	_	Begin=93.42	_	_	_	_
40-1	PST212	40	40	1	no	no	_	_	_	_	_	linguistic	_	none	_	_	_	_	_	_
40-2	PST212	40	40	2	tranq[uilla	tranquilla	_	_	_	_	_	linguistic	_	none	PauseAfter=Yes	_	_	_	_	5-10(139)
40-3	PST212	40	40	3	(.)	(.)	_	_	_	_	_	shortpause	_	none	_	_	_	_	_	_
40-4	PST212	40	40	4	no	no	_	_	_	_	_	linguistic	_	none	_	_	_	_	_	0-2(139)
40-5	PST212	40	40	5	no:	no	_	_	_	_	_	linguistic	_	none	_	_	1x1	_	_	0-2(139)
40-6	PST212	40	40	6	tranquilla	tranquilla	_	_	_	_	_	linguistic	_	none	_	_	_	_	_	0-10(139)
40-7	PST212	40	40	7	era	era	_	_	_	_	_	linguistic	_	none	_	_	_	_	_	0-3(139)
40-8	PST212	40	40	8	solo	solo	_	_	_	_	_	linguistic	_	none	_	_	_	_	_	0-4(139)
40-9	PST212	40	40	9	che:]	che	_	_	_	_	_	linguistic	_	none	_	_	2x1	_	_	0-3(139)
40-10	PST212	40	40	10	((ridendo))	((ridendo))	_	_	_	_	_	nonverbalbehavior	_	none	_	End=97.76	_	_	_	_
41-0	PST050	41	41	0	[devo::	devo	_	_	_	_	_	linguistic	_	none	PauseAfter=Yes	Begin=93.98	3x2	_	_	0-4(139)
41-1	PST050	41	41	1	(.)	(.)	_	_	_	_	_	shortpause	_	none	_	_	_	_	_	_
41-2	PST050	41	41	2	a:h	ah	_	_	_	_	_	linguistic	_	none	PauseAfter=Yes	_	0x1	_	_	0-2(139)
41-3	PST050	41	41	3	(.)	(.)	_	_	_	_	_	shortpause	_	none	_	_	_	_	_	_
41-4	PST050	41	41	4	a:h	ah	_	_	_	_	_	linguistic	_	none	PauseAfter=Yes	_	0x1	_	_	0-2(139)
41-5	PST050	41	41	5	(.)	(.)	_	_	_	_	_	shortpause	_	none	_	_	_	_	_	_
41-6	PST050	41	41	6	@ivan~]	@ivan~	_	_	_	_	_	anonymized	_	none	Interrupted=Yes	_	_	_	_	0-6(139)
41-7	PST050	41	41	7	andate	andate	_	_	_	_	_	linguistic	_	none	_	_	_	_	_	_
41-8	PST050	41	41	8	a	a	_	_	_	_	_	linguistic	_	none	_	_	_	_	_	_
41-9	PST050	41	41	9	gioca:re	giocare	_	_	_	_	_	linguistic	_	none	_	_	4x1	_	_	_
41-10	PST050	41	41	10	dai,	dai	_	_	_	_	_	linguistic	_	none	Intonation=WeaklyRising	End=98.952	_	_	_	_
42-0	PST213	42	42	0	[no	no	_	_	_	_	_	linguistic	_	none	_	Begin=94.771	_	_	_	0-2(139)
42-1	PST213	42	42	1	no:]	no	_	_	_	_	_	linguistic	_	none	_	End=95.246	1x1	_	_	0-2(139)
43-0	PST050	43	43	0	e::h	eh	_	_	_	_	_	linguistic	_	none	_	Begin=100.55	0x2	_	_	_
43-1	PST050	43	43	1	niente	niente	_	_	_	_	_	linguistic	_	none	_	_	_	_	_	_
43-2	PST050	43	43	2	poi	poi	_	_	_	_	_	linguistic	_	none	_	_	_	_	_	_
43-3	PST050	43	43	3	piano	piano	_	_	_	_	_	linguistic	_	none	_	_	_	_	_	_
43-4	PST050	43	43	4	piano	piano	_	_	_	_	_	linguistic	_	none	_	_	_	_	_	_
43-5	PST050	43	43	5	ho	ho	_	_	_	_	_	linguistic	_	none	_	_	_	_	_	_
43-6	PST050	43	43	6	trovato:::	trovato	_	_	_	_	_	linguistic	_	none	_	_	6x3	_	_	_
43-7	PST050	43	43	7	lavo:ro:?	lavoro	_	_	_	_	_	linguistic	_	none	Intonation=Rising	End=104.924	3x1,5x1	_	_	_
44-0	PST050	44	44	0	a	a	_	_	_	_	_	linguistic	_	none	_	Begin=105.3	_	_	_	_
44-1	PST050	44	44	1	una	una	_	_	_	_	_	linguistic	_	none	_	_	_	_	_	_
44-2	PST050	44	44	2	famiglia	famiglia	_	_	_	_	_	linguistic	_	none	_	_	_	_	_	_
44-3	PST050	44	44	3	di	di	_	_	_	_	_	linguistic	_	none	_	_	_	_	_	_
44-4	PST050	44	44	4	francese?	francese	_	_	_	_	_	linguistic	_	none	Intonation=Rising	End=106.87	_	_	_	_
45-0	PST212	45	45	0	okay.	okay	_	_	_	_	_	linguistic	_	none	Intonation=Falling	Begin=107.1|End=107.8	_	_	_	_
46-0	PST050	46	46	0	infatti:	infatti	_	_	_	_	_	linguistic	_	none	_	Begin=108.37	6x1	_	_	_
46-1	PST050	46	46	1	lui	lui	_	_	_	_	_	linguistic	_	none	_	_	_	_	_	_
46-2	PST050	46	46	2	era	era	_	_	_	_	_	linguistic	_	none	_	_	_	_	_	_
46-3	PST050	46	46	3	francese?	francese	_	_	_	_	_	linguistic	_	none	Intonation=Rising	End=110.88	_	_	_	_
47-0	PST050	47	47	0	la	la	_	_	_	_	_	linguistic	_	none	_	Begin=111.74	_	_	_	_
47-1	PST050	47	47	1	moglie	moglie	_	_	_	_	_	linguistic	_	none	_	_	_	_	_	_
47-2	PST050	47	47	2	france:se	francese	_	_	_	_	_	linguistic	_	none	_	_	5x1	_	_	_
47-3	PST050	47	47	3	la	la	_	_	_	_	_	linguistic	_	none	_	_	_	_	_	_
47-4	PST050	47	47	4	nonna	nonna	_	_	_	_	_	linguistic	_	none	_	_	_	_	_	_
47-5	PST050	47	47	5	che::	che	_	_	_	_	_	linguistic	_	none	_	_	2x2	_	_	_
47-6	PST050	47	47	6	l'	l'	_	_	_	_	_	linguistic	_	none	SpaceAfter=No	_	_	_	_	_
47-7	PST050	47	47	7	aveva	aveva	_	_	_	_	_	linguistic	_	none	_	_	_	_	_	_
47-8	PST050	47	47	8	adottato.	adottato	_	_	_	_	_	linguistic	_	none	Intonation=Falling	End=115.064	_	_	_	_
48-0	PST050	48	48	0	[era	era	_	_	_	_	_	linguistic	_	none	_	Begin=115.55	_	_	_	0-3(10)
48-1	PST050	48	48	1	di	di	_	_	_	_	_	linguistic	_	none	_	_	_	_	_	0-2(10)
48-2	PST050	48	48	2	col]ore,	colore	_	_	_	_	_	linguistic	_	none	Intonation=WeaklyRising	End=116.607	_	_	_	0-3(10)
49-0	PST213	49	49	0	[ah]	ah	_	_	_	_	_	linguistic	_	none	_	Begin=115.56|End=116.1	_	_	_	0-2(10)
50-0	PST213	50	50	0	a:h	ah	_	_	_	_	_	linguistic	_	none	_	Begin=116.96|End=117.34	0x1	_	_	_
51-0	PST050	51	51	0	e	e	_	_	_	_	_	linguistic	_	none	_	Begin=117.41	_	_	_	_
51-1	PST050	51	51	1	lì	lì	_	_	_	_	_	linguistic	_	none	_	_	_	_	_	_
51-2	PST050	51	51	2	ho	ho	_	_	_	_	_	linguistic	_	none	_	_	_	_	_	_
51-3	PST050	51	51	3	iniziato	iniziato	_	_	_	_	_	linguistic	_	none	_	_	_	_	_	_
51-4	PST050	51	51	4	a	a	_	_	_	_	_	linguistic	_	none	_	_	_	_	_	_
51-5	PST050	51	51	5	lavorare	lavorare	_	_	_	_	_	linguistic	_	none	_	_	_	_	_	_
51-6	PST050	51	51	6	con::	con	_	_	_	_	_	linguistic	_	none	_	_	2x2	_	_	_
51-7	PST050	51	51	7	i	i	_	_	_	_	_	linguistic	_	none	_	_	_	_	_	_
51-8	PST050	51	51	8	bambini	bambini	_	_	_	_	_	linguistic	_	none	_	_	_	_	_	_
51-9	PST050	51	51	9	[che	che	_	_	_	_	_	linguistic	_	none	_	_	_	_	_	0-3(11)
51-10	PST050	51	51	10	avevo	avevo	_	_	_	_	_	linguistic	_	none	_	_	_	_	_	0-5(11)
51-11	PST050	51	51	11	dei	dei	_	_	_	_	_	linguistic	_	none	_	_	_	_	_	0-3(11)
51-12	PST050	51	51	12	bam]bini?	bambini	_	_	_	_	_	linguistic	_	none	Intonation=Rising	End=121.967	_	_	_	0-3(11)
52-0	PST213	52	52	0	[a:h]	ah	_	_	_	_	_	linguistic	_	none	_	Begin=120.74|End=121.28	0x1	_	_	0-2(11)
53-0	PST213	53	53	0	come	come	_	_	_	_	_	linguistic	_	none	_	Begin=122.18	_	_	_	_
53-1	PST213	53	53	1	babysitter	babysitter	_	_	_	_	_	linguistic	_	none	_	End=123.1	_	_	_	_
54-0	PST050	54	54	0	babysitter	babysitter	_	_	_	_	_	linguistic	_	none	_	Begin=123.1	_	_	_	_
54-1	PST050	54	54	1	poi	poi	_	_	_	_	_	linguistic	_	none	_	_	_	_	_	_
54-2	PST050	54	54	2	facevo	facevo	_	_	_	_	_	linguistic	_	none	_	_	_	_	_	_
54-3	PST050	54	54	3	anche	anche	_	_	_	_	_	linguistic	_	none	_	_	_	_	_	_
54-4	PST050	54	54	4	le	le	_	_	_	_	_	linguistic	_	none	_	_	_	_	_	_
54-5	PST050	54	54	5	faccende	faccende	_	_	_	_	_	linguistic	_	none	_	_	_	_	_	_
54-6	PST050	54	54	6	in	in	_	_	_	_	_	linguistic	_	none	_	_	_	_	_	_
54-7	PST050	54	54	7	ca:sa,	casa	_	_	_	_	_	linguistic	_	none	Intonation=WeaklyRising	End=126.253	1x1	_	_	_
55-0	PST050	55	55	0	(così)	così	_	_	_	_	_	linguistic	_	none	_	Begin=126.97	_	_	0-4(0)	_
55-1	PST050	55	55	1	piano	piano	_	_	_	_	_	linguistic	_	none	_	_	_	_	_	_
55-2	PST050	55	55	2	pia:no	piano	_	_	_	_	_	linguistic	_	none	PauseAfter=Yes	_	2x1	_	_	_
55-3	PST050	55	55	3	(.)	(.)	_	_	_	_	_	shortpause	_	none	_	_	_	_	_	_
55-4	PST050	55	55	4	e	e	_	_	_	_	_	linguistic	_	none	_	_	_	_	_	_
55-5	PST050	55	55	5	ho:	ho	_	_	_	_	_	linguistic	_	none	_	_	1x1	_	_	_
55-6	PST050	55	55	6	iniziato	iniziato	_	_	_	_	_	linguistic	_	none	_	_	_	_	_	_
55-7	PST050	55	55	7	a	a	_	_	_	_	_	linguistic	_	none	_	_	_	_	_	_
55-8	PST050	55	55	8	parlare	parlare	_	_	_	_	_	linguistic	_	none	_	_	_	_	_	_
55-9	PST050	55	55	9	conoscere	conoscere	_	_	_	_	_	linguistic	_	none	_	_	_	_	_	_
55-10	PST050	55	55	10	più:	più	_	_	_	_	_	linguistic	_	none	_	_	2x1	_	_	_
55-11	PST050	55	55	11	famiglie	famiglie	_	_	_	_	_	linguistic	_	none	_	_	_	_	_	_
55-12	PST050	55	55	12	più:	più	_	_	_	_	_	linguistic	_	none	_	_	2x1	_	_	_
55-13	PST050	55	55	13	andare	andare	_	_	_	_	_	linguistic	_	none	_	_	_	_	_	_
55-14	PST050	55	55	14	a	a	_	_	_	_	_	linguistic	_	none	_	_	_	_	_	_
55-15	PST050	55	55	15	lavorare.	lavorare	_	_	_	_	_	linguistic	_	none	Intonation=Falling	End=132.64999999999998	_	_	_	_
56-0	PST213	56	56	0	ah	ah	_	_	_	_	_	linguistic	_	none	_	Begin=132.64999999999998	_	_	_	_
56-1	PST213	56	56	1	a:h	ah	_	_	_	_	_	linguistic	_	none	_	End=133.09	0x1	_	_	_
57-0	PST050	57	57	0	e::h	eh	_	_	_	_	_	linguistic	_	none	PauseAfter=Yes	Begin=133.941	0x2	_	_	_
57-1	PST050	57	57	1	(.)	(.)	_	_	_	_	_	shortpause	_	none	_	_	_	_	_	_
57-2	PST050	57	57	2	mah,	mah	_	_	_	_	_	linguistic	_	none	Intonation=WeaklyRising	End=135.569	_	_	_	_
58-0	PST213	58	58	0	[quindi	quindi	_	_	_	_	_	linguistic	_	none	_	Begin=136.107	_	_	_	0-6(?)
58-1	PST213	58	58	1	in	in	_	_	_	_	_	linguistic	_	none	_	_	_	_	_	0-2(?)
58-2	PST213	58	58	2	tutti	tutti	_	_	_	_	_	linguistic	_	none	_	_	_	_	_	0-5(?)
58-3	PST213	58	58	3	questi	questi	_	_	_	_	_	linguistic	_	none	_	_	_	_	_	0-6(?)
58-4	PST213	58	58	4	anni	anni	_	_	_	_	_	linguistic	_	none	_	_	_	_	_	0-4(?)
58-5	PST213	58	58	5	sei:	sei	_	_	_	_	_	linguistic	_	none	_	_	2x1	_	_	0-3(?)
58-6	PST213	58	58	6	c(io)è	cioè	_	_	_	_	_	linguistic	_	none	Reduced=Yes	_	_	_	_	0-4(?)
58-7	PST213	58	58	7	da	da	_	_	_	_	_	linguistic	_	none	_	_	_	_	_	0-2(?)
58-8	PST213	58	58	8	casa	casa	_	_	_	_	_	linguistic	_	none	_	_	_	_	_	0-4(?)
58-9	PST213	58	58	9	tua	tua	_	_	_	_	_	linguistic	_	none	_	_	_	_	_	0-3(?)
58-10	PST213	58	58	10	sei	sei	_	_	_	_	_	linguistic	_	none	_	_	_	_	_	0-3(?)
58-11	PST213	58	58	11	venuta	venuta	_	_	_	_	_	linguistic	_	none	_	_	_	_	_	0-6(?)
58-12	PST213	58	58	12	qua	qua	_	_	_	_	_	linguistic	_	none	_	_	_	_	_	0-3(?)
58-13	PST213	58	58	13	a	a	_	_	_	_	_	linguistic	_	none	_	_	_	_	_	0-1(?)
58-14	PST213	58	58	14	torino:	torino	_	_	_	_	_	linguistic	_	none	_	_	5x1	_	_	0-6(?)
58-15	PST213	58	58	15	e	e	_	_	_	_	_	linguistic	_	none	_	_	_	_	_	0-1(?)
58-16	PST213	58	58	16	poi]	poi	_	_	_	_	_	linguistic	_	none	_	_	_	_	_	0-3(?)
58-17	PST213	58	58	17	sei	sei	_	_	_	_	_	linguistic	_	none	_	_	_	_	_	_
58-18	PST213	58	58	18	sem[pre	sempre	_	_	_	_	_	linguistic	_	none	_	_	_	_	_	3-6(?)
58-19	PST213	58	58	19	stata	stata	_	_	_	_	_	linguistic	_	none	_	_	_	_	_	0-5(?)
58-20	PST213	58	58	20	qua	qua	_	_	_	_	_	linguistic	_	none	_	_	_	_	_	0-3(?)
58-21	PST213	58	58	21	per]	per	_	_	_	_	_	linguistic	_	none	_	End=140.976	_	_	_	0-3(?)
59-0	PST050	59	59	0	[dopo	dopo	_	_	_	_	_	linguistic	_	none	_	Begin=140.307	_	_	_	0-4(12)
59-1	PST050	59	59	1	qua]ttro	quattro	_	_	_	_	_	linguistic	_	none	_	_	_	_	_	0-3(12)
59-2	PST050	59	59	2	anni:?	anni	_	_	_	_	_	linguistic	_	none	Intonation=Rising	End=142.057	3x1	_	_	_
60-0	PST050	60	60	0	non	non	_	_	_	_	_	linguistic	_	none	_	Begin=142.723	_	_	_	_
60-1	PST050	60	60	1	sono	sono	_	_	_	_	_	linguistic	_	none	_	_	_	_	_	_
60-2	PST050	60	60	2	mai	mai	_	_	_	_	_	linguistic	_	none	_	_	_	_	_	_
60-3	PST050	60	60	3	andata	andata	_	_	_	_	_	linguistic	_	none	_	_	_	_	_	_
60-4	PST050	60	60	4	a	a	_	_	_	_	_	linguistic	_	none	_	_	_	_	_	_
60-5	PST050	60	60	5	casa	casa	_	_	_	_	_	linguistic	_	none	_	_	_	_	_	_
60-6	PST050	60	60	6	giù:,	giù	_	_	_	_	_	linguistic	_	none	Intonation=WeaklyRising	End=144.577	2x1	_	_	_
61-0	PST213	61	61	0	u[:h]	uh	_	_	_	_	_	linguistic	_	none	_	Begin=144.665|End=145.04	0x1	_	_	1-2(?)
62-0	PST050	62	62	0	[quattro	quattro	_	_	_	_	_	linguistic	_	none	_	Begin=145.99	_	_	_	0-7(?)
62-1	PST050	62	62	1	anni]	anni	_	_	_	_	_	linguistic	_	none	_	_	_	_	_	0-4(?)
62-2	PST050	62	62	2	è	è	_	_	_	_	_	linguistic	_	none	_	_	_	_	_	_
62-3	PST050	62	62	3	stata	stata	_	_	_	_	_	linguistic	_	none	_	_	_	_	_	_
62-4	PST050	62	62	4	un'	un'	_	_	_	_	_	linguistic	_	none	SpaceAfter=No	_	_	_	_	_
62-5	PST050	62	62	5	e[mozione:]?	emozione	_	_	_	_	_	linguistic	_	none	Intonation=Rising	End=148.235	7x1	_	_	0-8(?)
63-0	PST050	63	63	0	perché::	perché	_	_	_	_	_	linguistic	_	none	_	Begin=149.515	5x2	_	_	_
63-1	PST050	63	63	1	mia	mia	_	_	_	_	_	linguistic	_	none	_	_	_	_	_	_
63-2	PST050	63	63	2	sorella	sorella	_	_	_	_	_	linguistic	_	none	_	_	_	_	_	_
63-3	PST050	63	63	3	non	non	_	_	_	_	_	linguistic	_	none	_	_	_	_	_	_
63-4	PST050	63	63	4	poteva	poteva	_	_	_	_	_	linguistic	_	none	_	_	_	_	_	_
63-5	PST050	63	63	5	né	né	_	_	_	_	_	linguistic	_	none	_	_	_	_	_	_
63-6	PST050	63	63	6	che	che	_	_	_	_	_	linguistic	_	none	_	_	_	_	_	_
63-7	PST050	63	63	7	per	per	_	_	_	_	_	linguistic	_	none	_	_	_	_	_	_
63-8	PST050	63	63	8	lavo:ro	lavoro	_	_	_	_	_	linguistic	_	none	_	_	3x1	_	_	_
63-9	PST050	63	63	9	né:	né	_	_	_	_	_	linguistic	_	none	_	_	1x1	_	_	_
63-10	PST050	63	63	10	per::.	per	_	_	_	_	_	linguistic	_	none	Intonation=Falling	End=154.168	2x2	_	_	_
64-0	PST050	64	64	0	per	per	_	_	_	_	_	linguistic	_	none	_	Begin=155.523	_	_	_	_
64-1	PST050	64	64	1	lavoro	lavoro	_	_	_	_	_	linguistic	_	none	_	_	_	_	_	_
64-2	PST050	64	64	2	dice	dice	_	_	_	_	_	linguistic	_	none	_	_	_	_	_	_
64-3	PST050	64	64	3	di	di	_	_	_	_	_	linguistic	_	none	_	_	_	_	_	_
64-4	PST050	64	64	4	che	che	_	_	_	_	_	linguistic	_	none	_	_	_	_	_	_
64-5	PST050	64	64	5	che	che	_	_	_	_	_	linguistic	_	none	_	_	_	_	_	_
64-6	PST050	64	64	6	io	io	_	_	_	_	_	linguistic	_	none	_	_	_	_	_	_
64-7	PST050	64	64	7	dovevo	dovevo	_	_	_	_	_	linguistic	_	none	_	_	_	_	_	_
64-8	PST050	64	64	8	andare	andare	_	_	_	_	_	linguistic	_	none	_	_	_	_	_	_
64-9	PST050	64	64	9	con	con	_	_	_	_	_	linguistic	_	none	_	_	_	_	_	_
64-10	PST050	64	64	10	lei:	lei	_	_	_	_	_	linguistic	_	none	_	_	2x1	_	_	_
64-11	PST050	64	64	11	io	io	_	_	_	_	_	linguistic	_	none	_	_	_	_	_	_
64-12	PST050	64	64	12	dovevo::	dovevo	_	_	_	_	_	linguistic	_	none	_	_	5x2	_	_	_
64-13	PST050	64	64	13	avevo	avevo	_	_	_	_	_	linguistic	_	none	_	_	_	_	_	_
64-14	PST050	64	64	14	il	il	_	_	_	_	_	linguistic	_	none	_	_	_	_	_	_
64-15	PST050	64	64	15	passapo:rto	passaporto	_	_	_	_	_	linguistic	_	none	_	_	6x1	_	_	_
64-16	PST050	64	64	16	mi	mi	_	_	_	_	_	linguistic	_	none	_	_	_	_	_	_
64-17	PST050	64	64	17	serviva::	serviva	_	_	_	_	_	linguistic	_	none	_	_	6x2	_	_	_
64-18	PST050	64	64	18	mh.	mh	_	_	_	_	_	linguistic	_	none	Intonation=Falling	End=162.27	_	_	_	_
65-0	PST050	65	65	0	lei	lei	_	_	_	_	_	linguistic	_	none	_	Begin=162.715	_	_	_	_
65-1	PST050	65	65	1	andava	andava	_	_	_	_	_	linguistic	_	none	_	_	_	_	_	_
65-2	PST050	65	65	2	tre	tre	_	_	_	_	_	linguistic	_	none	_	_	_	_	_	_
65-3	PST050	65	65	3	mesi	mesi	_	_	_	_	_	linguistic	_	none	_	_	_	_	_	_
65-4	PST050	65	65	4	sei	sei	_	_	_	_	_	linguistic	_	none	_	_	_	_	_	_
65-5	PST050	65	65	5	mesi	mesi	_	_	_	_	_	linguistic	_	none	_	_	_	_	_	_
65-6	PST050	65	65	6	com'	com'	_	_	_	_	_	linguistic	_	none	SpaceAfter=No	_	_	_	_	_
65-7	PST050	65	65	7	era	era	_	_	_	_	_	linguistic	_	none	_	_	_	_	_	_
65-8	PST050	65	65	8	una	una	_	_	_	_	_	linguistic	_	none	_	_	_	_	_	_
65-9	PST050	65	65	9	vol[ta].	volta	_	_	_	_	_	linguistic	_	none	Intonation=Falling	End=165.428	_	_	_	2-5(13)
66-0	PST212	66	66	0	[sì]	sì	_	_	_	_	_	linguistic	_	none	_	Begin=165.048|End=165.471	_	_	_	0-2(13)
67-0	PST213	67	67	0	mh	mh	_	_	_	_	_	linguistic	_	none	_	Begin=165.471	_	_	_	_
67-1	PST213	67	67	1	mh	mh	_	_	_	_	_	linguistic	_	none	_	End=165.74	_	_	_	_
68-0	PST050	68	68	0	però	però	_	_	_	_	_	linguistic	_	none	_	Begin=165.748	_	_	_	_
68-1	PST050	68	68	1	io	io	_	_	_	_	_	linguistic	_	none	_	_	_	_	_	_
68-2	PST050	68	68	2	ho	ho	_	_	_	_	_	linguistic	_	none	_	_	_	_	_	_
68-3	PST050	68	68	3	superato	superato	_	_	_	_	_	linguistic	_	none	_	_	_	_	_	_
68-4	PST050	68	68	4	avev~	avev~	_	_	_	_	_	linguistic	_	none	Interrupted=Yes	_	_	_	_	_
68-5	PST050	68	68	5	[~vendo	~vendo	_	_	_	_	_	linguistic	_	none	Interrupted=Yes	_	_	_	_	0-6(?)
68-6	PST050	68	68	6	pau:ra]?	paura	_	_	_	_	_	linguistic	_	none	Intonation=Rising	End=168.509	2x1	_	_	0-5(?)
69-0	PST050	69	69	0	ho	ho	_	_	_	_	_	linguistic	_	none	_	Begin=168.865	_	_	_	_
69-1	PST050	69	69	1	detto	detto	_	_	_	_	_	linguistic	_	none	_	_	_	_	_	_
69-2	PST050	69	69	2	no	no	_	_	_	_	_	linguistic	_	none	_	_	_	_	_	_
69-3	PST050	69	69	3	dai	dai	_	_	_	_	_	linguistic	_	none	_	_	_	_	_	_
69-4	PST050	69	69	4	quando	quando	_	_	_	_	_	linguistic	_	none	_	_	_	_	_	_
69-5	PST050	69	69	5	dobbiamo	dobbiamo	_	_	_	_	_	linguistic	_	none	_	_	_	_	_	_
69-6	PST050	69	69	6	andare	andare	_	_	_	_	_	linguistic	_	none	_	_	_	_	_	_
69-7	PST050	69	69	7	andiamo	andiamo	_	_	_	_	_	linguistic	_	none	PauseAfter=Yes	_	_	_	_	_
69-8	PST050	69	69	8	(.)	(.)	_	_	_	_	_	shortpause	_	none	_	_	_	_	_	_
69-9	PST050	69	69	9	insieme.	insieme	_	_	_	_	_	linguistic	_	none	Intonation=Falling	End=172.4675	_	_	_	_
70-0	PST213	70	70	0	ah	ah	_	_	_	_	_	linguistic	_	none	_	Begin=172.4675	_	_	_	_
70-1	PST213	70	70	1	a:h	ah	_	_	_	_	_	linguistic	_	none	_	End=172.982	0x1	_	_	_
71-0	PST050	71	71	0	lei	lei	_	_	_	_	_	linguistic	_	none	_	Begin=173.015	_	_	_	_
71-1	PST050	71	71	1	è	è	_	_	_	_	_	linguistic	_	none	_	_	_	_	_	_
71-2	PST050	71	71	2	andat(a)	andata	_	_	_	_	_	linguistic	_	none	_	_	_	_	5-6(0)	_
71-3	PST050	71	71	3	più	più	_	_	_	_	_	linguistic	_	none	_	_	_	_	_	_
71-4	PST050	71	71	4	volte	volte	_	_	_	_	_	linguistic	_	none	_	_	_	_	_	_
71-5	PST050	71	71	5	((ride))	((ride))	_	_	_	_	_	nonverbalbehavior	_	none	_	End=174.72	_	_	_	_
72-0	PST050	72	72	0	[però:]	però	_	_	_	_	_	linguistic	_	none	_	Begin=175.29	3x1	_	_	0-4(14)
72-1	PST050	72	72	1	prima	prima	_	_	_	_	_	linguistic	_	none	_	_	_	_	_	_
72-2	PST050	72	72	2	che	che	_	_	_	_	_	linguistic	_	none	_	_	_	_	_	_
72-3	PST050	72	72	3	io::.	io	_	_	_	_	_	linguistic	_	none	Intonation=Falling	End=177.023	1x2	_	_	_
73-0	PST213	73	73	0	ah	ah	_	_	_	_	_	linguistic	_	none	_	Begin=177.015	_	_	_	_
73-1	PST213	73	73	1	ah	ah	_	_	_	_	_	linguistic	_	none	_	End=177.332	_	_	_	_
74-0	PST050	74	74	0	e	e	_	_	_	_	_	linguistic	_	none	_	Begin=178.057	_	_	_	_
74-1	PST050	74	74	1	poi::	poi	_	_	_	_	_	linguistic	_	none	_	_	2x2	_	_	_
74-2	PST050	74	74	2	siamo	siamo	_	_	_	_	_	linguistic	_	none	_	_	_	_	_	_
74-3	PST050	74	74	3	andati	andati	_	_	_	_	_	linguistic	_	none	_	_	_	_	_	_
74-4	PST050	74	74	4	dopo	dopo	_	_	_	_	_	linguistic	_	none	_	_	_	_	_	_
74-5	PST050	74	74	5	quattro	quattro	_	_	_	_	_	linguistic	_	none	_	_	_	_	_	_
74-6	PST050	74	74	6	anni?	anni	_	_	_	_	_	linguistic	_	none	Intonation=Rising	End=181.181	_	_	_	_
75-0	PST050	75	75	0	non	non	_	_	_	_	_	linguistic	_	none	_	Begin=182.223	_	_	_	_
75-1	PST050	75	75	1	ho	ho	_	_	_	_	_	linguistic	_	none	_	_	_	_	_	_
75-2	PST050	75	75	2	più	più	_	_	_	_	_	linguistic	_	none	_	_	_	_	_	_
75-3	PST050	75	75	3	riconosciuto	riconosciuto	_	_	_	_	_	linguistic	_	none	_	_	_	_	_	_
75-4	PST050	75	75	4	quasi::	quasi	_	_	_	_	_	linguistic	_	none	_	_	4x2	_	_	_
75-5	PST050	75	75	5	c~	c~	_	_	_	_	_	linguistic	_	none	Interrupted=Yes	_	_	_	_	_
75-6	PST050	75	75	6	perché	perché	_	_	_	_	_	linguistic	_	none	_	_	_	_	_	_
75-7	PST050	75	75	7	è	è	_	_	_	_	_	linguistic	_	none	_	_	_	_	_	_
75-8	PST050	75	75	8	cambiato.	cambiato	_	_	_	_	_	linguistic	_	none	Intonation=Falling	End=185.751	_	_	_	_
76-0	PST213	76	76	0	è	è	_	_	_	_	_	linguistic	_	none	_	Begin=185.907	_	_	_	_
76-1	PST213	76	76	1	cambiato	cambiato	_	_	_	_	_	linguistic	_	none	_	_	_	_	_	_
76-2	PST213	76	76	2	molto?	molto	_	_	_	_	_	linguistic	_	none	Intonation=Rising	End=187.007	_	_	_	_
77-0	PST050	77	77	0	molto	molto	_	_	_	_	_	linguistic	_	none	_	Begin=187.057	_	_	_	_
77-1	PST050	77	77	1	il	il	_	_	_	_	_	linguistic	_	none	_	_	_	_	_	_
77-2	PST050	77	77	2	paese::	paese	_	_	_	_	_	linguistic	_	none	_	_	4x2	_	_	_
77-3	PST050	77	77	3	m::h.	mh	_	_	_	_	_	linguistic	_	none	Intonation=Falling	End=189.365	0x2	_	_	_
78-0	PST050	78	78	0	poi:	poi	_	_	_	_	_	linguistic	_	none	_	Begin=189.798	2x1	_	_	_
78-1	PST050	78	78	1	mio	mio	_	_	_	_	_	linguistic	_	none	_	_	_	_	_	_
78-2	PST050	78	78	2	papà:	papà	_	_	_	_	_	linguistic	_	none	_	_	3x1	_	_	_
78-3	PST050	78	78	3	che	che	_	_	_	_	_	linguistic	_	none	_	_	_	_	_	_
78-4	PST050	78	78	4	non	non	_	_	_	_	_	linguistic	_	none	_	_	_	_	_	_
78-5	PST050	78	78	5	c'	c'	_	_	_	_	_	linguistic	_	none	SpaceAfter=No	_	_	_	_	_
78-6	PST050	78	78	6	è	è	_	_	_	_	_	linguistic	_	none	_	_	_	_	_	_
78-7	PST050	78	78	7	più:	più	_	_	_	_	_	linguistic	_	none	_	_	2x1	_	_	_
78-8	PST050	78	78	8	non	non	_	_	_	_	_	linguistic	_	none	_	_	_	_	_	_
78-9	PST050	78	78	9	mi	mi	_	_	_	_	_	linguistic	_	none	_	_	_	_	_	_
78-10	PST050	78	78	10	ha	ha	_	_	_	_	_	linguistic	_	none	_	_	_	_	_	_
78-11	PST050	78	78	11	riconosciuto?	riconosciuto	_	_	_	_	_	linguistic	_	none	Intonation=Rising	End=193.392	_	_	_	_
79-0	PST050	79	79	0	pensava	pensava	_	_	_	_	_	linguistic	_	none	_	Begin=194.582	_	_	_	_
79-1	PST050	79	79	1	che	che	_	_	_	_	_	linguistic	_	none	_	_	_	_	_	_
79-2	PST050	79	79	2	sono	sono	_	_	_	_	_	linguistic	_	none	_	_	_	_	_	_
79-3	PST050	79	79	3	un'	un'	_	_	_	_	_	linguistic	_	none	SpaceAfter=No	_	_	_	_	_
79-4	PST050	79	79	4	amica:	amica	_	_	_	_	_	linguistic	_	none	_	_	4x1	_	_	_
79-5	PST050	79	79	5	avevo	avevo	_	_	_	_	_	linguistic	_	none	_	_	_	_	_	_
79-6	PST050	79	79	6	lasciato	lasciato	_	_	_	_	_	linguistic	_	none	_	_	_	_	_	_
79-7	PST050	79	79	7	la	la	_	_	_	_	_	linguistic	_	none	_	_	_	_	_	_
79-8	PST050	79	79	8	mia	mia	_	_	_	_	_	linguistic	_	none	_	_	_	_	_	_
79-9	PST050	79	79	9	sorella	sorella	_	_	_	_	_	linguistic	_	none	_	_	_	_	_	_
79-10	PST050	79	79	10	piccola	piccola	_	_	_	_	_	linguistic	_	none	_	_	_	_	_	_
79-11	PST050	79	79	11	che	che	_	_	_	_	_	linguistic	_	none	_	_	_	_	_	_
79-12	PST050	79	79	12	aveva	aveva	_	_	_	_	_	linguistic	_	none	_	_	_	_	_	_
79-13	PST050	79	79	13	tredici	tredici	_	_	_	_	_	linguistic	_	none	_	_	_	_	_	_
79-14	PST050	79	79	14	anni	anni	_	_	_	_	_	linguistic	_	none	_	_	_	_	_	_
79-15	PST050	79	79	15	lì:	lì	_	_	_	_	_	linguistic	_	none	PauseAfter=Yes	_	1x1	_	_	_
79-16	PST050	79	79	16	(.)	(.)	_	_	_	_	_	shortpause	_	none	_	_	_	_	_	_
79-17	PST050	79	79	17	con	con	_	_	_	_	_	linguistic	_	none	_	_	_	_	_	_
79-18	PST050	79	79	18	i	i	_	_	_	_	_	linguistic	_	none	_	_	_	_	_	_
79-19	PST050	79	79	19	miei	miei	_	_	_	_	_	linguistic	_	none	PauseAfter=Yes	_	_	_	_	_
79-20	PST050	79	79	20	(.)	(.)	_	_	_	_	_	shortpause	_	none	_	_	_	_	_	_
79-21	PST050	79	79	21	perché	perché	_	_	_	_	_	linguistic	_	none	_	_	_	_	_	_
79-22	PST050	79	79	22	i	i	_	_	_	_	_	linguistic	_	none	_	_	_	_	_	_
79-23	PST050	79	79	23	miei	miei	_	_	_	_	_	linguistic	_	none	_	_	_	_	_	_
79-24	PST050	79	79	24	genitori	genitori	_	_	_	_	_	linguistic	_	none	_	_	_	_	_	_
79-25	PST050	79	79	25	sono	sono	_	_	_	_	_	linguistic	_	none	_	_	_	_	_	_
79-26	PST050	79	79	26	sordomuti,	sordomuti	_	_	_	_	_	linguistic	_	none	Intonation=WeaklyRising	End=203.431	_	_	_	_
80-0	PST213	80	80	0	ah	ah	_	_	_	_	_	linguistic	_	none	_	Begin=203.952	_	_	_	_
80-1	PST213	80	80	1	[a:h]	ah	_	_	_	_	_	linguistic	_	none	_	End=204.365	0x1	_	_	0-2(15)
81-0	PST212	81	81	0	[a:h]	ah	_	_	_	_	_	linguistic	_	none	_	Begin=204.134	0x1	_	_	0-2(15)
81-1	PST212	81	81	1	okay	okay	_	_	_	_	_	linguistic	_	none	_	End=205.165	_	_	_	_
82-0	PST050	82	82	0	sono	sono	_	_	_	_	_	linguistic	_	none	_	Begin=205.34	_	_	_	_
82-1	PST050	82	82	1	sordomuti:?	sordomuti	_	_	_	_	_	linguistic	_	none	Intonation=Rising	End=206.723	8x1	_	_	_
83-0	PST050	83	83	0	e::	e	_	_	_	_	_	linguistic	_	none	_	Begin=207.665	0x2	_	_	_
83-1	PST050	83	83	1	l'	l'	_	_	_	_	_	linguistic	_	none	SpaceAfter=No	_	_	_	_	_
83-2	PST050	83	83	2	avevo	avevo	_	_	_	_	_	linguistic	_	none	_	_	_	_	_	_
83-3	PST050	83	83	3	lasciato	lasciato	_	_	_	_	_	linguistic	_	none	_	_	_	_	_	_
83-4	PST050	83	83	4	con	con	_	_	_	_	_	linguistic	_	none	_	_	_	_	_	_
83-5	PST050	83	83	5	l~	l~	_	_	_	_	_	linguistic	_	none	Interrupted=Yes	_	_	_	_	_
83-6	PST050	83	83	6	vabbè	vabbè	_	_	_	_	_	linguistic	_	none	_	_	_	_	_	_
83-7	PST050	83	83	7	con	con	_	_	_	_	_	linguistic	_	none	_	_	_	_	_	_
83-8	PST050	83	83	8	genitori:?	genitori	_	_	_	_	_	linguistic	_	none	Intonation=Rising	End=210.692	7x1	_	_	_
84-0	PST050	84	84	0	che	che	_	_	_	_	_	linguistic	_	none	_	Begin=211.19	_	_	_	_
84-1	PST050	84	84	1	era	era	_	_	_	_	_	linguistic	_	none	_	_	_	_	_	_
84-2	PST050	84	84	2	piccolina?	piccolina	_	_	_	_	_	linguistic	_	none	Intonation=Rising	End=212.276	_	_	_	_
85-0	PST050	85	85	0	che	che	_	_	_	_	_	linguistic	_	none	_	Begin=212.632	_	_	_	_
85-1	PST050	85	85	1	io	io	_	_	_	_	_	linguistic	_	none	_	_	_	_	_	_
85-2	PST050	85	85	2	avevo	avevo	_	_	_	_	_	linguistic	_	none	_	_	_	_	_	_
85-3	PST050	85	85	3	cura	cura	_	_	_	_	_	linguistic	_	none	_	_	_	_	_	_
85-4	PST050	85	85	4	di	di	_	_	_	_	_	linguistic	_	none	_	_	_	_	_	_
85-5	PST050	85	85	5	lei	lei	_	_	_	_	_	linguistic	_	none	_	_	_	_	_	_
85-6	PST050	85	85	6	[la	la	_	_	_	_	_	linguistic	_	none	_	_	_	_	_	0-2(16)
85-7	PST050	85	85	7	più	più	_	_	_	_	_	linguistic	_	none	_	_	_	_	_	0-3(16)
85-8	PST050	85	85	8	gra]nde:	grande	_	_	_	_	_	linguistic	_	none	_	_	5x1	_	_	0-3(16)
85-9	PST050	85	85	9	di	di	_	_	_	_	_	linguistic	_	none	_	_	_	_	_	_
85-10	PST050	85	85	10	me:	me	_	_	_	_	_	linguistic	_	none	_	_	1x1	_	_	_
85-11	PST050	85	85	11	tutte	tutte	_	_	_	_	_	linguistic	_	none	_	_	_	_	_	_
85-12	PST050	85	85	12	e	e	_	_	_	_	_	linguistic	_	none	_	_	_	_	_	_
85-13	PST050	85	85	13	tre	tre	_	_	_	_	_	linguistic	_	none	_	_	_	_	_	_
85-14	PST050	85	85	14	insiem[e	insieme	_	_	_	_	_	linguistic	_	none	_	_	_	_	_	6-7(17)
85-15	PST050	85	85	15	uni]ti	uniti	_	_	_	_	_	linguistic	_	none	_	_	_	_	_	0-3(17)
85-16	PST050	85	85	16	siamo	siamo	_	_	_	_	_	linguistic	_	none	_	_	_	_	_	_
85-17	PST050	85	85	17	cresciuti::	cresciuti	_	_	_	_	_	linguistic	_	none	_	_	8x2	_	_	_
85-18	PST050	85	85	18	insieme.	insieme	_	_	_	_	_	linguistic	_	none	Intonation=Falling	End=219.463	_	_	_	_
86-0	PST213	86	86	0	[ah	ah	_	_	_	_	_	linguistic	_	none	_	Begin=214.115	_	_	_	0-2(16)
86-1	PST213	86	86	1	ah]	ah	_	_	_	_	_	linguistic	_	none	_	End=214.548	_	_	_	0-2(16)
87-0	PST213	87	87	0	[a:h]	ah	_	_	_	_	_	linguistic	_	none	_	Begin=216.615|End=216.965	0x1	_	_	0-2(17)
88-0	PST050	88	88	0	e::h	eh	_	_	_	_	_	linguistic	_	none	PauseAfter=Yes	Begin=220.665	0x2	_	_	_
88-1	PST050	88	88	1	(.)	(.)	_	_	_	_	_	shortpause	_	none	_	_	_	_	_	_
88-2	PST050	88	88	2	dopo	dopo	_	_	_	_	_	linguistic	_	none	_	_	_	_	_	_
88-3	PST050	88	88	3	quattro	quattro	_	_	_	_	_	linguistic	_	none	_	_	_	_	_	_
88-4	PST050	88	88	4	anni	anni	_	_	_	_	_	linguistic	_	none	_	_	_	_	_	_
88-5	PST050	88	88	5	che	che	_	_	_	_	_	linguistic	_	none	_	_	_	_	_	_
88-6	PST050	88	88	6	sono	sono	_	_	_	_	_	linguistic	_	none	_	_	_	_	_	_
88-7	PST050	88	88	7	andata	andata	_	_	_	_	_	linguistic	_	none	_	_	_	_	_	_
88-8	PST050	88	88	8	lì:	lì	_	_	_	_	_	linguistic	_	none	_	_	1x1	_	_	_
88-9	PST050	88	88	9	sono	sono	_	_	_	_	_	linguistic	_	none	_	_	_	_	_	_
88-10	PST050	88	88	10	en~	en~	_	_	_	_	_	linguistic	_	none	Interrupted=Yes	_	_	_	_	_
88-11	PST050	88	88	11	che	che	_	_	_	_	_	linguistic	_	none	_	_	_	_	_	_
88-12	PST050	88	88	12	da	da	_	_	_	_	_	linguistic	_	none	_	_	_	_	_	_
88-13	PST050	88	88	13	noi	noi	_	_	_	_	_	linguistic	_	none	_	_	_	_	_	_
88-14	PST050	88	88	14	si	si	_	_	_	_	_	linguistic	_	none	_	_	_	_	_	_
88-15	PST050	88	88	15	usa	usa	_	_	_	_	_	linguistic	_	none	_	_	_	_	_	_
88-16	PST050	88	88	16	non	non	_	_	_	_	_	linguistic	_	none	_	_	_	_	_	_
88-17	PST050	88	88	17	si	si	_	_	_	_	_	linguistic	_	none	_	_	_	_	_	_
88-18	PST050	88	88	18	chiude	chiude	_	_	_	_	_	linguistic	_	none	_	_	_	_	_	_
88-19	PST050	88	88	19	la	la	_	_	_	_	_	linguistic	_	none	_	_	_	_	_	_
88-20	PST050	88	88	20	porta	porta	_	_	_	_	_	linguistic	_	none	_	_	_	_	_	_
88-21	PST050	88	88	21	di	di	_	_	_	_	_	linguistic	_	none	_	_	_	_	_	_
88-22	PST050	88	88	22	giorno.	giorno	_	_	_	_	_	linguistic	_	none	Intonation=Falling	End=227.327	_	_	_	_
89-0	PST212	89	89	0	sì	sì	_	_	_	_	_	linguistic	_	none	_	Begin=227.546|End=227.87	_	_	_	_
90-0	PST050	90	90	0	si	si	_	_	_	_	_	linguistic	_	none	_	Begin=227.877	_	_	_	_
90-1	PST050	90	90	1	bu:ssa	bussa	_	_	_	_	_	linguistic	_	none	_	_	1x1	_	_	_
90-2	PST050	90	90	2	si	si	_	_	_	_	_	linguistic	_	none	_	_	_	_	_	_
90-3	PST050	90	90	3	entra:	entra	_	_	_	_	_	linguistic	_	none	_	_	4x1	_	_	_
90-4	PST050	90	90	4	come	come	_	_	_	_	_	linguistic	_	none	_	_	_	_	_	_
90-5	PST050	90	90	5	nel	nel	_	_	_	_	_	linguistic	_	none	_	_	_	_	_	_
90-6	PST050	90	90	6	palazzo:	palazzo	_	_	_	_	_	linguistic	_	none	_	_	6x1	_	_	_
90-7	PST050	90	90	7	così	così	_	_	_	_	_	linguistic	_	none	_	_	_	_	_	_
90-8	PST050	90	90	8	sono	sono	_	_	_	_	_	linguistic	_	none	_	_	_	_	_	_
90-9	PST050	90	90	9	entrata	entrata	_	_	_	_	_	linguistic	_	none	_	_	_	_	_	_
90-10	PST050	90	90	10	in	in	_	_	_	_	_	linguistic	_	none	_	_	_	_	_	_
90-11	PST050	90	90	11	casa	casa	_	_	_	_	_	linguistic	_	none	_	_	_	_	_	_
90-12	PST050	90	90	12	mi	mi	_	_	_	_	_	linguistic	_	none	_	_	_	_	_	_
90-13	PST050	90	90	13	ha	ha	_	_	_	_	_	linguistic	_	none	_	_	_	_	_	_
90-14	PST050	90	90	14	vista	vista	_	_	_	_	_	linguistic	_	none	_	_	_	_	_	_
90-15	PST050	90	90	15	i	i	_	_	_	_	_	linguistic	_	none	_	_	_	_	_	_
90-16	PST050	90	90	16	miei,	miei	_	_	_	_	_	linguistic	_	none	Intonation=WeaklyRising	End=233.998	_	_	_	_
91-0	PST050	91	91	0	mia	mia	_	_	_	_	_	linguistic	_	none	_	Begin=234.759	_	_	_	_
91-1	PST050	91	91	1	mamma	mamma	_	_	_	_	_	linguistic	_	none	_	_	_	_	_	_
91-2	PST050	91	91	2	mi	mi	_	_	_	_	_	linguistic	_	none	_	_	_	_	_	_
91-3	PST050	91	91	3	ha	ha	_	_	_	_	_	linguistic	_	none	_	_	_	_	_	_
91-4	PST050	91	91	4	guardato	guardato	_	_	_	_	_	linguistic	_	none	_	_	_	_	_	_
91-5	PST050	91	91	5	così:?	così	_	_	_	_	_	linguistic	_	none	Intonation=Rising	End=236.5	3x1	_	_	_
92-0	PST050	92	92	0	e::	e	_	_	_	_	_	linguistic	_	none	PauseAfter=Yes	Begin=237.052	0x2	_	_	_
92-1	PST050	92	92	1	(.)	(.)	_	_	_	_	_	shortpause	_	none	_	_	_	_	_	_
92-2	PST050	92	92	2	mah	mah	_	_	_	_	_	linguistic	_	none	_	_	_	_	_	_
92-3	PST050	92	92	3	m:h	mh	_	_	_	_	_	linguistic	_	none	_	_	0x1	_	_	_
92-4	PST050	92	92	4	tua	tua	_	_	_	_	_	linguistic	_	none	_	_	_	_	_	_
92-5	PST050	92	92	5	sorella	sorella	_	_	_	_	_	linguistic	_	none	_	_	_	_	_	_
92-6	PST050	92	92	6	non	non	_	_	_	_	_	linguistic	_	none	_	_	_	_	_	_
92-7	PST050	92	92	7	c'	c'	_	_	_	_	_	linguistic	_	none	SpaceAfter=No	_	_	_	_	_
92-8	PST050	92	92	8	è	è	_	_	_	_	_	linguistic	_	none	_	_	_	_	_	_
92-9	PST050	92	92	9	t::~	t~	_	_	_	_	_	linguistic	_	none	Interrupted=Yes	_	0x2	_	_	_
92-10	PST050	92	92	10	pensava	pensava	_	_	_	_	_	linguistic	_	none	_	_	_	_	_	_
92-11	PST050	92	92	11	che	che	_	_	_	_	_	linguistic	_	none	_	_	_	_	_	_
92-12	PST050	92	92	12	sono	sono	_	_	_	_	_	linguistic	_	none	_	_	_	_	_	_
92-13	PST050	92	92	13	un'	un'	_	_	_	_	_	linguistic	_	none	SpaceAfter=No	_	_	_	_	_
92-14	PST050	92	92	14	amica	amica	_	_	_	_	_	linguistic	_	none	_	End=241.944	_	_	_	_
93-0	PST050	93	93	0	mio	mio	_	_	_	_	_	linguistic	_	none	_	Begin=242.696	_	_	_	_
93-1	PST050	93	93	1	papà	papà	_	_	_	_	_	linguistic	_	none	_	_	_	_	_	_
93-2	PST050	93	93	2	se	se	_	_	_	_	_	linguistic	_	none	_	_	_	_	_	_
93-3	PST050	93	93	3	lo	lo	_	_	_	_	_	linguistic	_	none	_	_	_	_	_	_
93-4	PST050	93	93	4	vuoi	vuoi	_	_	_	_	_	linguistic	_	none	_	_	_	_	_	_
93-5	PST050	93	93	5	cercare	cercare	_	_	_	_	_	linguistic	_	none	_	_	_	_	_	_
93-6	PST050	93	93	6	lì	lì	_	_	_	_	_	linguistic	_	none	_	_	_	_	_	_
93-7	PST050	93	93	7	fuori	fuori	_	_	_	_	_	linguistic	_	none	_	_	_	_	_	_
93-8	PST050	93	93	8	con	con	_	_	_	_	_	linguistic	_	none	_	_	_	_	_	_
93-9	PST050	93	93	9	le	le	_	_	_	_	_	linguistic	_	none	_	_	_	_	_	_
93-10	PST050	93	93	10	amiche,	amiche	_	_	_	_	_	linguistic	_	none	Intonation=WeaklyRising	End=245.84	_	_	_	_
94-0	PST050	94	94	0	no	no	_	_	_	_	_	linguistic	_	none	_	Begin=246.559	_	_	_	_
94-1	PST050	94	94	1	e::h	eh	_	_	_	_	_	linguistic	_	none	_	_	0x2	_	_	_
94-2	PST050	94	94	2	io:	io	_	_	_	_	_	linguistic	_	none	_	_	1x1	_	_	_
94-3	PST050	94	94	3	ma	ma	_	_	_	_	_	linguistic	_	none	_	_	_	_	_	_
94-4	PST050	94	94	4	io	io	_	_	_	_	_	linguistic	_	none	_	_	_	_	_	_
94-5	PST050	94	94	5	guardavo:	guardavo	_	_	_	_	_	linguistic	_	none	_	_	7x1	_	_	_
94-6	PST050	94	94	6	[(.)	.	_	_	_	_	_	error	_	none	_	_	_	_	_	_
94-7	PST050	94	94	7	mi	mi	_	_	_	_	_	linguistic	_	none	_	_	_	_	_	0-2(?)
94-8	PST050	94	94	8	me]ttevo	mettevo	_	_	_	_	_	linguistic	_	none	_	_	_	_	_	0-2(?)
94-9	PST050	94	94	9	a	a	_	_	_	_	_	linguistic	_	none	_	_	_	_	_	_
94-10	PST050	94	94	10	ridere	ridere	_	_	_	_	_	linguistic	_	none	_	_	_	_	_	_
94-11	PST050	94	94	11	ma	ma	_	_	_	_	_	linguistic	_	none	_	_	_	_	_	_
94-12	PST050	94	94	12	no	no	_	_	_	_	_	linguistic	_	none	_	_	_	_	_	_
94-13	PST050	94	94	13	no	no	_	_	_	_	_	linguistic	_	none	_	_	_	_	_	_
94-14	PST050	94	94	14	no	no	_	_	_	_	_	linguistic	_	none	_	_	_	_	_	_
94-15	PST050	94	94	15	no	no	_	_	_	_	_	linguistic	_	none	_	End=252.194	_	_	_	_
95-0	PST213	95	95	0	((ride))	((ride))	_	_	_	_	_	nonverbalbehavior	_	none	_	Begin=249.696|End=250.459	_	_	_	_
96-0	PST050	96	96	0	e:[::h	eh	_	_	_	_	_	linguistic	_	none	PauseAfter=Yes	Begin=253.059	0x3	_	_	1-2(?)
96-1	PST050	96	96	1	(.)	(.)	_	_	_	_	_	shortpause	_	none	_	_	_	_	_	_
96-2	PST050	96	96	2	se	se	_	_	_	_	_	linguistic	_	none	_	_	_	_	_	0-2(?)
96-3	PST050	96	96	3	stai	stai	_	_	_	_	_	linguistic	_	none	_	_	_	_	_	0-4(?)
96-4	PST050	96	96	4	cercando	cercando	_	_	_	_	_	linguistic	_	none	_	_	_	_	_	0-8(?)
96-5	PST050	96	96	5	è	è	_	_	_	_	_	linguistic	_	none	_	_	_	_	_	0-1(?)
96-6	PST050	96	96	6	lì],	lì	_	_	_	_	_	linguistic	_	none	Intonation=WeaklyRising	End=256.021	_	_	_	0-2(?)
97-0	PST050	97	97	0	[però	però	_	_	_	_	_	linguistic	_	none	_	Begin=256.927	_	_	_	0-4(?)
97-1	PST050	97	97	1	io	io	_	_	_	_	_	linguistic	_	none	_	_	_	_	_	0-2(?)
97-2	PST050	97	97	2	non	non	_	_	_	_	_	linguistic	_	none	_	_	_	_	_	0-3(?)
97-3	PST050	97	97	3	sto	sto	_	_	_	_	_	linguistic	_	none	_	_	_	_	_	0-3(?)
97-4	PST050	97	97	4	cercando	cercando	_	_	_	_	_	linguistic	_	none	_	_	_	_	_	0-8(?)
97-5	PST050	97	97	5	lei	lei	_	_	_	_	_	linguistic	_	none	_	_	_	_	_	0-3(?)
97-6	PST050	97	97	6	sto	sto	_	_	_	_	_	linguistic	_	none	_	_	_	_	_	0-3(?)
97-7	PST050	97	97	7	cercando	cercando	_	_	_	_	_	linguistic	_	none	_	_	_	_	_	0-8(?)
97-8	PST050	97	97	8	voi,]	voi	_	_	_	_	_	linguistic	_	none	Intonation=WeaklyRising	_	_	_	_	0-3(?)
97-9	PST050	97	97	9	((ridendo))	((ridendo))	_	_	_	_	_	nonverbalbehavior	_	none	_	End=259.925	_	_	_	_
98-0	PST213	98	98	0	((ride))	((ride))	_	_	_	_	_	nonverbalbehavior	_	none	_	Begin=259.921|End=260.565	_	_	_	_
99-0	PST050	99	99	0	non	non	_	_	_	_	_	linguistic	_	none	_	Begin=260.565	_	_	_	_
99-1	PST050	99	99	1	mi	mi	_	_	_	_	_	linguistic	_	none	_	_	_	_	_	_
99-2	PST050	99	99	2	riconosci	riconosci	_	_	_	_	_	linguistic	_	none	_	_	_	_	_	_
99-3	PST050	99	99	3	le	le	_	_	_	_	_	linguistic	_	none	_	_	_	_	_	_
99-4	PST050	99	99	4	ho	ho	_	_	_	_	_	linguistic	_	none	_	_	_	_	_	_
99-5	PST050	99	99	5	dett~	dett~	_	_	_	_	_	linguistic	_	none	Interrupted=Yes	_	_	_	_	_
99-6	PST050	99	99	6	parlavo	parlavo	_	_	_	_	_	linguistic	_	none	_	_	_	_	_	_
99-7	PST050	99	99	7	con	con	_	_	_	_	_	linguistic	_	none	_	_	_	_	_	_
99-8	PST050	99	99	8	i	i	_	_	_	_	_	linguistic	_	none	_	_	_	_	_	_
99-9	PST050	99	99	9	ges[ti	gesti	_	_	_	_	_	linguistic	_	none	_	_	_	_	_	3-5(18)
99-10	PST050	99	99	10	e]	e	_	_	_	_	_	linguistic	_	none	_	_	_	_	_	0-1(18)
99-11	PST050	99	99	11	di:~	di~	_	_	_	_	_	linguistic	_	none	Interrupted=Yes|PauseAfter=Yes	_	1x1	_	_	_
99-12	PST050	99	99	12	(.)	(.)	_	_	_	_	_	shortpause	_	none	_	_	_	_	_	_
99-13	PST050	99	99	13	parlavo	parlavo	_	_	_	_	_	linguistic	_	none	_	_	_	_	_	_
99-14	PST050	99	99	14	con	con	_	_	_	_	_	linguistic	_	none	_	_	_	_	_	_
99-15	PST050	99	99	15	i	i	_	_	_	_	_	linguistic	_	none	_	_	_	_	_	_
99-16	PST050	99	99	16	gesti.	gesti	_	_	_	_	_	linguistic	_	none	Intonation=Falling	End=265.829	_	_	_	_
100-0	PST212	100	100	0	[m:h]	mh	_	_	_	_	_	linguistic	_	none	_	Begin=263.102|End=263.509	0x1	_	_	0-2(18)
101-0	PST050	101	101	0	((ai_figli))	((ai_figli))	_	_	_	_	_	nonverbalbehavior	_	none	_	Begin=266.09	_	_	_	_
101-1	PST050	101	101	1	andate	andate	_	_	_	_	_	linguistic	_	none	_	_	_	_	_	_
101-2	PST050	101	101	2	a	a	_	_	_	_	_	linguistic	_	none	_	_	_	_	_	_
101-3	PST050	101	101	3	giocare.	giocare	_	_	_	_	_	linguistic	_	none	Intonation=Falling	End=267.077	_	_	_	_
102-0	PST050	102	102	0	parlavo	parlavo	_	_	_	_	_	linguistic	_	none	_	Begin=268.09	_	_	_	_
102-1	PST050	102	102	1	con	con	_	_	_	_	_	linguistic	_	none	_	_	_	_	_	_
102-2	PST050	102	102	2	i	i	_	_	_	_	_	linguistic	_	none	_	_	_	_	_	_
102-3	PST050	102	102	3	gesti.	gesti	_	_	_	_	_	linguistic	_	none	Intonation=Falling	End=269.384	_	_	_	_
103-0	PST050	103	103	0	e	e	_	_	_	_	_	linguistic	_	none	_	Begin=270.384	_	_	_	_
103-1	PST050	103	103	1	poi	poi	_	_	_	_	_	linguistic	_	none	_	_	_	_	_	_
103-2	PST050	103	103	2	mia	mia	_	_	_	_	_	linguistic	_	none	_	_	_	_	_	_
103-3	PST050	103	103	3	mamma	mamma	_	_	_	_	_	linguistic	_	none	_	_	_	_	_	_
103-4	PST050	103	103	4	mi	mi	_	_	_	_	_	linguistic	_	none	_	_	_	_	_	_
103-5	PST050	103	103	5	ha	ha	_	_	_	_	_	linguistic	_	none	_	_	_	_	_	_
103-6	PST050	103	103	6	guarda~	guarda~	_	_	_	_	_	linguistic	_	none	Interrupted=Yes	_	_	_	_	_
103-7	PST050	103	103	7	o::	o	_	_	_	_	_	linguistic	_	none	_	_	0x2	_	_	_
103-8	PST050	103	103	8	[sei	sei	_	_	_	_	_	linguistic	_	none	_	_	_	_	_	0-3(?)
103-9	PST050	103	103	9	tu::	tu	_	_	_	_	_	linguistic	_	none	_	_	1x2	_	_	0-2(?)
103-10	PST050	103	103	10	e	e	_	_	_	_	_	linguistic	_	none	_	_	_	_	_	0-1(?)
103-11	PST050	103	103	11	mio]	mio	_	_	_	_	_	linguistic	_	none	_	_	_	_	_	0-3(?)
103-12	PST050	103	103	12	papà:?	papà	_	_	_	_	_	linguistic	_	none	Intonation=Rising	End=274.246	3x1	_	_	_
104-0	PST213	104	104	0	((riide))	((riide))	_	_	_	_	_	nonverbalbehavior	_	none	_	Begin=272.302|End=273.259	_	_	_	_
105-0	PST212	105	105	0	((xxxx))	((xxxx))	_	_	_	_	_	nonverbalbehavior	_	none	_	Begin=273.265|End=273.802	_	_	_	_
106-0	PST213	106	106	0	((ride))	((ride))	_	_	_	_	_	nonverbalbehavior	_	none	_	Begin=274.896|End=275.509	_	_	_	_
107-0	PST050	107	107	0	ma	ma	_	_	_	_	_	linguistic	_	none	_	Begin=275.796	_	_	_	_
107-1	PST050	107	107	1	no:	no	_	_	_	_	_	linguistic	_	none	_	_	1x1	_	_	_
107-2	PST050	107	107	2	non	non	_	_	_	_	_	linguistic	_	none	_	_	_	_	_	_
107-3	PST050	107	107	3	non	non	_	_	_	_	_	linguistic	_	none	_	_	_	_	_	_
107-4	PST050	107	107	4	è	è	_	_	_	_	_	linguistic	_	none	_	_	_	_	_	_
107-5	PST050	107	107	5	lei:	lei	_	_	_	_	_	linguistic	_	none	_	_	2x1	_	_	_
107-6	PST050	107	107	6	@elena	@elena	_	_	_	_	_	anonymized	_	none	_	_	_	_	_	_
107-7	PST050	107	107	7	non	non	_	_	_	_	_	linguistic	_	none	_	_	_	_	_	_
107-8	PST050	107	107	8	no	no	_	_	_	_	_	linguistic	_	none	_	_	_	_	_	_
107-9	PST050	107	107	9	non	non	_	_	_	_	_	linguistic	_	none	_	_	_	_	_	_
107-10	PST050	107	107	10	è	è	_	_	_	_	_	linguistic	_	none	_	_	_	_	_	_
107-11	PST050	107	107	11	lei,	lei	_	_	_	_	_	linguistic	_	none	Intonation=WeaklyRising	End=278.821	_	_	_	_
108-0	PST050	108	108	0	vi	vi	_	_	_	_	_	linguistic	_	none	_	Begin=279.746	_	_	_	_
108-1	PST050	108	108	1	dico::	dico	_	_	_	_	_	linguistic	_	none	_	_	3x2	_	_	_
108-2	PST050	108	108	2	ha	ha	_	_	_	_	_	linguistic	_	none	_	_	_	_	_	_
108-3	PST050	108	108	3	pianto	pianto	_	_	_	_	_	linguistic	_	none	_	_	_	_	_	_
108-4	PST050	108	108	4	in	in	_	_	_	_	_	linguistic	_	none	_	_	_	_	_	_
108-5	PST050	108	108	5	lacrime:?	lacrime	_	_	_	_	_	linguistic	_	none	Intonation=Rising	End=282.484	6x1	_	_	_
109-0	PST212	109	109	0	((ride))	((ride))	_	_	_	_	_	nonverbalbehavior	_	none	_	Begin=283.109|End=283.477	_	_	_	_
110-0	PST050	110	110	0	anche	anche	_	_	_	_	_	linguistic	_	none	_	Begin=283.552	_	_	_	_
110-1	PST050	110	110	1	io	io	_	_	_	_	_	linguistic	_	none	PauseAfter=Yes	_	_	_	_	_
110-2	PST050	110	110	2	(.)	(.)	_	_	_	_	_	shortpause	_	none	_	_	_	_	_	_
110-3	PST050	110	110	3	tanto,	tanto	_	_	_	_	_	linguistic	_	none	Intonation=WeaklyRising	End=285.394	_	_	_	_
111-0	PST050	111	111	0	tantissimo	tantissimo	_	_	_	_	_	linguistic	_	none	_	Begin=286.521	_	_	_	_
111-1	PST050	111	111	1	e::h.	eh	_	_	_	_	_	linguistic	_	none	Intonation=Falling	End=288.118	0x2	_	_	_
112-0	PST212	112	112	0	ma:	ma	_	_	_	_	_	linguistic	_	none	_	Begin=288.59	1x1	_	_	_
112-1	PST212	112	112	1	[nei	nei	_	_	_	_	_	linguistic	_	none	_	_	_	_	_	0-3(19)
112-2	PST212	112	112	2	quattro]	quattro	_	_	_	_	_	linguistic	_	none	_	_	_	_	_	0-7(19)
112-3	PST212	112	112	3	anni	anni	_	_	_	_	_	linguistic	_	none	_	_	_	_	_	_
112-4	PST212	112	112	4	vi	vi	_	_	_	_	_	linguistic	_	none	_	_	_	_	_	_
112-5	PST212	112	112	5	eravate	eravate	_	_	_	_	_	linguistic	_	none	_	_	_	_	_	_
112-6	PST212	112	112	6	sentiti	sentiti	_	_	_	_	_	linguistic	_	none	_	_	_	_	_	_
112-7	PST212	112	112	7	al	al	_	_	_	_	_	linguistic	_	none	_	_	_	_	_	_
112-8	PST212	112	112	8	telefono,	telefono	_	_	_	_	_	linguistic	_	none	Intonation=WeaklyRising	End=291.729	_	_	_	_
113-0	PST050	113	113	0	[e::h].	eh	_	_	_	_	_	linguistic	_	none	Intonation=Falling	Begin=288.952|End=289.477	0x2	_	_	0-2(19)
114-0	PST050	114	114	0	e:[:h	eh	_	_	_	_	_	linguistic	_	none	_	Begin=291.734	0x2	_	_	1-2(20)
114-1	PST050	114	114	1	non	non	_	_	_	_	_	linguistic	_	none	_	_	_	_	_	0-3(20)
114-2	PST050	114	114	2	c'	c'	_	_	_	_	_	linguistic	_	none	SpaceAfter=No	_	_	_	_	0-2(20)
114-3	PST050	114	114	3	e]ra	era	_	_	_	_	_	linguistic	_	none	_	_	_	_	_	0-1(20)
114-4	PST050	114	114	4	come	come	_	_	_	_	_	linguistic	_	none	_	_	_	_	_	_
114-5	PST050	114	114	5	adesso	adesso	_	_	_	_	_	linguistic	_	none	_	_	_	_	_	_
114-6	PST050	114	114	6	whatsa[pp]:::	whatsapp	_	_	_	_	_	linguistic	_	none	_	End=295.017	7x3	_	_	5-8(140)
115-0	PST212	115	115	0	[xxxx]	xxxx	_	_	_	_	_	unknown	_	none	Syllables=4	Begin=292.121|End=292.621	_	_	_	0-4(20)
116-0	PST212	116	116	0	[e:h]	eh	_	_	_	_	_	linguistic	_	none	_	Begin=294.19|End=294.615	0x1	_	_	0-2(140)
117-0	PST213	117	117	0	[non	non	_	_	_	_	_	linguistic	_	none	_	Begin=294.609	_	_	_	0-3(140)
117-1	PST213	117	117	1	potevi]	potevi	_	_	_	_	_	linguistic	_	none	_	_	_	_	_	0-6(140)
117-2	PST213	117	117	2	vedere::	vedere	_	_	_	_	_	linguistic	_	none	_	_	5x2	_	_	_
117-3	PST213	117	117	3	nel	nel	_	_	_	_	_	linguistic	_	none	_	_	_	_	_	_
117-4	PST213	117	117	4	[video].	video	_	_	_	_	_	linguistic	_	none	Intonation=Falling	End=296.434	_	_	_	0-5(21)
118-0	PST050	118	118	0	[vedere	vedere	_	_	_	_	_	linguistic	_	none	_	Begin=295.659	_	_	_	0-6(21)
118-1	PST050	118	118	1	con	con	_	_	_	_	_	linguistic	_	none	_	_	_	_	_	0-3(21)
118-2	PST050	118	118	2	fo]toca:mera:	fotocamera	_	_	_	_	_	linguistic	_	none	_	_	5x1,9x1	_	_	0-2(21)
118-3	PST050	118	118	3	stra:~	stra~	_	_	_	_	_	linguistic	_	none	Interrupted=Yes	_	3x1	_	_	_
118-4	PST050	118	118	4	solo	solo	_	_	_	_	_	linguistic	_	none	_	_	_	_	_	_
118-5	PST050	118	118	5	il	il	_	_	_	_	_	linguistic	_	none	_	_	_	_	_	_
118-6	PST050	118	118	6	tele:fono	telefono	_	_	_	_	_	linguistic	_	none	_	_	3x1	_	_	_
118-7	PST050	118	118	7	ma	ma	_	_	_	_	_	linguistic	_	none	_	_	_	_	_	_
118-8	PST050	118	118	8	io	io	_	_	_	_	_	linguistic	_	none	_	_	_	_	_	_
118-9	PST050	118	118	9	con	con	_	_	_	_	_	linguistic	_	none	_	_	_	_	_	_
118-10	PST050	118	118	10	mio	mio	_	_	_	_	_	linguistic	_	none	_	_	_	_	_	_
118-11	PST050	118	118	11	papà	papà	_	_	_	_	_	linguistic	_	none	_	_	_	_	_	_
118-12	PST050	118	118	12	mia	mia	_	_	_	_	_	linguistic	_	none	_	_	_	_	_	_
118-13	PST050	118	118	13	mamma[:]	mamma	_	_	_	_	_	linguistic	_	none	_	End=300.573	4x1	_	_	_
119-0	PST213	119	119	0	[non	non	_	_	_	_	_	linguistic	_	none	_	Begin=300.446	_	_	_	0-3(?)
119-1	PST213	119	119	1	puo:i]	puoi	_	_	_	_	_	linguistic	_	none	_	End=301.284	2x1	_	_	0-4(?)
120-0	PST212	120	120	0	[e:h	eh	_	_	_	_	_	linguistic	_	none	_	Begin=300.684	0x1	_	_	0-2(23)
120-1	PST212	120	120	1	g]iu:sto.	giusto	_	_	_	_	_	linguistic	_	none	Intonation=Falling	End=301.799	2x1	_	_	0-1(23)
121-0	PST050	121	121	0	non	non	_	_	_	_	_	linguistic	_	none	_	Begin=301.799	_	_	_	_
121-1	PST050	121	121	1	po[te:vo	potevo	_	_	_	_	_	linguistic	_	none	_	_	3x1	_	_	2-6(24)
121-2	PST050	121	121	2	o]	o	_	_	_	_	_	linguistic	_	none	_	_	_	_	_	0-1(24)
121-3	PST050	121	121	3	chiamavo:	chiamavo	_	_	_	_	_	linguistic	_	none	_	_	7x1	_	_	_
121-4	PST050	121	121	4	((ride))	((ride))	_	_	_	_	_	nonverbalbehavior	_	none	_	End=304.24	_	_	_	_
122-0	PST213	122	122	0	((ride))	((ride))	_	_	_	_	_	nonverbalbehavior	_	none	_	Begin=302.177|End=302.827	_	_	_	_
123-0	PST213	123	123	0	[e:h]	eh	_	_	_	_	_	linguistic	_	none	_	Begin=303.909|End=304.234	0x1	_	_	0-2(24)
124-0	PST212	124	124	0	[è	è	_	_	_	_	_	linguistic	_	none	_	Begin=304.24	_	_	_	_
124-1	PST212	124	124	1	ve:[ro].	vero	_	_	_	_	_	linguistic	_	none	Intonation=Falling	End=305.127	1x1	_	_	_
125-0	PST050	125	125	0	[è	è	_	_	_	_	_	linguistic	_	none	_	Begin=304.69	_	_	_	0-1(25)
125-1	PST050	125	125	1	stat]a	stata	_	_	_	_	_	linguistic	_	none	_	_	_	_	_	0-4(25)
125-2	PST050	125	125	2	du:ra:,	dura	_	_	_	_	_	linguistic	_	none	Intonation=WeaklyRising	End=305.907	1x1,3x1	_	_	_
126-0	PST213	126	126	0	eh	eh	_	_	_	_	_	linguistic	_	none	_	Begin=306.077	_	_	_	_
126-1	PST213	126	126	1	e:h	eh	_	_	_	_	_	linguistic	_	none	_	End=306.552	0x1	_	_	_
127-0	PST050	127	127	0	((tossisce))	((tossisce))	_	_	_	_	_	nonverbalbehavior	_	none	_	Begin=307.021|End=307.277	_	_	_	_
128-0	PST050	128	128	0	((ai_figli))	((ai_figli))	_	_	_	_	_	nonverbalbehavior	_	none	_	Begin=307.277	_	_	_	_
128-1	PST050	128	128	1	(a)ndate	andate	_	_	_	_	_	linguistic	_	none	_	_	_	_	0-1(0)	_
128-2	PST050	128	128	2	a	a	_	_	_	_	_	linguistic	_	none	_	_	_	_	_	_
128-3	PST050	128	128	3	gioca:re	giocare	_	_	_	_	_	linguistic	_	none	_	_	4x1	_	_	_
128-4	PST050	128	128	4	dai	dai	_	_	_	_	_	linguistic	_	none	_	_	_	_	_	_
128-5	PST050	128	128	5	che	che	_	_	_	_	_	linguistic	_	none	_	_	_	_	_	_
128-6	PST050	128	128	6	poi	poi	_	_	_	_	_	linguistic	_	none	_	_	_	_	_	_
128-7	PST050	128	128	7	andiamo	andiamo	_	_	_	_	_	linguistic	_	none	_	_	_	_	_	_
128-8	PST050	128	128	8	vi:a,	via	_	_	_	_	_	linguistic	_	none	Intonation=WeaklyRising	End=309.615	1x1	_	_	_
129-0	PST050	129	129	0	((ai_figli))	((ai_figli))	_	_	_	_	_	nonverbalbehavior	_	none	_	Begin=310.721	_	_	_	_
129-1	PST050	129	129	1	dai	dai	_	_	_	_	_	linguistic	_	none	_	_	_	_	_	_
129-2	PST050	129	129	2	andate	andate	_	_	_	_	_	linguistic	_	none	_	_	_	_	_	_
129-3	PST050	129	129	3	a	a	_	_	_	_	_	linguistic	_	none	_	_	_	_	_	_
129-4	PST050	129	129	4	gioca:re	giocare	_	_	_	_	_	linguistic	_	none	_	_	4x1	_	_	_
129-5	PST050	129	129	5	che	che	_	_	_	_	_	linguistic	_	none	_	_	_	_	_	_
129-6	PST050	129	129	6	poi	poi	_	_	_	_	_	linguistic	_	none	_	_	_	_	_	_
129-7	PST050	129	129	7	andiamo	andiamo	_	_	_	_	_	linguistic	_	none	_	_	_	_	_	_
129-8	PST050	129	129	8	via	via	_	_	_	_	_	linguistic	_	none	_	_	_	_	_	_
129-9	PST050	129	129	9	dai,	dai	_	_	_	_	_	linguistic	_	none	Intonation=WeaklyRising	End=312.984	_	_	_	_
130-0	??	130	130	0	perché	perché	_	_	_	_	_	linguistic	_	none	_	Begin=312.984	_	_	_	_
130-1	??	130	130	1	ti	ti	_	_	_	_	_	linguistic	_	none	_	_	_	_	_	_
130-2	??	130	130	2	sta	sta	_	_	_	_	_	linguistic	_	none	_	_	_	_	_	_
130-3	??	130	130	3	registrando?	registrando	_	_	_	_	_	linguistic	_	none	Intonation=Rising	End=314.259	_	_	_	_
131-0	PST050	131	131	0	vai	vai	_	_	_	_	_	linguistic	_	none	_	Begin=315.015	_	_	_	_
131-1	PST050	131	131	1	vai	vai	_	_	_	_	_	linguistic	_	none	_	_	_	_	_	_
131-2	PST050	131	131	2	poi	poi	_	_	_	_	_	linguistic	_	none	_	_	_	_	_	_
131-3	PST050	131	131	3	te	te	_	_	_	_	_	linguistic	_	none	_	_	_	_	_	_
131-4	PST050	131	131	4	lo	lo	_	_	_	_	_	linguistic	_	none	_	_	_	_	_	_
131-5	PST050	131	131	5	di:co	dico	_	_	_	_	_	linguistic	_	none	_	_	1x1	_	_	_
131-6	PST050	131	131	6	dai,	dai	_	_	_	_	_	linguistic	_	none	Intonation=WeaklyRising	End=316.584	_	_	_	_
132-0	PST050	132	132	0	((ai_figli))	((ai_figli))	_	_	_	_	_	nonverbalbehavior	_	none	_	Begin=317.171	_	_	_	_
132-1	PST050	132	132	1	va:i	vai	_	_	_	_	_	linguistic	_	none	_	_	1x1	_	_	_
132-2	PST050	132	132	2	andate	andate	_	_	_	_	_	linguistic	_	none	_	_	_	_	_	_
132-3	PST050	132	132	3	a	a	_	_	_	_	_	linguistic	_	none	_	_	_	_	_	_
132-4	PST050	132	132	4	gioca:re,	giocare	_	_	_	_	_	linguistic	_	none	Intonation=WeaklyRising	End=318.565	4x1	_	_	_
133-0	PST050	133	133	0	e	e	_	_	_	_	_	linguistic	_	none	_	Begin=319.79	_	_	_	_
133-1	PST050	133	133	1	poi::	poi	_	_	_	_	_	linguistic	_	none	_	_	2x2	_	_	_
133-2	PST050	133	133	2	m::~	m~	_	_	_	_	_	linguistic	_	none	Interrupted=Yes	_	0x2	_	_	_
133-3	PST050	133	133	3	mi	mi	_	_	_	_	_	linguistic	_	none	_	_	_	_	_	_
133-4	PST050	133	133	4	teneva	teneva	_	_	_	_	_	linguistic	_	none	_	_	_	_	_	_
133-5	PST050	133	133	5	talmente	talmente	_	_	_	_	_	linguistic	_	none	_	_	_	_	_	_
133-6	PST050	133	133	6	stretta?	stretta	_	_	_	_	_	linguistic	_	none	Intonation=Rising	End=323.255	_	_	_	_
134-0	PST050	134	134	0	che	che	_	_	_	_	_	linguistic	_	none	_	Begin=323.859	_	_	_	_
134-1	PST050	134	134	1	non	non	_	_	_	_	_	linguistic	_	none	_	_	_	_	_	_
134-2	PST050	134	134	2	mi	mi	_	_	_	_	_	linguistic	_	none	_	_	_	_	_	_
134-3	PST050	134	134	3	mollava	mollava	_	_	_	_	_	linguistic	_	none	_	_	_	_	_	_
134-4	PST050	134	134	4	[più:]	più	_	_	_	_	_	linguistic	_	none	PauseAfter=Yes	_	2x1	_	_	0-3(?)
134-5	PST050	134	134	5	(.)	(.)	_	_	_	_	_	shortpause	_	none	_	_	_	_	_	_
134-6	PST050	134	134	6	papà:,	papà	_	_	_	_	_	linguistic	_	none	Intonation=WeaklyRising	End=326.102	3x1	_	_	_
135-0	PST212	135	135	0	((ride))	((ride))	_	_	_	_	_	nonverbalbehavior	_	none	_	Begin=324.796|End=325.159	_	_	_	_
136-0	PST050	136	136	0	e	e	_	_	_	_	_	linguistic	_	none	_	Begin=327.44	_	_	_	_
136-1	PST050	136	136	1	di	di	_	_	_	_	_	linguistic	_	none	_	_	_	_	_	_
136-2	PST050	136	136	2	gioia	gioia	_	_	_	_	_	linguistic	_	none	_	_	_	_	_	_
136-3	PST050	136	136	3	di	di	_	_	_	_	_	linguistic	_	none	_	_	_	_	_	_
136-4	PST050	136	136	4	xxxx	xxxx	_	_	_	_	_	unknown	_	none	Syllables=4	_	_	_	_	_
136-5	PST050	136	136	5	ero	ero	_	_	_	_	_	linguistic	_	none	_	_	_	_	_	_
136-6	PST050	136	136	6	bambina	bambina	_	_	_	_	_	linguistic	_	none	_	_	_	_	_	_
136-7	PST050	136	136	7	tutta	tutta	_	_	_	_	_	linguistic	_	none	_	_	_	_	_	_
136-8	PST050	136	136	8	cambiata::	cambiata	_	_	_	_	_	linguistic	_	none	_	_	7x2	_	_	_
136-9	PST050	136	136	9	non	non	_	_	_	_	_	linguistic	_	none	_	_	_	_	_	_
136-10	PST050	136	136	10	ero	ero	_	_	_	_	_	linguistic	_	none	_	_	_	_	_	_
136-11	PST050	136	136	11	più	più	_	_	_	_	_	linguistic	_	none	_	_	_	_	_	_
136-12	PST050	136	136	12	io	io	_	_	_	_	_	linguistic	_	none	_	_	_	_	_	_
136-13	PST050	136	136	13	son(o)	sono	_	_	_	_	_	linguistic	_	none	_	_	_	_	3-4(0)	_
136-14	PST050	136	136	14	diventata	diventata	_	_	_	_	_	linguistic	_	none	_	_	_	_	_	_
136-15	PST050	136	136	15	più:[:	più	_	_	_	_	_	linguistic	_	none	_	_	2x2	_	_	_
136-16	PST050	136	136	16	mh]	mh	_	_	_	_	_	linguistic	_	none	_	_	_	_	_	0-2(26)
136-17	PST050	136	136	17	no:?	no	_	_	_	_	_	linguistic	_	none	Intonation=Rising	End=334.852	1x1	_	_	_
137-0	PST212	137	137	0	[e	e	_	_	_	_	_	linguistic	_	none	_	Begin=334.096	_	_	_	0-1(26)
137-1	PST212	137	137	1	sì:]	sì	_	_	_	_	_	linguistic	_	none	_	End=334.546	1x1	_	_	0-2(26)
138-0	PST050	138	138	0	e::h	eh	_	_	_	_	_	linguistic	_	none	_	Begin=335.746	0x2	_	_	_
138-1	PST050	138	138	1	gli	gli	_	_	_	_	_	linguistic	_	none	_	_	_	_	_	_
138-2	PST050	138	138	2	son	son	_	_	_	_	_	linguistic	_	none	_	_	_	_	_	_
138-3	PST050	138	138	3	piaciuta	piaciuta	_	_	_	_	_	linguistic	_	none	_	_	_	_	_	_
138-4	PST050	138	138	4	gli	gli	_	_	_	_	_	linguistic	_	none	_	_	_	_	_	_
138-5	PST050	138	138	5	sono	sono	_	_	_	_	_	linguistic	_	none	_	_	_	_	_	_
138-6	PST050	138	138	6	ecc~	ecc~	_	_	_	_	_	linguistic	_	none	Interrupted=Yes	_	_	_	_	_
138-7	PST050	138	138	7	sei::	sei	_	_	_	_	_	linguistic	_	none	_	_	2x2	_	_	_
138-8	PST050	138	138	8	diventata	diventata	_	_	_	_	_	linguistic	_	none	_	_	_	_	_	_
138-9	PST050	138	138	9	donna	donna	_	_	_	_	_	linguistic	_	none	_	_	_	_	_	_
138-10	PST050	138	138	10	sei	sei	_	_	_	_	_	linguistic	_	none	_	_	_	_	_	_
138-11	PST050	138	138	11	diventata::.	diventata	_	_	_	_	_	linguistic	_	none	Intonation=Falling	End=341.514	8x2	_	_	_
139-0	PST050	139	139	0	quanto	quanto	_	_	_	_	_	linguistic	_	none	_	Begin=341.909	_	_	_	_
139-1	PST050	139	139	1	stai:?	stai	_	_	_	_	_	linguistic	_	none	Intonation=Rising	End=342.996	3x1	_	_	_
140-0	PST050	140	140	0	e::h	eh	_	_	_	_	_	linguistic	_	none	_	Begin=343.459	0x2	_	_	_
140-1	PST050	140	140	1	poi	poi	_	_	_	_	_	linguistic	_	none	_	_	_	_	_	_
140-2	PST050	140	140	2	quando	quando	_	_	_	_	_	linguistic	_	none	_	_	_	_	_	_
140-3	PST050	140	140	3	sono:	sono	_	_	_	_	_	linguistic	_	none	_	_	3x1	_	_	_
140-4	PST050	140	140	4	dovuto	dovuto	_	_	_	_	_	linguistic	_	none	_	_	_	_	_	_
140-5	PST050	140	140	5	andare	andare	_	_	_	_	_	linguistic	_	none	_	_	_	_	_	_
140-6	PST050	140	140	6	via:,	via	_	_	_	_	_	linguistic	_	none	Intonation=WeaklyRising	End=346.477	2x1	_	_	_
141-0	PST050	141	141	0	e:h	eh	_	_	_	_	_	linguistic	_	none	_	Begin=347.427	0x1	_	_	_
141-1	PST050	141	141	1	lacrime:	lacrime	_	_	_	_	_	linguistic	_	none	_	_	6x1	_	_	_
141-2	PST050	141	141	2	pianti,	pianti	_	_	_	_	_	linguistic	_	none	Intonation=WeaklyRising	End=349.209	_	_	_	_
142-0	PST213	142	142	0	sei	sei	_	_	_	_	_	linguistic	_	none	_	Begin=349.209	_	_	_	_
142-1	PST213	142	142	1	stata	stata	_	_	_	_	_	linguistic	_	none	_	_	_	_	_	_
142-2	PST213	142	142	2	ta:nto:?	tanto	_	_	_	_	_	linguistic	_	none	Intonation=Rising	End=350.265	1x1,4x1	_	_	_
143-0	PST050	143	143	0	un	un	_	_	_	_	_	linguistic	_	none	_	Begin=350.527	_	_	_	_
143-1	PST050	143	143	1	me:se	mese	_	_	_	_	_	linguistic	_	none	_	_	1x1	_	_	_
143-2	PST050	143	143	2	[che:]	che	_	_	_	_	_	linguistic	_	none	_	_	2x1	_	_	0-3(27)
143-3	PST050	143	143	3	noi	noi	_	_	_	_	_	linguistic	_	none	_	_	_	_	_	_
143-4	PST050	143	143	4	quando	quando	_	_	_	_	_	linguistic	_	none	_	_	_	_	_	_
143-5	PST050	143	143	5	andia:mo	andiamo	_	_	_	_	_	linguistic	_	none	_	_	4x1	_	_	_
143-6	PST050	143	143	6	facciamo	facciamo	_	_	_	_	_	linguistic	_	none	_	_	_	_	_	_
143-7	PST050	143	143	7	le	le	_	_	_	_	_	linguistic	_	none	_	_	_	_	_	_
143-8	PST050	143	143	8	fe:rie,	ferie	_	_	_	_	_	linguistic	_	none	Intonation=WeaklyRising	End=353.643	1x1	_	_	_
144-0	PST213	144	144	0	[a:h]	ah	_	_	_	_	_	linguistic	_	none	_	Begin=351.346|End=351.659	0x1	_	_	0-2(27)
145-0	PST213	145	145	0	ce:rto.	certo	_	_	_	_	_	linguistic	_	none	Intonation=Falling	Begin=353.759|End=354.19	1x1	_	_	_
146-0	PST050	146	146	0	o:	o	_	_	_	_	_	linguistic	_	none	_	Begin=354.384	0x1	_	_	_
146-1	PST050	146	146	1	un	un	_	_	_	_	_	linguistic	_	none	_	_	_	_	_	_
146-2	PST050	146	146	2	mese	mese	_	_	_	_	_	linguistic	_	none	_	_	_	_	_	_
146-3	PST050	146	146	3	o	o	_	_	_	_	_	linguistic	_	none	_	_	_	_	_	_
146-4	PST050	146	146	4	due	due	_	_	_	_	_	linguistic	_	none	_	_	_	_	_	_
146-5	PST050	146	146	5	settimane	settimane	_	_	_	_	_	linguistic	_	none	_	_	_	_	_	_
146-6	PST050	146	146	6	o	o	_	_	_	_	_	linguistic	_	none	_	_	_	_	_	_
146-7	PST050	146	146	7	tre:	tre	_	_	_	_	_	linguistic	_	none	_	_	2x1	_	_	_
146-8	PST050	146	146	8	poco.	poco	_	_	_	_	_	linguistic	_	none	Intonation=Falling	End=357.126	_	_	_	_
147-0	PST213	147	147	0	mh	mh	_	_	_	_	_	linguistic	_	none	_	Begin=357.346	_	_	_	_
147-1	PST213	147	147	1	m:h	mh	_	_	_	_	_	linguistic	_	none	_	End=357.852	0x1	_	_	_
148-0	PST050	148	148	0	e	e	_	_	_	_	_	linguistic	_	none	_	Begin=358.377	_	_	_	_
148-1	PST050	148	148	1	quando	quando	_	_	_	_	_	linguistic	_	none	_	_	_	_	_	_
148-2	PST050	148	148	2	andiamo	andiamo	_	_	_	_	_	linguistic	_	none	_	_	_	_	_	_
148-3	PST050	148	148	3	via?	via	_	_	_	_	_	linguistic	_	none	Intonation=Rising	_	_	_	_	_
148-4	PST050	148	148	4	((ride))	((ride))	_	_	_	_	_	nonverbalbehavior	_	none	_	End=360.116	_	_	_	_
149-0	PST050	149	149	0	le	le	_	_	_	_	_	linguistic	_	none	_	Begin=360.59	_	_	_	_
149-1	PST050	149	149	1	lacrime	lacrime	_	_	_	_	_	linguistic	_	none	_	_	_	_	_	_
149-2	PST050	149	149	2	pianti:,	pianti	_	_	_	_	_	linguistic	_	none	Intonation=WeaklyRising	End=362.394	5x1	_	_	_
150-0	PST050	150	150	0	m::~	m~	_	_	_	_	_	linguistic	_	none	Interrupted=Yes	Begin=363.215	0x2	_	_	_
150-1	PST050	150	150	1	mancanza	mancanza	_	_	_	_	_	linguistic	_	none	_	_	_	_	_	_
150-2	PST050	150	150	2	di	di	_	_	_	_	_	linguistic	_	none	_	_	_	_	_	_
150-3	PST050	150	150	3	stare::	stare	_	_	_	_	_	linguistic	_	none	_	End=365.318	4x2	_	_	_
151-0	PST050	151	151	0	noi	noi	_	_	_	_	_	linguistic	_	none	_	Begin=366.09	_	_	_	_
151-1	PST050	151	151	1	siamo	siamo	_	_	_	_	_	linguistic	_	none	_	_	_	_	_	_
151-2	PST050	151	151	2	lontani	lontani	_	_	_	_	_	linguistic	_	none	_	_	_	_	_	_
151-3	PST050	151	151	3	loro	loro	_	_	_	_	_	linguistic	_	none	_	_	_	_	_	_
151-4	PST050	151	151	4	sono	sono	_	_	_	_	_	linguistic	_	none	_	_	_	_	_	_
151-5	PST050	151	151	5	soli	soli	_	_	_	_	_	linguistic	_	none	_	_	_	_	_	_
151-6	PST050	151	151	6	che::.	che	_	_	_	_	_	linguistic	_	none	Intonation=Falling	End=369.156	2x2	_	_	_
152-0	PST212	152	152	0	[mh]	mh	_	_	_	_	_	linguistic	_	none	_	Begin=369.346|End=369.715	_	_	_	0-2(?)
153-0	PST050	153	153	0	ha	ha	_	_	_	_	_	linguistic	_	none	_	Begin=370.121	_	_	_	_
153-1	PST050	153	153	1	detto	detto	_	_	_	_	_	linguistic	_	none	_	_	_	_	_	_
153-2	PST050	153	153	2	vedrai	vedrai	_	_	_	_	_	linguistic	_	none	_	_	_	_	_	_
153-3	PST050	153	153	3	c~	c~	_	_	_	_	_	linguistic	_	none	Interrupted=Yes	_	_	_	_	_
153-4	PST050	153	153	4	quando	quando	_	_	_	_	_	linguistic	_	none	_	_	_	_	_	_
153-5	PST050	153	153	5	diventerai	diventerai	_	_	_	_	_	linguistic	_	none	_	_	_	_	_	_
153-6	PST050	153	153	6	anche	anche	_	_	_	_	_	linguistic	_	none	_	_	_	_	_	_
153-7	PST050	153	153	7	tu:	tu	_	_	_	_	_	linguistic	_	none	_	_	1x1	_	_	_
153-8	PST050	153	153	8	un	un	_	_	_	_	_	linguistic	_	none	_	_	_	_	_	_
153-9	PST050	153	153	9	genito[re]?	genitore	_	_	_	_	_	linguistic	_	none	Intonation=Rising	End=373.331	_	_	_	6-8(?)
154-0	PST213	154	154	0	((ride))	((ride))	_	_	_	_	_	nonverbalbehavior	_	none	_	Begin=373.146|End=373.927	_	_	_	_
155-0	PST050	155	155	0	capiterà	capiterà	_	_	_	_	_	linguistic	_	none	_	Begin=373.996	_	_	_	_
155-1	PST050	155	155	1	quando	quando	_	_	_	_	_	linguistic	_	none	_	_	_	_	_	_
155-2	PST050	155	155	2	$arriverate:	arriverate	_	_	_	_	_	linguistic	_	none	Orthography=Yes|Variation=Emerging	_	9x1	_	_	_
155-3	PST050	155	155	3	e:h	eh	_	_	_	_	_	linguistic	_	none	_	_	0x1	_	_	_
155-4	PST050	155	155	4	arrivate	arrivate	_	_	_	_	_	linguistic	_	none	_	_	_	_	_	_
155-5	PST050	155	155	5	alla	alla	_	_	_	_	_	linguistic	_	none	_	_	_	_	_	_
155-6	PST050	155	155	6	nostra	nostra	_	_	_	_	_	linguistic	_	none	_	_	_	_	_	_
155-7	PST050	155	155	7	età:?	età	_	_	_	_	_	linguistic	_	none	Intonation=Rising	End=377.635	2x1	_	_	_
156-0	PST050	156	156	0	come	come	_	_	_	_	_	linguistic	_	none	_	Begin=379.096	_	_	_	_
156-1	PST050	156	156	1	è	è	_	_	_	_	_	linguistic	_	none	_	_	_	_	_	_
156-2	PST050	156	156	2	dura	dura	_	_	_	_	_	linguistic	_	none	_	_	_	_	_	_
156-3	PST050	156	156	3	che	che	_	_	_	_	_	linguistic	_	none	_	_	_	_	_	_
156-4	PST050	156	156	4	mh	mh	_	_	_	_	_	linguistic	_	none	_	_	_	_	_	_
156-5	PST050	156	156	5	i	i	_	_	_	_	_	linguistic	_	none	_	_	_	_	_	_
156-6	PST050	156	156	6	bambini	bambini	_	_	_	_	_	linguistic	_	none	_	_	_	_	_	_
156-7	PST050	156	156	7	son	son	_	_	_	_	_	linguistic	_	none	_	_	_	_	_	_
156-8	PST050	156	156	8	lontani.	lontani	_	_	_	_	_	linguistic	_	none	Intonation=Falling	End=381.407	_	_	_	_
157-0	PST050	157	157	0	[e:h]	eh	_	_	_	_	_	linguistic	_	none	_	Begin=382.827|End=383.29	0x1	_	_	0-2(28)
158-0	PST213	158	158	0	ma	ma	_	_	_	_	_	linguistic	_	none	_	Begin=382.827	_	_	_	_
158-1	PST213	158	158	1	[adesso]	adesso	_	_	_	_	_	linguistic	_	none	_	_	_	_	_	0-6(28)
158-2	PST213	158	158	2	la	la	_	_	_	_	_	linguistic	_	none	_	_	_	_	_	_
158-3	PST213	158	158	3	tua	tua	_	_	_	_	_	linguistic	_	none	_	_	_	_	_	_
158-4	PST213	158	158	4	sorella	sorella	_	_	_	_	_	linguistic	_	none	_	_	_	_	_	_
158-5	PST213	158	158	5	piccola	piccola	_	_	_	_	_	linguistic	_	none	_	_	_	_	_	_
158-6	PST213	158	158	6	sta	sta	_	_	_	_	_	linguistic	_	none	_	_	_	_	_	_
158-7	PST213	158	158	7	ancora	ancora	_	_	_	_	_	linguistic	_	none	_	_	_	_	_	_
158-8	PST213	158	158	8	con	con	_	_	_	_	_	linguistic	_	none	_	_	_	_	_	_
158-9	PST213	158	158	9	loro?	loro	_	_	_	_	_	linguistic	_	none	Intonation=Rising	End=384.935	_	_	_	_
159-0	PST050	159	159	0	allora	allora	_	_	_	_	_	linguistic	_	none	_	Begin=385.102	_	_	_	_
159-1	PST050	159	159	1	mia	mia	_	_	_	_	_	linguistic	_	none	_	_	_	_	_	_
159-2	PST050	159	159	2	sorella::	sorella	_	_	_	_	_	linguistic	_	none	_	_	6x2	_	_	_
159-3	PST050	159	159	3	è	è	_	_	_	_	_	linguistic	_	none	_	_	_	_	_	_
159-4	PST050	159	159	4	stat~	stat~	_	_	_	_	_	linguistic	_	none	Interrupted=Yes	_	_	_	_	_
159-5	PST050	159	159	5	la	la	_	_	_	_	_	linguistic	_	none	_	_	_	_	_	_
159-6	PST050	159	159	6	più	più	_	_	_	_	_	linguistic	_	none	_	_	_	_	_	_
159-7	PST050	159	159	7	grande	grande	_	_	_	_	_	linguistic	_	none	PauseAfter=Yes	_	_	_	_	_
159-8	PST050	159	159	8	(.)	(.)	_	_	_	_	_	shortpause	_	none	_	_	_	_	_	_
159-9	PST050	159	159	9	era	era	_	_	_	_	_	linguistic	_	none	_	_	_	_	_	_
159-10	PST050	159	159	10	qua:,	qua	_	_	_	_	_	linguistic	_	none	Intonation=WeaklyRising	End=389.394	2x1	_	_	_
160-0	PST213	160	160	0	sì:	sì	_	_	_	_	_	linguistic	_	none	_	Begin=389.394|End=389.709	1x1	_	_	_
161-0	PST050	161	161	0	perché	perché	_	_	_	_	_	linguistic	_	none	_	Begin=390.302	_	_	_	_
161-1	PST050	161	161	1	lei	lei	_	_	_	_	_	linguistic	_	none	_	_	_	_	_	_
161-2	PST050	161	161	2	quando	quando	_	_	_	_	_	linguistic	_	none	_	_	_	_	_	_
161-3	PST050	161	161	3	è	è	_	_	_	_	_	linguistic	_	none	_	_	_	_	_	_
161-4	PST050	161	161	4	venuta	venuta	_	_	_	_	_	linguistic	_	none	_	_	_	_	_	_
161-5	PST050	161	161	5	qua:,	qua	_	_	_	_	_	linguistic	_	none	Intonation=WeaklyRising	End=392.002	2x1	_	_	_
162-0	PST050	162	162	0	ehm	ehm	_	_	_	_	_	linguistic	_	none	_	Begin=392.884	_	_	_	_
162-1	PST050	162	162	1	non	non	_	_	_	_	_	linguistic	_	none	_	_	_	_	_	_
162-2	PST050	162	162	2	è	è	_	_	_	_	_	linguistic	_	none	_	_	_	_	_	_
162-3	PST050	162	162	3	venuta	venuta	_	_	_	_	_	linguistic	_	none	_	_	_	_	_	_
162-4	PST050	162	162	4	con	con	_	_	_	_	_	linguistic	_	none	_	_	_	_	_	_
162-5	PST050	162	162	5	l'	l'	_	_	_	_	_	linguistic	_	none	SpaceAfter=No	_	_	_	_	_
162-6	PST050	162	162	6	aereo	aereo	_	_	_	_	_	linguistic	_	none	_	_	_	_	_	_
162-7	PST050	162	162	7	pullman	pullman	_	_	_	_	_	linguistic	_	none	_	_	_	_	_	_
162-8	PST050	162	162	8	no	no	_	_	_	_	_	linguistic	_	none	_	_	_	_	_	_
162-9	PST050	162	162	9	è	è	_	_	_	_	_	linguistic	_	none	_	_	_	_	_	_
162-10	PST050	162	162	10	venuta::	venuta	_	_	_	_	_	linguistic	_	none	_	_	5x2	_	_	_
162-11	PST050	162	162	11	con	con	_	_	_	_	_	linguistic	_	none	_	End=396.793	_	_	_	_
163-0	PST050	163	163	0	quand~	quand~	_	_	_	_	_	linguistic	_	none	Interrupted=Yes	Begin=397.315	_	_	_	_
163-1	PST050	163	163	1	del	del	_	_	_	_	_	linguistic	_	none	_	_	_	_	_	_
163-2	PST050	163	163	2	novantanove?	novantanove	_	_	_	_	_	linguistic	_	none	Intonation=Rising	End=398.924	_	_	_	_
164-0	PST050	164	164	0	novantotto	novantotto	_	_	_	_	_	linguistic	_	none	_	Begin=399.402	_	_	_	_
164-1	PST050	164	164	1	è	è	_	_	_	_	_	linguistic	_	none	_	_	_	_	_	_
164-2	PST050	164	164	2	venuta?	venuta	_	_	_	_	_	linguistic	_	none	Intonation=Rising	End=400.779	_	_	_	_
165-0	PST050	165	165	0	che::::	che	_	_	_	_	_	linguistic	_	none	_	Begin=401.59	2x4	_	_	_
165-1	PST050	165	165	1	m:h	mh	_	_	_	_	_	linguistic	_	none	_	End=402.992	0x1	_	_	_
166-0	PST050	166	166	0	si	si	_	_	_	_	_	linguistic	_	none	_	Begin=404.615	_	_	_	_
166-1	PST050	166	166	1	poteva	poteva	_	_	_	_	_	linguistic	_	none	_	_	_	_	_	_
166-2	PST050	166	166	2	passare	passare	_	_	_	_	_	linguistic	_	none	_	_	_	_	_	_
166-3	PST050	166	166	3	o	o	_	_	_	_	_	linguistic	_	none	_	_	_	_	_	_
166-4	PST050	166	166	4	con	con	_	_	_	_	_	linguistic	_	none	_	_	_	_	_	_
166-5	PST050	166	166	5	passaporto,	passaporto	_	_	_	_	_	linguistic	_	none	Intonation=WeaklyRising	End=407.034	_	_	_	_
167-0	PST050	167	167	0	o:	o	_	_	_	_	_	linguistic	_	none	_	Begin=408.059	0x1	_	_	_
167-1	PST050	167	167	1	però	però	_	_	_	_	_	linguistic	_	none	_	_	_	_	_	_
167-2	PST050	167	167	2	dovevi	dovevi	_	_	_	_	_	linguistic	_	none	_	_	_	_	_	_
167-3	PST050	167	167	3	stare	stare	_	_	_	_	_	linguistic	_	none	_	_	_	_	_	_
167-4	PST050	167	167	4	tre	tre	_	_	_	_	_	linguistic	_	none	_	_	_	_	_	_
167-5	PST050	167	167	5	mesi	mesi	_	_	_	_	_	linguistic	_	none	_	_	_	_	_	_
167-6	PST050	167	167	6	o	o	_	_	_	_	_	linguistic	_	none	_	_	_	_	_	_
167-7	PST050	167	167	7	sei	sei	_	_	_	_	_	linguistic	_	none	_	_	_	_	_	_
167-8	PST050	167	167	8	[mesi].	mesi	_	_	_	_	_	linguistic	_	none	Intonation=Falling	End=411.211	_	_	_	0-4(29)
168-0	PST212	168	168	0	[m]:h	mh	_	_	_	_	_	linguistic	_	none	_	Begin=410.99|End=411.309	0x1	_	_	0-1(29)
169-0	PST050	169	169	0	però	però	_	_	_	_	_	linguistic	_	none	_	Begin=412.302	_	_	_	_
169-1	PST050	169	169	1	lei	lei	_	_	_	_	_	linguistic	_	none	_	_	_	_	_	_
169-2	PST050	169	169	2	c~	c~	_	_	_	_	_	linguistic	_	none	Interrupted=Yes	_	_	_	_	_
169-3	PST050	169	169	3	con	con	_	_	_	_	_	linguistic	_	none	_	_	_	_	_	_
169-4	PST050	169	169	4	chi	chi	_	_	_	_	_	linguistic	_	none	_	_	_	_	_	_
169-5	PST050	169	169	5	è	è	_	_	_	_	_	linguistic	_	none	_	_	_	_	_	_
169-6	PST050	169	169	6	venuta	venuta	_	_	_	_	_	linguistic	_	none	_	_	_	_	_	_
169-7	PST050	169	169	7	è	è	_	_	_	_	_	linguistic	_	none	_	_	_	_	_	_
169-8	PST050	169	169	8	venuta:,	venuta	_	_	_	_	_	linguistic	_	none	Intonation=WeaklyRising	End=415.095	5x1	_	_	_
170-0	PST212	170	170	0	((ride))	((ride))	_	_	_	_	_	nonverbalbehavior	_	none	_	Begin=415.284|End=415.702	_	_	_	_
171-0	PST050	171	171	0	in::	in	_	_	_	_	_	linguistic	_	none	_	Begin=415.915	1x2	_	_	_
171-1	PST050	171	171	1	nel	nel	_	_	_	_	_	linguistic	_	none	_	_	_	_	_	_
171-2	PST050	171	171	2	f:~	f~	_	_	_	_	_	linguistic	_	none	Interrupted=Yes	_	0x1	_	_	_
171-3	PST050	171	171	3	mh	mh	_	_	_	_	_	linguistic	_	none	_	_	_	_	_	_
171-4	PST050	171	171	4	nel	nel	_	_	_	_	_	linguistic	_	none	_	_	_	_	_	_
171-5	PST050	171	171	5	tir	tir	_	_	_	_	_	linguistic	_	none	_	_	_	_	_	_
171-6	PST050	171	171	6	come	come	_	_	_	_	_	linguistic	_	none	_	_	_	_	_	_
171-7	PST050	171	171	7	si	si	_	_	_	_	_	linguistic	_	none	_	_	_	_	_	_
171-8	PST050	171	171	8	de~	de~	_	_	_	_	_	linguistic	_	none	Interrupted=Yes	_	_	_	_	_
171-9	PST050	171	171	9	e[:hm]	ehm	_	_	_	_	_	linguistic	_	none	_	End=418.777	0x1	_	_	1-3(141)
172-0	PST213	172	172	0	[e:h	eh	_	_	_	_	_	linguistic	_	none	_	Begin=418.527	0x1	_	_	0-2(141)
172-1	PST213	172	172	1	s:ì	sì	_	_	_	_	_	linguistic	_	none	_	_	0x1	_	_	0-2(141)
172-2	PST213	172	172	2	nel	nel	_	_	_	_	_	linguistic	_	none	_	_	_	_	_	0-3(141)
172-3	PST213	172	172	3	ca]mion,	camion	_	_	_	_	_	linguistic	_	none	Intonation=WeaklyRising	End=419.623	_	_	_	0-2(141)
173-0	PST212	173	173	0	[okay].	okay	_	_	_	_	_	linguistic	_	none	Intonation=Falling	Begin=418.765|End=419.346	_	_	_	0-4(141)
174-0	PST050	174	174	0	nascosta?	nascosta	_	_	_	_	_	linguistic	_	none	Intonation=Rising	Begin=419.859|End=420.743	_	_	_	_
175-0	PST212	175	175	0	[okay]	okay	_	_	_	_	_	linguistic	_	none	_	Begin=420.846|End=421.771	_	_	_	0-4(30)
176-0	PST213	176	176	0	[o:h	oh	_	_	_	_	_	linguistic	_	none	_	Begin=421.302	0x1	_	_	0-2(30)
176-1	PST213	176	176	1	wo]:w	wow	_	_	_	_	_	linguistic	_	none	_	End=422.115	1x1	_	_	0-2(30)
177-0	PST050	177	177	0	nascosta	nascosta	_	_	_	_	_	linguistic	_	none	_	Begin=422.49	_	_	_	_
177-1	PST050	177	177	1	ma	ma	_	_	_	_	_	linguistic	_	none	_	_	_	_	_	_
177-2	PST050	177	177	2	non	non	_	_	_	_	_	linguistic	_	none	_	_	_	_	_	_
177-3	PST050	177	177	3	solo	solo	_	_	_	_	_	linguistic	_	none	_	_	_	_	_	_
177-4	PST050	177	177	4	lei	lei	_	_	_	_	_	linguistic	_	none	_	_	_	_	_	_
177-5	PST050	177	177	5	con	con	_	_	_	_	_	linguistic	_	none	_	_	_	_	_	_
177-6	PST050	177	177	6	la	la	_	_	_	_	_	linguistic	_	none	_	_	_	_	_	_
177-7	PST050	177	177	7	vicina	vicina	_	_	_	_	_	linguistic	_	none	_	_	_	_	_	_
177-8	PST050	177	177	8	di	di	_	_	_	_	_	linguistic	_	none	_	_	_	_	_	_
177-9	PST050	177	177	9	casa,	casa	_	_	_	_	_	linguistic	_	none	Intonation=WeaklyRising	End=425.673	_	_	_	_
178-0	PST213	178	178	0	okay	okay	_	_	_	_	_	linguistic	_	none	_	Begin=425.677|End=426.527	_	_	_	_
179-0	PST050	179	179	0	che	che	_	_	_	_	_	linguistic	_	none	_	Begin=426.69	_	_	_	_
179-1	PST050	179	179	1	ha	ha	_	_	_	_	_	linguistic	_	none	_	_	_	_	_	_
179-2	PST050	179	179	2	superato	superato	_	_	_	_	_	linguistic	_	none	_	_	_	_	_	_
179-3	PST050	179	179	3	la	la	_	_	_	_	_	linguistic	_	none	_	_	_	_	_	_
179-4	PST050	179	179	4	frontiere?	frontiere	_	_	_	_	_	linguistic	_	none	Intonation=Rising	End=428.586	_	_	_	_
180-0	PST213	180	180	0	ah	ah	_	_	_	_	_	linguistic	_	none	_	Begin=428.84	_	_	_	_
180-1	PST213	180	180	1	a:h	ah	_	_	_	_	_	linguistic	_	none	_	End=429.227	0x1	_	_	_
181-0	PST050	181	181	0	che	che	_	_	_	_	_	linguistic	_	none	_	Begin=429.784	_	_	_	_
181-1	PST050	181	181	1	è	è	_	_	_	_	_	linguistic	_	none	_	_	_	_	_	_
181-2	PST050	181	181	2	venuta	venuta	_	_	_	_	_	linguistic	_	none	_	_	_	_	_	_
181-3	PST050	181	181	3	qua::	qua	_	_	_	_	_	linguistic	_	none	_	_	2x2	_	_	_
181-4	PST050	181	181	4	è	è	_	_	_	_	_	linguistic	_	none	_	_	_	_	_	_
181-5	PST050	181	181	5	stata	stata	_	_	_	_	_	linguistic	_	none	_	_	_	_	_	_
181-6	PST050	181	181	6	qua	qua	_	_	_	_	_	linguistic	_	none	_	_	_	_	_	_
181-7	PST050	181	181	7	tre	tre	_	_	_	_	_	linguistic	_	none	_	_	_	_	_	_
181-8	PST050	181	181	8	mesi	mesi	_	_	_	_	_	linguistic	_	none	_	_	_	_	_	_
181-9	PST050	181	181	9	sei	sei	_	_	_	_	_	linguistic	_	none	_	_	_	_	_	_
181-10	PST050	181	181	10	mesi	mesi	_	_	_	_	_	linguistic	_	none	_	_	_	_	_	_
181-11	PST050	181	181	11	ha	ha	_	_	_	_	_	linguistic	_	none	_	_	_	_	_	_
181-12	PST050	181	181	12	superato	superato	_	_	_	_	_	linguistic	_	none	_	_	_	_	_	_
181-13	PST050	181	181	13	che	che	_	_	_	_	_	linguistic	_	none	_	_	_	_	_	_
181-14	PST050	181	181	14	aveva	aveva	_	_	_	_	_	linguistic	_	none	_	_	_	_	_	_
181-15	PST050	181	181	15	paura	paura	_	_	_	_	_	linguistic	_	none	_	_	_	_	_	_
181-16	PST050	181	181	16	che	che	_	_	_	_	_	linguistic	_	none	_	_	_	_	_	_
181-17	PST050	181	181	17	erano	erano	_	_	_	_	_	linguistic	_	none	_	_	_	_	_	_
181-18	PST050	181	181	18	dei	dei	_	_	_	_	_	linguistic	_	none	_	_	_	_	_	_
181-19	PST050	181	181	19	controlli?	controlli	_	_	_	_	_	linguistic	_	none	Intonation=Rising	End=436.002	_	_	_	_
182-0	PST213	182	182	0	[certo].	certo	_	_	_	_	_	linguistic	_	none	Intonation=Falling	Begin=436.159|End=436.777	_	_	_	0-5(31)
183-0	PST212	183	183	0	[e:h	eh	_	_	_	_	_	linguistic	_	none	_	Begin=436.171	0x1	_	_	0-2(31)
183-1	PST212	183	183	1	sì:]	sì	_	_	_	_	_	linguistic	_	none	_	End=436.784	1x1	_	_	0-2(31)
184-0	PST050	184	184	0	però	però	_	_	_	_	_	linguistic	_	none	_	Begin=436.959	_	_	_	_
184-1	PST050	184	184	1	non	non	_	_	_	_	_	linguistic	_	none	_	_	_	_	_	_
184-2	PST050	184	184	2	l'	l'	_	_	_	_	_	linguistic	_	none	SpaceAfter=No	_	_	_	_	_
184-3	PST050	184	184	3	hanno:::	hanno	_	_	_	_	_	linguistic	_	none	_	_	4x3	_	_	_
184-4	PST050	184	184	4	non	non	_	_	_	_	_	linguistic	_	none	_	_	_	_	_	_
184-5	PST050	184	184	5	l'	l'	_	_	_	_	_	linguistic	_	none	SpaceAfter=No	_	_	_	_	_
184-6	PST050	184	184	6	hanno	hanno	_	_	_	_	_	linguistic	_	none	_	_	_	_	_	_
184-7	PST050	184	184	7	trovata	trovata	_	_	_	_	_	linguistic	_	none	_	_	_	_	_	_
184-8	PST050	184	184	8	non::	non	_	_	_	_	_	linguistic	_	none	PauseAfter=Yes	_	2x2	_	_	_
184-9	PST050	184	184	9	(.)	(.)	_	_	_	_	_	shortpause	_	none	_	_	_	_	_	_
184-10	PST050	184	184	10	poi	poi	_	_	_	_	_	linguistic	_	none	_	_	_	_	_	_
184-11	PST050	184	184	11	lei	lei	_	_	_	_	_	linguistic	_	none	_	_	_	_	_	_
184-12	PST050	184	184	12	piano	piano	_	_	_	_	_	linguistic	_	none	_	_	_	_	_	_
184-13	PST050	184	184	13	piano?	piano	_	_	_	_	_	linguistic	_	none	Intonation=Rising	End=442.117	_	_	_	_
185-0	PST050	185	185	0	è	è	_	_	_	_	_	linguistic	_	none	_	Begin=442.196	_	_	_	_
185-1	PST050	185	185	1	venuta	venuta	_	_	_	_	_	linguistic	_	none	_	_	_	_	_	_
185-2	PST050	185	185	2	qua::	qua	_	_	_	_	_	linguistic	_	none	_	_	2x2	_	_	_
185-3	PST050	185	185	3	si	si	_	_	_	_	_	linguistic	_	none	_	_	_	_	_	_
185-4	PST050	185	185	4	è	è	_	_	_	_	_	linguistic	_	none	_	_	_	_	_	_
185-5	PST050	185	185	5	riuscita	riuscita	_	_	_	_	_	linguistic	_	none	_	_	_	_	_	_
185-6	PST050	185	185	6	a	a	_	_	_	_	_	linguistic	_	none	_	_	_	_	_	_
185-7	PST050	185	185	7	fare	fare	_	_	_	_	_	linguistic	_	none	_	_	_	_	_	_
185-8	PST050	185	185	8	i	i	_	_	_	_	_	linguistic	_	none	_	_	_	_	_	_
185-9	PST050	185	185	9	documenti	documenti	_	_	_	_	_	linguistic	_	none	_	_	_	_	_	_
185-10	PST050	185	185	10	il	il	_	_	_	_	_	linguistic	_	none	_	_	_	_	_	_
185-11	PST050	185	185	11	permesso	permesso	_	_	_	_	_	linguistic	_	none	_	_	_	_	_	_
185-12	PST050	185	185	12	di	di	_	_	_	_	_	linguistic	_	none	_	_	_	_	_	_
185-13	PST050	185	185	13	soggiorno:,	soggiorno	_	_	_	_	_	linguistic	_	none	Intonation=WeaklyRising	End=446.607	8x1	_	_	_
186-0	PST213	186	186	0	ah	ah	_	_	_	_	_	linguistic	_	none	_	Begin=446.721	_	_	_	_
186-1	PST213	186	186	1	a[h]	ah	_	_	_	_	_	linguistic	_	none	_	End=447.065	_	_	_	1-2(32)
187-0	PST050	187	187	0	[s]ono	sono	_	_	_	_	_	linguistic	_	none	_	Begin=447.009	_	_	_	0-1(32)
187-1	PST050	187	187	1	stati::	stati	_	_	_	_	_	linguistic	_	none	_	_	4x2	_	_	_
187-2	PST050	187	187	2	una	una	_	_	_	_	_	linguistic	_	none	_	_	_	_	_	_
187-3	PST050	187	187	3	casa	casa	_	_	_	_	_	linguistic	_	none	_	_	_	_	_	_
187-4	PST050	187	187	4	insieme::	insieme	_	_	_	_	_	linguistic	_	none	_	_	6x2	_	_	_
187-5	PST050	187	187	5	vicina	vicina	_	_	_	_	_	linguistic	_	none	_	_	_	_	_	_
187-6	PST050	187	187	6	di	di	_	_	_	_	_	linguistic	_	none	_	_	_	_	_	_
187-7	PST050	187	187	7	casa	casa	_	_	_	_	_	linguistic	_	none	_	_	_	_	_	_
187-8	PST050	187	187	8	amiche	amiche	_	_	_	_	_	linguistic	_	none	_	_	_	_	_	_
187-9	PST050	187	187	9	che	che	_	_	_	_	_	linguistic	_	none	_	_	_	_	_	_
187-10	PST050	187	187	10	sono	sono	_	_	_	_	_	linguistic	_	none	_	_	_	_	_	_
187-11	PST050	187	187	11	cresciute	cresciute	_	_	_	_	_	linguistic	_	none	_	_	_	_	_	_
187-12	PST050	187	187	12	in[sie:me:]?	insieme	_	_	_	_	_	linguistic	_	none	Intonation=Rising	End=452.733	4x1,6x1	_	_	2-7(33)
188-0	PST213	188	188	0	[okay]	okay	_	_	_	_	_	linguistic	_	none	_	Begin=452.059|End=452.734	_	_	_	0-4(33)
189-0	PST050	189	189	0	spero	spero	_	_	_	_	_	linguistic	_	none	_	Begin=453.296	_	_	_	_
189-1	PST050	189	189	1	che	che	_	_	_	_	_	linguistic	_	none	_	_	_	_	_	_
189-2	PST050	189	189	2	mi	mi	_	_	_	_	_	linguistic	_	none	_	_	_	_	_	_
189-3	PST050	189	189	3	spiego	spiego	_	_	_	_	_	linguistic	_	none	_	_	_	_	_	_
189-4	PST050	189	189	4	bene	bene	_	_	_	_	_	linguistic	_	none	_	_	_	_	_	_
189-5	PST050	189	189	5	((ride))	((ride))	_	_	_	_	_	nonverbalbehavior	_	none	_	End=455.44	_	_	_	_
190-0	PST212	190	190	0	[sì	sì	_	_	_	_	_	linguistic	_	none	_	Begin=454.377	_	_	_	0-2(142)
190-1	PST212	190	190	1	sì	sì	_	_	_	_	_	linguistic	_	none	PauseAfter=Yes	_	_	_	_	0-2(142)
190-2	PST212	190	190	2	(.)	(.)	_	_	_	_	_	shortpause	_	none	_	_	_	_	_	_
190-3	PST212	190	190	3	finora	finora	_	_	_	_	_	linguistic	_	none	_	_	_	_	_	0-6(142)
190-4	PST212	190	190	4	sì]	sì	_	_	_	_	_	linguistic	_	none	_	End=455.952	_	_	_	0-2(142)
191-0	PST213	191	191	0	[sì	sì	_	_	_	_	_	linguistic	_	none	_	Begin=454.796	_	_	_	0-2(142)
191-1	PST213	191	191	1	sì	sì	_	_	_	_	_	linguistic	_	none	_	_	_	_	_	0-2(142)
191-2	PST213	191	191	2	no	no	_	_	_	_	_	linguistic	_	none	_	_	_	_	_	0-2(142)
191-3	PST213	191	191	3	ce:rto	certo	_	_	_	_	_	linguistic	_	none	_	_	1x1	_	_	0-5(142)
191-4	PST213	191	191	4	ce:rto].	certo	_	_	_	_	_	linguistic	_	none	Intonation=Falling	End=456.427	1x1	_	_	0-5(142)
192-0	PST050	192	192	0	((ai_figli))	((ai_figli))	_	_	_	_	_	nonverbalbehavior	_	none	_	Begin=456.502	_	_	_	_
192-1	PST050	192	192	1	dai	dai	_	_	_	_	_	linguistic	_	none	_	_	_	_	_	_
192-2	PST050	192	192	2	giocate	giocate	_	_	_	_	_	linguistic	_	none	_	_	_	_	_	_
192-3	PST050	192	192	3	un	un	_	_	_	_	_	linguistic	_	none	_	_	_	_	_	_
192-4	PST050	192	192	4	po'	po'	_	_	_	_	_	linguistic	_	none	_	End=457.677	_	_	_	_
193-0	??	193	193	0	n~	n~	_	_	_	_	_	linguistic	_	none	Interrupted=Yes	Begin=458.484	_	_	_	_
193-1	??	193	193	1	non	non	_	_	_	_	_	linguistic	_	none	_	_	_	_	_	_
193-2	??	193	193	2	non	non	_	_	_	_	_	linguistic	_	none	_	_	_	_	_	_
193-3	??	193	193	3	ho	ho	_	_	_	_	_	linguistic	_	none	_	_	_	_	_	_
193-4	??	193	193	4	capito	capito	_	_	_	_	_	linguistic	_	none	_	_	_	_	_	_
193-5	??	193	193	5	perché	perché	_	_	_	_	_	linguistic	_	none	_	_	_	_	_	_
193-6	??	193	193	6	ti	ti	_	_	_	_	_	linguistic	_	none	_	_	_	_	_	_
193-7	??	193	193	7	stanno	stanno	_	_	_	_	_	linguistic	_	none	_	_	_	_	_	_
193-8	??	193	193	8	registrando	registrando	_	_	_	_	_	linguistic	_	none	_	End=462.009	_	_	_	_
194-0	PST050	194	194	0	[sto	sto	_	_	_	_	_	linguistic	_	none	_	Begin=461.509	_	_	_	0-3(34)
194-1	PST050	194	194	1	racconta]ndo	raccontando	_	_	_	_	_	linguistic	_	none	_	_	_	_	_	0-8(34)
194-2	PST050	194	194	2	la	la	_	_	_	_	_	linguistic	_	none	_	_	_	_	_	_
194-3	PST050	194	194	3	storia	storia	_	_	_	_	_	linguistic	_	none	_	_	_	_	_	_
194-4	PST050	194	194	4	della	della	_	_	_	_	_	linguistic	_	none	_	_	_	_	_	_
194-5	PST050	194	194	5	mia	mia	_	_	_	_	_	linguistic	_	none	_	_	_	_	_	_
194-6	PST050	194	194	6	vita	vita	_	_	_	_	_	linguistic	_	none	_	_	_	_	_	_
194-7	PST050	194	194	7	((ride))	((ride))	_	_	_	_	_	nonverbalbehavior	_	none	_	End=465.049	_	_	_	_
195-0	PST213	195	195	0	((ride))	((ride))	_	_	_	_	_	nonverbalbehavior	_	none	_	Begin=463.44|End=465.052	_	_	_	_
196-0	PST213	196	196	0	volevamo	volevamo	_	_	_	_	_	linguistic	_	none	_	Begin=465.659	_	_	_	_
196-1	PST213	196	196	1	farti	farti	_	_	_	_	_	linguistic	_	none	_	_	_	_	_	_
196-2	PST213	196	196	2	qualche	qualche	_	_	_	_	_	linguistic	_	none	_	_	_	_	_	_
196-3	PST213	196	196	3	domanda	domanda	_	_	_	_	_	linguistic	_	none	_	_	_	_	_	_
196-4	PST213	196	196	4	su	su	_	_	_	_	_	linguistic	_	none	_	_	_	_	_	_
196-5	PST213	196	196	5	torino:	torino	_	_	_	_	_	linguistic	_	none	_	_	5x1	_	_	_
196-6	PST213	196	196	6	((ridendo))	((ridendo))	_	_	_	_	_	nonverbalbehavior	_	none	_	End=467.684	_	_	_	_
197-0	PST050	197	197	0	[su	su	_	_	_	_	_	linguistic	_	none	_	Begin=467.784	_	_	_	0-2(?)
197-1	PST050	197	197	1	tori:no]	torino	_	_	_	_	_	linguistic	_	none	_	_	3x1	_	_	0-6(?)
197-2	PST050	197	197	2	su::.	su	_	_	_	_	_	linguistic	_	none	Intonation=Falling	End=469.69	1x2	_	_	_
198-0	PST213	198	198	0	((ride))	((ride))	_	_	_	_	_	nonverbalbehavior	_	none	_	Begin=467.784|End=468.89	_	_	_	_
199-0	PST050	199	199	0	((ai_figli))	((ai_figli))	_	_	_	_	_	nonverbalbehavior	_	none	_	Begin=470.465	_	_	_	_
199-1	PST050	199	199	1	dai	dai	_	_	_	_	_	linguistic	_	none	_	_	_	_	_	_
199-2	PST050	199	199	2	andate	andate	_	_	_	_	_	linguistic	_	none	_	_	_	_	_	_
199-3	PST050	199	199	3	a	a	_	_	_	_	_	linguistic	_	none	_	_	_	_	_	_
199-4	PST050	199	199	4	giocare:,	giocare	_	_	_	_	_	linguistic	_	none	Intonation=WeaklyRising	End=471.759	6x1	_	_	_
200-0	PST050	200	200	0	((ai_figli))	((ai_figli))	_	_	_	_	_	nonverbalbehavior	_	none	_	Begin=472.465	_	_	_	_
200-1	PST050	200	200	1	dai	dai	_	_	_	_	_	linguistic	_	none	_	_	_	_	_	_
200-2	PST050	200	200	2	che	che	_	_	_	_	_	linguistic	_	none	_	_	_	_	_	_
200-3	PST050	200	200	3	poi	poi	_	_	_	_	_	linguistic	_	none	_	_	_	_	_	_
200-4	PST050	200	200	4	dobbiamo	dobbiamo	_	_	_	_	_	linguistic	_	none	_	_	_	_	_	_
200-5	PST050	200	200	5	andare	andare	_	_	_	_	_	linguistic	_	none	_	_	_	_	_	_
200-6	PST050	200	200	6	che	che	_	_	_	_	_	linguistic	_	none	_	_	_	_	_	_
200-7	PST050	200	200	7	poi	poi	_	_	_	_	_	linguistic	_	none	_	_	_	_	_	_
200-8	PST050	200	200	8	c'	c'	_	_	_	_	_	linguistic	_	none	SpaceAfter=No	_	_	_	_	_
200-9	PST050	200	200	9	è	è	_	_	_	_	_	linguistic	_	none	_	_	_	_	_	_
200-10	PST050	200	200	10	il	il	_	_	_	_	_	linguistic	_	none	_	_	_	_	_	_
200-11	PST050	200	200	11	nonno	nonno	_	_	_	_	_	linguistic	_	none	_	_	_	_	_	_
200-12	PST050	200	200	12	dai,	dai	_	_	_	_	_	linguistic	_	none	Intonation=WeaklyRising	End=474.636	_	_	_	_
201-0	??	201	201	0	ma	ma	_	_	_	_	_	linguistic	_	none	_	Begin=474.946	_	_	_	_
201-1	??	201	201	1	nostro?	nostro	_	_	_	_	_	linguistic	_	none	Intonation=Rising	End=475.84	_	_	_	_
202-0	PST050	202	202	0	n:~	n~	_	_	_	_	_	linguistic	_	none	Interrupted=Yes	Begin=476.665	0x1	_	_	_
202-1	PST050	202	202	1	no[stro]?	nostro	_	_	_	_	_	linguistic	_	none	Intonation=Rising	End=477.371	_	_	_	2-6(35)
203-0	??	203	203	0	[dov'	dov'	_	_	_	_	_	linguistic	_	none	SpaceAfter=No	Begin=477.046	_	_	_	0-4(35)
203-1	??	203	203	1	è]	è	_	_	_	_	_	linguistic	_	none	_	_	_	_	_	0-1(35)
203-2	??	203	203	2	il	il	_	_	_	_	_	linguistic	_	none	_	_	_	_	_	_
203-3	??	203	203	3	nonno	nonno	_	_	_	_	_	linguistic	_	none	_	_	_	_	_	_
203-4	??	203	203	4	mamma	mamma	_	_	_	_	_	linguistic	_	none	_	End=478.065	_	_	_	_
204-0	PST050	204	204	0	e::h	eh	_	_	_	_	_	linguistic	_	none	_	Begin=478.171	0x2	_	_	_
204-1	PST050	204	204	1	l'	l'	_	_	_	_	_	linguistic	_	none	SpaceAfter=No	_	_	_	_	_
204-2	PST050	204	204	2	ho	ho	_	_	_	_	_	linguistic	_	none	_	_	_	_	_	_
204-3	PST050	204	204	3	lasciato	lasciato	_	_	_	_	_	linguistic	_	none	_	_	_	_	_	_
204-4	PST050	204	204	4	in	in	_	_	_	_	_	linguistic	_	none	_	_	_	_	_	_
204-5	PST050	204	204	5	ma:cchina	macchina	_	_	_	_	_	linguistic	_	none	_	_	1x1	_	_	_
204-6	PST050	204	204	6	ha	ha	_	_	_	_	_	linguistic	_	none	_	_	_	_	_	_
204-7	PST050	204	204	7	detto	detto	_	_	_	_	_	linguistic	_	none	_	_	_	_	_	_
204-8	PST050	204	204	8	che	che	_	_	_	_	_	linguistic	_	none	_	_	_	_	_	_
204-9	PST050	204	204	9	viene	viene	_	_	_	_	_	linguistic	_	none	_	_	_	_	_	_
204-10	PST050	204	204	10	piano	piano	_	_	_	_	_	linguistic	_	none	_	_	_	_	_	_
204-11	PST050	204	204	11	pia:[no].	piano	_	_	_	_	_	linguistic	_	none	Intonation=Falling	End=481.316	2x1	_	_	3-5(?)
205-0	PST050	205	205	0	((ai_figli))	((ai_figli))	_	_	_	_	_	nonverbalbehavior	_	none	_	Begin=482.327	_	_	_	_
205-1	PST050	205	205	1	no	no	_	_	_	_	_	linguistic	_	none	_	_	_	_	_	_
205-2	PST050	205	205	2	no	no	_	_	_	_	_	linguistic	_	none	_	_	_	_	_	_
205-3	PST050	205	205	3	non	non	_	_	_	_	_	linguistic	_	none	_	_	_	_	_	_
205-4	PST050	205	205	4	andate	andate	_	_	_	_	_	linguistic	_	none	_	_	_	_	_	_
205-5	PST050	205	205	5	di	di	_	_	_	_	_	linguistic	_	none	_	_	_	_	_	_
205-6	PST050	205	205	6	là:	là	_	_	_	_	_	linguistic	_	none	PauseAfter=Yes	_	1x1	_	_	_
205-7	PST050	205	205	7	(.)	(.)	_	_	_	_	_	shortpause	_	none	_	_	_	_	_	_
205-8	PST050	205	205	8	stat[e	state	_	_	_	_	_	linguistic	_	none	_	_	_	_	_	4-5(?)
205-9	PST050	205	205	9	qua:]	qua	_	_	_	_	_	linguistic	_	none	_	End=484.759	2x1	_	_	0-3(?)
206-0	PST050	206	206	0	[okay	okay	_	_	_	_	_	linguistic	_	none	_	Begin=485.729	_	_	_	0-4(36)
206-1	PST050	206	206	1	stai]	stai	_	_	_	_	_	linguistic	_	none	_	_	_	_	_	0-4(36)
206-2	PST050	206	206	2	qua	qua	_	_	_	_	_	linguistic	_	none	_	_	_	_	_	_
206-3	PST050	206	206	3	con	con	_	_	_	_	_	linguistic	_	none	_	_	_	_	_	_
206-4	PST050	206	206	4	@ivan?	@ivan	_	_	_	_	_	anonymized	_	none	Intonation=Rising	End=487.444	_	_	_	_
207-0	??	207	207	0	anonim	anonim	_	_	_	_	_	linguistic	_	none	_	Begin=485.729|End=487.444	_	_	_	_
208-0	PST050	208	208	0	e::h	eh	_	_	_	_	_	linguistic	_	none	_	Begin=489.746|End=490.639	0x2	_	_	_
209-0	PST050	209	209	0	son	son	_	_	_	_	_	linguistic	_	none	_	Begin=490.815	_	_	_	_
209-1	PST050	209	209	1	rimasta?	rimasta	_	_	_	_	_	linguistic	_	none	Intonation=Rising	End=491.509	_	_	_	_
210-0	PST213	210	210	0	e:h	eh	_	_	_	_	_	linguistic	_	none	_	Begin=491.946	0x1	_	_	_
210-1	PST213	210	210	1	tua	tua	_	_	_	_	_	linguistic	_	none	_	_	_	_	_	_
210-2	PST213	210	210	2	sore:[lla	sorella	_	_	_	_	_	linguistic	_	none	_	_	3x1	_	_	4-7(143)
210-3	PST213	210	210	3	xxxxxxx	xxxxxxx	_	_	_	_	_	unknown	_	none	Syllables=7	_	_	_	_	0-7(143)
210-4	PST213	210	210	4	è	è	_	_	_	_	_	linguistic	_	none	_	_	_	_	_	0-1(143)
210-5	PST213	210	210	5	ri]masta	rimasta	_	_	_	_	_	linguistic	_	none	_	_	_	_	_	0-2(143)
210-6	PST213	210	210	6	là:?	là	_	_	_	_	_	linguistic	_	none	Intonation=Rising	End=496.327	1x1	_	_	_
211-0	PST212	211	211	0	[che	che	_	_	_	_	_	linguistic	_	none	_	Begin=492.884	_	_	_	0-3(143)
211-1	PST212	211	211	1	era	era	_	_	_	_	_	linguistic	_	none	_	_	_	_	_	0-3(143)
211-2	PST212	211	211	2	con	con	_	_	_	_	_	linguistic	_	none	_	_	_	_	_	0-3(143)
211-3	PST212	211	211	3	le	le	_	_	_	_	_	linguistic	_	none	_	_	_	_	_	0-2(143)
211-4	PST212	211	211	4	tue	tue	_	_	_	_	_	linguistic	_	none	_	_	_	_	_	0-3(143)
211-5	PST212	211	211	5	amiche]?	amiche	_	_	_	_	_	linguistic	_	none	Intonation=Rising	End=493.796	_	_	_	0-6(143)
212-0	PST050	212	212	0	[s:ì:	sì	_	_	_	_	_	linguistic	_	none	_	Begin=493.227	0x1,1x1	_	_	0-2(143)
212-1	PST050	212	212	1	poi	poi	_	_	_	_	_	linguistic	_	none	_	_	_	_	_	0-3(143)
212-2	PST050	212	212	2	sono	sono	_	_	_	_	_	linguistic	_	none	_	_	_	_	_	0-4(143)
212-3	PST050	212	212	3	stata	stata	_	_	_	_	_	linguistic	_	none	_	_	_	_	_	0-5(143)
212-4	PST050	212	212	4	e:	e	_	_	_	_	_	linguistic	_	none	_	_	0x1	_	_	0-1(143)
212-5	PST050	212	212	5	è	è	_	_	_	_	_	linguistic	_	none	_	_	_	_	_	0-1(143)
212-6	PST050	212	212	6	stata	stata	_	_	_	_	_	linguistic	_	none	_	_	_	_	_	0-5(143)
212-7	PST050	212	212	7	dura	dura	_	_	_	_	_	linguistic	_	none	_	_	_	_	_	0-4(143)
212-8	PST050	212	212	8	anche	anche	_	_	_	_	_	linguistic	_	none	_	_	_	_	_	0-5(143)
212-9	PST050	212	212	9	lì].	lì	_	_	_	_	_	linguistic	_	none	Intonation=Falling	End=495.721	_	_	_	0-2(143)
213-0	PST050	213	213	0	è	è	_	_	_	_	_	linguistic	_	none	_	Begin=496.927	_	_	_	_
213-1	PST050	213	213	1	rimasta	rimasta	_	_	_	_	_	linguistic	_	none	_	_	_	_	_	_
213-2	PST050	213	213	2	là::	là	_	_	_	_	_	linguistic	_	none	PauseAfter=Yes	_	1x2	_	_	_
213-3	PST050	213	213	3	(.)	(.)	_	_	_	_	_	shortpause	_	none	_	_	_	_	_	_
213-4	PST050	213	213	4	dopo:::	dopo	_	_	_	_	_	linguistic	_	none	_	End=499.859	3x3	_	_	_
214-0	PST050	214	214	0	tanto	tanto	_	_	_	_	_	linguistic	_	none	_	Begin=500.19	_	_	_	_
214-1	PST050	214	214	1	tempo	tempo	_	_	_	_	_	linguistic	_	none	_	_	_	_	_	_
214-2	PST050	214	214	2	che::	che	_	_	_	_	_	linguistic	_	none	_	_	2x2	_	_	_
214-3	PST050	214	214	3	ha	ha	_	_	_	_	_	linguistic	_	none	_	_	_	_	_	_
214-4	PST050	214	214	4	iniziato	iniziato	_	_	_	_	_	linguistic	_	none	_	_	_	_	_	_
214-5	PST050	214	214	5	anche	anche	_	_	_	_	_	linguistic	_	none	_	_	_	_	_	_
214-6	PST050	214	214	6	lei:	lei	_	_	_	_	_	linguistic	_	none	_	_	2x1	_	_	_
214-7	PST050	214	214	7	avere	avere	_	_	_	_	_	linguistic	_	none	_	_	_	_	_	_
214-8	PST050	214	214	8	vaca:nze	vacanze	_	_	_	_	_	linguistic	_	none	_	_	3x1	_	_	_
214-9	PST050	214	214	9	queste	queste	_	_	_	_	_	linguistic	_	none	_	_	_	_	_	_
214-10	PST050	214	214	10	cose	cose	_	_	_	_	_	linguistic	_	none	_	_	_	_	_	_
214-11	PST050	214	214	11	veniva	veniva	_	_	_	_	_	linguistic	_	none	_	_	_	_	_	_
214-12	PST050	214	214	12	in	in	_	_	_	_	_	linguistic	_	none	_	_	_	_	_	_
214-13	PST050	214	214	13	vacanza	vacanza	_	_	_	_	_	linguistic	_	none	_	_	_	_	_	_
214-14	PST050	214	214	14	le	le	_	_	_	_	_	linguistic	_	none	_	_	_	_	_	_
214-15	PST050	214	214	15	è	è	_	_	_	_	_	linguistic	_	none	_	_	_	_	_	_
214-16	PST050	214	214	16	piaciuto	piaciuto	_	_	_	_	_	linguistic	_	none	_	_	_	_	_	_
214-17	PST050	214	214	17	anche	anche	_	_	_	_	_	linguistic	_	none	_	_	_	_	_	_
214-18	PST050	214	214	18	lei	lei	_	_	_	_	_	linguistic	_	none	_	_	_	_	_	_
214-19	PST050	214	214	19	andava	andava	_	_	_	_	_	linguistic	_	none	_	_	_	_	_	_
214-20	PST050	214	214	20	ehm	ehm	_	_	_	_	_	linguistic	_	none	PauseAfter=Yes	_	_	_	_	_
214-21	PST050	214	214	21	(.)	(.)	_	_	_	_	_	shortpause	_	none	_	_	_	_	_	_
214-22	PST050	214	214	22	stava	stava	_	_	_	_	_	linguistic	_	none	_	_	_	_	_	_
214-23	PST050	214	214	23	un	un	_	_	_	_	_	linguistic	_	none	_	_	_	_	_	_
214-24	PST050	214	214	24	mese	mese	_	_	_	_	_	linguistic	_	none	_	_	_	_	_	_
214-25	PST050	214	214	25	due	due	_	_	_	_	_	linguistic	_	none	_	_	_	_	_	_
214-26	PST050	214	214	26	e	e	_	_	_	_	_	linguistic	_	none	_	_	_	_	_	_
214-27	PST050	214	214	27	ritornava.	ritornava	_	_	_	_	_	linguistic	_	none	Intonation=Falling	End=510.147	_	_	_	_
215-0	PST050	215	215	0	poi	poi	_	_	_	_	_	linguistic	_	none	_	Begin=510.771	_	_	_	_
215-1	PST050	215	215	1	ha	ha	_	_	_	_	_	linguistic	_	none	_	_	_	_	_	_
215-2	PST050	215	215	2	studia:to:	studiato	_	_	_	_	_	linguistic	_	none	_	_	5x1,7x1	_	_	_
215-3	PST050	215	215	3	ha	ha	_	_	_	_	_	linguistic	_	none	_	_	_	_	_	_
215-4	PST050	215	215	4	fatto	fatto	_	_	_	_	_	linguistic	_	none	_	_	_	_	_	_
215-5	PST050	215	215	5	l'	l'	_	_	_	_	_	linguistic	_	none	SpaceAfter=No	_	_	_	_	_
215-6	PST050	215	215	6	università	università	_	_	_	_	_	linguistic	_	none	_	_	_	_	_	_
215-7	PST050	215	215	7	anche	anche	_	_	_	_	_	linguistic	_	none	_	_	_	_	_	_
215-8	PST050	215	215	8	lei	lei	_	_	_	_	_	linguistic	_	none	_	_	_	_	_	_
215-9	PST050	215	215	9	là:?	là	_	_	_	_	_	linguistic	_	none	Intonation=Rising	End=514.159	1x1	_	_	_
216-0	PST050	216	216	0	la	la	_	_	_	_	_	linguistic	_	none	_	Begin=514.99	_	_	_	_
216-1	PST050	216	216	1	scuola	scuola	_	_	_	_	_	linguistic	_	none	_	_	_	_	_	_
216-2	PST050	216	216	2	ha	ha	_	_	_	_	_	linguistic	_	none	_	_	_	_	_	_
216-3	PST050	216	216	3	finito,	finito	_	_	_	_	_	linguistic	_	none	Intonation=WeaklyRising	End=516.189	_	_	_	_
217-0	PST050	217	217	0	e	e	_	_	_	_	_	linguistic	_	none	_	Begin=517.427	_	_	_	_
217-1	PST050	217	217	1	poi::	poi	_	_	_	_	_	linguistic	_	none	_	_	2x2	_	_	_
217-2	PST050	217	217	2	mia	mia	_	_	_	_	_	linguistic	_	none	_	_	_	_	_	_
217-3	PST050	217	217	3	sorella	sorella	_	_	_	_	_	linguistic	_	none	_	_	_	_	_	_
217-4	PST050	217	217	4	con	con	_	_	_	_	_	linguistic	_	none	_	_	_	_	_	_
217-5	PST050	217	217	5	il	il	_	_	_	_	_	linguistic	_	none	_	_	_	_	_	_
217-6	PST050	217	217	6	tempo	tempo	_	_	_	_	_	linguistic	_	none	_	_	_	_	_	_
217-7	PST050	217	217	7	con	con	_	_	_	_	_	linguistic	_	none	_	_	_	_	_	_
217-8	PST050	217	217	8	passare	passare	_	_	_	_	_	linguistic	_	none	_	_	_	_	_	_
217-9	PST050	217	217	9	degli	degli	_	_	_	_	_	linguistic	_	none	_	_	_	_	_	_
217-10	PST050	217	217	10	anni	anni	_	_	_	_	_	linguistic	_	none	_	_	_	_	_	_
217-11	PST050	217	217	11	lei	lei	_	_	_	_	_	linguistic	_	none	_	_	_	_	_	_
217-12	PST050	217	217	12	ha	ha	_	_	_	_	_	linguistic	_	none	_	_	_	_	_	_
217-13	PST050	217	217	13	trovato	trovato	_	_	_	_	_	linguistic	_	none	_	_	_	_	_	_
217-14	PST050	217	217	14	eh	eh	_	_	_	_	_	linguistic	_	none	_	_	_	_	_	_
217-15	PST050	217	217	15	ha	ha	_	_	_	_	_	linguistic	_	none	_	_	_	_	_	_
217-16	PST050	217	217	16	lavorato	lavorato	_	_	_	_	_	linguistic	_	none	_	_	_	_	_	_
217-17	PST050	217	217	17	fissa?	fissa	_	_	_	_	_	linguistic	_	none	Intonation=Rising	End=523.664	_	_	_	_
218-0	PST050	218	218	0	ha	ha	_	_	_	_	_	linguistic	_	none	_	Begin=524.265	_	_	_	_
218-1	PST050	218	218	1	guardato	guardato	_	_	_	_	_	linguistic	_	none	_	_	_	_	_	_
218-2	PST050	218	218	2	e::hm	ehm	_	_	_	_	_	linguistic	_	none	_	_	0x2	_	_	_
218-3	PST050	218	218	3	una	una	_	_	_	_	_	linguistic	_	none	_	_	_	_	_	_
218-4	PST050	218	218	4	famiglia	famiglia	_	_	_	_	_	linguistic	_	none	_	_	_	_	_	_
218-5	PST050	218	218	5	anziana,	anziana	_	_	_	_	_	linguistic	_	none	Intonation=WeaklyRising	End=526.593	_	_	_	_
219-0	PST050	219	219	0	e::h	eh	_	_	_	_	_	linguistic	_	none	_	Begin=527.99	0x2	_	_	_
219-1	PST050	219	219	1	anche	anche	_	_	_	_	_	linguistic	_	none	_	_	_	_	_	_
219-2	PST050	219	219	2	alla	alla	_	_	_	_	_	linguistic	_	none	_	_	_	_	_	_
219-3	PST050	219	219	3	figlia:	figlia	_	_	_	_	_	linguistic	_	none	_	_	5x1	_	_	_
219-4	PST050	219	219	4	perché	perché	_	_	_	_	_	linguistic	_	none	_	_	_	_	_	_
219-5	PST050	219	219	5	è	è	_	_	_	_	_	linguistic	_	none	_	_	_	_	_	_
219-6	PST050	219	219	6	ancora	ancora	_	_	_	_	_	linguistic	_	none	_	_	_	_	_	_
219-7	PST050	219	219	7	in	in	_	_	_	_	_	linguistic	_	none	_	_	_	_	_	_
219-8	PST050	219	219	8	contatto	contatto	_	_	_	_	_	linguistic	_	none	_	_	_	_	_	_
219-9	PST050	219	219	9	con	con	_	_	_	_	_	linguistic	_	none	_	_	_	_	_	_
219-10	PST050	219	219	10	la	la	_	_	_	_	_	linguistic	_	none	_	_	_	_	_	_
219-11	PST050	219	219	11	figlia	figlia	_	_	_	_	_	linguistic	_	none	_	_	_	_	_	_
219-12	PST050	219	219	12	non	non	_	_	_	_	_	linguistic	_	none	_	_	_	_	_	_
219-13	PST050	219	219	13	avendone	avendone	_	_	_	_	_	linguistic	_	none	_	_	_	_	_	_
219-14	PST050	219	219	14	figli,	figli	_	_	_	_	_	linguistic	_	none	Intonation=WeaklyRising	End=533.406	_	_	_	_
220-0	PST050	220	220	0	e	e	_	_	_	_	_	linguistic	_	none	_	Begin=534.277	_	_	_	_
220-1	PST050	220	220	1	poi	poi	_	_	_	_	_	linguistic	_	none	_	_	_	_	_	_
220-2	PST050	220	220	2	piano	piano	_	_	_	_	_	linguistic	_	none	_	_	_	_	_	_
220-3	PST050	220	220	3	piano::	piano	_	_	_	_	_	linguistic	_	none	PauseAfter=Yes	_	4x2	_	_	_
220-4	PST050	220	220	4	(.)	(.)	_	_	_	_	_	shortpause	_	none	_	_	_	_	_	_
220-5	PST050	220	220	5	lavorando	lavorando	_	_	_	_	_	linguistic	_	none	_	_	_	_	_	_
220-6	PST050	220	220	6	là:,	là	_	_	_	_	_	linguistic	_	none	Intonation=WeaklyRising	End=537.557	1x1	_	_	_
221-0	PST050	221	221	0	fissa	fissa	_	_	_	_	_	linguistic	_	none	_	Begin=537.896	_	_	_	_
221-1	PST050	221	221	1	faceva	faceva	_	_	_	_	_	linguistic	_	none	_	_	_	_	_	_
221-2	PST050	221	221	2	pure	pure	_	_	_	_	_	linguistic	_	none	_	_	_	_	_	_
221-3	PST050	221	221	3	le	le	_	_	_	_	_	linguistic	_	none	_	_	_	_	_	_
221-4	PST050	221	221	4	ore,	ore	_	_	_	_	_	linguistic	_	none	Intonation=WeaklyRising	End=539.812	_	_	_	_
222-0	PST050	222	222	0	per	per	_	_	_	_	_	linguistic	_	none	_	Begin=540.352	_	_	_	_
222-1	PST050	222	222	1	guadagnare	guadagnare	_	_	_	_	_	linguistic	_	none	_	_	_	_	_	_
222-2	PST050	222	222	2	un	un	_	_	_	_	_	linguistic	_	none	_	_	_	_	_	_
222-3	PST050	222	222	3	po':	po'	_	_	_	_	_	linguistic	_	none	_	_	1x1	_	_	_
222-4	PST050	222	222	4	anche	anche	_	_	_	_	_	linguistic	_	none	_	_	_	_	_	_
222-5	PST050	222	222	5	quello	quello	_	_	_	_	_	linguistic	_	none	_	_	_	_	_	_
222-6	PST050	222	222	6	ci	ci	_	_	_	_	_	linguistic	_	none	_	_	_	_	_	_
222-7	PST050	222	222	7	mandava	mandava	_	_	_	_	_	linguistic	_	none	_	_	_	_	_	_
222-8	PST050	222	222	8	[quello	quello	_	_	_	_	_	linguistic	_	none	_	_	_	_	_	0-6(?)
222-9	PST050	222	222	9	che	che	_	_	_	_	_	linguistic	_	none	_	_	_	_	_	0-3(?)
222-10	PST050	222	222	10	guadagnava],	guadagnava	_	_	_	_	_	linguistic	_	none	Intonation=WeaklyRising	End=544.018	_	_	_	0-10(?)
223-0	PST050	223	223	0	((al_figlio))	((al_figlio))	_	_	_	_	_	nonverbalbehavior	_	none	_	Begin=544.952	_	_	_	_
223-1	PST050	223	223	1	vai	vai	_	_	_	_	_	linguistic	_	none	_	_	_	_	_	_
223-2	PST050	223	223	2	a	a	_	_	_	_	_	linguistic	_	none	_	_	_	_	_	_
223-3	PST050	223	223	3	giocare,	giocare	_	_	_	_	_	linguistic	_	none	Intonation=WeaklyRising	End=545.759	_	_	_	_
224-0	PST213	224	224	0	((ride))	((ride))	_	_	_	_	_	nonverbalbehavior	_	none	_	Begin=545.89|End=546.44	_	_	_	_
225-0	PST050	225	225	0	e::hm::	ehm	_	_	_	_	_	linguistic	_	none	_	Begin=546.777|End=547.659	0x2,2x2	_	_	_
226-0	PST050	226	226	0	poi::	poi	_	_	_	_	_	linguistic	_	none	PauseAfter=Yes	Begin=548.277	2x2	_	_	_
226-1	PST050	226	226	1	(.)	(.)	_	_	_	_	_	shortpause	_	none	_	_	_	_	_	_
226-2	PST050	226	226	2	quando	quando	_	_	_	_	_	linguistic	_	none	_	_	_	_	_	_
226-3	PST050	226	226	3	c'	c'	_	_	_	_	_	linguistic	_	none	SpaceAfter=No	_	_	_	_	_
226-4	PST050	226	226	4	era	era	_	_	_	_	_	linguistic	_	none	_	_	_	_	_	_
226-5	PST050	226	226	5	da	da	_	_	_	_	_	linguistic	_	none	_	_	_	_	_	_
226-6	PST050	226	226	6	di	di	_	_	_	_	_	linguistic	_	none	_	_	_	_	_	_
226-7	PST050	226	226	7	fare	fare	_	_	_	_	_	linguistic	_	none	_	_	_	_	_	_
226-8	PST050	226	226	8	pacchi	pacchi	_	_	_	_	_	linguistic	_	none	_	_	_	_	_	_
226-9	PST050	226	226	9	tipo::	tipo	_	_	_	_	_	linguistic	_	none	_	_	3x2	_	_	_
226-10	PST050	226	226	10	natale	natale	_	_	_	_	_	linguistic	_	none	_	_	_	_	_	_
226-11	PST050	226	226	11	pasqua,	pasqua	_	_	_	_	_	linguistic	_	none	Intonation=WeaklyRising	End=553.262	_	_	_	_
227-0	PST213	227	227	0	ah	ah	_	_	_	_	_	linguistic	_	none	_	Begin=553.262	_	_	_	_
227-1	PST213	227	227	1	a:h	ah	_	_	_	_	_	linguistic	_	none	_	End=553.671	0x1	_	_	_
228-0	PST050	228	228	0	lei:	lei	_	_	_	_	_	linguistic	_	none	_	Begin=553.921	2x1	_	_	_
228-1	PST050	228	228	1	guad~	guad~	_	_	_	_	_	linguistic	_	none	Interrupted=Yes	_	_	_	_	_
228-2	PST050	228	228	2	quello	quello	_	_	_	_	_	linguistic	_	none	_	_	_	_	_	_
228-3	PST050	228	228	3	che	che	_	_	_	_	_	linguistic	_	none	_	_	_	_	_	_
228-4	PST050	228	228	4	guadagnava	guadagnava	_	_	_	_	_	linguistic	_	none	_	_	_	_	_	_
228-5	PST050	228	228	5	ci	ci	_	_	_	_	_	linguistic	_	none	_	_	_	_	_	_
228-6	PST050	228	228	6	metteva	metteva	_	_	_	_	_	linguistic	_	none	_	_	_	_	_	_
228-7	PST050	228	228	7	un	un	_	_	_	_	_	linguistic	_	none	_	_	_	_	_	_
228-8	PST050	228	228	8	po'	po'	_	_	_	_	_	linguistic	_	none	_	_	_	_	_	_
228-9	PST050	228	228	9	di	di	_	_	_	_	_	linguistic	_	none	_	_	_	_	_	_
228-10	PST050	228	228	10	a	a	_	_	_	_	_	linguistic	_	none	_	_	_	_	_	_
228-11	PST050	228	228	11	par[te]?	parte	_	_	_	_	_	linguistic	_	none	Intonation=Rising	End=557.965	_	_	_	3-5(37)
229-0	PST212	229	229	0	[a]h	ah	_	_	_	_	_	linguistic	_	none	_	Begin=557.796|End=558.165	_	_	_	0-1(37)
230-0	PST050	230	230	0	per	per	_	_	_	_	_	linguistic	_	none	_	Begin=558.602	_	_	_	_
230-1	PST050	230	230	1	mandarci	mandarci	_	_	_	_	_	linguistic	_	none	_	_	_	_	_	_
230-2	PST050	230	230	2	a	a	_	_	_	_	_	linguistic	_	none	_	_	_	_	_	_
230-3	PST050	230	230	3	noi	noi	_	_	_	_	_	linguistic	_	none	PauseAfter=Yes	_	_	_	_	_
230-4	PST050	230	230	4	(.)	(.)	_	_	_	_	_	shortpause	_	none	_	_	_	_	_	_
230-5	PST050	230	230	5	per	per	_	_	_	_	_	linguistic	_	none	_	_	_	_	_	_
230-6	PST050	230	230	6	aiutare	aiutare	_	_	_	_	_	linguistic	_	none	_	_	_	_	_	_
230-7	PST050	230	230	7	mia	mia	_	_	_	_	_	linguistic	_	none	_	_	_	_	_	_
230-8	PST050	230	230	8	mamma,	mamma	_	_	_	_	_	linguistic	_	none	Intonation=WeaklyRising	End=561.476	_	_	_	_
231-0	PST050	231	231	0	mh	mh	_	_	_	_	_	linguistic	_	none	_	Begin=562.477	_	_	_	_
231-1	PST050	231	231	1	mh	mh	_	_	_	_	_	linguistic	_	none	_	_	_	_	_	_
231-2	PST050	231	231	2	mia	mia	_	_	_	_	_	linguistic	_	none	_	_	_	_	_	_
231-3	PST050	231	231	3	sorella	sorella	_	_	_	_	_	linguistic	_	none	_	_	_	_	_	_
231-4	PST050	231	231	4	no?	no	_	_	_	_	_	linguistic	_	none	Intonation=Rising	End=564.34	_	_	_	_
232-0	PST050	232	232	0	quando	quando	_	_	_	_	_	linguistic	_	none	_	Begin=565.14	_	_	_	_
232-1	PST050	232	232	1	ero	ero	_	_	_	_	_	linguistic	_	none	_	_	_	_	_	_
232-2	PST050	232	232	2	anch'	anch'	_	_	_	_	_	linguistic	_	none	SpaceAfter=No	_	_	_	_	_
232-3	PST050	232	232	3	io	io	_	_	_	_	_	linguistic	_	none	_	_	_	_	_	_
232-4	PST050	232	232	4	là:.	là	_	_	_	_	_	linguistic	_	none	Intonation=Falling	End=566.602	1x1	_	_	_
233-0	PST050	233	233	0	quando	quando	_	_	_	_	_	linguistic	_	none	_	Begin=566.971	_	_	_	_
233-1	PST050	233	233	1	è	è	_	_	_	_	_	linguistic	_	none	_	_	_	_	_	_
233-2	PST050	233	233	2	venuta	venuta	_	_	_	_	_	linguistic	_	none	_	_	_	_	_	_
233-3	PST050	233	233	3	a	a	_	_	_	_	_	linguistic	_	none	_	_	_	_	_	_
233-4	PST050	233	233	4	pri~	pri~	_	_	_	_	_	linguistic	_	none	Interrupted=Yes	_	_	_	_	_
233-5	PST050	233	233	5	mh	mh	_	_	_	_	_	linguistic	_	none	_	_	_	_	_	_
233-6	PST050	233	233	6	sì:	sì	_	_	_	_	_	linguistic	_	none	PauseAfter=Yes	_	1x1	_	_	_
233-7	PST050	233	233	7	(.)	(.)	_	_	_	_	_	shortpause	_	none	_	_	_	_	_	_
233-8	PST050	233	233	8	prima	prima	_	_	_	_	_	linguistic	_	none	_	_	_	_	_	_
233-9	PST050	233	233	9	di	di	_	_	_	_	_	linguistic	_	none	_	_	_	_	_	_
233-10	PST050	233	233	10	prendermi.	prendermi	_	_	_	_	_	linguistic	_	none	Intonation=Falling	End=569.646	_	_	_	_
234-0	PST212	234	234	0	s:ì:	sì	_	_	_	_	_	linguistic	_	none	_	Begin=569.702|End=570.034	0x1,1x1	_	_	_
235-0	PST050	235	235	0	s~	s~	_	_	_	_	_	linguistic	_	none	Interrupted=Yes	Begin=570.84	_	_	_	_
235-1	PST050	235	235	1	sì	sì	_	_	_	_	_	linguistic	_	none	_	_	_	_	_	_
235-2	PST050	235	235	2	ho	ho	_	_	_	_	_	linguistic	_	none	_	_	_	_	_	_
235-3	PST050	235	235	3	fatto	fatto	_	_	_	_	_	linguistic	_	none	_	_	_	_	_	_
235-4	PST050	235	235	4	un	un	_	_	_	_	_	linguistic	_	none	_	_	_	_	_	_
235-5	PST050	235	235	5	po'::	po'	_	_	_	_	_	linguistic	_	none	_	_	1x2	_	_	_
235-6	PST050	235	235	6	[non	non	_	_	_	_	_	linguistic	_	none	_	_	_	_	_	0-3(144)
235-7	PST050	235	235	7	so	so	_	_	_	_	_	linguistic	_	none	_	_	_	_	_	0-2(144)
235-8	PST050	235	235	8	se	se	_	_	_	_	_	linguistic	_	none	_	_	_	_	_	0-2(144)
235-9	PST050	235	235	9	mi	mi	_	_	_	_	_	linguistic	_	none	_	_	_	_	_	0-2(144)
235-10	PST050	235	235	10	spiego	spiego	_	_	_	_	_	linguistic	_	none	_	_	_	_	_	0-6(144)
235-11	PST050	235	235	11	bene]?	bene	_	_	_	_	_	linguistic	_	none	Intonation=Rising	End=573.637	_	_	_	0-4(144)
236-0	PST213	236	236	0	((ride))	((ride))	_	_	_	_	_	nonverbalbehavior	_	none	_	Begin=572.284|End=573.19	_	_	_	_
237-0	PST212	237	237	0	[sì	sì	_	_	_	_	_	linguistic	_	none	_	Begin=572.865	_	_	_	0-2(?)
237-1	PST212	237	237	1	s]:ì:	sì	_	_	_	_	_	linguistic	_	none	_	_	0x1,1x1	_	_	0-1(?)
237-2	PST212	237	237	2	[(.)]	.	_	_	_	_	_	error	_	none	_	_	_	_	_	_
237-3	PST212	237	237	3	(questo)	questo	_	_	_	_	_	linguistic	_	none	_	_	_	_	0-6(0)	_
237-4	PST212	237	237	4	tu	tu	_	_	_	_	_	linguistic	_	none	_	_	_	_	_	_
237-5	PST212	237	237	5	stai	stai	_	_	_	_	_	linguistic	_	none	_	_	_	_	_	_
237-6	PST212	237	237	6	parlando	parlando	_	_	_	_	_	linguistic	_	none	_	_	_	_	_	_
237-7	PST212	237	237	7	di	di	_	_	_	_	_	linguistic	_	none	_	_	_	_	_	_
237-8	PST212	237	237	8	tua	tua	_	_	_	_	_	linguistic	_	none	_	_	_	_	_	_
237-9	PST212	237	237	9	sorella	sorella	_	_	_	_	_	linguistic	_	none	_	_	_	_	_	_
237-10	PST212	237	237	10	maggiore	maggiore	_	_	_	_	_	linguistic	_	none	_	_	_	_	_	_
237-11	PST212	237	237	11	mentre	mentre	_	_	_	_	_	linguistic	_	none	_	_	_	_	_	_
237-12	PST212	237	237	12	lei	lei	_	_	_	_	_	linguistic	_	none	_	_	_	_	_	_
237-13	PST212	237	237	13	era	era	_	_	_	_	_	linguistic	_	none	_	_	_	_	_	_
237-14	PST212	237	237	14	già	già	_	_	_	_	_	linguistic	_	none	_	_	_	_	_	_
237-15	PST212	237	237	15	qua:.	qua	_	_	_	_	_	linguistic	_	none	Intonation=Falling	End=577.86	2x1	_	_	_
238-0	PST213	238	238	0	[sì	sì	_	_	_	_	_	linguistic	_	none	_	Begin=573.515	_	_	_	0-2(144)
238-1	PST213	238	238	1	sì:]	sì	_	_	_	_	_	linguistic	_	none	_	End=573.934	1x1	_	_	0-2(144)
239-0	PST050	239	239	0	ehm:	ehm	_	_	_	_	_	linguistic	_	none	_	Begin=578.215	2x1	_	_	_
239-1	PST050	239	239	1	la	la	_	_	_	_	_	linguistic	_	none	_	_	_	_	_	_
239-2	PST050	239	239	2	più	più	_	_	_	_	_	linguistic	_	none	_	_	_	_	_	_
239-3	PST050	239	239	3	[gra:nde]?	grande	_	_	_	_	_	linguistic	_	none	Intonation=Rising	End=579.334	2x1	_	_	0-6(145)
240-0	PST212	240	240	0	[tu	tu	_	_	_	_	_	linguistic	_	none	_	Begin=578.659	_	_	_	0-2(?)
240-1	PST212	240	240	1	eri	eri	_	_	_	_	_	linguistic	_	none	PauseAfter=Yes	_	_	_	_	0-3(?)
240-2	PST212	240	240	2	(.)	(.)	_	_	_	_	_	shortpause	_	none	_	_	_	_	_	_
240-3	PST212	240	240	3	s:ì:	sì	_	_	_	_	_	linguistic	_	none	PauseAfter=Yes	_	0x1,1x1	_	_	0-2(?)
240-4	PST212	240	240	4	(.)	(.)	_	_	_	_	_	shortpause	_	none	_	_	_	_	_	_
240-5	PST212	240	240	5	e	e	_	_	_	_	_	linguistic	_	none	_	_	_	_	_	0-1(?)
240-6	PST212	240	240	6	tu	tu	_	_	_	_	_	linguistic	_	none	_	_	_	_	_	0-2(?)
240-7	PST212	240	240	7	eri:	eri	_	_	_	_	_	linguistic	_	none	_	_	2x1	_	_	0-3(?)
240-8	PST212	240	240	8	an]cora	ancora	_	_	_	_	_	linguistic	_	none	_	_	_	_	_	0-2(?)
240-9	PST212	240	240	9	in	in	_	_	_	_	_	linguistic	_	none	_	_	_	_	_	_
240-10	PST212	240	240	10	roma[nia]?	romania	_	_	_	_	_	linguistic	_	none	Intonation=Rising	End=581.22	_	_	_	4-7(?)
241-0	PST213	241	241	0	[s:ì:]	sì	_	_	_	_	_	linguistic	_	none	_	Begin=579.071|End=579.571	0x1,1x1	_	_	0-2(145)
242-0	PST050	242	242	0	[s:ì:	sì	_	_	_	_	_	linguistic	_	none	_	Begin=579.571	0x1,1x1	_	_	0-2(38)
242-1	PST050	242	242	1	s:ì:]	sì	_	_	_	_	_	linguistic	_	none	_	End=580.315	0x1,1x1	_	_	0-2(38)
243-0	PST050	243	243	0	[ero	ero	_	_	_	_	_	linguistic	_	none	_	Begin=580.796	_	_	_	0-3(39)
243-1	PST050	243	243	1	anc]ora	ancora	_	_	_	_	_	linguistic	_	none	_	_	_	_	_	0-3(39)
243-2	PST050	243	243	2	lì:?	lì	_	_	_	_	_	linguistic	_	none	Intonation=Rising	End=582.062	1x1	_	_	_
244-0	PST050	244	244	0	e	e	_	_	_	_	_	linguistic	_	none	_	Begin=582.365	_	_	_	_
244-1	PST050	244	244	1	poi	poi	_	_	_	_	_	linguistic	_	none	_	_	_	_	_	_
244-2	PST050	244	244	2	lei	lei	_	_	_	_	_	linguistic	_	none	_	_	_	_	_	_
244-3	PST050	244	244	3	è	è	_	_	_	_	_	linguistic	_	none	_	_	_	_	_	_
244-4	PST050	244	244	4	venuta	venuta	_	_	_	_	_	linguistic	_	none	_	_	_	_	_	_
244-5	PST050	244	244	5	a	a	_	_	_	_	_	linguistic	_	none	_	_	_	_	_	_
244-6	PST050	244	244	6	prende[rmi	prendermi	_	_	_	_	_	linguistic	_	none	_	_	_	_	_	6-9(?)
244-7	PST050	244	244	7	prima	prima	_	_	_	_	_	linguistic	_	none	_	_	_	_	_	0-5(?)
244-8	PST050	244	244	8	di:	di	_	_	_	_	_	linguistic	_	none	PauseAfter=Yes	_	1x1	_	_	0-2(?)
244-9	PST050	244	244	9	(.)	(.)	_	_	_	_	_	shortpause	_	none	_	_	_	_	_	_
244-10	PST050	244	244	10	(s:~	s~	_	_	_	_	_	linguistic	_	none	Interrupted=Yes	_	0x1	_	0-2(0)	0-2(?)
244-11	PST050	244	244	11	faccio	faccio	_	_	_	_	_	linguistic	_	none	_	_	_	_	0-6(0)	0-6(?)
244-12	PST050	244	244	12	con	con	_	_	_	_	_	linguistic	_	none	_	_	_	_	0-3(0)	0-3(?)
244-13	PST050	244	244	13	le)]	le	_	_	_	_	_	linguistic	_	none	_	End=586.127	_	_	0-2(0)	0-2(?)
245-0	PST213	245	245	0	[ah	ah	_	_	_	_	_	linguistic	_	none	_	Begin=584.002	_	_	_	0-2(146)
245-1	PST213	245	245	1	a:h	ah	_	_	_	_	_	linguistic	_	none	_	_	0x1	_	_	0-2(146)
245-2	PST213	245	245	2	ah	ah	_	_	_	_	_	linguistic	_	none	_	_	_	_	_	0-2(146)
245-3	PST213	245	245	3	a:h	ah	_	_	_	_	_	linguistic	_	none	_	_	0x1	_	_	0-2(146)
245-4	PST213	245	245	4	a:h],	ah	_	_	_	_	_	linguistic	_	none	Intonation=WeaklyRising	End=585.621	0x1	_	_	0-2(146)
246-0	PST212	246	246	0	[s:ì::].	sì	_	_	_	_	_	linguistic	_	none	Intonation=Falling	Begin=584.009|End=584.909	0x1,1x2	_	_	0-2(146)
247-0	PST212	247	247	0	[e	e	_	_	_	_	_	linguistic	_	none	_	Begin=585.627	_	_	_	0-1(40)
247-1	PST212	247	247	1	intan]to	intanto	_	_	_	_	_	linguistic	_	none	_	_	_	_	_	0-5(40)
247-2	PST212	247	247	2	vi	vi	_	_	_	_	_	linguistic	_	none	_	_	_	_	_	_
247-3	PST212	247	247	3	mandava[:	mandava	_	_	_	_	_	linguistic	_	none	_	_	6x1	_	_	_
247-4	PST212	247	247	4	xxx	xxx	_	_	_	_	_	unknown	_	none	Syllables=3	_	_	_	_	0-3(147)
247-5	PST212	247	247	5	dei	dei	_	_	_	_	_	linguistic	_	none	_	_	_	_	_	0-3(147)
247-6	PST212	247	247	6	soldi].	soldi	_	_	_	_	_	linguistic	_	none	Intonation=Falling	End=588.802	_	_	_	0-5(147)
248-0	PST213	248	248	0	[xxx]	xxx	_	_	_	_	_	unknown	_	none	Syllables=3	Begin=587.127|End=588.809	_	_	_	0-3(147)
249-0	PST050	249	249	0	s:ì:	sì	_	_	_	_	_	linguistic	_	none	_	Begin=587.134	0x1,1x1	_	_	_
249-1	PST050	249	249	1	s:ì:	sì	_	_	_	_	_	linguistic	_	none	_	_	0x1,1x1	_	_	_
249-2	PST050	249	249	2	sì:	sì	_	_	_	_	_	linguistic	_	none	_	_	1x1	_	_	_
249-3	PST050	249	249	3	mandava	mandava	_	_	_	_	_	linguistic	_	none	_	_	_	_	_	_
249-4	PST050	249	249	4	i	i	_	_	_	_	_	linguistic	_	none	_	_	_	_	_	_
249-5	PST050	249	249	5	pacchi	pacchi	_	_	_	_	_	linguistic	_	none	_	_	_	_	_	_
249-6	PST050	249	249	6	mandava	mandava	_	_	_	_	_	linguistic	_	none	_	_	_	_	_	_
249-7	PST050	249	249	7	i	i	_	_	_	_	_	linguistic	_	none	_	_	_	_	_	_
249-8	PST050	249	249	8	cosi	cosi	_	_	_	_	_	linguistic	_	none	_	_	_	_	_	_
249-9	PST050	249	249	9	per	per	_	_	_	_	_	linguistic	_	none	_	_	_	_	_	_
249-10	PST050	249	249	10	aiutare[::]	aiutare	_	_	_	_	_	linguistic	_	none	_	_	6x2	_	_	_
249-11	PST050	249	249	11	i	i	_	_	_	_	_	linguistic	_	none	_	_	_	_	_	_
249-12	PST050	249	249	12	miei:	miei	_	_	_	_	_	linguistic	_	none	_	_	3x1	_	_	_
249-13	PST050	249	249	13	[perché	perché	_	_	_	_	_	linguistic	_	none	_	_	_	_	_	0-6(?)
249-14	PST050	249	249	14	non]	non	_	_	_	_	_	linguistic	_	none	_	_	_	_	_	0-3(?)
249-15	PST050	249	249	15	basta	basta	_	_	_	_	_	linguistic	_	none	_	_	_	_	_	_
249-16	PST050	249	249	16	quel	quel	_	_	_	_	_	linguistic	_	none	_	_	_	_	_	_
249-17	PST050	249	249	17	che:	che	_	_	_	_	_	linguistic	_	none	_	_	2x1	_	_	_
249-18	PST050	249	249	18	prendono	prendono	_	_	_	_	_	linguistic	_	none	_	_	_	_	_	_
249-19	PST050	249	249	19	loro,	loro	_	_	_	_	_	linguistic	_	none	Intonation=WeaklyRising	End=595.999	_	_	_	_
250-0	PST213	250	250	0	[s:~]	s~	_	_	_	_	_	linguistic	_	none	Interrupted=Yes	Begin=591.377|End=591.652	0x1	_	_	0-2(41)
251-0	PST213	251	251	0	certo.	certo	_	_	_	_	_	linguistic	_	none	Intonation=Falling	Begin=592.959|End=593.427	_	_	_	_
252-0	PST050	252	252	0	che	che	_	_	_	_	_	linguistic	_	none	_	Begin=596.415	_	_	_	_
252-1	PST050	252	252	1	la	la	_	_	_	_	_	linguistic	_	none	_	_	_	_	_	_
252-2	PST050	252	252	2	vita	vita	_	_	_	_	_	linguistic	_	none	_	_	_	_	_	_
252-3	PST050	252	252	3	che	che	_	_	_	_	_	linguistic	_	none	_	_	_	_	_	_
252-4	PST050	252	252	4	è	è	_	_	_	_	_	linguistic	_	none	_	_	_	_	_	_
252-5	PST050	252	252	5	più	più	_	_	_	_	_	linguistic	_	none	_	_	_	_	_	_
252-6	PST050	252	252	6	cara?	cara	_	_	_	_	_	linguistic	_	none	Intonation=Rising	End=598.026	_	_	_	_
253-0	PST050	253	253	0	nel	nel	_	_	_	_	_	linguistic	_	none	_	Begin=598.315	_	_	_	_
253-1	PST050	253	253	1	senso:	senso	_	_	_	_	_	linguistic	_	none	_	_	4x1	_	_	_
253-2	PST050	253	253	2	gli	gli	_	_	_	_	_	linguistic	_	none	_	_	_	_	_	_
253-3	PST050	253	253	3	alimenti::	alimenti	_	_	_	_	_	linguistic	_	none	_	_	7x2	_	_	_
253-4	PST050	253	253	4	mangiare	mangiare	_	_	_	_	_	linguistic	_	none	_	_	_	_	_	_
253-5	PST050	253	253	5	medicine	medicine	_	_	_	_	_	linguistic	_	none	_	_	_	_	_	_
253-6	PST050	253	253	6	costa	costa	_	_	_	_	_	linguistic	_	none	_	_	_	_	_	_
253-7	PST050	253	253	7	mh	mh	_	_	_	_	_	linguistic	_	none	_	_	_	_	_	_
253-8	PST050	253	253	8	tanto.	tanto	_	_	_	_	_	linguistic	_	none	Intonation=Falling	End=603.186	_	_	_	_
254-0	PST213	254	254	0	[s:ì	sì	_	_	_	_	_	linguistic	_	none	_	Begin=602.359	0x1	_	_	0-2(43)
254-1	PST213	254	254	1	(.)]	.	_	_	_	_	_	error	_	none	_	_	_	_	_	_
254-2	PST213	254	254	2	s:[ì],	sì	_	_	_	_	_	linguistic	_	none	Intonation=WeaklyRising	End=603.559	0x1	_	_	1-2(44)
255-0	PST050	255	255	0	[ancora	ancora	_	_	_	_	_	linguistic	_	none	_	Begin=603.44	_	_	_	0-6(?)
255-1	PST050	255	255	1	adess~]	adess~	_	_	_	_	_	linguistic	_	none	Interrupted=Yes|PauseAfter=Yes	_	_	_	_	0-6(?)
255-2	PST050	255	255	2	(.)	(.)	_	_	_	_	_	shortpause	_	none	_	_	_	_	_	_
255-3	PST050	255	255	3	sì	sì	_	_	_	_	_	linguistic	_	none	_	_	_	_	_	_
255-4	PST050	255	255	4	sì:,	sì	_	_	_	_	_	linguistic	_	none	Intonation=WeaklyRising	End=604.965	1x1	_	_	_
256-0	PST212	256	256	0	in	in	_	_	_	_	_	linguistic	_	none	_	Begin=603.559	_	_	_	_
256-1	PST212	256	256	1	romania?	romania	_	_	_	_	_	linguistic	_	none	Intonation=Rising	End=604.315	_	_	_	_
257-0	PST213	257	257	0	ma	ma	_	_	_	_	_	linguistic	_	none	_	Begin=605.284	_	_	_	_
257-1	PST213	257	257	1	c'	c'	_	_	_	_	_	linguistic	_	none	SpaceAfter=No	_	_	_	_	_
257-2	PST213	257	257	2	è::	è	_	_	_	_	_	linguistic	_	none	_	_	0x2	_	_	_
257-3	PST213	257	257	3	m:h	mh	_	_	_	_	_	linguistic	_	none	_	_	0x1	_	_	_
257-4	PST213	257	257	4	e::hm	ehm	_	_	_	_	_	linguistic	_	none	_	End=607.04	0x2	_	_	_
258-0	PST050	258	258	0	c'	c'	_	_	_	_	_	linguistic	_	none	SpaceAfter=No	Begin=607.359	_	_	_	_
258-1	PST050	258	258	1	è	è	_	_	_	_	_	linguistic	_	none	_	_	_	_	_	_
258-2	PST050	258	258	2	lei	lei	_	_	_	_	_	linguistic	_	none	_	End=607.8430000000001	_	_	_	_
259-0	PST213	259	259	0	è	è	_	_	_	_	_	linguistic	_	none	_	Begin=607.8430000000001	_	_	_	_
259-1	PST213	259	259	1	è	è	_	_	_	_	_	linguistic	_	none	_	_	_	_	_	_
259-2	PST213	259	259	2	pubblica	pubblica	_	_	_	_	_	linguistic	_	none	_	_	_	_	_	_
259-3	PST213	259	259	3	la::	la	_	_	_	_	_	linguistic	_	none	_	_	1x2	_	_	_
259-4	PST213	259	259	4	come	come	_	_	_	_	_	linguistic	_	none	_	_	_	_	_	_
259-5	PST213	259	259	5	si	si	_	_	_	_	_	linguistic	_	none	_	_	_	_	_	_
259-6	PST213	259	259	6	chiama	chiama	_	_	_	_	_	linguistic	_	none	_	End=609.602	_	_	_	_
260-0	PST212	260	260	0	la	la	_	_	_	_	_	linguistic	_	none	_	Begin=609.602	_	_	_	_
260-1	PST212	260	260	1	sani[tà]?	sanità	_	_	_	_	_	linguistic	_	none	Intonation=Rising	End=610.234	_	_	_	4-6(46)
261-0	PST213	261	261	0	[la	la	_	_	_	_	_	linguistic	_	none	_	Begin=610.034	_	_	_	0-2(46)
261-1	PST213	261	261	1	s]anità:?	sanità	_	_	_	_	_	linguistic	_	none	Intonation=Rising	End=610.716	5x1	_	_	0-1(46)
262-0	PST213	262	262	0	c(io)è	cioè	_	_	_	_	_	linguistic	_	none	Reduced=Yes	Begin=611.427	_	_	_	_
262-1	PST213	262	262	1	tu	tu	_	_	_	_	_	linguistic	_	none	_	_	_	_	_	_
262-2	PST213	262	262	2	p~	p~	_	_	_	_	_	linguistic	_	none	Interrupted=Yes	_	_	_	_	_
262-3	PST213	262	262	3	all'	all'	_	_	_	_	_	linguistic	_	none	SpaceAfter=No	_	_	_	_	_
262-4	PST213	262	262	4	ospedale	ospedale	_	_	_	_	_	linguistic	_	none	_	_	_	_	_	_
262-5	PST213	262	262	5	devi	devi	_	_	_	_	_	linguistic	_	none	_	_	_	_	_	_
262-6	PST213	262	262	6	pagare	pagare	_	_	_	_	_	linguistic	_	none	_	_	_	_	_	_
262-7	PST213	262	262	7	per	per	_	_	_	_	_	linguistic	_	none	_	_	_	_	_	_
262-8	PST213	262	262	8	andare	andare	_	_	_	_	_	linguistic	_	none	_	_	_	_	_	_
262-9	PST213	262	262	9	all'	all'	_	_	_	_	_	linguistic	_	none	SpaceAfter=No	_	_	_	_	_
262-10	PST213	262	262	10	ospedale,	ospedale	_	_	_	_	_	linguistic	_	none	Intonation=WeaklyRising	End=614.307	_	_	_	_
263-0	PST050	263	263	0	[e::::h	eh	_	_	_	_	_	linguistic	_	none	_	Begin=614.309	0x4	_	_	0-2(47)
263-1	PST050	263	263	1	no:	no	_	_	_	_	_	linguistic	_	none	_	_	1x1	_	_	0-2(47)
263-2	PST050	263	263	2	è:]	è	_	_	_	_	_	linguistic	_	none	_	_	0x1	_	_	0-1(47)
263-3	PST050	263	263	3	dello	dello	_	_	_	_	_	linguistic	_	none	_	_	_	_	_	_
263-4	PST050	263	263	4	stat[o	stato	_	_	_	_	_	linguistic	_	none	_	_	_	_	_	4-5(48)
263-5	PST050	263	263	5	lo	lo	_	_	_	_	_	linguistic	_	none	_	_	_	_	_	0-2(48)
263-6	PST050	263	263	6	s]tato	stato	_	_	_	_	_	linguistic	_	none	_	_	_	_	_	0-1(48)
263-7	PST050	263	263	7	più	più	_	_	_	_	_	linguistic	_	none	_	_	_	_	_	_
263-8	PST050	263	263	8	o	o	_	_	_	_	_	linguistic	_	none	_	_	_	_	_	_
263-9	PST050	263	263	9	meno	meno	_	_	_	_	_	linguistic	_	none	_	_	_	_	_	_
263-10	PST050	263	263	10	come	come	_	_	_	_	_	linguistic	_	none	_	_	_	_	_	_
263-11	PST050	263	263	11	[qua:	qua	_	_	_	_	_	linguistic	_	none	_	_	2x1	_	_	0-3(49)
263-12	PST050	263	263	12	sì:	sì	_	_	_	_	_	linguistic	_	none	_	_	1x1	_	_	0-2(49)
263-13	PST050	263	263	13	lo]	lo	_	_	_	_	_	linguistic	_	none	_	_	_	_	_	0-2(49)
263-14	PST050	263	263	14	stato.	stato	_	_	_	_	_	linguistic	_	none	Intonation=Falling	End=620.136	_	_	_	_
264-0	PST213	264	264	0	[xxx]	xxx	_	_	_	_	_	unknown	_	none	Syllables=3	Begin=614.315|End=616.077	_	_	_	0-3(47)
265-0	PST212	265	265	0	[okay].	okay	_	_	_	_	_	linguistic	_	none	Intonation=Falling	Begin=616.84|End=617.409	_	_	_	0-4(48)
266-0	PST213	266	266	0	[xx	xx	_	_	_	_	_	unknown	_	none	Syllables=2	Begin=618.465	_	_	_	0-2(49)
266-1	PST213	266	266	1	s:ì	sì	_	_	_	_	_	linguistic	_	none	_	_	0x1	_	_	0-2(49)
266-2	PST213	266	266	2	s:~]	s~	_	_	_	_	_	linguistic	_	none	Interrupted=Yes	End=619.502	0x1	_	_	0-2(49)
267-0	PST050	267	267	0	e::hm::	ehm	_	_	_	_	_	linguistic	_	none	_	Begin=620.809|End=621.702	0x2,2x2	_	_	_
268-0	PST050	268	268	0	nient~	nient~	_	_	_	_	_	linguistic	_	none	Interrupted=Yes	Begin=622.502	_	_	_	_
268-1	PST050	268	268	1	però	però	_	_	_	_	_	linguistic	_	none	_	_	_	_	_	_
268-2	PST050	268	268	2	se	se	_	_	_	_	_	linguistic	_	none	_	_	_	_	_	_
268-3	PST050	268	268	3	deve	deve	_	_	_	_	_	linguistic	_	none	_	_	_	_	_	_
268-4	PST050	268	268	4	fare	fare	_	_	_	_	_	linguistic	_	none	_	_	_	_	_	_
268-5	PST050	268	268	5	le	le	_	_	_	_	_	linguistic	_	none	_	_	_	_	_	_
268-6	PST050	268	268	6	visite	visite	_	_	_	_	_	linguistic	_	none	_	_	_	_	_	_
268-7	PST050	268	268	7	un	un	_	_	_	_	_	linguistic	_	none	_	_	_	_	_	_
268-8	PST050	268	268	8	po'	po'	_	_	_	_	_	linguistic	_	none	_	_	_	_	_	_
268-9	PST050	268	268	9	private	private	_	_	_	_	_	linguistic	_	none	_	_	_	_	_	_
268-10	PST050	268	268	10	[un	un	_	_	_	_	_	linguistic	_	none	_	_	_	_	_	0-2(148)
268-11	PST050	268	268	11	po'	po'	_	_	_	_	_	linguistic	_	none	_	_	_	_	_	0-3(148)
268-12	PST050	268	268	12	le	le	_	_	_	_	_	linguistic	_	none	_	_	_	_	_	0-2(148)
268-13	PST050	268	268	13	m:h	mh	_	_	_	_	_	linguistic	_	none	_	_	0x1	_	_	0-2(148)
268-14	PST050	268	268	14	deve	deve	_	_	_	_	_	linguistic	_	none	_	_	_	_	_	0-4(148)
268-15	PST050	268	268	15	pa]gare	pagare	_	_	_	_	_	linguistic	_	none	_	_	_	_	_	0-2(148)
268-16	PST050	268	268	16	dev[e:]?	deve	_	_	_	_	_	linguistic	_	none	Intonation=Rising	End=627.104	3x1	_	_	3-4(50)
269-0	PST213	269	269	0	[e:h]	eh	_	_	_	_	_	linguistic	_	none	_	Begin=625.215|End=625.565	0x1	_	_	0-2(148)
270-0	PST212	270	270	0	[s:ì:]	sì	_	_	_	_	_	linguistic	_	none	_	Begin=625.559|End=626.121	0x1,1x1	_	_	0-2(148)
271-0	PST213	271	271	0	[come]	come	_	_	_	_	_	linguistic	_	none	_	Begin=626.765	_	_	_	0-4(50)
271-1	PST213	271	271	1	qua,	qua	_	_	_	_	_	linguistic	_	none	Intonation=WeaklyRising	End=627.302	_	_	_	_
272-0	PST050	272	272	0	però	però	_	_	_	_	_	linguistic	_	none	_	Begin=627.634	_	_	_	_
272-1	PST050	272	272	1	ade[sso:	adesso	_	_	_	_	_	linguistic	_	none	_	_	5x1	_	_	3-6(51)
272-2	PST050	272	272	2	si	si	_	_	_	_	_	linguistic	_	none	_	_	_	_	_	0-2(51)
272-3	PST050	272	272	3	s:~]	s~	_	_	_	_	_	linguistic	_	none	Interrupted=Yes	_	0x1	_	_	0-2(51)
272-4	PST050	272	272	4	s:ì:,	sì	_	_	_	_	_	linguistic	_	none	Intonation=WeaklyRising	End=629.539	0x1,1x1	_	_	_
273-0	??	273	273	0	[mamma::]	mamma	_	_	_	_	_	linguistic	_	none	_	Begin=628.146|End=629.215	4x2	_	_	0-5(51)
274-0	???	274	274	0	((parla_bambino))	((parla_bambino))	_	_	_	_	_	nonverbalbehavior	_	none	_	Begin=629.86|End=633.83	_	_	_	_
275-0	PST050	275	275	0	m:h?	mh	_	_	_	_	_	linguistic	_	none	Intonation=Rising	Begin=634.077|End=634.577	0x1	_	_	_
276-0	???	276	276	0	((parla_bambino))	((parla_bambino))	_	_	_	_	_	nonverbalbehavior	_	none	_	Begin=635.202|End=637.418	_	_	_	_
277-0	PST050	277	277	0	c'	c'	_	_	_	_	_	linguistic	_	none	SpaceAfter=No	Begin=638.265	_	_	_	_
277-1	PST050	277	277	1	è	è	_	_	_	_	_	linguistic	_	none	_	_	_	_	_	_
277-2	PST050	277	277	2	pu:zzi?	puzzi	_	_	_	_	_	linguistic	_	none	Intonation=Rising	End=639.056	1x1	_	_	_
278-0	PST050	278	278	0	[no::	no	_	_	_	_	_	linguistic	_	none	_	Begin=639.421	1x2	_	_	0-2(?)
278-1	PST050	278	278	1	ti	ti	_	_	_	_	_	linguistic	_	none	_	_	_	_	_	0-2(?)
278-2	PST050	278	278	2	ho	ho	_	_	_	_	_	linguistic	_	none	_	_	_	_	_	0-2(?)
278-3	PST050	278	278	3	fatto]	fatto	_	_	_	_	_	linguistic	_	none	_	_	_	_	_	0-5(?)
278-4	PST050	278	278	4	il	il	_	_	_	_	_	linguistic	_	none	_	_	_	_	_	_
278-5	PST050	278	278	5	bagno	bagno	_	_	_	_	_	linguistic	_	none	_	_	_	_	_	_
278-6	PST050	278	278	6	ie:ri	ieri	_	_	_	_	_	linguistic	_	none	_	_	1x1	_	_	_
278-7	PST050	278	278	7	((ride))	((ride))	_	_	_	_	_	nonverbalbehavior	_	none	_	End=642.171	_	_	_	_
279-0	PST213	279	279	0	((ride))	((ride))	_	_	_	_	_	nonverbalbehavior	_	none	_	Begin=639.427|End=640.57	_	_	_	_
280-0	???	280	280	0	((parla_bambino))	((parla_bambino))	_	_	_	_	_	nonverbalbehavior	_	none	_	Begin=641.152|End=643.84	_	_	_	_
281-0	PST213	281	281	0	((ride))	((ride))	_	_	_	_	_	nonverbalbehavior	_	none	_	Begin=641.452|End=641.884	_	_	_	_
282-0	PST050	282	282	0	[e	e	_	_	_	_	_	linguistic	_	none	_	Begin=643.563	_	_	_	0-1(?)
282-1	PST050	282	282	1	do]v'	dov'	_	_	_	_	_	linguistic	_	none	SpaceAfter=No	_	_	_	_	0-2(?)
282-2	PST050	282	282	2	è:,	è	_	_	_	_	_	linguistic	_	none	Intonation=WeaklyRising	End=644.258	0x1	_	_	_
283-0	PST050	283	283	0	l'	l'	_	_	_	_	_	linguistic	_	none	SpaceAfter=No	Begin=644.921	_	_	_	_
283-1	PST050	283	283	1	ho	ho	_	_	_	_	_	linguistic	_	none	_	_	_	_	_	_
283-2	PST050	283	283	2	lasciato	lasciato	_	_	_	_	_	linguistic	_	none	_	_	_	_	_	_
283-3	PST050	283	283	3	in	in	_	_	_	_	_	linguistic	_	none	_	_	_	_	_	_
283-4	PST050	283	283	4	ma:cchina.	macchina	_	_	_	_	_	linguistic	_	none	Intonation=Falling	End=646.247	1x1	_	_	_
284-0	???	284	284	0	andiamo	andiamo	_	_	_	_	_	linguistic	_	none	_	Begin=646.965	_	_	_	_
284-1	???	284	284	1	a	a	_	_	_	_	_	linguistic	_	none	_	_	_	_	_	_
284-2	???	284	284	2	prenderle[::]	prenderle	_	_	_	_	_	linguistic	_	none	_	End=649.587	8x2	_	_	_
285-0	PST050	285	285	0	[sì:	sì	_	_	_	_	_	linguistic	_	none	_	Begin=648.771	1x1	_	_	0-2(52)
285-1	PST050	285	285	1	adesso	adesso	_	_	_	_	_	linguistic	_	none	_	_	_	_	_	0-6(52)
285-2	PST050	285	285	2	facc]io	faccio	_	_	_	_	_	linguistic	_	none	_	_	_	_	_	0-4(52)
285-3	PST050	285	285	3	una	una	_	_	_	_	_	linguistic	_	none	_	_	_	_	_	_
285-4	PST050	285	285	4	cosa	cosa	_	_	_	_	_	linguistic	_	none	_	_	_	_	_	_
285-5	PST050	285	285	5	che	che	_	_	_	_	_	linguistic	_	none	_	_	_	_	_	_
285-6	PST050	285	285	6	guarda	guarda	_	_	_	_	_	linguistic	_	none	_	_	_	_	_	_
285-7	PST050	285	285	7	cosa	cosa	_	_	_	_	_	linguistic	_	none	_	_	_	_	_	_
285-8	PST050	285	285	8	mi	mi	_	_	_	_	_	linguistic	_	none	_	_	_	_	_	_
285-9	PST050	285	285	9	sta	sta	_	_	_	_	_	linguistic	_	none	_	_	_	_	_	_
285-10	PST050	285	285	10	face:ndo	facendo	_	_	_	_	_	linguistic	_	none	_	_	3x1	_	_	_
285-11	PST050	285	285	11	ve:di,	vedi	_	_	_	_	_	linguistic	_	none	Intonation=WeaklyRising	End=652.2	1x1	_	_	_
286-0	PST050	286	286	0	e	e	_	_	_	_	_	linguistic	_	none	_	Begin=653.309	_	_	_	_
286-1	PST050	286	286	1	poi	poi	_	_	_	_	_	linguistic	_	none	_	_	_	_	_	_
286-2	PST050	286	286	2	piano	piano	_	_	_	_	_	linguistic	_	none	_	_	_	_	_	_
286-3	PST050	286	286	3	pia:no:	piano	_	_	_	_	_	linguistic	_	none	_	_	2x1,4x1	_	_	_
286-4	PST050	286	286	4	dicevo:	dicevo	_	_	_	_	_	linguistic	_	none	_	_	5x1	_	_	_
286-5	PST050	286	286	5	mandava	mandava	_	_	_	_	_	linguistic	_	none	_	_	_	_	_	_
286-6	PST050	286	286	6	i	i	_	_	_	_	_	linguistic	_	none	_	_	_	_	_	_
286-7	PST050	286	286	7	pacchi	pacchi	_	_	_	_	_	linguistic	_	none	_	_	_	_	_	_
286-8	PST050	286	286	8	contenti	contenti	_	_	_	_	_	linguistic	_	none	_	_	_	_	_	_
286-9	PST050	286	286	9	rega:li	regali	_	_	_	_	_	linguistic	_	none	_	_	3x1	_	_	_
286-10	PST050	286	286	10	un	un	_	_	_	_	_	linguistic	_	none	_	_	_	_	_	_
286-11	PST050	286	286	11	po'	po'	_	_	_	_	_	linguistic	_	none	_	_	_	_	_	_
286-12	PST050	286	286	12	di	di	_	_	_	_	_	linguistic	_	none	_	_	_	_	_	_
286-13	PST050	286	286	13	soldini	soldini	_	_	_	_	_	linguistic	_	none	_	_	_	_	_	_
286-14	PST050	286	286	14	per	per	_	_	_	_	_	linguistic	_	none	_	_	_	_	_	_
286-15	PST050	286	286	15	loro	loro	_	_	_	_	_	linguistic	_	none	_	_	_	_	_	_
286-16	PST050	286	286	16	per	per	_	_	_	_	_	linguistic	_	none	_	_	_	_	_	_
286-17	PST050	286	286	17	le	le	_	_	_	_	_	linguistic	_	none	_	_	_	_	_	_
286-18	PST050	286	286	18	faccende	faccende	_	_	_	_	_	linguistic	_	none	_	_	_	_	_	_
286-19	PST050	286	286	19	e	e	_	_	_	_	_	linguistic	_	none	_	_	_	_	_	_
286-20	PST050	286	286	20	per	per	_	_	_	_	_	linguistic	_	none	_	_	_	_	_	_
286-21	PST050	286	286	21	pagare	pagare	_	_	_	_	_	linguistic	_	none	_	_	_	_	_	_
286-22	PST050	286	286	22	le	le	_	_	_	_	_	linguistic	_	none	_	_	_	_	_	_
286-23	PST050	286	286	23	bollette	bollette	_	_	_	_	_	linguistic	_	none	_	_	_	_	_	_
286-24	PST050	286	286	24	un	un	_	_	_	_	_	linguistic	_	none	_	_	_	_	_	_
286-25	PST050	286	286	25	m:h	mh	_	_	_	_	_	linguistic	_	none	_	_	0x1	_	_	_
286-26	PST050	286	286	26	soldo	soldo	_	_	_	_	_	linguistic	_	none	_	_	_	_	_	_
286-27	PST050	286	286	27	in	in	_	_	_	_	_	linguistic	_	none	_	_	_	_	_	_
286-28	PST050	286	286	28	più	più	_	_	_	_	_	linguistic	_	none	_	_	_	_	_	_
286-29	PST050	286	286	29	di[ciamo].	diciamo	_	_	_	_	_	linguistic	_	none	Intonation=Falling	End=662.675	_	_	_	2-7(53)
287-0	PST213	287	287	0	[ah	ah	_	_	_	_	_	linguistic	_	none	_	Begin=662.221	_	_	_	0-2(53)
287-1	PST213	287	287	1	a:h]	ah	_	_	_	_	_	linguistic	_	none	_	End=662.684	0x1	_	_	0-2(53)
288-0	PST050	288	288	0	poi	poi	_	_	_	_	_	linguistic	_	none	_	Begin=663.546	_	_	_	_
288-1	PST050	288	288	1	come	come	_	_	_	_	_	linguistic	_	none	_	_	_	_	_	_
288-2	PST050	288	288	2	dicevo	dicevo	_	_	_	_	_	linguistic	_	none	_	_	_	_	_	_
288-3	PST050	288	288	3	mi	mi	_	_	_	_	_	linguistic	_	none	_	_	_	_	_	_
288-4	PST050	288	288	4	hanno	hanno	_	_	_	_	_	linguistic	_	none	_	_	_	_	_	_
288-5	PST050	288	288	5	preso	preso	_	_	_	_	_	linguistic	_	none	_	_	_	_	_	_
288-6	PST050	288	288	6	qua:	qua	_	_	_	_	_	linguistic	_	none	_	_	2x1	_	_	_
288-7	PST050	288	288	7	ho	ho	_	_	_	_	_	linguistic	_	none	_	_	_	_	_	_
288-8	PST050	288	288	8	conosciuto	conosciuto	_	_	_	_	_	linguistic	_	none	_	_	_	_	_	_
288-9	PST050	288	288	9	lavorare	lavorare	_	_	_	_	_	linguistic	_	none	_	_	_	_	_	_
288-10	PST050	288	288	10	la	la	_	_	_	_	_	linguistic	_	none	_	_	_	_	_	_
288-11	PST050	288	288	11	famiglia	famiglia	_	_	_	_	_	linguistic	_	none	_	_	_	_	_	_
288-12	PST050	288	288	12	di	di	_	_	_	_	_	linguistic	_	none	_	_	_	_	_	_
288-13	PST050	288	288	13	francesi	francesi	_	_	_	_	_	linguistic	_	none	_	_	_	_	_	_
288-14	PST050	288	288	14	e:h?	eh	_	_	_	_	_	linguistic	_	none	Intonation=Rising	End=668.0565	0x1	_	_	_
289-0	PST213	289	289	0	ah	ah	_	_	_	_	_	linguistic	_	none	_	Begin=668.0565	_	_	_	_
289-1	PST213	289	289	1	a:h	ah	_	_	_	_	_	linguistic	_	none	_	End=668.452	0x1	_	_	_
290-0	PST050	290	290	0	così:	così	_	_	_	_	_	linguistic	_	none	_	Begin=668.709	3x1	_	_	_
290-1	PST050	290	290	1	poi	poi	_	_	_	_	_	linguistic	_	none	_	_	_	_	_	_
290-2	PST050	290	290	2	piano	piano	_	_	_	_	_	linguistic	_	none	_	_	_	_	_	_
290-3	PST050	290	290	3	piano	piano	_	_	_	_	_	linguistic	_	none	_	_	_	_	_	_
290-4	PST050	290	290	4	a	a	_	_	_	_	_	linguistic	_	none	_	_	_	_	_	_
290-5	PST050	290	290	5	lei::	lei	_	_	_	_	_	linguistic	_	none	_	_	2x2	_	_	_
290-6	PST050	290	290	6	a	a	_	_	_	_	_	linguistic	_	none	_	_	_	_	_	_
290-7	PST050	290	290	7	f:::~	f~	_	_	_	_	_	linguistic	_	none	Interrupted=Yes	_	0x3	_	_	_
290-8	PST050	290	290	8	facendo	facendo	_	_	_	_	_	linguistic	_	none	_	_	_	_	_	_
290-9	PST050	290	290	9	le	le	_	_	_	_	_	linguistic	_	none	_	_	_	_	_	_
290-10	PST050	290	290	10	o:re?	ore	_	_	_	_	_	linguistic	_	none	Intonation=Rising	End=673.07	0x1	_	_	_
291-0	PST050	291	291	0	mi	mi	_	_	_	_	_	linguistic	_	none	_	Begin=673.515	_	_	_	_
291-1	PST050	291	291	1	ha	ha	_	_	_	_	_	linguistic	_	none	_	_	_	_	_	_
291-2	PST050	291	291	2	messo	messo	_	_	_	_	_	linguistic	_	none	_	_	_	_	_	_
291-3	PST050	291	291	3	me:	me	_	_	_	_	_	linguistic	_	none	_	_	1x1	_	_	_
291-4	PST050	291	291	4	m:h	mh	_	_	_	_	_	linguistic	_	none	_	_	0x1	_	_	_
291-5	PST050	291	291	5	nelle	nelle	_	_	_	_	_	linguistic	_	none	_	_	_	_	_	_
291-6	PST050	291	291	6	s:~	s~	_	_	_	_	_	linguistic	_	none	Interrupted=Yes	_	0x1	_	_	_
291-7	PST050	291	291	7	do~	do~	_	_	_	_	_	linguistic	_	none	Interrupted=Yes	_	_	_	_	_
291-8	PST050	291	291	8	nel	nel	_	_	_	_	_	linguistic	_	none	_	_	_	_	_	_
291-9	PST050	291	291	9	posto	posto	_	_	_	_	_	linguistic	_	none	_	_	_	_	_	_
291-10	PST050	291	291	10	del	del	_	_	_	_	_	linguistic	_	none	_	_	_	_	_	_
291-11	PST050	291	291	11	lavo:ro?	lavoro	_	_	_	_	_	linguistic	_	none	Intonation=Rising	End=676.758	3x1	_	_	_
292-0	PST050	292	292	0	e	e	_	_	_	_	_	linguistic	_	none	_	Begin=677.652	_	_	_	_
292-1	PST050	292	292	1	lei	lei	_	_	_	_	_	linguistic	_	none	_	_	_	_	_	_
292-2	PST050	292	292	2	ha	ha	_	_	_	_	_	linguistic	_	none	_	_	_	_	_	_
292-3	PST050	292	292	3	trovato	trovato	_	_	_	_	_	linguistic	_	none	_	_	_	_	_	_
292-4	PST050	292	292	4	in	in	_	_	_	_	_	linguistic	_	none	_	_	_	_	_	_
292-5	PST050	292	292	5	fabbrica	fabbrica	_	_	_	_	_	linguistic	_	none	_	_	_	_	_	_
292-6	PST050	292	292	6	a	a	_	_	_	_	_	linguistic	_	none	_	_	_	_	_	_
292-7	PST050	292	292	7	vaglio.	vaglio	_	_	_	_	_	linguistic	_	none	Intonation=Falling	End=679.893	_	_	_	_
293-0	PST213	293	293	0	o[kay].	okay	_	_	_	_	_	linguistic	_	none	Intonation=Falling	Begin=679.89|End=680.446	_	_	_	1-4(55)
294-0	PST050	294	294	0	[che	che	_	_	_	_	_	linguistic	_	none	_	Begin=680.046	_	_	_	0-3(55)
294-1	PST050	294	294	1	era	era	_	_	_	_	_	linguistic	_	none	_	_	_	_	_	0-3(55)
294-2	PST050	294	294	2	a]	a	_	_	_	_	_	linguistic	_	none	_	_	_	_	_	0-1(55)
294-3	PST050	294	294	3	pianezza.	pianezza	_	_	_	_	_	linguistic	_	none	Intonation=Falling	End=681.35	_	_	_	_
295-0	PST213	295	295	0	okay	okay	_	_	_	_	_	linguistic	_	none	_	Begin=681.715|End=682.018	_	_	_	_
296-0	PST050	296	296	0	ha	ha	_	_	_	_	_	linguistic	_	none	_	Begin=682.018	_	_	_	_
296-1	PST050	296	296	1	lavorato	lavorato	_	_	_	_	_	linguistic	_	none	_	_	_	_	_	_
296-2	PST050	296	296	2	per	per	_	_	_	_	_	linguistic	_	none	_	End=682.948	_	_	_	_
297-0	PST050	297	297	0	un	un	_	_	_	_	_	linguistic	_	none	_	Begin=683.59	_	_	_	_
297-1	PST050	297	297	1	po'	po'	_	_	_	_	_	linguistic	_	none	_	_	_	_	_	_
297-2	PST050	297	297	2	di	di	_	_	_	_	_	linguistic	_	none	_	_	_	_	_	_
297-3	PST050	297	297	3	anni	anni	_	_	_	_	_	linguistic	_	none	_	_	_	_	_	_
297-4	PST050	297	297	4	lì:?	lì	_	_	_	_	_	linguistic	_	none	Intonation=Rising	End=684.871	1x1	_	_	_
298-0	PST050	298	298	0	e	e	_	_	_	_	_	linguistic	_	none	_	Begin=685.59	_	_	_	_
298-1	PST050	298	298	1	suo	suo	_	_	_	_	_	linguistic	_	none	_	_	_	_	_	_
298-2	PST050	298	298	2	marito	marito	_	_	_	_	_	linguistic	_	none	_	_	_	_	_	_
298-3	PST050	298	298	3	è::	è	_	_	_	_	_	linguistic	_	none	_	_	0x2	_	_	_
298-4	PST050	298	298	4	arabo?	arabo	_	_	_	_	_	linguistic	_	none	Intonation=Rising	End=687.409	_	_	_	_
299-0	PST213	299	299	0	ah	ah	_	_	_	_	_	linguistic	_	none	_	Begin=687.559	_	_	_	_
299-1	PST213	299	299	1	a:h	ah	_	_	_	_	_	linguistic	_	none	_	End=687.896	0x1	_	_	_
300-0	PST212	300	300	0	[okay]	okay	_	_	_	_	_	linguistic	_	none	_	Begin=687.884|End=688.321	_	_	_	0-4(?)
301-0	PST050	301	301	0	((ride))	((ride))	_	_	_	_	_	nonverbalbehavior	_	none	_	Begin=687.896	_	_	_	_
301-1	PST050	301	301	1	quando	quando	_	_	_	_	_	linguistic	_	none	_	_	_	_	_	_
301-2	PST050	301	301	2	l'	l'	_	_	_	_	_	linguistic	_	none	SpaceAfter=No	_	_	_	_	_
301-3	PST050	301	301	3	ha	ha	_	_	_	_	_	linguistic	_	none	_	_	_	_	_	_
301-4	PST050	301	301	4	conosciuto	conosciuto	_	_	_	_	_	linguistic	_	none	_	_	_	_	_	_
301-5	PST050	301	301	5	anche	anche	_	_	_	_	_	linguistic	_	none	_	_	_	_	_	_
301-6	PST050	301	301	6	lei	lei	_	_	_	_	_	linguistic	_	none	_	_	_	_	_	_
301-7	PST050	301	301	7	quando	quando	_	_	_	_	_	linguistic	_	none	_	_	_	_	_	_
301-8	PST050	301	301	8	è	è	_	_	_	_	_	linguistic	_	none	_	_	_	_	_	_
301-9	PST050	301	301	9	venuta	venuta	_	_	_	_	_	linguistic	_	none	_	_	_	_	_	_
301-10	PST050	301	301	10	qua:?	qua	_	_	_	_	_	linguistic	_	none	Intonation=Rising	End=691.316	2x1	_	_	_
302-0	PST213	302	302	0	ah	ah	_	_	_	_	_	linguistic	_	none	_	Begin=691.316	_	_	_	_
302-1	PST213	302	302	1	a:h	ah	_	_	_	_	_	linguistic	_	none	_	End=691.677	0x1	_	_	_
303-0	PST050	303	303	0	è	è	_	_	_	_	_	linguistic	_	none	_	Begin=692.402	_	_	_	_
303-1	PST050	303	303	1	arabo	arabo	_	_	_	_	_	linguistic	_	none	_	_	_	_	_	_
303-2	PST050	303	303	2	son	son	_	_	_	_	_	linguistic	_	none	_	_	_	_	_	_
303-3	PST050	303	303	3	conosciuti:	conosciuti	_	_	_	_	_	linguistic	_	none	PauseAfter=Yes	_	9x1	_	_	_
303-4	PST050	303	303	4	(.)	(.)	_	_	_	_	_	shortpause	_	none	_	_	_	_	_	_
303-5	PST050	303	303	5	e:::hm.	ehm	_	_	_	_	_	linguistic	_	none	Intonation=Falling	End=695.556	0x3	_	_	_
304-0	PST050	304	304	0	e	e	_	_	_	_	_	linguistic	_	none	_	Begin=696.315	_	_	_	_
304-1	PST050	304	304	1	lei	lei	_	_	_	_	_	linguistic	_	none	_	_	_	_	_	_
304-2	PST050	304	304	2	che	che	_	_	_	_	_	linguistic	_	none	_	_	_	_	_	_
304-3	PST050	304	304	3	lavorava	lavorava	_	_	_	_	_	linguistic	_	none	_	_	_	_	_	_
304-4	PST050	304	304	4	lì	lì	_	_	_	_	_	linguistic	_	none	_	_	_	_	_	_
304-5	PST050	304	304	5	tanti	tanti	_	_	_	_	_	linguistic	_	none	_	_	_	_	_	_
304-6	PST050	304	304	6	anni?	anni	_	_	_	_	_	linguistic	_	none	Intonation=Rising	End=698.359	_	_	_	_
305-0	PST050	305	305	0	adesso	adesso	_	_	_	_	_	linguistic	_	none	_	Begin=698.915	_	_	_	_
305-1	PST050	305	305	1	che:	che	_	_	_	_	_	linguistic	_	none	_	_	2x1	_	_	_
305-2	PST050	305	305	2	si	si	_	_	_	_	_	linguistic	_	none	_	_	_	_	_	_
305-3	PST050	305	305	3	è	è	_	_	_	_	_	linguistic	_	none	_	_	_	_	_	_
305-4	PST050	305	305	4	messa	messa	_	_	_	_	_	linguistic	_	none	_	_	_	_	_	_
305-5	PST050	305	305	5	bene	bene	_	_	_	_	_	linguistic	_	none	_	_	_	_	_	_
305-6	PST050	305	305	6	che	che	_	_	_	_	_	linguistic	_	none	_	_	_	_	_	_
305-7	PST050	305	305	7	è	è	_	_	_	_	_	linguistic	_	none	_	_	_	_	_	_
305-8	PST050	305	305	8	stata	stata	_	_	_	_	_	linguistic	_	none	_	_	_	_	_	_
305-9	PST050	305	305	9	assunta	assunta	_	_	_	_	_	linguistic	_	none	_	_	_	_	_	_
305-10	PST050	305	305	10	cercava::	cercava	_	_	_	_	_	linguistic	_	none	_	_	6x2	_	_	_
305-11	PST050	305	305	11	m:h	mh	_	_	_	_	_	linguistic	_	none	_	_	0x1	_	_	_
305-12	PST050	305	305	12	persone?	persone	_	_	_	_	_	linguistic	_	none	Intonation=Rising	End=704.638	_	_	_	_
306-0	PST050	306	306	0	cercava	cercava	_	_	_	_	_	linguistic	_	none	_	Begin=706.19	_	_	_	_
306-1	PST050	306	306	1	((al_figlio))	((al_figlio))	_	_	_	_	_	nonverbalbehavior	_	none	_	_	_	_	_	_
306-2	PST050	306	306	2	no	no	_	_	_	_	_	linguistic	_	none	_	_	_	_	_	_
306-3	PST050	306	306	3	la~	la~	_	_	_	_	_	linguistic	_	none	Interrupted=Yes	_	_	_	_	_
306-4	PST050	306	306	4	la~	la~	_	_	_	_	_	linguistic	_	none	Interrupted=Yes	_	_	_	_	_
306-5	PST050	306	306	5	lascialo	lascialo	_	_	_	_	_	linguistic	_	none	_	_	_	_	_	_
306-6	PST050	306	306	6	sta:re.	stare	_	_	_	_	_	linguistic	_	none	Intonation=Falling	End=708.215	2x1	_	_	_
307-0	PST050	307	307	0	((al_figlio))	((al_figlio))	_	_	_	_	_	nonverbalbehavior	_	none	_	Begin=709.227	_	_	_	_
307-1	PST050	307	307	1	no	no	_	_	_	_	_	linguistic	_	none	_	_	_	_	_	_
307-2	PST050	307	307	2	no	no	_	_	_	_	_	linguistic	_	none	_	_	_	_	_	_
307-3	PST050	307	307	3	no:	no	_	_	_	_	_	linguistic	_	none	_	_	1x1	_	_	_
307-4	PST050	307	307	4	no	no	_	_	_	_	_	linguistic	_	none	_	_	_	_	_	_
307-5	PST050	307	307	5	no	no	_	_	_	_	_	linguistic	_	none	_	_	_	_	_	_
307-6	PST050	307	307	6	ve~	ve~	_	_	_	_	_	linguistic	_	none	Interrupted=Yes	_	_	_	_	_
307-7	PST050	307	307	7	lo	lo	_	_	_	_	_	linguistic	_	none	_	_	_	_	_	_
307-8	PST050	307	307	8	stai	stai	_	_	_	_	_	linguistic	_	none	_	_	_	_	_	_
307-9	PST050	307	307	9	((ridendo))	((ridendo))	_	_	_	_	_	nonverbalbehavior	_	none	_	End=711.344	_	_	_	_
308-0	PST050	308	308	0	((ai_figli))	((ai_figli))	_	_	_	_	_	nonverbalbehavior	_	none	_	Begin=712.984	_	_	_	_
308-1	PST050	308	308	1	andate	andate	_	_	_	_	_	linguistic	_	none	_	_	_	_	_	_
308-2	PST050	308	308	2	a	a	_	_	_	_	_	linguistic	_	none	_	_	_	_	_	_
308-3	PST050	308	308	3	giocare	giocare	_	_	_	_	_	linguistic	_	none	_	_	_	_	_	_
308-4	PST050	308	308	4	dai,	dai	_	_	_	_	_	linguistic	_	none	Intonation=WeaklyRising	End=714.262	_	_	_	_
309-0	??	309	309	0	sì	sì	_	_	_	_	_	linguistic	_	none	_	Begin=714.346	_	_	_	_
309-1	??	309	309	1	ma	ma	_	_	_	_	_	linguistic	_	none	_	_	_	_	_	_
309-2	??	309	309	2	xx	xx	_	_	_	_	_	unknown	_	none	Syllables=2	_	_	_	_	_
309-3	??	309	309	3	mezza	mezza	_	_	_	_	_	linguistic	_	none	_	_	_	_	_	_
309-4	??	309	309	4	metà	metà	_	_	_	_	_	linguistic	_	none	_	End=715.987	_	_	_	_
310-0	PST050	310	310	0	fai	fai	_	_	_	_	_	linguistic	_	none	_	Begin=715.99	_	_	_	_
310-1	PST050	310	310	1	metà	metà	_	_	_	_	_	linguistic	_	none	_	_	_	_	_	_
310-2	PST050	310	310	2	con	con	_	_	_	_	_	linguistic	_	none	_	_	_	_	_	_
310-3	PST050	310	310	3	lui	lui	_	_	_	_	_	linguistic	_	none	_	_	_	_	_	_
310-4	PST050	310	310	4	dai,	dai	_	_	_	_	_	linguistic	_	none	Intonation=WeaklyRising	End=717.24	_	_	_	_
311-0	PST050	311	311	0	[hai	hai	_	_	_	_	_	linguistic	_	none	_	Begin=718.04	_	_	_	0-3(58)
311-1	PST050	311	311	1	c~]	c~	_	_	_	_	_	linguistic	_	none	Interrupted=Yes	End=718.34	_	_	_	0-2(58)
312-0	PST213	312	312	0	[senti]	senti	_	_	_	_	_	linguistic	_	none	_	Begin=718.052	_	_	_	0-5(58)
312-1	PST213	312	312	1	ma	ma	_	_	_	_	_	linguistic	_	none	_	_	_	_	_	_
312-2	PST213	312	312	2	invece	invece	_	_	_	_	_	linguistic	_	none	_	_	_	_	_	_
312-3	PST213	312	312	3	in	in	_	_	_	_	_	linguistic	_	none	_	_	_	_	_	_
312-4	PST213	312	312	4	casa	casa	_	_	_	_	_	linguistic	_	none	_	_	_	_	_	_
312-5	PST213	312	312	5	parlate::	parlate	_	_	_	_	_	linguistic	_	none	_	_	6x2	_	_	_
312-6	PST213	312	312	6	italia:no?	italiano	_	_	_	_	_	linguistic	_	none	Intonation=Rising	End=720.696	5x1	_	_	_
313-0	PST050	313	313	0	e::hm:	ehm	_	_	_	_	_	linguistic	_	none	_	Begin=721.159	0x2,2x1	_	_	_
313-1	PST050	313	313	1	in	in	_	_	_	_	_	linguistic	_	none	_	_	_	_	_	_
313-2	PST050	313	313	2	casa:::	casa	_	_	_	_	_	linguistic	_	none	PauseAfter=Yes	_	3x3	_	_	_
313-3	PST050	313	313	3	(.)	(.)	_	_	_	_	_	shortpause	_	none	_	_	_	_	_	_
313-4	PST050	313	313	4	mh.	mh	_	_	_	_	_	linguistic	_	none	Intonation=Falling	End=723.409	_	_	_	_
314-0	PST050	314	314	0	con	con	_	_	_	_	_	linguistic	_	none	_	Begin=723.652	_	_	_	_
314-1	PST050	314	314	1	lui	lui	_	_	_	_	_	linguistic	_	none	_	_	_	_	_	_
314-2	PST050	314	314	2	che	che	_	_	_	_	_	linguistic	_	none	_	_	_	_	_	_
314-3	PST050	314	314	3	è	è	_	_	_	_	_	linguistic	_	none	_	_	_	_	_	_
314-4	PST050	314	314	4	più::	più	_	_	_	_	_	linguistic	_	none	_	_	2x2	_	_	_
314-5	PST050	314	314	5	italiano	italiano	_	_	_	_	_	linguistic	_	none	_	_	_	_	_	_
314-6	PST050	314	314	6	però	però	_	_	_	_	_	linguistic	_	none	_	_	_	_	_	_
314-7	PST050	314	314	7	parliamo	parliamo	_	_	_	_	_	linguistic	_	none	_	_	_	_	_	_
314-8	PST050	314	314	8	anche	anche	_	_	_	_	_	linguistic	_	none	_	_	_	_	_	_
314-9	PST050	314	314	9	rumeno	rumeno	_	_	_	_	_	linguistic	_	none	_	_	_	_	_	_
314-10	PST050	314	314	10	perché	perché	_	_	_	_	_	linguistic	_	none	_	_	_	_	_	_
314-11	PST050	314	314	11	lui,	lui	_	_	_	_	_	linguistic	_	none	Intonation=WeaklyRising	End=727.368	_	_	_	_
315-0	PST050	315	315	0	all'	all'	_	_	_	_	_	linguistic	_	none	SpaceAfter=No	Begin=727.546	_	_	_	_
315-1	PST050	315	315	1	inizio	inizio	_	_	_	_	_	linguistic	_	none	_	_	_	_	_	_
315-2	PST050	315	315	2	non	non	_	_	_	_	_	linguistic	_	none	_	_	_	_	_	_
315-3	PST050	315	315	3	sapendo::	sapendo	_	_	_	_	_	linguistic	_	none	_	_	6x2	_	_	_
315-4	PST050	315	315	4	il	il	_	_	_	_	_	linguistic	_	none	_	_	_	_	_	_
315-5	PST050	315	315	5	ehm	ehm	_	_	_	_	_	linguistic	_	none	_	_	_	_	_	_
315-6	PST050	315	315	6	rumeno,	rumeno	_	_	_	_	_	linguistic	_	none	Intonation=WeaklyRising	End=730.286	_	_	_	_
316-0	PST212	316	316	0	mh	mh	_	_	_	_	_	linguistic	_	none	_	Begin=730.54|End=730.79	_	_	_	_
317-0	PST050	317	317	0	è	è	_	_	_	_	_	linguistic	_	none	_	Begin=730.952	_	_	_	_
317-1	PST050	317	317	1	arrivata	arrivata	_	_	_	_	_	linguistic	_	none	_	_	_	_	_	_
317-2	PST050	317	317	2	la	la	_	_	_	_	_	linguistic	_	none	_	_	_	_	_	_
317-3	PST050	317	317	3	nonna	nonna	_	_	_	_	_	linguistic	_	none	_	_	_	_	_	_
317-4	PST050	317	317	4	mia	mia	_	_	_	_	_	linguistic	_	none	_	_	_	_	_	_
317-5	PST050	317	317	5	suocera:	suocera	_	_	_	_	_	linguistic	_	none	_	_	6x1	_	_	_
317-6	PST050	317	317	6	che	che	_	_	_	_	_	linguistic	_	none	_	_	_	_	_	_
317-7	PST050	317	317	7	è	è	_	_	_	_	_	linguistic	_	none	_	_	_	_	_	_
317-8	PST050	317	317	8	stata	stata	_	_	_	_	_	linguistic	_	none	_	_	_	_	_	_
317-9	PST050	317	317	9	due	due	_	_	_	_	_	linguistic	_	none	_	_	_	_	_	_
317-10	PST050	317	317	10	anni	anni	_	_	_	_	_	linguistic	_	none	_	_	_	_	_	_
317-11	PST050	317	317	11	qua	qua	_	_	_	_	_	linguistic	_	none	_	_	_	_	_	_
317-12	PST050	317	317	12	per	per	_	_	_	_	_	linguistic	_	none	_	_	_	_	_	_
317-13	PST050	317	317	13	interventi	interventi	_	_	_	_	_	linguistic	_	none	_	_	_	_	_	_
317-14	PST050	317	317	14	[che::	che	_	_	_	_	_	linguistic	_	none	_	_	2x2	_	_	0-3(59)
317-15	PST050	317	317	15	non]	non	_	_	_	_	_	linguistic	_	none	_	_	_	_	_	0-3(59)
317-16	PST050	317	317	16	sta	sta	_	_	_	_	_	linguistic	_	none	_	_	_	_	_	_
317-17	PST050	317	317	17	bene,	bene	_	_	_	_	_	linguistic	_	none	Intonation=WeaklyRising	End=736.431	_	_	_	_
318-0	PST213	318	318	0	[m:h],	mh	_	_	_	_	_	linguistic	_	none	Intonation=WeaklyRising	Begin=735.284|End=735.771	0x1	_	_	0-2(59)
319-0	PST050	319	319	0	così?	così	_	_	_	_	_	linguistic	_	none	Intonation=Rising	Begin=737.346|End=737.877	_	_	_	_
320-0	PST050	320	320	0	e	e	_	_	_	_	_	linguistic	_	none	_	Begin=738.59	_	_	_	_
320-1	PST050	320	320	1	ha	ha	_	_	_	_	_	linguistic	_	none	_	_	_	_	_	_
320-2	PST050	320	320	2	imparato:,	imparato	_	_	_	_	_	linguistic	_	none	Intonation=WeaklyRising	End=739.784	7x1	_	_	_
321-0	PST050	321	321	0	rumeno.	rumeno	_	_	_	_	_	linguistic	_	none	Intonation=Falling	Begin=740.74|End=741.365	_	_	_	_
322-0	PST212	322	322	0	[ma]	ma	_	_	_	_	_	linguistic	_	none	_	Begin=741.259	_	_	_	0-2(60)
322-1	PST212	322	322	1	perché	perché	_	_	_	_	_	linguistic	_	none	_	_	_	_	_	_
322-2	PST212	322	322	2	tuo	tuo	_	_	_	_	_	linguistic	_	none	_	_	_	_	_	_
322-3	PST212	322	322	3	marito:	marito	_	_	_	_	_	linguistic	_	none	_	_	5x1	_	_	_
322-4	PST212	322	322	4	è	è	_	_	_	_	_	linguistic	_	none	_	_	_	_	_	_
322-5	PST212	322	322	5	rumeno?	rumeno	_	_	_	_	_	linguistic	_	none	Intonation=Rising	End=743.24	_	_	_	_
323-0	PST050	323	323	0	[è	è	_	_	_	_	_	linguistic	_	none	_	Begin=743.252	_	_	_	0-1(61)
323-1	PST050	323	323	1	rume]no.	rumeno	_	_	_	_	_	linguistic	_	none	Intonation=Falling	End=743.946	_	_	_	0-4(61)
324-0	PST212	324	324	0	[a:h	ah	_	_	_	_	_	linguistic	_	none	_	Begin=743.571	0x1	_	_	0-2(61)
324-1	PST212	324	324	1	pe]rò:	però	_	_	_	_	_	linguistic	_	none	_	_	3x1	_	_	0-2(61)
324-2	PST212	324	324	2	vi	vi	_	_	_	_	_	linguistic	_	none	_	_	_	_	_	_
324-3	PST212	324	324	3	siete	siete	_	_	_	_	_	linguistic	_	none	_	_	_	_	_	_
324-4	PST212	324	324	4	conosciuti	conosciuti	_	_	_	_	_	linguistic	_	none	_	_	_	_	_	_
324-5	PST212	324	324	5	qua:.	qua	_	_	_	_	_	linguistic	_	none	Intonation=Falling	End=745.169	2x1	_	_	_
325-0	PST050	325	325	0	siamo	siamo	_	_	_	_	_	linguistic	_	none	_	Begin=745.165	_	_	_	_
325-1	PST050	325	325	1	conosciuti	conosciuti	_	_	_	_	_	linguistic	_	none	_	_	_	_	_	_
325-2	PST050	325	325	2	qua[:	qua	_	_	_	_	_	linguistic	_	none	_	_	2x1	_	_	_
325-3	PST050	325	325	3	tram]ite	tramite	_	_	_	_	_	linguistic	_	none	_	_	_	_	_	0-4(?)
325-4	PST050	325	325	4	mia	mia	_	_	_	_	_	linguistic	_	none	_	_	_	_	_	_
325-5	PST050	325	325	5	sorella[:]?	sorella	_	_	_	_	_	linguistic	_	none	Intonation=Rising	End=747.79	6x1	_	_	_
326-0	PST212	326	326	0	[okay]	okay	_	_	_	_	_	linguistic	_	none	_	Begin=746.321|End=746.684	_	_	_	0-4(63)
327-0	PST213	327	327	0	[s]:ì:	sì	_	_	_	_	_	linguistic	_	none	_	Begin=747.69|End=748.096	0x1,1x1	_	_	0-1(64)
328-0	PST050	328	328	0	che	che	_	_	_	_	_	linguistic	_	none	_	Begin=748.096	_	_	_	_
328-1	PST050	328	328	1	è	è	_	_	_	_	_	linguistic	_	none	_	_	_	_	_	_
328-2	PST050	328	328	2	stata	stata	_	_	_	_	_	linguistic	_	none	_	_	_	_	_	_
328-3	PST050	328	328	3	lei	lei	_	_	_	_	_	linguistic	_	none	_	_	_	_	_	_
328-4	PST050	328	328	4	cupido	cupido	_	_	_	_	_	linguistic	_	none	_	_	_	_	_	_
328-5	PST050	328	328	5	anche	anche	_	_	_	_	_	linguistic	_	none	_	_	_	_	_	_
328-6	PST050	328	328	6	io	io	_	_	_	_	_	linguistic	_	none	_	_	_	_	_	_
328-7	PST050	328	328	7	no:	no	_	_	_	_	_	linguistic	_	none	_	_	1x1	_	_	_
328-8	PST050	328	328	8	no[:	no	_	_	_	_	_	linguistic	_	none	_	_	1x1	_	_	_
328-9	PST050	328	328	9	che	che	_	_	_	_	_	linguistic	_	none	_	_	_	_	_	0-3(?)
328-10	PST050	328	328	10	è	è	_	_	_	_	_	linguistic	_	none	_	_	_	_	_	0-1(?)
328-11	PST050	328	328	11	troppo	troppo	_	_	_	_	_	linguistic	_	none	_	_	_	_	_	0-6(?)
328-12	PST050	328	328	12	v~	v~	_	_	_	_	_	linguistic	_	none	Interrupted=Yes	_	_	_	_	0-2(?)
328-13	PST050	328	328	13	mh	mh	_	_	_	_	_	linguistic	_	none	_	_	_	_	_	0-2(?)
328-14	PST050	328	328	14	mh]	mh	_	_	_	_	_	linguistic	_	none	_	End=751.023	_	_	_	0-2(?)
329-0	PST213	329	329	0	((ride))	((ride))	_	_	_	_	_	nonverbalbehavior	_	none	_	Begin=750.29|End=751.034	_	_	_	_
330-0	PST050	330	330	0	dimostra	dimostra	_	_	_	_	_	linguistic	_	none	_	Begin=751.196	_	_	_	_
330-1	PST050	330	330	1	di	di	_	_	_	_	_	linguistic	_	none	_	_	_	_	_	_
330-2	PST050	330	330	2	più	più	_	_	_	_	_	linguistic	_	none	_	_	_	_	_	_
330-3	PST050	330	330	3	gli	gli	_	_	_	_	_	linguistic	_	none	_	_	_	_	_	_
330-4	PST050	330	330	4	anni	anni	_	_	_	_	_	linguistic	_	none	_	_	_	_	_	_
330-5	PST050	330	330	5	che	che	_	_	_	_	_	linguistic	_	none	_	_	_	_	_	_
330-6	PST050	330	330	6	ha:	ha	_	_	_	_	_	linguistic	_	none	_	_	1x1	_	_	_
330-7	PST050	330	330	7	però	però	_	_	_	_	_	linguistic	_	none	_	_	_	_	_	_
330-8	PST050	330	330	8	non:	non	_	_	_	_	_	linguistic	_	none	_	_	2x1	_	_	_
330-9	PST050	330	330	9	ehm	ehm	_	_	_	_	_	linguistic	_	none	_	_	_	_	_	_
330-10	PST050	330	330	10	non	non	_	_	_	_	_	linguistic	_	none	_	_	_	_	_	_
330-11	PST050	330	330	11	ha	ha	_	_	_	_	_	linguistic	_	none	_	_	_	_	_	_
330-12	PST050	330	330	12	quello	quello	_	_	_	_	_	linguistic	_	none	_	_	_	_	_	_
330-13	PST050	330	330	13	((ridendo))	((ridendo))	_	_	_	_	_	nonverbalbehavior	_	none	_	End=755.21	_	_	_	_
331-0	PST213	331	331	0	ah	ah	_	_	_	_	_	linguistic	_	none	_	Begin=755.555	_	_	_	_
331-1	PST213	331	331	1	a:h	ah	_	_	_	_	_	linguistic	_	none	_	End=755.832	0x1	_	_	_
332-0	PST050	332	332	0	e	e	_	_	_	_	_	linguistic	_	none	_	Begin=755.832	_	_	_	_
332-1	PST050	332	332	1	io	io	_	_	_	_	_	linguistic	_	none	_	_	_	_	_	_
332-2	PST050	332	332	2	ero	ero	_	_	_	_	_	linguistic	_	none	_	_	_	_	_	_
332-3	PST050	332	332	3	essendo:?	essendo	_	_	_	_	_	linguistic	_	none	Intonation=Rising	End=756.822	6x1	_	_	_
333-0	PST050	333	333	0	sai	sai	_	_	_	_	_	linguistic	_	none	_	Begin=757.698	_	_	_	_
333-1	PST050	333	333	1	diciasse:~	diciasse~	_	_	_	_	_	linguistic	_	none	Interrupted=Yes	_	7x1	_	_	_
333-2	PST050	333	333	2	diciotto	diciotto	_	_	_	_	_	linguistic	_	none	_	_	_	_	_	_
333-3	PST050	333	333	3	a:nni:?	anni	_	_	_	_	_	linguistic	_	none	Intonation=Rising	End=759.613	0x1,3x1	_	_	_
334-0	PST213	334	334	0	e[::h]	eh	_	_	_	_	_	linguistic	_	none	_	Begin=759.617|End=759.963	0x2	_	_	1-2(65)
335-0	PST212	335	335	0	[s:ì:]	sì	_	_	_	_	_	linguistic	_	none	_	Begin=759.686|End=759.963	0x1,1x1	_	_	0-2(65)
336-0	PST050	336	336	0	no::	no	_	_	_	_	_	linguistic	_	none	_	Begin=760.075	1x2	_	_	_
336-1	PST050	336	336	1	che	che	_	_	_	_	_	linguistic	_	none	_	_	_	_	_	_
336-2	PST050	336	336	2	io	io	_	_	_	_	_	linguistic	_	none	_	_	_	_	_	_
336-3	PST050	336	336	3	non	non	_	_	_	_	_	linguistic	_	none	_	_	_	_	_	_
336-4	PST050	336	336	4	lo	lo	_	_	_	_	_	linguistic	_	none	_	_	_	_	_	_
336-5	PST050	336	336	5	voleva	voleva	_	_	_	_	_	linguistic	_	none	_	_	_	_	_	_
336-6	PST050	336	336	6	quando	quando	_	_	_	_	_	linguistic	_	none	_	_	_	_	_	_
336-7	PST050	336	336	7	ci	ci	_	_	_	_	_	linguistic	_	none	_	_	_	_	_	_
336-8	PST050	336	336	8	siamo	siamo	_	_	_	_	_	linguistic	_	none	_	_	_	_	_	_
336-9	PST050	336	336	9	conosciuti	conosciuti	_	_	_	_	_	linguistic	_	none	_	_	_	_	_	_
336-10	PST050	336	336	10	ventise:i	ventisei	_	_	_	_	_	linguistic	_	none	_	_	6x1	_	_	_
336-11	PST050	336	336	11	a:nni:,	anni	_	_	_	_	_	linguistic	_	none	Intonation=WeaklyRising	End=763.586	0x1,3x1	_	_	_
337-0	PST212	337	337	0	[okay]	okay	_	_	_	_	_	linguistic	_	none	_	Begin=763.59|End=764.113	_	_	_	0-4(149)
338-0	PST213	338	338	0	[ah	ah	_	_	_	_	_	linguistic	_	none	_	Begin=763.59	_	_	_	0-2(149)
338-1	PST213	338	338	1	a:h]	ah	_	_	_	_	_	linguistic	_	none	_	End=764.002	0x1	_	_	0-2(149)
339-0	PST050	339	339	0	[venti]sei,	ventisei	_	_	_	_	_	linguistic	_	none	Intonation=WeaklyRising	Begin=763.898|End=764.563	_	_	_	0-5(149)
340-0	PST050	340	340	0	lui	lui	_	_	_	_	_	linguistic	_	none	_	Begin=765.321	_	_	_	_
340-1	PST050	340	340	1	ne	ne	_	_	_	_	_	linguistic	_	none	_	_	_	_	_	_
340-2	PST050	340	340	2	ha	ha	_	_	_	_	_	linguistic	_	none	_	_	_	_	_	_
340-3	PST050	340	340	3	quarantacinque	quarantacinque	_	_	_	_	_	linguistic	_	none	_	_	_	_	_	_
340-4	PST050	340	340	4	io	io	_	_	_	_	_	linguistic	_	none	_	_	_	_	_	_
340-5	PST050	340	340	5	trentanove	trentanove	_	_	_	_	_	linguistic	_	none	_	_	_	_	_	_
340-6	PST050	340	340	6	quin(di)	quindi	_	_	_	_	_	linguistic	_	none	_	_	_	_	4-6(0)	_
340-7	PST050	340	340	7	quasi	quasi	_	_	_	_	_	linguistic	_	none	_	_	_	_	_	_
340-8	PST050	340	340	8	[ven~]	ven~	_	_	_	_	_	linguistic	_	none	Interrupted=Yes	End=768.513	_	_	_	0-4(66)
341-0	PST212	341	341	0	[sei]	sei	_	_	_	_	_	linguistic	_	none	_	Begin=768.205	_	_	_	0-3(66)
341-1	PST212	341	341	1	a:nni	anni	_	_	_	_	_	linguistic	_	none	_	End=768.875	0x1	_	_	_
342-0	PST050	342	342	0	s::ì:	sì	_	_	_	_	_	linguistic	_	none	_	Begin=768.875	0x2,1x1	_	_	_
342-1	PST050	342	342	1	e:h.	eh	_	_	_	_	_	linguistic	_	none	Intonation=Falling	End=769.783	0x1	_	_	_
343-0	PST213	343	343	0	s:ì:	sì	_	_	_	_	_	linguistic	_	none	_	Begin=769.783|End=770.034	0x1,1x1	_	_	_
344-0	PST050	344	344	0	no	no	_	_	_	_	_	linguistic	_	none	_	Begin=770.49	_	_	_	_
344-1	PST050	344	344	1	dico	dico	_	_	_	_	_	linguistic	_	none	_	_	_	_	_	_
344-2	PST050	344	344	2	gli	gli	_	_	_	_	_	linguistic	_	none	_	_	_	_	_	_
344-3	PST050	344	344	3	anni	anni	_	_	_	_	_	linguistic	_	none	_	_	_	_	_	_
344-4	PST050	344	344	4	che	che	_	_	_	_	_	linguistic	_	none	_	_	_	_	_	_
344-5	PST050	344	344	5	siamo::	siamo	_	_	_	_	_	linguistic	_	none	_	_	4x2	_	_	_
344-6	PST050	344	344	6	((ridendo))	((ridendo))	_	_	_	_	_	nonverbalbehavior	_	none	_	End=772.298	_	_	_	_
345-0	PST213	345	345	0	sì	sì	_	_	_	_	_	linguistic	_	none	_	Begin=772.298	_	_	_	_
345-1	PST213	345	345	1	sì	sì	_	_	_	_	_	linguistic	_	none	_	_	_	_	_	_
345-2	PST213	345	345	2	sì	sì	_	_	_	_	_	linguistic	_	none	_	_	_	_	_	_
345-3	PST213	345	345	3	sì	sì	_	_	_	_	_	linguistic	_	none	_	End=773.255	_	_	_	_
346-0	PST213	346	346	0	e	e	_	_	_	_	_	linguistic	_	none	_	Begin=773.632	_	_	_	_
346-1	PST213	346	346	1	qui~	qui~	_	_	_	_	_	linguistic	_	none	Interrupted=Yes	_	_	_	_	_
346-2	PST213	346	346	2	beh:	beh	_	_	_	_	_	linguistic	_	none	_	_	2x1	_	_	_
346-3	PST213	346	346	3	tra	tra	_	_	_	_	_	linguistic	_	none	_	_	_	_	_	_
346-4	PST213	346	346	4	di	di	_	_	_	_	_	linguistic	_	none	_	_	_	_	_	_
346-5	PST213	346	346	5	voi	voi	_	_	_	_	_	linguistic	_	none	_	_	_	_	_	_
346-6	PST213	346	346	6	invece	invece	_	_	_	_	_	linguistic	_	none	_	_	_	_	_	_
346-7	PST213	346	346	7	parlate:	parlate	_	_	_	_	_	linguistic	_	none	_	_	6x1	_	_	_
346-8	PST213	346	346	8	c~	c~	_	_	_	_	_	linguistic	_	none	Interrupted=Yes	_	_	_	_	_
346-9	PST213	346	346	9	che	che	_	_	_	_	_	linguistic	_	none	_	_	_	_	_	_
346-10	PST213	346	346	10	[lin~]	lin~	_	_	_	_	_	linguistic	_	none	Interrupted=Yes	End=776.27	_	_	_	0-4(67)
347-0	PST050	347	347	0	[parlia]mo:	parliamo	_	_	_	_	_	linguistic	_	none	_	Begin=776.055	7x1	_	_	0-6(67)
347-1	PST050	347	347	1	rume:no,	rumeno	_	_	_	_	_	linguistic	_	none	Intonation=WeaklyRising	End=777.227	3x1	_	_	_
348-0	PST050	348	348	0	sì	sì	_	_	_	_	_	linguistic	_	none	_	Begin=777.532	_	_	_	_
348-1	PST050	348	348	1	sì:	sì	_	_	_	_	_	linguistic	_	none	_	_	1x1	_	_	_
348-2	PST050	348	348	2	però	però	_	_	_	_	_	linguistic	_	none	_	_	_	_	_	_
348-3	PST050	348	348	3	quando	quando	_	_	_	_	_	linguistic	_	none	_	_	_	_	_	_
348-4	PST050	348	348	4	c'	c'	_	_	_	_	_	linguistic	_	none	SpaceAfter=No	_	_	_	_	_
348-5	PST050	348	348	5	è	è	_	_	_	_	_	linguistic	_	none	_	_	_	_	_	_
348-6	PST050	348	348	6	qualcosa	qualcosa	_	_	_	_	_	linguistic	_	none	_	_	_	_	_	_
348-7	PST050	348	348	7	e:h	eh	_	_	_	_	_	linguistic	_	none	_	_	0x1	_	_	_
348-8	PST050	348	348	8	parliamo	parliamo	_	_	_	_	_	linguistic	_	none	_	_	_	_	_	_
348-9	PST050	348	348	9	in	in	_	_	_	_	_	linguistic	_	none	_	_	_	_	_	_
348-10	PST050	348	348	10	italia:no.	italiano	_	_	_	_	_	linguistic	_	none	Intonation=Falling	End=780.852	5x1	_	_	_
349-0	PST050	349	349	0	s[:ì:	sì	_	_	_	_	_	linguistic	_	none	PauseAfter=Yes	Begin=781.39	0x1,1x1	_	_	1-2(68)
349-1	PST050	349	349	1	(.)	(.)	_	_	_	_	_	shortpause	_	none	_	_	_	_	_	_
349-2	PST050	349	349	2	s:ì::	sì	_	_	_	_	_	linguistic	_	none	_	_	0x1,1x2	_	_	0-2(68)
349-3	PST050	349	349	3	sì	sì	_	_	_	_	_	linguistic	_	none	_	_	_	_	_	0-2(68)
349-4	PST050	349	349	4	sì:]	sì	_	_	_	_	_	linguistic	_	none	_	_	1x1	_	_	0-2(68)
349-5	PST050	349	349	5	((al_figlio))	((al_figlio))	_	_	_	_	_	nonverbalbehavior	_	none	_	_	_	_	_	_
349-6	PST050	349	349	6	no:,	no	_	_	_	_	_	linguistic	_	none	Intonation=WeaklyRising	End=783.994	1x1	_	_	_
350-0	PST213	350	350	0	[e	e	_	_	_	_	_	linguistic	_	none	_	Begin=781.436	_	_	_	0-1(68)
350-1	PST213	350	350	1	i	i	_	_	_	_	_	linguistic	_	none	_	_	_	_	_	0-1(68)
350-2	PST213	350	350	2	bambi~	bambi~	_	_	_	_	_	linguistic	_	none	Interrupted=Yes	_	_	_	_	0-6(68)
350-3	PST213	350	350	3	e:	e	_	_	_	_	_	linguistic	_	none	_	_	0x1	_	_	0-1(68)
350-4	PST213	350	350	4	coi	coi	_	_	_	_	_	linguistic	_	none	_	_	_	_	_	0-3(68)
350-5	PST213	350	350	5	bambini	bambini	_	_	_	_	_	linguistic	_	none	_	_	_	_	_	0-7(68)
350-6	PST213	350	350	6	parlate	parlate	_	_	_	_	_	linguistic	_	none	_	_	_	_	_	0-7(68)
350-7	PST213	350	350	7	un	un	_	_	_	_	_	linguistic	_	none	_	_	_	_	_	0-2(68)
350-8	PST213	350	350	8	po'	po'	_	_	_	_	_	linguistic	_	none	_	_	_	_	_	0-3(68)
350-9	PST213	350	350	9	e	e	_	_	_	_	_	linguistic	_	none	_	_	_	_	_	0-1(68)
350-10	PST213	350	350	10	un	un	_	_	_	_	_	linguistic	_	none	_	_	_	_	_	0-2(68)
350-11	PST213	350	350	11	po':],	po'	_	_	_	_	_	linguistic	_	none	Intonation=WeaklyRising	End=783.469	1x1	_	_	0-3(68)
351-0	PST050	351	351	0	((ai_figli))	((ai_figli))	_	_	_	_	_	nonverbalbehavior	_	none	_	Begin=784.986	_	_	_	_
351-1	PST050	351	351	1	ve:di	vedi	_	_	_	_	_	linguistic	_	none	_	_	1x1	_	_	_
351-2	PST050	351	351	2	lo	lo	_	_	_	_	_	linguistic	_	none	_	_	_	_	_	_
351-3	PST050	351	351	3	stuzzica:te	stuzzicate	_	_	_	_	_	linguistic	_	none	_	_	7x1	_	_	_
351-4	PST050	351	351	4	no	no	_	_	_	_	_	linguistic	_	none	_	_	_	_	_	_
351-5	PST050	351	351	5	no	no	_	_	_	_	_	linguistic	_	none	_	_	_	_	_	_
351-6	PST050	351	351	6	no:.	no	_	_	_	_	_	linguistic	_	none	Intonation=Falling	End=786.979	1x1	_	_	_
352-0	PST050	352	352	0	no	no	_	_	_	_	_	linguistic	_	none	_	Begin=788.741	_	_	_	_
352-1	PST050	352	352	1	@ivan	@ivan	_	_	_	_	_	anonymized	_	none	_	_	_	_	_	_
352-2	PST050	352	352	2	non	non	_	_	_	_	_	linguistic	_	none	_	_	_	_	_	_
352-3	PST050	352	352	3	buttare	buttare	_	_	_	_	_	linguistic	_	none	_	_	_	_	_	_
352-4	PST050	352	352	4	l'	l'	_	_	_	_	_	linguistic	_	none	SpaceAfter=No	_	_	_	_	_
352-5	PST050	352	352	5	a:cqua	acqua	_	_	_	_	_	linguistic	_	none	_	_	0x1	_	_	_
352-6	PST050	352	352	6	che	che	_	_	_	_	_	linguistic	_	none	_	_	_	_	_	_
352-7	PST050	352	352	7	non	non	_	_	_	_	_	linguistic	_	none	_	_	_	_	_	_
352-8	PST050	352	352	8	c'	c'	_	_	_	_	_	linguistic	_	none	SpaceAfter=No	_	_	_	_	_
352-9	PST050	352	352	9	è	è	_	_	_	_	_	linguistic	_	none	_	_	_	_	_	_
352-10	PST050	352	352	10	più	più	_	_	_	_	_	linguistic	_	none	_	_	_	_	_	_
352-11	PST050	352	352	11	l'	l'	_	_	_	_	_	linguistic	_	none	SpaceAfter=No	_	_	_	_	_
352-12	PST050	352	352	12	a:cqua	acqua	_	_	_	_	_	linguistic	_	none	_	_	0x1	_	_	_
352-13	PST050	352	352	13	vabbè	vabbè	_	_	_	_	_	linguistic	_	none	_	_	_	_	_	_
352-14	PST050	352	352	14	alla	alla	_	_	_	_	_	linguistic	_	none	_	_	_	_	_	_
352-15	PST050	352	352	15	fontana.	fontana	_	_	_	_	_	linguistic	_	none	Intonation=Falling	End=792.336	_	_	_	_
353-0	PST050	353	353	0	e	e	_	_	_	_	_	linguistic	_	none	_	Begin=794.059	_	_	_	_
353-1	PST050	353	353	1	niente	niente	_	_	_	_	_	linguistic	_	none	_	_	_	_	_	_
353-2	PST050	353	353	2	poi	poi	_	_	_	_	_	linguistic	_	none	_	_	_	_	_	_
353-3	PST050	353	353	3	piano	piano	_	_	_	_	_	linguistic	_	none	_	_	_	_	_	_
353-4	PST050	353	353	4	pia:no::	piano	_	_	_	_	_	linguistic	_	none	_	_	2x1,4x2	_	_	_
353-5	PST050	353	353	5	mi	mi	_	_	_	_	_	linguistic	_	none	_	_	_	_	_	_
353-6	PST050	353	353	6	ha	ha	_	_	_	_	_	linguistic	_	none	_	_	_	_	_	_
353-7	PST050	353	353	7	infilato	infilato	_	_	_	_	_	linguistic	_	none	_	_	_	_	_	_
353-8	PST050	353	353	8	anche	anche	_	_	_	_	_	linguistic	_	none	_	_	_	_	_	_
353-9	PST050	353	353	9	lei	lei	_	_	_	_	_	linguistic	_	none	_	_	_	_	_	_
353-10	PST050	353	353	10	in	in	_	_	_	_	_	linguistic	_	none	_	_	_	_	_	_
353-11	PST050	353	353	11	fabbrica:,	fabbrica	_	_	_	_	_	linguistic	_	none	Intonation=WeaklyRising	End=797.984	7x1	_	_	_
354-0	PST213	354	354	0	e::h,	eh	_	_	_	_	_	linguistic	_	none	Intonation=WeaklyRising	Begin=798.098|End=798.567	0x2	_	_	_
355-0	PST050	355	355	0	ho	ho	_	_	_	_	_	linguistic	_	none	_	Begin=799.517	_	_	_	_
355-1	PST050	355	355	1	dovuto	dovuto	_	_	_	_	_	linguistic	_	none	_	_	_	_	_	_
355-2	PST050	355	355	2	lasciare	lasciare	_	_	_	_	_	linguistic	_	none	_	_	_	_	_	_
355-3	PST050	355	355	3	anche	anche	_	_	_	_	_	linguistic	_	none	_	_	_	_	_	_
355-4	PST050	355	355	4	nel	nel	_	_	_	_	_	linguistic	_	none	_	_	_	_	_	_
355-5	PST050	355	355	5	posto	posto	_	_	_	_	_	linguistic	_	none	_	_	_	_	_	_
355-6	PST050	355	355	6	dove	dove	_	_	_	_	_	linguistic	_	none	_	_	_	_	_	_
355-7	PST050	355	355	7	le	le	_	_	_	_	_	linguistic	_	none	_	_	_	_	_	_
355-8	PST050	355	355	8	le::	le	_	_	_	_	_	linguistic	_	none	_	_	1x2	_	_	_
355-9	PST050	355	355	9	mie	mie	_	_	_	_	_	linguistic	_	none	_	_	_	_	_	_
355-10	PST050	355	355	10	amica:	amica	_	_	_	_	_	linguistic	_	none	_	_	4x1	_	_	_
355-11	PST050	355	355	11	o	o	_	_	_	_	_	linguistic	_	none	_	_	_	_	_	_
355-12	PST050	355	355	12	un:	un	_	_	_	_	_	linguistic	_	none	_	_	1x1	_	_	_
355-13	PST050	355	355	13	qualcuno	qualcuno	_	_	_	_	_	linguistic	_	none	_	_	_	_	_	_
355-14	PST050	355	355	14	che	che	_	_	_	_	_	linguistic	_	none	_	_	_	_	_	_
355-15	PST050	355	355	15	conosceva	conosceva	_	_	_	_	_	linguistic	_	none	_	_	_	_	_	_
355-16	PST050	355	355	16	che	che	_	_	_	_	_	linguistic	_	none	_	_	_	_	_	_
355-17	PST050	355	355	17	aveva	aveva	_	_	_	_	_	linguistic	_	none	_	_	_	_	_	_
355-18	PST050	355	355	18	proprio	proprio	_	_	_	_	_	linguistic	_	none	_	_	_	_	_	_
355-19	PST050	355	355	19	biso	biso	_	_	_	_	_	linguistic	_	none	_	_	_	_	_	_
355-20	PST050	355	355	20	gno,	gno	_	_	_	_	_	linguistic	_	none	Intonation=WeaklyRising	End=807.052	_	_	_	_
356-0	PST050	356	356	0	ho	ho	_	_	_	_	_	linguistic	_	none	_	Begin=807.594	_	_	_	_
356-1	PST050	356	356	1	aiutato	aiutato	_	_	_	_	_	linguistic	_	none	_	_	_	_	_	_
356-2	PST050	356	356	2	così	così	_	_	_	_	_	linguistic	_	none	_	_	_	_	_	_
356-3	PST050	356	356	3	piano	piano	_	_	_	_	_	linguistic	_	none	_	_	_	_	_	_
356-4	PST050	356	356	4	un'	un'	_	_	_	_	_	linguistic	_	none	SpaceAfter=No	_	_	_	_	_
356-5	PST050	356	356	5	altra	altra	_	_	_	_	_	linguistic	_	none	_	_	_	_	_	_
356-6	PST050	356	356	6	persona.	persona	_	_	_	_	_	linguistic	_	none	Intonation=Falling	End=810.291	_	_	_	_
357-0	PST050	357	357	0	e	e	_	_	_	_	_	linguistic	_	none	_	Begin=810.929	_	_	_	_
357-1	PST050	357	357	1	poi	poi	_	_	_	_	_	linguistic	_	none	_	_	_	_	_	_
357-2	PST050	357	357	2	sono	sono	_	_	_	_	_	linguistic	_	none	_	_	_	_	_	_
357-3	PST050	357	357	3	andata	andata	_	_	_	_	_	linguistic	_	none	_	_	_	_	_	_
357-4	PST050	357	357	4	in	in	_	_	_	_	_	linguistic	_	none	_	_	_	_	_	_
357-5	PST050	357	357	5	fabbrica	fabbrica	_	_	_	_	_	linguistic	_	none	_	_	_	_	_	_
357-6	PST050	357	357	6	ho	ho	_	_	_	_	_	linguistic	_	none	_	_	_	_	_	_
357-7	PST050	357	357	7	lavorato	lavorato	_	_	_	_	_	linguistic	_	none	_	_	_	_	_	_
357-8	PST050	357	357	8	con	con	_	_	_	_	_	linguistic	_	none	_	_	_	_	_	_
357-9	PST050	357	357	9	le	le	_	_	_	_	_	linguistic	_	none	_	_	_	_	_	_
357-10	PST050	357	357	10	xx	xx	_	_	_	_	_	unknown	_	none	Syllables=2	_	_	_	_	_
357-11	PST050	357	357	11	agenzia:	agenzia	_	_	_	_	_	linguistic	_	none	_	_	6x1	_	_	_
357-12	PST050	357	357	12	anche	anche	_	_	_	_	_	linguistic	_	none	_	_	_	_	_	_
357-13	PST050	357	357	13	lì	lì	_	_	_	_	_	linguistic	_	none	_	_	_	_	_	_
357-14	PST050	357	357	14	per	per	_	_	_	_	_	linguistic	_	none	_	_	_	_	_	_
357-15	PST050	357	357	15	un	un	_	_	_	_	_	linguistic	_	none	_	_	_	_	_	_
357-16	PST050	357	357	16	po'	po'	_	_	_	_	_	linguistic	_	none	_	_	_	_	_	_
357-17	PST050	357	357	17	di	di	_	_	_	_	_	linguistic	_	none	_	_	_	_	_	_
357-18	PST050	357	357	18	anni,	anni	_	_	_	_	_	linguistic	_	none	Intonation=WeaklyRising	End=816.199	_	_	_	_
358-0	PST050	358	358	0	ho	ho	_	_	_	_	_	linguistic	_	none	_	Begin=816.459	_	_	_	_
358-1	PST050	358	358	1	fatto	fatto	_	_	_	_	_	linguistic	_	none	_	_	_	_	_	_
358-2	PST050	358	358	2	amici:zia,	amicizia	_	_	_	_	_	linguistic	_	none	Intonation=WeaklyRising	End=817.751	4x1	_	_	_
359-0	PST213	359	359	0	((ride))	((ride))	_	_	_	_	_	nonverbalbehavior	_	none	_	Begin=817.825|End=818.14	_	_	_	_
360-0	PST050	360	360	0	che	che	_	_	_	_	_	linguistic	_	none	_	Begin=818.244	_	_	_	_
360-1	PST050	360	360	1	ancora	ancora	_	_	_	_	_	linguistic	_	none	_	_	_	_	_	_
360-2	PST050	360	360	2	adesso	adesso	_	_	_	_	_	linguistic	_	none	_	_	_	_	_	_
360-3	PST050	360	360	3	siamo	siamo	_	_	_	_	_	linguistic	_	none	_	_	_	_	_	_
360-4	PST050	360	360	4	amiche:	amiche	_	_	_	_	_	linguistic	_	none	_	_	5x1	_	_	_
360-5	PST050	360	360	5	[siamo]:::	siamo	_	_	_	_	_	linguistic	_	none	_	_	4x3	_	_	0-5(69)
360-6	PST050	360	360	6	in	in	_	_	_	_	_	linguistic	_	none	_	_	_	_	_	_
360-7	PST050	360	360	7	contatto,	contatto	_	_	_	_	_	linguistic	_	none	Intonation=WeaklyRising	End=822.316	_	_	_	_
361-0	PST213	361	361	0	[da:i]	dai	_	_	_	_	_	linguistic	_	none	_	Begin=820.255|End=820.602	1x1	_	_	0-3(69)
362-0	PST050	362	362	0	e::h	eh	_	_	_	_	_	linguistic	_	none	_	Begin=823.436|End=823.813	0x2	_	_	_
363-0	PST050	363	363	0	poi	poi	_	_	_	_	_	linguistic	_	none	_	Begin=824.579	_	_	_	_
363-1	PST050	363	363	1	piano	piano	_	_	_	_	_	linguistic	_	none	_	_	_	_	_	_
363-2	PST050	363	363	2	pia:no::::.	piano	_	_	_	_	_	linguistic	_	none	Intonation=Falling	End=826.498	2x1,4x4	_	_	_
364-0	PST050	364	364	0	l:~	l~	_	_	_	_	_	linguistic	_	none	Interrupted=Yes	Begin=826.655	0x1	_	_	_
364-1	PST050	364	364	1	la::	la	_	_	_	_	_	linguistic	_	none	_	_	1x2	_	_	_
364-2	PST050	364	364	2	fabbrica::	fabbrica	_	_	_	_	_	linguistic	_	none	_	_	7x2	_	_	_
364-3	PST050	364	364	3	l'	l'	_	_	_	_	_	linguistic	_	none	SpaceAfter=No	_	_	_	_	_
364-4	PST050	364	364	4	hanno	hanno	_	_	_	_	_	linguistic	_	none	_	_	_	_	_	_
364-5	PST050	364	364	5	preso:::	preso	_	_	_	_	_	linguistic	_	none	_	_	4x3	_	_	_
364-6	PST050	364	364	6	mh.	mh	_	_	_	_	_	linguistic	_	none	Intonation=Falling	End=829.881	_	_	_	_
365-0	PST050	365	365	0	i	i	_	_	_	_	_	linguistic	_	none	_	Begin=830.582	_	_	_	_
365-1	PST050	365	365	1	cinesi:	cinesi	_	_	_	_	_	linguistic	_	none	_	_	5x1	_	_	_
365-2	PST050	365	365	2	hanno	hanno	_	_	_	_	_	linguistic	_	none	_	_	_	_	_	_
365-3	PST050	365	365	3	dovuto	dovuto	_	_	_	_	_	linguistic	_	none	_	_	_	_	_	_
365-4	PST050	365	365	4	lasciarli	lasciarli	_	_	_	_	_	linguistic	_	none	_	_	_	_	_	_
365-5	PST050	365	365	5	a	a	_	_	_	_	_	linguistic	_	none	_	_	_	_	_	_
365-6	PST050	365	365	6	ca:sa:	casa	_	_	_	_	_	linguistic	_	none	_	_	1x1,3x1	_	_	_
365-7	PST050	365	365	7	[che:	che	_	_	_	_	_	linguistic	_	none	_	_	2x1	_	_	0-3(70)
365-8	PST050	365	365	8	è]?	è	_	_	_	_	_	linguistic	_	none	Intonation=Rising	End=834.199	_	_	_	0-1(70)
366-0	PST212	366	366	0	[okay	okay	_	_	_	_	_	linguistic	_	none	PauseAfter=Yes	Begin=833.29	_	_	_	0-4(70)
366-1	PST212	366	366	1	(.)	(.)	_	_	_	_	_	shortpause	_	none	_	_	_	_	_	_
366-2	PST212	366	366	2	ma	ma	_	_	_	_	_	linguistic	_	none	_	_	_	_	_	0-2(70)
366-3	PST212	366	366	3	che]	che	_	_	_	_	_	linguistic	_	none	_	_	_	_	_	0-3(70)
366-4	PST212	366	366	4	fabbrica	fabbrica	_	_	_	_	_	linguistic	_	none	_	_	_	_	_	_
366-5	PST212	366	366	5	e:ra,	era	_	_	_	_	_	linguistic	_	none	Intonation=WeaklyRising	End=835.057	0x1	_	_	_
367-0	PST050	367	367	0	vaglio	vaglio	_	_	_	_	_	linguistic	_	none	PauseAfter=Yes	Begin=835.19	_	_	_	_
367-1	PST050	367	367	1	(.)	(.)	_	_	_	_	_	shortpause	_	none	_	_	_	_	_	_
367-2	PST050	367	367	2	facevo::	facevo	_	_	_	_	_	linguistic	_	none	_	_	5x2	_	_	_
367-3	PST050	367	367	3	i::	i	_	_	_	_	_	linguistic	_	none	_	_	0x2	_	_	_
367-4	PST050	367	367	4	cosi	cosi	_	_	_	_	_	linguistic	_	none	_	_	_	_	_	_
367-5	PST050	367	367	5	delle	delle	_	_	_	_	_	linguistic	_	none	_	_	_	_	_	_
367-6	PST050	367	367	6	macchine?	macchine	_	_	_	_	_	linguistic	_	none	Intonation=Rising	End=838.531	_	_	_	_
368-0	PST213	368	368	0	o:h	oh	_	_	_	_	_	linguistic	_	none	_	Begin=838.79|End=839.009	0x1	_	_	_
369-0	PST212	369	369	0	okay.	okay	_	_	_	_	_	linguistic	_	none	Intonation=Falling	Begin=839.179|End=839.79	_	_	_	_
370-0	PST050	370	370	0	delle	delle	_	_	_	_	_	linguistic	_	none	_	Begin=840.252	_	_	_	_
370-1	PST050	370	370	1	ma:cchine	macchine	_	_	_	_	_	linguistic	_	none	_	_	1x1	_	_	_
370-2	PST050	370	370	2	i	i	_	_	_	_	_	linguistic	_	none	_	_	_	_	_	_
370-3	PST050	370	370	3	p~	p~	_	_	_	_	_	linguistic	_	none	Interrupted=Yes	_	_	_	_	_
370-4	PST050	370	370	4	i:	i	_	_	_	_	_	linguistic	_	none	_	_	0x1	_	_	_
370-5	PST050	370	370	5	vetri::	vetri	_	_	_	_	_	linguistic	_	none	_	_	4x2	_	_	_
370-6	PST050	370	370	6	specchi::	specchi	_	_	_	_	_	linguistic	_	none	_	_	6x2	_	_	_
370-7	PST050	370	370	7	maniglie?	maniglie	_	_	_	_	_	linguistic	_	none	Intonation=Rising	End=844.718	_	_	_	_
371-0	PST050	371	371	0	((ai_figli))	((ai_figli))	_	_	_	_	_	nonverbalbehavior	_	none	_	Begin=845.255	_	_	_	_
371-1	PST050	371	371	1	dov'	dov'	_	_	_	_	_	linguistic	_	none	SpaceAfter=No	_	_	_	_	_
371-2	PST050	371	371	2	è?	è	_	_	_	_	_	linguistic	_	none	Intonation=Rising	End=845.544	_	_	_	_
372-0	PST050	372	372	0	ah	ah	_	_	_	_	_	linguistic	_	none	_	Begin=846.459	_	_	_	_
372-1	PST050	372	372	1	è	è	_	_	_	_	_	linguistic	_	none	_	_	_	_	_	_
372-2	PST050	372	372	2	qua:,	qua	_	_	_	_	_	linguistic	_	none	Intonation=WeaklyRising	End=846.967	2x1	_	_	_
373-0	PST050	373	373	0	mh	mh	_	_	_	_	_	linguistic	_	none	_	Begin=847.855|End=848.013	_	_	_	_
374-0	PST050	374	374	0	e::h	eh	_	_	_	_	_	linguistic	_	none	_	Begin=848.294	0x2	_	_	_
374-1	PST050	374	374	1	ba~:,	ba~:,	_	_	_	_	_	error	_	none	_	End=849.262	_	_	_	_
375-0	PST050	375	375	0	lavorando	lavorando	_	_	_	_	_	linguistic	_	none	_	Begin=849.559	_	_	_	_
375-1	PST050	375	375	1	lì:	lì	_	_	_	_	_	linguistic	_	none	_	_	1x1	_	_	_
375-2	PST050	375	375	2	ho	ho	_	_	_	_	_	linguistic	_	none	_	_	_	_	_	_
375-3	PST050	375	375	3	continuato	continuato	_	_	_	_	_	linguistic	_	none	_	_	_	_	_	_
375-4	PST050	375	375	4	a	a	_	_	_	_	_	linguistic	_	none	_	_	_	_	_	_
375-5	PST050	375	375	5	lavorare	lavorare	_	_	_	_	_	linguistic	_	none	_	_	_	_	_	_
375-6	PST050	375	375	6	poi	poi	_	_	_	_	_	linguistic	_	none	_	_	_	_	_	_
375-7	PST050	375	375	7	quando	quando	_	_	_	_	_	linguistic	_	none	_	_	_	_	_	_
375-8	PST050	375	375	8	ci	ci	_	_	_	_	_	linguistic	_	none	_	_	_	_	_	_
375-9	PST050	375	375	9	hanno	hanno	_	_	_	_	_	linguistic	_	none	_	_	_	_	_	_
375-10	PST050	375	375	10	lasciati	lasciati	_	_	_	_	_	linguistic	_	none	_	_	_	_	_	_
375-11	PST050	375	375	11	tutti	tutti	_	_	_	_	_	linguistic	_	none	_	_	_	_	_	_
375-12	PST050	375	375	12	a	a	_	_	_	_	_	linguistic	_	none	_	_	_	_	_	_
375-13	PST050	375	375	13	casa	casa	_	_	_	_	_	linguistic	_	none	_	_	_	_	_	_
375-14	PST050	375	375	14	cerca	cerca	_	_	_	_	_	linguistic	_	none	_	_	_	_	_	_
375-15	PST050	375	375	15	un'	un'	_	_	_	_	_	linguistic	_	none	SpaceAfter=No	_	_	_	_	_
375-16	PST050	375	375	16	altra	altra	_	_	_	_	_	linguistic	_	none	_	_	_	_	_	_
375-17	PST050	375	375	17	ehm	ehm	_	_	_	_	_	linguistic	_	none	_	_	_	_	_	_
375-18	PST050	375	375	18	[prendi	prendi	_	_	_	_	_	linguistic	_	none	_	_	_	_	_	0-6(?)
375-19	PST050	375	375	19	tu]tto	tutto	_	_	_	_	_	linguistic	_	none	_	_	_	_	_	0-2(?)
375-20	PST050	375	375	20	da	da	_	_	_	_	_	linguistic	_	none	_	_	_	_	_	_
375-21	PST050	375	375	21	c[apo].	capo	_	_	_	_	_	linguistic	_	none	Intonation=Falling	End=856.403	_	_	_	0-4(?)
376-0	PST213	376	376	0	((ride))	((ride))	_	_	_	_	_	nonverbalbehavior	_	none	_	Begin=854.74|End=855.346	_	_	_	_
377-0	PST212	377	377	0	[e:h	eh	_	_	_	_	_	linguistic	_	none	PauseAfter=Yes	Begin=855.699	0x1	_	_	0-2(?)
377-1	PST212	377	377	1	(.)	(.)	_	_	_	_	_	shortpause	_	none	_	_	_	_	_	_
377-2	PST212	377	377	2	è	è	_	_	_	_	_	linguistic	_	none	_	_	_	_	_	0-1(?)
377-3	PST212	377	377	3	stato	stato	_	_	_	_	_	linguistic	_	none	_	_	_	_	_	0-5(?)
377-4	PST212	377	377	4	dif]fi:c[ile].	difficile	_	_	_	_	_	linguistic	_	none	Intonation=Falling	End=857.569	4x1	_	_	6-9(?)
378-0	PST213	378	378	0	[e:h]	eh	_	_	_	_	_	linguistic	_	none	_	Begin=856.417|End=856.887	0x1	_	_	0-2(72)
379-0	PST050	379	379	0	[poi:]	poi	_	_	_	_	_	linguistic	_	none	_	Begin=857.322	2x1	_	_	0-3(73)
379-1	PST050	379	379	1	dove	dove	_	_	_	_	_	linguistic	_	none	_	_	_	_	_	_
379-2	PST050	379	379	2	ho	ho	_	_	_	_	_	linguistic	_	none	_	_	_	_	_	_
379-3	PST050	379	379	3	lavorato	lavorato	_	_	_	_	_	linguistic	_	none	_	_	_	_	_	_
379-4	PST050	379	379	4	mi	mi	_	_	_	_	_	linguistic	_	none	_	_	_	_	_	_
379-5	PST050	379	379	5	cercava	cercava	_	_	_	_	_	linguistic	_	none	_	_	_	_	_	_
379-6	PST050	379	379	6	come	come	_	_	_	_	_	linguistic	_	none	_	_	_	_	_	_
379-7	PST050	379	379	7	era	era	_	_	_	_	_	linguistic	_	none	_	_	_	_	_	_
379-8	PST050	379	379	8	l'	l'	_	_	_	_	_	linguistic	_	none	SpaceAfter=No	_	_	_	_	_
379-9	PST050	379	379	9	amica	amica	_	_	_	_	_	linguistic	_	none	_	_	_	_	_	_
379-10	PST050	379	379	10	che	che	_	_	_	_	_	linguistic	_	none	_	_	_	_	_	_
379-11	PST050	379	379	11	poi:	poi	_	_	_	_	_	linguistic	_	none	_	_	2x1	_	_	_
379-12	PST050	379	379	12	è	è	_	_	_	_	_	linguistic	_	none	_	_	_	_	_	_
379-13	PST050	379	379	13	rimasta	rimasta	_	_	_	_	_	linguistic	_	none	_	_	_	_	_	_
379-14	PST050	379	379	14	incinta:?	incinta	_	_	_	_	_	linguistic	_	none	Intonation=Rising	End=861.981	6x1	_	_	_
380-0	PST050	380	380	0	che:	che	_	_	_	_	_	linguistic	_	none	_	Begin=861.981	2x1	_	_	_
380-1	PST050	380	380	1	vieni	vieni	_	_	_	_	_	linguistic	_	none	_	_	_	_	_	_
380-2	PST050	380	380	2	torni	torni	_	_	_	_	_	linguistic	_	none	_	_	_	_	_	_
380-3	PST050	380	380	3	tu:	tu	_	_	_	_	_	linguistic	_	none	_	_	1x1	_	_	_
380-4	PST050	380	380	4	fai	fai	_	_	_	_	_	linguistic	_	none	_	_	_	_	_	_
380-5	PST050	380	380	5	tu:,	tu	_	_	_	_	_	linguistic	_	none	Intonation=WeaklyRising	End=864.559	1x1	_	_	_
381-0	PST050	381	381	0	ci	ci	_	_	_	_	_	linguistic	_	none	_	Begin=864.822	_	_	_	_
381-1	PST050	381	381	1	siamo	siamo	_	_	_	_	_	linguistic	_	none	_	_	_	_	_	_
381-2	PST050	381	381	2	dati	dati	_	_	_	_	_	linguistic	_	none	_	_	_	_	_	_
381-3	PST050	381	381	3	un	un	_	_	_	_	_	linguistic	_	none	_	_	_	_	_	_
381-4	PST050	381	381	4	po'	po'	_	_	_	_	_	linguistic	_	none	_	_	_	_	_	_
381-5	PST050	381	381	5	poi	poi	_	_	_	_	_	linguistic	_	none	_	_	_	_	_	_
381-6	PST050	381	381	6	piano	piano	_	_	_	_	_	linguistic	_	none	_	_	_	_	_	_
381-7	PST050	381	381	7	piano:::.	piano	_	_	_	_	_	linguistic	_	none	Intonation=Falling	End=867.654	4x3	_	_	_
382-0	PST050	382	382	0	ho	ho	_	_	_	_	_	linguistic	_	none	_	Begin=868.24	_	_	_	_
382-1	PST050	382	382	1	trovato::	trovato	_	_	_	_	_	linguistic	_	none	_	_	6x2	_	_	_
382-2	PST050	382	382	2	anche	anche	_	_	_	_	_	linguistic	_	none	_	_	_	_	_	_
382-3	PST050	382	382	3	altre	altre	_	_	_	_	_	linguistic	_	none	_	_	_	_	_	_
382-4	PST050	382	382	4	ore:,	ore	_	_	_	_	_	linguistic	_	none	Intonation=WeaklyRising	End=870.599	2x1	_	_	_
383-0	PST050	383	383	0	e	e	_	_	_	_	_	linguistic	_	none	_	Begin=872.293	_	_	_	_
383-1	PST050	383	383	1	po:i,	poi	_	_	_	_	_	linguistic	_	none	Intonation=WeaklyRising	End=872.875	1x1	_	_	_
384-0	PST050	384	384	0	cosa	cosa	_	_	_	_	_	linguistic	_	none	_	Begin=874.099	_	_	_	_
384-1	PST050	384	384	1	ho	ho	_	_	_	_	_	linguistic	_	none	_	_	_	_	_	_
384-2	PST050	384	384	2	fatto	fatto	_	_	_	_	_	linguistic	_	none	_	_	_	_	_	_
384-3	PST050	384	384	3	altro.	altro	_	_	_	_	_	linguistic	_	none	Intonation=Falling	End=875.164	_	_	_	_
385-0	PST050	385	385	0	sì	sì	_	_	_	_	_	linguistic	_	none	_	Begin=875.587	_	_	_	_
385-1	PST050	385	385	1	le	le	_	_	_	_	_	linguistic	_	none	_	_	_	_	_	_
385-2	PST050	385	385	2	ore:?	ore	_	_	_	_	_	linguistic	_	none	Intonation=Rising	End=876.528	2x1	_	_	_
386-0	PST050	386	386	0	poi	poi	_	_	_	_	_	linguistic	_	none	_	Begin=877.469	_	_	_	_
386-1	PST050	386	386	1	dove	dove	_	_	_	_	_	linguistic	_	none	_	_	_	_	_	_
386-2	PST050	386	386	2	mi	mi	_	_	_	_	_	linguistic	_	none	_	_	_	_	_	_
386-3	PST050	386	386	3	sono	sono	_	_	_	_	_	linguistic	_	none	_	_	_	_	_	_
386-4	PST050	386	386	4	trasferita	trasferita	_	_	_	_	_	linguistic	_	none	_	_	_	_	_	_
386-5	PST050	386	386	5	abitare:	abitare	_	_	_	_	_	linguistic	_	none	_	_	6x1	_	_	_
386-6	PST050	386	386	6	più	più	_	_	_	_	_	linguistic	_	none	_	_	_	_	_	_
386-7	PST050	386	386	7	vicino:	vicino	_	_	_	_	_	linguistic	_	none	_	_	5x1	_	_	_
386-8	PST050	386	386	8	al[la	alla	_	_	_	_	_	linguistic	_	none	_	_	_	_	_	2-4(74)
386-9	PST050	386	386	9	cugina]?	cugina	_	_	_	_	_	linguistic	_	none	Intonation=Rising	End=881.281	_	_	_	0-6(74)
387-0	PST213	387	387	0	[e:h	eh	_	_	_	_	_	linguistic	_	none	_	Begin=880.628	0x1	_	_	0-2(74)
387-1	PST213	387	387	1	dove:]	dove	_	_	_	_	_	linguistic	_	none	_	_	3x1	_	_	0-4(74)
387-2	PST213	387	387	2	in	in	_	_	_	_	_	linguistic	_	none	_	_	_	_	_	_
387-3	PST213	387	387	3	che	che	_	_	_	_	_	linguistic	_	none	_	_	_	_	_	_
387-4	PST213	387	387	4	zona::	zona	_	_	_	_	_	linguistic	_	none	_	_	3x2	_	_	_
387-5	PST213	387	387	5	stai	stai	_	_	_	_	_	linguistic	_	none	_	_	_	_	_	_
387-6	PST213	387	387	6	tu.	tu	_	_	_	_	_	linguistic	_	none	Intonation=Falling	End=882.84	_	_	_	_
388-0	PST050	388	388	0	io:	io	_	_	_	_	_	linguistic	_	none	_	Begin=882.946	1x1	_	_	_
388-1	PST050	388	388	1	@nomeluogo	@nomeluogo	_	_	_	_	_	anonymized	_	none	_	End=884.253	_	_	_	_
389-0	PST213	389	389	0	okay.	okay	_	_	_	_	_	linguistic	_	none	Intonation=Falling	Begin=884.469|End=885.037	_	_	_	_
390-0	PST050	390	390	0	quasi	quasi	_	_	_	_	_	linguistic	_	none	_	Begin=885.037	_	_	_	_
390-1	PST050	390	390	1	@nomeluogo	@nomeluogo	_	_	_	_	_	anonymized	_	none	_	_	_	_	_	_
390-2	PST050	390	390	2	un	un	_	_	_	_	_	linguistic	_	none	_	_	_	_	_	_
390-3	PST050	390	390	3	po'	po'	_	_	_	_	_	linguistic	_	none	_	_	_	_	_	_
390-4	PST050	390	390	4	più	più	_	_	_	_	_	linguistic	_	none	_	_	_	_	_	_
390-5	PST050	390	390	5	indietro	indietro	_	_	_	_	_	linguistic	_	none	_	_	_	_	_	_
390-6	PST050	390	390	6	parco	parco	_	_	_	_	_	linguistic	_	none	_	_	_	_	_	_
390-7	PST050	390	390	7	dora:?	dora	_	_	_	_	_	linguistic	_	none	Intonation=Rising	End=887.868	3x1	_	_	_
391-0	PST213	391	391	0	s:ì	sì	_	_	_	_	_	linguistic	_	none	_	Begin=887.875|End=888.246	0x1	_	_	_
392-0	PST212	392	392	0	okay	okay	_	_	_	_	_	linguistic	_	none	_	Begin=888.246|End=888.817	_	_	_	_
393-0	PST050	393	393	0	e[:h	eh	_	_	_	_	_	linguistic	_	none	_	Begin=888.934	0x1	_	_	1-2(75)
393-1	PST050	393	393	1	lì]:?	lì	_	_	_	_	_	linguistic	_	none	Intonation=Rising	End=889.88	1x1	_	_	0-2(75)
394-0	PST213	394	394	0	[e	e	_	_	_	_	_	linguistic	_	none	_	Begin=889.14	_	_	_	0-1(75)
394-1	PST213	394	394	1	sì:]	sì	_	_	_	_	_	linguistic	_	none	_	End=889.611	1x1	_	_	0-2(75)
395-0	PST213	395	395	0	e	e	_	_	_	_	_	linguistic	_	none	_	Begin=889.975	_	_	_	_
395-1	PST213	395	395	1	ti	ti	_	_	_	_	_	linguistic	_	none	_	_	_	_	_	_
395-2	PST213	395	395	2	trovi	trovi	_	_	_	_	_	linguistic	_	none	_	_	_	_	_	_
395-3	PST213	395	395	3	bene	bene	_	_	_	_	_	linguistic	_	none	_	_	_	_	_	_
395-4	PST213	395	395	4	lì	lì	_	_	_	_	_	linguistic	_	none	_	_	_	_	_	_
395-5	PST213	395	395	5	[ti	ti	_	_	_	_	_	linguistic	_	none	_	_	_	_	_	0-2(76)
395-6	PST213	395	395	6	pia:ce]?	piace	_	_	_	_	_	linguistic	_	none	Intonation=Rising	End=891.39	2x1	_	_	0-5(76)
396-0	PST050	396	396	0	[s:ì	sì	_	_	_	_	_	linguistic	_	none	_	Begin=890.881	0x1	_	_	0-2(76)
396-1	PST050	396	396	1	sì]:	sì	_	_	_	_	_	linguistic	_	none	_	_	1x1	_	_	0-2(76)
396-2	PST050	396	396	2	sì	sì	_	_	_	_	_	linguistic	_	none	_	_	_	_	_	_
396-3	PST050	396	396	3	sì	sì	_	_	_	_	_	linguistic	_	none	PauseAfter=Yes	_	_	_	_	_
396-4	PST050	396	396	4	(.)	(.)	_	_	_	_	_	shortpause	_	none	_	_	_	_	_	_
396-5	PST050	396	396	5	bene.	bene	_	_	_	_	_	linguistic	_	none	Intonation=Falling	End=893.06	_	_	_	_
397-0	PST050	397	397	0	dove	dove	_	_	_	_	_	linguistic	_	none	_	Begin=893.422	_	_	_	_
397-1	PST050	397	397	1	sono	sono	_	_	_	_	_	linguistic	_	none	_	_	_	_	_	_
397-2	PST050	397	397	2	stata	stata	_	_	_	_	_	linguistic	_	none	_	_	_	_	_	_
397-3	PST050	397	397	3	bene.	bene	_	_	_	_	_	linguistic	_	none	Intonation=Falling	End=894.748	_	_	_	_
398-0	PST050	398	398	0	e	e	_	_	_	_	_	linguistic	_	none	_	Begin=896.246	_	_	_	_
398-1	PST050	398	398	1	dove	dove	_	_	_	_	_	linguistic	_	none	_	_	_	_	_	_
398-2	PST050	398	398	2	mi	mi	_	_	_	_	_	linguistic	_	none	_	_	_	_	_	_
398-3	PST050	398	398	3	sono	sono	_	_	_	_	_	linguistic	_	none	_	_	_	_	_	_
398-4	PST050	398	398	4	messa	messa	_	_	_	_	_	linguistic	_	none	_	_	_	_	_	_
398-5	PST050	398	398	5	lì::	lì	_	_	_	_	_	linguistic	_	none	_	_	1x2	_	_	_
398-6	PST050	398	398	6	a	a	_	_	_	_	_	linguistic	_	none	_	_	_	_	_	_
398-7	PST050	398	398	7	stare:,	stare	_	_	_	_	_	linguistic	_	none	Intonation=WeaklyRising	End=898.66	4x1	_	_	_
399-0	PST050	399	399	0	ho	ho	_	_	_	_	_	linguistic	_	none	_	Begin=899.093	_	_	_	_
399-1	PST050	399	399	1	conosciuto	conosciuto	_	_	_	_	_	linguistic	_	none	_	_	_	_	_	_
399-2	PST050	399	399	2	un	un	_	_	_	_	_	linguistic	_	none	_	_	_	_	_	_
399-3	PST050	399	399	3	nonno	nonno	_	_	_	_	_	linguistic	_	none	_	_	_	_	_	_
399-4	PST050	399	399	4	che	che	_	_	_	_	_	linguistic	_	none	_	_	_	_	_	_
399-5	PST050	399	399	5	è	è	_	_	_	_	_	linguistic	_	none	_	_	_	_	_	_
399-6	PST050	399	399	6	ancora	ancora	_	_	_	_	_	linguistic	_	none	_	_	_	_	_	_
399-7	PST050	399	399	7	adesso,	adesso	_	_	_	_	_	linguistic	_	none	Intonation=WeaklyRising	End=901.368	_	_	_	_
400-0	PST213	400	400	0	ah	ah	_	_	_	_	_	linguistic	_	none	_	Begin=901.505	_	_	_	_
400-1	PST213	400	400	1	a:h	ah	_	_	_	_	_	linguistic	_	none	_	End=901.893	0x1	_	_	_
401-0	PST050	401	401	0	che	che	_	_	_	_	_	linguistic	_	none	_	Begin=901.993	_	_	_	_
401-1	PST050	401	401	1	sono::	sono	_	_	_	_	_	linguistic	_	none	_	_	3x2	_	_	_
401-2	PST050	401	401	2	quindici	quindici	_	_	_	_	_	linguistic	_	none	_	_	_	_	_	_
401-3	PST050	401	401	3	anni:?	anni	_	_	_	_	_	linguistic	_	none	Intonation=Rising	End=903.996	3x1	_	_	_
402-0	PST050	402	402	0	che	che	_	_	_	_	_	linguistic	_	none	_	Begin=904.764	_	_	_	_
402-1	PST050	402	402	1	sono	sono	_	_	_	_	_	linguistic	_	none	_	_	_	_	_	_
402-2	PST050	402	402	2	insieme::	insieme	_	_	_	_	_	linguistic	_	none	_	_	6x2	_	_	_
402-3	PST050	402	402	3	dove	dove	_	_	_	_	_	linguistic	_	none	_	_	_	_	_	_
402-4	PST050	402	402	4	lavoro?	lavoro	_	_	_	_	_	linguistic	_	none	Intonation=Rising	End=906.994	_	_	_	_
403-0	PST213	403	403	0	ah	ah	_	_	_	_	_	linguistic	_	none	_	Begin=907.075	_	_	_	_
403-1	PST213	403	403	1	a:h	ah	_	_	_	_	_	linguistic	_	none	_	End=907.546	0x1	_	_	_
404-0	PST050	404	404	0	perché	perché	_	_	_	_	_	linguistic	_	none	_	Begin=908.146	_	_	_	_
404-1	PST050	404	404	1	trami~	trami~	_	_	_	_	_	linguistic	_	none	Interrupted=Yes	_	_	_	_	_
404-2	PST050	404	404	2	i:	i	_	_	_	_	_	linguistic	_	none	_	_	0x1	_	_	_
404-3	PST050	404	404	3	referent(i)	referenti	_	_	_	_	_	linguistic	_	none	_	_	_	_	8-9(0)	_
404-4	PST050	404	404	4	e	e	_	_	_	_	_	linguistic	_	none	_	_	_	_	_	_
404-5	PST050	404	404	5	conoscenti	conoscenti	_	_	_	_	_	linguistic	_	none	_	_	_	_	_	_
404-6	PST050	404	404	6	che::	che	_	_	_	_	_	linguistic	_	none	_	_	2x2	_	_	_
404-7	PST050	404	404	7	guardavo	guardavo	_	_	_	_	_	linguistic	_	none	_	_	_	_	_	_
404-8	PST050	404	404	8	la	la	_	_	_	_	_	linguistic	_	none	_	_	_	_	_	_
404-9	PST050	404	404	9	moglie.	moglie	_	_	_	_	_	linguistic	_	none	Intonation=Falling	End=912.593	_	_	_	_
405-0	PST213	405	405	0	o[kay]	okay	_	_	_	_	_	linguistic	_	none	_	Begin=912.722|End=913.117	_	_	_	1-4(77)
406-0	PST050	406	406	0	[c~]	c~	_	_	_	_	_	linguistic	_	none	Interrupted=Yes	Begin=912.893|End=913.111	_	_	_	0-2(77)
407-0	PST212	407	407	0	[a::h	ah	_	_	_	_	_	linguistic	_	none	_	Begin=913.399	0x2	_	_	0-2(78)
407-1	PST212	407	407	1	quindi	quindi	_	_	_	_	_	linguistic	_	none	_	_	_	_	_	0-6(78)
407-2	PST212	407	407	2	non	non	_	_	_	_	_	linguistic	_	none	_	_	_	_	_	0-3(78)
407-3	PST212	407	407	3	è]	è	_	_	_	_	_	linguistic	_	none	_	_	_	_	_	0-1(78)
407-4	PST212	407	407	4	il	il	_	_	_	_	_	linguistic	_	none	_	_	_	_	_	_
407-5	PST212	407	407	5	vero	vero	_	_	_	_	_	linguistic	_	none	_	_	_	_	_	_
407-6	PST212	407	407	6	no:nno::.	nonno	_	_	_	_	_	linguistic	_	none	Intonation=Falling	End=915.529	1x1,4x2	_	_	_
408-0	PST050	408	408	0	[cerca:va],	cercava	_	_	_	_	_	linguistic	_	none	Intonation=WeaklyRising	Begin=913.399|End=914.199	4x1	_	_	0-7(78)
409-0	PST050	409	409	0	no:	no	_	_	_	_	_	linguistic	_	none	_	Begin=915.528	1x1	_	_	_
409-1	PST050	409	409	1	perché	perché	_	_	_	_	_	linguistic	_	none	_	_	_	_	_	_
409-2	PST050	409	409	2	loro	loro	_	_	_	_	_	linguistic	_	none	_	_	_	_	_	_
409-3	PST050	409	409	3	son	son	_	_	_	_	_	linguistic	_	none	_	_	_	_	_	_
409-4	PST050	409	409	4	cresciu:ti::	cresciuti	_	_	_	_	_	linguistic	_	none	_	End=918.104	6x1,8x2	_	_	_
410-0	PST050	410	410	0	[perché	perché	_	_	_	_	_	linguistic	_	none	_	Begin=918.564	_	_	_	0-6(80)
410-1	PST050	410	410	1	i	i	_	_	_	_	_	linguistic	_	none	_	_	_	_	_	0-1(80)
410-2	PST050	410	410	2	nonni:	nonni	_	_	_	_	_	linguistic	_	none	_	_	4x1	_	_	0-5(80)
410-3	PST050	410	410	3	il	il	_	_	_	_	_	linguistic	_	none	_	_	_	_	_	0-2(80)
410-4	PST050	410	410	4	nonno::	nonno	_	_	_	_	_	linguistic	_	none	_	_	4x2	_	_	0-5(80)
410-5	PST050	410	410	5	non	non	_	_	_	_	_	linguistic	_	none	_	_	_	_	_	0-3(80)
410-6	PST050	410	410	6	ne	ne	_	_	_	_	_	linguistic	_	none	_	_	_	_	_	0-2(80)
410-7	PST050	410	410	7	ha]	ha	_	_	_	_	_	linguistic	_	none	_	_	_	_	_	0-2(80)
410-8	PST050	410	410	8	c'	c'	_	_	_	_	_	linguistic	_	none	SpaceAfter=No	_	_	_	_	_
410-9	PST050	410	410	9	è	è	_	_	_	_	_	linguistic	_	none	_	_	_	_	_	_
410-10	PST050	410	410	10	le	le	_	_	_	_	_	linguistic	_	none	_	_	_	_	_	_
410-11	PST050	410	410	11	nonne	nonne	_	_	_	_	_	linguistic	_	none	_	_	_	_	_	_
410-12	PST050	410	410	12	che	che	_	_	_	_	_	linguistic	_	none	_	_	_	_	_	_
410-13	PST050	410	410	13	son	son	_	_	_	_	_	linguistic	_	none	_	_	_	_	_	_
410-14	PST050	410	410	14	rimasti	rimasti	_	_	_	_	_	linguistic	_	none	_	_	_	_	_	_
410-15	PST050	410	410	15	due?	due	_	_	_	_	_	linguistic	_	none	Intonation=Rising	End=923.054	_	_	_	_
411-0	PST212	411	411	0	[xx	xx	_	_	_	_	_	unknown	_	none	Syllables=2	Begin=918.57	_	_	_	0-2(80)
411-1	PST212	411	411	1	xx	xx	_	_	_	_	_	unknown	_	none	PauseAfter=Yes|Syllables=2	_	_	_	_	0-2(80)
411-2	PST212	411	411	2	(.)	(.)	_	_	_	_	_	shortpause	_	none	_	_	_	_	_	_
411-3	PST212	411	411	3	sì:].	sì	_	_	_	_	_	linguistic	_	none	Intonation=Falling	End=920.975	1x1	_	_	0-2(80)
412-0	PST050	412	412	0	e	e	_	_	_	_	_	linguistic	_	none	_	Begin=923.781	_	_	_	_
412-1	PST050	412	412	1	per	per	_	_	_	_	_	linguistic	_	none	_	_	_	_	_	_
412-2	PST050	412	412	2	lui::	lui	_	_	_	_	_	linguistic	_	none	_	_	2x2	_	_	_
412-3	PST050	412	412	3	nonno::	nonno	_	_	_	_	_	linguistic	_	none	_	_	4x2	_	_	_
412-4	PST050	412	412	4	nonno.	nonno	_	_	_	_	_	linguistic	_	none	Intonation=Falling	End=926.391	_	_	_	_
413-0	PST213	413	413	0	a[:h]	ah	_	_	_	_	_	linguistic	_	none	_	Begin=926.693|End=927.017	0x1	_	_	1-2(81)
414-0	PST212	414	414	0	[o]kay	okay	_	_	_	_	_	linguistic	_	none	_	Begin=926.834|End=927.27	_	_	_	0-1(81)
415-0	PST213	415	415	0	no:nno	nonno	_	_	_	_	_	linguistic	_	none	_	Begin=927.528	1x1	_	_	_
415-1	PST213	415	415	1	xx	xx	_	_	_	_	_	unknown	_	none	Syllables=2	End=928.1669999999999	_	_	_	_
416-0	PST050	416	416	0	e	e	_	_	_	_	_	linguistic	_	none	_	Begin=928.1669999999999	_	_	_	_
416-1	PST050	416	416	1	s:ì	sì	_	_	_	_	_	linguistic	_	none	_	_	0x1	_	_	_
416-2	PST050	416	416	2	lui	lui	_	_	_	_	_	linguistic	_	none	_	_	_	_	_	_
416-3	PST050	416	416	3	ha	ha	_	_	_	_	_	linguistic	_	none	_	_	_	_	_	_
416-4	PST050	416	416	4	dei	dei	_	_	_	_	_	linguistic	_	none	_	_	_	_	_	_
416-5	PST050	416	416	5	nipoti	nipoti	_	_	_	_	_	linguistic	_	none	_	_	_	_	_	_
416-6	PST050	416	416	6	la	la	_	_	_	_	_	linguistic	_	none	_	_	_	_	_	_
416-7	PST050	416	416	7	parte	parte	_	_	_	_	_	linguistic	_	none	_	_	_	_	_	_
416-8	PST050	416	416	8	della	della	_	_	_	_	_	linguistic	_	none	_	_	_	_	_	_
416-9	PST050	416	416	9	moglie?	moglie	_	_	_	_	_	linguistic	_	none	Intonation=Rising	End=931.414	_	_	_	_
417-0	PST050	417	417	0	non	non	_	_	_	_	_	linguistic	_	none	_	Begin=931.77	_	_	_	_
417-1	PST050	417	417	1	avendo	avendo	_	_	_	_	_	linguistic	_	none	_	_	_	_	_	_
417-2	PST050	417	417	2	i	i	_	_	_	_	_	linguistic	_	none	_	_	_	_	_	_
417-3	PST050	417	417	3	figli,	figli	_	_	_	_	_	linguistic	_	none	Intonation=WeaklyRising	End=932.934	_	_	_	_
418-0	PST050	418	418	0	per	per	_	_	_	_	_	linguistic	_	none	_	Begin=933.258	_	_	_	_
418-1	PST050	418	418	1	lui::	lui	_	_	_	_	_	linguistic	_	none	_	_	2x2	_	_	_
418-2	PST050	418	418	2	la	la	_	_	_	_	_	linguistic	_	none	_	_	_	_	_	_
418-3	PST050	418	418	3	sua	sua	_	_	_	_	_	linguistic	_	none	PauseAfter=Yes	_	_	_	_	_
418-4	PST050	418	418	4	(.)	(.)	_	_	_	_	_	shortpause	_	none	_	_	_	_	_	_
418-5	PST050	418	418	5	((ai_figli))	((ai_figli))	_	_	_	_	_	nonverbalbehavior	_	none	_	_	_	_	_	_
418-6	PST050	418	418	6	NO::,	no	_	_	_	_	_	linguistic	_	none	Intonation=WeaklyRising|Volume=high	End=935.299	1x2	_	_	_
419-0	PST050	419	419	0	((ai_figli))	((ai_figli))	_	_	_	_	_	nonverbalbehavior	_	none	_	Begin=935.864	_	_	_	_
419-1	PST050	419	419	1	andate	andate	_	_	_	_	_	linguistic	_	none	_	_	_	_	_	_
419-2	PST050	419	419	2	giocare	giocare	_	_	_	_	_	linguistic	_	none	_	_	_	_	_	_
419-3	PST050	419	419	3	per	per	_	_	_	_	_	linguistic	_	none	_	_	_	_	_	_
419-4	PST050	419	419	4	favore	favore	_	_	_	_	_	linguistic	_	none	PauseAfter=Yes	_	_	_	_	_
419-5	PST050	419	419	5	(.)	(.)	_	_	_	_	_	shortpause	_	none	_	_	_	_	_	_
419-6	PST050	419	419	6	no:,	no	_	_	_	_	_	linguistic	_	none	Intonation=WeaklyRising	End=937.958	1x1	_	_	_
420-0	PST050	420	420	0	((ai_figli))	((ai_figli))	_	_	_	_	_	nonverbalbehavior	_	none	_	Begin=938.687	_	_	_	_
420-1	PST050	420	420	1	andate	andate	_	_	_	_	_	linguistic	_	none	_	_	_	_	_	_
420-2	PST050	420	420	2	a	a	_	_	_	_	_	linguistic	_	none	_	_	_	_	_	_
420-3	PST050	420	420	3	gioca:re	giocare	_	_	_	_	_	linguistic	_	none	PauseAfter=Yes	_	4x1	_	_	_
420-4	PST050	420	420	4	(.)	(.)	_	_	_	_	_	shortpause	_	none	_	_	_	_	_	_
420-5	PST050	420	420	5	@ivan,	@ivan	_	_	_	_	_	anonymized	_	none	Intonation=WeaklyRising	End=940.44	_	_	_	_
421-0	PST050	421	421	0	mh.	mh	_	_	_	_	_	linguistic	_	none	Intonation=Falling	Begin=942.57|End=942.934	_	_	_	_
422-0	PST050	422	422	0	che	che	_	_	_	_	_	linguistic	_	none	_	Begin=944.617	_	_	_	_
422-1	PST050	422	422	1	è	è	_	_	_	_	_	linguistic	_	none	_	_	_	_	_	_
422-2	PST050	422	422	2	appena	appena	_	_	_	_	_	linguistic	_	none	_	_	_	_	_	_
422-3	PST050	422	422	3	sveglia:to	svegliato	_	_	_	_	_	linguistic	_	none	_	_	6x1	_	_	_
422-4	PST050	422	422	4	che	che	_	_	_	_	_	linguistic	_	none	_	_	_	_	_	_
422-5	PST050	422	422	5	si	si	_	_	_	_	_	linguistic	_	none	_	_	_	_	_	_
422-6	PST050	422	422	6	è	è	_	_	_	_	_	linguistic	_	none	_	_	_	_	_	_
422-7	PST050	422	422	7	xxxx	xxxx	_	_	_	_	_	unknown	_	none	Syllables=4	_	_	_	_	_
422-8	PST050	422	422	8	vuole	vuole	_	_	_	_	_	linguistic	_	none	_	_	_	_	_	_
422-9	PST050	422	422	9	stare	stare	_	_	_	_	_	linguistic	_	none	_	_	_	_	_	_
422-10	PST050	422	422	10	un	un	_	_	_	_	_	linguistic	_	none	_	_	_	_	_	_
422-11	PST050	422	422	11	po':?	po'	_	_	_	_	_	linguistic	_	none	Intonation=Rising	_	1x1	_	_	_
422-12	PST050	422	422	12	((ride))	((ride))	_	_	_	_	_	nonverbalbehavior	_	none	_	End=948.275	_	_	_	_
423-0	PST213	423	423	0	((ride))	((ride))	_	_	_	_	_	nonverbalbehavior	_	none	_	Begin=948.075|End=948.587	_	_	_	_
424-0	PST050	424	424	0	e::hm:	ehm	_	_	_	_	_	linguistic	_	none	_	Begin=950.517|End=951.417	0x2,2x1	_	_	_
425-0	PST050	425	425	0	e	e	_	_	_	_	_	linguistic	_	none	_	Begin=953.846	_	_	_	_
425-1	PST050	425	425	1	nie:nte,	niente	_	_	_	_	_	linguistic	_	none	Intonation=WeaklyRising	End=954.717	2x1	_	_	_
426-0	PST050	426	426	0	mah,	mah	_	_	_	_	_	linguistic	_	none	Intonation=WeaklyRising	Begin=955.728|End=956.011	_	_	_	_
427-0	PST212	427	427	0	e	e	_	_	_	_	_	linguistic	_	none	_	Begin=956.152	_	_	_	_
427-1	PST212	427	427	1	quindi::	quindi	_	_	_	_	_	linguistic	_	none	_	_	5x2	_	_	_
427-2	PST212	427	427	2	adesso	adesso	_	_	_	_	_	linguistic	_	none	_	_	_	_	_	_
427-3	PST212	427	427	3	i::	i	_	_	_	_	_	linguistic	_	none	_	_	0x2	_	_	_
427-4	PST212	427	427	4	i	i	_	_	_	_	_	linguistic	_	none	_	_	_	_	_	_
427-5	PST212	427	427	5	bambini	bambini	_	_	_	_	_	linguistic	_	none	_	_	_	_	_	_
427-6	PST212	427	427	6	vanno	vanno	_	_	_	_	_	linguistic	_	none	_	_	_	_	_	_
427-7	PST212	427	427	7	a	a	_	_	_	_	_	linguistic	_	none	_	_	_	_	_	_
427-8	PST212	427	427	8	scuola	scuola	_	_	_	_	_	linguistic	_	none	_	_	_	_	_	_
427-9	PST212	427	427	9	in	in	_	_	_	_	_	linguistic	_	none	_	_	_	_	_	_
427-10	PST212	427	427	10	quella	quella	_	_	_	_	_	linguistic	_	none	_	_	_	_	_	_
427-11	PST212	427	427	11	zona	zona	_	_	_	_	_	linguistic	_	none	_	_	_	_	_	_
427-12	PST212	427	427	12	lì:?	lì	_	_	_	_	_	linguistic	_	none	Intonation=Rising	End=959.611	1x1	_	_	_
428-0	PST050	428	428	0	alla	alla	_	_	_	_	_	linguistic	_	none	_	Begin=960.181	_	_	_	_
428-1	PST050	428	428	1	@nomescuola	@nomescuola	_	_	_	_	_	anonymized	_	none	_	_	_	_	_	_
428-2	PST050	428	428	2	no:.	no	_	_	_	_	_	linguistic	_	none	Intonation=Falling	End=962.928	1x1	_	_	_
429-0	PST050	429	429	0	l[ì:	lì	_	_	_	_	_	linguistic	_	none	PauseAfter=Yes	Begin=963.652	1x1	_	_	1-2(82)
429-1	PST050	429	429	1	(.)	(.)	_	_	_	_	_	shortpause	_	none	_	_	_	_	_	_
429-2	PST050	429	429	2	è.	è	_	_	_	_	_	linguistic	_	none	Intonation=Falling	_	_	_	_	0-1(82)
429-3	PST050	429	429	3	vicino]	vicino	_	_	_	_	_	linguistic	_	none	_	_	_	_	_	0-6(82)
429-4	PST050	429	429	4	casa	casa	_	_	_	_	_	linguistic	_	none	_	_	_	_	_	_
429-5	PST050	429	429	5	faccio	faccio	_	_	_	_	_	linguistic	_	none	_	_	_	_	_	_
429-6	PST050	429	429	6	dieci	dieci	_	_	_	_	_	linguistic	_	none	_	_	_	_	_	_
429-7	PST050	429	429	7	minuti,	minuti	_	_	_	_	_	linguistic	_	none	Intonation=WeaklyRising	End=967.222	_	_	_	_
430-0	PST212	430	430	0	[sempre	sempre	_	_	_	_	_	linguistic	_	none	_	Begin=963.793	_	_	_	0-6(82)
430-1	PST212	430	430	1	lì:	lì	_	_	_	_	_	linguistic	_	none	_	_	1x1	_	_	0-2(82)
430-2	PST212	430	430	2	vicino::].	vicino	_	_	_	_	_	linguistic	_	none	Intonation=Falling	End=965.299	5x2	_	_	0-6(82)
431-0	PST213	431	431	0	e	e	_	_	_	_	_	linguistic	_	none	_	Begin=967.34	_	_	_	_
431-1	PST213	431	431	1	da:i,	dai	_	_	_	_	_	linguistic	_	none	Intonation=WeaklyRising	End=967.8965000000001	1x1	_	_	_
432-0	PST050	432	432	0	lavoro::	lavoro	_	_	_	_	_	linguistic	_	none	_	Begin=967.8965000000001	5x2	_	_	_
432-1	PST050	432	432	1	dieci	dieci	_	_	_	_	_	linguistic	_	none	_	_	_	_	_	_
432-2	PST050	432	432	2	minuti?	minuti	_	_	_	_	_	linguistic	_	none	Intonation=Rising	End=970.099	_	_	_	_
433-0	PST213	433	433	0	perfetto	perfetto	_	_	_	_	_	linguistic	_	none	_	Begin=970.322	_	_	_	_
433-1	PST213	433	433	1	tutto	tutto	_	_	_	_	_	linguistic	_	none	_	_	_	_	_	_
433-2	PST213	433	433	2	[in	in	_	_	_	_	_	linguistic	_	none	_	_	_	_	_	0-2(83)
433-3	PST213	433	433	3	zona]?	zona	_	_	_	_	_	linguistic	_	none	Intonation=Rising	End=971.646	_	_	_	0-4(83)
434-0	PST050	434	434	0	[mi	mi	_	_	_	_	_	linguistic	_	none	_	Begin=970.987	_	_	_	0-2(83)
434-1	PST050	434	434	1	sono	sono	_	_	_	_	_	linguistic	_	none	_	_	_	_	_	0-4(83)
434-2	PST050	434	434	2	spos]tata	spostata	_	_	_	_	_	linguistic	_	none	_	_	_	_	_	0-4(83)
434-3	PST050	434	434	3	lì	lì	_	_	_	_	_	linguistic	_	none	_	_	_	_	_	_
434-4	PST050	434	434	4	perché	perché	_	_	_	_	_	linguistic	_	none	_	_	_	_	_	_
434-5	PST050	434	434	5	è	è	_	_	_	_	_	linguistic	_	none	_	_	_	_	_	_
434-6	PST050	434	434	6	più	più	_	_	_	_	_	linguistic	_	none	_	_	_	_	_	_
434-7	PST050	434	434	7	vicino?	vicino	_	_	_	_	_	linguistic	_	none	Intonation=Rising	End=973.299	_	_	_	_
435-0	PST213	435	435	0	certo.	certo	_	_	_	_	_	linguistic	_	none	Intonation=Falling	Begin=973.299|End=973.94	_	_	_	_
436-0	PST050	436	436	0	perché	perché	_	_	_	_	_	linguistic	_	none	_	Begin=973.94	_	_	_	_
436-1	PST050	436	436	1	prima	prima	_	_	_	_	_	linguistic	_	none	_	_	_	_	_	_
436-2	PST050	436	436	2	abitavo	abitavo	_	_	_	_	_	linguistic	_	none	_	_	_	_	_	_
436-3	PST050	436	436	3	in	in	_	_	_	_	_	linguistic	_	none	_	_	_	_	_	_
436-4	PST050	436	436	4	via	via	_	_	_	_	_	linguistic	_	none	_	_	_	_	_	_
436-5	PST050	436	436	5	toscanini	toscanini	_	_	_	_	_	linguistic	_	none	_	End=975.969	_	_	_	_
437-0	PST050	437	437	0	dove	dove	_	_	_	_	_	linguistic	_	none	_	Begin=976.987	_	_	_	_
437-1	PST050	437	437	1	c'	c'	_	_	_	_	_	linguistic	_	none	SpaceAfter=No	_	_	_	_	_
437-2	PST050	437	437	2	era	era	_	_	_	_	_	linguistic	_	none	_	_	_	_	_	_
437-3	PST050	437	437	3	la:	la	_	_	_	_	_	linguistic	_	none	_	_	1x1	_	_	_
437-4	PST050	437	437	4	piscina	piscina	_	_	_	_	_	linguistic	_	none	_	_	_	_	_	_
437-5	PST050	437	437	5	sempione	sempione	_	_	_	_	_	linguistic	_	none	_	_	_	_	_	_
437-6	PST050	437	437	6	che	che	_	_	_	_	_	linguistic	_	none	_	_	_	_	_	_
437-7	PST050	437	437	7	adesso	adesso	_	_	_	_	_	linguistic	_	none	_	_	_	_	_	_
437-8	PST050	437	437	8	è::	è	_	_	_	_	_	linguistic	_	none	_	_	0x2	_	_	_
437-9	PST050	437	437	9	[cos]ì?	così	_	_	_	_	_	linguistic	_	none	Intonation=Rising	End=980.811	_	_	_	0-3(84)
438-0	PST213	438	438	0	[dai],	dai	_	_	_	_	_	linguistic	_	none	Intonation=WeaklyRising	Begin=980.093|End=980.511	_	_	_	0-3(84)
439-0	PST050	439	439	0	e::h	eh	_	_	_	_	_	linguistic	_	none	PauseAfter=Yes	Begin=982.175	0x2	_	_	_
439-1	PST050	439	439	1	(.)	(.)	_	_	_	_	_	shortpause	_	none	_	_	_	_	_	_
439-2	PST050	439	439	2	[è	è	_	_	_	_	_	linguistic	_	none	_	_	_	_	_	0-1(85)
439-3	PST050	439	439	3	così],	così	_	_	_	_	_	linguistic	_	none	Intonation=WeaklyRising	End=983.587	_	_	_	0-4(85)
440-0	PST212	440	440	0	[e	e	_	_	_	_	_	linguistic	_	none	_	Begin=983.081	_	_	_	0-1(85)
440-1	PST212	440	440	1	invece	invece	_	_	_	_	_	linguistic	_	none	_	_	_	_	_	0-6(85)
440-2	PST212	440	440	2	l'	l'	_	_	_	_	_	linguistic	_	none	SpaceAfter=No	_	_	_	_	0-2(85)
440-3	PST212	440	440	3	ass]ociazione	associazione	_	_	_	_	_	linguistic	_	none	_	_	_	_	_	0-3(85)
440-4	PST212	440	440	4	la	la	_	_	_	_	_	linguistic	_	none	_	_	_	_	_	_
440-5	PST212	440	440	5	frequentate	frequentate	_	_	_	_	_	linguistic	_	none	_	_	_	_	_	_
440-6	PST212	440	440	6	da	da	_	_	_	_	_	linguistic	_	none	_	_	_	_	_	_
440-7	PST212	440	440	7	molti	molti	_	_	_	_	_	linguistic	_	none	_	_	_	_	_	_
440-8	PST212	440	440	8	anni,	anni	_	_	_	_	_	linguistic	_	none	Intonation=WeaklyRising	End=986.115	_	_	_	_
441-0	PST050	441	441	0	to~	to~	_	_	_	_	_	linguistic	_	none	Interrupted=Yes	Begin=986.34	_	_	_	_
441-1	PST050	441	441	1	questa?	questa	_	_	_	_	_	linguistic	_	none	Intonation=Rising	End=987.126	_	_	_	_
442-0	PST212	442	442	0	sì:	sì	_	_	_	_	_	linguistic	_	none	_	Begin=987.126|End=987.441	1x1	_	_	_
443-0	PST050	443	443	0	no::	no	_	_	_	_	_	linguistic	_	none	_	Begin=987.528	1x2	_	_	_
443-1	PST050	443	443	1	l'	l'	_	_	_	_	_	linguistic	_	none	SpaceAfter=No	_	_	_	_	_
443-2	PST050	443	443	2	ho	ho	_	_	_	_	_	linguistic	_	none	_	_	_	_	_	_
443-3	PST050	443	443	3	scoperto	scoperto	_	_	_	_	_	linguistic	_	none	_	_	_	_	_	_
443-4	PST050	443	443	4	tramite	tramite	_	_	_	_	_	linguistic	_	none	_	_	_	_	_	_
443-5	PST050	443	443	5	una	una	_	_	_	_	_	linguistic	_	none	_	_	_	_	_	_
443-6	PST050	443	443	6	mamma,	mamma	_	_	_	_	_	linguistic	_	none	Intonation=WeaklyRising	End=989.825	_	_	_	_
444-0	PST050	444	444	0	che::	che	_	_	_	_	_	linguistic	_	none	_	Begin=990.352	2x2	_	_	_
444-1	PST050	444	444	1	del	del	_	_	_	_	_	linguistic	_	none	_	_	_	_	_	_
444-2	PST050	444	444	2	bambino:	bambino	_	_	_	_	_	linguistic	_	none	_	_	6x1	_	_	_
444-3	PST050	444	444	3	che	che	_	_	_	_	_	linguistic	_	none	_	_	_	_	_	_
444-4	PST050	444	444	4	ha	ha	_	_	_	_	_	linguistic	_	none	_	_	_	_	_	_
444-5	PST050	444	444	5	il	il	_	_	_	_	_	linguistic	_	none	_	_	_	_	_	_
444-6	PST050	444	444	6	negozio	negozio	_	_	_	_	_	linguistic	_	none	_	_	_	_	_	_
444-7	PST050	444	444	7	e	e	_	_	_	_	_	linguistic	_	none	_	_	_	_	_	_
444-8	PST050	444	444	8	che	che	_	_	_	_	_	linguistic	_	none	_	_	_	_	_	_
444-9	PST050	444	444	9	ci	ci	_	_	_	_	_	linguistic	_	none	_	_	_	_	_	_
444-10	PST050	444	444	10	siamo	siamo	_	_	_	_	_	linguistic	_	none	_	_	_	_	_	_
444-11	PST050	444	444	11	amiche,	amiche	_	_	_	_	_	linguistic	_	none	Intonation=WeaklyRising	End=993.634	_	_	_	_
445-0	PST050	445	445	0	che	che	_	_	_	_	_	linguistic	_	none	_	Begin=994.522	_	_	_	_
445-1	PST050	445	445	1	mi	mi	_	_	_	_	_	linguistic	_	none	_	_	_	_	_	_
445-2	PST050	445	445	2	diceva	diceva	_	_	_	_	_	linguistic	_	none	_	_	_	_	_	_
445-3	PST050	445	445	3	la	la	_	_	_	_	_	linguistic	_	none	_	_	_	_	_	_
445-4	PST050	445	445	4	mandi	mandi	_	_	_	_	_	linguistic	_	none	_	_	_	_	_	_
445-5	PST050	445	445	5	è	è	_	_	_	_	_	linguistic	_	none	_	_	_	_	_	_
445-6	PST050	445	445	6	la	la	_	_	_	_	_	linguistic	_	none	_	_	_	_	_	_
445-7	PST050	445	445	7	prima	prima	_	_	_	_	_	linguistic	_	none	_	_	_	_	_	_
445-8	PST050	445	445	8	volta	volta	_	_	_	_	_	linguistic	_	none	_	_	_	_	_	_
445-9	PST050	445	445	9	che	che	_	_	_	_	_	linguistic	_	none	_	_	_	_	_	_
445-10	PST050	445	445	10	la	la	_	_	_	_	_	linguistic	_	none	_	_	_	_	_	_
445-11	PST050	445	445	11	mando	mando	_	_	_	_	_	linguistic	_	none	_	_	_	_	_	_
445-12	PST050	445	445	12	all'	all'	_	_	_	_	_	linguistic	_	none	SpaceAfter=No	_	_	_	_	_
445-13	PST050	445	445	13	estate	estate	_	_	_	_	_	linguistic	_	none	_	_	_	_	_	_
445-14	PST050	445	445	14	raga[zzi	ragazzi	_	_	_	_	_	linguistic	_	none	_	_	_	_	_	3-7(86)
445-15	PST050	445	445	15	per]ché	perché	_	_	_	_	_	linguistic	_	none	_	_	_	_	_	0-3(86)
445-16	PST050	445	445	16	io	io	_	_	_	_	_	linguistic	_	none	_	_	_	_	_	_
445-17	PST050	445	445	17	ho	ho	_	_	_	_	_	linguistic	_	none	_	_	_	_	_	_
445-18	PST050	445	445	18	timore	timore	_	_	_	_	_	linguistic	_	none	_	_	_	_	_	_
445-19	PST050	445	445	19	paura	paura	_	_	_	_	_	linguistic	_	none	_	_	_	_	_	_
445-20	PST050	445	445	20	perché	perché	_	_	_	_	_	linguistic	_	none	_	_	_	_	_	_
445-21	PST050	445	445	21	lui	lui	_	_	_	_	_	linguistic	_	none	_	_	_	_	_	_
445-22	PST050	445	445	22	è	è	_	_	_	_	_	linguistic	_	none	_	_	_	_	_	_
445-23	PST050	445	445	23	sensibile:	sensibile	_	_	_	_	_	linguistic	_	none	_	_	8x1	_	_	_
445-24	PST050	445	445	24	è	è	_	_	_	_	_	linguistic	_	none	_	_	_	_	_	_
445-25	PST050	445	445	25	un	un	_	_	_	_	_	linguistic	_	none	_	_	_	_	_	_
445-26	PST050	445	445	26	po':.	po'	_	_	_	_	_	linguistic	_	none	Intonation=Falling	End=1002.009	1x1	_	_	_
446-0	PST213	446	446	0	[a:h]	ah	_	_	_	_	_	linguistic	_	none	_	Begin=997.864|End=998.164	0x1	_	_	0-2(86)
447-0	PST050	447	447	0	avendo	avendo	_	_	_	_	_	linguistic	_	none	_	Begin=1002.434	_	_	_	_
447-1	PST050	447	447	1	paura	paura	_	_	_	_	_	linguistic	_	none	_	_	_	_	_	_
447-2	PST050	447	447	2	che	che	_	_	_	_	_	linguistic	_	none	_	_	_	_	_	_
447-3	PST050	447	447	3	non:[::].	non	_	_	_	_	_	linguistic	_	none	Intonation=Falling	End=1004.175	2x3	_	_	_
448-0	PST213	448	448	0	[a:h	ah	_	_	_	_	_	linguistic	_	none	_	Begin=1003.846	0x1	_	_	0-2(87)
448-1	PST213	448	448	1	è	è	_	_	_	_	_	linguistic	_	none	_	_	_	_	_	0-1(87)
448-2	PST213	448	448	2	la	la	_	_	_	_	_	linguistic	_	none	_	_	_	_	_	0-2(87)
448-3	PST213	448	448	3	st]oria	storia	_	_	_	_	_	linguistic	_	none	_	_	_	_	_	0-2(87)
448-4	PST213	448	448	4	che::	che	_	_	_	_	_	linguistic	_	none	_	_	2x2	_	_	_
448-5	PST213	448	448	5	che	che	_	_	_	_	_	linguistic	_	none	_	_	_	_	_	_
448-6	PST213	448	448	6	dicevi	dicevi	_	_	_	_	_	linguistic	_	none	_	_	_	_	_	_
448-7	PST213	448	448	7	prima	prima	_	_	_	_	_	linguistic	_	none	_	_	_	_	_	_
448-8	PST213	448	448	8	che	che	_	_	_	_	_	linguistic	_	none	_	_	_	_	_	_
448-9	PST213	448	448	9	[raccontavi	raccontavi	_	_	_	_	_	linguistic	_	none	_	_	_	_	_	0-10(88)
448-10	PST213	448	448	10	prima].	prima	_	_	_	_	_	linguistic	_	none	Intonation=Falling	End=1006.687	_	_	_	0-5(88)
449-0	PST050	449	449	0	[s::ì:	sì	_	_	_	_	_	linguistic	_	none	_	Begin=1005.693	0x2,1x1	_	_	0-2(88)
449-1	PST050	449	449	1	per]ché::	perché	_	_	_	_	_	linguistic	_	none	_	_	5x2	_	_	0-3(88)
449-2	PST050	449	449	2	mh	mh	_	_	_	_	_	linguistic	_	none	_	_	_	_	_	_
449-3	PST050	449	449	3	c'	c'	_	_	_	_	_	linguistic	_	none	SpaceAfter=No	_	_	_	_	_
449-4	PST050	449	449	4	è	è	_	_	_	_	_	linguistic	_	none	_	_	_	_	_	_
449-5	PST050	449	449	5	una	una	_	_	_	_	_	linguistic	_	none	_	_	_	_	_	_
449-6	PST050	449	449	6	cosa	cosa	_	_	_	_	_	linguistic	_	none	_	_	_	_	_	_
449-7	PST050	449	449	7	a	a	_	_	_	_	_	linguistic	_	none	_	_	_	_	_	_
449-8	PST050	449	449	8	scuola	scuola	_	_	_	_	_	linguistic	_	none	_	_	_	_	_	_
449-9	PST050	449	449	9	che	che	_	_	_	_	_	linguistic	_	none	_	_	_	_	_	_
449-10	PST050	449	449	10	dice	dice	_	_	_	_	_	linguistic	_	none	_	_	_	_	_	_
449-11	PST050	449	449	11	che	che	_	_	_	_	_	linguistic	_	none	_	_	_	_	_	_
449-12	PST050	449	449	12	il	il	_	_	_	_	_	linguistic	_	none	_	_	_	_	_	_
449-13	PST050	449	449	13	bambino::.	bambino	_	_	_	_	_	linguistic	_	none	Intonation=Falling	End=1010.4	6x2	_	_	_
450-0	PST050	450	450	0	ho	ho	_	_	_	_	_	linguistic	_	none	_	Begin=1010.64	_	_	_	_
450-1	PST050	450	450	1	avuto	avuto	_	_	_	_	_	linguistic	_	none	_	_	_	_	_	_
450-2	PST050	450	450	2	il	il	_	_	_	_	_	linguistic	_	none	_	_	_	_	_	_
450-3	PST050	450	450	3	colloquio	colloquio	_	_	_	_	_	linguistic	_	none	_	_	_	_	_	_
450-4	PST050	450	450	4	il	il	_	_	_	_	_	linguistic	_	none	_	_	_	_	_	_
450-5	PST050	450	450	5	venti	venti	_	_	_	_	_	linguistic	_	none	_	_	_	_	_	_
450-6	PST050	450	450	6	adesso.	adesso	_	_	_	_	_	linguistic	_	none	Intonation=Falling	End=1012.87	_	_	_	_
451-0	PST050	451	451	0	che	che	_	_	_	_	_	linguistic	_	none	_	Begin=1013.722	_	_	_	_
451-1	PST050	451	451	1	mi	mi	_	_	_	_	_	linguistic	_	none	_	_	_	_	_	_
451-2	PST050	451	451	2	ha	ha	_	_	_	_	_	linguistic	_	none	_	_	_	_	_	_
451-3	PST050	451	451	3	detto	detto	_	_	_	_	_	linguistic	_	none	_	_	_	_	_	_
451-4	PST050	451	451	4	se	se	_	_	_	_	_	linguistic	_	none	_	_	_	_	_	_
451-5	PST050	451	451	5	ho	ho	_	_	_	_	_	linguistic	_	none	_	_	_	_	_	_
451-6	PST050	451	451	6	visto	visto	_	_	_	_	_	linguistic	_	none	_	_	_	_	_	_
451-7	PST050	451	451	7	le	le	_	_	_	_	_	linguistic	_	none	_	_	_	_	_	_
451-8	PST050	451	451	8	pagelle	pagelle	_	_	_	_	_	linguistic	_	none	_	_	_	_	_	_
451-9	PST050	451	451	9	lui	lui	_	_	_	_	_	linguistic	_	none	_	_	_	_	_	_
451-10	PST050	451	451	10	è	è	_	_	_	_	_	linguistic	_	none	_	_	_	_	_	_
451-11	PST050	451	451	11	un	un	_	_	_	_	_	linguistic	_	none	_	_	_	_	_	_
451-12	PST050	451	451	12	po':	po'	_	_	_	_	_	linguistic	_	none	_	_	1x1	_	_	_
451-13	PST050	451	451	13	lento	lento	_	_	_	_	_	linguistic	_	none	_	_	_	_	_	_
451-14	PST050	451	451	14	su	su	_	_	_	_	_	linguistic	_	none	_	_	_	_	_	_
451-15	PST050	451	451	15	matema~	matema~	_	_	_	_	_	linguistic	_	none	Interrupted=Yes	_	_	_	_	_
451-16	PST050	451	451	16	è	è	_	_	_	_	_	linguistic	_	none	_	_	_	_	_	_
451-17	PST050	451	451	17	bravo	bravo	_	_	_	_	_	linguistic	_	none	PauseAfter=Yes	_	_	_	_	_
451-18	PST050	451	451	18	(.)	(.)	_	_	_	_	_	shortpause	_	none	_	_	_	_	_	_
451-19	PST050	451	451	19	se	se	_	_	_	_	_	linguistic	_	none	_	_	_	_	_	_
451-20	PST050	451	451	20	lui::	lui	_	_	_	_	_	linguistic	_	none	_	_	2x2	_	_	_
451-21	PST050	451	451	21	la	la	_	_	_	_	_	linguistic	_	none	_	_	_	_	_	_
451-22	PST050	451	451	22	prende	prende	_	_	_	_	_	linguistic	_	none	_	_	_	_	_	_
451-23	PST050	451	451	23	com'	com'	_	_	_	_	_	linguistic	_	none	SpaceAfter=No	_	_	_	_	_
451-24	PST050	451	451	24	è::	è	_	_	_	_	_	linguistic	_	none	_	_	0x2	_	_	_
451-25	PST050	451	451	25	è	è	_	_	_	_	_	linguistic	_	none	_	_	_	_	_	_
451-26	PST050	451	451	26	bravissimo.	bravissimo	_	_	_	_	_	linguistic	_	none	Intonation=Falling	End=1021.425	_	_	_	_
452-0	PST050	452	452	0	però	però	_	_	_	_	_	linguistic	_	none	_	Begin=1021.834	_	_	_	_
452-1	PST050	452	452	1	se	se	_	_	_	_	_	linguistic	_	none	_	_	_	_	_	_
452-2	PST050	452	452	2	gli	gli	_	_	_	_	_	linguistic	_	none	_	_	_	_	_	_
452-3	PST050	452	452	3	metti	metti	_	_	_	_	_	linguistic	_	none	_	_	_	_	_	_
452-4	PST050	452	452	4	quella:	quella	_	_	_	_	_	linguistic	_	none	_	_	5x1	_	_	_
452-5	PST050	452	452	5	insicurezza	insicurezza	_	_	_	_	_	linguistic	_	none	_	_	_	_	_	_
452-6	PST050	452	452	6	lui:	lui	_	_	_	_	_	linguistic	_	none	_	_	2x1	_	_	_
452-7	PST050	452	452	7	si	si	_	_	_	_	_	linguistic	_	none	_	_	_	_	_	_
452-8	PST050	452	452	8	perde.	perde	_	_	_	_	_	linguistic	_	none	Intonation=Falling	End=1025.54	_	_	_	_
453-0	PST050	453	453	0	che	che	_	_	_	_	_	linguistic	_	none	_	Begin=1025.981	_	_	_	_
453-1	PST050	453	453	1	io	io	_	_	_	_	_	linguistic	_	none	_	_	_	_	_	_
453-2	PST050	453	453	2	gli	gli	_	_	_	_	_	linguistic	_	none	_	_	_	_	_	_
453-3	PST050	453	453	3	avevo	avevo	_	_	_	_	_	linguistic	_	none	_	_	_	_	_	_
453-4	PST050	453	453	4	detto	detto	_	_	_	_	_	linguistic	_	none	_	_	_	_	_	_
453-5	PST050	453	453	5	a	a	_	_	_	_	_	linguistic	_	none	_	_	_	_	_	_
453-6	PST050	453	453	6	loro,	loro	_	_	_	_	_	linguistic	_	none	Intonation=WeaklyRising	End=1027.581	_	_	_	_
454-0	PST050	454	454	0	che	che	_	_	_	_	_	linguistic	_	none	_	Begin=1028.493	_	_	_	_
454-1	PST050	454	454	1	il	il	_	_	_	_	_	linguistic	_	none	_	_	_	_	_	_
454-2	PST050	454	454	2	bambino	bambino	_	_	_	_	_	linguistic	_	none	_	_	_	_	_	_
454-3	PST050	454	454	3	ha	ha	_	_	_	_	_	linguistic	_	none	_	_	_	_	_	_
454-4	PST050	454	454	4	un	un	_	_	_	_	_	linguistic	_	none	_	_	_	_	_	_
454-5	PST050	454	454	5	po'	po'	_	_	_	_	_	linguistic	_	none	_	_	_	_	_	_
454-6	PST050	454	454	6	paura	paura	_	_	_	_	_	linguistic	_	none	_	_	_	_	_	_
454-7	PST050	454	454	7	ha	ha	_	_	_	_	_	linguistic	_	none	_	_	_	_	_	_
454-8	PST050	454	454	8	il	il	_	_	_	_	_	linguistic	_	none	_	_	_	_	_	_
454-9	PST050	454	454	9	timore	timore	_	_	_	_	_	linguistic	_	none	_	_	_	_	_	_
454-10	PST050	454	454	10	che	che	_	_	_	_	_	linguistic	_	none	_	_	_	_	_	_
454-11	PST050	454	454	11	non	non	_	_	_	_	_	linguistic	_	none	_	_	_	_	_	_
454-12	PST050	454	454	12	sia	sia	_	_	_	_	_	linguistic	_	none	_	_	_	_	_	_
454-13	PST050	454	454	13	sgridato	sgridato	_	_	_	_	_	linguistic	_	none	_	_	_	_	_	_
454-14	PST050	454	454	14	che	che	_	_	_	_	_	linguistic	_	none	_	End=1032.377	_	_	_	_
455-0	PST213	455	455	0	mh	mh	_	_	_	_	_	linguistic	_	none	_	Begin=1032.47	_	_	_	_
455-1	PST213	455	455	1	mh	mh	_	_	_	_	_	linguistic	_	none	_	End=1032.84	_	_	_	_
456-0	PST050	456	456	0	che::	che	_	_	_	_	_	linguistic	_	none	PauseAfter=Yes	Begin=1032.934	2x2	_	_	_
456-1	PST050	456	456	1	(.)	(.)	_	_	_	_	_	shortpause	_	none	_	_	_	_	_	_
456-2	PST050	456	456	2	e	e	_	_	_	_	_	linguistic	_	none	_	_	_	_	_	_
456-3	PST050	456	456	3	lui	lui	_	_	_	_	_	linguistic	_	none	_	_	_	_	_	_
456-4	PST050	456	456	4	si	si	_	_	_	_	_	linguistic	_	none	_	_	_	_	_	_
456-5	PST050	456	456	5	perde	perde	_	_	_	_	_	linguistic	_	none	_	_	_	_	_	_
456-6	PST050	456	456	6	non	non	_	_	_	_	_	linguistic	_	none	_	_	_	_	_	_
456-7	PST050	456	456	7	è	è	_	_	_	_	_	linguistic	_	none	_	_	_	_	_	_
456-8	PST050	456	456	8	che	che	_	_	_	_	_	linguistic	_	none	_	_	_	_	_	_
456-9	PST050	456	456	9	non	non	_	_	_	_	_	linguistic	_	none	_	_	_	_	_	_
456-10	PST050	456	456	10	sa:	sa	_	_	_	_	_	linguistic	_	none	_	_	1x1	_	_	_
456-11	PST050	456	456	11	non:	non	_	_	_	_	_	linguistic	_	none	PauseAfter=Yes	_	2x1	_	_	_
456-12	PST050	456	456	12	(.)	(.)	_	_	_	_	_	shortpause	_	none	_	_	_	_	_	_
456-13	PST050	456	456	13	non	non	_	_	_	_	_	linguistic	_	none	_	_	_	_	_	_
456-14	PST050	456	456	14	ragiona	ragiona	_	_	_	_	_	linguistic	_	none	_	_	_	_	_	_
456-15	PST050	456	456	15	non:	non	_	_	_	_	_	linguistic	_	none	_	_	2x1	_	_	_
456-16	PST050	456	456	16	memorizza.	memorizza	_	_	_	_	_	linguistic	_	none	Intonation=Falling	End=1038.495	_	_	_	_
457-0	PST050	457	457	0	memorizza	memorizza	_	_	_	_	_	linguistic	_	none	_	Begin=1038.534	_	_	_	_
457-1	PST050	457	457	1	però	però	_	_	_	_	_	linguistic	_	none	_	_	_	_	_	_
457-2	PST050	457	457	2	se	se	_	_	_	_	_	linguistic	_	none	_	_	_	_	_	_
457-3	PST050	457	457	3	voi	voi	_	_	_	_	_	linguistic	_	none	_	_	_	_	_	_
457-4	PST050	457	457	4	la	la	_	_	_	_	_	linguistic	_	none	_	_	_	_	_	_
457-5	PST050	457	457	5	prendete	prendete	_	_	_	_	_	linguistic	_	none	_	_	_	_	_	_
457-6	PST050	457	457	6	così:	così	_	_	_	_	_	linguistic	_	none	_	_	3x1	_	_	_
457-7	PST050	457	457	7	lui	lui	_	_	_	_	_	linguistic	_	none	_	_	_	_	_	_
457-8	PST050	457	457	8	si	si	_	_	_	_	_	linguistic	_	none	_	_	_	_	_	_
457-9	PST050	457	457	9	perde.	perde	_	_	_	_	_	linguistic	_	none	Intonation=Falling	End=1042.109	_	_	_	_
458-0	PST050	458	458	0	no	no	_	_	_	_	_	linguistic	_	none	_	Begin=1042.587	_	_	_	_
458-1	PST050	458	458	1	c~	c~	_	_	_	_	_	linguistic	_	none	Interrupted=Yes|PauseAfter=Yes	_	_	_	_	_
458-2	PST050	458	458	2	(.)	(.)	_	_	_	_	_	shortpause	_	none	_	_	_	_	_	_
458-3	PST050	458	458	3	poi	poi	_	_	_	_	_	linguistic	_	none	_	_	_	_	_	_
458-4	PST050	458	458	4	che	che	_	_	_	_	_	linguistic	_	none	_	_	_	_	_	_
458-5	PST050	458	458	5	che	che	_	_	_	_	_	linguistic	_	none	_	_	_	_	_	_
458-6	PST050	458	458	6	è	è	_	_	_	_	_	linguistic	_	none	_	_	_	_	_	_
458-7	PST050	458	458	7	lento	lento	_	_	_	_	_	linguistic	_	none	_	_	_	_	_	_
458-8	PST050	458	458	8	al	al	_	_	_	_	_	linguistic	_	none	_	_	_	_	_	_
458-9	PST050	458	458	9	d:~	d~	_	_	_	_	_	linguistic	_	none	Interrupted=Yes|PauseAfter=Yes	_	0x1	_	_	_
458-10	PST050	458	458	10	(.)	(.)	_	_	_	_	_	shortpause	_	none	_	_	_	_	_	_
458-11	PST050	458	458	11	al	al	_	_	_	_	_	linguistic	_	none	_	_	_	_	_	_
458-12	PST050	458	458	12	dettato	dettato	_	_	_	_	_	linguistic	_	none	_	_	_	_	_	_
458-13	PST050	458	458	13	che::	che	_	_	_	_	_	linguistic	_	none	_	_	2x2	_	_	_
458-14	PST050	458	458	14	che	che	_	_	_	_	_	linguistic	_	none	_	_	_	_	_	_
458-15	PST050	458	458	15	ci	ci	_	_	_	_	_	linguistic	_	none	_	_	_	_	_	_
458-16	PST050	458	458	16	impiega	impiega	_	_	_	_	_	linguistic	_	none	_	_	_	_	_	_
458-17	PST050	458	458	17	due	due	_	_	_	_	_	linguistic	_	none	_	_	_	_	_	_
458-18	PST050	458	458	18	ore:?	ore	_	_	_	_	_	linguistic	_	none	Intonation=Rising	End=1048.255	2x1	_	_	_
459-0	PST050	459	459	0	ma	ma	_	_	_	_	_	linguistic	_	none	_	Begin=1048.581	_	_	_	_
459-1	PST050	459	459	1	non	non	_	_	_	_	_	linguistic	_	none	_	_	_	_	_	_
459-2	PST050	459	459	2	credo	credo	_	_	_	_	_	linguistic	_	none	_	_	_	_	_	_
459-3	PST050	459	459	3	che	che	_	_	_	_	_	linguistic	_	none	_	_	_	_	_	_
459-4	PST050	459	459	4	c~	c~	_	_	_	_	_	linguistic	_	none	Interrupted=Yes	_	_	_	_	_
459-5	PST050	459	459	5	mh	mh	_	_	_	_	_	linguistic	_	none	_	_	_	_	_	_
459-6	PST050	459	459	6	ci	ci	_	_	_	_	_	linguistic	_	none	_	_	_	_	_	_
459-7	PST050	459	459	7	impieghi	impieghi	_	_	_	_	_	linguistic	_	none	_	_	_	_	_	_
459-8	PST050	459	459	8	due	due	_	_	_	_	_	linguistic	_	none	_	_	_	_	_	_
459-9	PST050	459	459	9	ore	ore	_	_	_	_	_	linguistic	_	none	_	_	_	_	_	_
459-10	PST050	459	459	10	con	con	_	_	_	_	_	linguistic	_	none	_	_	_	_	_	_
459-11	PST050	459	459	11	mio	mio	_	_	_	_	_	linguistic	_	none	_	_	_	_	_	_
459-12	PST050	459	459	12	figlio,	figlio	_	_	_	_	_	linguistic	_	none	Intonation=WeaklyRising	End=1051.585	_	_	_	_
460-0	PST050	460	460	0	con	con	_	_	_	_	_	linguistic	_	none	_	Begin=1051.787	_	_	_	_
460-1	PST050	460	460	1	tutta	tutta	_	_	_	_	_	linguistic	_	none	_	_	_	_	_	_
460-2	PST050	460	460	2	la	la	_	_	_	_	_	linguistic	_	none	_	_	_	_	_	_
460-3	PST050	460	460	3	classe	classe	_	_	_	_	_	linguistic	_	none	_	_	_	_	_	_
460-4	PST050	460	460	4	però	però	_	_	_	_	_	linguistic	_	none	_	_	_	_	_	_
460-5	PST050	460	460	5	non	non	_	_	_	_	_	linguistic	_	none	_	_	_	_	_	_
460-6	PST050	460	460	6	credo	credo	_	_	_	_	_	linguistic	_	none	_	_	_	_	_	_
460-7	PST050	460	460	7	due	due	_	_	_	_	_	linguistic	_	none	_	_	_	_	_	_
460-8	PST050	460	460	8	ore	ore	_	_	_	_	_	linguistic	_	none	_	_	_	_	_	_
460-9	PST050	460	460	9	un'	un'	_	_	_	_	_	linguistic	_	none	SpaceAfter=No	_	_	_	_	_
460-10	PST050	460	460	10	ora?	ora	_	_	_	_	_	linguistic	_	none	Intonation=Rising	End=1055.042	_	_	_	_
461-0	PST213	461	461	0	certo.	certo	_	_	_	_	_	linguistic	_	none	Intonation=Falling	Begin=1055.322|End=1055.94	_	_	_	_
462-0	PST050	462	462	0	e	e	_	_	_	_	_	linguistic	_	none	_	Begin=1056.381	_	_	_	_
462-1	PST050	462	462	1	loro::	loro	_	_	_	_	_	linguistic	_	none	_	_	3x2	_	_	_
462-2	PST050	462	462	2	mi	mi	_	_	_	_	_	linguistic	_	none	_	_	_	_	_	_
462-3	PST050	462	462	3	hanno	hanno	_	_	_	_	_	linguistic	_	none	_	_	_	_	_	_
462-4	PST050	462	462	4	chiesto	chiesto	_	_	_	_	_	linguistic	_	none	_	_	_	_	_	_
462-5	PST050	462	462	5	guardi	guardi	_	_	_	_	_	linguistic	_	none	_	_	_	_	_	_
462-6	PST050	462	462	6	che	che	_	_	_	_	_	linguistic	_	none	_	_	_	_	_	_
462-7	PST050	462	462	7	suo	suo	_	_	_	_	_	linguistic	_	none	_	_	_	_	_	_
462-8	PST050	462	462	8	bambino	bambino	_	_	_	_	_	linguistic	_	none	_	_	_	_	_	_
462-9	PST050	462	462	9	ha:	ha	_	_	_	_	_	linguistic	_	none	_	_	1x1	_	_	_
462-10	PST050	462	462	10	bisogno	bisogno	_	_	_	_	_	linguistic	_	none	_	_	_	_	_	_
462-11	PST050	462	462	11	di::	di	_	_	_	_	_	linguistic	_	none	PauseAfter=Yes	_	1x2	_	_	_
462-12	PST050	462	462	12	(.)	(.)	_	_	_	_	_	shortpause	_	none	_	_	_	_	_	_
462-13	PST050	462	462	13	un	un	_	_	_	_	_	linguistic	_	none	_	_	_	_	_	_
462-14	PST050	462	462	14	di	di	_	_	_	_	_	linguistic	_	none	_	_	_	_	_	_
462-15	PST050	462	462	15	un	un	_	_	_	_	_	linguistic	_	none	_	_	_	_	_	_
462-16	PST050	462	462	16	logopedista.	logopedista	_	_	_	_	_	linguistic	_	none	Intonation=Falling	End=1062.733	_	_	_	_
463-0	PST212	463	463	0	mh	mh	_	_	_	_	_	linguistic	_	none	_	Begin=1062.875|End=1063.252	_	_	_	_
464-0	PST213	464	464	0	a:h,	ah	_	_	_	_	_	linguistic	_	none	Intonation=WeaklyRising	Begin=1063.27|End=1063.552	0x1	_	_	_
465-0	PST050	465	465	0	e	e	_	_	_	_	_	linguistic	_	none	_	Begin=1064.141	_	_	_	_
465-1	PST050	465	465	1	ho	ho	_	_	_	_	_	linguistic	_	none	_	_	_	_	_	_
465-2	PST050	465	465	2	detto	detto	_	_	_	_	_	linguistic	_	none	_	_	_	_	_	_
465-3	PST050	465	465	3	guardi	guardi	_	_	_	_	_	linguistic	_	none	_	_	_	_	_	_
465-4	PST050	465	465	4	che	che	_	_	_	_	_	linguistic	_	none	_	_	_	_	_	_
465-5	PST050	465	465	5	mio	mio	_	_	_	_	_	linguistic	_	none	_	_	_	_	_	_
465-6	PST050	465	465	6	figlio	figlio	_	_	_	_	_	linguistic	_	none	_	_	_	_	_	_
465-7	PST050	465	465	7	non	non	_	_	_	_	_	linguistic	_	none	_	_	_	_	_	_
465-8	PST050	465	465	8	ha	ha	_	_	_	_	_	linguistic	_	none	_	_	_	_	_	_
465-9	PST050	465	465	9	dei	dei	_	_	_	_	_	linguistic	_	none	_	_	_	_	_	_
465-10	PST050	465	465	10	problemi	problemi	_	_	_	_	_	linguistic	_	none	_	_	_	_	_	_
465-11	PST050	465	465	11	io	io	_	_	_	_	_	linguistic	_	none	_	_	_	_	_	_
465-12	PST050	465	465	12	sono	sono	_	_	_	_	_	linguistic	_	none	_	_	_	_	_	_
465-13	PST050	465	465	13	la	la	_	_	_	_	_	linguistic	_	none	_	_	_	_	_	_
465-14	PST050	465	465	14	sua	sua	_	_	_	_	_	linguistic	_	none	_	_	_	_	_	_
465-15	PST050	465	465	15	mamma	mamma	_	_	_	_	_	linguistic	_	none	_	_	_	_	_	_
465-16	PST050	465	465	16	io	io	_	_	_	_	_	linguistic	_	none	_	_	_	_	_	_
465-17	PST050	465	465	17	vedo	vedo	_	_	_	_	_	linguistic	_	none	_	_	_	_	_	_
465-18	PST050	465	465	18	se	se	_	_	_	_	_	linguistic	_	none	_	_	_	_	_	_
465-19	PST050	465	465	19	mio	mio	_	_	_	_	_	linguistic	_	none	_	_	_	_	_	_
465-20	PST050	465	465	20	figlio	figlio	_	_	_	_	_	linguistic	_	none	_	_	_	_	_	_
465-21	PST050	465	465	21	ha	ha	_	_	_	_	_	linguistic	_	none	_	_	_	_	_	_
465-22	PST050	465	465	22	dei	dei	_	_	_	_	_	linguistic	_	none	_	_	_	_	_	_
465-23	PST050	465	465	23	problemi	problemi	_	_	_	_	_	linguistic	_	none	_	_	_	_	_	_
465-24	PST050	465	465	24	qualcosa	qualcosa	_	_	_	_	_	linguistic	_	none	_	_	_	_	_	_
465-25	PST050	465	465	25	che	che	_	_	_	_	_	linguistic	_	none	_	_	_	_	_	_
465-26	PST050	465	465	26	non	non	_	_	_	_	_	linguistic	_	none	_	_	_	_	_	_
465-27	PST050	465	465	27	va	va	_	_	_	_	_	linguistic	_	none	_	_	_	_	_	_
465-28	PST050	465	465	28	che::	che	_	_	_	_	_	linguistic	_	none	_	_	2x2	_	_	_
465-29	PST050	465	465	29	[(.)	.	_	_	_	_	_	error	_	none	_	_	_	_	_	_
465-30	PST050	465	465	30	me	me	_	_	_	_	_	linguistic	_	none	_	_	_	_	_	0-2(89)
465-31	PST050	465	465	31	ne	ne	_	_	_	_	_	linguistic	_	none	_	_	_	_	_	0-2(89)
465-32	PST050	465	465	32	ac]cor[go],	accorgo	_	_	_	_	_	linguistic	_	none	Intonation=WeaklyRising	End=1072.495	_	_	_	0-2(89),5-7(150)
466-0	PST213	466	466	0	[ce:rto].	certo	_	_	_	_	_	linguistic	_	none	Intonation=Falling	Begin=1071.153|End=1071.927	1x1	_	_	0-5(89)
467-0	PST212	467	467	0	[ma	ma	_	_	_	_	_	linguistic	_	none	_	Begin=1072.273	_	_	_	0-2(150)
467-1	PST212	467	467	1	questo	questo	_	_	_	_	_	linguistic	_	none	_	_	_	_	_	0-6(150)
467-2	PST212	467	467	2	più	più	_	_	_	_	_	linguistic	_	none	_	_	_	_	_	0-3(150)
467-3	PST212	467	467	3	gra:]nde	grande	_	_	_	_	_	linguistic	_	none	_	_	2x1	_	_	0-3(150)
467-4	PST212	467	467	4	dei	dei	_	_	_	_	_	linguistic	_	none	_	_	_	_	_	_
467-5	PST212	467	467	5	due	due	_	_	_	_	_	linguistic	_	none	_	End=1073.901	_	_	_	_
468-0	PST213	468	468	0	[ce:rto].	certo	_	_	_	_	_	linguistic	_	none	Intonation=Falling	Begin=1072.493|End=1073.12	1x1	_	_	0-5(150)
469-0	PST050	469	469	0	più	più	_	_	_	_	_	linguistic	_	none	_	Begin=1073.901	_	_	_	_
469-1	PST050	469	469	1	gra:nde	grande	_	_	_	_	_	linguistic	_	none	_	_	2x1	_	_	_
469-2	PST050	469	469	2	[sì:]	sì	_	_	_	_	_	linguistic	_	none	_	End=1074.906	1x1	_	_	0-2(90)
470-0	PST212	470	470	0	[m:h]	mh	_	_	_	_	_	linguistic	_	none	_	Begin=1074.567|End=1074.913	0x1	_	_	0-2(90)
471-0	PST050	471	471	0	che	che	_	_	_	_	_	linguistic	_	none	_	Begin=1077.727	_	_	_	_
471-1	PST050	471	471	1	ha	ha	_	_	_	_	_	linguistic	_	none	_	_	_	_	_	_
471-2	PST050	471	471	2	dei	dei	_	_	_	_	_	linguistic	_	none	_	_	_	_	_	_
471-3	PST050	471	471	3	proble:mi	problemi	_	_	_	_	_	linguistic	_	none	_	_	5x1	_	_	_
471-4	PST050	471	471	4	non	non	_	_	_	_	_	linguistic	_	none	_	_	_	_	_	_
471-5	PST050	471	471	5	ha	ha	_	_	_	_	_	linguistic	_	none	_	_	_	_	_	_
471-6	PST050	471	471	6	dei	dei	_	_	_	_	_	linguistic	_	none	_	_	_	_	_	_
471-7	PST050	471	471	7	problemi	problemi	_	_	_	_	_	linguistic	_	none	PauseAfter=Yes	_	_	_	_	_
471-8	PST050	471	471	8	(.)	(.)	_	_	_	_	_	shortpause	_	none	_	_	_	_	_	_
471-9	PST050	471	471	9	magari	magari	_	_	_	_	_	linguistic	_	none	_	_	_	_	_	_
471-10	PST050	471	471	10	è	è	_	_	_	_	_	linguistic	_	none	_	_	_	_	_	_
471-11	PST050	471	471	11	un	un	_	_	_	_	_	linguistic	_	none	_	_	_	_	_	_
471-12	PST050	471	471	12	po'	po'	_	_	_	_	_	linguistic	_	none	_	_	_	_	_	_
471-13	PST050	471	471	13	lento	lento	_	_	_	_	_	linguistic	_	none	_	_	_	_	_	_
471-14	PST050	471	471	14	c~	c~	_	_	_	_	_	linguistic	_	none	Interrupted=Yes	_	_	_	_	_
471-15	PST050	471	471	15	ci	ci	_	_	_	_	_	linguistic	_	none	_	_	_	_	_	_
471-16	PST050	471	471	16	sono	sono	_	_	_	_	_	linguistic	_	none	_	_	_	_	_	_
471-17	PST050	471	471	17	dei	dei	_	_	_	_	_	linguistic	_	none	_	_	_	_	_	_
471-18	PST050	471	471	18	bambini	bambini	_	_	_	_	_	linguistic	_	none	_	_	_	_	_	_
471-19	PST050	471	471	19	che	che	_	_	_	_	_	linguistic	_	none	_	_	_	_	_	_
471-20	PST050	471	471	20	sono	sono	_	_	_	_	_	linguistic	_	none	PauseAfter=Yes	_	_	_	_	_
471-21	PST050	471	471	21	(.)	(.)	_	_	_	_	_	shortpause	_	none	_	_	_	_	_	_
471-22	PST050	471	471	22	più	più	_	_	_	_	_	linguistic	_	none	_	_	_	_	_	_
471-23	PST050	471	471	23	svegli:?	svegli	_	_	_	_	_	linguistic	_	none	Intonation=Rising	End=1084.079	5x1	_	_	_
472-0	PST050	472	472	0	più:	più	_	_	_	_	_	linguistic	_	none	_	Begin=1084.24	2x1	_	_	_
472-1	PST050	472	472	1	veloci	veloci	_	_	_	_	_	linguistic	_	none	_	_	_	_	_	_
472-2	PST050	472	472	2	un~	un~	_	_	_	_	_	linguistic	_	none	Interrupted=Yes	_	_	_	_	_
472-3	PST050	472	472	3	mh	mh	_	_	_	_	_	linguistic	_	none	_	_	_	_	_	_
472-4	PST050	472	472	4	il	il	_	_	_	_	_	linguistic	_	none	_	_	_	_	_	_
472-5	PST050	472	472	5	bambino	bambino	_	_	_	_	_	linguistic	_	none	_	_	_	_	_	_
472-6	PST050	472	472	6	può:,	può	_	_	_	_	_	linguistic	_	none	Intonation=WeaklyRising	End=1086.427	2x1	_	_	_
473-0	PST213	473	473	0	magari	magari	_	_	_	_	_	linguistic	_	none	_	Begin=1086.627	_	_	_	_
473-1	PST213	473	473	1	è	è	_	_	_	_	_	linguistic	_	none	_	_	_	_	_	_
473-2	PST213	473	473	2	un	un	_	_	_	_	_	linguistic	_	none	_	_	_	_	_	_
473-3	PST213	473	473	3	po'	po'	_	_	_	_	_	linguistic	_	none	_	_	_	_	_	_
473-4	PST213	473	473	4	più	più	_	_	_	_	_	linguistic	_	none	_	_	_	_	_	_
473-5	PST213	473	473	5	timido:	timido	_	_	_	_	_	linguistic	_	none	_	_	5x1	_	_	_
473-6	PST213	473	473	6	[magari	magari	_	_	_	_	_	linguistic	_	none	PauseAfter=Yes	_	_	_	_	0-6(91)
473-7	PST213	473	473	7	(.)	(.)	_	_	_	_	_	shortpause	_	none	_	_	_	_	_	_
473-8	PST213	473	473	8	m::h].	mh	_	_	_	_	_	linguistic	_	none	Intonation=Falling	End=1089.313	0x2	_	_	0-2(91)
474-0	PST050	474	474	0	[è	è	_	_	_	_	_	linguistic	_	none	_	Begin=1087.907	_	_	_	0-1(91)
474-1	PST050	474	474	1	timido	timido	_	_	_	_	_	linguistic	_	none	_	_	_	_	_	0-6(91)
474-2	PST050	474	474	2	s:ì:]	sì	_	_	_	_	_	linguistic	_	none	_	_	0x1,1x1	_	_	0-2(91)
474-3	PST050	474	474	3	è	è	_	_	_	_	_	linguistic	_	none	_	_	_	_	_	_
474-4	PST050	474	474	4	timido	timido	_	_	_	_	_	linguistic	_	none	_	_	_	_	_	_
474-5	PST050	474	474	5	sensibile	sensibile	_	_	_	_	_	linguistic	_	none	_	_	_	_	_	_
474-6	PST050	474	474	6	però	però	_	_	_	_	_	linguistic	_	none	_	_	_	_	_	_
474-7	PST050	474	474	7	il	il	_	_	_	_	_	linguistic	_	none	_	_	_	_	_	_
474-8	PST050	474	474	8	resto	resto	_	_	_	_	_	linguistic	_	none	_	_	_	_	_	_
474-9	PST050	474	474	9	è::	è	_	_	_	_	_	linguistic	_	none	_	_	0x2	_	_	_
474-10	PST050	474	474	10	è	è	_	_	_	_	_	linguistic	_	none	_	_	_	_	_	_
474-11	PST050	474	474	11	braviss(imo).	bravissimo	_	_	_	_	_	linguistic	_	none	Intonation=Falling	End=1092.82	_	_	7-10(0)	_
475-0	PST213	475	475	0	okay	okay	_	_	_	_	_	linguistic	_	none	_	Begin=1092.807	_	_	_	_
475-1	PST213	475	475	1	[xx]	xx	_	_	_	_	_	unknown	_	none	Syllables=2	End=1093.529	_	_	_	0-2(93)
476-0	PST050	476	476	0	[no	no	_	_	_	_	_	linguistic	_	none	_	Begin=1093.227	_	_	_	0-2(93)
476-1	PST050	476	476	1	no:]	no	_	_	_	_	_	linguistic	_	none	_	_	1x1	_	_	0-2(93)
476-2	PST050	476	476	2	che::	che	_	_	_	_	_	linguistic	_	none	_	_	2x2	_	_	_
476-3	PST050	476	476	3	non	non	_	_	_	_	_	linguistic	_	none	_	_	_	_	_	_
476-4	PST050	476	476	4	va	va	_	_	_	_	_	linguistic	_	none	_	_	_	_	_	_
476-5	PST050	476	476	5	bene	bene	_	_	_	_	_	linguistic	_	none	_	_	_	_	_	_
476-6	PST050	476	476	6	perché:	perché	_	_	_	_	_	linguistic	_	none	_	_	5x1	_	_	_
476-7	PST050	476	476	7	è	è	_	_	_	_	_	linguistic	_	none	_	_	_	_	_	_
476-8	PST050	476	476	8	lento?	lento	_	_	_	_	_	linguistic	_	none	Intonation=Rising	End=1096.369	_	_	_	_
477-0	PST050	477	477	0	anche	anche	_	_	_	_	_	linguistic	_	none	_	Begin=1097.347	_	_	_	_
477-1	PST050	477	477	1	a	a	_	_	_	_	_	linguistic	_	none	_	_	_	_	_	_
477-2	PST050	477	477	2	leggere	leggere	_	_	_	_	_	linguistic	_	none	_	_	_	_	_	_
477-3	PST050	477	477	3	perché	perché	_	_	_	_	_	linguistic	_	none	_	_	_	_	_	_
477-4	PST050	477	477	4	lui	lui	_	_	_	_	_	linguistic	_	none	_	_	_	_	_	_
477-5	PST050	477	477	5	quando	quando	_	_	_	_	_	linguistic	_	none	_	_	_	_	_	_
477-6	PST050	477	477	6	legge	legge	_	_	_	_	_	linguistic	_	none	_	_	_	_	_	_
477-7	PST050	477	477	7	collega	collega	_	_	_	_	_	linguistic	_	none	PauseAfter=Yes	_	_	_	_	_
477-8	PST050	477	477	8	(.)	(.)	_	_	_	_	_	shortpause	_	none	_	_	_	_	_	_
477-9	PST050	477	477	9	la	la	_	_	_	_	_	linguistic	_	none	_	_	_	_	_	_
477-10	PST050	477	477	10	parola	parola	_	_	_	_	_	linguistic	_	none	_	_	_	_	_	_
477-11	PST050	477	477	11	e	e	_	_	_	_	_	linguistic	_	none	_	_	_	_	_	_
477-12	PST050	477	477	12	poi	poi	_	_	_	_	_	linguistic	_	none	_	_	_	_	_	_
477-13	PST050	477	477	13	legge.	legge	_	_	_	_	_	linguistic	_	none	Intonation=Falling	End=1101.507	_	_	_	_
478-0	PST213	478	478	0	okay	okay	_	_	_	_	_	linguistic	_	none	_	Begin=1101.827|End=1102.46	_	_	_	_
479-0	PST050	479	479	0	ci	ci	_	_	_	_	_	linguistic	_	none	_	Begin=1102.461	_	_	_	_
479-1	PST050	479	479	1	vuole	vuole	_	_	_	_	_	linguistic	_	none	_	_	_	_	_	_
479-2	PST050	479	479	2	un	un	_	_	_	_	_	linguistic	_	none	_	_	_	_	_	_
479-3	PST050	479	479	3	po'::	po'	_	_	_	_	_	linguistic	_	none	_	_	1x2	_	_	_
479-4	PST050	479	479	4	però	però	_	_	_	_	_	linguistic	_	none	_	_	_	_	_	_
479-5	PST050	479	479	5	devo	devo	_	_	_	_	_	linguistic	_	none	_	_	_	_	_	_
479-6	PST050	479	479	6	ho	ho	_	_	_	_	_	linguistic	_	none	_	_	_	_	_	_
479-7	PST050	479	479	7	detto	detto	_	_	_	_	_	linguistic	_	none	_	_	_	_	_	_
479-8	PST050	479	479	8	dove	dove	_	_	_	_	_	linguistic	_	none	_	_	_	_	_	_
479-9	PST050	479	479	9	lui:::.	lui	_	_	_	_	_	linguistic	_	none	Intonation=Falling	End=1105.803	2x3	_	_	_
480-0	PST050	480	480	0	un	un	_	_	_	_	_	linguistic	_	none	_	Begin=1106.333	_	_	_	_
480-1	PST050	480	480	1	po'	po'	_	_	_	_	_	linguistic	_	none	_	_	_	_	_	_
480-2	PST050	480	480	2	così	così	_	_	_	_	_	linguistic	_	none	_	_	_	_	_	_
480-3	PST050	480	480	3	io	io	_	_	_	_	_	linguistic	_	none	_	_	_	_	_	_
480-4	PST050	480	480	4	sto	sto	_	_	_	_	_	linguistic	_	none	_	_	_	_	_	_
480-5	PST050	480	480	5	lavorando	lavorando	_	_	_	_	_	linguistic	_	none	_	_	_	_	_	_
480-6	PST050	480	480	6	mi	mi	_	_	_	_	_	linguistic	_	none	_	_	_	_	_	_
480-7	PST050	480	480	7	impegno	impegno	_	_	_	_	_	linguistic	_	none	_	_	_	_	_	_
480-8	PST050	480	480	8	con	con	_	_	_	_	_	linguistic	_	none	_	_	_	_	_	_
480-9	PST050	480	480	9	lui	lui	_	_	_	_	_	linguistic	_	none	_	_	_	_	_	_
480-10	PST050	480	480	10	perché	perché	_	_	_	_	_	linguistic	_	none	_	_	_	_	_	_
480-11	PST050	480	480	11	anch'	anch'	_	_	_	_	_	linguistic	_	none	SpaceAfter=No	_	_	_	_	_
480-12	PST050	480	480	12	io	io	_	_	_	_	_	linguistic	_	none	_	_	_	_	_	_
480-13	PST050	480	480	13	lavoro	lavoro	_	_	_	_	_	linguistic	_	none	_	_	_	_	_	_
480-14	PST050	480	480	14	e:h	eh	_	_	_	_	_	linguistic	_	none	PauseAfter=Yes	_	0x1	_	_	_
480-15	PST050	480	480	15	(.)	(.)	_	_	_	_	_	shortpause	_	none	_	_	_	_	_	_
480-16	PST050	480	480	16	non	non	_	_	_	_	_	linguistic	_	none	_	_	_	_	_	_
480-17	PST050	480	480	17	è	è	_	_	_	_	_	linguistic	_	none	_	_	_	_	_	_
480-18	PST050	480	480	18	che	che	_	_	_	_	_	linguistic	_	none	_	_	_	_	_	_
480-19	PST050	480	480	19	posso	posso	_	_	_	_	_	linguistic	_	none	_	End=1111.933	_	_	_	_
481-0	PST050	481	481	0	((al_figlio))	((al_figlio))	_	_	_	_	_	nonverbalbehavior	_	none	_	Begin=1112.707	_	_	_	_
481-1	PST050	481	481	1	no:	no	_	_	_	_	_	linguistic	_	none	_	_	1x1	_	_	_
481-2	PST050	481	481	2	no	no	_	_	_	_	_	linguistic	_	none	_	_	_	_	_	_
481-3	PST050	481	481	3	no	no	_	_	_	_	_	linguistic	_	none	_	_	_	_	_	_
481-4	PST050	481	481	4	lascialo	lascialo	_	_	_	_	_	linguistic	_	none	_	_	_	_	_	_
481-5	PST050	481	481	5	qui	qui	_	_	_	_	_	linguistic	_	none	_	_	_	_	_	_
481-6	PST050	481	481	6	((ride))	((ride))	_	_	_	_	_	nonverbalbehavior	_	none	_	_	_	_	_	_
481-7	PST050	481	481	7	[sì	sì	_	_	_	_	_	linguistic	_	none	_	_	_	_	_	_
481-8	PST050	481	481	8	[sì	sì	_	_	_	_	_	linguistic	_	none	_	_	_	_	_	_
481-9	PST050	481	481	9	gioc(a)]	gioca	_	_	_	_	_	linguistic	_	none	_	End=1115.93	_	_	4-5(0)	_
482-0	PST213	482	482	0	((ride))	((ride))	_	_	_	_	_	nonverbalbehavior	_	none	_	Begin=1113.853|End=1115.033	_	_	_	_
483-0	PST050	483	483	0	perché:	perché	_	_	_	_	_	linguistic	_	none	_	Begin=1116.287	5x1	_	_	_
483-1	PST050	483	483	1	io	io	_	_	_	_	_	linguistic	_	none	_	_	_	_	_	_
483-2	PST050	483	483	2	faccio	faccio	_	_	_	_	_	linguistic	_	none	_	_	_	_	_	_
483-3	PST050	483	483	3	tutto	tutto	_	_	_	_	_	linguistic	_	none	_	_	_	_	_	_
483-4	PST050	483	483	4	il	il	_	_	_	_	_	linguistic	_	none	_	_	_	_	_	_
483-5	PST050	483	483	5	possibile,	possibile	_	_	_	_	_	linguistic	_	none	Intonation=WeaklyRising	End=1118.793	_	_	_	_
484-0	PST050	484	484	0	però	però	_	_	_	_	_	linguistic	_	none	_	Begin=1119.667	_	_	_	_
484-1	PST050	484	484	1	ci	ci	_	_	_	_	_	linguistic	_	none	_	_	_	_	_	_
484-2	PST050	484	484	2	dovete	dovete	_	_	_	_	_	linguistic	_	none	_	_	_	_	_	_
484-3	PST050	484	484	3	essere	essere	_	_	_	_	_	linguistic	_	none	_	_	_	_	_	_
484-4	PST050	484	484	4	anche	anche	_	_	_	_	_	linguistic	_	none	_	_	_	_	_	_
484-5	PST050	484	484	5	voi	voi	_	_	_	_	_	linguistic	_	none	_	_	_	_	_	_
484-6	PST050	484	484	6	che	che	_	_	_	_	_	linguistic	_	none	_	_	_	_	_	_
484-7	PST050	484	484	7	siete	siete	_	_	_	_	_	linguistic	_	none	_	_	_	_	_	_
484-8	PST050	484	484	8	insegna[nti	insegnanti	_	_	_	_	_	linguistic	_	none	_	_	_	_	_	7-10(94)
484-9	PST050	484	484	9	che]	che	_	_	_	_	_	linguistic	_	none	_	End=1122.516	_	_	_	0-3(94)
485-0	PST213	485	485	0	[e	e	_	_	_	_	_	linguistic	_	none	_	Begin=1122.073	_	_	_	0-1(94)
485-1	PST213	485	485	1	beh]?	beh	_	_	_	_	_	linguistic	_	none	Intonation=Rising	End=1122.513	_	_	_	0-3(94)
486-0	PST050	486	486	0	e	e	_	_	_	_	_	linguistic	_	none	_	Begin=1122.913	_	_	_	_
486-1	PST050	486	486	1	lei	lei	_	_	_	_	_	linguistic	_	none	_	_	_	_	_	_
486-2	PST050	486	486	2	e:h	eh	_	_	_	_	_	linguistic	_	none	_	_	0x1	_	_	_
486-3	PST050	486	486	3	ma	ma	_	_	_	_	_	linguistic	_	none	_	_	_	_	_	_
486-4	PST050	486	486	4	non	non	_	_	_	_	_	linguistic	_	none	_	_	_	_	_	_
486-5	PST050	486	486	5	possiamo	possiamo	_	_	_	_	_	linguistic	_	none	_	_	_	_	_	_
486-6	PST050	486	486	6	stare	stare	_	_	_	_	_	linguistic	_	none	PauseAfter=Yes	_	_	_	_	_
486-7	PST050	486	486	7	(.)	(.)	_	_	_	_	_	shortpause	_	none	_	_	_	_	_	_
486-8	PST050	486	486	8	dietro	dietro	_	_	_	_	_	linguistic	_	none	_	_	_	_	_	_
486-9	PST050	486	486	9	a	a	_	_	_	_	_	linguistic	_	none	_	_	_	_	_	_
486-10	PST050	486	486	10	tutti	tutti	_	_	_	_	_	linguistic	_	none	_	_	_	_	_	_
486-11	PST050	486	486	11	i	i	_	_	_	_	_	linguistic	_	none	_	_	_	_	_	_
486-12	PST050	486	486	12	bambini	bambini	_	_	_	_	_	linguistic	_	none	_	_	_	_	_	_
486-13	PST050	486	486	13	e	e	_	_	_	_	_	linguistic	_	none	_	_	_	_	_	_
486-14	PST050	486	486	14	sc[usa],	scusa	_	_	_	_	_	linguistic	_	none	Intonation=WeaklyRising	End=1126.697	_	_	_	2-5(95)
487-0	PST213	487	487	0	[beh:]	beh	_	_	_	_	_	linguistic	_	none	_	Begin=1126.447	2x1	_	_	0-3(95)
487-1	PST213	487	487	1	è	è	_	_	_	_	_	linguistic	_	none	_	_	_	_	_	_
487-2	PST213	487	487	2	il	il	_	_	_	_	_	linguistic	_	none	_	_	_	_	_	_
487-3	PST213	487	487	3	vostro	vostro	_	_	_	_	_	linguistic	_	none	_	_	_	_	_	_
487-4	PST213	487	487	4	lavo[ro]	lavoro	_	_	_	_	_	linguistic	_	none	_	_	_	_	_	4-6(96)
487-5	PST213	487	487	5	((ridendo))	((ridendo))	_	_	_	_	_	nonverbalbehavior	_	none	_	End=1127.698	_	_	_	_
488-0	PST050	488	488	0	[e:h]	eh	_	_	_	_	_	linguistic	_	none	_	Begin=1127.347	0x1	_	_	0-2(?)
488-1	PST050	488	488	1	e:	e	_	_	_	_	_	linguistic	_	none	_	_	0x1	_	_	_
488-2	PST050	488	488	2	ho	ho	_	_	_	_	_	linguistic	_	none	_	_	_	_	_	_
488-3	PST050	488	488	3	detto	detto	_	_	_	_	_	linguistic	_	none	_	_	_	_	_	_
488-4	PST050	488	488	4	scusa	scusa	_	_	_	_	_	linguistic	_	none	_	_	_	_	_	_
488-5	PST050	488	488	5	ma	ma	_	_	_	_	_	linguistic	_	none	_	_	_	_	_	_
488-6	PST050	488	488	6	io	io	_	_	_	_	_	linguistic	_	none	_	_	_	_	_	_
488-7	PST050	488	488	7	allora	allora	_	_	_	_	_	linguistic	_	none	_	_	_	_	_	_
488-8	PST050	488	488	8	perché	perché	_	_	_	_	_	linguistic	_	none	_	_	_	_	_	_
488-9	PST050	488	488	9	la	la	_	_	_	_	_	linguistic	_	none	_	_	_	_	_	_
488-10	PST050	488	488	10	mando	mando	_	_	_	_	_	linguistic	_	none	_	_	_	_	_	_
488-11	PST050	488	488	11	a	a	_	_	_	_	_	linguistic	_	none	_	_	_	_	_	_
488-12	PST050	488	488	12	scuola.	scuola	_	_	_	_	_	linguistic	_	none	Intonation=Falling	End=1130.244	_	_	_	_
489-0	PST213	489	489	0	e:h	eh	_	_	_	_	_	linguistic	_	none	_	Begin=1130.233|End=1130.533	0x1	_	_	_
490-0	PST050	490	490	0	(le)	le	_	_	_	_	_	linguistic	_	none	_	Begin=1130.707	_	_	0-2(0)	_
490-1	PST050	490	490	1	ho	ho	_	_	_	_	_	linguistic	_	none	_	_	_	_	_	_
490-2	PST050	490	490	2	dett~	dett~	_	_	_	_	_	linguistic	_	none	Interrupted=Yes	End=1131.053	_	_	_	_
491-0	PST050	491	491	0	no	no	_	_	_	_	_	linguistic	_	none	_	Begin=1131.4	_	_	_	_
491-1	PST050	491	491	1	perché	perché	_	_	_	_	_	linguistic	_	none	_	_	_	_	_	_
491-2	PST050	491	491	2	(suoi)	suoi	_	_	_	_	_	linguistic	_	none	_	_	_	_	0-4(0)	_
491-3	PST050	491	491	3	bambini	bambini	_	_	_	_	_	linguistic	_	none	_	_	_	_	_	_
491-4	PST050	491	491	4	ha:	ha	_	_	_	_	_	linguistic	_	none	_	_	1x1	_	_	_
491-5	PST050	491	491	5	dei	dei	_	_	_	_	_	linguistic	_	none	_	_	_	_	_	_
491-6	PST050	491	491	6	problemi	problemi	_	_	_	_	_	linguistic	_	none	_	_	_	_	_	_
491-7	PST050	491	491	7	molto	molto	_	_	_	_	_	linguistic	_	none	_	_	_	_	_	_
491-8	PST050	491	491	8	MO::LTO	molto	_	_	_	_	_	linguistic	_	none	Volume=high	_	1x2	_	_	_
491-9	PST050	491	491	9	MOLTO	molto	_	_	_	_	_	linguistic	_	none	Volume=high	_	_	_	_	_
491-10	PST050	491	491	10	le:nto.	lento	_	_	_	_	_	linguistic	_	none	Intonation=Falling	End=1134.967	1x1	_	_	_
492-0	PST050	492	492	0	e	e	_	_	_	_	_	linguistic	_	none	_	Begin=1136.527	_	_	_	_
492-1	PST050	492	492	1	aveva	aveva	_	_	_	_	_	linguistic	_	none	_	_	_	_	_	_
492-2	PST050	492	492	2	bisogno	bisogno	_	_	_	_	_	linguistic	_	none	_	_	_	_	_	_
492-3	PST050	492	492	3	di	di	_	_	_	_	_	linguistic	_	none	_	_	_	_	_	_
492-4	PST050	492	492	4	un::	un	_	_	_	_	_	linguistic	_	none	_	_	1x2	_	_	_
492-5	PST050	492	492	5	un:	un	_	_	_	_	_	linguistic	_	none	_	_	1x1	_	_	_
492-6	PST050	492	492	6	[(.)	.	_	_	_	_	_	error	_	none	_	_	_	_	_	_
492-7	PST050	492	492	7	spec~	spec~	_	_	_	_	_	linguistic	_	none	Interrupted=Yes	_	_	_	_	0-5(98)
492-8	PST050	492	492	8	sì]:,	sì	_	_	_	_	_	linguistic	_	none	Intonation=WeaklyRising	End=1139.6	1x1	_	_	0-2(98)
493-0	PST213	493	493	0	[del	del	_	_	_	_	_	linguistic	_	none	_	Begin=1138.48	_	_	_	0-3(98)
493-1	PST213	493	493	1	logopedista]	logopedista	_	_	_	_	_	linguistic	_	none	_	End=1139.393	_	_	_	0-11(98)
494-0	PST050	494	494	0	allora	allora	_	_	_	_	_	linguistic	_	none	_	Begin=1140.127	_	_	_	_
494-1	PST050	494	494	1	lei	lei	_	_	_	_	_	linguistic	_	none	_	_	_	_	_	_
494-2	PST050	494	494	2	ne	ne	_	_	_	_	_	linguistic	_	none	_	_	_	_	_	_
494-3	PST050	494	494	3	parla	parla	_	_	_	_	_	linguistic	_	none	_	_	_	_	_	_
494-4	PST050	494	494	4	con	con	_	_	_	_	_	linguistic	_	none	_	_	_	_	_	_
494-5	PST050	494	494	5	la	la	_	_	_	_	_	linguistic	_	none	_	_	_	_	_	_
494-6	PST050	494	494	6	sua	sua	_	_	_	_	_	linguistic	_	none	_	_	_	_	_	_
494-7	PST050	494	494	7	pediatra	pediatra	_	_	_	_	_	linguistic	_	none	_	_	_	_	_	_
494-8	PST050	494	494	8	e::h	eh	_	_	_	_	_	linguistic	_	none	_	_	0x2	_	_	_
494-9	PST050	494	494	9	li	li	_	_	_	_	_	linguistic	_	none	_	End=1143.864	_	_	_	_
495-0	PST050	495	495	0	vede	vede	_	_	_	_	_	linguistic	_	none	_	Begin=1144.52	_	_	_	_
495-1	PST050	495	495	1	cosa	cosa	_	_	_	_	_	linguistic	_	none	_	_	_	_	_	_
495-2	PST050	495	495	2	dice	dice	_	_	_	_	_	linguistic	_	none	_	_	_	_	_	_
495-3	PST050	495	495	3	mh	mh	_	_	_	_	_	linguistic	_	none	_	_	_	_	_	_
495-4	PST050	495	495	4	che	che	_	_	_	_	_	linguistic	_	none	_	_	_	_	_	_
495-5	PST050	495	495	5	lo	lo	_	_	_	_	_	linguistic	_	none	_	_	_	_	_	_
495-6	PST050	495	495	6	faccio:[:	faccio	_	_	_	_	_	linguistic	_	none	_	_	5x2	_	_	_
495-7	PST050	495	495	7	fa]re	fare	_	_	_	_	_	linguistic	_	none	_	_	_	_	_	0-2(99)
495-8	PST050	495	495	8	una	una	_	_	_	_	_	linguistic	_	none	_	_	_	_	_	_
495-9	PST050	495	495	9	visit~	visit~	_	_	_	_	_	linguistic	_	none	Interrupted=Yes	End=1147.544	_	_	_	_
496-0	PST213	496	496	0	[mh	mh	_	_	_	_	_	linguistic	_	none	_	Begin=1146.64	_	_	_	0-2(99)
496-1	PST213	496	496	1	mh]	mh	_	_	_	_	_	linguistic	_	none	_	End=1147.047	_	_	_	0-2(99)
497-0	PST050	497	497	0	sono	sono	_	_	_	_	_	linguistic	_	none	_	Begin=1148.04	_	_	_	_
497-1	PST050	497	497	1	andata	andata	_	_	_	_	_	linguistic	_	none	_	_	_	_	_	_
497-2	PST050	497	497	2	alla	alla	_	_	_	_	_	linguistic	_	none	_	_	_	_	_	_
497-3	PST050	497	497	3	pediatra	pediatra	_	_	_	_	_	linguistic	_	none	_	_	_	_	_	_
497-4	PST050	497	497	4	ho	ho	_	_	_	_	_	linguistic	_	none	_	_	_	_	_	_
497-5	PST050	497	497	5	parlato	parlato	_	_	_	_	_	linguistic	_	none	_	_	_	_	_	_
497-6	PST050	497	497	6	con	con	_	_	_	_	_	linguistic	_	none	_	_	_	_	_	_
497-7	PST050	497	497	7	mio	mio	_	_	_	_	_	linguistic	_	none	_	_	_	_	_	_
497-8	PST050	497	497	8	marito	marito	_	_	_	_	_	linguistic	_	none	_	_	_	_	_	_
497-9	PST050	497	497	9	ma	ma	_	_	_	_	_	linguistic	_	none	_	_	_	_	_	_
497-10	PST050	497	497	10	no:.	no	_	_	_	_	_	linguistic	_	none	Intonation=Falling	End=1150.62	1x1	_	_	_
498-0	PST050	498	498	0	dico	dico	_	_	_	_	_	linguistic	_	none	_	Begin=1151.193	_	_	_	_
498-1	PST050	498	498	1	(l'	l'	_	_	_	_	_	linguistic	_	none	SpaceAfter=No	_	_	_	0-2(0)	_
498-2	PST050	498	498	2	è)	è	_	_	_	_	_	linguistic	_	none	_	_	_	_	0-1(0)	_
498-3	PST050	498	498	3	vero	vero	_	_	_	_	_	linguistic	_	none	_	_	_	_	_	_
498-4	PST050	498	498	4	ogni	ogni	_	_	_	_	_	linguistic	_	none	_	_	_	_	_	_
498-5	PST050	498	498	5	tanto	tanto	_	_	_	_	_	linguistic	_	none	_	_	_	_	_	_
498-6	PST050	498	498	6	si	si	_	_	_	_	_	linguistic	_	none	_	_	_	_	_	_
498-7	PST050	498	498	7	dimentica	dimentica	_	_	_	_	_	linguistic	_	none	_	_	_	_	_	_
498-8	PST050	498	498	8	magari	magari	_	_	_	_	_	linguistic	_	none	_	_	_	_	_	_
498-9	PST050	498	498	9	dalla	dalla	_	_	_	_	_	linguistic	_	none	_	_	_	_	_	_
498-10	PST050	498	498	10	stanchezza	stanchezza	_	_	_	_	_	linguistic	_	none	PauseAfter=Yes	_	_	_	_	_
498-11	PST050	498	498	11	(.)	(.)	_	_	_	_	_	shortpause	_	none	_	_	_	_	_	_
498-12	PST050	498	498	12	que[sto	questo	_	_	_	_	_	linguistic	_	none	_	_	_	_	_	2-6(100)
498-13	PST050	498	498	13	ho	ho	_	_	_	_	_	linguistic	_	none	_	_	_	_	_	0-2(100)
498-14	PST050	498	498	14	no]ta~	nota~	_	_	_	_	_	linguistic	_	none	Interrupted=Yes	End=1155.747	_	_	_	0-2(100)
499-0	PST213	499	499	0	[m:h]	mh	_	_	_	_	_	linguistic	_	none	_	Begin=1155.053|End=1155.353	0x1	_	_	0-2(100)
500-0	PST050	500	500	0	però:,	però	_	_	_	_	_	linguistic	_	none	Intonation=WeaklyRising	Begin=1156.487|End=1156.9	3x1	_	_	_
501-0	PST050	501	501	0	sono	sono	_	_	_	_	_	linguistic	_	none	_	Begin=1157.513	_	_	_	_
501-1	PST050	501	501	1	andata	andata	_	_	_	_	_	linguistic	_	none	_	_	_	_	_	_
501-2	PST050	501	501	2	alla	alla	_	_	_	_	_	linguistic	_	none	_	_	_	_	_	_
501-3	PST050	501	501	3	pediatra	pediatra	_	_	_	_	_	linguistic	_	none	_	_	_	_	_	_
501-4	PST050	501	501	4	le	le	_	_	_	_	_	linguistic	_	none	_	_	_	_	_	_
501-5	PST050	501	501	5	ho	ho	_	_	_	_	_	linguistic	_	none	_	_	_	_	_	_
501-6	PST050	501	501	6	detto	detto	_	_	_	_	_	linguistic	_	none	_	_	_	_	_	_
501-7	PST050	501	501	7	la	la	_	_	_	_	_	linguistic	_	none	_	_	_	_	_	_
501-8	PST050	501	501	8	situazione	situazione	_	_	_	_	_	linguistic	_	none	_	_	_	_	_	_
501-9	PST050	501	501	9	guarda	guarda	_	_	_	_	_	linguistic	_	none	_	_	_	_	_	_
501-10	PST050	501	501	10	così	così	_	_	_	_	_	linguistic	_	none	_	_	_	_	_	_
501-11	PST050	501	501	11	così::	così	_	_	_	_	_	linguistic	_	none	_	_	3x2	_	_	_
501-12	PST050	501	501	12	che	che	_	_	_	_	_	linguistic	_	none	_	_	_	_	_	_
501-13	PST050	501	501	13	mio	mio	_	_	_	_	_	linguistic	_	none	_	_	_	_	_	_
501-14	PST050	501	501	14	figlio	figlio	_	_	_	_	_	linguistic	_	none	_	_	_	_	_	_
501-15	PST050	501	501	15	mi	mi	_	_	_	_	_	linguistic	_	none	_	_	_	_	_	_
501-16	PST050	501	501	16	hanno	hanno	_	_	_	_	_	linguistic	_	none	_	_	_	_	_	_
501-17	PST050	501	501	17	chiesto::	chiesto	_	_	_	_	_	linguistic	_	none	_	End=1163.34	6x2	_	_	_
502-0	PST050	502	502	0	gli	gli	_	_	_	_	_	linguistic	_	none	_	Begin=1163.96	_	_	_	_
502-1	PST050	502	502	1	insegnanti	insegnanti	_	_	_	_	_	linguistic	_	none	_	_	_	_	_	_
502-2	PST050	502	502	2	di	di	_	_	_	_	_	linguistic	_	none	_	_	_	_	_	_
502-3	PST050	502	502	3	fare	fare	_	_	_	_	_	linguistic	_	none	_	_	_	_	_	_
502-4	PST050	502	502	4	una	una	_	_	_	_	_	linguistic	_	none	_	_	_	_	_	_
502-5	PST050	502	502	5	visita	visita	_	_	_	_	_	linguistic	_	none	_	_	_	_	_	_
502-6	PST050	502	502	6	che	che	_	_	_	_	_	linguistic	_	none	_	_	_	_	_	_
502-7	PST050	502	502	7	mio	mio	_	_	_	_	_	linguistic	_	none	_	_	_	_	_	_
502-8	PST050	502	502	8	bambino	bambino	_	_	_	_	_	linguistic	_	none	_	_	_	_	_	_
502-9	PST050	502	502	9	ha	ha	_	_	_	_	_	linguistic	_	none	_	_	_	_	_	_
502-10	PST050	502	502	10	dei	dei	_	_	_	_	_	linguistic	_	none	_	_	_	_	_	_
502-11	PST050	502	502	11	problemi	problemi	_	_	_	_	_	linguistic	_	none	_	_	_	_	_	_
502-12	PST050	502	502	12	così.	così	_	_	_	_	_	linguistic	_	none	Intonation=Falling	End=1167.496	_	_	_	_
503-0	PST050	503	503	0	signora:	signora	_	_	_	_	_	linguistic	_	none	_	Begin=1168.44	6x1	_	_	_
503-1	PST050	503	503	1	eh	eh	_	_	_	_	_	linguistic	_	none	_	_	_	_	_	_
503-2	PST050	503	503	2	su:~	su~	_	_	_	_	_	linguistic	_	none	Interrupted=Yes	_	1x1	_	_	_
503-3	PST050	503	503	3	ho	ho	_	_	_	_	_	linguistic	_	none	_	_	_	_	_	_
503-4	PST050	503	503	4	portato	portato	_	_	_	_	_	linguistic	_	none	_	_	_	_	_	_
503-5	PST050	503	503	5	il	il	_	_	_	_	_	linguistic	_	none	_	_	_	_	_	_
503-6	PST050	503	503	6	bambino	bambino	_	_	_	_	_	linguistic	_	none	_	End=1170.613	_	_	_	_
504-0	PST050	504	504	0	dove	dove	_	_	_	_	_	linguistic	_	none	_	Begin=1171.28	_	_	_	_
504-1	PST050	504	504	1	vede	vede	_	_	_	_	_	linguistic	_	none	_	_	_	_	_	_
504-2	PST050	504	504	2	che	che	_	_	_	_	_	linguistic	_	none	_	_	_	_	_	_
504-3	PST050	504	504	3	li	li	_	_	_	_	_	linguistic	_	none	_	_	_	_	_	_
504-4	PST050	504	504	4	ha	ha	_	_	_	_	_	linguistic	_	none	_	_	_	_	_	_
504-5	PST050	504	504	5	ha::	ha	_	_	_	_	_	linguistic	_	none	_	_	1x2	_	_	_
504-6	PST050	504	504	6	i	i	_	_	_	_	_	linguistic	_	none	_	_	_	_	_	_
504-7	PST050	504	504	7	proble[mi	problemi	_	_	_	_	_	linguistic	_	none	PauseAfter=Yes	_	_	_	_	6-8(?)
504-8	PST050	504	504	8	(.)	(.)	_	_	_	_	_	shortpause	_	none	_	_	_	_	_	_
504-9	PST050	504	504	9	mi	mi	_	_	_	_	_	linguistic	_	none	_	_	_	_	_	0-2(?)
504-10	PST050	504	504	10	ha]	ha	_	_	_	_	_	linguistic	_	none	_	_	_	_	_	0-2(?)
504-11	PST050	504	504	11	detto.	detto	_	_	_	_	_	linguistic	_	none	Intonation=Falling	End=1174.252	_	_	_	_
505-0	PST213	505	505	0	((ride))	((ride))	_	_	_	_	_	nonverbalbehavior	_	none	_	Begin=1173.073|End=1173.82	_	_	_	_
506-0	PST050	506	506	0	e:h	eh	_	_	_	_	_	linguistic	_	none	_	Begin=1174.973	0x1	_	_	_
506-1	PST050	506	506	1	così	così	_	_	_	_	_	linguistic	_	none	_	_	_	_	_	_
506-2	PST050	506	506	2	mi	mi	_	_	_	_	_	linguistic	_	none	_	_	_	_	_	_
506-3	PST050	506	506	3	hanno	hanno	_	_	_	_	_	linguistic	_	none	_	_	_	_	_	_
506-4	PST050	506	506	4	detto	detto	_	_	_	_	_	linguistic	_	none	_	_	_	_	_	_
506-5	PST050	506	506	5	io:	io	_	_	_	_	_	linguistic	_	none	_	_	1x1	_	_	_
506-6	PST050	506	506	6	gli	gli	_	_	_	_	_	linguistic	_	none	_	_	_	_	_	_
506-7	PST050	506	506	7	ho	ho	_	_	_	_	_	linguistic	_	none	_	_	_	_	_	_
506-8	PST050	506	506	8	detto	detto	_	_	_	_	_	linguistic	_	none	_	_	_	_	_	_
506-9	PST050	506	506	9	a	a	_	_	_	_	_	linguistic	_	none	_	_	_	_	_	_
506-10	PST050	506	506	10	loro	loro	_	_	_	_	_	linguistic	_	none	_	_	_	_	_	_
506-11	PST050	506	506	11	che	che	_	_	_	_	_	linguistic	_	none	PauseAfter=Yes	_	_	_	_	_
506-12	PST050	506	506	12	(.)	(.)	_	_	_	_	_	shortpause	_	none	_	_	_	_	_	_
506-13	PST050	506	506	13	io	io	_	_	_	_	_	linguistic	_	none	_	_	_	_	_	_
506-14	PST050	506	506	14	non	non	_	_	_	_	_	linguistic	_	none	_	_	_	_	_	_
506-15	PST050	506	506	15	vedo	vedo	_	_	_	_	_	linguistic	_	none	_	_	_	_	_	_
506-16	PST050	506	506	16	se	se	_	_	_	_	_	linguistic	_	none	_	_	_	_	_	_
506-17	PST050	506	506	17	ha	ha	_	_	_	_	_	linguistic	_	none	_	_	_	_	_	_
506-18	PST050	506	506	18	dei	dei	_	_	_	_	_	linguistic	_	none	_	_	_	_	_	_
506-19	PST050	506	506	19	problemi?	problemi	_	_	_	_	_	linguistic	_	none	Intonation=Rising	End=1179.84	_	_	_	_
507-0	PST050	507	507	0	fa	fa	_	_	_	_	_	linguistic	_	none	_	Begin=1180.173|End=1180.413	_	_	_	_
508-0	PST050	508	508	0	no:	no	_	_	_	_	_	linguistic	_	none	_	Begin=1180.593	1x1	_	_	_
508-1	PST050	508	508	1	il	il	_	_	_	_	_	linguistic	_	none	_	_	_	_	_	_
508-2	PST050	508	508	2	bambino	bambino	_	_	_	_	_	linguistic	_	none	_	_	_	_	_	_
508-3	PST050	508	508	3	sta	sta	_	_	_	_	_	linguistic	_	none	_	_	_	_	_	_
508-4	PST050	508	508	4	beniss[imo]	benissimo	_	_	_	_	_	linguistic	_	none	_	End=1182.275	_	_	_	6-9(101)
509-0	PST213	509	509	0	[meno]	meno	_	_	_	_	_	linguistic	_	none	_	Begin=1182.02	_	_	_	0-4(101)
509-1	PST213	509	509	1	ma:le	male	_	_	_	_	_	linguistic	_	none	_	_	1x1	_	_	_
509-2	PST213	509	509	2	d[ai],	dai	_	_	_	_	_	linguistic	_	none	Intonation=WeaklyRising	End=1182.773	_	_	_	1-3(102)
510-0	PST050	510	510	0	[da]	da	_	_	_	_	_	linguistic	_	none	_	Begin=1182.633	_	_	_	0-2(102)
510-1	PST050	510	510	1	quando:	quando	_	_	_	_	_	linguistic	_	none	_	_	5x1	_	_	_
510-2	PST050	510	510	2	è	è	_	_	_	_	_	linguistic	_	none	_	_	_	_	_	_
510-3	PST050	510	510	3	qua:	qua	_	_	_	_	_	linguistic	_	none	_	_	2x1	_	_	_
510-4	PST050	510	510	4	che	che	_	_	_	_	_	linguistic	_	none	_	_	_	_	_	_
510-5	PST050	510	510	5	lo	lo	_	_	_	_	_	linguistic	_	none	_	_	_	_	_	_
510-6	PST050	510	510	6	porti	porti	_	_	_	_	_	linguistic	_	none	_	_	_	_	_	_
510-7	PST050	510	510	7	e:h?	eh	_	_	_	_	_	linguistic	_	none	Intonation=Rising	End=1184.713	0x1	_	_	_
511-0	PST050	511	511	0	l:'	l'	_	_	_	_	_	linguistic	_	none	SpaceAfter=No	Begin=1185.127	0x1	_	_	_
511-1	PST050	511	511	1	ha	ha	_	_	_	_	_	linguistic	_	none	_	_	_	_	_	_
511-2	PST050	511	511	2	fatto	fatto	_	_	_	_	_	linguistic	_	none	_	_	_	_	_	_
511-3	PST050	511	511	3	leggere	leggere	_	_	_	_	_	linguistic	_	none	_	_	_	_	_	_
511-4	PST050	511	511	4	l'	l'	_	_	_	_	_	linguistic	_	none	SpaceAfter=No	_	_	_	_	_
511-5	PST050	511	511	5	ha	ha	_	_	_	_	_	linguistic	_	none	_	_	_	_	_	_
511-6	PST050	511	511	6	fatto	fatto	_	_	_	_	_	linguistic	_	none	_	_	_	_	_	_
511-7	PST050	511	511	7	un	un	_	_	_	_	_	linguistic	_	none	_	_	_	_	_	_
511-8	PST050	511	511	8	po'	po'	_	_	_	_	_	linguistic	_	none	_	_	_	_	_	_
511-9	PST050	511	511	9	di	di	_	_	_	_	_	linguistic	_	none	_	_	_	_	_	_
511-10	PST050	511	511	10	co:~	co~	_	_	_	_	_	linguistic	_	none	Interrupted=Yes	End=1187.186	1x1	_	_	_
512-0	PST050	512	512	0	il	il	_	_	_	_	_	linguistic	_	none	_	Begin=1187.454	_	_	_	_
512-1	PST050	512	512	1	bambino	bambino	_	_	_	_	_	linguistic	_	none	_	_	_	_	_	_
512-2	PST050	512	512	2	non	non	_	_	_	_	_	linguistic	_	none	_	_	_	_	_	_
512-3	PST050	512	512	3	ha	ha	_	_	_	_	_	linguistic	_	none	_	_	_	_	_	_
512-4	PST050	512	512	4	pr~	pr~	_	_	_	_	_	linguistic	_	none	Interrupted=Yes|PauseAfter=Yes	_	_	_	_	_
512-5	PST050	512	512	5	(.)	(.)	_	_	_	_	_	shortpause	_	none	_	_	_	_	_	_
512-6	PST050	512	512	6	non	non	_	_	_	_	_	linguistic	_	none	_	_	_	_	_	_
512-7	PST050	512	512	7	ha:	ha	_	_	_	_	_	linguistic	_	none	_	_	1x1	_	_	_
512-8	PST050	512	512	8	problemi.	problemi	_	_	_	_	_	linguistic	_	none	Intonation=Falling	End=1190.04	_	_	_	_
513-0	PST050	513	513	0	(ci)	ci	_	_	_	_	_	linguistic	_	none	_	Begin=1190.3	_	_	0-2(0)	_
513-1	PST050	513	513	1	sono	sono	_	_	_	_	_	linguistic	_	none	_	_	_	_	_	_
513-2	PST050	513	513	2	m:h	mh	_	_	_	_	_	linguistic	_	none	_	_	0x1	_	_	_
513-3	PST050	513	513	3	dei	dei	_	_	_	_	_	linguistic	_	none	_	_	_	_	_	_
513-4	PST050	513	513	4	dei	dei	_	_	_	_	_	linguistic	_	none	_	_	_	_	_	_
513-5	PST050	513	513	5	bambini	bambini	_	_	_	_	_	linguistic	_	none	_	_	_	_	_	_
513-6	PST050	513	513	6	che	che	_	_	_	_	_	linguistic	_	none	_	_	_	_	_	_
513-7	PST050	513	513	7	sono	sono	_	_	_	_	_	linguistic	_	none	_	_	_	_	_	_
513-8	PST050	513	513	8	un	un	_	_	_	_	_	linguistic	_	none	_	_	_	_	_	_
513-9	PST050	513	513	9	po'	po'	_	_	_	_	_	linguistic	_	none	_	_	_	_	_	_
513-10	PST050	513	513	10	più	più	_	_	_	_	_	linguistic	_	none	_	_	_	_	_	_
513-11	PST050	513	513	11	lenti	lenti	_	_	_	_	_	linguistic	_	none	_	_	_	_	_	_
513-12	PST050	513	513	12	e	e	_	_	_	_	_	linguistic	_	none	_	_	_	_	_	_
513-13	PST050	513	513	13	un	un	_	_	_	_	_	linguistic	_	none	_	_	_	_	_	_
513-14	PST050	513	513	14	po'	po'	_	_	_	_	_	linguistic	_	none	_	_	_	_	_	_
513-15	PST050	513	513	15	più	più	_	_	_	_	_	linguistic	_	none	_	_	_	_	_	_
513-16	PST050	513	513	16	veloci	veloci	_	_	_	_	_	linguistic	_	none	_	_	_	_	_	_
513-17	PST050	513	513	17	che	che	_	_	_	_	_	linguistic	_	none	_	_	_	_	_	_
513-18	PST050	513	513	18	comprendono?	comprendono	_	_	_	_	_	linguistic	_	none	Intonation=Rising	End=1194.4	_	_	_	_
514-0	PST213	514	514	0	cert(o)	certo	_	_	_	_	_	linguistic	_	none	_	Begin=1194.547|End=1195.034	_	_	4-5(0)	_
515-0	PST050	515	515	0	più	più	_	_	_	_	_	linguistic	_	none	_	Begin=1195.04	_	_	_	_
515-1	PST050	515	515	1	veloce	veloce	_	_	_	_	_	linguistic	_	none	PauseAfter=Yes	_	_	_	_	_
515-2	PST050	515	515	2	(.)	(.)	_	_	_	_	_	shortpause	_	none	_	_	_	_	_	_
515-3	PST050	515	515	3	questo	questo	_	_	_	_	_	linguistic	_	none	_	_	_	_	_	_
515-4	PST050	515	515	4	è	è	_	_	_	_	_	linguistic	_	none	_	_	_	_	_	_
515-5	PST050	515	515	5	il	il	_	_	_	_	_	linguistic	_	none	_	_	_	_	_	_
515-6	PST050	515	515	6	compito	compito	_	_	_	_	_	linguistic	_	none	_	_	_	_	_	_
515-7	PST050	515	515	7	loro	loro	_	_	_	_	_	linguistic	_	none	_	_	_	_	_	_
515-8	PST050	515	515	8	di	di	_	_	_	_	_	linguistic	_	none	_	_	_	_	_	_
515-9	PST050	515	515	9	stare	stare	_	_	_	_	_	linguistic	_	none	_	_	_	_	_	_
515-10	PST050	515	515	10	dietro	dietro	_	_	_	_	_	linguistic	_	none	_	_	_	_	_	_
515-11	PST050	515	515	11	al	al	_	_	_	_	_	linguistic	_	none	_	_	_	_	_	_
515-12	PST050	515	515	12	bam[bino	bambino	_	_	_	_	_	linguistic	_	none	_	_	_	_	_	3-7(103)
515-13	PST050	515	515	13	(.)]	.	_	_	_	_	_	error	_	none	_	_	_	_	_	_
515-14	PST050	515	515	14	anche	anche	_	_	_	_	_	linguistic	_	none	_	_	_	_	_	_
515-15	PST050	515	515	15	non	non	_	_	_	_	_	linguistic	_	none	_	_	_	_	_	_
515-16	PST050	515	515	16	prenderli:,	prenderli	_	_	_	_	_	linguistic	_	none	Intonation=WeaklyRising	End=1201.003	8x1	_	_	_
516-0	PST213	516	516	0	[certo].	certo	_	_	_	_	_	linguistic	_	none	Intonation=Falling	Begin=1198.814|End=1199.454	_	_	_	0-5(103)
517-0	PST050	517	517	0	sai	sai	_	_	_	_	_	linguistic	_	none	_	Begin=1201.827	_	_	_	_
517-1	PST050	517	517	1	tutti:	tutti	_	_	_	_	_	linguistic	_	none	_	_	4x1	_	_	_
517-2	PST050	517	517	2	prendi	prendi	_	_	_	_	_	linguistic	_	none	_	_	_	_	_	_
517-3	PST050	517	517	3	uno	uno	_	_	_	_	_	linguistic	_	none	_	_	_	_	_	_
517-4	PST050	517	517	4	alla	alla	_	_	_	_	_	linguistic	_	none	_	_	_	_	_	_
517-5	PST050	517	517	5	volta.	volta	_	_	_	_	_	linguistic	_	none	Intonation=Falling	End=1203.956	_	_	_	_
518-0	PST213	518	518	0	cert[o]	certo	_	_	_	_	_	linguistic	_	none	_	Begin=1203.947|End=1204.427	_	_	_	4-5(105)
519-0	PST050	519	519	0	[o]ggi	oggi	_	_	_	_	_	linguistic	_	none	_	Begin=1204.314	_	_	_	0-1(105)
519-1	PST050	519	519	1	vai	vai	_	_	_	_	_	linguistic	_	none	_	_	_	_	_	_
519-2	PST050	519	519	2	tu	tu	_	_	_	_	_	linguistic	_	none	_	_	_	_	_	_
519-3	PST050	519	519	3	domani	domani	_	_	_	_	_	linguistic	_	none	_	_	_	_	_	_
519-4	PST050	519	519	4	vai	vai	_	_	_	_	_	linguistic	_	none	_	_	_	_	_	_
519-5	PST050	519	519	5	[tu].	tu	_	_	_	_	_	linguistic	_	none	Intonation=Falling	End=1206.105	_	_	_	0-2(106)
520-0	PST213	520	520	0	[ce]rto.	certo	_	_	_	_	_	linguistic	_	none	Intonation=Falling	Begin=1205.8|End=1206.32	_	_	_	0-2(106)
521-0	PST050	521	521	0	e	e	_	_	_	_	_	linguistic	_	none	_	Begin=1206.774	_	_	_	_
521-1	PST050	521	521	1	no	no	_	_	_	_	_	linguistic	_	none	_	_	_	_	_	_
521-2	PST050	521	521	2	mi	mi	_	_	_	_	_	linguistic	_	none	_	_	_	_	_	_
521-3	PST050	521	521	3	hanno	hanno	_	_	_	_	_	linguistic	_	none	_	_	_	_	_	_
521-4	PST050	521	521	4	detto	detto	_	_	_	_	_	linguistic	_	none	_	_	_	_	_	_
521-5	PST050	521	521	5	che	che	_	_	_	_	_	linguistic	_	none	_	_	_	_	_	_
521-6	PST050	521	521	6	ha:	ha	_	_	_	_	_	linguistic	_	none	_	_	1x1	_	_	_
521-7	PST050	521	521	7	bisogno	bisogno	_	_	_	_	_	linguistic	_	none	_	_	_	_	_	_
521-8	PST050	521	521	8	di	di	_	_	_	_	_	linguistic	_	none	_	_	_	_	_	_
521-9	PST050	521	521	9	un::	un	_	_	_	_	_	linguistic	_	none	_	_	1x2	_	_	_
521-10	PST050	521	521	10	logopedista	logopedista	_	_	_	_	_	linguistic	_	none	_	_	_	_	_	_
521-11	PST050	521	521	11	e::h	eh	_	_	_	_	_	linguistic	_	none	_	_	0x2	_	_	_
521-12	PST050	521	521	12	ieri	ieri	_	_	_	_	_	linguistic	_	none	_	_	_	_	_	_
521-13	PST050	521	521	13	mi	mi	_	_	_	_	_	linguistic	_	none	_	_	_	_	_	_
521-14	PST050	521	521	14	han(nno)	hannno	_	_	_	_	_	linguistic	_	none	_	_	_	_	3-6(0)	_
521-15	PST050	521	521	15	detto	detto	_	_	_	_	_	linguistic	_	none	_	_	_	_	_	_
521-16	PST050	521	521	16	parlando	parlando	_	_	_	_	_	linguistic	_	none	_	_	_	_	_	_
521-17	PST050	521	521	17	con	con	_	_	_	_	_	linguistic	_	none	_	_	_	_	_	_
521-18	PST050	521	521	18	lei	lei	_	_	_	_	_	linguistic	_	none	_	_	_	_	_	_
521-19	PST050	521	521	19	che	che	_	_	_	_	_	linguistic	_	none	_	_	_	_	_	_
521-20	PST050	521	521	20	c'	c'	_	_	_	_	_	linguistic	_	none	SpaceAfter=No	_	_	_	_	_
521-21	PST050	521	521	21	è:	è	_	_	_	_	_	linguistic	_	none	_	_	0x1	_	_	_
521-22	PST050	521	521	22	psicologo,	psicologo	_	_	_	_	_	linguistic	_	none	Intonation=WeaklyRising	End=1214.239	_	_	_	_
522-0	PST050	522	522	0	di	di	_	_	_	_	_	linguistic	_	none	_	Begin=1214.647	_	_	_	_
522-1	PST050	522	522	1	guardarlo	guardarlo	_	_	_	_	_	linguistic	_	none	_	_	_	_	_	_
522-2	PST050	522	522	2	un	un	_	_	_	_	_	linguistic	_	none	_	_	_	_	_	_
522-3	PST050	522	522	3	po':,	po'	_	_	_	_	_	linguistic	_	none	Intonation=WeaklyRising	End=1215.907	1x1	_	_	_
523-0	PST050	523	523	0	e::hm::	ehm	_	_	_	_	_	linguistic	_	none	_	Begin=1217.394|End=1218.265	0x2,2x2	_	_	_
524-0	PST050	524	524	0	mi	mi	_	_	_	_	_	linguistic	_	none	_	Begin=1219.827	_	_	_	_
524-1	PST050	524	524	1	è	è	_	_	_	_	_	linguistic	_	none	_	_	_	_	_	_
524-2	PST050	524	524	2	venuta	venuta	_	_	_	_	_	linguistic	_	none	_	_	_	_	_	_
524-3	PST050	524	524	3	ho	ho	_	_	_	_	_	linguistic	_	none	_	_	_	_	_	_
524-4	PST050	524	524	4	quest'	quest'	_	_	_	_	_	linguistic	_	none	SpaceAfter=No	_	_	_	_	_
524-5	PST050	524	524	5	a:nsia	ansia	_	_	_	_	_	linguistic	_	none	PauseAfter=Yes	_	0x1	_	_	_
524-6	PST050	524	524	6	(.)	(.)	_	_	_	_	_	shortpause	_	none	_	_	_	_	_	_
524-7	PST050	524	524	7	mi	mi	_	_	_	_	_	linguistic	_	none	_	_	_	_	_	_
524-8	PST050	524	524	8	creda	creda	_	_	_	_	_	linguistic	_	none	_	_	_	_	_	_
524-9	PST050	524	524	9	che	che	_	_	_	_	_	linguistic	_	none	_	_	_	_	_	_
524-10	PST050	524	524	10	io	io	_	_	_	_	_	linguistic	_	none	_	_	_	_	_	_
524-11	PST050	524	524	11	non	non	_	_	_	_	_	linguistic	_	none	_	_	_	_	_	_
524-12	PST050	524	524	12	dormo	dormo	_	_	_	_	_	linguistic	_	none	_	_	_	_	_	_
524-13	PST050	524	524	13	la	la	_	_	_	_	_	linguistic	_	none	_	_	_	_	_	_
524-14	PST050	524	524	14	no[tte]?	notte	_	_	_	_	_	linguistic	_	none	Intonation=Rising	End=1223.507	_	_	_	1-5(107)
525-0	PST212	525	525	0	[a]:h	ah	_	_	_	_	_	linguistic	_	none	_	Begin=1223.354	0x1	_	_	0-1(107)
525-1	PST212	525	525	1	[certo].	certo	_	_	_	_	_	linguistic	_	none	Intonation=Falling	End=1224.3	_	_	_	0-5(108)
526-0	PST213	526	526	0	[no::].	no	_	_	_	_	_	linguistic	_	none	Intonation=Falling	Begin=1223.654|End=1224.294	1x2	_	_	0-2(108)
527-0	PST050	527	527	0	vi	vi	_	_	_	_	_	linguistic	_	none	_	Begin=1224.42	_	_	_	_
527-1	PST050	527	527	1	giu:ro,	giuro	_	_	_	_	_	linguistic	_	none	Intonation=WeaklyRising	End=1225.2	2x1	_	_	_
528-0	PST050	528	528	0	anche	anche	_	_	_	_	_	linguistic	_	none	_	Begin=1225.767	_	_	_	_
528-1	PST050	528	528	1	ieri	ieri	_	_	_	_	_	linguistic	_	none	_	_	_	_	_	_
528-2	PST050	528	528	2	non	non	_	_	_	_	_	linguistic	_	none	_	_	_	_	_	_
528-3	PST050	528	528	3	riuscivo	riuscivo	_	_	_	_	_	linguistic	_	none	_	_	_	_	_	_
528-4	PST050	528	528	4	addormentarmi?	addormentarmi	_	_	_	_	_	linguistic	_	none	Intonation=Rising	End=1228.267	_	_	_	_
529-0	???	529	529	0	eh	eh	_	_	_	_	_	linguistic	_	none	_	Begin=1229.147	_	_	_	_
529-1	???	529	529	1	mamma	mamma	_	_	_	_	_	linguistic	_	none	_	_	_	_	_	_
529-2	???	529	529	2	pipì	pipì	_	_	_	_	_	linguistic	_	none	_	End=1230.37	_	_	_	_
530-0	PST050	530	530	0	pipì?	pipì	_	_	_	_	_	linguistic	_	none	Intonation=Rising	Begin=1230.694|End=1231.261	_	_	_	_
531-0	PST213	531	531	0	vai,	vai	_	_	_	_	_	linguistic	_	none	Intonation=WeaklyRising	Begin=1231.574|End=1231.927	_	_	_	_
532-0	PST050	532	532	0	mh	mh	_	_	_	_	_	linguistic	_	none	_	Begin=1232.12	_	_	_	_
532-1	PST050	532	532	1	posso	posso	_	_	_	_	_	linguistic	_	none	_	_	_	_	_	_
532-2	PST050	532	532	2	[un	un	_	_	_	_	_	linguistic	_	none	_	_	_	_	_	0-2(151)
532-3	PST050	532	532	3	attim(o)	attimo	_	_	_	_	_	linguistic	_	none	_	_	_	_	5-6(0)	0-6(151)
532-4	PST050	532	532	4	(.)]	.	_	_	_	_	_	error	_	none	_	_	_	_	_	_
532-5	PST050	532	532	5	non	non	_	_	_	_	_	linguistic	_	none	_	_	_	_	_	_
532-6	PST050	532	532	6	riusci~	riusci~	_	_	_	_	_	linguistic	_	none	Interrupted=Yes	End=1234.426	_	_	_	_
533-0	PST212	533	533	0	[sì::	sì	_	_	_	_	_	linguistic	_	none	_	Begin=1232.627	1x2	_	_	0-2(151)
533-1	PST212	533	533	1	sì	sì	_	_	_	_	_	linguistic	_	none	_	_	_	_	_	0-2(151)
533-2	PST212	533	533	2	sì]	sì	_	_	_	_	_	linguistic	_	none	_	End=1233.74	_	_	_	0-2(151)
534-0	PST213	534	534	0	[certo	certo	_	_	_	_	_	linguistic	_	none	PauseAfter=Yes	Begin=1232.627	_	_	_	0-5(151)
534-1	PST213	534	534	1	(.)	(.)	_	_	_	_	_	shortpause	_	none	_	_	_	_	_	_
534-2	PST213	534	534	2	certo].	certo	_	_	_	_	_	linguistic	_	none	Intonation=Falling	End=1233.914	_	_	_	0-5(151)
535-0	PST050	535	535	0	giusto?	giusto	_	_	_	_	_	linguistic	_	none	Intonation=Rising	Begin=1237.22|End=1237.74	_	_	_	_
536-0	PST213	536	536	0	sì:	sì	_	_	_	_	_	linguistic	_	none	_	Begin=1239.194|End=1239.587	1x1	_	_	_
537-0	PST050	537	537	0	e	e	_	_	_	_	_	linguistic	_	none	_	Begin=1242.64	_	_	_	_
537-1	PST050	537	537	1	che	che	_	_	_	_	_	linguistic	_	none	_	_	_	_	_	_
537-2	PST050	537	537	2	ho	ho	_	_	_	_	_	linguistic	_	none	_	_	_	_	_	_
537-3	PST050	537	537	3	quest'	quest'	_	_	_	_	_	linguistic	_	none	SpaceAfter=No	_	_	_	_	_
537-4	PST050	537	537	4	ansia	ansia	_	_	_	_	_	linguistic	_	none	_	_	_	_	_	_
537-5	PST050	537	537	5	che	che	_	_	_	_	_	linguistic	_	none	_	_	_	_	_	_
537-6	PST050	537	537	6	mi	mi	_	_	_	_	_	linguistic	_	none	_	_	_	_	_	_
537-7	PST050	537	537	7	han	han	_	_	_	_	_	linguistic	_	none	_	_	_	_	_	_
537-8	PST050	537	537	8	messo	messo	_	_	_	_	_	linguistic	_	none	_	_	_	_	_	_
537-9	PST050	537	537	9	paura?	paura	_	_	_	_	_	linguistic	_	none	Intonation=Rising	End=1245.268	_	_	_	_
538-0	PST212	538	538	0	mh	mh	_	_	_	_	_	linguistic	_	none	_	Begin=1245.347	_	_	_	_
538-1	PST212	538	538	1	m:h	mh	_	_	_	_	_	linguistic	_	none	_	End=1245.754	0x1	_	_	_
539-0	PST050	539	539	0	che	che	_	_	_	_	_	linguistic	_	none	_	Begin=1245.88	_	_	_	_
539-1	PST050	539	539	1	la	la	_	_	_	_	_	linguistic	_	none	_	_	_	_	_	_
539-2	PST050	539	539	2	cosa	cosa	_	_	_	_	_	linguistic	_	none	_	_	_	_	_	_
539-3	PST050	539	539	3	che:	che	_	_	_	_	_	linguistic	_	none	_	_	2x1	_	_	_
539-4	PST050	539	539	4	se	se	_	_	_	_	_	linguistic	_	none	_	_	_	_	_	_
539-5	PST050	539	539	5	no::	no	_	_	_	_	_	linguistic	_	none	_	_	1x2	_	_	_
539-6	PST050	539	539	6	signora::,	signora	_	_	_	_	_	linguistic	_	none	Intonation=WeaklyRising	End=1248.209	6x2	_	_	_
540-0	PST050	540	540	0	e::h	eh	_	_	_	_	_	linguistic	_	none	_	Begin=1248.867	0x2	_	_	_
540-1	PST050	540	540	1	se	se	_	_	_	_	_	linguistic	_	none	_	_	_	_	_	_
540-2	PST050	540	540	2	no:	no	_	_	_	_	_	linguistic	_	none	_	_	1x1	_	_	_
540-3	PST050	540	540	3	il	il	_	_	_	_	_	linguistic	_	none	_	_	_	_	_	_
540-4	PST050	540	540	4	bambino::	bambino	_	_	_	_	_	linguistic	_	none	_	_	6x2	_	_	_
540-5	PST050	540	540	5	rischia	rischia	_	_	_	_	_	linguistic	_	none	_	_	_	_	_	_
540-6	PST050	540	540	6	di	di	_	_	_	_	_	linguistic	_	none	_	_	_	_	_	_
540-7	PST050	540	540	7	essere	essere	_	_	_	_	_	linguistic	_	none	_	_	_	_	_	_
540-8	PST050	540	540	8	bocciato	bocciato	_	_	_	_	_	linguistic	_	none	_	_	_	_	_	_
540-9	PST050	540	540	9	io	io	_	_	_	_	_	linguistic	_	none	_	_	_	_	_	_
540-10	PST050	540	540	10	perché	perché	_	_	_	_	_	linguistic	_	none	_	_	_	_	_	_
540-11	PST050	540	540	11	deve	deve	_	_	_	_	_	linguistic	_	none	_	_	_	_	_	_
540-12	PST050	540	540	12	essere	essere	_	_	_	_	_	linguistic	_	none	_	_	_	_	_	_
540-13	PST050	540	540	13	[boccia]to.	bocciato	_	_	_	_	_	linguistic	_	none	Intonation=Falling	End=1254.198	_	_	_	0-6(109)
541-0	PST212	541	541	0	[m:h]	mh	_	_	_	_	_	linguistic	_	none	_	Begin=1253.44|End=1253.814	0x1	_	_	0-2(109)
542-0	PST050	542	542	0	che::	che	_	_	_	_	_	linguistic	_	none	PauseAfter=Yes	Begin=1255.087	2x2	_	_	_
542-1	PST050	542	542	1	(.)	(.)	_	_	_	_	_	shortpause	_	none	_	_	_	_	_	_
542-2	PST050	542	542	2	che	che	_	_	_	_	_	linguistic	_	none	_	_	_	_	_	_
542-3	PST050	542	542	3	ved~	ved~	_	_	_	_	_	linguistic	_	none	Interrupted=Yes	_	_	_	_	_
542-4	PST050	542	542	4	vedremo	vedremo	_	_	_	_	_	linguistic	_	none	_	_	_	_	_	_
542-5	PST050	542	542	5	poi	poi	_	_	_	_	_	linguistic	_	none	_	_	_	_	_	_
542-6	PST050	542	542	6	a	a	_	_	_	_	_	linguistic	_	none	_	_	_	_	_	_
542-7	PST050	542	542	7	settembre	settembre	_	_	_	_	_	linguistic	_	none	_	_	_	_	_	_
542-8	PST050	542	542	8	come	come	_	_	_	_	_	linguistic	_	none	_	_	_	_	_	_
542-9	PST050	542	542	9	va	va	_	_	_	_	_	linguistic	_	none	_	_	_	_	_	_
542-10	PST050	542	542	10	il	il	_	_	_	_	_	linguistic	_	none	_	_	_	_	_	_
542-11	PST050	542	542	11	bambino	bambino	_	_	_	_	_	linguistic	_	none	PauseAfter=Yes	_	_	_	_	_
542-12	PST050	542	542	12	(.)	(.)	_	_	_	_	_	shortpause	_	none	_	_	_	_	_	_
542-13	PST050	542	542	13	guarda	guarda	_	_	_	_	_	linguistic	_	none	_	_	_	_	_	_
542-14	PST050	542	542	14	che	che	_	_	_	_	_	linguistic	_	none	_	_	_	_	_	_
542-15	PST050	542	542	15	mio	mio	_	_	_	_	_	linguistic	_	none	_	_	_	_	_	_
542-16	PST050	542	542	16	bambino	bambino	_	_	_	_	_	linguistic	_	none	_	_	_	_	_	_
542-17	PST050	542	542	17	va	va	_	_	_	_	_	linguistic	_	none	_	_	_	_	_	_
542-18	PST050	542	542	18	benissimo	benissimo	_	_	_	_	_	linguistic	_	none	_	_	_	_	_	_
542-19	PST050	542	542	19	anche	anche	_	_	_	_	_	linguistic	_	none	_	_	_	_	_	_
542-20	PST050	542	542	20	se	se	_	_	_	_	_	linguistic	_	none	_	_	_	_	_	_
542-21	PST050	542	542	21	è	è	_	_	_	_	_	linguistic	_	none	_	_	_	_	_	_
542-22	PST050	542	542	22	un	un	_	_	_	_	_	linguistic	_	none	_	_	_	_	_	_
542-23	PST050	542	542	23	po'	po'	_	_	_	_	_	linguistic	_	none	_	_	_	_	_	_
542-24	PST050	542	542	24	più	più	_	_	_	_	_	linguistic	_	none	_	_	_	_	_	_
542-25	PST050	542	542	25	lento,	lento	_	_	_	_	_	linguistic	_	none	Intonation=WeaklyRising	End=1261.931	_	_	_	_
543-0	PST050	543	543	0	dovete	dovete	_	_	_	_	_	linguistic	_	none	_	Begin=1262.22	_	_	_	_
543-1	PST050	543	543	1	essere	essere	_	_	_	_	_	linguistic	_	none	_	_	_	_	_	_
543-2	PST050	543	543	2	VOI	voi	_	_	_	_	_	linguistic	_	none	Volume=high	_	_	_	_	_
543-3	PST050	543	543	3	che	che	_	_	_	_	_	linguistic	_	none	_	_	_	_	_	_
543-4	PST050	543	543	4	vi	vi	_	_	_	_	_	linguistic	_	none	_	_	_	_	_	_
543-5	PST050	543	543	5	dovetere	dovetere	_	_	_	_	_	linguistic	_	none	_	_	_	_	_	_
543-6	PST050	543	543	6	impegnare	impegnare	_	_	_	_	_	linguistic	_	none	_	_	_	_	_	_
543-7	PST050	543	543	7	[perché	perché	_	_	_	_	_	linguistic	_	none	_	_	_	_	_	0-6(110)
543-8	PST050	543	543	8	si]	si	_	_	_	_	_	linguistic	_	none	_	_	_	_	_	0-2(110)
543-9	PST050	543	543	9	vede	vede	_	_	_	_	_	linguistic	_	none	_	_	_	_	_	_
543-10	PST050	543	543	10	che	che	_	_	_	_	_	linguistic	_	none	_	_	_	_	_	_
543-11	PST050	543	543	11	non	non	_	_	_	_	_	linguistic	_	none	_	_	_	_	_	_
543-12	PST050	543	543	12	vi	vi	_	_	_	_	_	linguistic	_	none	_	_	_	_	_	_
543-13	PST050	543	543	13	im~	im~	_	_	_	_	_	linguistic	_	none	Interrupted=Yes	_	_	_	_	_
543-14	PST050	543	543	14	vi	vi	_	_	_	_	_	linguistic	_	none	_	_	_	_	_	_
543-15	PST050	543	543	15	impegnate	impegnate	_	_	_	_	_	linguistic	_	none	_	_	_	_	_	_
543-16	PST050	543	543	16	tanto	tanto	_	_	_	_	_	linguistic	_	none	_	_	_	_	_	_
543-17	PST050	543	543	17	lo	lo	_	_	_	_	_	linguistic	_	none	_	_	_	_	_	_
543-18	PST050	543	543	18	lasciate	lasciate	_	_	_	_	_	linguistic	_	none	_	_	_	_	_	_
543-19	PST050	543	543	19	lì:	lì	_	_	_	_	_	linguistic	_	none	_	_	1x1	_	_	_
543-20	PST050	543	543	20	vi	vi	_	_	_	_	_	linguistic	_	none	_	_	_	_	_	_
543-21	PST050	543	543	21	occupate	occupate	_	_	_	_	_	linguistic	_	none	_	_	_	_	_	_
543-22	PST050	543	543	22	dei	dei	_	_	_	_	_	linguistic	_	none	_	_	_	_	_	_
543-23	PST050	543	543	23	altri,	altri	_	_	_	_	_	linguistic	_	none	Intonation=WeaklyRising	End=1269.368	_	_	_	_
544-0	PST213	544	544	0	[ah	ah	_	_	_	_	_	linguistic	_	none	_	Begin=1264.754	_	_	_	0-2(110)
544-1	PST213	544	544	1	certo]	certo	_	_	_	_	_	linguistic	_	none	_	End=1265.46	_	_	_	0-5(110)
545-0	PST050	545	545	0	perché:	perché	_	_	_	_	_	linguistic	_	none	_	Begin=1269.914	5x1	_	_	_
545-1	PST050	545	545	1	io	io	_	_	_	_	_	linguistic	_	none	_	_	_	_	_	_
545-2	PST050	545	545	2	ho	ho	_	_	_	_	_	linguistic	_	none	_	_	_	_	_	_
545-3	PST050	545	545	3	notato	notato	_	_	_	_	_	linguistic	_	none	_	_	_	_	_	_
545-4	PST050	545	545	4	che	che	_	_	_	_	_	linguistic	_	none	_	_	_	_	_	_
545-5	PST050	545	545	5	d~	d~	_	_	_	_	_	linguistic	_	none	Interrupted=Yes	_	_	_	_	_
545-6	PST050	545	545	6	da	da	_	_	_	_	_	linguistic	_	none	_	_	_	_	_	_
545-7	PST050	545	545	7	quando	quando	_	_	_	_	_	linguistic	_	none	_	_	_	_	_	_
545-8	PST050	545	545	8	è	è	_	_	_	_	_	linguistic	_	none	_	_	_	_	_	_
545-9	PST050	545	545	9	iniziato	iniziato	_	_	_	_	_	linguistic	_	none	_	_	_	_	_	_
545-10	PST050	545	545	10	la	la	_	_	_	_	_	linguistic	_	none	_	_	_	_	_	_
545-11	PST050	545	545	11	prima	prima	_	_	_	_	_	linguistic	_	none	_	_	_	_	_	_
545-12	PST050	545	545	12	[me	me	_	_	_	_	_	linguistic	_	none	_	_	_	_	_	0-2(111)
545-13	PST050	545	545	13	l'	l'	_	_	_	_	_	linguistic	_	none	SpaceAfter=No	_	_	_	_	0-2(111)
545-14	PST050	545	545	14	hanno	hanno	_	_	_	_	_	linguistic	_	none	_	_	_	_	_	0-5(111)
545-15	PST050	545	545	15	punta]to.	puntato	_	_	_	_	_	linguistic	_	none	Intonation=Falling	End=1274.885	_	_	_	0-5(111)
546-0	???	546	546	0	[(basta::)]	basta	_	_	_	_	_	linguistic	_	none	_	Begin=1273.254|End=1274.647	4x2	_	0-5(0)	0-5(111)
547-0	PST212	547	547	0	m:h	mh	_	_	_	_	_	linguistic	_	none	_	Begin=1275.034	0x1	_	_	_
547-1	PST212	547	547	1	ma	ma	_	_	_	_	_	linguistic	_	none	_	_	_	_	_	_
547-2	PST212	547	547	2	pensi	pensi	_	_	_	_	_	linguistic	_	none	_	_	_	_	_	_
547-3	PST212	547	547	3	che	che	_	_	_	_	_	linguistic	_	none	_	_	_	_	_	_
547-4	PST212	547	547	4	sia::	sia	_	_	_	_	_	linguistic	_	none	_	_	2x2	_	_	_
547-5	PST212	547	547	5	un:	un	_	_	_	_	_	linguistic	_	none	_	_	1x1	_	_	_
547-6	PST212	547	547	6	pregiudi:zio	pregiudizio	_	_	_	_	_	linguistic	_	none	_	_	7x1	_	_	_
547-7	PST212	547	547	7	non	non	_	_	_	_	_	linguistic	_	none	_	_	_	_	_	_
547-8	PST212	547	547	8	lo	lo	_	_	_	_	_	linguistic	_	none	_	_	_	_	_	_
547-9	PST212	547	547	9	so.	so	_	_	_	_	_	linguistic	_	none	Intonation=Falling	End=1278.499	_	_	_	_
548-0	PST050	548	548	0	ma	ma	_	_	_	_	_	linguistic	_	none	_	Begin=1279.147	_	_	_	_
548-1	PST050	548	548	1	no:	no	_	_	_	_	_	linguistic	_	none	_	_	1x1	_	_	_
548-2	PST050	548	548	2	non	non	_	_	_	_	_	linguistic	_	none	_	_	_	_	_	_
548-3	PST050	548	548	3	lo	lo	_	_	_	_	_	linguistic	_	none	_	_	_	_	_	_
548-4	PST050	548	548	4	[f:~]	f~	_	_	_	_	_	linguistic	_	none	Interrupted=Yes	End=1280.181	0x1	_	_	0-2(112)
549-0	PST212	549	549	0	[xxx]	xxx	_	_	_	_	_	unknown	_	none	Syllables=3	Begin=1279.794	_	_	_	0-3(112)
549-1	PST212	549	549	1	o::.	o	_	_	_	_	_	linguistic	_	none	Intonation=Falling	End=1280.814	0x2	_	_	_
550-0	PST050	550	550	0	che	che	_	_	_	_	_	linguistic	_	none	_	Begin=1281.847	_	_	_	_
550-1	PST050	550	550	1	ha::	ha	_	_	_	_	_	linguistic	_	none	_	_	1x2	_	_	_
550-2	PST050	550	550	2	ehm	ehm	_	_	_	_	_	linguistic	_	none	_	_	_	_	_	_
550-3	PST050	550	550	3	che	che	_	_	_	_	_	linguistic	_	none	_	_	_	_	_	_
550-4	PST050	550	550	4	ehm	ehm	_	_	_	_	_	linguistic	_	none	_	_	_	_	_	_
550-5	PST050	550	550	5	gli	gli	_	_	_	_	_	linguistic	_	none	_	_	_	_	_	_
550-6	PST050	550	550	6	ho	ho	_	_	_	_	_	linguistic	_	none	_	_	_	_	_	_
550-7	PST050	550	550	7	fatto	fatto	_	_	_	_	_	linguistic	_	none	_	_	_	_	_	_
550-8	PST050	550	550	8	qualcosa	qualcosa	_	_	_	_	_	linguistic	_	none	_	_	_	_	_	_
550-9	PST050	550	550	9	[o	o	_	_	_	_	_	linguistic	_	none	_	_	_	_	_	0-1(113)
550-10	PST050	550	550	10	che],	che	_	_	_	_	_	linguistic	_	none	Intonation=WeaklyRising	End=1284.733	_	_	_	0-3(113)
551-0	PST212	551	551	0	[no:	no	_	_	_	_	_	linguistic	_	none	_	Begin=1284.181	1x1	_	_	0-2(113)
551-1	PST212	551	551	1	non]	non	_	_	_	_	_	linguistic	_	none	_	_	_	_	_	0-3(113)
551-2	PST212	551	551	2	so:	so	_	_	_	_	_	linguistic	_	none	PauseAfter=Yes	_	1x1	_	_	_
551-3	PST212	551	551	3	(.)	(.)	_	_	_	_	_	shortpause	_	none	_	_	_	_	_	_
551-4	PST212	551	551	4	perché	perché	_	_	_	_	_	linguistic	_	none	_	_	_	_	_	_
551-5	PST212	551	551	5	l'	l'	_	_	_	_	_	linguistic	_	none	SpaceAfter=No	_	_	_	_	_
551-6	PST212	551	551	6	hanno	hanno	_	_	_	_	_	linguistic	_	none	_	_	_	_	_	_
551-7	PST212	551	551	7	preso	preso	_	_	_	_	_	linguistic	_	none	_	_	_	_	_	_
551-8	PST212	551	551	8	di	di	_	_	_	_	_	linguistic	_	none	_	_	_	_	_	_
551-9	PST212	551	551	9	mira:.	mira	_	_	_	_	_	linguistic	_	none	Intonation=Falling	End=1288.294	3x1	_	_	_
552-0	PST050	552	552	0	non	non	_	_	_	_	_	linguistic	_	none	_	Begin=1289.96	_	_	_	_
552-1	PST050	552	552	1	lo	lo	_	_	_	_	_	linguistic	_	none	_	_	_	_	_	_
552-2	PST050	552	552	2	so	so	_	_	_	_	_	linguistic	_	none	_	_	_	_	_	_
552-3	PST050	552	552	3	io::	io	_	_	_	_	_	linguistic	_	none	_	_	1x2	_	_	_
552-4	PST050	552	552	4	da	da	_	_	_	_	_	linguistic	_	none	_	_	_	_	_	_
552-5	PST050	552	552	5	quando	quando	_	_	_	_	_	linguistic	_	none	_	_	_	_	_	_
552-6	PST050	552	552	6	ha	ha	_	_	_	_	_	linguistic	_	none	_	_	_	_	_	_
552-7	PST050	552	552	7	iniziato	iniziato	_	_	_	_	_	linguistic	_	none	_	_	_	_	_	_
552-8	PST050	552	552	8	la	la	_	_	_	_	_	linguistic	_	none	_	_	_	_	_	_
552-9	PST050	552	552	9	prima	prima	_	_	_	_	_	linguistic	_	none	_	_	_	_	_	_
552-10	PST050	552	552	10	io	io	_	_	_	_	_	linguistic	_	none	_	_	_	_	_	_
552-11	PST050	552	552	11	ho	ho	_	_	_	_	_	linguistic	_	none	_	_	_	_	_	_
552-12	PST050	552	552	12	visto	visto	_	_	_	_	_	linguistic	_	none	_	_	_	_	_	_
552-13	PST050	552	552	13	che	che	_	_	_	_	_	linguistic	_	none	_	_	_	_	_	_
552-14	PST050	552	552	14	l'	l'	_	_	_	_	_	linguistic	_	none	SpaceAfter=No	_	_	_	_	_
552-15	PST050	552	552	15	ha:	ha	_	_	_	_	_	linguistic	_	none	_	_	1x1	_	_	_
552-16	PST050	552	552	16	mh	mh	_	_	_	_	_	linguistic	_	none	_	End=1293.815	_	_	_	_
553-0	PST050	553	553	0	proprio	proprio	_	_	_	_	_	linguistic	_	none	_	Begin=1294.167	_	_	_	_
553-1	PST050	553	553	1	l'	l'	_	_	_	_	_	linguistic	_	none	SpaceAfter=No	_	_	_	_	_
553-2	PST050	553	553	2	ha::	ha	_	_	_	_	_	linguistic	_	none	_	_	1x2	_	_	_
553-3	PST050	553	553	3	l'	l'	_	_	_	_	_	linguistic	_	none	SpaceAfter=No	_	_	_	_	_
553-4	PST050	553	553	4	ha	ha	_	_	_	_	_	linguistic	_	none	_	_	_	_	_	_
553-5	PST050	553	553	5	puntato:?	puntato	_	_	_	_	_	linguistic	_	none	Intonation=Rising	End=1296.36	6x1	_	_	_
554-0	PST050	554	554	0	su	su	_	_	_	_	_	linguistic	_	none	_	Begin=1296.847	_	_	_	_
554-1	PST050	554	554	1	di	di	_	_	_	_	_	linguistic	_	none	_	_	_	_	_	_
554-2	PST050	554	554	2	lui	lui	_	_	_	_	_	linguistic	_	none	_	_	_	_	_	_
554-3	PST050	554	554	3	perché	perché	_	_	_	_	_	linguistic	_	none	_	_	_	_	_	_
554-4	PST050	554	554	4	forse	forse	_	_	_	_	_	linguistic	_	none	_	_	_	_	_	_
554-5	PST050	554	554	5	perché	perché	_	_	_	_	_	linguistic	_	none	_	_	_	_	_	_
554-6	PST050	554	554	6	è	è	_	_	_	_	_	linguistic	_	none	_	_	_	_	_	_
554-7	PST050	554	554	7	troppo	troppo	_	_	_	_	_	linguistic	_	none	_	_	_	_	_	_
554-8	PST050	554	554	8	bravo?	bravo	_	_	_	_	_	linguistic	_	none	Intonation=Rising	End=1299.0659999999998	_	_	_	_
555-0	PST212	555	555	0	mh	mh	_	_	_	_	_	linguistic	_	none	_	Begin=1299.0659999999998	_	_	_	_
555-1	PST212	555	555	1	m:h	mh	_	_	_	_	_	linguistic	_	none	_	End=1299.467	0x1	_	_	_
556-0	PST050	556	556	0	perché	perché	_	_	_	_	_	linguistic	_	none	_	Begin=1299.467	_	_	_	_
556-1	PST050	556	556	1	è	è	_	_	_	_	_	linguistic	_	none	_	_	_	_	_	_
556-2	PST050	556	556	2	troppo::	troppo	_	_	_	_	_	linguistic	_	none	_	_	5x2	_	_	_
556-3	PST050	556	556	3	che	che	_	_	_	_	_	linguistic	_	none	_	_	_	_	_	_
556-4	PST050	556	556	4	ne	ne	_	_	_	_	_	linguistic	_	none	_	_	_	_	_	_
556-5	PST050	556	556	5	so,	so	_	_	_	_	_	linguistic	_	none	Intonation=WeaklyRising	End=1301.61	_	_	_	_
557-0	PST213	557	557	0	ma	ma	_	_	_	_	_	linguistic	_	none	_	Begin=1302.18	_	_	_	_
557-1	PST213	557	557	1	son	son	_	_	_	_	_	linguistic	_	none	_	_	_	_	_	_
557-2	PST213	557	557	2	tanti	tanti	_	_	_	_	_	linguistic	_	none	_	_	_	_	_	_
557-3	PST213	557	557	3	in	in	_	_	_	_	_	linguistic	_	none	_	_	_	_	_	_
557-4	PST213	557	557	4	classe?	classe	_	_	_	_	_	linguistic	_	none	Intonation=Rising	End=1303.34	_	_	_	_
558-0	PST050	558	558	0	son	son	_	_	_	_	_	linguistic	_	none	_	Begin=1303.854	_	_	_	_
558-1	PST050	558	558	1	ventidue.	ventidue	_	_	_	_	_	linguistic	_	none	Intonation=Falling	End=1304.642	_	_	_	_
559-0	PST213	559	559	0	a[:h]	ah	_	_	_	_	_	linguistic	_	none	_	Begin=1304.767|End=1305.114	0x1	_	_	1-2(114)
560-0	PST212	560	560	0	[ah]	ah	_	_	_	_	_	linguistic	_	none	_	Begin=1304.934	_	_	_	0-2(114)
560-1	PST212	560	560	1	beh	beh	_	_	_	_	_	linguistic	_	none	_	_	_	_	_	_
560-2	PST212	560	560	2	neanche	neanche	_	_	_	_	_	linguistic	_	none	_	_	_	_	_	_
560-3	PST212	560	560	3	tro:pp~	tropp~	_	_	_	_	_	linguistic	_	none	Interrupted=Yes	End=1305.967	2x1	_	_	_
561-0	PST050	561	561	0	però::	però	_	_	_	_	_	linguistic	_	none	_	Begin=1307.027	3x2	_	_	_
561-1	PST050	561	561	1	che	che	_	_	_	_	_	linguistic	_	none	_	_	_	_	_	_
561-2	PST050	561	561	2	l'	l'	_	_	_	_	_	linguistic	_	none	SpaceAfter=No	_	_	_	_	_
561-3	PST050	561	561	3	avevo	avevo	_	_	_	_	_	linguistic	_	none	_	_	_	_	_	_
561-4	PST050	561	561	4	detto::	detto	_	_	_	_	_	linguistic	_	none	_	_	4x2	_	_	_
561-5	PST050	561	561	5	quando	quando	_	_	_	_	_	linguistic	_	none	_	_	_	_	_	_
561-6	PST050	561	561	6	è	è	_	_	_	_	_	linguistic	_	none	_	_	_	_	_	_
561-7	PST050	561	561	7	stato	stato	_	_	_	_	_	linguistic	_	none	_	_	_	_	_	_
561-8	PST050	561	561	8	no::	no	_	_	_	_	_	linguistic	_	none	_	_	1x2	_	_	_
561-9	PST050	561	561	9	non:	non	_	_	_	_	_	linguistic	_	none	_	_	2x1	_	_	_
561-10	PST050	561	561	10	pensare	pensare	_	_	_	_	_	linguistic	_	none	_	_	_	_	_	_
561-11	PST050	561	561	11	così	così	_	_	_	_	_	linguistic	_	none	_	_	_	_	_	_
561-12	PST050	561	561	12	signora	signora	_	_	_	_	_	linguistic	_	none	_	_	_	_	_	_
561-13	PST050	561	561	13	che::.	che	_	_	_	_	_	linguistic	_	none	Intonation=Falling	End=1312.379	2x2	_	_	_
562-0	PST050	562	562	0	non	non	_	_	_	_	_	linguistic	_	none	_	Begin=1313.0	_	_	_	_
562-1	PST050	562	562	1	l'	l'	_	_	_	_	_	linguistic	_	none	SpaceAfter=No	_	_	_	_	_
562-2	PST050	562	562	2	abbiamo	abbiamo	_	_	_	_	_	linguistic	_	none	_	_	_	_	_	_
562-3	PST050	562	562	3	preso::	preso	_	_	_	_	_	linguistic	_	none	_	_	4x2	_	_	_
562-4	PST050	562	562	4	[di	di	_	_	_	_	_	linguistic	_	none	_	_	_	_	_	0-2(115)
562-5	PST050	562	562	5	mira]	mira	_	_	_	_	_	linguistic	_	none	_	_	_	_	_	0-4(115)
562-6	PST050	562	562	6	che:,	che	_	_	_	_	_	linguistic	_	none	Intonation=WeaklyRising	End=1315.813	2x1	_	_	_
563-0	PST213	563	563	0	[di	di	_	_	_	_	_	linguistic	_	none	_	Begin=1314.84	_	_	_	0-2(115)
563-1	PST213	563	563	1	mira]	mira	_	_	_	_	_	linguistic	_	none	_	End=1315.347	_	_	_	0-4(115)
564-0	PST050	564	564	0	ma	ma	_	_	_	_	_	linguistic	_	none	_	Begin=1316.14	_	_	_	_
564-1	PST050	564	564	1	ma	ma	_	_	_	_	_	linguistic	_	none	_	_	_	_	_	_
564-2	PST050	564	564	2	se	se	_	_	_	_	_	linguistic	_	none	_	_	_	_	_	_
564-3	PST050	564	564	3	io	io	_	_	_	_	_	linguistic	_	none	_	_	_	_	_	_
564-4	PST050	564	564	4	vedo	vedo	_	_	_	_	_	linguistic	_	none	_	_	_	_	_	_
564-5	PST050	564	564	5	così:	così	_	_	_	_	_	linguistic	_	none	_	_	3x1	_	_	_
564-6	PST050	564	564	6	poi	poi	_	_	_	_	_	linguistic	_	none	_	_	_	_	_	_
564-7	PST050	564	564	7	è	è	_	_	_	_	_	linguistic	_	none	_	_	_	_	_	_
564-8	PST050	564	564	8	stato	stato	_	_	_	_	_	linguistic	_	none	_	_	_	_	_	_
564-9	PST050	564	564	9	che	che	_	_	_	_	_	linguistic	_	none	_	_	_	_	_	_
564-10	PST050	564	564	10	aveva	aveva	_	_	_	_	_	linguistic	_	none	_	_	_	_	_	_
564-11	PST050	564	564	11	la	la	_	_	_	_	_	linguistic	_	none	_	_	_	_	_	_
564-12	PST050	564	564	12	maestra	maestra	_	_	_	_	_	linguistic	_	none	_	_	_	_	_	_
564-13	PST050	564	564	13	di:	di	_	_	_	_	_	linguistic	_	none	_	_	1x1	_	_	_
564-14	PST050	564	564	14	italiano	italiano	_	_	_	_	_	linguistic	_	none	_	_	_	_	_	_
564-15	PST050	564	564	15	che	che	_	_	_	_	_	linguistic	_	none	_	_	_	_	_	_
564-16	PST050	564	564	16	era	era	_	_	_	_	_	linguistic	_	none	_	_	_	_	_	_
564-17	PST050	564	564	17	un	un	_	_	_	_	_	linguistic	_	none	_	_	_	_	_	_
564-18	PST050	564	564	18	po'	po'	_	_	_	_	_	linguistic	_	none	_	_	_	_	_	_
564-19	PST050	564	564	19	che	che	_	_	_	_	_	linguistic	_	none	_	_	_	_	_	_
564-20	PST050	564	564	20	gridava	gridava	_	_	_	_	_	linguistic	_	none	_	_	_	_	_	_
564-21	PST050	564	564	21	uralavano	uralavano	_	_	_	_	_	linguistic	_	none	_	_	_	_	_	_
564-22	PST050	564	564	22	ai	ai	_	_	_	_	_	linguistic	_	none	_	_	_	_	_	_
564-23	PST050	564	564	23	bambini	bambini	_	_	_	_	_	linguistic	_	none	_	_	_	_	_	_
564-24	PST050	564	564	24	veloce,	veloce	_	_	_	_	_	linguistic	_	none	Intonation=WeaklyRising	End=1324.254	_	_	_	_
565-0	PST050	565	565	0	poi	poi	_	_	_	_	_	linguistic	_	none	_	Begin=1324.614	_	_	_	_
565-1	PST050	565	565	1	è	è	_	_	_	_	_	linguistic	_	none	_	_	_	_	_	_
565-2	PST050	565	565	2	stato:	stato	_	_	_	_	_	linguistic	_	none	_	_	4x1	_	_	_
565-3	PST050	565	565	3	una	una	_	_	_	_	_	linguistic	_	none	_	_	_	_	_	_
565-4	PST050	565	565	4	cosa	cosa	_	_	_	_	_	linguistic	_	none	_	_	_	_	_	_
565-5	PST050	565	565	5	che::.	che	_	_	_	_	_	linguistic	_	none	Intonation=Falling	End=1327.007	2x2	_	_	_
566-0	PST050	566	566	0	per	per	_	_	_	_	_	linguistic	_	none	_	Begin=1328.734	_	_	_	_
566-1	PST050	566	566	1	colpa	colpa	_	_	_	_	_	linguistic	_	none	_	_	_	_	_	_
566-2	PST050	566	566	2	di	di	_	_	_	_	_	linguistic	_	none	_	_	_	_	_	_
566-3	PST050	566	566	3	un	un	_	_	_	_	_	linguistic	_	none	_	_	_	_	_	_
566-4	PST050	566	566	4	compagno,	compagno	_	_	_	_	_	linguistic	_	none	Intonation=WeaklyRising	End=1330.354	_	_	_	_
567-0	PST050	567	567	0	ha	ha	_	_	_	_	_	linguistic	_	none	_	Begin=1331.054	_	_	_	_
567-1	PST050	567	567	1	detto::	detto	_	_	_	_	_	linguistic	_	none	_	_	4x2	_	_	_
567-2	PST050	567	567	2	mh	mh	_	_	_	_	_	linguistic	_	none	_	_	_	_	_	_
567-3	PST050	567	567	3	la	la	_	_	_	_	_	linguistic	_	none	_	_	_	_	_	_
567-4	PST050	567	567	4	maestra	maestra	_	_	_	_	_	linguistic	_	none	_	_	_	_	_	_
567-5	PST050	567	567	5	era	era	_	_	_	_	_	linguistic	_	none	_	_	_	_	_	_
567-6	PST050	567	567	6	magra	magra	_	_	_	_	_	linguistic	_	none	_	_	_	_	_	_
567-7	PST050	567	567	7	magra	magra	_	_	_	_	_	linguistic	_	none	_	_	_	_	_	_
567-8	PST050	567	567	8	magra	magra	_	_	_	_	_	linguistic	_	none	_	_	_	_	_	_
567-9	PST050	567	567	9	magra,	magra	_	_	_	_	_	linguistic	_	none	Intonation=WeaklyRising	End=1334.58	_	_	_	_
568-0	PST050	568	568	0	e	e	_	_	_	_	_	linguistic	_	none	_	Begin=1335.654	_	_	_	_
568-1	PST050	568	568	1	quello	quello	_	_	_	_	_	linguistic	_	none	_	_	_	_	_	_
568-2	PST050	568	568	2	lì	lì	_	_	_	_	_	linguistic	_	none	_	_	_	_	_	_
568-3	PST050	568	568	3	si	si	_	_	_	_	_	linguistic	_	none	_	_	_	_	_	_
568-4	PST050	568	568	4	è	è	_	_	_	_	_	linguistic	_	none	_	_	_	_	_	_
568-5	PST050	568	568	5	messo	messo	_	_	_	_	_	linguistic	_	none	_	_	_	_	_	_
568-6	PST050	568	568	6	a	a	_	_	_	_	_	linguistic	_	none	_	_	_	_	_	_
568-7	PST050	568	568	7	ridere	ridere	_	_	_	_	_	linguistic	_	none	_	_	_	_	_	_
568-8	PST050	568	568	8	gli	gli	_	_	_	_	_	linguistic	_	none	_	_	_	_	_	_
568-9	PST050	568	568	9	ha	ha	_	_	_	_	_	linguistic	_	none	_	_	_	_	_	_
568-10	PST050	568	568	10	detto	detto	_	_	_	_	_	linguistic	_	none	_	_	_	_	_	_
568-11	PST050	568	568	11	una	una	_	_	_	_	_	linguistic	_	none	_	_	_	_	_	_
568-12	PST050	568	568	12	parola	parola	_	_	_	_	_	linguistic	_	none	_	_	_	_	_	_
568-13	PST050	568	568	13	tipo	tipo	_	_	_	_	_	linguistic	_	none	_	_	_	_	_	_
568-14	PST050	568	568	14	scema,	scema	_	_	_	_	_	linguistic	_	none	Intonation=WeaklyRising	End=1339.374	_	_	_	_
569-0	PST050	569	569	0	e::	e	_	_	_	_	_	linguistic	_	none	_	Begin=1339.98	0x2	_	_	_
569-1	PST050	569	569	1	mio	mio	_	_	_	_	_	linguistic	_	none	_	_	_	_	_	_
569-2	PST050	569	569	2	gli	gli	_	_	_	_	_	linguistic	_	none	_	_	_	_	_	_
569-3	PST050	569	569	3	ha	ha	_	_	_	_	_	linguistic	_	none	_	_	_	_	_	_
569-4	PST050	569	569	4	detto	detto	_	_	_	_	_	linguistic	_	none	_	_	_	_	_	_
569-5	PST050	569	569	5	a	a	_	_	_	_	_	linguistic	_	none	_	_	_	_	_	_
569-6	PST050	569	569	6	lui	lui	_	_	_	_	_	linguistic	_	none	_	_	_	_	_	_
569-7	PST050	569	569	7	non	non	_	_	_	_	_	linguistic	_	none	_	_	_	_	_	_
569-8	PST050	569	569	8	devi	devi	_	_	_	_	_	linguistic	_	none	_	_	_	_	_	_
569-9	PST050	569	569	9	dire	dire	_	_	_	_	_	linguistic	_	none	_	_	_	_	_	_
569-10	PST050	569	569	10	scema	scema	_	_	_	_	_	linguistic	_	none	_	_	_	_	_	_
569-11	PST050	569	569	11	e	e	_	_	_	_	_	linguistic	_	none	_	_	_	_	_	_
569-12	PST050	569	569	12	c~	c~	_	_	_	_	_	linguistic	_	none	Interrupted=Yes	_	_	_	_	_
569-13	PST050	569	569	13	lei	lei	_	_	_	_	_	linguistic	_	none	_	_	_	_	_	_
569-14	PST050	569	569	14	ha	ha	_	_	_	_	_	linguistic	_	none	_	_	_	_	_	_
569-15	PST050	569	569	15	capito	capito	_	_	_	_	_	linguistic	_	none	_	_	_	_	_	_
569-16	PST050	569	569	16	che	che	_	_	_	_	_	linguistic	_	none	_	_	_	_	_	_
569-17	PST050	569	569	17	è	è	_	_	_	_	_	linguistic	_	none	_	_	_	_	_	_
569-18	PST050	569	569	18	stato	stato	_	_	_	_	_	linguistic	_	none	_	_	_	_	_	_
569-19	PST050	569	569	19	[mio	mio	_	_	_	_	_	linguistic	_	none	_	_	_	_	_	0-3(116)
569-20	PST050	569	569	20	figlio],	figlio	_	_	_	_	_	linguistic	_	none	Intonation=WeaklyRising	End=1344.877	_	_	_	0-6(116)
570-0	PST212	570	570	0	[a::]::h.	ah	_	_	_	_	_	linguistic	_	none	Intonation=Falling	Begin=1344.107|End=1345.387	0x4	_	_	0-1(116)
571-0	PST050	571	571	0	e	e	_	_	_	_	_	linguistic	_	none	_	Begin=1345.554	_	_	_	_
571-1	PST050	571	571	1	[mio	mio	_	_	_	_	_	linguistic	_	none	_	_	_	_	_	0-3(117)
571-2	PST050	571	571	2	figlio	figlio	_	_	_	_	_	linguistic	_	none	_	_	_	_	_	0-6(117)
571-3	PST050	571	571	3	ha	ha	_	_	_	_	_	linguistic	_	none	_	_	_	_	_	0-2(117)
571-4	PST050	571	571	4	detto]	detto	_	_	_	_	_	linguistic	_	none	_	_	_	_	_	0-5(117)
571-5	PST050	571	571	5	no:	no	_	_	_	_	_	linguistic	_	none	_	_	1x1	_	_	_
571-6	PST050	571	571	6	non	non	_	_	_	_	_	linguistic	_	none	_	_	_	_	_	_
571-7	PST050	571	571	7	son(o)	sono	_	_	_	_	_	linguistic	_	none	_	_	_	_	3-4(0)	_
571-8	PST050	571	571	8	stato	stato	_	_	_	_	_	linguistic	_	none	_	_	_	_	_	_
571-9	PST050	571	571	9	io	io	_	_	_	_	_	linguistic	_	none	_	_	_	_	_	_
571-10	PST050	571	571	10	non	non	_	_	_	_	_	linguistic	_	none	_	_	_	_	_	_
571-11	PST050	571	571	11	le	le	_	_	_	_	_	linguistic	_	none	_	_	_	_	_	_
571-12	PST050	571	571	12	ho	ho	_	_	_	_	_	linguistic	_	none	_	_	_	_	_	_
571-13	PST050	571	571	13	detto	detto	_	_	_	_	_	linguistic	_	none	_	_	_	_	_	_
571-14	PST050	571	571	14	poverino	poverino	_	_	_	_	_	linguistic	_	none	_	_	_	_	_	_
571-15	PST050	571	571	15	ehm	ehm	_	_	_	_	_	linguistic	_	none	_	_	_	_	_	_
571-16	PST050	571	571	16	f:~	f~	_	_	_	_	_	linguistic	_	none	Interrupted=Yes	_	0x1	_	_	_
571-17	PST050	571	571	17	è	è	_	_	_	_	_	linguistic	_	none	_	_	_	_	_	_
571-18	PST050	571	571	18	stato	stato	_	_	_	_	_	linguistic	_	none	_	_	_	_	_	_
571-19	PST050	571	571	19	che	che	_	_	_	_	_	linguistic	_	none	_	_	_	_	_	_
571-20	PST050	571	571	20	l'	l'	_	_	_	_	_	linguistic	_	none	SpaceAfter=No	_	_	_	_	_
571-21	PST050	571	571	21	ha	ha	_	_	_	_	_	linguistic	_	none	_	_	_	_	_	_
571-22	PST050	571	571	22	detto	detto	_	_	_	_	_	linguistic	_	none	_	_	_	_	_	_
571-23	PST050	571	571	23	lui,	lui	_	_	_	_	_	linguistic	_	none	Intonation=WeaklyRising	End=1351.547	_	_	_	_
572-0	PST213	572	572	0	[a:::h]	ah	_	_	_	_	_	linguistic	_	none	_	Begin=1345.78|End=1346.7	0x3	_	_	0-2(117)
573-0	PST050	573	573	0	e	e	_	_	_	_	_	linguistic	_	none	_	Begin=1351.967	_	_	_	_
573-1	PST050	573	573	1	lei	lei	_	_	_	_	_	linguistic	_	none	PauseAfter=Yes	_	_	_	_	_
573-2	PST050	573	573	2	(.)	(.)	_	_	_	_	_	shortpause	_	none	_	_	_	_	_	_
573-3	PST050	573	573	3	l'	l'	_	_	_	_	_	linguistic	_	none	SpaceAfter=No	_	_	_	_	_
573-4	PST050	573	573	4	ha	ha	_	_	_	_	_	linguistic	_	none	_	_	_	_	_	_
573-5	PST050	573	573	5	preso	preso	_	_	_	_	_	linguistic	_	none	_	_	_	_	_	_
573-6	PST050	573	573	6	e:h	eh	_	_	_	_	_	linguistic	_	none	PauseAfter=Yes	_	0x1	_	_	_
573-7	PST050	573	573	7	(.)	(.)	_	_	_	_	_	shortpause	_	none	_	_	_	_	_	_
573-8	PST050	573	573	8	e	e	_	_	_	_	_	linguistic	_	none	_	_	_	_	_	_
573-9	PST050	573	573	9	poi:	poi	_	_	_	_	_	linguistic	_	none	_	_	2x1	_	_	_
573-10	PST050	573	573	10	l'	l'	_	_	_	_	_	linguistic	_	none	SpaceAfter=No	_	_	_	_	_
573-11	PST050	573	573	11	ha	ha	_	_	_	_	_	linguistic	_	none	_	_	_	_	_	_
573-12	PST050	573	573	12	portato:::	portato	_	_	_	_	_	linguistic	_	none	_	_	6x3	_	_	_
573-13	PST050	573	573	13	mh.	mh	_	_	_	_	_	linguistic	_	none	Intonation=Falling	End=1356.806	_	_	_	_
574-0	PST050	574	574	0	è	è	_	_	_	_	_	linguistic	_	none	_	Begin=1357.48	_	_	_	_
574-1	PST050	574	574	1	stat~	stat~	_	_	_	_	_	linguistic	_	none	Interrupted=Yes	_	_	_	_	_
574-2	PST050	574	574	2	mi	mi	_	_	_	_	_	linguistic	_	none	_	_	_	_	_	_
574-3	PST050	574	574	3	ha	ha	_	_	_	_	_	linguistic	_	none	_	_	_	_	_	_
574-4	PST050	574	574	4	pianto	pianto	_	_	_	_	_	linguistic	_	none	_	_	_	_	_	_
574-5	PST050	574	574	5	due	due	_	_	_	_	_	linguistic	_	none	_	_	_	_	_	_
574-6	PST050	574	574	6	notti	notti	_	_	_	_	_	linguistic	_	none	_	_	_	_	_	_
574-7	PST050	574	574	7	di	di	_	_	_	_	_	linguistic	_	none	_	_	_	_	_	_
574-8	PST050	574	574	8	notte	notte	_	_	_	_	_	linguistic	_	none	_	_	_	_	_	_
574-9	PST050	574	574	9	però	però	_	_	_	_	_	linguistic	_	none	_	_	_	_	_	_
574-10	PST050	574	574	10	questa	questa	_	_	_	_	_	linguistic	_	none	_	_	_	_	_	_
574-11	PST050	574	574	11	cosa	cosa	_	_	_	_	_	linguistic	_	none	_	_	_	_	_	_
574-12	PST050	574	574	12	non	non	_	_	_	_	_	linguistic	_	none	_	_	_	_	_	_
574-13	PST050	574	574	13	l'	l'	_	_	_	_	_	linguistic	_	none	SpaceAfter=No	_	_	_	_	_
574-14	PST050	574	574	14	ho	ho	_	_	_	_	_	linguistic	_	none	_	_	_	_	_	_
574-15	PST050	574	574	15	detto	detto	_	_	_	_	_	linguistic	_	none	_	_	_	_	_	_
574-16	PST050	574	574	16	io	io	_	_	_	_	_	linguistic	_	none	_	_	_	_	_	_
574-17	PST050	574	574	17	aspetto,	aspetto	_	_	_	_	_	linguistic	_	none	Intonation=WeaklyRising	End=1361.972	_	_	_	_
575-0	PST050	575	575	0	dovevo	dovevo	_	_	_	_	_	linguistic	_	none	_	Begin=1362.74	_	_	_	_
575-1	PST050	575	575	1	andare	andare	_	_	_	_	_	linguistic	_	none	_	_	_	_	_	_
575-2	PST050	575	575	2	subito	subito	_	_	_	_	_	linguistic	_	none	_	_	_	_	_	_
575-3	PST050	575	575	3	a	a	_	_	_	_	_	linguistic	_	none	_	_	_	_	_	_
575-4	PST050	575	575	4	dirlo	dirlo	_	_	_	_	_	linguistic	_	none	_	_	_	_	_	_
575-5	PST050	575	575	5	lo~	lo~	_	_	_	_	_	linguistic	_	none	Interrupted=Yes	_	_	_	_	_
575-6	PST050	575	575	6	però	però	_	_	_	_	_	linguistic	_	none	_	_	_	_	_	_
575-7	PST050	575	575	7	non	non	_	_	_	_	_	linguistic	_	none	_	_	_	_	_	_
575-8	PST050	575	575	8	ho	ho	_	_	_	_	_	linguistic	_	none	_	_	_	_	_	_
575-9	PST050	575	575	9	detto	detto	_	_	_	_	_	linguistic	_	none	_	_	_	_	_	_
575-10	PST050	575	575	10	perché	perché	_	_	_	_	_	linguistic	_	none	_	_	_	_	_	_
575-11	PST050	575	575	11	ho	ho	_	_	_	_	_	linguistic	_	none	_	_	_	_	_	_
575-12	PST050	575	575	12	paura	paura	_	_	_	_	_	linguistic	_	none	_	_	_	_	_	_
575-13	PST050	575	575	13	che	che	_	_	_	_	_	linguistic	_	none	_	_	_	_	_	_
575-14	PST050	575	575	14	lo:	lo	_	_	_	_	_	linguistic	_	none	_	End=1366.856	1x1	_	_	_
576-0	PST213	576	576	0	[certo].	certo	_	_	_	_	_	linguistic	_	none	Intonation=Falling	Begin=1367.42|End=1368.074	_	_	_	0-5(118)
577-0	PST212	577	577	0	[sì	sì	_	_	_	_	_	linguistic	_	none	_	Begin=1367.427	_	_	_	0-2(?)
577-1	PST212	577	577	1	è	è	_	_	_	_	_	linguistic	_	none	_	_	_	_	_	0-1(?)
577-2	PST212	577	577	2	ancora	ancora	_	_	_	_	_	linguistic	_	none	_	_	_	_	_	0-6(?)
577-3	PST212	577	577	3	peggio].	peggio	_	_	_	_	_	linguistic	_	none	Intonation=Falling	End=1368.927	_	_	_	0-6(?)
578-0	PST050	578	578	0	[capit~	capit~	_	_	_	_	_	linguistic	_	none	Interrupted=Yes|PauseAfter=Yes	Begin=1368.074	_	_	_	0-6(119)
578-1	PST050	578	578	1	(.)	(.)	_	_	_	_	_	shortpause	_	none	_	_	_	_	_	_
578-2	PST050	578	578	2	s:]ì:.	sì	_	_	_	_	_	linguistic	_	none	Intonation=Falling	End=1369.247	0x1,1x1	_	_	0-1(119)
579-0	PST050	579	579	0	e:::hm::	ehm	_	_	_	_	_	linguistic	_	none	_	Begin=1370.28|End=1371.374	0x3,2x2	_	_	_
580-0	PST050	580	580	0	non	non	_	_	_	_	_	linguistic	_	none	_	Begin=1372.307	_	_	_	_
580-1	PST050	580	580	1	l'	l'	_	_	_	_	_	linguistic	_	none	SpaceAfter=No	_	_	_	_	_
580-2	PST050	580	580	2	ho	ho	_	_	_	_	_	linguistic	_	none	_	_	_	_	_	_
580-3	PST050	580	580	3	detto	detto	_	_	_	_	_	linguistic	_	none	_	_	_	_	_	_
580-4	PST050	580	580	4	l'	l'	_	_	_	_	_	linguistic	_	none	SpaceAfter=No	_	_	_	_	_
580-5	PST050	580	580	5	ha	ha	_	_	_	_	_	linguistic	_	none	_	_	_	_	_	_
580-6	PST050	580	580	6	me	me	_	_	_	_	_	linguistic	_	none	_	_	_	_	_	_
580-7	PST050	580	580	7	l'	l'	_	_	_	_	_	linguistic	_	none	SpaceAfter=No	_	_	_	_	_
580-8	PST050	580	580	8	ha	ha	_	_	_	_	_	linguistic	_	none	_	_	_	_	_	_
580-9	PST050	580	580	9	preso	preso	_	_	_	_	_	linguistic	_	none	_	_	_	_	_	_
580-10	PST050	580	580	10	dalla	dalla	_	_	_	_	_	linguistic	_	none	_	_	_	_	_	_
580-11	PST050	580	580	11	maglia,	maglia	_	_	_	_	_	linguistic	_	none	Intonation=WeaklyRising	End=1374.704	_	_	_	_
581-0	PST050	581	581	0	ha	ha	_	_	_	_	_	linguistic	_	none	_	Begin=1375.027	_	_	_	_
581-1	PST050	581	581	1	mh	mh	_	_	_	_	_	linguistic	_	none	_	_	_	_	_	_
581-2	PST050	581	581	2	l'	l'	_	_	_	_	_	linguistic	_	none	SpaceAfter=No	_	_	_	_	_
581-3	PST050	581	581	3	ha	ha	_	_	_	_	_	linguistic	_	none	_	_	_	_	_	_
581-4	PST050	581	581	4	portato	portato	_	_	_	_	_	linguistic	_	none	_	_	_	_	_	_
581-5	PST050	581	581	5	in	in	_	_	_	_	_	linguistic	_	none	_	_	_	_	_	_
581-6	PST050	581	581	6	un'	un'	_	_	_	_	_	linguistic	_	none	SpaceAfter=No	_	_	_	_	_
581-7	PST050	581	581	7	altra	altra	_	_	_	_	_	linguistic	_	none	_	_	_	_	_	_
581-8	PST050	581	581	8	classe,	classe	_	_	_	_	_	linguistic	_	none	Intonation=WeaklyRising	End=1376.84	_	_	_	_
582-0	PST050	582	582	0	poverino	poverino	_	_	_	_	_	linguistic	_	none	_	Begin=1377.354	_	_	_	_
582-1	PST050	582	582	1	si	si	_	_	_	_	_	linguistic	_	none	_	_	_	_	_	_
582-2	PST050	582	582	2	$aggraftafava	aggraftafava	_	_	_	_	_	linguistic	_	none	Orthography=Yes|Variation=Emerging	_	_	_	_	_
582-3	PST050	582	582	3	dalla	dalla	_	_	_	_	_	linguistic	_	none	_	_	_	_	_	_
582-4	PST050	582	582	4	porta	porta	_	_	_	_	_	linguistic	_	none	_	_	_	_	_	_
582-5	PST050	582	582	5	per	per	_	_	_	_	_	linguistic	_	none	_	_	_	_	_	_
582-6	PST050	582	582	6	non	non	_	_	_	_	_	linguistic	_	none	_	_	_	_	_	_
582-7	PST050	582	582	7	andare	andare	_	_	_	_	_	linguistic	_	none	_	_	_	_	_	_
582-8	PST050	582	582	8	no:	no	_	_	_	_	_	linguistic	_	none	_	_	1x1	_	_	_
582-9	PST050	582	582	9	c~	c~	_	_	_	_	_	linguistic	_	none	Interrupted=Yes	_	_	_	_	_
582-10	PST050	582	582	10	che	che	_	_	_	_	_	linguistic	_	none	_	_	_	_	_	_
582-11	PST050	582	582	11	non	non	_	_	_	_	_	linguistic	_	none	_	_	_	_	_	_
582-12	PST050	582	582	12	son(o)	sono	_	_	_	_	_	linguistic	_	none	_	_	_	_	3-4(0)	_
582-13	PST050	582	582	13	stato	stato	_	_	_	_	_	linguistic	_	none	_	_	_	_	_	_
582-14	PST050	582	582	14	io	io	_	_	_	_	_	linguistic	_	none	_	_	_	_	_	_
582-15	PST050	582	582	15	che	che	_	_	_	_	_	linguistic	_	none	_	_	_	_	_	_
582-16	PST050	582	582	16	non	non	_	_	_	_	_	linguistic	_	none	_	_	_	_	_	_
582-17	PST050	582	582	17	l'	l'	_	_	_	_	_	linguistic	_	none	SpaceAfter=No	_	_	_	_	_
582-18	PST050	582	582	18	ho	ho	_	_	_	_	_	linguistic	_	none	_	_	_	_	_	_
582-19	PST050	582	582	19	fatto	fatto	_	_	_	_	_	linguistic	_	none	_	_	_	_	_	_
582-20	PST050	582	582	20	io	io	_	_	_	_	_	linguistic	_	none	_	_	_	_	_	_
582-21	PST050	582	582	21	che.	che	_	_	_	_	_	linguistic	_	none	Intonation=Falling	End=1383.302	_	_	_	_
583-0	PST213	583	583	0	no[::	no	_	_	_	_	_	linguistic	_	none	_	Begin=1383.3	1x2	_	_	_
583-1	PST213	583	583	1	bru:tto].	brutto	_	_	_	_	_	linguistic	_	none	Intonation=Falling	End=1384.667	2x1	_	_	0-6(121)
584-0	PST050	584	584	0	[lui	lui	_	_	_	_	_	linguistic	_	none	_	Begin=1383.587	_	_	_	0-3(121)
584-1	PST050	584	584	1	s:~	s~	_	_	_	_	_	linguistic	_	none	Interrupted=Yes	_	0x1	_	_	0-2(121)
584-2	PST050	584	584	2	(.)]	.	_	_	_	_	_	error	_	none	_	_	_	_	_	_
584-3	PST050	584	584	3	s:ì:.	sì	_	_	_	_	_	linguistic	_	none	Intonation=Falling	End=1385.3	0x1,1x1	_	_	_
585-0	PST050	585	585	0	[non	non	_	_	_	_	_	linguistic	_	none	_	Begin=1385.82	_	_	_	0-3(?)
585-1	PST050	585	585	1	ha	ha	_	_	_	_	_	linguistic	_	none	_	_	_	_	_	0-2(?)
585-2	PST050	585	585	2	fatto	fatto	_	_	_	_	_	linguistic	_	none	_	_	_	_	_	0-5(?)
585-3	PST050	585	585	3	bene],	bene	_	_	_	_	_	linguistic	_	none	Intonation=WeaklyRising	End=1386.987	_	_	_	0-4(?)
586-0	PST050	586	586	0	e	e	_	_	_	_	_	linguistic	_	none	_	Begin=1388.2	_	_	_	_
586-1	PST050	586	586	1	me	me	_	_	_	_	_	linguistic	_	none	_	_	_	_	_	_
586-2	PST050	586	586	2	l'	l'	_	_	_	_	_	linguistic	_	none	SpaceAfter=No	_	_	_	_	_
586-3	PST050	586	586	3	ha	ha	_	_	_	_	_	linguistic	_	none	_	_	_	_	_	_
586-4	PST050	586	586	4	porta~	porta~	_	_	_	_	_	linguistic	_	none	Interrupted=Yes	_	_	_	_	_
586-5	PST050	586	586	5	davanti	davanti	_	_	_	_	_	linguistic	_	none	_	_	_	_	_	_
586-6	PST050	586	586	6	a	a	_	_	_	_	_	linguistic	_	none	_	_	_	_	_	_
586-7	PST050	586	586	7	tutti	tutti	_	_	_	_	_	linguistic	_	none	_	_	_	_	_	_
586-8	PST050	586	586	8	questo	questo	_	_	_	_	_	linguistic	_	none	_	_	_	_	_	_
586-9	PST050	586	586	9	bambino	bambino	_	_	_	_	_	linguistic	_	none	_	_	_	_	_	_
586-10	PST050	586	586	10	di	di	_	_	_	_	_	linguistic	_	none	_	_	_	_	_	_
586-11	PST050	586	586	11	sei	sei	_	_	_	_	_	linguistic	_	none	_	_	_	_	_	_
586-12	PST050	586	586	12	anni	anni	_	_	_	_	_	linguistic	_	none	_	_	_	_	_	_
586-13	PST050	586	586	13	e	e	_	_	_	_	_	linguistic	_	none	_	_	_	_	_	_
586-14	PST050	586	586	14	ha	ha	_	_	_	_	_	linguistic	_	none	_	_	_	_	_	_
586-15	PST050	586	586	15	detto	detto	_	_	_	_	_	linguistic	_	none	_	_	_	_	_	_
586-16	PST050	586	586	16	f:~	f~	_	_	_	_	_	linguistic	_	none	Interrupted=Yes	_	0x1	_	_	_
586-17	PST050	586	586	17	non	non	_	_	_	_	_	linguistic	_	none	_	_	_	_	_	_
586-18	PST050	586	586	18	si	si	_	_	_	_	_	linguistic	_	none	_	_	_	_	_	_
586-19	PST050	586	586	19	fa:	fa	_	_	_	_	_	linguistic	_	none	_	_	1x1	_	_	_
586-20	PST050	586	586	20	così:,	così	_	_	_	_	_	linguistic	_	none	Intonation=WeaklyRising	End=1393.3	3x1	_	_	_
587-0	PST050	587	587	0	però::	però	_	_	_	_	_	linguistic	_	none	_	Begin=1394.0	3x2	_	_	_
587-1	PST050	587	587	1	sbaglio	sbaglio	_	_	_	_	_	linguistic	_	none	_	_	_	_	_	_
587-2	PST050	587	587	2	che	che	_	_	_	_	_	linguistic	_	none	_	_	_	_	_	_
587-3	PST050	587	587	3	ho:	ho	_	_	_	_	_	linguistic	_	none	_	_	1x1	_	_	_
587-4	PST050	587	587	4	fatt~	fatt~	_	_	_	_	_	linguistic	_	none	Interrupted=Yes	_	_	_	_	_
587-5	PST050	587	587	5	che	che	_	_	_	_	_	linguistic	_	none	_	_	_	_	_	_
587-6	PST050	587	587	6	non	non	_	_	_	_	_	linguistic	_	none	_	_	_	_	_	_
587-7	PST050	587	587	7	sono	sono	_	_	_	_	_	linguistic	_	none	_	_	_	_	_	_
587-8	PST050	587	587	8	andata,	andata	_	_	_	_	_	linguistic	_	none	Intonation=WeaklyRising	End=1396.603	_	_	_	_
588-0	PST050	588	588	0	giorno	giorno	_	_	_	_	_	linguistic	_	none	_	Begin=1397.021	_	_	_	_
588-1	PST050	588	588	1	dopo	dopo	_	_	_	_	_	linguistic	_	none	_	_	_	_	_	_
588-2	PST050	588	588	2	o	o	_	_	_	_	_	linguistic	_	none	_	_	_	_	_	_
588-3	PST050	588	588	3	quel	quel	_	_	_	_	_	linguistic	_	none	_	_	_	_	_	_
588-4	PST050	588	588	4	in	in	_	_	_	_	_	linguistic	_	none	_	_	_	_	_	_
588-5	PST050	588	588	5	quel	quel	_	_	_	_	_	linguistic	_	none	_	_	_	_	_	_
588-6	PST050	588	588	6	mome:nto	momento	_	_	_	_	_	linguistic	_	none	_	_	3x1	_	_	_
588-7	PST050	588	588	7	[quando	quando	_	_	_	_	_	linguistic	_	none	_	_	_	_	_	0-6(122)
588-8	PST050	588	588	8	l'	l'	_	_	_	_	_	linguistic	_	none	SpaceAfter=No	_	_	_	_	0-2(122)
588-9	PST050	588	588	9	ho	ho	_	_	_	_	_	linguistic	_	none	_	_	_	_	_	0-2(122)
588-10	PST050	588	588	10	preso	preso	_	_	_	_	_	linguistic	_	none	_	_	_	_	_	0-5(122)
588-11	PST050	588	588	11	no]:?	no	_	_	_	_	_	linguistic	_	none	Intonation=Rising	End=1401.039	1x1	_	_	0-2(122)
589-0	??	589	589	0	[o::h	oh	_	_	_	_	_	linguistic	_	none	_	Begin=1399.267	0x2	_	_	0-2(122)
589-1	??	589	589	1	o::h	oh	_	_	_	_	_	linguistic	_	none	_	_	0x2	_	_	0-2(122)
589-2	??	589	589	2	o::h]	oh	_	_	_	_	_	linguistic	_	none	_	_	0x2	_	_	0-2(122)
589-3	??	589	589	3	((urlando))	((urlando))	_	_	_	_	_	nonverbalbehavior	_	none	_	End=1400.767	_	_	_	_
590-0	PST050	590	590	0	@ivan	@ivan	_	_	_	_	_	anonymized	_	none	_	Begin=1402.054	_	_	_	_
590-1	PST050	590	590	1	no:	no	_	_	_	_	_	linguistic	_	none	_	_	1x1	_	_	_
590-2	PST050	590	590	2	no	no	_	_	_	_	_	linguistic	_	none	_	_	_	_	_	_
590-3	PST050	590	590	3	no.	no	_	_	_	_	_	linguistic	_	none	Intonation=Falling	End=1403.347	_	_	_	_
591-0	PST050	591	591	0	a:	a	_	_	_	_	_	linguistic	_	none	_	Begin=1404.307	0x1	_	_	_
591-1	PST050	591	591	1	prenderla::.	prenderla	_	_	_	_	_	linguistic	_	none	Intonation=Falling	End=1406.022	8x2	_	_	_
592-0	PST050	592	592	0	perché	perché	_	_	_	_	_	linguistic	_	none	_	Begin=1406.82	_	_	_	_
592-1	PST050	592	592	1	b:~	b~	_	_	_	_	_	linguistic	_	none	Interrupted=Yes	_	0x1	_	_	_
592-2	PST050	592	592	2	bambino	bambino	_	_	_	_	_	linguistic	_	none	_	_	_	_	_	_
592-3	PST050	592	592	3	è	è	_	_	_	_	_	linguistic	_	none	_	_	_	_	_	_
592-4	PST050	592	592	4	rimasto	rimasto	_	_	_	_	_	linguistic	_	none	_	_	_	_	_	_
592-5	PST050	592	592	5	anche	anche	_	_	_	_	_	linguistic	_	none	_	_	_	_	_	_
592-6	PST050	592	592	6	un	un	_	_	_	_	_	linguistic	_	none	_	_	_	_	_	_
592-7	PST050	592	592	7	p~	p~	_	_	_	_	_	linguistic	_	none	Interrupted=Yes	_	_	_	_	_
592-8	PST050	592	592	8	forse	forse	_	_	_	_	_	linguistic	_	none	_	_	_	_	_	_
592-9	PST050	592	592	9	anche	anche	_	_	_	_	_	linguistic	_	none	_	_	_	_	_	_
592-10	PST050	592	592	10	da	da	_	_	_	_	_	linguistic	_	none	_	_	_	_	_	_
592-11	PST050	592	592	11	quella	quella	_	_	_	_	_	linguistic	_	none	_	_	_	_	_	_
592-12	PST050	592	592	12	cosa	cosa	_	_	_	_	_	linguistic	_	none	_	_	_	_	_	_
592-13	PST050	592	592	13	che	che	_	_	_	_	_	linguistic	_	none	_	_	_	_	_	_
592-14	PST050	592	592	14	è	è	_	_	_	_	_	linguistic	_	none	_	_	_	_	_	_
592-15	PST050	592	592	15	così?	così	_	_	_	_	_	linguistic	_	none	Intonation=Rising	End=1410.734	_	_	_	_
593-0	PST212	593	593	0	[m:h	mh	_	_	_	_	_	linguistic	_	none	_	Begin=1410.84	0x1	_	_	0-2(123)
593-1	PST212	593	593	1	s]ì	sì	_	_	_	_	_	linguistic	_	none	_	_	_	_	_	0-1(123)
593-2	PST212	593	593	2	perché	perché	_	_	_	_	_	linguistic	_	none	_	_	_	_	_	_
593-3	PST212	593	593	3	è	è	_	_	_	_	_	linguistic	_	none	_	_	_	_	_	_
593-4	PST212	593	593	4	po':	po'	_	_	_	_	_	linguistic	_	none	_	_	1x1	_	_	_
593-5	PST212	593	593	5	un'	un'	_	_	_	_	_	linguistic	_	none	SpaceAfter=No	_	_	_	_	_
593-6	PST212	593	593	6	umiliazione	umiliazione	_	_	_	_	_	linguistic	_	none	_	_	_	_	_	_
593-7	PST212	593	593	7	pubblica	pubblica	_	_	_	_	_	linguistic	_	none	_	_	_	_	_	_
593-8	PST212	593	593	8	no:?	no	_	_	_	_	_	linguistic	_	none	Intonation=Rising	End=1414.613	1x1	_	_	_
594-0	PST213	594	594	0	[m:h]	mh	_	_	_	_	_	linguistic	_	none	_	Begin=1410.84|End=1411.334	0x1	_	_	0-2(123)
595-0	PST212	595	595	0	se	se	_	_	_	_	_	linguistic	_	none	_	Begin=1415.147	_	_	_	_
595-1	PST212	595	595	1	l'	l'	_	_	_	_	_	linguistic	_	none	SpaceAfter=No	_	_	_	_	_
595-2	PST212	595	595	2	ha	ha	_	_	_	_	_	linguistic	_	none	_	_	_	_	_	_
595-3	PST212	595	595	3	preso	preso	_	_	_	_	_	linguistic	_	none	_	_	_	_	_	_
595-4	PST212	595	595	4	e:.	e	_	_	_	_	_	linguistic	_	none	Intonation=Falling	End=1416.307	0x1	_	_	_
596-0	PST050	596	596	0	e::	e	_	_	_	_	_	linguistic	_	none	_	Begin=1416.307	0x2	_	_	_
596-1	PST050	596	596	1	difatti	difatti	_	_	_	_	_	linguistic	_	none	_	_	_	_	_	_
596-2	PST050	596	596	2	quella	quella	_	_	_	_	_	linguistic	_	none	_	_	_	_	_	_
596-3	PST050	596	596	3	ehm	ehm	_	_	_	_	_	linguistic	_	none	_	_	_	_	_	_
596-4	PST050	596	596	4	chi	chi	_	_	_	_	_	linguistic	_	none	_	_	_	_	_	_
596-5	PST050	596	596	5	è	è	_	_	_	_	_	linguistic	_	none	_	_	_	_	_	_
596-6	PST050	596	596	6	che	che	_	_	_	_	_	linguistic	_	none	_	_	_	_	_	_
596-7	PST050	596	596	7	mi	mi	_	_	_	_	_	linguistic	_	none	_	_	_	_	_	_
596-8	PST050	596	596	8	sta	sta	_	_	_	_	_	linguistic	_	none	_	_	_	_	_	_
596-9	PST050	596	596	9	chiamando.	chiamando	_	_	_	_	_	linguistic	_	none	Intonation=Falling	End=1419.149	_	_	_	_
597-0	PST050	597	597	0	che	che	_	_	_	_	_	linguistic	_	none	_	Begin=1421.74	_	_	_	_
597-1	PST050	597	597	1	devo	devo	_	_	_	_	_	linguistic	_	none	_	_	_	_	_	_
597-2	PST050	597	597	2	prendere	prendere	_	_	_	_	_	linguistic	_	none	_	_	_	_	_	_
597-3	PST050	597	597	3	la	la	_	_	_	_	_	linguistic	_	none	_	_	_	_	_	_
597-4	PST050	597	597	4	bambi:na	bambina	_	_	_	_	_	linguistic	_	none	_	_	4x1	_	_	_
597-5	PST050	597	597	5	[che::]	che	_	_	_	_	_	linguistic	_	none	_	_	2x2	_	_	0-3(124)
597-6	PST050	597	597	6	lei	lei	_	_	_	_	_	linguistic	_	none	_	_	_	_	_	_
597-7	PST050	597	597	7	sta	sta	_	_	_	_	_	linguistic	_	none	_	_	_	_	_	_
597-8	PST050	597	597	8	arrivando:	arrivando	_	_	_	_	_	linguistic	_	none	_	End=1425.159	8x1	_	_	_
598-0	PST212	598	598	0	[m:h]	mh	_	_	_	_	_	linguistic	_	none	_	Begin=1423.194|End=1423.507	0x1	_	_	0-2(124)
599-0	PST050	599	599	0	vabbè	vabbè	_	_	_	_	_	linguistic	_	none	_	Begin=1425.287	_	_	_	_
599-1	PST050	599	599	1	cinque	cinque	_	_	_	_	_	linguistic	_	none	_	_	_	_	_	_
599-2	PST050	599	599	2	minuti	minuti	_	_	_	_	_	linguistic	_	none	_	_	_	_	_	_
599-3	PST050	599	599	3	per	per	_	_	_	_	_	linguistic	_	none	_	_	_	_	_	_
599-4	PST050	599	599	4	eh	eh	_	_	_	_	_	linguistic	_	none	PauseAfter=Yes	_	_	_	_	_
599-5	PST050	599	599	5	(.)	(.)	_	_	_	_	_	shortpause	_	none	_	_	_	_	_	_
599-6	PST050	599	599	6	e	e	_	_	_	_	_	linguistic	_	none	_	_	_	_	_	_
599-7	PST050	599	599	7	niente	niente	_	_	_	_	_	linguistic	_	none	_	_	_	_	_	_
599-8	PST050	599	599	8	ho	ho	_	_	_	_	_	linguistic	_	none	_	_	_	_	_	_
599-9	PST050	599	599	9	detto	detto	_	_	_	_	_	linguistic	_	none	_	_	_	_	_	_
599-10	PST050	599	599	10	magari	magari	_	_	_	_	_	linguistic	_	none	_	_	_	_	_	_
599-11	PST050	599	599	11	da	da	_	_	_	_	_	linguistic	_	none	_	_	_	_	_	_
599-12	PST050	599	599	12	quella	quella	_	_	_	_	_	linguistic	_	none	_	_	_	_	_	_
599-13	PST050	599	599	13	cosa::,	cosa	_	_	_	_	_	linguistic	_	none	Intonation=WeaklyRising	End=1430.131	3x2	_	_	_
600-0	PST050	600	600	0	dicevo	dicevo	_	_	_	_	_	linguistic	_	none	_	Begin=1430.874	_	_	_	_
600-1	PST050	600	600	1	che:	che	_	_	_	_	_	linguistic	_	none	_	_	2x1	_	_	_
600-2	PST050	600	600	2	l'	l'	_	_	_	_	_	linguistic	_	none	SpaceAfter=No	_	_	_	_	_
600-3	PST050	600	600	3	ha	ha	_	_	_	_	_	linguistic	_	none	_	_	_	_	_	_
600-4	PST050	600	600	4	preso	preso	_	_	_	_	_	linguistic	_	none	_	_	_	_	_	_
600-5	PST050	600	600	5	il	il	_	_	_	_	_	linguistic	_	none	_	_	_	_	_	_
600-6	PST050	600	600	6	bambino	bambino	_	_	_	_	_	linguistic	_	none	_	_	_	_	_	_
600-7	PST050	600	600	7	e:h	eh	_	_	_	_	_	linguistic	_	none	_	_	0x1	_	_	_
600-8	PST050	600	600	8	e	e	_	_	_	_	_	linguistic	_	none	_	_	_	_	_	_
600-9	PST050	600	600	9	quando	quando	_	_	_	_	_	linguistic	_	none	_	_	_	_	_	_
600-10	PST050	600	600	10	(all'	all'	_	_	_	_	_	linguistic	_	none	SpaceAfter=No	_	_	_	0-4(0)	_
600-11	PST050	600	600	11	)uscita:,	uscita	_	_	_	_	_	linguistic	_	none	Intonation=WeaklyRising	End=1433.804	5x1	_	_	_
601-0	PST050	601	601	0	poverino:	poverino	_	_	_	_	_	linguistic	_	none	_	Begin=1434.654	7x1	_	_	_
601-1	PST050	601	601	1	l'	l'	_	_	_	_	_	linguistic	_	none	SpaceAfter=No	_	_	_	_	_
601-2	PST050	601	601	2	ho	ho	_	_	_	_	_	linguistic	_	none	_	_	_	_	_	_
601-3	PST050	601	601	3	visto	visto	_	_	_	_	_	linguistic	_	none	_	_	_	_	_	_
601-4	PST050	601	601	4	che:	che	_	_	_	_	_	linguistic	_	none	_	_	2x1	_	_	_
601-5	PST050	601	601	5	qualcosa	qualcosa	_	_	_	_	_	linguistic	_	none	_	_	_	_	_	_
601-6	PST050	601	601	6	non	non	_	_	_	_	_	linguistic	_	none	_	_	_	_	_	_
601-7	PST050	601	601	7	andava,	andava	_	_	_	_	_	linguistic	_	none	Intonation=WeaklyRising	End=1437.398	_	_	_	_
602-0	PST050	602	602	0	si	si	_	_	_	_	_	linguistic	_	none	_	Begin=1438.02	_	_	_	_
602-1	PST050	602	602	1	teneva	teneva	_	_	_	_	_	linguistic	_	none	_	_	_	_	_	_
602-2	PST050	602	602	2	tutto	tutto	_	_	_	_	_	linguistic	_	none	_	_	_	_	_	_
602-3	PST050	602	602	3	dentro,	dentro	_	_	_	_	_	linguistic	_	none	Intonation=WeaklyRising	End=1439.634	_	_	_	_
603-0	PST050	603	603	0	mamma	mamma	_	_	_	_	_	linguistic	_	none	_	Begin=1440.747	_	_	_	_
603-1	PST050	603	603	1	si:	si	_	_	_	_	_	linguistic	_	none	_	_	1x1	_	_	_
603-2	PST050	603	603	2	e:hm	ehm	_	_	_	_	_	linguistic	_	none	_	_	0x1	_	_	_
603-3	PST050	603	603	3	davanti	davanti	_	_	_	_	_	linguistic	_	none	_	_	_	_	_	_
603-4	PST050	603	603	4	a	a	_	_	_	_	_	linguistic	_	none	_	_	_	_	_	_
603-5	PST050	603	603	5	tutti	tutti	_	_	_	_	_	linguistic	_	none	_	_	_	_	_	_
603-6	PST050	603	603	6	la	la	_	_	_	_	_	linguistic	_	none	_	_	_	_	_	_
603-7	PST050	603	603	7	maestra:,	maestra	_	_	_	_	_	linguistic	_	none	Intonation=WeaklyRising	End=1443.638	6x1	_	_	_
604-0	PST050	604	604	0	davanti	davanti	_	_	_	_	_	linguistic	_	none	_	Begin=1444.094	_	_	_	_
604-1	PST050	604	604	1	a	a	_	_	_	_	_	linguistic	_	none	_	_	_	_	_	_
604-2	PST050	604	604	2	tutti	tutti	_	_	_	_	_	linguistic	_	none	_	_	_	_	_	_
604-3	PST050	604	604	3	i	i	_	_	_	_	_	linguistic	_	none	_	_	_	_	_	_
604-4	PST050	604	604	4	genitori	genitori	_	_	_	_	_	linguistic	_	none	_	_	_	_	_	_
604-5	PST050	604	604	5	c~	c~	_	_	_	_	_	linguistic	_	none	Interrupted=Yes	_	_	_	_	_
604-6	PST050	604	604	6	sai	sai	_	_	_	_	_	linguistic	_	none	_	_	_	_	_	_
604-7	PST050	604	604	7	quando	quando	_	_	_	_	_	linguistic	_	none	_	_	_	_	_	_
604-8	PST050	604	604	8	si	si	_	_	_	_	_	linguistic	_	none	_	_	_	_	_	_
604-9	PST050	604	604	9	aspetta	aspetta	_	_	_	_	_	linguistic	_	none	_	_	_	_	_	_
604-10	PST050	604	604	10	((al_figlio))	((al_figlio))	_	_	_	_	_	nonverbalbehavior	_	none	_	_	_	_	_	_
604-11	PST050	604	604	11	NO,	no	_	_	_	_	_	linguistic	_	none	Intonation=WeaklyRising|Volume=high	End=1447.02	_	_	_	_
605-0	PST050	605	605	0	che	che	_	_	_	_	_	linguistic	_	none	_	Begin=1447.714	_	_	_	_
605-1	PST050	605	605	1	fai:	fai	_	_	_	_	_	linguistic	_	none	_	End=1448.434	2x1	_	_	_
606-0	PST050	606	606	0	@dima	@dima	_	_	_	_	_	anonymized	_	none	_	Begin=1449.014	_	_	_	_
606-1	PST050	606	606	1	lascialo	lascialo	_	_	_	_	_	linguistic	_	none	_	_	_	_	_	_
606-2	PST050	606	606	2	sta:re,	stare	_	_	_	_	_	linguistic	_	none	Intonation=WeaklyRising	End=1450.374	2x1	_	_	_
607-0	PST050	607	607	0	lascialo	lascialo	_	_	_	_	_	linguistic	_	none	_	Begin=1450.86	_	_	_	_
607-1	PST050	607	607	1	sta:re.	stare	_	_	_	_	_	linguistic	_	none	Intonation=Falling	End=1451.8	2x1	_	_	_
608-0	PST050	608	608	0	((ai_figli))	((ai_figli))	_	_	_	_	_	nonverbalbehavior	_	none	_	Begin=1454.267	_	_	_	_
608-1	PST050	608	608	1	non	non	_	_	_	_	_	linguistic	_	none	_	_	_	_	_	_
608-2	PST050	608	608	2	si	si	_	_	_	_	_	linguistic	_	none	_	_	_	_	_	_
608-3	PST050	608	608	3	alza	alza	_	_	_	_	_	linguistic	_	none	_	_	_	_	_	_
608-4	PST050	608	608	4	le	le	_	_	_	_	_	linguistic	_	none	_	_	_	_	_	_
608-5	PST050	608	608	5	mani	mani	_	_	_	_	_	linguistic	_	none	PauseAfter=Yes	_	_	_	_	_
608-6	PST050	608	608	6	(.)	(.)	_	_	_	_	_	shortpause	_	none	_	_	_	_	_	_
608-7	PST050	608	608	7	non	non	_	_	_	_	_	linguistic	_	none	_	_	_	_	_	_
608-8	PST050	608	608	8	si	si	_	_	_	_	_	linguistic	_	none	_	_	_	_	_	_
608-9	PST050	608	608	9	alza	alza	_	_	_	_	_	linguistic	_	none	_	_	_	_	_	_
608-10	PST050	608	608	10	le	le	_	_	_	_	_	linguistic	_	none	_	_	_	_	_	_
608-11	PST050	608	608	11	mani,	mani	_	_	_	_	_	linguistic	_	none	Intonation=WeaklyRising	End=1457.001	_	_	_	_
609-0	PST050	609	609	0	e:::h	eh	_	_	_	_	_	linguistic	_	none	_	Begin=1459.901	0x3	_	_	_
609-1	PST050	609	609	1	davanti	davanti	_	_	_	_	_	linguistic	_	none	_	_	_	_	_	_
609-2	PST050	609	609	2	a	a	_	_	_	_	_	linguistic	_	none	_	_	_	_	_	_
609-3	PST050	609	609	3	tutt~	tutt~	_	_	_	_	_	linguistic	_	none	Interrupted=Yes	_	_	_	_	_
609-4	PST050	609	609	4	signora::::.	signora	_	_	_	_	_	linguistic	_	none	Intonation=Falling	End=1462.771	6x4	_	_	_
610-0	PST050	610	610	0	e::hm	ehm	_	_	_	_	_	linguistic	_	none	_	Begin=1463.054	0x2	_	_	_
610-1	PST050	610	610	1	guarda	guarda	_	_	_	_	_	linguistic	_	none	_	_	_	_	_	_
610-2	PST050	610	610	2	suo	suo	_	_	_	_	_	linguistic	_	none	_	_	_	_	_	_
610-3	PST050	610	610	3	b:~	b~	_	_	_	_	_	linguistic	_	none	Interrupted=Yes	_	0x1	_	_	_
610-4	PST050	610	610	4	bambino	bambino	_	_	_	_	_	linguistic	_	none	_	_	_	_	_	_
610-5	PST050	610	610	5	mi	mi	_	_	_	_	_	linguistic	_	none	_	_	_	_	_	_
610-6	PST050	610	610	6	ha	ha	_	_	_	_	_	linguistic	_	none	_	_	_	_	_	_
610-7	PST050	610	610	7	fatto	fatto	_	_	_	_	_	linguistic	_	none	_	_	_	_	_	_
610-8	PST050	610	610	8	scema,	scema	_	_	_	_	_	linguistic	_	none	Intonation=WeaklyRising	End=1465.619	_	_	_	_
611-0	PST050	611	611	0	ma	ma	_	_	_	_	_	linguistic	_	none	_	Begin=1466.66	_	_	_	_
611-1	PST050	611	611	1	davanti	davanti	_	_	_	_	_	linguistic	_	none	_	_	_	_	_	_
611-2	PST050	611	611	2	a	a	_	_	_	_	_	linguistic	_	none	_	_	_	_	_	_
611-3	PST050	611	611	3	tutti	tutti	_	_	_	_	_	linguistic	_	none	_	_	_	_	_	_
611-4	PST050	611	611	4	i	i	_	_	_	_	_	linguistic	_	none	_	_	_	_	_	_
611-5	PST050	611	611	5	genitori,	genitori	_	_	_	_	_	linguistic	_	none	Intonation=WeaklyRising	End=1468.28	_	_	_	_
612-0	PST050	612	612	0	mi	mi	_	_	_	_	_	linguistic	_	none	_	Begin=1468.887	_	_	_	_
612-1	PST050	612	612	1	ha	ha	_	_	_	_	_	linguistic	_	none	_	_	_	_	_	_
612-2	PST050	612	612	2	fatto	fatto	_	_	_	_	_	linguistic	_	none	_	_	_	_	_	_
612-3	PST050	612	612	3	scema:	scema	_	_	_	_	_	linguistic	_	none	_	_	4x1	_	_	_
612-4	PST050	612	612	4	un	un	_	_	_	_	_	linguistic	_	none	_	_	_	_	_	_
612-5	PST050	612	612	5	bambino	bambino	_	_	_	_	_	linguistic	_	none	_	_	_	_	_	_
612-6	PST050	612	612	6	di	di	_	_	_	_	_	linguistic	_	none	_	_	_	_	_	_
612-7	PST050	612	612	7	sei	sei	_	_	_	_	_	linguistic	_	none	_	_	_	_	_	_
612-8	PST050	612	612	8	anni	anni	_	_	_	_	_	linguistic	_	none	_	_	_	_	_	_
612-9	PST050	612	612	9	che	che	_	_	_	_	_	linguistic	_	none	_	_	_	_	_	_
612-10	PST050	612	612	10	io	io	_	_	_	_	_	linguistic	_	none	_	_	_	_	_	_
612-11	PST050	612	612	11	in	in	_	_	_	_	_	linguistic	_	none	_	_	_	_	_	_
612-12	PST050	612	612	12	questi	questi	_	_	_	_	_	linguistic	_	none	_	_	_	_	_	_
612-13	PST050	612	612	13	anni	anni	_	_	_	_	_	linguistic	_	none	_	_	_	_	_	_
612-14	PST050	612	612	14	non	non	_	_	_	_	_	linguistic	_	none	_	_	_	_	_	_
612-15	PST050	612	612	15	mi	mi	_	_	_	_	_	linguistic	_	none	_	_	_	_	_	_
612-16	PST050	612	612	16	ha	ha	_	_	_	_	_	linguistic	_	none	_	_	_	_	_	_
612-17	PST050	612	612	17	mai,	mai	_	_	_	_	_	linguistic	_	none	Intonation=WeaklyRising	End=1472.755	_	_	_	_
613-0	PST050	613	613	0	un	un	_	_	_	_	_	linguistic	_	none	_	Begin=1473.126	_	_	_	_
613-1	PST050	613	613	1	bambino	bambino	_	_	_	_	_	linguistic	_	none	_	_	_	_	_	_
613-2	PST050	613	613	2	e	e	_	_	_	_	_	linguistic	_	none	_	_	_	_	_	_
613-3	PST050	613	613	3	io	io	_	_	_	_	_	linguistic	_	none	PauseAfter=Yes	_	_	_	_	_
613-4	PST050	613	613	4	(.)	(.)	_	_	_	_	_	shortpause	_	none	_	_	_	_	_	_
613-5	PST050	613	613	5	mi	mi	_	_	_	_	_	linguistic	_	none	_	_	_	_	_	_
613-6	PST050	613	613	6	chiedo	chiedo	_	_	_	_	_	linguistic	_	none	_	_	_	_	_	_
613-7	PST050	613	613	7	scusa::.	scusa	_	_	_	_	_	linguistic	_	none	Intonation=Falling	End=1476.113	4x2	_	_	_
614-0	PST050	614	614	0	voglio	voglio	_	_	_	_	_	linguistic	_	none	_	Begin=1476.119	_	_	_	_
614-1	PST050	614	614	1	capire	capire	_	_	_	_	_	linguistic	_	none	_	_	_	_	_	_
614-2	PST050	614	614	2	cosa	cosa	_	_	_	_	_	linguistic	_	none	_	_	_	_	_	_
614-3	PST050	614	614	3	è	è	_	_	_	_	_	linguistic	_	none	_	_	_	_	_	_
614-4	PST050	614	614	4	successo	successo	_	_	_	_	_	linguistic	_	none	_	_	_	_	_	_
614-5	PST050	614	614	5	però	però	_	_	_	_	_	linguistic	_	none	_	_	_	_	_	_
614-6	PST050	614	614	6	anche	anche	_	_	_	_	_	linguistic	_	none	_	_	_	_	_	_
614-7	PST050	614	614	7	lei	lei	_	_	_	_	_	linguistic	_	none	_	_	_	_	_	_
614-8	PST050	614	614	8	poteva	poteva	_	_	_	_	_	linguistic	_	none	_	_	_	_	_	_
614-9	PST050	614	614	9	mettermi	mettermi	_	_	_	_	_	linguistic	_	none	_	_	_	_	_	_
614-10	PST050	614	614	10	da	da	_	_	_	_	_	linguistic	_	none	_	_	_	_	_	_
614-11	PST050	614	614	11	parte	parte	_	_	_	_	_	linguistic	_	none	_	_	_	_	_	_
614-12	PST050	614	614	12	gua[rda	guarda	_	_	_	_	_	linguistic	_	none	_	_	_	_	_	3-6(125)
614-13	PST050	614	614	13	si~]	si~	_	_	_	_	_	linguistic	_	none	Interrupted=Yes|PauseAfter=Yes	_	_	_	_	0-3(125)
614-14	PST050	614	614	14	(.)	(.)	_	_	_	_	_	shortpause	_	none	_	_	_	_	_	_
614-15	PST050	614	614	15	non	non	_	_	_	_	_	linguistic	_	none	_	_	_	_	_	_
614-16	PST050	614	614	16	davanti	davanti	_	_	_	_	_	linguistic	_	none	_	_	_	_	_	_
614-17	PST050	614	614	17	a	a	_	_	_	_	_	linguistic	_	none	_	_	_	_	_	_
614-18	PST050	614	614	18	tutt~	tutt~	_	_	_	_	_	linguistic	_	none	Interrupted=Yes	_	_	_	_	_
614-19	PST050	614	614	19	mi	mi	_	_	_	_	_	linguistic	_	none	_	_	_	_	_	_
614-20	PST050	614	614	20	sono,	sono	_	_	_	_	_	linguistic	_	none	Intonation=WeaklyRising	End=1481.872	_	_	_	_
615-0	PST212	615	615	0	[sì:].	sì	_	_	_	_	_	linguistic	_	none	Intonation=Falling	Begin=1479.797|End=1480.269	1x1	_	_	0-2(125)
616-0	PST050	616	616	0	e	e	_	_	_	_	_	linguistic	_	none	_	Begin=1482.305	_	_	_	_
616-1	PST050	616	616	1	poveri:no	poverino	_	_	_	_	_	linguistic	_	none	PauseAfter=Yes	_	5x1	_	_	_
616-2	PST050	616	616	2	(.)	(.)	_	_	_	_	_	shortpause	_	none	_	_	_	_	_	_
616-3	PST050	616	616	3	teneva	teneva	_	_	_	_	_	linguistic	_	none	_	_	_	_	_	_
616-4	PST050	616	616	4	ha	ha	_	_	_	_	_	linguistic	_	none	_	_	_	_	_	_
616-5	PST050	616	616	5	scoppiato	scoppiato	_	_	_	_	_	linguistic	_	none	_	_	_	_	_	_
616-6	PST050	616	616	6	a	a	_	_	_	_	_	linguistic	_	none	_	_	_	_	_	_
616-7	PST050	616	616	7	piangermi	piangermi	_	_	_	_	_	linguistic	_	none	_	_	_	_	_	_
616-8	PST050	616	616	8	abbracciato,	abbracciato	_	_	_	_	_	linguistic	_	none	Intonation=WeaklyRising	End=1485.873	_	_	_	_
617-0	PST050	617	617	0	mi	mi	_	_	_	_	_	linguistic	_	none	_	Begin=1486.24	_	_	_	_
617-1	PST050	617	617	1	si	si	_	_	_	_	_	linguistic	_	none	_	_	_	_	_	_
617-2	PST050	617	617	2	è	è	_	_	_	_	_	linguistic	_	none	_	_	_	_	_	_
617-3	PST050	617	617	3	rotto	rotto	_	_	_	_	_	linguistic	_	none	_	_	_	_	_	_
617-4	PST050	617	617	4	il	il	_	_	_	_	_	linguistic	_	none	_	_	_	_	_	_
617-5	PST050	617	617	5	cuore.	cuore	_	_	_	_	_	linguistic	_	none	Intonation=Falling	End=1487.437	_	_	_	_
618-0	PST050	618	618	0	non:	non	_	_	_	_	_	linguistic	_	none	_	Begin=1487.683	2x1	_	_	_
618-1	PST050	618	618	1	però:	però	_	_	_	_	_	linguistic	_	none	_	_	3x1	_	_	_
618-2	PST050	618	618	2	ho	ho	_	_	_	_	_	linguistic	_	none	_	_	_	_	_	_
618-3	PST050	618	618	3	detto::	detto	_	_	_	_	_	linguistic	_	none	_	_	4x2	_	_	_
618-4	PST050	618	618	4	ehm	ehm	_	_	_	_	_	linguistic	_	none	_	_	_	_	_	_
618-5	PST050	618	618	5	è:	è	_	_	_	_	_	linguistic	_	none	_	_	0x1	_	_	_
618-6	PST050	618	618	6	arrivato	arrivato	_	_	_	_	_	linguistic	_	none	_	_	_	_	_	_
618-7	PST050	618	618	7	a	a	_	_	_	_	_	linguistic	_	none	_	_	_	_	_	_
618-8	PST050	618	618	8	casa	casa	_	_	_	_	_	linguistic	_	none	_	_	_	_	_	_
618-9	PST050	618	618	9	di	di	_	_	_	_	_	linguistic	_	none	_	_	_	_	_	_
618-10	PST050	618	618	10	notte	notte	_	_	_	_	_	linguistic	_	none	_	_	_	_	_	_
618-11	PST050	618	618	11	mi	mi	_	_	_	_	_	linguistic	_	none	_	_	_	_	_	_
618-12	PST050	618	618	12	piangeva,	piangeva	_	_	_	_	_	linguistic	_	none	Intonation=WeaklyRising	End=1492.361	_	_	_	_
619-0	PST050	619	619	0	sognava	sognava	_	_	_	_	_	linguistic	_	none	_	Begin=1492.712	_	_	_	_
619-1	PST050	619	619	1	nel	nel	_	_	_	_	_	linguistic	_	none	_	_	_	_	_	_
619-2	PST050	619	619	2	sonno,	sonno	_	_	_	_	_	linguistic	_	none	Intonation=WeaklyRising	End=1494.283	_	_	_	_
620-0	PST213	620	620	0	no::.	no	_	_	_	_	_	linguistic	_	none	Intonation=Falling	Begin=1494.29|End=1494.94	1x2	_	_	_
621-0	PST050	621	621	0	ho	ho	_	_	_	_	_	linguistic	_	none	_	Begin=1495.29	_	_	_	_
621-1	PST050	621	621	1	detto	detto	_	_	_	_	_	linguistic	_	none	_	_	_	_	_	_
621-2	PST050	621	621	2	magari	magari	_	_	_	_	_	linguistic	_	none	_	_	_	_	_	_
621-3	PST050	621	621	3	è	è	_	_	_	_	_	linguistic	_	none	_	_	_	_	_	_
621-4	PST050	621	621	4	stato	stato	_	_	_	_	_	linguistic	_	none	_	_	_	_	_	_
621-5	PST050	621	621	5	un	un	_	_	_	_	_	linguistic	_	none	_	_	_	_	_	_
621-6	PST050	621	621	6	po':	po'	_	_	_	_	_	linguistic	_	none	_	_	1x1	_	_	_
621-7	PST050	621	621	7	traumatizz[ato	traumatizzato	_	_	_	_	_	linguistic	_	none	_	_	_	_	_	10-13(126)
621-8	PST050	621	621	8	da	da	_	_	_	_	_	linguistic	_	none	_	_	_	_	_	0-2(126)
621-9	PST050	621	621	9	questa	questa	_	_	_	_	_	linguistic	_	none	_	_	_	_	_	0-6(126)
621-10	PST050	621	621	10	cos(a)	cosa	_	_	_	_	_	linguistic	_	none	_	_	_	_	3-4(0)	0-4(126)
621-11	PST050	621	621	11	però	però	_	_	_	_	_	linguistic	_	none	_	_	_	_	_	0-4(126)
621-12	PST050	621	621	12	non]	non	_	_	_	_	_	linguistic	_	none	_	_	_	_	_	0-3(126)
621-13	PST050	621	621	13	si	si	_	_	_	_	_	linguistic	_	none	_	_	_	_	_	_
621-14	PST050	621	621	14	fa	fa	_	_	_	_	_	linguistic	_	none	_	_	_	_	_	_
621-15	PST050	621	621	15	così:,	così	_	_	_	_	_	linguistic	_	none	Intonation=WeaklyRising	End=1499.668	3x1	_	_	_
622-0	PST213	622	622	0	[sì::	sì	_	_	_	_	_	linguistic	_	none	_	Begin=1497.34	1x2	_	_	0-2(126)
622-1	PST213	622	622	1	sì	sì	_	_	_	_	_	linguistic	_	none	_	_	_	_	_	0-2(126)
622-2	PST213	622	622	2	sì]	sì	_	_	_	_	_	linguistic	_	none	_	End=1498.84	_	_	_	0-2(126)
623-0	PST050	623	623	0	io	io	_	_	_	_	_	linguistic	_	none	_	Begin=1500.405	_	_	_	_
623-1	PST050	623	623	1	(ho	ho	_	_	_	_	_	linguistic	_	none	_	_	_	_	0-2(0)	_
623-2	PST050	623	623	2	detto)	detto	_	_	_	_	_	linguistic	_	none	_	_	_	_	0-5(0)	_
623-3	PST050	623	623	3	gli	gli	_	_	_	_	_	linguistic	_	none	_	_	_	_	_	_
623-4	PST050	623	623	4	altri	altri	_	_	_	_	_	linguistic	_	none	_	_	_	_	_	_
623-5	PST050	623	623	5	dice~	dice~	_	_	_	_	_	linguistic	_	none	Interrupted=Yes	_	_	_	_	_
623-6	PST050	623	623	6	no:	no	_	_	_	_	_	linguistic	_	none	_	_	1x1	_	_	_
623-7	PST050	623	623	7	devi	devi	_	_	_	_	_	linguistic	_	none	_	_	_	_	_	_
623-8	PST050	623	623	8	andare	andare	_	_	_	_	_	linguistic	_	none	_	_	_	_	_	_
623-9	PST050	623	623	9	a	a	_	_	_	_	_	linguistic	_	none	_	_	_	_	_	_
623-10	PST050	623	623	10	scuola	scuola	_	_	_	_	_	linguistic	_	none	_	_	_	_	_	_
623-11	PST050	623	623	11	a	a	_	_	_	_	_	linguistic	_	none	_	_	_	_	_	_
623-12	PST050	623	623	12	parlare	parlare	_	_	_	_	_	linguistic	_	none	_	_	_	_	_	_
623-13	PST050	623	623	13	subito	subito	_	_	_	_	_	linguistic	_	none	_	_	_	_	_	_
623-14	PST050	623	623	14	con	con	_	_	_	_	_	linguistic	_	none	_	_	_	_	_	_
623-15	PST050	623	623	15	la	la	_	_	_	_	_	linguistic	_	none	_	_	_	_	_	_
623-16	PST050	623	623	16	mae~,	mae~	_	_	_	_	_	linguistic	_	none	Intonation=WeaklyRising|Interrupted=Yes	End=1503.502	_	_	_	_
624-0	PST050	624	624	0	però:	però	_	_	_	_	_	linguistic	_	none	_	Begin=1503.947	3x1	_	_	_
624-1	PST050	624	624	1	ho	ho	_	_	_	_	_	linguistic	_	none	_	_	_	_	_	_
624-2	PST050	624	624	2	detto	detto	_	_	_	_	_	linguistic	_	none	_	_	_	_	_	_
624-3	PST050	624	624	3	no	no	_	_	_	_	_	linguistic	_	none	_	_	_	_	_	_
624-4	PST050	624	624	4	se	se	_	_	_	_	_	linguistic	_	none	_	_	_	_	_	_
624-5	PST050	624	624	5	vado	vado	_	_	_	_	_	linguistic	_	none	_	_	_	_	_	_
624-6	PST050	624	624	6	ho	ho	_	_	_	_	_	linguistic	_	none	_	_	_	_	_	_
624-7	PST050	624	624	7	pau[ra	paura	_	_	_	_	_	linguistic	_	none	_	_	_	_	_	3-5(127)
624-8	PST050	624	624	8	che	che	_	_	_	_	_	linguistic	_	none	_	_	_	_	_	0-3(127)
624-9	PST050	624	624	9	xx	xx	_	_	_	_	_	unknown	_	none	PauseAfter=Yes|Syllables=2	_	_	_	_	0-2(127)
624-10	PST050	624	624	10	(.)	(.)	_	_	_	_	_	shortpause	_	none	_	_	_	_	_	_
624-11	PST050	624	624	11	più	più	_	_	_	_	_	linguistic	_	none	_	_	_	_	_	0-3(127)
624-12	PST050	624	624	12	pe:]ggio	peggio	_	_	_	_	_	linguistic	_	none	_	_	1x1	_	_	0-2(127)
624-13	PST050	624	624	13	un	un	_	_	_	_	_	linguistic	_	none	_	_	_	_	_	_
624-14	PST050	624	624	14	casino	casino	_	_	_	_	_	linguistic	_	none	_	_	_	_	_	_
624-15	PST050	624	624	15	e::	e	_	_	_	_	_	linguistic	_	none	_	_	0x2	_	_	_
624-16	PST050	624	624	16	ho	ho	_	_	_	_	_	linguistic	_	none	_	_	_	_	_	_
624-17	PST050	624	624	17	detto	detto	_	_	_	_	_	linguistic	_	none	_	_	_	_	_	_
624-18	PST050	624	624	18	ma	ma	_	_	_	_	_	linguistic	_	none	_	_	_	_	_	_
624-19	PST050	624	624	19	aspetta	aspetta	_	_	_	_	_	linguistic	_	none	_	_	_	_	_	_
624-20	PST050	624	624	20	che	che	_	_	_	_	_	linguistic	_	none	_	_	_	_	_	_
624-21	PST050	624	624	21	se	se	_	_	_	_	_	linguistic	_	none	_	_	_	_	_	_
624-22	PST050	624	624	22	succede	succede	_	_	_	_	_	linguistic	_	none	_	_	_	_	_	_
624-23	PST050	624	624	23	un'	un'	_	_	_	_	_	linguistic	_	none	SpaceAfter=No	_	_	_	_	_
624-24	PST050	624	624	24	altra	altra	_	_	_	_	_	linguistic	_	none	_	_	_	_	_	_
624-25	PST050	624	624	25	volt~	volt~	_	_	_	_	_	linguistic	_	none	Interrupted=Yes	_	_	_	_	_
624-26	PST050	624	624	26	sì:	sì	_	_	_	_	_	linguistic	_	none	_	_	1x1	_	_	_
624-27	PST050	624	624	27	che	che	_	_	_	_	_	linguistic	_	none	_	_	_	_	_	_
624-28	PST050	624	624	28	vado.	vado	_	_	_	_	_	linguistic	_	none	Intonation=Falling	End=1512.232	_	_	_	_
625-0	PST213	625	625	0	[poi	poi	_	_	_	_	_	linguistic	_	none	_	Begin=1505.783	_	_	_	0-3(127)
625-1	PST213	625	625	1	diventa	diventa	_	_	_	_	_	linguistic	_	none	_	_	_	_	_	0-7(127)
625-2	PST213	625	625	2	ancora	ancora	_	_	_	_	_	linguistic	_	none	_	_	_	_	_	0-6(127)
625-3	PST213	625	625	3	più	più	_	_	_	_	_	linguistic	_	none	_	_	_	_	_	0-3(127)
625-4	PST213	625	625	4	un	un	_	_	_	_	_	linguistic	_	none	_	_	_	_	_	0-2(127)
625-5	PST213	625	625	5	casino],	casino	_	_	_	_	_	linguistic	_	none	Intonation=WeaklyRising	End=1507.34	_	_	_	0-6(127)
626-0	PST213	626	626	0	certo.	certo	_	_	_	_	_	linguistic	_	none	Intonation=Falling	Begin=1512.255|End=1512.697	_	_	_	_
627-0	PST050	627	627	0	me	me	_	_	_	_	_	linguistic	_	none	_	Begin=1512.69	_	_	_	_
627-1	PST050	627	627	1	la	la	_	_	_	_	_	linguistic	_	none	_	_	_	_	_	_
627-2	PST050	627	627	2	prendo:::	prendo	_	_	_	_	_	linguistic	_	none	_	_	5x3	_	_	_
627-3	PST050	627	627	3	scusa	scusa	_	_	_	_	_	linguistic	_	none	_	_	_	_	_	_
627-4	PST050	627	627	4	non	non	_	_	_	_	_	linguistic	_	none	_	_	_	_	_	_
627-5	PST050	627	627	5	faccio	faccio	_	_	_	_	_	linguistic	_	none	_	_	_	_	_	_
627-6	PST050	627	627	6	io	io	_	_	_	_	_	linguistic	_	none	_	_	_	_	_	_
627-7	PST050	627	627	7	che	che	_	_	_	_	_	linguistic	_	none	_	_	_	_	_	_
627-8	PST050	627	627	8	son	son	_	_	_	_	_	linguistic	_	none	_	_	_	_	_	_
627-9	PST050	627	627	9	mamma	mamma	_	_	_	_	_	linguistic	_	none	_	_	_	_	_	_
627-10	PST050	627	627	10	fai	fai	_	_	_	_	_	linguistic	_	none	_	_	_	_	_	_
627-11	PST050	627	627	11	tu:	tu	_	_	_	_	_	linguistic	_	none	_	_	1x1	_	_	_
627-12	PST050	627	627	12	mh	mh	_	_	_	_	_	linguistic	_	none	_	_	_	_	_	_
627-13	PST050	627	627	13	[che	che	_	_	_	_	_	linguistic	_	none	_	_	_	_	_	0-3(129)
627-14	PST050	627	627	14	sei	sei	_	_	_	_	_	linguistic	_	none	_	_	_	_	_	0-3(129)
627-15	PST050	627	627	15	capisci]?	capisci	_	_	_	_	_	linguistic	_	none	Intonation=Rising	End=1518.283	_	_	_	0-7(129)
628-0	PST212	628	628	0	[e:h	eh	_	_	_	_	_	linguistic	_	none	PauseAfter=Yes	Begin=1517.133	0x1	_	_	0-2(129)
628-1	PST212	628	628	1	(.)	(.)	_	_	_	_	_	shortpause	_	none	_	_	_	_	_	_
628-2	PST212	628	628	2	e	e	_	_	_	_	_	linguistic	_	none	_	_	_	_	_	0-1(129)
628-3	PST212	628	628	3	s]ì:	sì	_	_	_	_	_	linguistic	_	none	_	End=1518.497	1x1	_	_	0-1(129)
629-0	PST050	629	629	0	ho	ho	_	_	_	_	_	linguistic	_	none	_	Begin=1518.847	_	_	_	_
629-1	PST050	629	629	1	capito	capito	_	_	_	_	_	linguistic	_	none	_	_	_	_	_	_
629-2	PST050	629	629	2	che	che	_	_	_	_	_	linguistic	_	none	_	_	_	_	_	_
629-3	PST050	629	629	3	è	è	_	_	_	_	_	linguistic	_	none	_	_	_	_	_	_
629-4	PST050	629	629	4	un'	un'	_	_	_	_	_	linguistic	_	none	SpaceAfter=No	_	_	_	_	_
629-5	PST050	629	629	5	insegnante	insegnante	_	_	_	_	_	linguistic	_	none	_	_	_	_	_	_
629-6	PST050	629	629	6	però?	però	_	_	_	_	_	linguistic	_	none	Intonation=Rising	End=1520.696	_	_	_	_
630-0	PST212	630	630	0	mh	mh	_	_	_	_	_	linguistic	_	none	_	Begin=1520.776	_	_	_	_
630-1	PST212	630	630	1	mh	mh	_	_	_	_	_	linguistic	_	none	_	End=1521.126	_	_	_	_
631-0	PST050	631	631	0	bah.	bah	_	_	_	_	_	linguistic	_	none	Intonation=Falling	Begin=1521.133|End=1521.462	_	_	_	_
632-0	PST050	632	632	0	e::h	eh	_	_	_	_	_	linguistic	_	none	_	Begin=1522.447|End=1523.444	0x2	_	_	_
633-0	PST050	633	633	0	niente	niente	_	_	_	_	_	linguistic	_	none	_	Begin=1523.905	_	_	_	_
633-1	PST050	633	633	1	bho:,	bho	_	_	_	_	_	linguistic	_	none	Intonation=WeaklyRising	End=1524.847	2x1	_	_	_
634-0	PST050	634	634	0	e	e	_	_	_	_	_	linguistic	_	none	_	Begin=1525.347	_	_	_	_
634-1	PST050	634	634	1	ho	ho	_	_	_	_	_	linguistic	_	none	_	_	_	_	_	_
634-2	PST050	634	634	2	detto	detto	_	_	_	_	_	linguistic	_	none	_	_	_	_	_	_
634-3	PST050	634	634	3	da	da	_	_	_	_	_	linguistic	_	none	_	_	_	_	_	_
634-4	PST050	634	634	4	quella	quella	_	_	_	_	_	linguistic	_	none	_	_	_	_	_	_
634-5	PST050	634	634	5	volta	volta	_	_	_	_	_	linguistic	_	none	_	_	_	_	_	_
634-6	PST050	634	634	6	ho::	ho	_	_	_	_	_	linguistic	_	none	_	_	1x2	_	_	_
634-7	PST050	634	634	7	mh.	mh	_	_	_	_	_	linguistic	_	none	Intonation=Falling	End=1527.467	_	_	_	_
635-0	PST050	635	635	0	ho	ho	_	_	_	_	_	linguistic	_	none	_	Begin=1528.412	_	_	_	_
635-1	PST050	635	635	1	detto	detto	_	_	_	_	_	linguistic	_	none	_	_	_	_	_	_
635-2	PST050	635	635	2	magari	magari	_	_	_	_	_	linguistic	_	none	_	_	_	_	_	_
635-3	PST050	635	635	3	per	per	_	_	_	_	_	linguistic	_	none	_	_	_	_	_	_
635-4	PST050	635	635	4	questo	questo	_	_	_	_	_	linguistic	_	none	_	_	_	_	_	_
635-5	PST050	635	635	5	me	me	_	_	_	_	_	linguistic	_	none	_	_	_	_	_	_
635-6	PST050	635	635	6	l'	l'	_	_	_	_	_	linguistic	_	none	SpaceAfter=No	_	_	_	_	_
635-7	PST050	635	635	7	hanno	hanno	_	_	_	_	_	linguistic	_	none	_	_	_	_	_	_
635-8	PST050	635	635	8	preso::	preso	_	_	_	_	_	linguistic	_	none	_	_	4x2	_	_	_
635-9	PST050	635	635	9	anche.	anche	_	_	_	_	_	linguistic	_	none	Intonation=Falling	End=1531.426	_	_	_	_
636-0	PST213	636	636	0	m::h.	mh	_	_	_	_	_	linguistic	_	none	Intonation=Falling	Begin=1531.755|End=1532.226	0x2	_	_	_
637-0	PST050	637	637	0	e	e	_	_	_	_	_	linguistic	_	none	_	Begin=1533.033	_	_	_	_
637-1	PST050	637	637	1	adesso::	adesso	_	_	_	_	_	linguistic	_	none	_	_	5x2	_	_	_
637-2	PST050	637	637	2	ha	ha	_	_	_	_	_	linguistic	_	none	_	_	_	_	_	_
637-3	PST050	637	637	3	detto	detto	_	_	_	_	_	linguistic	_	none	_	_	_	_	_	_
637-4	PST050	637	637	4	che	che	_	_	_	_	_	linguistic	_	none	_	_	_	_	_	_
637-5	PST050	637	637	5	a	a	_	_	_	_	_	linguistic	_	none	_	_	_	_	_	_
637-6	PST050	637	637	6	settembre	settembre	_	_	_	_	_	linguistic	_	none	_	_	_	_	_	_
637-7	PST050	637	637	7	vediamo	vediamo	_	_	_	_	_	linguistic	_	none	_	_	_	_	_	_
637-8	PST050	637	637	8	come	come	_	_	_	_	_	linguistic	_	none	_	_	_	_	_	_
637-9	PST050	637	637	9	va	va	_	_	_	_	_	linguistic	_	none	_	_	_	_	_	_
637-10	PST050	637	637	10	il	il	_	_	_	_	_	linguistic	_	none	_	_	_	_	_	_
637-11	PST050	637	637	11	bambino	bambino	_	_	_	_	_	linguistic	_	none	_	_	_	_	_	_
637-12	PST050	637	637	12	se	se	_	_	_	_	_	linguistic	_	none	_	_	_	_	_	_
637-13	PST050	637	637	13	non::	non	_	_	_	_	_	linguistic	_	none	_	_	2x2	_	_	_
637-14	PST050	637	637	14	ha	ha	_	_	_	_	_	linguistic	_	none	_	_	_	_	_	_
637-15	PST050	637	637	15	bisogno	bisogno	_	_	_	_	_	linguistic	_	none	_	_	_	_	_	_
637-16	PST050	637	637	16	di	di	_	_	_	_	_	linguistic	_	none	_	_	_	_	_	_
637-17	PST050	637	637	17	un	un	_	_	_	_	_	linguistic	_	none	_	_	_	_	_	_
637-18	PST050	637	637	18	sostegno	sostegno	_	_	_	_	_	linguistic	_	none	_	_	_	_	_	_
637-19	PST050	637	637	19	di	di	_	_	_	_	_	linguistic	_	none	_	_	_	_	_	_
637-20	PST050	637	637	20	qualcosa.	qualcosa	_	_	_	_	_	linguistic	_	none	Intonation=Falling	End=1539.616	_	_	_	_
638-0	PST050	638	638	0	e	e	_	_	_	_	_	linguistic	_	none	_	Begin=1540.405	_	_	_	_
638-1	PST050	638	638	1	difatti	difatti	_	_	_	_	_	linguistic	_	none	_	_	_	_	_	_
638-2	PST050	638	638	2	parlando	parlando	_	_	_	_	_	linguistic	_	none	_	_	_	_	_	_
638-3	PST050	638	638	3	con	con	_	_	_	_	_	linguistic	_	none	_	_	_	_	_	_
638-4	PST050	638	638	4	lei	lei	_	_	_	_	_	linguistic	_	none	_	_	_	_	_	_
638-5	PST050	638	638	5	che	che	_	_	_	_	_	linguistic	_	none	_	_	_	_	_	_
638-6	PST050	638	638	6	mi	mi	_	_	_	_	_	linguistic	_	none	_	_	_	_	_	_
638-7	PST050	638	638	7	ha	ha	_	_	_	_	_	linguistic	_	none	_	_	_	_	_	_
638-8	PST050	638	638	8	consigliato	consigliato	_	_	_	_	_	linguistic	_	none	_	_	_	_	_	_
638-9	PST050	638	638	9	psicologa,	psicologa	_	_	_	_	_	linguistic	_	none	Intonation=WeaklyRising	End=1543.362	_	_	_	_
639-0	PST050	639	639	0	ha	ha	_	_	_	_	_	linguistic	_	none	_	Begin=1544.605	_	_	_	_
639-1	PST050	639	639	1	fa:tto	fatto	_	_	_	_	_	linguistic	_	none	_	_	1x1	_	_	_
639-2	PST050	639	639	2	un	un	_	_	_	_	_	linguistic	_	none	_	_	_	_	_	_
639-3	PST050	639	639	3	po'	po'	_	_	_	_	_	linguistic	_	none	_	_	_	_	_	_
639-4	PST050	639	639	4	di	di	_	_	_	_	_	linguistic	_	none	_	_	_	_	_	_
639-5	PST050	639	639	5	compiti	compiti	_	_	_	_	_	linguistic	_	none	_	_	_	_	_	_
639-6	PST050	639	639	6	per	per	_	_	_	_	_	linguistic	_	none	_	_	_	_	_	_
639-7	PST050	639	639	7	vedere	vedere	_	_	_	_	_	linguistic	_	none	_	_	_	_	_	_
639-8	PST050	639	639	8	e:hm	ehm	_	_	_	_	_	linguistic	_	none	PauseAfter=Yes	_	0x1	_	_	_
639-9	PST050	639	639	9	(.)	(.)	_	_	_	_	_	shortpause	_	none	_	_	_	_	_	_
639-10	PST050	639	639	10	ha:	ha	_	_	_	_	_	linguistic	_	none	_	_	1x1	_	_	_
639-11	PST050	639	639	11	visto	visto	_	_	_	_	_	linguistic	_	none	_	_	_	_	_	_
639-12	PST050	639	639	12	che	che	_	_	_	_	_	linguistic	_	none	_	_	_	_	_	_
639-13	PST050	639	639	13	lei	lei	_	_	_	_	_	linguistic	_	none	_	_	_	_	_	_
639-14	PST050	639	639	14	[mi	mi	_	_	_	_	_	linguistic	_	none	_	_	_	_	_	0-2(130)
639-15	PST050	639	639	15	ha	ha	_	_	_	_	_	linguistic	_	none	_	_	_	_	_	0-2(130)
639-16	PST050	639	639	16	detto	detto	_	_	_	_	_	linguistic	_	none	_	_	_	_	_	0-5(130)
639-17	PST050	639	639	17	che	che	_	_	_	_	_	linguistic	_	none	_	_	_	_	_	0-3(130)
639-18	PST050	639	639	18	no:	no	_	_	_	_	_	linguistic	_	none	_	_	1x1	_	_	0-2(130)
639-19	PST050	639	639	19	che	che	_	_	_	_	_	linguistic	_	none	_	_	_	_	_	0-3(130)
639-20	PST050	639	639	20	non	non	_	_	_	_	_	linguistic	_	none	_	_	_	_	_	0-3(130)
639-21	PST050	639	639	21	ha	ha	_	_	_	_	_	linguistic	_	none	_	_	_	_	_	0-2(130)
639-22	PST050	639	639	22	bisogno	bisogno	_	_	_	_	_	linguistic	_	none	_	_	_	_	_	0-7(130)
639-23	PST050	639	639	23	adesso],	adesso	_	_	_	_	_	linguistic	_	none	Intonation=WeaklyRising	End=1550.153	_	_	_	0-6(130)
640-0	PST212	640	640	0	[s:ì::	sì	_	_	_	_	_	linguistic	_	none	PauseAfter=Yes	Begin=1547.855	0x1,1x2	_	_	_
640-1	PST212	640	640	1	(.)	(.)	_	_	_	_	_	shortpause	_	none	_	_	_	_	_	_
640-2	PST212	640	640	2	probabilme]nte	probabilmente	_	_	_	_	_	linguistic	_	none	_	_	_	_	_	_
640-3	PST212	640	640	3	è	è	_	_	_	_	_	linguistic	_	none	_	_	_	_	_	_
640-4	PST212	640	640	4	l'	l'	_	_	_	_	_	linguistic	_	none	SpaceAfter=No	_	_	_	_	_
640-5	PST212	640	640	5	ambiente	ambiente	_	_	_	_	_	linguistic	_	none	_	_	_	_	_	_
640-6	PST212	640	640	6	circostante	circostante	_	_	_	_	_	linguistic	_	none	_	_	_	_	_	_
640-7	PST212	640	640	7	che::	che	_	_	_	_	_	linguistic	_	none	_	_	2x2	_	_	_
640-8	PST212	640	640	8	lo:::	lo	_	_	_	_	_	linguistic	_	none	PauseAfter=Yes	_	1x3	_	_	_
640-9	PST212	640	640	9	(.)	(.)	_	_	_	_	_	shortpause	_	none	_	_	_	_	_	_
640-10	PST212	640	640	10	condizio]na.	condiziona	_	_	_	_	_	linguistic	_	none	Intonation=Falling	End=1554.929	_	_	_	_
641-0	PST050	641	641	0	[che	che	_	_	_	_	_	linguistic	_	none	_	Begin=1552.833	_	_	_	0-3(131)
641-1	PST050	641	641	1	ha	ha	_	_	_	_	_	linguistic	_	none	_	_	_	_	_	0-2(131)
641-2	PST050	641	641	2	pau~	pau~	_	_	_	_	_	linguistic	_	none	Interrupted=Yes	_	_	_	_	0-4(131)
641-3	PST050	641	641	3	ha::	ha	_	_	_	_	_	linguistic	_	none	_	_	1x2	_	_	0-2(131)
641-4	PST050	641	641	4	paura]	paura	_	_	_	_	_	linguistic	_	none	_	End=1554.549	_	_	_	0-5(131)
642-0	PST050	642	642	0	adesso	adesso	_	_	_	_	_	linguistic	_	none	_	Begin=1554.955	_	_	_	_
642-1	PST050	642	642	1	che:	che	_	_	_	_	_	linguistic	_	none	_	_	2x1	_	_	_
642-2	PST050	642	642	2	inizia	inizia	_	_	_	_	_	linguistic	_	none	_	_	_	_	_	_
642-3	PST050	642	642	3	settembre	settembre	_	_	_	_	_	linguistic	_	none	_	_	_	_	_	_
642-4	PST050	642	642	4	ho	ho	_	_	_	_	_	linguistic	_	none	_	_	_	_	_	_
642-5	PST050	642	642	5	ansia,	ansia	_	_	_	_	_	linguistic	_	none	Intonation=WeaklyRising	_	_	_	_	_
642-6	PST050	642	642	6	((ridendo))	((ridendo))	_	_	_	_	_	nonverbalbehavior	_	none	_	End=1557.065	_	_	_	_
643-0	PST050	643	643	0	perché	perché	_	_	_	_	_	linguistic	_	none	_	Begin=1557.862	_	_	_	_
643-1	PST050	643	643	1	non	non	_	_	_	_	_	linguistic	_	none	_	_	_	_	_	_
643-2	PST050	643	643	2	so	so	_	_	_	_	_	linguistic	_	none	_	_	_	_	_	_
643-3	PST050	643	643	3	come:::.	come	_	_	_	_	_	linguistic	_	none	Intonation=Falling	End=1559.679	3x3	_	_	_
644-0	PST212	644	644	0	come	come	_	_	_	_	_	linguistic	_	none	_	Begin=1559.847	_	_	_	_
644-1	PST212	644	644	1	sarà:?	sarà	_	_	_	_	_	linguistic	_	none	Intonation=Rising	End=1560.505	3x1	_	_	_
645-0	PST213	645	645	0	ma	ma	_	_	_	_	_	linguistic	_	none	_	Begin=1560.505	_	_	_	_
645-1	PST213	645	645	1	nel	nel	_	_	_	_	_	linguistic	_	none	_	_	_	_	_	_
645-2	PST213	645	645	2	caso	caso	_	_	_	_	_	linguistic	_	none	_	_	_	_	_	_
645-3	PST213	645	645	3	si	si	_	_	_	_	_	linguistic	_	none	_	_	_	_	_	_
645-4	PST213	645	645	4	potrebbe	potrebbe	_	_	_	_	_	linguistic	_	none	_	_	_	_	_	_
645-5	PST213	645	645	5	cambiare	cambiare	_	_	_	_	_	linguistic	_	none	_	_	_	_	_	_
645-6	PST213	645	645	6	classe?	classe	_	_	_	_	_	linguistic	_	none	Intonation=Rising	End=1562.612	_	_	_	_
646-0	PST213	646	646	0	è	è	_	_	_	_	_	linguistic	_	none	_	Begin=1562.755	_	_	_	_
646-1	PST213	646	646	1	possibile	possibile	_	_	_	_	_	linguistic	_	none	_	_	_	_	_	_
646-2	PST213	646	646	2	[vedere	vedere	_	_	_	_	_	linguistic	_	none	_	_	_	_	_	0-6(132)
646-3	PST213	646	646	3	se:].	se	_	_	_	_	_	linguistic	_	none	Intonation=Falling	End=1564.476	1x1	_	_	0-2(132)
647-0	PST050	647	647	0	[questa	questa	_	_	_	_	_	linguistic	_	none	_	Begin=1563.247	_	_	_	0-6(132)
647-1	PST050	647	647	1	cosa	cosa	_	_	_	_	_	linguistic	_	none	_	_	_	_	_	0-4(132)
647-2	PST050	647	647	2	mi	mi	_	_	_	_	_	linguistic	_	none	_	_	_	_	_	0-2(132)
647-3	PST050	647	647	3	ha	ha	_	_	_	_	_	linguistic	_	none	_	_	_	_	_	0-2(132)
647-4	PST050	647	647	4	detto	detto	_	_	_	_	_	linguistic	_	none	_	_	_	_	_	0-5(132)
647-5	PST050	647	647	5	anche]	anche	_	_	_	_	_	linguistic	_	none	_	_	_	_	_	0-5(132)
647-6	PST050	647	647	6	mio	mio	_	_	_	_	_	linguistic	_	none	_	_	_	_	_	_
647-7	PST050	647	647	7	marito	marito	_	_	_	_	_	linguistic	_	none	_	_	_	_	_	_
647-8	PST050	647	647	8	parli	parli	_	_	_	_	_	linguistic	_	none	_	_	_	_	_	_
647-9	PST050	647	647	9	con	con	_	_	_	_	_	linguistic	_	none	_	_	_	_	_	_
647-10	PST050	647	647	10	la	la	_	_	_	_	_	linguistic	_	none	_	_	_	_	_	_
647-11	PST050	647	647	11	dirigente,	dirigente	_	_	_	_	_	linguistic	_	none	Intonation=WeaklyRising	End=1566.846	_	_	_	_
648-0	PST213	648	648	0	e:h	eh	_	_	_	_	_	linguistic	_	none	_	Begin=1566.84|End=1567.212	0x1	_	_	_
649-0	PST050	649	649	0	di	di	_	_	_	_	_	linguistic	_	none	_	Begin=1567.347	_	_	_	_
649-1	PST050	649	649	1	cambiare	cambiare	_	_	_	_	_	linguistic	_	none	_	_	_	_	_	_
649-2	PST050	649	649	2	classe.	classe	_	_	_	_	_	linguistic	_	none	Intonation=Falling	End=1568.605	_	_	_	_
650-0	PST050	650	650	0	perché	perché	_	_	_	_	_	linguistic	_	none	_	Begin=1569.326	_	_	_	_
650-1	PST050	650	650	1	loro	loro	_	_	_	_	_	linguistic	_	none	_	_	_	_	_	_
650-2	PST050	650	650	2	non	non	_	_	_	_	_	linguistic	_	none	_	_	_	_	_	_
650-3	PST050	650	650	3	sono	sono	_	_	_	_	_	linguistic	_	none	_	_	_	_	_	_
650-4	PST050	650	650	4	in	in	_	_	_	_	_	linguistic	_	none	_	_	_	_	_	_
650-5	PST050	650	650	5	grado	grado	_	_	_	_	_	linguistic	_	none	_	_	_	_	_	_
650-6	PST050	650	650	6	di	di	_	_	_	_	_	linguistic	_	none	_	_	_	_	_	_
650-7	PST050	650	650	7	occuparsi	occuparsi	_	_	_	_	_	linguistic	_	none	_	_	_	_	_	_
650-8	PST050	650	650	8	del	del	_	_	_	_	_	linguistic	_	none	_	_	_	_	_	_
650-9	PST050	650	650	9	bambino	bambino	_	_	_	_	_	linguistic	_	none	_	_	_	_	_	_
650-10	PST050	650	650	10	che	che	_	_	_	_	_	linguistic	_	none	_	_	_	_	_	_
650-11	PST050	650	650	11	hanno::.	hanno	_	_	_	_	_	linguistic	_	none	Intonation=Falling	End=1573.042	4x2	_	_	_
651-0	PST050	651	651	0	però	però	_	_	_	_	_	linguistic	_	none	_	Begin=1573.847	_	_	_	_
651-1	PST050	651	651	1	se	se	_	_	_	_	_	linguistic	_	none	_	_	_	_	_	_
651-2	PST050	651	651	2	c'	c'	_	_	_	_	_	linguistic	_	none	SpaceAfter=No	_	_	_	_	_
651-3	PST050	651	651	3	è:	è	_	_	_	_	_	linguistic	_	none	_	_	0x1	_	_	_
651-4	PST050	651	651	4	io:	io	_	_	_	_	_	linguistic	_	none	_	_	1x1	_	_	_
651-5	PST050	651	651	5	e::h	eh	_	_	_	_	_	linguistic	_	none	_	_	0x2	_	_	_
651-6	PST050	651	651	6	adesso	adesso	_	_	_	_	_	linguistic	_	none	_	_	_	_	_	_
651-7	PST050	651	651	7	che	che	_	_	_	_	_	linguistic	_	none	_	_	_	_	_	_
651-8	PST050	651	651	8	se	se	_	_	_	_	_	linguistic	_	none	_	_	_	_	_	_
651-9	PST050	651	651	9	mi	mi	_	_	_	_	_	linguistic	_	none	_	_	_	_	_	_
651-10	PST050	651	651	10	dicono	dicono	_	_	_	_	_	linguistic	_	none	_	_	_	_	_	_
651-11	PST050	651	651	11	che	che	_	_	_	_	_	linguistic	_	none	_	_	_	_	_	_
651-12	PST050	651	651	12	dev~	dev~	_	_	_	_	_	linguistic	_	none	Interrupted=Yes	_	_	_	_	_
651-13	PST050	651	651	13	io:	io	_	_	_	_	_	linguistic	_	none	PauseAfter=Yes	_	1x1	_	_	_
651-14	PST050	651	651	14	(.)	(.)	_	_	_	_	_	shortpause	_	none	_	_	_	_	_	_
651-15	PST050	651	651	15	non	non	_	_	_	_	_	linguistic	_	none	_	_	_	_	_	_
651-16	PST050	651	651	16	sono	sono	_	_	_	_	_	linguistic	_	none	_	_	_	_	_	_
651-17	PST050	651	651	17	obbligata	obbligata	_	_	_	_	_	linguistic	_	none	_	_	_	_	_	_
651-18	PST050	651	651	18	il	il	_	_	_	_	_	linguistic	_	none	_	_	_	_	_	_
651-19	PST050	651	651	19	mio	mio	_	_	_	_	_	linguistic	_	none	_	_	_	_	_	_
651-20	PST050	651	651	20	bambino	bambino	_	_	_	_	_	linguistic	_	none	_	_	_	_	_	_
651-21	PST050	651	651	21	non	non	_	_	_	_	_	linguistic	_	none	_	_	_	_	_	_
651-22	PST050	651	651	22	ha	ha	_	_	_	_	_	linguistic	_	none	_	_	_	_	_	_
651-23	PST050	651	651	23	problemi,	problemi	_	_	_	_	_	linguistic	_	none	Intonation=WeaklyRising	End=1580.563	_	_	_	_
652-0	PST050	652	652	0	come	come	_	_	_	_	_	linguistic	_	none	_	Begin=1580.969	_	_	_	_
652-1	PST050	652	652	1	vi	vi	_	_	_	_	_	linguistic	_	none	_	_	_	_	_	_
652-2	PST050	652	652	2	occupate	occupate	_	_	_	_	_	linguistic	_	none	_	_	_	_	_	_
652-3	PST050	652	652	3	dei	dei	_	_	_	_	_	linguistic	_	none	_	_	_	_	_	_
652-4	PST050	652	652	4	altri	altri	_	_	_	_	_	linguistic	_	none	_	_	_	_	_	_
652-5	PST050	652	652	5	bambini	bambini	_	_	_	_	_	linguistic	_	none	_	_	_	_	_	_
652-6	PST050	652	652	6	anche	anche	_	_	_	_	_	linguistic	_	none	_	_	_	_	_	_
652-7	PST050	652	652	7	voi	voi	_	_	_	_	_	linguistic	_	none	_	_	_	_	_	_
652-8	PST050	652	652	8	vi	vi	_	_	_	_	_	linguistic	_	none	_	_	_	_	_	_
652-9	PST050	652	652	9	$det~	det~	_	_	_	_	_	linguistic	_	none	Interrupted=Yes|Orthography=Yes|Variation=Emerging	_	_	_	_	_
652-10	PST050	652	652	10	vi::	vi	_	_	_	_	_	linguistic	_	none	_	_	1x2	_	_	_
652-11	PST050	652	652	11	dovet~	dovet~	_	_	_	_	_	linguistic	_	none	Interrupted=Yes	_	_	_	_	_
652-12	PST050	652	652	12	a:nche	anche	_	_	_	_	_	linguistic	_	none	_	_	0x1	_	_	_
652-13	PST050	652	652	13	se	se	_	_	_	_	_	linguistic	_	none	_	_	_	_	_	_
652-14	PST050	652	652	14	un	un	_	_	_	_	_	linguistic	_	none	_	_	_	_	_	_
652-15	PST050	652	652	15	po'	po'	_	_	_	_	_	linguistic	_	none	_	_	_	_	_	_
652-16	PST050	652	652	16	più	più	_	_	_	_	_	linguistic	_	none	_	_	_	_	_	_
652-17	PST050	652	652	17	lenti	lenti	_	_	_	_	_	linguistic	_	none	_	_	_	_	_	_
652-18	PST050	652	652	18	prendete	prendete	_	_	_	_	_	linguistic	_	none	_	_	_	_	_	_
652-19	PST050	652	652	19	i	i	_	_	_	_	_	linguistic	_	none	_	_	_	_	_	_
652-20	PST050	652	652	20	bambini	bambini	_	_	_	_	_	linguistic	_	none	_	_	_	_	_	_
652-21	PST050	652	652	21	che	che	_	_	_	_	_	linguistic	_	none	_	_	_	_	_	_
652-22	PST050	652	652	22	sono	sono	_	_	_	_	_	linguistic	_	none	_	_	_	_	_	_
652-23	PST050	652	652	23	un	un	_	_	_	_	_	linguistic	_	none	_	_	_	_	_	_
652-24	PST050	652	652	24	po'	po'	_	_	_	_	_	linguistic	_	none	_	_	_	_	_	_
652-25	PST050	652	652	25	più	più	_	_	_	_	_	linguistic	_	none	_	_	_	_	_	_
652-26	PST050	652	652	26	lenti:	lenti	_	_	_	_	_	linguistic	_	none	PauseAfter=Yes	_	4x1	_	_	_
652-27	PST050	652	652	27	(.)	(.)	_	_	_	_	_	shortpause	_	none	_	_	_	_	_	_
652-28	PST050	652	652	28	e	e	_	_	_	_	_	linguistic	_	none	_	_	_	_	_	_
652-29	PST050	652	652	29	quelli	quelli	_	_	_	_	_	linguistic	_	none	_	_	_	_	_	_
652-30	PST050	652	652	30	che	che	_	_	_	_	_	linguistic	_	none	_	_	_	_	_	_
652-31	PST050	652	652	31	sono	sono	_	_	_	_	_	linguistic	_	none	_	_	_	_	_	_
652-32	PST050	652	652	32	un	un	_	_	_	_	_	linguistic	_	none	_	_	_	_	_	_
652-33	PST050	652	652	33	po'	po'	_	_	_	_	_	linguistic	_	none	_	_	_	_	_	_
652-34	PST050	652	652	34	più.	più	_	_	_	_	_	linguistic	_	none	Intonation=Falling	End=1590.142	_	_	_	_
653-0	PST050	653	653	0	no:	no	_	_	_	_	_	linguistic	_	none	_	Begin=1590.79	1x1	_	_	_
653-1	PST050	653	653	1	uno	uno	_	_	_	_	_	linguistic	_	none	_	_	_	_	_	_
653-2	PST050	653	653	2	per	per	_	_	_	_	_	linguistic	_	none	_	_	_	_	_	_
653-3	PST050	653	653	3	uno	uno	_	_	_	_	_	linguistic	_	none	_	_	_	_	_	_
653-4	PST050	653	653	4	non	non	_	_	_	_	_	linguistic	_	none	_	_	_	_	_	_
653-5	PST050	653	653	5	tutti,	tutti	_	_	_	_	_	linguistic	_	none	Intonation=WeaklyRising	End=1592.733	_	_	_	_
654-0	PST212	654	654	0	beh:	beh	_	_	_	_	_	linguistic	_	none	_	Begin=1593.333	2x1	_	_	_
654-1	PST212	654	654	1	sì:	sì	_	_	_	_	_	linguistic	_	none	_	_	1x1	_	_	_
654-2	PST212	654	654	2	è	è	_	_	_	_	_	linguistic	_	none	_	_	_	_	_	_
654-3	PST212	654	654	3	impossibile	impossibile	_	_	_	_	_	linguistic	_	none	_	_	_	_	_	_
654-4	PST212	654	654	4	che	che	_	_	_	_	_	linguistic	_	none	_	_	_	_	_	_
654-5	PST212	654	654	5	siano	siano	_	_	_	_	_	linguistic	_	none	_	_	_	_	_	_
654-6	PST212	654	654	6	tutti:	tutti	_	_	_	_	_	linguistic	_	none	_	_	4x1	_	_	_
654-7	PST212	654	654	7	uguali	uguali	_	_	_	_	_	linguistic	_	none	_	_	_	_	_	_
654-8	PST212	654	654	8	che:[:	che	_	_	_	_	_	linguistic	_	none	_	_	2x2	_	_	_
654-9	PST212	654	654	9	vadano]	vadano	_	_	_	_	_	linguistic	_	none	_	_	_	_	_	0-6(134)
654-10	PST212	654	654	10	tutti	tutti	_	_	_	_	_	linguistic	_	none	_	_	_	_	_	_
654-11	PST212	654	654	11	alla	alla	_	_	_	_	_	linguistic	_	none	_	_	_	_	_	_
654-12	PST212	654	654	12	stessa	stessa	_	_	_	_	_	linguistic	_	none	_	_	_	_	_	_
654-13	PST212	654	654	13	velocità:,	velocità	_	_	_	_	_	linguistic	_	none	Intonation=WeaklyRising	End=1598.355	7x1	_	_	_
655-0	PST050	655	655	0	[e::	e	_	_	_	_	_	linguistic	_	none	_	Begin=1596.247	0x2	_	_	0-1(134)
655-1	PST050	655	655	1	no::],	no	_	_	_	_	_	linguistic	_	none	Intonation=WeaklyRising	End=1597.097	1x2	_	_	0-2(134)
656-0	PST050	656	656	0	sì:	sì	_	_	_	_	_	linguistic	_	none	_	Begin=1598.355	1x1	_	_	_
656-1	PST050	656	656	1	non	non	_	_	_	_	_	linguistic	_	none	_	_	_	_	_	_
656-2	PST050	656	656	2	lo	lo	_	_	_	_	_	linguistic	_	none	_	_	_	_	_	_
656-3	PST050	656	656	3	so:	so	_	_	_	_	_	linguistic	_	none	_	_	1x1	_	_	_
656-4	PST050	656	656	4	no::	no	_	_	_	_	_	linguistic	_	none	_	_	1x2	_	_	_
656-5	PST050	656	656	5	boh:,	boh	_	_	_	_	_	linguistic	_	none	Intonation=WeaklyRising	End=1600.862	2x1	_	_	_
657-0	PST050	657	657	0	e	e	_	_	_	_	_	linguistic	_	none	_	Begin=1602.24	_	_	_	_
657-1	PST050	657	657	1	niente	niente	_	_	_	_	_	linguistic	_	none	_	_	_	_	_	_
657-2	PST050	657	657	2	boh:,	boh	_	_	_	_	_	linguistic	_	none	Intonation=WeaklyRising	End=1603.283	2x1	_	_	_
658-0	PST212	658	658	0	va	va	_	_	_	_	_	linguistic	_	none	_	Begin=1603.483	_	_	_	_
658-1	PST212	658	658	1	bene,	bene	_	_	_	_	_	linguistic	_	none	Intonation=WeaklyRising	End=1604.197	_	_	_	_
659-0	PST212	659	659	0	beh	beh	_	_	_	_	_	linguistic	_	none	_	Begin=1606.269	_	_	_	_
659-1	PST212	659	659	1	[gra:zie],	grazie	_	_	_	_	_	linguistic	_	none	Intonation=WeaklyRising	End=1607.391	2x1	_	_	0-6(135)
660-0	PST050	660	660	0	[volevo	volevo	_	_	_	_	_	linguistic	_	none	_	Begin=1606.419	_	_	_	0-6(135)
660-1	PST050	660	660	1	dirvi],	dirvi	_	_	_	_	_	linguistic	_	none	Intonation=WeaklyRising	End=1607.388	_	_	_	0-5(135)
661-0	PST212	661	661	0	no[:	no	_	_	_	_	_	linguistic	_	none	_	Begin=1607.49	1x1	_	_	_
661-1	PST212	661	661	1	c(io)è	cioè	_	_	_	_	_	linguistic	_	none	Reduced=Yes	_	_	_	_	_
661-2	PST212	661	661	2	se	se	_	_	_	_	_	linguistic	_	none	_	_	_	_	_	_
661-3	PST212	661	661	3	hai]	hai	_	_	_	_	_	linguistic	_	none	_	_	_	_	_	_
661-4	PST212	661	661	4	se	se	_	_	_	_	_	linguistic	_	none	_	_	_	_	_	_
661-5	PST212	661	661	5	hai	hai	_	_	_	_	_	linguistic	_	none	_	_	_	_	_	_
661-6	PST212	661	661	6	ancora	ancora	_	_	_	_	_	linguistic	_	none	PauseAfter=Yes	_	_	_	_	_
661-7	PST212	661	661	7	(.)	(.)	_	_	_	_	_	shortpause	_	none	_	_	_	_	_	_
661-8	PST212	661	661	8	d~	d~	_	_	_	_	_	linguistic	_	none	Interrupted=Yes	_	_	_	_	_
661-9	PST212	661	661	9	due	due	_	_	_	_	_	linguistic	_	none	_	_	_	_	_	_
661-10	PST212	661	661	10	minuti	minuti	_	_	_	_	_	linguistic	_	none	_	_	_	_	_	_
661-11	PST212	661	661	11	massimo	massimo	_	_	_	_	_	linguistic	_	none	_	_	_	_	_	_
661-12	PST212	661	661	12	ma:	ma	_	_	_	_	_	linguistic	_	none	_	_	1x1	_	_	_
661-13	PST212	661	661	13	non	non	_	_	_	_	_	linguistic	_	none	_	_	_	_	_	_
661-14	PST212	661	661	14	preoccuparti	preoccuparti	_	_	_	_	_	linguistic	_	none	PauseAfter=Yes	_	_	_	_	_
661-15	PST212	661	661	15	(.)	(.)	_	_	_	_	_	shortpause	_	none	_	_	_	_	_	_
661-16	PST212	661	661	16	(meglio)].	meglio	_	_	_	_	_	linguistic	_	none	Intonation=Falling	End=1613.562	_	_	0-6(0)	_
662-0	PST050	662	662	0	[qualche	qualche	_	_	_	_	_	linguistic	_	none	_	Begin=1607.626	_	_	_	0-7(136)
662-1	PST050	662	662	1	domanda,]	domanda	_	_	_	_	_	linguistic	_	none	Intonation=WeaklyRising	_	_	_	_	0-7(136)
662-2	PST050	662	662	2	((ridendo))	((ridendo))	_	_	_	_	_	nonverbalbehavior	_	none	_	End=1608.583	_	_	_	_
663-0	PST050	663	663	0	[due	due	_	_	_	_	_	linguistic	_	none	_	Begin=1610.426	_	_	_	0-3(137)
663-1	PST050	663	663	1	minuti	minuti	_	_	_	_	_	linguistic	_	none	_	_	_	_	_	0-6(137)
663-2	PST050	663	663	2	per	per	_	_	_	_	_	linguistic	_	none	PauseAfter=Yes	_	_	_	_	0-3(137)
663-3	PST050	663	663	3	(.)	(.)	_	_	_	_	_	shortpause	_	none	_	_	_	_	_	_
663-4	PST050	663	663	4	sicura:]?	sicura	_	_	_	_	_	linguistic	_	none	Intonation=Rising	End=1613.562	5x1	_	_	0-6(137)
664-0	PST212	664	664	0	[come	come	_	_	_	_	_	linguistic	_	none	_	Begin=1613.569	_	_	_	0-4(?)
664-1	PST212	664	664	1	vuole]	vuole	_	_	_	_	_	linguistic	_	none	_	_	_	_	_	0-5(?)
664-2	PST212	664	664	2	((ride))	((ride))	_	_	_	_	_	nonverbalbehavior	_	none	_	End=1615.397	_	_	_	_
665-0	PST050	665	665	0	((ride))	((ride))	_	_	_	_	_	nonverbalbehavior	_	none	_	Begin=1614.126|End=1614.933	_	_	_	_
666-0	PST050	666	666	0	perché	perché	_	_	_	_	_	linguistic	_	none	_	Begin=1615.54	_	_	_	_
666-1	PST050	666	666	1	devo::	devo	_	_	_	_	_	linguistic	_	none	_	_	3x2	_	_	_
666-2	PST050	666	666	2	c(io)è:	cioè	_	_	_	_	_	linguistic	_	none	Reduced=Yes	_	3x1	_	_	_
666-3	PST050	666	666	3	ho	ho	_	_	_	_	_	linguistic	_	none	_	_	_	_	_	_
666-4	PST050	666	666	4	lasciato	lasciato	_	_	_	_	_	linguistic	_	none	_	_	_	_	_	_
666-5	PST050	666	666	5	il	il	_	_	_	_	_	linguistic	_	none	_	_	_	_	_	_
666-6	PST050	666	666	6	no:nno	nonno	_	_	_	_	_	linguistic	_	none	_	_	1x1	_	_	_
666-7	PST050	666	666	7	e[:h],	eh	_	_	_	_	_	linguistic	_	none	Intonation=WeaklyRising	End=1617.824	0x1	_	_	1-2(152)
667-0	PST213	667	667	0	[vai	vai	_	_	_	_	_	linguistic	_	none	_	Begin=1617.505	_	_	_	0-3(152)
667-1	PST213	667	667	1	vai],	vai	_	_	_	_	_	linguistic	_	none	Intonation=WeaklyRising	End=1618.247	_	_	_	0-3(152)
668-0	PST212	668	668	0	[okay	okay	_	_	_	_	_	linguistic	_	none	_	Begin=1617.812	_	_	_	0-4(138)
668-1	PST212	668	668	1	allora	allora	_	_	_	_	_	linguistic	_	none	_	_	_	_	_	0-6(138)
668-2	PST212	668	668	2	s]toppiamo	stoppiamo	_	_	_	_	_	linguistic	_	none	_	_	_	_	_	0-1(138)
668-3	PST212	668	668	3	qua:,	qua	_	_	_	_	_	linguistic	_	none	Intonation=WeaklyRising	End=1619.989	2x1	_	_	_
669-0	PST050	669	669	0	[sicura]?	sicura	_	_	_	_	_	linguistic	_	none	Intonation=Rising	Begin=1618.262|End=1618.897	_	_	_	0-6(138)
670-0	PST213	670	670	0	ti	ti	_	_	_	_	_	linguistic	_	none	_	Begin=1619.99	_	_	_	_
670-1	PST213	670	670	1	ringraziamo	ringraziamo	_	_	_	_	_	linguistic	_	none	_	End=1620.749	_	_	_	_
