token_id	speaker	tu_id	unit	id	span	form	lemma	upos	xpos	feats	deprel	type	meta_label	variation	jefferson_feats	align	prolongations	pace	guesses	overlaps
0-0	PST211	0	0	0	perfetto	perfetto	_	_	_	_	_	linguistic	_	none	_	Begin=1.4	_	_	_	_
0-1	PST211	0	0	1	ciao	ciao	_	_	_	_	_	linguistic	_	none	_	_	_	_	_	_
0-2	PST211	0	0	2	@elisabetta	@elisabetta	_	_	_	_	_	anonymized	_	none	_	End=2.988	_	_	_	_
1-0	PST059	1	1	0	ciao	ciao	_	_	_	_	_	linguistic	_	none	_	Begin=3.38|End=3.92	_	_	_	_
2-0	PST211	2	2	0	ci	ci	_	_	_	_	_	linguistic	_	none	_	Begin=3.92	_	_	_	_
2-1	PST211	2	2	1	dicevi	dicevi	_	_	_	_	_	linguistic	_	none	_	_	_	_	_	_
2-2	PST211	2	2	2	tu	tu	_	_	_	_	_	linguistic	_	none	_	_	_	_	_	_
2-3	PST211	2	2	3	sei	sei	_	_	_	_	_	linguistic	_	none	_	_	_	_	_	_
2-4	PST211	2	2	4	arrivata	arrivata	_	_	_	_	_	linguistic	_	none	_	_	_	_	_	_
2-5	PST211	2	2	5	a	a	_	_	_	_	_	linguistic	_	none	_	_	_	_	_	_
2-6	PST211	2	2	6	napoli	napoli	_	_	_	_	_	linguistic	_	none	_	_	_	_	_	_
2-7	PST211	2	2	7	pri[ma	prima	_	_	_	_	_	linguistic	_	none	_	_	_	_	_	3-5(0)
2-8	PST211	2	2	8	di]	di	_	_	_	_	_	linguistic	_	none	_	_	_	_	_	0-2(0)
2-9	PST211	2	2	9	arrivare	arrivare	_	_	_	_	_	linguistic	_	none	_	_	_	_	_	_
2-10	PST211	2	2	10	a	a	_	_	_	_	_	linguistic	_	none	_	_	_	_	_	_
2-11	PST211	2	2	11	torino	torino	_	_	_	_	_	linguistic	_	none	_	_	_	_	_	_
2-12	PST211	2	2	12	in	in	_	_	_	_	_	linguistic	_	none	_	_	_	_	_	_
2-13	PST211	2	2	13	che	che	_	_	_	_	_	linguistic	_	none	_	_	_	_	_	_
2-14	PST211	2	2	14	anno?	anno	_	_	_	_	_	linguistic	_	none	Intonation=Rising	End=7.458	_	_	_	_
3-0	PST059	3	3	0	[sì]	sì	_	_	_	_	_	linguistic	_	none	_	Begin=5.79|End=6.13	_	_	_	0-2(0)
4-0	PST059	4	4	0	duemila	duemila	_	_	_	_	_	linguistic	_	none	_	Begin=7.97	_	_	_	_
4-1	PST059	4	4	1	e	e	_	_	_	_	_	linguistic	_	none	_	_	_	_	_	_
4-2	PST059	4	4	2	quattro	quattro	_	_	_	_	_	linguistic	_	none	_	End=9.19	_	_	_	_
5-0	PST211	5	5	0	ah	ah	_	_	_	_	_	linguistic	_	none	_	Begin=9.27	_	_	_	_
5-1	PST211	5	5	1	okay	okay	_	_	_	_	_	linguistic	_	none	_	_	_	_	_	_
5-2	PST211	5	5	2	quindi	quindi	_	_	_	_	_	linguistic	_	none	_	_	_	_	_	_
5-3	PST211	5	5	3	sei	sei	_	_	_	_	_	linguistic	_	none	_	_	_	_	_	_
5-4	PST211	5	5	4	qui	qui	_	_	_	_	_	linguistic	_	none	_	_	_	_	_	_
5-5	PST211	5	5	5	da	da	_	_	_	_	_	linguistic	_	none	_	_	_	_	_	_
5-6	PST211	5	5	6	vent'	vent'	_	_	_	_	_	linguistic	_	none	SpaceAfter=No	_	_	_	_	_
5-7	PST211	5	5	7	anni	anni	_	_	_	_	_	linguistic	_	none	_	End=11.1	_	_	_	_
6-0	PST059	6	6	0	eh	eh	_	_	_	_	_	linguistic	_	none	_	Begin=11.15	_	_	_	_
6-1	PST059	6	6	1	una	una	_	_	_	_	_	linguistic	_	none	_	_	_	_	_	_
6-2	PST059	6	6	2	[vita	vita	_	_	_	_	_	linguistic	_	none	_	_	_	_	_	0-4(1)
6-3	PST059	6	6	3	(.)]	.	_	_	_	_	_	error	_	none	_	_	_	_	_	_
6-4	PST059	6	6	4	((ride))	((ride))	_	_	_	_	_	nonverbalbehavior	_	none	_	End=14.08	_	_	_	_
7-0	PST211	7	7	0	[e::	e	_	_	_	_	_	linguistic	_	none	_	Begin=11.81	0x2	_	_	0-1(1)
7-1	PST211	7	7	1	ci	ci	_	_	_	_	_	linguistic	_	none	_	_	_	_	_	0-2(1)
7-2	PST211	7	7	2	racconti	racconti	_	_	_	_	_	linguistic	_	none	_	_	_	_	_	0-8(1)
7-3	PST211	7	7	3	un	un	_	_	_	_	_	linguistic	_	none	_	_	_	_	_	0-2(1)
7-4	PST211	7	7	4	po'	po'	_	_	_	_	_	linguistic	_	none	_	_	_	_	_	0-3(1)
7-5	PST211	7	7	5	com'	com'	_	_	_	_	_	linguistic	_	none	SpaceAfter=No	_	_	_	_	0-4(1)
7-6	PST211	7	7	6	è	è	_	_	_	_	_	linguistic	_	none	_	_	_	_	_	0-1(1)
7-7	PST211	7	7	7	andata]?	andata	_	_	_	_	_	linguistic	_	none	Intonation=Rising	End=14.09	_	_	_	0-6(1)
8-0	PST211	8	8	0	cosa:	cosa	_	_	_	_	_	linguistic	_	none	_	Begin=14.25|End=15.11	3x1	_	_	_
9-0	PST059	9	9	0	eh	eh	_	_	_	_	_	linguistic	_	none	_	Begin=15.11	_	_	_	_
9-1	PST059	9	9	1	eh	eh	_	_	_	_	_	linguistic	_	none	_	_	_	_	_	_
9-2	PST059	9	9	2	com'	com'	_	_	_	_	_	linguistic	_	none	SpaceAfter=No	_	_	_	_	_
9-3	PST059	9	9	3	è	è	_	_	_	_	_	linguistic	_	none	_	_	_	_	_	_
9-4	PST059	9	9	4	andata	andata	_	_	_	_	_	linguistic	_	none	_	_	_	_	_	_
9-5	PST059	9	9	5	sono	sono	_	_	_	_	_	linguistic	_	none	_	_	_	_	_	_
9-6	PST059	9	9	6	venuta	venuta	_	_	_	_	_	linguistic	_	none	_	_	_	_	_	_
9-7	PST059	9	9	7	al	al	_	_	_	_	_	linguistic	_	none	_	_	_	_	_	_
9-8	PST059	9	9	8	lavoro	lavoro	_	_	_	_	_	linguistic	_	none	_	End=17.3	_	_	_	_
10-0	PST211	10	10	0	ah	ah	_	_	_	_	_	linguistic	_	none	_	Begin=17.71	_	_	_	_
10-1	PST211	10	10	1	ah	ah	_	_	_	_	_	linguistic	_	none	_	End=18.37	_	_	_	_
11-0	PST059	11	11	0	c'	c'	_	_	_	_	_	linguistic	_	none	SpaceAfter=No	Begin=18.79	_	_	_	_
11-1	PST059	11	11	1	era	era	_	_	_	_	_	linguistic	_	none	_	_	_	_	_	_
11-2	PST059	11	11	2	persone	persone	_	_	_	_	_	linguistic	_	none	_	_	_	_	_	_
11-3	PST059	11	11	3	che	che	_	_	_	_	_	linguistic	_	none	_	_	_	_	_	_
11-4	PST059	11	11	4	portavano	portavano	_	_	_	_	_	linguistic	_	none	_	_	_	_	_	_
11-5	PST059	11	11	5	lavoro	lavoro	_	_	_	_	_	linguistic	_	none	_	_	_	_	_	_
11-6	PST059	11	11	6	e	e	_	_	_	_	_	linguistic	_	none	_	_	_	_	_	_
11-7	PST059	11	11	7	così:	così	_	_	_	_	_	linguistic	_	none	_	_	3x1	_	_	_
11-8	PST059	11	11	8	mi	mi	_	_	_	_	_	linguistic	_	none	_	_	_	_	_	_
11-9	PST059	11	11	9	hanno	hanno	_	_	_	_	_	linguistic	_	none	_	_	_	_	_	_
11-10	PST059	11	11	10	trovato	trovato	_	_	_	_	_	linguistic	_	none	_	_	_	_	_	_
11-11	PST059	11	11	11	lavoro	lavoro	_	_	_	_	_	linguistic	_	none	_	End=23.03	_	_	_	_
12-0	PST059	12	12	0	e:[:h]	eh	_	_	_	_	_	linguistic	_	none	_	Begin=24.575|End=25.525	0x2	_	_	1-2(2)
13-0	PST212	13	13	0	[a	a	_	_	_	_	_	linguistic	_	none	_	Begin=24.88	_	_	_	0-1(2)
13-1	PST212	13	13	1	napoli]	napoli	_	_	_	_	_	linguistic	_	none	_	End=25.525	_	_	_	0-6(2)
14-0	PST059	14	14	0	sì	sì	_	_	_	_	_	linguistic	_	none	_	Begin=25.615|End=26.075	_	_	_	_
15-0	PST212	15	15	0	e	e	_	_	_	_	_	linguistic	_	none	_	Begin=27.2	_	_	_	_
15-1	PST212	15	15	1	che	che	_	_	_	_	_	linguistic	_	none	_	_	_	_	_	_
15-2	PST212	15	15	2	lavoro	lavoro	_	_	_	_	_	linguistic	_	none	_	_	_	_	_	_
15-3	PST212	15	15	3	era,	era	_	_	_	_	_	linguistic	_	none	Intonation=WeaklyRising	End=28.27	_	_	_	_
16-0	PST059	16	16	0	e::h	eh	_	_	_	_	_	linguistic	_	none	_	Begin=28.4	0x2	_	_	_
16-1	PST059	16	16	1	dovevo	dovevo	_	_	_	_	_	linguistic	_	none	_	_	_	_	_	_
16-2	PST059	16	16	2	stare	stare	_	_	_	_	_	linguistic	_	none	_	_	_	_	_	_
16-3	PST059	16	16	3	a	a	_	_	_	_	_	linguistic	_	none	_	_	_	_	_	_
16-4	PST059	16	16	4	fare	fare	_	_	_	_	_	linguistic	_	none	_	_	_	_	_	_
16-5	PST059	16	16	5	babysitter	babysitter	_	_	_	_	_	linguistic	_	none	_	_	_	_	_	_
16-6	PST059	16	16	6	a	a	_	_	_	_	_	linguistic	_	none	_	_	_	_	_	_
16-7	PST059	16	16	7	due:	due	_	_	_	_	_	linguistic	_	none	_	_	2x1	_	_	_
16-8	PST059	16	16	8	bambini	bambini	_	_	_	_	_	linguistic	_	none	_	End=31.3	_	_	_	_
17-0	PST059	17	17	0	solo	solo	_	_	_	_	_	linguistic	_	none	_	Begin=31.775	_	_	_	_
17-1	PST059	17	17	1	che	che	_	_	_	_	_	linguistic	_	none	_	_	_	_	_	_
17-2	PST059	17	17	2	all'	all'	_	_	_	_	_	linguistic	_	none	SpaceAfter=No	_	_	_	_	_
17-3	PST059	17	17	3	inizio	inizio	_	_	_	_	_	linguistic	_	none	_	_	_	_	_	_
17-4	PST059	17	17	4	non	non	_	_	_	_	_	linguistic	_	none	_	_	_	_	_	_
17-5	PST059	17	17	5	conosci	conosci	_	_	_	_	_	linguistic	_	none	_	_	_	_	_	_
17-6	PST059	17	17	6	la	la	_	_	_	_	_	linguistic	_	none	_	_	_	_	_	_
17-7	PST059	17	17	7	li:ngua	lingua	_	_	_	_	_	linguistic	_	none	_	_	1x1	_	_	_
17-8	PST059	17	17	8	no:	no	_	_	_	_	_	linguistic	_	none	_	_	1x1	_	_	_
17-9	PST059	17	17	9	sai	sai	_	_	_	_	_	linguistic	_	none	_	_	_	_	_	_
17-10	PST059	17	17	10	com'	com'	_	_	_	_	_	linguistic	_	none	SpaceAfter=No	_	_	_	_	_
17-11	PST059	17	17	11	è:	è	_	_	_	_	_	linguistic	_	none	_	_	0x1	_	_	_
17-12	PST059	17	17	12	ti	ti	_	_	_	_	_	linguistic	_	none	_	_	_	_	_	_
17-13	PST059	17	17	13	prendono	prendono	_	_	_	_	_	linguistic	_	none	_	_	_	_	_	_
17-14	PST059	17	17	14	in	in	_	_	_	_	_	linguistic	_	none	_	_	_	_	_	_
17-15	PST059	17	17	15	giro:	giro	_	_	_	_	_	linguistic	_	none	_	End=36.47	3x1	_	_	_
18-0	PST211	18	18	0	mh	mh	_	_	_	_	_	linguistic	_	none	_	Begin=36.47|End=36.79	_	_	_	_
19-0	PST059	19	19	0	i	i	_	_	_	_	_	linguistic	_	none	_	Begin=36.65	_	_	_	_
19-1	PST059	19	19	1	ragazzini	ragazzini	_	_	_	_	_	linguistic	_	none	_	_	_	_	_	_
19-2	PST059	19	19	2	sono	sono	_	_	_	_	_	linguistic	_	none	_	_	_	_	_	_
19-3	PST059	19	19	3	un	un	_	_	_	_	_	linguistic	_	none	_	_	_	_	_	_
19-4	PST059	19	19	4	po':	po'	_	_	_	_	_	linguistic	_	none	_	End=38.03	1x1	_	_	_
20-0	PST059	20	20	0	poi	poi	_	_	_	_	_	linguistic	_	none	_	Begin=39.64	_	_	_	_
20-1	PST059	20	20	1	sono	sono	_	_	_	_	_	linguistic	_	none	_	_	_	_	_	_
20-2	PST059	20	20	2	venuta	venuta	_	_	_	_	_	linguistic	_	none	_	_	_	_	_	_
20-3	PST059	20	20	3	qua	qua	_	_	_	_	_	linguistic	_	none	_	_	_	_	_	_
20-4	PST059	20	20	4	da	da	_	_	_	_	_	linguistic	_	none	_	_	_	_	_	_
20-5	PST059	20	20	5	mio	mio	_	_	_	_	_	linguistic	_	none	_	_	_	_	_	_
20-6	PST059	20	20	6	zio:,	zio	_	_	_	_	_	linguistic	_	none	Intonation=WeaklyRising	End=41.39	2x1	_	_	_
21-0	PST059	21	21	0	a	a	_	_	_	_	_	linguistic	_	none	_	Begin=42.32	_	_	_	_
21-1	PST059	21	21	1	torino	torino	_	_	_	_	_	linguistic	_	none	_	_	_	_	_	_
21-2	PST059	21	21	2	dopo	dopo	_	_	_	_	_	linguistic	_	none	_	_	_	_	_	_
21-3	PST059	21	21	3	tre	tre	_	_	_	_	_	linguistic	_	none	_	_	_	_	_	_
21-4	PST059	21	21	4	mesi,	mesi	_	_	_	_	_	linguistic	_	none	Intonation=WeaklyRising	End=44.1	_	_	_	_
22-0	PST059	22	22	0	che	che	_	_	_	_	_	linguistic	_	none	_	Begin=44.97	_	_	_	_
22-1	PST059	22	22	1	qua	qua	_	_	_	_	_	linguistic	_	none	_	_	_	_	_	_
22-2	PST059	22	22	2	avevo	avevo	_	_	_	_	_	linguistic	_	none	_	_	_	_	_	_
22-3	PST059	22	22	3	tutti	tutti	_	_	_	_	_	linguistic	_	none	_	_	_	_	_	_
22-4	PST059	22	22	4	i	i	_	_	_	_	_	linguistic	_	none	_	_	_	_	_	_
22-5	PST059	22	22	5	parenti	parenti	_	_	_	_	_	linguistic	_	none	_	_	_	_	_	_
22-6	PST059	22	22	6	mi	mi	_	_	_	_	_	linguistic	_	none	_	_	_	_	_	_
22-7	PST059	22	22	7	hanno	hanno	_	_	_	_	_	linguistic	_	none	_	_	_	_	_	_
22-8	PST059	22	22	8	detto	detto	_	_	_	_	_	linguistic	_	none	_	_	_	_	_	_
22-9	PST059	22	22	9	di	di	_	_	_	_	_	linguistic	_	none	_	_	_	_	_	_
22-10	PST059	22	22	10	venire	venire	_	_	_	_	_	linguistic	_	none	_	_	_	_	_	_
22-11	PST059	22	22	11	qua	qua	_	_	_	_	_	linguistic	_	none	_	_	_	_	_	_
22-12	PST059	22	22	12	e	e	_	_	_	_	_	linguistic	_	none	_	_	_	_	_	_
22-13	PST059	22	22	13	così:	così	_	_	_	_	_	linguistic	_	none	_	_	3x1	_	_	_
22-14	PST059	22	22	14	son	son	_	_	_	_	_	linguistic	_	none	_	_	_	_	_	_
22-15	PST059	22	22	15	rimasta	rimasta	_	_	_	_	_	linguistic	_	none	_	_	_	_	_	_
22-16	PST059	22	22	16	qua	qua	_	_	_	_	_	linguistic	_	none	_	End=49.348	_	_	_	_
23-0	PST211	23	23	0	ti	ti	_	_	_	_	_	linguistic	_	none	_	Begin=50.144	_	_	_	_
23-1	PST211	23	23	1	è	è	_	_	_	_	_	linguistic	_	none	_	_	_	_	_	_
23-2	PST211	23	23	2	piaciuta	piaciuta	_	_	_	_	_	linguistic	_	none	_	_	_	_	_	_
23-3	PST211	23	23	3	di	di	_	_	_	_	_	linguistic	_	none	_	_	_	_	_	_
23-4	PST211	23	23	4	più	più	_	_	_	_	_	linguistic	_	none	_	_	_	_	_	_
23-5	PST211	23	23	5	torino	torino	_	_	_	_	_	linguistic	_	none	_	_	_	_	_	_
23-6	PST211	23	23	6	rispetto	rispetto	_	_	_	_	_	linguistic	_	none	_	_	_	_	_	_
23-7	PST211	23	23	7	a	a	_	_	_	_	_	linguistic	_	none	_	_	_	_	_	_
23-8	PST211	23	23	8	na[poli]	napoli	_	_	_	_	_	linguistic	_	none	PauseAfter=Yes	_	_	_	_	2-6(4)
23-9	PST211	23	23	9	(.)	(.)	_	_	_	_	_	shortpause	_	none	_	_	_	_	_	_
23-10	PST211	23	23	10	com'	com'	_	_	_	_	_	linguistic	_	none	SpaceAfter=No	_	_	_	_	_
23-11	PST211	23	23	11	era	era	_	_	_	_	_	linguistic	_	none	_	_	_	_	_	_
23-12	PST211	23	23	12	napoli?	napoli	_	_	_	_	_	linguistic	_	none	Intonation=Rising	End=53.66	_	_	_	_
24-0	PST059	24	24	0	[sì]	sì	_	_	_	_	_	linguistic	_	none	_	Begin=52.067|End=52.557	_	_	_	0-2(4)
25-0	PST211	25	25	0	come	come	_	_	_	_	_	linguistic	_	none	_	Begin=53.84	_	_	_	_
25-1	PST211	25	25	1	[città	città	_	_	_	_	_	linguistic	_	none	_	_	_	_	_	0-5(5)
25-2	PST211	25	25	2	proprio]	proprio	_	_	_	_	_	linguistic	_	none	_	End=55.34	_	_	_	0-7(5)
26-0	PST059	26	26	0	[ma:	ma	_	_	_	_	_	linguistic	_	none	_	Begin=54.195	1x1	_	_	0-2(5)
26-1	PST059	26	26	1	quello	quello	_	_	_	_	_	linguistic	_	none	_	_	_	_	_	0-6(5)
26-2	PST059	26	26	2	che	che	_	_	_	_	_	linguistic	_	none	_	_	_	_	_	0-3(5)
26-3	PST059	26	26	3	ho	ho	_	_	_	_	_	linguistic	_	none	_	_	_	_	_	0-2(5)
26-4	PST059	26	26	4	vis]to	visto	_	_	_	_	_	linguistic	_	none	_	_	_	_	_	0-3(5)
26-5	PST059	26	26	5	[io:]	io	_	_	_	_	_	linguistic	_	none	_	_	1x1	_	_	0-2(6)
26-6	PST059	26	26	6	troppo	troppo	_	_	_	_	_	linguistic	_	none	_	_	_	_	_	_
26-7	PST059	26	26	7	incasina[ta	incasinata	_	_	_	_	_	linguistic	_	none	_	_	_	_	_	8-10(7)
26-8	PST059	26	26	8	tro]ppo:	troppo	_	_	_	_	_	linguistic	_	none	_	End=58.36	5x1	_	_	0-3(7)
27-0	PST211	27	27	0	[eh]	eh	_	_	_	_	_	linguistic	_	none	_	Begin=55.63|End=56.08	_	_	_	0-2(6)
28-0	PST212	28	28	0	[mh	mh	_	_	_	_	_	linguistic	_	none	_	Begin=57.152	_	_	_	0-2(7)
28-1	PST212	28	28	1	mh]	mh	_	_	_	_	_	linguistic	_	none	_	End=57.652	_	_	_	0-2(7)
29-0	PST059	29	29	0	troppo	troppo	_	_	_	_	_	linguistic	_	none	_	Begin=58.762	_	_	_	_
29-1	PST059	29	29	1	casino	casino	_	_	_	_	_	linguistic	_	none	_	_	_	_	_	_
29-2	PST059	29	29	2	troppo:	troppo	_	_	_	_	_	linguistic	_	none	_	End=60.21	5x1	_	_	_
30-0	PST059	30	30	0	quindi:	quindi	_	_	_	_	_	linguistic	_	none	_	Begin=61.96	5x1	_	_	_
30-1	PST059	30	30	1	son	son	_	_	_	_	_	linguistic	_	none	_	_	_	_	_	_
30-2	PST059	30	30	2	stata	stata	_	_	_	_	_	linguistic	_	none	_	_	_	_	_	_
30-3	PST059	30	30	3	tre	tre	_	_	_	_	_	linguistic	_	none	_	_	_	_	_	_
30-4	PST059	30	30	4	mesi	mesi	_	_	_	_	_	linguistic	_	none	_	_	_	_	_	_
30-5	PST059	30	30	5	però:	però	_	_	_	_	_	linguistic	_	none	_	End=64.661	3x1	_	_	_
31-0	PST211	31	31	0	mh	mh	_	_	_	_	_	linguistic	_	none	_	Begin=65.96	_	_	_	_
31-1	PST211	31	31	1	mh	mh	_	_	_	_	_	linguistic	_	none	_	End=66.58	_	_	_	_
32-0	PST059	32	32	0	qua:	qua	_	_	_	_	_	linguistic	_	none	_	Begin=66.58	2x1	_	_	_
32-1	PST059	32	32	1	si	si	_	_	_	_	_	linguistic	_	none	_	_	_	_	_	_
32-2	PST059	32	32	2	sta	sta	_	_	_	_	_	linguistic	_	none	_	_	_	_	_	_
32-3	PST059	32	32	3	bene	bene	_	_	_	_	_	linguistic	_	none	_	End=67.84	_	_	_	_
33-0	PST212	33	33	0	e	e	_	_	_	_	_	linguistic	_	none	_	Begin=68.52	_	_	_	_
33-1	PST212	33	33	1	in	in	_	_	_	_	_	linguistic	_	none	_	_	_	_	_	_
33-2	PST212	33	33	2	che	che	_	_	_	_	_	linguistic	_	none	_	_	_	_	_	_
33-3	PST212	33	33	3	zona	zona	_	_	_	_	_	linguistic	_	none	_	_	_	_	_	_
33-4	PST212	33	33	4	abiti	abiti	_	_	_	_	_	linguistic	_	none	_	_	_	_	_	_
33-5	PST212	33	33	5	di	di	_	_	_	_	_	linguistic	_	none	_	_	_	_	_	_
33-6	PST212	33	33	6	torino,	torino	_	_	_	_	_	linguistic	_	none	Intonation=WeaklyRising	End=70.2	_	_	_	_
34-0	PST059	34	34	0	piazza	piazza	_	_	_	_	_	linguistic	_	none	_	Begin=70.445	_	_	_	_
34-1	PST059	34	34	1	bengasi	bengasi	_	_	_	_	_	linguistic	_	none	_	End=71.555	_	_	_	_
35-0	PST212	35	35	0	oka:y	okay	_	_	_	_	_	linguistic	_	none	_	Begin=72.012|End=72.886	2x1	_	_	_
36-0	PST211	36	36	0	quindi	quindi	_	_	_	_	_	linguistic	_	none	_	Begin=73.43	_	_	_	_
36-1	PST211	36	36	1	al	al	_	_	_	_	_	linguistic	_	none	_	_	_	_	_	_
36-2	PST211	36	36	2	capolinea	capolinea	_	_	_	_	_	linguistic	_	none	_	_	_	_	_	_
36-3	PST211	36	36	3	della	della	_	_	_	_	_	linguistic	_	none	_	_	_	_	_	_
36-4	PST211	36	36	4	metro	metro	_	_	_	_	_	linguistic	_	none	_	_	_	_	_	_
36-5	PST211	36	36	5	giusto?	giusto	_	_	_	_	_	linguistic	_	none	Intonation=Rising	End=75.28	_	_	_	_
37-0	PST059	37	37	0	sì	sì	_	_	_	_	_	linguistic	_	none	_	Begin=75.28	_	_	_	_
37-1	PST059	37	37	1	[sì]	sì	_	_	_	_	_	linguistic	_	none	_	End=75.81	_	_	_	0-2(8)
38-0	PST211	38	38	0	[mh]	mh	_	_	_	_	_	linguistic	_	none	_	Begin=75.51	_	_	_	0-2(8)
38-1	PST211	38	38	1	mh	mh	_	_	_	_	_	linguistic	_	none	_	End=75.97	_	_	_	_
39-0	PST211	39	39	0	e	e	_	_	_	_	_	linguistic	_	none	_	Begin=76.27	_	_	_	_
39-1	PST211	39	39	1	hai	hai	_	_	_	_	_	linguistic	_	none	_	_	_	_	_	_
39-2	PST211	39	39	2	abitato	abitato	_	_	_	_	_	linguistic	_	none	_	_	_	_	_	_
39-3	PST211	39	39	3	sempre	sempre	_	_	_	_	_	linguistic	_	none	_	_	_	_	_	_
39-4	PST211	39	39	4	lì	lì	_	_	_	_	_	linguistic	_	none	_	_	_	_	_	_
39-5	PST211	39	39	5	o	o	_	_	_	_	_	linguistic	_	none	_	_	_	_	_	_
39-6	PST211	39	39	6	hai	hai	_	_	_	_	_	linguistic	_	none	_	_	_	_	_	_
39-7	PST211	39	39	7	abitato	abitato	_	_	_	_	_	linguistic	_	none	_	_	_	_	_	_
39-8	PST211	39	39	8	anche	anche	_	_	_	_	_	linguistic	_	none	_	_	_	_	_	_
39-9	PST211	39	39	9	[in	in	_	_	_	_	_	linguistic	_	none	_	_	_	_	_	0-2(9)
39-10	PST211	39	39	10	altri:]	altri	_	_	_	_	_	linguistic	_	none	_	End=79.22	4x1	_	_	0-5(9)
40-0	PST059	40	40	0	[sì	sì	_	_	_	_	_	linguistic	_	none	_	Begin=78.41	_	_	_	0-2(9)
40-1	PST059	40	40	1	lì	lì	_	_	_	_	_	linguistic	_	none	_	_	_	_	_	0-2(9)
40-2	PST059	40	40	2	in	in	_	_	_	_	_	linguistic	_	none	_	_	_	_	_	0-2(9)
40-3	PST059	40	40	3	zo]na	zona	_	_	_	_	_	linguistic	_	none	_	End=79.58	_	_	_	0-2(9)
41-0	PST211	41	41	0	ah	ah	_	_	_	_	_	linguistic	_	none	_	Begin=79.58	_	_	_	_
41-1	PST211	41	41	1	ah	ah	_	_	_	_	_	linguistic	_	none	_	End=79.96	_	_	_	_
42-0	PST059	42	42	0	all'	all'	_	_	_	_	_	linguistic	_	none	SpaceAfter=No	Begin=79.8	_	_	_	_
42-1	PST059	42	42	1	inizio:	inizio	_	_	_	_	_	linguistic	_	none	_	_	5x1	_	_	_
42-2	PST059	42	42	2	corso	corso	_	_	_	_	_	linguistic	_	none	_	_	_	_	_	_
42-3	PST059	42	42	3	moncalieri	moncalieri	_	_	_	_	_	linguistic	_	none	_	_	_	_	_	_
42-4	PST059	42	42	4	piazza	piazza	_	_	_	_	_	linguistic	_	none	_	_	_	_	_	_
42-5	PST059	42	42	5	zara	zara	_	_	_	_	_	linguistic	_	none	_	End=82.694	_	_	_	_
43-0	PST059	43	43	0	poi:	poi	_	_	_	_	_	linguistic	_	none	_	Begin=83.65	2x1	_	_	_
43-1	PST059	43	43	1	qua:	qua	_	_	_	_	_	linguistic	_	none	_	_	2x1	_	_	_
43-2	PST059	43	43	2	sempre:	sempre	_	_	_	_	_	linguistic	_	none	_	End=85.63	5x1	_	_	_
44-0	PST059	44	44	0	dove	dove	_	_	_	_	_	linguistic	_	none	_	Begin=86.45	_	_	_	_
44-1	PST059	44	44	1	abitiamo	abitiamo	_	_	_	_	_	linguistic	_	none	_	_	_	_	_	_
44-2	PST059	44	44	2	adesso	adesso	_	_	_	_	_	linguistic	_	none	_	_	_	_	_	_
44-3	PST059	44	44	3	siamo	siamo	_	_	_	_	_	linguistic	_	none	_	_	_	_	_	_
44-4	PST059	44	44	4	sono	sono	_	_	_	_	_	linguistic	_	none	_	_	_	_	_	_
44-5	PST059	44	44	5	dodi~	dodi~	_	_	_	_	_	linguistic	_	none	Interrupted=Yes	_	_	_	_	_
44-6	PST059	44	44	6	dodic'	dodic'	_	_	_	_	_	linguistic	_	none	SpaceAfter=No	_	_	_	_	_
44-7	PST059	44	44	7	anni	anni	_	_	_	_	_	linguistic	_	none	_	_	_	_	_	_
44-8	PST059	44	44	8	che	che	_	_	_	_	_	linguistic	_	none	_	_	_	_	_	_
44-9	PST059	44	44	9	siamo	siamo	_	_	_	_	_	linguistic	_	none	_	_	_	_	_	_
44-10	PST059	44	44	10	in	in	_	_	_	_	_	linguistic	_	none	_	_	_	_	_	_
44-11	PST059	44	44	11	quella	quella	_	_	_	_	_	linguistic	_	none	_	_	_	_	_	_
44-12	PST059	44	44	12	casa	casa	_	_	_	_	_	linguistic	_	none	_	End=90.37	_	_	_	_
45-0	PST211	45	45	0	a:h	ah	_	_	_	_	_	linguistic	_	none	_	Begin=90.71|End=91.21	0x1	_	_	_
46-0	PST059	46	46	0	quindi[:]	quindi	_	_	_	_	_	linguistic	_	none	_	Begin=91.51|End=92.55	5x1	_	_	_
47-0	PST212	47	47	0	[e	e	_	_	_	_	_	linguistic	_	none	_	Begin=91.97	_	_	_	0-1(11)
47-1	PST212	47	47	1	com'	com'	_	_	_	_	_	linguistic	_	none	SpaceAfter=No	_	_	_	_	0-4(11)
47-2	PST212	47	47	2	è]	è	_	_	_	_	_	linguistic	_	none	_	_	_	_	_	0-1(11)
47-3	PST212	47	47	3	come	come	_	_	_	_	_	linguistic	_	none	_	_	_	_	_	_
47-4	PST212	47	47	4	zona::	zona	_	_	_	_	_	linguistic	_	none	PauseAfter=Yes	_	3x2	_	_	_
47-5	PST212	47	47	5	(.)	(.)	_	_	_	_	_	shortpause	_	none	_	_	_	_	_	_
47-6	PST212	47	47	6	ti	ti	_	_	_	_	_	linguistic	_	none	_	_	_	_	_	_
47-7	PST212	47	47	7	piace:	piace	_	_	_	_	_	linguistic	_	none	_	_	4x1	_	_	_
47-8	PST212	47	47	8	trovi	trovi	_	_	_	_	_	linguistic	_	none	_	_	_	_	_	_
47-9	PST212	47	47	9	tutto:	tutto	_	_	_	_	_	linguistic	_	none	_	_	4x1	_	_	_
47-10	PST212	47	47	10	quello	quello	_	_	_	_	_	linguistic	_	none	_	_	_	_	_	_
47-11	PST212	47	47	11	[che	che	_	_	_	_	_	linguistic	_	none	_	_	_	_	_	0-3(12)
47-12	PST212	47	47	12	ti	ti	_	_	_	_	_	linguistic	_	none	_	_	_	_	_	0-2(12)
47-13	PST212	47	47	13	serve]	serve	_	_	_	_	_	linguistic	_	none	_	End=96.8	_	_	_	0-5(12)
48-0	PST059	48	48	0	[sì:	sì	_	_	_	_	_	linguistic	_	none	_	Begin=96.06	1x1	_	_	0-2(12)
48-1	PST059	48	48	1	come	come	_	_	_	_	_	linguistic	_	none	_	_	_	_	_	0-4(12)
48-2	PST059	48	48	2	z]ona	zona	_	_	_	_	_	linguistic	_	none	_	_	_	_	_	0-1(12)
48-3	PST059	48	48	3	sì	sì	_	_	_	_	_	linguistic	_	none	_	_	_	_	_	_
48-4	PST059	48	48	4	all'	all'	_	_	_	_	_	linguistic	_	none	SpaceAfter=No	_	_	_	_	_
48-5	PST059	48	48	5	inizio	inizio	_	_	_	_	_	linguistic	_	none	_	_	_	_	_	_
48-6	PST059	48	48	6	si	si	_	_	_	_	_	linguistic	_	none	_	_	_	_	_	_
48-7	PST059	48	48	7	stava:	stava	_	_	_	_	_	linguistic	_	none	_	_	4x1	_	_	_
48-8	PST059	48	48	8	ma	ma	_	_	_	_	_	linguistic	_	none	_	_	_	_	_	_
48-9	PST059	48	48	9	anche	anche	_	_	_	_	_	linguistic	_	none	_	_	_	_	_	_
48-10	PST059	48	48	10	adesso	adesso	_	_	_	_	_	linguistic	_	none	_	_	_	_	_	_
48-11	PST059	48	48	11	si	si	_	_	_	_	_	linguistic	_	none	_	_	_	_	_	_
48-12	PST059	48	48	12	sta	sta	_	_	_	_	_	linguistic	_	none	_	_	_	_	_	_
48-13	PST059	48	48	13	bene	bene	_	_	_	_	_	linguistic	_	none	_	_	_	_	_	_
48-14	PST059	48	48	14	dai	dai	_	_	_	_	_	linguistic	_	none	_	_	_	_	_	_
48-15	PST059	48	48	15	non:	non	_	_	_	_	_	linguistic	_	none	_	_	2x1	_	_	_
48-16	PST059	48	48	16	però::	però	_	_	_	_	_	linguistic	_	none	_	_	3x2	_	_	_
48-17	PST059	48	48	17	adesso	adesso	_	_	_	_	_	linguistic	_	none	_	_	_	_	_	_
48-18	PST059	48	48	18	hanno	hanno	_	_	_	_	_	linguistic	_	none	_	_	_	_	_	_
48-19	PST059	48	48	19	cominciato	cominciato	_	_	_	_	_	linguistic	_	none	_	_	_	_	_	_
48-20	PST059	48	48	20	a	a	_	_	_	_	_	linguistic	_	none	_	_	_	_	_	_
48-21	PST059	48	48	21	riempirsi	riempirsi	_	_	_	_	_	linguistic	_	none	_	_	_	_	_	_
48-22	PST059	48	48	22	lì:	lì	_	_	_	_	_	linguistic	_	none	_	_	1x1	_	_	_
48-23	PST059	48	48	23	il	il	_	_	_	_	_	linguistic	_	none	_	_	_	_	_	_
48-24	PST059	48	48	24	giardino	giardino	_	_	_	_	_	linguistic	_	none	_	_	_	_	_	_
48-25	PST059	48	48	25	è	è	_	_	_	_	_	linguistic	_	none	_	_	_	_	_	_
48-26	PST059	48	48	26	pieno	pieno	_	_	_	_	_	linguistic	_	none	_	_	_	_	_	_
48-27	PST059	48	48	27	di::	di	_	_	_	_	_	linguistic	_	none	_	_	1x2	_	_	_
48-28	PST059	48	48	28	che	che	_	_	_	_	_	linguistic	_	none	ProsodicLink=Yes	_	_	_	_	_
48-29	PST059	48	48	29	ehm	ehm	_	_	_	_	_	linguistic	_	none	_	_	_	_	_	_
48-30	PST059	48	48	30	questi	questi	_	_	_	_	_	linguistic	_	none	_	_	_	_	_	_
48-31	PST059	48	48	31	con	con	_	_	_	_	_	linguistic	_	none	_	_	_	_	_	_
48-32	PST059	48	48	32	la	la	_	_	_	_	_	linguistic	_	none	_	_	_	_	_	_
48-33	PST059	48	48	33	dro:ga	droga	_	_	_	_	_	linguistic	_	none	_	_	2x1	_	_	_
48-34	PST059	48	48	34	[con:]	con	_	_	_	_	_	linguistic	_	none	_	End=107.94	2x1	_	_	0-3(13)
49-0	PST212	49	49	0	[m:h]	mh	_	_	_	_	_	linguistic	_	none	_	Begin=107.25|End=107.95	0x1	_	_	0-2(13)
50-0	PST212	50	50	0	a:h	ah	_	_	_	_	_	linguistic	_	none	_	Begin=108.1	0x1	_	_	_
50-1	PST212	50	50	1	o[kay]	okay	_	_	_	_	_	linguistic	_	none	_	End=108.94	_	_	_	1-4(14)
51-0	PST059	51	51	0	[quinidi:]	quinidi	_	_	_	_	_	linguistic	_	none	_	Begin=108.37	6x1	_	_	0-7(14)
51-1	PST059	51	51	1	la	la	_	_	_	_	_	linguistic	_	none	_	_	_	_	_	_
51-2	PST059	51	51	2	sera	sera	_	_	_	_	_	linguistic	_	none	_	_	_	_	_	_
51-3	PST059	51	51	3	non:	non	_	_	_	_	_	linguistic	_	none	_	End=110.464	2x1	_	_	_
52-0	PST211	52	52	0	un	un	_	_	_	_	_	linguistic	_	none	_	Begin=111.305	_	_	_	_
52-1	PST211	52	52	1	po'	po'	_	_	_	_	_	linguistic	_	none	_	_	_	_	_	_
52-2	PST211	52	52	2	meno	meno	_	_	_	_	_	linguistic	_	none	_	_	_	_	_	_
52-3	PST211	52	52	3	sicuro	sicuro	_	_	_	_	_	linguistic	_	none	_	End=112.484	_	_	_	_
53-0	PST059	53	53	0	[mol~	mol~	_	_	_	_	_	linguistic	_	none	Interrupted=Yes	Begin=111.32	_	_	_	0-4(15)
53-1	PST059	53	53	1	sì:]	sì	_	_	_	_	_	linguistic	_	none	_	End=112.51	1x1	_	_	0-2(15)
54-0	PST059	54	54	0	non	non	_	_	_	_	_	linguistic	_	none	_	Begin=112.66	_	_	_	_
54-1	PST059	54	54	1	si	si	_	_	_	_	_	linguistic	_	none	_	_	_	_	_	_
54-2	PST059	54	54	2	può	può	_	_	_	_	_	linguistic	_	none	_	_	_	_	_	_
54-3	PST059	54	54	3	uscire	uscire	_	_	_	_	_	linguistic	_	none	_	End=113.98	_	_	_	_
55-0	PST211	55	55	0	mh	mh	_	_	_	_	_	linguistic	_	none	_	Begin=114.05	_	_	_	_
55-1	PST211	55	55	1	mh	mh	_	_	_	_	_	linguistic	_	none	_	End=114.69	_	_	_	_
56-0	PST059	56	56	0	si	si	_	_	_	_	_	linguistic	_	none	_	Begin=114.8	_	_	_	_
56-1	PST059	56	56	1	e:sce	esce	_	_	_	_	_	linguistic	_	none	_	_	0x1	_	_	_
56-2	PST059	56	56	2	però	però	_	_	_	_	_	linguistic	_	none	_	_	_	_	_	_
56-3	PST059	56	56	3	devi	devi	_	_	_	_	_	linguistic	_	none	_	_	_	_	_	_
56-4	PST059	56	56	4	fare	fare	_	_	_	_	_	linguistic	_	none	_	_	_	_	_	_
56-5	PST059	56	56	5	sempre	sempre	_	_	_	_	_	linguistic	_	none	_	_	_	_	_	_
56-6	PST059	56	56	6	attenzione	attenzione	_	_	_	_	_	linguistic	_	none	_	End=117.18	_	_	_	_
57-0	PST059	57	57	0	all'	all'	_	_	_	_	_	linguistic	_	none	SpaceAfter=No	Begin=118.46	_	_	_	_
57-1	PST059	57	57	1	inizio	inizio	_	_	_	_	_	linguistic	_	none	_	_	_	_	_	_
57-2	PST059	57	57	2	io	io	_	_	_	_	_	linguistic	_	none	_	_	_	_	_	_
57-3	PST059	57	57	3	quando	quando	_	_	_	_	_	linguistic	_	none	_	_	_	_	_	_
57-4	PST059	57	57	4	sono	sono	_	_	_	_	_	linguistic	_	none	_	_	_	_	_	_
57-5	PST059	57	57	5	arrivata	arrivata	_	_	_	_	_	linguistic	_	none	_	_	_	_	_	_
57-6	PST059	57	57	6	qua	qua	_	_	_	_	_	linguistic	_	none	_	_	_	_	_	_
57-7	PST059	57	57	7	giravi	giravi	_	_	_	_	_	linguistic	_	none	_	_	_	_	_	_
57-8	PST059	57	57	8	tranquillamente	tranquillamente	_	_	_	_	_	linguistic	_	none	_	_	_	_	_	_
57-9	PST059	57	57	9	nessuno	nessuno	_	_	_	_	_	linguistic	_	none	_	_	_	_	_	_
57-10	PST059	57	57	10	ti:	ti	_	_	_	_	_	linguistic	_	none	_	_	1x1	_	_	_
57-11	PST059	57	57	11	diceva	diceva	_	_	_	_	_	linguistic	_	none	_	_	_	_	_	_
57-12	PST059	57	57	12	niente:	niente	_	_	_	_	_	linguistic	_	none	_	_	5x1	_	_	_
57-13	PST059	57	57	13	quindi:	quindi	_	_	_	_	_	linguistic	_	none	_	_	5x1	_	_	_
57-14	PST059	57	57	14	si	si	_	_	_	_	_	linguistic	_	none	_	_	_	_	_	_
57-15	PST059	57	57	15	stava:	stava	_	_	_	_	_	linguistic	_	none	_	End=124.782	4x1	_	_	_
58-0	PST059	58	58	0	mo'	mo'	_	_	_	_	_	linguistic	_	none	Truncated=Yes	Begin=125.24	_	_	_	_
58-1	PST059	58	58	1	diciamo	diciamo	_	_	_	_	_	linguistic	_	none	_	_	_	_	_	_
58-2	PST059	58	58	2	che	che	_	_	_	_	_	linguistic	_	none	ProsodicLink=Yes	_	_	_	_	_
58-3	PST059	58	58	3	è	è	_	_	_	_	_	linguistic	_	none	_	_	_	_	_	_
58-4	PST059	58	58	4	un	un	_	_	_	_	_	linguistic	_	none	_	_	_	_	_	_
58-5	PST059	58	58	5	po':	po'	_	_	_	_	_	linguistic	_	none	_	_	1x1	_	_	_
58-6	PST059	58	58	6	però:	però	_	_	_	_	_	linguistic	_	none	_	End=127.66	3x1	_	_	_
59-0	PST059	59	59	0	[tutto	tutto	_	_	_	_	_	linguistic	_	none	_	Begin=128.02	_	_	_	0-5(16)
59-1	PST059	59	59	1	sommato]	sommato	_	_	_	_	_	linguistic	_	none	_	End=128.98	_	_	_	0-7(16)
60-0	PST212	60	60	0	[ma	ma	_	_	_	_	_	linguistic	_	none	_	Begin=128.02	_	_	_	0-2(16)
60-1	PST212	60	60	1	da	da	_	_	_	_	_	linguistic	_	none	_	_	_	_	_	0-2(16)
60-2	PST212	60	60	2	quanti	quanti	_	_	_	_	_	linguistic	_	none	_	_	_	_	_	0-6(16)
60-3	PST212	60	60	3	anni]	anni	_	_	_	_	_	linguistic	_	none	_	_	_	_	_	0-4(16)
60-4	PST212	60	60	4	più	più	_	_	_	_	_	linguistic	_	none	_	_	_	_	_	_
60-5	PST212	60	60	5	o	o	_	_	_	_	_	linguistic	_	none	_	_	_	_	_	_
60-6	PST212	60	60	6	meno	meno	_	_	_	_	_	linguistic	_	none	_	_	_	_	_	_
60-7	PST212	60	60	7	hai	hai	_	_	_	_	_	linguistic	_	none	_	_	_	_	_	_
60-8	PST212	60	60	8	notato	notato	_	_	_	_	_	linguistic	_	none	_	_	_	_	_	_
60-9	PST212	60	60	9	questo	questo	_	_	_	_	_	linguistic	_	none	_	_	_	_	_	_
60-10	PST212	60	60	10	cambiamento	cambiamento	_	_	_	_	_	linguistic	_	none	_	End=131.167	_	_	_	_
61-0	PST059	61	61	0	ma:	ma	_	_	_	_	_	linguistic	_	none	_	Begin=132.31	1x1	_	_	_
61-1	PST059	61	61	1	sono	sono	_	_	_	_	_	linguistic	_	none	_	_	_	_	_	_
61-2	PST059	61	61	2	da:	da	_	_	_	_	_	linguistic	_	none	_	_	1x1	_	_	_
61-3	PST059	61	61	3	l'	l'	_	_	_	_	_	linguistic	_	none	SpaceAfter=No	_	_	_	_	_
61-4	PST059	61	61	4	anno	anno	_	_	_	_	_	linguistic	_	none	_	_	_	_	_	_
61-5	PST059	61	61	5	scorso	scorso	_	_	_	_	_	linguistic	_	none	_	_	_	_	_	_
61-6	PST059	61	61	6	che:	che	_	_	_	_	_	linguistic	_	none	_	_	2x1	_	_	_
61-7	PST059	61	61	7	lì	lì	_	_	_	_	_	linguistic	_	none	_	_	_	_	_	_
61-8	PST059	61	61	8	vicino	vicino	_	_	_	_	_	linguistic	_	none	_	_	_	_	_	_
61-9	PST059	61	61	9	a	a	_	_	_	_	_	linguistic	_	none	_	_	_	_	_	_
61-10	PST059	61	61	10	casa	casa	_	_	_	_	_	linguistic	_	none	_	_	_	_	_	_
61-11	PST059	61	61	11	nostra	nostra	_	_	_	_	_	linguistic	_	none	_	_	_	_	_	_
61-12	PST059	61	61	12	sono::	sono	_	_	_	_	_	linguistic	_	none	_	End=137.11	3x2	_	_	_
62-0	PST059	62	62	0	fino	fino	_	_	_	_	_	linguistic	_	none	_	Begin=137.45	_	_	_	_
62-1	PST059	62	62	1	all'	all'	_	_	_	_	_	linguistic	_	none	SpaceAfter=No	_	_	_	_	_
62-2	PST059	62	62	2	anno	anno	_	_	_	_	_	linguistic	_	none	_	_	_	_	_	_
62-3	PST059	62	62	3	scorso	scorso	_	_	_	_	_	linguistic	_	none	_	_	_	_	_	_
62-4	PST059	62	62	4	ancora	ancora	_	_	_	_	_	linguistic	_	none	_	_	_	_	_	_
62-5	PST059	62	62	5	ancora:	ancora	_	_	_	_	_	linguistic	_	none	_	End=139.39	5x1	_	_	_
63-0	PST059	63	63	0	si	si	_	_	_	_	_	linguistic	_	none	_	Begin=139.39	_	_	_	_
63-1	PST059	63	63	1	poteva	poteva	_	_	_	_	_	linguistic	_	none	_	_	_	_	_	_
63-2	PST059	63	63	2	andare	andare	_	_	_	_	_	linguistic	_	none	_	_	_	_	_	_
63-3	PST059	63	63	3	al	al	_	_	_	_	_	linguistic	_	none	_	_	_	_	_	_
63-4	PST059	63	63	4	giardino	giardino	_	_	_	_	_	linguistic	_	none	_	_	_	_	_	_
63-5	PST059	63	63	5	si:	si	_	_	_	_	_	linguistic	_	none	_	End=141.68	1x1	_	_	_
64-0	PST059	64	64	0	dall'	dall'	_	_	_	_	_	linguistic	_	none	SpaceAfter=No	Begin=142.883	_	_	_	_
64-1	PST059	64	64	1	anno	anno	_	_	_	_	_	linguistic	_	none	_	_	_	_	_	_
64-2	PST059	64	64	2	scorso	scorso	_	_	_	_	_	linguistic	_	none	_	_	_	_	_	_
64-3	PST059	64	64	3	che	che	_	_	_	_	_	linguistic	_	none	_	_	_	_	_	_
64-4	PST059	64	64	4	sono	sono	_	_	_	_	_	linguistic	_	none	_	_	_	_	_	_
64-5	PST059	64	64	5	arrivati::	arrivati	_	_	_	_	_	linguistic	_	none	_	_	7x2	_	_	_
64-6	PST059	64	64	6	forse	forse	_	_	_	_	_	linguistic	_	none	_	_	_	_	_	_
64-7	PST059	64	64	7	di	di	_	_	_	_	_	linguistic	_	none	_	_	_	_	_	_
64-8	PST059	64	64	8	più	più	_	_	_	_	_	linguistic	_	none	_	_	_	_	_	_
64-9	PST059	64	64	9	in	in	_	_	_	_	_	linguistic	_	none	_	_	_	_	_	_
64-10	PST059	64	64	10	quella	quella	_	_	_	_	_	linguistic	_	none	_	_	_	_	_	_
64-11	PST059	64	64	11	zona	zona	_	_	_	_	_	linguistic	_	none	_	_	_	_	_	_
64-12	PST059	64	64	12	non	non	_	_	_	_	_	linguistic	_	none	_	_	_	_	_	_
64-13	PST059	64	64	13	lo	lo	_	_	_	_	_	linguistic	_	none	_	_	_	_	_	_
64-14	PST059	64	64	14	so	so	_	_	_	_	_	linguistic	_	none	_	_	_	_	_	_
64-15	PST059	64	64	15	però:	però	_	_	_	_	_	linguistic	_	none	_	End=147.849	3x1	_	_	_
65-0	PST059	65	65	0	una	una	_	_	_	_	_	linguistic	_	none	_	Begin=148.641	_	_	_	_
65-1	PST059	65	65	1	cosa:	cosa	_	_	_	_	_	linguistic	_	none	_	End=149.801	3x1	_	_	_
66-0	PST059	66	66	0	anche	anche	_	_	_	_	_	linguistic	_	none	_	Begin=150.91	_	_	_	_
66-1	PST059	66	66	1	al	al	_	_	_	_	_	linguistic	_	none	_	_	_	_	_	_
66-2	PST059	66	66	2	mattino	mattino	_	_	_	_	_	linguistic	_	none	_	_	_	_	_	_
66-3	PST059	66	66	3	quando	quando	_	_	_	_	_	linguistic	_	none	_	_	_	_	_	_
66-4	PST059	66	66	4	vai	vai	_	_	_	_	_	linguistic	_	none	_	_	_	_	_	_
66-5	PST059	66	66	5	il	il	_	_	_	_	_	linguistic	_	none	_	_	_	_	_	_
66-6	PST059	66	66	6	parco	parco	_	_	_	_	_	linguistic	_	none	_	_	_	_	_	_
66-7	PST059	66	66	7	è	è	_	_	_	_	_	linguistic	_	none	_	_	_	_	_	_
66-8	PST059	66	66	8	pieno	pieno	_	_	_	_	_	linguistic	_	none	_	_	_	_	_	_
66-9	PST059	66	66	9	di::	di	_	_	_	_	_	linguistic	_	none	_	End=153.23	1x2	_	_	_
67-0	PST059	67	67	0	si	si	_	_	_	_	_	linguistic	_	none	_	Begin=154.96	_	_	_	_
67-1	PST059	67	67	1	lavano	lavano	_	_	_	_	_	linguistic	_	none	_	_	_	_	_	_
67-2	PST059	67	67	2	lì	lì	_	_	_	_	_	linguistic	_	none	_	_	_	_	_	_
67-3	PST059	67	67	3	s[i::]	si	_	_	_	_	_	linguistic	_	none	_	End=156.86	1x2	_	_	1-2(17)
68-0	PST211	68	68	0	[eh	eh	_	_	_	_	_	linguistic	_	none	_	Begin=156.23	_	_	_	0-2(17)
68-1	PST211	68	68	1	sì]	sì	_	_	_	_	_	linguistic	_	none	_	End=157.05	_	_	_	0-2(17)
69-0	PST059	69	69	0	un	un	_	_	_	_	_	linguistic	_	none	_	Begin=157.235	_	_	_	_
69-1	PST059	69	69	1	po'::	po'	_	_	_	_	_	linguistic	_	none	_	End=158.415	1x2	_	_	_
70-0	PST059	70	70	0	un	un	_	_	_	_	_	linguistic	_	none	_	Begin=158.89	_	_	_	_
70-1	PST059	70	70	1	porcile	porcile	_	_	_	_	_	linguistic	_	none	_	End=159.83	_	_	_	_
71-0	PST211	71	71	0	[m:h]	mh	_	_	_	_	_	linguistic	_	none	_	Begin=159.81|End=160.45	0x1	_	_	0-2(152)
72-0	PST212	72	72	0	[mh	mh	_	_	_	_	_	linguistic	_	none	_	Begin=159.81	_	_	_	0-2(152)
72-1	PST212	72	72	1	mh]	mh	_	_	_	_	_	linguistic	_	none	_	End=160.45	_	_	_	0-2(152)
73-0	PST059	73	73	0	non	non	_	_	_	_	_	linguistic	_	none	_	Begin=160.45	_	_	_	_
73-1	PST059	73	73	1	è	è	_	_	_	_	_	linguistic	_	none	_	_	_	_	_	_
73-2	PST059	73	73	2	più	più	_	_	_	_	_	linguistic	_	none	_	_	_	_	_	_
73-3	PST059	73	73	3	un	un	_	_	_	_	_	linguistic	_	none	_	_	_	_	_	_
73-4	PST059	73	73	4	parco	parco	_	_	_	_	_	linguistic	_	none	_	_	_	_	_	_
73-5	PST059	73	73	5	infatti	infatti	_	_	_	_	_	linguistic	_	none	_	_	_	_	_	_
73-6	PST059	73	73	6	hanno	hanno	_	_	_	_	_	linguistic	_	none	_	_	_	_	_	_
73-7	PST059	73	73	7	rotto	rotto	_	_	_	_	_	linguistic	_	none	_	_	_	_	_	_
73-8	PST059	73	73	8	tutto	tutto	_	_	_	_	_	linguistic	_	none	_	_	_	_	_	_
73-9	PST059	73	73	9	hanno::	hanno	_	_	_	_	_	linguistic	_	none	_	End=163.561	4x2	_	_	_
74-0	PST059	74	74	0	non	non	_	_	_	_	_	linguistic	_	none	_	Begin=164.54	_	_	_	_
74-1	PST059	74	74	1	è	è	_	_	_	_	_	linguistic	_	none	_	_	_	_	_	_
74-2	PST059	74	74	2	più	più	_	_	_	_	_	linguistic	_	none	_	_	_	_	_	_
74-3	PST059	74	74	3	recintato	recintato	_	_	_	_	_	linguistic	_	none	_	_	_	_	_	_
74-4	PST059	74	74	4	per	per	_	_	_	_	_	linguistic	_	none	_	_	_	_	_	_
74-5	PST059	74	74	5	i	i	_	_	_	_	_	linguistic	_	none	_	_	_	_	_	_
74-6	PST059	74	74	6	bambini	bambini	_	_	_	_	_	linguistic	_	none	_	_	_	_	_	_
74-7	PST059	74	74	7	che	che	_	_	_	_	_	linguistic	_	none	_	_	_	_	_	_
74-8	PST059	74	74	8	non	non	_	_	_	_	_	linguistic	_	none	_	_	_	_	_	_
74-9	PST059	74	74	9	si	si	_	_	_	_	_	linguistic	_	none	_	_	_	_	_	_
74-10	PST059	74	74	10	poteva	poteva	_	_	_	_	_	linguistic	_	none	_	_	_	_	_	_
74-11	PST059	74	74	11	uscire	uscire	_	_	_	_	_	linguistic	_	none	_	_	_	_	_	_
74-12	PST059	74	74	12	io	io	_	_	_	_	_	linguistic	_	none	_	_	_	_	_	_
74-13	PST059	74	74	13	quando	quando	_	_	_	_	_	linguistic	_	none	_	_	_	_	_	_
74-14	PST059	74	74	14	sono	sono	_	_	_	_	_	linguistic	_	none	_	_	_	_	_	_
74-15	PST059	74	74	15	arrivata	arrivata	_	_	_	_	_	linguistic	_	none	_	_	_	_	_	_
74-16	PST059	74	74	16	lì:,	lì	_	_	_	_	_	linguistic	_	none	Intonation=WeaklyRising	End=169.56	1x1	_	_	_
75-0	PST059	75	75	0	stavano	stavano	_	_	_	_	_	linguistic	_	none	_	Begin=170.48	_	_	_	_
75-1	PST059	75	75	1	tranquilli,	tranquilli	_	_	_	_	_	linguistic	_	none	Intonation=WeaklyRising	End=171.89	_	_	_	_
76-0	PST212	76	76	0	quindi	quindi	_	_	_	_	_	linguistic	_	none	_	Begin=174.64	_	_	_	_
76-1	PST212	76	76	1	dicevi	dicevi	_	_	_	_	_	linguistic	_	none	_	_	_	_	_	_
76-2	PST212	76	76	2	sì	sì	_	_	_	_	_	linguistic	_	none	_	_	_	_	_	_
76-3	PST212	76	76	3	un	un	_	_	_	_	_	linguistic	_	none	_	_	_	_	_	_
76-4	PST212	76	76	4	cambiamento	cambiamento	_	_	_	_	_	linguistic	_	none	_	_	_	_	_	_
76-5	PST212	76	76	5	abbastanza	abbastanza	_	_	_	_	_	linguistic	_	none	_	_	_	_	_	_
76-6	PST212	76	76	6	recente	recente	_	_	_	_	_	linguistic	_	none	_	End=177.06	_	_	_	_
77-0	PST059	77	77	0	sì	sì	_	_	_	_	_	linguistic	_	none	_	Begin=177.06	_	_	_	_
77-1	PST059	77	77	1	sì	sì	_	_	_	_	_	linguistic	_	none	_	End=177.824	_	_	_	_
78-0	PST212	78	78	0	ehm:	ehm	_	_	_	_	_	linguistic	_	none	_	Begin=178.87|End=179.82	2x1	_	_	_
79-0	PST212	79	79	0	e	e	_	_	_	_	_	linguistic	_	none	_	Begin=180.21	_	_	_	_
79-1	PST212	79	79	1	tu:	tu	_	_	_	_	_	linguistic	_	none	_	_	1x1	_	_	_
79-2	PST212	79	79	2	sei:	sei	_	_	_	_	_	linguistic	_	none	_	_	2x1	_	_	_
79-3	PST212	79	79	3	sei	sei	_	_	_	_	_	linguistic	_	none	_	_	_	_	_	_
79-4	PST212	79	79	4	sposa:ta:	sposata	_	_	_	_	_	linguistic	_	none	_	_	4x1,6x1	_	_	_
79-5	PST212	79	79	5	co~	co~	_	_	_	_	_	linguistic	_	none	Interrupted=Yes	End=182.84	_	_	_	_
80-0	PST059	80	80	0	sì	sì	_	_	_	_	_	linguistic	_	none	_	Begin=183.13	_	_	_	_
80-1	PST059	80	80	1	[sì:]	sì	_	_	_	_	_	linguistic	_	none	_	End=183.834	1x1	_	_	0-2(18)
81-0	PST212	81	81	0	[quanti	quanti	_	_	_	_	_	linguistic	_	none	_	Begin=183.5	_	_	_	0-6(18)
81-1	PST212	81	81	1	sie]te	siete	_	_	_	_	_	linguistic	_	none	_	_	_	_	_	0-3(18)
81-2	PST212	81	81	2	in	in	_	_	_	_	_	linguistic	_	none	_	_	_	_	_	_
81-3	PST212	81	81	3	famiglia	famiglia	_	_	_	_	_	linguistic	_	none	_	End=184.605	_	_	_	_
82-0	PST059	82	82	0	quattro	quattro	_	_	_	_	_	linguistic	_	none	_	Begin=184.797|End=185.617	_	_	_	_
83-0	PST059	83	83	0	son	son	_	_	_	_	_	linguistic	_	none	_	Begin=186.79	_	_	_	_
83-1	PST059	83	83	1	sposata	sposata	_	_	_	_	_	linguistic	_	none	_	_	_	_	_	_
83-2	PST059	83	83	2	mi	mi	_	_	_	_	_	linguistic	_	none	_	_	_	_	_	_
83-3	PST059	83	83	3	son	son	_	_	_	_	_	linguistic	_	none	_	_	_	_	_	_
83-4	PST059	83	83	4	sposata	sposata	_	_	_	_	_	linguistic	_	none	_	_	_	_	_	_
83-5	PST059	83	83	5	qua:	qua	_	_	_	_	_	linguistic	_	none	_	_	2x1	_	_	_
83-6	PST059	83	83	6	ho	ho	_	_	_	_	_	linguistic	_	none	_	_	_	_	_	_
83-7	PST059	83	83	7	trovato	trovato	_	_	_	_	_	linguistic	_	none	_	_	_	_	_	_
83-8	PST059	83	83	8	mio	mio	_	_	_	_	_	linguistic	_	none	_	_	_	_	_	_
83-9	PST059	83	83	9	marito	marito	_	_	_	_	_	linguistic	_	none	_	_	_	_	_	_
83-10	PST059	83	83	10	qua:	qua	_	_	_	_	_	linguistic	_	none	_	_	2x1	_	_	_
83-11	PST059	83	83	11	[quindi]	quindi	_	_	_	_	_	linguistic	_	none	_	_	_	_	_	0-6(19)
83-12	PST059	83	83	12	ci	ci	_	_	_	_	_	linguistic	_	none	_	_	_	_	_	_
83-13	PST059	83	83	13	siamo	siamo	_	_	_	_	_	linguistic	_	none	_	_	_	_	_	_
83-14	PST059	83	83	14	conosciuti	conosciuti	_	_	_	_	_	linguistic	_	none	_	_	_	_	_	_
83-15	PST059	83	83	15	qua	qua	_	_	_	_	_	linguistic	_	none	_	_	_	_	_	_
83-16	PST059	83	83	16	e	e	_	_	_	_	_	linguistic	_	none	_	_	_	_	_	_
83-17	PST059	83	83	17	ci	ci	_	_	_	_	_	linguistic	_	none	_	_	_	_	_	_
83-18	PST059	83	83	18	siamo	siamo	_	_	_	_	_	linguistic	_	none	_	_	_	_	_	_
83-19	PST059	83	83	19	sposati	sposati	_	_	_	_	_	linguistic	_	none	_	_	_	_	_	_
83-20	PST059	83	83	20	qua,	qua	_	_	_	_	_	linguistic	_	none	Intonation=WeaklyRising	End=192.627	_	_	_	_
84-0	PST212	84	84	0	[okay]	okay	_	_	_	_	_	linguistic	_	none	_	Begin=189.693|End=190.333	_	_	_	0-4(19)
85-0	PST059	85	85	0	loro	loro	_	_	_	_	_	linguistic	_	none	_	Begin=192.89	_	_	_	_
85-1	PST059	85	85	1	sono	sono	_	_	_	_	_	linguistic	_	none	_	_	_	_	_	_
85-2	PST059	85	85	2	nati	nati	_	_	_	_	_	linguistic	_	none	_	_	_	_	_	_
85-3	PST059	85	85	3	qua,	qua	_	_	_	_	_	linguistic	_	none	Intonation=WeaklyRising	End=194.39	_	_	_	_
86-0	PST212	86	86	0	[e:	e	_	_	_	_	_	linguistic	_	none	_	Begin=195.6	0x1	_	_	0-1(21)
86-1	PST212	86	86	1	e	e	_	_	_	_	_	linguistic	_	none	_	_	_	_	_	0-1(21)
86-2	PST212	86	86	2	tuo	tuo	_	_	_	_	_	linguistic	_	none	_	_	_	_	_	0-3(21)
86-3	PST212	86	86	3	marito]	marito	_	_	_	_	_	linguistic	_	none	_	_	_	_	_	0-6(21)
86-4	PST212	86	86	4	è	è	_	_	_	_	_	linguistic	_	none	_	_	_	_	_	_
86-5	PST212	86	86	5	italiano	italiano	_	_	_	_	_	linguistic	_	none	_	_	_	_	_	_
86-6	PST212	86	86	6	oppur[e:]	oppure	_	_	_	_	_	linguistic	_	none	_	End=198.05	5x1	_	_	5-6(20)
87-0	PST059	87	87	0	[e:h]	eh	_	_	_	_	_	linguistic	_	none	_	Begin=195.641|End=196.408	0x1	_	_	0-2(21)
88-0	PST059	88	88	0	[no:	no	_	_	_	_	_	linguistic	_	none	_	Begin=197.61	1x1	_	_	0-2(20)
88-1	PST059	88	88	1	no]	no	_	_	_	_	_	linguistic	_	none	_	_	_	_	_	0-2(20)
88-2	PST059	88	88	2	rumeno	rumeno	_	_	_	_	_	linguistic	_	none	_	End=198.55	_	_	_	_
89-0	PST212	89	89	0	rumeno	rumeno	_	_	_	_	_	linguistic	_	none	_	Begin=198.557|End=199.027	_	_	_	_
90-0	PST059	90	90	0	sì	sì	_	_	_	_	_	linguistic	_	none	_	Begin=199.03	_	_	_	_
90-1	PST059	90	90	1	sì	sì	_	_	_	_	_	linguistic	_	none	_	End=199.601	_	_	_	_
91-0	PST212	91	91	0	okay	okay	_	_	_	_	_	linguistic	_	none	_	Begin=199.649|End=200.16	_	_	_	_
92-0	PST212	92	92	0	e	e	_	_	_	_	_	linguistic	_	none	_	Begin=200.57	_	_	_	_
92-1	PST212	92	92	1	l'	l'	_	_	_	_	_	linguistic	_	none	SpaceAfter=No	_	_	_	_	_
92-2	PST212	92	92	2	hai:	hai	_	_	_	_	_	linguistic	_	none	PauseAfter=Yes	_	2x1	_	_	_
92-3	PST212	92	92	3	(.)	(.)	_	_	_	_	_	shortpause	_	none	_	_	_	_	_	_
92-4	PST212	92	92	4	l'	l'	_	_	_	_	_	linguistic	_	none	SpaceAfter=No	_	_	_	_	_
92-5	PST212	92	92	5	hai	hai	_	_	_	_	_	linguistic	_	none	_	_	_	_	_	_
92-6	PST212	92	92	6	conosciuto	conosciuto	_	_	_	_	_	linguistic	_	none	_	_	_	_	_	_
92-7	PST212	92	92	7	tramite::	tramite	_	_	_	_	_	linguistic	_	none	_	_	6x2	_	_	_
92-8	PST212	92	92	8	associazioni	associazioni	_	_	_	_	_	linguistic	_	none	_	_	_	_	_	_
92-9	PST212	92	92	9	tipo	tipo	_	_	_	_	_	linguistic	_	none	_	_	_	_	_	_
92-10	PST212	92	92	10	que[sta	questa	_	_	_	_	_	linguistic	_	none	_	_	_	_	_	1-6(22)
92-11	PST212	92	92	11	o]ppure:	oppure	_	_	_	_	_	linguistic	_	none	_	End=205.75	5x1	_	_	_
93-0	PST059	93	93	0	[no	no	_	_	_	_	_	linguistic	_	none	_	Begin=204.63	_	_	_	0-2(22)
93-1	PST059	93	93	1	no	no	_	_	_	_	_	linguistic	_	none	_	_	_	_	_	0-2(22)
93-2	PST059	93	93	2	no	no	_	_	_	_	_	linguistic	_	none	_	_	_	_	_	0-2(22)
93-3	PST059	93	93	3	no]	no	_	_	_	_	_	linguistic	_	none	_	End=205.493	_	_	_	0-2(22)
94-0	PST059	94	94	0	così	così	_	_	_	_	_	linguistic	_	none	_	Begin=206.045|End=206.685	_	_	_	_
95-0	PST059	95	95	0	sa:i	sai	_	_	_	_	_	linguistic	_	none	_	Begin=206.89	1x1	_	_	_
95-1	PST059	95	95	1	amici:	amici	_	_	_	_	_	linguistic	_	none	_	End=208.47	4x1	_	_	_
96-0	PST212	96	96	0	mh	mh	_	_	_	_	_	linguistic	_	none	_	Begin=208.81	_	_	_	_
96-1	PST212	96	96	1	mh	mh	_	_	_	_	_	linguistic	_	none	_	End=209.36	_	_	_	_
97-0	PST059	97	97	0	stava	stava	_	_	_	_	_	linguistic	_	none	_	Begin=210.0	_	_	_	_
97-1	PST059	97	97	1	in	in	_	_	_	_	_	linguistic	_	none	_	_	_	_	_	_
97-2	PST059	97	97	2	casa::	casa	_	_	_	_	_	linguistic	_	none	_	_	3x2	_	_	_
97-3	PST059	97	97	3	con	con	_	_	_	_	_	linguistic	_	none	_	_	_	_	_	_
97-4	PST059	97	97	4	una::	una	_	_	_	_	_	linguistic	_	none	_	_	2x2	_	_	_
97-5	PST059	97	97	5	del	del	_	_	_	_	_	linguistic	_	none	_	_	_	_	_	_
97-6	PST059	97	97	6	mio	mio	_	_	_	_	_	linguistic	_	none	_	_	_	_	_	_
97-7	PST059	97	97	7	paese	paese	_	_	_	_	_	linguistic	_	none	PauseAfter=Yes	_	_	_	_	_
97-8	PST059	97	97	8	(.)	(.)	_	_	_	_	_	shortpause	_	none	_	_	_	_	_	_
97-9	PST059	97	97	9	con	con	_	_	_	_	_	linguistic	_	none	_	_	_	_	_	_
97-10	PST059	97	97	10	una	una	_	_	_	_	_	linguistic	_	none	_	_	_	_	_	_
97-11	PST059	97	97	11	ragazza	ragazza	_	_	_	_	_	linguistic	_	none	_	_	_	_	_	_
97-12	PST059	97	97	12	che	che	_	_	_	_	_	linguistic	_	none	_	_	_	_	_	_
97-13	PST059	97	97	13	io	io	_	_	_	_	_	linguistic	_	none	_	_	_	_	_	_
97-14	PST059	97	97	14	conoscevo	conoscevo	_	_	_	_	_	linguistic	_	none	_	_	_	_	_	_
97-15	PST059	97	97	15	così:	così	_	_	_	_	_	linguistic	_	none	_	End=216.35	3x1	_	_	_
98-0	PST212	98	98	0	quindi	quindi	_	_	_	_	_	linguistic	_	none	_	Begin=217.43	_	_	_	_
98-1	PST212	98	98	1	sei	sei	_	_	_	_	_	linguistic	_	none	_	_	_	_	_	_
98-2	PST212	98	98	2	riuscita:	riuscita	_	_	_	_	_	linguistic	_	none	_	_	7x1	_	_	_
98-3	PST212	98	98	3	diciamo	diciamo	_	_	_	_	_	linguistic	_	none	_	_	_	_	_	_
98-4	PST212	98	98	4	a	a	_	_	_	_	_	linguistic	_	none	_	_	_	_	_	_
98-5	PST212	98	98	5	crearti	crearti	_	_	_	_	_	linguistic	_	none	_	_	_	_	_	_
98-6	PST212	98	98	6	una	una	_	_	_	_	_	linguistic	_	none	_	_	_	_	_	_
98-7	PST212	98	98	7	rete	rete	_	_	_	_	_	linguistic	_	none	PauseAfter=Yes	_	_	_	_	_
98-8	PST212	98	98	8	(.)	(.)	_	_	_	_	_	shortpause	_	none	_	_	_	_	_	_
98-9	PST212	98	98	9	sociale	sociale	_	_	_	_	_	linguistic	_	none	_	_	_	_	_	_
98-10	PST212	98	98	10	anche	anche	_	_	_	_	_	linguistic	_	none	_	_	_	_	_	_
98-11	PST212	98	98	11	con	con	_	_	_	_	_	linguistic	_	none	_	_	_	_	_	_
98-12	PST212	98	98	12	tuoi	tuoi	_	_	_	_	_	linguistic	_	none	_	_	_	_	_	_
98-13	PST212	98	98	13	connazional[i:	connazionali	_	_	_	_	_	linguistic	_	none	_	_	11x1	_	_	11-12(23)
98-14	PST212	98	98	14	ah	ah	_	_	_	_	_	linguistic	_	none	_	_	_	_	_	0-2(23)
98-15	PST212	98	98	15	okay]	okay	_	_	_	_	_	linguistic	_	none	_	End=225.126	_	_	_	0-4(23)
99-0	PST059	99	99	0	[sì	sì	_	_	_	_	_	linguistic	_	none	_	Begin=224.265	_	_	_	0-2(23)
99-1	PST059	99	99	1	sì:]	sì	_	_	_	_	_	linguistic	_	none	_	End=225.125	1x1	_	_	0-2(23)
100-0	PST059	100	100	0	e:h	eh	_	_	_	_	_	linguistic	_	none	_	Begin=225.126	0x1	_	_	_
100-1	PST059	100	100	1	io	io	_	_	_	_	_	linguistic	_	none	_	_	_	_	_	_
100-2	PST059	100	100	2	qua	qua	_	_	_	_	_	linguistic	_	none	_	_	_	_	_	_
100-3	PST059	100	100	3	sono	sono	_	_	_	_	_	linguistic	_	none	_	_	_	_	_	_
100-4	PST059	100	100	4	a	a	_	_	_	_	_	linguistic	_	none	_	_	_	_	_	_
100-5	PST059	100	100	5	casa	casa	_	_	_	_	_	linguistic	_	none	_	_	_	_	_	_
100-6	PST059	100	100	6	eh	eh	_	_	_	_	_	linguistic	_	none	_	_	_	_	_	_
100-7	PST059	100	100	7	quando	quando	_	_	_	_	_	linguistic	_	none	_	_	_	_	_	_
100-8	PST059	100	100	8	vado	vado	_	_	_	_	_	linguistic	_	none	_	_	_	_	_	_
100-9	PST059	100	100	9	a	a	_	_	_	_	_	linguistic	_	none	_	_	_	_	_	_
100-10	PST059	100	100	10	casa	casa	_	_	_	_	_	linguistic	_	none	_	_	_	_	_	_
100-11	PST059	100	100	11	patisco	patisco	_	_	_	_	_	linguistic	_	none	_	_	_	_	_	_
100-12	PST059	100	100	12	per[ché::]	perché	_	_	_	_	_	linguistic	_	none	_	End=229.35	5x2	_	_	3-6(24)
101-0	PST212	101	101	0	[ah	ah	_	_	_	_	_	linguistic	_	none	_	Begin=228.439	_	_	_	0-2(24)
101-1	PST212	101	101	1	sì:]?	sì	_	_	_	_	_	linguistic	_	none	Intonation=Rising	End=229.349	1x1	_	_	0-2(24)
102-0	PST059	102	102	0	sì	sì	_	_	_	_	_	linguistic	_	none	_	Begin=229.459	_	_	_	_
102-1	PST059	102	102	1	sì	sì	_	_	_	_	_	linguistic	_	none	_	End=229.989	_	_	_	_
103-0	PST059	103	103	0	qua:	qua	_	_	_	_	_	linguistic	_	none	_	Begin=230.58	2x1	_	_	_
103-1	PST059	103	103	1	c'	c'	_	_	_	_	_	linguistic	_	none	SpaceAfter=No	_	_	_	_	_
103-2	PST059	103	103	2	ho	ho	_	_	_	_	_	linguistic	_	none	_	_	_	_	_	_
103-3	PST059	103	103	3	il	il	_	_	_	_	_	linguistic	_	none	_	_	_	_	_	_
103-4	PST059	103	103	4	pullman	pullman	_	_	_	_	_	linguistic	_	none	_	_	_	_	_	_
103-5	PST059	103	103	5	voglio:	voglio	_	_	_	_	_	linguistic	_	none	_	_	5x1	_	_	_
103-6	PST059	103	103	6	uscire	uscire	_	_	_	_	_	linguistic	_	none	_	_	_	_	_	_
103-7	PST059	103	103	7	voglio	voglio	_	_	_	_	_	linguistic	_	none	_	_	_	_	_	_
103-8	PST059	103	103	8	andare	andare	_	_	_	_	_	linguistic	_	none	_	_	_	_	_	_
103-9	PST059	103	103	9	vado	vado	_	_	_	_	_	linguistic	_	none	_	_	_	_	_	_
103-10	PST059	103	103	10	esco	esco	_	_	_	_	_	linguistic	_	none	_	_	_	_	_	_
103-11	PST059	103	103	11	faccio	faccio	_	_	_	_	_	linguistic	_	none	_	_	_	_	_	_
103-12	PST059	103	103	12	quello	quello	_	_	_	_	_	linguistic	_	none	_	_	_	_	_	_
103-13	PST059	103	103	13	che	che	_	_	_	_	_	linguistic	_	none	_	_	_	_	_	_
103-14	PST059	103	103	14	voglio	voglio	_	_	_	_	_	linguistic	_	none	_	_	_	_	_	_
103-15	PST059	103	103	15	lì	lì	_	_	_	_	_	linguistic	_	none	_	_	_	_	_	_
103-16	PST059	103	103	16	senza	senza	_	_	_	_	_	linguistic	_	none	_	_	_	_	_	_
103-17	PST059	103	103	17	macchina	macchina	_	_	_	_	_	linguistic	_	none	_	_	_	_	_	_
103-18	PST059	103	103	18	se	se	_	_	_	_	_	linguistic	_	none	_	_	_	_	_	_
103-19	PST059	103	103	19	non	non	_	_	_	_	_	linguistic	_	none	_	_	_	_	_	_
103-20	PST059	103	103	20	c'	c'	_	_	_	_	_	linguistic	_	none	SpaceAfter=No	_	_	_	_	_
103-21	PST059	103	103	21	è	è	_	_	_	_	_	linguistic	_	none	_	_	_	_	_	_
103-22	PST059	103	103	22	lui	lui	_	_	_	_	_	linguistic	_	none	_	_	_	_	_	_
103-23	PST059	103	103	23	con	con	_	_	_	_	_	linguistic	_	none	_	_	_	_	_	_
103-24	PST059	103	103	24	la	la	_	_	_	_	_	linguistic	_	none	_	_	_	_	_	_
103-25	PST059	103	103	25	macchina	macchina	_	_	_	_	_	linguistic	_	none	_	_	_	_	_	_
103-26	PST059	103	103	26	non	non	_	_	_	_	_	linguistic	_	none	_	_	_	_	_	_
103-27	PST059	103	103	27	puoi:	puoi	_	_	_	_	_	linguistic	_	none	_	_	3x1	_	_	_
103-28	PST059	103	103	28	andare	andare	_	_	_	_	_	linguistic	_	none	_	_	_	_	_	_
103-29	PST059	103	103	29	da	da	_	_	_	_	_	linguistic	_	none	_	_	_	_	_	_
103-30	PST059	103	103	30	nessuna	nessuna	_	_	_	_	_	linguistic	_	none	_	_	_	_	_	_
103-31	PST059	103	103	31	parte	parte	_	_	_	_	_	linguistic	_	none	_	End=238.788	_	_	_	_
104-0	PST059	104	104	0	poi	poi	_	_	_	_	_	linguistic	_	none	_	Begin=239.11	_	_	_	_
104-1	PST059	104	104	1	lì	lì	_	_	_	_	_	linguistic	_	none	_	_	_	_	_	_
104-2	PST059	104	104	2	ormai	ormai	_	_	_	_	_	linguistic	_	none	_	_	_	_	_	_
104-3	PST059	104	104	3	son	son	_	_	_	_	_	linguistic	_	none	_	_	_	_	_	_
104-4	PST059	104	104	4	cresciuti	cresciuti	_	_	_	_	_	linguistic	_	none	_	_	_	_	_	_
104-5	PST059	104	104	5	tutti	tutti	_	_	_	_	_	linguistic	_	none	_	_	_	_	_	_
104-6	PST059	104	104	6	non	non	_	_	_	_	_	linguistic	_	none	_	_	_	_	_	_
104-7	PST059	104	104	7	conosci	conosci	_	_	_	_	_	linguistic	_	none	_	_	_	_	_	_
104-8	PST059	104	104	8	più	più	_	_	_	_	_	linguistic	_	none	_	_	_	_	_	_
104-9	PST059	104	104	9	nessuno	nessuno	_	_	_	_	_	linguistic	_	none	_	_	_	_	_	_
104-10	PST059	104	104	10	tutti	tutti	_	_	_	_	_	linguistic	_	none	_	_	_	_	_	_
104-11	PST059	104	104	11	sono	sono	_	_	_	_	_	linguistic	_	none	_	_	_	_	_	_
104-12	PST059	104	104	12	andati	andati	_	_	_	_	_	linguistic	_	none	_	_	_	_	_	_
104-13	PST059	104	104	13	via	via	_	_	_	_	_	linguistic	_	none	_	_	_	_	_	_
104-14	PST059	104	104	14	quelli:	quelli	_	_	_	_	_	linguistic	_	none	_	_	5x1	_	_	_
104-15	PST059	104	104	15	di	di	_	_	_	_	_	linguistic	_	none	PauseAfter=Yes	_	_	_	_	_
104-16	PST059	104	104	16	(.)	(.)	_	_	_	_	_	shortpause	_	none	_	_	_	_	_	_
104-17	PST059	104	104	17	dell'	dell'	_	_	_	_	_	linguistic	_	none	SpaceAfter=No	_	_	_	_	_
104-18	PST059	104	104	18	età	età	_	_	_	_	_	linguistic	_	none	_	_	_	_	_	_
104-19	PST059	104	104	19	mia	mia	_	_	_	_	_	linguistic	_	none	_	_	_	_	_	_
104-20	PST059	104	104	20	quindi	quindi	_	_	_	_	_	linguistic	_	none	_	_	_	_	_	_
104-21	PST059	104	104	21	anche	anche	_	_	_	_	_	linguistic	_	none	_	_	_	_	_	_
104-22	PST059	104	104	22	quando	quando	_	_	_	_	_	linguistic	_	none	_	_	_	_	_	_
104-23	PST059	104	104	23	vado	vado	_	_	_	_	_	linguistic	_	none	_	_	_	_	_	_
104-24	PST059	104	104	24	da	da	_	_	_	_	_	linguistic	_	none	_	_	_	_	_	_
104-25	PST059	104	104	25	mia	mia	_	_	_	_	_	linguistic	_	none	_	_	_	_	_	_
104-26	PST059	104	104	26	madre	madre	_	_	_	_	_	linguistic	_	none	_	_	_	_	_	_
104-27	PST059	104	104	27	non:	non	_	_	_	_	_	linguistic	_	none	_	End=247.081	2x1	_	_	_
105-0	PST059	105	105	0	conosco	conosco	_	_	_	_	_	linguistic	_	none	_	Begin=247.4	_	_	_	_
105-1	PST059	105	105	1	poca	poca	_	_	_	_	_	linguistic	_	none	_	_	_	_	_	_
105-2	PST059	105	105	2	[gente	gente	_	_	_	_	_	linguistic	_	none	_	_	_	_	_	0-5(25)
105-3	PST059	105	105	3	invece]	invece	_	_	_	_	_	linguistic	_	none	_	_	_	_	_	0-6(25)
105-4	PST059	105	105	4	qua	qua	_	_	_	_	_	linguistic	_	none	_	_	_	_	_	_
105-5	PST059	105	105	5	abbiamo	abbiamo	_	_	_	_	_	linguistic	_	none	_	_	_	_	_	_
105-6	PST059	105	105	6	amici	amici	_	_	_	_	_	linguistic	_	none	_	_	_	_	_	_
105-7	PST059	105	105	7	qua:	qua	_	_	_	_	_	linguistic	_	none	_	End=250.223	2x1	_	_	_
106-0	PST212	106	106	0	[a:h]	ah	_	_	_	_	_	linguistic	_	none	_	Begin=248.126|End=248.696	0x1	_	_	0-2(25)
107-0	PST212	107	107	0	e	e	_	_	_	_	_	linguistic	_	none	_	Begin=250.946	_	_	_	_
107-1	PST212	107	107	1	torni	torni	_	_	_	_	_	linguistic	_	none	_	_	_	_	_	_
107-2	PST212	107	107	2	spesso::	spesso	_	_	_	_	_	linguistic	_	none	_	_	5x2	_	_	_
107-3	PST212	107	107	3	in	in	_	_	_	_	_	linguistic	_	none	_	_	_	_	_	_
107-4	PST212	107	107	4	romania	romania	_	_	_	_	_	linguistic	_	none	_	End=252.847	_	_	_	_
108-0	PST059	108	108	0	ad	ad	_	_	_	_	_	linguistic	_	none	_	Begin=253.04	_	_	_	_
108-1	PST059	108	108	1	agosto	agosto	_	_	_	_	_	linguistic	_	none	_	End=254.03	_	_	_	_
109-0	PST212	109	109	0	ogni	ogni	_	_	_	_	_	linguistic	_	none	_	Begin=254.72	_	_	_	_
109-1	PST212	109	109	1	anno	anno	_	_	_	_	_	linguistic	_	none	_	_	_	_	_	_
109-2	PST212	109	109	2	ad	ad	_	_	_	_	_	linguistic	_	none	_	_	_	_	_	_
109-3	PST212	109	109	3	a[gosto]	agosto	_	_	_	_	_	linguistic	_	none	_	End=255.95	_	_	_	1-6(26)
110-0	PST059	110	110	0	[sì]	sì	_	_	_	_	_	linguistic	_	none	_	Begin=255.55|End=255.98	_	_	_	0-2(26)
111-0	PST212	111	111	0	okay	okay	_	_	_	_	_	linguistic	_	none	_	Begin=256.08|End=256.54	_	_	_	_
112-0	PST059	112	112	0	[quando	quando	_	_	_	_	_	linguistic	_	none	_	Begin=256.54	_	_	_	0-6(27)
112-1	PST059	112	112	1	si	si	_	_	_	_	_	linguistic	_	none	_	_	_	_	_	0-2(27)
112-2	PST059	112	112	2	può]	può	_	_	_	_	_	linguistic	_	none	_	End=257.503	_	_	_	0-3(27)
113-0	PST212	113	113	0	[e	e	_	_	_	_	_	linguistic	_	none	_	Begin=256.54	_	_	_	0-1(27)
113-1	PST212	113	113	1	stai	stai	_	_	_	_	_	linguistic	_	none	_	_	_	_	_	0-4(27)
113-2	PST212	113	113	2	lì	lì	_	_	_	_	_	linguistic	_	none	_	_	_	_	_	0-2(27)
113-3	PST212	113	113	3	un]	un	_	_	_	_	_	linguistic	_	none	_	End=257.503	_	_	_	0-2(27)
114-0	PST212	114	114	0	stai	stai	_	_	_	_	_	linguistic	_	none	_	Begin=257.666	_	_	_	_
114-1	PST212	114	114	1	un	un	_	_	_	_	_	linguistic	_	none	_	_	_	_	_	_
114-2	PST212	114	114	2	po'	po'	_	_	_	_	_	linguistic	_	none	_	_	_	_	_	_
114-3	PST212	114	114	3	o::	o	_	_	_	_	_	linguistic	_	none	_	End=258.64	0x2	_	_	_
115-0	PST059	115	115	0	un	un	_	_	_	_	_	linguistic	_	none	_	Begin=259.388	_	_	_	_
115-1	PST059	115	115	1	me:se	mese	_	_	_	_	_	linguistic	_	none	_	_	1x1	_	_	_
115-2	PST059	115	115	2	questa	questa	_	_	_	_	_	linguistic	_	none	_	_	_	_	_	_
115-3	PST059	115	115	3	se:~	se~	_	_	_	_	_	linguistic	_	none	Interrupted=Yes	_	1x1	_	_	_
115-4	PST059	115	115	4	que[st'	quest'	_	_	_	_	_	linguistic	_	none	SpaceAfter=No	_	_	_	_	3-6(28)
115-5	PST059	115	115	5	anno	anno	_	_	_	_	_	linguistic	_	none	_	_	_	_	_	0-4(28)
115-6	PST059	115	115	6	tre	tre	_	_	_	_	_	linguistic	_	none	_	_	_	_	_	0-3(28)
115-7	PST059	115	115	7	s]ettimane	settimane	_	_	_	_	_	linguistic	_	none	_	_	_	_	_	0-1(28)
115-8	PST059	115	115	8	solo	solo	_	_	_	_	_	linguistic	_	none	_	End=262.558	_	_	_	_
116-0	PST212	116	116	0	[okay]	okay	_	_	_	_	_	linguistic	_	none	_	Begin=260.84|End=261.38	_	_	_	0-4(28)
117-0	PST059	117	117	0	e	e	_	_	_	_	_	linguistic	_	none	_	Begin=263.308	_	_	_	_
117-1	PST059	117	117	1	basta	basta	_	_	_	_	_	linguistic	_	none	_	End=264.078	_	_	_	_
118-0	PST212	118	118	0	e	e	_	_	_	_	_	linguistic	_	none	_	Begin=265.57	_	_	_	_
118-1	PST212	118	118	1	in	in	_	_	_	_	_	linguistic	_	none	_	_	_	_	_	_
118-2	PST212	118	118	2	che	che	_	_	_	_	_	linguistic	_	none	_	_	_	_	_	_
118-3	PST212	118	118	3	zona	zona	_	_	_	_	_	linguistic	_	none	_	_	_	_	_	_
118-4	PST212	118	118	4	della:	della	_	_	_	_	_	linguistic	_	none	_	_	4x1	_	_	_
118-5	PST212	118	118	5	da:	da	_	_	_	_	_	linguistic	_	none	_	_	1x1	_	_	_
118-6	PST212	118	118	6	che	che	_	_	_	_	_	linguistic	_	none	_	_	_	_	_	_
118-7	PST212	118	118	7	zona	zona	_	_	_	_	_	linguistic	_	none	_	_	_	_	_	_
118-8	PST212	118	118	8	della	della	_	_	_	_	_	linguistic	_	none	_	_	_	_	_	_
118-9	PST212	118	118	9	romania	romania	_	_	_	_	_	linguistic	_	none	_	_	_	_	_	_
118-10	PST212	118	118	10	vieni	vieni	_	_	_	_	_	linguistic	_	none	_	End=268.83	_	_	_	_
119-0	PST059	119	119	0	e::h	eh	_	_	_	_	_	linguistic	_	none	_	Begin=268.83	0x2	_	_	_
119-1	PST059	119	119	1	suceava	suceava	_	_	_	_	_	linguistic	_	none	_	End=270.21	_	_	_	_
120-0	PST212	120	120	0	e::h	eh	_	_	_	_	_	linguistic	_	none	_	Begin=270.73|End=271.34	0x2	_	_	_
121-0	PST059	121	121	0	al	al	_	_	_	_	_	linguistic	_	none	_	Begin=271.34	_	_	_	_
121-1	PST059	121	121	1	nord	nord	_	_	_	_	_	linguistic	_	none	_	End=271.91	_	_	_	_
122-0	PST212	122	122	0	al	al	_	_	_	_	_	linguistic	_	none	_	Begin=271.927	_	_	_	_
122-1	PST212	122	122	1	nord	nord	_	_	_	_	_	linguistic	_	none	_	_	_	_	_	_
122-2	PST212	122	122	2	okay	okay	_	_	_	_	_	linguistic	_	none	_	End=272.994	_	_	_	_
123-0	PST212	123	123	0	e:	e	_	_	_	_	_	linguistic	_	none	_	Begin=273.93	0x1	_	_	_
123-1	PST212	123	123	1	e	e	_	_	_	_	_	linguistic	_	none	_	_	_	_	_	_
123-2	PST212	123	123	2	quando	quando	_	_	_	_	_	linguistic	_	none	_	_	_	_	_	_
123-3	PST212	123	123	3	torni:	torni	_	_	_	_	_	linguistic	_	none	_	End=275.524	4x1	_	_	_
124-0	PST212	124	124	0	oltre:	oltre	_	_	_	_	_	linguistic	_	none	_	Begin=275.89	4x1	_	_	_
124-1	PST212	124	124	1	il	il	_	_	_	_	_	linguistic	_	none	_	_	_	_	_	_
124-2	PST212	124	124	2	fatto	fatto	_	_	_	_	_	linguistic	_	none	_	_	_	_	_	_
124-3	PST212	124	124	3	che:	che	_	_	_	_	_	linguistic	_	none	_	_	2x1	_	_	_
124-4	PST212	124	124	4	appunto	appunto	_	_	_	_	_	linguistic	_	none	_	_	_	_	_	_
124-5	PST212	124	124	5	magari:	magari	_	_	_	_	_	linguistic	_	none	_	_	5x1	_	_	_
124-6	PST212	124	124	6	non	non	_	_	_	_	_	linguistic	_	none	_	_	_	_	_	_
124-7	PST212	124	124	7	conosci	conosci	_	_	_	_	_	linguistic	_	none	_	_	_	_	_	_
124-8	PST212	124	124	8	più	più	_	_	_	_	_	linguistic	_	none	_	_	_	_	_	_
124-9	PST212	124	124	9	tante	tante	_	_	_	_	_	linguistic	_	none	_	_	_	_	_	_
124-10	PST212	124	124	10	persone	persone	_	_	_	_	_	linguistic	_	none	_	End=280.018	_	_	_	_
125-0	PST212	125	125	0	ti	ti	_	_	_	_	_	linguistic	_	none	_	Begin=280.939	_	_	_	_
125-1	PST212	125	125	1	sembra	sembra	_	_	_	_	_	linguistic	_	none	_	_	_	_	_	_
125-2	PST212	125	125	2	anche	anche	_	_	_	_	_	linguistic	_	none	_	_	_	_	_	_
125-3	PST212	125	125	3	strano:	strano	_	_	_	_	_	linguistic	_	none	_	_	5x1	_	_	_
125-4	PST212	125	125	4	eh	eh	_	_	_	_	_	linguistic	_	none	_	_	_	_	_	_
125-5	PST212	125	125	5	parlare::	parlare	_	_	_	_	_	linguistic	_	none	_	_	6x2	_	_	_
125-6	PST212	125	125	6	rumeno	rumeno	_	_	_	_	_	linguistic	_	none	_	_	_	_	_	_
125-7	PST212	125	125	7	oppure	oppure	_	_	_	_	_	linguistic	_	none	_	_	_	_	_	_
125-8	PST212	125	125	8	no	no	_	_	_	_	_	linguistic	_	none	_	_	_	_	_	_
125-9	PST212	125	125	9	per[ché]	perché	_	_	_	_	_	linguistic	_	none	_	End=285.56	_	_	_	3-6(29)
126-0	PST059	126	126	0	[a	a	_	_	_	_	_	linguistic	_	none	_	Begin=285.189	_	_	_	0-1(29)
126-1	PST059	126	126	1	vo]lte:	volte	_	_	_	_	_	linguistic	_	none	_	_	4x1	_	_	0-2(29)
126-2	PST059	126	126	2	guarda	guarda	_	_	_	_	_	linguistic	_	none	_	_	_	_	_	_
126-3	PST059	126	126	3	sono	sono	_	_	_	_	_	linguistic	_	none	_	_	_	_	_	_
126-4	PST059	126	126	4	parole	parole	_	_	_	_	_	linguistic	_	none	_	_	_	_	_	_
126-5	PST059	126	126	5	che:	che	_	_	_	_	_	linguistic	_	none	_	_	2x1	_	_	_
126-6	PST059	126	126	6	((ride))	((ride))	_	_	_	_	_	nonverbalbehavior	_	none	_	_	_	_	_	_
126-7	PST059	126	126	7	parliamo	parliamo	_	_	_	_	_	linguistic	_	none	_	_	_	_	_	_
126-8	PST059	126	126	8	metà	metà	_	_	_	_	_	linguistic	_	none	_	_	_	_	_	_
126-9	PST059	126	126	9	metà	metà	_	_	_	_	_	linguistic	_	none	_	_	_	_	_	_
126-10	PST059	126	126	10	ma	ma	_	_	_	_	_	linguistic	_	none	_	_	_	_	_	_
126-11	PST059	126	126	11	anche	anche	_	_	_	_	_	linguistic	_	none	_	_	_	_	_	_
126-12	PST059	126	126	12	adesso	adesso	_	_	_	_	_	linguistic	_	none	_	_	_	_	_	_
126-13	PST059	126	126	13	in	in	_	_	_	_	_	linguistic	_	none	_	_	_	_	_	_
126-14	PST059	126	126	14	casa	casa	_	_	_	_	_	linguistic	_	none	_	_	_	_	_	_
126-15	PST059	126	126	15	ci	ci	_	_	_	_	_	linguistic	_	none	_	_	_	_	_	_
126-16	PST059	126	126	16	sono	sono	_	_	_	_	_	linguistic	_	none	_	_	_	_	_	_
126-17	PST059	126	126	17	parole	parole	_	_	_	_	_	linguistic	_	none	_	_	_	_	_	_
126-18	PST059	126	126	18	che	che	_	_	_	_	_	linguistic	_	none	_	_	_	_	_	_
126-19	PST059	126	126	19	escono	escono	_	_	_	_	_	linguistic	_	none	_	_	_	_	_	_
126-20	PST059	126	126	20	più	più	_	_	_	_	_	linguistic	_	none	_	_	_	_	_	_
126-21	PST059	126	126	21	facilmente	facilmente	_	_	_	_	_	linguistic	_	none	_	_	_	_	_	_
126-22	PST059	126	126	22	in	in	_	_	_	_	_	linguistic	_	none	_	_	_	_	_	_
126-23	PST059	126	126	23	italiano	italiano	_	_	_	_	_	linguistic	_	none	_	_	_	_	_	_
126-24	PST059	126	126	24	quindi:	quindi	_	_	_	_	_	linguistic	_	none	_	End=294.57	5x1	_	_	_
127-0	PST212	127	127	0	sì	sì	_	_	_	_	_	linguistic	_	none	_	Begin=294.57	_	_	_	_
127-1	PST212	127	127	1	sì	sì	_	_	_	_	_	linguistic	_	none	_	_	_	_	_	_
127-2	PST212	127	127	2	sì	sì	_	_	_	_	_	linguistic	_	none	_	End=295.32	_	_	_	_
128-0	PST059	128	128	0	e:h	eh	_	_	_	_	_	linguistic	_	none	_	Begin=295.32	0x1	_	_	_
128-1	PST059	128	128	1	quelli	quelli	_	_	_	_	_	linguistic	_	none	_	_	_	_	_	_
128-2	PST059	128	128	2	da	da	_	_	_	_	_	linguistic	_	none	_	_	_	_	_	_
128-3	PST059	128	128	3	casa	casa	_	_	_	_	_	linguistic	_	none	_	_	_	_	_	_
128-4	PST059	128	128	4	che	che	_	_	_	_	_	linguistic	_	none	_	_	_	_	_	_
128-5	PST059	128	128	5	ci	ci	_	_	_	_	_	linguistic	_	none	_	_	_	_	_	_
128-6	PST059	128	128	6	conoscono	conoscono	_	_	_	_	_	linguistic	_	none	_	_	_	_	_	_
128-7	PST059	128	128	7	ormai	ormai	_	_	_	_	_	linguistic	_	none	_	_	_	_	_	_
128-8	PST059	128	128	8	hanno	hanno	_	_	_	_	_	linguistic	_	none	_	_	_	_	_	_
128-9	PST059	128	128	9	capito	capito	_	_	_	_	_	linguistic	_	none	_	End=298.67	_	_	_	_
129-0	PST059	129	129	0	però	però	_	_	_	_	_	linguistic	_	none	_	Begin=299.03	_	_	_	_
129-1	PST059	129	129	1	sì	sì	_	_	_	_	_	linguistic	_	none	_	_	_	_	_	_
129-2	PST059	129	129	2	quando	quando	_	_	_	_	_	linguistic	_	none	_	_	_	_	_	_
129-3	PST059	129	129	3	vai	vai	_	_	_	_	_	linguistic	_	none	_	_	_	_	_	_
129-4	PST059	129	129	4	in	in	_	_	_	_	_	linguistic	_	none	_	_	_	_	_	_
129-5	PST059	129	129	5	un	un	_	_	_	_	_	linguistic	_	none	_	_	_	_	_	_
129-6	PST059	129	129	6	negozio	negozio	_	_	_	_	_	linguistic	_	none	_	_	_	_	_	_
129-7	PST059	129	129	7	io	io	_	_	_	_	_	linguistic	_	none	_	_	_	_	_	_
129-8	PST059	129	129	8	quando	quando	_	_	_	_	_	linguistic	_	none	_	_	_	_	_	_
129-9	PST059	129	129	9	sono	sono	_	_	_	_	_	linguistic	_	none	_	_	_	_	_	_
129-10	PST059	129	129	10	andata	andata	_	_	_	_	_	linguistic	_	none	_	_	_	_	_	_
129-11	PST059	129	129	11	prima:	prima	_	_	_	_	_	linguistic	_	none	_	_	4x1	_	_	_
129-12	PST059	129	129	12	prima	prima	_	_	_	_	_	linguistic	_	none	_	_	_	_	_	_
129-13	PST059	129	129	13	volta	volta	_	_	_	_	_	linguistic	_	none	_	_	_	_	_	_
129-14	PST059	129	129	14	dopo	dopo	_	_	_	_	_	linguistic	_	none	_	_	_	_	_	_
129-15	PST059	129	129	15	quattro	quattro	_	_	_	_	_	linguistic	_	none	_	_	_	_	_	_
129-16	PST059	129	129	16	anni	anni	_	_	_	_	_	linguistic	_	none	_	_	_	_	_	_
129-17	PST059	129	129	17	non	non	_	_	_	_	_	linguistic	_	none	_	_	_	_	_	_
129-18	PST059	129	129	18	ero	ero	_	_	_	_	_	linguistic	_	none	_	_	_	_	_	_
129-19	PST059	129	129	19	capace	capace	_	_	_	_	_	linguistic	_	none	_	_	_	_	_	_
129-20	PST059	129	129	20	a	a	_	_	_	_	_	linguistic	_	none	_	_	_	_	_	_
129-21	PST059	129	129	21	chiedere	chiedere	_	_	_	_	_	linguistic	_	none	_	_	_	_	_	_
129-22	PST059	129	129	22	una	una	_	_	_	_	_	linguistic	_	none	_	_	_	_	_	_
129-23	PST059	129	129	23	bottiglia	bottiglia	_	_	_	_	_	linguistic	_	none	_	_	_	_	_	_
129-24	PST059	129	129	24	d'	d'	_	_	_	_	_	linguistic	_	none	SpaceAfter=No	_	_	_	_	_
129-25	PST059	129	129	25	acqua	acqua	_	_	_	_	_	linguistic	_	none	_	End=306.034	_	_	_	_
130-0	PST059	130	130	0	poi	poi	_	_	_	_	_	linguistic	_	none	_	Begin=306.577	_	_	_	_
130-1	PST059	130	130	1	lui	lui	_	_	_	_	_	linguistic	_	none	_	_	_	_	_	_
130-2	PST059	130	130	2	mi	mi	_	_	_	_	_	linguistic	_	none	_	_	_	_	_	_
130-3	PST059	130	130	3	manda	manda	_	_	_	_	_	linguistic	_	none	_	_	_	_	_	_
130-4	PST059	130	130	4	mi	mi	_	_	_	_	_	linguistic	_	none	_	_	_	_	_	_
130-5	PST059	130	130	5	dice	dice	_	_	_	_	_	linguistic	_	none	_	_	_	_	_	_
130-6	PST059	130	130	6	vai	vai	_	_	_	_	_	linguistic	_	none	_	_	_	_	_	_
130-7	PST059	130	130	7	a	a	_	_	_	_	_	linguistic	_	none	_	_	_	_	_	_
130-8	PST059	130	130	8	prendere	prendere	_	_	_	_	_	linguistic	_	none	_	_	_	_	_	_
130-9	PST059	130	130	9	un	un	_	_	_	_	_	linguistic	_	none	_	_	_	_	_	_
130-10	PST059	130	130	10	pacco	pacco	_	_	_	_	_	linguistic	_	none	_	_	_	_	_	_
130-11	PST059	130	130	11	di	di	_	_	_	_	_	linguistic	_	none	_	_	_	_	_	_
130-12	PST059	130	130	12	sigarette	sigarette	_	_	_	_	_	linguistic	_	none	_	_	_	_	_	_
130-13	PST059	130	130	13	e	e	_	_	_	_	_	linguistic	_	none	_	_	_	_	_	_
130-14	PST059	130	130	14	io	io	_	_	_	_	_	linguistic	_	none	_	_	_	_	_	_
130-15	PST059	130	130	15	cercavo	cercavo	_	_	_	_	_	linguistic	_	none	_	_	_	_	_	_
130-16	PST059	130	130	16	sto	sto	_	_	_	_	_	linguistic	_	none	_	_	_	_	_	_
130-17	PST059	130	130	17	tabaccaio	tabaccaio	_	_	_	_	_	linguistic	_	none	_	_	_	_	_	_
130-18	PST059	130	130	18	da	da	_	_	_	_	_	linguistic	_	none	_	_	_	_	_	_
130-19	PST059	130	130	19	noi:	noi	_	_	_	_	_	linguistic	_	none	_	_	2x1	_	_	_
130-20	PST059	130	130	20	non	non	_	_	_	_	_	linguistic	_	none	_	_	_	_	_	_
130-21	PST059	130	130	21	in	in	_	_	_	_	_	linguistic	_	none	_	_	_	_	_	_
130-22	PST059	130	130	22	negozio	negozio	_	_	_	_	_	linguistic	_	none	_	_	_	_	_	_
130-23	PST059	130	130	23	ci	ci	_	_	_	_	_	linguistic	_	none	_	_	_	_	_	_
130-24	PST059	130	130	24	sono	sono	_	_	_	_	_	linguistic	_	none	_	_	_	_	_	_
130-25	PST059	130	130	25	le:	le	_	_	_	_	_	linguistic	_	none	_	_	1x1	_	_	_
130-26	PST059	130	130	26	sigarette	sigarette	_	_	_	_	_	linguistic	_	none	_	_	_	_	_	_
130-27	PST059	130	130	27	ma	ma	_	_	_	_	_	linguistic	_	none	_	_	_	_	_	_
130-28	PST059	130	130	28	io	io	_	_	_	_	_	linguistic	_	none	_	_	_	_	_	_
130-29	PST059	130	130	29	non	non	_	_	_	_	_	linguistic	_	none	_	_	_	_	_	_
130-30	PST059	130	130	30	or[mai	ormai	_	_	_	_	_	linguistic	_	none	_	_	_	_	_	2-5(30)
130-31	PST059	130	130	31	avevo	avevo	_	_	_	_	_	linguistic	_	none	_	_	_	_	_	0-5(30)
130-32	PST059	130	130	32	perso	perso	_	_	_	_	_	linguistic	_	none	_	_	_	_	_	0-5(30)
130-33	PST059	130	130	33	tutto]	tutto	_	_	_	_	_	linguistic	_	none	_	_	_	_	_	0-5(30)
130-34	PST059	130	130	34	il	il	_	_	_	_	_	linguistic	_	none	_	End=316.025	_	_	_	_
131-0	PST212	131	131	0	[a:h	ah	_	_	_	_	_	linguistic	_	none	_	Begin=314.35	0x1	_	_	0-2(30)
131-1	PST212	131	131	1	okay]	okay	_	_	_	_	_	linguistic	_	none	_	End=315.72	_	_	_	0-4(30)
132-0	PST212	132	132	0	come	come	_	_	_	_	_	linguistic	_	none	_	Begin=316.025	_	_	_	_
132-1	PST212	132	132	1	al	al	_	_	_	_	_	linguistic	_	none	_	_	_	_	_	_
132-2	PST212	132	132	2	supermerca[to],	supermercato	_	_	_	_	_	linguistic	_	none	Intonation=WeaklyRising	End=317.36	_	_	_	10-12(31)
133-0	PST059	133	133	0	[sì]	sì	_	_	_	_	_	linguistic	_	none	_	Begin=317.16|End=317.607	_	_	_	0-2(31)
134-0	PST059	134	134	0	e	e	_	_	_	_	_	linguistic	_	none	_	Begin=317.607	_	_	_	_
134-1	PST059	134	134	1	quindi:	quindi	_	_	_	_	_	linguistic	_	none	_	_	5x1	_	_	_
134-2	PST059	134	134	2	cercavo	cercavo	_	_	_	_	_	linguistic	_	none	_	_	_	_	_	_
134-3	PST059	134	134	3	sto	sto	_	_	_	_	_	linguistic	_	none	_	_	_	_	_	_
134-4	PST059	134	134	4	tabaccaio	tabaccaio	_	_	_	_	_	linguistic	_	none	_	_	_	_	_	_
134-5	PST059	134	134	5	non	non	_	_	_	_	_	linguistic	_	none	_	_	_	_	_	_
134-6	PST059	134	134	6	trovavo	trovavo	_	_	_	_	_	linguistic	_	none	_	_	_	_	_	_
134-7	PST059	134	134	7	mezz'	mezz'	_	_	_	_	_	linguistic	_	none	SpaceAfter=No	_	_	_	_	_
134-8	PST059	134	134	8	ora	ora	_	_	_	_	_	linguistic	_	none	_	_	_	_	_	_
134-9	PST059	134	134	9	che	che	_	_	_	_	_	linguistic	_	none	_	_	_	_	_	_
134-10	PST059	134	134	10	ho	ho	_	_	_	_	_	linguistic	_	none	_	_	_	_	_	_
134-11	PST059	134	134	11	girato	girato	_	_	_	_	_	linguistic	_	none	_	_	_	_	_	_
134-12	PST059	134	134	12	girato	girato	_	_	_	_	_	linguistic	_	none	_	_	_	_	_	_
134-13	PST059	134	134	13	poi	poi	_	_	_	_	_	linguistic	_	none	_	_	_	_	_	_
134-14	PST059	134	134	14	ho	ho	_	_	_	_	_	linguistic	_	none	_	_	_	_	_	_
134-15	PST059	134	134	15	chiesto	chiesto	_	_	_	_	_	linguistic	_	none	_	_	_	_	_	_
134-16	PST059	134	134	16	a	a	_	_	_	_	_	linguistic	_	none	_	_	_	_	_	_
134-17	PST059	134	134	17	una	una	_	_	_	_	_	linguistic	_	none	_	_	_	_	_	_
134-18	PST059	134	134	18	persona	persona	_	_	_	_	_	linguistic	_	none	_	_	_	_	_	_
134-19	PST059	134	134	19	dice	dice	_	_	_	_	_	linguistic	_	none	_	_	_	_	_	_
134-20	PST059	134	134	20	signora	signora	_	_	_	_	_	linguistic	_	none	_	_	_	_	_	_
134-21	PST059	134	134	21	entra	entra	_	_	_	_	_	linguistic	_	none	_	_	_	_	_	_
134-22	PST059	134	134	22	lì	lì	_	_	_	_	_	linguistic	_	none	_	_	_	_	_	_
134-23	PST059	134	134	23	in	in	_	_	_	_	_	linguistic	_	none	_	_	_	_	_	_
134-24	PST059	134	134	24	negozio	negozio	_	_	_	_	_	linguistic	_	none	_	_	_	_	_	_
134-25	PST059	134	134	25	che	che	_	_	_	_	_	linguistic	_	none	_	_	_	_	_	_
134-26	PST059	134	134	26	ci	ci	_	_	_	_	_	linguistic	_	none	_	_	_	_	_	_
134-27	PST059	134	134	27	sono	sono	_	_	_	_	_	linguistic	_	none	_	_	_	_	_	_
134-28	PST059	134	134	28	e	e	_	_	_	_	_	linguistic	_	none	_	_	_	_	_	_
134-29	PST059	134	134	29	io	io	_	_	_	_	_	linguistic	_	none	_	_	_	_	_	_
134-30	PST059	134	134	30	come:	come	_	_	_	_	_	linguistic	_	none	_	_	3x1	_	_	_
134-31	PST059	134	134	31	una	una	_	_	_	_	_	linguistic	_	none	_	_	_	_	_	_
134-32	PST059	134	134	32	de~	de~	_	_	_	_	_	linguistic	_	none	Interrupted=Yes	_	_	_	_	_
134-33	PST059	134	134	33	((ride))	((ride))	_	_	_	_	_	nonverbalbehavior	_	none	_	End=327.1585	_	_	_	_
135-0	PST212	135	135	0	sì	sì	_	_	_	_	_	linguistic	_	none	_	Begin=327.1585	_	_	_	_
135-1	PST212	135	135	1	sì	sì	_	_	_	_	_	linguistic	_	none	_	_	_	_	_	_
135-2	PST212	135	135	2	sì	sì	_	_	_	_	_	linguistic	_	none	_	End=327.98850000000004	_	_	_	_
136-0	PST059	136	136	0	perché	perché	_	_	_	_	_	linguistic	_	none	_	Begin=327.98850000000004	_	_	_	_
136-1	PST059	136	136	1	abituata	abituata	_	_	_	_	_	linguistic	_	none	_	_	_	_	_	_
136-2	PST059	136	136	2	come	come	_	_	_	_	_	linguistic	_	none	_	_	_	_	_	_
136-3	PST059	136	136	3	qua	qua	_	_	_	_	_	linguistic	_	none	_	_	_	_	_	_
136-4	PST059	136	136	4	vai	vai	_	_	_	_	_	linguistic	_	none	_	_	_	_	_	_
136-5	PST059	136	136	5	al	al	_	_	_	_	_	linguistic	_	none	_	_	_	_	_	_
136-6	PST059	136	136	6	tabaccaio	tabaccaio	_	_	_	_	_	linguistic	_	none	_	_	_	_	_	_
136-7	PST059	136	136	7	a	a	_	_	_	_	_	linguistic	_	none	_	_	_	_	_	_
136-8	PST059	136	136	8	prendere	prendere	_	_	_	_	_	linguistic	_	none	_	_	_	_	_	_
136-9	PST059	136	136	9	le	le	_	_	_	_	_	linguistic	_	none	_	_	_	_	_	_
136-10	PST059	136	136	10	sigarette	sigarette	_	_	_	_	_	linguistic	_	none	_	_	_	_	_	_
136-11	PST059	136	136	11	non	non	_	_	_	_	_	linguistic	_	none	_	_	_	_	_	_
136-12	PST059	136	136	12	è	è	_	_	_	_	_	linguistic	_	none	_	_	_	_	_	_
136-13	PST059	136	136	13	che	che	_	_	_	_	_	linguistic	_	none	_	_	_	_	_	_
136-14	PST059	136	136	14	vai	vai	_	_	_	_	_	linguistic	_	none	_	_	_	_	_	_
136-15	PST059	136	136	15	dappertutto	dappertutto	_	_	_	_	_	linguistic	_	none	_	_	_	_	_	_
136-16	PST059	136	136	16	quindi:	quindi	_	_	_	_	_	linguistic	_	none	_	End=333.04	5x1	_	_	_
137-0	PST212	137	137	0	[certo]	certo	_	_	_	_	_	linguistic	_	none	_	Begin=333.57|End=334.27	_	_	_	0-5(32)
138-0	PST059	138	138	0	[una	una	_	_	_	_	_	linguistic	_	none	_	Begin=333.595	_	_	_	0-3(32)
138-1	PST059	138	138	1	cosa]:	cosa	_	_	_	_	_	linguistic	_	none	_	End=335.055	3x1	_	_	0-4(32)
139-0	PST212	139	139	0	e	e	_	_	_	_	_	linguistic	_	none	_	Begin=336.41	_	_	_	_
139-1	PST212	139	139	1	quindi	quindi	_	_	_	_	_	linguistic	_	none	_	_	_	_	_	_
139-2	PST212	139	139	2	mi	mi	_	_	_	_	_	linguistic	_	none	_	_	_	_	_	_
139-3	PST212	139	139	3	dicevi	dicevi	_	_	_	_	_	linguistic	_	none	_	_	_	_	_	_
139-4	PST212	139	139	4	che	che	_	_	_	_	_	linguistic	_	none	_	_	_	_	_	_
139-5	PST212	139	139	5	anche	anche	_	_	_	_	_	linguistic	_	none	_	_	_	_	_	_
139-6	PST212	139	139	6	a	a	_	_	_	_	_	linguistic	_	none	_	_	_	_	_	_
139-7	PST212	139	139	7	casa	casa	_	_	_	_	_	linguistic	_	none	_	End=338.19	_	_	_	_
140-0	PST212	140	140	0	qui	qui	_	_	_	_	_	linguistic	_	none	_	Begin=338.19	_	_	_	_
140-1	PST212	140	140	1	in	in	_	_	_	_	_	linguistic	_	none	_	_	_	_	_	_
140-2	PST212	140	140	2	italia	italia	_	_	_	_	_	linguistic	_	none	_	_	_	_	_	_
140-3	PST212	140	140	3	parlate	parlate	_	_	_	_	_	linguistic	_	none	_	_	_	_	_	_
140-4	PST212	140	140	4	un	un	_	_	_	_	_	linguistic	_	none	_	_	_	_	_	_
140-5	PST212	140	140	5	po'	po'	_	_	_	_	_	linguistic	_	none	_	_	_	_	_	_
140-6	PST212	140	140	6	rumeno	rumeno	_	_	_	_	_	linguistic	_	none	_	_	_	_	_	_
140-7	PST212	140	140	7	un	un	_	_	_	_	_	linguistic	_	none	_	_	_	_	_	_
140-8	PST212	140	140	8	[po'	po'	_	_	_	_	_	linguistic	_	none	_	_	_	_	_	0-3(33)
140-9	PST212	140	140	9	italiano]	italiano	_	_	_	_	_	linguistic	_	none	_	End=341.399	_	_	_	0-8(33)
141-0	PST059	141	141	0	[sì	sì	_	_	_	_	_	linguistic	_	none	_	Begin=340.52	_	_	_	0-2(33)
141-1	PST059	141	141	1	sì:]	sì	_	_	_	_	_	linguistic	_	none	_	End=341.42	1x1	_	_	0-2(33)
142-0	PST212	142	142	0	ad	ad	_	_	_	_	_	linguistic	_	none	_	Begin=341.759	_	_	_	_
142-1	PST212	142	142	1	esempio	esempio	_	_	_	_	_	linguistic	_	none	_	_	_	_	_	_
142-2	PST212	142	142	2	con	con	_	_	_	_	_	linguistic	_	none	_	_	_	_	_	_
142-3	PST212	142	142	3	tuo	tuo	_	_	_	_	_	linguistic	_	none	_	_	_	_	_	_
142-4	PST212	142	142	4	marito	marito	_	_	_	_	_	linguistic	_	none	_	_	_	_	_	_
142-5	PST212	142	142	5	parli:	parli	_	_	_	_	_	linguistic	_	none	_	End=343.899	4x1	_	_	_
143-0	PST212	143	143	0	più	più	_	_	_	_	_	linguistic	_	none	_	Begin=344.25	_	_	_	_
143-1	PST212	143	143	1	una	una	_	_	_	_	_	linguistic	_	none	_	_	_	_	_	_
143-2	PST212	143	143	2	lingua	lingua	_	_	_	_	_	linguistic	_	none	_	_	_	_	_	_
143-3	PST212	143	143	3	o	o	_	_	_	_	_	linguistic	_	none	_	_	_	_	_	_
143-4	PST212	143	143	4	più	più	_	_	_	_	_	linguistic	_	none	_	_	_	_	_	_
143-5	PST212	143	143	5	un'	un'	_	_	_	_	_	linguistic	_	none	SpaceAfter=No	_	_	_	_	_
143-6	PST212	143	143	6	altra:	altra	_	_	_	_	_	linguistic	_	none	_	_	4x1	_	_	_
143-7	PST212	143	143	7	o:	o	_	_	_	_	_	linguistic	_	none	_	_	0x1	_	_	_
143-8	PST212	143	143	8	o	o	_	_	_	_	_	linguistic	_	none	_	_	_	_	_	_
143-9	PST212	143	143	9	[sempre	sempre	_	_	_	_	_	linguistic	_	none	_	_	_	_	_	0-6(34)
143-10	PST212	143	143	10	un	un	_	_	_	_	_	linguistic	_	none	_	_	_	_	_	0-2(34)
143-11	PST212	143	143	11	mix]	mix	_	_	_	_	_	linguistic	_	none	_	End=347.654	_	_	_	0-3(34)
144-0	PST059	144	144	0	[m::a	ma	_	_	_	_	_	linguistic	_	none	_	Begin=345.837	0x2	_	_	0-2(34)
144-1	PST059	144	144	1	no:]	no	_	_	_	_	_	linguistic	_	none	_	_	1x1	_	_	0-2(34)
144-2	PST059	144	144	2	sì:	sì	_	_	_	_	_	linguistic	_	none	_	_	1x1	_	_	_
144-3	PST059	144	144	3	s~	s~	_	_	_	_	_	linguistic	_	none	Interrupted=Yes	End=347.657	_	_	_	_
145-0	PST059	145	145	0	sempre	sempre	_	_	_	_	_	linguistic	_	none	_	Begin=347.657	_	_	_	_
145-1	PST059	145	145	1	un:	un	_	_	_	_	_	linguistic	_	none	_	End=348.73	1x1	_	_	_
146-0	PST059	146	146	0	come	come	_	_	_	_	_	linguistic	_	none	_	Begin=349.17	_	_	_	_
146-1	PST059	146	146	1	esce	esce	_	_	_	_	_	linguistic	_	none	_	_	_	_	_	_
146-2	PST059	146	146	2	più	più	_	_	_	_	_	linguistic	_	none	_	_	_	_	_	_
146-3	PST059	146	146	3	faci[le	facile	_	_	_	_	_	linguistic	_	none	_	_	_	_	_	4-6(35)
146-4	PST059	146	146	4	come:	come	_	_	_	_	_	linguistic	_	none	_	_	3x1	_	_	0-4(35)
146-5	PST059	146	146	5	s]ì	sì	_	_	_	_	_	linguistic	_	none	_	_	_	_	_	0-1(35)
146-6	PST059	146	146	6	s[ì	sì	_	_	_	_	_	linguistic	_	none	_	_	_	_	_	1-2(36)
146-7	PST059	146	146	7	non]	non	_	_	_	_	_	linguistic	_	none	_	End=351.986	_	_	_	0-3(36)
147-0	PST212	147	147	0	[ah	ah	_	_	_	_	_	linguistic	_	none	_	Begin=350.32	_	_	_	0-2(35)
147-1	PST212	147	147	1	sì]?	sì	_	_	_	_	_	linguistic	_	none	Intonation=Rising	End=351.08	_	_	_	0-2(35)
148-0	PST212	148	148	0	[ma	ma	_	_	_	_	_	linguistic	_	none	_	Begin=351.353	_	_	_	0-2(36)
148-1	PST212	148	148	1	e]	e	_	_	_	_	_	linguistic	_	none	_	_	_	_	_	0-1(36)
148-2	PST212	148	148	2	ad	ad	_	_	_	_	_	linguistic	_	none	_	_	_	_	_	_
148-3	PST212	148	148	3	esempio	esempio	_	_	_	_	_	linguistic	_	none	_	_	_	_	_	_
148-4	PST212	148	148	4	ti	ti	_	_	_	_	_	linguistic	_	none	_	_	_	_	_	_
148-5	PST212	148	148	5	viene	viene	_	_	_	_	_	linguistic	_	none	_	_	_	_	_	_
148-6	PST212	148	148	6	in	in	_	_	_	_	_	linguistic	_	none	_	_	_	_	_	_
148-7	PST212	148	148	7	mente	mente	_	_	_	_	_	linguistic	_	none	_	_	_	_	_	_
148-8	PST212	148	148	8	qualche	qualche	_	_	_	_	_	linguistic	_	none	_	_	_	_	_	_
148-9	PST212	148	148	9	argomento	argomento	_	_	_	_	_	linguistic	_	none	_	_	_	_	_	_
148-10	PST212	148	148	10	che:	che	_	_	_	_	_	linguistic	_	none	_	End=354.569	2x1	_	_	_
149-0	PST212	149	149	0	ti	ti	_	_	_	_	_	linguistic	_	none	_	Begin=354.75	_	_	_	_
149-1	PST212	149	149	1	viene	viene	_	_	_	_	_	linguistic	_	none	_	_	_	_	_	_
149-2	PST212	149	149	2	più	più	_	_	_	_	_	linguistic	_	none	_	_	_	_	_	_
149-3	PST212	149	149	3	semplice:	semplice	_	_	_	_	_	linguistic	_	none	_	_	7x1	_	_	_
149-4	PST212	149	149	4	m:h	mh	_	_	_	_	_	linguistic	_	none	_	End=356.79	0x1	_	_	_
150-0	PST212	150	150	0	da:	da	_	_	_	_	_	linguistic	_	none	_	Begin=357.0	1x1	_	_	_
150-1	PST212	150	150	1	diciamo	diciamo	_	_	_	_	_	linguistic	_	none	_	_	_	_	_	_
150-2	PST212	150	150	2	discutere	discutere	_	_	_	_	_	linguistic	_	none	_	_	_	_	_	_
150-3	PST212	150	150	3	in	in	_	_	_	_	_	linguistic	_	none	_	_	_	_	_	_
150-4	PST212	150	150	4	italia:no:,	italiano	_	_	_	_	_	linguistic	_	none	Intonation=WeaklyRising	End=359.93	5x1,7x1	_	_	_
151-0	PST059	151	151	0	eh	eh	_	_	_	_	_	linguistic	_	none	_	Begin=360.75	_	_	_	_
151-1	PST059	151	151	1	io	io	_	_	_	_	_	linguistic	_	none	_	_	_	_	_	_
151-2	PST059	151	151	2	inizio	inizio	_	_	_	_	_	linguistic	_	none	_	_	_	_	_	_
151-3	PST059	151	151	3	pe:~	pe~	_	_	_	_	_	linguistic	_	none	Interrupted=Yes	_	1x1	_	_	_
151-4	PST059	151	151	4	poi	poi	_	_	_	_	_	linguistic	_	none	_	_	_	_	_	_
151-5	PST059	151	151	5	ci	ci	_	_	_	_	_	linguistic	_	none	_	_	_	_	_	_
151-6	PST059	151	151	6	sono	sono	_	_	_	_	_	linguistic	_	none	_	_	_	_	_	_
151-7	PST059	151	151	7	parole	parole	_	_	_	_	_	linguistic	_	none	_	_	_	_	_	_
151-8	PST059	151	151	8	in	in	_	_	_	_	_	linguistic	_	none	_	_	_	_	_	_
151-9	PST059	151	151	9	rumeno	rumeno	_	_	_	_	_	linguistic	_	none	_	_	_	_	_	_
151-10	PST059	151	151	10	che	che	_	_	_	_	_	linguistic	_	none	_	_	_	_	_	_
151-11	PST059	151	151	11	no	no	_	_	_	_	_	linguistic	_	none	_	_	_	_	_	_
151-12	PST059	151	151	12	li:	li	_	_	_	_	_	linguistic	_	none	_	_	1x1	_	_	_
151-13	PST059	151	151	13	ormai	ormai	_	_	_	_	_	linguistic	_	none	_	_	_	_	_	_
151-14	PST059	151	151	14	li	li	_	_	_	_	_	linguistic	_	none	_	_	_	_	_	_
151-15	PST059	151	151	15	ho	ho	_	_	_	_	_	linguistic	_	none	_	_	_	_	_	_
151-16	PST059	151	151	16	persi	persi	_	_	_	_	_	linguistic	_	none	_	_	_	_	_	_
151-17	PST059	151	151	17	non:	non	_	_	_	_	_	linguistic	_	none	_	_	2x1	_	_	_
151-18	PST059	151	151	18	non	non	_	_	_	_	_	linguistic	_	none	_	_	_	_	_	_
151-19	PST059	151	151	19	mi	mi	_	_	_	_	_	linguistic	_	none	_	_	_	_	_	_
151-20	PST059	151	151	20	vengono	vengono	_	_	_	_	_	linguistic	_	none	_	_	_	_	_	_
151-21	PST059	151	151	21	quindi	quindi	_	_	_	_	_	linguistic	_	none	_	_	_	_	_	_
151-22	PST059	151	151	22	mi	mi	_	_	_	_	_	linguistic	_	none	_	_	_	_	_	_
151-23	PST059	151	151	23	esce	esce	_	_	_	_	_	linguistic	_	none	_	_	_	_	_	_
151-24	PST059	151	151	24	la	la	_	_	_	_	_	linguistic	_	none	_	_	_	_	_	_
151-25	PST059	151	151	25	parola	parola	_	_	_	_	_	linguistic	_	none	_	_	_	_	_	_
151-26	PST059	151	151	26	in	in	_	_	_	_	_	linguistic	_	none	_	_	_	_	_	_
151-27	PST059	151	151	27	italiano	italiano	_	_	_	_	_	linguistic	_	none	_	_	_	_	_	_
151-28	PST059	151	151	28	inizio	inizio	_	_	_	_	_	linguistic	_	none	_	_	_	_	_	_
151-29	PST059	151	151	29	in	in	_	_	_	_	_	linguistic	_	none	_	_	_	_	_	_
151-30	PST059	151	151	30	rumeno	rumeno	_	_	_	_	_	linguistic	_	none	_	_	_	_	_	_
151-31	PST059	151	151	31	poi	poi	_	_	_	_	_	linguistic	_	none	_	_	_	_	_	_
151-32	PST059	151	151	32	finisco	finisco	_	_	_	_	_	linguistic	_	none	_	_	_	_	_	_
151-33	PST059	151	151	33	in	in	_	_	_	_	_	linguistic	_	none	_	_	_	_	_	_
151-34	PST059	151	151	34	italiano	italiano	_	_	_	_	_	linguistic	_	none	_	_	_	_	_	_
151-35	PST059	151	151	35	((ridendo))	((ridendo))	_	_	_	_	_	nonverbalbehavior	_	none	_	End=371.15	_	_	_	_
152-0	PST059	152	152	0	e:h	eh	_	_	_	_	_	linguistic	_	none	_	Begin=371.79|End=372.62	0x1	_	_	_
153-0	PST059	153	153	0	non	non	_	_	_	_	_	linguistic	_	none	_	Begin=373.43	_	_	_	_
153-1	PST059	153	153	1	è	è	_	_	_	_	_	linguistic	_	none	_	_	_	_	_	_
153-2	PST059	153	153	2	una	una	_	_	_	_	_	linguistic	_	none	_	_	_	_	_	_
153-3	PST059	153	153	3	cosa	cosa	_	_	_	_	_	linguistic	_	none	_	_	_	_	_	_
153-4	PST059	153	153	4	che:	che	_	_	_	_	_	linguistic	_	none	_	_	2x1	_	_	_
153-5	PST059	153	153	5	non	non	_	_	_	_	_	linguistic	_	none	_	_	_	_	_	_
153-6	PST059	153	153	6	la	la	_	_	_	_	_	linguistic	_	none	_	_	_	_	_	_
153-7	PST059	153	153	7	faccio	faccio	_	_	_	_	_	linguistic	_	none	_	_	_	_	_	_
153-8	PST059	153	153	8	che	che	_	_	_	_	_	linguistic	_	none	_	_	_	_	_	_
153-9	PST059	153	153	9	la	la	_	_	_	_	_	linguistic	_	none	_	_	_	_	_	_
153-10	PST059	153	153	10	voglio	voglio	_	_	_	_	_	linguistic	_	none	_	_	_	_	_	_
153-11	PST059	153	153	11	io	io	_	_	_	_	_	linguistic	_	none	_	_	_	_	_	_
153-12	PST059	153	153	12	solo	solo	_	_	_	_	_	linguistic	_	none	_	_	_	_	_	_
153-13	PST059	153	153	13	che	che	_	_	_	_	_	linguistic	_	none	_	_	_	_	_	_
153-14	PST059	153	153	14	m:i	mi	_	_	_	_	_	linguistic	_	none	_	_	0x1	_	_	_
153-15	PST059	153	153	15	arriva	arriva	_	_	_	_	_	linguistic	_	none	_	_	_	_	_	_
153-16	PST059	153	153	16	spontaneo	spontaneo	_	_	_	_	_	linguistic	_	none	_	_	_	_	_	_
153-17	PST059	153	153	17	mi::	mi	_	_	_	_	_	linguistic	_	none	_	End=379.192	1x2	_	_	_
154-0	PST212	154	154	0	cer[to	certo	_	_	_	_	_	linguistic	_	none	_	Begin=379.436	_	_	_	3-5(37)
154-1	PST212	154	154	1	eh]	eh	_	_	_	_	_	linguistic	_	none	_	End=380.24	_	_	_	0-2(37)
155-0	PST059	155	155	0	[parte	parte	_	_	_	_	_	linguistic	_	none	_	Begin=379.6	_	_	_	0-5(37)
155-1	PST059	155	155	1	cos]ì	così	_	_	_	_	_	linguistic	_	none	_	_	_	_	_	0-3(37)
155-2	PST059	155	155	2	non:	non	_	_	_	_	_	linguistic	_	none	_	End=381.294	2x1	_	_	_
156-0	PST059	156	156	0	sì	sì	_	_	_	_	_	linguistic	_	none	_	Begin=381.712	_	_	_	_
156-1	PST059	156	156	1	è	è	_	_	_	_	_	linguistic	_	none	_	_	_	_	_	_
156-2	PST059	156	156	2	giusto	giusto	_	_	_	_	_	linguistic	_	none	_	_	_	_	_	_
156-3	PST059	156	156	3	quando	quando	_	_	_	_	_	linguistic	_	none	_	_	_	_	_	_
156-4	PST059	156	156	4	vado	vado	_	_	_	_	_	linguistic	_	none	_	_	_	_	_	_
156-5	PST059	156	156	5	a	a	_	_	_	_	_	linguistic	_	none	_	_	_	_	_	_
156-6	PST059	156	156	6	casa	casa	_	_	_	_	_	linguistic	_	none	_	_	_	_	_	_
156-7	PST059	156	156	7	per	per	_	_	_	_	_	linguistic	_	none	_	_	_	_	_	_
156-8	PST059	156	156	8	sgridare	sgridare	_	_	_	_	_	linguistic	_	none	_	_	_	_	_	_
156-9	PST059	156	156	9	i	i	_	_	_	_	_	linguistic	_	none	_	_	_	_	_	_
156-10	PST059	156	156	10	ragazzi	ragazzi	_	_	_	_	_	linguistic	_	none	_	_	_	_	_	_
156-11	PST059	156	156	11	li:	li	_	_	_	_	_	linguistic	_	none	_	_	1x1	_	_	_
156-12	PST059	156	156	12	sgrido	sgrido	_	_	_	_	_	linguistic	_	none	_	_	_	_	_	_
156-13	PST059	156	156	13	in	in	_	_	_	_	_	linguistic	_	none	_	_	_	_	_	_
156-14	PST059	156	156	14	italiano	italiano	_	_	_	_	_	linguistic	_	none	_	_	_	_	_	_
156-15	PST059	156	156	15	così	così	_	_	_	_	_	linguistic	_	none	_	_	_	_	_	_
156-16	PST059	156	156	16	nessuno	nessuno	_	_	_	_	_	linguistic	_	none	_	_	_	_	_	_
156-17	PST059	156	156	17	mi	mi	_	_	_	_	_	linguistic	_	none	_	_	_	_	_	_
156-18	PST059	156	156	18	capi:sce:	capisce	_	_	_	_	_	linguistic	_	none	_	_	3x1,6x1	_	_	_
156-19	PST059	156	156	19	((ridendo))	((ridendo))	_	_	_	_	_	nonverbalbehavior	_	none	_	End=387.28	_	_	_	_
157-0	PST212	157	157	0	ah	ah	_	_	_	_	_	linguistic	_	none	_	Begin=387.441	_	_	_	_
157-1	PST212	157	157	1	[sì]	sì	_	_	_	_	_	linguistic	_	none	_	End=388.11	_	_	_	0-2(38)
158-0	PST059	158	158	0	[e	e	_	_	_	_	_	linguistic	_	none	_	Begin=387.68	_	_	_	0-1(38)
158-1	PST059	158	158	1	così]	così	_	_	_	_	_	linguistic	_	none	_	End=388.22	_	_	_	0-4(38)
159-0	PST212	159	159	0	quando	quando	_	_	_	_	_	linguistic	_	none	PauseAfter=Yes	Begin=388.23	_	_	_	_
159-1	PST212	159	159	1	(.)	(.)	_	_	_	_	_	shortpause	_	none	_	_	_	_	_	_
159-2	PST212	159	159	2	quando	quando	_	_	_	_	_	linguistic	_	none	_	_	_	_	_	_
159-3	PST212	159	159	3	vai	vai	_	_	_	_	_	linguistic	_	none	_	_	_	_	_	_
159-4	PST212	159	159	4	in	in	_	_	_	_	_	linguistic	_	none	_	_	_	_	_	_
159-5	PST212	159	159	5	romania	romania	_	_	_	_	_	linguistic	_	none	_	End=389.6105	_	_	_	_
160-0	PST059	160	160	0	sì	sì	_	_	_	_	_	linguistic	_	none	_	Begin=389.6105|End=389.922	_	_	_	_
161-0	PST059	161	161	0	quando	quando	_	_	_	_	_	linguistic	_	none	_	Begin=389.922	_	_	_	_
161-1	PST059	161	161	1	c'	c'	_	_	_	_	_	linguistic	_	none	SpaceAfter=No	_	_	_	_	_
161-2	PST059	161	161	2	è	è	_	_	_	_	_	linguistic	_	none	_	_	_	_	_	_
161-3	PST059	161	161	3	qualcuno	qualcuno	_	_	_	_	_	linguistic	_	none	_	_	_	_	_	_
161-4	PST059	161	161	4	no	no	_	_	_	_	_	linguistic	_	none	_	_	_	_	_	_
161-5	PST059	161	161	5	comincio:	comincio	_	_	_	_	_	linguistic	_	none	_	_	7x1	_	_	_
161-6	PST059	161	161	6	a	a	_	_	_	_	_	linguistic	_	none	_	_	_	_	_	_
161-7	PST059	161	161	7	dire	dire	_	_	_	_	_	linguistic	_	none	_	_	_	_	_	_
161-8	PST059	161	161	8	qualcosa	qualcosa	_	_	_	_	_	linguistic	_	none	_	_	_	_	_	_
161-9	PST059	161	161	9	in	in	_	_	_	_	_	linguistic	_	none	_	_	_	_	_	_
161-10	PST059	161	161	10	italiano	italiano	_	_	_	_	_	linguistic	_	none	_	_	_	_	_	_
161-11	PST059	161	161	11	così	così	_	_	_	_	_	linguistic	_	none	_	_	_	_	_	_
161-12	PST059	161	161	12	loro	loro	_	_	_	_	_	linguistic	_	none	_	_	_	_	_	_
161-13	PST059	161	161	13	hanno	hanno	_	_	_	_	_	linguistic	_	none	_	_	_	_	_	_
161-14	PST059	161	161	14	capito,	capito	_	_	_	_	_	linguistic	_	none	Intonation=WeaklyRising	End=395.38	_	_	_	_
162-0	PST059	162	162	0	e	e	_	_	_	_	_	linguistic	_	none	_	Begin=395.96	_	_	_	_
162-1	PST059	162	162	1	però	però	_	_	_	_	_	linguistic	_	none	_	_	_	_	_	_
162-2	PST059	162	162	2	gli	gli	_	_	_	_	_	linguistic	_	none	_	_	_	_	_	_
162-3	PST059	162	162	3	altri	altri	_	_	_	_	_	linguistic	_	none	_	_	_	_	_	_
162-4	PST059	162	162	4	non	non	_	_	_	_	_	linguistic	_	none	_	_	_	_	_	_
162-5	PST059	162	162	5	capiscono	capiscono	_	_	_	_	_	linguistic	_	none	_	_	_	_	_	_
162-6	PST059	162	162	6	così	così	_	_	_	_	_	linguistic	_	none	_	_	_	_	_	_
162-7	PST059	162	162	7	faccio	faccio	_	_	_	_	_	linguistic	_	none	_	_	_	_	_	_
162-8	PST059	162	162	8	pi[ù:]	più	_	_	_	_	_	linguistic	_	none	_	End=398.95	2x1	_	_	2-3(39)
163-0	PST212	163	163	0	[sì]	sì	_	_	_	_	_	linguistic	_	none	_	Begin=398.72	_	_	_	0-2(39)
163-1	PST212	163	163	1	sì	sì	_	_	_	_	_	linguistic	_	none	_	_	_	_	_	_
163-2	PST212	163	163	2	((ride))	((ride))	_	_	_	_	_	nonverbalbehavior	_	none	_	End=399.702	_	_	_	_
164-0	PST212	164	164	0	be:llo	bello	_	_	_	_	_	linguistic	_	none	_	Begin=400.01	1x1	_	_	_
164-1	PST212	164	164	1	questo	questo	_	_	_	_	_	linguistic	_	none	_	_	_	_	_	_
164-2	PST212	164	164	2	sì	sì	_	_	_	_	_	linguistic	_	none	_	End=401.4	_	_	_	_
165-0	PST212	165	165	0	ma:	ma	_	_	_	_	_	linguistic	_	none	_	Begin=401.94	1x1	_	_	_
165-1	PST212	165	165	1	e	e	_	_	_	_	_	linguistic	_	none	_	_	_	_	_	_
165-2	PST212	165	165	2	invece	invece	_	_	_	_	_	linguistic	_	none	_	_	_	_	_	_
165-3	PST212	165	165	3	coi:	coi	_	_	_	_	_	linguistic	_	none	_	_	2x1	_	_	_
165-4	PST212	165	165	4	tuoi	tuoi	_	_	_	_	_	linguistic	_	none	_	_	_	_	_	_
165-5	PST212	165	165	5	figli	figli	_	_	_	_	_	linguistic	_	none	_	_	_	_	_	_
165-6	PST212	165	165	6	quanti	quanti	_	_	_	_	_	linguistic	_	none	_	_	_	_	_	_
165-7	PST212	165	165	7	anni	anni	_	_	_	_	_	linguistic	_	none	_	_	_	_	_	_
165-8	PST212	165	165	8	hanno,	hanno	_	_	_	_	_	linguistic	_	none	Intonation=WeaklyRising	End=404.739	_	_	_	_
166-0	PST059	166	166	0	la	la	_	_	_	_	_	linguistic	_	none	_	Begin=405.52	_	_	_	_
166-1	PST059	166	166	1	ragazza	ragazza	_	_	_	_	_	linguistic	_	none	_	_	_	_	_	_
166-2	PST059	166	166	2	quindici	quindici	_	_	_	_	_	linguistic	_	none	_	_	_	_	_	_
166-3	PST059	166	166	3	e	e	_	_	_	_	_	linguistic	_	none	_	_	_	_	_	_
166-4	PST059	166	166	4	l'	l'	_	_	_	_	_	linguistic	_	none	SpaceAfter=No	_	_	_	_	_
166-5	PST059	166	166	5	altro	altro	_	_	_	_	_	linguistic	_	none	_	_	_	_	_	_
166-6	PST059	166	166	6	ne	ne	_	_	_	_	_	linguistic	_	none	_	_	_	_	_	_
166-7	PST059	166	166	7	ha	ha	_	_	_	_	_	linguistic	_	none	_	_	_	_	_	_
166-8	PST059	166	166	8	dodici	dodici	_	_	_	_	_	linguistic	_	none	_	End=408.14	_	_	_	_
167-0	PST212	167	167	0	e	e	_	_	_	_	_	linguistic	_	none	_	Begin=408.48	_	_	_	_
167-1	PST212	167	167	1	con	con	_	_	_	_	_	linguistic	_	none	_	_	_	_	_	_
167-2	PST212	167	167	2	loro:	loro	_	_	_	_	_	linguistic	_	none	_	_	3x1	_	_	_
167-3	PST212	167	167	3	e:hm:	ehm	_	_	_	_	_	linguistic	_	none	_	End=410.32	0x1,2x1	_	_	_
168-0	PST212	168	168	0	come	come	_	_	_	_	_	linguistic	_	none	_	Begin=410.32	_	_	_	_
168-1	PST212	168	168	1	ti	ti	_	_	_	_	_	linguistic	_	none	_	_	_	_	_	_
168-2	PST212	168	168	2	sei	sei	_	_	_	_	_	linguistic	_	none	_	_	_	_	_	_
168-3	PST212	168	168	3	comportata	comportata	_	_	_	_	_	linguistic	_	none	_	_	_	_	_	_
168-4	PST212	168	168	4	quando	quando	_	_	_	_	_	linguistic	_	none	_	_	_	_	_	_
168-5	PST212	168	168	5	erano	erano	_	_	_	_	_	linguistic	_	none	_	_	_	_	_	_
168-6	PST212	168	168	6	piccoli,	piccoli	_	_	_	_	_	linguistic	_	none	Intonation=WeaklyRising	End=412.916	_	_	_	_
169-0	PST212	169	169	0	gli	gli	_	_	_	_	_	linguistic	_	none	_	Begin=412.953	_	_	_	_
169-1	PST212	169	169	1	hai	hai	_	_	_	_	_	linguistic	_	none	_	_	_	_	_	_
169-2	PST212	169	169	2	insegnato	insegnato	_	_	_	_	_	linguistic	_	none	_	_	_	_	_	_
169-3	PST212	169	169	3	il	il	_	_	_	_	_	linguistic	_	none	_	_	_	_	_	_
169-4	PST212	169	169	4	rumeno:,	rumeno	_	_	_	_	_	linguistic	_	none	Intonation=WeaklyRising	End=415.024	5x1	_	_	_
170-0	PST059	170	170	0	ma:	ma	_	_	_	_	_	linguistic	_	none	_	Begin=415.13	1x1	_	_	_
170-1	PST059	170	170	1	abbiamo	abbiamo	_	_	_	_	_	linguistic	_	none	_	_	_	_	_	_
170-2	PST059	170	170	2	parlato	parlato	_	_	_	_	_	linguistic	_	none	_	_	_	_	_	_
170-3	PST059	170	170	3	sempre	sempre	_	_	_	_	_	linguistic	_	none	_	_	_	_	_	_
170-4	PST059	170	170	4	uguale	uguale	_	_	_	_	_	linguistic	_	none	_	_	_	_	_	_
170-5	PST059	170	170	5	a	a	_	_	_	_	_	linguistic	_	none	_	_	_	_	_	_
170-6	PST059	170	170	6	parte	parte	_	_	_	_	_	linguistic	_	none	_	_	_	_	_	_
170-7	PST059	170	170	7	che	che	_	_	_	_	_	linguistic	_	none	_	_	_	_	_	_
170-8	PST059	170	170	8	loro	loro	_	_	_	_	_	linguistic	_	none	_	_	_	_	_	_
170-9	PST059	170	170	9	all'	all'	_	_	_	_	_	linguistic	_	none	SpaceAfter=No	_	_	_	_	_
170-10	PST059	170	170	10	asilo:	asilo	_	_	_	_	_	linguistic	_	none	_	_	4x1	_	_	_
170-11	PST059	170	170	11	anche	anche	_	_	_	_	_	linguistic	_	none	_	_	_	_	_	_
170-12	PST059	170	170	12	se	se	_	_	_	_	_	linguistic	_	none	_	_	_	_	_	_
170-13	PST059	170	170	13	era	era	_	_	_	_	_	linguistic	_	none	_	_	_	_	_	_
170-14	PST059	170	170	14	un	un	_	_	_	_	_	linguistic	_	none	_	_	_	_	_	_
170-15	PST059	170	170	15	asilo	asilo	_	_	_	_	_	linguistic	_	none	_	_	_	_	_	_
170-16	PST059	170	170	16	italiano	italiano	_	_	_	_	_	linguistic	_	none	_	_	_	_	_	_
170-17	PST059	170	170	17	hanno	hanno	_	_	_	_	_	linguistic	_	none	_	_	_	_	_	_
170-18	PST059	170	170	18	fatto	fatto	_	_	_	_	_	linguistic	_	none	_	_	_	_	_	_
170-19	PST059	170	170	19	la	la	_	_	_	_	_	linguistic	_	none	_	_	_	_	_	_
170-20	PST059	170	170	20	lingua	lingua	_	_	_	_	_	linguistic	_	none	_	_	_	_	_	_
170-21	PST059	170	170	21	rumena	rumena	_	_	_	_	_	linguistic	_	none	_	End=421.575	_	_	_	_
171-0	PST212	171	171	0	a:h	ah	_	_	_	_	_	linguistic	_	none	_	Begin=421.575	0x1	_	_	_
171-1	PST212	171	171	1	o[kay]	okay	_	_	_	_	_	linguistic	_	none	_	End=422.67	_	_	_	1-4(40)
172-0	PST059	172	172	0	[l'	l'	_	_	_	_	_	linguistic	_	none	SpaceAfter=No	Begin=421.99	_	_	_	0-2(40)
172-1	PST059	172	172	1	ultimo	ultimo	_	_	_	_	_	linguistic	_	none	_	_	_	_	_	0-6(40)
172-2	PST059	172	172	2	a]nno	anno	_	_	_	_	_	linguistic	_	none	_	_	_	_	_	0-1(40)
172-3	PST059	172	172	3	quindi::	quindi	_	_	_	_	_	linguistic	_	none	_	End=424.282	5x2	_	_	_
173-0	PST059	173	173	0	hanno	hanno	_	_	_	_	_	linguistic	_	none	_	Begin=424.282	_	_	_	_
173-1	PST059	173	173	1	ca~	ca~	_	_	_	_	_	linguistic	_	none	Interrupted=Yes	_	_	_	_	_
173-2	PST059	173	173	2	cominciato	cominciato	_	_	_	_	_	linguistic	_	none	_	_	_	_	_	_
173-3	PST059	173	173	3	il	il	_	_	_	_	_	linguistic	_	none	_	_	_	_	_	_
173-4	PST059	173	173	4	più	più	_	_	_	_	_	linguistic	_	none	_	_	_	_	_	_
173-5	PST059	173	173	5	piccolo	piccolo	_	_	_	_	_	linguistic	_	none	_	_	_	_	_	_
173-6	PST059	173	173	6	non	non	_	_	_	_	_	linguistic	_	none	_	_	_	_	_	_
173-7	PST059	173	173	7	parlava	parlava	_	_	_	_	_	linguistic	_	none	_	End=427.77	_	_	_	_
174-0	PST059	174	174	0	capiva	capiva	_	_	_	_	_	linguistic	_	none	_	Begin=428.02	_	_	_	_
174-1	PST059	174	174	1	il	il	_	_	_	_	_	linguistic	_	none	_	_	_	_	_	_
174-2	PST059	174	174	2	rumeno	rumeno	_	_	_	_	_	linguistic	_	none	_	_	_	_	_	_
174-3	PST059	174	174	3	ma	ma	_	_	_	_	_	linguistic	_	none	_	_	_	_	_	_
174-4	PST059	174	174	4	non	non	_	_	_	_	_	linguistic	_	none	_	_	_	_	_	_
174-5	PST059	174	174	5	lo	lo	_	_	_	_	_	linguistic	_	none	_	_	_	_	_	_
174-6	PST059	174	174	6	parlava	parlava	_	_	_	_	_	linguistic	_	none	_	_	_	_	_	_
174-7	PST059	174	174	7	e	e	_	_	_	_	_	linguistic	_	none	_	_	_	_	_	_
174-8	PST059	174	174	8	quando	quando	_	_	_	_	_	linguistic	_	none	_	_	_	_	_	_
174-9	PST059	174	174	9	arrivava	arrivava	_	_	_	_	_	linguistic	_	none	_	_	_	_	_	_
174-10	PST059	174	174	10	a	a	_	_	_	_	_	linguistic	_	none	_	_	_	_	_	_
174-11	PST059	174	174	11	casa	casa	_	_	_	_	_	linguistic	_	none	_	_	_	_	_	_
174-12	PST059	174	174	12	con	con	_	_	_	_	_	linguistic	_	none	_	_	_	_	_	_
174-13	PST059	174	174	13	la	la	_	_	_	_	_	linguistic	_	none	_	_	_	_	_	_
174-14	PST059	174	174	14	bisnonna,	bisnonna	_	_	_	_	_	linguistic	_	none	Intonation=WeaklyRising	End=432.23	_	_	_	_
175-0	PST059	175	175	0	che	che	_	_	_	_	_	linguistic	_	none	_	Begin=432.59	_	_	_	_
175-1	PST059	175	175	1	loro	loro	_	_	_	_	_	linguistic	_	none	_	_	_	_	_	_
175-2	PST059	175	175	2	erano	erano	_	_	_	_	_	linguistic	_	none	_	_	_	_	_	_
175-3	PST059	175	175	3	attaccatissimi,	attaccatissimi	_	_	_	_	_	linguistic	_	none	Intonation=WeaklyRising	End=434.36	_	_	_	_
176-0	PST059	176	176	0	non:	non	_	_	_	_	_	linguistic	_	none	_	Begin=434.85	2x1	_	_	_
176-1	PST059	176	176	1	eh	eh	_	_	_	_	_	linguistic	_	none	_	_	_	_	_	_
176-2	PST059	176	176	2	la	la	_	_	_	_	_	linguistic	_	none	_	_	_	_	_	_
176-3	PST059	176	176	3	capiva	capiva	_	_	_	_	_	linguistic	_	none	_	_	_	_	_	_
176-4	PST059	176	176	4	però	però	_	_	_	_	_	linguistic	_	none	_	_	_	_	_	_
176-5	PST059	176	176	5	non	non	_	_	_	_	_	linguistic	_	none	_	_	_	_	_	_
176-6	PST059	176	176	6	riusciva	riusciva	_	_	_	_	_	linguistic	_	none	_	_	_	_	_	_
176-7	PST059	176	176	7	a	a	_	_	_	_	_	linguistic	_	none	_	_	_	_	_	_
176-8	PST059	176	176	8	rispondergli.	rispondergli	_	_	_	_	_	linguistic	_	none	Intonation=Falling	End=437.61	_	_	_	_
177-0	PST059	177	177	0	rispondeva	rispondeva	_	_	_	_	_	linguistic	_	none	_	Begin=437.61	_	_	_	_
177-1	PST059	177	177	1	in	in	_	_	_	_	_	linguistic	_	none	_	_	_	_	_	_
177-2	PST059	177	177	2	italiano	italiano	_	_	_	_	_	linguistic	_	none	_	_	_	_	_	_
177-3	PST059	177	177	3	e	e	_	_	_	_	_	linguistic	_	none	_	_	_	_	_	_
177-4	PST059	177	177	4	piangeva	piangeva	_	_	_	_	_	linguistic	_	none	_	_	_	_	_	_
177-5	PST059	177	177	5	sempre	sempre	_	_	_	_	_	linguistic	_	none	_	_	_	_	_	_
177-6	PST059	177	177	6	a::h	ah	_	_	_	_	_	linguistic	_	none	_	_	0x2	_	_	_
177-7	PST059	177	177	7	ma	ma	_	_	_	_	_	linguistic	_	none	_	_	_	_	_	_
177-8	PST059	177	177	8	io	io	_	_	_	_	_	linguistic	_	none	_	_	_	_	_	_
177-9	PST059	177	177	9	come	come	_	_	_	_	_	linguistic	_	none	_	_	_	_	_	_
177-10	PST059	177	177	10	faccio	faccio	_	_	_	_	_	linguistic	_	none	_	_	_	_	_	_
177-11	PST059	177	177	11	la	la	_	_	_	_	_	linguistic	_	none	_	_	_	_	_	_
177-12	PST059	177	177	12	nonna	nonna	_	_	_	_	_	linguistic	_	none	_	_	_	_	_	_
177-13	PST059	177	177	13	non	non	_	_	_	_	_	linguistic	_	none	_	_	_	_	_	_
177-14	PST059	177	177	14	mi	mi	_	_	_	_	_	linguistic	_	none	_	_	_	_	_	_
177-15	PST059	177	177	15	capisce	capisce	_	_	_	_	_	linguistic	_	none	_	_	_	_	_	_
177-16	PST059	177	177	16	di	di	_	_	_	_	_	linguistic	_	none	_	_	_	_	_	_
177-17	PST059	177	177	17	qua	qua	_	_	_	_	_	linguistic	_	none	_	End=442.832	_	_	_	_
178-0	PST059	178	178	0	e	e	_	_	_	_	_	linguistic	_	some	_	Begin=442.93	_	_	_	_
178-1	PST059	178	178	1	l'	l'	_	_	_	_	_	linguistic	_	some	SpaceAfter=No	_	_	_	_	_
178-2	PST059	178	178	2	altra	altra	_	_	_	_	_	linguistic	_	some	_	_	_	_	_	_
178-3	PST059	178	178	3	faceva	faceva	_	_	_	_	_	linguistic	_	some	_	_	_	_	_	_
178-4	PST059	178	178	4	il	il	_	_	_	_	_	linguistic	_	some	_	_	_	_	_	_
178-5	PST059	178	178	5	#translator	translator	_	_	_	_	_	linguistic	_	some	Language=NO_ISO_CODE|Variation=Token	End=444.81	_	_	_	_
179-0	PST059	179	179	0	((ridendo))	((ridendo))	_	_	_	_	_	nonverbalbehavior	_	none	_	Begin=444.81	_	_	_	_
179-1	PST059	179	179	1	gli	gli	_	_	_	_	_	linguistic	_	none	_	_	_	_	_	_
179-2	PST059	179	179	2	spiegava	spiegava	_	_	_	_	_	linguistic	_	none	_	_	_	_	_	_
179-3	PST059	179	179	3	alla	alla	_	_	_	_	_	linguistic	_	none	_	_	_	_	_	_
179-4	PST059	179	179	4	bisnonna	bisnonna	_	_	_	_	_	linguistic	_	none	_	_	_	_	_	_
179-5	PST059	179	179	5	cosa	cosa	_	_	_	_	_	linguistic	_	none	_	_	_	_	_	_
179-6	PST059	179	179	6	dice	dice	_	_	_	_	_	linguistic	_	none	_	_	_	_	_	_
179-7	PST059	179	179	7	lui	lui	_	_	_	_	_	linguistic	_	none	_	_	_	_	_	_
179-8	PST059	179	179	8	e	e	_	_	_	_	_	linguistic	_	none	_	_	_	_	_	_
179-9	PST059	179	179	9	a	a	_	_	_	_	_	linguistic	_	none	_	_	_	_	_	_
179-10	PST059	179	179	10	lui	lui	_	_	_	_	_	linguistic	_	none	PauseAfter=Yes	_	_	_	_	_
179-11	PST059	179	179	11	(.)	(.)	_	_	_	_	_	shortpause	_	none	_	_	_	_	_	_
179-12	PST059	179	179	12	[se	se	_	_	_	_	_	linguistic	_	none	_	_	_	_	_	0-2(41)
179-13	PST059	179	179	13	non	non	_	_	_	_	_	linguistic	_	none	_	_	_	_	_	0-3(41)
179-14	PST059	179	179	14	capiva	capiva	_	_	_	_	_	linguistic	_	none	_	_	_	_	_	0-6(41)
179-15	PST059	179	179	15	qualcos]a	qualcosa	_	_	_	_	_	linguistic	_	none	_	End=449.64	_	_	_	0-7(41)
180-0	PST212	180	180	0	[sì	sì	_	_	_	_	_	linguistic	_	none	_	Begin=448.272	_	_	_	0-2(41)
180-1	PST212	180	180	1	sì	sì	_	_	_	_	_	linguistic	_	none	_	_	_	_	_	0-2(41)
180-2	PST212	180	180	2	sì	sì	_	_	_	_	_	linguistic	_	none	_	_	_	_	_	0-2(41)
180-3	PST212	180	180	3	sì]	sì	_	_	_	_	_	linguistic	_	none	_	End=449.492	_	_	_	0-2(41)
181-0	PST059	181	181	0	poi	poi	_	_	_	_	_	linguistic	_	none	_	Begin=449.99	_	_	_	_
181-1	PST059	181	181	1	pian	pian	_	_	_	_	_	linguistic	_	none	_	_	_	_	_	_
181-2	PST059	181	181	2	pianino::	pianino	_	_	_	_	_	linguistic	_	none	_	End=451.76	6x2	_	_	_
182-0	PST059	182	182	0	abbiamo	abbiamo	_	_	_	_	_	linguistic	_	none	_	Begin=452.28	_	_	_	_
182-1	PST059	182	182	1	cominciato	cominciato	_	_	_	_	_	linguistic	_	none	_	_	_	_	_	_
182-2	PST059	182	182	2	a	a	_	_	_	_	_	linguistic	_	none	_	_	_	_	_	_
182-3	PST059	182	182	3	metterli:	metterli	_	_	_	_	_	linguistic	_	none	_	End=454.23	7x1	_	_	_
183-0	PST059	183	183	0	il	il	_	_	_	_	_	linguistic	_	none	_	Begin=454.23	_	_	_	_
183-1	PST059	183	183	1	piccolo	piccolo	_	_	_	_	_	linguistic	_	none	_	_	_	_	_	_
183-2	PST059	183	183	2	aveva	aveva	_	_	_	_	_	linguistic	_	none	_	_	_	_	_	_
183-3	PST059	183	183	3	qua~	qua~	_	_	_	_	_	linguistic	_	none	Interrupted=Yes	_	_	_	_	_
183-4	PST059	183	183	4	cinque	cinque	_	_	_	_	_	linguistic	_	none	_	_	_	_	_	_
183-5	PST059	183	183	5	anni	anni	_	_	_	_	_	linguistic	_	none	_	_	_	_	_	_
183-6	PST059	183	183	6	quando	quando	_	_	_	_	_	linguistic	_	none	_	_	_	_	_	_
183-7	PST059	183	183	7	ha	ha	_	_	_	_	_	linguistic	_	none	_	_	_	_	_	_
183-8	PST059	183	183	8	cominciato	cominciato	_	_	_	_	_	linguistic	_	none	_	_	_	_	_	_
183-9	PST059	183	183	9	i	i	_	_	_	_	_	linguistic	_	none	_	_	_	_	_	_
183-10	PST059	183	183	10	balli:	balli	_	_	_	_	_	linguistic	_	none	_	End=457.239	4x1	_	_	_
184-0	PST059	184	184	0	così	così	_	_	_	_	_	linguistic	_	none	_	Begin=457.239	_	_	_	_
184-1	PST059	184	184	1	pian	pian	_	_	_	_	_	linguistic	_	none	_	_	_	_	_	_
184-2	PST059	184	184	2	pianino::	pianino	_	_	_	_	_	linguistic	_	none	_	_	6x2	_	_	_
184-3	PST059	184	184	3	mo'	mo'	_	_	_	_	_	linguistic	_	none	Truncated=Yes	_	_	_	_	_
184-4	PST059	184	184	4	parlano	parlano	_	_	_	_	_	linguistic	_	none	_	_	_	_	_	_
184-5	PST059	184	184	5	più	più	_	_	_	_	_	linguistic	_	none	_	_	_	_	_	_
184-6	PST059	184	184	6	rumeno	rumeno	_	_	_	_	_	linguistic	_	none	_	_	_	_	_	_
184-7	PST059	184	184	7	ch[e:]	che	_	_	_	_	_	linguistic	_	none	_	End=460.36	2x1	_	_	2-3(42)
185-0	PST212	185	185	0	[ah]	ah	_	_	_	_	_	linguistic	_	none	_	Begin=460.144	_	_	_	0-2(42)
185-1	PST212	185	185	1	sì:?	sì	_	_	_	_	_	linguistic	_	none	Intonation=Rising	End=460.83	1x1	_	_	_
186-0	PST059	186	186	0	[sì	sì	_	_	_	_	_	linguistic	_	none	_	Begin=460.83	_	_	_	0-2(43)
186-1	PST059	186	186	1	sì	sì	_	_	_	_	_	linguistic	_	none	PauseAfter=Yes	_	_	_	_	0-2(43)
186-2	PST059	186	186	2	(.)	(.)	_	_	_	_	_	shortpause	_	none	_	_	_	_	_	_
186-3	PST059	186	186	3	sì	sì	_	_	_	_	_	linguistic	_	none	_	_	_	_	_	0-2(43)
186-4	PST059	186	186	4	sì]	sì	_	_	_	_	_	linguistic	_	none	_	End=462.408	_	_	_	0-2(43)
187-0	PST212	187	187	0	[anche	anche	_	_	_	_	_	linguistic	_	none	_	Begin=460.83	_	_	_	0-5(43)
187-1	PST212	187	187	1	a	a	_	_	_	_	_	linguistic	_	none	_	_	_	_	_	0-1(43)
187-2	PST212	187	187	2	casa:	casa	_	_	_	_	_	linguistic	_	none	PauseAfter=Yes	_	3x1	_	_	0-4(43)
187-3	PST212	187	187	3	(.)	(.)	_	_	_	_	_	shortpause	_	none	_	_	_	_	_	_
187-4	PST212	187	187	4	sì]	sì	_	_	_	_	_	linguistic	_	none	_	End=462.408	_	_	_	0-2(43)
188-0	PST059	188	188	0	infatti	infatti	_	_	_	_	_	linguistic	_	none	_	Begin=462.964	_	_	_	_
188-1	PST059	188	188	1	quando	quando	_	_	_	_	_	linguistic	_	none	_	_	_	_	_	_
188-2	PST059	188	188	2	li	li	_	_	_	_	_	linguistic	_	none	_	_	_	_	_	_
188-3	PST059	188	188	3	senti	senti	_	_	_	_	_	linguistic	_	none	_	_	_	_	_	_
188-4	PST059	188	188	4	parlare	parlare	_	_	_	_	_	linguistic	_	none	_	_	_	_	_	_
188-5	PST059	188	188	5	tra	tra	_	_	_	_	_	linguistic	_	none	_	_	_	_	_	_
188-6	PST059	188	188	6	di	di	_	_	_	_	_	linguistic	_	none	_	_	_	_	_	_
188-7	PST059	188	188	7	loro	loro	_	_	_	_	_	linguistic	_	none	_	_	_	_	_	_
188-8	PST059	188	188	8	rumeno:	rumeno	_	_	_	_	_	linguistic	_	none	_	_	5x1	_	_	_
188-9	PST059	188	188	9	a	a	_	_	_	_	_	linguistic	_	none	_	_	_	_	_	_
188-10	PST059	188	188	10	volte:	volte	_	_	_	_	_	linguistic	_	none	_	End=466.574	4x1	_	_	_
189-0	PST059	189	189	0	parlano	parlano	_	_	_	_	_	linguistic	_	none	_	Begin=466.894	_	_	_	_
189-1	PST059	189	189	1	non	non	_	_	_	_	_	linguistic	_	none	_	_	_	_	_	_
189-2	PST059	189	189	2	parlano	parlano	_	_	_	_	_	linguistic	_	none	_	_	_	_	_	_
189-3	PST059	189	189	3	bene	bene	_	_	_	_	_	linguistic	_	none	_	_	_	_	_	_
189-4	PST059	189	189	4	per[ò:	però	_	_	_	_	_	linguistic	_	none	_	_	3x1	_	_	3-4(44)
189-5	PST059	189	189	5	lo	lo	_	_	_	_	_	linguistic	_	none	_	_	_	_	_	0-2(44)
189-6	PST059	189	189	6	parla]no	parlano	_	_	_	_	_	linguistic	_	none	_	_	_	_	_	0-5(44)
189-7	PST059	189	189	7	((ride))	((ride))	_	_	_	_	_	nonverbalbehavior	_	none	_	End=470.28	_	_	_	_
190-0	PST212	190	190	0	[oka:y]	okay	_	_	_	_	_	linguistic	_	none	_	Begin=468.749|End=469.724	2x1	_	_	0-4(44)
191-0	PST212	191	191	0	e	e	_	_	_	_	_	linguistic	_	none	_	Begin=470.28	_	_	_	_
191-1	PST212	191	191	1	ad	ad	_	_	_	_	_	linguistic	_	none	_	_	_	_	_	_
191-2	PST212	191	191	2	esempio	esempio	_	_	_	_	_	linguistic	_	none	_	_	_	_	_	_
191-3	PST212	191	191	3	cosa:	cosa	_	_	_	_	_	linguistic	_	none	_	End=471.64	3x1	_	_	_
192-0	PST212	192	192	0	senti	senti	_	_	_	_	_	linguistic	_	none	_	Begin=472.3	_	_	_	_
192-1	PST212	192	192	1	che	che	_	_	_	_	_	linguistic	_	none	_	_	_	_	_	_
192-2	PST212	192	192	2	è:	è	_	_	_	_	_	linguistic	_	none	_	_	0x1	_	_	_
192-3	PST212	192	192	3	un	un	_	_	_	_	_	linguistic	_	none	_	_	_	_	_	_
192-4	PST212	192	192	4	po'::	po'	_	_	_	_	_	linguistic	_	none	PauseAfter=Yes	_	1x2	_	_	_
192-5	PST212	192	192	5	(.)	(.)	_	_	_	_	_	shortpause	_	none	_	_	_	_	_	_
192-6	PST212	192	192	6	[(un	un	_	_	_	_	_	linguistic	_	none	_	_	_	_	0-2(0)	0-2(45)
192-7	PST212	192	192	7	po')	po'	_	_	_	_	_	linguistic	_	none	_	_	_	_	0-3(0)	0-3(45)
192-8	PST212	192	192	8	sbagliato]	sbagliato	_	_	_	_	_	linguistic	_	none	_	End=475.776	_	_	_	0-9(45)
193-0	PST059	193	193	0	[non	non	_	_	_	_	_	linguistic	_	none	_	Begin=474.193	_	_	_	0-3(45)
193-1	PST059	193	193	1	ha	ha	_	_	_	_	_	linguistic	_	none	_	_	_	_	_	0-2(45)
193-2	PST059	193	193	2	l'	l'	_	_	_	_	_	linguistic	_	none	SpaceAfter=No	_	_	_	_	0-2(45)
193-3	PST059	193	193	3	accento	accento	_	_	_	_	_	linguistic	_	none	_	_	_	_	_	0-7(45)
193-4	PST059	193	193	4	com'	com'	_	_	_	_	_	linguistic	_	none	SpaceAfter=No	_	_	_	_	0-4(45)
193-5	PST059	193	193	5	era]vamo	eravamo	_	_	_	_	_	linguistic	_	none	_	_	_	_	_	0-2(45)
193-6	PST059	193	193	6	noi	noi	_	_	_	_	_	linguistic	_	none	_	_	_	_	_	_
193-7	PST059	193	193	7	no	no	_	_	_	_	_	linguistic	_	none	_	_	_	_	_	_
193-8	PST059	193	193	8	quando::	quando	_	_	_	_	_	linguistic	_	none	_	End=477.461	5x2	_	_	_
194-0	PST059	194	194	0	anche:	anche	_	_	_	_	_	linguistic	_	none	_	Begin=477.962	4x1	_	_	_
194-1	PST059	194	194	1	@anna	@anna	_	_	_	_	_	anonymized	_	none	_	_	_	_	_	_
194-2	PST059	194	194	2	quando	quando	_	_	_	_	_	linguistic	_	none	_	_	_	_	_	_
194-3	PST059	194	194	3	dice	dice	_	_	_	_	_	linguistic	_	none	_	_	_	_	_	_
194-4	PST059	194	194	4	qualche	qualche	_	_	_	_	_	linguistic	_	none	_	_	_	_	_	_
194-5	PST059	194	194	5	parola	parola	_	_	_	_	_	linguistic	_	none	_	_	_	_	_	_
194-6	PST059	194	194	6	la	la	_	_	_	_	_	linguistic	_	none	_	_	_	_	_	_
194-7	PST059	194	194	7	dice	dice	_	_	_	_	_	linguistic	_	none	_	_	_	_	_	_
194-8	PST059	194	194	8	proprio	proprio	_	_	_	_	_	linguistic	_	none	_	_	_	_	_	_
194-9	PST059	194	194	9	com'	com'	_	_	_	_	_	linguistic	_	none	SpaceAfter=No	_	_	_	_	_
194-10	PST059	194	194	10	era	era	_	_	_	_	_	linguistic	_	none	_	_	_	_	_	_
194-11	PST059	194	194	11	una	una	_	_	_	_	_	linguistic	_	none	_	_	_	_	_	_
194-12	PST059	194	194	12	volta::	volta	_	_	_	_	_	linguistic	_	none	ProsodicLink=Yes	_	4x2	_	_	_
194-13	PST059	194	194	13	ai	ai	_	_	_	_	_	linguistic	_	none	_	_	_	_	_	_
194-14	PST059	194	194	14	tempi	tempi	_	_	_	_	_	linguistic	_	none	_	_	_	_	_	_
194-15	PST059	194	194	15	dei	dei	_	_	_	_	_	linguistic	_	none	_	_	_	_	_	_
194-16	PST059	194	194	16	miei	miei	_	_	_	_	_	linguistic	_	none	_	_	_	_	_	_
194-17	PST059	194	194	17	[nonni	nonni	_	_	_	_	_	linguistic	_	none	_	_	_	_	_	0-5(46)
194-18	PST059	194	194	18	no	no	_	_	_	_	_	linguistic	_	none	_	_	_	_	_	0-2(46)
194-19	PST059	194	194	19	una	una	_	_	_	_	_	linguistic	_	none	_	_	_	_	_	0-3(46)
194-20	PST059	194	194	20	mh	mh	_	_	_	_	_	linguistic	_	none	_	_	_	_	_	0-2(46)
194-21	PST059	194	194	21	pro]prio::	proprio	_	_	_	_	_	linguistic	_	none	_	End=486.205	6x2	_	_	0-3(46)
195-0	PST212	195	195	0	[a::h	ah	_	_	_	_	_	linguistic	_	none	_	Begin=483.948	0x2	_	_	0-2(46)
195-1	PST212	195	195	1	okay]	okay	_	_	_	_	_	linguistic	_	none	_	End=485.338	_	_	_	0-4(46)
196-0	PST059	196	196	0	mo':	mo':	_	_	_	_	_	error	_	none	_	Begin=486.518	_	_	_	_
196-1	PST059	196	196	1	tutti	tutti	_	_	_	_	_	linguistic	_	none	_	_	_	_	_	_
196-2	PST059	196	196	2	qua~	qua~	_	_	_	_	_	linguistic	_	none	Interrupted=Yes	_	_	_	_	_
196-3	PST059	196	196	3	anche	anche	_	_	_	_	_	linguistic	_	none	_	_	_	_	_	_
196-4	PST059	196	196	4	quando	quando	_	_	_	_	_	linguistic	_	none	_	_	_	_	_	_
196-5	PST059	196	196	5	parlano	parlano	_	_	_	_	_	linguistic	_	none	_	_	_	_	_	_
196-6	PST059	196	196	6	rumeno	rumeno	_	_	_	_	_	linguistic	_	none	_	_	_	_	_	_
196-7	PST059	196	196	7	parlano	parlano	_	_	_	_	_	linguistic	_	none	_	_	_	_	_	_
196-8	PST059	196	196	8	più::	più	_	_	_	_	_	linguistic	_	none	_	_	2x2	_	_	_
196-9	PST059	196	196	9	come	come	_	_	_	_	_	linguistic	_	none	_	_	_	_	_	_
196-10	PST059	196	196	10	parlano	parlano	_	_	_	_	_	linguistic	_	none	_	_	_	_	_	_
196-11	PST059	196	196	11	in:	in	_	_	_	_	_	linguistic	_	none	_	_	1x1	_	_	_
196-12	PST059	196	196	12	non	non	_	_	_	_	_	linguistic	_	none	_	_	_	_	_	_
196-13	PST059	196	196	13	in	in	_	_	_	_	_	linguistic	_	none	_	_	_	_	_	_
196-14	PST059	196	196	14	paesini	paesini	_	_	_	_	_	linguistic	_	none	_	_	_	_	_	_
196-15	PST059	196	196	15	parlano	parlano	_	_	_	_	_	linguistic	_	none	_	_	_	_	_	_
196-16	PST059	196	196	16	così	così	_	_	_	_	_	linguistic	_	none	_	_	_	_	_	_
196-17	PST059	196	196	17	come	come	_	_	_	_	_	linguistic	_	none	_	_	_	_	_	_
196-18	PST059	196	196	18	fosse	fosse	_	_	_	_	_	linguistic	_	none	_	_	_	_	_	_
196-19	PST059	196	196	19	in	in	_	_	_	_	_	linguistic	_	none	_	_	_	_	_	_
196-20	PST059	196	196	20	un	un	_	_	_	_	_	linguistic	_	none	_	_	_	_	_	_
196-21	PST059	196	196	21	paese	paese	_	_	_	_	_	linguistic	_	none	_	_	_	_	_	_
196-22	PST059	196	196	22	grande	grande	_	_	_	_	_	linguistic	_	none	_	_	_	_	_	_
196-23	PST059	196	196	23	no:	no	_	_	_	_	_	linguistic	_	none	_	End=494.53	1x1	_	_	_
197-0	PST212	197	197	0	mh	mh	_	_	_	_	_	linguistic	_	none	_	Begin=494.53	_	_	_	_
197-1	PST212	197	197	1	mh	mh	_	_	_	_	_	linguistic	_	none	_	_	_	_	_	_
197-2	PST212	197	197	2	nelle	nelle	_	_	_	_	_	linguistic	_	none	_	_	_	_	_	_
197-3	PST212	197	197	3	città:	città	_	_	_	_	_	linguistic	_	none	_	_	4x1	_	_	_
197-4	PST212	197	197	4	[okay]	okay	_	_	_	_	_	linguistic	_	none	_	End=496.108	_	_	_	0-4(47)
198-0	PST059	198	198	0	[sì	sì	_	_	_	_	_	linguistic	_	none	_	Begin=495.65	_	_	_	0-2(47)
198-1	PST059	198	198	1	sì]	sì	_	_	_	_	_	linguistic	_	none	_	_	_	_	_	0-2(47)
198-2	PST059	198	198	2	non	non	_	_	_	_	_	linguistic	_	none	_	_	_	_	_	_
198-3	PST059	198	198	3	parlano:	parlano	_	_	_	_	_	linguistic	_	none	_	End=497.32	6x1	_	_	_
199-0	PST212	199	199	0	è	è	_	_	_	_	_	linguistic	_	none	_	Begin=497.32	_	_	_	_
199-1	PST212	199	199	1	che	che	_	_	_	_	_	linguistic	_	none	_	_	_	_	_	_
199-2	PST212	199	199	2	loro	loro	_	_	_	_	_	linguistic	_	none	_	_	_	_	_	_
199-3	PST212	199	199	3	hanno	hanno	_	_	_	_	_	linguistic	_	none	_	_	_	_	_	_
199-4	PST212	199	199	4	parlato	parlato	_	_	_	_	_	linguistic	_	none	_	_	_	_	_	_
199-5	PST212	199	199	5	[magari	magari	_	_	_	_	_	linguistic	_	none	_	_	_	_	_	0-6(48)
199-6	PST212	199	199	6	con	con	_	_	_	_	_	linguistic	_	none	_	_	_	_	_	0-3(48)
199-7	PST212	199	199	7	l~]	l~	_	_	_	_	_	linguistic	_	none	Interrupted=Yes	_	_	_	_	0-2(48)
199-8	PST212	199	199	8	con	con	_	_	_	_	_	linguistic	_	none	_	_	_	_	_	_
199-9	PST212	199	199	9	i	i	_	_	_	_	_	linguistic	_	none	_	_	_	_	_	_
199-10	PST212	199	199	10	nonni:	nonni	_	_	_	_	_	linguistic	_	none	_	_	4x1	_	_	_
199-11	PST212	199	199	11	e	e	_	_	_	_	_	linguistic	_	none	_	_	_	_	_	_
199-12	PST212	199	199	12	quindi	quindi	_	_	_	_	_	linguistic	_	none	_	_	_	_	_	_
199-13	PST212	199	199	13	[hanno	hanno	_	_	_	_	_	linguistic	_	none	_	_	_	_	_	0-5(49)
199-14	PST212	199	199	14	un	un	_	_	_	_	_	linguistic	_	none	_	_	_	_	_	0-2(49)
199-15	PST212	199	199	15	po'::	po'	_	_	_	_	_	linguistic	_	none	_	_	1x2	_	_	0-3(49)
199-16	PST212	199	199	16	imparato	imparato	_	_	_	_	_	linguistic	_	none	_	_	_	_	_	0-8(49)
199-17	PST212	199	199	17	quel]	quel	_	_	_	_	_	linguistic	_	none	_	End=502.62	_	_	_	0-4(49)
200-0	PST059	200	200	0	[sì]	sì	_	_	_	_	_	linguistic	_	none	_	Begin=498.579|End=499.139	_	_	_	0-2(48)
201-0	PST059	201	201	0	[sì	sì	_	_	_	_	_	linguistic	_	none	_	Begin=500.279	_	_	_	0-2(49)
201-1	PST059	201	201	1	sì	sì	_	_	_	_	_	linguistic	_	none	_	_	_	_	_	0-2(49)
201-2	PST059	201	201	2	loro	loro	_	_	_	_	_	linguistic	_	none	_	_	_	_	_	0-4(49)
201-3	PST059	201	201	3	hanno	hanno	_	_	_	_	_	linguistic	_	none	_	_	_	_	_	0-5(49)
201-4	PST059	201	201	4	proprio	proprio	_	_	_	_	_	linguistic	_	none	_	_	_	_	_	0-7(49)
201-5	PST059	201	201	5	l'	l'	_	_	_	_	_	linguistic	_	none	SpaceAfter=No	_	_	_	_	0-2(49)
201-6	PST059	201	201	6	accento]	accento	_	_	_	_	_	linguistic	_	none	_	_	_	_	_	0-7(49)
201-7	PST059	201	201	7	quell'	quell'	_	_	_	_	_	linguistic	_	none	SpaceAfter=No	_	_	_	_	_
201-8	PST059	201	201	8	accento	accento	_	_	_	_	_	linguistic	_	none	_	_	_	_	_	_
201-9	PST059	201	201	9	lì:	lì	_	_	_	_	_	linguistic	_	none	_	End=503.819	1x1	_	_	_
202-0	PST212	202	202	0	sì	sì	_	_	_	_	_	linguistic	_	none	_	Begin=503.804	_	_	_	_
202-1	PST212	202	202	1	sì	sì	_	_	_	_	_	linguistic	_	none	_	_	_	_	_	_
202-2	PST212	202	202	2	s[ì]	sì	_	_	_	_	_	linguistic	_	none	_	End=504.594	_	_	_	1-2(51)
203-0	PST059	203	203	0	[non]:	non	_	_	_	_	_	linguistic	_	none	_	Begin=504.24|End=505.218	2x1	_	_	0-3(51)
204-0	PST212	204	204	0	e:hm:	ehm	_	_	_	_	_	linguistic	_	none	_	Begin=506.604|End=507.314	0x1,2x1	_	_	_
205-0	PST212	205	205	0	e	e	_	_	_	_	_	linguistic	_	none	_	Begin=507.52	_	_	_	_
205-1	PST212	205	205	1	invece	invece	_	_	_	_	_	linguistic	_	none	_	_	_	_	_	_
205-2	PST212	205	205	2	sempre	sempre	_	_	_	_	_	linguistic	_	none	_	_	_	_	_	_
205-3	PST212	205	205	3	parlando	parlando	_	_	_	_	_	linguistic	_	none	_	_	_	_	_	_
205-4	PST212	205	205	4	un	un	_	_	_	_	_	linguistic	_	none	_	_	_	_	_	_
205-5	PST212	205	205	5	po':	po'	_	_	_	_	_	linguistic	_	none	_	_	1x1	_	_	_
205-6	PST212	205	205	6	delle	delle	_	_	_	_	_	linguistic	_	none	_	_	_	_	_	_
205-7	PST212	205	205	7	lingue	lingue	_	_	_	_	_	linguistic	_	none	_	_	_	_	_	_
205-8	PST212	205	205	8	così	così	_	_	_	_	_	linguistic	_	none	_	_	_	_	_	_
205-9	PST212	205	205	9	tu	tu	_	_	_	_	_	linguistic	_	none	_	_	_	_	_	_
205-10	PST212	205	205	10	parli	parli	_	_	_	_	_	linguistic	_	none	_	_	_	_	_	_
205-11	PST212	205	205	11	anche	anche	_	_	_	_	_	linguistic	_	none	_	_	_	_	_	_
205-12	PST212	205	205	12	altre	altre	_	_	_	_	_	linguistic	_	none	_	_	_	_	_	_
205-13	PST212	205	205	13	lingue	lingue	_	_	_	_	_	linguistic	_	none	_	_	_	_	_	_
205-14	PST212	205	205	14	oltre	oltre	_	_	_	_	_	linguistic	_	none	_	_	_	_	_	_
205-15	PST212	205	205	15	all'	all'	_	_	_	_	_	linguistic	_	none	SpaceAfter=No	_	_	_	_	_
205-16	PST212	205	205	16	italiano	italiano	_	_	_	_	_	linguistic	_	none	_	_	_	_	_	_
205-17	PST212	205	205	17	e	e	_	_	_	_	_	linguistic	_	none	_	_	_	_	_	_
205-18	PST212	205	205	18	al	al	_	_	_	_	_	linguistic	_	none	_	_	_	_	_	_
205-19	PST212	205	205	19	rumeno?	rumeno	_	_	_	_	_	linguistic	_	none	Intonation=Rising	End=513.723	_	_	_	_
206-0	PST059	206	206	0	no	no	_	_	_	_	_	linguistic	_	none	_	Begin=513.83|End=514.21	_	_	_	_
207-0	PST212	207	207	0	e:	e	_	_	_	_	_	linguistic	_	none	_	Begin=515.26	0x1	_	_	_
207-1	PST212	207	207	1	quando	quando	_	_	_	_	_	linguistic	_	none	_	_	_	_	_	_
207-2	PST212	207	207	2	ti	ti	_	_	_	_	_	linguistic	_	none	_	_	_	_	_	_
207-3	PST212	207	207	3	capita	capita	_	_	_	_	_	linguistic	_	none	_	_	_	_	_	_
207-4	PST212	207	207	4	ad	ad	_	_	_	_	_	linguistic	_	none	_	_	_	_	_	_
207-5	PST212	207	207	5	esempio	esempio	_	_	_	_	_	linguistic	_	none	_	_	_	_	_	_
207-6	PST212	207	207	6	nel	nel	_	_	_	_	_	linguistic	_	none	_	_	_	_	_	_
207-7	PST212	207	207	7	tempo	tempo	_	_	_	_	_	linguistic	_	none	_	_	_	_	_	_
207-8	PST212	207	207	8	libero:	libero	_	_	_	_	_	linguistic	_	none	_	End=518.44	5x1	_	_	_
208-0	PST212	208	208	0	se:	se	_	_	_	_	_	linguistic	_	none	_	Begin=518.97	1x1	_	_	_
208-1	PST212	208	208	1	magari	magari	_	_	_	_	_	linguistic	_	none	_	_	_	_	_	_
208-2	PST212	208	208	2	leggi	leggi	_	_	_	_	_	linguistic	_	none	_	_	_	_	_	_
208-3	PST212	208	208	3	un	un	_	_	_	_	_	linguistic	_	none	_	_	_	_	_	_
208-4	PST212	208	208	4	li:bro	libro	_	_	_	_	_	linguistic	_	none	_	_	1x1	_	_	_
208-5	PST212	208	208	5	guardi	guardi	_	_	_	_	_	linguistic	_	none	_	_	_	_	_	_
208-6	PST212	208	208	6	un	un	_	_	_	_	_	linguistic	_	none	_	_	_	_	_	_
208-7	PST212	208	208	7	fi:lm	film	_	_	_	_	_	linguistic	_	none	_	_	1x1	_	_	_
208-8	PST212	208	208	8	oppure	oppure	_	_	_	_	_	linguistic	_	none	_	_	_	_	_	_
208-9	PST212	208	208	9	guardi	guardi	_	_	_	_	_	linguistic	_	none	_	_	_	_	_	_
208-10	PST212	208	208	10	un	un	_	_	_	_	_	linguistic	_	none	_	_	_	_	_	_
208-11	PST212	208	208	11	video:	video	_	_	_	_	_	linguistic	_	none	_	_	4x1	_	_	_
208-12	PST212	208	208	12	su	su	_	_	_	_	_	linguistic	_	none	_	_	_	_	_	_
208-13	PST212	208	208	13	youtube	youtube	_	_	_	_	_	linguistic	_	none	_	End=524.01	_	_	_	_
209-0	PST212	209	209	0	cose	cose	_	_	_	_	_	linguistic	_	none	_	Begin=524.04	_	_	_	_
209-1	PST212	209	209	1	di	di	_	_	_	_	_	linguistic	_	none	_	_	_	_	_	_
209-2	PST212	209	209	2	[questo	questo	_	_	_	_	_	linguistic	_	none	_	_	_	_	_	0-6(52)
209-3	PST212	209	209	3	genere]?	genere	_	_	_	_	_	linguistic	_	none	Intonation=Rising	End=525.511	_	_	_	0-6(52)
210-0	PST059	210	210	0	[a:	a	_	_	_	_	_	linguistic	_	none	_	Begin=524.44	0x1	_	_	0-1(52)
210-1	PST059	210	210	1	me	me	_	_	_	_	_	linguistic	_	none	_	_	_	_	_	0-2(52)
210-2	PST059	210	210	2	nel	nel	_	_	_	_	_	linguistic	_	none	_	_	_	_	_	0-3(52)
210-3	PST059	210	210	3	telef]ono	telefono	_	_	_	_	_	linguistic	_	none	_	_	_	_	_	0-5(52)
210-4	PST059	210	210	4	non:	non	_	_	_	_	_	linguistic	_	none	_	End=526.675	2x1	_	_	_
211-0	PST059	211	211	0	a	a	_	_	_	_	_	linguistic	_	none	_	Begin=526.72	_	_	_	_
211-1	PST059	211	211	1	me	me	_	_	_	_	_	linguistic	_	none	_	_	_	_	_	_
211-2	PST059	211	211	2	i	i	_	_	_	_	_	linguistic	_	none	_	_	_	_	_	_
211-3	PST059	211	211	3	video	video	_	_	_	_	_	linguistic	_	none	_	_	_	_	_	_
211-4	PST059	211	211	4	su	su	_	_	_	_	_	linguistic	_	none	_	_	_	_	_	_
211-5	PST059	211	211	5	youtube	youtube	_	_	_	_	_	linguistic	_	none	_	_	_	_	_	_
211-6	PST059	211	211	6	non	non	_	_	_	_	_	linguistic	_	none	_	_	_	_	_	_
211-7	PST059	211	211	7	piacciono	piacciono	_	_	_	_	_	linguistic	_	none	_	_	_	_	_	_
211-8	PST059	211	211	8	proprio:	proprio	_	_	_	_	_	linguistic	_	none	_	_	6x1	_	_	_
211-9	PST059	211	211	9	lo	lo	_	_	_	_	_	linguistic	_	none	_	_	_	_	_	_
211-10	PST059	211	211	10	odio	odio	_	_	_	_	_	linguistic	_	none	_	End=529.438	_	_	_	_
212-0	PST059	212	212	0	già	già	_	_	_	_	_	linguistic	_	none	_	Begin=529.438	_	_	_	_
212-1	PST059	212	212	1	quando	quando	_	_	_	_	_	linguistic	_	none	_	_	_	_	_	_
212-2	PST059	212	212	2	vedo	vedo	_	_	_	_	_	linguistic	_	none	_	_	_	_	_	_
212-3	PST059	212	212	3	loro	loro	_	_	_	_	_	linguistic	_	none	_	_	_	_	_	_
212-4	PST059	212	212	4	che	che	_	_	_	_	_	linguistic	_	none	_	_	_	_	_	_
212-5	PST059	212	212	5	son	son	_	_	_	_	_	linguistic	_	none	_	_	_	_	_	_
212-6	PST059	212	212	6	sempre	sempre	_	_	_	_	_	linguistic	_	none	_	_	_	_	_	_
212-7	PST059	212	212	7	attaccati	attaccati	_	_	_	_	_	linguistic	_	none	_	_	_	_	_	_
212-8	PST059	212	212	8	io	io	_	_	_	_	_	linguistic	_	none	_	_	_	_	_	_
212-9	PST059	212	212	9	muoio	muoio	_	_	_	_	_	linguistic	_	none	_	_	_	_	_	_
212-10	PST059	212	212	10	eh	eh	_	_	_	_	_	linguistic	_	none	_	End=532.48	_	_	_	_
213-0	PST212	213	213	0	ma	ma	_	_	_	_	_	linguistic	_	none	_	Begin=532.48	_	_	_	_
213-1	PST212	213	213	1	ad	ad	_	_	_	_	_	linguistic	_	none	_	_	_	_	_	_
213-2	PST212	213	213	2	esempio:	esempio	_	_	_	_	_	linguistic	_	none	_	_	6x1	_	_	_
213-3	PST212	213	213	3	allora	allora	_	_	_	_	_	linguistic	_	none	_	_	_	_	_	_
213-4	PST212	213	213	4	la	la	_	_	_	_	_	linguistic	_	none	_	_	_	_	_	_
213-5	PST212	213	213	5	tivù:	tivù	_	_	_	_	_	linguistic	_	none	_	_	3x1	_	_	_
213-6	PST212	213	213	6	oppure:	oppure	_	_	_	_	_	linguistic	_	none	_	_	5x1	_	_	_
213-7	PST212	213	213	7	dei	dei	_	_	_	_	_	linguistic	_	none	_	_	_	_	_	_
213-8	PST212	213	213	8	libri:,	libri	_	_	_	_	_	linguistic	_	none	Intonation=WeaklyRising	End=535.69	4x1	_	_	_
214-0	PST212	214	214	0	scegli:	scegli	_	_	_	_	_	linguistic	_	none	_	Begin=536.05	5x1	_	_	_
214-1	PST212	214	214	1	magari	magari	_	_	_	_	_	linguistic	_	none	_	_	_	_	_	_
214-2	PST212	214	214	2	l'	l'	_	_	_	_	_	linguistic	_	none	SpaceAfter=No	_	_	_	_	_
214-3	PST212	214	214	3	italiano	italiano	_	_	_	_	_	linguistic	_	none	_	_	_	_	_	_
214-4	PST212	214	214	4	o	o	_	_	_	_	_	linguistic	_	none	_	_	_	_	_	_
214-5	PST212	214	214	5	il	il	_	_	_	_	_	linguistic	_	none	_	_	_	_	_	_
214-6	PST212	214	214	6	rumeno?	rumeno	_	_	_	_	_	linguistic	_	none	Intonation=Rising	End=538.927	_	_	_	_
215-0	PST059	215	215	0	italiano	italiano	_	_	_	_	_	linguistic	_	none	_	Begin=539.17	_	_	_	_
215-1	PST059	215	215	1	anche	anche	_	_	_	_	_	linguistic	_	none	_	_	_	_	_	_
215-2	PST059	215	215	2	quando	quando	_	_	_	_	_	linguistic	_	none	_	_	_	_	_	_
215-3	PST059	215	215	3	vado	vado	_	_	_	_	_	linguistic	_	none	_	_	_	_	_	_
215-4	PST059	215	215	4	a	a	_	_	_	_	_	linguistic	_	none	_	_	_	_	_	_
215-5	PST059	215	215	5	casa	casa	_	_	_	_	_	linguistic	_	none	_	_	_	_	_	_
215-6	PST059	215	215	6	mado:nna	madonna	_	_	_	_	_	linguistic	_	none	_	_	3x1	_	_	_
215-7	PST059	215	215	7	[cioè	cioè	_	_	_	_	_	linguistic	_	none	_	_	_	_	_	0-4(53)
215-8	PST059	215	215	8	sono	sono	_	_	_	_	_	linguistic	_	none	_	_	_	_	_	0-4(53)
215-9	PST059	215	215	9	due]	due	_	_	_	_	_	linguistic	_	none	_	_	_	_	_	0-3(53)
215-10	PST059	215	215	10	canali	canali	_	_	_	_	_	linguistic	_	none	_	_	_	_	_	_
215-11	PST059	215	215	11	che	che	_	_	_	_	_	linguistic	_	none	_	_	_	_	_	_
215-12	PST059	215	215	12	prendiamo	prendiamo	_	_	_	_	_	linguistic	_	none	_	_	_	_	_	_
215-13	PST059	215	215	13	in	in	_	_	_	_	_	linguistic	_	none	_	_	_	_	_	_
215-14	PST059	215	215	14	italiano	italiano	_	_	_	_	_	linguistic	_	none	_	_	_	_	_	_
215-15	PST059	215	215	15	e	e	_	_	_	_	_	linguistic	_	none	_	_	_	_	_	_
215-16	PST059	215	215	16	io	io	_	_	_	_	_	linguistic	_	none	_	_	_	_	_	_
215-17	PST059	215	215	17	guardo	guardo	_	_	_	_	_	linguistic	_	none	_	_	_	_	_	_
215-18	PST059	215	215	18	que~	que~	_	_	_	_	_	linguistic	_	none	Interrupted=Yes	End=545.015	_	_	_	_
216-0	PST212	216	216	0	[ah	ah	_	_	_	_	_	linguistic	_	none	_	Begin=541.807	_	_	_	0-2(53)
216-1	PST212	216	216	1	sì]?	sì	_	_	_	_	_	linguistic	_	none	Intonation=Rising	End=542.427	_	_	_	0-2(53)
217-0	PST059	217	217	0	perché	perché	_	_	_	_	_	linguistic	_	none	_	Begin=545.367	_	_	_	_
217-1	PST059	217	217	1	in	in	_	_	_	_	_	linguistic	_	none	_	_	_	_	_	_
217-2	PST059	217	217	2	rumeno	rumeno	_	_	_	_	_	linguistic	_	none	_	_	_	_	_	_
217-3	PST059	217	217	3	ci	ci	_	_	_	_	_	linguistic	_	none	_	_	_	_	_	_
217-4	PST059	217	217	4	sono	sono	_	_	_	_	_	linguistic	_	none	_	_	_	_	_	_
217-5	PST059	217	217	5	i	i	_	_	_	_	_	linguistic	_	none	_	_	_	_	_	_
217-6	PST059	217	217	6	film	film	_	_	_	_	_	linguistic	_	none	_	End=547.237	_	_	_	_
218-0	PST059	218	218	0	devi	devi	_	_	_	_	_	linguistic	_	none	_	Begin=547.39	_	_	_	_
218-1	PST059	218	218	1	leggere	leggere	_	_	_	_	_	linguistic	_	none	_	End=548.49	_	_	_	_
219-0	PST059	219	219	0	[perché	perché	_	_	_	_	_	linguistic	_	none	_	Begin=548.97	_	_	_	0-6(54)
219-1	PST059	219	219	1	parlano	parlano	_	_	_	_	_	linguistic	_	none	_	_	_	_	_	0-7(54)
219-2	PST059	219	219	2	in	in	_	_	_	_	_	linguistic	_	none	_	_	_	_	_	0-2(54)
219-3	PST059	219	219	3	ingle:se:]	inglese	_	_	_	_	_	linguistic	_	none	_	End=550.79	4x1,6x1	_	_	0-7(54)
220-0	PST212	220	220	0	[non	non	_	_	_	_	_	linguistic	_	none	_	Begin=548.97	_	_	_	0-3(54)
220-1	PST212	220	220	1	sono	sono	_	_	_	_	_	linguistic	_	none	_	_	_	_	_	0-4(54)
220-2	PST212	220	220	2	doppiati]	doppiati	_	_	_	_	_	linguistic	_	none	_	End=550.64	_	_	_	0-8(54)
221-0	PST059	221	221	0	e	e	_	_	_	_	_	linguistic	_	none	_	Begin=550.91	_	_	_	_
221-1	PST059	221	221	1	devi	devi	_	_	_	_	_	linguistic	_	none	_	_	_	_	_	_
221-2	PST059	221	221	2	leggere	leggere	_	_	_	_	_	linguistic	_	none	_	_	_	_	_	_
221-3	PST059	221	221	3	no?	no	_	_	_	_	_	linguistic	_	none	Intonation=Rising	End=552.077	_	_	_	_
222-0	PST059	222	222	0	e::h	eh	_	_	_	_	_	linguistic	_	none	_	Begin=552.68	0x2	_	_	_
222-1	PST059	222	222	1	ho	ho	_	_	_	_	_	linguistic	_	none	_	_	_	_	_	_
222-2	PST059	222	222	2	perso	perso	_	_	_	_	_	linguistic	_	none	_	_	_	_	_	_
222-3	PST059	222	222	3	ormai	ormai	_	_	_	_	_	linguistic	_	none	_	_	_	_	_	_
222-4	PST059	222	222	4	quella:	quella	_	_	_	_	_	linguistic	_	none	_	_	5x1	_	_	_
222-5	PST059	222	222	5	sai	sai	_	_	_	_	_	linguistic	_	none	_	_	_	_	_	_
222-6	PST059	222	222	6	una	una	_	_	_	_	_	linguistic	_	none	_	_	_	_	_	_
222-7	PST059	222	222	7	volta	volta	_	_	_	_	_	linguistic	_	none	_	_	_	_	_	_
222-8	PST059	222	222	8	eri	eri	_	_	_	_	_	linguistic	_	none	_	_	_	_	_	_
222-9	PST059	222	222	9	abituato	abituato	_	_	_	_	_	linguistic	_	none	_	_	_	_	_	_
222-10	PST059	222	222	10	che	che	_	_	_	_	_	linguistic	_	none	_	_	_	_	_	_
222-11	PST059	222	222	11	leggevi	leggevi	_	_	_	_	_	linguistic	_	none	_	_	_	_	_	_
222-12	PST059	222	222	12	subito	subito	_	_	_	_	_	linguistic	_	none	_	_	_	_	_	_
222-13	PST059	222	222	13	subito	subito	_	_	_	_	_	linguistic	_	none	_	_	_	_	_	_
222-14	PST059	222	222	14	mo'	mo'	_	_	_	_	_	linguistic	_	none	Truncated=Yes	_	_	_	_	_
222-15	PST059	222	222	15	non	non	_	_	_	_	_	linguistic	_	none	_	_	_	_	_	_
222-16	PST059	222	222	16	leggendo	leggendo	_	_	_	_	_	linguistic	_	none	_	_	_	_	_	_
222-17	PST059	222	222	17	il	il	_	_	_	_	_	linguistic	_	none	_	_	_	_	_	_
222-18	PST059	222	222	18	rumeno:	rumeno	_	_	_	_	_	linguistic	_	none	_	_	5x1	_	_	_
222-19	PST059	222	222	19	faccio	faccio	_	_	_	_	_	linguistic	_	none	_	_	_	_	_	_
222-20	PST059	222	222	20	fatica	fatica	_	_	_	_	_	linguistic	_	none	_	End=560.054	_	_	_	_
223-0	PST212	223	223	0	mh	mh	_	_	_	_	_	linguistic	_	none	_	Begin=560.232	_	_	_	_
223-1	PST212	223	223	1	[mh]	mh	_	_	_	_	_	linguistic	_	none	_	End=560.712	_	_	_	0-2(55)
224-0	PST059	224	224	0	[poi	poi	_	_	_	_	_	linguistic	_	none	_	Begin=560.44	_	_	_	0-3(55)
224-1	PST059	224	224	1	tro]vo	trovo	_	_	_	_	_	linguistic	_	none	_	_	_	_	_	0-3(55)
224-2	PST059	224	224	2	delle	delle	_	_	_	_	_	linguistic	_	none	_	_	_	_	_	_
224-3	PST059	224	224	3	parole	parole	_	_	_	_	_	linguistic	_	none	_	_	_	_	_	_
224-4	PST059	224	224	4	bru:tte	brutte	_	_	_	_	_	linguistic	_	none	_	_	2x1	_	_	_
224-5	PST059	224	224	5	che	che	_	_	_	_	_	linguistic	_	none	_	_	_	_	_	_
224-6	PST059	224	224	6	dicono	dicono	_	_	_	_	_	linguistic	_	none	_	_	_	_	_	_
224-7	PST059	224	224	7	lì:	lì	_	_	_	_	_	linguistic	_	none	_	End=562.9	1x1	_	_	_
225-0	PST059	225	225	0	infatti:	infatti	_	_	_	_	_	linguistic	_	none	_	Begin=563.101	6x1	_	_	_
225-1	PST059	225	225	1	quando	quando	_	_	_	_	_	linguistic	_	none	_	_	_	_	_	_
225-2	PST059	225	225	2	sono	sono	_	_	_	_	_	linguistic	_	none	_	_	_	_	_	_
225-3	PST059	225	225	3	i	i	_	_	_	_	_	linguistic	_	none	_	_	_	_	_	_
225-4	PST059	225	225	4	film	film	_	_	_	_	_	linguistic	_	none	_	_	_	_	_	_
225-5	PST059	225	225	5	in	in	_	_	_	_	_	linguistic	_	none	_	_	_	_	_	_
225-6	PST059	225	225	6	italiano	italiano	_	_	_	_	_	linguistic	_	none	_	_	_	_	_	_
225-7	PST059	225	225	7	sai	sai	_	_	_	_	_	linguistic	_	none	_	_	_	_	_	_
225-8	PST059	225	225	8	le	le	_	_	_	_	_	linguistic	_	none	_	_	_	_	_	_
225-9	PST059	225	225	9	parole	parole	_	_	_	_	_	linguistic	_	none	_	_	_	_	_	_
225-10	PST059	225	225	10	sono	sono	_	_	_	_	_	linguistic	_	none	_	_	_	_	_	_
225-11	PST059	225	225	11	più::	più	_	_	_	_	_	linguistic	_	none	_	_	2x2	_	_	_
225-12	PST059	225	225	12	[(.)	.	_	_	_	_	_	error	_	none	_	_	_	_	_	_
225-13	PST059	225	225	13	dol]cifica[te	dolcificate	_	_	_	_	_	linguistic	_	none	_	_	_	_	_	0-3(56),9-11(57)
225-14	PST059	225	225	14	non	non	_	_	_	_	_	linguistic	_	none	_	_	_	_	_	0-3(57)
225-15	PST059	225	225	15	sono::	sono	_	_	_	_	_	linguistic	_	none	_	_	3x2	_	_	0-4(57)
225-16	PST059	225	225	16	di]rette	dirette	_	_	_	_	_	linguistic	_	none	_	_	_	_	_	0-2(57)
225-17	PST059	225	225	17	così	così	_	_	_	_	_	linguistic	_	none	_	End=570.673	_	_	_	_
226-0	PST212	226	226	0	[a:h]	ah	_	_	_	_	_	linguistic	_	none	_	Begin=567.232|End=567.722	0x1	_	_	0-2(56)
227-0	PST212	227	227	0	[a::h	ah	_	_	_	_	_	linguistic	_	none	_	Begin=568.272	0x2	_	_	0-2(57)
227-1	PST212	227	227	1	okay]	okay	_	_	_	_	_	linguistic	_	none	_	End=569.54	_	_	_	0-4(57)
228-0	PST059	228	228	0	e	e	_	_	_	_	_	linguistic	_	none	_	Begin=571.062	_	_	_	_
228-1	PST059	228	228	1	quindi	quindi	_	_	_	_	_	linguistic	_	none	_	_	_	_	_	_
228-2	PST059	228	228	2	non	non	_	_	_	_	_	linguistic	_	none	_	_	_	_	_	_
228-3	PST059	228	228	3	mi	mi	_	_	_	_	_	linguistic	_	none	_	_	_	_	_	_
228-4	PST059	228	228	4	piace	piace	_	_	_	_	_	linguistic	_	none	_	_	_	_	_	_
228-5	PST059	228	228	5	e	e	_	_	_	_	_	linguistic	_	none	_	_	_	_	_	_
228-6	PST059	228	228	6	io	io	_	_	_	_	_	linguistic	_	none	_	_	_	_	_	_
228-7	PST059	228	228	7	quando	quando	_	_	_	_	_	linguistic	_	none	_	_	_	_	_	_
228-8	PST059	228	228	8	vado	vado	_	_	_	_	_	linguistic	_	none	_	_	_	_	_	_
228-9	PST059	228	228	9	anche	anche	_	_	_	_	_	linguistic	_	none	_	_	_	_	_	_
228-10	PST059	228	228	10	se	se	_	_	_	_	_	linguistic	_	none	_	_	_	_	_	_
228-11	PST059	228	228	11	devo	devo	_	_	_	_	_	linguistic	_	none	_	_	_	_	_	_
228-12	PST059	228	228	12	sentire	sentire	_	_	_	_	_	linguistic	_	none	_	_	_	_	_	_
228-13	PST059	228	228	13	solo	solo	_	_	_	_	_	linguistic	_	none	_	_	_	_	_	_
228-14	PST059	228	228	14	le	le	_	_	_	_	_	linguistic	_	none	PauseAfter=Yes	_	_	_	_	_
228-15	PST059	228	228	15	(.)	(.)	_	_	_	_	_	shortpause	_	none	_	_	_	_	_	_
228-16	PST059	228	228	16	ti	ti	_	_	_	_	_	linguistic	_	none	_	_	_	_	_	_
228-17	PST059	228	228	17	gi	gi	_	_	_	_	_	linguistic	_	none	_	_	_	_	_	_
228-18	PST059	228	228	18	uno	uno	_	_	_	_	_	linguistic	_	none	_	_	_	_	_	_
228-19	PST059	228	228	19	e:h	eh	_	_	_	_	_	linguistic	_	none	_	_	0x1	_	_	_
228-20	PST059	228	228	20	io	io	_	_	_	_	_	linguistic	_	none	_	_	_	_	_	_
228-21	PST059	228	228	21	lo	lo	_	_	_	_	_	linguistic	_	none	_	_	_	_	_	_
228-22	PST059	228	228	22	sento	sento	_	_	_	_	_	linguistic	_	none	_	_	_	_	_	_
228-23	PST059	228	228	23	quello	quello	_	_	_	_	_	linguistic	_	none	_	_	_	_	_	_
228-24	PST059	228	228	24	che	che	_	_	_	_	_	linguistic	_	none	_	_	_	_	_	_
228-25	PST059	228	228	25	mi	mi	_	_	_	_	_	linguistic	_	none	_	_	_	_	_	_
228-26	PST059	228	228	26	parla	parla	_	_	_	_	_	linguistic	_	none	_	_	_	_	_	_
228-27	PST059	228	228	27	in	in	_	_	_	_	_	linguistic	_	none	_	_	_	_	_	_
228-28	PST059	228	228	28	italiano	italiano	_	_	_	_	_	linguistic	_	none	_	End=578.478	_	_	_	_
229-0	PST212	229	229	0	okay	okay	_	_	_	_	_	linguistic	_	none	_	Begin=578.478|End=579.131	_	_	_	_
230-0	PST212	230	230	0	e	e	_	_	_	_	_	linguistic	_	none	_	Begin=579.31	_	_	_	_
230-1	PST212	230	230	1	anche	anche	_	_	_	_	_	linguistic	_	none	_	_	_	_	_	_
230-2	PST212	230	230	2	per	per	_	_	_	_	_	linguistic	_	none	_	_	_	_	_	_
230-3	PST212	230	230	3	la	la	_	_	_	_	_	linguistic	_	none	_	_	_	_	_	_
230-4	PST212	230	230	4	lettura	lettura	_	_	_	_	_	linguistic	_	none	_	_	_	_	_	_
230-5	PST212	230	230	5	è	è	_	_	_	_	_	linguistic	_	none	_	_	_	_	_	_
230-6	PST212	230	230	6	così:,	così	_	_	_	_	_	linguistic	_	none	Intonation=WeaklyRising	End=581.11	3x1	_	_	_
231-0	PST059	231	231	0	sì	sì	_	_	_	_	_	linguistic	_	none	_	Begin=581.11	_	_	_	_
231-1	PST059	231	231	1	è	è	_	_	_	_	_	linguistic	_	none	_	_	_	_	_	_
231-2	PST059	231	231	2	più	più	_	_	_	_	_	linguistic	_	none	_	_	_	_	_	_
231-3	PST059	231	231	3	[facile]	facile	_	_	_	_	_	linguistic	_	none	_	End=582.578	_	_	_	0-6(58)
232-0	PST212	232	232	0	[scegli:	scegli	_	_	_	_	_	linguistic	_	none	_	Begin=581.73	5x1	_	_	0-6(58)
232-1	PST212	232	232	1	li]bri	libri	_	_	_	_	_	linguistic	_	none	_	_	_	_	_	0-2(58)
232-2	PST212	232	232	2	in	in	_	_	_	_	_	linguistic	_	none	_	_	_	_	_	_
232-3	PST212	232	232	3	italiano	italiano	_	_	_	_	_	linguistic	_	none	_	End=583.288	_	_	_	_
233-0	PST059	233	233	0	sì	sì	_	_	_	_	_	linguistic	_	none	_	Begin=583.369	_	_	_	_
233-1	PST059	233	233	1	sì	sì	_	_	_	_	_	linguistic	_	none	_	_	_	_	_	_
233-2	PST059	233	233	2	eh	eh	_	_	_	_	_	linguistic	_	none	_	_	_	_	_	_
233-3	PST059	233	233	3	per	per	_	_	_	_	_	linguistic	_	none	_	_	_	_	_	_
233-4	PST059	233	233	4	me:	me	_	_	_	_	_	linguistic	_	none	_	_	1x1	_	_	_
233-5	PST059	233	233	5	ormai	ormai	_	_	_	_	_	linguistic	_	none	_	_	_	_	_	_
233-6	PST059	233	233	6	ho	ho	_	_	_	_	_	linguistic	_	none	_	_	_	_	_	_
233-7	PST059	233	233	7	fatto	fatto	_	_	_	_	_	linguistic	_	none	_	_	_	_	_	_
233-8	PST059	233	233	8	la	la	_	_	_	_	_	linguistic	_	none	_	_	_	_	_	_
233-9	PST059	233	233	9	scuola	scuola	_	_	_	_	_	linguistic	_	none	_	_	_	_	_	_
233-10	PST059	233	233	10	con	con	_	_	_	_	_	linguistic	_	none	_	_	_	_	_	_
233-11	PST059	233	233	11	mia	mia	_	_	_	_	_	linguistic	_	none	_	_	_	_	_	_
233-12	PST059	233	233	12	figlia	figlia	_	_	_	_	_	linguistic	_	none	_	_	_	_	_	_
233-13	PST059	233	233	13	e::	e	_	_	_	_	_	linguistic	_	none	_	End=586.964	0x2	_	_	_
234-0	PST212	234	234	0	a:h	ah	_	_	_	_	_	linguistic	_	none	_	Begin=587.36	0x1	_	_	_
234-1	PST212	234	234	1	o[kay]	okay	_	_	_	_	_	linguistic	_	none	_	End=588.4	_	_	_	1-4(59)
235-0	PST059	235	235	0	[ho:	ho	_	_	_	_	_	linguistic	_	none	_	Begin=587.77	1x1	_	_	0-2(59)
235-1	PST059	235	235	1	le	le	_	_	_	_	_	linguistic	_	none	_	_	_	_	_	0-2(59)
235-2	PST059	235	235	2	ho	ho	_	_	_	_	_	linguistic	_	none	_	_	_	_	_	0-2(59)
235-3	PST059	235	235	3	dat]o	dato	_	_	_	_	_	linguistic	_	none	_	_	_	_	_	0-3(59)
235-4	PST059	235	235	4	sempre	sempre	_	_	_	_	_	linguistic	_	none	_	_	_	_	_	_
235-5	PST059	235	235	5	una	una	_	_	_	_	_	linguistic	_	none	_	_	_	_	_	_
235-6	PST059	235	235	6	mano	mano	_	_	_	_	_	linguistic	_	none	_	_	_	_	_	_
235-7	PST059	235	235	7	qunidi	qunidi	_	_	_	_	_	linguistic	_	none	_	_	_	_	_	_
235-8	PST059	235	235	8	mi:	mi	_	_	_	_	_	linguistic	_	none	_	_	1x1	_	_	_
235-9	PST059	235	235	9	[mettevo	mettevo	_	_	_	_	_	linguistic	_	none	_	_	_	_	_	0-7(60)
235-10	PST059	235	235	10	sempre	sempre	_	_	_	_	_	linguistic	_	none	_	_	_	_	_	0-6(60)
235-11	PST059	235	235	11	a	a	_	_	_	_	_	linguistic	_	none	_	_	_	_	_	0-1(60)
235-12	PST059	235	235	12	leggere	leggere	_	_	_	_	_	linguistic	_	none	_	_	_	_	_	0-7(60)
235-13	PST059	235	235	13	sì:]	sì	_	_	_	_	_	linguistic	_	none	_	End=592.402	1x1	_	_	0-2(60)
236-0	PST212	236	236	0	[a:k	ak	_	_	_	_	_	linguistic	_	none	_	Begin=590.001	0x1	_	_	0-2(60)
236-1	PST212	236	236	1	okay	okay	_	_	_	_	_	linguistic	_	none	_	_	_	_	_	0-4(60)
236-2	PST212	236	236	2	cioè	cioè	_	_	_	_	_	linguistic	_	none	_	_	_	_	_	0-4(60)
236-3	PST212	236	236	3	hai	hai	_	_	_	_	_	linguistic	_	none	_	_	_	_	_	0-3(60)
236-4	PST212	236	236	4	aiutato	aiutato	_	_	_	_	_	linguistic	_	none	_	_	_	_	_	0-7(60)
236-5	PST212	236	236	5	così:]	così	_	_	_	_	_	linguistic	_	none	_	End=592.402	3x1	_	_	0-4(60)
237-0	PST059	237	237	0	la	la	_	_	_	_	_	linguistic	_	none	_	Begin=592.531	_	_	_	_
237-1	PST059	237	237	1	storia	storia	_	_	_	_	_	linguistic	_	none	_	_	_	_	_	_
237-2	PST059	237	237	2	ormai:	ormai	_	_	_	_	_	linguistic	_	none	_	End=594.001	4x1	_	_	_
238-0	PST059	238	238	0	((ride))	((ride))	_	_	_	_	_	nonverbalbehavior	_	none	_	Begin=594.13|End=594.57	_	_	_	_
239-0	PST059	239	239	0	l'	l'	_	_	_	_	_	linguistic	_	none	SpaceAfter=No	Begin=595.23	_	_	_	_
239-1	PST059	239	239	1	altro	altro	_	_	_	_	_	linguistic	_	none	_	_	_	_	_	_
239-2	PST059	239	239	2	mo'	mo'	_	_	_	_	_	linguistic	_	none	Truncated=Yes	_	_	_	_	_
239-3	PST059	239	239	3	quando	quando	_	_	_	_	_	linguistic	_	none	_	_	_	_	_	_
239-4	PST059	239	239	4	mi	mi	_	_	_	_	_	linguistic	_	none	_	_	_	_	_	_
239-5	PST059	239	239	5	dice	dice	_	_	_	_	_	linguistic	_	none	_	_	_	_	_	_
239-6	PST059	239	239	6	a:h	ah	_	_	_	_	_	linguistic	_	none	_	_	0x1	_	_	_
239-7	PST059	239	239	7	e:h	eh	_	_	_	_	_	linguistic	_	none	_	_	0x1	_	_	_
239-8	PST059	239	239	8	dico	dico	_	_	_	_	_	linguistic	_	none	_	_	_	_	_	_
239-9	PST059	239	239	9	è	è	_	_	_	_	_	linguistic	_	none	_	_	_	_	_	_
239-10	PST059	239	239	10	così	così	_	_	_	_	_	linguistic	_	none	_	_	_	_	_	_
239-11	PST059	239	239	11	e:	e	_	_	_	_	_	linguistic	_	none	_	_	0x1	_	_	_
239-12	PST059	239	239	12	tu	tu	_	_	_	_	_	linguistic	_	none	_	_	_	_	_	_
239-13	PST059	239	239	13	come	come	_	_	_	_	_	linguistic	_	none	_	_	_	_	_	_
239-14	PST059	239	239	14	fai	fai	_	_	_	_	_	linguistic	_	none	_	_	_	_	_	_
239-15	PST059	239	239	15	[a	a	_	_	_	_	_	linguistic	_	none	_	_	_	_	_	0-1(?)
239-16	PST059	239	239	16	sapere	sapere	_	_	_	_	_	linguistic	_	none	_	_	_	_	_	0-6(?)
239-17	PST059	239	239	17	tu	tu	_	_	_	_	_	linguistic	_	none	_	_	_	_	_	0-2(?)
239-18	PST059	239	239	18	non	non	_	_	_	_	_	linguistic	_	none	_	_	_	_	_	0-3(?)
239-19	PST059	239	239	19	hai	hai	_	_	_	_	_	linguistic	_	none	_	_	_	_	_	0-3(?)
239-20	PST059	239	239	20	fat]to	fatto	_	_	_	_	_	linguistic	_	none	_	_	_	_	_	0-3(?)
239-21	PST059	239	239	21	scuola	scuola	_	_	_	_	_	linguistic	_	none	_	_	_	_	_	_
239-22	PST059	239	239	22	qua	qua	_	_	_	_	_	linguistic	_	none	_	_	_	_	_	_
239-23	PST059	239	239	23	[eh	eh	_	_	_	_	_	linguistic	_	none	_	_	_	_	_	0-2(?)
239-24	PST059	239	239	24	ho	ho	_	_	_	_	_	linguistic	_	none	_	_	_	_	_	0-2(?)
239-25	PST059	239	239	25	fatto	fatto	_	_	_	_	_	linguistic	_	none	_	_	_	_	_	0-5(?)
239-26	PST059	239	239	26	con	con	_	_	_	_	_	linguistic	_	none	_	_	_	_	_	0-3(?)
239-27	PST059	239	239	27	tua	tua	_	_	_	_	_	linguistic	_	none	_	_	_	_	_	0-3(?)
239-28	PST059	239	239	28	sore]l[la	sorella	_	_	_	_	_	linguistic	_	none	_	_	_	_	_	4-7(?)
239-29	PST059	239	239	29	quindi:]	quindi	_	_	_	_	_	linguistic	_	none	_	_	5x1	_	_	0-6(?)
239-30	PST059	239	239	30	((ridendo))	((ridendo))	_	_	_	_	_	nonverbalbehavior	_	none	_	End=603.315	_	_	_	_
240-0	PST212	240	240	0	((ride))	((ride))	_	_	_	_	_	nonverbalbehavior	_	none	_	Begin=598.737|End=599.917	_	_	_	_
241-0	PST212	241	241	0	[e::h]	eh	_	_	_	_	_	linguistic	_	none	_	Begin=600.517	0x2	_	_	0-2(61)
241-1	PST212	241	241	1	((ridendo))	((ridendo))	_	_	_	_	_	nonverbalbehavior	_	none	_	End=601.567	_	_	_	_
242-0	PST212	242	242	0	[sì:]	sì	_	_	_	_	_	linguistic	_	none	_	Begin=601.947	1x1	_	_	0-2(62)
242-1	PST212	242	242	1	((ridendo))	((ridendo))	_	_	_	_	_	nonverbalbehavior	_	none	_	End=602.857	_	_	_	_
243-0	PST212	243	243	0	sì	sì	_	_	_	_	_	linguistic	_	none	_	Begin=603.497	_	_	_	_
243-1	PST212	243	243	1	sì	sì	_	_	_	_	_	linguistic	_	none	_	End=604.187	_	_	_	_
244-0	PST059	244	244	0	infatti	infatti	_	_	_	_	_	linguistic	_	none	_	Begin=604.26	_	_	_	_
244-1	PST059	244	244	1	volevo	volevo	_	_	_	_	_	linguistic	_	none	_	_	_	_	_	_
244-2	PST059	244	244	2	chiedere	chiedere	_	_	_	_	_	linguistic	_	none	_	_	_	_	_	_
244-3	PST059	244	244	3	andare	andare	_	_	_	_	_	linguistic	_	none	_	_	_	_	_	_
244-4	PST059	244	244	4	a	a	_	_	_	_	_	linguistic	_	none	_	_	_	_	_	_
244-5	PST059	244	244	5	chiedere	chiedere	_	_	_	_	_	linguistic	_	none	_	_	_	_	_	_
244-6	PST059	244	244	6	la	la	_	_	_	_	_	linguistic	_	none	_	_	_	_	_	_
244-7	PST059	244	244	7	cittadinanza,	cittadinanza	_	_	_	_	_	linguistic	_	none	Intonation=WeaklyRising	End=607.27	_	_	_	_
245-0	PST212	245	245	0	mh	mh	_	_	_	_	_	linguistic	_	none	_	Begin=607.28	_	_	_	_
245-1	PST212	245	245	1	mh	mh	_	_	_	_	_	linguistic	_	none	_	End=607.5	_	_	_	_
246-0	PST059	246	246	0	per	per	_	_	_	_	_	linguistic	_	none	_	Begin=607.5	_	_	_	_
246-1	PST059	246	246	1	vedere	vedere	_	_	_	_	_	linguistic	_	none	_	_	_	_	_	_
246-2	PST059	246	246	2	se	se	_	_	_	_	_	linguistic	_	none	_	_	_	_	_	_
246-3	PST059	246	246	3	posso	posso	_	_	_	_	_	linguistic	_	none	_	_	_	_	_	_
246-4	PST059	246	246	4	avere	avere	_	_	_	_	_	linguistic	_	none	_	_	_	_	_	_
246-5	PST059	246	246	5	doppia	doppia	_	_	_	_	_	linguistic	_	none	_	_	_	_	_	_
246-6	PST059	246	246	6	cittadinanza	cittadinanza	_	_	_	_	_	linguistic	_	none	_	End=609.994	_	_	_	_
247-0	PST059	247	247	0	m'	m'	_	_	_	_	_	linguistic	_	none	SpaceAfter=No	Begin=610.77	_	_	_	_
247-1	PST059	247	247	1	hanno	hanno	_	_	_	_	_	linguistic	_	none	_	_	_	_	_	_
247-2	PST059	247	247	2	detto	detto	_	_	_	_	_	linguistic	_	none	_	_	_	_	_	_
247-3	PST059	247	247	3	devi	devi	_	_	_	_	_	linguistic	_	none	_	_	_	_	_	_
247-4	PST059	247	247	4	fare	fare	_	_	_	_	_	linguistic	_	none	_	_	_	_	_	_
247-5	PST059	247	247	5	un	un	_	_	_	_	_	linguistic	_	none	_	_	_	_	_	_
247-6	PST059	247	247	6	test	test	_	_	_	_	_	linguistic	_	none	_	_	_	_	_	_
247-7	PST059	247	247	7	ormai	ormai	_	_	_	_	_	linguistic	_	none	_	_	_	_	_	_
247-8	PST059	247	247	8	io	io	_	_	_	_	_	linguistic	_	none	_	_	_	_	_	_
247-9	PST059	247	247	9	la	la	_	_	_	_	_	linguistic	_	none	_	_	_	_	_	_
247-10	PST059	247	247	10	scuola::	scuola	_	_	_	_	_	linguistic	_	none	_	End=613.64	5x2	_	_	_
248-0	PST059	248	248	0	l'	l'	_	_	_	_	_	linguistic	_	none	SpaceAfter=No	Begin=613.85	_	_	_	_
248-1	PST059	248	248	1	ho	ho	_	_	_	_	_	linguistic	_	none	_	_	_	_	_	_
248-2	PST059	248	248	2	fat[ta	fatta	_	_	_	_	_	linguistic	_	none	_	_	_	_	_	2-5(63)
248-3	PST059	248	248	3	quindi::]	quindi	_	_	_	_	_	linguistic	_	none	_	End=615.43	5x2	_	_	0-6(63)
249-0	PST212	249	249	0	[oka:y	okay	_	_	_	_	_	linguistic	_	none	_	Begin=614.33	2x1	_	_	0-4(63)
249-1	PST212	249	249	1	sì	sì	_	_	_	_	_	linguistic	_	none	_	_	_	_	_	0-2(63)
249-2	PST212	249	249	2	ti	ti	_	_	_	_	_	linguistic	_	none	_	_	_	_	_	0-2(63)
249-3	PST212	249	249	3	chiedono	chiedono	_	_	_	_	_	linguistic	_	none	_	_	_	_	_	0-8(63)
249-4	PST212	249	249	4	un	un	_	_	_	_	_	linguistic	_	none	_	_	_	_	_	0-2(63)
249-5	PST212	249	249	5	te]st	test	_	_	_	_	_	linguistic	_	none	_	_	_	_	_	0-2(63)
249-6	PST212	249	249	6	[di	di	_	_	_	_	_	linguistic	_	none	_	_	_	_	_	0-2(64)
249-7	PST212	249	249	7	lingua	lingua	_	_	_	_	_	linguistic	_	none	_	_	_	_	_	0-6(64)
249-8	PST212	249	249	8	ita]liana	italiana	_	_	_	_	_	linguistic	_	none	_	End=617.234	_	_	_	0-3(64)
250-0	PST059	250	250	0	[sì	sì	_	_	_	_	_	linguistic	_	none	_	Begin=616.027	_	_	_	0-2(64)
250-1	PST059	250	250	1	sì]	sì	_	_	_	_	_	linguistic	_	none	_	End=616.847	_	_	_	0-2(64)
251-0	PST059	251	251	0	[sì	sì	_	_	_	_	_	linguistic	_	none	_	Begin=617.51	_	_	_	0-2(65)
251-1	PST059	251	251	1	sì]	sì	_	_	_	_	_	linguistic	_	none	_	End=618.16	_	_	_	0-2(65)
252-0	PST212	252	252	0	[okay]	okay	_	_	_	_	_	linguistic	_	none	_	Begin=617.51|End=618.16	_	_	_	0-4(65)
253-0	PST059	253	253	0	non	non	_	_	_	_	_	linguistic	_	none	_	Begin=618.34	_	_	_	_
253-1	PST059	253	253	1	penso	penso	_	_	_	_	_	linguistic	_	none	_	_	_	_	_	_
253-2	PST059	253	253	2	che:	che	_	_	_	_	_	linguistic	_	none	_	_	2x1	_	_	_
253-3	PST059	253	253	3	sarà	sarà	_	_	_	_	_	linguistic	_	none	_	_	_	_	_	_
253-4	PST059	253	253	4	difficile	difficile	_	_	_	_	_	linguistic	_	none	_	_	_	_	_	_
253-5	PST059	253	253	5	per	per	_	_	_	_	_	linguistic	_	none	_	_	_	_	_	_
253-6	PST059	253	253	6	me	me	_	_	_	_	_	linguistic	_	none	_	End=620.53	_	_	_	_
254-0	PST212	254	254	0	e	e	_	_	_	_	_	linguistic	_	none	_	Begin=621.42	_	_	_	_
254-1	PST212	254	254	1	inve[ce	invece	_	_	_	_	_	linguistic	_	none	_	_	_	_	_	4-6(66)
254-2	PST212	254	254	2	nei	nei	_	_	_	_	_	linguistic	_	none	_	_	_	_	_	0-3(66)
254-3	PST212	254	254	3	pri]mi	primi	_	_	_	_	_	linguistic	_	none	_	_	_	_	_	0-3(66)
254-4	PST212	254	254	4	tempi,	tempi	_	_	_	_	_	linguistic	_	none	Intonation=WeaklyRising	End=623.24	_	_	_	_
255-0	PST059	255	255	0	[mh	mh	_	_	_	_	_	linguistic	_	none	_	Begin=621.79	_	_	_	0-2(66)
255-1	PST059	255	255	1	mh]	mh	_	_	_	_	_	linguistic	_	none	_	End=622.3	_	_	_	0-2(66)
256-0	PST212	256	256	0	m::h	mh	_	_	_	_	_	linguistic	_	none	_	Begin=623.395	0x2	_	_	_
256-1	PST212	256	256	1	ti	ti	_	_	_	_	_	linguistic	_	none	_	_	_	_	_	_
256-2	PST212	256	256	2	è	è	_	_	_	_	_	linguistic	_	none	_	_	_	_	_	_
256-3	PST212	256	256	3	se~	se~	_	_	_	_	_	linguistic	_	none	Interrupted=Yes	_	_	_	_	_
256-4	PST212	256	256	4	cioè:	cioè	_	_	_	_	_	linguistic	_	none	_	_	3x1	_	_	_
256-5	PST212	256	256	5	ti	ti	_	_	_	_	_	linguistic	_	none	_	_	_	_	_	_
256-6	PST212	256	256	6	ricordi	ricordi	_	_	_	_	_	linguistic	_	none	_	_	_	_	_	_
256-7	PST212	256	256	7	se	se	_	_	_	_	_	linguistic	_	none	_	_	_	_	_	_
256-8	PST212	256	256	8	hai	hai	_	_	_	_	_	linguistic	_	none	_	_	_	_	_	_
256-9	PST212	256	256	9	avuto	avuto	_	_	_	_	_	linguistic	_	none	_	_	_	_	_	_
256-10	PST212	256	256	10	delle	delle	_	_	_	_	_	linguistic	_	none	_	_	_	_	_	_
256-11	PST212	256	256	11	difficoltà:	difficoltà	_	_	_	_	_	linguistic	_	none	_	_	9x1	_	_	_
256-12	PST212	256	256	12	nell'	nell'	_	_	_	_	_	linguistic	_	none	SpaceAfter=No	_	_	_	_	_
256-13	PST212	256	256	13	[impara~]	impara~	_	_	_	_	_	linguistic	_	none	Interrupted=Yes	End=627.74	_	_	_	0-7(67)
257-0	PST059	257	257	0	[ho	ho	_	_	_	_	_	linguistic	_	none	_	Begin=627.28	_	_	_	0-2(67)
257-1	PST059	257	257	1	pati]to	patito	_	_	_	_	_	linguistic	_	none	_	_	_	_	_	0-4(67)
257-2	PST059	257	257	2	tanto	tanto	_	_	_	_	_	linguistic	_	none	_	End=628.458	_	_	_	_
258-0	PST212	258	258	0	sì	sì	_	_	_	_	_	linguistic	_	none	_	Begin=628.458|End=628.76	_	_	_	_
259-0	PST059	259	259	0	perché:	perché	_	_	_	_	_	linguistic	_	none	_	Begin=628.77	5x1	_	_	_
259-1	PST059	259	259	1	li	li	_	_	_	_	_	linguistic	_	none	_	_	_	_	_	_
259-2	PST059	259	259	2	sentivo	sentivo	_	_	_	_	_	linguistic	_	none	_	_	_	_	_	_
259-3	PST059	259	259	3	parlare	parlare	_	_	_	_	_	linguistic	_	none	_	_	_	_	_	_
259-4	PST059	259	259	4	e	e	_	_	_	_	_	linguistic	_	none	_	_	_	_	_	_
259-5	PST059	259	259	5	non	non	_	_	_	_	_	linguistic	_	none	_	_	_	_	_	_
259-6	PST059	259	259	6	li	li	_	_	_	_	_	linguistic	_	none	_	_	_	_	_	_
259-7	PST059	259	259	7	capivo	capivo	_	_	_	_	_	linguistic	_	none	_	_	_	_	_	_
259-8	PST059	259	259	8	vedevo	vedevo	_	_	_	_	_	linguistic	_	none	_	_	_	_	_	_
259-9	PST059	259	259	9	che	che	_	_	_	_	_	linguistic	_	none	_	_	_	_	_	_
259-10	PST059	259	259	10	ridevano	ridevano	_	_	_	_	_	linguistic	_	none	_	_	_	_	_	_
259-11	PST059	259	259	11	di	di	_	_	_	_	_	linguistic	_	none	_	_	_	_	_	_
259-12	PST059	259	259	12	me	me	_	_	_	_	_	linguistic	_	none	_	_	_	_	_	_
259-13	PST059	259	259	13	che	che	_	_	_	_	_	linguistic	_	none	_	_	_	_	_	_
259-14	PST059	259	259	14	non	non	_	_	_	_	_	linguistic	_	none	_	_	_	_	_	_
259-15	PST059	259	259	15	capi:vo:	capivo	_	_	_	_	_	linguistic	_	none	_	End=634.119	3x1,5x1	_	_	_
260-0	PST059	260	260	0	poi	poi	_	_	_	_	_	linguistic	_	none	_	Begin=634.999	_	_	_	_
260-1	PST059	260	260	1	pian	pian	_	_	_	_	_	linguistic	_	none	_	_	_	_	_	_
260-2	PST059	260	260	2	pianino	pianino	_	_	_	_	_	linguistic	_	none	_	_	_	_	_	_
260-3	PST059	260	260	3	mi	mi	_	_	_	_	_	linguistic	_	none	_	_	_	_	_	_
260-4	PST059	260	260	4	son	son	_	_	_	_	_	linguistic	_	none	_	_	_	_	_	_
260-5	PST059	260	260	5	messa	messa	_	_	_	_	_	linguistic	_	none	_	_	_	_	_	_
260-6	PST059	260	260	6	ho	ho	_	_	_	_	_	linguistic	_	none	_	_	_	_	_	_
260-7	PST059	260	260	7	preso	preso	_	_	_	_	_	linguistic	_	none	_	_	_	_	_	_
260-8	PST059	260	260	8	il	il	_	_	_	_	_	linguistic	_	none	_	_	_	_	_	_
260-9	PST059	260	260	9	libro	libro	_	_	_	_	_	linguistic	_	none	_	_	_	_	_	_
260-10	PST059	260	260	10	ho	ho	_	_	_	_	_	linguistic	_	none	_	_	_	_	_	_
260-11	PST059	260	260	11	preso	preso	_	_	_	_	_	linguistic	_	none	_	_	_	_	_	_
260-12	PST059	260	260	12	il	il	_	_	_	_	_	linguistic	_	none	_	_	_	_	_	_
260-13	PST059	260	260	13	dizionario:	dizionario	_	_	_	_	_	linguistic	_	none	_	_	9x1	_	_	_
260-14	PST059	260	260	14	e	e	_	_	_	_	_	linguistic	_	none	_	_	_	_	_	_
260-15	PST059	260	260	15	così::	così	_	_	_	_	_	linguistic	_	none	_	End=640.032	3x2	_	_	_
261-0	PST059	261	261	0	[sentendo]	sentendo	_	_	_	_	_	linguistic	_	none	_	Begin=641.22	_	_	_	0-8(68)
261-1	PST059	261	261	1	anche	anche	_	_	_	_	_	linguistic	_	none	_	_	_	_	_	_
261-2	PST059	261	261	2	tanta	tanta	_	_	_	_	_	linguistic	_	none	_	_	_	_	_	_
261-3	PST059	261	261	3	televisione	televisione	_	_	_	_	_	linguistic	_	none	_	_	_	_	_	_
261-4	PST059	261	261	4	come	come	_	_	_	_	_	linguistic	_	none	_	_	_	_	_	_
261-5	PST059	261	261	5	parlavano	parlavano	_	_	_	_	_	linguistic	_	none	_	_	_	_	_	_
261-6	PST059	261	261	6	come::	come	_	_	_	_	_	linguistic	_	none	_	End=644.997	3x2	_	_	_
262-0	PST212	262	262	0	[okay]	okay	_	_	_	_	_	linguistic	_	none	_	Begin=641.22|End=641.89	_	_	_	0-4(68)
263-0	PST059	263	263	0	quindi:	quindi	_	_	_	_	_	linguistic	_	none	_	Begin=645.9|End=647.11	5x1	_	_	_
264-0	PST059	264	264	0	mo'	mo'	_	_	_	_	_	linguistic	_	none	Truncated=Yes	Begin=647.36	_	_	_	_
264-1	PST059	264	264	1	per	per	_	_	_	_	_	linguistic	_	none	_	_	_	_	_	_
264-2	PST059	264	264	2	me	me	_	_	_	_	_	linguistic	_	none	_	_	_	_	_	_
264-3	PST059	264	264	3	è	è	_	_	_	_	_	linguistic	_	none	_	_	_	_	_	_
264-4	PST059	264	264	4	una	una	_	_	_	_	_	linguistic	_	none	_	_	_	_	_	_
264-5	PST059	264	264	5	cosa	cosa	_	_	_	_	_	linguistic	_	none	_	_	_	_	_	_
264-6	PST059	264	264	6	normale	normale	_	_	_	_	_	linguistic	_	none	_	_	_	_	_	_
264-7	PST059	264	264	7	non:	non	_	_	_	_	_	linguistic	_	none	_	End=649.93	2x1	_	_	_
265-0	PST212	265	265	0	sì	sì	_	_	_	_	_	linguistic	_	none	_	Begin=650.13	_	_	_	_
265-1	PST212	265	265	1	sì	sì	_	_	_	_	_	linguistic	_	none	_	_	_	_	_	_
265-2	PST212	265	265	2	beh	beh	_	_	_	_	_	linguistic	_	none	_	_	_	_	_	_
265-3	PST212	265	265	3	ma	ma	_	_	_	_	_	linguistic	_	none	_	_	_	_	_	_
265-4	PST212	265	265	4	infatti	infatti	_	_	_	_	_	linguistic	_	none	_	_	_	_	_	_
265-5	PST212	265	265	5	adesso	adesso	_	_	_	_	_	linguistic	_	none	_	_	_	_	_	_
265-6	PST212	265	265	6	si	si	_	_	_	_	_	linguistic	_	none	_	_	_	_	_	_
265-7	PST212	265	265	7	sente	sente	_	_	_	_	_	linguistic	_	none	_	_	_	_	_	_
265-8	PST212	265	265	8	che:	che	_	_	_	_	_	linguistic	_	none	_	_	2x1	_	_	_
265-9	PST212	265	265	9	lo	lo	_	_	_	_	_	linguistic	_	none	_	_	_	_	_	_
265-10	PST212	265	265	10	parli	parli	_	_	_	_	_	linguistic	_	none	_	_	_	_	_	_
265-11	PST212	265	265	11	senza:	senza	_	_	_	_	_	linguistic	_	none	_	_	4x1	_	_	_
265-12	PST212	265	265	12	difficol[tà]	difficoltà	_	_	_	_	_	linguistic	_	none	_	End=653.88	_	_	_	8-10(69)
266-0	PST059	266	266	0	[non]::	non	_	_	_	_	_	linguistic	_	none	_	Begin=653.43|End=654.49	2x2	_	_	0-3(69)
267-0	PST059	267	267	0	quindi:	quindi	_	_	_	_	_	linguistic	_	none	_	Begin=656.005	5x1	_	_	_
267-1	PST059	267	267	1	a	a	_	_	_	_	_	linguistic	_	none	_	_	_	_	_	_
267-2	PST059	267	267	2	me	me	_	_	_	_	_	linguistic	_	none	_	_	_	_	_	_
267-3	PST059	267	267	3	come	come	_	_	_	_	_	linguistic	_	none	_	_	_	_	_	_
267-4	PST059	267	267	4	lingua	lingua	_	_	_	_	_	linguistic	_	none	PauseAfter=Yes	_	_	_	_	_
267-5	PST059	267	267	5	(.)	(.)	_	_	_	_	_	shortpause	_	none	_	_	_	_	_	_
267-6	PST059	267	267	6	mi	mi	_	_	_	_	_	linguistic	_	none	_	_	_	_	_	_
267-7	PST059	267	267	7	sembra	sembra	_	_	_	_	_	linguistic	_	none	_	_	_	_	_	_
267-8	PST059	267	267	8	facilissima	facilissima	_	_	_	_	_	linguistic	_	none	_	_	_	_	_	_
267-9	PST059	267	267	9	io	io	_	_	_	_	_	linguistic	_	none	_	_	_	_	_	_
267-10	PST059	267	267	10	quando	quando	_	_	_	_	_	linguistic	_	none	_	_	_	_	_	_
267-11	PST059	267	267	11	vedo	vedo	_	_	_	_	_	linguistic	_	none	_	_	_	_	_	_
267-12	PST059	267	267	12	altri	altri	_	_	_	_	_	linguistic	_	none	_	_	_	_	_	_
267-13	PST059	267	267	13	che	che	_	_	_	_	_	linguistic	_	none	_	_	_	_	_	_
267-14	PST059	267	267	14	vengono	vengono	_	_	_	_	_	linguistic	_	none	_	_	_	_	_	_
267-15	PST059	267	267	15	ah	ah	_	_	_	_	_	linguistic	_	none	_	_	_	_	_	_
267-16	PST059	267	267	16	ma	ma	_	_	_	_	_	linguistic	_	none	_	_	_	_	_	_
267-17	PST059	267	267	17	io	io	_	_	_	_	_	linguistic	_	none	_	_	_	_	_	_
267-18	PST059	267	267	18	non	non	_	_	_	_	_	linguistic	_	none	_	_	_	_	_	_
267-19	PST059	267	267	19	la	la	_	_	_	_	_	linguistic	_	none	_	_	_	_	_	_
267-20	PST059	267	267	20	capisco	capisco	_	_	_	_	_	linguistic	_	none	_	_	_	_	_	_
267-21	PST059	267	267	21	(e:h)	eh	_	_	_	_	_	linguistic	_	none	_	_	0x1	_	0-2(0)	_
267-22	PST059	267	267	22	è	è	_	_	_	_	_	linguistic	_	none	_	_	_	_	_	_
267-23	PST059	267	267	23	facile	facile	_	_	_	_	_	linguistic	_	none	_	_	_	_	_	_
267-24	PST059	267	267	24	perché	perché	_	_	_	_	_	linguistic	_	none	_	_	_	_	_	_
267-25	PST059	267	267	25	son	son	_	_	_	_	_	linguistic	_	none	_	_	_	_	_	_
267-26	PST059	267	267	26	parole	parole	_	_	_	_	_	linguistic	_	none	_	_	_	_	_	_
267-27	PST059	267	267	27	uguali	uguali	_	_	_	_	_	linguistic	_	none	_	_	_	_	_	_
267-28	PST059	267	267	28	come	come	_	_	_	_	_	linguistic	_	none	_	_	_	_	_	_
267-29	PST059	267	267	29	la:	la	_	_	_	_	_	linguistic	_	none	_	_	1x1	_	_	_
267-30	PST059	267	267	30	le	le	_	_	_	_	_	linguistic	_	none	_	_	_	_	_	_
267-31	PST059	267	267	31	nostre	nostre	_	_	_	_	_	linguistic	_	none	_	_	_	_	_	_
267-32	PST059	267	267	32	quindi	quindi	_	_	_	_	_	linguistic	_	none	_	_	_	_	_	_
267-33	PST059	267	267	33	non	non	_	_	_	_	_	linguistic	_	none	_	End=665.215	_	_	_	_
268-0	PST212	268	268	0	mh	mh	_	_	_	_	_	linguistic	_	none	_	Begin=665.315	_	_	_	_
268-1	PST212	268	268	1	mh	mh	_	_	_	_	_	linguistic	_	none	_	_	_	_	_	_
268-2	PST212	268	268	2	mh	mh	_	_	_	_	_	linguistic	_	none	_	End=665.985	_	_	_	_
269-0	PST059	269	269	0	sì:	sì	_	_	_	_	_	linguistic	_	none	_	Begin=665.985	1x1	_	_	_
269-1	PST059	269	269	1	sarà	sarà	_	_	_	_	_	linguistic	_	none	_	_	_	_	_	_
269-2	PST059	269	269	2	la	la	_	_	_	_	_	linguistic	_	none	_	_	_	_	_	_
269-3	PST059	269	269	3	grammatica	grammatica	_	_	_	_	_	linguistic	_	none	_	_	_	_	_	_
269-4	PST059	269	269	4	però	però	_	_	_	_	_	linguistic	_	none	_	_	_	_	_	_
269-5	PST059	269	269	5	la	la	_	_	_	_	_	linguistic	_	none	_	_	_	_	_	_
269-6	PST059	269	269	6	anche	anche	_	_	_	_	_	linguistic	_	none	_	_	_	_	_	_
269-7	PST059	269	269	7	la	la	_	_	_	_	_	linguistic	_	none	_	_	_	_	_	_
269-8	PST059	269	269	8	nostra	nostra	_	_	_	_	_	linguistic	_	none	_	_	_	_	_	_
269-9	PST059	269	269	9	è	è	_	_	_	_	_	linguistic	_	none	_	_	_	_	_	_
269-10	PST059	269	269	10	più	più	_	_	_	_	_	linguistic	_	none	_	_	_	_	_	_
269-11	PST059	269	269	11	difficile	difficile	_	_	_	_	_	linguistic	_	none	_	_	_	_	_	_
269-12	PST059	269	269	12	di	di	_	_	_	_	_	linguistic	_	none	_	_	_	_	_	_
269-13	PST059	269	269	13	questa	questa	_	_	_	_	_	linguistic	_	none	_	_	_	_	_	_
269-14	PST059	269	269	14	un	un	_	_	_	_	_	linguistic	_	none	_	_	_	_	_	_
269-15	PST059	269	269	15	po'	po'	_	_	_	_	_	linguistic	_	none	_	_	_	_	_	_
269-16	PST059	269	269	16	più:	più	_	_	_	_	_	linguistic	_	none	_	End=670.827	2x1	_	_	_
270-0	PST059	270	270	0	matematica	matematica	_	_	_	_	_	linguistic	_	none	_	Begin=671.22	_	_	_	_
270-1	PST059	270	270	1	come	come	_	_	_	_	_	linguistic	_	none	_	_	_	_	_	_
270-2	PST059	270	270	2	gli	gli	_	_	_	_	_	linguistic	_	none	_	_	_	_	_	_
270-3	PST059	270	270	3	dico	dico	_	_	_	_	_	linguistic	_	none	_	_	_	_	_	_
270-4	PST059	270	270	4	anche	anche	_	_	_	_	_	linguistic	_	none	_	_	_	_	_	_
270-5	PST059	270	270	5	a	a	_	_	_	_	_	linguistic	_	none	_	_	_	_	_	_
270-6	PST059	270	270	6	mia	mia	_	_	_	_	_	linguistic	_	none	_	_	_	_	_	_
270-7	PST059	270	270	7	figlia	figlia	_	_	_	_	_	linguistic	_	none	_	_	_	_	_	_
270-8	PST059	270	270	8	è	è	_	_	_	_	_	linguistic	_	none	_	_	_	_	_	_
270-9	PST059	270	270	9	uguale	uguale	_	_	_	_	_	linguistic	_	none	_	_	_	_	_	_
270-10	PST059	270	270	10	matematica	matematica	_	_	_	_	_	linguistic	_	none	_	_	_	_	_	_
270-11	PST059	270	270	11	dappertutto	dappertutto	_	_	_	_	_	linguistic	_	none	_	_	_	_	_	_
270-12	PST059	270	270	12	è	è	_	_	_	_	_	linguistic	_	none	_	_	_	_	_	_
270-13	PST059	270	270	13	uguale	uguale	_	_	_	_	_	linguistic	_	none	_	_	_	_	_	_
270-14	PST059	270	270	14	sì	sì	_	_	_	_	_	linguistic	_	none	_	_	_	_	_	_
270-15	PST059	270	270	15	[cambia	cambia	_	_	_	_	_	linguistic	_	none	_	_	_	_	_	0-6(72)
270-16	PST059	270	270	16	il	il	_	_	_	_	_	linguistic	_	none	_	_	_	_	_	0-2(72)
270-17	PST059	270	270	17	ragiona][mento	ragionamento	_	_	_	_	_	linguistic	_	none	_	_	_	_	_	0-7(72),7-12(70)
270-18	PST059	270	270	18	però	però	_	_	_	_	_	linguistic	_	none	_	_	_	_	_	0-4(70)
270-19	PST059	270	270	19	è	è	_	_	_	_	_	linguistic	_	none	_	_	_	_	_	0-1(70)
270-20	PST059	270	270	20	ugua]le	uguale	_	_	_	_	_	linguistic	_	none	_	_	_	_	_	0-4(70)
270-21	PST059	270	270	21	non:	non	_	_	_	_	_	linguistic	_	none	_	End=677.685	2x1	_	_	_
271-0	PST212	271	271	0	[eh	eh	_	_	_	_	_	linguistic	_	none	_	Begin=675.047	_	_	_	0-2(72)
271-1	PST212	271	271	1	certo]	certo	_	_	_	_	_	linguistic	_	none	_	End=675.797	_	_	_	0-5(72)
272-0	PST212	272	272	0	[sì	sì	_	_	_	_	_	linguistic	_	none	_	Begin=675.837	_	_	_	0-2(70)
272-1	PST212	272	272	1	sì	sì	_	_	_	_	_	linguistic	_	none	_	_	_	_	_	0-2(70)
272-2	PST212	272	272	2	sì]	sì	_	_	_	_	_	linguistic	_	none	_	End=676.595	_	_	_	0-2(70)
273-0	PST212	273	273	0	sì	sì	_	_	_	_	_	linguistic	_	none	_	Begin=677.68	_	_	_	_
273-1	PST212	273	273	1	sì	sì	_	_	_	_	_	linguistic	_	none	_	_	_	_	_	_
273-2	PST212	273	273	2	sì	sì	_	_	_	_	_	linguistic	_	none	_	End=678.445	_	_	_	_
274-0	PST059	274	274	0	una	una	_	_	_	_	_	linguistic	_	none	_	Begin=678.94	_	_	_	_
274-1	PST059	274	274	1	cosa:	cosa	_	_	_	_	_	linguistic	_	none	_	End=680.22	3x1	_	_	_
275-0	PST212	275	275	0	quindi	quindi	_	_	_	_	_	linguistic	_	none	_	Begin=682.502	_	_	_	_
275-1	PST212	275	275	1	non:	non	_	_	_	_	_	linguistic	_	none	_	_	2x1	_	_	_
275-2	PST212	275	275	2	non	non	_	_	_	_	_	linguistic	_	none	_	_	_	_	_	_
275-3	PST212	275	275	3	hai	hai	_	_	_	_	_	linguistic	_	none	_	_	_	_	_	_
275-4	PST212	275	275	4	trovato	trovato	_	_	_	_	_	linguistic	_	none	_	_	_	_	_	_
275-5	PST212	275	275	5	magari	magari	_	_	_	_	_	linguistic	_	none	_	_	_	_	_	_
275-6	PST212	275	275	6	delle:	delle	_	_	_	_	_	linguistic	_	none	_	_	4x1	_	_	_
275-7	PST212	275	275	7	delle	delle	_	_	_	_	_	linguistic	_	none	_	_	_	_	_	_
275-8	PST212	275	275	8	parti	parti	_	_	_	_	_	linguistic	_	none	_	_	_	_	_	_
275-9	PST212	275	275	9	dell'	dell'	_	_	_	_	_	linguistic	_	none	SpaceAfter=No	_	_	_	_	_
275-10	PST212	275	275	10	italiano	italiano	_	_	_	_	_	linguistic	_	none	_	_	_	_	_	_
275-11	PST212	275	275	11	degli	degli	_	_	_	_	_	linguistic	_	none	_	_	_	_	_	_
275-12	PST212	275	275	12	aspetti	aspetti	_	_	_	_	_	linguistic	_	none	_	_	_	_	_	_
275-13	PST212	275	275	13	che::	che	_	_	_	_	_	linguistic	_	none	PauseAfter=Yes	_	2x2	_	_	_
275-14	PST212	275	275	14	(.)	(.)	_	_	_	_	_	shortpause	_	none	_	_	_	_	_	_
275-15	PST212	275	275	15	ti	ti	_	_	_	_	_	linguistic	_	none	_	_	_	_	_	_
275-16	PST212	275	275	16	hanno	hanno	_	_	_	_	_	linguistic	_	none	_	_	_	_	_	_
275-17	PST212	275	275	17	creato	creato	_	_	_	_	_	linguistic	_	none	_	_	_	_	_	_
275-18	PST212	275	275	18	più	più	_	_	_	_	_	linguistic	_	none	_	_	_	_	_	_
275-19	PST212	275	275	19	difficol[tà]	difficoltà	_	_	_	_	_	linguistic	_	none	_	End=689.98	_	_	_	7-10(73)
276-0	PST059	276	276	0	[no]	no	_	_	_	_	_	linguistic	_	none	_	Begin=689.83	_	_	_	0-2(73)
276-1	PST059	276	276	1	no	no	_	_	_	_	_	linguistic	_	none	_	End=690.746	_	_	_	_
277-0	PST059	277	277	0	poi:	poi	_	_	_	_	_	linguistic	_	none	_	Begin=690.923	2x1	_	_	_
277-1	PST059	277	277	1	sai	sai	_	_	_	_	_	linguistic	_	none	_	_	_	_	_	_
277-2	PST059	277	277	2	com'	com'	_	_	_	_	_	linguistic	_	none	SpaceAfter=No	_	_	_	_	_
277-3	PST059	277	277	3	è	è	_	_	_	_	_	linguistic	_	none	_	_	_	_	_	_
277-4	PST059	277	277	4	la	la	_	_	_	_	_	linguistic	_	none	_	_	_	_	_	_
277-5	PST059	277	277	5	gente	gente	_	_	_	_	_	linguistic	_	none	_	_	_	_	_	_
277-6	PST059	277	277	6	c'	c'	_	_	_	_	_	linguistic	_	none	SpaceAfter=No	_	_	_	_	_
277-7	PST059	277	277	7	è	è	_	_	_	_	_	linguistic	_	none	_	_	_	_	_	_
277-8	PST059	277	277	8	cattiva	cattiva	_	_	_	_	_	linguistic	_	none	_	_	_	_	_	_
277-9	PST059	277	277	9	qua	qua	_	_	_	_	_	linguistic	_	none	_	_	_	_	_	_
277-10	PST059	277	277	10	c'	c'	_	_	_	_	_	linguistic	_	none	SpaceAfter=No	_	_	_	_	_
277-11	PST059	277	277	11	è	è	_	_	_	_	_	linguistic	_	none	_	_	_	_	_	_
277-12	PST059	277	277	12	da	da	_	_	_	_	_	linguistic	_	none	_	_	_	_	_	_
277-13	PST059	277	277	13	noi	noi	_	_	_	_	_	linguistic	_	none	_	_	_	_	_	_
277-14	PST059	277	277	14	c'	c'	_	_	_	_	_	linguistic	_	none	SpaceAfter=No	_	_	_	_	_
277-15	PST059	277	277	15	è	è	_	_	_	_	_	linguistic	_	none	_	_	_	_	_	_
277-16	PST059	277	277	16	dappertut[to	dappertutto	_	_	_	_	_	linguistic	_	none	_	_	_	_	_	5-11(74)
277-17	PST059	277	277	17	quindi]::	quindi	_	_	_	_	_	linguistic	_	none	_	End=696.15	5x2	_	_	0-3(74)
278-0	PST212	278	278	0	[sì:]	sì	_	_	_	_	_	linguistic	_	none	_	Begin=694.93|End=695.53	1x1	_	_	0-2(74)
279-0	PST059	279	279	0	le	le	_	_	_	_	_	linguistic	_	none	_	Begin=697.379	_	_	_	_
279-1	PST059	279	279	1	persone	persone	_	_	_	_	_	linguistic	_	none	_	_	_	_	_	_
279-2	PST059	279	279	2	te	te	_	_	_	_	_	linguistic	_	none	_	_	_	_	_	_
279-3	PST059	279	279	3	li	li	_	_	_	_	_	linguistic	_	none	_	_	_	_	_	_
279-4	PST059	279	279	4	scegli	scegli	_	_	_	_	_	linguistic	_	none	_	_	_	_	_	_
279-5	PST059	279	279	5	tu	tu	_	_	_	_	_	linguistic	_	none	_	_	_	_	_	_
279-6	PST059	279	279	6	non:	non	_	_	_	_	_	linguistic	_	none	_	_	2x1	_	_	_
279-7	PST059	279	279	7	non	non	_	_	_	_	_	linguistic	_	none	_	_	_	_	_	_
279-8	PST059	279	279	8	ti	ti	_	_	_	_	_	linguistic	_	none	_	_	_	_	_	_
279-9	PST059	279	279	9	piace	piace	_	_	_	_	_	linguistic	_	none	_	_	_	_	_	_
279-10	PST059	279	279	10	una	una	_	_	_	_	_	linguistic	_	none	_	_	_	_	_	_
279-11	PST059	279	279	11	persona:,	persona	_	_	_	_	_	linguistic	_	none	Intonation=WeaklyRising	End=700.982	6x1	_	_	_
280-0	PST059	280	280	0	via	via	_	_	_	_	_	linguistic	_	none	PauseAfter=Yes	Begin=701.145	_	_	_	_
280-1	PST059	280	280	1	(.)	(.)	_	_	_	_	_	shortpause	_	none	_	_	_	_	_	_
280-2	PST059	280	280	2	quind[i:]	quindi	_	_	_	_	_	linguistic	_	none	_	End=702.685	5x1	_	_	5-6(75)
281-0	PST212	281	281	0	[eh	eh	_	_	_	_	_	linguistic	_	none	_	Begin=702.28	_	_	_	0-2(75)
281-1	PST212	281	281	1	ce]rto	certo	_	_	_	_	_	linguistic	_	none	_	_	_	_	_	0-2(75)
281-2	PST212	281	281	2	sì	sì	_	_	_	_	_	linguistic	_	none	_	_	_	_	_	_
281-3	PST212	281	281	3	sì	sì	_	_	_	_	_	linguistic	_	none	_	_	_	_	_	_
281-4	PST212	281	281	4	sì	sì	_	_	_	_	_	linguistic	_	none	_	End=703.55	_	_	_	_
282-0	PST059	282	282	0	non	non	_	_	_	_	_	linguistic	_	none	_	Begin=703.52	_	_	_	_
282-1	PST059	282	282	1	è	è	_	_	_	_	_	linguistic	_	none	_	_	_	_	_	_
282-2	PST059	282	282	2	che:	che	_	_	_	_	_	linguistic	_	none	_	_	2x1	_	_	_
282-3	PST059	282	282	3	rumena	rumena	_	_	_	_	_	linguistic	_	none	_	_	_	_	_	_
282-4	PST059	282	282	4	italiana:	italiana	_	_	_	_	_	linguistic	_	none	_	_	7x1	_	_	_
282-5	PST059	282	282	5	marocchina	marocchina	_	_	_	_	_	linguistic	_	none	_	_	_	_	_	_
282-6	PST059	282	282	6	son	son	_	_	_	_	_	linguistic	_	none	_	_	_	_	_	_
282-7	PST059	282	282	7	tutti	tutti	_	_	_	_	_	linguistic	_	none	_	_	_	_	_	_
282-8	PST059	282	282	8	uguali	uguali	_	_	_	_	_	linguistic	_	none	_	_	_	_	_	_
282-9	PST059	282	282	9	eh	eh	_	_	_	_	_	linguistic	_	none	_	_	_	_	_	_
282-10	PST059	282	282	10	c'	c'	_	_	_	_	_	linguistic	_	none	SpaceAfter=No	_	_	_	_	_
282-11	PST059	282	282	11	è	è	_	_	_	_	_	linguistic	_	none	_	_	_	_	_	_
282-12	PST059	282	282	12	quello	quello	_	_	_	_	_	linguistic	_	none	_	_	_	_	_	_
282-13	PST059	282	282	13	cattivo	cattivo	_	_	_	_	_	linguistic	_	none	_	_	_	_	_	_
282-14	PST059	282	282	14	c'	c'	_	_	_	_	_	linguistic	_	none	SpaceAfter=No	_	_	_	_	_
282-15	PST059	282	282	15	è	è	_	_	_	_	_	linguistic	_	none	_	_	_	_	_	_
282-16	PST059	282	282	16	quello	quello	_	_	_	_	_	linguistic	_	none	_	_	_	_	_	_
282-17	PST059	282	282	17	buono	buono	_	_	_	_	_	linguistic	_	none	_	_	_	_	_	_
282-18	PST059	282	282	18	quindi:	quindi	_	_	_	_	_	linguistic	_	none	_	End=709.775	5x1	_	_	_
283-0	PST059	283	283	0	io	io	_	_	_	_	_	linguistic	_	none	_	Begin=710.382	_	_	_	_
283-1	PST059	283	283	1	penso	penso	_	_	_	_	_	linguistic	_	none	_	_	_	_	_	_
283-2	PST059	283	283	2	così	così	_	_	_	_	_	linguistic	_	none	_	_	_	_	_	_
283-3	PST059	283	283	3	non:	non	_	_	_	_	_	linguistic	_	none	_	End=712.161	2x1	_	_	_
284-0	PST212	284	284	0	sì	sì	_	_	_	_	_	linguistic	_	none	_	Begin=713.02	_	_	_	_
284-1	PST212	284	284	1	sì	sì	_	_	_	_	_	linguistic	_	none	_	_	_	_	_	_
284-2	PST212	284	284	2	sì	sì	_	_	_	_	_	linguistic	_	none	_	End=713.98	_	_	_	_
285-0	PST059	285	285	0	a	a	_	_	_	_	_	linguistic	_	none	_	Begin=713.98	_	_	_	_
285-1	PST059	285	285	1	me	me	_	_	_	_	_	linguistic	_	none	_	_	_	_	_	_
285-2	PST059	285	285	2	non	non	_	_	_	_	_	linguistic	_	none	_	_	_	_	_	_
285-3	PST059	285	285	3	interessa	interessa	_	_	_	_	_	linguistic	_	none	_	_	_	_	_	_
285-4	PST059	285	285	4	il	il	_	_	_	_	_	linguistic	_	none	_	_	_	_	_	_
285-5	PST059	285	285	5	colore	colore	_	_	_	_	_	linguistic	_	none	_	_	_	_	_	_
285-6	PST059	285	285	6	come	come	_	_	_	_	_	linguistic	_	none	_	_	_	_	_	_
285-7	PST059	285	285	7	gli	gli	_	_	_	_	_	linguistic	_	none	_	_	_	_	_	_
285-8	PST059	285	285	8	ho	ho	_	_	_	_	_	linguistic	_	none	_	_	_	_	_	_
285-9	PST059	285	285	9	detto	detto	_	_	_	_	_	linguistic	_	none	_	_	_	_	_	_
285-10	PST059	285	285	10	anche	anche	_	_	_	_	_	linguistic	_	none	_	_	_	_	_	_
285-11	PST059	285	285	11	a	a	_	_	_	_	_	linguistic	_	none	_	_	_	_	_	_
285-12	PST059	285	285	12	mia	mia	_	_	_	_	_	linguistic	_	none	_	_	_	_	_	_
285-13	PST059	285	285	13	figlia	figlia	_	_	_	_	_	linguistic	_	none	_	_	_	_	_	_
285-14	PST059	285	285	14	che	che	_	_	_	_	_	linguistic	_	none	_	_	_	_	_	_
285-15	PST059	285	285	15	all'	all'	_	_	_	_	_	linguistic	_	none	SpaceAfter=No	_	_	_	_	_
285-16	PST059	285	285	16	inizio	inizio	_	_	_	_	_	linguistic	_	none	_	_	_	_	_	_
285-17	PST059	285	285	17	lei	lei	_	_	_	_	_	linguistic	_	none	_	_	_	_	_	_
285-18	PST059	285	285	18	era	era	_	_	_	_	_	linguistic	_	none	_	_	_	_	_	_
285-19	PST059	285	285	19	un	un	_	_	_	_	_	linguistic	_	none	_	_	_	_	_	_
285-20	PST059	285	285	20	po':	po'	_	_	_	_	_	linguistic	_	none	_	End=718.701	1x1	_	_	_
286-0	PST059	286	286	0	però	però	_	_	_	_	_	linguistic	_	none	_	Begin=719.92	_	_	_	_
286-1	PST059	286	286	1	anche:	anche	_	_	_	_	_	linguistic	_	none	_	_	4x1	_	_	_
286-2	PST059	286	286	2	sai	sai	_	_	_	_	_	linguistic	_	none	_	_	_	_	_	_
286-3	PST059	286	286	3	la	la	_	_	_	_	_	linguistic	_	none	_	_	_	_	_	_
286-4	PST059	286	286	4	nonna	nonna	_	_	_	_	_	linguistic	_	none	_	_	_	_	_	_
286-5	PST059	286	286	5	ah	ah	_	_	_	_	_	linguistic	_	none	_	_	_	_	_	_
286-6	PST059	286	286	6	quello	quello	_	_	_	_	_	linguistic	_	none	_	_	_	_	_	_
286-7	PST059	286	286	7	è	è	_	_	_	_	_	linguistic	_	none	_	_	_	_	_	_
286-8	PST059	286	286	8	marocchino	marocchino	_	_	_	_	_	linguistic	_	none	_	_	_	_	_	_
286-9	PST059	286	286	9	quell'	quell'	_	_	_	_	_	linguistic	_	none	SpaceAfter=No	_	_	_	_	_
286-10	PST059	286	286	10	altro:	altro	_	_	_	_	_	linguistic	_	none	_	_	4x1	_	_	_
286-11	PST059	286	286	11	ho	ho	_	_	_	_	_	linguistic	_	none	_	_	_	_	_	_
286-12	PST059	286	286	12	detto	detto	_	_	_	_	_	linguistic	_	none	_	_	_	_	_	_
286-13	PST059	286	286	13	@anna	@anna	_	_	_	_	_	anonymized	_	none	_	_	_	_	_	_
286-14	PST059	286	286	14	no	no	_	_	_	_	_	linguistic	_	none	_	End=725.157	_	_	_	_
287-0	PST059	287	287	0	siamo	siamo	_	_	_	_	_	linguistic	_	none	_	Begin=725.383	_	_	_	_
287-1	PST059	287	287	1	tutti	tutti	_	_	_	_	_	linguistic	_	none	_	_	_	_	_	_
287-2	PST059	287	287	2	uguali	uguali	_	_	_	_	_	linguistic	_	none	_	_	_	_	_	_
287-3	PST059	287	287	3	eh	eh	_	_	_	_	_	linguistic	_	none	_	End=726.803	_	_	_	_
288-0	PST059	288	288	0	c'	c'	_	_	_	_	_	linguistic	_	none	SpaceAfter=No	Begin=727.26	_	_	_	_
288-1	PST059	288	288	1	è	è	_	_	_	_	_	linguistic	_	none	_	_	_	_	_	_
288-2	PST059	288	288	2	buono	buono	_	_	_	_	_	linguistic	_	none	_	_	_	_	_	_
288-3	PST059	288	288	3	lì	lì	_	_	_	_	_	linguistic	_	none	_	_	_	_	_	_
288-4	PST059	288	288	4	c'	c'	_	_	_	_	_	linguistic	_	none	SpaceAfter=No	_	_	_	_	_
288-5	PST059	288	288	5	è	è	_	_	_	_	_	linguistic	_	none	_	_	_	_	_	_
288-6	PST059	288	288	6	buono	buono	_	_	_	_	_	linguistic	_	none	_	_	_	_	_	_
288-7	PST059	288	288	7	qua	qua	_	_	_	_	_	linguistic	_	none	_	_	_	_	_	_
288-8	PST059	288	288	8	quindi	quindi	_	_	_	_	_	linguistic	_	none	_	_	_	_	_	_
288-9	PST059	288	288	9	se	se	_	_	_	_	_	linguistic	_	none	_	_	_	_	_	_
288-10	PST059	288	288	10	a	a	_	_	_	_	_	linguistic	_	none	_	_	_	_	_	_
288-11	PST059	288	288	11	te	te	_	_	_	_	_	linguistic	_	none	_	_	_	_	_	_
288-12	PST059	288	288	12	piace	piace	_	_	_	_	_	linguistic	_	none	_	_	_	_	_	_
288-13	PST059	288	288	13	quella	quella	_	_	_	_	_	linguistic	_	none	_	_	_	_	_	_
288-14	PST059	288	288	14	persona	persona	_	_	_	_	_	linguistic	_	none	_	_	_	_	_	_
288-15	PST059	288	288	15	vuoi	vuoi	_	_	_	_	_	linguistic	_	none	_	_	_	_	_	_
288-16	PST059	288	288	16	parlare	parlare	_	_	_	_	_	linguistic	_	none	_	_	_	_	_	_
288-17	PST059	288	288	17	con	con	_	_	_	_	_	linguistic	_	none	_	_	_	_	_	_
288-18	PST059	288	288	18	quella	quella	_	_	_	_	_	linguistic	_	none	_	_	_	_	_	_
288-19	PST059	288	288	19	persona	persona	_	_	_	_	_	linguistic	_	none	_	_	_	_	_	_
288-20	PST059	288	288	20	va	va	_	_	_	_	_	linguistic	_	none	_	_	_	_	_	_
288-21	PST059	288	288	21	benissimo	benissimo	_	_	_	_	_	linguistic	_	none	_	_	_	_	_	_
288-22	PST059	288	288	22	non	non	_	_	_	_	_	linguistic	_	none	_	_	_	_	_	_
288-23	PST059	288	288	23	è	è	_	_	_	_	_	linguistic	_	none	_	_	_	_	_	_
288-24	PST059	288	288	24	che:	che	_	_	_	_	_	linguistic	_	none	_	_	2x1	_	_	_
288-25	PST059	288	288	25	mo'	mo'	_	_	_	_	_	linguistic	_	none	Truncated=Yes	_	_	_	_	_
288-26	PST059	288	288	26	faccia[mo:]	facciamo	_	_	_	_	_	linguistic	_	none	_	End=734.8	7x1	_	_	4-8(77)
289-0	PST212	289	289	0	[mh	mh	_	_	_	_	_	linguistic	_	none	_	Begin=734.421	_	_	_	0-2(77)
289-1	PST212	289	289	1	mh]	mh	_	_	_	_	_	linguistic	_	none	_	End=734.901	_	_	_	0-2(77)
290-0	PST059	290	290	0	perché	perché	_	_	_	_	_	linguistic	_	none	_	Begin=735.94	_	_	_	_
290-1	PST059	290	290	1	come	come	_	_	_	_	_	linguistic	_	none	_	_	_	_	_	_
290-2	PST059	290	290	2	loro	loro	_	_	_	_	_	linguistic	_	none	_	_	_	_	_	_
290-3	PST059	290	290	3	son	son	_	_	_	_	_	linguistic	_	none	_	_	_	_	_	_
290-4	PST059	290	290	4	stranieri	stranieri	_	_	_	_	_	linguistic	_	none	_	_	_	_	_	_
290-5	PST059	290	290	5	siamo	siamo	_	_	_	_	_	linguistic	_	none	_	_	_	_	_	_
290-6	PST059	290	290	6	anche	anche	_	_	_	_	_	linguistic	_	none	_	_	_	_	_	_
290-7	PST059	290	290	7	noi	noi	_	_	_	_	_	linguistic	_	none	_	_	_	_	_	_
290-8	PST059	290	290	8	e	e	_	_	_	_	_	linguistic	_	none	_	_	_	_	_	_
290-9	PST059	290	290	9	anche:	anche	_	_	_	_	_	linguistic	_	none	_	_	4x1	_	_	_
290-10	PST059	290	290	10	italiani	italiani	_	_	_	_	_	linguistic	_	none	_	_	_	_	_	_
290-11	PST059	290	290	11	una	una	_	_	_	_	_	linguistic	_	none	_	_	_	_	_	_
290-12	PST059	290	290	12	volta	volta	_	_	_	_	_	linguistic	_	none	_	_	_	_	_	_
290-13	PST059	290	290	13	sono	sono	_	_	_	_	_	linguistic	_	none	_	_	_	_	_	_
290-14	PST059	290	290	14	venu[ti	venuti	_	_	_	_	_	linguistic	_	none	_	_	_	_	_	4-6(78)
290-15	PST059	290	290	15	qua	qua	_	_	_	_	_	linguistic	_	none	_	_	_	_	_	0-3(78)
290-16	PST059	290	290	16	quindi	quindi	_	_	_	_	_	linguistic	_	none	_	_	_	_	_	0-6(78)
290-17	PST059	290	290	17	son~]	son~	_	_	_	_	_	linguistic	_	none	Interrupted=Yes	_	_	_	_	0-4(78)
290-18	PST059	290	290	18	erano	erano	_	_	_	_	_	linguistic	_	none	_	_	_	_	_	_
290-19	PST059	290	290	19	stranieri	stranieri	_	_	_	_	_	linguistic	_	none	_	_	_	_	_	_
290-20	PST059	290	290	20	anche	anche	_	_	_	_	_	linguistic	_	none	_	_	_	_	_	_
290-21	PST059	290	290	21	loro	loro	_	_	_	_	_	linguistic	_	none	_	_	_	_	_	_
290-22	PST059	290	290	22	quindi:	quindi	_	_	_	_	_	linguistic	_	none	_	End=743.613	5x1	_	_	_
291-0	PST212	291	291	0	[a:h	ah	_	_	_	_	_	linguistic	_	none	_	Begin=740.341	0x1	_	_	0-2(78)
291-1	PST212	291	291	1	beh	beh	_	_	_	_	_	linguistic	_	none	_	_	_	_	_	0-3(78)
291-2	PST212	291	291	2	sì]	sì	_	_	_	_	_	linguistic	_	none	_	End=741.43	_	_	_	0-2(78)
292-0	PST212	292	292	0	sì	sì	_	_	_	_	_	linguistic	_	none	_	Begin=743.801	_	_	_	_
292-1	PST212	292	292	1	sì	sì	_	_	_	_	_	linguistic	_	none	_	_	_	_	_	_
292-2	PST212	292	292	2	sì	sì	_	_	_	_	_	linguistic	_	none	_	End=744.581	_	_	_	_
293-0	PST059	293	293	0	[non	non	_	_	_	_	_	linguistic	_	none	_	Begin=744.581	_	_	_	0-3(79)
293-1	PST059	293	293	1	è	è	_	_	_	_	_	linguistic	_	none	_	_	_	_	_	0-1(79)
293-2	PST059	293	293	2	che]:	che	_	_	_	_	_	linguistic	_	none	_	End=745.73	2x1	_	_	0-3(79)
294-0	PST212	294	294	0	[certo]	certo	_	_	_	_	_	linguistic	_	none	_	Begin=744.581|End=745.449	_	_	_	0-5(79)
295-0	PST059	295	295	0	il	il	_	_	_	_	_	linguistic	_	none	_	Begin=746.67	_	_	_	_
295-1	PST059	295	295	1	mondo	mondo	_	_	_	_	_	linguistic	_	none	_	_	_	_	_	_
295-2	PST059	295	295	2	gira	gira	_	_	_	_	_	linguistic	_	none	_	_	_	_	_	_
295-3	PST059	295	295	3	non	non	_	_	_	_	_	linguistic	_	none	_	_	_	_	_	_
295-4	PST059	295	295	4	vedi	vedi	_	_	_	_	_	linguistic	_	none	_	_	_	_	_	_
295-5	PST059	295	295	5	mo'	mo'	_	_	_	_	_	linguistic	_	none	Truncated=Yes	_	_	_	_	_
295-6	PST059	295	295	6	i	i	_	_	_	_	_	linguistic	_	none	_	_	_	_	_	_
295-7	PST059	295	295	7	giovani	giovani	_	_	_	_	_	linguistic	_	none	_	_	_	_	_	_
295-8	PST059	295	295	8	vanno	vanno	_	_	_	_	_	linguistic	_	none	_	_	_	_	_	_
295-9	PST059	295	295	9	via	via	_	_	_	_	_	linguistic	_	none	_	_	_	_	_	_
295-10	PST059	295	295	10	tutti	tutti	_	_	_	_	_	linguistic	_	none	_	_	_	_	_	_
295-11	PST059	295	295	11	vanno	vanno	_	_	_	_	_	linguistic	_	none	_	_	_	_	_	_
295-12	PST059	295	295	12	all'	all'	_	_	_	_	_	linguistic	_	none	SpaceAfter=No	_	_	_	_	_
295-13	PST059	295	295	13	estero	estero	_	_	_	_	_	linguistic	_	none	_	_	_	_	_	_
295-14	PST059	295	295	14	vanno:	vanno	_	_	_	_	_	linguistic	_	none	_	End=751.408	4x1	_	_	_
296-0	PST212	296	296	0	m[h]	mh	_	_	_	_	_	linguistic	_	none	_	Begin=751.85|End=752.284	_	_	_	1-2(80)
297-0	PST059	297	297	0	[non]	non	_	_	_	_	_	linguistic	_	none	_	Begin=752.01	_	_	_	0-3(80)
297-1	PST059	297	297	1	è	è	_	_	_	_	_	linguistic	_	none	_	_	_	_	_	_
297-2	PST059	297	297	2	che	che	_	_	_	_	_	linguistic	_	none	_	_	_	_	_	_
297-3	PST059	297	297	3	è	è	_	_	_	_	_	linguistic	_	none	_	_	_	_	_	_
297-4	PST059	297	297	4	una	una	_	_	_	_	_	linguistic	_	none	_	_	_	_	_	_
297-5	PST059	297	297	5	cosa	cosa	_	_	_	_	_	linguistic	_	none	_	_	_	_	_	_
297-6	PST059	297	297	6	che:	che	_	_	_	_	_	linguistic	_	none	_	End=753.59	2x1	_	_	_
298-0	PST059	298	298	0	può	può	_	_	_	_	_	linguistic	_	none	_	Begin=753.71	_	_	_	_
298-1	PST059	298	298	1	capitare	capitare	_	_	_	_	_	linguistic	_	none	_	_	_	_	_	_
298-2	PST059	298	298	2	a	a	_	_	_	_	_	linguistic	_	none	_	_	_	_	_	_
298-3	PST059	298	298	3	tutti	tutti	_	_	_	_	_	linguistic	_	none	_	_	_	_	_	_
298-4	PST059	298	298	4	eh	eh	_	_	_	_	_	linguistic	_	none	_	_	_	_	_	_
298-5	PST059	298	298	5	di:	di	_	_	_	_	_	linguistic	_	none	_	End=755.25	1x1	_	_	_
299-0	PST212	299	299	0	eh	eh	_	_	_	_	_	linguistic	_	none	_	Begin=755.56	_	_	_	_
299-1	PST212	299	299	1	beh	beh	_	_	_	_	_	linguistic	_	none	_	_	_	_	_	_
299-2	PST212	299	299	2	sì	sì	_	_	_	_	_	linguistic	_	none	_	_	_	_	_	_
299-3	PST212	299	299	3	in	in	_	_	_	_	_	linguistic	_	none	_	_	_	_	_	_
299-4	PST212	299	299	4	italia:	italia	_	_	_	_	_	linguistic	_	none	_	_	5x1	_	_	_
299-5	PST212	299	299	5	tanti	tanti	_	_	_	_	_	linguistic	_	none	_	_	_	_	_	_
299-6	PST212	299	299	6	giovani	giovani	_	_	_	_	_	linguistic	_	none	_	_	_	_	_	_
299-7	PST212	299	299	7	comunque:	comunque	_	_	_	_	_	linguistic	_	none	_	_	7x1	_	_	_
299-8	PST212	299	299	8	scelgono	scelgono	_	_	_	_	_	linguistic	_	none	_	_	_	_	_	_
299-9	PST212	299	299	9	di	di	_	_	_	_	_	linguistic	_	none	_	_	_	_	_	_
299-10	PST212	299	299	10	andare	andare	_	_	_	_	_	linguistic	_	none	_	_	_	_	_	_
299-11	PST212	299	299	11	[all'	all'	_	_	_	_	_	linguistic	_	none	SpaceAfter=No	_	_	_	_	0-4(81)
299-12	PST212	299	299	12	estero]	estero	_	_	_	_	_	linguistic	_	none	_	End=760.294	_	_	_	0-6(81)
300-0	PST059	300	300	0	[sì	sì	_	_	_	_	_	linguistic	_	none	_	Begin=759.472	_	_	_	0-2(81)
300-1	PST059	300	300	1	sì:]	sì	_	_	_	_	_	linguistic	_	none	_	End=760.302	1x1	_	_	0-2(81)
301-0	PST059	301	301	0	scelgo[no	scelgono	_	_	_	_	_	linguistic	_	none	_	Begin=760.532	_	_	_	6-8(82)
301-1	PST059	301	301	1	di]	di	_	_	_	_	_	linguistic	_	none	_	End=761.292	_	_	_	0-2(82)
302-0	PST212	302	302	0	[ma	ma	_	_	_	_	_	linguistic	_	none	_	Begin=760.857	_	_	_	0-2(82)
302-1	PST212	302	302	1	in	in	_	_	_	_	_	linguistic	_	none	_	_	_	_	_	0-2(82)
302-2	PST212	302	302	2	romani]a	romania	_	_	_	_	_	linguistic	_	none	_	_	_	_	_	0-6(82)
302-3	PST212	302	302	3	è	è	_	_	_	_	_	linguistic	_	none	_	_	_	_	_	_
302-4	PST212	302	302	4	ancora	ancora	_	_	_	_	_	linguistic	_	none	_	_	_	_	_	_
302-5	PST212	302	302	5	così:	così	_	_	_	_	_	linguistic	_	none	_	_	3x1	_	_	_
302-6	PST212	302	302	6	cioè	cioè	_	_	_	_	_	linguistic	_	none	_	_	_	_	_	_
302-7	PST212	302	302	7	mh	mh	_	_	_	_	_	linguistic	_	none	_	_	_	_	_	_
302-8	PST212	302	302	8	c'	c'	_	_	_	_	_	linguistic	_	none	SpaceAfter=No	_	_	_	_	_
302-9	PST212	302	302	9	è	è	_	_	_	_	_	linguistic	_	none	_	_	_	_	_	_
302-10	PST212	302	302	10	tanta:	tanta	_	_	_	_	_	linguistic	_	none	_	_	4x1	_	_	_
302-11	PST212	302	302	11	[emigrazione]	emigrazione	_	_	_	_	_	linguistic	_	none	_	End=764.63	_	_	_	0-11(83)
303-0	PST059	303	303	0	[no:	no	_	_	_	_	_	linguistic	_	none	_	Begin=763.49	1x1	_	_	0-2(83)
303-1	PST059	303	303	1	invece]	invece	_	_	_	_	_	linguistic	_	none	_	End=764.63	_	_	_	0-6(83)
304-0	PST059	304	304	0	no:	no	_	_	_	_	_	linguistic	_	none	_	Begin=764.63	1x1	_	_	_
304-1	PST059	304	304	1	si	si	_	_	_	_	_	linguistic	_	none	_	_	_	_	_	_
304-2	PST059	304	304	2	sono:	sono	_	_	_	_	_	linguistic	_	none	_	_	3x1	_	_	_
304-3	PST059	304	304	3	però	però	_	_	_	_	_	linguistic	_	none	_	_	_	_	_	_
304-4	PST059	304	304	4	ci	ci	_	_	_	_	_	linguistic	_	none	_	_	_	_	_	_
304-5	PST059	304	304	5	sono	sono	_	_	_	_	_	linguistic	_	none	_	_	_	_	_	_
304-6	PST059	304	304	6	tanti	tanti	_	_	_	_	_	linguistic	_	none	_	_	_	_	_	_
304-7	PST059	304	304	7	italiani	italiani	_	_	_	_	_	linguistic	_	none	_	_	_	_	_	_
304-8	PST059	304	304	8	in	in	_	_	_	_	_	linguistic	_	none	_	_	_	_	_	_
304-9	PST059	304	304	9	roma[nia]	romania	_	_	_	_	_	linguistic	_	none	_	End=768.041	_	_	_	4-7(84)
305-0	PST212	305	305	0	[ah	ah	_	_	_	_	_	linguistic	_	none	_	Begin=767.61	_	_	_	0-2(84)
305-1	PST212	305	305	1	sì]?	sì	_	_	_	_	_	linguistic	_	none	Intonation=Rising	End=768.06	_	_	_	0-2(84)
306-0	PST059	306	306	0	sì	sì	_	_	_	_	_	linguistic	_	none	_	Begin=768.041	_	_	_	_
306-1	PST059	306	306	1	s[ì	sì	_	_	_	_	_	linguistic	_	none	_	_	_	_	_	1-2(86)
306-2	PST059	306	306	2	sono:]	sono	_	_	_	_	_	linguistic	_	none	_	_	3x1	_	_	0-4(86)
306-3	PST059	306	306	3	tante	tante	_	_	_	_	_	linguistic	_	none	_	_	_	_	_	_
306-4	PST059	306	306	4	persone	persone	_	_	_	_	_	linguistic	_	none	_	_	_	_	_	_
306-5	PST059	306	306	5	italiane	italiane	_	_	_	_	_	linguistic	_	none	_	_	_	_	_	_
306-6	PST059	306	306	6	che	che	_	_	_	_	_	linguistic	_	none	_	_	_	_	_	_
306-7	PST059	306	306	7	si	si	_	_	_	_	_	linguistic	_	none	_	_	_	_	_	_
306-8	PST059	306	306	8	sono	sono	_	_	_	_	_	linguistic	_	none	_	_	_	_	_	_
306-9	PST059	306	306	9	spostate	spostate	_	_	_	_	_	linguistic	_	none	_	_	_	_	_	_
306-10	PST059	306	306	10	lì	lì	_	_	_	_	_	linguistic	_	none	_	_	_	_	_	_
306-11	PST059	306	306	11	con	con	_	_	_	_	_	linguistic	_	none	_	_	_	_	_	_
306-12	PST059	306	306	12	le	le	_	_	_	_	_	linguistic	_	none	_	_	_	_	_	_
306-13	PST059	306	306	13	famiglie	famiglie	_	_	_	_	_	linguistic	_	none	ProsodicLink=Yes	_	_	_	_	_
306-14	PST059	306	306	14	e	e	_	_	_	_	_	linguistic	_	none	_	_	_	_	_	_
306-15	PST059	306	306	15	con	con	_	_	_	_	_	linguistic	_	none	_	_	_	_	_	_
306-16	PST059	306	306	16	tutto	tutto	_	_	_	_	_	linguistic	_	none	_	_	_	_	_	_
306-17	PST059	306	306	17	eh,	eh	_	_	_	_	_	linguistic	_	none	Intonation=WeaklyRising	End=772.971	_	_	_	_
307-0	PST212	307	307	0	[ah	ah	_	_	_	_	_	linguistic	_	none	_	Begin=768.451	_	_	_	0-2(86)
307-1	PST212	307	307	1	okay]	okay	_	_	_	_	_	linguistic	_	none	_	End=769.101	_	_	_	0-4(86)
308-0	PST059	308	308	0	anche	anche	_	_	_	_	_	linguistic	_	none	_	Begin=773.211	_	_	_	_
308-1	PST059	308	308	1	vicino	vicino	_	_	_	_	_	linguistic	_	none	_	_	_	_	_	_
308-2	PST059	308	308	2	al	al	_	_	_	_	_	linguistic	_	none	_	_	_	_	_	_
308-3	PST059	308	308	3	paese	paese	_	_	_	_	_	linguistic	_	none	_	_	_	_	_	_
308-4	PST059	308	308	4	nostro	nostro	_	_	_	_	_	linguistic	_	none	_	_	_	_	_	_
308-5	PST059	308	308	5	sono	sono	_	_	_	_	_	linguistic	_	none	_	_	_	_	_	_
308-6	PST059	308	308	6	ta:nti	tanti	_	_	_	_	_	linguistic	_	none	_	_	1x1	_	_	_
308-7	PST059	308	308	7	eh	eh	_	_	_	_	_	linguistic	_	none	_	_	_	_	_	_
308-8	PST059	308	308	8	che	che	_	_	_	_	_	linguistic	_	none	_	_	_	_	_	_
308-9	PST059	308	308	9	son[o::]	sono	_	_	_	_	_	linguistic	_	none	_	End=776.26	3x2	_	_	3-4(87)
309-0	PST212	309	309	0	[ah]	ah	_	_	_	_	_	linguistic	_	none	_	Begin=776.07|End=776.6	_	_	_	0-2(87)
310-0	PST059	310	310	0	infatti	infatti	_	_	_	_	_	linguistic	_	none	_	Begin=776.94	_	_	_	_
310-1	PST059	310	310	1	e	e	_	_	_	_	_	linguistic	_	none	_	_	_	_	_	_
310-2	PST059	310	310	2	mo'	mo'	_	_	_	_	_	linguistic	_	none	Truncated=Yes	_	_	_	_	_
310-3	PST059	310	310	3	quando	quando	_	_	_	_	_	linguistic	_	none	_	_	_	_	_	_
310-4	PST059	310	310	4	vai	vai	_	_	_	_	_	linguistic	_	none	_	_	_	_	_	_
310-5	PST059	310	310	5	in	in	_	_	_	_	_	linguistic	_	none	_	_	_	_	_	_
310-6	PST059	310	310	6	negozio::	negozio	_	_	_	_	_	linguistic	_	none	_	End=779.54	6x2	_	_	_
311-0	PST059	311	311	0	sei	sei	_	_	_	_	_	linguistic	_	none	_	Begin=779.84	_	_	_	_
311-1	PST059	311	311	1	un	un	_	_	_	_	_	linguistic	_	none	_	_	_	_	_	_
311-2	PST059	311	311	2	po':	po'	_	_	_	_	_	linguistic	_	none	_	_	1x1	_	_	_
311-3	PST059	311	311	3	come	come	_	_	_	_	_	linguistic	_	none	_	_	_	_	_	_
311-4	PST059	311	311	4	qu	qu	_	_	_	_	_	linguistic	_	none	_	_	_	_	_	_
311-5	PST059	311	311	5	a	a	_	_	_	_	_	linguistic	_	none	_	_	_	_	_	_
311-6	PST059	311	311	6	eh	eh	_	_	_	_	_	linguistic	_	none	_	_	_	_	_	_
311-7	PST059	311	311	7	c'	c'	_	_	_	_	_	linguistic	_	none	SpaceAfter=No	_	_	_	_	_
311-8	PST059	311	311	8	è	è	_	_	_	_	_	linguistic	_	none	_	_	_	_	_	_
311-9	PST059	311	311	9	quello	quello	_	_	_	_	_	linguistic	_	none	_	_	_	_	_	_
311-10	PST059	311	311	10	che	che	_	_	_	_	_	linguistic	_	none	_	_	_	_	_	_
311-11	PST059	311	311	11	parla	parla	_	_	_	_	_	linguistic	_	none	_	_	_	_	_	_
311-12	PST059	311	311	12	rumeno	rumeno	_	_	_	_	_	linguistic	_	none	_	_	_	_	_	_
311-13	PST059	311	311	13	[c'	c'	_	_	_	_	_	linguistic	_	none	SpaceAfter=No	_	_	_	_	0-2(88)
311-14	PST059	311	311	14	è	è	_	_	_	_	_	linguistic	_	none	_	_	_	_	_	0-1(88)
311-15	PST059	311	311	15	quello	quello	_	_	_	_	_	linguistic	_	none	_	_	_	_	_	0-6(88)
311-16	PST059	311	311	16	che	che	_	_	_	_	_	linguistic	_	none	_	_	_	_	_	0-3(88)
311-17	PST059	311	311	17	parla	parla	_	_	_	_	_	linguistic	_	none	_	_	_	_	_	0-5(88)
311-18	PST059	311	311	18	l'	l'	_	_	_	_	_	linguistic	_	none	SpaceAfter=No	_	_	_	_	0-2(88)
311-19	PST059	311	311	19	italiano]	italiano	_	_	_	_	_	linguistic	_	none	_	_	_	_	_	0-6(88)
311-20	PST059	311	311	20	e	e	_	_	_	_	_	linguistic	_	none	_	_	_	_	_	_
311-21	PST059	311	311	21	sei	sei	_	_	_	_	_	linguistic	_	none	_	_	_	_	_	_
311-22	PST059	311	311	22	((ridendo))	((ridendo))	_	_	_	_	_	nonverbalbehavior	_	none	_	End=784.766	_	_	_	_
312-0	PST212	312	312	0	[sì	sì	_	_	_	_	_	linguistic	_	none	_	Begin=782.748	_	_	_	0-2(88)
312-1	PST212	312	312	1	sì	sì	_	_	_	_	_	linguistic	_	none	_	_	_	_	_	0-2(88)
312-2	PST212	312	312	2	sì	sì	_	_	_	_	_	linguistic	_	none	_	_	_	_	_	0-2(88)
312-3	PST212	312	312	3	sì:]	sì	_	_	_	_	_	linguistic	_	none	_	End=784.058	1x1	_	_	0-2(88)
313-0	PST059	313	313	0	non:	non	_	_	_	_	_	linguistic	_	none	_	Begin=785.428|End=786.288	2x1	_	_	_
314-0	PST059	314	314	0	sì	sì	_	_	_	_	_	linguistic	_	none	_	Begin=786.94	_	_	_	_
314-1	PST059	314	314	1	sì	sì	_	_	_	_	_	linguistic	_	none	_	_	_	_	_	_
314-2	PST059	314	314	2	perché	perché	_	_	_	_	_	linguistic	_	none	_	_	_	_	_	_
314-3	PST059	314	314	3	di:	di	_	_	_	_	_	linguistic	_	none	_	_	1x1	_	_	_
314-4	PST059	314	314	4	a	a	_	_	_	_	_	linguistic	_	none	_	_	_	_	_	_
314-5	PST059	314	314	5	parte	parte	_	_	_	_	_	linguistic	_	none	_	_	_	_	_	_
314-6	PST059	314	314	6	che	che	_	_	_	_	_	linguistic	_	none	_	_	_	_	_	_
314-7	PST059	314	314	7	l'	l'	_	_	_	_	_	linguistic	_	none	SpaceAfter=No	_	_	_	_	_
314-8	PST059	314	314	8	aria	aria	_	_	_	_	_	linguistic	_	none	_	_	_	_	_	_
314-9	PST059	314	314	9	è	è	_	_	_	_	_	linguistic	_	none	_	_	_	_	_	_
314-10	PST059	314	314	10	più	più	_	_	_	_	_	linguistic	_	none	_	_	_	_	_	_
314-11	PST059	314	314	11	pulita	pulita	_	_	_	_	_	linguistic	_	none	_	_	_	_	_	_
314-12	PST059	314	314	12	da	da	_	_	_	_	_	linguistic	_	none	_	_	_	_	_	_
314-13	PST059	314	314	13	noi	noi	_	_	_	_	_	linguistic	_	none	_	_	_	_	_	_
314-14	PST059	314	314	14	giustamen[te	giustamente	_	_	_	_	_	linguistic	_	none	_	_	_	_	_	8-11(89)
314-15	PST059	314	314	15	(lì)]	lì	_	_	_	_	_	linguistic	_	none	_	End=791.04	_	_	0-2(0)	0-2(89)
315-0	PST212	315	315	0	[e:h]	eh	_	_	_	_	_	linguistic	_	none	_	Begin=790.695	0x1	_	_	_
315-1	PST212	315	315	1	sì]	sì	_	_	_	_	_	linguistic	_	none	_	End=791.375	_	_	_	_
316-0	PST212	316	316	0	beh	beh	_	_	_	_	_	linguistic	_	none	_	Begin=791.42	_	_	_	_
316-1	PST212	316	316	1	poi	poi	_	_	_	_	_	linguistic	_	none	_	_	_	_	_	_
316-2	PST212	316	316	2	qua	qua	_	_	_	_	_	linguistic	_	none	_	_	_	_	_	_
316-3	PST212	316	316	3	a	a	_	_	_	_	_	linguistic	_	none	_	_	_	_	_	_
316-4	PST212	316	316	4	torino	torino	_	_	_	_	_	linguistic	_	none	_	_	_	_	_	_
316-5	PST212	316	316	5	[è::	è	_	_	_	_	_	linguistic	_	none	_	_	0x2	_	_	0-1(?)
316-6	PST212	316	316	6	pa]rticolarmente	particolarmente	_	_	_	_	_	linguistic	_	none	_	_	_	_	_	0-2(?)
316-7	PST212	316	316	7	inquinata	inquinata	_	_	_	_	_	linguistic	_	none	PauseAfter=Yes	_	_	_	_	_
316-8	PST212	316	316	8	(.)	(.)	_	_	_	_	_	shortpause	_	none	_	_	_	_	_	_
316-9	PST212	316	316	9	sì	sì	_	_	_	_	_	linguistic	_	none	_	End=795.132	_	_	_	_
317-0	PST059	317	317	0	[eh]	eh	_	_	_	_	_	linguistic	_	none	_	Begin=792.641|End=793.171	_	_	_	0-2(90)
318-0	PST059	318	318	0	qua	qua	_	_	_	_	_	linguistic	_	none	_	Begin=794.11	_	_	_	_
318-1	PST059	318	318	1	siamo	siamo	_	_	_	_	_	linguistic	_	none	_	_	_	_	_	_
318-2	PST059	318	318	2	sì:	sì	_	_	_	_	_	linguistic	_	none	_	End=795.13	1x1	_	_	_
319-0	PST059	319	319	0	però:	però	_	_	_	_	_	linguistic	_	none	_	Begin=795.88|End=796.68	3x1	_	_	_
320-0	PST059	320	320	0	infatti	infatti	_	_	_	_	_	linguistic	_	none	_	Begin=797.99	_	_	_	_
320-1	PST059	320	320	1	io	io	_	_	_	_	_	linguistic	_	none	_	_	_	_	_	_
320-2	PST059	320	320	2	quando	quando	_	_	_	_	_	linguistic	_	none	_	_	_	_	_	_
320-3	PST059	320	320	3	gli	gli	_	_	_	_	_	linguistic	_	none	_	_	_	_	_	_
320-4	PST059	320	320	4	dico	dico	_	_	_	_	_	linguistic	_	none	_	_	_	_	_	_
320-5	PST059	320	320	5	anidamo	anidamo	_	_	_	_	_	linguistic	_	none	_	_	_	_	_	_
320-6	PST059	320	320	6	torniamo	torniamo	_	_	_	_	_	linguistic	_	none	_	_	_	_	_	_
320-7	PST059	320	320	7	a	a	_	_	_	_	_	linguistic	_	none	_	_	_	_	_	_
320-8	PST059	320	320	8	casa	casa	_	_	_	_	_	linguistic	_	none	_	_	_	_	_	_
320-9	PST059	320	320	9	mia	mia	_	_	_	_	_	linguistic	_	none	_	_	_	_	_	_
320-10	PST059	320	320	10	figlia	figlia	_	_	_	_	_	linguistic	_	none	_	_	_	_	_	_
320-11	PST059	320	320	11	mi	mi	_	_	_	_	_	linguistic	_	none	_	_	_	_	_	_
320-12	PST059	320	320	12	dice	dice	_	_	_	_	_	linguistic	_	none	_	_	_	_	_	_
320-13	PST059	320	320	13	sì:	sì	_	_	_	_	_	linguistic	_	none	_	_	1x1	_	_	_
320-14	PST059	320	320	14	domani	domani	_	_	_	_	_	linguistic	_	none	_	_	_	_	_	_
320-15	PST059	320	320	15	se	se	_	_	_	_	_	linguistic	_	none	_	_	_	_	_	_
320-16	PST059	320	320	16	gli	gli	_	_	_	_	_	linguistic	_	none	_	_	_	_	_	_
320-17	PST059	320	320	17	dici	dici	_	_	_	_	_	linguistic	_	none	_	_	_	_	_	_
320-18	PST059	320	320	18	vai	vai	_	_	_	_	_	linguistic	_	none	_	_	_	_	_	_
320-19	PST059	320	320	19	e:h	eh	_	_	_	_	_	linguistic	_	none	_	_	0x1	_	_	_
320-20	PST059	320	320	20	lei	lei	_	_	_	_	_	linguistic	_	none	_	_	_	_	_	_
320-21	PST059	320	320	21	torna	torna	_	_	_	_	_	linguistic	_	none	_	_	_	_	_	_
320-22	PST059	320	320	22	a	a	_	_	_	_	_	linguistic	_	none	_	_	_	_	_	_
320-23	PST059	320	320	23	casa	casa	_	_	_	_	_	linguistic	_	none	_	_	_	_	_	_
320-24	PST059	320	320	24	invece	invece	_	_	_	_	_	linguistic	_	none	_	_	_	_	_	_
320-25	PST059	320	320	25	l'	l'	_	_	_	_	_	linguistic	_	none	SpaceAfter=No	_	_	_	_	_
320-26	PST059	320	320	26	altro	altro	_	_	_	_	_	linguistic	_	none	PauseAfter=Yes	_	_	_	_	_
320-27	PST059	320	320	27	(.)	(.)	_	_	_	_	_	shortpause	_	none	_	_	_	_	_	_
320-28	PST059	320	320	28	e	e	_	_	_	_	_	linguistic	_	none	_	_	_	_	_	_
320-29	PST059	320	320	29	prendiamo	prendiamo	_	_	_	_	_	linguistic	_	none	_	_	_	_	_	_
320-30	PST059	320	320	30	anche	anche	_	_	_	_	_	linguistic	_	none	_	_	_	_	_	_
320-31	PST059	320	320	31	i	i	_	_	_	_	_	linguistic	_	none	_	_	_	_	_	_
320-32	PST059	320	320	32	ragazzi?	ragazzi	_	_	_	_	_	linguistic	_	none	Intonation=Rising	End=806.24	_	_	_	_
321-0	PST059	321	321	0	eh	eh	_	_	_	_	_	linguistic	_	none	_	Begin=806.24	_	_	_	_
321-1	PST059	321	321	1	non	non	_	_	_	_	_	linguistic	_	none	_	_	_	_	_	_
321-2	PST059	321	321	2	possiamo	possiamo	_	_	_	_	_	linguistic	_	none	_	_	_	_	_	_
321-3	PST059	321	321	3	prendere	prendere	_	_	_	_	_	linguistic	_	none	_	_	_	_	_	_
321-4	PST059	321	321	4	tutti	tutti	_	_	_	_	_	linguistic	_	none	_	_	_	_	_	_
321-5	PST059	321	321	5	i	i	_	_	_	_	_	linguistic	_	none	_	_	_	_	_	_
321-6	PST059	321	321	6	ragazzi	ragazzi	_	_	_	_	_	linguistic	_	none	_	_	_	_	_	_
321-7	PST059	321	321	7	va	va	_	_	_	_	_	linguistic	_	none	_	_	_	_	_	_
321-8	PST059	321	321	8	bene	bene	_	_	_	_	_	linguistic	_	none	_	_	_	_	_	_
321-9	PST059	321	321	9	in	in	_	_	_	_	_	linguistic	_	none	_	_	_	_	_	_
321-10	PST059	321	321	10	vacanza	vacanza	_	_	_	_	_	linguistic	_	none	_	End=809.265	_	_	_	_
322-0	PST059	322	322	0	[lui	lui	_	_	_	_	_	linguistic	_	none	_	Begin=809.88	_	_	_	0-3(92)
322-1	PST059	322	322	1	vuole	vuole	_	_	_	_	_	linguistic	_	none	_	_	_	_	_	0-5(92)
322-2	PST059	322	322	2	gli	gli	_	_	_	_	_	linguistic	_	none	_	_	_	_	_	0-3(92)
322-3	PST059	322	322	3	amici	amici	_	_	_	_	_	linguistic	_	none	_	_	_	_	_	0-5(92)
322-4	PST059	322	322	4	di	di	_	_	_	_	_	linguistic	_	none	_	_	_	_	_	0-2(92)
322-5	PST059	322	322	5	ba]llo	ballo	_	_	_	_	_	linguistic	_	none	_	End=811.49	_	_	_	0-2(92)
323-0	PST212	323	323	0	[sì	sì	_	_	_	_	_	linguistic	_	none	_	Begin=809.88	_	_	_	0-2(92)
323-1	PST212	323	323	1	sì	sì	_	_	_	_	_	linguistic	_	none	_	_	_	_	_	0-2(92)
323-2	PST212	323	323	2	sì	sì	_	_	_	_	_	linguistic	_	none	_	_	_	_	_	0-2(92)
323-3	PST212	323	323	3	sì:]	sì	_	_	_	_	_	linguistic	_	none	_	End=811.19	1x1	_	_	0-2(92)
324-0	PST059	324	324	0	senza	senza	_	_	_	_	_	linguistic	_	none	_	Begin=811.75	_	_	_	_
324-1	PST059	324	324	1	di	di	_	_	_	_	_	linguistic	_	none	_	_	_	_	_	_
324-2	PST059	324	324	2	loro	loro	_	_	_	_	_	linguistic	_	none	_	_	_	_	_	_
324-3	PST059	324	324	3	non	non	_	_	_	_	_	linguistic	_	none	_	End=812.93	_	_	_	_
325-0	PST212	325	325	0	e	e	_	_	_	_	_	linguistic	_	none	_	Begin=813.46	_	_	_	_
325-1	PST212	325	325	1	invece	invece	_	_	_	_	_	linguistic	_	none	_	_	_	_	_	_
325-2	PST212	325	325	2	tua	tua	_	_	_	_	_	linguistic	_	none	_	_	_	_	_	_
325-3	PST212	325	325	3	figlia	figlia	_	_	_	_	_	linguistic	_	none	PauseAfter=Yes	_	_	_	_	_
325-4	PST212	325	325	4	(.)	(.)	_	_	_	_	_	shortpause	_	none	_	_	_	_	_	_
325-5	PST212	325	325	5	vorrebbe	vorrebbe	_	_	_	_	_	linguistic	_	none	_	_	_	_	_	_
325-6	PST212	325	325	6	andare	andare	_	_	_	_	_	linguistic	_	none	_	_	_	_	_	_
325-7	PST212	325	325	7	in	in	_	_	_	_	_	linguistic	_	none	_	_	_	_	_	_
325-8	PST212	325	325	8	ro[mania]?	romania	_	_	_	_	_	linguistic	_	none	Intonation=Rising	End=815.79	_	_	_	2-7(93)
326-0	PST059	326	326	0	[ah	ah	_	_	_	_	_	linguistic	_	none	_	Begin=815.46	_	_	_	0-2(93)
326-1	PST059	326	326	1	le]i	lei	_	_	_	_	_	linguistic	_	none	_	_	_	_	_	0-2(93)
326-2	PST059	326	326	2	domani	domani	_	_	_	_	_	linguistic	_	none	_	_	_	_	_	_
326-3	PST059	326	326	3	se	se	_	_	_	_	_	linguistic	_	none	_	_	_	_	_	_
326-4	PST059	326	326	4	gli	gli	_	_	_	_	_	linguistic	_	none	_	_	_	_	_	_
326-5	PST059	326	326	5	dici	dici	_	_	_	_	_	linguistic	_	none	_	_	_	_	_	_
326-6	PST059	326	326	6	sì:	sì	_	_	_	_	_	linguistic	_	none	_	End=817.21	1x1	_	_	_
327-0	PST212	327	327	0	proprio	proprio	_	_	_	_	_	linguistic	_	none	_	Begin=817.23	_	_	_	_
327-1	PST212	327	327	1	a	a	_	_	_	_	_	linguistic	_	none	_	_	_	_	_	_
327-2	PST212	327	327	2	vivere	vivere	_	_	_	_	_	linguistic	_	none	_	End=817.987	_	_	_	_
328-0	PST059	328	328	0	sì	sì	_	_	_	_	_	linguistic	_	none	_	Begin=817.987	_	_	_	_
328-1	PST059	328	328	1	s[ì:]	sì	_	_	_	_	_	linguistic	_	none	_	End=818.57	1x1	_	_	1-2(94)
329-0	PST212	329	329	0	[a:h]	ah	_	_	_	_	_	linguistic	_	none	_	Begin=818.299	0x1	_	_	0-2(94)
329-1	PST212	329	329	1	o[kay]	okay	_	_	_	_	_	linguistic	_	none	_	End=819.07	_	_	_	1-4(95)
330-0	PST059	330	330	0	[per	per	_	_	_	_	_	linguistic	_	none	_	Begin=818.723	_	_	_	0-3(95)
330-1	PST059	330	330	1	le]i::	lei	_	_	_	_	_	linguistic	_	none	_	End=819.691	2x2	_	_	0-2(95)
331-0	PST212	331	331	0	che	che	_	_	_	_	_	linguistic	_	none	_	Begin=820.28	_	_	_	_
331-1	PST212	331	331	1	però	però	_	_	_	_	_	linguistic	_	none	_	_	_	_	_	_
331-2	PST212	331	331	2	lei	lei	_	_	_	_	_	linguistic	_	none	_	_	_	_	_	_
331-3	PST212	331	331	3	è	è	_	_	_	_	_	linguistic	_	none	_	_	_	_	_	_
331-4	PST212	331	331	4	nata	nata	_	_	_	_	_	linguistic	_	none	_	_	_	_	_	_
331-5	PST212	331	331	5	qua	qua	_	_	_	_	_	linguistic	_	none	_	End=821.56	_	_	_	_
332-0	PST059	332	332	0	sì	sì	_	_	_	_	_	linguistic	_	none	_	Begin=821.56|End=821.76	_	_	_	_
333-0	PST212	333	333	0	a:h	ah	_	_	_	_	_	linguistic	_	none	_	Begin=821.76|End=822.14	0x1	_	_	_
334-0	PST212	334	334	0	e	e	_	_	_	_	_	linguistic	_	none	_	Begin=823.05	_	_	_	_
334-1	PST212	334	334	1	come	come	_	_	_	_	_	linguistic	_	none	_	_	_	_	_	_
334-2	PST212	334	334	2	mai:,	mai	_	_	_	_	_	linguistic	_	none	Intonation=WeaklyRising	End=823.86	2x1	_	_	_
335-0	PST059	335	335	0	perché::	perché	_	_	_	_	_	linguistic	_	none	_	Begin=824.13	5x2	_	_	_
335-1	PST059	335	335	1	lì:	lì	_	_	_	_	_	linguistic	_	none	_	_	1x1	_	_	_
335-2	PST059	335	335	2	son	son	_	_	_	_	_	linguistic	_	none	_	_	_	_	_	_
335-3	PST059	335	335	3	più	più	_	_	_	_	_	linguistic	_	none	_	_	_	_	_	_
335-4	PST059	335	335	4	liberi	liberi	_	_	_	_	_	linguistic	_	none	_	_	_	_	_	_
335-5	PST059	335	335	5	sai	sai	_	_	_	_	_	linguistic	_	none	_	_	_	_	_	_
335-6	PST059	335	335	6	[qua	qua	_	_	_	_	_	linguistic	_	none	_	_	_	_	_	0-3(96)
335-7	PST059	335	335	7	abi]ti	abiti	_	_	_	_	_	linguistic	_	none	_	_	_	_	_	0-3(96)
335-8	PST059	335	335	8	in	in	_	_	_	_	_	linguistic	_	none	_	_	_	_	_	_
335-9	PST059	335	335	9	un	un	_	_	_	_	_	linguistic	_	none	_	_	_	_	_	_
335-10	PST059	335	335	10	appartamento	appartamento	_	_	_	_	_	linguistic	_	none	_	_	_	_	_	_
335-11	PST059	335	335	11	non::	non	_	_	_	_	_	linguistic	_	none	_	_	2x2	_	_	_
335-12	PST059	335	335	12	cosa	cosa	_	_	_	_	_	linguistic	_	none	_	_	_	_	_	_
335-13	PST059	335	335	13	puoi	puoi	_	_	_	_	_	linguistic	_	none	_	_	_	_	_	_
335-14	PST059	335	335	14	fare.	fare	_	_	_	_	_	linguistic	_	none	Intonation=Falling	End=830.207	_	_	_	_
336-0	PST212	336	336	0	[okay]	okay	_	_	_	_	_	linguistic	_	none	_	Begin=826.553|End=827.153	_	_	_	0-4(96)
337-0	PST059	337	337	0	se	se	_	_	_	_	_	linguistic	_	none	_	Begin=830.353	_	_	_	_
337-1	PST059	337	337	1	sei	sei	_	_	_	_	_	linguistic	_	none	_	_	_	_	_	_
337-2	PST059	337	337	2	a	a	_	_	_	_	_	linguistic	_	none	_	_	_	_	_	_
337-3	PST059	337	337	3	casa	casa	_	_	_	_	_	linguistic	_	none	_	_	_	_	_	_
337-4	PST059	337	337	4	o	o	_	_	_	_	_	linguistic	_	none	_	_	_	_	_	_
337-5	PST059	337	337	5	sei	sei	_	_	_	_	_	linguistic	_	none	_	_	_	_	_	_
337-6	PST059	337	337	6	qua	qua	_	_	_	_	_	linguistic	_	none	_	End=831.833	_	_	_	_
338-0	PST059	338	338	0	o	o	_	_	_	_	_	linguistic	_	none	_	Begin=832.638	_	_	_	_
338-1	PST059	338	338	1	se	se	_	_	_	_	_	linguistic	_	none	_	_	_	_	_	_
338-2	PST059	338	338	2	no	no	_	_	_	_	_	linguistic	_	none	_	_	_	_	_	_
338-3	PST059	338	338	3	stai	stai	_	_	_	_	_	linguistic	_	none	_	_	_	_	_	_
338-4	PST059	338	338	4	tutto	tutto	_	_	_	_	_	linguistic	_	none	_	_	_	_	_	_
338-5	PST059	338	338	5	il	il	_	_	_	_	_	linguistic	_	none	_	_	_	_	_	_
338-6	PST059	338	338	6	giorno	giorno	_	_	_	_	_	linguistic	_	none	_	_	_	_	_	_
338-7	PST059	338	338	7	sul	sul	_	_	_	_	_	linguistic	_	none	_	_	_	_	_	_
338-8	PST059	338	338	8	telefono	telefono	_	_	_	_	_	linguistic	_	none	_	_	_	_	_	_
338-9	PST059	338	338	9	e	e	_	_	_	_	_	linguistic	_	none	_	_	_	_	_	_
338-10	PST059	338	338	10	invece	invece	_	_	_	_	_	linguistic	_	none	_	_	_	_	_	_
338-11	PST059	338	338	11	lì,	lì	_	_	_	_	_	linguistic	_	none	Intonation=WeaklyRising	End=835.447	_	_	_	_
339-0	PST059	339	339	0	sei:::	sei	_	_	_	_	_	linguistic	_	none	PauseAfter=Yes	Begin=836.03	2x3	_	_	_
339-1	PST059	339	339	1	(.)	(.)	_	_	_	_	_	shortpause	_	none	_	_	_	_	_	_
339-2	PST059	339	339	2	c'	c'	_	_	_	_	_	linguistic	_	none	SpaceAfter=No	_	_	_	_	_
339-3	PST059	339	339	3	è	è	_	_	_	_	_	linguistic	_	none	_	_	_	_	_	_
339-4	PST059	339	339	4	la	la	_	_	_	_	_	linguistic	_	none	_	_	_	_	_	_
339-5	PST059	339	339	5	[casa	casa	_	_	_	_	_	linguistic	_	none	_	_	_	_	_	0-4(97)
339-6	PST059	339	339	6	c'	c'	_	_	_	_	_	linguistic	_	none	SpaceAfter=No	_	_	_	_	0-2(97)
339-7	PST059	339	339	7	è	è	_	_	_	_	_	linguistic	_	none	_	_	_	_	_	0-1(97)
339-8	PST059	339	339	8	il	il	_	_	_	_	_	linguistic	_	none	_	_	_	_	_	0-2(97)
339-9	PST059	339	339	9	zio]	zio	_	_	_	_	_	linguistic	_	none	_	_	_	_	_	0-2(97)
339-10	PST059	339	339	10	c'	c'	_	_	_	_	_	linguistic	_	none	SpaceAfter=No	_	_	_	_	_
339-11	PST059	339	339	11	è	è	_	_	_	_	_	linguistic	_	none	_	_	_	_	_	_
339-12	PST059	339	339	12	anima:li:	animali	_	_	_	_	_	linguistic	_	none	_	_	4x1,6x1	_	_	_
339-13	PST059	339	339	13	esce	esce	_	_	_	_	_	linguistic	_	none	_	_	_	_	_	_
339-14	PST059	339	339	14	va:	va	_	_	_	_	_	linguistic	_	none	_	_	1x1	_	_	_
339-15	PST059	339	339	15	gira,	gira	_	_	_	_	_	linguistic	_	none	Intonation=WeaklyRising	End=841.87	_	_	_	_
340-0	PST212	340	340	0	[c'	c'	_	_	_	_	_	linguistic	_	none	SpaceAfter=No	Begin=837.855	_	_	_	0-2(97)
340-1	PST212	340	340	1	è	è	_	_	_	_	_	linguistic	_	none	_	_	_	_	_	0-1(97)
340-2	PST212	340	340	2	più	più	_	_	_	_	_	linguistic	_	none	_	_	_	_	_	0-3(97)
340-3	PST212	340	340	3	natura]	natura	_	_	_	_	_	linguistic	_	none	_	End=839.035	_	_	_	0-6(97)
341-0	PST059	341	341	0	quin[di:]	quindi	_	_	_	_	_	linguistic	_	none	_	Begin=842.755|End=843.865	5x1	_	_	4-6(98)
342-0	PST212	342	342	0	[mh	mh	_	_	_	_	_	linguistic	_	none	_	Begin=843.22	_	_	_	0-2(98)
342-1	PST212	342	342	1	mh]	mh	_	_	_	_	_	linguistic	_	none	_	End=843.9	_	_	_	0-2(98)
343-0	PST059	343	343	0	non	non	_	_	_	_	_	linguistic	_	none	_	Begin=844.065	_	_	_	_
343-1	PST059	343	343	1	è:	è	_	_	_	_	_	linguistic	_	none	_	End=845.155	0x1	_	_	_
344-0	PST059	344	344	0	poi	poi	_	_	_	_	_	linguistic	_	none	_	Begin=845.3	_	_	_	_
344-1	PST059	344	344	1	lì	lì	_	_	_	_	_	linguistic	_	none	_	_	_	_	_	_
344-2	PST059	344	344	2	son	son	_	_	_	_	_	linguistic	_	none	_	_	_	_	_	_
344-3	PST059	344	344	3	più	più	_	_	_	_	_	linguistic	_	none	_	_	_	_	_	_
344-4	PST059	344	344	4	tranquilli	tranquilli	_	_	_	_	_	linguistic	_	none	_	_	_	_	_	_
344-5	PST059	344	344	5	escono	escono	_	_	_	_	_	linguistic	_	none	_	_	_	_	_	_
344-6	PST059	344	344	6	da	da	_	_	_	_	_	linguistic	_	none	_	_	_	_	_	_
344-7	PST059	344	344	7	soli	soli	_	_	_	_	_	linguistic	_	none	_	_	_	_	_	_
344-8	PST059	344	344	8	vanno	vanno	_	_	_	_	_	linguistic	_	none	_	_	_	_	_	_
344-9	PST059	344	344	9	a	a	_	_	_	_	_	linguistic	_	none	_	_	_	_	_	_
344-10	PST059	344	344	10	scuola	scuola	_	_	_	_	_	linguistic	_	none	_	_	_	_	_	_
344-11	PST059	344	344	11	tornano	tornano	_	_	_	_	_	linguistic	_	none	_	End=848.78	_	_	_	_
345-0	PST059	345	345	0	vabbè	vabbè	_	_	_	_	_	linguistic	_	none	_	Begin=848.92	_	_	_	_
345-1	PST059	345	345	1	non	non	_	_	_	_	_	linguistic	_	none	_	_	_	_	_	_
345-2	PST059	345	345	2	è	è	_	_	_	_	_	linguistic	_	none	_	_	_	_	_	_
345-3	PST059	345	345	3	che	che	_	_	_	_	_	linguistic	_	none	_	_	_	_	_	_
345-4	PST059	345	345	4	qua:	qua	_	_	_	_	_	linguistic	_	none	_	_	2x1	_	_	_
345-5	PST059	345	345	5	li	li	_	_	_	_	_	linguistic	_	none	_	_	_	_	_	_
345-6	PST059	345	345	6	accompagno	accompagno	_	_	_	_	_	linguistic	_	none	_	_	_	_	_	_
345-7	PST059	345	345	7	io	io	_	_	_	_	_	linguistic	_	none	_	_	_	_	_	_
345-8	PST059	345	345	8	ormai	ormai	_	_	_	_	_	linguistic	_	none	_	_	_	_	_	_
345-9	PST059	345	345	9	vanno	vanno	_	_	_	_	_	linguistic	_	none	_	_	_	_	_	_
345-10	PST059	345	345	10	pi[ù:]	più	_	_	_	_	_	linguistic	_	none	_	End=852.128	2x1	_	_	2-3(99)
346-0	PST212	346	346	0	[sì]	sì	_	_	_	_	_	linguistic	_	none	_	Begin=851.81	_	_	_	0-2(99)
346-1	PST212	346	346	1	però	però	_	_	_	_	_	linguistic	_	none	_	_	_	_	_	_
346-2	PST212	346	346	2	magari:	magari	_	_	_	_	_	linguistic	_	none	_	End=853.16	5x1	_	_	_
347-0	PST212	347	347	0	lì	lì	_	_	_	_	_	linguistic	_	none	_	Begin=853.339	_	_	_	_
347-1	PST212	347	347	1	sei	sei	_	_	_	_	_	linguistic	_	none	_	_	_	_	_	_
347-2	PST212	347	347	2	più	più	_	_	_	_	_	linguistic	_	none	_	_	_	_	_	_
347-3	PST212	347	347	3	tranq[uilla]	tranquilla	_	_	_	_	_	linguistic	_	none	_	End=854.536	_	_	_	5-10(100)
348-0	PST059	348	348	0	[sì]	sì	_	_	_	_	_	linguistic	_	none	_	Begin=854.16	_	_	_	0-2(100)
348-1	PST059	348	348	1	sì:	sì	_	_	_	_	_	linguistic	_	none	_	End=855.25	1x1	_	_	_
349-0	PST212	349	349	0	ma	ma	_	_	_	_	_	linguistic	_	none	_	Begin=855.81	_	_	_	_
349-1	PST212	349	349	1	perché:	perché	_	_	_	_	_	linguistic	_	none	_	_	5x1	_	_	_
349-2	PST212	349	349	2	mh	mh	_	_	_	_	_	linguistic	_	none	_	_	_	_	_	_
349-3	PST212	349	349	3	dove	dove	_	_	_	_	_	linguistic	_	none	_	_	_	_	_	_
349-4	PST212	349	349	4	vivi	vivi	_	_	_	_	_	linguistic	_	none	_	_	_	_	_	_
349-5	PST212	349	349	5	in:	in	_	_	_	_	_	linguistic	_	none	_	_	1x1	_	_	_
349-6	PST212	349	349	6	in	in	_	_	_	_	_	linguistic	_	none	_	_	_	_	_	_
349-7	PST212	349	349	7	romania:	romania	_	_	_	_	_	linguistic	_	none	_	_	6x1	_	_	_
349-8	PST212	349	349	8	cioè	cioè	_	_	_	_	_	linguistic	_	none	_	_	_	_	_	_
349-9	PST212	349	349	9	dove:	dove	_	_	_	_	_	linguistic	_	none	_	_	3x1	_	_	_
349-10	PST212	349	349	10	hai	hai	_	_	_	_	_	linguistic	_	none	_	_	_	_	_	_
349-11	PST212	349	349	11	vissuto	vissuto	_	_	_	_	_	linguistic	_	none	_	_	_	_	_	_
349-12	PST212	349	349	12	prima:,	prima	_	_	_	_	_	linguistic	_	none	Intonation=WeaklyRising	End=861.156	4x1	_	_	_
350-0	PST212	350	350	0	è	è	_	_	_	_	_	linguistic	_	none	_	Begin=861.288	_	_	_	_
350-1	PST212	350	350	1	un	un	_	_	_	_	_	linguistic	_	none	_	_	_	_	_	_
350-2	PST212	350	350	2	paese	paese	_	_	_	_	_	linguistic	_	none	_	_	_	_	_	_
350-3	PST212	350	350	3	[o:	o	_	_	_	_	_	linguistic	_	none	_	_	0x1	_	_	0-1(101)
350-4	PST212	350	350	4	è	è	_	_	_	_	_	linguistic	_	none	_	_	_	_	_	0-1(101)
350-5	PST212	350	350	5	un]	un	_	_	_	_	_	linguistic	_	none	_	End=862.98	_	_	_	0-2(101)
351-0	PST059	351	351	0	[è	è	_	_	_	_	_	linguistic	_	none	_	Begin=862.494	_	_	_	0-1(101)
351-1	PST059	351	351	1	un	un	_	_	_	_	_	linguistic	_	none	_	_	_	_	_	0-2(101)
351-2	PST059	351	351	2	pae]sino	paesino	_	_	_	_	_	linguistic	_	none	_	_	_	_	_	0-3(101)
351-3	PST059	351	351	3	[mh	mh	_	_	_	_	_	linguistic	_	none	_	_	_	_	_	0-2(102)
351-4	PST059	351	351	4	quin]idi:	quinidi	_	_	_	_	_	linguistic	_	none	_	End=864.55	6x1	_	_	0-4(102)
352-0	PST212	352	352	0	[a:h	ah	_	_	_	_	_	linguistic	_	none	_	Begin=863.55	0x1	_	_	0-2(102)
352-1	PST212	352	352	1	okay]	okay	_	_	_	_	_	linguistic	_	none	_	End=864.28	_	_	_	0-4(102)
353-0	PST059	353	353	0	però:	però	_	_	_	_	_	linguistic	_	none	_	Begin=864.55	3x1	_	_	_
353-1	PST059	353	353	1	ormai	ormai	_	_	_	_	_	linguistic	_	none	_	_	_	_	_	_
353-2	PST059	353	353	2	neanche	neanche	_	_	_	_	_	linguistic	_	none	_	_	_	_	_	_
353-3	PST059	353	353	3	lì	lì	_	_	_	_	_	linguistic	_	none	_	_	_	_	_	_
353-4	PST059	353	353	4	non	non	_	_	_	_	_	linguistic	_	none	_	_	_	_	_	_
353-5	PST059	353	353	5	è	è	_	_	_	_	_	linguistic	_	none	_	_	_	_	_	_
353-6	PST059	353	353	6	come	come	_	_	_	_	_	linguistic	_	none	_	_	_	_	_	_
353-7	PST059	353	353	7	era	era	_	_	_	_	_	linguistic	_	none	_	_	_	_	_	_
353-8	PST059	353	353	8	una	una	_	_	_	_	_	linguistic	_	none	_	_	_	_	_	_
353-9	PST059	353	353	9	volta	volta	_	_	_	_	_	linguistic	_	none	_	_	_	_	_	_
353-10	PST059	353	353	10	quando	quando	_	_	_	_	_	linguistic	_	none	_	_	_	_	_	_
353-11	PST059	353	353	11	ero	ero	_	_	_	_	_	linguistic	_	none	_	_	_	_	_	_
353-12	PST059	353	353	12	bambina	bambina	_	_	_	_	_	linguistic	_	none	_	_	_	_	_	_
353-13	PST059	353	353	13	io	io	_	_	_	_	_	linguistic	_	none	_	End=868.77	_	_	_	_
354-0	PST059	354	354	0	che	che	_	_	_	_	_	linguistic	_	none	_	Begin=868.77	_	_	_	_
354-1	PST059	354	354	1	uscivi	uscivi	_	_	_	_	_	linguistic	_	none	_	_	_	_	_	_
354-2	PST059	354	354	2	per	per	_	_	_	_	_	linguistic	_	none	_	_	_	_	_	_
354-3	PST059	354	354	3	strada	strada	_	_	_	_	_	linguistic	_	none	_	End=870.049	_	_	_	_
355-0	PST059	355	355	0	sentivi	sentivi	_	_	_	_	_	linguistic	_	none	_	Begin=870.29	_	_	_	_
355-1	PST059	355	355	1	una	una	_	_	_	_	_	linguistic	_	none	_	_	_	_	_	_
355-2	PST059	355	355	2	macchina	macchina	_	_	_	_	_	linguistic	_	none	_	_	_	_	_	_
355-3	PST059	355	355	3	da	da	_	_	_	_	_	linguistic	_	none	_	_	_	_	_	_
355-4	PST059	355	355	4	un:	un	_	_	_	_	_	linguistic	_	none	_	_	1x1	_	_	_
355-5	PST059	355	355	5	chilometro	chilometro	_	_	_	_	_	linguistic	_	none	_	_	_	_	_	_
355-6	PST059	355	355	6	e	e	_	_	_	_	_	linguistic	_	none	_	_	_	_	_	_
355-7	PST059	355	355	7	quando	quando	_	_	_	_	_	linguistic	_	none	_	_	_	_	_	_
355-8	PST059	355	355	8	arrivava	arrivava	_	_	_	_	_	linguistic	_	none	_	_	_	_	_	_
355-9	PST059	355	355	9	ti	ti	_	_	_	_	_	linguistic	_	none	_	_	_	_	_	_
355-10	PST059	355	355	10	spostavi	spostavi	_	_	_	_	_	linguistic	_	none	_	End=873.912	_	_	_	_
356-0	PST059	356	356	0	invece	invece	_	_	_	_	_	linguistic	_	none	_	Begin=874.12	_	_	_	_
356-1	PST059	356	356	1	mo'	mo'	_	_	_	_	_	linguistic	_	none	Truncated=Yes	_	_	_	_	_
356-2	PST059	356	356	2	no	no	_	_	_	_	_	linguistic	_	none	_	End=875.16	_	_	_	_
357-0	PST059	357	357	0	mh	mh	_	_	_	_	_	linguistic	_	none	_	Begin=875.57	_	_	_	_
357-1	PST059	357	357	1	loro	loro	_	_	_	_	_	linguistic	_	none	_	_	_	_	_	_
357-2	PST059	357	357	2	se	se	_	_	_	_	_	linguistic	_	none	_	_	_	_	_	_
357-3	PST059	357	357	3	li	li	_	_	_	_	_	linguistic	_	none	_	_	_	_	_	_
357-4	PST059	357	357	4	porti	porti	_	_	_	_	_	linguistic	_	none	PauseAfter=Yes	_	_	_	_	_
357-5	PST059	357	357	5	(.)	(.)	_	_	_	_	_	shortpause	_	none	_	_	_	_	_	_
357-6	PST059	357	357	6	non	non	_	_	_	_	_	linguistic	_	none	_	_	_	_	_	_
357-7	PST059	357	357	7	c'	c'	_	_	_	_	_	linguistic	_	none	SpaceAfter=No	_	_	_	_	_
357-8	PST059	357	357	8	è:	è	_	_	_	_	_	linguistic	_	none	_	_	0x1	_	_	_
357-9	PST059	357	357	9	il	il	_	_	_	_	_	linguistic	_	none	_	_	_	_	_	_
357-10	PST059	357	357	10	marciapiede	marciapiede	_	_	_	_	_	linguistic	_	none	_	_	_	_	_	_
357-11	PST059	357	357	11	che	che	_	_	_	_	_	linguistic	_	none	_	_	_	_	_	_
357-12	PST059	357	357	12	tu	tu	_	_	_	_	_	linguistic	_	none	_	_	_	_	_	_
357-13	PST059	357	357	13	devi	devi	_	_	_	_	_	linguistic	_	none	_	_	_	_	_	_
357-14	PST059	357	357	14	andare	andare	_	_	_	_	_	linguistic	_	none	_	_	_	_	_	_
357-15	PST059	357	357	15	sul	sul	_	_	_	_	_	linguistic	_	none	_	_	_	_	_	_
357-16	PST059	357	357	16	marciapiede	marciapiede	_	_	_	_	_	linguistic	_	none	_	_	_	_	_	_
357-17	PST059	357	357	17	devi	devi	_	_	_	_	_	linguistic	_	none	_	_	_	_	_	_
357-18	PST059	357	357	18	andare	andare	_	_	_	_	_	linguistic	_	none	_	_	_	_	_	_
357-19	PST059	357	357	19	vicino::	vicino	_	_	_	_	_	linguistic	_	none	_	_	5x2	_	_	_
357-20	PST059	357	357	20	la	la	_	_	_	_	_	linguistic	_	none	_	_	_	_	_	_
357-21	PST059	357	357	21	strada	strada	_	_	_	_	_	linguistic	_	none	_	End=882.245	_	_	_	_
358-0	PST059	358	358	0	quindi	quindi	_	_	_	_	_	linguistic	_	none	_	Begin=882.57	_	_	_	_
358-1	PST059	358	358	1	non	non	_	_	_	_	_	linguistic	_	none	_	_	_	_	_	_
358-2	PST059	358	358	2	sanno	sanno	_	_	_	_	_	linguistic	_	none	_	_	_	_	_	_
358-3	PST059	358	358	3	da	da	_	_	_	_	_	linguistic	_	none	_	_	_	_	_	_
358-4	PST059	358	358	4	quale	quale	_	_	_	_	_	linguistic	_	none	_	_	_	_	_	_
358-5	PST059	358	358	5	parte	parte	_	_	_	_	_	linguistic	_	none	_	_	_	_	_	_
358-6	PST059	358	358	6	devono	devono	_	_	_	_	_	linguistic	_	none	_	_	_	_	_	_
358-7	PST059	358	358	7	andare	andare	_	_	_	_	_	linguistic	_	none	_	_	_	_	_	_
358-8	PST059	358	358	8	da	da	_	_	_	_	_	linguistic	_	none	_	_	_	_	_	_
358-9	PST059	358	358	9	quale	quale	_	_	_	_	_	linguistic	_	none	_	_	_	_	_	_
358-10	PST059	358	358	10	par[te	parte	_	_	_	_	_	linguistic	_	none	_	_	_	_	_	3-5(103)
358-11	PST059	358	358	11	devono]	devono	_	_	_	_	_	linguistic	_	none	_	_	_	_	_	0-6(103)
358-12	PST059	358	358	12	quindi:	quindi	_	_	_	_	_	linguistic	_	none	_	_	5x1	_	_	_
358-13	PST059	358	358	13	un	un	_	_	_	_	_	linguistic	_	none	_	_	_	_	_	_
358-14	PST059	358	358	14	po'	po'	_	_	_	_	_	linguistic	_	none	_	_	_	_	_	_
358-15	PST059	358	358	15	per	per	_	_	_	_	_	linguistic	_	none	_	_	_	_	_	_
358-16	PST059	358	358	16	loro:	loro	_	_	_	_	_	linguistic	_	none	_	End=888.28	3x1	_	_	_
359-0	PST212	359	359	0	[sì:]	sì	_	_	_	_	_	linguistic	_	none	_	Begin=885.601|End=886.15	1x1	_	_	0-2(103)
360-0	PST059	360	360	0	quindi	quindi	_	_	_	_	_	linguistic	_	none	_	Begin=888.55	_	_	_	_
360-1	PST059	360	360	1	eh	eh	_	_	_	_	_	linguistic	_	none	_	_	_	_	_	_
360-2	PST059	360	360	2	anche	anche	_	_	_	_	_	linguistic	_	none	_	_	_	_	_	_
360-3	PST059	360	360	3	lì	lì	_	_	_	_	_	linguistic	_	none	_	_	_	_	_	_
360-4	PST059	360	360	4	non	non	_	_	_	_	_	linguistic	_	none	_	_	_	_	_	_
360-5	PST059	360	360	5	possono	possono	_	_	_	_	_	linguistic	_	none	_	End=890.49	_	_	_	_
361-0	PST059	361	361	0	infatti	infatti	_	_	_	_	_	linguistic	_	none	_	Begin=891.15	_	_	_	_
361-1	PST059	361	361	1	lei	lei	_	_	_	_	_	linguistic	_	none	_	_	_	_	_	_
361-2	PST059	361	361	2	patisce	patisce	_	_	_	_	_	linguistic	_	none	_	_	_	_	_	_
361-3	PST059	361	361	3	a:h	ah	_	_	_	_	_	linguistic	_	none	_	_	0x1	_	_	_
361-4	PST059	361	361	4	ma	ma	_	_	_	_	_	linguistic	_	none	_	_	_	_	_	_
361-5	PST059	361	361	5	io:	io	_	_	_	_	_	linguistic	_	none	_	_	1x1	_	_	_
361-6	PST059	361	361	6	gli	gli	_	_	_	_	_	linguistic	_	none	_	_	_	_	_	_
361-7	PST059	361	361	7	altri	altri	_	_	_	_	_	linguistic	_	none	_	_	_	_	_	_
361-8	PST059	361	361	8	come	come	_	_	_	_	_	linguistic	_	none	_	_	_	_	_	_
361-9	PST059	361	361	9	girano	girano	_	_	_	_	_	linguistic	_	none	_	_	_	_	_	_
361-10	PST059	361	361	10	qua	qua	_	_	_	_	_	linguistic	_	none	_	_	_	_	_	_
361-11	PST059	361	361	11	come	come	_	_	_	_	_	linguistic	_	none	_	_	_	_	_	_
361-12	PST059	361	361	12	fanno	fanno	_	_	_	_	_	linguistic	_	none	_	_	_	_	_	_
361-13	PST059	361	361	13	sì	sì	_	_	_	_	_	linguistic	_	none	_	_	_	_	_	_
361-14	PST059	361	361	14	ma	ma	_	_	_	_	_	linguistic	_	none	_	_	_	_	_	_
361-15	PST059	361	361	15	se	se	_	_	_	_	_	linguistic	_	none	_	_	_	_	_	_
361-16	PST059	361	361	16	tu	tu	_	_	_	_	_	linguistic	_	none	_	_	_	_	_	_
361-17	PST059	361	361	17	vivevi	vivevi	_	_	_	_	_	linguistic	_	none	_	_	_	_	_	_
361-18	PST059	361	361	18	qua	qua	_	_	_	_	_	linguistic	_	none	_	_	_	_	_	_
361-19	PST059	361	361	19	giravi	giravi	_	_	_	_	_	linguistic	_	none	_	_	_	_	_	_
361-20	PST059	361	361	20	come	come	_	_	_	_	_	linguistic	_	none	_	_	_	_	_	_
361-21	PST059	361	361	21	loro	loro	_	_	_	_	_	linguistic	_	none	_	_	_	_	_	_
361-22	PST059	361	361	22	invece	invece	_	_	_	_	_	linguistic	_	none	_	End=897.612	_	_	_	_
362-0	PST059	362	362	0	[io	io	_	_	_	_	_	linguistic	_	none	_	Begin=897.986	_	_	_	0-2(104)
362-1	PST059	362	362	1	non	non	_	_	_	_	_	linguistic	_	none	_	_	_	_	_	0-3(104)
362-2	PST059	362	362	2	posso	posso	_	_	_	_	_	linguistic	_	none	_	_	_	_	_	0-5(104)
362-3	PST059	362	362	3	lascia]rti	lasciarti	_	_	_	_	_	linguistic	_	none	_	_	_	_	_	0-6(104)
362-4	PST059	362	362	4	che	che	_	_	_	_	_	linguistic	_	none	_	_	_	_	_	_
362-5	PST059	362	362	5	tu	tu	_	_	_	_	_	linguistic	_	none	_	_	_	_	_	_
362-6	PST059	362	362	6	magari	magari	_	_	_	_	_	linguistic	_	none	_	_	_	_	_	_
362-7	PST059	362	362	7	mi	mi	_	_	_	_	_	linguistic	_	none	_	_	_	_	_	_
362-8	PST059	362	362	8	arrivi	arrivi	_	_	_	_	_	linguistic	_	none	_	_	_	_	_	_
362-9	PST059	362	362	9	lì	lì	_	_	_	_	_	linguistic	_	none	_	_	_	_	_	_
362-10	PST059	362	362	10	e	e	_	_	_	_	_	linguistic	_	none	_	_	_	_	_	_
362-11	PST059	362	362	11	non	non	_	_	_	_	_	linguistic	_	none	_	_	_	_	_	_
362-12	PST059	362	362	12	sai	sai	_	_	_	_	_	linguistic	_	none	_	_	_	_	_	_
362-13	PST059	362	362	13	più	più	_	_	_	_	_	linguistic	_	none	_	_	_	_	_	_
362-14	PST059	362	362	14	tornare	tornare	_	_	_	_	_	linguistic	_	none	_	_	_	_	_	_
362-15	PST059	362	362	15	a	a	_	_	_	_	_	linguistic	_	none	_	_	_	_	_	_
362-16	PST059	362	362	16	casa	casa	_	_	_	_	_	linguistic	_	none	_	_	_	_	_	_
362-17	PST059	362	362	17	cosa	cosa	_	_	_	_	_	linguistic	_	none	_	_	_	_	_	_
362-18	PST059	362	362	18	faccio	faccio	_	_	_	_	_	linguistic	_	none	_	End=902.104	_	_	_	_
363-0	PST212	363	363	0	[okay	okay	_	_	_	_	_	linguistic	_	none	_	Begin=898.02	_	_	_	0-4(104)
363-1	PST212	363	363	1	sì	sì	_	_	_	_	_	linguistic	_	none	_	_	_	_	_	0-2(104)
363-2	PST212	363	363	2	sì]	sì	_	_	_	_	_	linguistic	_	none	_	End=898.9	_	_	_	0-2(104)
364-0	PST059	364	364	0	quindi:	quindi	_	_	_	_	_	linguistic	_	none	_	Begin=903.09|End=903.99	5x1	_	_	_
365-0	PST059	365	365	0	loro	loro	_	_	_	_	_	linguistic	_	none	_	Begin=904.17	_	_	_	_
365-1	PST059	365	365	1	son	son	_	_	_	_	_	linguistic	_	none	_	_	_	_	_	_
365-2	PST059	365	365	2	stranieri	stranieri	_	_	_	_	_	linguistic	_	none	_	_	_	_	_	_
365-3	PST059	365	365	3	a	a	_	_	_	_	_	linguistic	_	none	_	_	_	_	_	_
365-4	PST059	365	365	4	casa	casa	_	_	_	_	_	linguistic	_	none	_	_	_	_	_	_
365-5	PST059	365	365	5	loro	loro	_	_	_	_	_	linguistic	_	none	_	_	_	_	_	_
365-6	PST059	365	365	6	quando	quando	_	_	_	_	_	linguistic	_	none	_	_	_	_	_	_
365-7	PST059	365	365	7	[vanno]	vanno	_	_	_	_	_	linguistic	_	none	_	_	_	_	_	0-5(105)
365-8	PST059	365	365	8	((ridendo))	((ridendo))	_	_	_	_	_	nonverbalbehavior	_	none	_	End=906.53	_	_	_	_
366-0	PST212	366	366	0	[sì:]	sì	_	_	_	_	_	linguistic	_	none	_	Begin=905.99	1x1	_	_	0-2(105)
366-1	PST212	366	366	1	((ride))	((ride))	_	_	_	_	_	nonverbalbehavior	_	none	_	End=907.313	_	_	_	_
367-0	PST059	367	367	0	invece	invece	_	_	_	_	_	linguistic	_	none	_	Begin=907.46	_	_	_	_
367-1	PST059	367	367	1	quando	quando	_	_	_	_	_	linguistic	_	none	_	_	_	_	_	_
367-2	PST059	367	367	2	arrivano	arrivano	_	_	_	_	_	linguistic	_	none	_	_	_	_	_	_
367-3	PST059	367	367	3	qua:	qua	_	_	_	_	_	linguistic	_	none	_	_	2x1	_	_	_
367-4	PST059	367	367	4	mi	mi	_	_	_	_	_	linguistic	_	none	_	_	_	_	_	_
367-5	PST059	367	367	5	salutano	salutano	_	_	_	_	_	linguistic	_	none	_	_	_	_	_	_
367-6	PST059	367	367	6	al	al	_	_	_	_	_	linguistic	_	none	_	_	_	_	_	_
367-7	PST059	367	367	7	mattino	mattino	_	_	_	_	_	linguistic	_	none	_	_	_	_	_	_
367-8	PST059	367	367	8	e	e	_	_	_	_	_	linguistic	_	none	_	_	_	_	_	_
367-9	PST059	367	367	9	tornano	tornano	_	_	_	_	_	linguistic	_	none	_	_	_	_	_	_
367-10	PST059	367	367	10	la	la	_	_	_	_	_	linguistic	_	none	_	_	_	_	_	_
367-11	PST059	367	367	11	sera	sera	_	_	_	_	_	linguistic	_	none	_	End=911.37	_	_	_	_
368-0	PST212	368	368	0	ma:	ma	_	_	_	_	_	linguistic	_	none	_	Begin=912.785	1x1	_	_	_
368-1	PST212	368	368	1	avete	avete	_	_	_	_	_	linguistic	_	none	_	_	_	_	_	_
368-2	PST212	368	368	2	mai	mai	_	_	_	_	_	linguistic	_	none	_	_	_	_	_	_
368-3	PST212	368	368	3	pensato:	pensato	_	_	_	_	_	linguistic	_	none	_	_	6x1	_	_	_
368-4	PST212	368	368	4	realisticamente	realisticamente	_	_	_	_	_	linguistic	_	none	_	_	_	_	_	_
368-5	PST212	368	368	5	di	di	_	_	_	_	_	linguistic	_	none	_	_	_	_	_	_
368-6	PST212	368	368	6	tornare:	tornare	_	_	_	_	_	linguistic	_	none	_	_	6x1	_	_	_
368-7	PST212	368	368	7	a	a	_	_	_	_	_	linguistic	_	none	_	_	_	_	_	_
368-8	PST212	368	368	8	vive[re],	vivere	_	_	_	_	_	linguistic	_	none	Intonation=WeaklyRising	End=917.8	_	_	_	4-6(106)
369-0	PST059	369	369	0	[pe]nsavamo	pensavamo	_	_	_	_	_	linguistic	_	none	_	Begin=917.572	_	_	_	0-2(106)
369-1	PST059	369	369	1	prima	prima	_	_	_	_	_	linguistic	_	none	_	_	_	_	_	_
369-2	PST059	369	369	2	di:	di	_	_	_	_	_	linguistic	_	none	_	_	1x1	_	_	_
369-3	PST059	369	369	3	covid	covid	_	_	_	_	_	linguistic	_	none	_	End=919.455	_	_	_	_
370-0	PST212	370	370	0	oka:y	okay	_	_	_	_	_	linguistic	_	none	_	Begin=919.597|End=920.277	2x1	_	_	_
371-0	PST059	371	371	0	eravamo::	eravamo	_	_	_	_	_	linguistic	_	none	_	Begin=920.277|End=921.747	6x2	_	_	_
372-0	PST059	372	372	0	partiti	partiti	_	_	_	_	_	linguistic	_	none	_	Begin=922.06	_	_	_	_
372-1	PST059	372	372	1	proprio	proprio	_	_	_	_	_	linguistic	_	none	_	_	_	_	_	_
372-2	PST059	372	372	2	per::	per	_	_	_	_	_	linguistic	_	none	_	End=924.18	2x2	_	_	_
373-0	PST059	373	373	0	parlare	parlare	_	_	_	_	_	linguistic	_	none	_	Begin=924.36	_	_	_	_
373-1	PST059	373	373	1	a	a	_	_	_	_	_	linguistic	_	none	_	_	_	_	_	_
373-2	PST059	373	373	2	scuola	scuola	_	_	_	_	_	linguistic	_	none	_	_	_	_	_	_
373-3	PST059	373	373	3	per:	per	_	_	_	_	_	linguistic	_	none	_	End=926.09	2x1	_	_	_
374-0	PST059	374	374	0	poi	poi	_	_	_	_	_	linguistic	_	none	_	Begin=926.68	_	_	_	_
374-1	PST059	374	374	1	è	è	_	_	_	_	_	linguistic	_	none	_	_	_	_	_	_
374-2	PST059	374	374	2	successo	successo	_	_	_	_	_	linguistic	_	none	_	_	_	_	_	_
374-3	PST059	374	374	3	con	con	_	_	_	_	_	linguistic	_	none	_	_	_	_	_	_
374-4	PST059	374	374	4	il	il	_	_	_	_	_	linguistic	_	none	_	_	_	_	_	_
374-5	PST059	374	374	5	covid	covid	_	_	_	_	_	linguistic	_	none	_	End=928.33	_	_	_	_
375-0	PST059	375	375	0	si	si	_	_	_	_	_	linguistic	_	none	_	Begin=928.99	_	_	_	_
375-1	PST059	375	375	1	vede	vede	_	_	_	_	_	linguistic	_	none	_	_	_	_	_	_
375-2	PST059	375	375	2	che	che	_	_	_	_	_	linguistic	_	none	_	_	_	_	_	_
375-3	PST059	375	375	3	qualcuno	qualcuno	_	_	_	_	_	linguistic	_	none	_	_	_	_	_	_
375-4	PST059	375	375	4	su	su	_	_	_	_	_	linguistic	_	none	_	End=930.45	_	_	_	_
376-0	PST212	376	376	0	m:h	mh	_	_	_	_	_	linguistic	_	none	_	Begin=930.45|End=931.08	0x1	_	_	_
377-0	PST059	377	377	0	e::h	eh	_	_	_	_	_	linguistic	_	none	_	Begin=932.102	0x2	_	_	_
377-1	PST059	377	377	1	boh	boh	_	_	_	_	_	linguistic	_	none	_	End=933.19	_	_	_	_
378-0	PST059	378	378	0	siamo	siamo	_	_	_	_	_	linguistic	_	none	_	Begin=933.5	_	_	_	_
378-1	PST059	378	378	1	rimasti	rimasti	_	_	_	_	_	linguistic	_	none	_	_	_	_	_	_
378-2	PST059	378	378	2	qua	qua	_	_	_	_	_	linguistic	_	none	_	_	_	_	_	_
378-3	PST059	378	378	3	ormai	ormai	_	_	_	_	_	linguistic	_	none	_	_	_	_	_	_
378-4	PST059	378	378	4	per	per	_	_	_	_	_	linguistic	_	none	_	_	_	_	_	_
378-5	PST059	378	378	5	adesso	adesso	_	_	_	_	_	linguistic	_	none	_	End=935.59	_	_	_	_
379-0	PST059	379	379	0	mi	mi	_	_	_	_	_	linguistic	_	none	_	Begin=935.93	_	_	_	_
379-1	PST059	379	379	1	sa	sa	_	_	_	_	_	linguistic	_	none	_	_	_	_	_	_
379-2	PST059	379	379	2	che	che	_	_	_	_	_	linguistic	_	none	_	End=936.75	_	_	_	_
380-0	PST059	380	380	0	il	il	_	_	_	_	_	linguistic	_	none	_	Begin=936.95	_	_	_	_
380-1	PST059	380	380	1	pensiero	pensiero	_	_	_	_	_	linguistic	_	none	_	_	_	_	_	_
380-2	PST059	380	380	2	sarà	sarà	_	_	_	_	_	linguistic	_	none	_	_	_	_	_	_
380-3	PST059	380	380	3	lontano	lontano	_	_	_	_	_	linguistic	_	none	_	End=938.53	_	_	_	_
381-0	PST212	381	381	0	e:h	eh	_	_	_	_	_	linguistic	_	none	_	Begin=940.01	0x1	_	_	_
381-1	PST212	381	381	1	sì	sì	_	_	_	_	_	linguistic	_	none	_	End=940.459	_	_	_	_
382-0	PST059	382	382	0	alla	alla	_	_	_	_	_	linguistic	_	none	_	Begin=940.5	_	_	_	_
382-1	PST059	382	382	1	vecchiaia	vecchiaia	_	_	_	_	_	linguistic	_	none	_	_	_	_	_	_
382-2	PST059	382	382	2	quando	quando	_	_	_	_	_	linguistic	_	none	_	_	_	_	_	_
382-3	PST059	382	382	3	arriviamo	arriviamo	_	_	_	_	_	linguistic	_	none	_	_	_	_	_	_
382-4	PST059	382	382	4	alla	alla	_	_	_	_	_	linguistic	_	none	_	_	_	_	_	_
382-5	PST059	382	382	5	pensione	pensione	_	_	_	_	_	linguistic	_	none	_	_	_	_	_	_
382-6	PST059	382	382	6	[se	se	_	_	_	_	_	linguistic	_	none	_	_	_	_	_	0-2(107)
382-7	PST059	382	382	7	ci	ci	_	_	_	_	_	linguistic	_	none	_	_	_	_	_	0-2(107)
382-8	PST059	382	382	8	arriviamo]	arriviamo	_	_	_	_	_	linguistic	_	none	_	_	_	_	_	0-9(107)
382-9	PST059	382	382	9	((ridendo))	((ridendo))	_	_	_	_	_	nonverbalbehavior	_	none	_	End=943.512	_	_	_	_
383-0	PST212	383	383	0	[eh	eh	_	_	_	_	_	linguistic	_	none	_	Begin=942.75	_	_	_	0-2(107)
383-1	PST212	383	383	1	be:h	beh	_	_	_	_	_	linguistic	_	none	_	_	1x1	_	_	0-3(107)
383-2	PST212	383	383	2	sì]	sì	_	_	_	_	_	linguistic	_	none	_	End=943.512	_	_	_	0-2(107)
384-0	PST059	384	384	0	((ride))	((ride))	_	_	_	_	_	nonverbalbehavior	_	none	_	Begin=943.512|End=944.805	_	_	_	_
385-0	PST212	385	385	0	[ma	ma	_	_	_	_	_	linguistic	_	none	_	Begin=943.512	_	_	_	0-2(?)
385-1	PST212	385	385	1	adesso	adesso	_	_	_	_	_	linguistic	_	none	_	_	_	_	_	0-6(?)
385-2	PST212	385	385	2	tu	tu	_	_	_	_	_	linguistic	_	none	_	_	_	_	_	0-2(?)
385-3	PST212	385	385	3	lavori]?	lavori	_	_	_	_	_	linguistic	_	none	Intonation=Rising	End=944.805	_	_	_	0-6(?)
386-0	PST059	386	386	0	sì	sì	_	_	_	_	_	linguistic	_	none	_	Begin=945.003	_	_	_	_
386-1	PST059	386	386	1	sì	sì	_	_	_	_	_	linguistic	_	none	_	End=945.59	_	_	_	_
387-0	PST212	387	387	0	che:	che	_	_	_	_	_	linguistic	_	none	_	Begin=945.59	2x1	_	_	_
387-1	PST212	387	387	1	che	che	_	_	_	_	_	linguistic	_	none	_	_	_	_	_	_
387-2	PST212	387	387	2	lavoro	lavoro	_	_	_	_	_	linguistic	_	none	_	_	_	_	_	_
387-3	PST212	387	387	3	fai,	fai	_	_	_	_	_	linguistic	_	none	Intonation=WeaklyRising	End=946.57	_	_	_	_
388-0	PST059	388	388	0	faccio	faccio	_	_	_	_	_	linguistic	_	none	_	Begin=946.605	_	_	_	_
388-1	PST059	388	388	1	le	le	_	_	_	_	_	linguistic	_	none	_	_	_	_	_	_
388-2	PST059	388	388	2	pulizie	pulizie	_	_	_	_	_	linguistic	_	none	_	End=947.68	_	_	_	_
389-0	PST212	389	389	0	okay	okay	_	_	_	_	_	linguistic	_	none	_	Begin=947.68|End=948.21	_	_	_	_
390-0	PST059	390	390	0	sì	sì	_	_	_	_	_	linguistic	_	none	_	Begin=948.21|End=948.58	_	_	_	_
391-0	PST212	391	391	0	e	e	_	_	_	_	_	linguistic	_	none	_	Begin=949.29	_	_	_	_
391-1	PST212	391	391	1	li	li	_	_	_	_	_	linguistic	_	none	_	_	_	_	_	_
391-2	PST212	391	391	2	ti	ti	_	_	_	_	_	linguistic	_	none	_	_	_	_	_	_
391-3	PST212	391	391	3	capita	capita	_	_	_	_	_	linguistic	_	none	_	_	_	_	_	_
391-4	PST212	391	391	4	di	di	_	_	_	_	_	linguistic	_	none	_	_	_	_	_	_
391-5	PST212	391	391	5	usare:	usare	_	_	_	_	_	linguistic	_	none	_	_	4x1	_	_	_
391-6	PST212	391	391	6	anche	anche	_	_	_	_	_	linguistic	_	none	_	_	_	_	_	_
391-7	PST212	391	391	7	il	il	_	_	_	_	_	linguistic	_	none	_	_	_	_	_	_
391-8	PST212	391	391	8	rumeno	rumeno	_	_	_	_	_	linguistic	_	none	_	_	_	_	_	_
391-9	PST212	391	391	9	al	al	_	_	_	_	_	linguistic	_	none	_	_	_	_	_	_
391-10	PST212	391	391	10	lavoro:,	lavoro	_	_	_	_	_	linguistic	_	none	Intonation=WeaklyRising	End=952.526	5x1	_	_	_
392-0	PST212	392	392	0	o	o	_	_	_	_	_	linguistic	_	none	_	Begin=952.526	_	_	_	_
392-1	PST212	392	392	1	parli	parli	_	_	_	_	_	linguistic	_	none	_	_	_	_	_	_
392-2	PST212	392	392	2	[più	più	_	_	_	_	_	linguistic	_	none	_	_	_	_	_	0-3(108)
392-3	PST212	392	392	3	che	che	_	_	_	_	_	linguistic	_	none	_	_	_	_	_	0-3(108)
392-4	PST212	392	392	4	altro	altro	_	_	_	_	_	linguistic	_	none	_	_	_	_	_	0-5(108)
392-5	PST212	392	392	5	italiano]	italiano	_	_	_	_	_	linguistic	_	none	_	End=954.326	_	_	_	0-8(108)
393-0	PST059	393	393	0	[no	no	_	_	_	_	_	linguistic	_	none	_	Begin=953.071	_	_	_	0-2(108)
393-1	PST059	393	393	1	no	no	_	_	_	_	_	linguistic	_	none	_	_	_	_	_	0-2(108)
393-2	PST059	393	393	2	io:]	io	_	_	_	_	_	linguistic	_	none	_	_	1x1	_	_	0-2(108)
393-3	PST059	393	393	3	parlo	parlo	_	_	_	_	_	linguistic	_	none	_	_	_	_	_	_
393-4	PST059	393	393	4	sì:	sì	_	_	_	_	_	linguistic	_	none	_	End=955.097	1x1	_	_	_
394-0	PST059	394	394	0	c'	c'	_	_	_	_	_	linguistic	_	none	SpaceAfter=No	Begin=955.31	_	_	_	_
394-1	PST059	394	394	1	ho	ho	_	_	_	_	_	linguistic	_	none	_	_	_	_	_	_
394-2	PST059	394	394	2	le	le	_	_	_	_	_	linguistic	_	none	_	_	_	_	_	_
394-3	PST059	394	394	3	mie	mie	_	_	_	_	_	linguistic	_	none	_	_	_	_	_	_
394-4	PST059	394	394	4	s~	s~	_	_	_	_	_	linguistic	_	none	Interrupted=Yes	_	_	_	_	_
394-5	PST059	394	394	5	vecchiette	vecchiette	_	_	_	_	_	linguistic	_	none	_	_	_	_	_	_
394-6	PST059	394	394	6	ma	ma	_	_	_	_	_	linguistic	_	none	_	_	_	_	_	_
394-7	PST059	394	394	7	c'	c'	_	_	_	_	_	linguistic	_	none	SpaceAfter=No	_	_	_	_	_
394-8	PST059	394	394	8	ho	ho	_	_	_	_	_	linguistic	_	none	_	_	_	_	_	_
394-9	PST059	394	394	9	anche	anche	_	_	_	_	_	linguistic	_	none	_	_	_	_	_	_
394-10	PST059	394	394	10	giovani	giovani	_	_	_	_	_	linguistic	_	none	_	_	_	_	_	_
394-11	PST059	394	394	11	che	che	_	_	_	_	_	linguistic	_	none	_	_	_	_	_	_
394-12	PST059	394	394	12	c'	c'	_	_	_	_	_	linguistic	_	none	SpaceAfter=No	_	_	_	_	_
394-13	PST059	394	394	13	hanno	hanno	_	_	_	_	_	linguistic	_	none	_	_	_	_	_	_
394-14	PST059	394	394	14	più	più	_	_	_	_	_	linguistic	_	none	_	_	_	_	_	_
394-15	PST059	394	394	15	o	o	_	_	_	_	_	linguistic	_	none	_	_	_	_	_	_
394-16	PST059	394	394	16	meno	meno	_	_	_	_	_	linguistic	_	none	_	_	_	_	_	_
394-17	PST059	394	394	17	la	la	_	_	_	_	_	linguistic	_	none	_	_	_	_	_	_
394-18	PST059	394	394	18	mia	mia	_	_	_	_	_	linguistic	_	none	_	_	_	_	_	_
394-19	PST059	394	394	19	età	età	_	_	_	_	_	linguistic	_	none	_	_	_	_	_	_
394-20	PST059	394	394	20	però	però	_	_	_	_	_	linguistic	_	none	_	_	_	_	_	_
394-21	PST059	394	394	21	non:	non	_	_	_	_	_	linguistic	_	none	_	End=960.321	2x1	_	_	_
395-0	PST059	395	395	0	io	io	_	_	_	_	_	linguistic	_	none	_	Begin=960.71	_	_	_	_
395-1	PST059	395	395	1	non	non	_	_	_	_	_	linguistic	_	none	_	_	_	_	_	_
395-2	PST059	395	395	2	ho	ho	_	_	_	_	_	linguistic	_	none	_	_	_	_	_	_
395-3	PST059	395	395	3	problemi	problemi	_	_	_	_	_	linguistic	_	none	_	_	_	_	_	_
395-4	PST059	395	395	4	là:	là	_	_	_	_	_	linguistic	_	none	_	_	1x1	_	_	_
395-5	PST059	395	395	5	proprio:	proprio	_	_	_	_	_	linguistic	_	none	_	End=962.65	6x1	_	_	_
396-0	PST059	396	396	0	persone	persone	_	_	_	_	_	linguistic	_	none	_	Begin=962.85	_	_	_	_
396-1	PST059	396	396	1	per	per	_	_	_	_	_	linguistic	_	none	_	_	_	_	_	_
396-2	PST059	396	396	2	bene	bene	_	_	_	_	_	linguistic	_	none	_	End=964.08	_	_	_	_
397-0	PST059	397	397	0	non	non	_	_	_	_	_	linguistic	_	none	_	Begin=964.53	_	_	_	_
397-1	PST059	397	397	1	ho	ho	_	_	_	_	_	linguistic	_	none	_	_	_	_	_	_
397-2	PST059	397	397	2	incontrato:	incontrato	_	_	_	_	_	linguistic	_	none	_	End=966.424	9x1	_	_	_
398-0	PST059	398	398	0	una	una	_	_	_	_	_	linguistic	_	none	_	Begin=967.36	_	_	_	_
398-1	PST059	398	398	1	volta	volta	_	_	_	_	_	linguistic	_	none	_	_	_	_	_	_
398-2	PST059	398	398	2	m'	m'	_	_	_	_	_	linguistic	_	none	SpaceAfter=No	_	_	_	_	_
398-3	PST059	398	398	3	è	è	_	_	_	_	_	linguistic	_	none	_	_	_	_	_	_
398-4	PST059	398	398	4	capitata	capitata	_	_	_	_	_	linguistic	_	none	_	_	_	_	_	_
398-5	PST059	398	398	5	una	una	_	_	_	_	_	linguistic	_	none	_	_	_	_	_	_
398-6	PST059	398	398	6	signora	signora	_	_	_	_	_	linguistic	_	none	_	_	_	_	_	_
398-7	PST059	398	398	7	però	però	_	_	_	_	_	linguistic	_	none	_	_	_	_	_	_
398-8	PST059	398	398	8	anche	anche	_	_	_	_	_	linguistic	_	none	_	_	_	_	_	_
398-9	PST059	398	398	9	lì	lì	_	_	_	_	_	linguistic	_	none	_	_	_	_	_	_
398-10	PST059	398	398	10	non	non	_	_	_	_	_	linguistic	_	none	_	_	_	_	_	_
398-11	PST059	398	398	11	era	era	_	_	_	_	_	linguistic	_	none	_	_	_	_	_	_
398-12	PST059	398	398	12	colpa	colpa	_	_	_	_	_	linguistic	_	none	_	_	_	_	_	_
398-13	PST059	398	398	13	sua	sua	_	_	_	_	_	linguistic	_	none	_	_	_	_	_	_
398-14	PST059	398	398	14	che	che	_	_	_	_	_	linguistic	_	none	_	_	_	_	_	_
398-15	PST059	398	398	15	c'	c'	_	_	_	_	_	linguistic	_	none	SpaceAfter=No	_	_	_	_	_
398-16	PST059	398	398	16	aveva	aveva	_	_	_	_	_	linguistic	_	none	_	_	_	_	_	_
398-17	PST059	398	398	17	il	il	_	_	_	_	_	linguistic	_	none	_	_	_	_	_	_
398-18	PST059	398	398	18	f~	f~	_	_	_	_	_	linguistic	_	none	Interrupted=Yes	_	_	_	_	_
398-19	PST059	398	398	19	il	il	_	_	_	_	_	linguistic	_	none	_	_	_	_	_	_
398-20	PST059	398	398	20	ragazzo	ragazzo	_	_	_	_	_	linguistic	_	none	_	_	_	_	_	_
398-21	PST059	398	398	21	a	a	_	_	_	_	_	linguistic	_	none	_	_	_	_	_	_
398-22	PST059	398	398	22	casa	casa	_	_	_	_	_	linguistic	_	none	_	_	_	_	_	_
398-23	PST059	398	398	23	che:	che	_	_	_	_	_	linguistic	_	none	_	End=973.196	2x1	_	_	_
399-0	PST212	399	399	0	okay	okay	_	_	_	_	_	linguistic	_	none	_	Begin=973.196|End=973.5450000000001	_	_	_	_
400-0	PST059	400	400	0	con	con	_	_	_	_	_	linguistic	_	none	_	Begin=973.5450000000001	_	_	_	_
400-1	PST059	400	400	1	problemi	problemi	_	_	_	_	_	linguistic	_	none	_	End=974.6	_	_	_	_
401-0	PST059	401	401	0	e	e	_	_	_	_	_	linguistic	_	none	_	Begin=975.015	_	_	_	_
401-1	PST059	401	401	1	giustamente	giustamente	_	_	_	_	_	linguistic	_	none	_	_	_	_	_	_
401-2	PST059	401	401	2	io	io	_	_	_	_	_	linguistic	_	none	_	_	_	_	_	_
401-3	PST059	401	401	3	pulivo	pulivo	_	_	_	_	_	linguistic	_	none	_	_	_	_	_	_
401-4	PST059	401	401	4	da	da	_	_	_	_	_	linguistic	_	none	_	_	_	_	_	_
401-5	PST059	401	401	5	una	una	_	_	_	_	_	linguistic	_	none	_	_	_	_	_	_
401-6	PST059	401	401	6	parte	parte	_	_	_	_	_	linguistic	_	none	_	_	_	_	_	_
401-7	PST059	401	401	7	lui	lui	_	_	_	_	_	linguistic	_	none	_	_	_	_	_	_
401-8	PST059	401	401	8	sporcava	sporcava	_	_	_	_	_	linguistic	_	none	_	_	_	_	_	_
401-9	PST059	401	401	9	da	da	_	_	_	_	_	linguistic	_	none	_	_	_	_	_	_
401-10	PST059	401	401	10	un'	un'	_	_	_	_	_	linguistic	_	none	SpaceAfter=No	_	_	_	_	_
401-11	PST059	401	401	11	altra	altra	_	_	_	_	_	linguistic	_	none	_	_	_	_	_	_
401-12	PST059	401	401	12	io	io	_	_	_	_	_	linguistic	_	none	_	_	_	_	_	_
401-13	PST059	401	401	13	non	non	_	_	_	_	_	linguistic	_	none	_	_	_	_	_	_
401-14	PST059	401	401	14	è	è	_	_	_	_	_	linguistic	_	none	_	_	_	_	_	_
401-15	PST059	401	401	15	che	che	_	_	_	_	_	linguistic	_	none	_	_	_	_	_	_
401-16	PST059	401	401	16	potevo	potevo	_	_	_	_	_	linguistic	_	none	_	_	_	_	_	_
401-17	PST059	401	401	17	stare	stare	_	_	_	_	_	linguistic	_	none	_	_	_	_	_	_
401-18	PST059	401	401	18	lì	lì	_	_	_	_	_	linguistic	_	none	_	_	_	_	_	_
401-19	PST059	401	401	19	fino	fino	_	_	_	_	_	linguistic	_	none	_	_	_	_	_	_
401-20	PST059	401	401	20	arrivava	arrivava	_	_	_	_	_	linguistic	_	none	_	_	_	_	_	_
401-21	PST059	401	401	21	lei	lei	_	_	_	_	_	linguistic	_	none	_	_	_	_	_	_
401-22	PST059	401	401	22	che	che	_	_	_	_	_	linguistic	_	none	_	_	_	_	_	_
401-23	PST059	401	401	23	trovava	trovava	_	_	_	_	_	linguistic	_	none	_	_	_	_	_	_
401-24	PST059	401	401	24	pulito	pulito	_	_	_	_	_	linguistic	_	none	_	_	_	_	_	_
401-25	PST059	401	401	25	no?	no	_	_	_	_	_	linguistic	_	none	Intonation=Rising	End=981.086	_	_	_	_
402-0	PST059	402	402	0	io	io	_	_	_	_	_	linguistic	_	none	_	Begin=981.645	_	_	_	_
402-1	PST059	402	402	1	mi	mi	_	_	_	_	_	linguistic	_	none	_	_	_	_	_	_
402-2	PST059	402	402	2	facevo	facevo	_	_	_	_	_	linguistic	_	none	_	_	_	_	_	_
402-3	PST059	402	402	3	le	le	_	_	_	_	_	linguistic	_	none	_	_	_	_	_	_
402-4	PST059	402	402	4	mie	mie	_	_	_	_	_	linguistic	_	none	_	_	_	_	_	_
402-5	PST059	402	402	5	ore	ore	_	_	_	_	_	linguistic	_	none	_	_	_	_	_	_
402-6	PST059	402	402	6	e	e	_	_	_	_	_	linguistic	_	none	_	_	_	_	_	_
402-7	PST059	402	402	7	uscivo	uscivo	_	_	_	_	_	linguistic	_	none	_	End=983.61	_	_	_	_
403-0	PST059	403	403	0	infatti	infatti	_	_	_	_	_	linguistic	_	none	_	Begin=983.77	_	_	_	_
403-1	PST059	403	403	1	un	un	_	_	_	_	_	linguistic	_	none	_	_	_	_	_	_
403-2	PST059	403	403	2	giorno:	giorno	_	_	_	_	_	linguistic	_	none	_	_	5x1	_	_	_
403-3	PST059	403	403	3	sono	sono	_	_	_	_	_	linguistic	_	none	_	_	_	_	_	_
403-4	PST059	403	403	4	arrivata	arrivata	_	_	_	_	_	linguistic	_	none	_	_	_	_	_	_
403-5	PST059	403	403	5	che	che	_	_	_	_	_	linguistic	_	none	_	_	_	_	_	_
403-6	PST059	403	403	6	ho	ho	_	_	_	_	_	linguistic	_	none	_	_	_	_	_	_
403-7	PST059	403	403	7	trovato	trovato	_	_	_	_	_	linguistic	_	none	_	_	_	_	_	_
403-8	PST059	403	403	8	un	un	_	_	_	_	_	linguistic	_	none	_	_	_	_	_	_
403-9	PST059	403	403	9	casino:	casino	_	_	_	_	_	linguistic	_	none	_	End=986.696	5x1	_	_	_
404-0	PST059	404	404	0	e	e	_	_	_	_	_	linguistic	_	none	_	Begin=986.696	_	_	_	_
404-1	PST059	404	404	1	lì	lì	_	_	_	_	_	linguistic	_	none	_	_	_	_	_	_
404-2	PST059	404	404	2	le	le	_	_	_	_	_	linguistic	_	none	_	_	_	_	_	_
404-3	PST059	404	404	3	ho	ho	_	_	_	_	_	linguistic	_	none	_	_	_	_	_	_
404-4	PST059	404	404	4	detto	detto	_	_	_	_	_	linguistic	_	none	_	_	_	_	_	_
404-5	PST059	404	404	5	guarda	guarda	_	_	_	_	_	linguistic	_	none	_	_	_	_	_	_
404-6	PST059	404	404	6	a	a	_	_	_	_	_	linguistic	_	none	_	_	_	_	_	_
404-7	PST059	404	404	7	me	me	_	_	_	_	_	linguistic	_	none	_	_	_	_	_	_
404-8	PST059	404	404	8	dispiace	dispiace	_	_	_	_	_	linguistic	_	none	_	_	_	_	_	_
404-9	PST059	404	404	9	però:	però	_	_	_	_	_	linguistic	_	none	_	_	3x1	_	_	_
404-10	PST059	404	404	10	[io	io	_	_	_	_	_	linguistic	_	none	_	_	_	_	_	0-2(109)
404-11	PST059	404	404	11	così	così	_	_	_	_	_	linguistic	_	none	_	_	_	_	_	0-4(109)
404-12	PST059	404	404	12	non:]	non	_	_	_	_	_	linguistic	_	none	_	End=990.646	2x1	_	_	0-3(109)
405-0	PST212	405	405	0	[eh	eh	_	_	_	_	_	linguistic	_	none	_	Begin=989.39	_	_	_	0-2(109)
405-1	PST212	405	405	1	sì	sì	_	_	_	_	_	linguistic	_	none	_	_	_	_	_	0-2(109)
405-2	PST212	405	405	2	era	era	_	_	_	_	_	linguistic	_	none	_	_	_	_	_	0-3(109)
405-3	PST212	405	405	3	un	un	_	_	_	_	_	linguistic	_	none	_	_	_	_	_	0-2(109)
405-4	PST212	405	405	4	po':]	po'	_	_	_	_	_	linguistic	_	none	_	_	1x1	_	_	0-3(109)
405-5	PST212	405	405	5	impegnativa	impegnativa	_	_	_	_	_	linguistic	_	none	_	End=991.541	_	_	_	_
406-0	PST059	406	406	0	non	non	_	_	_	_	_	linguistic	_	none	_	Begin=991.75	_	_	_	_
406-1	PST059	406	406	1	posso	posso	_	_	_	_	_	linguistic	_	none	_	_	_	_	_	_
406-2	PST059	406	406	2	andare	andare	_	_	_	_	_	linguistic	_	none	_	_	_	_	_	_
406-3	PST059	406	406	3	avanti	avanti	_	_	_	_	_	linguistic	_	none	_	_	_	_	_	_
406-4	PST059	406	406	4	eh	eh	_	_	_	_	_	linguistic	_	none	_	End=993.33	_	_	_	_
407-0	PST212	407	407	0	mh	mh	_	_	_	_	_	linguistic	_	none	_	Begin=993.59	_	_	_	_
407-1	PST212	407	407	1	mh	mh	_	_	_	_	_	linguistic	_	none	_	_	_	_	_	_
407-2	PST212	407	407	2	mh	mh	_	_	_	_	_	linguistic	_	none	_	End=994.42	_	_	_	_
408-0	PST059	408	408	0	e	e	_	_	_	_	_	linguistic	_	none	_	Begin=994.65	_	_	_	_
408-1	PST059	408	408	1	quindi:	quindi	_	_	_	_	_	linguistic	_	none	_	_	5x1	_	_	_
408-2	PST059	408	408	2	ho	ho	_	_	_	_	_	linguistic	_	none	_	_	_	_	_	_
408-3	PST059	408	408	3	abbandonato	abbandonato	_	_	_	_	_	linguistic	_	none	_	End=996.639	_	_	_	_
409-0	PST059	409	409	0	io	io	_	_	_	_	_	linguistic	_	none	_	Begin=997.11	_	_	_	_
409-1	PST059	409	409	1	dico	dico	_	_	_	_	_	linguistic	_	none	_	_	_	_	_	_
409-2	PST059	409	409	2	che:	che	_	_	_	_	_	linguistic	_	none	_	_	2x1	_	_	_
409-3	PST059	409	409	3	se	se	_	_	_	_	_	linguistic	_	none	_	_	_	_	_	_
409-4	PST059	409	409	4	vuoi	vuoi	_	_	_	_	_	linguistic	_	none	_	_	_	_	_	_
409-5	PST059	409	409	5	lavorare	lavorare	_	_	_	_	_	linguistic	_	none	_	_	_	_	_	_
409-6	PST059	409	409	6	il	il	_	_	_	_	_	linguistic	_	none	_	_	_	_	_	_
409-7	PST059	409	409	7	lavoro	lavoro	_	_	_	_	_	linguistic	_	none	_	_	_	_	_	_
409-8	PST059	409	409	8	lo	lo	_	_	_	_	_	linguistic	_	none	_	_	_	_	_	_
409-9	PST059	409	409	9	trovi	trovi	_	_	_	_	_	linguistic	_	none	_	_	_	_	_	_
409-10	PST059	409	409	10	eh	eh	_	_	_	_	_	linguistic	_	none	_	End=999.89	_	_	_	_
410-0	PST212	410	410	0	sì:	sì	_	_	_	_	_	linguistic	_	none	_	Begin=999.89|End=1000.39	1x1	_	_	_
411-0	PST212	411	411	0	non	non	_	_	_	_	_	linguistic	_	none	_	Begin=1000.76	_	_	_	_
411-1	PST212	411	411	1	hai	hai	_	_	_	_	_	linguistic	_	none	_	_	_	_	_	_
411-2	PST212	411	411	2	avuto:	avuto	_	_	_	_	_	linguistic	_	none	_	_	4x1	_	_	_
411-3	PST212	411	411	3	troppe	troppe	_	_	_	_	_	linguistic	_	none	_	_	_	_	_	_
411-4	PST212	411	411	4	diffic[oltà]	difficoltà	_	_	_	_	_	linguistic	_	none	_	End=1002.53	_	_	_	6-10(110)
412-0	PST059	412	412	0	[no]	no	_	_	_	_	_	linguistic	_	none	_	Begin=1002.19	_	_	_	0-2(110)
412-1	PST059	412	412	1	no	no	_	_	_	_	_	linguistic	_	none	_	End=1002.949	_	_	_	_
413-0	PST212	413	413	0	okay	okay	_	_	_	_	_	linguistic	_	none	_	Begin=1002.949|End=1003.36	_	_	_	_
414-0	PST059	414	414	0	no	no	_	_	_	_	_	linguistic	_	none	_	Begin=1003.36	_	_	_	_
414-1	PST059	414	414	1	no	no	_	_	_	_	_	linguistic	_	none	_	End=1003.919	_	_	_	_
415-0	PST059	415	415	0	se	se	_	_	_	_	_	linguistic	_	none	_	Begin=1004.4	_	_	_	_
415-1	PST059	415	415	1	sei	sei	_	_	_	_	_	linguistic	_	none	_	_	_	_	_	_
415-2	PST059	415	415	2	una	una	_	_	_	_	_	linguistic	_	none	_	_	_	_	_	_
415-3	PST059	415	415	3	persona	persona	_	_	_	_	_	linguistic	_	none	_	_	_	_	_	_
415-4	PST059	415	415	4	brava	brava	_	_	_	_	_	linguistic	_	none	_	_	_	_	_	_
415-5	PST059	415	415	5	il	il	_	_	_	_	_	linguistic	_	none	_	_	_	_	_	_
415-6	PST059	415	415	6	lavoro	lavoro	_	_	_	_	_	linguistic	_	none	_	_	_	_	_	_
415-7	PST059	415	415	7	lo	lo	_	_	_	_	_	linguistic	_	none	_	_	_	_	_	_
415-8	PST059	415	415	8	trovi	trovi	_	_	_	_	_	linguistic	_	none	_	End=1006.84	_	_	_	_
416-0	PST059	416	416	0	se	se	_	_	_	_	_	linguistic	_	none	_	Begin=1007.81	_	_	_	_
416-1	PST059	416	416	1	non	non	_	_	_	_	_	linguistic	_	none	_	_	_	_	_	_
416-2	PST059	416	416	2	ti	ti	_	_	_	_	_	linguistic	_	none	_	_	_	_	_	_
416-3	PST059	416	416	3	piace	piace	_	_	_	_	_	linguistic	_	none	_	_	_	_	_	_
416-4	PST059	416	416	4	lavorare	lavorare	_	_	_	_	_	linguistic	_	none	_	_	_	_	_	_
416-5	PST059	416	416	5	[per	per	_	_	_	_	_	linguistic	_	none	_	_	_	_	_	0-3(111)
416-6	PST059	416	416	6	forza	forza	_	_	_	_	_	linguistic	_	none	_	_	_	_	_	0-5(111)
416-7	PST059	416	416	7	che	che	_	_	_	_	_	linguistic	_	none	_	_	_	_	_	0-3(111)
416-8	PST059	416	416	8	non	non	_	_	_	_	_	linguistic	_	none	_	_	_	_	_	0-3(111)
416-9	PST059	416	416	9	lo	lo	_	_	_	_	_	linguistic	_	none	_	_	_	_	_	0-2(111)
416-10	PST059	416	416	10	trovi	trovi	_	_	_	_	_	linguistic	_	none	_	_	_	_	_	0-5(111)
416-11	PST059	416	416	11	eh]	eh	_	_	_	_	_	linguistic	_	none	_	End=1010.559	_	_	_	0-2(111)
417-0	PST212	417	417	0	[eh	eh	_	_	_	_	_	linguistic	_	none	_	Begin=1009.05	_	_	_	0-2(111)
417-1	PST212	417	417	1	certo	certo	_	_	_	_	_	linguistic	_	none	_	_	_	_	_	0-5(111)
417-2	PST212	417	417	2	sì]	sì	_	_	_	_	_	linguistic	_	none	_	End=1010.559	_	_	_	0-2(111)
418-0	PST059	418	418	0	nessuno	nessuno	_	_	_	_	_	linguistic	_	none	_	Begin=1010.559	_	_	_	_
418-1	PST059	418	418	1	viene	viene	_	_	_	_	_	linguistic	_	none	_	_	_	_	_	_
418-2	PST059	418	418	2	a	a	_	_	_	_	_	linguistic	_	none	_	_	_	_	_	_
418-3	PST059	418	418	3	pagarti	pagarti	_	_	_	_	_	linguistic	_	none	_	_	_	_	_	_
418-4	PST059	418	418	4	più	più	_	_	_	_	_	linguistic	_	none	_	_	_	_	_	_
418-5	PST059	418	418	5	tu	tu	_	_	_	_	_	linguistic	_	none	_	_	_	_	_	_
418-6	PST059	418	418	6	ti	ti	_	_	_	_	_	linguistic	_	none	_	_	_	_	_	_
418-7	PST059	418	418	7	metti	metti	_	_	_	_	_	linguistic	_	none	_	_	_	_	_	_
418-8	PST059	418	418	8	lì	lì	_	_	_	_	_	linguistic	_	none	_	_	_	_	_	_
418-9	PST059	418	418	9	seduta:	seduta	_	_	_	_	_	linguistic	_	none	_	_	5x1	_	_	_
418-10	PST059	418	418	10	fumi	fumi	_	_	_	_	_	linguistic	_	none	_	_	_	_	_	_
418-11	PST059	418	418	11	la	la	_	_	_	_	_	linguistic	_	none	_	_	_	_	_	_
418-12	PST059	418	418	12	sigaretta:	sigaretta	_	_	_	_	_	linguistic	_	none	_	_	8x1	_	_	_
418-13	PST059	418	418	13	e:	e	_	_	_	_	_	linguistic	_	none	PauseAfter=Yes	_	0x1	_	_	_
418-14	PST059	418	418	14	(.)	(.)	_	_	_	_	_	shortpause	_	none	_	_	_	_	_	_
418-15	PST059	418	418	15	ti	ti	_	_	_	_	_	linguistic	_	none	_	_	_	_	_	_
418-16	PST059	418	418	16	prendi	prendi	_	_	_	_	_	linguistic	_	none	_	_	_	_	_	_
418-17	PST059	418	418	17	il	il	_	_	_	_	_	linguistic	_	none	_	_	_	_	_	_
418-18	PST059	418	418	18	caffè	caffè	_	_	_	_	_	linguistic	_	none	_	End=1016.754	_	_	_	_
419-0	PST212	419	419	0	mh	mh	_	_	_	_	_	linguistic	_	none	_	Begin=1016.891	_	_	_	_
419-1	PST212	419	419	1	mh	mh	_	_	_	_	_	linguistic	_	none	_	_	_	_	_	_
419-2	PST212	419	419	2	mh	mh	_	_	_	_	_	linguistic	_	none	_	End=1017.661	_	_	_	_
420-0	PST059	420	420	0	quindi:	quindi	_	_	_	_	_	linguistic	_	none	_	Begin=1017.661|End=1018.438	5x1	_	_	_
421-0	PST059	421	421	0	ma	ma	_	_	_	_	_	linguistic	_	none	_	Begin=1019.06	_	_	_	_
421-1	PST059	421	421	1	quello	quello	_	_	_	_	_	linguistic	_	none	_	_	_	_	_	_
421-2	PST059	421	421	2	dappertutto	dappertutto	_	_	_	_	_	linguistic	_	none	_	_	_	_	_	_
421-3	PST059	421	421	3	dico	dico	_	_	_	_	_	linguistic	_	none	_	_	_	_	_	_
421-4	PST059	421	421	4	io	io	_	_	_	_	_	linguistic	_	none	_	End=1020.86	_	_	_	_
422-0	PST059	422	422	0	io:	io	_	_	_	_	_	linguistic	_	none	_	Begin=1021.45	1x1	_	_	_
422-1	PST059	422	422	1	sta	sta	_	_	_	_	_	linguistic	_	none	_	_	_	_	_	_
422-2	PST059	422	422	2	difficoltà	difficoltà	_	_	_	_	_	linguistic	_	none	_	_	_	_	_	_
422-3	PST059	422	422	3	non	non	_	_	_	_	_	linguistic	_	none	_	_	_	_	_	_
422-4	PST059	422	422	4	la	la	_	_	_	_	_	linguistic	_	none	_	_	_	_	_	_
422-5	PST059	422	422	5	vedo	vedo	_	_	_	_	_	linguistic	_	none	_	_	_	_	_	_
422-6	PST059	422	422	6	trov~	trov~	_	_	_	_	_	linguistic	_	none	Interrupted=Yes	_	_	_	_	_
422-7	PST059	422	422	7	lavoro	lavoro	_	_	_	_	_	linguistic	_	none	_	_	_	_	_	_
422-8	PST059	422	422	8	cercare	cercare	_	_	_	_	_	linguistic	_	none	_	_	_	_	_	_
422-9	PST059	422	422	9	lavoro	lavoro	_	_	_	_	_	linguistic	_	none	_	_	_	_	_	_
422-10	PST059	422	422	10	perché	perché	_	_	_	_	_	linguistic	_	none	_	_	_	_	_	_
422-11	PST059	422	422	11	c'	c'	_	_	_	_	_	linguistic	_	none	SpaceAfter=No	_	_	_	_	_
422-12	PST059	422	422	12	è	è	_	_	_	_	_	linguistic	_	none	_	End=1025.68	_	_	_	_
423-0	PST212	423	423	0	e	e	_	_	_	_	_	linguistic	_	none	_	Begin=1026.83	_	_	_	_
423-1	PST212	423	423	1	tuo	tuo	_	_	_	_	_	linguistic	_	none	_	_	_	_	_	_
423-2	PST212	423	423	2	marito	marito	_	_	_	_	_	linguistic	_	none	_	_	_	_	_	_
423-3	PST212	423	423	3	che	che	_	_	_	_	_	linguistic	_	none	_	_	_	_	_	_
423-4	PST212	423	423	4	lavoro	lavoro	_	_	_	_	_	linguistic	_	none	_	_	_	_	_	_
423-5	PST212	423	423	5	fa	fa	_	_	_	_	_	linguistic	_	none	_	End=1028.208	_	_	_	_
424-0	PST059	424	424	0	lui	lui	_	_	_	_	_	linguistic	_	none	_	Begin=1028.44	_	_	_	_
424-1	PST059	424	424	1	fa	fa	_	_	_	_	_	linguistic	_	none	_	_	_	_	_	_
424-2	PST059	424	424	2	di	di	_	_	_	_	_	linguistic	_	none	_	_	_	_	_	_
424-3	PST059	424	424	3	tutto	tutto	_	_	_	_	_	linguistic	_	none	_	End=1029.52	_	_	_	_
425-0	PST059	425	425	0	però	però	_	_	_	_	_	linguistic	_	none	_	Begin=1029.82	_	_	_	_
425-1	PST059	425	425	1	il	il	_	_	_	_	_	linguistic	_	none	_	_	_	_	_	_
425-2	PST059	425	425	2	piastrellista	piastrellista	_	_	_	_	_	linguistic	_	none	_	End=1030.91	_	_	_	_
426-0	PST212	426	426	0	a:h	ah	_	_	_	_	_	linguistic	_	none	_	Begin=1030.91	0x1	_	_	_
426-1	PST212	426	426	1	okay	okay	_	_	_	_	_	linguistic	_	none	_	End=1031.4585000000002	_	_	_	_
427-0	PST059	427	427	0	anche	anche	_	_	_	_	_	linguistic	_	none	_	Begin=1031.4585000000002	_	_	_	_
427-1	PST059	427	427	1	lui	lui	_	_	_	_	_	linguistic	_	none	_	_	_	_	_	_
427-2	PST059	427	427	2	non	non	_	_	_	_	_	linguistic	_	none	_	_	_	_	_	_
427-3	PST059	427	427	3	è	è	_	_	_	_	_	linguistic	_	none	_	_	_	_	_	_
427-4	PST059	427	427	4	fermo	fermo	_	_	_	_	_	linguistic	_	none	_	_	_	_	_	_
427-5	PST059	427	427	5	mai	mai	_	_	_	_	_	linguistic	_	none	_	_	_	_	_	_
427-6	PST059	427	427	6	e:h	eh	_	_	_	_	_	linguistic	_	none	ProsodicLink=Yes	_	0x1	_	_	_
427-7	PST059	427	427	7	anche	anche	_	_	_	_	_	linguistic	_	none	_	_	_	_	_	_
427-8	PST059	427	427	8	domenica	domenica	_	_	_	_	_	linguistic	_	none	_	_	_	_	_	_
427-9	PST059	427	427	9	a	a	_	_	_	_	_	linguistic	_	none	_	_	_	_	_	_
427-10	PST059	427	427	10	volte	volte	_	_	_	_	_	linguistic	_	none	_	_	_	_	_	_
427-11	PST059	427	427	11	lavora	lavora	_	_	_	_	_	linguistic	_	none	_	End=1034.767	_	_	_	_
428-0	PST059	428	428	0	quindi:	quindi	_	_	_	_	_	linguistic	_	none	_	Begin=1035.49|End=1036.51	5x1	_	_	_
429-0	PST059	429	429	0	per	per	_	_	_	_	_	linguistic	_	none	_	Begin=1037.02	_	_	_	_
429-1	PST059	429	429	1	quello	quello	_	_	_	_	_	linguistic	_	none	_	_	_	_	_	_
429-2	PST059	429	429	2	dico	dico	_	_	_	_	_	linguistic	_	none	_	_	_	_	_	_
429-3	PST059	429	429	3	se	se	_	_	_	_	_	linguistic	_	none	_	_	_	_	_	_
429-4	PST059	429	429	4	sei	sei	_	_	_	_	_	linguistic	_	none	_	_	_	_	_	_
429-5	PST059	429	429	5	una	una	_	_	_	_	_	linguistic	_	none	_	_	_	_	_	_
429-6	PST059	429	429	6	persona	persona	_	_	_	_	_	linguistic	_	none	_	_	_	_	_	_
429-7	PST059	429	429	7	brava	brava	_	_	_	_	_	linguistic	_	none	_	_	_	_	_	_
429-8	PST059	429	429	8	il	il	_	_	_	_	_	linguistic	_	none	_	_	_	_	_	_
429-9	PST059	429	429	9	lavoro:	lavoro	_	_	_	_	_	linguistic	_	none	_	End=1040.029	5x1	_	_	_
430-0	PST059	430	430	0	[non	non	_	_	_	_	_	linguistic	_	none	_	Begin=1040.75	_	_	_	0-3(112)
430-1	PST059	430	430	1	manca]	manca	_	_	_	_	_	linguistic	_	none	_	End=1041.6	_	_	_	0-5(112)
431-0	PST212	431	431	0	[si	si	_	_	_	_	_	linguistic	_	none	_	Begin=1040.75	_	_	_	0-2(112)
431-1	PST212	431	431	1	trova]	trova	_	_	_	_	_	linguistic	_	none	_	End=1041.6	_	_	_	0-5(112)
432-0	PST212	432	432	0	mh	mh	_	_	_	_	_	linguistic	_	none	_	Begin=1041.601|End=1042.01	_	_	_	_
433-0	PST059	433	433	0	[quindi]	quindi	_	_	_	_	_	linguistic	_	none	_	Begin=1042.65|End=1043.19	_	_	_	0-6(113)
434-0	PST212	434	434	0	[e	e	_	_	_	_	_	linguistic	_	none	_	Begin=1042.65	_	_	_	0-1(113)
434-1	PST212	434	434	1	invece	invece	_	_	_	_	_	linguistic	_	none	_	_	_	_	_	0-6(113)
434-2	PST212	434	434	2	ca]mbiando	cambiando	_	_	_	_	_	linguistic	_	none	_	_	_	_	_	0-2(113)
434-3	PST212	434	434	3	discorso	discorso	_	_	_	_	_	linguistic	_	none	_	_	_	_	_	_
434-4	PST212	434	434	4	da	da	_	_	_	_	_	linguistic	_	none	_	_	_	_	_	_
434-5	PST212	434	434	5	quanto	quanto	_	_	_	_	_	linguistic	_	none	_	_	_	_	_	_
434-6	PST212	434	434	6	tempo:	tempo	_	_	_	_	_	linguistic	_	none	PauseAfter=Yes	_	4x1	_	_	_
434-7	PST212	434	434	7	(.)	(.)	_	_	_	_	_	shortpause	_	none	_	_	_	_	_	_
434-8	PST212	434	434	8	frequentate	frequentate	_	_	_	_	_	linguistic	_	none	_	_	_	_	_	_
434-9	PST212	434	434	9	quasta	quasta	_	_	_	_	_	linguistic	_	none	_	_	_	_	_	_
434-10	PST212	434	434	10	associazione:	associazione	_	_	_	_	_	linguistic	_	none	_	End=1048.12	11x1	_	_	_
435-0	PST059	435	435	0	da	da	_	_	_	_	_	linguistic	_	none	_	Begin=1048.12	_	_	_	_
435-1	PST059	435	435	1	cinque	cinque	_	_	_	_	_	linguistic	_	none	_	_	_	_	_	_
435-2	PST059	435	435	2	anni	anni	_	_	_	_	_	linguistic	_	none	_	End=1049.098	_	_	_	_
436-0	PST212	436	436	0	ah	ah	_	_	_	_	_	linguistic	_	none	_	Begin=1049.098	_	_	_	_
436-1	PST212	436	436	1	okay	okay	_	_	_	_	_	linguistic	_	none	_	End=1049.874	_	_	_	_
437-0	PST212	437	437	0	e::	e	_	_	_	_	_	linguistic	_	none	_	Begin=1050.29|End=1050.95	0x2	_	_	_
438-0	PST212	438	438	0	riesci	riesci	_	_	_	_	_	linguistic	_	none	_	Begin=1051.17	_	_	_	_
438-1	PST212	438	438	1	un	un	_	_	_	_	_	linguistic	_	none	_	_	_	_	_	_
438-2	PST212	438	438	2	po'	po'	_	_	_	_	_	linguistic	_	none	_	_	_	_	_	_
438-3	PST212	438	438	3	a	a	_	_	_	_	_	linguistic	_	none	_	_	_	_	_	_
438-4	PST212	438	438	4	parlarmi:	parlarmi	_	_	_	_	_	linguistic	_	none	_	End=1053.168	7x1	_	_	_
439-0	PST212	439	439	0	cosa:	cosa	_	_	_	_	_	linguistic	_	none	_	Begin=1053.93	3x1	_	_	_
439-1	PST212	439	439	1	cosa	cosa	_	_	_	_	_	linguistic	_	none	_	_	_	_	_	_
439-2	PST212	439	439	2	fa:te:	fate	_	_	_	_	_	linguistic	_	none	_	End=1055.87	1x1,3x1	_	_	_
440-0	PST059	440	440	0	di	di	_	_	_	_	_	linguistic	_	none	_	Begin=1056.18	_	_	_	_
440-1	PST059	440	440	1	tutto	tutto	_	_	_	_	_	linguistic	_	none	_	_	_	_	_	_
440-2	PST059	440	440	2	cosa	cosa	_	_	_	_	_	linguistic	_	none	_	_	_	_	_	_
440-3	PST059	440	440	3	non	non	_	_	_	_	_	linguistic	_	none	_	_	_	_	_	_
440-4	PST059	440	440	4	si	si	_	_	_	_	_	linguistic	_	none	_	_	_	_	_	_
440-5	PST059	440	440	5	fa	fa	_	_	_	_	_	linguistic	_	none	_	_	_	_	_	_
440-6	PST059	440	440	6	((ride))	((ride))	_	_	_	_	_	nonverbalbehavior	_	none	_	End=1059.15	_	_	_	_
441-0	PST212	441	441	0	[cosa	cosa	_	_	_	_	_	linguistic	_	none	_	Begin=1057.865	_	_	_	0-4(114)
441-1	PST212	441	441	1	non	non	_	_	_	_	_	linguistic	_	none	_	_	_	_	_	0-3(114)
441-2	PST212	441	441	2	si	si	_	_	_	_	_	linguistic	_	none	_	_	_	_	_	0-2(114)
441-3	PST212	441	441	3	fa:]	fa	_	_	_	_	_	linguistic	_	none	_	_	1x1	_	_	0-2(114)
441-4	PST212	441	441	4	((ridendo))	((ridendo))	_	_	_	_	_	nonverbalbehavior	_	none	_	End=1059.135	_	_	_	_
442-0	PST059	442	442	0	di	di	_	_	_	_	_	linguistic	_	none	_	Begin=1060.21	_	_	_	_
442-1	PST059	442	442	1	tutto	tutto	_	_	_	_	_	linguistic	_	none	_	End=1061.27	_	_	_	_
443-0	PST059	443	443	0	da	da	_	_	_	_	_	linguistic	_	none	_	Begin=1061.76	_	_	_	_
443-1	PST059	443	443	1	parlare	parlare	_	_	_	_	_	linguistic	_	none	_	_	_	_	_	_
443-2	PST059	443	443	2	a	a	_	_	_	_	_	linguistic	_	none	_	_	_	_	_	_
443-3	PST059	443	443	3	stare	stare	_	_	_	_	_	linguistic	_	none	_	_	_	_	_	_
443-4	PST059	443	443	4	insieme	insieme	_	_	_	_	_	linguistic	_	none	_	_	_	_	_	_
443-5	PST059	443	443	5	tu:tti	tutti	_	_	_	_	_	linguistic	_	none	_	_	1x1	_	_	_
443-6	PST059	443	443	6	a	a	_	_	_	_	_	linguistic	_	none	_	_	_	_	_	_
443-7	PST059	443	443	7	ballare	ballare	_	_	_	_	_	linguistic	_	none	_	_	_	_	_	_
443-8	PST059	443	443	8	anche	anche	_	_	_	_	_	linguistic	_	none	_	_	_	_	_	_
443-9	PST059	443	443	9	noi	noi	_	_	_	_	_	linguistic	_	none	_	_	_	_	_	_
443-10	PST059	443	443	10	ma:mme	mamme	_	_	_	_	_	linguistic	_	none	_	_	1x1	_	_	_
443-11	PST059	443	443	11	a	a	_	_	_	_	_	linguistic	_	none	_	_	_	_	_	_
443-12	PST059	443	443	12	volte	volte	_	_	_	_	_	linguistic	_	none	_	_	_	_	_	_
443-13	PST059	443	443	13	[quando	quando	_	_	_	_	_	linguistic	_	none	_	_	_	_	_	0-6(115)
443-14	PST059	443	443	14	ci]	ci	_	_	_	_	_	linguistic	_	none	_	_	_	_	_	0-2(115)
443-15	PST059	443	443	15	troviamo	troviamo	_	_	_	_	_	linguistic	_	none	_	_	_	_	_	_
443-16	PST059	443	443	16	sì	sì	_	_	_	_	_	linguistic	_	none	_	_	_	_	_	_
443-17	PST059	443	443	17	sì	sì	_	_	_	_	_	linguistic	_	none	_	End=1067.648	_	_	_	_
444-0	PST212	444	444	0	[ah	ah	_	_	_	_	_	linguistic	_	none	_	Begin=1065.929	_	_	_	0-2(115)
444-1	PST212	444	444	1	sì:]?	sì	_	_	_	_	_	linguistic	_	none	Intonation=Rising	End=1066.479	1x1	_	_	0-2(115)
445-0	PST212	445	445	0	okay	okay	_	_	_	_	_	linguistic	_	none	_	Begin=1067.648|End=1068.431	_	_	_	_
446-0	PST059	446	446	0	a	a	_	_	_	_	_	linguistic	_	none	_	Begin=1068.47	_	_	_	_
446-1	PST059	446	446	1	ballare	ballare	_	_	_	_	_	linguistic	_	none	_	_	_	_	_	_
446-2	PST059	446	446	2	scherzare	scherzare	_	_	_	_	_	linguistic	_	none	_	_	_	_	_	_
446-3	PST059	446	446	3	sai	sai	_	_	_	_	_	linguistic	_	none	_	_	_	_	_	_
446-4	PST059	446	446	4	quando:	quando	_	_	_	_	_	linguistic	_	none	_	_	5x1	_	_	_
446-5	PST059	446	446	5	non	non	_	_	_	_	_	linguistic	_	none	_	_	_	_	_	_
446-6	PST059	446	446	6	è	è	_	_	_	_	_	linguistic	_	none	_	_	_	_	_	_
446-7	PST059	446	446	7	che	che	_	_	_	_	_	linguistic	_	none	_	_	_	_	_	_
446-8	PST059	446	446	8	noi	noi	_	_	_	_	_	linguistic	_	none	_	_	_	_	_	_
446-9	PST059	446	446	9	balliamo	balliamo	_	_	_	_	_	linguistic	_	none	_	_	_	_	_	_
446-10	PST059	446	446	10	ta:nto	tanto	_	_	_	_	_	linguistic	_	none	_	_	1x1	_	_	_
446-11	PST059	446	446	11	però:	però	_	_	_	_	_	linguistic	_	none	_	_	3x1	_	_	_
446-12	PST059	446	446	12	una	una	_	_	_	_	_	linguistic	_	none	_	_	_	_	_	_
446-13	PST059	446	446	13	dice	dice	_	_	_	_	_	linguistic	_	none	_	_	_	_	_	_
446-14	PST059	446	446	14	una	una	_	_	_	_	_	linguistic	_	none	_	_	_	_	_	_
446-15	PST059	446	446	15	cosa	cosa	_	_	_	_	_	linguistic	_	none	PauseAfter=Yes	_	_	_	_	_
446-16	PST059	446	446	16	(.)	(.)	_	_	_	_	_	shortpause	_	none	_	_	_	_	_	_
446-17	PST059	446	446	17	solo	solo	_	_	_	_	_	linguistic	_	none	_	_	_	_	_	_
446-18	PST059	446	446	18	per	per	_	_	_	_	_	linguistic	_	none	_	_	_	_	_	_
446-19	PST059	446	446	19	passare	passare	_	_	_	_	_	linguistic	_	none	_	_	_	_	_	_
446-20	PST059	446	446	20	il	il	_	_	_	_	_	linguistic	_	none	_	_	_	_	_	_
446-21	PST059	446	446	21	tempo	tempo	_	_	_	_	_	linguistic	_	none	_	_	_	_	_	_
446-22	PST059	446	446	22	eh	eh	_	_	_	_	_	linguistic	_	none	_	_	_	_	_	_
446-23	PST059	446	446	23	in	in	_	_	_	_	_	linguistic	_	none	_	_	_	_	_	_
446-24	PST059	446	446	24	[un'	un'	_	_	_	_	_	linguistic	_	none	SpaceAfter=No	_	_	_	_	0-3(116)
446-25	PST059	446	446	25	altra:]	altra	_	_	_	_	_	linguistic	_	none	_	End=1076.648	4x1	_	_	0-5(116)
447-0	PST212	447	447	0	[sì	sì	_	_	_	_	_	linguistic	_	none	_	Begin=1075.7	_	_	_	0-2(116)
447-1	PST212	447	447	1	sì	sì	_	_	_	_	_	linguistic	_	none	_	_	_	_	_	0-2(116)
447-2	PST212	447	447	2	sì	sì	_	_	_	_	_	linguistic	_	none	_	_	_	_	_	0-2(116)
447-3	PST212	447	447	3	sì]	sì	_	_	_	_	_	linguistic	_	none	_	End=1076.48	_	_	_	0-2(116)
448-0	PST059	448	448	0	uscire	uscire	_	_	_	_	_	linguistic	_	none	_	Begin=1077.456	_	_	_	_
448-1	PST059	448	448	1	da:	da	_	_	_	_	_	linguistic	_	none	_	_	1x1	_	_	_
448-2	PST059	448	448	2	la	la	_	_	_	_	_	linguistic	_	none	_	_	_	_	_	_
448-3	PST059	448	448	3	giornata	giornata	_	_	_	_	_	linguistic	_	none	_	_	_	_	_	_
448-4	PST059	448	448	4	lavoro	lavoro	_	_	_	_	_	linguistic	_	none	_	_	_	_	_	_
448-5	PST059	448	448	5	lavoro	lavoro	_	_	_	_	_	linguistic	_	none	_	_	_	_	_	_
448-6	PST059	448	448	6	casa	casa	_	_	_	_	_	linguistic	_	none	_	_	_	_	_	_
448-7	PST059	448	448	7	lavoro:	lavoro	_	_	_	_	_	linguistic	_	none	_	End=1081.334	5x1	_	_	_
449-0	PST212	449	449	0	quinid	quinid	_	_	_	_	_	linguistic	_	none	_	Begin=1081.91	_	_	_	_
449-1	PST212	449	449	1	la	la	_	_	_	_	_	linguistic	_	none	_	_	_	_	_	_
449-2	PST212	449	449	2	frequentate	frequentate	_	_	_	_	_	linguistic	_	none	_	_	_	_	_	_
449-3	PST212	449	449	3	quasi	quasi	_	_	_	_	_	linguistic	_	none	_	_	_	_	_	_
449-4	PST212	449	449	4	tutto	tutto	_	_	_	_	_	linguistic	_	none	_	_	_	_	_	_
449-5	PST212	449	449	5	l'	l'	_	_	_	_	_	linguistic	_	none	SpaceAfter=No	_	_	_	_	_
449-6	PST212	449	449	6	anno	anno	_	_	_	_	_	linguistic	_	none	_	_	_	_	_	_
449-7	PST212	449	449	7	pratic[amente	praticamente	_	_	_	_	_	linguistic	_	none	_	_	_	_	_	5-12(117)
449-8	PST212	449	449	8	sì]	sì	_	_	_	_	_	linguistic	_	none	_	End=1085.138	_	_	_	0-2(117)
450-0	PST059	450	450	0	[sì	sì	_	_	_	_	_	linguistic	_	none	_	Begin=1084.33	_	_	_	0-2(117)
450-1	PST059	450	450	1	sì	sì	_	_	_	_	_	linguistic	_	none	_	_	_	_	_	0-2(117)
450-2	PST059	450	450	2	sì]	sì	_	_	_	_	_	linguistic	_	none	_	End=1085.138	_	_	_	0-2(117)
451-0	PST212	451	451	0	ma	ma	_	_	_	_	_	linguistic	_	none	_	Begin=1085.699	_	_	_	_
451-1	PST212	451	451	1	e	e	_	_	_	_	_	linguistic	_	none	_	_	_	_	_	_
451-2	PST212	451	451	2	come	come	_	_	_	_	_	linguistic	_	none	_	_	_	_	_	_
451-3	PST212	451	451	3	l'	l'	_	_	_	_	_	linguistic	_	none	SpaceAfter=No	_	_	_	_	_
451-4	PST212	451	451	4	avete	avete	_	_	_	_	_	linguistic	_	none	_	_	_	_	_	_
451-5	PST212	451	451	5	conosciuta,	conosciuta	_	_	_	_	_	linguistic	_	none	Intonation=WeaklyRising	End=1087.085	_	_	_	_
452-0	PST059	452	452	0	e:h	eh	_	_	_	_	_	linguistic	_	none	_	Begin=1087.6	0x1	_	_	_
452-1	PST059	452	452	1	i	i	_	_	_	_	_	linguistic	_	none	_	_	_	_	_	_
452-2	PST059	452	452	2	miei	miei	_	_	_	_	_	linguistic	_	none	_	_	_	_	_	_
452-3	PST059	452	452	3	sono	sono	_	_	_	_	_	linguistic	_	none	_	_	_	_	_	_
452-4	PST059	452	452	4	stati	stati	_	_	_	_	_	linguistic	_	none	_	_	_	_	_	_
452-5	PST059	452	452	5	prima	prima	_	_	_	_	_	linguistic	_	none	_	_	_	_	_	_
452-6	PST059	452	452	6	a	a	_	_	_	_	_	linguistic	_	none	_	_	_	_	_	_
452-7	PST059	452	452	7	vatra	vatra	_	_	_	_	_	linguistic	_	none	_	_	_	_	_	_
452-8	PST059	452	452	8	sai	sai	_	_	_	_	_	linguistic	_	none	_	_	_	_	_	_
452-9	PST059	452	452	9	che	che	_	_	_	_	_	linguistic	_	none	_	_	_	_	_	_
452-10	PST059	452	452	10	c'	c'	_	_	_	_	_	linguistic	_	none	SpaceAfter=No	_	_	_	_	_
452-11	PST059	452	452	11	è	è	_	_	_	_	_	linguistic	_	none	_	_	_	_	_	_
452-12	PST059	452	452	12	un	un	_	_	_	_	_	linguistic	_	none	_	_	_	_	_	_
452-13	PST059	452	452	13	altro:	altro	_	_	_	_	_	linguistic	_	none	_	End=1091.67	4x1	_	_	_
453-0	PST059	453	453	0	un'	un'	_	_	_	_	_	linguistic	_	none	SpaceAfter=No	Begin=1091.99	_	_	_	_
453-1	PST059	453	453	1	altra	altra	_	_	_	_	_	linguistic	_	none	_	_	_	_	_	_
453-2	PST059	453	453	2	associazione	associazione	_	_	_	_	_	linguistic	_	none	_	End=1093.44	_	_	_	_
454-0	PST212	454	454	0	okay	okay	_	_	_	_	_	linguistic	_	none	_	Begin=1093.44|End=1094.213	_	_	_	_
455-0	PST059	455	455	0	che:	che	_	_	_	_	_	linguistic	_	none	_	Begin=1094.61	2x1	_	_	_
455-1	PST059	455	455	1	sono	sono	_	_	_	_	_	linguistic	_	none	_	_	_	_	_	_
455-2	PST059	455	455	2	stati	stati	_	_	_	_	_	linguistic	_	none	_	_	_	_	_	_
455-3	PST059	455	455	3	lì	lì	_	_	_	_	_	linguistic	_	none	_	End=1096.25	_	_	_	_
456-0	PST059	456	456	0	per	per	_	_	_	_	_	linguistic	_	none	_	Begin=1096.76	_	_	_	_
456-1	PST059	456	456	1	due	due	_	_	_	_	_	linguistic	_	none	_	_	_	_	_	_
456-2	PST059	456	456	2	tra	tra	_	_	_	_	_	linguistic	_	none	_	_	_	_	_	_
456-3	PST059	456	456	3	anni	anni	_	_	_	_	_	linguistic	_	none	_	_	_	_	_	_
456-4	PST059	456	456	4	penso	penso	_	_	_	_	_	linguistic	_	none	_	End=1098.54	_	_	_	_
457-0	PST059	457	457	0	e:h	eh	_	_	_	_	_	linguistic	_	none	_	Begin=1099.437	0x1	_	_	_
457-1	PST059	457	457	1	non	non	_	_	_	_	_	linguistic	_	none	_	_	_	_	_	_
457-2	PST059	457	457	2	hanno	hanno	_	_	_	_	_	linguistic	_	none	_	_	_	_	_	_
457-3	PST059	457	457	3	fatto	fatto	_	_	_	_	_	linguistic	_	none	_	_	_	_	_	_
457-4	PST059	457	457	4	niente	niente	_	_	_	_	_	linguistic	_	none	_	_	_	_	_	_
457-5	PST059	457	457	5	infatti	infatti	_	_	_	_	_	linguistic	_	none	_	_	_	_	_	_
457-6	PST059	457	457	6	il	il	_	_	_	_	_	linguistic	_	none	_	_	_	_	_	_
457-7	PST059	457	457	7	piccolino	piccolino	_	_	_	_	_	linguistic	_	none	_	_	_	_	_	_
457-8	PST059	457	457	8	e:ra	era	_	_	_	_	_	linguistic	_	none	_	_	0x1	_	_	_
457-9	PST059	457	457	9	piccolo	piccolo	_	_	_	_	_	linguistic	_	none	_	_	_	_	_	_
457-10	PST059	457	457	10	quattro	quattro	_	_	_	_	_	linguistic	_	none	_	_	_	_	_	_
457-11	PST059	457	457	11	anni	anni	_	_	_	_	_	linguistic	_	none	_	_	_	_	_	_
457-12	PST059	457	457	12	che	che	_	_	_	_	_	linguistic	_	none	_	_	_	_	_	_
457-13	PST059	457	457	13	l'	l'	_	_	_	_	_	linguistic	_	none	SpaceAfter=No	_	_	_	_	_
457-14	PST059	457	457	14	ho	ho	_	_	_	_	_	linguistic	_	none	_	_	_	_	_	_
457-15	PST059	457	457	15	portato	portato	_	_	_	_	_	linguistic	_	none	_	_	_	_	_	_
457-16	PST059	457	457	16	lì:	lì	_	_	_	_	_	linguistic	_	none	_	End=1104.454	1x1	_	_	_
458-0	PST059	458	458	0	e:h	eh	_	_	_	_	_	linguistic	_	none	_	Begin=1105.53	0x1	_	_	_
458-1	PST059	458	458	1	piangeva	piangeva	_	_	_	_	_	linguistic	_	none	_	_	_	_	_	_
458-2	PST059	458	458	2	non	non	_	_	_	_	_	linguistic	_	none	_	_	_	_	_	_
458-3	PST059	458	458	3	voglio	voglio	_	_	_	_	_	linguistic	_	none	_	_	_	_	_	_
458-4	PST059	458	458	4	più	più	_	_	_	_	_	linguistic	_	none	_	_	_	_	_	_
458-5	PST059	458	458	5	andare	andare	_	_	_	_	_	linguistic	_	none	_	_	_	_	_	_
458-6	PST059	458	458	6	non	non	_	_	_	_	_	linguistic	_	none	_	_	_	_	_	_
458-7	PST059	458	458	7	voglio	voglio	_	_	_	_	_	linguistic	_	none	_	_	_	_	_	_
458-8	PST059	458	458	8	più	più	_	_	_	_	_	linguistic	_	none	_	_	_	_	_	_
458-9	PST059	458	458	9	andare	andare	_	_	_	_	_	linguistic	_	none	_	_	_	_	_	_
458-10	PST059	458	458	10	basta	basta	_	_	_	_	_	linguistic	_	none	_	_	_	_	_	_
458-11	PST059	458	458	11	perché	perché	_	_	_	_	_	linguistic	_	none	_	_	_	_	_	_
458-12	PST059	458	458	12	non	non	_	_	_	_	_	linguistic	_	none	_	_	_	_	_	_
458-13	PST059	458	458	13	facevano	facevano	_	_	_	_	_	linguistic	_	none	_	_	_	_	_	_
458-14	PST059	458	458	14	niente	niente	_	_	_	_	_	linguistic	_	none	_	_	_	_	_	_
458-15	PST059	458	458	15	né	né	_	_	_	_	_	linguistic	_	none	_	_	_	_	_	_
458-16	PST059	458	458	16	ballare	ballare	_	_	_	_	_	linguistic	_	none	_	_	_	_	_	_
458-17	PST059	458	458	17	né::	né	_	_	_	_	_	linguistic	_	none	_	_	1x2	_	_	_
458-18	PST059	458	458	18	stavano	stavano	_	_	_	_	_	linguistic	_	none	_	_	_	_	_	_
458-19	PST059	458	458	19	solo	solo	_	_	_	_	_	linguistic	_	none	_	_	_	_	_	_
458-20	PST059	458	458	20	a	a	_	_	_	_	_	linguistic	_	none	_	_	_	_	_	_
458-21	PST059	458	458	21	prenderli	prenderli	_	_	_	_	_	linguistic	_	none	_	_	_	_	_	_
458-22	PST059	458	458	22	in	in	_	_	_	_	_	linguistic	_	none	_	_	_	_	_	_
458-23	PST059	458	458	23	giro	giro	_	_	_	_	_	linguistic	_	none	_	_	_	_	_	_
458-24	PST059	458	458	24	e:	e	_	_	_	_	_	linguistic	_	none	_	End=1113.96	0x1	_	_	_
459-0	PST059	459	459	0	e	e	_	_	_	_	_	linguistic	_	none	_	Begin=1114.74	_	_	_	_
459-1	PST059	459	459	1	infatti	infatti	_	_	_	_	_	linguistic	_	none	_	_	_	_	_	_
459-2	PST059	459	459	2	l'	l'	_	_	_	_	_	linguistic	_	none	SpaceAfter=No	_	_	_	_	_
459-3	PST059	459	459	3	ho	ho	_	_	_	_	_	linguistic	_	none	_	_	_	_	_	_
459-4	PST059	459	459	4	detto	detto	_	_	_	_	_	linguistic	_	none	_	_	_	_	_	_
459-5	PST059	459	459	5	al:	al	_	_	_	_	_	linguistic	_	none	_	_	1x1	_	_	_
459-6	PST059	459	459	6	a	a	_	_	_	_	_	linguistic	_	none	_	_	_	_	_	_
459-7	PST059	459	459	7	@ivan	@ivan	_	_	_	_	_	anonymized	_	none	_	_	_	_	_	_
459-8	PST059	459	459	8	perché	perché	_	_	_	_	_	linguistic	_	none	_	_	_	_	_	_
459-9	PST059	459	459	9	@ivan	@ivan	_	_	_	_	_	anonymized	_	none	_	_	_	_	_	_
459-10	PST059	459	459	10	si	si	_	_	_	_	_	linguistic	_	none	_	_	_	_	_	_
459-11	PST059	459	459	11	chiama	chiama	_	_	_	_	_	linguistic	_	none	_	End=1117.58	_	_	_	_
460-0	PST059	460	460	0	io	io	_	_	_	_	_	linguistic	_	none	_	Begin=1117.58	_	_	_	_
460-1	PST059	460	460	1	per	per	_	_	_	_	_	linguistic	_	none	_	_	_	_	_	_
460-2	PST059	460	460	2	pagarli	pagarli	_	_	_	_	_	linguistic	_	none	_	_	_	_	_	_
460-3	PST059	460	460	3	che:	che	_	_	_	_	_	linguistic	_	none	_	_	2x1	_	_	_
460-4	PST059	460	460	4	fanno	fanno	_	_	_	_	_	linguistic	_	none	_	_	_	_	_	_
460-5	PST059	460	460	5	il	il	_	_	_	_	_	linguistic	_	none	_	_	_	_	_	_
460-6	PST059	460	460	6	girotondo	girotondo	_	_	_	_	_	linguistic	_	none	_	End=1120.26	_	_	_	_
461-0	PST059	461	461	0	mi	mi	_	_	_	_	_	linguistic	_	none	_	Begin=1120.48	_	_	_	_
461-1	PST059	461	461	1	spiace	spiace	_	_	_	_	_	linguistic	_	none	_	_	_	_	_	_
461-2	PST059	461	461	2	[fanno	fanno	_	_	_	_	_	linguistic	_	none	_	_	_	_	_	0-5(118)
461-3	PST059	461	461	3	il	il	_	_	_	_	_	linguistic	_	none	_	_	_	_	_	0-2(118)
461-4	PST059	461	461	4	giro]tondo	girotondo	_	_	_	_	_	linguistic	_	none	_	_	_	_	_	0-4(118)
461-5	PST059	461	461	5	a	a	_	_	_	_	_	linguistic	_	none	_	_	_	_	_	_
461-6	PST059	461	461	6	casa	casa	_	_	_	_	_	linguistic	_	none	_	_	_	_	_	_
461-7	PST059	461	461	7	[si	si	_	_	_	_	_	linguistic	_	none	_	_	_	_	_	0-2(119)
461-8	PST059	461	461	8	mettono	mettono	_	_	_	_	_	linguistic	_	none	_	_	_	_	_	0-7(119)
461-9	PST059	461	461	9	in	in	_	_	_	_	_	linguistic	_	none	_	_	_	_	_	0-2(119)
461-10	PST059	461	461	10	due	due	_	_	_	_	_	linguistic	_	none	_	_	_	_	_	0-3(119)
461-11	PST059	461	461	11	e:	e	_	_	_	_	_	linguistic	_	none	_	_	0x1	_	_	0-1(119)
461-12	PST059	461	461	12	bas]ta	basta	_	_	_	_	_	linguistic	_	none	_	End=1124.05	_	_	_	0-3(119)
462-0	PST212	462	462	0	[sì]	sì	_	_	_	_	_	linguistic	_	none	_	Begin=1121.09|End=1121.57	_	_	_	0-2(118)
463-0	PST212	463	463	0	[lo	lo	_	_	_	_	_	linguistic	_	none	_	Begin=1122.23	_	_	_	0-2(119)
463-1	PST212	463	463	1	fanno	fanno	_	_	_	_	_	linguistic	_	none	_	_	_	_	_	0-5(119)
463-2	PST212	463	463	2	okay	okay	_	_	_	_	_	linguistic	_	none	_	_	_	_	_	0-4(119)
463-3	PST212	463	463	3	sì]	sì	_	_	_	_	_	linguistic	_	none	_	_	_	_	_	0-2(119)
463-4	PST212	463	463	4	((ridendo))	((ridendo))	_	_	_	_	_	nonverbalbehavior	_	none	_	End=1123.951	_	_	_	_
464-0	PST059	464	464	0	e	e	_	_	_	_	_	linguistic	_	none	_	Begin=1124.29	_	_	_	_
464-1	PST059	464	464	1	lui	lui	_	_	_	_	_	linguistic	_	none	_	_	_	_	_	_
464-2	PST059	464	464	2	mi	mi	_	_	_	_	_	linguistic	_	none	_	_	_	_	_	_
464-3	PST059	464	464	3	dice	dice	_	_	_	_	_	linguistic	_	none	_	_	_	_	_	_
464-4	PST059	464	464	4	a:h	ah	_	_	_	_	_	linguistic	_	none	_	_	0x1	_	_	_
464-5	PST059	464	464	5	ma	ma	_	_	_	_	_	linguistic	_	none	_	_	_	_	_	_
464-6	PST059	464	464	6	noi	noi	_	_	_	_	_	linguistic	_	none	_	_	_	_	_	_
464-7	PST059	464	464	7	gli	gli	_	_	_	_	_	linguistic	_	none	_	_	_	_	_	_
464-8	PST059	464	464	8	insegnamo	insegnamo	_	_	_	_	_	linguistic	_	none	_	_	_	_	_	_
464-9	PST059	464	464	9	il	il	_	_	_	_	_	linguistic	_	none	_	_	_	_	_	_
464-10	PST059	464	464	10	rumeno	rumeno	_	_	_	_	_	linguistic	_	none	_	_	_	_	_	_
464-11	PST059	464	464	11	io	io	_	_	_	_	_	linguistic	_	none	_	_	_	_	_	_
464-12	PST059	464	464	12	dico	dico	_	_	_	_	_	linguistic	_	none	_	_	_	_	_	_
464-13	PST059	464	464	13	senti	senti	_	_	_	_	_	linguistic	_	none	_	_	_	_	_	_
464-14	PST059	464	464	14	tu	tu	_	_	_	_	_	linguistic	_	none	_	_	_	_	_	_
464-15	PST059	464	464	15	sei	sei	_	_	_	_	_	linguistic	_	none	_	_	_	_	_	_
464-16	PST059	464	464	16	moldavo	moldavo	_	_	_	_	_	linguistic	_	none	_	_	_	_	_	_
464-17	PST059	464	464	17	prima	prima	_	_	_	_	_	linguistic	_	none	_	_	_	_	_	_
464-18	PST059	464	464	18	di	di	_	_	_	_	_	linguistic	_	none	_	_	_	_	_	_
464-19	PST059	464	464	19	tutto	tutto	_	_	_	_	_	linguistic	_	none	_	End=1128.653	_	_	_	_
465-0	PST059	465	465	0	rumeno	rumeno	_	_	_	_	_	linguistic	_	none	_	Begin=1128.836	_	_	_	_
465-1	PST059	465	465	1	fai	fai	_	_	_	_	_	linguistic	_	none	_	_	_	_	_	_
465-2	PST059	465	465	2	fatica	fatica	_	_	_	_	_	linguistic	_	none	_	_	_	_	_	_
465-3	PST059	465	465	3	a	a	_	_	_	_	_	linguistic	_	none	_	_	_	_	_	_
465-4	PST059	465	465	4	parlarlo	parlarlo	_	_	_	_	_	linguistic	_	none	_	_	_	_	_	_
465-5	PST059	465	465	5	tu	tu	_	_	_	_	_	linguistic	_	none	_	_	_	_	_	_
465-6	PST059	465	465	6	eh	eh	_	_	_	_	_	linguistic	_	none	_	_	_	_	_	_
465-7	PST059	465	465	7	quello	quello	_	_	_	_	_	linguistic	_	none	_	_	_	_	_	_
465-8	PST059	465	465	8	ci	ci	_	_	_	_	_	linguistic	_	none	_	_	_	_	_	_
465-9	PST059	465	465	9	penso	penso	_	_	_	_	_	linguistic	_	none	_	_	_	_	_	_
465-10	PST059	465	465	10	io	io	_	_	_	_	_	linguistic	_	none	_	_	_	_	_	_
465-11	PST059	465	465	11	a	a	_	_	_	_	_	linguistic	_	none	_	_	_	_	_	_
465-12	PST059	465	465	12	insegnare	insegnare	_	_	_	_	_	linguistic	_	none	_	_	_	_	_	_
465-13	PST059	465	465	13	ai	ai	_	_	_	_	_	linguistic	_	none	_	_	_	_	_	_
465-14	PST059	465	465	14	miei	miei	_	_	_	_	_	linguistic	_	none	_	_	_	_	_	_
465-15	PST059	465	465	15	figli	figli	_	_	_	_	_	linguistic	_	none	_	_	_	_	_	_
465-16	PST059	465	465	16	a	a	_	_	_	_	_	linguistic	_	none	_	_	_	_	_	_
465-17	PST059	465	465	17	casa	casa	_	_	_	_	_	linguistic	_	none	_	_	_	_	_	_
465-18	PST059	465	465	18	non	non	_	_	_	_	_	linguistic	_	none	_	_	_	_	_	_
465-19	PST059	465	465	19	li	li	_	_	_	_	_	linguistic	_	none	_	_	_	_	_	_
465-20	PST059	465	465	20	porto	porto	_	_	_	_	_	linguistic	_	none	_	_	_	_	_	_
465-21	PST059	465	465	21	da	da	_	_	_	_	_	linguistic	_	none	_	_	_	_	_	_
465-22	PST059	465	465	22	te	te	_	_	_	_	_	linguistic	_	none	_	_	_	_	_	_
465-23	PST059	465	465	23	che	che	_	_	_	_	_	linguistic	_	none	_	End=1134.38	_	_	_	_
466-0	PST059	466	466	0	così:	così	_	_	_	_	_	linguistic	_	none	_	Begin=1135.079	3x1	_	_	_
466-1	PST059	466	466	1	quando:	quando	_	_	_	_	_	linguistic	_	none	_	_	5x1	_	_	_
466-2	PST059	466	466	2	sapevo	sapevo	_	_	_	_	_	linguistic	_	none	_	_	_	_	_	_
466-3	PST059	466	466	3	di	di	_	_	_	_	_	linguistic	_	none	_	_	_	_	_	_
466-4	PST059	466	466	4	qua:	qua	_	_	_	_	_	linguistic	_	none	_	_	2x1	_	_	_
466-5	PST059	466	466	5	li	li	_	_	_	_	_	linguistic	_	none	_	_	_	_	_	_
466-6	PST059	466	466	6	ho	ho	_	_	_	_	_	linguistic	_	none	_	_	_	_	_	_
466-7	PST059	466	466	7	portati	portati	_	_	_	_	_	linguistic	_	none	_	_	_	_	_	_
466-8	PST059	466	466	8	mio	mio	_	_	_	_	_	linguistic	_	none	_	_	_	_	_	_
466-9	PST059	466	466	9	figlio	figlio	_	_	_	_	_	linguistic	_	none	_	_	_	_	_	_
466-10	PST059	466	466	10	l'	l'	_	_	_	_	_	linguistic	_	none	SpaceAfter=No	_	_	_	_	_
466-11	PST059	466	466	11	ho	ho	_	_	_	_	_	linguistic	_	none	_	_	_	_	_	_
466-12	PST059	466	466	12	portato	portato	_	_	_	_	_	linguistic	_	none	_	_	_	_	_	_
466-13	PST059	466	466	13	piangeva	piangeva	_	_	_	_	_	linguistic	_	none	_	End=1140.081	_	_	_	_
467-0	PST059	467	467	0	ma	ma	_	_	_	_	_	linguistic	_	none	_	Begin=1140.155	_	_	_	_
467-1	PST059	467	467	1	urlava	urlava	_	_	_	_	_	linguistic	_	none	_	_	_	_	_	_
467-2	PST059	467	467	2	come	come	_	_	_	_	_	linguistic	_	none	_	_	_	_	_	_
467-3	PST059	467	467	3	un	un	_	_	_	_	_	linguistic	_	none	_	_	_	_	_	_
467-4	PST059	467	467	4	disperato	disperato	_	_	_	_	_	linguistic	_	none	_	_	_	_	_	_
467-5	PST059	467	467	5	sul	sul	_	_	_	_	_	linguistic	_	none	_	_	_	_	_	_
467-6	PST059	467	467	6	pullman	pullman	_	_	_	_	_	linguistic	_	none	_	End=1142.57	_	_	_	_
468-0	PST059	468	468	0	no:	no	_	_	_	_	_	linguistic	_	none	_	Begin=1142.57	1x1	_	_	_
468-1	PST059	468	468	1	basta	basta	_	_	_	_	_	linguistic	_	none	_	_	_	_	_	_
468-2	PST059	468	468	2	io	io	_	_	_	_	_	linguistic	_	none	_	_	_	_	_	_
468-3	PST059	468	468	3	non	non	_	_	_	_	_	linguistic	_	none	_	_	_	_	_	_
468-4	PST059	468	468	4	voglio	voglio	_	_	_	_	_	linguistic	_	none	_	_	_	_	_	_
468-5	PST059	468	468	5	più	più	_	_	_	_	_	linguistic	_	none	_	_	_	_	_	_
468-6	PST059	468	468	6	andare	andare	_	_	_	_	_	linguistic	_	none	_	End=1144.764	_	_	_	_
469-0	PST212	469	469	0	((ride))	((ride))	_	_	_	_	_	nonverbalbehavior	_	none	_	Begin=1144.764|End=1145.39	_	_	_	_
470-0	PST059	470	470	0	quando	quando	_	_	_	_	_	linguistic	_	none	_	Begin=1145.39	_	_	_	_
470-1	PST059	470	470	1	è	è	_	_	_	_	_	linguistic	_	none	_	_	_	_	_	_
470-2	PST059	470	470	2	entrato	entrato	_	_	_	_	_	linguistic	_	none	_	_	_	_	_	_
470-3	PST059	470	470	3	dentro	dentro	_	_	_	_	_	linguistic	_	none	_	_	_	_	_	_
470-4	PST059	470	470	4	e	e	_	_	_	_	_	linguistic	_	none	_	_	_	_	_	_
470-5	PST059	470	470	5	è	è	_	_	_	_	_	linguistic	_	none	_	_	_	_	_	_
470-6	PST059	470	470	6	uscito	uscito	_	_	_	_	_	linguistic	_	none	_	_	_	_	_	_
470-7	PST059	470	470	7	fuori	fuori	_	_	_	_	_	linguistic	_	none	_	_	_	_	_	_
470-8	PST059	470	470	8	mi	mi	_	_	_	_	_	linguistic	_	none	_	_	_	_	_	_
470-9	PST059	470	470	9	ha	ha	_	_	_	_	_	linguistic	_	none	_	_	_	_	_	_
470-10	PST059	470	470	10	detto	detto	_	_	_	_	_	linguistic	_	none	_	End=1148.092	_	_	_	_
471-0	PST059	471	471	0	ma	ma	_	_	_	_	_	linguistic	_	none	_	Begin=1148.31	_	_	_	_
471-1	PST059	471	471	1	torniamo	torniamo	_	_	_	_	_	linguistic	_	none	_	_	_	_	_	_
471-2	PST059	471	471	2	anche	anche	_	_	_	_	_	linguistic	_	none	_	_	_	_	_	_
471-3	PST059	471	471	3	domani	domani	_	_	_	_	_	linguistic	_	none	_	_	_	_	_	_
471-4	PST059	471	471	4	((ride))	((ride))	_	_	_	_	_	nonverbalbehavior	_	none	_	_	_	_	_	_
471-5	PST059	471	471	5	[e	e	_	_	_	_	_	linguistic	_	none	_	_	_	_	_	0-1(?)
471-6	PST059	471	471	6	da	da	_	_	_	_	_	linguistic	_	none	_	_	_	_	_	0-2(?)
471-7	PST059	471	471	7	allo]ra	allora	_	_	_	_	_	linguistic	_	none	_	_	_	_	_	0-4(?)
471-8	PST059	471	471	8	boh	boh	_	_	_	_	_	linguistic	_	none	_	End=1151.19	_	_	_	_
472-0	PST212	472	472	0	((ride))	((ride))	_	_	_	_	_	nonverbalbehavior	_	none	_	Begin=1149.92|End=1150.66	_	_	_	_
473-0	PST212	473	473	0	quindi	quindi	_	_	_	_	_	linguistic	_	none	_	Begin=1151.775	_	_	_	_
473-1	PST212	473	473	1	fa	fa	_	_	_	_	_	linguistic	_	none	_	_	_	_	_	_
473-2	PST212	473	473	2	de:i	dei	_	_	_	_	_	linguistic	_	none	_	_	1x1	_	_	_
473-3	PST212	473	473	3	balli:	balli	_	_	_	_	_	linguistic	_	none	PauseAfter=Yes	_	4x1	_	_	_
473-4	PST212	473	473	4	(.)	(.)	_	_	_	_	_	shortpause	_	none	_	_	_	_	_	_
473-5	PST212	473	473	5	tradizionali	tradizionali	_	_	_	_	_	linguistic	_	none	_	_	_	_	_	_
473-6	PST212	473	473	6	no?	no	_	_	_	_	_	linguistic	_	none	Intonation=Rising	End=1154.75	_	_	_	_
474-0	PST059	474	474	0	sì	sì	_	_	_	_	_	linguistic	_	none	_	Begin=1154.764	_	_	_	_
474-1	PST059	474	474	1	sì	sì	_	_	_	_	_	linguistic	_	none	_	_	_	_	_	_
474-2	PST059	474	474	2	lui	lui	_	_	_	_	_	linguistic	_	none	_	_	_	_	_	_
474-3	PST059	474	474	3	sì	sì	_	_	_	_	_	linguistic	_	none	_	End=1155.934	_	_	_	_
475-0	PST212	475	475	0	e	e	_	_	_	_	_	linguistic	_	none	_	Begin=1156.63	_	_	_	_
475-1	PST212	475	475	1	pensi	pensi	_	_	_	_	_	linguistic	_	none	_	_	_	_	_	_
475-2	PST212	475	475	2	s~	s~	_	_	_	_	_	linguistic	_	none	Interrupted=Yes	_	_	_	_	_
475-3	PST212	475	475	3	comunuque	comunuque	_	_	_	_	_	linguistic	_	none	_	_	_	_	_	_
475-4	PST212	475	475	4	sia	sia	_	_	_	_	_	linguistic	_	none	_	_	_	_	_	_
475-5	PST212	475	475	5	importante:	importante	_	_	_	_	_	linguistic	_	none	_	_	9x1	_	_	_
475-6	PST212	475	475	6	mantenere:	mantenere	_	_	_	_	_	linguistic	_	none	_	_	8x1	_	_	_
475-7	PST212	475	475	7	comunque	comunque	_	_	_	_	_	linguistic	_	none	_	_	_	_	_	_
475-8	PST212	475	475	8	l:	l	_	_	_	_	_	linguistic	_	none	PauseAfter=Yes	_	0x1	_	_	_
475-9	PST212	475	475	9	(.)	(.)	_	_	_	_	_	shortpause	_	none	_	_	_	_	_	_
475-10	PST212	475	475	10	cioè:	cioè	_	_	_	_	_	linguistic	_	none	_	_	3x1	_	_	_
475-11	PST212	475	475	11	la:	la	_	_	_	_	_	linguistic	_	none	_	_	1x1	_	_	_
475-12	PST212	475	475	12	m:h	mh	_	_	_	_	_	linguistic	_	none	_	End=1163.08	0x1	_	_	_
476-0	PST059	476	476	0	secondo	secondo	_	_	_	_	_	linguistic	_	none	_	Begin=1163.28	_	_	_	_
476-1	PST059	476	476	1	me::	me	_	_	_	_	_	linguistic	_	none	_	_	1x2	_	_	_
476-2	PST059	476	476	2	sì	sì	_	_	_	_	_	linguistic	_	none	_	_	_	_	_	_
476-3	PST059	476	476	3	perché	perché	_	_	_	_	_	linguistic	_	none	_	_	_	_	_	_
476-4	PST059	476	476	4	loro	loro	_	_	_	_	_	linguistic	_	none	_	_	_	_	_	_
476-5	PST059	476	476	5	devono	devono	_	_	_	_	_	linguistic	_	none	_	_	_	_	_	_
476-6	PST059	476	476	6	sapere	sapere	_	_	_	_	_	linguistic	_	none	_	_	_	_	_	_
476-7	PST059	476	476	7	de	de	_	_	_	_	_	linguistic	_	none	_	_	_	_	_	_
476-8	PST059	476	476	8	dov~	dov~	_	_	_	_	_	linguistic	_	none	Interrupted=Yes	_	_	_	_	_
476-9	PST059	476	476	9	da	da	_	_	_	_	_	linguistic	_	none	_	_	_	_	_	_
476-10	PST059	476	476	10	dove	dove	_	_	_	_	_	linguistic	_	none	_	_	_	_	_	_
476-11	PST059	476	476	11	siamo	siamo	_	_	_	_	_	linguistic	_	none	_	_	_	_	_	_
476-12	PST059	476	476	12	partiti	partiti	_	_	_	_	_	linguistic	_	none	_	_	_	_	_	_
476-13	PST059	476	476	13	noi	noi	_	_	_	_	_	linguistic	_	none	_	_	_	_	_	_
476-14	PST059	476	476	14	non:	non	_	_	_	_	_	linguistic	_	none	_	End=1168.889	2x1	_	_	_
477-0	PST059	477	477	0	se	se	_	_	_	_	_	linguistic	_	none	_	Begin=1169.746	_	_	_	_
477-1	PST059	477	477	1	noi	noi	_	_	_	_	_	linguistic	_	none	_	_	_	_	_	_
477-2	PST059	477	477	2	non	non	_	_	_	_	_	linguistic	_	none	_	_	_	_	_	_
477-3	PST059	477	477	3	abbiamo	abbiamo	_	_	_	_	_	linguistic	_	none	_	_	_	_	_	_
477-4	PST059	477	477	4	avuto	avuto	_	_	_	_	_	linguistic	_	none	_	_	_	_	_	_
477-5	PST059	477	477	5	l'	l'	_	_	_	_	_	linguistic	_	none	SpaceAfter=No	_	_	_	_	_
477-6	PST059	477	477	6	occasione	occasione	_	_	_	_	_	linguistic	_	none	_	_	_	_	_	_
477-7	PST059	477	477	7	di	di	_	_	_	_	_	linguistic	_	none	_	_	_	_	_	_
477-8	PST059	477	477	8	fare	fare	_	_	_	_	_	linguistic	_	none	_	_	_	_	_	_
477-9	PST059	477	477	9	tutto	tutto	_	_	_	_	_	linguistic	_	none	_	_	_	_	_	_
477-10	PST059	477	477	10	questo	questo	_	_	_	_	_	linguistic	_	none	_	_	_	_	_	_
477-11	PST059	477	477	11	anche	anche	_	_	_	_	_	linguistic	_	none	_	_	_	_	_	_
477-12	PST059	477	477	12	il	il	_	_	_	_	_	linguistic	_	none	_	_	_	_	_	_
477-13	PST059	477	477	13	piacere	piacere	_	_	_	_	_	linguistic	_	none	_	_	_	_	_	_
477-14	PST059	477	477	14	nostro	nostro	_	_	_	_	_	linguistic	_	none	_	_	_	_	_	_
477-15	PST059	477	477	15	di	di	_	_	_	_	_	linguistic	_	none	_	_	_	_	_	_
477-16	PST059	477	477	16	vedere	vedere	_	_	_	_	_	linguistic	_	none	_	_	_	_	_	_
477-17	PST059	477	477	17	tranne	tranne	_	_	_	_	_	linguistic	_	none	_	_	_	_	_	_
477-18	PST059	477	477	18	lo:ro:	loro	_	_	_	_	_	linguistic	_	none	_	_	1x1,3x1	_	_	_
477-19	PST059	477	477	19	vediamo	vediamo	_	_	_	_	_	linguistic	_	none	_	_	_	_	_	_
477-20	PST059	477	477	20	anche	anche	_	_	_	_	_	linguistic	_	none	_	_	_	_	_	_
477-21	PST059	477	477	21	noi:	noi	_	_	_	_	_	linguistic	_	none	_	_	2x1	_	_	_
477-22	PST059	477	477	22	i	i	_	_	_	_	_	linguistic	_	none	_	_	_	_	_	_
477-23	PST059	477	477	23	nostri:	nostri	_	_	_	_	_	linguistic	_	none	_	End=1177.497	5x1	_	_	_
478-0	PST212	478	478	0	eh	eh	_	_	_	_	_	linguistic	_	none	_	Begin=1177.497	_	_	_	_
478-1	PST212	478	478	1	sì	sì	_	_	_	_	_	linguistic	_	none	_	End=1178.268	_	_	_	_
479-0	PST059	479	479	0	perché	perché	_	_	_	_	_	linguistic	_	none	_	Begin=1178.268|End=1179.036	_	_	_	_
480-0	PST059	480	480	0	io	io	_	_	_	_	_	linguistic	_	none	_	Begin=1179.067	_	_	_	_
480-1	PST059	480	480	1	son	son	_	_	_	_	_	linguistic	_	none	_	_	_	_	_	_
480-2	PST059	480	480	2	partita	partita	_	_	_	_	_	linguistic	_	none	_	_	_	_	_	_
480-3	PST059	480	480	3	avevo	avevo	_	_	_	_	_	linguistic	_	none	_	_	_	_	_	_
480-4	PST059	480	480	4	diciott'	diciott'	_	_	_	_	_	linguistic	_	none	SpaceAfter=No	_	_	_	_	_
480-5	PST059	480	480	5	anni	anni	_	_	_	_	_	linguistic	_	none	_	_	_	_	_	_
480-6	PST059	480	480	6	gli	gli	_	_	_	_	_	linguistic	_	none	_	_	_	_	_	_
480-7	PST059	480	480	7	ho	ho	_	_	_	_	_	linguistic	_	none	_	_	_	_	_	_
480-8	PST059	480	480	8	fatti	fatti	_	_	_	_	_	linguistic	_	none	_	_	_	_	_	_
480-9	PST059	480	480	9	e	e	_	_	_	_	_	linguistic	_	none	_	_	_	_	_	_
480-10	PST059	480	480	10	sono	sono	_	_	_	_	_	linguistic	_	none	_	_	_	_	_	_
480-11	PST059	480	480	11	andata	andata	_	_	_	_	_	linguistic	_	none	_	_	_	_	_	_
480-12	PST059	480	480	12	via:	via	_	_	_	_	_	linguistic	_	none	_	_	2x1	_	_	_
480-13	PST059	480	480	13	non	non	_	_	_	_	_	linguistic	_	none	_	_	_	_	_	_
480-14	PST059	480	480	14	è	è	_	_	_	_	_	linguistic	_	none	_	_	_	_	_	_
480-15	PST059	480	480	15	che:	che	_	_	_	_	_	linguistic	_	none	_	_	2x1	_	_	_
480-16	PST059	480	480	16	uscita	uscita	_	_	_	_	_	linguistic	_	none	_	_	_	_	_	_
480-17	PST059	480	480	17	da	da	_	_	_	_	_	linguistic	_	none	_	_	_	_	_	_
480-18	PST059	480	480	18	scuola	scuola	_	_	_	_	_	linguistic	_	none	_	_	_	_	_	_
480-19	PST059	480	480	19	non	non	_	_	_	_	_	linguistic	_	none	_	_	_	_	_	_
480-20	PST059	480	480	20	è	è	_	_	_	_	_	linguistic	_	none	_	_	_	_	_	_
480-21	PST059	480	480	21	che	che	_	_	_	_	_	linguistic	_	none	_	_	_	_	_	_
480-22	PST059	480	480	22	ho	ho	_	_	_	_	_	linguistic	_	none	_	_	_	_	_	_
480-23	PST059	480	480	23	avuto	avuto	_	_	_	_	_	linguistic	_	none	_	_	_	_	_	_
480-24	PST059	480	480	24	tante:	tante	_	_	_	_	_	linguistic	_	none	_	_	4x1	_	_	_
480-25	PST059	480	480	25	poi	poi	_	_	_	_	_	linguistic	_	none	_	_	_	_	_	_
480-26	PST059	480	480	26	una	una	_	_	_	_	_	linguistic	_	none	_	_	_	_	_	_
480-27	PST059	480	480	27	volta	volta	_	_	_	_	_	linguistic	_	none	_	_	_	_	_	_
480-28	PST059	480	480	28	non	non	_	_	_	_	_	linguistic	_	none	_	_	_	_	_	_
480-29	PST059	480	480	29	è	è	_	_	_	_	_	linguistic	_	none	_	_	_	_	_	_
480-30	PST059	480	480	30	che	che	_	_	_	_	_	linguistic	_	none	_	_	_	_	_	_
480-31	PST059	480	480	31	ti	ti	_	_	_	_	_	linguistic	_	none	_	_	_	_	_	_
480-32	PST059	480	480	32	facevano	facevano	_	_	_	_	_	linguistic	_	none	_	_	_	_	_	_
480-33	PST059	480	480	33	uscire	uscire	_	_	_	_	_	linguistic	_	none	_	_	_	_	_	_
480-34	PST059	480	480	34	di	di	_	_	_	_	_	linguistic	_	none	_	_	_	_	_	_
480-35	PST059	480	480	35	casa	casa	_	_	_	_	_	linguistic	_	none	PauseAfter=Yes	_	_	_	_	_
480-36	PST059	480	480	36	(.)	(.)	_	_	_	_	_	shortpause	_	none	_	_	_	_	_	_
480-37	PST059	480	480	37	stavi	stavi	_	_	_	_	_	linguistic	_	none	_	_	_	_	_	_
480-38	PST059	480	480	38	a	a	_	_	_	_	_	linguistic	_	none	_	_	_	_	_	_
480-39	PST059	480	480	39	casa	casa	_	_	_	_	_	linguistic	_	none	_	_	_	_	_	_
480-40	PST059	480	480	40	non	non	_	_	_	_	_	linguistic	_	none	_	_	_	_	_	_
480-41	PST059	480	480	41	è	è	_	_	_	_	_	linguistic	_	none	_	_	_	_	_	_
480-42	PST059	480	480	42	che	che	_	_	_	_	_	linguistic	_	none	_	End=1189.538	_	_	_	_
481-0	PST059	481	481	0	andavi	andavi	_	_	_	_	_	linguistic	_	none	_	Begin=1189.96	_	_	_	_
481-1	PST059	481	481	1	in	in	_	_	_	_	_	linguistic	_	none	_	_	_	_	_	_
481-2	PST059	481	481	2	giro	giro	_	_	_	_	_	linguistic	_	none	_	_	_	_	_	_
481-3	PST059	481	481	3	come	come	_	_	_	_	_	linguistic	_	none	_	_	_	_	_	_
481-4	PST059	481	481	4	vanno	vanno	_	_	_	_	_	linguistic	_	none	_	_	_	_	_	_
481-5	PST059	481	481	5	loro	loro	_	_	_	_	_	linguistic	_	none	_	_	_	_	_	_
481-6	PST059	481	481	6	ades[so:]	adesso	_	_	_	_	_	linguistic	_	none	_	End=1192.22	5x1	_	_	4-6(120)
482-0	PST212	482	482	0	[sì	sì	_	_	_	_	_	linguistic	_	none	_	Begin=1191.76	_	_	_	0-2(120)
482-1	PST212	482	482	1	sì]	sì	_	_	_	_	_	linguistic	_	none	_	_	_	_	_	0-2(120)
482-2	PST212	482	482	2	sì:	sì	_	_	_	_	_	linguistic	_	none	_	End=1192.635	1x1	_	_	_
483-0	PST059	483	483	0	quindi:	quindi	_	_	_	_	_	linguistic	_	none	_	Begin=1194.347|End=1195.278	5x1	_	_	_
484-0	PST059	484	484	0	almeno:	almeno	_	_	_	_	_	linguistic	_	none	_	Begin=1195.44	5x1	_	_	_
484-1	PST059	484	484	1	così	così	_	_	_	_	_	linguistic	_	none	_	_	_	_	_	_
484-2	PST059	484	484	2	tranne	tranne	_	_	_	_	_	linguistic	_	none	_	_	_	_	_	_
484-3	PST059	484	484	3	loro	loro	_	_	_	_	_	linguistic	_	none	_	_	_	_	_	_
484-4	PST059	484	484	4	vediamo	vediamo	_	_	_	_	_	linguistic	_	none	_	_	_	_	_	_
484-5	PST059	484	484	5	anche	anche	_	_	_	_	_	linguistic	_	none	_	_	_	_	_	_
484-6	PST059	484	484	6	noi	noi	_	_	_	_	_	linguistic	_	none	_	_	_	_	_	_
484-7	PST059	484	484	7	un	un	_	_	_	_	_	linguistic	_	none	_	_	_	_	_	_
484-8	PST059	484	484	8	po':	po'	_	_	_	_	_	linguistic	_	none	_	_	1x1	_	_	_
484-9	PST059	484	484	9	però	però	_	_	_	_	_	linguistic	_	none	_	_	_	_	_	_
484-10	PST059	484	484	10	è	è	_	_	_	_	_	linguistic	_	none	_	_	_	_	_	_
484-11	PST059	484	484	11	bello	bello	_	_	_	_	_	linguistic	_	none	_	End=1199.42	_	_	_	_
485-0	PST059	485	485	0	finché	finché	_	_	_	_	_	linguistic	_	none	_	Begin=1199.65	_	_	_	_
485-1	PST059	485	485	1	loro	loro	_	_	_	_	_	linguistic	_	none	_	_	_	_	_	_
485-2	PST059	485	485	2	piacciono:	piacciono	_	_	_	_	_	linguistic	_	none	_	End=1201.05	8x1	_	_	_
486-0	PST212	486	486	0	[eh	eh	_	_	_	_	_	linguistic	_	none	_	Begin=1202.23	_	_	_	0-2(121)
486-1	PST212	486	486	1	sì	sì	_	_	_	_	_	linguistic	_	none	_	_	_	_	_	0-2(121)
486-2	PST212	486	486	2	è	è	_	_	_	_	_	linguistic	_	none	_	_	_	_	_	0-1(121)
486-3	PST212	486	486	3	(molto)	molto	_	_	_	_	_	linguistic	_	none	_	_	_	_	0-5(0)	0-5(121)
486-4	PST212	486	486	4	be:llo	bello	_	_	_	_	_	linguistic	_	none	_	_	1x1	_	_	0-5(121)
486-5	PST212	486	486	5	sì]	sì	_	_	_	_	_	linguistic	_	none	_	End=1204.12	_	_	_	0-2(121)
487-0	PST059	487	487	0	[poi	poi	_	_	_	_	_	linguistic	_	none	_	Begin=1202.24	_	_	_	0-3(121)
487-1	PST059	487	487	1	si	si	_	_	_	_	_	linguistic	_	none	_	_	_	_	_	0-2(121)
487-2	PST059	487	487	2	trovano	trovano	_	_	_	_	_	linguistic	_	none	_	_	_	_	_	0-7(121)
487-3	PST059	487	487	3	bene	bene	_	_	_	_	_	linguistic	_	none	_	_	_	_	_	0-4(121)
487-4	PST059	487	487	4	se	se	_	_	_	_	_	linguistic	_	none	_	_	_	_	_	0-2(121)
487-5	PST059	487	487	5	non	non	_	_	_	_	_	linguistic	_	none	_	_	_	_	_	0-3(121)
487-6	PST059	487	487	6	si	si	_	_	_	_	_	linguistic	_	none	_	_	_	_	_	0-2(121)
487-7	PST059	487	487	7	trova]vano	trovavano	_	_	_	_	_	linguistic	_	none	_	_	_	_	_	0-5(121)
487-8	PST059	487	487	8	bene	bene	_	_	_	_	_	linguistic	_	none	_	_	_	_	_	_
487-9	PST059	487	487	9	non	non	_	_	_	_	_	linguistic	_	none	_	_	_	_	_	_
487-10	PST059	487	487	10	stavano	stavano	_	_	_	_	_	linguistic	_	none	_	_	_	_	_	_
487-11	PST059	487	487	11	eh	eh	_	_	_	_	_	linguistic	_	none	_	End=1205.57	_	_	_	_
488-0	PST212	488	488	0	eh	eh	_	_	_	_	_	linguistic	_	none	_	Begin=1206.25	_	_	_	_
488-1	PST212	488	488	1	certo	certo	_	_	_	_	_	linguistic	_	none	_	_	_	_	_	_
488-2	PST212	488	488	2	sì	sì	_	_	_	_	_	linguistic	_	none	_	_	_	_	_	_
488-3	PST212	488	488	3	sì	sì	_	_	_	_	_	linguistic	_	none	_	End=1207.21	_	_	_	_
489-0	PST059	489	489	0	no	no	_	_	_	_	_	linguistic	_	none	_	Begin=1207.21	_	_	_	_
489-1	PST059	489	489	1	no	no	_	_	_	_	_	linguistic	_	none	_	End=1207.768	_	_	_	_
490-0	PST059	490	490	0	stamattina	stamattina	_	_	_	_	_	linguistic	_	none	_	Begin=1207.809	_	_	_	_
490-1	PST059	490	490	1	le	le	_	_	_	_	_	linguistic	_	none	_	_	_	_	_	_
490-2	PST059	490	490	2	ho	ho	_	_	_	_	_	linguistic	_	none	_	_	_	_	_	_
490-3	PST059	490	490	3	detto	detto	_	_	_	_	_	linguistic	_	none	_	_	_	_	_	_
490-4	PST059	490	490	4	state	state	_	_	_	_	_	linguistic	_	none	_	_	_	_	_	_
490-5	PST059	490	490	5	un	un	_	_	_	_	_	linguistic	_	none	_	_	_	_	_	_
490-6	PST059	490	490	6	giorno	giorno	_	_	_	_	_	linguistic	_	none	_	_	_	_	_	_
490-7	PST059	490	490	7	a	a	_	_	_	_	_	linguistic	_	none	_	_	_	_	_	_
490-8	PST059	490	490	8	ca:sa	casa	_	_	_	_	_	linguistic	_	none	_	_	1x1	_	_	_
490-9	PST059	490	490	9	no	no	_	_	_	_	_	linguistic	_	none	_	_	_	_	_	_
490-10	PST059	490	490	10	l'	l'	_	_	_	_	_	linguistic	_	none	SpaceAfter=No	_	_	_	_	_
490-11	PST059	490	490	11	altro	altro	_	_	_	_	_	linguistic	_	none	_	_	_	_	_	_
490-12	PST059	490	490	12	è	è	_	_	_	_	_	linguistic	_	none	_	_	_	_	_	_
490-13	PST059	490	490	13	al	al	_	_	_	_	_	linguistic	_	none	_	_	_	_	_	_
490-14	PST059	490	490	14	centro	centro	_	_	_	_	_	linguistic	_	none	_	_	_	_	_	_
490-15	PST059	490	490	15	perché	perché	_	_	_	_	_	linguistic	_	none	_	_	_	_	_	_
490-16	PST059	490	490	16	fa	fa	_	_	_	_	_	linguistic	_	none	_	_	_	_	_	_
490-17	PST059	490	490	17	l'	l'	_	_	_	_	_	linguistic	_	none	SpaceAfter=No	_	_	_	_	_
490-18	PST059	490	490	18	orchestra	orchestra	_	_	_	_	_	linguistic	_	none	_	_	_	_	_	_
490-19	PST059	490	490	19	con	con	_	_	_	_	_	linguistic	_	none	_	_	_	_	_	_
490-20	PST059	490	490	20	i	i	_	_	_	_	_	linguistic	_	none	_	_	_	_	_	_
490-21	PST059	490	490	21	ra[gazzi]	ragazzi	_	_	_	_	_	linguistic	_	none	_	End=1213.035	_	_	_	0-6(122)
491-0	PST212	491	491	0	[a:h]	ah	_	_	_	_	_	linguistic	_	none	_	Begin=1212.53	0x1	_	_	0-2(122)
491-1	PST212	491	491	1	pure	pure	_	_	_	_	_	linguistic	_	none	_	End=1213.57	_	_	_	_
492-0	PST059	492	492	0	che	che	_	_	_	_	_	linguistic	_	none	_	Begin=1213.617	_	_	_	_
492-1	PST059	492	492	1	lui	lui	_	_	_	_	_	linguistic	_	none	_	_	_	_	_	_
492-2	PST059	492	492	2	eh	eh	_	_	_	_	_	linguistic	_	none	_	_	_	_	_	_
492-3	PST059	492	492	3	suona	suona	_	_	_	_	_	linguistic	_	none	_	_	_	_	_	_
492-4	PST059	492	492	4	la	la	_	_	_	_	_	linguistic	_	none	_	_	_	_	_	_
492-5	PST059	492	492	5	fisarmonica	fisarmonica	_	_	_	_	_	linguistic	_	none	_	_	_	_	_	_
492-6	PST059	492	492	6	[e	e	_	_	_	_	_	linguistic	_	none	_	_	_	_	_	0-1(123)
492-7	PST059	492	492	7	lei	lei	_	_	_	_	_	linguistic	_	none	_	_	_	_	_	0-3(123)
492-8	PST059	492	492	8	no:	no	_	_	_	_	_	linguistic	_	none	_	_	1x1	_	_	0-2(123)
492-9	PST059	492	492	9	io	io	_	_	_	_	_	linguistic	_	none	_	_	_	_	_	0-2(123)
492-10	PST059	492	492	10	ven]go	vengo	_	_	_	_	_	linguistic	_	none	_	_	_	_	_	0-3(123)
492-11	PST059	492	492	11	qua:	qua	_	_	_	_	_	linguistic	_	none	_	_	2x1	_	_	_
492-12	PST059	492	492	12	e::h	eh	_	_	_	_	_	linguistic	_	none	_	_	0x2	_	_	_
492-13	PST059	492	492	13	vieni	vieni	_	_	_	_	_	linguistic	_	none	_	_	_	_	_	_
492-14	PST059	492	492	14	qua	qua	_	_	_	_	_	linguistic	_	none	_	_	_	_	_	_
492-15	PST059	492	492	15	le	le	_	_	_	_	_	linguistic	_	none	_	_	_	_	_	_
492-16	PST059	492	492	16	ho	ho	_	_	_	_	_	linguistic	_	none	_	_	_	_	_	_
492-17	PST059	492	492	17	detto	detto	_	_	_	_	_	linguistic	_	none	_	_	_	_	_	_
492-18	PST059	492	492	18	alle	alle	_	_	_	_	_	linguistic	_	none	_	_	_	_	_	_
492-19	PST059	492	492	19	sei	sei	_	_	_	_	_	linguistic	_	none	_	_	_	_	_	_
492-20	PST059	492	492	20	c'	c'	_	_	_	_	_	linguistic	_	none	SpaceAfter=No	_	_	_	_	_
492-21	PST059	492	492	21	è	è	_	_	_	_	_	linguistic	_	none	_	_	_	_	_	_
492-22	PST059	492	492	22	sciopero	sciopero	_	_	_	_	_	linguistic	_	none	_	End=1219.732	_	_	_	_
493-0	PST212	493	493	0	[che	che	_	_	_	_	_	linguistic	_	none	_	Begin=1215.361	_	_	_	0-3(123)
493-1	PST212	493	493	1	bello	bello	_	_	_	_	_	linguistic	_	none	_	_	_	_	_	0-5(123)
493-2	PST212	493	493	2	eh]	eh	_	_	_	_	_	linguistic	_	none	_	End=1216.438	_	_	_	0-2(123)
494-0	PST059	494	494	0	sì	sì	_	_	_	_	_	linguistic	_	none	_	Begin=1219.969	_	_	_	_
494-1	PST059	494	494	1	sì	sì	_	_	_	_	_	linguistic	_	none	_	_	_	_	_	_
494-2	PST059	494	494	2	infatti	infatti	_	_	_	_	_	linguistic	_	none	_	_	_	_	_	_
494-3	PST059	494	494	3	sono	sono	_	_	_	_	_	linguistic	_	none	_	_	_	_	_	_
494-4	PST059	494	494	4	venuta	venuta	_	_	_	_	_	linguistic	_	none	_	_	_	_	_	_
494-5	PST059	494	494	5	a	a	_	_	_	_	_	linguistic	_	none	_	_	_	_	_	_
494-6	PST059	494	494	6	prenderla	prenderla	_	_	_	_	_	linguistic	_	none	_	_	_	_	_	_
494-7	PST059	494	494	7	io	io	_	_	_	_	_	linguistic	_	none	_	_	_	_	_	_
494-8	PST059	494	494	8	se	se	_	_	_	_	_	linguistic	_	none	_	_	_	_	_	_
494-9	PST059	494	494	9	no	no	_	_	_	_	_	linguistic	_	none	_	_	_	_	_	_
494-10	PST059	494	494	10	questa	questa	_	_	_	_	_	linguistic	_	none	_	_	_	_	_	_
494-11	PST059	494	494	11	non	non	_	_	_	_	_	linguistic	_	none	_	_	_	_	_	_
494-12	PST059	494	494	12	mi	mi	_	_	_	_	_	linguistic	_	none	_	_	_	_	_	_
494-13	PST059	494	494	13	viene	viene	_	_	_	_	_	linguistic	_	none	_	_	_	_	_	_
494-14	PST059	494	494	14	a	a	_	_	_	_	_	linguistic	_	none	_	_	_	_	_	_
494-15	PST059	494	494	15	casa	casa	_	_	_	_	_	linguistic	_	none	_	_	_	_	_	_
494-16	PST059	494	494	16	finché:	finché	_	_	_	_	_	linguistic	_	none	_	End=1223.8184999999999	5x1	_	_	_
495-0	PST212	495	495	0	ma	ma	_	_	_	_	_	linguistic	_	none	_	Begin=1223.8184999999999	_	_	_	_
495-1	PST212	495	495	1	lei	lei	_	_	_	_	_	linguistic	_	none	_	_	_	_	_	_
495-2	PST212	495	495	2	adesso	adesso	_	_	_	_	_	linguistic	_	none	_	_	_	_	_	_
495-3	PST212	495	495	3	fa	fa	_	_	_	_	_	linguistic	_	none	_	_	_	_	_	_
495-4	PST212	495	495	4	l'	l'	_	_	_	_	_	linguistic	_	none	SpaceAfter=No	_	_	_	_	_
495-5	PST212	495	495	5	animatri:~	animatri~	_	_	_	_	_	linguistic	_	none	Interrupted=Yes	_	7x1	_	_	_
495-6	PST212	495	495	6	cioè	cioè	_	_	_	_	_	linguistic	_	none	_	_	_	_	_	_
495-7	PST212	495	495	7	è:	è	_	_	_	_	_	linguistic	_	none	_	_	0x1	_	_	_
495-8	PST212	495	495	8	co~	co~	_	_	_	_	_	linguistic	_	none	Interrupted=Yes	End=1226.45	_	_	_	_
496-0	PST059	496	496	0	c'	c'	_	_	_	_	_	linguistic	_	none	SpaceAfter=No	Begin=1226.45	_	_	_	_
496-1	PST059	496	496	1	ha	ha	_	_	_	_	_	linguistic	_	none	_	_	_	_	_	_
496-2	PST059	496	496	2	quindic'	quindic'	_	_	_	_	_	linguistic	_	none	SpaceAfter=No	_	_	_	_	_
496-3	PST059	496	496	3	anni	anni	_	_	_	_	_	linguistic	_	none	_	End=1227.45	_	_	_	_
497-0	PST212	497	497	0	e:h	eh	_	_	_	_	_	linguistic	_	none	_	Begin=1227.45|End=1227.71	0x1	_	_	_
498-0	PST059	498	498	0	a	a	_	_	_	_	_	linguistic	_	none	_	Begin=1227.71	_	_	_	_
498-1	PST059	498	498	1	marzo	marzo	_	_	_	_	_	linguistic	_	none	_	_	_	_	_	_
498-2	PST059	498	498	2	fa	fa	_	_	_	_	_	linguistic	_	none	_	_	_	_	_	_
498-3	PST059	498	498	3	sedici	sedici	_	_	_	_	_	linguistic	_	none	_	End=1228.99	_	_	_	_
499-0	PST212	499	499	0	quindi	quindi	_	_	_	_	_	linguistic	_	none	_	Begin=1229.1	_	_	_	_
499-1	PST212	499	499	1	fa:	fa	_	_	_	_	_	linguistic	_	none	_	_	1x1	_	_	_
499-2	PST212	499	499	2	l'	l'	_	_	_	_	_	linguistic	_	none	SpaceAfter=No	_	_	_	_	_
499-3	PST212	499	499	3	animatri[ce]	animatrice	_	_	_	_	_	linguistic	_	none	_	End=1230.7	_	_	_	7-10(124)
500-0	PST059	500	500	0	[aiu]to	aiuto	_	_	_	_	_	linguistic	_	none	_	Begin=1230.32	_	_	_	0-3(124)
500-1	PST059	500	500	1	[sì]	sì	_	_	_	_	_	linguistic	_	none	_	End=1231.463	_	_	_	0-2(125)
501-0	PST212	501	501	0	[aiuta]	aiuta	_	_	_	_	_	linguistic	_	none	_	Begin=1230.92	_	_	_	0-5(125)
501-1	PST212	501	501	1	sì	sì	_	_	_	_	_	linguistic	_	none	_	End=1231.79	_	_	_	_
502-0	PST212	502	502	0	sì	sì	_	_	_	_	_	linguistic	_	none	_	Begin=1232.146	_	_	_	_
502-1	PST212	502	502	1	sì	sì	_	_	_	_	_	linguistic	_	none	_	End=1232.49	_	_	_	_
503-0	PST059	503	503	0	sì	sì	_	_	_	_	_	linguistic	_	none	_	Begin=1232.49	_	_	_	_
503-1	PST059	503	503	1	perché	perché	_	_	_	_	_	linguistic	_	none	_	_	_	_	_	_
503-2	PST059	503	503	2	a	a	_	_	_	_	_	linguistic	_	none	_	_	_	_	_	_
503-3	PST059	503	503	3	lei	lei	_	_	_	_	_	linguistic	_	none	_	_	_	_	_	_
503-4	PST059	503	503	4	piace	piace	_	_	_	_	_	linguistic	_	none	_	_	_	_	_	_
503-5	PST059	503	503	5	tanto	tanto	_	_	_	_	_	linguistic	_	none	_	_	_	_	_	_
503-6	PST059	503	503	6	i	i	_	_	_	_	_	linguistic	_	none	_	_	_	_	_	_
503-7	PST059	503	503	7	bambini	bambini	_	_	_	_	_	linguistic	_	none	_	End=1234.211	_	_	_	_
504-0	PST212	504	504	0	e:h	eh	_	_	_	_	_	linguistic	_	none	_	Begin=1234.56	0x1	_	_	_
504-1	PST212	504	504	1	bello	bello	_	_	_	_	_	linguistic	_	none	_	_	_	_	_	_
504-2	PST212	504	504	2	così	così	_	_	_	_	_	linguistic	_	none	_	_	_	_	_	_
504-3	PST212	504	504	3	sì	sì	_	_	_	_	_	linguistic	_	none	_	End=1235.7	_	_	_	_
505-0	PST059	505	505	0	eh	eh	_	_	_	_	_	linguistic	_	none	_	Begin=1235.7	_	_	_	_
505-1	PST059	505	505	1	sì	sì	_	_	_	_	_	linguistic	_	none	_	_	_	_	_	_
505-2	PST059	505	505	2	loro::	loro	_	_	_	_	_	linguistic	_	none	_	End=1237.204	3x2	_	_	_
506-0	PST059	506	506	0	poi	poi	_	_	_	_	_	linguistic	_	none	_	Begin=1237.73	_	_	_	_
506-1	PST059	506	506	1	è	è	_	_	_	_	_	linguistic	_	none	_	_	_	_	_	_
506-2	PST059	506	506	2	un::	un	_	_	_	_	_	linguistic	_	none	_	_	1x2	_	_	_
506-3	PST059	506	506	3	per	per	_	_	_	_	_	linguistic	_	none	_	_	_	_	_	_
506-4	PST059	506	506	4	loro	loro	_	_	_	_	_	linguistic	_	none	_	_	_	_	_	_
506-5	PST059	506	506	5	è	è	_	_	_	_	_	linguistic	_	none	_	_	_	_	_	_
506-6	PST059	506	506	6	una	una	_	_	_	_	_	linguistic	_	none	_	_	_	_	_	_
506-7	PST059	506	506	7	cosa	cosa	_	_	_	_	_	linguistic	_	none	_	_	_	_	_	_
506-8	PST059	506	506	8	che:	che	_	_	_	_	_	linguistic	_	none	_	_	2x1	_	_	_
506-9	PST059	506	506	9	trovarsi:	trovarsi	_	_	_	_	_	linguistic	_	none	_	_	7x1	_	_	_
506-10	PST059	506	506	10	mia	mia	_	_	_	_	_	linguistic	_	none	_	_	_	_	_	_
506-11	PST059	506	506	11	figlia	figlia	_	_	_	_	_	linguistic	_	none	_	_	_	_	_	_
506-12	PST059	506	506	12	a	a	_	_	_	_	_	linguistic	_	none	_	_	_	_	_	_
506-13	PST059	506	506	13	scuola	scuola	_	_	_	_	_	linguistic	_	none	_	_	_	_	_	_
506-14	PST059	506	506	14	dove	dove	_	_	_	_	_	linguistic	_	none	_	_	_	_	_	_
506-15	PST059	506	506	15	va	va	_	_	_	_	_	linguistic	_	none	_	_	_	_	_	_
506-16	PST059	506	506	16	a	a	_	_	_	_	_	linguistic	_	none	_	_	_	_	_	_
506-17	PST059	506	506	17	scuola	scuola	_	_	_	_	_	linguistic	_	none	_	End=1243.528	_	_	_	_
507-0	PST059	507	507	0	nessuno	nessuno	_	_	_	_	_	linguistic	_	none	_	Begin=1243.76	_	_	_	_
507-1	PST059	507	507	1	l'	l'	_	_	_	_	_	linguistic	_	none	SpaceAfter=No	_	_	_	_	_
507-2	PST059	507	507	2	ha	ha	_	_	_	_	_	linguistic	_	none	_	_	_	_	_	_
507-3	PST059	507	507	3	calcolata	calcolata	_	_	_	_	_	linguistic	_	none	_	End=1245.21	_	_	_	_
508-0	PST059	508	508	0	quindi	quindi	_	_	_	_	_	linguistic	_	none	_	Begin=1245.61	_	_	_	_
508-1	PST059	508	508	1	era	era	_	_	_	_	_	linguistic	_	none	_	_	_	_	_	_
508-2	PST059	508	508	2	un	un	_	_	_	_	_	linguistic	_	none	_	_	_	_	_	_
508-3	PST059	508	508	3	(arrivata)	arrivata	_	_	_	_	_	linguistic	_	none	_	_	_	_	0-8(0)	_
508-4	PST059	508	508	4	qua	qua	_	_	_	_	_	linguistic	_	none	_	_	_	_	_	_
508-5	PST059	508	508	5	che	che	_	_	_	_	_	linguistic	_	none	_	_	_	_	_	_
508-6	PST059	508	508	6	tutti:	tutti	_	_	_	_	_	linguistic	_	none	_	_	4x1	_	_	_
508-7	PST059	508	508	7	anche	anche	_	_	_	_	_	linguistic	_	none	_	_	_	_	_	_
508-8	PST059	508	508	8	quello	quello	_	_	_	_	_	linguistic	_	none	_	_	_	_	_	_
508-9	PST059	508	508	9	più	più	_	_	_	_	_	linguistic	_	none	_	_	_	_	_	_
508-10	PST059	508	508	10	gra:nde	grande	_	_	_	_	_	linguistic	_	none	_	_	2x1	_	_	_
508-11	PST059	508	508	11	anche	anche	_	_	_	_	_	linguistic	_	none	_	_	_	_	_	_
508-12	PST059	508	508	12	quello	quello	_	_	_	_	_	linguistic	_	none	_	_	_	_	_	_
508-13	PST059	508	508	13	più	più	_	_	_	_	_	linguistic	_	none	_	_	_	_	_	_
508-14	PST059	508	508	14	piccolo	piccolo	_	_	_	_	_	linguistic	_	none	_	_	_	_	_	_
508-15	PST059	508	508	15	è	è	_	_	_	_	_	linguistic	_	none	_	_	_	_	_	_
508-16	PST059	508	508	16	venuto	venuto	_	_	_	_	_	linguistic	_	none	_	_	_	_	_	_
508-17	PST059	508	508	17	a	a	_	_	_	_	_	linguistic	_	none	_	_	_	_	_	_
508-18	PST059	508	508	18	salutarla	salutarla	_	_	_	_	_	linguistic	_	none	_	_	_	_	_	_
508-19	PST059	508	508	19	quando	quando	_	_	_	_	_	linguistic	_	none	_	_	_	_	_	_
508-20	PST059	508	508	20	si	si	_	_	_	_	_	linguistic	_	none	_	_	_	_	_	_
508-21	PST059	508	508	21	incontrano	incontrano	_	_	_	_	_	linguistic	_	none	_	_	_	_	_	_
508-22	PST059	508	508	22	si	si	_	_	_	_	_	linguistic	_	none	_	_	_	_	_	_
508-23	PST059	508	508	23	salutano	salutano	_	_	_	_	_	linguistic	_	none	_	_	_	_	_	_
508-24	PST059	508	508	24	è	è	_	_	_	_	_	linguistic	_	none	_	_	_	_	_	_
508-25	PST059	508	508	25	rimasta	rimasta	_	_	_	_	_	linguistic	_	none	_	_	_	_	_	_
508-26	PST059	508	508	26	dice	dice	_	_	_	_	_	linguistic	_	none	_	_	_	_	_	_
508-27	PST059	508	508	27	mamma	mamma	_	_	_	_	_	linguistic	_	none	_	End=1254.182	_	_	_	_
509-0	PST059	509	509	0	a	a	_	_	_	_	_	linguistic	_	none	_	Begin=1254.531	_	_	_	_
509-1	PST059	509	509	1	me	me	_	_	_	_	_	linguistic	_	none	_	_	_	_	_	_
509-2	PST059	509	509	2	a	a	_	_	_	_	_	linguistic	_	none	_	_	_	_	_	_
509-3	PST059	509	509	3	scuola	scuola	_	_	_	_	_	linguistic	_	none	_	_	_	_	_	_
509-4	PST059	509	509	4	son	son	_	_	_	_	_	linguistic	_	none	_	_	_	_	_	_
509-5	PST059	509	509	5	trasparente	trasparente	_	_	_	_	_	linguistic	_	none	_	_	_	_	_	_
509-6	PST059	509	509	6	nessuno	nessuno	_	_	_	_	_	linguistic	_	none	_	_	_	_	_	_
509-7	PST059	509	509	7	mi	mi	_	_	_	_	_	linguistic	_	none	_	_	_	_	_	_
509-8	PST059	509	509	8	vede	vede	_	_	_	_	_	linguistic	_	none	_	_	_	_	_	_
509-9	PST059	509	509	9	nessuno	nessuno	_	_	_	_	_	linguistic	_	none	_	_	_	_	_	_
509-10	PST059	509	509	10	mi	mi	_	_	_	_	_	linguistic	_	none	_	_	_	_	_	_
509-11	PST059	509	509	11	calcola	calcola	_	_	_	_	_	linguistic	_	none	_	_	_	_	_	_
509-12	PST059	509	509	12	e	e	_	_	_	_	_	linguistic	_	none	_	_	_	_	_	_
509-13	PST059	509	509	13	invece	invece	_	_	_	_	_	linguistic	_	none	_	_	_	_	_	_
509-14	PST059	509	509	14	qua	qua	_	_	_	_	_	linguistic	_	none	_	_	_	_	_	_
509-15	PST059	509	509	15	io	io	_	_	_	_	_	linguistic	_	none	_	_	_	_	_	_
509-16	PST059	509	509	16	sto	sto	_	_	_	_	_	linguistic	_	none	_	_	_	_	_	_
509-17	PST059	509	509	17	bene	bene	_	_	_	_	_	linguistic	_	none	_	End=1259.449	_	_	_	_
510-0	PST059	510	510	0	e:	e	_	_	_	_	_	linguistic	_	none	_	Begin=1260.155	0x1	_	_	_
510-1	PST059	510	510	1	se	se	_	_	_	_	_	linguistic	_	none	_	_	_	_	_	_
510-2	PST059	510	510	2	stai	stai	_	_	_	_	_	linguistic	_	none	_	_	_	_	_	_
510-3	PST059	510	510	3	bene:	bene	_	_	_	_	_	linguistic	_	none	_	End=1261.565	3x1	_	_	_
511-0	PST059	511	511	0	contenta	contenta	_	_	_	_	_	linguistic	_	none	_	Begin=1261.66	_	_	_	_
511-1	PST059	511	511	1	io	io	_	_	_	_	_	linguistic	_	none	_	_	_	_	_	_
511-2	PST059	511	511	2	conten[ta	contenta	_	_	_	_	_	linguistic	_	none	_	_	_	_	_	6-8(126)
511-3	PST059	511	511	3	lei	lei	_	_	_	_	_	linguistic	_	none	_	_	_	_	_	0-3(126)
511-4	PST059	511	511	4	così:]	così	_	_	_	_	_	linguistic	_	none	_	End=1263.97	3x1	_	_	0-4(126)
512-0	PST212	512	512	0	[eh	eh	_	_	_	_	_	linguistic	_	none	_	Begin=1262.67	_	_	_	0-2(126)
512-1	PST212	512	512	1	sì	sì	_	_	_	_	_	linguistic	_	none	PauseAfter=Yes	_	_	_	_	0-2(126)
512-2	PST212	512	512	2	(.)	(.)	_	_	_	_	_	shortpause	_	none	_	_	_	_	_	_
512-3	PST212	512	512	3	sì]	sì	_	_	_	_	_	linguistic	_	none	_	_	_	_	_	0-2(126)
512-4	PST212	512	512	4	sì	sì	_	_	_	_	_	linguistic	_	none	_	_	_	_	_	_
512-5	PST212	512	512	5	beh	beh	_	_	_	_	_	linguistic	_	none	_	_	_	_	_	_
512-6	PST212	512	512	6	penso	penso	_	_	_	_	_	linguistic	_	none	_	_	_	_	_	_
512-7	PST212	512	512	7	sia	sia	_	_	_	_	_	linguistic	_	none	_	_	_	_	_	_
512-8	PST212	512	512	8	un	un	_	_	_	_	_	linguistic	_	none	_	_	_	_	_	_
512-9	PST212	512	512	9	[ambiente:]	ambiente	_	_	_	_	_	linguistic	_	none	_	End=1265.86	7x1	_	_	0-8(127)
513-0	PST059	513	513	0	[finché	finché	_	_	_	_	_	linguistic	_	none	_	Begin=1264.85	_	_	_	0-6(127)
513-1	PST059	513	513	1	stanno	stanno	_	_	_	_	_	linguistic	_	none	_	_	_	_	_	0-6(127)
513-2	PST059	513	513	2	qua]	qua	_	_	_	_	_	linguistic	_	none	_	End=1266.018	_	_	_	0-3(127)
514-0	PST059	514	514	0	che	che	_	_	_	_	_	linguistic	_	none	_	Begin=1266.33	_	_	_	_
514-1	PST059	514	514	1	s~	s~	_	_	_	_	_	linguistic	_	none	Interrupted=Yes	_	_	_	_	_
514-2	PST059	514	514	2	loro	loro	_	_	_	_	_	linguistic	_	none	_	_	_	_	_	_
514-3	PST059	514	514	3	stanno	stanno	_	_	_	_	_	linguistic	_	none	_	_	_	_	_	_
514-4	PST059	514	514	4	bene	bene	_	_	_	_	_	linguistic	_	none	_	_	_	_	_	_
514-5	PST059	514	514	5	che:	che	_	_	_	_	_	linguistic	_	none	_	End=1268.16	2x1	_	_	_
515-0	PST059	515	515	0	s:ono	sono	_	_	_	_	_	linguistic	_	none	_	Begin=1268.61	0x1	_	_	_
515-1	PST059	515	515	1	vanno	vanno	_	_	_	_	_	linguistic	_	none	_	_	_	_	_	_
515-2	PST059	515	515	2	al	al	_	_	_	_	_	linguistic	_	none	_	_	_	_	_	_
515-3	PST059	515	515	3	parco	parco	_	_	_	_	_	linguistic	_	none	_	_	_	_	_	_
515-4	PST059	515	515	4	vedi:	vedi	_	_	_	_	_	linguistic	_	none	_	End=1270.46	3x1	_	_	_
516-0	PST059	516	516	0	fumano	fumano	_	_	_	_	_	linguistic	_	none	_	Begin=1270.64	_	_	_	_
516-1	PST059	516	516	1	si	si	_	_	_	_	_	linguistic	_	none	_	_	_	_	_	_
516-2	PST059	516	516	2	drogano	drogano	_	_	_	_	_	linguistic	_	none	_	_	_	_	_	_
516-3	PST059	516	516	3	fan	fan	_	_	_	_	_	linguistic	_	none	_	_	_	_	_	_
516-4	PST059	516	516	4	di	di	_	_	_	_	_	linguistic	_	none	_	_	_	_	_	_
516-5	PST059	516	516	5	tutto	tutto	_	_	_	_	_	linguistic	_	none	_	_	_	_	_	_
516-6	PST059	516	516	6	e	e	_	_	_	_	_	linguistic	_	none	_	_	_	_	_	_
516-7	PST059	516	516	7	di	di	_	_	_	_	_	linguistic	_	none	_	_	_	_	_	_
516-8	PST059	516	516	8	più	più	_	_	_	_	_	linguistic	_	none	_	End=1273.131	_	_	_	_
517-0	PST059	517	517	0	finché	finché	_	_	_	_	_	linguistic	_	none	_	Begin=1273.87	_	_	_	_
517-1	PST059	517	517	1	stanno	stanno	_	_	_	_	_	linguistic	_	none	_	_	_	_	_	_
517-2	PST059	517	517	2	solo	solo	_	_	_	_	_	linguistic	_	none	_	_	_	_	_	_
517-3	PST059	517	517	3	qua	qua	_	_	_	_	_	linguistic	_	none	_	_	_	_	_	_
517-4	PST059	517	517	4	e:	e	_	_	_	_	_	linguistic	_	none	_	_	0x1	_	_	_
517-5	PST059	517	517	5	so	so	_	_	_	_	_	linguistic	_	none	_	_	_	_	_	_
517-6	PST059	517	517	6	che	che	_	_	_	_	_	linguistic	_	none	_	_	_	_	_	_
517-7	PST059	517	517	7	sono	sono	_	_	_	_	_	linguistic	_	none	_	_	_	_	_	_
517-8	PST059	517	517	8	qua	qua	_	_	_	_	_	linguistic	_	none	_	End=1276.41	_	_	_	_
518-0	PST059	518	518	0	so	so	_	_	_	_	_	linguistic	_	none	_	Begin=1276.725	_	_	_	_
518-1	PST059	518	518	1	che:	che	_	_	_	_	_	linguistic	_	none	_	_	2x1	_	_	_
518-2	PST059	518	518	2	con	con	_	_	_	_	_	linguistic	_	none	_	_	_	_	_	_
518-3	PST059	518	518	3	@ecaterina	@ecaterina	_	_	_	_	_	anonymized	_	none	_	_	_	_	_	_
518-4	PST059	518	518	4	stanno	stanno	_	_	_	_	_	linguistic	_	none	_	_	_	_	_	_
518-5	PST059	518	518	5	benissimo	benissimo	_	_	_	_	_	linguistic	_	none	_	_	_	_	_	_
518-6	PST059	518	518	6	quindi:	quindi	_	_	_	_	_	linguistic	_	none	_	_	5x1	_	_	_
518-7	PST059	518	518	7	rigano	rigano	_	_	_	_	_	linguistic	_	none	_	_	_	_	_	_
518-8	PST059	518	518	8	drit[ti:]	dritti	_	_	_	_	_	linguistic	_	none	_	End=1280.635	5x1	_	_	4-6(?)
519-0	PST212	519	519	0	((ride))	((ride))	_	_	_	_	_	nonverbalbehavior	_	none	_	Begin=1280.11|End=1280.761	_	_	_	_
520-0	PST059	520	520	0	non	non	_	_	_	_	_	linguistic	_	none	_	Begin=1280.83	_	_	_	_
520-1	PST059	520	520	1	hanno	hanno	_	_	_	_	_	linguistic	_	none	_	_	_	_	_	_
520-2	PST059	520	520	2	altra	altra	_	_	_	_	_	linguistic	_	none	_	_	_	_	_	_
520-3	PST059	520	520	3	scelta	scelta	_	_	_	_	_	linguistic	_	none	_	_	_	_	_	_
520-4	PST059	520	520	4	quindi:	quindi	_	_	_	_	_	linguistic	_	none	_	_	5x1	_	_	_
520-5	PST059	520	520	5	io	io	_	_	_	_	_	linguistic	_	none	_	_	_	_	_	_
520-6	PST059	520	520	6	sono:	sono	_	_	_	_	_	linguistic	_	none	_	_	3x1	_	_	_
520-7	PST059	520	520	7	più	più	_	_	_	_	_	linguistic	_	none	_	_	_	_	_	_
520-8	PST059	520	520	8	tran~	tran~	_	_	_	_	_	linguistic	_	none	Interrupted=Yes	_	_	_	_	_
520-9	PST059	520	520	9	tranquilla	tranquilla	_	_	_	_	_	linguistic	_	none	_	_	_	_	_	_
520-10	PST059	520	520	10	di	di	_	_	_	_	_	linguistic	_	none	_	_	_	_	_	_
520-11	PST059	520	520	11	così	così	_	_	_	_	_	linguistic	_	none	_	_	_	_	_	_
520-12	PST059	520	520	12	guarda	guarda	_	_	_	_	_	linguistic	_	none	_	End=1285.92	_	_	_	_
521-0	PST059	521	521	0	anche	anche	_	_	_	_	_	linguistic	_	none	_	Begin=1286.25	_	_	_	_
521-1	PST059	521	521	1	se	se	_	_	_	_	_	linguistic	_	none	_	_	_	_	_	_
521-2	PST059	521	521	2	mi	mi	_	_	_	_	_	linguistic	_	none	_	_	_	_	_	_
521-3	PST059	521	521	3	arrivano	arrivano	_	_	_	_	_	linguistic	_	none	_	_	_	_	_	_
521-4	PST059	521	521	4	sempre	sempre	_	_	_	_	_	linguistic	_	none	_	_	_	_	_	_
521-5	PST059	521	521	5	alle	alle	_	_	_	_	_	linguistic	_	none	_	_	_	_	_	_
521-6	PST059	521	521	6	dieci	dieci	_	_	_	_	_	linguistic	_	none	_	_	_	_	_	_
521-7	PST059	521	521	7	di	di	_	_	_	_	_	linguistic	_	none	_	_	_	_	_	_
521-8	PST059	521	521	8	sera	sera	_	_	_	_	_	linguistic	_	none	_	_	_	_	_	_
521-9	PST059	521	521	9	che	che	_	_	_	_	_	linguistic	_	none	_	_	_	_	_	_
521-10	PST059	521	521	10	loro	loro	_	_	_	_	_	linguistic	_	none	_	_	_	_	_	_
521-11	PST059	521	521	11	finché	finché	_	_	_	_	_	linguistic	_	none	_	_	_	_	_	_
521-12	PST059	521	521	12	non	non	_	_	_	_	_	linguistic	_	none	_	_	_	_	_	_
521-13	PST059	521	521	13	vanno	vanno	_	_	_	_	_	linguistic	_	none	_	_	_	_	_	_
521-14	PST059	521	521	14	via	via	_	_	_	_	_	linguistic	_	none	_	_	_	_	_	_
521-15	PST059	521	521	15	[tutti	tutti	_	_	_	_	_	linguistic	_	none	_	_	_	_	_	0-5(128)
521-16	PST059	521	521	16	insieme	insieme	_	_	_	_	_	linguistic	_	none	_	_	_	_	_	0-7(128)
521-17	PST059	521	521	17	non	non	_	_	_	_	_	linguistic	_	none	_	_	_	_	_	0-3(128)
521-18	PST059	521	521	18	vanno	vanno	_	_	_	_	_	linguistic	_	none	_	_	_	_	_	0-5(128)
521-19	PST059	521	521	19	a	a	_	_	_	_	_	linguistic	_	none	_	_	_	_	_	0-1(128)
521-20	PST059	521	521	20	casa]	casa	_	_	_	_	_	linguistic	_	none	_	End=1291.24	_	_	_	0-4(128)
522-0	PST212	522	522	0	[a:h	ah	_	_	_	_	_	linguistic	_	none	_	Begin=1289.49	0x1	_	_	0-2(128)
522-1	PST212	522	522	1	okay	okay	_	_	_	_	_	linguistic	_	none	_	_	_	_	_	0-4(128)
522-2	PST212	522	522	2	xxx]	xxx	_	_	_	_	_	unknown	_	none	Syllables=3	End=1291.24	_	_	_	0-3(128)
523-0	PST059	523	523	0	((ride))	((ride))	_	_	_	_	_	nonverbalbehavior	_	none	_	Begin=1291.24|End=1292.202	_	_	_	_
524-0	PST059	524	524	0	però:	però	_	_	_	_	_	linguistic	_	none	_	Begin=1292.34	3x1	_	_	_
524-1	PST059	524	524	1	so	so	_	_	_	_	_	linguistic	_	none	_	_	_	_	_	_
524-2	PST059	524	524	2	che	che	_	_	_	_	_	linguistic	_	none	_	_	_	_	_	_
524-3	PST059	524	524	3	son	son	_	_	_	_	_	linguistic	_	none	_	_	_	_	_	_
524-4	PST059	524	524	4	qua	qua	_	_	_	_	_	linguistic	_	none	_	_	_	_	_	_
524-5	PST059	524	524	5	e	e	_	_	_	_	_	linguistic	_	none	_	_	_	_	_	_
524-6	PST059	524	524	6	non:	non	_	_	_	_	_	linguistic	_	none	_	_	2x1	_	_	_
524-7	PST059	524	524	7	non	non	_	_	_	_	_	linguistic	_	none	_	_	_	_	_	_
524-8	PST059	524	524	8	da	da	_	_	_	_	_	linguistic	_	none	_	_	_	_	_	_
524-9	PST059	524	524	9	un'	un'	_	_	_	_	_	linguistic	_	none	SpaceAfter=No	_	_	_	_	_
524-10	PST059	524	524	10	altra	altra	_	_	_	_	_	linguistic	_	none	_	_	_	_	_	_
524-11	PST059	524	524	11	parte	parte	_	_	_	_	_	linguistic	_	none	_	End=1295.7	_	_	_	_
525-0	PST212	525	525	0	[bene]	bene	_	_	_	_	_	linguistic	_	none	_	Begin=1296.26|End=1297.2	_	_	_	0-4(129)
526-0	PST059	526	526	0	[io	io	_	_	_	_	_	linguistic	_	none	_	Begin=1296.28	_	_	_	0-2(129)
526-1	PST059	526	526	1	son	son	_	_	_	_	_	linguistic	_	none	_	_	_	_	_	0-3(129)
526-2	PST059	526	526	2	proprio	proprio	_	_	_	_	_	linguistic	_	none	_	_	_	_	_	0-7(129)
526-3	PST059	526	526	3	con]tenta	contenta	_	_	_	_	_	linguistic	_	none	_	End=1297.71	_	_	_	0-3(129)
527-0	PST059	527	527	0	e	e	_	_	_	_	_	linguistic	_	none	_	Begin=1298.63	_	_	_	_
527-1	PST059	527	527	1	finché	finché	_	_	_	_	_	linguistic	_	none	_	_	_	_	_	_
527-2	PST059	527	527	2	loro:	loro	_	_	_	_	_	linguistic	_	none	_	_	3x1	_	_	_
527-3	PST059	527	527	3	vorranno	vorranno	_	_	_	_	_	linguistic	_	none	_	_	_	_	_	_
527-4	PST059	527	527	4	andare	andare	_	_	_	_	_	linguistic	_	none	_	_	_	_	_	_
527-5	PST059	527	527	5	spero	spero	_	_	_	_	_	linguistic	_	none	_	_	_	_	_	_
527-6	PST059	527	527	6	che	che	_	_	_	_	_	linguistic	_	none	_	_	_	_	_	_
527-7	PST059	527	527	7	vorranno	vorranno	_	_	_	_	_	linguistic	_	none	_	_	_	_	_	_
527-8	PST059	527	527	8	andare	andare	_	_	_	_	_	linguistic	_	none	_	_	_	_	_	_
527-9	PST059	527	527	9	avanti	avanti	_	_	_	_	_	linguistic	_	none	_	_	_	_	_	_
527-10	PST059	527	527	10	per	per	_	_	_	_	_	linguistic	_	none	_	_	_	_	_	_
527-11	PST059	527	527	11	ta:nto:	tanto	_	_	_	_	_	linguistic	_	none	_	End=1303.211	1x1,4x1	_	_	_
528-0	PST212	528	528	0	eh	eh	_	_	_	_	_	linguistic	_	none	_	Begin=1303.995	_	_	_	_
528-1	PST212	528	528	1	sì	sì	_	_	_	_	_	linguistic	_	none	_	End=1304.685	_	_	_	_
529-0	PST059	529	529	0	guarda	guarda	_	_	_	_	_	linguistic	_	none	_	Begin=1305.23	_	_	_	_
529-1	PST059	529	529	1	io	io	_	_	_	_	_	linguistic	_	none	_	_	_	_	_	_
529-2	PST059	529	529	2	son	son	_	_	_	_	_	linguistic	_	none	_	_	_	_	_	_
529-3	PST059	529	529	3	contentissima	contentissima	_	_	_	_	_	linguistic	_	none	_	End=1307.2	_	_	_	_
530-0	PST059	530	530	0	infatti	infatti	_	_	_	_	_	linguistic	_	none	_	Begin=1308.189	_	_	_	_
530-1	PST059	530	530	1	gli	gli	_	_	_	_	_	linguistic	_	none	_	_	_	_	_	_
530-2	PST059	530	530	2	dico	dico	_	_	_	_	_	linguistic	_	none	_	_	_	_	_	_
530-3	PST059	530	530	3	sempre	sempre	_	_	_	_	_	linguistic	_	none	_	_	_	_	_	_
530-4	PST059	530	530	4	perché	perché	_	_	_	_	_	linguistic	_	none	_	_	_	_	_	_
530-5	PST059	530	530	5	io	io	_	_	_	_	_	linguistic	_	none	_	_	_	_	_	_
530-6	PST059	530	530	6	senz~	senz~	_	_	_	_	_	linguistic	_	none	Interrupted=Yes|PauseAfter=Yes	_	_	_	_	_
530-7	PST059	530	530	7	(.)	(.)	_	_	_	_	_	shortpause	_	none	_	_	_	_	_	_
530-8	PST059	530	530	8	c'	c'	_	_	_	_	_	linguistic	_	none	SpaceAfter=No	_	_	_	_	_
530-9	PST059	530	530	9	ho	ho	_	_	_	_	_	linguistic	_	none	_	_	_	_	_	_
530-10	PST059	530	530	10	tante	tante	_	_	_	_	_	linguistic	_	none	_	_	_	_	_	_
530-11	PST059	530	530	11	amiche	amiche	_	_	_	_	_	linguistic	_	none	_	_	_	_	_	_
530-12	PST059	530	530	12	che	che	_	_	_	_	_	linguistic	_	none	_	_	_	_	_	_
530-13	PST059	530	530	13	non	non	_	_	_	_	_	linguistic	_	none	_	_	_	_	_	_
530-14	PST059	530	530	14	lasciano	lasciano	_	_	_	_	_	linguistic	_	none	_	_	_	_	_	_
530-15	PST059	530	530	15	i	i	_	_	_	_	_	linguistic	_	none	_	_	_	_	_	_
530-16	PST059	530	530	16	figli	figli	_	_	_	_	_	linguistic	_	none	_	_	_	_	_	_
530-17	PST059	530	530	17	manco	manco	_	_	_	_	_	linguistic	_	none	_	_	_	_	_	_
530-18	PST059	530	530	18	parlare	parlare	_	_	_	_	_	linguistic	_	none	_	_	_	_	_	_
530-19	PST059	530	530	19	in	in	_	_	_	_	_	linguistic	_	none	_	_	_	_	_	_
530-20	PST059	530	530	20	rumeno	rumeno	_	_	_	_	_	linguistic	_	none	_	End=1313.541	_	_	_	_
531-0	PST059	531	531	0	ho	ho	_	_	_	_	_	linguistic	_	none	_	Begin=1314.11	_	_	_	_
531-1	PST059	531	531	1	detto	detto	_	_	_	_	_	linguistic	_	none	_	_	_	_	_	_
531-2	PST059	531	531	2	ma	ma	_	_	_	_	_	linguistic	_	none	_	_	_	_	_	_
531-3	PST059	531	531	3	perché?	perché	_	_	_	_	_	linguistic	_	none	Intonation=Rising	End=1315.242	_	_	_	_
532-0	PST059	532	532	0	ah	ah	_	_	_	_	_	linguistic	_	none	_	Begin=1315.36	_	_	_	_
532-1	PST059	532	532	1	ma	ma	_	_	_	_	_	linguistic	_	none	_	_	_	_	_	_
532-2	PST059	532	532	2	noi	noi	_	_	_	_	_	linguistic	_	none	_	_	_	_	_	_
532-3	PST059	532	532	3	siamo	siamo	_	_	_	_	_	linguistic	_	none	_	_	_	_	_	_
532-4	PST059	532	532	4	ho	ho	_	_	_	_	_	linguistic	_	none	_	_	_	_	_	_
532-5	PST059	532	532	5	capito	capito	_	_	_	_	_	linguistic	_	none	_	_	_	_	_	_
532-6	PST059	532	532	6	che	che	_	_	_	_	_	linguistic	_	none	_	_	_	_	_	_
532-7	PST059	532	532	7	siamo	siamo	_	_	_	_	_	linguistic	_	none	_	_	_	_	_	_
532-8	PST059	532	532	8	in	in	_	_	_	_	_	linguistic	_	none	_	_	_	_	_	_
532-9	PST059	532	532	9	italia	italia	_	_	_	_	_	linguistic	_	none	_	_	_	_	_	_
532-10	PST059	532	532	10	non	non	_	_	_	_	_	linguistic	_	none	_	_	_	_	_	_
532-11	PST059	532	532	11	è	è	_	_	_	_	_	linguistic	_	none	_	_	_	_	_	_
532-12	PST059	532	532	12	bello	bello	_	_	_	_	_	linguistic	_	none	_	_	_	_	_	_
532-13	PST059	532	532	13	perché	perché	_	_	_	_	_	linguistic	_	none	_	_	_	_	_	_
532-14	PST059	532	532	14	anch'	anch'	_	_	_	_	_	linguistic	_	none	SpaceAfter=No	_	_	_	_	_
532-15	PST059	532	532	15	io	io	_	_	_	_	_	linguistic	_	none	_	_	_	_	_	_
532-16	PST059	532	532	16	gli	gli	_	_	_	_	_	linguistic	_	none	_	_	_	_	_	_
532-17	PST059	532	532	17	dico	dico	_	_	_	_	_	linguistic	_	none	_	_	_	_	_	_
532-18	PST059	532	532	18	quando	quando	_	_	_	_	_	linguistic	_	none	_	_	_	_	_	_
532-19	PST059	532	532	19	siete	siete	_	_	_	_	_	linguistic	_	none	_	_	_	_	_	_
532-20	PST059	532	532	20	sul	sul	_	_	_	_	_	linguistic	_	none	_	_	_	_	_	_
532-21	PST059	532	532	21	pullman	pullman	_	_	_	_	_	linguistic	_	none	_	_	_	_	_	_
532-22	PST059	532	532	22	quando	quando	_	_	_	_	_	linguistic	_	none	_	End=1320.79	_	_	_	_
533-0	PST059	533	533	0	non	non	_	_	_	_	_	linguistic	_	none	_	Begin=1321.12	_	_	_	_
533-1	PST059	533	533	1	è	è	_	_	_	_	_	linguistic	_	none	_	_	_	_	_	_
533-2	PST059	533	533	2	carino	carino	_	_	_	_	_	linguistic	_	none	_	_	_	_	_	_
533-3	PST059	533	533	3	perché	perché	_	_	_	_	_	linguistic	_	none	_	_	_	_	_	_
533-4	PST059	533	533	4	anch'	anch'	_	_	_	_	_	linguistic	_	none	SpaceAfter=No	_	_	_	_	_
533-5	PST059	533	533	5	io	io	_	_	_	_	_	linguistic	_	none	_	_	_	_	_	_
533-6	PST059	533	533	6	se	se	_	_	_	_	_	linguistic	_	none	_	_	_	_	_	_
533-7	PST059	533	533	7	trovo	trovo	_	_	_	_	_	linguistic	_	none	_	_	_	_	_	_
533-8	PST059	533	533	8	quello	quello	_	_	_	_	_	linguistic	_	none	_	_	_	_	_	_
533-9	PST059	533	533	9	che	che	_	_	_	_	_	linguistic	_	none	_	_	_	_	_	_
533-10	PST059	533	533	10	e:h	eh	_	_	_	_	_	linguistic	_	none	_	_	0x1	_	_	_
533-11	PST059	533	533	11	o:h	oh	_	_	_	_	_	linguistic	_	none	_	_	0x1	_	_	_
533-12	PST059	533	533	12	e:h	eh	_	_	_	_	_	linguistic	_	none	_	_	0x1	_	_	_
533-13	PST059	533	533	13	e:h	eh	_	_	_	_	_	linguistic	_	none	_	End=1324.315	0x1	_	_	_
534-0	PST059	534	534	0	parla	parla	_	_	_	_	_	linguistic	_	none	_	Begin=1324.472	_	_	_	_
534-1	PST059	534	534	1	nella	nella	_	_	_	_	_	linguistic	_	none	_	_	_	_	_	_
534-2	PST059	534	534	2	sua	sua	_	_	_	_	_	linguistic	_	none	_	_	_	_	_	_
534-3	PST059	534	534	3	lingua	lingua	_	_	_	_	_	linguistic	_	none	_	_	_	_	_	_
534-4	PST059	534	534	4	non	non	_	_	_	_	_	linguistic	_	none	_	_	_	_	_	_
534-5	PST059	534	534	5	è	è	_	_	_	_	_	linguistic	_	none	_	_	_	_	_	_
534-6	PST059	534	534	6	bello	bello	_	_	_	_	_	linguistic	_	none	_	_	_	_	_	_
534-7	PST059	534	534	7	dici	dici	_	_	_	_	_	linguistic	_	none	_	_	_	_	_	_
534-8	PST059	534	534	8	ma:	ma	_	_	_	_	_	linguistic	_	none	_	_	1x1	_	_	_
534-9	PST059	534	534	9	chissà	chissà	_	_	_	_	_	linguistic	_	none	_	_	_	_	_	_
534-10	PST059	534	534	10	cosa:	cosa	_	_	_	_	_	linguistic	_	none	_	_	3x1	_	_	_
534-11	PST059	534	534	11	mi	mi	_	_	_	_	_	linguistic	_	none	_	_	_	_	_	_
534-12	PST059	534	534	12	riempie	riempie	_	_	_	_	_	linguistic	_	none	_	_	_	_	_	_
534-13	PST059	534	534	13	il	il	_	_	_	_	_	linguistic	_	none	_	_	_	_	_	_
534-14	PST059	534	534	14	frigo	frigo	_	_	_	_	_	linguistic	_	none	_	_	_	_	_	_
534-15	PST059	534	534	15	no?	no	_	_	_	_	_	linguistic	_	none	Intonation=Rising	End=1329.08	_	_	_	_
535-0	PST059	535	535	0	così	così	_	_	_	_	_	linguistic	_	none	PauseAfter=Yes	Begin=1329.8	_	_	_	_
535-1	PST059	535	535	1	(.)	(.)	_	_	_	_	_	shortpause	_	none	_	_	_	_	_	_
535-2	PST059	535	535	2	sei	sei	_	_	_	_	_	linguistic	_	none	_	_	_	_	_	_
535-3	PST059	535	535	3	in	in	_	_	_	_	_	linguistic	_	none	_	_	_	_	_	_
535-4	PST059	535	535	4	italia	italia	_	_	_	_	_	linguistic	_	none	_	_	_	_	_	_
535-5	PST059	535	535	5	tu	tu	_	_	_	_	_	linguistic	_	none	_	_	_	_	_	_
535-6	PST059	535	535	6	devi	devi	_	_	_	_	_	linguistic	_	none	_	_	_	_	_	_
535-7	PST059	535	535	7	rispettare	rispettare	_	_	_	_	_	linguistic	_	none	_	_	_	_	_	_
535-8	PST059	535	535	8	le	le	_	_	_	_	_	linguistic	_	none	_	_	_	_	_	_
535-9	PST059	535	535	9	regole	regole	_	_	_	_	_	linguistic	_	none	_	_	_	_	_	_
535-10	PST059	535	535	10	come	come	_	_	_	_	_	linguistic	_	none	_	_	_	_	_	_
535-11	PST059	535	535	11	se:	se	_	_	_	_	_	linguistic	_	none	PauseAfter=Yes	_	1x1	_	_	_
535-12	PST059	535	535	12	(.)	(.)	_	_	_	_	_	shortpause	_	none	_	_	_	_	_	_
535-13	PST059	535	535	13	perché	perché	_	_	_	_	_	linguistic	_	none	_	_	_	_	_	_
535-14	PST059	535	535	14	siamo	siamo	_	_	_	_	_	linguistic	_	none	_	_	_	_	_	_
535-15	PST059	535	535	15	qua	qua	_	_	_	_	_	linguistic	_	none	_	End=1334.124	_	_	_	_
536-0	PST059	536	536	0	quindi:	quindi	_	_	_	_	_	linguistic	_	none	_	Begin=1334.907	5x1	_	_	_
536-1	PST059	536	536	1	però:,	però	_	_	_	_	_	linguistic	_	none	Intonation=WeaklyRising	End=1336.087	3x1	_	_	_
537-0	PST059	537	537	0	è	è	_	_	_	_	_	linguistic	_	none	_	Begin=1336.2	_	_	_	_
537-1	PST059	537	537	1	bello	bello	_	_	_	_	_	linguistic	_	none	_	_	_	_	_	_
537-2	PST059	537	537	2	quando	quando	_	_	_	_	_	linguistic	_	none	_	_	_	_	_	_
537-3	PST059	537	537	3	s'	s'	_	_	_	_	_	linguistic	_	none	SpaceAfter=No	_	_	_	_	_
537-4	PST059	537	537	4	incontrano	incontrano	_	_	_	_	_	linguistic	_	none	_	_	_	_	_	_
537-5	PST059	537	537	5	che	che	_	_	_	_	_	linguistic	_	none	_	_	_	_	_	_
537-6	PST059	537	537	6	parlano	parlano	_	_	_	_	_	linguistic	_	none	_	_	_	_	_	_
537-7	PST059	537	537	7	rumeno	rumeno	_	_	_	_	_	linguistic	_	none	_	_	_	_	_	_
537-8	PST059	537	537	8	che	che	_	_	_	_	_	linguistic	_	none	_	_	_	_	_	_
537-9	PST059	537	537	9	parlano	parlano	_	_	_	_	_	linguistic	_	none	_	_	_	_	_	_
537-10	PST059	537	537	10	anche	anche	_	_	_	_	_	linguistic	_	none	_	_	_	_	_	_
537-11	PST059	537	537	11	se:	se	_	_	_	_	_	linguistic	_	none	_	_	1x1	_	_	_
537-12	PST059	537	537	12	non	non	_	_	_	_	_	linguistic	_	none	_	_	_	_	_	_
537-13	PST059	537	537	13	penso	penso	_	_	_	_	_	linguistic	_	none	_	_	_	_	_	_
537-14	PST059	537	537	14	che	che	_	_	_	_	_	linguistic	_	none	_	_	_	_	_	_
537-15	PST059	537	537	15	lo	lo	_	_	_	_	_	linguistic	_	none	_	_	_	_	_	_
537-16	PST059	537	537	16	parlano	parlano	_	_	_	_	_	linguistic	_	none	_	_	_	_	_	_
537-17	PST059	537	537	17	tanto	tanto	_	_	_	_	_	linguistic	_	none	_	_	_	_	_	_
537-18	PST059	537	537	18	perché:	perché	_	_	_	_	_	linguistic	_	none	_	_	5x1	_	_	_
537-19	PST059	537	537	19	comunque	comunque	_	_	_	_	_	linguistic	_	none	_	_	_	_	_	_
537-20	PST059	537	537	20	abituati	abituati	_	_	_	_	_	linguistic	_	none	_	_	_	_	_	_
537-21	PST059	537	537	21	a	a	_	_	_	_	_	linguistic	_	none	_	_	_	_	_	_
537-22	PST059	537	537	22	scuola	scuola	_	_	_	_	_	linguistic	_	none	_	_	_	_	_	_
537-23	PST059	537	537	23	a	a	_	_	_	_	_	linguistic	_	none	_	_	_	_	_	_
537-24	PST059	537	537	24	[parlare:]	parlare	_	_	_	_	_	linguistic	_	none	_	End=1344.505	6x1	_	_	0-7(130)
538-0	PST212	538	538	0	[sì:]	sì	_	_	_	_	_	linguistic	_	none	_	Begin=1343.507|End=1344.477	1x1	_	_	0-2(130)
539-0	PST059	539	539	0	fanno	fanno	_	_	_	_	_	linguistic	_	none	_	Begin=1345.03	_	_	_	_
539-1	PST059	539	539	1	[un	un	_	_	_	_	_	linguistic	_	none	_	_	_	_	_	0-2(131)
539-2	PST059	539	539	2	po':]	po'	_	_	_	_	_	linguistic	_	none	_	End=1346.17	1x1	_	_	0-3(131)
540-0	PST212	540	540	0	[infatti	infatti	_	_	_	_	_	linguistic	_	none	_	Begin=1345.27	_	_	_	0-7(131)
540-1	PST212	540	540	1	tra	tra	_	_	_	_	_	linguistic	_	none	_	_	_	_	_	0-3(131)
540-2	PST212	540	540	2	di	di	_	_	_	_	_	linguistic	_	none	_	_	_	_	_	0-2(131)
540-3	PST212	540	540	3	loro]:	loro	_	_	_	_	_	linguistic	_	none	_	End=1346.51	3x1	_	_	0-4(131)
541-0	PST212	541	541	0	si	si	_	_	_	_	_	linguistic	_	none	_	Begin=1346.66	_	_	_	_
541-1	PST212	541	541	1	vede	vede	_	_	_	_	_	linguistic	_	none	_	_	_	_	_	_
541-2	PST212	541	541	2	che	che	_	_	_	_	_	linguistic	_	none	_	_	_	_	_	_
541-3	PST212	541	541	3	parlano	parlano	_	_	_	_	_	linguistic	_	none	_	_	_	_	_	_
541-4	PST212	541	541	4	[un	un	_	_	_	_	_	linguistic	_	none	_	_	_	_	_	0-2(132)
541-5	PST212	541	541	5	po':	po'	_	_	_	_	_	linguistic	_	none	_	_	1x1	_	_	0-3(132)
541-6	PST212	541	541	6	anche	anche	_	_	_	_	_	linguistic	_	none	_	_	_	_	_	0-5(132)
541-7	PST212	541	541	7	italiano	italiano	_	_	_	_	_	linguistic	_	none	_	_	_	_	_	0-8(132)
541-8	PST212	541	541	8	xxx]	xxx	_	_	_	_	_	unknown	_	none	Syllables=3	End=1350.178	_	_	_	0-3(132)
542-0	PST059	542	542	0	[sì	sì	_	_	_	_	_	linguistic	_	none	_	Begin=1347.435	_	_	_	0-2(132)
542-1	PST059	542	542	1	sì	sì	_	_	_	_	_	linguistic	_	none	PauseAfter=Yes	_	_	_	_	0-2(132)
542-2	PST059	542	542	2	(.)	(.)	_	_	_	_	_	shortpause	_	none	_	_	_	_	_	_
542-3	PST059	542	542	3	sì	sì	_	_	_	_	_	linguistic	_	none	_	_	_	_	_	0-2(132)
542-4	PST059	542	542	4	sì	sì	_	_	_	_	_	linguistic	_	none	_	_	_	_	_	0-2(132)
542-5	PST059	542	542	5	quindi:]	quindi	_	_	_	_	_	linguistic	_	none	_	End=1350.145	5x1	_	_	0-6(132)
543-0	PST059	543	543	0	però:	però	_	_	_	_	_	linguistic	_	none	_	Begin=1351.024	3x1	_	_	_
543-1	PST059	543	543	1	almeno	almeno	_	_	_	_	_	linguistic	_	none	_	_	_	_	_	_
543-2	PST059	543	543	2	sono	sono	_	_	_	_	_	linguistic	_	none	_	_	_	_	_	_
543-3	PST059	543	543	3	lì	lì	_	_	_	_	_	linguistic	_	none	_	_	_	_	_	_
543-4	PST059	543	543	4	non:	non	_	_	_	_	_	linguistic	_	none	_	End=1353.3	2x1	_	_	_
544-0	PST212	544	544	0	mh	mh	_	_	_	_	_	linguistic	_	none	_	Begin=1353.3|End=1353.869	_	_	_	_
545-0	PST059	545	545	0	son	son	_	_	_	_	_	linguistic	_	none	_	Begin=1354.28	_	_	_	_
545-1	PST059	545	545	1	tranquilli	tranquilli	_	_	_	_	_	linguistic	_	none	_	_	_	_	_	_
545-2	PST059	545	545	2	non:	non	_	_	_	_	_	linguistic	_	none	_	End=1355.77	2x1	_	_	_
546-0	PST212	546	546	0	beh	beh	_	_	_	_	_	linguistic	_	none	_	Begin=1358.703	_	_	_	_
546-1	PST212	546	546	1	ma	ma	_	_	_	_	_	linguistic	_	none	_	_	_	_	_	_
546-2	PST212	546	546	2	sì	sì	_	_	_	_	_	linguistic	_	none	_	_	_	_	_	_
546-3	PST212	546	546	3	io	io	_	_	_	_	_	linguistic	_	none	_	_	_	_	_	_
546-4	PST212	546	546	4	penso	penso	_	_	_	_	_	linguistic	_	none	_	_	_	_	_	_
546-5	PST212	546	546	5	che	che	_	_	_	_	_	linguistic	_	none	_	_	_	_	_	_
546-6	PST212	546	546	6	comunque	comunque	_	_	_	_	_	linguistic	_	none	_	_	_	_	_	_
546-7	PST212	546	546	7	sia	sia	_	_	_	_	_	linguistic	_	none	_	_	_	_	_	_
546-8	PST212	546	546	8	anche	anche	_	_	_	_	_	linguistic	_	none	_	_	_	_	_	_
546-9	PST212	546	546	9	una	una	_	_	_	_	_	linguistic	_	none	_	_	_	_	_	_
546-10	PST212	546	546	10	gran	gran	_	_	_	_	_	linguistic	_	none	_	_	_	_	_	_
546-11	PST212	546	546	11	cosa:	cosa	_	_	_	_	_	linguistic	_	none	_	End=1362.26	3x1	_	_	_
547-0	PST212	547	547	0	sapere	sapere	_	_	_	_	_	linguistic	_	none	_	Begin=1363.33	_	_	_	_
547-1	PST212	547	547	1	due	due	_	_	_	_	_	linguistic	_	none	_	_	_	_	_	_
547-2	PST212	547	547	2	lingue	lingue	_	_	_	_	_	linguistic	_	none	_	_	_	_	_	_
547-3	PST212	547	547	3	cioè:	cioè	_	_	_	_	_	linguistic	_	none	_	_	3x1	_	_	_
547-4	PST212	547	547	4	anche	anche	_	_	_	_	_	linguistic	_	none	_	_	_	_	_	_
547-5	PST212	547	547	5	proprio	proprio	_	_	_	_	_	linguistic	_	none	_	_	_	_	_	_
547-6	PST212	547	547	6	per	per	_	_	_	_	_	linguistic	_	none	_	_	_	_	_	_
547-7	PST212	547	547	7	loro	loro	_	_	_	_	_	linguistic	_	none	_	_	_	_	_	_
547-8	PST212	547	547	8	gli	gli	_	_	_	_	_	linguistic	_	none	_	_	_	_	_	_
547-9	PST212	547	547	9	arricchisce:	arricchisce	_	_	_	_	_	linguistic	_	none	_	End=1367.75	10x1	_	_	_
548-0	PST059	548	548	0	sì	sì	_	_	_	_	_	linguistic	_	none	_	Begin=1367.75	_	_	_	_
548-1	PST059	548	548	1	ma	ma	_	_	_	_	_	linguistic	_	none	_	_	_	_	_	_
548-2	PST059	548	548	2	è	è	_	_	_	_	_	linguistic	_	none	_	_	_	_	_	_
548-3	PST059	548	548	3	anche	anche	_	_	_	_	_	linguistic	_	none	_	_	_	_	_	_
548-4	PST059	548	548	4	quando:	quando	_	_	_	_	_	linguistic	_	none	_	End=1369.128	5x1	_	_	_
549-0	PST059	549	549	0	vanno	vanno	_	_	_	_	_	linguistic	_	none	_	Begin=1369.168	_	_	_	_
549-1	PST059	549	549	1	a	a	_	_	_	_	_	linguistic	_	none	_	_	_	_	_	_
549-2	PST059	549	549	2	casa	casa	_	_	_	_	_	linguistic	_	none	_	_	_	_	_	_
549-3	PST059	549	549	3	anche	anche	_	_	_	_	_	linguistic	_	none	_	_	_	_	_	_
549-4	PST059	549	549	4	se	se	_	_	_	_	_	linguistic	_	none	_	_	_	_	_	_
549-5	PST059	549	549	5	vai	vai	_	_	_	_	_	linguistic	_	none	_	_	_	_	_	_
549-6	PST059	549	549	6	in	in	_	_	_	_	_	linguistic	_	none	_	_	_	_	_	_
549-7	PST059	549	549	7	vacanza	vacanza	_	_	_	_	_	linguistic	_	none	_	_	_	_	_	_
549-8	PST059	549	549	8	per	per	_	_	_	_	_	linguistic	_	none	_	_	_	_	_	_
549-9	PST059	549	549	9	dire	dire	_	_	_	_	_	linguistic	_	none	_	_	_	_	_	_
549-10	PST059	549	549	10	una	una	_	_	_	_	_	linguistic	_	none	_	_	_	_	_	_
549-11	PST059	549	549	11	settimana	settimana	_	_	_	_	_	linguistic	_	none	_	_	_	_	_	_
549-12	PST059	549	549	12	come	come	_	_	_	_	_	linguistic	_	none	_	_	_	_	_	_
549-13	PST059	549	549	13	si	si	_	_	_	_	_	linguistic	_	none	_	_	_	_	_	_
549-14	PST059	549	549	14	trova	trova	_	_	_	_	_	linguistic	_	none	_	_	_	_	_	_
549-15	PST059	549	549	15	quel	quel	_	_	_	_	_	linguistic	_	none	_	_	_	_	_	_
549-16	PST059	549	549	16	ragazzo	ragazzo	_	_	_	_	_	linguistic	_	none	_	_	_	_	_	_
549-17	PST059	549	549	17	lì	lì	_	_	_	_	_	linguistic	_	none	_	_	_	_	_	_
549-18	PST059	549	549	18	che	che	_	_	_	_	_	linguistic	_	none	_	_	_	_	_	_
549-19	PST059	549	549	19	arriva	arriva	_	_	_	_	_	linguistic	_	none	PauseAfter=Yes	_	_	_	_	_
549-20	PST059	549	549	20	(.)	(.)	_	_	_	_	_	shortpause	_	none	_	_	_	_	_	_
549-21	PST059	549	549	21	nel	nel	_	_	_	_	_	linguistic	_	none	_	_	_	_	_	_
549-22	PST059	549	549	22	suo	suo	_	_	_	_	_	linguistic	_	none	_	_	_	_	_	_
549-23	PST059	549	549	23	paese	paese	_	_	_	_	_	linguistic	_	none	_	End=1375.95	_	_	_	_
550-0	PST212	550	550	0	sì:	sì	_	_	_	_	_	linguistic	_	none	_	Begin=1375.95	1x1	_	_	_
550-1	PST212	550	550	1	in[fatti]	infatti	_	_	_	_	_	linguistic	_	none	_	End=1376.957	_	_	_	2-7(133)
551-0	PST059	551	551	0	[che	che	_	_	_	_	_	linguistic	_	none	_	Begin=1376.48	_	_	_	0-3(133)
551-1	PST059	551	551	1	non	non	_	_	_	_	_	linguistic	_	none	_	_	_	_	_	0-3(133)
551-2	PST059	551	551	2	sa]	sa	_	_	_	_	_	linguistic	_	none	_	_	_	_	_	0-2(133)
551-3	PST059	551	551	3	dire	dire	_	_	_	_	_	linguistic	_	none	_	_	_	_	_	_
551-4	PST059	551	551	4	una	una	_	_	_	_	_	linguistic	_	none	_	_	_	_	_	_
551-5	PST059	551	551	5	parola	parola	_	_	_	_	_	linguistic	_	none	_	End=1377.961	_	_	_	_
552-0	PST212	552	552	0	sì	sì	_	_	_	_	_	linguistic	_	none	_	Begin=1378.305	_	_	_	_
552-1	PST212	552	552	1	sì	sì	_	_	_	_	_	linguistic	_	none	_	_	_	_	_	_
552-2	PST212	552	552	2	sì	sì	_	_	_	_	_	linguistic	_	none	_	End=1378.895	_	_	_	_
553-0	PST059	553	553	0	cioè	cioè	_	_	_	_	_	linguistic	_	none	_	Begin=1378.895	_	_	_	_
553-1	PST059	553	553	1	il	il	_	_	_	_	_	linguistic	_	none	_	_	_	_	_	_
553-2	PST059	553	553	2	mio	mio	_	_	_	_	_	linguistic	_	none	_	_	_	_	_	_
553-3	PST059	553	553	3	che	che	_	_	_	_	_	linguistic	_	none	_	_	_	_	_	_
553-4	PST059	553	553	4	era	era	_	_	_	_	_	linguistic	_	none	_	_	_	_	_	_
553-5	PST059	553	553	5	piccolo	piccolo	_	_	_	_	_	linguistic	_	none	_	_	_	_	_	_
553-6	PST059	553	553	6	e	e	_	_	_	_	_	linguistic	_	none	_	_	_	_	_	_
553-7	PST059	553	553	7	stava	stava	_	_	_	_	_	linguistic	_	none	_	_	_	_	_	_
553-8	PST059	553	553	8	malissimo	malissimo	_	_	_	_	_	linguistic	_	none	_	_	_	_	_	_
553-9	PST059	553	553	9	piangeva	piangeva	_	_	_	_	_	linguistic	_	none	_	_	_	_	_	_
553-10	PST059	553	553	10	quando	quando	_	_	_	_	_	linguistic	_	none	_	_	_	_	_	_
553-11	PST059	553	553	11	la	la	_	_	_	_	_	linguistic	_	none	_	_	_	_	_	_
553-12	PST059	553	553	12	bisnonna	bisnonna	_	_	_	_	_	linguistic	_	none	_	_	_	_	_	_
553-13	PST059	553	553	13	gli	gli	_	_	_	_	_	linguistic	_	none	_	_	_	_	_	_
553-14	PST059	553	553	14	raccontava	raccontava	_	_	_	_	_	linguistic	_	none	_	_	_	_	_	_
553-15	PST059	553	553	15	le	le	_	_	_	_	_	linguistic	_	none	_	_	_	_	_	_
553-16	PST059	553	553	16	fiabe:	fiabe	_	_	_	_	_	linguistic	_	none	_	End=1384.043	4x1	_	_	_
554-0	PST059	554	554	0	tutto	tutto	_	_	_	_	_	linguistic	_	none	_	Begin=1384.334	_	_	_	_
554-1	PST059	554	554	1	quanto:	quanto	_	_	_	_	_	linguistic	_	none	_	_	5x1	_	_	_
554-2	PST059	554	554	2	mo'	mo'	_	_	_	_	_	linguistic	_	none	Truncated=Yes	_	_	_	_	_
554-3	PST059	554	554	3	che	che	_	_	_	_	_	linguistic	_	none	_	_	_	_	_	_
554-4	PST059	554	554	4	è	è	_	_	_	_	_	linguistic	_	none	_	_	_	_	_	_
554-5	PST059	554	554	5	mancata	mancata	_	_	_	_	_	linguistic	_	none	_	_	_	_	_	_
554-6	PST059	554	554	6	da	da	_	_	_	_	_	linguistic	_	none	_	_	_	_	_	_
554-7	PST059	554	554	7	due	due	_	_	_	_	_	linguistic	_	none	_	_	_	_	_	_
554-8	PST059	554	554	8	anni	anni	_	_	_	_	_	linguistic	_	none	_	End=1386.874	_	_	_	_
555-0	PST059	555	555	0	non	non	_	_	_	_	_	linguistic	_	none	_	Begin=1387.0	_	_	_	_
555-1	PST059	555	555	1	vuole	vuole	_	_	_	_	_	linguistic	_	none	_	_	_	_	_	_
555-2	PST059	555	555	2	tornare	tornare	_	_	_	_	_	linguistic	_	none	_	_	_	_	_	_
555-3	PST059	555	555	3	a	a	_	_	_	_	_	linguistic	_	none	_	_	_	_	_	_
555-4	PST059	555	555	4	casa	casa	_	_	_	_	_	linguistic	_	none	_	End=1388.68	_	_	_	_
556-0	PST212	556	556	0	okay	okay	_	_	_	_	_	linguistic	_	none	_	Begin=1388.68|End=1389.449	_	_	_	_
557-0	PST059	557	557	0	va	va	_	_	_	_	_	linguistic	_	none	_	Begin=1389.536	_	_	_	_
557-1	PST059	557	557	1	a	a	_	_	_	_	_	linguistic	_	none	_	_	_	_	_	_
557-2	PST059	557	557	2	casa	casa	_	_	_	_	_	linguistic	_	none	_	_	_	_	_	_
557-3	PST059	557	557	3	mo'	mo'	_	_	_	_	_	linguistic	_	none	Truncated=Yes|PauseAfter=Yes	_	_	_	_	_
557-4	PST059	557	557	4	(.)	(.)	_	_	_	_	_	shortpause	_	none	_	_	_	_	_	_
557-5	PST059	557	557	5	più	più	_	_	_	_	_	linguistic	_	none	_	_	_	_	_	_
557-6	PST059	557	557	6	che	che	_	_	_	_	_	linguistic	_	none	_	_	_	_	_	_
557-7	PST059	557	557	7	altro	altro	_	_	_	_	_	linguistic	_	none	_	_	_	_	_	_
557-8	PST059	557	557	8	che	che	_	_	_	_	_	linguistic	_	none	_	_	_	_	_	_
557-9	PST059	557	557	9	vanno	vanno	_	_	_	_	_	linguistic	_	none	_	_	_	_	_	_
557-10	PST059	557	557	10	con	con	_	_	_	_	_	linguistic	_	none	_	_	_	_	_	_
557-11	PST059	557	557	11	loro:	loro	_	_	_	_	_	linguistic	_	none	_	_	3x1	_	_	_
557-12	PST059	557	557	12	fanno:	fanno	_	_	_	_	_	linguistic	_	none	_	_	4x1	_	_	_
557-13	PST059	557	557	13	vanno	vanno	_	_	_	_	_	linguistic	_	none	_	_	_	_	_	_
557-14	PST059	557	557	14	una	una	_	_	_	_	_	linguistic	_	none	_	_	_	_	_	_
557-15	PST059	557	557	15	setti[mana	settimana	_	_	_	_	_	linguistic	_	none	_	_	_	_	_	5-9(134)
557-16	PST059	557	557	16	pri:ma:	prima	_	_	_	_	_	linguistic	_	none	_	_	2x1,4x1	_	_	0-5(134)
557-17	PST059	557	557	17	sì]	sì	_	_	_	_	_	linguistic	_	none	_	End=1395.1	_	_	_	0-2(134)
558-0	PST212	558	558	0	[ah	ah	_	_	_	_	_	linguistic	_	none	_	Begin=1393.803	_	_	_	0-2(134)
558-1	PST212	558	558	1	vanno:	vanno	_	_	_	_	_	linguistic	_	none	_	_	4x1	_	_	0-5(134)
558-2	PST212	558	558	2	fanno	fanno	_	_	_	_	_	linguistic	_	none	_	_	_	_	_	0-5(134)
558-3	PST212	558	558	3	delle]	delle	_	_	_	_	_	linguistic	_	none	_	_	_	_	_	0-5(134)
558-4	PST212	558	558	4	gite	gite	_	_	_	_	_	linguistic	_	none	_	End=1395.587	_	_	_	_
559-0	PST059	559	559	0	sì	sì	_	_	_	_	_	linguistic	_	none	_	Begin=1395.62	_	_	_	_
559-1	PST059	559	559	1	sì	sì	_	_	_	_	_	linguistic	_	none	_	End=1396.28	_	_	_	_
560-0	PST059	560	560	0	quindi:	quindi	_	_	_	_	_	linguistic	_	none	_	Begin=1396.64	5x1	_	_	_
560-1	PST059	560	560	1	se	se	_	_	_	_	_	linguistic	_	none	_	_	_	_	_	_
560-2	PST059	560	560	2	no	no	_	_	_	_	_	linguistic	_	none	_	_	_	_	_	_
560-3	PST059	560	560	3	non	non	_	_	_	_	_	linguistic	_	none	_	_	_	_	_	_
560-4	PST059	560	560	4	vorrebbe	vorrebbe	_	_	_	_	_	linguistic	_	none	_	_	_	_	_	_
560-5	PST059	560	560	5	tornare	tornare	_	_	_	_	_	linguistic	_	none	_	_	_	_	_	_
560-6	PST059	560	560	6	a	a	_	_	_	_	_	linguistic	_	none	_	_	_	_	_	_
560-7	PST059	560	560	7	casa	casa	_	_	_	_	_	linguistic	_	none	_	_	_	_	_	_
560-8	PST059	560	560	8	dice	dice	_	_	_	_	_	linguistic	_	none	_	_	_	_	_	_
560-9	PST059	560	560	9	la	la	_	_	_	_	_	linguistic	_	none	_	_	_	_	_	_
560-10	PST059	560	560	10	bisnonna	bisnonna	_	_	_	_	_	linguistic	_	none	_	_	_	_	_	_
560-11	PST059	560	560	11	non	non	_	_	_	_	_	linguistic	_	none	_	_	_	_	_	_
560-12	PST059	560	560	12	c'	c'	_	_	_	_	_	linguistic	_	none	SpaceAfter=No	_	_	_	_	_
560-13	PST059	560	560	13	è	è	_	_	_	_	_	linguistic	_	none	_	_	_	_	_	_
560-14	PST059	560	560	14	questo	questo	_	_	_	_	_	linguistic	_	none	_	_	_	_	_	_
560-15	PST059	560	560	15	non	non	_	_	_	_	_	linguistic	_	none	_	_	_	_	_	_
560-16	PST059	560	560	16	è	è	_	_	_	_	_	linguistic	_	none	_	_	_	_	_	_
560-17	PST059	560	560	17	loro	loro	_	_	_	_	_	linguistic	_	none	_	_	_	_	_	_
560-18	PST059	560	560	18	non	non	_	_	_	_	_	linguistic	_	none	_	_	_	_	_	_
560-19	PST059	560	560	19	stavano	stavano	_	_	_	_	_	linguistic	_	none	_	_	_	_	_	_
560-20	PST059	560	560	20	in	in	_	_	_	_	_	linguistic	_	none	_	_	_	_	_	_
560-21	PST059	560	560	21	casa	casa	_	_	_	_	_	linguistic	_	none	_	_	_	_	_	_
560-22	PST059	560	560	22	con	con	_	_	_	_	_	linguistic	_	none	_	_	_	_	_	_
560-23	PST059	560	560	23	noi	noi	_	_	_	_	_	linguistic	_	none	_	_	_	_	_	_
560-24	PST059	560	560	24	loro	loro	_	_	_	_	_	linguistic	_	none	_	_	_	_	_	_
560-25	PST059	560	560	25	stavano	stavano	_	_	_	_	_	linguistic	_	none	_	_	_	_	_	_
560-26	PST059	560	560	26	dalla	dalla	_	_	_	_	_	linguistic	_	none	_	_	_	_	_	_
560-27	PST059	560	560	27	la	la	_	_	_	_	_	linguistic	_	none	_	_	_	_	_	_
560-28	PST059	560	560	28	bisnonna	bisnonna	_	_	_	_	_	linguistic	_	none	_	End=1403.491	_	_	_	_
561-0	PST059	561	561	0	arrivati	arrivati	_	_	_	_	_	linguistic	_	none	_	Begin=1403.87	_	_	_	_
561-1	PST059	561	561	1	lì::	lì	_	_	_	_	_	linguistic	_	none	_	End=1405.15	1x2	_	_	_
562-0	PST059	562	562	0	che	che	_	_	_	_	_	linguistic	_	none	_	Begin=1405.375	_	_	_	_
562-1	PST059	562	562	1	gli	gli	_	_	_	_	_	linguistic	_	none	_	_	_	_	_	_
562-2	PST059	562	562	2	dicevo	dicevo	_	_	_	_	_	linguistic	_	none	_	_	_	_	_	_
562-3	PST059	562	562	3	eh	eh	_	_	_	_	_	linguistic	_	none	_	_	_	_	_	_
562-4	PST059	562	562	4	andiamo	andiamo	_	_	_	_	_	linguistic	_	none	_	_	_	_	_	_
562-5	PST059	562	562	5	che	che	_	_	_	_	_	linguistic	_	none	_	_	_	_	_	_
562-6	PST059	562	562	6	and~	and~	_	_	_	_	_	linguistic	_	none	Interrupted=Yes	_	_	_	_	_
562-7	PST059	562	562	7	vado	vado	_	_	_	_	_	linguistic	_	none	_	_	_	_	_	_
562-8	PST059	562	562	8	da	da	_	_	_	_	_	linguistic	_	none	_	_	_	_	_	_
562-9	PST059	562	562	9	mia	mia	_	_	_	_	_	linguistic	_	none	_	_	_	_	_	_
562-10	PST059	562	562	10	mamma	mamma	_	_	_	_	_	linguistic	_	none	_	_	_	_	_	_
562-11	PST059	562	562	11	andiamo	andiamo	_	_	_	_	_	linguistic	_	none	_	_	_	_	_	_
562-12	PST059	562	562	12	dalla	dalla	_	_	_	_	_	linguistic	_	none	_	_	_	_	_	_
562-13	PST059	562	562	13	nonna	nonna	_	_	_	_	_	linguistic	_	none	_	_	_	_	_	_
562-14	PST059	562	562	14	no	no	_	_	_	_	_	linguistic	_	none	_	_	_	_	_	_
562-15	PST059	562	562	15	no	no	_	_	_	_	_	linguistic	_	none	_	_	_	_	_	_
562-16	PST059	562	562	16	no	no	_	_	_	_	_	linguistic	_	none	_	_	_	_	_	_
562-17	PST059	562	562	17	vai	vai	_	_	_	_	_	linguistic	_	none	_	_	_	_	_	_
562-18	PST059	562	562	18	tu,	tu	_	_	_	_	_	linguistic	_	none	Intonation=WeaklyRising	End=1410.21	_	_	_	_
563-0	PST059	563	563	0	noi	noi	_	_	_	_	_	linguistic	_	none	_	Begin=1410.607	_	_	_	_
563-1	PST059	563	563	1	stiamo	stiamo	_	_	_	_	_	linguistic	_	none	_	_	_	_	_	_
563-2	PST059	563	563	2	qua	qua	_	_	_	_	_	linguistic	_	none	_	_	_	_	_	_
563-3	PST059	563	563	3	che	che	_	_	_	_	_	linguistic	_	none	_	_	_	_	_	_
563-4	PST059	563	563	4	stiamo	stiamo	_	_	_	_	_	linguistic	_	none	_	_	_	_	_	_
563-5	PST059	563	563	5	bene	bene	_	_	_	_	_	linguistic	_	none	_	End=1412.277	_	_	_	_
564-0	PST212	564	564	0	sì	sì	_	_	_	_	_	linguistic	_	none	_	Begin=1412.277|End=1412.737	_	_	_	_
565-0	PST059	565	565	0	[quindi:]	quindi	_	_	_	_	_	linguistic	_	none	_	Begin=1413.12|End=1413.92	5x1	_	_	0-6(135)
566-0	PST212	566	566	0	[ma	ma	_	_	_	_	_	linguistic	_	none	_	Begin=1413.12	_	_	_	0-2(135)
566-1	PST212	566	566	1	e]	e	_	_	_	_	_	linguistic	_	none	_	End=1413.92	_	_	_	0-1(135)
567-0	PST212	567	567	0	tuo	tuo	_	_	_	_	_	linguistic	_	none	_	Begin=1413.921	_	_	_	_
567-1	PST212	567	567	1	marito	marito	_	_	_	_	_	linguistic	_	none	_	_	_	_	_	_
567-2	PST212	567	567	2	viene	viene	_	_	_	_	_	linguistic	_	none	_	_	_	_	_	_
567-3	PST212	567	567	3	sempre	sempre	_	_	_	_	_	linguistic	_	none	_	_	_	_	_	_
567-4	PST212	567	567	4	da	da	_	_	_	_	_	linguistic	_	none	_	_	_	_	_	_
567-5	PST212	567	567	5	quella:	quella	_	_	_	_	_	linguistic	_	none	_	_	5x1	_	_	_
567-6	PST212	567	567	6	stessa	stessa	_	_	_	_	_	linguistic	_	none	_	_	_	_	_	_
567-7	PST212	567	567	7	parte	parte	_	_	_	_	_	linguistic	_	none	_	_	_	_	_	_
567-8	PST212	567	567	8	della	della	_	_	_	_	_	linguistic	_	none	_	_	_	_	_	_
567-9	PST212	567	567	9	romania	romania	_	_	_	_	_	linguistic	_	none	_	End=1417.093	_	_	_	_
568-0	PST059	568	568	0	un:	un	_	_	_	_	_	linguistic	_	none	_	Begin=1417.052	1x1	_	_	_
568-1	PST059	568	568	1	venti	venti	_	_	_	_	_	linguistic	_	none	_	_	_	_	_	_
568-2	PST059	568	568	2	minuti	minuti	_	_	_	_	_	linguistic	_	none	_	_	_	_	_	_
568-3	PST059	568	568	3	da	da	_	_	_	_	_	linguistic	_	none	_	_	_	_	_	_
568-4	PST059	568	568	4	c[asa	casa	_	_	_	_	_	linguistic	_	none	_	_	_	_	_	1-4(137)
568-5	PST059	568	568	5	mia	mia	_	_	_	_	_	linguistic	_	none	_	_	_	_	_	0-3(137)
568-6	PST059	568	568	6	a	a	_	_	_	_	_	linguistic	_	none	_	_	_	_	_	0-1(137)
568-7	PST059	568	568	7	casa:	casa	_	_	_	_	_	linguistic	_	none	_	_	3x1	_	_	0-4(137)
568-8	PST059	568	568	8	sì:	sì	_	_	_	_	_	linguistic	_	none	PauseAfter=Yes	_	1x1	_	_	0-2(137)
568-9	PST059	568	568	9	(.)	(.)	_	_	_	_	_	shortpause	_	none	_	_	_	_	_	_
568-10	PST059	568	568	10	sì	sì	_	_	_	_	_	linguistic	_	none	_	_	_	_	_	0-2(137)
568-11	PST059	568	568	11	sì]	sì	_	_	_	_	_	linguistic	_	none	_	End=1420.53	_	_	_	0-2(137)
569-0	PST212	569	569	0	[ah	ah	_	_	_	_	_	linguistic	_	none	_	Begin=1418.33	_	_	_	0-2(137)
569-1	PST212	569	569	1	comunque	comunque	_	_	_	_	_	linguistic	_	none	_	_	_	_	_	0-8(137)
569-2	PST212	569	569	2	abbastanza	abbastanza	_	_	_	_	_	linguistic	_	none	_	_	_	_	_	0-10(137)
569-3	PST212	569	569	3	vicino	vicino	_	_	_	_	_	linguistic	_	none	_	_	_	_	_	0-6(137)
569-4	PST212	569	569	4	sì	sì	_	_	_	_	_	linguistic	_	none	_	_	_	_	_	0-2(137)
569-5	PST212	569	569	5	sì]	sì	_	_	_	_	_	linguistic	_	none	_	_	_	_	_	0-2(137)
569-6	PST212	569	569	6	sì	sì	_	_	_	_	_	linguistic	_	none	_	End=1421.115	_	_	_	_
570-0	PST059	570	570	0	quindi	quindi	_	_	_	_	_	linguistic	_	none	_	Begin=1422.006	_	_	_	_
570-1	PST059	570	570	1	non:	non	_	_	_	_	_	linguistic	_	none	_	_	2x1	_	_	_
570-2	PST059	570	570	2	però:	però	_	_	_	_	_	linguistic	_	none	_	_	3x1	_	_	_
570-3	PST059	570	570	3	loro	loro	_	_	_	_	_	linguistic	_	none	_	_	_	_	_	_
570-4	PST059	570	570	4	sono	sono	_	_	_	_	_	linguistic	_	none	_	_	_	_	_	_
570-5	PST059	570	570	5	più:	più	_	_	_	_	_	linguistic	_	none	_	End=1425.104	2x1	_	_	_
571-0	PST059	571	571	0	però	però	_	_	_	_	_	linguistic	_	none	_	Begin=1427.81	_	_	_	_
571-1	PST059	571	571	1	è	è	_	_	_	_	_	linguistic	_	none	_	_	_	_	_	_
571-2	PST059	571	571	2	bello	bello	_	_	_	_	_	linguistic	_	none	_	_	_	_	_	_
571-3	PST059	571	571	3	quando	quando	_	_	_	_	_	linguistic	_	none	_	_	_	_	_	_
571-4	PST059	571	571	4	e:h	eh	_	_	_	_	_	linguistic	_	none	_	_	0x1	_	_	_
571-5	PST059	571	571	5	li	li	_	_	_	_	_	linguistic	_	none	_	_	_	_	_	_
571-6	PST059	571	571	6	vedi	vedi	_	_	_	_	_	linguistic	_	none	_	_	_	_	_	_
571-7	PST059	571	571	7	che	che	_	_	_	_	_	linguistic	_	none	_	_	_	_	_	_
571-8	PST059	571	571	8	stanno	stanno	_	_	_	_	_	linguistic	_	none	_	_	_	_	_	_
571-9	PST059	571	571	9	tutti	tutti	_	_	_	_	_	linguistic	_	none	_	_	_	_	_	_
571-10	PST059	571	571	10	insieme	insieme	_	_	_	_	_	linguistic	_	none	_	_	_	_	_	_
571-11	PST059	571	571	11	lì	lì	_	_	_	_	_	linguistic	_	none	_	_	_	_	_	_
571-12	PST059	571	571	12	proprio:	proprio	_	_	_	_	_	linguistic	_	none	_	End=1431.936	6x1	_	_	_
572-0	PST212	572	572	0	sì	sì	_	_	_	_	_	linguistic	_	none	_	Begin=1431.936|End=1432.43	_	_	_	_
573-0	PST059	573	573	0	a	a	_	_	_	_	_	linguistic	_	none	_	Begin=1433.673	_	_	_	_
573-1	PST059	573	573	1	me:	me	_	_	_	_	_	linguistic	_	none	_	End=1434.587	1x1	_	_	_
574-0	PST059	574	574	0	io	io	_	_	_	_	_	linguistic	_	none	_	Begin=1435.08	_	_	_	_
574-1	PST059	574	574	1	son	son	_	_	_	_	_	linguistic	_	none	_	_	_	_	_	_
574-2	PST059	574	574	2	contenta	contenta	_	_	_	_	_	linguistic	_	none	_	End=1436.08	_	_	_	_
575-0	PST059	575	575	0	che	che	_	_	_	_	_	linguistic	_	none	_	Begin=1436.907	_	_	_	_
575-1	PST059	575	575	1	non	non	_	_	_	_	_	linguistic	_	none	_	_	_	_	_	_
575-2	PST059	575	575	2	è	è	_	_	_	_	_	linguistic	_	none	_	_	_	_	_	_
575-3	PST059	575	575	3	sta	sta	_	_	_	_	_	linguistic	_	none	_	_	_	_	_	_
575-4	PST059	575	575	4	differenza	differenza	_	_	_	_	_	linguistic	_	none	_	_	_	_	_	_
575-5	PST059	575	575	5	tra:	tra	_	_	_	_	_	linguistic	_	none	_	_	2x1	_	_	_
575-6	PST059	575	575	6	vedi:	vedi	_	_	_	_	_	linguistic	_	none	_	_	3x1	_	_	_
575-7	PST059	575	575	7	anche	anche	_	_	_	_	_	linguistic	_	none	_	_	_	_	_	_
575-8	PST059	575	575	8	a	a	_	_	_	_	_	linguistic	_	none	_	_	_	_	_	_
575-9	PST059	575	575	9	scuola	scuola	_	_	_	_	_	linguistic	_	none	_	_	_	_	_	_
575-10	PST059	575	575	10	qua	qua	_	_	_	_	_	linguistic	_	none	_	_	_	_	_	_
575-11	PST059	575	575	11	quando:	quando	_	_	_	_	_	linguistic	_	none	_	_	5x1	_	_	_
575-12	PST059	575	575	12	tu	tu	_	_	_	_	_	linguistic	_	none	_	_	_	_	_	_
575-13	PST059	575	575	13	sei:	sei	_	_	_	_	_	linguistic	_	none	_	_	2x1	_	_	_
575-14	PST059	575	575	14	ah	ah	_	_	_	_	_	linguistic	_	none	_	_	_	_	_	_
575-15	PST059	575	575	15	tu	tu	_	_	_	_	_	linguistic	_	none	_	_	_	_	_	_
575-16	PST059	575	575	16	non	non	_	_	_	_	_	linguistic	_	none	_	_	_	_	_	_
575-17	PST059	575	575	17	hai	hai	_	_	_	_	_	linguistic	_	none	_	_	_	_	_	_
575-18	PST059	575	575	18	i	i	_	_	_	_	_	linguistic	_	none	_	_	_	_	_	_
575-19	PST059	575	575	19	vestiti	vestiti	_	_	_	_	_	linguistic	_	none	_	_	_	_	_	_
575-20	PST059	575	575	20	firmati	firmati	_	_	_	_	_	linguistic	_	none	_	_	_	_	_	_
575-21	PST059	575	575	21	non	non	_	_	_	_	_	linguistic	_	none	_	_	_	_	_	_
575-22	PST059	575	575	22	[così	così	_	_	_	_	_	linguistic	_	none	_	_	_	_	_	0-4(138)
575-23	PST059	575	575	23	tu:]	tu	_	_	_	_	_	linguistic	_	none	_	End=1445.352	1x1	_	_	0-2(138)
576-0	PST212	576	576	0	[m:h]	mh	_	_	_	_	_	linguistic	_	none	_	Begin=1444.28|End=1444.98	0x1	_	_	0-2(138)
577-0	PST059	577	577	0	cominciano	cominciano	_	_	_	_	_	linguistic	_	none	_	Begin=1445.93	_	_	_	_
577-1	PST059	577	577	1	a	a	_	_	_	_	_	linguistic	_	none	_	_	_	_	_	_
577-2	PST059	577	577	2	far[e	fare	_	_	_	_	_	linguistic	_	none	_	_	_	_	_	3-4(139)
577-3	PST059	577	577	3	ste:	ste	_	_	_	_	_	linguistic	_	none	_	_	2x1	_	_	0-3(139)
577-4	PST059	577	577	4	sì:]	sì	_	_	_	_	_	linguistic	_	none	_	End=1447.96	1x1	_	_	0-2(139)
578-0	PST212	578	578	0	[c'	c'	_	_	_	_	_	linguistic	_	none	SpaceAfter=No	Begin=1446.79	_	_	_	0-2(139)
578-1	PST212	578	578	1	è	è	_	_	_	_	_	linguistic	_	none	_	_	_	_	_	0-1(139)
578-2	PST212	578	578	2	tanto	tanto	_	_	_	_	_	linguistic	_	none	_	_	_	_	_	0-5(139)
578-3	PST212	578	578	3	questa:]	questa	_	_	_	_	_	linguistic	_	none	_	_	5x1	_	_	0-6(139)
578-4	PST212	578	578	4	sì?	sì	_	_	_	_	_	linguistic	_	none	Intonation=Rising	End=1448.35	_	_	_	_
579-0	PST059	579	579	0	sì	sì	_	_	_	_	_	linguistic	_	none	_	Begin=1448.35	_	_	_	_
579-1	PST059	579	579	1	sì	sì	_	_	_	_	_	linguistic	_	none	_	End=1448.91	_	_	_	_
580-0	PST212	580	580	0	mh	mh	_	_	_	_	_	linguistic	_	none	_	Begin=1448.976|End=1449.595	_	_	_	_
581-0	PST059	581	581	0	mia	mia	_	_	_	_	_	linguistic	_	none	_	Begin=1450.365	_	_	_	_
581-1	PST059	581	581	1	figlia	figlia	_	_	_	_	_	linguistic	_	none	_	_	_	_	_	_
581-2	PST059	581	581	2	non	non	_	_	_	_	_	linguistic	_	none	_	_	_	_	_	_
581-3	PST059	581	581	3	patisce	patisce	_	_	_	_	_	linguistic	_	none	_	_	_	_	_	_
581-4	PST059	581	581	4	perché	perché	_	_	_	_	_	linguistic	_	none	_	_	_	_	_	_
581-5	PST059	581	581	5	quella	quella	_	_	_	_	_	linguistic	_	none	_	_	_	_	_	_
581-6	PST059	581	581	6	non	non	_	_	_	_	_	linguistic	_	none	_	_	_	_	_	_
581-7	PST059	581	581	7	gliene	gliene	_	_	_	_	_	linguistic	_	none	_	_	_	_	_	_
581-8	PST059	581	581	8	frega	frega	_	_	_	_	_	linguistic	_	none	_	_	_	_	_	_
581-9	PST059	581	581	9	niente	niente	_	_	_	_	_	linguistic	_	none	_	_	_	_	_	_
581-10	PST059	581	581	10	di	di	_	_	_	_	_	linguistic	_	none	_	_	_	_	_	_
581-11	PST059	581	581	11	quello	quello	_	_	_	_	_	linguistic	_	none	_	_	_	_	_	_
581-12	PST059	581	581	12	che	che	_	_	_	_	_	linguistic	_	none	_	_	_	_	_	_
581-13	PST059	581	581	13	parla	parla	_	_	_	_	_	linguistic	_	none	_	_	_	_	_	_
581-14	PST059	581	581	14	l'	l'	_	_	_	_	_	linguistic	_	none	SpaceAfter=No	_	_	_	_	_
581-15	PST059	581	581	15	altro	altro	_	_	_	_	_	linguistic	_	none	PauseAfter=Yes	_	_	_	_	_
581-16	PST059	581	581	16	(.)	(.)	_	_	_	_	_	shortpause	_	none	_	_	_	_	_	_
581-17	PST059	581	581	17	quindi:	quindi	_	_	_	_	_	linguistic	_	none	_	End=1455.052	5x1	_	_	_
582-0	PST059	582	582	0	abituata	abituata	_	_	_	_	_	linguistic	_	none	_	Begin=1455.27	_	_	_	_
582-1	PST059	582	582	1	che	che	_	_	_	_	_	linguistic	_	none	_	_	_	_	_	_
582-2	PST059	582	582	2	nessuno	nessuno	_	_	_	_	_	linguistic	_	none	_	_	_	_	_	_
582-3	PST059	582	582	3	la	la	_	_	_	_	_	linguistic	_	none	_	_	_	_	_	_
582-4	PST059	582	582	4	calcola	calcola	_	_	_	_	_	linguistic	_	none	_	_	_	_	_	_
582-5	PST059	582	582	5	lei	lei	_	_	_	_	_	linguistic	_	none	_	_	_	_	_	_
582-6	PST059	582	582	6	è	è	_	_	_	_	_	linguistic	_	none	_	_	_	_	_	_
582-7	PST059	582	582	7	abituata	abituata	_	_	_	_	_	linguistic	_	none	_	_	_	_	_	_
582-8	PST059	582	582	8	a	a	_	_	_	_	_	linguistic	_	none	_	_	_	_	_	_
582-9	PST059	582	582	9	farsi	farsi	_	_	_	_	_	linguistic	_	none	_	_	_	_	_	_
582-10	PST059	582	582	10	affari	affari	_	_	_	_	_	linguistic	_	none	_	_	_	_	_	_
582-11	PST059	582	582	11	suoi	suoi	_	_	_	_	_	linguistic	_	none	_	_	_	_	_	_
582-12	PST059	582	582	12	punto	punto	_	_	_	_	_	linguistic	_	none	_	_	_	_	_	_
582-13	PST059	582	582	13	e	e	_	_	_	_	_	linguistic	_	none	_	_	_	_	_	_
582-14	PST059	582	582	14	basta	basta	_	_	_	_	_	linguistic	_	none	_	_	_	_	_	_
582-15	PST059	582	582	15	infatti	infatti	_	_	_	_	_	linguistic	_	none	_	_	_	_	_	_
582-16	PST059	582	582	16	mi	mi	_	_	_	_	_	linguistic	_	none	_	_	_	_	_	_
582-17	PST059	582	582	17	ha	ha	_	_	_	_	_	linguistic	_	none	_	_	_	_	_	_
582-18	PST059	582	582	18	detto	detto	_	_	_	_	_	linguistic	_	none	_	_	_	_	_	_
582-19	PST059	582	582	19	mamma	mamma	_	_	_	_	_	linguistic	_	none	_	End=1460.611	_	_	_	_
583-0	PST059	583	583	0	a	a	_	_	_	_	_	linguistic	_	none	_	Begin=1461.085	_	_	_	_
583-1	PST059	583	583	1	scuola	scuola	_	_	_	_	_	linguistic	_	none	_	_	_	_	_	_
583-2	PST059	583	583	2	mia	mia	_	_	_	_	_	linguistic	_	none	_	_	_	_	_	_
583-3	PST059	583	583	3	se	se	_	_	_	_	_	linguistic	_	none	_	_	_	_	_	_
583-4	PST059	583	583	4	non	non	_	_	_	_	_	linguistic	_	none	_	_	_	_	_	_
583-5	PST059	583	583	5	fumi	fumi	_	_	_	_	_	linguistic	_	none	_	_	_	_	_	_
583-6	PST059	583	583	6	ti	ti	_	_	_	_	_	linguistic	_	none	_	_	_	_	_	_
583-7	PST059	583	583	7	chiedono	chiedono	_	_	_	_	_	linguistic	_	none	_	_	_	_	_	_
583-8	PST059	583	583	8	solo	solo	_	_	_	_	_	linguistic	_	none	_	_	_	_	_	_
583-9	PST059	583	583	9	ti	ti	_	_	_	_	_	linguistic	_	none	_	_	_	_	_	_
583-10	PST059	583	583	10	salutano	salutano	_	_	_	_	_	linguistic	_	none	_	_	_	_	_	_
583-11	PST059	583	583	11	solo	solo	_	_	_	_	_	linguistic	_	none	_	_	_	_	_	_
583-12	PST059	583	583	12	per	per	_	_	_	_	_	linguistic	_	none	_	_	_	_	_	_
583-13	PST059	583	583	13	chiederti	chiederti	_	_	_	_	_	linguistic	_	none	_	_	_	_	_	_
583-14	PST059	583	583	14	una	una	_	_	_	_	_	linguistic	_	none	_	_	_	_	_	_
583-15	PST059	583	583	15	sigaretta	sigaretta	_	_	_	_	_	linguistic	_	none	_	_	_	_	_	_
583-16	PST059	583	583	16	se	se	_	_	_	_	_	linguistic	_	none	_	_	_	_	_	_
583-17	PST059	583	583	17	non	non	_	_	_	_	_	linguistic	_	none	_	_	_	_	_	_
583-18	PST059	583	583	18	fumi	fumi	_	_	_	_	_	linguistic	_	none	_	_	_	_	_	_
583-19	PST059	583	583	19	non:	non	_	_	_	_	_	linguistic	_	none	_	End=1466.86	2x1	_	_	_
584-0	PST212	584	584	0	wo:w	wow	_	_	_	_	_	linguistic	_	none	_	Begin=1466.86	1x1	_	_	_
584-1	PST212	584	584	1	((ride))	((ride))	_	_	_	_	_	nonverbalbehavior	_	none	_	End=1467.729	_	_	_	_
585-0	PST059	585	585	0	sì	sì	_	_	_	_	_	linguistic	_	none	_	Begin=1468.04	_	_	_	_
585-1	PST059	585	585	1	quindi::	quindi	_	_	_	_	_	linguistic	_	none	_	End=1469.59	5x2	_	_	_
586-0	PST059	586	586	0	l'	l'	_	_	_	_	_	linguistic	_	none	SpaceAfter=No	Begin=1470.439	_	_	_	_
586-1	PST059	586	586	1	altro	altro	_	_	_	_	_	linguistic	_	none	_	_	_	_	_	_
586-2	PST059	586	586	2	patisce	patisce	_	_	_	_	_	linguistic	_	none	_	_	_	_	_	_
586-3	PST059	586	586	3	un	un	_	_	_	_	_	linguistic	_	none	_	_	_	_	_	_
586-4	PST059	586	586	4	po'	po'	_	_	_	_	_	linguistic	_	none	_	_	_	_	_	_
586-5	PST059	586	586	5	di	di	_	_	_	_	_	linguistic	_	none	_	_	_	_	_	_
586-6	PST059	586	586	6	più	più	_	_	_	_	_	linguistic	_	none	_	_	_	_	_	_
586-7	PST059	586	586	7	che	che	_	_	_	_	_	linguistic	_	none	_	_	_	_	_	_
586-8	PST059	586	586	8	l'	l'	_	_	_	_	_	linguistic	_	none	SpaceAfter=No	_	_	_	_	_
586-9	PST059	586	586	9	altro	altro	_	_	_	_	_	linguistic	_	none	_	_	_	_	_	_
586-10	PST059	586	586	10	si	si	_	_	_	_	_	linguistic	_	none	_	_	_	_	_	_
586-11	PST059	586	586	11	fa	fa	_	_	_	_	_	linguistic	_	none	_	_	_	_	_	_
586-12	PST059	586	586	12	un	un	_	_	_	_	_	linguistic	_	none	_	_	_	_	_	_
586-13	PST059	586	586	13	po'	po'	_	_	_	_	_	linguistic	_	none	_	_	_	_	_	_
586-14	PST059	586	586	14	tirare	tirare	_	_	_	_	_	linguistic	_	none	_	_	_	_	_	_
586-15	PST059	586	586	15	ah	ah	_	_	_	_	_	linguistic	_	none	_	_	_	_	_	_
586-16	PST059	586	586	16	ma	ma	_	_	_	_	_	linguistic	_	none	_	_	_	_	_	_
586-17	PST059	586	586	17	perché	perché	_	_	_	_	_	linguistic	_	none	_	_	_	_	_	_
586-18	PST059	586	586	18	quello	quello	_	_	_	_	_	linguistic	_	none	_	_	_	_	_	_
586-19	PST059	586	586	19	può	può	_	_	_	_	_	linguistic	_	none	_	_	_	_	_	_
586-20	PST059	586	586	20	fare	fare	_	_	_	_	_	linguistic	_	none	_	_	_	_	_	_
586-21	PST059	586	586	21	così	così	_	_	_	_	_	linguistic	_	none	_	_	_	_	_	_
586-22	PST059	586	586	22	e	e	_	_	_	_	_	linguistic	_	none	_	_	_	_	_	_
586-23	PST059	586	586	23	io	io	_	_	_	_	_	linguistic	_	none	_	_	_	_	_	_
586-24	PST059	586	586	24	non	non	_	_	_	_	_	linguistic	_	none	_	_	_	_	_	_
586-25	PST059	586	586	25	posso	posso	_	_	_	_	_	linguistic	_	none	_	_	_	_	_	_
586-26	PST059	586	586	26	fare	fare	_	_	_	_	_	linguistic	_	none	_	_	_	_	_	_
586-27	PST059	586	586	27	così	così	_	_	_	_	_	linguistic	_	none	_	End=1476.334	_	_	_	_
587-0	PST059	587	587	0	perché	perché	_	_	_	_	_	linguistic	_	none	_	Begin=1477.311	_	_	_	_
587-1	PST059	587	587	1	quello:	quello	_	_	_	_	_	linguistic	_	none	_	_	5x1	_	_	_
587-2	PST059	587	587	2	se	se	_	_	_	_	_	linguistic	_	none	_	_	_	_	_	_
587-3	PST059	587	587	3	si	si	_	_	_	_	_	linguistic	_	none	_	_	_	_	_	_
587-4	PST059	587	587	4	butta	butta	_	_	_	_	_	linguistic	_	none	_	_	_	_	_	_
587-5	PST059	587	587	5	dalla	dalla	_	_	_	_	_	linguistic	_	none	_	_	_	_	_	_
587-6	PST059	587	587	6	finestra	finestra	_	_	_	_	_	linguistic	_	none	_	_	_	_	_	_
587-7	PST059	587	587	7	io	io	_	_	_	_	_	linguistic	_	none	_	_	_	_	_	_
587-8	PST059	587	587	8	non	non	_	_	_	_	_	linguistic	_	none	_	_	_	_	_	_
587-9	PST059	587	587	9	mi	mi	_	_	_	_	_	linguistic	_	none	_	_	_	_	_	_
587-10	PST059	587	587	10	posso	posso	_	_	_	_	_	linguistic	_	none	_	_	_	_	_	_
587-11	PST059	587	587	11	buttare	buttare	_	_	_	_	_	linguistic	_	none	_	_	_	_	_	_
587-12	PST059	587	587	12	dalla	dalla	_	_	_	_	_	linguistic	_	none	_	_	_	_	_	_
587-13	PST059	587	587	13	finestra	finestra	_	_	_	_	_	linguistic	_	none	_	End=1481.706	_	_	_	_
588-0	PST059	588	588	0	è	è	_	_	_	_	_	linguistic	_	none	_	Begin=1482.373	_	_	_	_
588-1	PST059	588	588	1	un	un	_	_	_	_	_	linguistic	_	none	_	_	_	_	_	_
588-2	PST059	588	588	2	po'	po'	_	_	_	_	_	linguistic	_	none	_	_	_	_	_	_
588-3	PST059	588	588	3	così	così	_	_	_	_	_	linguistic	_	none	_	End=1483.34	_	_	_	_
589-0	PST059	589	589	0	quindi	quindi	_	_	_	_	_	linguistic	_	none	_	Begin=1483.42	_	_	_	_
589-1	PST059	589	589	1	sull'	sull'	_	_	_	_	_	linguistic	_	none	SpaceAfter=No	_	_	_	_	_
589-2	PST059	589	589	2	altro:	altro	_	_	_	_	_	linguistic	_	none	_	_	4x1	_	_	_
589-3	PST059	589	589	3	stiamo	stiamo	_	_	_	_	_	linguistic	_	none	_	_	_	_	_	_
589-4	PST059	589	589	4	lavorand[o	lavorando	_	_	_	_	_	linguistic	_	none	_	_	_	_	_	7-9(140)
589-5	PST059	589	589	5	tanto	tanto	_	_	_	_	_	linguistic	_	none	_	_	_	_	_	0-5(140)
589-6	PST059	589	589	6	per]ché	perché	_	_	_	_	_	linguistic	_	none	_	End=1486.88	_	_	_	0-3(140)
590-0	PST212	590	590	0	[mh	mh	_	_	_	_	_	linguistic	_	none	_	Begin=1485.82	_	_	_	0-2(140)
590-1	PST212	590	590	1	mh]	mh	_	_	_	_	_	linguistic	_	none	_	End=1486.53	_	_	_	0-2(140)
591-0	PST059	591	591	0	non	non	_	_	_	_	_	linguistic	_	none	_	Begin=1487.05	_	_	_	_
591-1	PST059	591	591	1	puoi	puoi	_	_	_	_	_	linguistic	_	none	_	_	_	_	_	_
591-2	PST059	591	591	2	fare	fare	_	_	_	_	_	linguistic	_	none	_	_	_	_	_	_
591-3	PST059	591	591	3	tutto	tutto	_	_	_	_	_	linguistic	_	none	_	_	_	_	_	_
591-4	PST059	591	591	4	quello	quello	_	_	_	_	_	linguistic	_	none	_	_	_	_	_	_
591-5	PST059	591	591	5	che	che	_	_	_	_	_	linguistic	_	none	_	_	_	_	_	_
591-6	PST059	591	591	6	fanno:	fanno	_	_	_	_	_	linguistic	_	none	_	End=1489.01	4x1	_	_	_
592-0	PST212	592	592	0	certo	certo	_	_	_	_	_	linguistic	_	none	_	Begin=1489.01|End=1489.674	_	_	_	_
593-0	PST212	593	593	0	beh	beh	_	_	_	_	_	linguistic	_	none	_	Begin=1489.88	_	_	_	_
593-1	PST212	593	593	1	ma[gari	magari	_	_	_	_	_	linguistic	_	none	_	_	_	_	_	2-6(141)
593-2	PST212	593	593	2	è	è	_	_	_	_	_	linguistic	_	none	_	_	_	_	_	0-1(141)
593-3	PST212	593	593	3	anche	anche	_	_	_	_	_	linguistic	_	none	_	_	_	_	_	0-5(141)
593-4	PST212	593	593	4	più	più	_	_	_	_	_	linguistic	_	none	_	_	_	_	_	0-3(141)
593-5	PST212	593	593	5	piccolo]	piccolo	_	_	_	_	_	linguistic	_	none	_	End=1492.03	_	_	_	0-7(141)
594-0	PST059	594	594	0	[che	che	_	_	_	_	_	linguistic	_	none	_	Begin=1490.27	_	_	_	0-3(141)
594-1	PST059	594	594	1	ci	ci	_	_	_	_	_	linguistic	_	none	_	_	_	_	_	0-2(141)
594-2	PST059	594	594	2	sono	sono	_	_	_	_	_	linguistic	_	none	_	_	_	_	_	0-4(141)
594-3	PST059	594	594	3	ragazzini:]	ragazzini	_	_	_	_	_	linguistic	_	none	_	_	8x1	_	_	0-9(141)
594-4	PST059	594	594	4	all'	all'	_	_	_	_	_	linguistic	_	none	SpaceAfter=No	_	_	_	_	_
594-5	PST059	594	594	5	età	età	_	_	_	_	_	linguistic	_	none	_	_	_	_	_	_
594-6	PST059	594	594	6	sua	sua	_	_	_	_	_	linguistic	_	none	_	_	_	_	_	_
594-7	PST059	594	594	7	che::	che	_	_	_	_	_	linguistic	_	none	_	End=1493.484	2x2	_	_	_
595-0	PST059	595	595	0	per	per	_	_	_	_	_	linguistic	_	none	_	Begin=1493.55	_	_	_	_
595-1	PST059	595	595	1	esempio	esempio	_	_	_	_	_	linguistic	_	none	_	_	_	_	_	_
595-2	PST059	595	595	2	vanno	vanno	_	_	_	_	_	linguistic	_	none	_	_	_	_	_	_
595-3	PST059	595	595	3	escono	escono	_	_	_	_	_	linguistic	_	none	_	_	_	_	_	_
595-4	PST059	595	595	4	fuori	fuori	_	_	_	_	_	linguistic	_	none	_	_	_	_	_	_
595-5	PST059	595	595	5	a	a	_	_	_	_	_	linguistic	_	none	_	_	_	_	_	_
595-6	PST059	595	595	6	mangiare	mangiare	_	_	_	_	_	linguistic	_	none	_	_	_	_	_	_
595-7	PST059	595	595	7	da	da	_	_	_	_	_	linguistic	_	none	_	_	_	_	_	_
595-8	PST059	595	595	8	soli	soli	_	_	_	_	_	linguistic	_	none	_	_	_	_	_	_
595-9	PST059	595	595	9	escono::	escono	_	_	_	_	_	linguistic	_	none	_	End=1497.476	5x2	_	_	_
596-0	PST059	596	596	0	al	al	_	_	_	_	_	linguistic	_	none	_	Begin=1497.79	_	_	_	_
596-1	PST059	596	596	1	parco	parco	_	_	_	_	_	linguistic	_	none	_	_	_	_	_	_
596-2	PST059	596	596	2	vanno	vanno	_	_	_	_	_	linguistic	_	none	_	_	_	_	_	_
596-3	PST059	596	596	3	non:	non	_	_	_	_	_	linguistic	_	none	_	_	2x1	_	_	_
596-4	PST059	596	596	4	invece	invece	_	_	_	_	_	linguistic	_	none	_	_	_	_	_	_
596-5	PST059	596	596	5	no	no	_	_	_	_	_	linguistic	_	none	_	_	_	_	_	_
596-6	PST059	596	596	6	tu	tu	_	_	_	_	_	linguistic	_	none	_	_	_	_	_	_
596-7	PST059	596	596	7	mi	mi	_	_	_	_	_	linguistic	_	none	_	_	_	_	_	_
596-8	PST059	596	596	8	devi	devi	_	_	_	_	_	linguistic	_	none	_	_	_	_	_	_
596-9	PST059	596	596	9	chiamare	chiamare	_	_	_	_	_	linguistic	_	none	_	_	_	_	_	_
596-10	PST059	596	596	10	quando	quando	_	_	_	_	_	linguistic	_	none	_	_	_	_	_	_
596-11	PST059	596	596	11	sei	sei	_	_	_	_	_	linguistic	_	none	_	_	_	_	_	_
596-12	PST059	596	596	12	arrivato	arrivato	_	_	_	_	_	linguistic	_	none	_	_	_	_	_	_
596-13	PST059	596	596	13	al	al	_	_	_	_	_	linguistic	_	none	_	_	_	_	_	_
596-14	PST059	596	596	14	centro	centro	_	_	_	_	_	linguistic	_	none	PauseAfter=Yes	_	_	_	_	_
596-15	PST059	596	596	15	(.)	(.)	_	_	_	_	_	shortpause	_	none	_	_	_	_	_	_
596-16	PST059	596	596	16	quando	quando	_	_	_	_	_	linguistic	_	none	_	_	_	_	_	_
596-17	PST059	596	596	17	torni	torni	_	_	_	_	_	linguistic	_	none	_	_	_	_	_	_
596-18	PST059	596	596	18	a	a	_	_	_	_	_	linguistic	_	none	_	_	_	_	_	_
596-19	PST059	596	596	19	casa	casa	_	_	_	_	_	linguistic	_	none	_	_	_	_	_	_
596-20	PST059	596	596	20	quando:	quando	_	_	_	_	_	linguistic	_	none	_	_	5x1	_	_	_
596-21	PST059	596	596	21	io	io	_	_	_	_	_	linguistic	_	none	_	_	_	_	_	_
596-22	PST059	596	596	22	devo	devo	_	_	_	_	_	linguistic	_	none	_	_	_	_	_	_
596-23	PST059	596	596	23	sapere	sapere	_	_	_	_	_	linguistic	_	none	_	_	_	_	_	_
596-24	PST059	596	596	24	dove	dove	_	_	_	_	_	linguistic	_	none	_	_	_	_	_	_
596-25	PST059	596	596	25	sei	sei	_	_	_	_	_	linguistic	_	none	_	End=1505.551	_	_	_	_
597-0	PST059	597	597	0	invece	invece	_	_	_	_	_	linguistic	_	none	_	Begin=1506.18	_	_	_	_
597-1	PST059	597	597	1	per	per	_	_	_	_	_	linguistic	_	none	_	_	_	_	_	_
597-2	PST059	597	597	2	lui	lui	_	_	_	_	_	linguistic	_	none	_	_	_	_	_	_
597-3	PST059	597	597	3	è	è	_	_	_	_	_	linguistic	_	none	_	_	_	_	_	_
597-4	PST059	597	597	4	un	un	_	_	_	_	_	linguistic	_	none	_	_	_	_	_	_
597-5	PST059	597	597	5	po':	po'	_	_	_	_	_	linguistic	_	none	_	End=1507.862	1x1	_	_	_
598-0	PST059	598	598	0	meno	meno	_	_	_	_	_	linguistic	_	none	_	Begin=1508.14	_	_	_	_
598-1	PST059	598	598	1	male	male	_	_	_	_	_	linguistic	_	none	_	_	_	_	_	_
598-2	PST059	598	598	2	che:	che	_	_	_	_	_	linguistic	_	none	_	_	2x1	_	_	_
598-3	PST059	598	598	3	l'	l'	_	_	_	_	_	linguistic	_	none	SpaceAfter=No	_	_	_	_	_
598-4	PST059	598	598	4	altra	altra	_	_	_	_	_	linguistic	_	none	_	_	_	_	_	_
598-5	PST059	598	598	5	non	non	_	_	_	_	_	linguistic	_	none	_	_	_	_	_	_
598-6	PST059	598	598	6	l'	l'	_	_	_	_	_	linguistic	_	none	SpaceAfter=No	_	_	_	_	_
598-7	PST059	598	598	7	abbandona	abbandona	_	_	_	_	_	linguistic	_	none	_	_	_	_	_	_
598-8	PST059	598	598	8	mai	mai	_	_	_	_	_	linguistic	_	none	_	End=1510.39	_	_	_	_
599-0	PST059	599	599	0	mamma	mamma	_	_	_	_	_	linguistic	_	none	_	Begin=1510.95	_	_	_	_
599-1	PST059	599	599	1	siamo	siamo	_	_	_	_	_	linguistic	_	none	_	_	_	_	_	_
599-2	PST059	599	599	2	arrivati	arrivati	_	_	_	_	_	linguistic	_	none	_	_	_	_	_	_
599-3	PST059	599	599	3	qua	qua	_	_	_	_	_	linguistic	_	none	_	_	_	_	_	_
599-4	PST059	599	599	4	tuo	tuo	_	_	_	_	_	linguistic	_	none	_	_	_	_	_	_
599-5	PST059	599	599	5	figlio	figlio	_	_	_	_	_	linguistic	_	none	_	_	_	_	_	_
599-6	PST059	599	599	6	sta	sta	_	_	_	_	_	linguistic	_	none	_	_	_	_	_	_
599-7	PST059	599	599	7	bene	bene	_	_	_	_	_	linguistic	_	none	_	_	_	_	_	_
599-8	PST059	599	599	8	anche	anche	_	_	_	_	_	linguistic	_	none	_	_	_	_	_	_
599-9	PST059	599	599	9	quando	quando	_	_	_	_	_	linguistic	_	none	_	_	_	_	_	_
599-10	PST059	599	599	10	lo	lo	_	_	_	_	_	linguistic	_	none	_	_	_	_	_	_
599-11	PST059	599	599	11	porta	porta	_	_	_	_	_	linguistic	_	none	_	_	_	_	_	_
599-12	PST059	599	599	12	a	a	_	_	_	_	_	linguistic	_	none	_	_	_	_	_	_
599-13	PST059	599	599	13	scuola	scuola	_	_	_	_	_	linguistic	_	none	_	_	_	_	_	_
599-14	PST059	599	599	14	che:	che	_	_	_	_	_	linguistic	_	none	_	_	2x1	_	_	_
599-15	PST059	599	599	15	fa	fa	_	_	_	_	_	linguistic	_	none	_	_	_	_	_	_
599-16	PST059	599	599	16	la	la	_	_	_	_	_	linguistic	_	none	_	_	_	_	_	_
599-17	PST059	599	599	17	stessa	stessa	_	_	_	_	_	linguistic	_	none	_	_	_	_	_	_
599-18	PST059	599	599	18	[strada],	strada	_	_	_	_	_	linguistic	_	none	Intonation=WeaklyRising	End=1516.197	_	_	_	0-6(142)
600-0	PST212	600	600	0	[oka:y]	okay	_	_	_	_	_	linguistic	_	none	_	Begin=1515.53|End=1516.336	2x1	_	_	0-4(142)
601-0	PST059	601	601	0	mi	mi	_	_	_	_	_	linguistic	_	none	_	Begin=1516.47	_	_	_	_
601-1	PST059	601	601	1	chiama	chiama	_	_	_	_	_	linguistic	_	none	_	_	_	_	_	_
601-2	PST059	601	601	2	tuo	tuo	_	_	_	_	_	linguistic	_	none	_	_	_	_	_	_
601-3	PST059	601	601	3	figlio	figlio	_	_	_	_	_	linguistic	_	none	_	_	_	_	_	_
601-4	PST059	601	601	4	è	è	_	_	_	_	_	linguistic	_	none	_	_	_	_	_	_
601-5	PST059	601	601	5	entrato	entrato	_	_	_	_	_	linguistic	_	none	_	_	_	_	_	_
601-6	PST059	601	601	6	a	a	_	_	_	_	_	linguistic	_	none	_	_	_	_	_	_
601-7	PST059	601	601	7	scuola	scuola	_	_	_	_	_	linguistic	_	none	_	End=1518.52	_	_	_	_
602-0	PST059	602	602	0	((ride))	((ride))	_	_	_	_	_	nonverbalbehavior	_	none	_	Begin=1518.72|End=1519.56	_	_	_	_
603-0	PST059	603	603	0	[e	e	_	_	_	_	_	linguistic	_	none	_	Begin=1519.65	_	_	_	0-1(143)
603-1	PST059	603	603	1	poi:]	poi	_	_	_	_	_	linguistic	_	none	_	_	2x1	_	_	0-3(143)
603-2	PST059	603	603	2	prosegue	prosegue	_	_	_	_	_	linguistic	_	none	_	End=1521.39	_	_	_	_
604-0	PST212	604	604	0	[beh]	beh	_	_	_	_	_	linguistic	_	none	_	Begin=1519.67|End=1520.27	_	_	_	0-3(143)
605-0	PST059	605	605	0	sono	sono	_	_	_	_	_	linguistic	_	none	_	Begin=1521.585	_	_	_	_
605-1	PST059	605	605	1	arrivata	arrivata	_	_	_	_	_	linguistic	_	none	_	_	_	_	_	_
605-2	PST059	605	605	2	anch'	anch'	_	_	_	_	_	linguistic	_	none	SpaceAfter=No	_	_	_	_	_
605-3	PST059	605	605	3	io:	io	_	_	_	_	_	linguistic	_	none	PauseAfter=Yes	_	1x1	_	_	_
605-4	PST059	605	605	4	(.)	(.)	_	_	_	_	_	shortpause	_	none	_	_	_	_	_	_
605-5	PST059	605	605	5	boh	boh	_	_	_	_	_	linguistic	_	none	_	End=1523.33	_	_	_	_
606-0	PST059	606	606	0	chiude	chiude	_	_	_	_	_	linguistic	_	none	_	Begin=1523.73|End=1524.34	_	_	_	_
607-0	PST212	607	607	0	sì	sì	_	_	_	_	_	linguistic	_	none	_	Begin=1524.7	_	_	_	_
607-1	PST212	607	607	1	sì	sì	_	_	_	_	_	linguistic	_	none	_	_	_	_	_	_
607-2	PST212	607	607	2	[sì]	sì	_	_	_	_	_	linguistic	_	none	_	End=1525.43	_	_	_	0-2(144)
608-0	PST059	608	608	0	[e	e	_	_	_	_	_	linguistic	_	none	_	Begin=1524.99	_	_	_	0-1(144)
608-1	PST059	608	608	1	inve]ce::	invece	_	_	_	_	_	linguistic	_	none	_	_	5x2	_	_	0-4(144)
608-2	PST059	608	608	2	poi	poi	_	_	_	_	_	linguistic	_	none	_	_	_	_	_	_
608-3	PST059	608	608	3	quando	quando	_	_	_	_	_	linguistic	_	none	_	_	_	_	_	_
608-4	PST059	608	608	4	torna	torna	_	_	_	_	_	linguistic	_	none	_	_	_	_	_	_
608-5	PST059	608	608	5	da	da	_	_	_	_	_	linguistic	_	none	_	_	_	_	_	_
608-6	PST059	608	608	6	scuola	scuola	_	_	_	_	_	linguistic	_	none	_	_	_	_	_	_
608-7	PST059	608	608	7	passa	passa	_	_	_	_	_	linguistic	_	none	_	_	_	_	_	_
608-8	PST059	608	608	8	lo	lo	_	_	_	_	_	linguistic	_	none	_	_	_	_	_	_
608-9	PST059	608	608	9	riprende	riprende	_	_	_	_	_	linguistic	_	none	_	_	_	_	_	_
608-10	PST059	608	608	10	e	e	_	_	_	_	_	linguistic	_	none	_	_	_	_	_	_
608-11	PST059	608	608	11	vanno	vanno	_	_	_	_	_	linguistic	_	none	_	_	_	_	_	_
608-12	PST059	608	608	12	a	a	_	_	_	_	_	linguistic	_	none	_	_	_	_	_	_
608-13	PST059	608	608	13	casa	casa	_	_	_	_	_	linguistic	_	none	_	End=1529.312	_	_	_	_
609-0	PST212	609	609	0	che	che	_	_	_	_	_	linguistic	_	none	_	Begin=1529.426	_	_	_	_
609-1	PST212	609	609	1	bello	bello	_	_	_	_	_	linguistic	_	none	_	End=1530.106	_	_	_	_
610-0	PST059	610	610	0	però:	però	_	_	_	_	_	linguistic	_	none	_	Begin=1530.21|End=1531.09	3x1	_	_	_
611-0	PST059	611	611	0	no	no	_	_	_	_	_	linguistic	_	none	_	Begin=1531.35	_	_	_	_
611-1	PST059	611	611	1	no	no	_	_	_	_	_	linguistic	_	none	_	_	_	_	_	_
611-2	PST059	611	611	2	se	se	_	_	_	_	_	linguistic	_	none	_	_	_	_	_	_
611-3	PST059	611	611	3	fosse	fosse	_	_	_	_	_	linguistic	_	none	_	_	_	_	_	_
611-4	PST059	611	611	4	per	per	_	_	_	_	_	linguistic	_	none	_	_	_	_	_	_
611-5	PST059	611	611	5	lui:	lui	_	_	_	_	_	linguistic	_	none	ProsodicLink=Yes	_	2x1	_	_	_
611-6	PST059	611	611	6	a:h	ah	_	_	_	_	_	linguistic	_	none	_	_	0x1	_	_	_
611-7	PST059	611	611	7	l'	l'	_	_	_	_	_	linguistic	_	none	SpaceAfter=No	_	_	_	_	_
611-8	PST059	611	611	8	altro	altro	_	_	_	_	_	linguistic	_	none	_	_	_	_	_	_
611-9	PST059	611	611	9	non	non	_	_	_	_	_	linguistic	_	none	_	_	_	_	_	_
611-10	PST059	611	611	10	chiama	chiama	_	_	_	_	_	linguistic	_	none	_	_	_	_	_	_
611-11	PST059	611	611	11	mai	mai	_	_	_	_	_	linguistic	_	none	_	_	_	_	_	_
611-12	PST059	611	611	12	sua	sua	_	_	_	_	_	linguistic	_	none	_	_	_	_	_	_
611-13	PST059	611	611	13	madre	madre	_	_	_	_	_	linguistic	_	none	_	_	_	_	_	_
611-14	PST059	611	611	14	non	non	_	_	_	_	_	linguistic	_	none	_	_	_	_	_	_
611-15	PST059	611	611	15	lo	lo	_	_	_	_	_	linguistic	_	none	_	_	_	_	_	_
611-16	PST059	611	611	16	ha	ha	_	_	_	_	_	linguistic	_	none	_	_	_	_	_	_
611-17	PST059	611	611	17	disturbato	disturbato	_	_	_	_	_	linguistic	_	none	_	_	_	_	_	_
611-18	PST059	611	611	18	perché	perché	_	_	_	_	_	linguistic	_	none	_	_	_	_	_	_
611-19	PST059	611	611	19	mi	mi	_	_	_	_	_	linguistic	_	none	_	_	_	_	_	_
611-20	PST059	611	611	20	devi	devi	_	_	_	_	_	linguistic	_	none	_	_	_	_	_	_
611-21	PST059	611	611	21	disturbare	disturbare	_	_	_	_	_	linguistic	_	none	_	_	_	_	_	_
611-22	PST059	611	611	22	allora	allora	_	_	_	_	_	linguistic	_	none	_	_	_	_	_	_
611-23	PST059	611	611	23	togliamo	togliamo	_	_	_	_	_	linguistic	_	none	_	_	_	_	_	_
611-24	PST059	611	611	24	il	il	_	_	_	_	_	linguistic	_	none	_	_	_	_	_	_
611-25	PST059	611	611	25	telefono	telefono	_	_	_	_	_	linguistic	_	none	_	_	_	_	_	_
611-26	PST059	611	611	26	visto	visto	_	_	_	_	_	linguistic	_	none	_	_	_	_	_	_
611-27	PST059	611	611	27	che	che	_	_	_	_	_	linguistic	_	none	_	_	_	_	_	_
611-28	PST059	611	611	28	non	non	_	_	_	_	_	linguistic	_	none	_	_	_	_	_	_
611-29	PST059	611	611	29	vuoi	vuoi	_	_	_	_	_	linguistic	_	none	_	_	_	_	_	_
611-30	PST059	611	611	30	essere	essere	_	_	_	_	_	linguistic	_	none	_	_	_	_	_	_
611-31	PST059	611	611	31	disturbato	disturbato	_	_	_	_	_	linguistic	_	none	_	_	_	_	_	_
611-32	PST059	611	611	32	così	così	_	_	_	_	_	linguistic	_	none	_	_	_	_	_	_
611-33	PST059	611	611	33	nessuno	nessuno	_	_	_	_	_	linguistic	_	none	_	_	_	_	_	_
611-34	PST059	611	611	34	ti	ti	_	_	_	_	_	linguistic	_	none	_	_	_	_	_	_
611-35	PST059	611	611	35	distu[rba],	disturba	_	_	_	_	_	linguistic	_	none	Intonation=WeaklyRising	End=1541.45	_	_	_	4-8(145)
612-0	PST212	612	612	0	[mh]	mh	_	_	_	_	_	linguistic	_	none	_	Begin=1541.14	_	_	_	0-2(145)
612-1	PST212	612	612	1	mh	mh	_	_	_	_	_	linguistic	_	none	_	_	_	_	_	_
612-2	PST212	612	612	2	((ride))	((ride))	_	_	_	_	_	nonverbalbehavior	_	none	_	End=1542.63	_	_	_	_
613-0	PST212	613	613	0	non	non	_	_	_	_	_	linguistic	_	none	_	Begin=1542.63	_	_	_	_
613-1	PST212	613	613	1	penso	penso	_	_	_	_	_	linguistic	_	none	_	_	_	_	_	_
613-2	PST212	613	613	2	[sarebbe	sarebbe	_	_	_	_	_	linguistic	_	none	_	_	_	_	_	0-7(?)
613-3	PST212	613	613	3	d'	d'	_	_	_	_	_	linguistic	_	none	SpaceAfter=No	_	_	_	_	0-2(?)
613-4	PST212	613	613	4	accordo	accordo	_	_	_	_	_	linguistic	_	none	_	_	_	_	_	0-7(?)
613-5	PST212	613	613	5	eh]	eh	_	_	_	_	_	linguistic	_	none	_	_	_	_	_	0-2(?)
613-6	PST212	613	613	6	((ride))	((ride))	_	_	_	_	_	nonverbalbehavior	_	none	_	End=1544.67	_	_	_	_
614-0	PST059	614	614	0	((ride))	((ride))	_	_	_	_	_	nonverbalbehavior	_	none	_	Begin=1543.32|End=1544.66	_	_	_	_
615-0	PST059	615	615	0	eh	eh	_	_	_	_	_	linguistic	_	none	_	Begin=1544.67	_	_	_	_
615-1	PST059	615	615	1	[eh]	eh	_	_	_	_	_	linguistic	_	none	_	_	_	_	_	0-2(146)
615-2	PST059	615	615	2	((ridendo))	((ridendo))	_	_	_	_	_	nonverbalbehavior	_	none	_	End=1545.3	_	_	_	_
616-0	PST212	616	616	0	[eh]	eh	_	_	_	_	_	linguistic	_	none	_	Begin=1544.94|End=1545.31	_	_	_	0-2(146)
617-0	PST059	617	617	0	o	o	_	_	_	_	_	linguistic	_	none	_	Begin=1545.71	_	_	_	_
617-1	PST059	617	617	1	così	così	_	_	_	_	_	linguistic	_	none	_	_	_	_	_	_
617-2	PST059	617	617	2	o	o	_	_	_	_	_	linguistic	_	none	_	_	_	_	_	_
617-3	PST059	617	617	3	così:	così	_	_	_	_	_	linguistic	_	none	_	_	3x1	_	_	_
617-4	PST059	617	617	4	è	è	_	_	_	_	_	linguistic	_	none	_	_	_	_	_	_
617-5	PST059	617	617	5	inu~	inu~	_	_	_	_	_	linguistic	_	none	Interrupted=Yes	_	_	_	_	_
617-6	PST059	617	617	6	il	il	_	_	_	_	_	linguistic	_	none	_	_	_	_	_	_
617-7	PST059	617	617	7	telefono	telefono	_	_	_	_	_	linguistic	_	none	_	_	_	_	_	_
617-8	PST059	617	617	8	serve	serve	_	_	_	_	_	linguistic	_	none	_	_	_	_	_	_
617-9	PST059	617	617	9	a	a	_	_	_	_	_	linguistic	_	none	_	_	_	_	_	_
617-10	PST059	617	617	10	quello	quello	_	_	_	_	_	linguistic	_	none	_	End=1548.515	_	_	_	_
618-0	PST059	618	618	0	non	non	_	_	_	_	_	linguistic	_	none	_	Begin=1548.98	_	_	_	_
618-1	PST059	618	618	1	serve	serve	_	_	_	_	_	linguistic	_	none	_	_	_	_	_	_
618-2	PST059	618	618	2	a	a	_	_	_	_	_	linguistic	_	none	_	_	_	_	_	_
618-3	PST059	618	618	3	giocare	giocare	_	_	_	_	_	linguistic	_	none	PauseAfter=Yes	_	_	_	_	_
618-4	PST059	618	618	4	(.)	(.)	_	_	_	_	_	shortpause	_	none	_	_	_	_	_	_
618-5	PST059	618	618	5	gli	gli	_	_	_	_	_	linguistic	_	none	_	_	_	_	_	_
618-6	PST059	618	618	6	ho	ho	_	_	_	_	_	linguistic	_	none	_	_	_	_	_	_
618-7	PST059	618	618	7	detto	detto	_	_	_	_	_	linguistic	_	none	_	_	_	_	_	_
618-8	PST059	618	618	8	sempre	sempre	_	_	_	_	_	linguistic	_	none	_	_	_	_	_	_
618-9	PST059	618	618	9	il	il	_	_	_	_	_	linguistic	_	none	_	_	_	_	_	_
618-10	PST059	618	618	10	telefono	telefono	_	_	_	_	_	linguistic	_	none	_	_	_	_	_	_
618-11	PST059	618	618	11	serve	serve	_	_	_	_	_	linguistic	_	none	_	_	_	_	_	_
618-12	PST059	618	618	12	solo	solo	_	_	_	_	_	linguistic	_	none	_	End=1552.19	_	_	_	_
619-0	PST059	619	619	0	per	per	_	_	_	_	_	linguistic	_	none	_	Begin=1552.39	_	_	_	_
619-1	PST059	619	619	1	dire	dire	_	_	_	_	_	linguistic	_	none	_	_	_	_	_	_
619-2	PST059	619	619	2	mamma	mamma	_	_	_	_	_	linguistic	_	none	_	_	_	_	_	_
619-3	PST059	619	619	3	sono	sono	_	_	_	_	_	linguistic	_	none	_	_	_	_	_	_
619-4	PST059	619	619	4	lì	lì	_	_	_	_	_	linguistic	_	none	_	End=1553.866	_	_	_	_
620-0	PST059	620	620	0	faccio	faccio	_	_	_	_	_	linguistic	_	none	_	Begin=1554.19	_	_	_	_
620-1	PST059	620	620	1	quello	quello	_	_	_	_	_	linguistic	_	none	_	_	_	_	_	_
620-2	PST059	620	620	2	poi	poi	_	_	_	_	_	linguistic	_	none	_	_	_	_	_	_
620-3	PST059	620	620	3	torno	torno	_	_	_	_	_	linguistic	_	none	_	End=1555.82	_	_	_	_
621-0	PST059	621	621	0	non	non	_	_	_	_	_	linguistic	_	none	_	Begin=1556.09	_	_	_	_
621-1	PST059	621	621	1	che:	che	_	_	_	_	_	linguistic	_	none	_	_	2x1	_	_	_
621-2	PST059	621	621	2	torno	torno	_	_	_	_	_	linguistic	_	none	_	_	_	_	_	_
621-3	PST059	621	621	3	alle	alle	_	_	_	_	_	linguistic	_	none	_	_	_	_	_	_
621-4	PST059	621	621	4	cinque	cinque	_	_	_	_	_	linguistic	_	none	_	_	_	_	_	_
621-5	PST059	621	621	5	e	e	_	_	_	_	_	linguistic	_	none	_	_	_	_	_	_
621-6	PST059	621	621	6	tu	tu	_	_	_	_	_	linguistic	_	none	_	_	_	_	_	_
621-7	PST059	621	621	7	mi	mi	_	_	_	_	_	linguistic	_	none	_	_	_	_	_	_
621-8	PST059	621	621	8	vieni	vieni	_	_	_	_	_	linguistic	_	none	_	_	_	_	_	_
621-9	PST059	621	621	9	alle::	alle	_	_	_	_	_	linguistic	_	none	_	_	3x2	_	_	_
621-10	PST059	621	621	10	dieci	dieci	_	_	_	_	_	linguistic	_	none	_	_	_	_	_	_
621-11	PST059	621	621	11	di	di	_	_	_	_	_	linguistic	_	none	_	_	_	_	_	_
621-12	PST059	621	621	12	sera	sera	_	_	_	_	_	linguistic	_	none	_	_	_	_	_	_
621-13	PST059	621	621	13	a	a	_	_	_	_	_	linguistic	_	none	_	_	_	_	_	_
621-14	PST059	621	621	14	casa	casa	_	_	_	_	_	linguistic	_	none	_	_	_	_	_	_
621-15	PST059	621	621	15	non	non	_	_	_	_	_	linguistic	_	none	_	_	_	_	_	_
621-16	PST059	621	621	16	va	va	_	_	_	_	_	linguistic	_	none	_	_	_	_	_	_
621-17	PST059	621	621	17	bene	bene	_	_	_	_	_	linguistic	_	none	_	_	_	_	_	_
621-18	PST059	621	621	18	perché	perché	_	_	_	_	_	linguistic	_	none	_	_	_	_	_	_
621-19	PST059	621	621	19	non	non	_	_	_	_	_	linguistic	_	none	_	_	_	_	_	_
621-20	PST059	621	621	20	siamo:	siamo	_	_	_	_	_	linguistic	_	none	_	End=1561.847	4x1	_	_	_
622-0	PST212	622	622	0	sì	sì	_	_	_	_	_	linguistic	_	none	_	Begin=1562.75	_	_	_	_
622-1	PST212	622	622	1	sì	sì	_	_	_	_	_	linguistic	_	none	_	_	_	_	_	_
622-2	PST212	622	622	2	sì	sì	_	_	_	_	_	linguistic	_	none	_	End=1563.49	_	_	_	_
623-0	PST059	623	623	0	e	e	_	_	_	_	_	linguistic	_	none	_	Begin=1564.01	_	_	_	_
623-1	PST059	623	623	1	quindi::	quindi	_	_	_	_	_	linguistic	_	none	_	_	5x2	_	_	_
623-2	PST059	623	623	2	siamo	siamo	_	_	_	_	_	linguistic	_	none	_	_	_	_	_	_
623-3	PST059	623	623	3	un	un	_	_	_	_	_	linguistic	_	none	_	_	_	_	_	_
623-4	PST059	623	623	4	po':	po'	_	_	_	_	_	linguistic	_	none	PauseAfter=Yes	_	1x1	_	_	_
623-5	PST059	623	623	5	(.)	(.)	_	_	_	_	_	shortpause	_	none	_	_	_	_	_	_
623-6	PST059	623	623	6	però:	però	_	_	_	_	_	linguistic	_	none	_	End=1566.96	3x1	_	_	_
624-0	PST059	624	624	0	finché	finché	_	_	_	_	_	linguistic	_	none	_	Begin=1568.051	_	_	_	_
624-1	PST059	624	624	1	c'	c'	_	_	_	_	_	linguistic	_	none	SpaceAfter=No	_	_	_	_	_
624-2	PST059	624	624	2	è	è	_	_	_	_	_	linguistic	_	none	_	_	_	_	_	_
624-3	PST059	624	624	3	mia	mia	_	_	_	_	_	linguistic	_	none	_	_	_	_	_	_
624-4	PST059	624	624	4	figlia	figlia	_	_	_	_	_	linguistic	_	none	_	_	_	_	_	_
624-5	PST059	624	624	5	che:	che	_	_	_	_	_	linguistic	_	none	_	End=1569.79	2x1	_	_	_
625-0	PST059	625	625	0	non	non	_	_	_	_	_	linguistic	_	none	_	Begin=1570.61	_	_	_	_
625-1	PST059	625	625	1	lo	lo	_	_	_	_	_	linguistic	_	none	_	_	_	_	_	_
625-2	PST059	625	625	2	abbandona	abbandona	_	_	_	_	_	linguistic	_	none	_	_	_	_	_	_
625-3	PST059	625	625	3	mai	mai	_	_	_	_	_	linguistic	_	none	_	_	_	_	_	_
625-4	PST059	625	625	4	lei	lei	_	_	_	_	_	linguistic	_	none	_	_	_	_	_	_
625-5	PST059	625	625	5	((ride))	((ride))	_	_	_	_	_	nonverbalbehavior	_	none	_	_	_	_	_	_
625-6	PST059	625	625	6	sempre	sempre	_	_	_	_	_	linguistic	_	none	_	End=1573.461	_	_	_	_
626-0	PST212	626	626	0	brava	brava	_	_	_	_	_	linguistic	_	none	_	Begin=1573.72|End=1574.3	_	_	_	_
627-0	PST059	627	627	0	sì	sì	_	_	_	_	_	linguistic	_	none	_	Begin=1574.42	_	_	_	_
627-1	PST059	627	627	1	sì:	sì	_	_	_	_	_	linguistic	_	none	_	_	1x1	_	_	_
627-2	PST059	627	627	2	ma	ma	_	_	_	_	_	linguistic	_	none	_	_	_	_	_	_
627-3	PST059	627	627	3	poi	poi	_	_	_	_	_	linguistic	_	none	_	_	_	_	_	_
627-4	PST059	627	627	4	l'	l'	_	_	_	_	_	linguistic	_	none	SpaceAfter=No	_	_	_	_	_
627-5	PST059	627	627	5	altro	altro	_	_	_	_	_	linguistic	_	none	_	_	_	_	_	_
627-6	PST059	627	627	6	non	non	_	_	_	_	_	linguistic	_	none	_	_	_	_	_	_
627-7	PST059	627	627	7	è	è	_	_	_	_	_	linguistic	_	none	_	_	_	_	_	_
627-8	PST059	627	627	8	che	che	_	_	_	_	_	linguistic	_	none	_	_	_	_	_	_
627-9	PST059	627	627	9	gli	gli	_	_	_	_	_	linguistic	_	none	_	_	_	_	_	_
627-10	PST059	627	627	10	dice	dice	_	_	_	_	_	linguistic	_	none	_	_	_	_	_	_
627-11	PST059	627	627	11	vai	vai	_	_	_	_	_	linguistic	_	none	_	_	_	_	_	_
627-12	PST059	627	627	12	via	via	_	_	_	_	_	linguistic	_	none	_	_	_	_	_	_
627-13	PST059	627	627	13	no?	no	_	_	_	_	_	linguistic	_	none	Intonation=Rising	End=1577.527	_	_	_	_
628-0	PST059	628	628	0	ma	ma	_	_	_	_	_	linguistic	_	none	_	Begin=1578.212	_	_	_	_
628-1	PST059	628	628	1	tan[to	tanto	_	_	_	_	_	linguistic	_	none	_	_	_	_	_	3-5(147)
628-2	PST059	628	628	2	c'	c'	_	_	_	_	_	linguistic	_	none	SpaceAfter=No	_	_	_	_	0-2(147)
628-3	PST059	628	628	3	è	è	_	_	_	_	_	linguistic	_	none	_	_	_	_	_	0-1(147)
628-4	PST059	628	628	4	@anna]	@anna	_	_	_	_	_	anonymized	_	none	_	_	_	_	_	0-5(147)
628-5	PST059	628	628	5	con	con	_	_	_	_	_	linguistic	_	none	_	_	_	_	_	_
628-6	PST059	628	628	6	me	me	_	_	_	_	_	linguistic	_	none	_	_	_	_	_	_
628-7	PST059	628	628	7	quin[di	quindi	_	_	_	_	_	linguistic	_	none	_	_	_	_	_	3-6(148)
628-8	PST059	628	628	8	stai	stai	_	_	_	_	_	linguistic	_	none	_	_	_	_	_	0-4(148)
628-9	PST059	628	628	9	tranqui]lla	tranquilla	_	_	_	_	_	linguistic	_	none	_	_	_	_	_	0-7(148)
628-10	PST059	628	628	10	c'	c'	_	_	_	_	_	linguistic	_	none	SpaceAfter=No	_	_	_	_	_
628-11	PST059	628	628	11	è	è	_	_	_	_	_	linguistic	_	none	_	_	_	_	_	_
628-12	PST059	628	628	12	@anna	@anna	_	_	_	_	_	anonymized	_	none	_	_	_	_	_	_
628-13	PST059	628	628	13	con	con	_	_	_	_	_	linguistic	_	none	_	_	_	_	_	_
628-14	PST059	628	628	14	me	me	_	_	_	_	_	linguistic	_	none	_	End=1581.73	_	_	_	_
629-0	PST212	629	629	0	[sì	sì	_	_	_	_	_	linguistic	_	none	_	Begin=1578.53	_	_	_	0-2(147)
629-1	PST212	629	629	1	sì]	sì	_	_	_	_	_	linguistic	_	none	_	End=1579.18	_	_	_	0-2(147)
630-0	PST212	630	630	0	[okay]	okay	_	_	_	_	_	linguistic	_	none	_	Begin=1579.8|End=1580.51	_	_	_	0-4(148)
631-0	PST059	631	631	0	quindi:	quindi	_	_	_	_	_	linguistic	_	none	_	Begin=1582.8|End=1583.68	5x1	_	_	_
632-0	PST059	632	632	0	no	no	_	_	_	_	_	linguistic	_	none	_	Begin=1584.11	_	_	_	_
632-1	PST059	632	632	1	no	no	_	_	_	_	_	linguistic	_	none	_	_	_	_	_	_
632-2	PST059	632	632	2	però	però	_	_	_	_	_	linguistic	_	none	_	End=1585.15	_	_	_	_
633-0	PST059	633	633	0	non	non	_	_	_	_	_	linguistic	_	none	_	Begin=1586.06	_	_	_	_
633-1	PST059	633	633	1	esc~	esc~	_	_	_	_	_	linguistic	_	none	Interrupted=Yes	_	_	_	_	_
633-2	PST059	633	633	2	non	non	_	_	_	_	_	linguistic	_	none	_	_	_	_	_	_
633-3	PST059	633	633	3	escono	escono	_	_	_	_	_	linguistic	_	none	_	_	_	_	_	_
633-4	PST059	633	633	4	lì:	lì	_	_	_	_	_	linguistic	_	none	_	_	1x1	_	_	_
633-5	PST059	633	633	5	vicino	vicino	_	_	_	_	_	linguistic	_	none	_	_	_	_	_	_
633-6	PST059	633	633	6	al	al	_	_	_	_	_	linguistic	_	none	_	_	_	_	_	_
633-7	PST059	633	633	7	parco	parco	_	_	_	_	_	linguistic	_	none	_	_	_	_	_	_
633-8	PST059	633	633	8	non	non	_	_	_	_	_	linguistic	_	none	_	_	_	_	_	_
633-9	PST059	633	633	9	possono	possono	_	_	_	_	_	linguistic	_	none	_	_	_	_	_	_
633-10	PST059	633	633	10	andare	andare	_	_	_	_	_	linguistic	_	none	_	_	_	_	_	_
633-11	PST059	633	633	11	perché	perché	_	_	_	_	_	linguistic	_	none	_	_	_	_	_	_
633-12	PST059	633	633	12	or[mai	ormai	_	_	_	_	_	linguistic	_	none	_	_	_	_	_	2-5(149)
633-13	PST059	633	633	13	non	non	_	_	_	_	_	linguistic	_	none	_	_	_	_	_	0-3(149)
633-14	PST059	633	633	14	si	si	_	_	_	_	_	linguistic	_	none	_	_	_	_	_	0-2(149)
633-15	PST059	633	633	15	p]uò	può	_	_	_	_	_	linguistic	_	none	_	_	_	_	_	0-1(149)
633-16	PST059	633	633	16	and[are]	andare	_	_	_	_	_	linguistic	_	none	_	End=1590.893	_	_	_	3-6(150)
634-0	PST212	634	634	0	[mh	mh	_	_	_	_	_	linguistic	_	none	_	Begin=1589.601	_	_	_	0-2(149)
634-1	PST212	634	634	1	mh]	mh	_	_	_	_	_	linguistic	_	none	_	End=1590.181	_	_	_	0-2(149)
635-0	PST212	635	635	0	[sì]	sì	_	_	_	_	_	linguistic	_	none	_	Begin=1590.55|End=1590.98	_	_	_	0-2(150)
636-0	PST059	636	636	0	quindi	quindi	_	_	_	_	_	linguistic	_	none	_	Begin=1591.42	_	_	_	_
636-1	PST059	636	636	1	preferisco	preferisco	_	_	_	_	_	linguistic	_	none	_	_	_	_	_	_
636-2	PST059	636	636	2	che	che	_	_	_	_	_	linguistic	_	none	_	_	_	_	_	_
636-3	PST059	636	636	3	si	si	_	_	_	_	_	linguistic	_	none	_	_	_	_	_	_
636-4	PST059	636	636	4	fanno	fanno	_	_	_	_	_	linguistic	_	none	_	_	_	_	_	_
636-5	PST059	636	636	5	la	la	_	_	_	_	_	linguistic	_	none	_	_	_	_	_	_
636-6	PST059	636	636	6	strada	strada	_	_	_	_	_	linguistic	_	none	_	_	_	_	_	_
636-7	PST059	636	636	7	fino	fino	_	_	_	_	_	linguistic	_	none	_	_	_	_	_	_
636-8	PST059	636	636	8	qua:	qua	_	_	_	_	_	linguistic	_	none	_	_	2x1	_	_	_
636-9	PST059	636	636	9	e:	e	_	_	_	_	_	linguistic	_	none	_	_	0x1	_	_	_
636-10	PST059	636	636	10	stanno	stanno	_	_	_	_	_	linguistic	_	none	_	_	_	_	_	_
636-11	PST059	636	636	11	tutti	tutti	_	_	_	_	_	linguistic	_	none	_	_	_	_	_	_
636-12	PST059	636	636	12	insieme:	insieme	_	_	_	_	_	linguistic	_	none	_	End=1595.448	6x1	_	_	_
637-0	PST059	637	637	0	[tranqui]lli	tranquilli	_	_	_	_	_	linguistic	_	none	_	Begin=1596.66|End=1597.43	_	_	_	0-7(151)
638-0	PST212	638	638	0	[sì]	sì	_	_	_	_	_	linguistic	_	none	_	Begin=1596.66|End=1597.03	_	_	_	0-2(151)
639-0	PST059	639	639	0	così	così	_	_	_	_	_	linguistic	_	none	_	Begin=1598.86	_	_	_	_
639-1	PST059	639	639	1	io	io	_	_	_	_	_	linguistic	_	none	_	_	_	_	_	_
639-2	PST059	639	639	2	son	son	_	_	_	_	_	linguistic	_	none	_	_	_	_	_	_
639-3	PST059	639	639	3	tranquilla	tranquilla	_	_	_	_	_	linguistic	_	none	_	_	_	_	_	_
639-4	PST059	639	639	4	anche	anche	_	_	_	_	_	linguistic	_	none	_	_	_	_	_	_
639-5	PST059	639	639	5	a	a	_	_	_	_	_	linguistic	_	none	_	_	_	_	_	_
639-6	PST059	639	639	6	lavoro:	lavoro	_	_	_	_	_	linguistic	_	none	_	End=1601.14	5x1	_	_	_
640-0	PST059	640	640	0	son	son	_	_	_	_	_	linguistic	_	none	_	Begin=1601.53	_	_	_	_
640-1	PST059	640	640	1	tranquilla	tranquilla	_	_	_	_	_	linguistic	_	none	_	_	_	_	_	_
640-2	PST059	640	640	2	che	che	_	_	_	_	_	linguistic	_	none	_	_	_	_	_	_
640-3	PST059	640	640	3	loro	loro	_	_	_	_	_	linguistic	_	none	_	_	_	_	_	_
640-4	PST059	640	640	4	son	son	_	_	_	_	_	linguistic	_	none	_	_	_	_	_	_
640-5	PST059	640	640	5	qua	qua	_	_	_	_	_	linguistic	_	none	_	End=1603.05	_	_	_	_
641-0	PST059	641	641	0	fino	fino	_	_	_	_	_	linguistic	_	none	_	Begin=1603.64	_	_	_	_
641-1	PST059	641	641	1	alla	alla	_	_	_	_	_	linguistic	_	none	_	_	_	_	_	_
641-2	PST059	641	641	2	sera	sera	_	_	_	_	_	linguistic	_	none	_	_	_	_	_	_
641-3	PST059	641	641	3	nessuno	nessuno	_	_	_	_	_	linguistic	_	none	_	_	_	_	_	_
641-4	PST059	641	641	4	chiama	chiama	_	_	_	_	_	linguistic	_	none	_	_	_	_	_	_
641-5	PST059	641	641	5	nessuno:	nessuno	_	_	_	_	_	linguistic	_	none	_	End=1605.91	6x1	_	_	_
642-0	PST212	642	642	0	sì	sì	_	_	_	_	_	linguistic	_	none	_	Begin=1605.91	_	_	_	_
642-1	PST212	642	642	1	sì	sì	_	_	_	_	_	linguistic	_	none	_	_	_	_	_	_
642-2	PST212	642	642	2	sì	sì	_	_	_	_	_	linguistic	_	none	_	_	_	_	_	_
642-3	PST212	642	642	3	eh	eh	_	_	_	_	_	linguistic	_	none	_	_	_	_	_	_
642-4	PST212	642	642	4	sì	sì	_	_	_	_	_	linguistic	_	none	_	_	_	_	_	_
642-5	PST212	642	642	5	perché	perché	_	_	_	_	_	linguistic	_	none	_	_	_	_	_	_
642-6	PST212	642	642	6	stanno	stanno	_	_	_	_	_	linguistic	_	none	_	_	_	_	_	_
642-7	PST212	642	642	7	qua	qua	_	_	_	_	_	linguistic	_	none	_	_	_	_	_	_
642-8	PST212	642	642	8	tutto	tutto	_	_	_	_	_	linguistic	_	none	_	_	_	_	_	_
642-9	PST212	642	642	9	il	il	_	_	_	_	_	linguistic	_	none	_	_	_	_	_	_
642-10	PST212	642	642	10	giorno	giorno	_	_	_	_	_	linguistic	_	none	_	End=1608.148	_	_	_	_
643-0	PST059	643	643	0	sì	sì	_	_	_	_	_	linguistic	_	none	_	Begin=1608.69	_	_	_	_
643-1	PST059	643	643	1	sì	sì	_	_	_	_	_	linguistic	_	none	_	_	_	_	_	_
643-2	PST059	643	643	2	vengono	vengono	_	_	_	_	_	linguistic	_	none	_	_	_	_	_	_
643-3	PST059	643	643	3	al	al	_	_	_	_	_	linguistic	_	none	_	_	_	_	_	_
643-4	PST059	643	643	4	mattino	mattino	_	_	_	_	_	linguistic	_	none	_	_	_	_	_	_
643-5	PST059	643	643	5	alle	alle	_	_	_	_	_	linguistic	_	none	_	_	_	_	_	_
643-6	PST059	643	643	6	o:tto	otto	_	_	_	_	_	linguistic	_	none	_	_	0x1	_	_	_
643-7	PST059	643	643	7	domani	domani	_	_	_	_	_	linguistic	_	none	_	_	_	_	_	_
643-8	PST059	643	643	8	che	che	_	_	_	_	_	linguistic	_	none	_	_	_	_	_	_
643-9	PST059	643	643	9	vanno	vanno	_	_	_	_	_	linguistic	_	none	_	_	_	_	_	_
643-10	PST059	643	643	10	in	in	_	_	_	_	_	linguistic	_	none	_	_	_	_	_	_
643-11	PST059	643	643	11	piscina	piscina	_	_	_	_	_	linguistic	_	none	_	_	_	_	_	_
643-12	PST059	643	643	12	tornano	tornano	_	_	_	_	_	linguistic	_	none	_	_	_	_	_	_
643-13	PST059	643	643	13	alle	alle	_	_	_	_	_	linguistic	_	none	_	_	_	_	_	_
643-14	PST059	643	643	14	dieci	dieci	_	_	_	_	_	linguistic	_	none	_	_	_	_	_	_
643-15	PST059	643	643	15	di	di	_	_	_	_	_	linguistic	_	none	_	_	_	_	_	_
643-16	PST059	643	643	16	sera	sera	_	_	_	_	_	linguistic	_	none	_	_	_	_	_	_
643-17	PST059	643	643	17	quindi	quindi	_	_	_	_	_	linguistic	_	none	_	End=1613.45	_	_	_	_
644-0	PST212	644	644	0	wow	wow	_	_	_	_	_	linguistic	_	none	_	Begin=1613.83|End=1614.24	_	_	_	_
645-0	PST059	645	645	0	dalle	dalle	_	_	_	_	_	linguistic	_	none	_	Begin=1614.24	_	_	_	_
645-1	PST059	645	645	1	o:tto	otto	_	_	_	_	_	linguistic	_	none	_	_	0x1	_	_	_
645-2	PST059	645	645	2	fino:	fino	_	_	_	_	_	linguistic	_	none	_	_	3x1	_	_	_
645-3	PST059	645	645	3	((ride))	((ride))	_	_	_	_	_	nonverbalbehavior	_	none	PauseAfter=Yes	_	_	_	_	_
645-4	PST059	645	645	4	(.)	(.)	_	_	_	_	_	shortpause	_	none	_	_	_	_	_	_
645-5	PST059	645	645	5	siamo	siamo	_	_	_	_	_	linguistic	_	none	_	_	_	_	_	_
645-6	PST059	645	645	6	tranquilli	tranquilli	_	_	_	_	_	linguistic	_	none	_	End=1617.54	_	_	_	_
646-0	PST212	646	646	0	bene	bene	_	_	_	_	_	linguistic	_	none	_	Begin=1619.095|End=1619.815	_	_	_	_
647-0	PST212	647	647	0	va	va	_	_	_	_	_	linguistic	_	none	_	Begin=1620.4	_	_	_	_
647-1	PST212	647	647	1	bene	bene	_	_	_	_	_	linguistic	_	none	PauseAfter=Yes	_	_	_	_	_
647-2	PST212	647	647	2	(.)	(.)	_	_	_	_	_	shortpause	_	none	_	_	_	_	_	_
647-3	PST212	647	647	3	dai	dai	_	_	_	_	_	linguistic	_	none	_	_	_	_	_	_
647-4	PST212	647	647	4	grazie	grazie	_	_	_	_	_	linguistic	_	none	_	End=1622.271	_	_	_	_
648-0	PST059	648	648	0	di	di	_	_	_	_	_	linguistic	_	none	_	Begin=1622.44	_	_	_	_
648-1	PST059	648	648	1	niente	niente	_	_	_	_	_	linguistic	_	none	_	End=1623.36	_	_	_	_
