token_id	speaker	tu_id	unit	id	span	form	lemma	upos	xpos	feats	deprel	type	meta_label	variation	jefferson_feats	align	prolongations	pace	guesses	overlaps
0-0	PST211	0	0	0	eccoci	eccoci	_	_	_	_	_	linguistic	_	none	_	Begin=1.73|End=2.42	_	_	_	_
1-0	PST211	1	1	0	ciao	ciao	_	_	_	_	_	linguistic	_	none	_	Begin=2.92	_	_	_	_
1-1	PST211	1	1	1	mi:	mi	_	_	_	_	_	linguistic	_	none	_	End=4.07	1x1	_	_	_
2-0	PST211	2	2	0	@lucia	@lucia	_	_	_	_	_	anonymized	_	none	_	Begin=4.23|End=4.62	_	_	_	_
3-0	PST211	3	3	0	[giusto]?	giusto	_	_	_	_	_	linguistic	_	none	Intonation=Rising	Begin=4.7|End=5.31	_	_	_	0-6(2)
4-0	PST038	4	4	0	[@lucia]	@lucia	_	_	_	_	_	anonymized	_	none	_	Begin=4.71|End=5.3	_	_	_	0-6(2)
5-0	PST038	5	5	0	sì	sì	_	_	_	_	_	linguistic	_	none	ProsodicLink=Yes	Begin=5.43	_	_	_	_
5-1	PST038	5	5	1	sì	sì	_	_	_	_	_	linguistic	_	none	ProsodicLink=Yes	_	_	_	_	_
5-2	PST038	5	5	2	sì	sì	_	_	_	_	_	linguistic	_	none	_	End=6.12	_	_	_	_
6-0	PST211	6	6	0	e:	e	_	_	_	_	_	linguistic	_	none	_	Begin=6.28	0x1	_	_	_
6-1	PST211	6	6	1	da	da	_	_	_	_	_	linguistic	_	none	_	_	_	_	_	_
6-2	PST211	6	6	2	quanto	quanto	_	_	_	_	_	linguistic	_	none	_	_	_	_	_	_
6-3	PST211	6	6	3	tempo	tempo	_	_	_	_	_	linguistic	_	none	_	_	_	_	_	_
6-4	PST211	6	6	4	tu	tu	_	_	_	_	_	linguistic	_	none	_	_	_	_	_	_
6-5	PST211	6	6	5	sei	sei	_	_	_	_	_	linguistic	_	none	_	_	_	_	_	_
6-6	PST211	6	6	6	qui	qui	_	_	_	_	_	linguistic	_	none	_	_	_	_	_	_
6-7	PST211	6	6	7	in	in	_	_	_	_	_	linguistic	_	none	_	_	_	_	_	_
6-8	PST211	6	6	8	italia?	italia	_	_	_	_	_	linguistic	_	none	Intonation=Rising	End=8.333	_	_	_	_
7-0	PST038	7	7	0	allora	allora	_	_	_	_	_	linguistic	_	some	_	Begin=9.24	_	_	_	_
7-1	PST038	7	7	1	io	io	_	_	_	_	_	linguistic	_	some	_	_	_	_	_	_
7-2	PST038	7	7	2	sono	sono	_	_	_	_	_	linguistic	_	some	_	_	_	_	_	_
7-3	PST038	7	7	3	arrivata	arrivata	_	_	_	_	_	linguistic	_	some	_	_	_	_	_	_
7-4	PST038	7	7	4	qua	qua	_	_	_	_	_	linguistic	_	some	_	_	_	_	_	_
7-5	PST038	7	7	5	in	in	_	_	_	_	_	linguistic	_	some	_	_	_	_	_	_
7-6	PST038	7	7	6	italia	italia	_	_	_	_	_	linguistic	_	some	_	_	_	_	_	_
7-7	PST038	7	7	7	#e:l	el	_	_	_	_	_	linguistic	_	some	Language=NO_ISO_CODE|Variation=Token	End=11.32	0x1	_	_	_
8-0	PST038	8	8	0	quattordici	quattordici	_	_	_	_	_	linguistic	_	none	_	Begin=11.95	_	_	_	_
8-1	PST038	8	8	1	settembre	settembre	_	_	_	_	_	linguistic	_	none	_	End=13.36	_	_	_	_
9-0	PST038	9	9	0	de:l	del	_	_	_	_	_	linguistic	_	none	_	Begin=13.44	1x1	_	_	_
9-1	PST038	9	9	1	millenovecentonovantadue	millenovecentonovantadue	_	_	_	_	_	linguistic	_	none	_	End=15.15	_	_	_	_
10-0	PST211	10	10	0	ah	ah	_	_	_	_	_	linguistic	_	none	_	Begin=15.4	_	_	_	_
10-1	PST211	10	10	1	wow	wow	_	_	_	_	_	linguistic	_	none	_	End=16.13	_	_	_	_
11-0	PST211	11	11	0	quindi	quindi	_	_	_	_	_	linguistic	_	none	_	Begin=16.18	_	_	_	_
11-1	PST211	11	11	1	ormai	ormai	_	_	_	_	_	linguistic	_	none	_	_	_	_	_	_
11-2	PST211	11	11	2	un	un	_	_	_	_	_	linguistic	_	none	_	_	_	_	_	_
11-3	PST211	11	11	3	bel	bel	_	_	_	_	_	linguistic	_	none	_	_	_	_	_	_
11-4	PST211	11	11	4	po'	po'	_	_	_	_	_	linguistic	_	none	_	End=17.19	_	_	_	_
12-0	PST211	12	12	0	e:	e	_	_	_	_	_	linguistic	_	none	_	Begin=17.23	0x1	_	_	_
12-1	PST211	12	12	1	[hai	hai	_	_	_	_	_	linguistic	_	none	_	_	_	_	_	0-3(8)
12-2	PST211	12	12	2	sem]pre	sempre	_	_	_	_	_	linguistic	_	none	_	_	_	_	_	0-3(8)
12-3	PST211	12	12	3	vissuto	vissuto	_	_	_	_	_	linguistic	_	none	_	_	_	_	_	_
12-4	PST211	12	12	4	a	a	_	_	_	_	_	linguistic	_	none	_	_	_	_	_	_
12-5	PST211	12	12	5	torino	torino	_	_	_	_	_	linguistic	_	none	_	_	_	_	_	_
12-6	PST211	12	12	6	o	o	_	_	_	_	_	linguistic	_	none	_	_	_	_	_	_
12-7	PST211	12	12	7	sei	sei	_	_	_	_	_	linguistic	_	none	_	_	_	_	_	_
12-8	PST211	12	12	8	arrivata	arrivata	_	_	_	_	_	linguistic	_	none	_	_	_	_	_	_
12-9	PST211	12	12	9	in	in	_	_	_	_	_	linguistic	_	none	_	_	_	_	_	_
12-10	PST211	12	12	10	un	un	_	_	_	_	_	linguistic	_	none	_	_	_	_	_	_
12-11	PST211	12	12	11	altra	altra	_	_	_	_	_	linguistic	_	none	_	_	_	_	_	_
12-12	PST211	12	12	12	città	città	_	_	_	_	_	linguistic	_	none	_	End=19.69	_	_	_	_
13-0	PST038	13	13	0	[sì]	sì	_	_	_	_	_	linguistic	_	none	_	Begin=17.38|End=17.75	_	_	_	0-2(8)
14-0	PST038	14	14	0	no	no	_	_	_	_	_	linguistic	_	none	_	Begin=19.73	_	_	_	_
14-1	PST038	14	14	1	so~	so~	_	_	_	_	_	linguistic	_	none	Interrupted=Yes	_	_	_	_	_
14-2	PST038	14	14	2	no	no	_	_	_	_	_	linguistic	_	none	ProsodicLink=Yes	_	_	_	_	_
14-3	PST038	14	14	3	no	no	_	_	_	_	_	linguistic	_	none	ProsodicLink=Yes	_	_	_	_	_
14-4	PST038	14	14	4	no:	no	_	_	_	_	_	linguistic	_	none	_	_	1x1	_	_	_
14-5	PST038	14	14	5	sono	sono	_	_	_	_	_	linguistic	_	none	_	_	_	_	_	_
14-6	PST038	14	14	6	arrivata	arrivata	_	_	_	_	_	linguistic	_	none	_	_	_	_	_	_
14-7	PST038	14	14	7	direttamente	direttamente	_	_	_	_	_	linguistic	_	none	_	_	_	_	_	_
14-8	PST038	14	14	8	a	a	_	_	_	_	_	linguistic	_	none	_	_	_	_	_	_
14-9	PST038	14	14	9	torino?	torino	_	_	_	_	_	linguistic	_	none	Intonation=Rising	End=23.17	_	_	_	_
15-0	PST038	15	15	0	e:	e	_	_	_	_	_	linguistic	_	none	_	Begin=23.84	0x1	_	_	_
15-1	PST038	15	15	1	ho	ho	_	_	_	_	_	linguistic	_	none	_	_	_	_	_	_
15-2	PST038	15	15	2	vissuto	vissuto	_	_	_	_	_	linguistic	_	none	_	_	_	_	_	_
15-3	PST038	15	15	3	qua	qua	_	_	_	_	_	linguistic	_	none	_	End=24.89	_	_	_	_
16-0	PST038	16	16	0	fino	fino	_	_	_	_	_	linguistic	_	none	_	Begin=25.55	_	_	_	_
16-1	PST038	16	16	1	a::	a	_	_	_	_	_	linguistic	_	none	_	_	0x2	_	_	_
16-2	PST038	16	16	2	l'	l'	_	_	_	_	_	linguistic	_	none	SpaceAfter=No	_	_	_	_	_
16-3	PST038	16	16	3	anno	anno	_	_	_	_	_	linguistic	_	none	_	_	_	_	_	_
16-4	PST038	16	16	4	che	che	_	_	_	_	_	linguistic	_	none	_	_	_	_	_	_
16-5	PST038	16	16	5	mi	mi	_	_	_	_	_	linguistic	_	none	_	_	_	_	_	_
16-6	PST038	16	16	6	sono	sono	_	_	_	_	_	linguistic	_	none	_	_	_	_	_	_
16-7	PST038	16	16	7	sposata	sposata	_	_	_	_	_	linguistic	_	none	_	End=27.88	_	_	_	_
17-0	PST038	17	17	0	poi	poi	_	_	_	_	_	linguistic	_	none	_	Begin=27.9	_	_	_	_
17-1	PST038	17	17	1	[mi	mi	_	_	_	_	_	linguistic	_	none	_	_	_	_	_	0-2(9)
17-2	PST038	17	17	2	so]no	sono	_	_	_	_	_	linguistic	_	none	_	_	_	_	_	0-2(9)
17-3	PST038	17	17	3	trasferita	trasferita	_	_	_	_	_	linguistic	_	none	_	_	_	_	_	_
17-4	PST038	17	17	4	a	a	_	_	_	_	_	linguistic	_	none	_	_	_	_	_	_
17-5	PST038	17	17	5	chivasso	chivasso	_	_	_	_	_	linguistic	_	none	_	_	_	_	_	_
17-6	PST038	17	17	6	no	no	_	_	_	_	_	linguistic	_	none	_	_	_	_	_	_
17-7	PST038	17	17	7	tanto	tanto	_	_	_	_	_	linguistic	_	none	_	_	_	_	_	_
17-8	PST038	17	17	8	lontano	lontano	_	_	_	_	_	linguistic	_	none	_	_	_	_	_	_
17-9	PST038	17	17	9	comunque	comunque	_	_	_	_	_	linguistic	_	none	_	_	_	_	_	_
17-10	PST038	17	17	10	perché	perché	_	_	_	_	_	linguistic	_	none	_	_	_	_	_	_
17-11	PST038	17	17	11	mio	mio	_	_	_	_	_	linguistic	_	none	_	_	_	_	_	_
17-12	PST038	17	17	12	marito	marito	_	_	_	_	_	linguistic	_	none	_	End=31.93	_	_	_	_
18-0	PST211	18	18	0	[mh	mh	_	_	_	_	_	linguistic	_	none	_	Begin=28.02	_	_	_	0-2(9)
18-1	PST211	18	18	1	mh]	mh	_	_	_	_	_	linguistic	_	none	_	End=28.35	_	_	_	0-2(9)
19-0	PST038	19	19	0	è	è	_	_	_	_	_	linguistic	_	none	_	Begin=32.295	_	_	_	_
19-1	PST038	19	19	1	di	di	_	_	_	_	_	linguistic	_	none	_	_	_	_	_	_
19-2	PST038	19	19	2	quelle	quelle	_	_	_	_	_	linguistic	_	none	_	_	_	_	_	_
19-3	PST038	19	19	3	parti	parti	_	_	_	_	_	linguistic	_	none	_	_	_	_	_	_
19-4	PST038	19	19	4	lì	lì	_	_	_	_	_	linguistic	_	none	_	End=33.365	_	_	_	_
20-0	PST211	20	20	0	a:h	ah	_	_	_	_	_	linguistic	_	none	_	Begin=33.42|End=33.69	0x1	_	_	_
21-0	PST038	21	21	0	e	e	_	_	_	_	_	linguistic	_	none	_	Begin=33.7	_	_	_	_
21-1	PST038	21	21	1	allora	allora	_	_	_	_	_	linguistic	_	none	_	_	_	_	_	_
21-2	PST038	21	21	2	tra	tra	_	_	_	_	_	linguistic	_	none	_	_	_	_	_	_
21-3	PST038	21	21	3	i	i	_	_	_	_	_	linguistic	_	none	_	End=34.66	_	_	_	_
22-0	PST038	22	22	0	tra	tra	_	_	_	_	_	linguistic	_	none	_	Begin=35.59	_	_	_	_
22-1	PST038	22	22	1	la	la	_	_	_	_	_	linguistic	_	none	_	_	_	_	_	_
22-2	PST038	22	22	2	suocera	suocera	_	_	_	_	_	linguistic	_	none	_	_	_	_	_	_
22-3	PST038	22	22	3	che	che	_	_	_	_	_	linguistic	_	none	_	_	_	_	_	_
22-4	PST038	22	22	4	comunque:	comunque	_	_	_	_	_	linguistic	_	none	_	End=37.47	7x1	_	_	_
23-0	PST038	23	23	0	ci	ci	_	_	_	_	_	linguistic	_	none	_	Begin=37.605	_	_	_	_
23-1	PST038	23	23	1	siamo	siamo	_	_	_	_	_	linguistic	_	none	_	_	_	_	_	_
23-2	PST038	23	23	2	proiettati	proiettati	_	_	_	_	_	linguistic	_	none	_	_	_	_	_	_
23-3	PST038	23	23	3	al	al	_	_	_	_	_	linguistic	_	none	_	_	_	_	_	_
23-4	PST038	23	23	4	futuro	futuro	_	_	_	_	_	linguistic	_	none	_	_	_	_	_	_
23-5	PST038	23	23	5	{ride}	{ride}	_	_	_	_	_	nonverbalbehavior	_	none	_	_	_	_	_	_
23-6	PST038	23	23	6	p(e)r	per	_	_	_	_	_	linguistic	_	none	_	_	_	_	1-2(0)	_
23-7	PST038	23	23	7	dire:	dire	_	_	_	_	_	linguistic	_	none	_	End=39.805	3x1	_	_	_
24-0	PST038	24	24	0	va	va	_	_	_	_	_	linguistic	_	none	_	Begin=39.92	_	_	_	_
24-1	PST038	24	24	1	verso	verso	_	_	_	_	_	linguistic	_	none	_	_	_	_	_	_
24-2	PST038	24	24	2	una	una	_	_	_	_	_	linguistic	_	none	_	_	_	_	_	_
24-3	PST038	24	24	3	vecchiaia	vecchiaia	_	_	_	_	_	linguistic	_	none	_	End=41.5	_	_	_	_
25-0	PST211	25	25	0	e:	e	_	_	_	_	_	linguistic	_	none	_	Begin=41.51	0x1	_	_	_
25-1	PST211	25	25	1	certo	certo	_	_	_	_	_	linguistic	_	none	_	End=42.185	_	_	_	_
26-0	PST038	26	26	0	ehm	ehm	_	_	_	_	_	linguistic	_	none	_	Begin=42.2|End=42.465	_	_	_	_
27-0	PST038	27	27	0	per	per	_	_	_	_	_	linguistic	_	none	_	Begin=42.75	_	_	_	_
27-1	PST038	27	27	1	non	non	_	_	_	_	_	linguistic	_	none	_	_	_	_	_	_
27-2	PST038	27	27	2	correre	correre	_	_	_	_	_	linguistic	_	none	_	_	_	_	_	_
27-3	PST038	27	27	3	[torino	torino	_	_	_	_	_	linguistic	_	none	_	_	_	_	_	0-6(12)
27-4	PST038	27	27	4	chivasso	chivasso	_	_	_	_	_	linguistic	_	none	_	_	_	_	_	0-8(12)
27-5	PST038	27	27	5	stiamo	stiamo	_	_	_	_	_	linguistic	_	none	_	_	_	_	_	0-6(12)
27-6	PST038	27	27	6	vicino	vicino	_	_	_	_	_	linguistic	_	none	_	_	_	_	_	0-6(12)
27-7	PST038	27	27	7	a:]	a	_	_	_	_	_	linguistic	_	none	_	End=46.03	0x1	_	_	0-1(12)
28-0	PST211	28	28	0	[no	no	_	_	_	_	_	linguistic	_	none	_	Begin=43.66	_	_	_	0-2(12)
28-1	PST211	28	28	1	infatti	infatti	_	_	_	_	_	linguistic	_	none	_	_	_	_	_	0-7(12)
28-2	PST211	28	28	2	è	è	_	_	_	_	_	linguistic	_	none	_	_	_	_	_	0-1(12)
28-3	PST211	28	28	3	sempre	sempre	_	_	_	_	_	linguistic	_	none	_	_	_	_	_	0-6(12)
28-4	PST211	28	28	4	difficile]	difficile	_	_	_	_	_	linguistic	_	none	_	End=45.64	_	_	_	0-9(12)
29-0	PST038	29	29	0	un	un	_	_	_	_	_	linguistic	_	none	_	Begin=46.425	_	_	_	_
29-1	PST038	29	29	1	po'	po'	_	_	_	_	_	linguistic	_	none	_	_	_	_	_	_
29-2	PST038	29	29	2	vicino	vicino	_	_	_	_	_	linguistic	_	none	_	_	_	_	_	_
29-3	PST038	29	29	3	alla	alla	_	_	_	_	_	linguistic	_	none	_	_	_	_	_	_
29-4	PST038	29	29	4	nonnina	nonnina	_	_	_	_	_	linguistic	_	none	_	End=47.879999999999995	_	_	_	_
30-0	PST211	30	30	0	ah	ah	_	_	_	_	_	linguistic	_	none	ProsodicLink=Yes	Begin=47.879999999999995	_	_	_	_
30-1	PST211	30	30	1	ah	ah	_	_	_	_	_	linguistic	_	none	_	End=48.255	_	_	_	_
31-0	PST038	31	31	0	e	e	_	_	_	_	_	linguistic	_	none	_	Begin=48.36	_	_	_	_
31-1	PST038	31	31	1	comunque	comunque	_	_	_	_	_	linguistic	_	none	_	_	_	_	_	_
31-2	PST038	31	31	2	continuiamo	continuiamo	_	_	_	_	_	linguistic	_	none	_	_	_	_	_	_
31-3	PST038	31	31	3	a	a	_	_	_	_	_	linguistic	_	none	_	_	_	_	_	_
31-4	PST038	31	31	4	stare	stare	_	_	_	_	_	linguistic	_	none	_	_	_	_	_	_
31-5	PST038	31	31	5	là	là	_	_	_	_	_	linguistic	_	none	_	_	_	_	_	_
31-6	PST038	31	31	6	e:	e	_	_	_	_	_	linguistic	_	none	_	End=50.87	0x1	_	_	_
32-0	PST038	32	32	0	sì	sì	_	_	_	_	_	linguistic	_	none	_	Begin=50.94|End=51.15	_	_	_	_
33-0	PST038	33	33	0	mh	mh	_	_	_	_	_	linguistic	_	none	_	Begin=51.21|End=52.0	_	_	_	_
34-0	PST211	34	34	0	e	e	_	_	_	_	_	linguistic	_	none	_	Begin=52.04	_	_	_	_
34-1	PST211	34	34	1	come	come	_	_	_	_	_	linguistic	_	none	_	_	_	_	_	_
34-2	PST211	34	34	2	ti	ti	_	_	_	_	_	linguistic	_	none	_	_	_	_	_	_
34-3	PST211	34	34	3	[sembra]	sembra	_	_	_	_	_	linguistic	_	none	_	_	_	_	_	0-6(15)
34-4	PST211	34	34	4	torino	torino	_	_	_	_	_	linguistic	_	none	_	_	_	_	_	_
34-5	PST211	34	34	5	quando	quando	_	_	_	_	_	linguistic	_	none	_	_	_	_	_	_
34-6	PST211	34	34	6	sei	sei	_	_	_	_	_	linguistic	_	none	_	_	_	_	_	_
34-7	PST211	34	34	7	arrivata	arrivata	_	_	_	_	_	linguistic	_	none	_	_	_	_	_	_
34-8	PST211	34	34	8	ti	ti	_	_	_	_	_	linguistic	_	none	_	_	_	_	_	_
34-9	PST211	34	34	9	ha	ha	_	_	_	_	_	linguistic	_	none	_	_	_	_	_	_
34-10	PST211	34	34	10	fatto	fatto	_	_	_	_	_	linguistic	_	none	_	_	_	_	_	_
34-11	PST211	34	34	11	sentire:	sentire	_	_	_	_	_	linguistic	_	none	_	_	6x1	_	_	_
34-12	PST211	34	34	12	c(io)è	cioè	_	_	_	_	_	linguistic	_	none	_	_	_	_	1-3(0)	_
34-13	PST211	34	34	13	stato	stato	_	_	_	_	_	linguistic	_	none	_	_	_	_	_	_
34-14	PST211	34	34	14	un	un	_	_	_	_	_	linguistic	_	none	_	_	_	_	_	_
34-15	PST211	34	34	15	luogo	luogo	_	_	_	_	_	linguistic	_	none	_	_	_	_	_	_
34-16	PST211	34	34	16	ospitale?	ospitale	_	_	_	_	_	linguistic	_	none	Intonation=Rising	_	_	_	_	_
34-17	PST211	34	34	17	o::	o	_	_	_	_	_	linguistic	_	none	_	End=57.53	0x2	_	_	_
35-0	PST038	35	35	0	[xx]	xx	_	_	_	_	_	unknown	_	none	Syllables=2	Begin=52.53|End=52.905	_	_	_	0-2(15)
36-0	PST038	36	36	0	sì	sì	_	_	_	_	_	linguistic	_	none	_	Begin=58.64|End=58.93	_	_	_	_
37-0	PST038	37	37	0	io	io	_	_	_	_	_	linguistic	_	none	_	Begin=59.22	_	_	_	_
37-1	PST038	37	37	1	non	non	_	_	_	_	_	linguistic	_	none	_	_	_	_	_	_
37-2	PST038	37	37	2	mi	mi	_	_	_	_	_	linguistic	_	none	_	_	_	_	_	_
37-3	PST038	37	37	3	posso	posso	_	_	_	_	_	linguistic	_	none	_	_	_	_	_	_
37-4	PST038	37	37	4	lamenta:re	lamentare	_	_	_	_	_	linguistic	_	none	_	_	6x1	_	_	_
37-5	PST038	37	37	5	in	in	_	_	_	_	_	linguistic	_	none	_	_	_	_	_	_
37-6	PST038	37	37	6	quel	quel	_	_	_	_	_	linguistic	_	none	_	_	_	_	_	_
37-7	PST038	37	37	7	senso	senso	_	_	_	_	_	linguistic	_	none	_	_	_	_	_	_
37-8	PST038	37	37	8	lì	lì	_	_	_	_	_	linguistic	_	none	_	_	_	_	_	_
37-9	PST038	37	37	9	perché	perché	_	_	_	_	_	linguistic	_	none	_	_	_	_	_	_
37-10	PST038	37	37	10	e:::hm	ehm	_	_	_	_	_	linguistic	_	none	_	End=63.46	0x3	_	_	_
38-0	PST038	38	38	0	eravamo	eravamo	_	_	_	_	_	linguistic	_	none	_	Begin=64.495	_	_	_	_
38-1	PST038	38	38	1	forse	forse	_	_	_	_	_	linguistic	_	none	_	_	_	_	_	_
38-2	PST038	38	38	2	allora	allora	_	_	_	_	_	linguistic	_	none	_	_	_	_	_	_
38-3	PST038	38	38	3	pochi	pochi	_	_	_	_	_	linguistic	_	none	_	_	_	_	_	_
38-4	PST038	38	38	4	migranti	migranti	_	_	_	_	_	linguistic	_	none	_	End=66.65	_	_	_	_
39-0	PST211	39	39	0	mh	mh	_	_	_	_	_	linguistic	_	none	_	Begin=66.772	_	_	_	_
39-1	PST211	39	39	1	mh	mh	_	_	_	_	_	linguistic	_	none	_	End=67.132	_	_	_	_
40-0	PST038	40	40	0	cominciava	cominciava	_	_	_	_	_	linguistic	_	none	_	Begin=67.15	_	_	_	_
40-1	PST038	40	40	1	tutto	tutto	_	_	_	_	_	linguistic	_	none	_	_	_	_	_	_
40-2	PST038	40	40	2	questo::	questo	_	_	_	_	_	linguistic	_	none	_	End=68.98	5x2	_	_	_
41-0	PST038	41	41	0	spostamento	spostamento	_	_	_	_	_	linguistic	_	none	_	Begin=70.1	_	_	_	_
41-1	PST038	41	41	1	migratorio	migratorio	_	_	_	_	_	linguistic	_	none	_	_	_	_	_	_
41-2	PST038	41	41	2	delle	delle	_	_	_	_	_	linguistic	_	none	_	_	_	_	_	_
41-3	PST038	41	41	3	persone	persone	_	_	_	_	_	linguistic	_	none	_	_	_	_	_	_
41-4	PST038	41	41	4	e	e	_	_	_	_	_	linguistic	_	none	_	_	_	_	_	_
41-5	PST038	41	41	5	allora:	allora	_	_	_	_	_	linguistic	_	none	_	End=73.18	5x1	_	_	_
42-0	PST038	42	42	0	era	era	_	_	_	_	_	linguistic	_	none	_	Begin=73.48	_	_	_	_
42-1	PST038	42	42	1	una::	una	_	_	_	_	_	linguistic	_	none	ProsodicLink=Yes	_	2x2	_	_	_
42-2	PST038	42	42	2	mh	mh	_	_	_	_	_	linguistic	_	none	_	End=75.16	_	_	_	_
43-0	PST038	43	43	0	una	una	_	_	_	_	_	linguistic	_	none	_	Begin=75.39	_	_	_	_
43-1	PST038	43	43	1	curiosità	curiosità	_	_	_	_	_	linguistic	_	none	_	_	_	_	_	_
43-2	PST038	43	43	2	no?	no	_	_	_	_	_	linguistic	_	none	Intonation=Rising	_	_	_	_	_
43-3	PST038	43	43	3	vedere	vedere	_	_	_	_	_	linguistic	_	none	_	_	_	_	_	_
43-4	PST038	43	43	4	le	le	_	_	_	_	_	linguistic	_	none	_	_	_	_	_	_
43-5	PST038	43	43	5	persone	persone	_	_	_	_	_	linguistic	_	none	_	_	_	_	_	_
43-6	PST038	43	43	6	che	che	_	_	_	_	_	linguistic	_	none	_	End=77.91	_	_	_	_
44-0	PST038	44	44	0	di	di	_	_	_	_	_	linguistic	_	none	_	Begin=78.75	_	_	_	_
44-1	PST038	44	44	1	tanto	tanto	_	_	_	_	_	linguistic	_	none	_	_	_	_	_	_
44-2	PST038	44	44	2	lontano	lontano	_	_	_	_	_	linguistic	_	none	_	_	_	_	_	_
44-3	PST038	44	44	3	e	e	_	_	_	_	_	linguistic	_	none	_	_	_	_	_	_
44-4	PST038	44	44	4	poi	poi	_	_	_	_	_	linguistic	_	none	_	_	_	_	_	_
44-5	PST038	44	44	5	anche	anche	_	_	_	_	_	linguistic	_	none	_	_	_	_	_	_
44-6	PST038	44	44	6	tanto	tanto	_	_	_	_	_	linguistic	_	none	_	_	_	_	_	_
44-7	PST038	44	44	7	giovane	giovane	_	_	_	_	_	linguistic	_	none	_	_	_	_	_	_
44-8	PST038	44	44	8	io	io	_	_	_	_	_	linguistic	_	none	_	_	_	_	_	_
44-9	PST038	44	44	9	avevo	avevo	_	_	_	_	_	linguistic	_	none	_	_	_	_	_	_
44-10	PST038	44	44	10	ventitré	ventitré	_	_	_	_	_	linguistic	_	none	_	_	_	_	_	_
44-11	PST038	44	44	11	anni	anni	_	_	_	_	_	linguistic	_	none	_	End=82.45	_	_	_	_
45-0	PST038	45	45	0	ventiquattro	ventiquattro	_	_	_	_	_	linguistic	_	none	_	Begin=83.29	_	_	_	_
45-1	PST038	45	45	1	avevo	avevo	_	_	_	_	_	linguistic	_	none	_	_	_	_	_	_
45-2	PST038	45	45	2	finito	finito	_	_	_	_	_	linguistic	_	none	_	_	_	_	_	_
45-3	PST038	45	45	3	l'	l'	_	_	_	_	_	linguistic	_	none	SpaceAfter=No	_	_	_	_	_
45-4	PST038	45	45	4	università	università	_	_	_	_	_	linguistic	_	none	_	_	_	_	_	_
45-5	PST038	45	45	5	da	da	_	_	_	_	_	linguistic	_	none	_	_	_	_	_	_
45-6	PST038	45	45	6	poco	poco	_	_	_	_	_	linguistic	_	none	_	End=85.91	_	_	_	_
46-0	PST038	46	46	0	allora::::	allora	_	_	_	_	_	linguistic	_	none	_	Begin=86.39	5x4	_	_	_
46-1	PST038	46	46	1	comunque:	comunque	_	_	_	_	_	linguistic	_	none	_	End=88.83	7x1	_	_	_
47-0	PST038	47	47	0	no	no	_	_	_	_	_	linguistic	_	none	_	Begin=89.04	_	_	_	_
47-1	PST038	47	47	1	sono	sono	_	_	_	_	_	linguistic	_	none	_	_	_	_	_	_
47-2	PST038	47	47	2	arrivata	arrivata	_	_	_	_	_	linguistic	_	none	_	_	_	_	_	_
47-3	PST038	47	47	3	comunque	comunque	_	_	_	_	_	linguistic	_	none	_	_	_	_	_	_
47-4	PST038	47	47	4	a	a	_	_	_	_	_	linguistic	_	none	_	_	_	_	_	_
47-5	PST038	47	47	5	fare::	fare	_	_	_	_	_	linguistic	_	none	_	_	3x2	_	_	_
47-6	PST038	47	47	6	i	i	_	_	_	_	_	linguistic	_	none	_	_	_	_	_	_
47-7	PST038	47	47	7	lavori	lavori	_	_	_	_	_	linguistic	_	none	_	_	_	_	_	_
47-8	PST038	47	47	8	che	che	_	_	_	_	_	linguistic	_	none	_	_	_	_	_	_
47-9	PST038	47	47	9	facciamo	facciamo	_	_	_	_	_	linguistic	_	none	_	_	_	_	_	_
47-10	PST038	47	47	10	noi	noi	_	_	_	_	_	linguistic	_	none	_	_	_	_	_	_
47-11	PST038	47	47	11	migranti,	migranti	_	_	_	_	_	linguistic	_	none	Intonation=WeaklyRising	End=93.85	_	_	_	_
48-0	PST038	48	48	0	e::	e	_	_	_	_	_	linguistic	_	none	_	Begin=94.32|End=95.09	0x2	_	_	_
49-0	PST038	49	49	0	non	non	_	_	_	_	_	linguistic	_	none	_	Begin=95.18	_	_	_	_
49-1	PST038	49	49	1	mi	mi	_	_	_	_	_	linguistic	_	none	_	_	_	_	_	_
49-2	PST038	49	49	2	sono	sono	_	_	_	_	_	linguistic	_	none	_	_	_	_	_	_
49-3	PST038	49	49	3	trovata	trovata	_	_	_	_	_	linguistic	_	none	_	_	_	_	_	_
49-4	PST038	49	49	4	ma:le	male	_	_	_	_	_	linguistic	_	none	_	_	1x1	_	_	_
49-5	PST038	49	49	5	in	in	_	_	_	_	_	linguistic	_	none	_	_	_	_	_	_
49-6	PST038	49	49	6	quel	quel	_	_	_	_	_	linguistic	_	none	_	_	_	_	_	_
49-7	PST038	49	49	7	senso	senso	_	_	_	_	_	linguistic	_	none	_	_	_	_	_	_
49-8	PST038	49	49	8	lì.	lì	_	_	_	_	_	linguistic	_	none	Intonation=Falling	End=97.55	_	_	_	_
50-0	PST038	50	50	0	ho	ho	_	_	_	_	_	linguistic	_	some	_	Begin=97.96	_	_	_	_
50-1	PST038	50	50	1	trovato	trovato	_	_	_	_	_	linguistic	_	some	_	_	_	_	_	_
50-2	PST038	50	50	2	una	una	_	_	_	_	_	linguistic	_	some	_	_	_	_	_	_
50-3	PST038	50	50	3	person~	person~	_	_	_	_	_	linguistic	_	some	Interrupted=Yes	_	_	_	_	_
50-4	PST038	50	50	4	delle::	delle	_	_	_	_	_	linguistic	_	some	_	_	4x2	_	_	_
50-5	PST038	50	50	5	ho	ho	_	_	_	_	_	linguistic	_	some	_	_	_	_	_	_
50-6	PST038	50	50	6	trovato	trovato	_	_	_	_	_	linguistic	_	some	_	_	_	_	_	_
50-7	PST038	50	50	7	la:	la	_	_	_	_	_	linguistic	_	some	_	_	1x1	_	_	_
50-8	PST038	50	50	8	città	città	_	_	_	_	_	linguistic	_	some	_	_	_	_	_	_
50-9	PST038	50	50	9	#de	de	_	_	_	_	_	linguistic	_	some	Language=NO_ISO_CODE|Variation=Token	_	_	_	_	_
50-10	PST038	50	50	10	torino	torino	_	_	_	_	_	linguistic	_	some	_	End=102.055	_	_	_	_
51-0	PST038	51	51	0	e	e	_	_	_	_	_	linguistic	_	none	_	Begin=102.11	_	_	_	_
51-1	PST038	51	51	1	le	le	_	_	_	_	_	linguistic	_	none	_	_	_	_	_	_
51-2	PST038	51	51	2	persone	persone	_	_	_	_	_	linguistic	_	none	_	_	_	_	_	_
51-3	PST038	51	51	3	con	con	_	_	_	_	_	linguistic	_	none	_	_	_	_	_	_
51-4	PST038	51	51	4	cui	cui	_	_	_	_	_	linguistic	_	none	_	_	_	_	_	_
51-5	PST038	51	51	5	ho	ho	_	_	_	_	_	linguistic	_	none	_	_	_	_	_	_
51-6	PST038	51	51	6	avuto	avuto	_	_	_	_	_	linguistic	_	none	_	_	_	_	_	_
51-7	PST038	51	51	7	da	da	_	_	_	_	_	linguistic	_	none	_	_	_	_	_	_
51-8	PST038	51	51	8	far?e	far?e	_	_	_	_	_	error	_	none	_	End=103.96	_	_	_	_
52-0	PST038	52	52	0	ehm:	ehm	_	_	_	_	_	linguistic	_	none	_	Begin=104.325	2x1	_	_	_
52-1	PST038	52	52	1	ospitalità	ospitalità	_	_	_	_	_	linguistic	_	none	_	End=106.305	_	_	_	_
53-0	PST211	53	53	0	mh	mh	_	_	_	_	_	linguistic	_	none	_	Begin=106.34	_	_	_	_
53-1	PST211	53	53	1	mh	mh	_	_	_	_	_	linguistic	_	none	_	End=106.77	_	_	_	_
54-0	PST211	54	54	0	[e	e	_	_	_	_	_	linguistic	_	none	_	Begin=107.79	_	_	_	0-1(18)
54-1	PST211	54	54	1	lei:]	lei	_	_	_	_	_	linguistic	_	none	_	End=108.36	2x1	_	_	0-3(18)
55-0	PST038	55	55	0	[voglia	voglia	_	_	_	_	_	linguistic	_	none	_	Begin=107.79	_	_	_	0-6(18)
55-1	PST038	55	55	1	di]	di	_	_	_	_	_	linguistic	_	none	_	_	_	_	_	0-2(18)
55-2	PST038	55	55	2	conoscere	conoscere	_	_	_	_	_	linguistic	_	none	_	_	_	_	_	_
55-3	PST038	55	55	3	e	e	_	_	_	_	_	linguistic	_	none	_	_	_	_	_	_
55-4	PST038	55	55	4	di	di	_	_	_	_	_	linguistic	_	none	_	_	_	_	_	_
55-5	PST038	55	55	5	interagire	interagire	_	_	_	_	_	linguistic	_	none	_	_	_	_	_	_
55-6	PST038	55	55	6	co:~	co~	_	_	_	_	_	linguistic	_	none	Interrupted=Yes	_	1x1	_	_	_
55-7	PST038	55	55	7	con	con	_	_	_	_	_	linguistic	_	none	_	_	_	_	_	_
55-8	PST038	55	55	8	me	me	_	_	_	_	_	linguistic	_	none	_	_	_	_	_	_
55-9	PST038	55	55	9	che	che	_	_	_	_	_	linguistic	_	none	_	_	_	_	_	_
55-10	PST038	55	55	10	ero:	ero	_	_	_	_	_	linguistic	_	none	_	_	2x1	_	_	_
55-11	PST038	55	55	11	che	che	_	_	_	_	_	linguistic	_	none	_	_	_	_	_	_
55-12	PST038	55	55	12	sono	sono	_	_	_	_	_	linguistic	_	none	_	_	_	_	_	_
55-13	PST038	55	55	13	straniera	straniera	_	_	_	_	_	linguistic	_	none	_	End=112.3	_	_	_	_
56-0	PST211	56	56	0	ah	ah	_	_	_	_	_	linguistic	_	none	ProsodicLink=Yes	Begin=112.325	_	_	_	_
56-1	PST211	56	56	1	ah	ah	_	_	_	_	_	linguistic	_	none	_	End=112.685	_	_	_	_
57-0	PST038	57	57	0	[tutt'	tutt'	_	_	_	_	_	linguistic	_	none	SpaceAfter=No	Begin=112.835	_	_	_	0-5(19)
57-1	PST038	57	57	1	ora]	ora	_	_	_	_	_	linguistic	_	none	_	End=113.425	_	_	_	0-3(19)
58-0	PST211	58	58	0	[e	e	_	_	_	_	_	linguistic	_	none	_	Begin=112.84	_	_	_	0-1(19)
58-1	PST211	58	58	1	in	in	_	_	_	_	_	linguistic	_	none	_	_	_	_	_	0-2(19)
58-2	PST211	58	58	2	che]	che	_	_	_	_	_	linguistic	_	none	_	_	_	_	_	0-3(19)
58-3	PST211	58	58	3	quartiere:	quartiere	_	_	_	_	_	linguistic	_	none	_	_	8x1	_	_	_
58-4	PST211	58	58	4	hai	hai	_	_	_	_	_	linguistic	_	none	_	_	_	_	_	_
58-5	PST211	58	58	5	abitato	abitato	_	_	_	_	_	linguistic	_	none	_	_	_	_	_	_
58-6	PST211	58	58	6	qui	qui	_	_	_	_	_	linguistic	_	none	_	_	_	_	_	_
58-7	PST211	58	58	7	a	a	_	_	_	_	_	linguistic	_	none	_	_	_	_	_	_
58-8	PST211	58	58	8	torino?	torino	_	_	_	_	_	linguistic	_	none	Intonation=Rising	End=115.39	_	_	_	_
59-0	PST038	59	59	0	#el	el	_	_	_	_	_	linguistic	_	some	Language=NO_ISO_CODE|Variation=Token	Begin=115.48	_	_	_	_
59-1	PST038	59	59	1	primo	primo	_	_	_	_	_	linguistic	_	some	_	_	_	_	_	_
59-2	PST038	59	59	2	quartiere	quartiere	_	_	_	_	_	linguistic	_	some	_	_	_	_	_	_
59-3	PST038	59	59	3	che	che	_	_	_	_	_	linguistic	_	some	_	_	_	_	_	_
59-4	PST038	59	59	4	ho	ho	_	_	_	_	_	linguistic	_	some	_	_	_	_	_	_
59-5	PST038	59	59	5	abitato	abitato	_	_	_	_	_	linguistic	_	some	_	_	_	_	_	_
59-6	PST038	59	59	6	è	è	_	_	_	_	_	linguistic	_	some	_	_	_	_	_	_
59-7	PST038	59	59	7	stato	stato	_	_	_	_	_	linguistic	_	some	_	_	_	_	_	_
59-8	PST038	59	59	8	in	in	_	_	_	_	_	linguistic	_	some	_	_	_	_	_	_
59-9	PST038	59	59	9	@nomeluogo	@nomeluogo	_	_	_	_	_	anonymized	_	some	_	_	_	_	_	_
59-10	PST038	59	59	10	santa	santa	_	_	_	_	_	linguistic	_	some	_	_	_	_	_	_
59-11	PST038	59	59	11	rita	rita	_	_	_	_	_	linguistic	_	some	_	End=119.405	_	_	_	_
60-0	PST211	60	60	0	mh	mh	_	_	_	_	_	linguistic	_	none	_	Begin=119.405	_	_	_	_
60-1	PST211	60	60	1	mh	mh	_	_	_	_	_	linguistic	_	none	_	End=119.65	_	_	_	_
61-0	PST038	61	61	0	in	in	_	_	_	_	_	linguistic	_	none	_	Begin=119.85	_	_	_	_
61-1	PST038	61	61	1	quelle	quelle	_	_	_	_	_	linguistic	_	none	_	_	_	_	_	_
61-2	PST038	61	61	2	parti	parti	_	_	_	_	_	linguistic	_	none	_	_	_	_	_	_
61-3	PST038	61	61	3	lì	lì	_	_	_	_	_	linguistic	_	none	_	End=120.92	_	_	_	_
62-0	PST211	62	62	0	mh	mh	_	_	_	_	_	linguistic	_	none	_	Begin=120.99	_	_	_	_
62-1	PST211	62	62	1	mh	mh	_	_	_	_	_	linguistic	_	none	_	End=121.2	_	_	_	_
63-0	PST038	63	63	0	poi	poi	_	_	_	_	_	linguistic	_	none	_	Begin=121.58	_	_	_	_
63-1	PST038	63	63	1	mi	mi	_	_	_	_	_	linguistic	_	none	_	_	_	_	_	_
63-2	PST038	63	63	2	sono	sono	_	_	_	_	_	linguistic	_	none	_	_	_	_	_	_
63-3	PST038	63	63	3	trasferita	trasferita	_	_	_	_	_	linguistic	_	none	_	_	_	_	_	_
63-4	PST038	63	63	4	a::::	a	_	_	_	_	_	linguistic	_	none	ProsodicLink=Yes	_	0x4	_	_	_
63-5	PST038	63	63	5	mh	mh	_	_	_	_	_	linguistic	_	none	_	End=124.63	_	_	_	_
64-0	PST038	64	64	0	via	via	_	_	_	_	_	linguistic	_	none	_	Begin=124.88	_	_	_	_
64-1	PST038	64	64	1	@nomeluogo	@nomeluogo	_	_	_	_	_	anonymized	_	none	_	End=126.27	_	_	_	_
65-0	PST038	65	65	0	e:::	e	_	_	_	_	_	linguistic	_	none	_	Begin=126.41|End=127.43	0x3	_	_	_
66-0	PST038	66	66	0	borgo	borgo	_	_	_	_	_	linguistic	_	none	_	Begin=127.46	_	_	_	_
66-1	PST038	66	66	1	vittoria	vittoria	_	_	_	_	_	linguistic	_	none	_	_	_	_	_	_
66-2	PST038	66	66	2	un	un	_	_	_	_	_	linguistic	_	none	_	_	_	_	_	_
66-3	PST038	66	66	3	borgo	borgo	_	_	_	_	_	linguistic	_	none	_	_	_	_	_	_
66-4	PST038	66	66	4	un	un	_	_	_	_	_	linguistic	_	none	_	_	_	_	_	_
66-5	PST038	66	66	5	po'	po'	_	_	_	_	_	linguistic	_	none	_	_	_	_	_	_
66-6	PST038	66	66	6	più	più	_	_	_	_	_	linguistic	_	none	_	_	_	_	_	_
66-7	PST038	66	66	7	popolare	popolare	_	_	_	_	_	linguistic	_	none	_	_	_	_	_	_
66-8	PST038	66	66	8	un	un	_	_	_	_	_	linguistic	_	none	_	_	_	_	_	_
66-9	PST038	66	66	9	po'	po'	_	_	_	_	_	linguistic	_	none	_	_	_	_	_	_
66-10	PST038	66	66	10	più:	più	_	_	_	_	_	linguistic	_	none	_	_	2x1	_	_	_
66-11	PST038	66	66	11	un	un	_	_	_	_	_	linguistic	_	none	_	_	_	_	_	_
66-12	PST038	66	66	12	borgo	borgo	_	_	_	_	_	linguistic	_	none	_	_	_	_	_	_
66-13	PST038	66	66	13	operaio	operaio	_	_	_	_	_	linguistic	_	none	_	End=131.31	_	_	_	_
67-0	PST038	67	67	0	diciamo	diciamo	_	_	_	_	_	linguistic	_	none	_	Begin=131.37|End=131.92	_	_	_	_
68-0	PST038	68	68	0	un	un	_	_	_	_	_	linguistic	_	none	_	Begin=132.05	_	_	_	_
68-1	PST038	68	68	1	borgo	borgo	_	_	_	_	_	linguistic	_	none	_	_	_	_	_	_
68-2	PST038	68	68	2	più:	più	_	_	_	_	_	linguistic	_	none	_	End=132.66	2x1	_	_	_
69-0	PST038	69	69	0	più	più	_	_	_	_	_	linguistic	_	none	_	Begin=133.46	_	_	_	_
69-1	PST038	69	69	1	sentito	sentito	_	_	_	_	_	linguistic	_	none	_	_	_	_	_	_
69-2	PST038	69	69	2	dove	dove	_	_	_	_	_	linguistic	_	none	_	_	_	_	_	_
69-3	PST038	69	69	3	si	si	_	_	_	_	_	linguistic	_	none	_	_	_	_	_	_
69-4	PST038	69	69	4	può	può	_	_	_	_	_	linguistic	_	none	_	_	_	_	_	_
69-5	PST038	69	69	5	vedere	vedere	_	_	_	_	_	linguistic	_	none	_	_	_	_	_	_
69-6	PST038	69	69	6	un	un	_	_	_	_	_	linguistic	_	none	_	_	_	_	_	_
69-7	PST038	69	69	7	po'	po'	_	_	_	_	_	linguistic	_	none	_	_	_	_	_	_
69-8	PST038	69	69	8	più	più	_	_	_	_	_	linguistic	_	none	_	_	_	_	_	_
69-9	PST038	69	69	9	la:	la	_	_	_	_	_	linguistic	_	none	_	End=136.35	1x1	_	_	_
70-0	PST038	70	70	0	tradizione	tradizione	_	_	_	_	_	linguistic	_	none	_	Begin=136.45	_	_	_	_
70-1	PST038	70	70	1	italiana	italiana	_	_	_	_	_	linguistic	_	none	_	_	_	_	_	_
70-2	PST038	70	70	2	[diciamo]	diciamo	_	_	_	_	_	linguistic	_	none	_	End=138.25	_	_	_	0-7(24)
71-0	PST211	71	71	0	[mh	mh	_	_	_	_	_	linguistic	_	none	_	Begin=137.75	_	_	_	0-2(24)
71-1	PST211	71	71	1	mh]	mh	_	_	_	_	_	linguistic	_	none	_	End=138.25	_	_	_	0-2(24)
72-0	PST038	72	72	0	e	e	_	_	_	_	_	linguistic	_	none	_	Begin=138.905	_	_	_	_
72-1	PST038	72	72	1	no	no	_	_	_	_	_	linguistic	_	none	_	_	_	_	_	_
72-2	PST038	72	72	2	come	come	_	_	_	_	_	linguistic	_	none	_	_	_	_	_	_
72-3	PST038	72	72	3	abitazione	abitazione	_	_	_	_	_	linguistic	_	none	_	_	_	_	_	_
72-4	PST038	72	72	4	eh	eh	_	_	_	_	_	linguistic	_	none	_	_	_	_	_	_
72-5	PST038	72	72	5	poi	poi	_	_	_	_	_	linguistic	_	none	_	_	_	_	_	_
72-6	PST038	72	72	6	ho	ho	_	_	_	_	_	linguistic	_	none	_	_	_	_	_	_
72-7	PST038	72	72	7	lavorato	lavorato	_	_	_	_	_	linguistic	_	none	_	_	_	_	_	_
72-8	PST038	72	72	8	certo	certo	_	_	_	_	_	linguistic	_	none	_	_	_	_	_	_
72-9	PST038	72	72	9	in	in	_	_	_	_	_	linguistic	_	none	_	_	_	_	_	_
72-10	PST038	72	72	10	quartieri	quartieri	_	_	_	_	_	linguistic	_	none	_	_	_	_	_	_
72-11	PST038	72	72	11	un	un	_	_	_	_	_	linguistic	_	none	_	_	_	_	_	_
72-12	PST038	72	72	12	po'	po'	_	_	_	_	_	linguistic	_	none	_	_	_	_	_	_
72-13	PST038	72	72	13	più:	più	_	_	_	_	_	linguistic	_	none	_	End=142.98	2x1	_	_	_
73-0	PST038	73	73	0	benestanti	benestanti	_	_	_	_	_	linguistic	_	none	_	Begin=143.48	_	_	_	_
73-1	PST038	73	73	1	ovvia[mente]	ovviamente	_	_	_	_	_	linguistic	_	none	_	End=145.08	_	_	_	5-10(25)
74-0	PST211	74	74	0	[m:h]	mh	_	_	_	_	_	linguistic	_	none	_	Begin=144.58|End=145.075	0x1	_	_	0-2(25)
75-0	PST038	75	75	0	però:	però	_	_	_	_	_	linguistic	_	none	_	Begin=145.25	3x1	_	_	_
75-1	PST038	75	75	1	sì	sì	_	_	_	_	_	linguistic	_	none	_	End=146.04	_	_	_	_
76-0	PST038	76	76	0	e:::	e	_	_	_	_	_	linguistic	_	none	_	Begin=146.405	0x3	_	_	_
76-1	PST038	76	76	1	e	e	_	_	_	_	_	linguistic	_	none	_	_	_	_	_	_
76-2	PST038	76	76	2	bom	bom	_	_	_	_	_	linguistic	_	none	_	_	_	_	_	_
76-3	PST038	76	76	3	poi:	poi	_	_	_	_	_	linguistic	_	none	_	End=148.505	2x1	_	_	_
77-0	PST038	77	77	0	e	e	_	_	_	_	_	linguistic	_	some	_	Begin=148.89	_	_	_	_
77-1	PST038	77	77	1	di	di	_	_	_	_	_	linguistic	_	some	_	_	_	_	_	_
77-2	PST038	77	77	2	lì:	lì	_	_	_	_	_	linguistic	_	some	_	_	1x1	_	_	_
77-3	PST038	77	77	3	#de	de	_	_	_	_	_	linguistic	_	some	Language=NO_ISO_CODE|Variation=Token	_	_	_	_	_
77-4	PST038	77	77	4	@nomeluogo	@nomeluogo	_	_	_	_	_	anonymized	_	some	_	End=150.66	_	_	_	_
78-0	PST038	78	78	0	poi	poi	_	_	_	_	_	linguistic	_	none	_	Begin=150.7	_	_	_	_
78-1	PST038	78	78	1	mi	mi	_	_	_	_	_	linguistic	_	none	_	_	_	_	_	_
78-2	PST038	78	78	2	sono	sono	_	_	_	_	_	linguistic	_	none	_	_	_	_	_	_
78-3	PST038	78	78	3	sposata	sposata	_	_	_	_	_	linguistic	_	none	_	_	_	_	_	_
78-4	PST038	78	78	4	e	e	_	_	_	_	_	linguistic	_	none	_	_	_	_	_	_
78-5	PST038	78	78	5	mi	mi	_	_	_	_	_	linguistic	_	none	_	_	_	_	_	_
78-6	PST038	78	78	6	sono	sono	_	_	_	_	_	linguistic	_	none	_	_	_	_	_	_
78-7	PST038	78	78	7	trasferita	trasferita	_	_	_	_	_	linguistic	_	none	_	_	_	_	_	_
78-8	PST038	78	78	8	a	a	_	_	_	_	_	linguistic	_	none	_	_	_	_	_	_
78-9	PST038	78	78	9	chivasso	chivasso	_	_	_	_	_	linguistic	_	none	_	End=153.59	_	_	_	_
79-0	PST211	79	79	0	e	e	_	_	_	_	_	linguistic	_	none	_	Begin=153.89	_	_	_	_
79-1	PST211	79	79	1	in	in	_	_	_	_	_	linguistic	_	none	_	_	_	_	_	_
79-2	PST211	79	79	2	questi	questi	_	_	_	_	_	linguistic	_	none	_	_	_	_	_	_
79-3	PST211	79	79	3	anni	anni	_	_	_	_	_	linguistic	_	none	_	_	_	_	_	_
79-4	PST211	79	79	4	che	che	_	_	_	_	_	linguistic	_	none	_	_	_	_	_	_
79-5	PST211	79	79	5	sei	sei	_	_	_	_	_	linguistic	_	none	_	_	_	_	_	_
79-6	PST211	79	79	6	qui	qui	_	_	_	_	_	linguistic	_	none	_	_	_	_	_	_
79-7	PST211	79	79	7	hai	hai	_	_	_	_	_	linguistic	_	none	_	_	_	_	_	_
79-8	PST211	79	79	8	notato	notato	_	_	_	_	_	linguistic	_	none	_	_	_	_	_	_
79-9	PST211	79	79	9	dei	dei	_	_	_	_	_	linguistic	_	none	_	_	_	_	_	_
79-10	PST211	79	79	10	cambiamenti	cambiamenti	_	_	_	_	_	linguistic	_	none	_	_	_	_	_	_
79-11	PST211	79	79	11	a	a	_	_	_	_	_	linguistic	_	none	_	_	_	_	_	_
79-12	PST211	79	79	12	torino?	torino	_	_	_	_	_	linguistic	_	none	Intonation=Rising	End=157.06	_	_	_	_
80-0	PST211	80	80	0	è:	è	_	_	_	_	_	linguistic	_	none	_	Begin=157.65	0x1	_	_	_
80-1	PST211	80	80	1	peggiorata	peggiorata	_	_	_	_	_	linguistic	_	none	_	_	_	_	_	_
80-2	PST211	80	80	2	è	è	_	_	_	_	_	linguistic	_	none	_	_	_	_	_	_
80-3	PST211	80	80	3	migliorata	migliorata	_	_	_	_	_	linguistic	_	none	_	_	_	_	_	_
80-4	PST211	80	80	4	non	non	_	_	_	_	_	linguistic	_	none	_	_	_	_	_	_
80-5	PST211	80	80	5	so	so	_	_	_	_	_	linguistic	_	none	_	_	_	_	_	_
80-6	PST211	80	80	6	cosa	cosa	_	_	_	_	_	linguistic	_	none	_	_	_	_	_	_
80-7	PST211	80	80	7	hai	hai	_	_	_	_	_	linguistic	_	none	_	_	_	_	_	_
80-8	PST211	80	80	8	notato:	notato	_	_	_	_	_	linguistic	_	none	_	End=161.11	5x1	_	_	_
81-0	PST211	81	81	0	con	con	_	_	_	_	_	linguistic	_	none	_	Begin=161.25	_	_	_	_
81-1	PST211	81	81	1	il	il	_	_	_	_	_	linguistic	_	none	_	_	_	_	_	_
81-2	PST211	81	81	2	passare	passare	_	_	_	_	_	linguistic	_	none	_	_	_	_	_	_
81-3	PST211	81	81	3	del	del	_	_	_	_	_	linguistic	_	none	_	_	_	_	_	_
81-4	PST211	81	81	4	tempo	tempo	_	_	_	_	_	linguistic	_	none	_	End=162.61	_	_	_	_
82-0	PST038	82	82	0	ho	ho	_	_	_	_	_	linguistic	_	none	_	Begin=164.26	_	_	_	_
82-1	PST038	82	82	1	trovato	trovato	_	_	_	_	_	linguistic	_	none	_	_	_	_	_	_
82-2	PST038	82	82	2	che	che	_	_	_	_	_	linguistic	_	none	_	_	_	_	_	_
82-3	PST038	82	82	3	era	era	_	_	_	_	_	linguistic	_	none	_	_	_	_	_	_
82-4	PST038	82	82	4	una	una	_	_	_	_	_	linguistic	_	none	_	_	_	_	_	_
82-5	PST038	82	82	5	grande	grande	_	_	_	_	_	linguistic	_	none	_	_	_	_	_	_
82-6	PST038	82	82	6	città	città	_	_	_	_	_	linguistic	_	none	_	_	_	_	_	_
82-7	PST038	82	82	7	sì	sì	_	_	_	_	_	linguistic	_	none	_	_	_	_	_	_
82-8	PST038	82	82	8	molto	molto	_	_	_	_	_	linguistic	_	none	_	_	_	_	_	_
82-9	PST038	82	82	9	italiana,	italiana	_	_	_	_	_	linguistic	_	none	Intonation=WeaklyRising	End=167.88	_	_	_	_
83-0	PST211	83	83	0	mh	mh	_	_	_	_	_	linguistic	_	none	_	Begin=168.11	_	_	_	_
83-1	PST211	83	83	1	mh	mh	_	_	_	_	_	linguistic	_	none	_	End=168.34	_	_	_	_
84-0	PST038	84	84	0	molto::	molto	_	_	_	_	_	linguistic	_	none	_	Begin=168.36|End=169.85	4x2	_	_	_
85-0	PST038	85	85	0	m:h	mh	_	_	_	_	_	linguistic	_	none	_	Begin=169.88|End=170.36	0x1	_	_	_
86-0	PST038	86	86	0	molto	molto	_	_	_	_	_	linguistic	_	none	_	Begin=170.64	_	_	_	_
86-1	PST038	86	86	1	del	del	_	_	_	_	_	linguistic	_	none	_	_	_	_	_	_
86-2	PST038	86	86	2	nord	nord	_	_	_	_	_	linguistic	_	none	_	_	_	_	_	_
86-3	PST038	86	86	3	molto	molto	_	_	_	_	_	linguistic	_	none	_	_	_	_	_	_
86-4	PST038	86	86	4	anche:	anche	_	_	_	_	_	linguistic	_	none	_	End=173.31	4x1	_	_	_
87-0	PST038	87	87	0	chiusa	chiusa	_	_	_	_	_	linguistic	_	none	_	Begin=174.0	_	_	_	_
87-1	PST038	87	87	1	finché	finché	_	_	_	_	_	linguistic	_	none	_	_	_	_	_	_
87-2	PST038	87	87	2	non	non	_	_	_	_	_	linguistic	_	none	_	_	_	_	_	_
87-3	PST038	87	87	3	si	si	_	_	_	_	_	linguistic	_	none	_	_	_	_	_	_
87-4	PST038	87	87	4	dà:	dà	_	_	_	_	_	linguistic	_	none	_	_	1x1	_	_	_
87-5	PST038	87	87	5	non	non	_	_	_	_	_	linguistic	_	none	_	_	_	_	_	_
87-6	PST038	87	87	6	si	si	_	_	_	_	_	linguistic	_	none	_	_	_	_	_	_
87-7	PST038	87	87	7	chiede	chiede	_	_	_	_	_	linguistic	_	none	_	_	_	_	_	_
87-8	PST038	87	87	8	un'	un'	_	_	_	_	_	linguistic	_	none	SpaceAfter=No	_	_	_	_	_
87-9	PST038	87	87	9	ami[cizia]	amicizia	_	_	_	_	_	linguistic	_	none	_	End=176.9	_	_	_	2-8(31)
88-0	PST211	88	88	0	[m:h]	mh	_	_	_	_	_	linguistic	_	none	_	Begin=176.57|End=176.905	0x1	_	_	0-2(31)
89-0	PST038	89	89	0	perché:	perché	_	_	_	_	_	linguistic	_	none	_	Begin=176.96|End=177.57	5x1	_	_	_
90-0	PST038	90	90	0	le	le	_	_	_	_	_	linguistic	_	none	_	Begin=178.23	_	_	_	_
90-1	PST038	90	90	1	persone	persone	_	_	_	_	_	linguistic	_	none	_	_	_	_	_	_
90-2	PST038	90	90	2	proprio::	proprio	_	_	_	_	_	linguistic	_	none	_	_	6x2	_	_	_
90-3	PST038	90	90	3	voglio	voglio	_	_	_	_	_	linguistic	_	none	_	_	_	_	_	_
90-4	PST038	90	90	4	dire	dire	_	_	_	_	_	linguistic	_	none	_	_	_	_	_	_
90-5	PST038	90	90	5	originarie	originarie	_	_	_	_	_	linguistic	_	none	_	_	_	_	_	_
90-6	PST038	90	90	6	del	del	_	_	_	_	_	linguistic	_	none	_	_	_	_	_	_
90-7	PST038	90	90	7	nord	nord	_	_	_	_	_	linguistic	_	none	_	_	_	_	_	_
90-8	PST038	90	90	8	son	son	_	_	_	_	_	linguistic	_	none	_	_	_	_	_	_
90-9	PST038	90	90	9	fatti	fatti	_	_	_	_	_	linguistic	_	none	_	_	_	_	_	_
90-10	PST038	90	90	10	così	così	_	_	_	_	_	linguistic	_	none	_	End=182.575	_	_	_	_
91-0	PST038	91	91	0	con	con	_	_	_	_	_	linguistic	_	none	_	Begin=182.795	_	_	_	_
91-1	PST038	91	91	1	gli	gli	_	_	_	_	_	linguistic	_	none	_	_	_	_	_	_
91-2	PST038	91	91	2	anni	anni	_	_	_	_	_	linguistic	_	none	_	_	_	_	_	_
91-3	PST038	91	91	3	ho	ho	_	_	_	_	_	linguistic	_	none	_	_	_	_	_	_
91-4	PST038	91	91	4	imparato	imparato	_	_	_	_	_	linguistic	_	none	_	_	_	_	_	_
91-5	PST038	91	91	5	a	a	_	_	_	_	_	linguistic	_	none	_	_	_	_	_	_
91-6	PST038	91	91	6	conoscere	conoscere	_	_	_	_	_	linguistic	_	none	_	_	_	_	_	_
91-7	PST038	91	91	7	molto	molto	_	_	_	_	_	linguistic	_	none	_	_	_	_	_	_
91-8	PST038	91	91	8	queste	queste	_	_	_	_	_	linguistic	_	none	_	_	_	_	_	_
91-9	PST038	91	91	9	cose	cose	_	_	_	_	_	linguistic	_	none	_	End=185.875	_	_	_	_
92-0	PST038	92	92	0	però:	però	_	_	_	_	_	linguistic	_	none	_	Begin=186.31|End=187.47	3x1	_	_	_
93-0	PST038	93	93	0	e::hm::	ehm	_	_	_	_	_	linguistic	_	none	_	Begin=187.54	0x2,2x2	_	_	_
93-1	PST038	93	93	1	volevo	volevo	_	_	_	_	_	linguistic	_	none	_	_	_	_	_	_
93-2	PST038	93	93	2	dire::	dire	_	_	_	_	_	linguistic	_	none	_	End=189.63	3x2	_	_	_
94-0	PST038	94	94	0	no	no	_	_	_	_	_	linguistic	_	none	_	Begin=189.845	_	_	_	_
94-1	PST038	94	94	1	no	no	_	_	_	_	_	linguistic	_	none	_	_	_	_	_	_
94-2	PST038	94	94	2	nel	nel	_	_	_	_	_	linguistic	_	none	_	_	_	_	_	_
94-3	PST038	94	94	3	senso	senso	_	_	_	_	_	linguistic	_	none	_	_	_	_	_	_
94-4	PST038	94	94	4	di:	di	_	_	_	_	_	linguistic	_	none	_	End=192.215	1x1	_	_	_
95-0	PST038	95	95	0	come	come	_	_	_	_	_	linguistic	_	none	_	Begin=195.94	_	_	_	_
95-1	PST038	95	95	1	dire	dire	_	_	_	_	_	linguistic	_	none	_	End=196.58	_	_	_	_
96-0	PST038	96	96	0	non	non	_	_	_	_	_	linguistic	_	none	_	Begin=196.66	_	_	_	_
96-1	PST038	96	96	1	mi	mi	_	_	_	_	_	linguistic	_	none	_	_	_	_	_	_
96-2	PST038	96	96	2	spiego	spiego	_	_	_	_	_	linguistic	_	none	_	End=197.26	_	_	_	_
97-0	PST038	97	97	0	la	la	_	_	_	_	_	linguistic	_	none	_	Begin=198.6	_	_	_	_
97-1	PST038	97	97	1	ripeta	ripeta	_	_	_	_	_	linguistic	_	none	_	_	_	_	_	_
97-2	PST038	97	97	2	la	la	_	_	_	_	_	linguistic	_	none	_	_	_	_	_	_
97-3	PST038	97	97	3	domanda	domanda	_	_	_	_	_	linguistic	_	none	_	End=199.78	_	_	_	_
98-0	PST211	98	98	0	se	se	_	_	_	_	_	linguistic	_	none	_	Begin=200.06	_	_	_	_
98-1	PST211	98	98	1	è	è	_	_	_	_	_	linguistic	_	none	_	_	_	_	_	_
98-2	PST211	98	98	2	cambiata	cambiata	_	_	_	_	_	linguistic	_	none	_	_	_	_	_	_
98-3	PST211	98	98	3	torino	torino	_	_	_	_	_	linguistic	_	none	_	_	_	_	_	_
98-4	PST211	98	98	4	nel	nel	_	_	_	_	_	linguistic	_	none	_	_	_	_	_	_
98-5	PST211	98	98	5	tempo	tempo	_	_	_	_	_	linguistic	_	none	_	_	_	_	_	_
98-6	PST211	98	98	6	in	in	_	_	_	_	_	linguistic	_	none	_	_	_	_	_	_
98-7	PST211	98	98	7	cu[i]:	cui	_	_	_	_	_	linguistic	_	none	_	_	2x1	_	_	2-3(?)
98-8	PST211	98	98	8	[è	è	_	_	_	_	_	linguistic	_	none	_	_	_	_	_	0-1(?)
98-9	PST211	98	98	9	stata	stata	_	_	_	_	_	linguistic	_	none	_	_	_	_	_	0-5(?)
98-10	PST211	98	98	10	qui]	qui	_	_	_	_	_	linguistic	_	none	_	End=203.15	_	_	_	0-3(?)
99-0	PST038	99	99	0	[ah]	ah	_	_	_	_	_	linguistic	_	none	_	Begin=202.2	_	_	_	0-2(?)
99-1	PST038	99	99	1	[sì	sì	_	_	_	_	_	linguistic	_	none	ProsodicLink=Yes	_	_	_	_	0-2(?)
99-2	PST038	99	99	2	sì	sì	_	_	_	_	_	linguistic	_	none	ProsodicLink=Yes	_	_	_	_	0-2(?)
99-3	PST038	99	99	3	sì]	sì	_	_	_	_	_	linguistic	_	none	_	End=203.14	_	_	_	0-2(?)
100-0	PST038	100	100	0	sì	sì	_	_	_	_	_	linguistic	_	none	_	Begin=203.515|End=203.805	_	_	_	_
101-0	PST038	101	101	0	tanto	tanto	_	_	_	_	_	linguistic	_	none	_	Begin=204.565|End=205.155	_	_	_	_
102-0	PST038	102	102	0	in	in	_	_	_	_	_	linguistic	_	none	_	Begin=206.745	_	_	_	_
102-1	PST038	102	102	1	bene	bene	_	_	_	_	_	linguistic	_	none	_	_	_	_	_	_
102-2	PST038	102	102	2	e	e	_	_	_	_	_	linguistic	_	none	_	_	_	_	_	_
102-3	PST038	102	102	3	anche	anche	_	_	_	_	_	linguistic	_	none	_	_	_	_	_	_
102-4	PST038	102	102	4	in	in	_	_	_	_	_	linguistic	_	none	_	_	_	_	_	_
102-5	PST038	102	102	5	mal[e	male	_	_	_	_	_	linguistic	_	none	_	_	_	_	_	3-4(35)
102-6	PST038	102	102	6	eh]	eh	_	_	_	_	_	linguistic	_	none	_	End=208.505	_	_	_	0-2(35)
103-0	PST211	103	103	0	[ah	ah	_	_	_	_	_	linguistic	_	none	ProsodicLink=Yes	Begin=208.13	_	_	_	0-2(35)
103-1	PST211	103	103	1	ah]	ah	_	_	_	_	_	linguistic	_	none	_	End=208.49	_	_	_	0-2(35)
104-0	PST211	104	104	0	ad	ad	_	_	_	_	_	linguistic	_	none	_	Begin=208.59	_	_	_	_
104-1	PST211	104	104	1	esempio?	esempio	_	_	_	_	_	linguistic	_	none	Intonation=Rising	End=209.39	_	_	_	_
105-0	PST038	105	105	0	in	in	_	_	_	_	_	linguistic	_	none	_	Begin=209.805	_	_	_	_
105-1	PST038	105	105	1	bene	bene	_	_	_	_	_	linguistic	_	none	_	End=210.605	_	_	_	_
106-0	PST038	106	106	0	e	e	_	_	_	_	_	linguistic	_	none	_	Begin=211.09	_	_	_	_
106-1	PST038	106	106	1	in	in	_	_	_	_	_	linguistic	_	none	_	_	_	_	_	_
106-2	PST038	106	106	2	bene	bene	_	_	_	_	_	linguistic	_	none	_	_	_	_	_	_
106-3	PST038	106	106	3	perché	perché	_	_	_	_	_	linguistic	_	none	_	_	_	_	_	_
106-4	PST038	106	106	4	è	è	_	_	_	_	_	linguistic	_	none	_	_	_	_	_	_
106-5	PST038	106	106	5	bello	bello	_	_	_	_	_	linguistic	_	none	_	_	_	_	_	_
106-6	PST038	106	106	6	vedere::	vedere	_	_	_	_	_	linguistic	_	none	_	_	5x2	_	_	_
106-7	PST038	106	106	7	una	una	_	_	_	_	_	linguistic	_	none	_	_	_	_	_	_
106-8	PST038	106	106	8	società	società	_	_	_	_	_	linguistic	_	none	_	End=215.06	_	_	_	_
107-0	PST038	107	107	0	molto	molto	_	_	_	_	_	linguistic	_	none	_	Begin=215.29	_	_	_	_
107-1	PST038	107	107	1	varia	varia	_	_	_	_	_	linguistic	_	none	_	End=216.82	_	_	_	_
108-0	PST211	108	108	0	mh	mh	_	_	_	_	_	linguistic	_	none	_	Begin=216.91	_	_	_	_
108-1	PST211	108	108	1	mh	mh	_	_	_	_	_	linguistic	_	none	_	End=217.35	_	_	_	_
109-0	PST038	109	109	0	a	a	_	_	_	_	_	linguistic	_	none	_	Begin=219.05	_	_	_	_
109-1	PST038	109	109	1	mio	mio	_	_	_	_	_	linguistic	_	none	_	_	_	_	_	_
109-2	PST038	109	109	2	parere	parere	_	_	_	_	_	linguistic	_	none	_	End=220.11	_	_	_	_
110-0	PST038	110	110	0	è	è	_	_	_	_	_	linguistic	_	none	_	Begin=220.62	_	_	_	_
110-1	PST038	110	110	1	bello	bello	_	_	_	_	_	linguistic	_	none	_	_	_	_	_	_
110-2	PST038	110	110	2	perché	perché	_	_	_	_	_	linguistic	_	none	_	_	_	_	_	_
110-3	PST038	110	110	3	l'	l'	_	_	_	_	_	linguistic	_	none	SpaceAfter=No	_	_	_	_	_
110-4	PST038	110	110	4	essere	essere	_	_	_	_	_	linguistic	_	none	_	_	_	_	_	_
110-5	PST038	110	110	5	umano	umano	_	_	_	_	_	linguistic	_	none	_	_	_	_	_	_
110-6	PST038	110	110	6	si	si	_	_	_	_	_	linguistic	_	none	_	_	_	_	_	_
110-7	PST038	110	110	7	arricchisce	arricchisce	_	_	_	_	_	linguistic	_	none	_	End=223.02	_	_	_	_
111-0	PST038	111	111	0	molto	molto	_	_	_	_	_	linguistic	_	none	_	Begin=223.36|End=224.1	_	_	_	_
112-0	PST038	112	112	0	e::	e	_	_	_	_	_	linguistic	_	none	_	Begin=225.55|End=226.83	0x2	_	_	_
113-0	PST038	113	113	0	invece	invece	_	_	_	_	_	linguistic	_	none	_	Begin=227.48	_	_	_	_
113-1	PST038	113	113	1	negativamente	negativamente	_	_	_	_	_	linguistic	_	none	_	_	_	_	_	_
113-2	PST038	113	113	2	questo	questo	_	_	_	_	_	linguistic	_	none	_	_	_	_	_	_
113-3	PST038	113	113	3	comporta:	comporta	_	_	_	_	_	linguistic	_	none	_	_	7x1	_	_	_
113-4	PST038	113	113	4	(nel)	nel	_	_	_	_	_	linguistic	_	none	_	_	_	_	0-3(0)	_
113-5	PST038	113	113	5	senso	senso	_	_	_	_	_	linguistic	_	none	_	_	_	_	_	_
113-6	PST038	113	113	6	migratorio	migratorio	_	_	_	_	_	linguistic	_	none	_	End=232.04	_	_	_	_
114-0	PST038	114	114	0	tutto	tutto	_	_	_	_	_	linguistic	_	none	_	Begin=232.26	_	_	_	_
114-1	PST038	114	114	1	ha	ha	_	_	_	_	_	linguistic	_	none	_	_	_	_	_	_
114-2	PST038	114	114	2	i	i	_	_	_	_	_	linguistic	_	none	_	_	_	_	_	_
114-3	PST038	114	114	3	pro	pro	_	_	_	_	_	linguistic	_	none	_	_	_	_	_	_
114-4	PST038	114	114	4	e	e	_	_	_	_	_	linguistic	_	none	_	_	_	_	_	_
114-5	PST038	114	114	5	contro	contro	_	_	_	_	_	linguistic	_	none	_	_	_	_	_	_
114-6	PST038	114	114	6	perché:	perché	_	_	_	_	_	linguistic	_	none	_	End=234.68	5x1	_	_	_
115-0	PST038	115	115	0	e::	e	_	_	_	_	_	linguistic	_	none	_	Begin=235.49|End=236.7	0x2	_	_	_
116-0	PST038	116	116	0	chi	chi	_	_	_	_	_	linguistic	_	none	_	Begin=237.56	_	_	_	_
116-1	PST038	116	116	1	si	si	_	_	_	_	_	linguistic	_	none	_	_	_	_	_	_
116-2	PST038	116	116	2	i~	i~	_	_	_	_	_	linguistic	_	none	Interrupted=Yes	_	_	_	_	_
116-3	PST038	116	116	3	immigra	immigra	_	_	_	_	_	linguistic	_	none	_	End=238.9	_	_	_	_
117-0	PST038	117	117	0	#por	por	_	_	_	_	_	linguistic	_	some	Language=NO_ISO_CODE|Variation=Token	Begin=239.515	_	_	_	_
117-1	PST038	117	117	1	tante	tante	_	_	_	_	_	linguistic	_	some	_	_	_	_	_	_
117-2	PST038	117	117	2	ragione	ragione	_	_	_	_	_	linguistic	_	some	_	_	_	_	_	_
117-3	PST038	117	117	3	no?	no	_	_	_	_	_	linguistic	_	some	Intonation=Rising	End=241.005	_	_	_	_
118-0	PST038	118	118	0	e	e	_	_	_	_	_	linguistic	_	none	_	Begin=241.67	_	_	_	_
118-1	PST038	118	118	1	tra	tra	_	_	_	_	_	linguistic	_	none	_	_	_	_	_	_
118-2	PST038	118	118	2	cui	cui	_	_	_	_	_	linguistic	_	none	_	_	_	_	_	_
118-3	PST038	118	118	3	anche:	anche	_	_	_	_	_	linguistic	_	none	_	_	4x1	_	_	_
118-4	PST038	118	118	4	diversi	diversi	_	_	_	_	_	linguistic	_	none	_	_	_	_	_	_
118-5	PST038	118	118	5	$nivelli	nivelli	_	_	_	_	_	linguistic	_	none	Orthography=Yes|Variation=Emerging	_	_	_	_	_
118-6	PST038	118	118	6	di	di	_	_	_	_	_	linguistic	_	none	_	_	_	_	_	_
118-7	PST038	118	118	7	istruzione	istruzione	_	_	_	_	_	linguistic	_	none	_	End=244.93	_	_	_	_
119-0	PST038	119	119	0	per	per	_	_	_	_	_	linguistic	_	none	_	Begin=246.27	_	_	_	_
119-1	PST038	119	119	1	cui:	cui	_	_	_	_	_	linguistic	_	none	_	End=247.34	2x1	_	_	_
120-0	PST038	120	120	0	arriva:	arriva	_	_	_	_	_	linguistic	_	none	_	Begin=248.44|End=249.36	5x1	_	_	_
121-0	PST038	121	121	0	persone	persone	_	_	_	_	_	linguistic	_	none	_	Begin=249.94	_	_	_	_
121-1	PST038	121	121	1	che:	che	_	_	_	_	_	linguistic	_	none	_	End=251.58	2x1	_	_	_
122-0	PST038	122	122	0	fanno	fanno	_	_	_	_	_	linguistic	_	none	_	Begin=252.74	_	_	_	_
122-1	PST038	122	122	1	positivo	positivo	_	_	_	_	_	linguistic	_	none	_	_	_	_	_	_
122-2	PST038	122	122	2	e	e	_	_	_	_	_	linguistic	_	none	_	_	_	_	_	_
122-3	PST038	122	122	3	persone	persone	_	_	_	_	_	linguistic	_	none	_	_	_	_	_	_
122-4	PST038	122	122	4	che:	che	_	_	_	_	_	linguistic	_	none	_	End=255.0	2x1	_	_	_
123-0	PST038	123	123	0	rovinano	rovinano	_	_	_	_	_	linguistic	_	none	_	Begin=255.35	_	_	_	_
123-1	PST038	123	123	1	anche	anche	_	_	_	_	_	linguistic	_	none	_	_	_	_	_	_
123-2	PST038	123	123	2	(la)	la	_	_	_	_	_	linguistic	_	none	_	_	_	_	0-2(0)	_
123-3	PST038	123	123	3	società	società	_	_	_	_	_	linguistic	_	none	_	End=257.2	_	_	_	_
124-0	PST211	124	124	0	mh	mh	_	_	_	_	_	linguistic	_	none	_	Begin=257.25	_	_	_	_
124-1	PST211	124	124	1	mh	mh	_	_	_	_	_	linguistic	_	none	_	End=257.55	_	_	_	_
125-0	PST038	125	125	0	per	per	_	_	_	_	_	linguistic	_	none	_	Begin=257.86	_	_	_	_
125-1	PST038	125	125	1	cui::	cui	_	_	_	_	_	linguistic	_	none	_	_	2x2	_	_	_
125-2	PST038	125	125	2	tutto	tutto	_	_	_	_	_	linguistic	_	none	_	_	_	_	_	_
125-3	PST038	125	125	3	ha	ha	_	_	_	_	_	linguistic	_	none	_	_	_	_	_	_
125-4	PST038	125	125	4	pro	pro	_	_	_	_	_	linguistic	_	none	_	_	_	_	_	_
125-5	PST038	125	125	5	e	e	_	_	_	_	_	linguistic	_	none	_	_	_	_	_	_
125-6	PST038	125	125	6	contro	contro	_	_	_	_	_	linguistic	_	none	_	End=260.05	_	_	_	_
126-0	PST038	126	126	0	l'	l'	_	_	_	_	_	linguistic	_	none	SpaceAfter=No	Begin=260.2	_	_	_	_
126-1	PST038	126	126	1	ho	ho	_	_	_	_	_	linguistic	_	none	_	_	_	_	_	_
126-2	PST038	126	126	2	vista	vista	_	_	_	_	_	linguistic	_	none	_	End=261.0	_	_	_	_
127-0	PST038	127	127	0	l'	l'	_	_	_	_	_	linguistic	_	none	SpaceAfter=No	Begin=261.41	_	_	_	_
127-1	PST038	127	127	1	ho	ho	_	_	_	_	_	linguistic	_	none	_	_	_	_	_	_
127-2	PST038	127	127	2	vista	vista	_	_	_	_	_	linguistic	_	none	_	_	_	_	_	_
127-3	PST038	127	127	3	cambiare	cambiare	_	_	_	_	_	linguistic	_	none	_	_	_	_	_	_
127-4	PST038	127	127	4	sì:	sì	_	_	_	_	_	linguistic	_	none	_	End=263.61	1x1	_	_	_
128-0	PST038	128	128	0	anche	anche	_	_	_	_	_	linguistic	_	none	_	Begin=264.07	_	_	_	_
128-1	PST038	128	128	1	in	in	_	_	_	_	_	linguistic	_	none	_	_	_	_	_	_
128-2	PST038	128	128	2	positivo	positivo	_	_	_	_	_	linguistic	_	none	_	_	_	_	_	_
128-3	PST038	128	128	3	questo	questo	_	_	_	_	_	linguistic	_	none	_	_	_	_	_	_
128-4	PST038	128	128	4	è	è	_	_	_	_	_	linguistic	_	none	_	_	_	_	_	_
128-5	PST038	128	128	5	bellissimo	bellissimo	_	_	_	_	_	linguistic	_	none	_	End=266.07	_	_	_	_
129-0	PST038	129	129	0	perché	perché	_	_	_	_	_	linguistic	_	none	_	Begin=266.34	_	_	_	_
129-1	PST038	129	129	1	soltanto	soltanto	_	_	_	_	_	linguistic	_	none	_	_	_	_	_	_
129-2	PST038	129	129	2	già	già	_	_	_	_	_	linguistic	_	none	_	_	_	_	_	_
129-3	PST038	129	129	3	in	in	_	_	_	_	_	linguistic	_	none	_	_	_	_	_	_
129-4	PST038	129	129	4	università	università	_	_	_	_	_	linguistic	_	none	_	_	_	_	_	_
129-5	PST038	129	129	5	tantissimi	tantissimi	_	_	_	_	_	linguistic	_	none	_	_	_	_	_	_
129-6	PST038	129	129	6	ragazzi	ragazzi	_	_	_	_	_	linguistic	_	none	_	_	_	_	_	_
129-7	PST038	129	129	7	no	no	_	_	_	_	_	linguistic	_	none	_	_	_	_	_	_
129-8	PST038	129	129	8	anche	anche	_	_	_	_	_	linguistic	_	none	_	_	_	_	_	_
129-9	PST038	129	129	9	prodotto	prodotto	_	_	_	_	_	linguistic	_	none	_	_	_	_	_	_
129-10	PST038	129	129	10	del:	del	_	_	_	_	_	linguistic	_	none	_	_	2x1	_	_	_
129-11	PST038	129	129	11	eh	eh	_	_	_	_	_	linguistic	_	none	_	_	_	_	_	_
129-12	PST038	129	129	12	ricongiungimento	ricongiungimento	_	_	_	_	_	linguistic	_	none	_	_	_	_	_	_
129-13	PST038	129	129	13	famigliare	famigliare	_	_	_	_	_	linguistic	_	none	_	_	_	_	_	_
129-14	PST038	129	129	14	e	e	_	_	_	_	_	linguistic	_	none	_	_	_	_	_	_
129-15	PST038	129	129	15	diverse	diverse	_	_	_	_	_	linguistic	_	none	_	_	_	_	_	_
129-16	PST038	129	129	16	nac~	nac~	_	_	_	_	_	linguistic	_	none	Interrupted=Yes	_	_	_	_	_
129-17	PST038	129	129	17	nazionalità	nazionalità	_	_	_	_	_	linguistic	_	none	_	End=274.3	_	_	_	_
130-0	PST211	130	130	0	mh	mh	_	_	_	_	_	linguistic	_	none	_	Begin=274.46	_	_	_	_
130-1	PST211	130	130	1	mh	mh	_	_	_	_	_	linguistic	_	none	_	End=274.67	_	_	_	_
131-0	PST038	131	131	0	allo	allo	_	_	_	_	_	linguistic	_	none	_	Begin=274.68	_	_	_	_
131-1	PST038	131	131	1	stesso	stesso	_	_	_	_	_	linguistic	_	none	_	_	_	_	_	_
131-2	PST038	131	131	2	della	della	_	_	_	_	_	linguistic	_	none	_	End=275.49	_	_	_	_
132-0	PST038	132	132	0	generazione	generazione	_	_	_	_	_	linguistic	_	none	_	Begin=276.09	_	_	_	_
132-1	PST038	132	132	1	dei	dei	_	_	_	_	_	linguistic	_	none	_	_	_	_	_	_
132-2	PST038	132	132	2	genitori	genitori	_	_	_	_	_	linguistic	_	none	_	_	_	_	_	_
132-3	PST038	132	132	3	no	no	_	_	_	_	_	linguistic	_	none	_	_	_	_	_	_
132-4	PST038	132	132	4	che	che	_	_	_	_	_	linguistic	_	none	_	_	_	_	_	_
132-5	PST038	132	132	5	hanno	hanno	_	_	_	_	_	linguistic	_	none	_	_	_	_	_	_
132-6	PST038	132	132	6	portato	portato	_	_	_	_	_	linguistic	_	none	_	_	_	_	_	_
132-7	PST038	132	132	7	qua	qua	_	_	_	_	_	linguistic	_	none	_	End=278.54	_	_	_	_
133-0	PST038	133	133	0	i	i	_	_	_	_	_	linguistic	_	none	_	Begin=279.77	_	_	_	_
133-1	PST038	133	133	1	loro	loro	_	_	_	_	_	linguistic	_	none	_	_	_	_	_	_
133-2	PST038	133	133	2	figli:	figli	_	_	_	_	_	linguistic	_	none	_	End=280.67	4x1	_	_	_
134-0	PST038	134	134	0	e::	e	_	_	_	_	_	linguistic	_	none	_	Begin=281.18	0x2	_	_	_
134-1	PST038	134	134	1	però	però	_	_	_	_	_	linguistic	_	none	_	_	_	_	_	_
134-2	PST038	134	134	2	anche	anche	_	_	_	_	_	linguistic	_	none	_	_	_	_	_	_
134-3	PST038	134	134	3	la	la	_	_	_	_	_	linguistic	_	none	_	_	_	_	_	_
134-4	PST038	134	134	4	delinquenza	delinquenza	_	_	_	_	_	linguistic	_	none	_	End=283.77	_	_	_	_
135-0	PST211	135	135	0	°m:h°	mh	_	_	_	_	_	linguistic	_	none	Volume=low	Begin=283.825|End=284.24	0x1	_	_	_
136-0	PST038	136	136	0	anche	anche	_	_	_	_	_	linguistic	_	some	_	Begin=284.3	_	_	_	_
136-1	PST038	136	136	1	la:	la	_	_	_	_	_	linguistic	_	some	ProsodicLink=Yes	_	1x1	_	_	_
136-2	PST038	136	136	2	l'	l'	_	_	_	_	_	linguistic	_	some	SpaceAfter=No	_	_	_	_	_
136-3	PST038	136	136	3	emigrazione	emigrazione	_	_	_	_	_	linguistic	_	some	_	_	_	_	_	_
136-4	PST038	136	136	4	#de	de	_	_	_	_	_	linguistic	_	some	Language=NO_ISO_CODE|Variation=Token	_	_	_	_	_
136-5	PST038	136	136	5	chi	chi	_	_	_	_	_	linguistic	_	some	_	_	_	_	_	_
136-6	PST038	136	136	6	è:	è	_	_	_	_	_	linguistic	_	some	_	_	0x1	_	_	_
136-7	PST038	136	136	7	magari:	magari	_	_	_	_	_	linguistic	_	some	_	_	5x1	_	_	_
136-8	PST038	136	136	8	in	in	_	_	_	_	_	linguistic	_	some	_	_	_	_	_	_
136-9	PST038	136	136	9	altri	altri	_	_	_	_	_	linguistic	_	some	_	_	_	_	_	_
136-10	PST038	136	136	10	continenti	continenti	_	_	_	_	_	linguistic	_	some	_	_	_	_	_	_
136-11	PST038	136	136	11	molto	molto	_	_	_	_	_	linguistic	_	some	_	_	_	_	_	_
136-12	PST038	136	136	12	più:	più	_	_	_	_	_	linguistic	_	some	_	_	2x1	_	_	_
136-13	PST038	136	136	13	meno	meno	_	_	_	_	_	linguistic	_	some	_	End=290.68	_	_	_	_
137-0	PST211	137	137	0	°mh°	mh	_	_	_	_	_	linguistic	_	none	Volume=low	Begin=290.96|End=291.225	_	_	_	_
138-0	PST038	138	138	0	di	di	_	_	_	_	_	linguistic	_	none	_	Begin=291.235	_	_	_	_
138-1	PST038	138	138	1	noi	noi	_	_	_	_	_	linguistic	_	none	_	End=292.085	_	_	_	_
139-0	PST038	139	139	0	forse	forse	_	_	_	_	_	linguistic	_	none	_	Begin=293.26	_	_	_	_
139-1	PST038	139	139	1	perché	perché	_	_	_	_	_	linguistic	_	none	_	_	_	_	_	_
139-2	PST038	139	139	2	non	non	_	_	_	_	_	linguistic	_	none	_	_	_	_	_	_
139-3	PST038	139	139	3	abbiamo	abbiamo	_	_	_	_	_	linguistic	_	none	_	_	_	_	_	_
139-4	PST038	139	139	4	neanche	neanche	_	_	_	_	_	linguistic	_	none	_	_	_	_	_	_
139-5	PST038	139	139	5	voglia	voglia	_	_	_	_	_	linguistic	_	none	_	_	_	_	_	_
139-6	PST038	139	139	6	di	di	_	_	_	_	_	linguistic	_	none	_	_	_	_	_	_
139-7	PST038	139	139	7	andare	andare	_	_	_	_	_	linguistic	_	none	_	_	_	_	_	_
139-8	PST038	139	139	8	a	a	_	_	_	_	_	linguistic	_	none	_	_	_	_	_	_
139-9	PST038	139	139	9	indagare:	indagare	_	_	_	_	_	linguistic	_	none	_	End=296.33	7x1	_	_	_
140-0	PST211	140	140	0	°mh°	mh	_	_	_	_	_	linguistic	_	none	Volume=low	Begin=296.345|End=296.48	_	_	_	_
141-0	PST038	141	141	0	no?	no	_	_	_	_	_	linguistic	_	none	Intonation=Rising	Begin=296.49|End=296.81	_	_	_	_
142-0	PST038	142	142	0	e::h	eh	_	_	_	_	_	linguistic	_	none	_	Begin=297.3|End=298.48	0x2	_	_	_
143-0	PST038	143	143	0	sia	sia	_	_	_	_	_	linguistic	_	none	_	Begin=298.67	_	_	_	_
143-1	PST038	143	143	1	per	per	_	_	_	_	_	linguistic	_	none	_	_	_	_	_	_
143-2	PST038	143	143	2	colore	colore	_	_	_	_	_	linguistic	_	none	_	_	_	_	_	_
143-3	PST038	143	143	3	della	della	_	_	_	_	_	linguistic	_	none	_	_	_	_	_	_
143-4	PST038	143	143	4	pelle:	pelle	_	_	_	_	_	linguistic	_	none	_	_	4x1	_	_	_
143-5	PST038	143	143	5	o	o	_	_	_	_	_	linguistic	_	none	_	_	_	_	_	_
143-6	PST038	143	143	6	chissà	chissà	_	_	_	_	_	linguistic	_	none	_	End=300.89	_	_	_	_
144-0	PST038	144	144	0	e	e	_	_	_	_	_	linguistic	_	none	_	Begin=301.69	_	_	_	_
144-1	PST038	144	144	1	formano:	formano	_	_	_	_	_	linguistic	_	none	_	_	6x1	_	_	_
144-2	PST038	144	144	2	vanno	vanno	_	_	_	_	_	linguistic	_	none	_	_	_	_	_	_
144-3	PST038	144	144	3	a	a	_	_	_	_	_	linguistic	_	none	_	_	_	_	_	_
144-4	PST038	144	144	4	formare	formare	_	_	_	_	_	linguistic	_	none	_	_	_	_	_	_
144-5	PST038	144	144	5	le	le	_	_	_	_	_	linguistic	_	none	_	_	_	_	_	_
144-6	PST038	144	144	6	file	file	_	_	_	_	_	linguistic	_	none	_	_	_	_	_	_
144-7	PST038	144	144	7	della:	della	_	_	_	_	_	linguistic	_	none	_	_	4x1	_	_	_
144-8	PST038	144	144	8	delinque:nza:	delinquenza	_	_	_	_	_	linguistic	_	none	_	End=305.43	7x1,10x1	_	_	_
145-0	PST038	145	145	0	dello	dello	_	_	_	_	_	linguistic	_	none	_	Begin=305.51	_	_	_	_
145-1	PST038	145	145	1	spaccio	spaccio	_	_	_	_	_	linguistic	_	none	_	End=306.59	_	_	_	_
146-0	PST038	146	146	0	anche	anche	_	_	_	_	_	linguistic	_	none	_	Begin=307.06	_	_	_	_
146-1	PST038	146	146	1	del	del	_	_	_	_	_	linguistic	_	none	_	_	_	_	_	_
146-2	PST038	146	146	2	degra:do	degrado	_	_	_	_	_	linguistic	_	none	_	_	4x1	_	_	_
146-3	PST038	146	146	3	della	della	_	_	_	_	_	linguistic	_	none	_	_	_	_	_	_
146-4	PST038	146	146	4	città	città	_	_	_	_	_	linguistic	_	none	_	End=308.95	_	_	_	_
147-0	PST038	147	147	0	purtroppo	purtroppo	_	_	_	_	_	linguistic	_	none	_	Begin=309.71	_	_	_	_
147-1	PST038	147	147	1	dove	dove	_	_	_	_	_	linguistic	_	none	_	_	_	_	_	_
147-2	PST038	147	147	2	vedo	vedo	_	_	_	_	_	linguistic	_	none	_	_	_	_	_	_
147-3	PST038	147	147	3	che:	che	_	_	_	_	_	linguistic	_	none	_	_	2x1	_	_	_
147-4	PST038	147	147	4	anche	anche	_	_	_	_	_	linguistic	_	none	_	_	_	_	_	_
147-5	PST038	147	147	5	una	una	_	_	_	_	_	linguistic	_	none	_	_	_	_	_	_
147-6	PST038	147	147	6	città:	città	_	_	_	_	_	linguistic	_	none	_	_	4x1	_	_	_
147-7	PST038	147	147	7	anche	anche	_	_	_	_	_	linguistic	_	none	_	_	_	_	_	_
147-8	PST038	147	147	8	pulita,	pulita	_	_	_	_	_	linguistic	_	none	Intonation=WeaklyRising	End=313.88	_	_	_	_
148-0	PST211	148	148	0	°mh°	mh	_	_	_	_	_	linguistic	_	none	Volume=low	Begin=314.115|End=314.46	_	_	_	_
149-0	PST038	149	149	0	c'	c'	_	_	_	_	_	linguistic	_	none	SpaceAfter=No	Begin=314.49	_	_	_	_
149-1	PST038	149	149	1	è	è	_	_	_	_	_	linguistic	_	none	_	_	_	_	_	_
149-2	PST038	149	149	2	anche	anche	_	_	_	_	_	linguistic	_	none	_	_	_	_	_	_
149-3	PST038	149	149	3	quel	quel	_	_	_	_	_	linguistic	_	none	_	_	_	_	_	_
149-4	PST038	149	149	4	degrado	degrado	_	_	_	_	_	linguistic	_	none	_	_	_	_	_	_
149-5	PST038	149	149	5	lì	lì	_	_	_	_	_	linguistic	_	none	_	End=315.95	_	_	_	_
150-0	PST038	150	150	0	sai	sai	_	_	_	_	_	linguistic	_	none	_	Begin=316.11|End=316.54	_	_	_	_
151-0	PST038	151	151	0	io	io	_	_	_	_	_	linguistic	_	none	_	Begin=316.79	_	_	_	_
151-1	PST038	151	151	1	ho	ho	_	_	_	_	_	linguistic	_	none	_	_	_	_	_	_
151-2	PST038	151	151	2	osservato	osservato	_	_	_	_	_	linguistic	_	none	_	_	_	_	_	_
151-3	PST038	151	151	3	molto	molto	_	_	_	_	_	linguistic	_	none	_	_	_	_	_	_
151-4	PST038	151	151	4	quello:	quello	_	_	_	_	_	linguistic	_	none	_	_	5x1	_	_	_
151-5	PST038	151	151	5	no?	no	_	_	_	_	_	linguistic	_	none	Intonation=Rising	End=318.92	_	_	_	_
152-0	PST038	152	152	0	per	per	_	_	_	_	_	linguistic	_	none	_	Begin=320.39	_	_	_	_
152-1	PST038	152	152	1	poi	poi	_	_	_	_	_	linguistic	_	none	_	_	_	_	_	_
152-2	PST038	152	152	2	chi	chi	_	_	_	_	_	linguistic	_	none	_	_	_	_	_	_
152-3	PST038	152	152	3	viene	viene	_	_	_	_	_	linguistic	_	none	_	_	_	_	_	_
152-4	PST038	152	152	4	con	con	_	_	_	_	_	linguistic	_	none	_	_	_	_	_	_
152-5	PST038	152	152	5	una	una	_	_	_	_	_	linguistic	_	none	_	_	_	_	_	_
152-6	PST038	152	152	6	certa	certa	_	_	_	_	_	linguistic	_	none	_	_	_	_	_	_
152-7	PST038	152	152	7	capacità	capacità	_	_	_	_	_	linguistic	_	none	_	End=323.07	_	_	_	_
153-0	PST038	153	153	0	modestia	modestia	_	_	_	_	_	linguistic	_	none	_	Begin=323.135	_	_	_	_
153-1	PST038	153	153	1	a	a	_	_	_	_	_	linguistic	_	none	_	_	_	_	_	_
153-2	PST038	153	153	2	parte	parte	_	_	_	_	_	linguistic	_	none	_	_	_	_	_	_
153-3	PST038	153	153	3	di	di	_	_	_	_	_	linguistic	_	none	PauseAfter=Yes	_	_	_	_	_
153-4	PST038	153	153	4	{P}	{P}	_	_	_	_	_	shortpause	_	none	_	_	_	_	_	_
153-5	PST038	153	153	5	vedere	vedere	_	_	_	_	_	linguistic	_	none	_	_	_	_	_	_
153-6	PST038	153	153	6	tutto,	tutto	_	_	_	_	_	linguistic	_	none	Intonation=WeaklyRising	End=325.98	_	_	_	_
154-0	PST038	154	154	0	come	come	_	_	_	_	_	linguistic	_	none	_	Begin=326.255	_	_	_	_
154-1	PST038	154	154	1	va	va	_	_	_	_	_	linguistic	_	none	_	_	_	_	_	_
154-2	PST038	154	154	2	tutto	tutto	_	_	_	_	_	linguistic	_	none	_	_	_	_	_	_
154-3	PST038	154	154	3	questo:	questo	_	_	_	_	_	linguistic	_	none	_	End=328.015	5x1	_	_	_
155-0	PST038	155	155	0	e:h	eh	_	_	_	_	_	linguistic	_	none	_	Begin=328.25|End=328.98	0x1	_	_	_
156-0	PST038	156	156	0	ciclo	ciclo	_	_	_	_	_	linguistic	_	none	_	Begin=329.03	_	_	_	_
156-1	PST038	156	156	1	no?	no	_	_	_	_	_	linguistic	_	none	Intonation=Rising	End=329.86	_	_	_	_
157-0	PST211	157	157	0	mh	mh	_	_	_	_	_	linguistic	_	none	_	Begin=329.92	_	_	_	_
157-1	PST211	157	157	1	mh	mh	_	_	_	_	_	linguistic	_	none	_	End=330.12	_	_	_	_
158-0	PST038	158	158	0	[#de]	de	_	_	_	_	_	linguistic	_	some	Language=NO_ISO_CODE|Variation=Token	Begin=329.93	_	_	_	0-3(48)
158-1	PST038	158	158	1	questo	questo	_	_	_	_	_	linguistic	_	some	_	_	_	_	_	_
158-2	PST038	158	158	2	s~	s~	_	_	_	_	_	linguistic	_	some	Interrupted=Yes	End=330.65	_	_	_	_
159-0	PST038	159	159	0	#de	de	_	_	_	_	_	linguistic	_	some	Language=NO_ISO_CODE|Variation=Token	Begin=330.86	_	_	_	_
159-1	PST038	159	159	1	queste	queste	_	_	_	_	_	linguistic	_	some	_	_	_	_	_	_
159-2	PST038	159	159	2	decadi	decadi	_	_	_	_	_	linguistic	_	some	_	End=331.9	_	_	_	_
160-0	PST211	160	160	0	mh	mh	_	_	_	_	_	linguistic	_	none	_	Begin=332.315	_	_	_	_
160-1	PST211	160	160	1	mh	mh	_	_	_	_	_	linguistic	_	none	_	End=332.945	_	_	_	_
161-0	PST211	161	161	0	sì	sì	_	_	_	_	_	linguistic	_	none	_	Begin=333.4|End=333.8	_	_	_	_
162-0	PST211	162	162	0	e	e	_	_	_	_	_	linguistic	_	none	_	Begin=334.04	_	_	_	_
162-1	PST211	162	162	1	voi	voi	_	_	_	_	_	linguistic	_	none	_	_	_	_	_	_
162-2	PST211	162	162	2	nella	nella	_	_	_	_	_	linguistic	_	none	_	_	_	_	_	_
162-3	PST211	162	162	3	vostra	vostra	_	_	_	_	_	linguistic	_	none	_	_	_	_	_	_
162-4	PST211	162	162	4	associazione	associazione	_	_	_	_	_	linguistic	_	none	_	_	_	_	_	_
162-5	PST211	162	162	5	di	di	_	_	_	_	_	linguistic	_	none	_	_	_	_	_	_
162-6	PST211	162	162	6	che	che	_	_	_	_	_	linguistic	_	none	_	_	_	_	_	_
162-7	PST211	162	162	7	cosa	cosa	_	_	_	_	_	linguistic	_	none	_	_	_	_	_	_
162-8	PST211	162	162	8	vi	vi	_	_	_	_	_	linguistic	_	none	_	_	_	_	_	_
162-9	PST211	162	162	9	occupate:.	occupate	_	_	_	_	_	linguistic	_	none	Intonation=Falling	End=336.94	7x1	_	_	_
163-0	PST038	163	163	0	beh	beh	_	_	_	_	_	linguistic	_	none	_	Begin=337.525	_	_	_	_
163-1	PST038	163	163	1	noi	noi	_	_	_	_	_	linguistic	_	none	_	_	_	_	_	_
163-2	PST038	163	163	2	c~	c~	_	_	_	_	_	linguistic	_	none	Interrupted=Yes|PauseAfter=Yes	_	_	_	_	_
163-3	PST038	163	163	3	{P}	{P}	_	_	_	_	_	shortpause	_	none	_	_	_	_	_	_
163-4	PST038	163	163	4	noi	noi	_	_	_	_	_	linguistic	_	none	_	_	_	_	_	_
163-5	PST038	163	163	5	ci	ci	_	_	_	_	_	linguistic	_	none	_	_	_	_	_	_
163-6	PST038	163	163	6	occupiamo:	occupiamo	_	_	_	_	_	linguistic	_	none	_	_	8x1	_	_	_
163-7	PST038	163	163	7	un	un	_	_	_	_	_	linguistic	_	none	_	_	_	_	_	_
163-8	PST038	163	163	8	po'	po'	_	_	_	_	_	linguistic	_	none	_	_	_	_	_	_
163-9	PST038	163	163	9	di	di	_	_	_	_	_	linguistic	_	none	_	_	_	_	_	_
163-10	PST038	163	163	10	tutto	tutto	_	_	_	_	_	linguistic	_	none	_	_	_	_	_	_
163-11	PST038	163	163	11	perché	perché	_	_	_	_	_	linguistic	_	none	_	_	_	_	_	_
163-12	PST038	163	163	12	e:h	eh	_	_	_	_	_	linguistic	_	none	_	End=341.065	0x1	_	_	_
164-0	PST038	164	164	0	è	è	_	_	_	_	_	linguistic	_	none	_	Begin=341.74	_	_	_	_
164-1	PST038	164	164	1	più:	più	_	_	_	_	_	linguistic	_	none	_	_	2x1	_	_	_
164-2	PST038	164	164	2	una	una	_	_	_	_	_	linguistic	_	none	_	_	_	_	_	_
164-3	PST038	164	164	3	cosa	cosa	_	_	_	_	_	linguistic	_	none	_	_	_	_	_	_
164-4	PST038	164	164	4	molto	molto	_	_	_	_	_	linguistic	_	none	_	_	_	_	_	_
164-5	PST038	164	164	5	solidale	solidale	_	_	_	_	_	linguistic	_	none	_	_	_	_	_	_
164-6	PST038	164	164	6	[no]?	no	_	_	_	_	_	linguistic	_	none	Intonation=Rising	End=344.17	_	_	_	0-2(49)
165-0	PST211	165	165	0	[mh]mh	mhmh	_	_	_	_	_	linguistic	_	none	_	Begin=344.0|End=344.34	_	_	_	0-2(49)
166-0	PST038	166	166	0	sulle	sulle	_	_	_	_	_	linguistic	_	none	_	Begin=344.64	_	_	_	_
166-1	PST038	166	166	1	problematiche	problematiche	_	_	_	_	_	linguistic	_	none	_	_	_	_	_	_
166-2	PST038	166	166	2	dei	dei	_	_	_	_	_	linguistic	_	none	_	_	_	_	_	_
166-3	PST038	166	166	3	nostri	nostri	_	_	_	_	_	linguistic	_	none	_	_	_	_	_	_
166-4	PST038	166	166	4	connazionali	connazionali	_	_	_	_	_	linguistic	_	none	_	_	_	_	_	_
166-5	PST038	166	166	5	e	e	_	_	_	_	_	linguistic	_	none	_	_	_	_	_	_
166-6	PST038	166	166	6	non	non	_	_	_	_	_	linguistic	_	none	_	_	_	_	_	_
166-7	PST038	166	166	7	solo	solo	_	_	_	_	_	linguistic	_	none	_	_	_	_	_	_
166-8	PST038	166	166	8	anche:	anche	_	_	_	_	_	linguistic	_	none	_	_	4x1	_	_	_
166-9	PST038	166	166	9	anche	anche	_	_	_	_	_	linguistic	_	none	_	_	_	_	_	_
166-10	PST038	166	166	10	persone:	persone	_	_	_	_	_	linguistic	_	none	_	End=349.44	6x1	_	_	_
167-0	PST038	167	167	0	sotto	sotto	_	_	_	_	_	linguistic	_	none	_	Begin=349.83	_	_	_	_
167-1	PST038	167	167	1	la	la	_	_	_	_	_	linguistic	_	none	_	_	_	_	_	_
167-2	PST038	167	167	2	pandemia	pandemia	_	_	_	_	_	linguistic	_	none	_	_	_	_	_	_
167-3	PST038	167	167	3	abbiamo	abbiamo	_	_	_	_	_	linguistic	_	none	_	_	_	_	_	_
167-4	PST038	167	167	4	visto	visto	_	_	_	_	_	linguistic	_	none	_	_	_	_	_	_
167-5	PST038	167	167	5	anche	anche	_	_	_	_	_	linguistic	_	none	_	_	_	_	_	_
167-6	PST038	167	167	6	persone	persone	_	_	_	_	_	linguistic	_	none	_	_	_	_	_	_
167-7	PST038	167	167	7	italiane	italiane	_	_	_	_	_	linguistic	_	none	_	_	_	_	_	_
167-8	PST038	167	167	8	che	che	_	_	_	_	_	linguistic	_	none	_	_	_	_	_	_
167-9	PST038	167	167	9	sono	sono	_	_	_	_	_	linguistic	_	none	_	End=353.515	_	_	_	_
168-0	PST038	168	168	0	venuti	venuti	_	_	_	_	_	linguistic	_	none	_	Begin=353.68	_	_	_	_
168-1	PST038	168	168	1	a	a	_	_	_	_	_	linguistic	_	none	_	_	_	_	_	_
168-2	PST038	168	168	2	finire	finire	_	_	_	_	_	linguistic	_	none	_	_	_	_	_	_
168-3	PST038	168	168	3	da	da	_	_	_	_	_	linguistic	_	none	_	_	_	_	_	_
168-4	PST038	168	168	4	noi:	noi	_	_	_	_	_	linguistic	_	none	_	End=355.45	2x1	_	_	_
169-0	PST038	169	169	0	e:hm	ehm	_	_	_	_	_	linguistic	_	none	_	Begin=355.84|End=356.82	0x1	_	_	_
170-0	PST038	170	170	0	e:	e	_	_	_	_	_	linguistic	_	none	_	Begin=357.16	0x1	_	_	_
170-1	PST038	170	170	1	anziani	anziani	_	_	_	_	_	linguistic	_	none	_	_	_	_	_	_
170-2	PST038	170	170	2	soprattutto	soprattutto	_	_	_	_	_	linguistic	_	none	_	End=358.92	_	_	_	_
171-0	PST038	171	171	0	e:	e	_	_	_	_	_	linguistic	_	none	_	Begin=359.12	0x1	_	_	_
171-1	PST038	171	171	1	solidali	solidali	_	_	_	_	_	linguistic	_	none	_	_	_	_	_	_
171-2	PST038	171	171	2	nel	nel	_	_	_	_	_	linguistic	_	none	_	_	_	_	_	_
171-3	PST038	171	171	3	senso	senso	_	_	_	_	_	linguistic	_	none	_	_	_	_	_	_
171-4	PST038	171	171	4	di	di	_	_	_	_	_	linguistic	_	none	_	_	_	_	_	_
171-5	PST038	171	171	5	problematiche:	problematiche	_	_	_	_	_	linguistic	_	none	_	_	12x1	_	_	_
171-6	PST038	171	171	6	magari:	magari	_	_	_	_	_	linguistic	_	none	_	End=362.23	5x1	_	_	_
172-0	PST038	172	172	0	#de::	de	_	_	_	_	_	linguistic	_	all	Language=NO_ISO_CODE|Variation=Token	Begin=362.505|End=363.42	1x2	_	_	_
173-0	PST038	173	173	0	ha~	ha~	_	_	_	_	_	linguistic	_	some	Interrupted=Yes	Begin=364.1	_	_	_	_
173-1	PST038	173	173	1	hanno	hanno	_	_	_	_	_	linguistic	_	some	_	_	_	_	_	_
173-2	PST038	173	173	2	bisogno	bisogno	_	_	_	_	_	linguistic	_	some	_	_	_	_	_	_
173-3	PST038	173	173	3	di	di	_	_	_	_	_	linguistic	_	some	_	_	_	_	_	_
173-4	PST038	173	173	4	un	un	_	_	_	_	_	linguistic	_	some	_	_	_	_	_	_
173-5	PST038	173	173	5	posto	posto	_	_	_	_	_	linguistic	_	some	_	_	_	_	_	_
173-6	PST038	173	173	6	le:tto	letto	_	_	_	_	_	linguistic	_	some	_	_	1x1	_	_	_
173-7	PST038	173	173	7	#de	de	_	_	_	_	_	linguistic	_	some	Language=NO_ISO_CODE|Variation=Token	_	_	_	_	_
173-8	PST038	173	173	8	un	un	_	_	_	_	_	linguistic	_	some	_	_	_	_	_	_
173-9	PST038	173	173	9	allo:ggio	alloggio	_	_	_	_	_	linguistic	_	some	_	_	3x1	_	_	_
173-10	PST038	173	173	10	°il°	il	_	_	_	_	_	linguistic	_	some	Volume=low	_	_	_	_	_
173-11	PST038	173	173	11	passaparo:la	passaparola	_	_	_	_	_	linguistic	_	some	_	End=367.735	8x1	_	_	_
174-0	PST038	174	174	0	il	il	_	_	_	_	_	linguistic	_	some	_	Begin=367.815	_	_	_	_
174-1	PST038	174	174	1	#poder	poder	_	_	_	_	_	linguistic	_	some	Language=NO_ISO_CODE|Variation=Token	_	_	_	_	_
174-2	PST038	174	174	2	inserirli	inserirli	_	_	_	_	_	linguistic	_	some	_	_	_	_	_	_
174-3	PST038	174	174	3	magari	magari	_	_	_	_	_	linguistic	_	some	_	_	_	_	_	_
174-4	PST038	174	174	4	in	in	_	_	_	_	_	linguistic	_	some	_	_	_	_	_	_
174-5	PST038	174	174	5	qualche	qualche	_	_	_	_	_	linguistic	_	some	_	_	_	_	_	_
174-6	PST038	174	174	6	lavoretto	lavoretto	_	_	_	_	_	linguistic	_	some	_	_	_	_	_	_
174-7	PST038	174	174	7	già	già	_	_	_	_	_	linguistic	_	some	_	_	_	_	_	_
174-8	PST038	174	174	8	che	che	_	_	_	_	_	linguistic	_	some	_	_	_	_	_	_
174-9	PST038	174	174	9	possano:	possano	_	_	_	_	_	linguistic	_	some	_	End=371.28	6x1	_	_	_
175-0	PST038	175	175	0	guadagnare	guadagnare	_	_	_	_	_	linguistic	_	none	_	Begin=371.385	_	_	_	_
175-1	PST038	175	175	1	qualche	qualche	_	_	_	_	_	linguistic	_	none	_	_	_	_	_	_
175-2	PST038	175	175	2	co:sa	cosa	_	_	_	_	_	linguistic	_	none	_	End=372.83	1x1	_	_	_
176-0	PST038	176	176	0	orientamento	orientamento	_	_	_	_	_	linguistic	_	none	_	Begin=373.04	_	_	_	_
176-1	PST038	176	176	1	dove	dove	_	_	_	_	_	linguistic	_	none	_	_	_	_	_	_
176-2	PST038	176	176	2	recarsi	recarsi	_	_	_	_	_	linguistic	_	none	_	_	_	_	_	_
176-3	PST038	176	176	3	per	per	_	_	_	_	_	linguistic	_	none	_	_	_	_	_	_
176-4	PST038	176	176	4	le	le	_	_	_	_	_	linguistic	_	none	_	_	_	_	_	_
176-5	PST038	176	176	5	diverse	diverse	_	_	_	_	_	linguistic	_	none	_	_	_	_	_	_
176-6	PST038	176	176	6	autorità:	autorità	_	_	_	_	_	linguistic	_	none	_	_	7x1	_	_	_
176-7	PST038	176	176	7	per	per	_	_	_	_	_	linguistic	_	none	_	_	_	_	_	_
176-8	PST038	176	176	8	avere	avere	_	_	_	_	_	linguistic	_	none	_	End=376.98	_	_	_	_
177-0	PST038	177	177	0	documentazioni	documentazioni	_	_	_	_	_	linguistic	_	none	_	Begin=377.27	_	_	_	_
177-1	PST038	177	177	1	di	di	_	_	_	_	_	linguistic	_	none	_	_	_	_	_	_
177-2	PST038	177	177	2	non	non	_	_	_	_	_	linguistic	_	none	_	_	_	_	_	_
177-3	PST038	177	177	3	essere	essere	_	_	_	_	_	linguistic	_	none	_	_	_	_	_	_
177-4	PST038	177	177	4	qua	qua	_	_	_	_	_	linguistic	_	none	_	_	_	_	_	_
177-5	PST038	177	177	5	proprio::	proprio	_	_	_	_	_	linguistic	_	none	_	End=380.06	6x2	_	_	_
178-0	PST038	178	178	0	e:	e	_	_	_	_	_	linguistic	_	none	_	Begin=380.34	0x1	_	_	_
178-1	PST038	178	178	1	clandesti:n[i	clandestini	_	_	_	_	_	linguistic	_	none	_	_	8x1	_	_	10-11(57)
178-2	PST038	178	178	2	n]o?	no	_	_	_	_	_	linguistic	_	none	Intonation=Rising	End=382.42	_	_	_	0-1(57)
179-0	PST211	179	179	0	[mh]	mh	_	_	_	_	_	linguistic	_	none	_	Begin=381.58|End=381.88	_	_	_	0-2(57)
180-0	PST038	180	180	0	essere	essere	_	_	_	_	_	linguistic	_	none	_	Begin=382.455	_	_	_	_
180-1	PST038	180	180	1	almeno	almeno	_	_	_	_	_	linguistic	_	none	_	_	_	_	_	_
180-2	PST038	180	180	2	registrati	registrati	_	_	_	_	_	linguistic	_	none	_	_	_	_	_	_
180-3	PST038	180	180	3	eventualmente	eventualmente	_	_	_	_	_	linguistic	_	none	_	_	_	_	_	_
180-4	PST038	180	180	4	anche	anche	_	_	_	_	_	linguistic	_	none	_	_	_	_	_	_
180-5	PST038	180	180	5	per:	per	_	_	_	_	_	linguistic	_	none	_	_	2x1	_	_	_
180-6	PST038	180	180	6	qualunque	qualunque	_	_	_	_	_	linguistic	_	none	_	_	_	_	_	_
180-7	PST038	180	180	7	disgrazia:	disgrazia	_	_	_	_	_	linguistic	_	none	_	_	8x1	_	_	_
180-8	PST038	180	180	8	anche	anche	_	_	_	_	_	linguistic	_	none	_	_	_	_	_	_
180-9	PST038	180	180	9	no?	no	_	_	_	_	_	linguistic	_	none	Intonation=Rising	_	_	_	_	_
180-10	PST038	180	180	10	che	che	_	_	_	_	_	linguistic	_	none	_	_	_	_	_	_
180-11	PST038	180	180	11	possa	possa	_	_	_	_	_	linguistic	_	none	_	_	_	_	_	_
180-12	PST038	180	180	12	succedere	succedere	_	_	_	_	_	linguistic	_	none	_	End=388.355	_	_	_	_
181-0	PST038	181	181	0	essere	essere	_	_	_	_	_	linguistic	_	none	_	Begin=388.7	_	_	_	_
181-1	PST038	181	181	1	rintracciabili	rintracciabili	_	_	_	_	_	linguistic	_	none	_	_	_	_	_	_
181-2	PST038	181	181	2	no?	no	_	_	_	_	_	linguistic	_	none	Intonation=Rising	End=390.84	_	_	_	_
182-0	PST038	182	182	0	e::h	eh	_	_	_	_	_	linguistic	_	none	_	Begin=391.01|End=392.08	0x2	_	_	_
183-0	PST038	183	183	0	qualche	qualche	_	_	_	_	_	linguistic	_	none	_	Begin=392.18	_	_	_	_
183-1	PST038	183	183	1	volta	volta	_	_	_	_	_	linguistic	_	none	_	_	_	_	_	_
183-2	PST038	183	183	2	possono	possono	_	_	_	_	_	linguistic	_	none	_	_	_	_	_	_
183-3	PST038	183	183	3	arrivare	arrivare	_	_	_	_	_	linguistic	_	none	_	_	_	_	_	_
183-4	PST038	183	183	4	anche	anche	_	_	_	_	_	linguistic	_	none	_	_	_	_	_	_
183-5	PST038	183	183	5	aiuti	aiuti	_	_	_	_	_	linguistic	_	none	_	_	_	_	_	_
183-6	PST038	183	183	6	alimenta:ri,	alimentari	_	_	_	_	_	linguistic	_	none	Intonation=WeaklyRising	End=395.14	7x1	_	_	_
184-0	PST038	184	184	0	(di)	di	_	_	_	_	_	linguistic	_	none	_	Begin=395.47	_	_	0-2(0)	_
184-1	PST038	184	184	1	dare	dare	_	_	_	_	_	linguistic	_	none	_	_	_	_	_	_
184-2	PST038	184	184	2	alle	alle	_	_	_	_	_	linguistic	_	none	_	_	_	_	_	_
184-3	PST038	184	184	3	persone	persone	_	_	_	_	_	linguistic	_	none	_	_	_	_	_	_
184-4	PST038	184	184	4	disoccupa:te,	disoccupate	_	_	_	_	_	linguistic	_	none	Intonation=WeaklyRising	End=397.42	8x1	_	_	_
185-0	PST211	185	185	0	°mh	mh	_	_	_	_	_	linguistic	_	none	Volume=low	Begin=397.565	_	_	_	_
185-1	PST211	185	185	1	mh°	mh	_	_	_	_	_	linguistic	_	none	Volume=low	End=398.02	_	_	_	_
186-0	PST038	186	186	0	e::	e	_	_	_	_	_	linguistic	_	none	_	Begin=398.99|End=400.11	0x2	_	_	_
187-0	PST038	187	187	0	e	e	_	_	_	_	_	linguistic	_	some	_	Begin=400.49	_	_	_	_
187-1	PST038	187	187	1	#de:	de	_	_	_	_	_	linguistic	_	some	Language=NO_ISO_CODE|Variation=Token	_	1x1	_	_	_
187-2	PST038	187	187	2	anche:	anche	_	_	_	_	_	linguistic	_	some	_	End=401.95	4x1	_	_	_
188-0	PST038	188	188	0	non	non	_	_	_	_	_	linguistic	_	none	_	Begin=401.97	_	_	_	_
188-1	PST038	188	188	1	lasciare:	lasciare	_	_	_	_	_	linguistic	_	none	_	_	7x1	_	_	_
188-2	PST038	188	188	2	che	che	_	_	_	_	_	linguistic	_	none	_	_	_	_	_	_
188-3	PST038	188	188	3	si	si	_	_	_	_	_	linguistic	_	none	_	_	_	_	_	_
188-4	PST038	188	188	4	perda:	perda	_	_	_	_	_	linguistic	_	none	_	End=404.13	4x1	_	_	_
189-0	PST038	189	189	0	e	e	_	_	_	_	_	linguistic	_	some	_	Begin=404.31	_	_	_	_
189-1	PST038	189	189	1	l~	l~	_	_	_	_	_	linguistic	_	some	Interrupted=Yes	_	_	_	_	_
189-2	PST038	189	189	2	le	le	_	_	_	_	_	linguistic	_	some	_	_	_	_	_	_
189-3	PST038	189	189	3	nostre	nostre	_	_	_	_	_	linguistic	_	some	_	_	_	_	_	_
189-4	PST038	189	189	4	origini	origini	_	_	_	_	_	linguistic	_	some	_	_	_	_	_	_
189-5	PST038	189	189	5	nel	nel	_	_	_	_	_	linguistic	_	some	_	_	_	_	_	_
189-6	PST038	189	189	6	senso	senso	_	_	_	_	_	linguistic	_	some	_	_	_	_	_	_
189-7	PST038	189	189	7	#de	de	_	_	_	_	_	linguistic	_	some	Language=NO_ISO_CODE|Variation=Token	_	_	_	_	_
189-8	PST038	189	189	8	che	che	_	_	_	_	_	linguistic	_	some	_	_	_	_	_	_
189-9	PST038	189	189	9	facciamo:	facciamo	_	_	_	_	_	linguistic	_	some	_	_	7x1	_	_	_
189-10	PST038	189	189	10	le	le	_	_	_	_	_	linguistic	_	some	_	_	_	_	_	_
189-11	PST038	189	189	11	nostre	nostre	_	_	_	_	_	linguistic	_	some	_	_	_	_	_	_
189-12	PST038	189	189	12	tradizioni	tradizioni	_	_	_	_	_	linguistic	_	some	_	_	_	_	_	_
189-13	PST038	189	189	13	folkloristiche	folkloristiche	_	_	_	_	_	linguistic	_	some	_	_	_	_	_	_
189-14	PST038	189	189	14	le	le	_	_	_	_	_	linguistic	_	some	_	_	_	_	_	_
189-15	PST038	189	189	15	nostre	nostre	_	_	_	_	_	linguistic	_	some	_	_	_	_	_	_
189-16	PST038	189	189	16	feste:	feste	_	_	_	_	_	linguistic	_	some	_	End=410.4	4x1	_	_	_
190-0	PST038	190	190	0	le:	le	_	_	_	_	_	linguistic	_	none	_	Begin=410.575	1x1	_	_	_
190-1	PST038	190	190	1	nostre	nostre	_	_	_	_	_	linguistic	_	none	_	_	_	_	_	_
190-2	PST038	190	190	2	processioni	processioni	_	_	_	_	_	linguistic	_	none	_	_	_	_	_	_
190-3	PST038	190	190	3	perché	perché	_	_	_	_	_	linguistic	_	none	_	_	_	_	_	_
190-4	PST038	190	190	4	siamo	siamo	_	_	_	_	_	linguistic	_	none	_	_	_	_	_	_
190-5	PST038	190	190	5	anche:	anche	_	_	_	_	_	linguistic	_	none	_	End=413.62	4x1	_	_	_
191-0	PST038	191	191	0	latino	latino	_	_	_	_	_	linguistic	_	none	_	Begin=413.8	_	_	_	_
191-1	PST038	191	191	1	america	america	_	_	_	_	_	linguistic	_	none	_	_	_	_	_	_
191-2	PST038	191	191	2	maggioranza	maggioranza	_	_	_	_	_	linguistic	_	none	_	_	_	_	_	_
191-3	PST038	191	191	3	è	è	_	_	_	_	_	linguistic	_	none	_	_	_	_	_	_
191-4	PST038	191	191	4	cattolica	cattolica	_	_	_	_	_	linguistic	_	none	_	End=415.74	_	_	_	_
192-0	PST211	192	192	0	mh	mh	_	_	_	_	_	linguistic	_	none	_	Begin=415.76	_	_	_	_
192-1	PST211	192	192	1	mh	mh	_	_	_	_	_	linguistic	_	none	_	End=416.1	_	_	_	_
193-0	PST038	193	193	0	per	per	_	_	_	_	_	linguistic	_	none	_	Begin=416.15	_	_	_	_
193-1	PST038	193	193	1	cui	cui	_	_	_	_	_	linguistic	_	none	_	_	_	_	_	_
193-2	PST038	193	193	2	comunque	comunque	_	_	_	_	_	linguistic	_	none	_	_	_	_	_	_
193-3	PST038	193	193	3	però	però	_	_	_	_	_	linguistic	_	none	_	_	_	_	_	_
193-4	PST038	193	193	4	le	le	_	_	_	_	_	linguistic	_	none	_	_	_	_	_	_
193-5	PST038	193	193	5	processio:ni	processioni	_	_	_	_	_	linguistic	_	none	_	_	8x1	_	_	_
193-6	PST038	193	193	6	le	le	_	_	_	_	_	linguistic	_	none	_	_	_	_	_	_
193-7	PST038	193	193	7	cose	cose	_	_	_	_	_	linguistic	_	none	_	_	_	_	_	_
193-8	PST038	193	193	8	i	i	_	_	_	_	_	linguistic	_	none	_	_	_	_	_	_
193-9	PST038	193	193	9	nostri	nostri	_	_	_	_	_	linguistic	_	none	_	_	_	_	_	_
193-10	PST038	193	193	10	sa:nti	santi	_	_	_	_	_	linguistic	_	none	_	End=419.96	1x1	_	_	_
194-0	PST038	194	194	0	le	le	_	_	_	_	_	linguistic	_	none	_	Begin=420.23	_	_	_	_
194-1	PST038	194	194	1	nostre	nostre	_	_	_	_	_	linguistic	_	none	_	_	_	_	_	_
194-2	PST038	194	194	2	feste	feste	_	_	_	_	_	linguistic	_	none	_	_	_	_	_	_
194-3	PST038	194	194	3	delle	delle	_	_	_	_	_	linguistic	_	none	_	_	_	_	_	_
194-4	PST038	194	194	4	regioni:	regioni	_	_	_	_	_	linguistic	_	none	_	_	6x1	_	_	_
194-5	PST038	194	194	5	i	i	_	_	_	_	_	linguistic	_	none	_	_	_	_	_	_
194-6	PST038	194	194	6	nostri	nostri	_	_	_	_	_	linguistic	_	none	_	_	_	_	_	_
194-7	PST038	194	194	7	piatti	piatti	_	_	_	_	_	linguistic	_	none	_	_	_	_	_	_
194-8	PST038	194	194	8	tipici	tipici	_	_	_	_	_	linguistic	_	none	_	_	_	_	_	_
194-9	PST038	194	194	9	diciamo:	diciamo	_	_	_	_	_	linguistic	_	none	_	End=424.26	6x1	_	_	_
195-0	PST038	195	195	0	di	di	_	_	_	_	_	linguistic	_	some	_	Begin=424.57	_	_	_	_
195-1	PST038	195	195	1	potere::	potere	_	_	_	_	_	linguistic	_	some	_	_	5x2	_	_	_
195-2	PST038	195	195	2	ogni	ogni	_	_	_	_	_	linguistic	_	some	_	_	_	_	_	_
195-3	PST038	195	195	3	ta:nto	tanto	_	_	_	_	_	linguistic	_	some	_	_	1x1	_	_	_
195-4	PST038	195	195	4	organizzare	organizzare	_	_	_	_	_	linguistic	_	some	_	_	_	_	_	_
195-5	PST038	195	195	5	queste	queste	_	_	_	_	_	linguistic	_	some	_	_	_	_	_	_
195-6	PST038	195	195	6	cose	cose	_	_	_	_	_	linguistic	_	some	_	_	_	_	_	_
195-7	PST038	195	195	7	#de	de	_	_	_	_	_	linguistic	_	some	Language=NO_ISO_CODE|Variation=Token	_	_	_	_	_
195-8	PST038	195	195	8	che	che	_	_	_	_	_	linguistic	_	some	_	_	_	_	_	_
195-9	PST038	195	195	9	le	le	_	_	_	_	_	linguistic	_	some	_	_	_	_	_	_
195-10	PST038	195	195	10	persone	persone	_	_	_	_	_	linguistic	_	some	_	_	_	_	_	_
195-11	PST038	195	195	11	che:	che	_	_	_	_	_	linguistic	_	some	_	End=428.76	2x1	_	_	_
196-0	PST038	196	196	0	lontani	lontani	_	_	_	_	_	linguistic	_	some	_	Begin=429.19	_	_	_	_
196-1	PST038	196	196	1	#de	de	_	_	_	_	_	linguistic	_	some	Language=NO_ISO_CODE|Variation=Token	_	_	_	_	_
196-2	PST038	196	196	2	la	la	_	_	_	_	_	linguistic	_	some	_	_	_	_	_	_
196-3	PST038	196	196	3	patria	patria	_	_	_	_	_	linguistic	_	some	_	_	_	_	_	_
196-4	PST038	196	196	4	almeno	almeno	_	_	_	_	_	linguistic	_	some	_	_	_	_	_	_
196-5	PST038	196	196	5	si	si	_	_	_	_	_	linguistic	_	some	_	_	_	_	_	_
196-6	PST038	196	196	6	sentano	sentano	_	_	_	_	_	linguistic	_	some	_	_	_	_	_	_
196-7	PST038	196	196	7	un	un	_	_	_	_	_	linguistic	_	some	_	_	_	_	_	_
196-8	PST038	196	196	8	po':	po'	_	_	_	_	_	linguistic	_	some	_	End=432.15	1x1	_	_	_
197-0	PST038	197	197	0	accolti	accolti	_	_	_	_	_	linguistic	_	some	_	Begin=432.395	_	_	_	_
197-1	PST038	197	197	1	[no?	no	_	_	_	_	_	linguistic	_	some	Intonation=Rising	_	_	_	_	0-2(58)
197-2	PST038	197	197	2	e]	e	_	_	_	_	_	linguistic	_	some	_	_	_	_	_	0-1(58)
197-3	PST038	197	197	3	#*no	no	_	_	_	_	_	linguistic	_	some	Language=NO_ISO_CODE|Variation=Doubtful	_	_	_	_	_
197-4	PST038	197	197	4	tanto:	tanto	_	_	_	_	_	linguistic	_	some	_	End=434.3	4x1	_	_	_
198-0	PST211	198	198	0	[mh]	mh	_	_	_	_	_	linguistic	_	none	_	Begin=433.045|End=433.365	_	_	_	0-2(58)
199-0	PST038	199	199	0	perché	perché	_	_	_	_	_	linguistic	_	none	_	Begin=434.37	_	_	_	_
199-1	PST038	199	199	1	è	è	_	_	_	_	_	linguistic	_	none	_	_	_	_	_	_
199-2	PST038	199	199	2	brutta:	brutta	_	_	_	_	_	linguistic	_	none	_	_	5x1	_	_	_
199-3	PST038	199	199	3	la	la	_	_	_	_	_	linguistic	_	none	_	_	_	_	_	_
199-4	PST038	199	199	4	solitudine	solitudine	_	_	_	_	_	linguistic	_	none	_	End=436.28	_	_	_	_
200-0	PST211	200	200	0	mh	mh	_	_	_	_	_	linguistic	_	none	_	Begin=436.29	_	_	_	_
200-1	PST211	200	200	1	mh	mh	_	_	_	_	_	linguistic	_	none	_	End=436.58	_	_	_	_
201-0	PST211	201	201	0	sì	sì	_	_	_	_	_	linguistic	_	none	_	Begin=436.625	_	_	_	_
201-1	PST211	201	201	1	certo	certo	_	_	_	_	_	linguistic	_	none	_	End=436.975	_	_	_	_
202-0	PST038	202	202	0	e:::hm	ehm	_	_	_	_	_	linguistic	_	none	_	Begin=437.36	0x3	_	_	_
202-1	PST038	202	202	1	queste	queste	_	_	_	_	_	linguistic	_	none	_	_	_	_	_	_
202-2	PST038	202	202	2	cose	cose	_	_	_	_	_	linguistic	_	none	_	_	_	_	_	_
202-3	PST038	202	202	3	qua	qua	_	_	_	_	_	linguistic	_	none	_	_	_	_	_	_
202-4	PST038	202	202	4	di[ciamo]	diciamo	_	_	_	_	_	linguistic	_	none	_	End=439.84	_	_	_	2-7(59)
203-0	PST211	203	203	0	[mh]	mh	_	_	_	_	_	linguistic	_	none	_	Begin=439.43|End=439.73	_	_	_	0-2(59)
204-0	PST211	204	204	0	ma	ma	_	_	_	_	_	linguistic	_	none	_	Begin=439.91	_	_	_	_
204-1	PST211	204	204	1	avete	avete	_	_	_	_	_	linguistic	_	none	_	_	_	_	_	_
204-2	PST211	204	204	2	diciamo	diciamo	_	_	_	_	_	linguistic	_	none	_	_	_	_	_	_
204-3	PST211	204	204	3	dei	dei	_	_	_	_	_	linguistic	_	none	_	_	_	_	_	_
204-4	PST211	204	204	4	momenti	momenti	_	_	_	_	_	linguistic	_	none	_	_	_	_	_	_
204-5	PST211	204	204	5	in	in	_	_	_	_	_	linguistic	_	none	_	_	_	_	_	_
204-6	PST211	204	204	6	cui	cui	_	_	_	_	_	linguistic	_	none	_	_	_	_	_	_
204-7	PST211	204	204	7	vi	vi	_	_	_	_	_	linguistic	_	none	_	_	_	_	_	_
204-8	PST211	204	204	8	dedicate	dedicate	_	_	_	_	_	linguistic	_	none	_	_	_	_	_	_
204-9	PST211	204	204	9	non	non	_	_	_	_	_	linguistic	_	none	_	_	_	_	_	_
204-10	PST211	204	204	10	lo	lo	_	_	_	_	_	linguistic	_	none	_	_	_	_	_	_
204-11	PST211	204	204	11	so	so	_	_	_	_	_	linguistic	_	none	_	_	_	_	_	_
204-12	PST211	204	204	12	degli	degli	_	_	_	_	_	linguistic	_	none	_	_	_	_	_	_
204-13	PST211	204	204	13	sportelli	sportelli	_	_	_	_	_	linguistic	_	none	_	_	_	_	_	_
204-14	PST211	204	204	14	per	per	_	_	_	_	_	linguistic	_	none	_	_	_	_	_	_
204-15	PST211	204	204	15	cui:	cui	_	_	_	_	_	linguistic	_	none	_	_	2x1	_	_	_
204-16	PST211	204	204	16	accogliete	accogliete	_	_	_	_	_	linguistic	_	none	_	_	_	_	_	_
204-17	PST211	204	204	17	persone	persone	_	_	_	_	_	linguistic	_	none	_	_	_	_	_	_
204-18	PST211	204	204	18	con	con	_	_	_	_	_	linguistic	_	none	_	_	_	_	_	_
204-19	PST211	204	204	19	questo	questo	_	_	_	_	_	linguistic	_	none	_	_	_	_	_	_
204-20	PST211	204	204	20	tipo	tipo	_	_	_	_	_	linguistic	_	none	_	_	_	_	_	_
204-21	PST211	204	204	21	di~	di~	_	_	_	_	_	linguistic	_	none	Interrupted=Yes	End=446.74	_	_	_	_
205-0	PST211	205	205	0	c(io)è	cioè	_	_	_	_	_	linguistic	_	none	_	Begin=446.77	_	_	1-3(0)	_
205-1	PST211	205	205	1	come	come	_	_	_	_	_	linguistic	_	none	_	_	_	_	_	_
205-2	PST211	205	205	2	sono	sono	_	_	_	_	_	linguistic	_	none	_	_	_	_	_	_
205-3	PST211	205	205	3	le	le	_	_	_	_	_	linguistic	_	none	_	_	_	_	_	_
205-4	PST211	205	205	4	vostre	vostre	_	_	_	_	_	linguistic	_	none	_	_	_	_	_	_
205-5	PST211	205	205	5	attività	attività	_	_	_	_	_	linguistic	_	none	_	End=448.19	_	_	_	_
206-0	PST211	206	206	0	come	come	_	_	_	_	_	linguistic	_	none	_	Begin=448.25	_	_	_	_
206-1	PST211	206	206	1	le	le	_	_	_	_	_	linguistic	_	none	_	_	_	_	_	_
206-2	PST211	206	206	2	organizzate?	organizzate	_	_	_	_	_	linguistic	_	none	Intonation=Rising	End=449.31	_	_	_	_
207-0	PST038	207	207	0	(ah	ah	_	_	_	_	_	linguistic	_	none	_	Begin=449.59	_	_	0-2(0)	_
207-1	PST038	207	207	1	ma)	ma	_	_	_	_	_	linguistic	_	none	_	_	_	_	0-2(0)	_
207-2	PST038	207	207	2	le	le	_	_	_	_	_	linguistic	_	none	_	_	_	_	_	_
207-3	PST038	207	207	3	organizziamo	organizziamo	_	_	_	_	_	linguistic	_	none	_	_	_	_	_	_
207-4	PST038	207	207	4	tramite	tramite	_	_	_	_	_	linguistic	_	none	_	_	_	_	_	_
207-5	PST038	207	207	5	un	un	_	_	_	_	_	linguistic	_	none	_	_	_	_	_	_
207-6	PST038	207	207	6	volontaria:to	volontariato	_	_	_	_	_	linguistic	_	none	_	End=451.88	9x1	_	_	_
208-0	PST038	208	208	0	#quien	quien	_	_	_	_	_	linguistic	_	some	Language=NO_ISO_CODE|Variation=Token	Begin=451.945	_	_	_	_
208-1	PST038	208	208	1	[può	può	_	_	_	_	_	linguistic	_	some	_	_	_	_	_	0-3(60)
208-2	PST038	208	208	2	venire]	venire	_	_	_	_	_	linguistic	_	some	_	_	_	_	_	0-6(60)
208-3	PST038	208	208	3	tale	tale	_	_	_	_	_	linguistic	_	some	_	_	_	_	_	_
208-4	PST038	208	208	4	giorno	giorno	_	_	_	_	_	linguistic	_	some	_	_	_	_	_	_
208-5	PST038	208	208	5	a	a	_	_	_	_	_	linguistic	_	some	_	_	_	_	_	_
208-6	PST038	208	208	6	tale	tale	_	_	_	_	_	linguistic	_	some	_	_	_	_	_	_
208-7	PST038	208	208	7	ora::	ora	_	_	_	_	_	linguistic	_	some	_	_	2x2	_	_	_
208-8	PST038	208	208	8	viene	viene	_	_	_	_	_	linguistic	_	some	_	_	_	_	_	_
208-9	PST038	208	208	9	fa	fa	_	_	_	_	_	linguistic	_	some	_	_	_	_	_	_
208-10	PST038	208	208	10	dicamo	dicamo	_	_	_	_	_	linguistic	_	some	_	_	_	_	_	_
208-11	PST038	208	208	11	chi	chi	_	_	_	_	_	linguistic	_	some	_	_	_	_	_	_
208-12	PST038	208	208	12	è:	è	_	_	_	_	_	linguistic	_	some	_	End=456.9	0x1	_	_	_
209-0	PST211	209	209	0	°[okay]°	okay	_	_	_	_	_	linguistic	_	none	Volume=low	Begin=452.21|End=452.715	_	_	_	0-4(60)
210-0	PST038	210	210	0	magari	magari	_	_	_	_	_	linguistic	_	none	_	Begin=457.27	_	_	_	_
210-1	PST038	210	210	1	un	un	_	_	_	_	_	linguistic	_	none	_	_	_	_	_	_
210-2	PST038	210	210	2	po'	po'	_	_	_	_	_	linguistic	_	none	_	_	_	_	_	_
210-3	PST038	210	210	3	più	più	_	_	_	_	_	linguistic	_	none	_	_	_	_	_	_
210-4	PST038	210	210	4	informato	informato	_	_	_	_	_	linguistic	_	none	_	_	_	_	_	_
210-5	PST038	210	210	5	di	di	_	_	_	_	_	linguistic	_	none	_	_	_	_	_	_
210-6	PST038	210	210	6	un	un	_	_	_	_	_	linguistic	_	none	_	_	_	_	_	_
210-7	PST038	210	210	7	altro	altro	_	_	_	_	_	linguistic	_	none	_	_	_	_	_	_
210-8	PST038	210	210	8	si	si	_	_	_	_	_	linguistic	_	none	ProsodicLink=Yes	_	_	_	_	_
210-9	PST038	210	210	9	si	si	_	_	_	_	_	linguistic	_	none	_	_	_	_	_	_
210-10	PST038	210	210	10	rende	rende	_	_	_	_	_	linguistic	_	none	_	_	_	_	_	_
210-11	PST038	210	210	11	disponibile	disponibile	_	_	_	_	_	linguistic	_	none	_	_	_	_	_	_
210-12	PST038	210	210	12	no?	no	_	_	_	_	_	linguistic	_	none	Intonation=Rising	End=460.99	_	_	_	_
211-0	PST038	211	211	0	a	a	_	_	_	_	_	linguistic	_	none	_	Begin=461.24	_	_	_	_
211-1	PST038	211	211	1	dare:	dare	_	_	_	_	_	linguistic	_	none	_	_	3x1	_	_	_
211-2	PST038	211	211	2	queste	queste	_	_	_	_	_	linguistic	_	none	_	_	_	_	_	_
211-3	PST038	211	211	3	tipo	tipo	_	_	_	_	_	linguistic	_	none	_	_	_	_	_	_
211-4	PST038	211	211	4	di	di	_	_	_	_	_	linguistic	_	none	_	_	_	_	_	_
211-5	PST038	211	211	5	orientamento	orientamento	_	_	_	_	_	linguistic	_	none	_	End=463.335	_	_	_	_
212-0	PST211	212	212	0	mh	mh	_	_	_	_	_	linguistic	_	none	_	Begin=463.335	_	_	_	_
212-1	PST211	212	212	1	mh	mh	_	_	_	_	_	linguistic	_	none	_	End=463.65	_	_	_	_
213-0	PST038	213	213	0	e::h	eh	_	_	_	_	_	linguistic	_	none	_	Begin=463.89|End=465.22	0x2	_	_	_
214-0	PST038	214	214	0	non	non	_	_	_	_	_	linguistic	_	none	_	Begin=465.4	_	_	_	_
214-1	PST038	214	214	1	c'	c'	_	_	_	_	_	linguistic	_	none	SpaceAfter=No	_	_	_	_	_
214-2	PST038	214	214	2	è	è	_	_	_	_	_	linguistic	_	none	_	_	_	_	_	_
214-3	PST038	214	214	3	un	un	_	_	_	_	_	linguistic	_	none	_	_	_	_	_	_
214-4	PST038	214	214	4	orario	orario	_	_	_	_	_	linguistic	_	none	_	_	_	_	_	_
214-5	PST038	214	214	5	fisso	fisso	_	_	_	_	_	linguistic	_	none	_	End=467.05	_	_	_	_
215-0	PST038	215	215	0	dopo	dopo	_	_	_	_	_	linguistic	_	none	_	Begin=467.4	_	_	_	_
215-1	PST038	215	215	1	la	la	_	_	_	_	_	linguistic	_	none	_	_	_	_	_	_
215-2	PST038	215	215	2	pandemia	pandemia	_	_	_	_	_	linguistic	_	none	_	_	_	_	_	_
215-3	PST038	215	215	3	e::	e	_	_	_	_	_	linguistic	_	none	_	_	0x2	_	_	_
215-4	PST038	215	215	4	un	un	_	_	_	_	_	linguistic	_	none	_	_	_	_	_	_
215-5	PST038	215	215	5	anno	anno	_	_	_	_	_	linguistic	_	none	_	_	_	_	_	_
215-6	PST038	215	215	6	fa:	fa	_	_	_	_	_	linguistic	_	none	_	_	1x1	_	_	_
215-7	PST038	215	215	7	abbiamo	abbiamo	_	_	_	_	_	linguistic	_	none	_	_	_	_	_	_
215-8	PST038	215	215	8	diminuito	diminuito	_	_	_	_	_	linguistic	_	none	_	_	_	_	_	_
215-9	PST038	215	215	9	un	un	_	_	_	_	_	linguistic	_	none	_	_	_	_	_	_
215-10	PST038	215	215	10	po'	po'	_	_	_	_	_	linguistic	_	none	_	_	_	_	_	_
215-11	PST038	215	215	11	questo:	questo	_	_	_	_	_	linguistic	_	none	_	_	5x1	_	_	_
215-12	PST038	215	215	12	mh	mh	_	_	_	_	_	linguistic	_	none	_	_	_	_	_	_
215-13	PST038	215	215	13	que:~	que~	_	_	_	_	_	linguistic	_	none	Interrupted=Yes	End=473.73	2x1	_	_	_
216-0	PST038	216	216	0	questo	questo	_	_	_	_	_	linguistic	_	none	_	Begin=474.56	_	_	_	_
216-1	PST038	216	216	1	movimento	movimento	_	_	_	_	_	linguistic	_	none	_	_	_	_	_	_
216-2	PST038	216	216	2	qua:	qua	_	_	_	_	_	linguistic	_	none	_	_	2x1	_	_	_
216-3	PST038	216	216	3	diciamo:	diciamo	_	_	_	_	_	linguistic	_	none	_	_	6x1	_	_	_
216-4	PST038	216	216	4	questa:	questa	_	_	_	_	_	linguistic	_	none	_	End=477.05	5x1	_	_	_
217-0	PST038	217	217	0	queste	queste	_	_	_	_	_	linguistic	_	some	_	Begin=477.1	_	_	_	_
217-1	PST038	217	217	1	attività	attività	_	_	_	_	_	linguistic	_	some	_	_	_	_	_	_
217-2	PST038	217	217	2	per	per	_	_	_	_	_	linguistic	_	some	_	_	_	_	_	_
217-3	PST038	217	217	3	il	il	_	_	_	_	_	linguistic	_	some	_	_	_	_	_	_
217-4	PST038	217	217	4	fatto	fatto	_	_	_	_	_	linguistic	_	some	_	_	_	_	_	_
217-5	PST038	217	217	5	#de	de	_	_	_	_	_	linguistic	_	some	Language=NO_ISO_CODE|Variation=Token	_	_	_	_	_
217-6	PST038	217	217	6	che	che	_	_	_	_	_	linguistic	_	some	_	_	_	_	_	_
217-7	PST038	217	217	7	un	un	_	_	_	_	_	linguistic	_	some	_	_	_	_	_	_
217-8	PST038	217	217	8	po'	po'	_	_	_	_	_	linguistic	_	some	_	_	_	_	_	_
217-9	PST038	217	217	9	per	per	_	_	_	_	_	linguistic	_	some	_	_	_	_	_	_
217-10	PST038	217	217	10	i	i	_	_	_	_	_	linguistic	_	some	_	_	_	_	_	_
217-11	PST038	217	217	11	lavori	lavori	_	_	_	_	_	linguistic	_	some	_	_	_	_	_	_
217-12	PST038	217	217	12	un	un	_	_	_	_	_	linguistic	_	some	_	_	_	_	_	_
217-13	PST038	217	217	13	po'	po'	_	_	_	_	_	linguistic	_	some	_	_	_	_	_	_
217-14	PST038	217	217	14	perché:	perché	_	_	_	_	_	linguistic	_	some	_	End=480.81	5x1	_	_	_
218-0	PST038	218	218	0	se	se	_	_	_	_	_	linguistic	_	none	_	Begin=481.36	_	_	_	_
218-1	PST038	218	218	1	lo	lo	_	_	_	_	_	linguistic	_	none	_	_	_	_	_	_
218-2	PST038	218	218	2	facciamo:	facciamo	_	_	_	_	_	linguistic	_	none	_	End=482.63	7x1	_	_	_
219-0	PST038	219	219	0	parallelo	parallelo	_	_	_	_	_	linguistic	_	none	_	Begin=482.85	_	_	_	_
219-1	PST038	219	219	1	al	al	_	_	_	_	_	linguistic	_	none	_	_	_	_	_	_
219-2	PST038	219	219	2	nostro	nostro	_	_	_	_	_	linguistic	_	none	_	_	_	_	_	_
219-3	PST038	219	219	3	lavoro	lavoro	_	_	_	_	_	linguistic	_	none	_	_	_	_	_	_
219-4	PST038	219	219	4	[forma	forma	_	_	_	_	_	linguistic	_	none	_	_	_	_	_	0-5(61)
219-5	PST038	219	219	5	gra]tui[ta	gratuita	_	_	_	_	_	linguistic	_	none	_	_	_	_	_	0-3(61),6-8(62)
219-6	PST038	219	219	6	non	non	_	_	_	_	_	linguistic	_	none	_	_	_	_	_	0-3(62)
219-7	PST038	219	219	7	c'	c'	_	_	_	_	_	linguistic	_	none	SpaceAfter=No	_	_	_	_	0-2(62)
219-8	PST038	219	219	8	è]	è	_	_	_	_	_	linguistic	_	none	_	_	_	_	_	0-1(62)
219-9	PST038	219	219	9	nessuno	nessuno	_	_	_	_	_	linguistic	_	none	_	_	_	_	_	_
219-10	PST038	219	219	10	scopo	scopo	_	_	_	_	_	linguistic	_	none	_	_	_	_	_	_
219-11	PST038	219	219	11	di	di	_	_	_	_	_	linguistic	_	none	_	_	_	_	_	_
219-12	PST038	219	219	12	lu[cro]	lucro	_	_	_	_	_	linguistic	_	none	_	End=487.165	_	_	_	1-5(63)
220-0	PST211	220	220	0	[certo]	certo	_	_	_	_	_	linguistic	_	none	_	Begin=484.323|End=484.783	_	_	_	0-5(61)
221-0	PST211	221	221	0	[certo]	certo	_	_	_	_	_	linguistic	_	none	_	Begin=485.178|End=485.838	_	_	_	0-5(62)
222-0	PST211	222	222	0	[cer]to	certo	_	_	_	_	_	linguistic	_	none	_	Begin=486.998|End=487.378	_	_	_	0-3(63)
223-0	PST038	223	223	0	per	per	_	_	_	_	_	linguistic	_	some	_	Begin=487.56	_	_	_	_
223-1	PST038	223	223	1	[cui:]	cui	_	_	_	_	_	linguistic	_	some	_	_	2x1	_	_	0-3(64)
223-2	PST038	223	223	2	andiamo	andiamo	_	_	_	_	_	linguistic	_	some	_	_	_	_	_	_
223-3	PST038	223	223	3	avanti	avanti	_	_	_	_	_	linguistic	_	some	_	_	_	_	_	_
223-4	PST038	223	223	4	come	come	_	_	_	_	_	linguistic	_	some	_	_	_	_	_	_
223-5	PST038	223	223	5	possiamo	possiamo	_	_	_	_	_	linguistic	_	some	_	_	_	_	_	_
223-6	PST038	223	223	6	con	con	_	_	_	_	_	linguistic	_	some	_	_	_	_	_	_
223-7	PST038	223	223	7	#el	el	_	_	_	_	_	linguistic	_	some	Language=NO_ISO_CODE|Variation=Token	_	_	_	_	_
223-8	PST038	223	223	8	tem[po]	tempo	_	_	_	_	_	linguistic	_	some	_	End=490.77	_	_	_	3-5(65)
224-0	PST211	224	224	0	[sì	sì	_	_	_	_	_	linguistic	_	none	_	Begin=487.9	_	_	_	0-2(64)
224-1	PST211	224	224	1	sì]	sì	_	_	_	_	_	linguistic	_	none	_	End=488.26	_	_	_	0-2(64)
225-0	PST211	225	225	0	[mh	mh	_	_	_	_	_	linguistic	_	none	_	Begin=490.67	_	_	_	0-2(?)
225-1	PST211	225	225	1	mh]	mh	_	_	_	_	_	linguistic	_	none	_	End=490.96	_	_	_	0-2(?)
226-0	PST038	226	226	0	quello	quello	_	_	_	_	_	linguistic	_	none	_	Begin=490.95|End=491.45	_	_	_	_
227-0	PST038	227	227	0	[mh]	mh	_	_	_	_	_	linguistic	_	none	_	Begin=491.69|End=492.04	_	_	_	0-2(67)
228-0	PST211	228	228	0	[sì]	sì	_	_	_	_	_	linguistic	_	none	_	Begin=491.72	_	_	_	0-2(67)
228-1	PST211	228	228	1	e	e	_	_	_	_	_	linguistic	_	none	_	_	_	_	_	_
228-2	PST211	228	228	2	quale	quale	_	_	_	_	_	linguistic	_	none	_	_	_	_	_	_
228-3	PST211	228	228	3	ti	ti	_	_	_	_	_	linguistic	_	none	_	_	_	_	_	_
228-4	PST211	228	228	4	sembra	sembra	_	_	_	_	_	linguistic	_	none	_	_	_	_	_	_
228-5	PST211	228	228	5	sia	sia	_	_	_	_	_	linguistic	_	none	_	_	_	_	_	_
228-6	PST211	228	228	6	la	la	_	_	_	_	_	linguistic	_	none	_	_	_	_	_	_
228-7	PST211	228	228	7	maggior	maggior	_	_	_	_	_	linguistic	_	none	_	_	_	_	_	_
228-8	PST211	228	228	8	difficoltà	difficoltà	_	_	_	_	_	linguistic	_	none	_	_	_	_	_	_
228-9	PST211	228	228	9	che	che	_	_	_	_	_	linguistic	_	none	_	_	_	_	_	_
228-10	PST211	228	228	10	incontrano	incontrano	_	_	_	_	_	linguistic	_	none	_	_	_	_	_	_
228-11	PST211	228	228	11	adesso:	adesso	_	_	_	_	_	linguistic	_	none	_	_	5x1	_	_	_
228-12	PST211	228	228	12	le	le	_	_	_	_	_	linguistic	_	none	_	_	_	_	_	_
228-13	PST211	228	228	13	persone	persone	_	_	_	_	_	linguistic	_	none	_	_	_	_	_	_
228-14	PST211	228	228	14	che	che	_	_	_	_	_	linguistic	_	none	_	_	_	_	_	_
228-15	PST211	228	228	15	arrivano	arrivano	_	_	_	_	_	linguistic	_	none	_	_	_	_	_	_
228-16	PST211	228	228	16	che	che	_	_	_	_	_	linguistic	_	none	_	_	_	_	_	_
228-17	PST211	228	228	17	anche	anche	_	_	_	_	_	linguistic	_	none	_	_	_	_	_	_
228-18	PST211	228	228	18	sono	sono	_	_	_	_	_	linguistic	_	none	_	_	_	_	_	_
228-19	PST211	228	228	19	qui	qui	_	_	_	_	_	linguistic	_	none	_	_	_	_	_	_
228-20	PST211	228	228	20	da	da	_	_	_	_	_	linguistic	_	none	_	_	_	_	_	_
228-21	PST211	228	228	21	un	un	_	_	_	_	_	linguistic	_	none	_	_	_	_	_	_
228-22	PST211	228	228	22	po'	po'	_	_	_	_	_	linguistic	_	none	_	End=497.845	_	_	_	_
229-0	PST211	229	229	0	e::h	eh	_	_	_	_	_	linguistic	_	none	_	Begin=498.35|End=499.01	0x2	_	_	_
230-0	PST211	230	230	0	nella	nella	_	_	_	_	_	linguistic	_	none	_	Begin=499.15	_	_	_	_
230-1	PST211	230	230	1	vita	vita	_	_	_	_	_	linguistic	_	none	_	_	_	_	_	_
230-2	PST211	230	230	2	quotidiana	quotidiana	_	_	_	_	_	linguistic	_	none	_	End=500.29	_	_	_	_
231-0	PST211	231	231	0	c(io)è	cioè	_	_	_	_	_	linguistic	_	none	_	Begin=500.33	_	_	1-3(0)	_
231-1	PST211	231	231	1	ad	ad	_	_	_	_	_	linguistic	_	none	_	_	_	_	_	_
231-2	PST211	231	231	2	esempio	esempio	_	_	_	_	_	linguistic	_	none	_	_	_	_	_	_
231-3	PST211	231	231	3	parlavi	parlavi	_	_	_	_	_	linguistic	_	none	_	_	_	_	_	_
231-4	PST211	231	231	4	della	della	_	_	_	_	_	linguistic	_	none	_	_	_	_	_	_
231-5	PST211	231	231	5	documentazione:	documentazione	_	_	_	_	_	linguistic	_	none	_	End=502.97	13x1	_	_	_
232-0	PST211	232	232	0	di	di	_	_	_	_	_	linguistic	_	none	_	Begin=503.07	_	_	_	_
232-1	PST211	232	232	1	ottenere	ottenere	_	_	_	_	_	linguistic	_	none	_	_	_	_	_	_
232-2	PST211	232	232	2	il	il	_	_	_	_	_	linguistic	_	none	_	_	_	_	_	_
232-3	PST211	232	232	3	permesso	permesso	_	_	_	_	_	linguistic	_	none	_	_	_	_	_	_
232-4	PST211	232	232	4	di	di	_	_	_	_	_	linguistic	_	none	_	_	_	_	_	_
232-5	PST211	232	232	5	soggiorno	soggiorno	_	_	_	_	_	linguistic	_	none	_	_	_	_	_	_
232-6	PST211	232	232	6	insomma:	insomma	_	_	_	_	_	linguistic	_	none	_	End=505.55	6x1	_	_	_
233-0	PST211	233	233	0	quali	quali	_	_	_	_	_	linguistic	_	none	_	Begin=505.9	_	_	_	_
233-1	PST211	233	233	1	tra	tra	_	_	_	_	_	linguistic	_	none	_	_	_	_	_	_
233-2	PST211	233	233	2	queste	queste	_	_	_	_	_	linguistic	_	none	_	_	_	_	_	_
233-3	PST211	233	233	3	sono	sono	_	_	_	_	_	linguistic	_	none	_	_	_	_	_	_
233-4	PST211	233	233	4	le	le	_	_	_	_	_	linguistic	_	none	_	_	_	_	_	_
233-5	PST211	233	233	5	cose	cose	_	_	_	_	_	linguistic	_	none	_	_	_	_	_	_
233-6	PST211	233	233	6	effettivamente	effettivamente	_	_	_	_	_	linguistic	_	none	_	_	_	_	_	_
233-7	PST211	233	233	7	che::	che	_	_	_	_	_	linguistic	_	none	_	_	2x2	_	_	_
233-8	PST211	233	233	8	creano	creano	_	_	_	_	_	linguistic	_	none	_	_	_	_	_	_
233-9	PST211	233	233	9	maggiore	maggiore	_	_	_	_	_	linguistic	_	none	_	_	_	_	_	_
233-10	PST211	233	233	10	difficoltà	difficoltà	_	_	_	_	_	linguistic	_	none	_	End=510.15	_	_	_	_
234-0	PST038	234	234	0	io	io	_	_	_	_	_	linguistic	_	none	_	Begin=510.85	_	_	_	_
234-1	PST038	234	234	1	credo	credo	_	_	_	_	_	linguistic	_	none	_	_	_	_	_	_
234-2	PST038	234	234	2	che	che	_	_	_	_	_	linguistic	_	none	_	_	_	_	_	_
234-3	PST038	234	234	3	la	la	_	_	_	_	_	linguistic	_	none	_	_	_	_	_	_
234-4	PST038	234	234	4	maggiore	maggiore	_	_	_	_	_	linguistic	_	none	_	_	_	_	_	_
234-5	PST038	234	234	5	difficoltà	difficoltà	_	_	_	_	_	linguistic	_	none	_	_	_	_	_	_
234-6	PST038	234	234	6	soprattutto	soprattutto	_	_	_	_	_	linguistic	_	none	_	_	_	_	_	_
234-7	PST038	234	234	7	in	in	_	_	_	_	_	linguistic	_	none	_	_	_	_	_	_
234-8	PST038	234	234	8	questi	questi	_	_	_	_	_	linguistic	_	none	_	_	_	_	_	_
234-9	PST038	234	234	9	ultimi	ultimi	_	_	_	_	_	linguistic	_	none	_	_	_	_	_	_
234-10	PST038	234	234	10	tempi	tempi	_	_	_	_	_	linguistic	_	none	_	_	_	_	_	_
234-11	PST038	234	234	11	in	in	_	_	_	_	_	linguistic	_	none	_	_	_	_	_	_
234-12	PST038	234	234	12	questa	questa	_	_	_	_	_	linguistic	_	none	_	_	_	_	_	_
234-13	PST038	234	234	13	ultime:	ultime	_	_	_	_	_	linguistic	_	none	_	_	5x1	_	_	_
234-14	PST038	234	234	14	movimenti	movimenti	_	_	_	_	_	linguistic	_	none	_	_	_	_	_	_
234-15	PST038	234	234	15	ci~	ci~	_	_	_	_	_	linguistic	_	none	Interrupted=Yes|PauseAfter=Yes	_	_	_	_	_
234-16	PST038	234	234	16	{P}	{P}	_	_	_	_	_	shortpause	_	none	_	_	_	_	_	_
234-17	PST038	234	234	17	mi~	mi~	_	_	_	_	_	linguistic	_	none	Interrupted=Yes	_	_	_	_	_
234-18	PST038	234	234	18	migratori	migratori	_	_	_	_	_	linguistic	_	none	_	_	_	_	_	_
234-19	PST038	234	234	19	che	che	_	_	_	_	_	linguistic	_	none	_	End=517.78	_	_	_	_
235-0	PST038	235	235	0	ci	ci	_	_	_	_	_	linguistic	_	none	_	Begin=517.85	_	_	_	_
235-1	PST038	235	235	1	sono,	sono	_	_	_	_	_	linguistic	_	none	Intonation=WeaklyRising	End=518.66	_	_	_	_
236-0	PST038	236	236	0	e:hm	ehm	_	_	_	_	_	linguistic	_	none	_	Begin=518.85|End=519.71	0x1	_	_	_
237-0	PST038	237	237	0	{schiarisce_la_gola}	{schiarisce_la_gola}	_	_	_	_	_	nonverbalbehavior	_	none	_	Begin=519.88|End=520.24	_	_	_	_
238-0	PST038	238	238	0	le	le	_	_	_	_	_	linguistic	_	none	_	Begin=520.61	_	_	_	_
238-1	PST038	238	238	1	persone	persone	_	_	_	_	_	linguistic	_	none	_	_	_	_	_	_
238-2	PST038	238	238	2	che	che	_	_	_	_	_	linguistic	_	none	_	_	_	_	_	_
238-3	PST038	238	238	3	m:h	mh	_	_	_	_	_	linguistic	_	none	_	_	0x1	_	_	_
238-4	PST038	238	238	4	vengono	vengono	_	_	_	_	_	linguistic	_	none	_	End=522.76	_	_	_	_
239-0	PST038	239	239	0	i~	i~	_	_	_	_	_	linguistic	_	none	Interrupted=Yes	Begin=523.06	_	_	_	_
239-1	PST038	239	239	1	il	il	_	_	_	_	_	linguistic	_	none	_	End=523.6	_	_	_	_
240-0	PST038	240	240	0	problema	problema	_	_	_	_	_	linguistic	_	none	_	Begin=523.77	_	_	_	_
240-1	PST038	240	240	1	soprattutto	soprattutto	_	_	_	_	_	linguistic	_	none	_	_	_	_	_	_
240-2	PST038	240	240	2	per:	per	_	_	_	_	_	linguistic	_	none	_	End=525.48	2x1	_	_	_
241-0	PST038	241	241	0	essere	essere	_	_	_	_	_	linguistic	_	none	_	Begin=525.66	_	_	_	_
241-1	PST038	241	241	1	orientati	orientati	_	_	_	_	_	linguistic	_	none	_	End=526.82	_	_	_	_
242-0	PST038	242	242	0	e	e	_	_	_	_	_	linguistic	_	none	_	Begin=527.32	_	_	_	_
242-1	PST038	242	242	1	che	che	_	_	_	_	_	linguistic	_	none	_	_	_	_	_	_
242-2	PST038	242	242	2	dopo	dopo	_	_	_	_	_	linguistic	_	none	_	_	_	_	_	_
242-3	PST038	242	242	3	devono	devono	_	_	_	_	_	linguistic	_	none	_	_	_	_	_	_
242-4	PST038	242	242	4	andare	andare	_	_	_	_	_	linguistic	_	none	_	_	_	_	_	_
242-5	PST038	242	242	5	in	in	_	_	_	_	_	linguistic	_	none	_	_	_	_	_	_
242-6	PST038	242	242	6	un	un	_	_	_	_	_	linguistic	_	none	_	_	_	_	_	_
242-7	PST038	242	242	7	ufficio	ufficio	_	_	_	_	_	linguistic	_	none	_	_	_	_	_	_
242-8	PST038	242	242	8	da	da	_	_	_	_	_	linguistic	_	none	_	_	_	_	_	_
242-9	PST038	242	242	9	soli	soli	_	_	_	_	_	linguistic	_	none	_	_	_	_	_	_
242-10	PST038	242	242	10	il	il	_	_	_	_	_	linguistic	_	none	_	_	_	_	_	_
242-11	PST038	242	242	11	problema	problema	_	_	_	_	_	linguistic	_	none	_	_	_	_	_	_
242-12	PST038	242	242	12	è	è	_	_	_	_	_	linguistic	_	none	_	_	_	_	_	_
242-13	PST038	242	242	13	la	la	_	_	_	_	_	linguistic	_	none	_	_	_	_	_	_
242-14	PST038	242	242	14	LINGUA	lingua	_	_	_	_	_	linguistic	_	none	Volume=high	_	_	_	_	_
242-15	PST038	242	242	15	per	per	_	_	_	_	_	linguistic	_	none	_	_	_	_	_	_
242-16	PST038	242	242	16	l[oro]	loro	_	_	_	_	_	linguistic	_	none	_	End=531.35	_	_	_	1-4(?)
243-0	PST211	243	243	0	ah	ah	_	_	_	_	_	linguistic	_	none	_	Begin=531.82	_	_	_	_
243-1	PST211	243	243	1	ah	ah	_	_	_	_	_	linguistic	_	none	_	End=532.28	_	_	_	_
244-0	PST038	244	244	0	per	per	_	_	_	_	_	linguistic	_	some	_	Begin=533.47	_	_	_	_
244-1	PST038	244	244	1	cui	cui	_	_	_	_	_	linguistic	_	some	_	_	_	_	_	_
244-2	PST038	244	244	2	noi	noi	_	_	_	_	_	linguistic	_	some	_	_	_	_	_	_
244-3	PST038	244	244	3	possiamo	possiamo	_	_	_	_	_	linguistic	_	some	_	_	_	_	_	_
244-4	PST038	244	244	4	trasmettere	trasmettere	_	_	_	_	_	linguistic	_	some	_	_	_	_	_	_
244-5	PST038	244	244	5	tutto	tutto	_	_	_	_	_	linguistic	_	some	_	_	_	_	_	_
244-6	PST038	244	244	6	#el	el	_	_	_	_	_	linguistic	_	some	Language=NO_ISO_CODE|Variation=Token	_	_	_	_	_
244-7	PST038	244	244	7	orientamento:	orientamento	_	_	_	_	_	linguistic	_	some	_	_	11x1	_	_	_
244-8	PST038	244	244	8	en	en	_	_	_	_	_	linguistic	_	some	_	_	_	_	_	_
244-9	PST038	244	244	9	$espagnolo	espagnolo	_	_	_	_	_	linguistic	_	some	Orthography=Yes|Variation=Emerging	_	_	_	_	_
244-10	PST038	244	244	10	ma	ma	_	_	_	_	_	linguistic	_	some	_	_	_	_	_	_
244-11	PST038	244	244	11	dopo	dopo	_	_	_	_	_	linguistic	_	some	_	_	_	_	_	_
244-12	PST038	244	244	12	si	si	_	_	_	_	_	linguistic	_	some	_	_	_	_	_	_
244-13	PST038	244	244	13	trovi:	trovi	_	_	_	_	_	linguistic	_	some	_	_	4x1	_	_	_
244-14	PST038	244	244	14	davanti	davanti	_	_	_	_	_	linguistic	_	some	_	_	_	_	_	_
244-15	PST038	244	244	15	allo	allo	_	_	_	_	_	linguistic	_	some	_	_	_	_	_	_
244-16	PST038	244	244	16	sportello:	sportello	_	_	_	_	_	linguistic	_	some	_	End=539.565	8x1	_	_	_
245-0	PST038	245	245	0	che	che	_	_	_	_	_	linguistic	_	none	_	Begin=539.91	_	_	_	_
245-1	PST038	245	245	1	non:	non	_	_	_	_	_	linguistic	_	none	_	End=541.04	2x1	_	_	_
246-0	PST038	246	246	0	che	che	_	_	_	_	_	linguistic	_	none	_	Begin=541.76	_	_	_	_
246-1	PST038	246	246	1	non	non	_	_	_	_	_	linguistic	_	none	_	_	_	_	_	_
246-2	PST038	246	246	2	sa::::	sa	_	_	_	_	_	linguistic	_	none	_	End=543.15	1x4	_	_	_
247-0	PST038	247	247	0	come	come	_	_	_	_	_	linguistic	_	none	_	Begin=543.37	_	_	_	_
247-1	PST038	247	247	1	comportarsi	comportarsi	_	_	_	_	_	linguistic	_	none	_	_	_	_	_	_
247-2	PST038	247	247	2	perché	perché	_	_	_	_	_	linguistic	_	none	_	_	_	_	_	_
247-3	PST038	247	247	3	manca::	manca	_	_	_	_	_	linguistic	_	none	_	End=545.66	4x2	_	_	_
248-0	PST038	248	248	0	#e::l:	el	_	_	_	_	_	linguistic	_	some	Language=NO_ISO_CODE|Variation=Token	Begin=545.8	0x2,1x1	_	_	_
248-1	PST038	248	248	1	m:h	mh	_	_	_	_	_	linguistic	_	some	_	_	0x1	_	_	_
248-2	PST038	248	248	2	u~	u~	_	_	_	_	_	linguistic	_	some	Interrupted=Yes	_	_	_	_	_
248-3	PST038	248	248	3	u~	u~	_	_	_	_	_	linguistic	_	some	Interrupted=Yes	_	_	_	_	_
248-4	PST038	248	248	4	un	un	_	_	_	_	_	linguistic	_	some	_	_	_	_	_	_
248-5	PST038	248	248	5	po'	po'	_	_	_	_	_	linguistic	_	some	_	_	_	_	_	_
248-6	PST038	248	248	6	di	di	_	_	_	_	_	linguistic	_	some	_	_	_	_	_	_
248-7	PST038	248	248	7	conoscenza	conoscenza	_	_	_	_	_	linguistic	_	some	_	_	_	_	_	_
248-8	PST038	248	248	8	delle	delle	_	_	_	_	_	linguistic	_	some	_	_	_	_	_	_
248-9	PST038	248	248	9	parole:	parole	_	_	_	_	_	linguistic	_	some	_	_	5x1	_	_	_
248-10	PST038	248	248	10	in	in	_	_	_	_	_	linguistic	_	some	_	_	_	_	_	_
248-11	PST038	248	248	11	italiano	italiano	_	_	_	_	_	linguistic	_	some	_	End=550.94	_	_	_	_
249-0	PST211	249	249	0	mh	mh	_	_	_	_	_	linguistic	_	none	_	Begin=550.99	_	_	_	_
249-1	PST211	249	249	1	mh	mh	_	_	_	_	_	linguistic	_	none	_	End=551.315	_	_	_	_
250-0	PST038	250	250	0	e::hm	ehm	_	_	_	_	_	linguistic	_	none	_	Begin=551.315|End=552.3	0x2	_	_	_
251-0	PST038	251	251	0	questo:	questo	_	_	_	_	_	linguistic	_	none	_	Begin=552.71	5x1	_	_	_
251-1	PST038	251	251	1	questa	questa	_	_	_	_	_	linguistic	_	none	_	_	_	_	_	_
251-2	PST038	251	251	2	situazione	situazione	_	_	_	_	_	linguistic	_	none	_	_	_	_	_	_
251-3	PST038	251	251	3	qua	qua	_	_	_	_	_	linguistic	_	none	_	_	_	_	_	_
251-4	PST038	251	251	4	e	e	_	_	_	_	_	linguistic	_	none	_	_	_	_	_	_
251-5	PST038	251	251	5	poi:::	poi	_	_	_	_	_	linguistic	_	none	_	End=555.75	2x3	_	_	_
252-0	PST038	252	252	0	magari	magari	_	_	_	_	_	linguistic	_	some	_	Begin=556.05	_	_	_	_
252-1	PST038	252	252	1	la	la	_	_	_	_	_	linguistic	_	some	_	_	_	_	_	_
252-2	PST038	252	252	2	mancanza	mancanza	_	_	_	_	_	linguistic	_	some	_	_	_	_	_	_
252-3	PST038	252	252	3	#de::	de	_	_	_	_	_	linguistic	_	some	Language=NO_ISO_CODE|Variation=Token	End=557.99	1x2	_	_	_
253-0	PST038	253	253	0	dove	dove	_	_	_	_	_	linguistic	_	none	_	Begin=559.34	_	_	_	_
253-1	PST038	253	253	1	alloggiare:	alloggiare	_	_	_	_	_	linguistic	_	none	_	_	9x1	_	_	_
253-2	PST038	253	253	2	[ques]te	queste	_	_	_	_	_	linguistic	_	none	_	_	_	_	_	0-4(68)
253-3	PST038	253	253	3	co:se	cose	_	_	_	_	_	linguistic	_	none	_	_	1x1	_	_	_
253-4	PST038	253	253	4	però	però	_	_	_	_	_	linguistic	_	none	_	_	_	_	_	_
253-5	PST038	253	253	5	comunque	comunque	_	_	_	_	_	linguistic	_	none	_	_	_	_	_	_
253-6	PST038	253	253	6	questo:	questo	_	_	_	_	_	linguistic	_	none	_	End=562.94	5x1	_	_	_
254-0	PST211	254	254	0	[mh	mh	_	_	_	_	_	linguistic	_	none	_	Begin=560.65	_	_	_	0-2(68)
254-1	PST211	254	254	1	mh]	mh	_	_	_	_	_	linguistic	_	none	_	End=560.8	_	_	_	0-2(68)
255-0	PST038	255	255	0	è	è	_	_	_	_	_	linguistic	_	some	_	Begin=563.085	_	_	_	_
255-1	PST038	255	255	1	una	una	_	_	_	_	_	linguistic	_	some	_	_	_	_	_	_
255-2	PST038	255	255	2	questione	questione	_	_	_	_	_	linguistic	_	some	_	_	_	_	_	_
255-3	PST038	255	255	3	#de	de	_	_	_	_	_	linguistic	_	some	Language=NO_ISO_CODE|Variation=Token	_	_	_	_	_
255-4	PST038	255	255	4	che:	che	_	_	_	_	_	linguistic	_	some	_	End=564.425	2x1	_	_	_
256-0	PST038	256	256	0	ci	ci	_	_	_	_	_	linguistic	_	none	ProsodicLink=Yes	Begin=564.63	_	_	_	_
256-1	PST038	256	256	1	ci	ci	_	_	_	_	_	linguistic	_	none	_	_	_	_	_	_
256-2	PST038	256	256	2	danno	danno	_	_	_	_	_	linguistic	_	none	_	_	_	_	_	_
256-3	PST038	256	256	3	una	una	_	_	_	_	_	linguistic	_	none	_	_	_	_	_	_
256-4	PST038	256	256	4	mano	mano	_	_	_	_	_	linguistic	_	none	_	_	_	_	_	_
256-5	PST038	256	256	5	tutti	tutti	_	_	_	_	_	linguistic	_	none	_	End=566.46	_	_	_	_
257-0	PST038	257	257	0	io	io	_	_	_	_	_	linguistic	_	none	_	Begin=566.61	_	_	_	_
257-1	PST038	257	257	1	sono	sono	_	_	_	_	_	linguistic	_	none	_	_	_	_	_	_
257-2	PST038	257	257	2	molto:	molto	_	_	_	_	_	linguistic	_	none	_	_	4x1	_	_	_
257-3	PST038	257	257	3	diciamo	diciamo	_	_	_	_	_	linguistic	_	none	_	_	_	_	_	_
257-4	PST038	257	257	4	avendo	avendo	_	_	_	_	_	linguistic	_	none	_	_	_	_	_	_
257-5	PST038	257	257	5	già	già	_	_	_	_	_	linguistic	_	none	_	_	_	_	_	_
257-6	PST038	257	257	6	una	una	_	_	_	_	_	linguistic	_	none	_	_	_	_	_	_
257-7	PST038	257	257	7	famiglia	famiglia	_	_	_	_	_	linguistic	_	none	_	End=569.62	_	_	_	_
258-0	PST211	258	258	0	mh	mh	_	_	_	_	_	linguistic	_	none	_	Begin=569.62	_	_	_	_
258-1	PST211	258	258	1	mh	mh	_	_	_	_	_	linguistic	_	none	_	End=570.05	_	_	_	_
259-0	PST038	259	259	0	sono	sono	_	_	_	_	_	linguistic	_	none	_	Begin=570.19|End=570.82	_	_	_	_
260-0	PST038	260	260	0	non	non	_	_	_	_	_	linguistic	_	none	_	Begin=571.19	_	_	_	_
260-1	PST038	260	260	1	sono	sono	_	_	_	_	_	linguistic	_	none	_	_	_	_	_	_
260-2	PST038	260	260	2	tanto	tanto	_	_	_	_	_	linguistic	_	none	_	_	_	_	_	_
260-3	PST038	260	260	3	vincolata	vincolata	_	_	_	_	_	linguistic	_	none	_	_	_	_	_	_
260-4	PST038	260	260	4	a~	a~	_	_	_	_	_	linguistic	_	none	Interrupted=Yes	_	_	_	_	_
260-5	PST038	260	260	5	a	a	_	_	_	_	_	linguistic	_	none	_	_	_	_	_	_
260-6	PST038	260	260	6	queste	queste	_	_	_	_	_	linguistic	_	none	_	_	_	_	_	_
260-7	PST038	260	260	7	problematiche	problematiche	_	_	_	_	_	linguistic	_	none	_	End=574.8	_	_	_	_
261-0	PST038	261	261	0	#*pero:	pero	_	_	_	_	_	linguistic	_	some	Language=NO_ISO_CODE|Variation=Doubtful	Begin=575.3	3x1	_	_	_
261-1	PST038	261	261	1	#en	en	_	_	_	_	_	linguistic	_	some	Language=NO_ISO_CODE|Variation=Token	_	_	_	_	_
261-2	PST038	261	261	2	#el	el	_	_	_	_	_	linguistic	_	some	Language=NO_ISO_CODE|Variation=Token	_	_	_	_	_
261-3	PST038	261	261	3	#senso	senso	_	_	_	_	_	linguistic	_	some	Language=NO_ISO_CODE|Variation=Token	_	_	_	_	_
261-4	PST038	261	261	4	#de	de	_	_	_	_	_	linguistic	_	some	Language=NO_ISO_CODE|Variation=Token	_	_	_	_	_
261-5	PST038	261	261	5	che	che	_	_	_	_	_	linguistic	_	some	_	_	_	_	_	_
261-6	PST038	261	261	6	non	non	_	_	_	_	_	linguistic	_	some	_	_	_	_	_	_
261-7	PST038	261	261	7	tocca	tocca	_	_	_	_	_	linguistic	_	some	_	_	_	_	_	_
261-8	PST038	261	261	8	me:	me	_	_	_	_	_	linguistic	_	some	_	End=577.83	1x1	_	_	_
262-0	PST211	262	262	0	certo	certo	_	_	_	_	_	linguistic	_	none	_	Begin=577.83|End=578.6	_	_	_	_
263-0	PST038	263	263	0	non	non	_	_	_	_	_	linguistic	_	none	_	Begin=578.68	_	_	_	_
263-1	PST038	263	263	1	tocca	tocca	_	_	_	_	_	linguistic	_	none	_	_	_	_	_	_
263-2	PST038	263	263	2	(a)	a	_	_	_	_	_	linguistic	_	none	_	_	_	_	0-1(0)	_
263-3	PST038	263	263	3	me	me	_	_	_	_	_	linguistic	_	none	_	End=579.57	_	_	_	_
264-0	PST038	264	264	0	però:	però	_	_	_	_	_	linguistic	_	none	_	Begin=579.77|End=580.31	3x1	_	_	_
265-0	PST038	265	265	0	#en	en	_	_	_	_	_	linguistic	_	some	Language=NO_ISO_CODE|Variation=Token	Begin=580.56	_	_	_	_
265-1	PST038	265	265	1	quello	quello	_	_	_	_	_	linguistic	_	some	_	_	_	_	_	_
265-2	PST038	265	265	2	che	che	_	_	_	_	_	linguistic	_	some	_	_	_	_	_	_
265-3	PST038	265	265	3	posso	posso	_	_	_	_	_	linguistic	_	some	_	_	_	_	_	_
265-4	PST038	265	265	4	quando	quando	_	_	_	_	_	linguistic	_	some	_	_	_	_	_	_
265-5	PST038	265	265	5	mi	mi	_	_	_	_	_	linguistic	_	some	_	_	_	_	_	_
265-6	PST038	265	265	6	arrivano::	arrivano	_	_	_	_	_	linguistic	_	some	_	_	7x2	_	_	_
265-7	PST038	265	265	7	i::	i	_	_	_	_	_	linguistic	_	some	_	_	0x2	_	_	_
265-8	PST038	265	265	8	campane:lli	campanelli	_	_	_	_	_	linguistic	_	some	_	_	6x1	_	_	_
265-9	PST038	265	265	9	di	di	_	_	_	_	_	linguistic	_	some	_	_	_	_	_	_
265-10	PST038	265	265	10	questo	questo	_	_	_	_	_	linguistic	_	some	_	_	_	_	_	_
265-11	PST038	265	265	11	dell'	dell'	_	_	_	_	_	linguistic	_	some	SpaceAfter=No	_	_	_	_	_
265-12	PST038	265	265	12	altro	altro	_	_	_	_	_	linguistic	_	some	_	_	_	_	_	_
265-13	PST038	265	265	13	si	si	_	_	_	_	_	linguistic	_	some	_	_	_	_	_	_
265-14	PST038	265	265	14	vede	vede	_	_	_	_	_	linguistic	_	some	_	_	_	_	_	_
265-15	PST038	265	265	15	gli	gli	_	_	_	_	_	linguistic	_	some	_	_	_	_	_	_
265-16	PST038	265	265	16	agganci	agganci	_	_	_	_	_	linguistic	_	some	_	End=587.46	_	_	_	_
266-0	PST038	266	266	0	dove	dove	_	_	_	_	_	linguistic	_	none	_	Begin=587.65	_	_	_	_
266-1	PST038	266	266	1	recarsi	recarsi	_	_	_	_	_	linguistic	_	none	_	_	_	_	_	_
266-2	PST038	266	266	2	dove	dove	_	_	_	_	_	linguistic	_	none	_	_	_	_	_	_
266-3	PST038	266	266	3	andare:	andare	_	_	_	_	_	linguistic	_	none	_	_	5x1	_	_	_
266-4	PST038	266	266	4	dove	dove	_	_	_	_	_	linguistic	_	none	_	_	_	_	_	_
266-5	PST038	266	266	5	orientarli	orientarli	_	_	_	_	_	linguistic	_	none	_	End=590.64	_	_	_	_
267-0	PST211	267	267	0	mh	mh	_	_	_	_	_	linguistic	_	none	_	Begin=590.76|End=591.08	_	_	_	_
268-0	PST038	268	268	0	quello	quello	_	_	_	_	_	linguistic	_	none	_	Begin=591.16	_	_	_	_
268-1	PST038	268	268	1	sì	sì	_	_	_	_	_	linguistic	_	none	_	End=591.86	_	_	_	_
269-0	PST211	269	269	0	e	e	_	_	_	_	_	linguistic	_	none	_	Begin=592.09	_	_	_	_
269-1	PST211	269	269	1	[come	come	_	_	_	_	_	linguistic	_	none	_	_	_	_	_	0-4(69)
269-2	PST211	269	269	2	arrivano]	arrivano	_	_	_	_	_	linguistic	_	none	_	_	_	_	_	0-8(69)
269-3	PST211	269	269	3	a	a	_	_	_	_	_	linguistic	_	none	_	_	_	_	_	_
269-4	PST211	269	269	4	voi	voi	_	_	_	_	_	linguistic	_	none	_	_	_	_	_	_
269-5	PST211	269	269	5	le	le	_	_	_	_	_	linguistic	_	none	_	_	_	_	_	_
269-6	PST211	269	269	6	persone	persone	_	_	_	_	_	linguistic	_	none	_	_	_	_	_	_
269-7	PST211	269	269	7	tramite:	tramite	_	_	_	_	_	linguistic	_	none	_	End=595.17	6x1	_	_	_
270-0	PST038	270	270	0	[quello	quello	_	_	_	_	_	linguistic	_	none	_	Begin=592.24	_	_	_	0-6(69)
270-1	PST038	270	270	1	sì]	sì	_	_	_	_	_	linguistic	_	none	_	End=593.34	_	_	_	0-2(69)
271-0	PST211	271	271	0	diciamo	diciamo	_	_	_	_	_	linguistic	_	none	_	Begin=595.395	_	_	_	_
271-1	PST211	271	271	1	passaparola	passaparola	_	_	_	_	_	linguistic	_	none	_	_	_	_	_	_
271-2	PST211	271	271	2	oppure:	oppure	_	_	_	_	_	linguistic	_	none	_	End=597.305	5x1	_	_	_
272-0	PST211	272	272	0	diciamo	diciamo	_	_	_	_	_	linguistic	_	none	_	Begin=597.46	_	_	_	_
272-1	PST211	272	272	1	come	come	_	_	_	_	_	linguistic	_	none	_	_	_	_	_	_
272-2	PST211	272	272	2	di	di	_	_	_	_	_	linguistic	_	none	_	_	_	_	_	_
272-3	PST211	272	272	3	solito	solito	_	_	_	_	_	linguistic	_	none	_	_	_	_	_	_
272-4	PST211	272	272	4	entrano	entrano	_	_	_	_	_	linguistic	_	none	_	_	_	_	_	_
272-5	PST211	272	272	5	in	in	_	_	_	_	_	linguistic	_	none	_	_	_	_	_	_
272-6	PST211	272	272	6	contatto	contatto	_	_	_	_	_	linguistic	_	none	_	_	_	_	_	_
272-7	PST211	272	272	7	con	con	_	_	_	_	_	linguistic	_	none	_	_	_	_	_	_
272-8	PST211	272	272	8	voi:	voi	_	_	_	_	_	linguistic	_	none	_	End=599.94	2x1	_	_	_
273-0	PST038	273	273	0	tramite	tramite	_	_	_	_	_	linguistic	_	some	_	Begin=600.07	_	_	_	_
273-1	PST038	273	273	1	il	il	_	_	_	_	_	linguistic	_	some	_	_	_	_	_	_
273-2	PST038	273	273	2	passaparola	passaparola	_	_	_	_	_	linguistic	_	some	_	_	_	_	_	_
273-3	PST038	273	273	3	[di	di	_	_	_	_	_	linguistic	_	some	_	_	_	_	_	0-2(70)
273-4	PST038	273	273	4	solito]	solito	_	_	_	_	_	linguistic	_	some	_	_	_	_	_	0-6(70)
273-5	PST038	273	273	5	vanno	vanno	_	_	_	_	_	linguistic	_	some	_	_	_	_	_	_
273-6	PST038	273	273	6	lì:	lì	_	_	_	_	_	linguistic	_	some	_	_	1x1	_	_	_
273-7	PST038	273	273	7	#en	en	_	_	_	_	_	linguistic	_	some	Language=NO_ISO_CODE|Variation=Token	_	_	_	_	_
273-8	PST038	273	273	8	la	la	_	_	_	_	_	linguistic	_	some	_	_	_	_	_	_
273-9	PST038	273	273	9	ca~	ca~	_	_	_	_	_	linguistic	_	some	Interrupted=Yes	_	_	_	_	_
273-10	PST038	273	273	10	#en	en	_	_	_	_	_	linguistic	_	some	Language=NO_ISO_CODE|Variation=Token	_	_	_	_	_
273-11	PST038	273	273	11	#la	la	_	_	_	_	_	linguistic	_	some	Language=NO_ISO_CODE|Variation=Token	_	_	_	_	_
273-12	PST038	273	273	12	scuola:	scuola	_	_	_	_	_	linguistic	_	some	_	_	5x1	_	_	_
273-13	PST038	273	273	13	arte	arte	_	_	_	_	_	linguistic	_	some	_	_	_	_	_	_
273-14	PST038	273	273	14	e	e	_	_	_	_	_	linguistic	_	some	_	_	_	_	_	_
273-15	PST038	273	273	15	mestie:[re	mestiere	_	_	_	_	_	linguistic	_	some	_	_	5x1	_	_	6-8(71)
273-16	PST038	273	273	16	lì]	lì	_	_	_	_	_	linguistic	_	some	_	End=605.11	_	_	_	0-2(71)
274-0	PST211	274	274	0	[ah	ah	_	_	_	_	_	linguistic	_	none	_	Begin=601.193	_	_	_	0-2(70)
274-1	PST211	274	274	1	ah]	ah	_	_	_	_	_	linguistic	_	none	_	End=601.633	_	_	_	0-2(70)
275-0	PST211	275	275	0	ah	ah	_	_	_	_	_	linguistic	_	none	_	Begin=604.55	_	_	_	_
275-1	PST211	275	275	1	okay	okay	_	_	_	_	_	linguistic	_	none	_	End=605.05	_	_	_	_
276-0	PST038	276	276	0	mh	mh	_	_	_	_	_	linguistic	_	none	_	Begin=605.212	_	_	_	_
276-1	PST038	276	276	1	[mh]	mh	_	_	_	_	_	linguistic	_	none	_	End=606.152	_	_	_	0-2(72)
277-0	PST211	277	277	0	[ah]	ah	_	_	_	_	_	linguistic	_	none	_	Begin=605.644|End=606.004	_	_	_	0-2(72)
278-0	PST038	278	278	0	vanno	vanno	_	_	_	_	_	linguistic	_	none	_	Begin=606.273	_	_	_	_
278-1	PST038	278	278	1	lì:	lì	_	_	_	_	_	linguistic	_	none	_	_	1x1	_	_	_
278-2	PST038	278	278	2	e	e	_	_	_	_	_	linguistic	_	none	_	_	_	_	_	_
278-3	PST038	278	278	3	allora::	allora	_	_	_	_	_	linguistic	_	none	_	End=608.01	5x2	_	_	_
279-0	PST038	279	279	0	io	io	_	_	_	_	_	linguistic	_	none	_	Begin=608.28	_	_	_	_
279-1	PST038	279	279	1	sarà:	sarà	_	_	_	_	_	linguistic	_	none	_	_	3x1	_	_	_
279-2	PST038	279	279	2	vabbè	vabbè	_	_	_	_	_	linguistic	_	none	_	End=609.74	_	_	_	_
280-0	PST038	280	280	0	almeno	almeno	_	_	_	_	_	linguistic	_	some	_	Begin=610.02	_	_	_	_
280-1	PST038	280	280	1	tre	tre	_	_	_	_	_	linguistic	_	some	_	_	_	_	_	_
280-2	PST038	280	280	2	o	o	_	_	_	_	_	linguistic	_	some	_	_	_	_	_	_
280-3	PST038	280	280	3	quattro	quattro	_	_	_	_	_	linguistic	_	some	_	_	_	_	_	_
280-4	PST038	280	280	4	settimane	settimane	_	_	_	_	_	linguistic	_	some	_	_	_	_	_	_
280-5	PST038	280	280	5	ma:	ma	_	_	_	_	_	linguistic	_	some	_	_	1x1	_	_	_
280-6	PST038	280	280	6	l'	l'	_	_	_	_	_	linguistic	_	some	SpaceAfter=No	_	_	_	_	_
280-7	PST038	280	280	7	ultima	ultima	_	_	_	_	_	linguistic	_	some	_	_	_	_	_	_
280-8	PST038	280	280	8	volta	volta	_	_	_	_	_	linguistic	_	some	_	_	_	_	_	_
280-9	PST038	280	280	9	c'	c'	_	_	_	_	_	linguistic	_	some	SpaceAfter=No	_	_	_	_	_
280-10	PST038	280	280	10	era	era	_	_	_	_	_	linguistic	_	some	_	_	_	_	_	_
280-11	PST038	280	280	11	anche	anche	_	_	_	_	_	linguistic	_	some	_	_	_	_	_	_
280-12	PST038	280	280	12	lì	lì	_	_	_	_	_	linguistic	_	some	_	_	_	_	_	_
280-13	PST038	280	280	13	#el	el	_	_	_	_	_	linguistic	_	some	Language=NO_ISO_CODE|Variation=Token	_	_	_	_	_
280-14	PST038	280	280	14	orario	orario	_	_	_	_	_	linguistic	_	some	Volume=low	_	_	_	_	_
280-15	PST038	280	280	15	°non	non	_	_	_	_	_	linguistic	_	some	Volume=low	_	_	_	_	_
280-16	PST038	280	280	16	so	so	_	_	_	_	_	linguistic	_	some	Volume=low	_	_	_	_	_
280-17	PST038	280	280	17	se	se	_	_	_	_	_	linguistic	_	some	Volume=low	_	_	_	_	_
280-18	PST038	280	280	18	ha	ha	_	_	_	_	_	linguistic	_	some	Volume=low	_	_	_	_	1-2(73)
280-19	PST038	280	280	19	[visto:]°	visto	_	_	_	_	_	linguistic	_	some	Volume=low	_	4x1	_	_	0-5(73)
280-20	PST038	280	280	20	se	se	_	_	_	_	_	linguistic	_	some	_	_	_	_	_	_
280-21	PST038	280	280	21	c'	c'	_	_	_	_	_	linguistic	_	some	SpaceAfter=No	_	_	_	_	_
280-22	PST038	280	280	22	è	è	_	_	_	_	_	linguistic	_	some	_	_	_	_	_	_
280-23	PST038	280	280	23	no	no	_	_	_	_	_	linguistic	_	some	_	End=615.684	_	_	_	_
281-0	PST211	281	281	0	[mh	mh	_	_	_	_	_	linguistic	_	none	_	Begin=614.771	_	_	_	0-2(73)
281-1	PST211	281	281	1	eh]	eh	_	_	_	_	_	linguistic	_	none	_	End=615.37	_	_	_	0-2(73)
282-0	PST038	282	282	0	c'	c'	_	_	_	_	_	linguistic	_	none	SpaceAfter=No	Begin=616.093	_	_	_	_
282-1	PST038	282	282	1	è	è	_	_	_	_	_	linguistic	_	none	_	_	_	_	_	_
282-2	PST038	282	282	2	l'	l'	_	_	_	_	_	linguistic	_	none	SpaceAfter=No	_	_	_	_	_
282-3	PST038	282	282	3	orario	orario	_	_	_	_	_	linguistic	_	none	_	End=617.06	_	_	_	_
283-0	PST038	283	283	0	che	che	_	_	_	_	_	linguistic	_	none	_	Begin=617.25	_	_	_	_
283-1	PST038	283	283	1	eventualmente	eventualmente	_	_	_	_	_	linguistic	_	none	_	_	_	_	_	_
283-2	PST038	283	283	2	o	o	_	_	_	_	_	linguistic	_	none	_	_	_	_	_	_
283-3	PST038	283	283	3	un	un	_	_	_	_	_	linguistic	_	none	_	_	_	_	_	_
283-4	PST038	283	283	4	numero	numero	_	_	_	_	_	linguistic	_	none	_	_	_	_	_	_
283-5	PST038	283	283	5	di	di	_	_	_	_	_	linguistic	_	none	_	_	_	_	_	_
283-6	PST038	283	283	6	telefono	telefono	_	_	_	_	_	linguistic	_	none	_	_	_	_	_	_
283-7	PST038	283	283	7	[dove]	dove	_	_	_	_	_	linguistic	_	none	_	_	_	_	_	0-4(74)
283-8	PST038	283	283	8	si	si	_	_	_	_	_	linguistic	_	none	_	_	_	_	_	_
283-9	PST038	283	283	9	può	può	_	_	_	_	_	linguistic	_	none	_	_	_	_	_	_
283-10	PST038	283	283	10	telefonare	telefonare	_	_	_	_	_	linguistic	_	none	_	_	_	_	_	_
283-11	PST038	283	283	11	[diciamo]	diciamo	_	_	_	_	_	linguistic	_	none	_	End=621.73	_	_	_	0-7(75)
284-0	PST211	284	284	0	[mh	mh	_	_	_	_	_	linguistic	_	none	_	Begin=619.564	_	_	_	0-2(74)
284-1	PST211	284	284	1	mh]	mh	_	_	_	_	_	linguistic	_	none	_	End=620.047	_	_	_	0-2(74)
285-0	PST211	285	285	0	[okay]	okay	_	_	_	_	_	linguistic	_	none	_	Begin=621.415|End=621.721	_	_	_	0-4(75)
286-0	PST211	286	286	0	voi	voi	_	_	_	_	_	linguistic	_	none	_	Begin=622.01	_	_	_	_
286-1	PST211	286	286	1	[però]	però	_	_	_	_	_	linguistic	_	none	_	_	_	_	_	0-4(77)
286-2	PST211	286	286	2	non	non	_	_	_	_	_	linguistic	_	none	_	_	_	_	_	_
286-3	PST211	286	286	3	fate	fate	_	_	_	_	_	linguistic	_	none	_	_	_	_	_	_
286-4	PST211	286	286	4	corsi	corsi	_	_	_	_	_	linguistic	_	none	_	_	_	_	_	_
286-5	PST211	286	286	5	di	di	_	_	_	_	_	linguistic	_	none	_	_	_	_	_	_
286-6	PST211	286	286	6	italiano	italiano	_	_	_	_	_	linguistic	_	none	_	_	_	_	_	_
286-7	PST211	286	286	7	[per:]	per	_	_	_	_	_	linguistic	_	none	_	End=624.139	2x1	_	_	0-3(76)
287-0	PST038	287	287	0	[mh]	mh	_	_	_	_	_	linguistic	_	none	_	Begin=622.12|End=622.48	_	_	_	0-2(77)
288-0	PST038	288	288	0	[no]?	no	_	_	_	_	_	linguistic	_	none	Intonation=Rising	Begin=624.06	_	_	_	0-2(76)
288-1	PST038	288	288	1	avevamo	avevamo	_	_	_	_	_	linguistic	_	none	_	_	_	_	_	_
288-2	PST038	288	288	2	pensato	pensato	_	_	_	_	_	linguistic	_	none	_	_	_	_	_	_
288-3	PST038	288	288	3	(con	con	_	_	_	_	_	linguistic	_	none	_	_	_	_	0-3(0)	_
288-4	PST038	288	288	4	@nomeproprio)	@nomeproprio	_	_	_	_	_	anonymized	_	none	_	_	_	_	0-12(0)	_
288-5	PST038	288	288	5	farli	farli	_	_	_	_	_	linguistic	_	none	_	End=627.48	_	_	_	_
289-0	PST038	289	289	0	#el	el	_	_	_	_	_	linguistic	_	some	Language=NO_ISO_CODE|Variation=Token	Begin=627.66	_	_	_	_
289-1	PST038	289	289	1	corso	corso	_	_	_	_	_	linguistic	_	some	_	_	_	_	_	_
289-2	PST038	289	289	2	di	di	_	_	_	_	_	linguistic	_	some	_	_	_	_	_	_
289-3	PST038	289	289	3	italia:no	italiano	_	_	_	_	_	linguistic	_	some	_	End=629.29	5x1	_	_	_
290-0	PST038	290	290	0	però:	però	_	_	_	_	_	linguistic	_	none	_	Begin=629.62	3x1	_	_	_
290-1	PST038	290	290	1	non	non	_	_	_	_	_	linguistic	_	none	_	_	_	_	_	_
290-2	PST038	290	290	2	avevamo::	avevamo	_	_	_	_	_	linguistic	_	none	_	End=631.8	6x2	_	_	_
291-0	PST038	291	291	0	ci	ci	_	_	_	_	_	linguistic	_	some	_	Begin=632.3	_	_	_	_
291-1	PST038	291	291	1	mancava	mancava	_	_	_	_	_	linguistic	_	some	_	_	_	_	_	_
291-2	PST038	291	291	2	#e:l	el	_	_	_	_	_	linguistic	_	some	Language=NO_ISO_CODE|Variation=Token	_	0x1	_	_	_
291-3	PST038	291	291	3	#el	el	_	_	_	_	_	linguistic	_	some	Language=NO_ISO_CODE|Variation=Token	_	_	_	_	_
291-4	PST038	291	291	4	posto	posto	_	_	_	_	_	linguistic	_	some	_	_	_	_	_	_
291-5	PST038	291	291	5	dove:	dove	_	_	_	_	_	linguistic	_	some	_	_	3x1	_	_	_
291-6	PST038	291	291	6	poterlo	poterlo	_	_	_	_	_	linguistic	_	some	_	_	_	_	_	_
291-7	PST038	291	291	7	fare	fare	_	_	_	_	_	linguistic	_	some	_	End=636.28	_	_	_	_
292-0	PST038	292	292	0	e::	e	_	_	_	_	_	linguistic	_	none	_	Begin=636.91	0x2	_	_	_
292-1	PST038	292	292	1	cercando	cercando	_	_	_	_	_	linguistic	_	none	_	_	_	_	_	_
292-2	PST038	292	292	2	anche	anche	_	_	_	_	_	linguistic	_	none	_	_	_	_	_	_
292-3	PST038	292	292	3	tra	tra	_	_	_	_	_	linguistic	_	none	_	_	_	_	_	_
292-4	PST038	292	292	4	quei	quei	_	_	_	_	_	linguistic	_	none	_	_	_	_	_	_
292-5	PST038	292	292	5	ragazzi:	ragazzi	_	_	_	_	_	linguistic	_	none	_	_	6x1	_	_	_
292-6	PST038	292	292	6	che::	che	_	_	_	_	_	linguistic	_	none	_	End=640.69	2x2	_	_	_
293-0	PST038	293	293	0	sono	sono	_	_	_	_	_	linguistic	_	none	_	Begin=641.01	_	_	_	_
293-1	PST038	293	293	1	già	già	_	_	_	_	_	linguistic	_	none	_	_	_	_	_	_
293-2	PST038	293	293	2	laureati	laureati	_	_	_	_	_	linguistic	_	none	_	_	_	_	_	_
293-3	PST038	293	293	3	anche	anche	_	_	_	_	_	linguistic	_	none	_	_	_	_	_	_
293-4	PST038	293	293	4	qua	qua	_	_	_	_	_	linguistic	_	none	_	_	_	_	_	_
293-5	PST038	293	293	5	all'	all'	_	_	_	_	_	linguistic	_	none	SpaceAfter=No	_	_	_	_	_
293-6	PST038	293	293	6	università	università	_	_	_	_	_	linguistic	_	none	_	_	_	_	_	_
293-7	PST038	293	293	7	e	e	_	_	_	_	_	linguistic	_	none	_	_	_	_	_	_
293-8	PST038	293	293	8	che	che	_	_	_	_	_	linguistic	_	none	_	_	_	_	_	_
293-9	PST038	293	293	9	sono:	sono	_	_	_	_	_	linguistic	_	none	ProsodicLink=Yes	_	3x1	_	_	_
293-10	PST038	293	293	10	hanno	hanno	_	_	_	_	_	linguistic	_	none	_	_	_	_	_	_
293-11	PST038	293	293	11	due:	due	_	_	_	_	_	linguistic	_	none	_	_	2x1	_	_	_
293-12	PST038	293	293	12	due	due	_	_	_	_	_	linguistic	_	none	_	_	_	_	_	_
293-13	PST038	293	293	13	lingue	lingue	_	_	_	_	_	linguistic	_	none	_	_	_	_	_	_
293-14	PST038	293	293	14	[no]	no	_	_	_	_	_	linguistic	_	none	_	_	_	_	_	0-2(?)
293-15	PST038	293	293	15	sono	sono	_	_	_	_	_	linguistic	_	none	_	_	_	_	_	_
293-16	PST038	293	293	16	bilingue	bilingue	_	_	_	_	_	linguistic	_	none	_	_	_	_	_	_
293-17	PST038	293	293	17	che	che	_	_	_	_	_	linguistic	_	none	_	_	_	_	_	_
293-18	PST038	293	293	18	possono	possono	_	_	_	_	_	linguistic	_	none	_	_	_	_	_	_
293-19	PST038	293	293	19	dare	dare	_	_	_	_	_	linguistic	_	none	_	_	_	_	_	_
293-20	PST038	293	293	20	una	una	_	_	_	_	_	linguistic	_	none	_	_	_	_	_	_
293-21	PST038	293	293	21	mano	mano	_	_	_	_	_	linguistic	_	none	_	_	_	_	_	_
293-22	PST038	293	293	22	[anche	anche	_	_	_	_	_	linguistic	_	none	_	_	_	_	_	0-5(?)
293-23	PST038	293	293	23	raga]zzi	ragazzi	_	_	_	_	_	linguistic	_	none	_	_	_	_	_	0-4(?)
293-24	PST038	293	293	24	così	così	_	_	_	_	_	linguistic	_	none	_	_	_	_	_	_
293-25	PST038	293	293	25	volontariamen~	volontariamen~	_	_	_	_	_	linguistic	_	none	Interrupted=Yes	End=649.55	_	_	_	_
294-0	PST211	294	294	0	[ah	ah	_	_	_	_	_	linguistic	_	none	ProsodicLink=Yes	Begin=645.513	_	_	_	0-2(79)
294-1	PST211	294	294	1	ah]	ah	_	_	_	_	_	linguistic	_	none	_	End=645.993	_	_	_	0-2(79)
295-0	PST211	295	295	0	sì	sì	_	_	_	_	_	linguistic	_	none	_	Begin=646.42|End=646.609	_	_	_	_
296-0	PST211	296	296	0	[cer(to)]	certo	_	_	_	_	_	linguistic	_	none	_	Begin=647.653|End=648.236	_	_	3-5(0)	0-5(78)
297-0	PST038	297	297	0	perché::	perché	_	_	_	_	_	linguistic	_	none	_	Begin=650.8	5x2	_	_	_
297-1	PST038	297	297	1	comunque	comunque	_	_	_	_	_	linguistic	_	none	_	_	_	_	_	_
297-2	PST038	297	297	2	l'	l'	_	_	_	_	_	linguistic	_	none	SpaceAfter=No	_	_	_	_	_
297-3	PST038	297	297	3	$escuola	escuola	_	_	_	_	_	linguistic	_	none	Orthography=Yes|Variation=Emerging	_	_	_	_	_
297-4	PST038	297	297	4	media	media	_	_	_	_	_	linguistic	_	none	_	_	_	_	_	_
297-5	PST038	297	297	5	la	la	_	_	_	_	_	linguistic	_	none	_	_	_	_	_	_
297-6	PST038	297	297	6	l'	l'	_	_	_	_	_	linguistic	_	none	SpaceAfter=No	_	_	_	_	_
297-7	PST038	297	297	7	$escuola	escuola	_	_	_	_	_	linguistic	_	none	Orthography=Yes|Variation=Emerging	_	_	_	_	_
297-8	PST038	297	297	8	media:	media	_	_	_	_	_	linguistic	_	none	_	_	4x1	_	_	_
297-9	PST038	297	297	9	qua	qua	_	_	_	_	_	linguistic	_	none	_	_	_	_	_	_
297-10	PST038	297	297	10	in	in	_	_	_	_	_	linguistic	_	none	_	_	_	_	_	_
297-11	PST038	297	297	11	italia?	italia	_	_	_	_	_	linguistic	_	none	Intonation=Rising	_	_	_	_	_
297-12	PST038	297	297	12	sì	sì	_	_	_	_	_	linguistic	_	none	_	_	_	_	_	_
297-13	PST038	297	297	13	deve	deve	_	_	_	_	_	linguistic	_	none	_	_	_	_	_	_
297-14	PST038	297	297	14	dare	dare	_	_	_	_	_	linguistic	_	none	_	_	_	_	_	_
297-15	PST038	297	297	15	certificato	certificato	_	_	_	_	_	linguistic	_	none	_	_	_	_	_	_
297-16	PST038	297	297	16	e	e	_	_	_	_	_	linguistic	_	none	_	_	_	_	_	_
297-17	PST038	297	297	17	e	e	_	_	_	_	_	linguistic	_	none	_	_	_	_	_	_
297-18	PST038	297	297	18	lo	lo	_	_	_	_	_	linguistic	_	none	_	_	_	_	_	_
297-19	PST038	297	297	19	fa	fa	_	_	_	_	_	linguistic	_	none	_	_	_	_	_	_
297-20	PST038	297	297	20	e	e	_	_	_	_	_	linguistic	_	none	_	_	_	_	_	_
297-21	PST038	297	297	21	e	e	_	_	_	_	_	linguistic	_	none	_	_	_	_	_	_
297-22	PST038	297	297	22	è	è	_	_	_	_	_	linguistic	_	none	_	_	_	_	_	_
297-23	PST038	297	297	23	giusto	giusto	_	_	_	_	_	linguistic	_	none	_	_	_	_	_	_
297-24	PST038	297	297	24	che:	che	_	_	_	_	_	linguistic	_	none	_	End=658.27	2x1	_	_	_
298-0	PST038	298	298	0	sarebbe	sarebbe	_	_	_	_	_	linguistic	_	none	_	Begin=658.82	_	_	_	_
298-1	PST038	298	298	1	la	la	_	_	_	_	_	linguistic	_	none	_	_	_	_	_	_
298-2	PST038	298	298	2	cosa	cosa	_	_	_	_	_	linguistic	_	none	_	_	_	_	_	_
298-3	PST038	298	298	3	ideale	ideale	_	_	_	_	_	linguistic	_	none	_	End=660.07	_	_	_	_
299-0	PST211	299	299	0	mh	mh	_	_	_	_	_	linguistic	_	none	_	Begin=660.086|End=660.259	_	_	_	_
300-0	PST038	300	300	0	però	però	_	_	_	_	_	linguistic	_	none	_	Begin=660.32	_	_	_	_
300-1	PST038	300	300	1	non	non	_	_	_	_	_	linguistic	_	none	_	_	_	_	_	_
300-2	PST038	300	300	2	tutti	tutti	_	_	_	_	_	linguistic	_	none	_	_	_	_	_	_
300-3	PST038	300	300	3	per	per	_	_	_	_	_	linguistic	_	none	_	_	_	_	_	_
300-4	PST038	300	300	4	il	il	_	_	_	_	_	linguistic	_	none	_	_	_	_	_	_
300-5	PST038	300	300	5	lavo:ro	lavoro	_	_	_	_	_	linguistic	_	none	_	_	3x1	_	_	_
300-6	PST038	300	300	6	[no]	no	_	_	_	_	_	linguistic	_	none	_	End=662.41	_	_	_	0-2(81)
301-0	PST211	301	301	0	[mh]	mh	_	_	_	_	_	linguistic	_	none	_	Begin=661.893|End=662.339	_	_	_	0-2(81)
302-0	PST038	302	302	0	allora:	allora	_	_	_	_	_	linguistic	_	none	_	Begin=662.475	5x1	_	_	_
302-1	PST038	302	302	1	magari	magari	_	_	_	_	_	linguistic	_	none	_	_	_	_	_	_
302-2	PST038	302	302	2	il	il	_	_	_	_	_	linguistic	_	none	_	_	_	_	_	_
302-3	PST038	302	302	3	sabato	sabato	_	_	_	_	_	linguistic	_	none	_	_	_	_	_	_
302-4	PST038	302	302	4	la	la	_	_	_	_	_	linguistic	_	none	_	_	_	_	_	_
302-5	PST038	302	302	5	domenica	domenica	_	_	_	_	_	linguistic	_	none	_	_	_	_	_	_
302-6	PST038	302	302	6	a:nche	anche	_	_	_	_	_	linguistic	_	none	_	End=665.535	0x1	_	_	_
303-0	PST038	303	303	0	fare	fare	_	_	_	_	_	linguistic	_	none	_	Begin=665.74	_	_	_	_
303-1	PST038	303	303	1	delle	delle	_	_	_	_	_	linguistic	_	none	_	_	_	_	_	_
303-2	PST038	303	303	2	lezioni	lezioni	_	_	_	_	_	linguistic	_	none	_	_	_	_	_	_
303-3	PST038	303	303	3	così	così	_	_	_	_	_	linguistic	_	none	_	End=667.3530000000001	_	_	_	_
304-0	PST211	304	304	0	ce:rto	certo	_	_	_	_	_	linguistic	_	none	_	Begin=667.3530000000001|End=667.823	1x1	_	_	_
305-0	PST038	305	305	0	a	a	_	_	_	_	_	linguistic	_	none	_	Begin=667.85	_	_	_	_
305-1	PST038	305	305	1	queste	queste	_	_	_	_	_	linguistic	_	none	_	_	_	_	_	_
305-2	PST038	305	305	2	persone	persone	_	_	_	_	_	linguistic	_	none	_	_	_	_	_	_
305-3	PST038	305	305	3	che	che	_	_	_	_	_	linguistic	_	none	_	_	_	_	_	_
305-4	PST038	305	305	4	lavo:rano	lavorano	_	_	_	_	_	linguistic	_	none	_	_	3x1	_	_	_
305-5	PST038	305	305	5	anche	anche	_	_	_	_	_	linguistic	_	none	_	_	_	_	_	_
305-6	PST038	305	305	6	in	in	_	_	_	_	_	linguistic	_	none	_	_	_	_	_	_
305-7	PST038	305	305	7	ca:se	case	_	_	_	_	_	linguistic	_	none	_	_	1x1	_	_	_
305-8	PST038	305	305	8	fisse	fisse	_	_	_	_	_	linguistic	_	none	_	_	_	_	_	_
305-9	PST038	305	305	9	facendo	facendo	_	_	_	_	_	linguistic	_	none	_	_	_	_	_	_
305-10	PST038	305	305	10	badanti	badanti	_	_	_	_	_	linguistic	_	none	_	End=671.82	_	_	_	_
306-0	PST038	306	306	0	non	non	_	_	_	_	_	linguistic	_	none	_	Begin=671.98	_	_	_	_
306-1	PST038	306	306	1	possono	possono	_	_	_	_	_	linguistic	_	none	_	_	_	_	_	_
306-2	PST038	306	306	2	uscire	uscire	_	_	_	_	_	linguistic	_	none	_	End=673.18	_	_	_	_
307-0	PST211	307	307	0	sì	sì	_	_	_	_	_	linguistic	_	none	_	Begin=673.18|End=673.427	_	_	_	_
308-0	PST038	308	308	0	allora	allora	_	_	_	_	_	linguistic	_	none	_	Begin=673.88|End=674.37	_	_	_	_
309-0	PST038	309	309	0	manca	manca	_	_	_	_	_	linguistic	_	some	_	Begin=674.54	_	_	_	_
309-1	PST038	309	309	1	quello	quello	_	_	_	_	_	linguistic	_	some	_	_	_	_	_	_
309-2	PST038	309	309	2	anche	anche	_	_	_	_	_	linguistic	_	some	_	_	_	_	_	_
309-3	PST038	309	309	3	per	per	_	_	_	_	_	linguistic	_	some	_	_	_	_	_	_
309-4	PST038	309	309	4	fare	fare	_	_	_	_	_	linguistic	_	some	_	_	_	_	_	_
309-5	PST038	309	309	5	un	un	_	_	_	_	_	linguistic	_	some	_	_	_	_	_	_
309-6	PST038	309	309	6	#buen	buen	_	_	_	_	_	linguistic	_	some	Language=NO_ISO_CODE|Variation=Token	_	_	_	_	_
309-7	PST038	309	309	7	servizio	servizio	_	_	_	_	_	linguistic	_	some	_	_	_	_	_	_
309-8	PST038	309	309	8	#de	de	_	_	_	_	_	linguistic	_	some	Language=NO_ISO_CODE|Variation=Token	_	_	_	_	_
309-9	PST038	309	309	9	badante	badante	_	_	_	_	_	linguistic	_	some	_	_	_	_	_	_
309-10	PST038	309	309	10	perché	perché	_	_	_	_	_	linguistic	_	some	_	_	_	_	_	_
309-11	PST038	309	309	11	se	se	_	_	_	_	_	linguistic	_	some	_	_	_	_	_	_
309-12	PST038	309	309	12	non	non	_	_	_	_	_	linguistic	_	some	_	_	_	_	_	_
309-13	PST038	309	309	13	hai	hai	_	_	_	_	_	linguistic	_	some	_	_	_	_	_	_
309-14	PST038	309	309	14	una::	una	_	_	_	_	_	linguistic	_	some	_	End=678.91	2x2	_	_	_
310-0	PST038	310	310	0	un	un	_	_	_	_	_	linguistic	_	none	_	Begin=679.55	_	_	_	_
310-1	PST038	310	310	1	lessico	lessico	_	_	_	_	_	linguistic	_	none	_	_	_	_	_	_
310-2	PST038	310	310	2	no	no	_	_	_	_	_	linguistic	_	none	_	_	_	_	_	_
310-3	PST038	310	310	3	una	una	_	_	_	_	_	linguistic	_	none	_	_	_	_	_	_
310-4	PST038	310	310	4	cosa	cosa	_	_	_	_	_	linguistic	_	none	_	_	_	_	_	_
310-5	PST038	310	310	5	[molto::]	molto	_	_	_	_	_	linguistic	_	none	_	_	4x2	_	_	0-5(83)
310-6	PST038	310	310	6	sei	sei	_	_	_	_	_	linguistic	_	none	_	_	_	_	_	_
310-7	PST038	310	310	7	molto	molto	_	_	_	_	_	linguistic	_	none	_	_	_	_	_	_
310-8	PST038	310	310	8	loquace:	loquace	_	_	_	_	_	linguistic	_	none	_	_	6x1	_	_	_
310-9	PST038	310	310	9	no~	no~	_	_	_	_	_	linguistic	_	none	Interrupted=Yes	_	_	_	_	_
310-10	PST038	310	310	10	non	non	_	_	_	_	_	linguistic	_	none	_	_	_	_	_	_
310-11	PST038	310	310	11	puoi	puoi	_	_	_	_	_	linguistic	_	none	_	_	_	_	_	_
310-12	PST038	310	310	12	[dar]	dar	_	_	_	_	_	linguistic	_	none	_	End=683.38	_	_	_	0-3(82)
311-0	PST211	311	311	0	[eh	eh	_	_	_	_	_	linguistic	_	none	_	Begin=680.906	_	_	_	0-2(83)
311-1	PST211	311	311	1	sì]	sì	_	_	_	_	_	linguistic	_	none	_	End=681.385	_	_	_	0-2(83)
312-0	PST211	312	312	0	[fai]	fai	_	_	_	_	_	linguistic	_	none	_	Begin=683.139	_	_	_	0-3(82)
312-1	PST211	312	312	1	fa[tica:]	fatica	_	_	_	_	_	linguistic	_	none	_	End=684.009	5x1	_	_	2-6(84)
313-0	PST038	313	313	0	[neanche]	neanche	_	_	_	_	_	linguistic	_	none	_	Begin=683.74	_	_	_	0-7(84)
313-1	PST038	313	313	1	tranquillizzare	tranquillizzare	_	_	_	_	_	linguistic	_	none	_	_	_	_	_	_
313-2	PST038	313	313	2	a	a	_	_	_	_	_	linguistic	_	none	_	_	_	_	_	_
313-3	PST038	313	313	3	una	una	_	_	_	_	_	linguistic	_	none	_	_	_	_	_	_
313-4	PST038	313	313	4	persona	persona	_	_	_	_	_	linguistic	_	none	_	_	_	_	_	_
313-5	PST038	313	313	5	an[ziana	anziana	_	_	_	_	_	linguistic	_	none	_	_	_	_	_	2-7(85)
313-6	PST038	313	313	6	che	che	_	_	_	_	_	linguistic	_	none	_	_	_	_	_	0-3(85)
313-7	PST038	313	313	7	le]	le	_	_	_	_	_	linguistic	_	none	_	_	_	_	_	0-2(85)
313-8	PST038	313	313	8	viene	viene	_	_	_	_	_	linguistic	_	none	_	_	_	_	_	_
313-9	PST038	313	313	9	la	la	_	_	_	_	_	linguistic	_	none	_	_	_	_	_	_
313-10	PST038	313	313	10	crisi	crisi	_	_	_	_	_	linguistic	_	none	_	_	_	_	_	_
313-11	PST038	313	313	11	[per	per	_	_	_	_	_	linguistic	_	none	_	_	_	_	_	0-3(86)
313-12	PST038	313	313	12	dir]	dir	_	_	_	_	_	linguistic	_	none	_	_	_	_	_	0-3(86)
313-13	PST038	313	313	13	così	così	_	_	_	_	_	linguistic	_	none	_	_	_	_	_	_
313-14	PST038	313	313	14	no[::]	no	_	_	_	_	_	linguistic	_	none	_	End=688.65	1x2	_	_	_
314-0	PST211	314	314	0	[eh	eh	_	_	_	_	_	linguistic	_	none	_	Begin=685.426	_	_	_	0-2(85)
314-1	PST211	314	314	1	sì]	sì	_	_	_	_	_	linguistic	_	none	_	End=686.214	_	_	_	0-2(85)
315-0	PST211	315	315	0	[eh	eh	_	_	_	_	_	linguistic	_	none	_	Begin=686.935	_	_	_	0-2(86)
315-1	PST211	315	315	1	sì]	sì	_	_	_	_	_	linguistic	_	none	_	End=687.415	_	_	_	0-2(86)
316-0	PST211	316	316	0	[sì	sì	_	_	_	_	_	linguistic	_	none	_	Begin=687.975	_	_	_	0-2(87)
316-1	PST211	316	316	1	cer]to	certo	_	_	_	_	_	linguistic	_	none	_	End=688.926	_	_	_	0-3(87)
317-0	PST038	317	317	0	e[:	e	_	_	_	_	_	linguistic	_	none	_	Begin=688.98	0x1	_	_	_
317-1	PST038	317	317	1	e]	e	_	_	_	_	_	linguistic	_	none	_	_	_	_	_	0-1(88)
317-2	PST038	317	317	2	questo	questo	_	_	_	_	_	linguistic	_	none	_	_	_	_	_	_
317-3	PST038	317	317	3	manca	manca	_	_	_	_	_	linguistic	_	none	_	_	_	_	_	_
317-4	PST038	317	317	4	perché:	perché	_	_	_	_	_	linguistic	_	none	_	End=690.78	5x1	_	_	_
318-0	PST211	318	318	0	[sì]	sì	_	_	_	_	_	linguistic	_	none	_	Begin=689.2|End=689.578	_	_	_	0-2(88)
319-0	PST038	319	319	0	non	non	_	_	_	_	_	linguistic	_	some	_	Begin=691.19	_	_	_	_
319-1	PST038	319	319	1	c'	c'	_	_	_	_	_	linguistic	_	some	SpaceAfter=No	_	_	_	_	_
319-2	PST038	319	319	2	è:	è	_	_	_	_	_	linguistic	_	some	_	_	0x1	_	_	_
319-3	PST038	319	319	3	e	e	_	_	_	_	_	linguistic	_	some	_	_	_	_	_	_
319-4	PST038	319	319	4	allora	allora	_	_	_	_	_	linguistic	_	some	_	_	_	_	_	_
319-5	PST038	319	319	5	pensavamo	pensavamo	_	_	_	_	_	linguistic	_	some	_	_	_	_	_	_
319-6	PST038	319	319	6	però	però	_	_	_	_	_	linguistic	_	some	_	_	_	_	_	_
319-7	PST038	319	319	7	lei	lei	_	_	_	_	_	linguistic	_	some	_	_	_	_	_	_
319-8	PST038	319	319	8	ha	ha	_	_	_	_	_	linguistic	_	some	_	_	_	_	_	_
319-9	PST038	319	319	9	detto	detto	_	_	_	_	_	linguistic	_	some	_	_	_	_	_	_
319-10	PST038	319	319	10	al	al	_	_	_	_	_	linguistic	_	some	_	_	_	_	_	_
319-11	PST038	319	319	11	ritorno	ritorno	_	_	_	_	_	linguistic	_	some	_	_	_	_	_	_
319-12	PST038	319	319	12	abbiamo	abbiamo	_	_	_	_	_	linguistic	_	some	_	_	_	_	_	_
319-13	PST038	319	319	13	un	un	_	_	_	_	_	linguistic	_	some	_	_	_	_	_	_
319-14	PST038	319	319	14	po'	po'	_	_	_	_	_	linguistic	_	some	_	_	_	_	_	_
319-15	PST038	319	319	15	#de	de	_	_	_	_	_	linguistic	_	some	Language=NO_ISO_CODE|Variation=Token	_	_	_	_	_
319-16	PST038	319	319	16	progetti	progetti	_	_	_	_	_	linguistic	_	some	_	End=696.32	_	_	_	_
320-0	PST038	320	320	0	[speriamo]	speriamo	_	_	_	_	_	linguistic	_	some	_	Begin=696.38	_	_	_	0-8(89)
320-1	PST038	320	320	1	#de	de	_	_	_	_	_	linguistic	_	some	Language=NO_ISO_CODE|Variation=Token	_	_	_	_	_
320-2	PST038	320	320	2	poterle	poterle	_	_	_	_	_	linguistic	_	some	_	_	_	_	_	_
320-3	PST038	320	320	3	fa:re	fare	_	_	_	_	_	linguistic	_	some	_	End=697.91	1x1	_	_	_
321-0	PST211	321	321	0	[mh	mh	_	_	_	_	_	linguistic	_	none	ProsodicLink=Yes	Begin=696.402	_	_	_	0-2(89)
321-1	PST211	321	321	1	mh]	mh	_	_	_	_	_	linguistic	_	none	_	End=696.885	_	_	_	0-2(89)
322-0	PST038	322	322	0	anche	anche	_	_	_	_	_	linguistic	_	none	_	Begin=698.09	_	_	_	_
322-1	PST038	322	322	1	que:lli	quelli	_	_	_	_	_	linguistic	_	none	_	_	2x1	_	_	_
322-2	PST038	322	322	2	anche	anche	_	_	_	_	_	linguistic	_	none	_	_	_	_	_	_
322-3	PST038	322	322	3	de(ll)e	delle	_	_	_	_	_	linguistic	_	none	_	End=699.77	_	_	2-4(0)	_
323-0	PST038	323	323	0	di	di	_	_	_	_	_	linguistic	_	none	_	Begin=699.83	_	_	_	_
323-1	PST038	323	323	1	orienta:re	orientare	_	_	_	_	_	linguistic	_	none	_	_	6x1	_	_	_
323-2	PST038	323	323	2	anche	anche	_	_	_	_	_	linguistic	_	none	_	_	_	_	_	_
323-3	PST038	323	323	3	soltanto	soltanto	_	_	_	_	_	linguistic	_	none	_	_	_	_	_	_
323-4	PST038	323	323	4	a:	a	_	_	_	_	_	linguistic	_	none	_	End=701.78	0x1	_	_	_
324-0	PST038	324	324	0	come	come	_	_	_	_	_	linguistic	_	none	_	Begin=701.88	_	_	_	_
324-1	PST038	324	324	1	cambiare	cambiare	_	_	_	_	_	linguistic	_	none	_	_	_	_	_	_
324-2	PST038	324	324	2	un	un	_	_	_	_	_	linguistic	_	none	_	_	_	_	_	_
324-3	PST038	324	324	3	pannolo::ne,	pannolone	_	_	_	_	_	linguistic	_	none	Intonation=WeaklyRising	End=703.59	6x2	_	_	_
325-0	PST038	325	325	0	come	come	_	_	_	_	_	linguistic	_	none	_	Begin=703.87	_	_	_	_
325-1	PST038	325	325	1	fa:re	fare	_	_	_	_	_	linguistic	_	none	_	_	1x1	_	_	_
325-2	PST038	325	325	2	perché	perché	_	_	_	_	_	linguistic	_	none	_	End=705.07	_	_	_	_
326-0	PST038	326	326	0	è	è	_	_	_	_	_	linguistic	_	none	_	Begin=705.49	_	_	_	_
326-1	PST038	326	326	1	vero	vero	_	_	_	_	_	linguistic	_	none	_	_	_	_	_	_
326-2	PST038	326	326	2	che	che	_	_	_	_	_	linguistic	_	none	_	_	_	_	_	_
326-3	PST038	326	326	3	il	il	_	_	_	_	_	linguistic	_	none	_	_	_	_	_	_
326-4	PST038	326	326	4	comu:ne	comune	_	_	_	_	_	linguistic	_	none	_	_	3x1	_	_	_
326-5	PST038	326	326	5	la	la	_	_	_	_	_	linguistic	_	none	_	_	_	_	_	_
326-6	PST038	326	326	6	regione	regione	_	_	_	_	_	linguistic	_	none	_	_	_	_	_	_
326-7	PST038	326	326	7	organizzano	organizzano	_	_	_	_	_	linguistic	_	none	PauseAfter=Yes	_	_	_	_	_
326-8	PST038	326	326	8	{P}	{P}	_	_	_	_	_	shortpause	_	none	_	_	_	_	_	_
326-9	PST038	326	326	9	ma	ma	_	_	_	_	_	linguistic	_	none	_	_	_	_	_	_
326-10	PST038	326	326	10	gli	gli	_	_	_	_	_	linguistic	_	none	_	_	_	_	_	_
326-11	PST038	326	326	11	orari:	orari	_	_	_	_	_	linguistic	_	none	_	_	4x1	_	_	_
326-12	PST038	326	326	12	non	non	_	_	_	_	_	linguistic	_	none	_	_	_	_	_	_
326-13	PST038	326	326	13	sono	sono	_	_	_	_	_	linguistic	_	none	_	_	_	_	_	_
326-14	PST038	326	326	14	neanche:	neanche	_	_	_	_	_	linguistic	_	none	_	End=710.42	6x1	_	_	_
327-0	PST038	327	327	0	combaciano	combaciano	_	_	_	_	_	linguistic	_	none	_	Begin=711.18|End=711.97	_	_	_	_
328-0	PST038	328	328	0	con	con	_	_	_	_	_	linguistic	_	none	_	Begin=712.12	_	_	_	_
328-1	PST038	328	328	1	i	i	_	_	_	_	_	linguistic	_	none	_	_	_	_	_	_
328-2	PST038	328	328	2	lavorato:ri	lavoratori	_	_	_	_	_	linguistic	_	none	_	End=713.233	7x1	_	_	_
329-0	PST211	329	329	0	mh	mh	_	_	_	_	_	linguistic	_	none	ProsodicLink=Yes	Begin=713.24	_	_	_	_
329-1	PST211	329	329	1	mh	mh	_	_	_	_	_	linguistic	_	none	_	End=713.527	_	_	_	_
330-0	PST038	330	330	0	e	e	_	_	_	_	_	linguistic	_	none	_	Begin=713.53	_	_	_	_
330-1	PST038	330	330	1	non	non	_	_	_	_	_	linguistic	_	none	_	_	_	_	_	_
330-2	PST038	330	330	2	tutti:	tutti	_	_	_	_	_	linguistic	_	none	_	_	4x1	_	_	_
330-3	PST038	330	330	3	i	i	_	_	_	_	_	linguistic	_	none	_	_	_	_	_	_
330-4	PST038	330	330	4	lav~	lav~	_	_	_	_	_	linguistic	_	none	Interrupted=Yes	_	_	_	_	_
330-5	PST038	330	330	5	i	i	_	_	_	_	_	linguistic	_	none	_	_	_	_	_	_
330-6	PST038	330	330	6	datori	datori	_	_	_	_	_	linguistic	_	none	_	_	_	_	_	_
330-7	PST038	330	330	7	di	di	_	_	_	_	_	linguistic	_	none	_	_	_	_	_	_
330-8	PST038	330	330	8	lavoro	lavoro	_	_	_	_	_	linguistic	_	none	_	_	_	_	_	_
330-9	PST038	330	330	9	danno	danno	_	_	_	_	_	linguistic	_	none	_	_	_	_	_	_
330-10	PST038	330	330	10	permesso	permesso	_	_	_	_	_	linguistic	_	none	_	_	_	_	_	_
330-11	PST038	330	330	11	alle	alle	_	_	_	_	_	linguistic	_	none	_	_	_	_	_	_
330-12	PST038	330	330	12	loro	loro	_	_	_	_	_	linguistic	_	none	_	_	_	_	_	_
330-13	PST038	330	330	13	[badanti]	badanti	_	_	_	_	_	linguistic	_	none	_	_	_	_	_	0-7(90)
330-14	PST038	330	330	14	o	o	_	_	_	_	_	linguistic	_	none	_	_	_	_	_	_
330-15	PST038	330	330	15	alle	alle	_	_	_	_	_	linguistic	_	none	_	_	_	_	_	_
330-16	PST038	330	330	16	loro	loro	_	_	_	_	_	linguistic	_	none	_	_	_	_	_	_
330-17	PST038	330	330	17	co:lf	colf	_	_	_	_	_	linguistic	_	none	_	End=718.82	1x1	_	_	_
331-0	PST211	331	331	0	[e:h]	eh	_	_	_	_	_	linguistic	_	none	_	Begin=717.613|End=717.988	0x1	_	_	0-2(90)
332-0	PST038	332	332	0	perché	perché	_	_	_	_	_	linguistic	_	none	_	Begin=718.95	_	_	_	_
332-1	PST038	332	332	1	vadano	vadano	_	_	_	_	_	linguistic	_	none	_	_	_	_	_	_
332-2	PST038	332	332	2	(a)	a	_	_	_	_	_	linguistic	_	none	_	_	_	_	0-1(0)	_
332-3	PST038	332	332	3	impara:re	imparare	_	_	_	_	_	linguistic	_	none	_	End=720.453	5x1	_	_	_
333-0	PST211	333	333	0	mh	mh	_	_	_	_	_	linguistic	_	none	ProsodicLink=Yes	Begin=720.473	_	_	_	_
333-1	PST211	333	333	1	mh	mh	_	_	_	_	_	linguistic	_	none	_	End=720.872	_	_	_	_
334-0	PST038	334	334	0	allora	allora	_	_	_	_	_	linguistic	_	some	_	Begin=721.14	_	_	_	_
334-1	PST038	334	334	1	queste	queste	_	_	_	_	_	linguistic	_	some	_	_	_	_	_	_
334-2	PST038	334	334	2	cose	cose	_	_	_	_	_	linguistic	_	some	_	_	_	_	_	_
334-3	PST038	334	334	3	qua	qua	_	_	_	_	_	linguistic	_	some	_	_	_	_	_	_
334-4	PST038	334	334	4	#de	de	_	_	_	_	_	linguistic	_	some	Language=NO_ISO_CODE|Variation=Token	_	_	_	_	_
334-5	PST038	334	334	5	cuci:na:	cucina	_	_	_	_	_	linguistic	_	some	_	End=723.41	3x1,5x1	_	_	_
335-0	PST038	335	335	0	di	di	_	_	_	_	_	linguistic	_	none	_	Begin=723.62	_	_	_	_
335-1	PST038	335	335	1	assistenza	assistenza	_	_	_	_	_	linguistic	_	none	_	_	_	_	_	_
335-2	PST038	335	335	2	al	al	_	_	_	_	_	linguistic	_	none	_	_	_	_	_	_
335-3	PST038	335	335	3	mala:to	malato	_	_	_	_	_	linguistic	_	none	_	End=725.34	3x1	_	_	_
336-0	PST038	336	336	0	#de::	de	_	_	_	_	_	linguistic	_	some	Language=NO_ISO_CODE|Variation=Token	Begin=725.53	1x2	_	_	_
336-1	PST038	336	336	1	una	una	_	_	_	_	_	linguistic	_	some	_	_	_	_	_	_
336-2	PST038	336	336	2	igiene	igiene	_	_	_	_	_	linguistic	_	some	_	_	_	_	_	_
336-3	PST038	336	336	3	intima	intima	_	_	_	_	_	linguistic	_	some	_	_	_	_	_	_
336-4	PST038	336	336	4	a	a	_	_	_	_	_	linguistic	_	some	_	_	_	_	_	_
336-5	PST038	336	336	5	una	una	_	_	_	_	_	linguistic	_	some	_	_	_	_	_	_
336-6	PST038	336	336	6	persona	persona	_	_	_	_	_	linguistic	_	some	_	_	_	_	_	_
336-7	PST038	336	336	7	che	che	_	_	_	_	_	linguistic	_	some	_	_	_	_	_	_
336-8	PST038	336	336	8	è	è	_	_	_	_	_	linguistic	_	some	_	_	_	_	_	_
336-9	PST038	336	336	9	alletta:ta	allettata	_	_	_	_	_	linguistic	_	some	_	End=729.59	6x1	_	_	_
337-0	PST038	337	337	0	e:	e	_	_	_	_	_	linguistic	_	none	_	Begin=729.8	0x1	_	_	_
337-1	PST038	337	337	1	diciamo:	diciamo	_	_	_	_	_	linguistic	_	none	_	End=730.9	6x1	_	_	_
338-0	PST038	338	338	0	avendo	avendo	_	_	_	_	_	linguistic	_	none	_	Begin=730.98	_	_	_	_
338-1	PST038	338	338	1	già:	già	_	_	_	_	_	linguistic	_	none	_	_	2x1	_	_	_
338-2	PST038	338	338	2	questa	questa	_	_	_	_	_	linguistic	_	none	_	_	_	_	_	_
338-3	PST038	338	338	3	esperienza	esperienza	_	_	_	_	_	linguistic	_	none	_	_	_	_	_	_
338-4	PST038	338	338	4	che:	che	_	_	_	_	_	linguistic	_	none	_	End=733.42	2x1	_	_	_
339-0	PST038	339	339	0	ha	ha	_	_	_	_	_	linguistic	_	none	_	Begin=734.27	_	_	_	_
339-1	PST038	339	339	1	delle	delle	_	_	_	_	_	linguistic	_	none	_	_	_	_	_	_
339-2	PST038	339	339	2	lo	lo	_	_	_	_	_	linguistic	_	none	_	_	_	_	_	_
339-3	PST038	339	339	3	sa(i):	sai	_	_	_	_	_	linguistic	_	none	_	_	2x1	_	2-3(0)	_
339-4	PST038	339	339	4	io	io	_	_	_	_	_	linguistic	_	none	_	_	_	_	_	_
339-5	PST038	339	339	5	l~	l~	_	_	_	_	_	linguistic	_	none	Interrupted=Yes	_	_	_	_	_
339-6	PST038	339	339	6	l'	l'	_	_	_	_	_	linguistic	_	none	SpaceAfter=No	_	_	_	_	_
339-7	PST038	339	339	7	ho	ho	_	_	_	_	_	linguistic	_	none	_	_	_	_	_	_
339-8	PST038	339	339	8	imparato	imparato	_	_	_	_	_	linguistic	_	none	_	_	_	_	_	_
339-9	PST038	339	339	9	qua	qua	_	_	_	_	_	linguistic	_	none	_	_	_	_	_	_
339-10	PST038	339	339	10	empiricamente	empiricamente	_	_	_	_	_	linguistic	_	none	_	_	_	_	_	_
339-11	PST038	339	339	11	perché	perché	_	_	_	_	_	linguistic	_	none	_	_	_	_	_	_
339-12	PST038	339	339	12	ho	ho	_	_	_	_	_	linguistic	_	none	_	_	_	_	_	_
339-13	PST038	339	339	13	fatto	fatto	_	_	_	_	_	linguistic	_	none	_	_	_	_	_	_
339-14	PST038	339	339	14	tutta	tutta	_	_	_	_	_	linguistic	_	none	_	_	_	_	_	_
339-15	PST038	339	339	15	un'	un'	_	_	_	_	_	linguistic	_	none	SpaceAfter=No	_	_	_	_	_
339-16	PST038	339	339	16	altra	altra	_	_	_	_	_	linguistic	_	none	_	_	_	_	_	_
339-17	PST038	339	339	17	cosa	cosa	_	_	_	_	_	linguistic	_	none	_	_	_	_	_	_
339-18	PST038	339	339	18	che	che	_	_	_	_	_	linguistic	_	none	_	_	_	_	_	_
339-19	PST038	339	339	19	questo	questo	_	_	_	_	_	linguistic	_	none	_	End=739.6	_	_	_	_
340-0	PST038	340	340	0	e	e	_	_	_	_	_	linguistic	_	none	_	Begin=739.97	_	_	_	_
340-1	PST038	340	340	1	allora	allora	_	_	_	_	_	linguistic	_	none	_	_	_	_	_	_
340-2	PST038	340	340	2	e::m:h	emh	_	_	_	_	_	linguistic	_	none	_	End=741.78	0x2,1x1	_	_	_
341-0	PST038	341	341	0	però	però	_	_	_	_	_	linguistic	_	none	_	Begin=742.49	_	_	_	_
341-1	PST038	341	341	1	abbiamo	abbiamo	_	_	_	_	_	linguistic	_	none	_	_	_	_	_	_
341-2	PST038	341	341	2	detto	detto	_	_	_	_	_	linguistic	_	none	_	_	_	_	_	_
341-3	PST038	341	341	3	adesso	adesso	_	_	_	_	_	linguistic	_	none	_	_	_	_	_	_
341-4	PST038	341	341	4	a	a	_	_	_	_	_	linguistic	_	none	_	_	_	_	_	_
341-5	PST038	341	341	5	settembre:	settembre	_	_	_	_	_	linguistic	_	none	_	_	8x1	_	_	_
341-6	PST038	341	341	6	vogliamo	vogliamo	_	_	_	_	_	linguistic	_	none	_	_	_	_	_	_
341-7	PST038	341	341	7	ripartire	ripartire	_	_	_	_	_	linguistic	_	none	_	_	_	_	_	_
341-8	PST038	341	341	8	con	con	_	_	_	_	_	linguistic	_	none	_	_	_	_	_	_
341-9	PST038	341	341	9	qualche	qualche	_	_	_	_	_	linguistic	_	none	_	_	_	_	_	_
341-10	PST038	341	341	10	cosa	cosa	_	_	_	_	_	linguistic	_	none	_	_	_	_	_	_
341-11	PST038	341	341	11	in	in	_	_	_	_	_	linguistic	_	none	_	_	_	_	_	_
341-12	PST038	341	341	12	più	più	_	_	_	_	_	linguistic	_	none	_	End=747.6	_	_	_	_
342-0	PST211	342	342	0	mh	mh	_	_	_	_	_	linguistic	_	none	ProsodicLink=Yes	Begin=747.626	_	_	_	_
342-1	PST211	342	342	1	mh	mh	_	_	_	_	_	linguistic	_	none	_	End=748.209	_	_	_	_
343-0	PST211	343	343	0	e	e	_	_	_	_	_	linguistic	_	none	_	Begin=748.28	_	_	_	_
343-1	PST211	343	343	1	tu	tu	_	_	_	_	_	linguistic	_	none	_	_	_	_	_	_
343-2	PST211	343	343	2	[ad	ad	_	_	_	_	_	linguistic	_	none	_	_	_	_	_	0-2(91)
343-3	PST211	343	343	3	esempio]	esempio	_	_	_	_	_	linguistic	_	none	_	_	_	_	_	0-7(91)
343-4	PST211	343	343	4	l'	l'	_	_	_	_	_	linguistic	_	none	SpaceAfter=No	_	_	_	_	_
343-5	PST211	343	343	5	italiano	italiano	_	_	_	_	_	linguistic	_	none	_	_	_	_	_	_
343-6	PST211	343	343	6	come:	come	_	_	_	_	_	linguistic	_	none	_	_	3x1	_	_	_
343-7	PST211	343	343	7	l'	l'	_	_	_	_	_	linguistic	_	none	SpaceAfter=No	_	_	_	_	_
343-8	PST211	343	343	8	hai	hai	_	_	_	_	_	linguistic	_	none	_	_	_	_	_	_
343-9	PST211	343	343	9	imparato	imparato	_	_	_	_	_	linguistic	_	none	_	_	_	_	_	_
343-10	PST211	343	343	10	quando	quando	_	_	_	_	_	linguistic	_	none	_	_	_	_	_	_
343-11	PST211	343	343	11	sei:	sei	_	_	_	_	_	linguistic	_	none	_	_	2x1	_	_	_
343-12	PST211	343	343	12	arrivata	arrivata	_	_	_	_	_	linguistic	_	none	_	End=752.319	_	_	_	_
344-0	PST038	344	344	0	[di	di	_	_	_	_	_	linguistic	_	none	_	Begin=748.37	_	_	_	0-2(91)
344-1	PST038	344	344	1	fa:re]	fare	_	_	_	_	_	linguistic	_	none	_	End=749.5	1x1	_	_	0-4(91)
345-0	PST038	345	345	0	io	io	_	_	_	_	_	linguistic	_	none	_	Begin=753.86	_	_	_	_
345-1	PST038	345	345	1	l'	l'	_	_	_	_	_	linguistic	_	none	SpaceAfter=No	_	_	_	_	_
345-2	PST038	345	345	2	ho	ho	_	_	_	_	_	linguistic	_	none	_	_	_	_	_	_
345-3	PST038	345	345	3	imparato::	imparato	_	_	_	_	_	linguistic	_	none	_	End=755.68	7x2	_	_	_
346-0	PST038	346	346	0	allora	allora	_	_	_	_	_	linguistic	_	none	_	Begin=756.87	_	_	_	_
346-1	PST038	346	346	1	nella	nella	_	_	_	_	_	linguistic	_	none	_	_	_	_	_	_
346-2	PST038	346	346	2	televisione,	televisione	_	_	_	_	_	linguistic	_	none	Intonation=WeaklyRising	End=758.9	_	_	_	_
347-0	PST038	347	347	0	leggendo,	leggendo	_	_	_	_	_	linguistic	_	none	Intonation=WeaklyRising	Begin=760.45|End=761.2	_	_	_	_
348-0	PST038	348	348	0	e	e	_	_	_	_	_	linguistic	_	none	_	Begin=761.74	_	_	_	_
348-1	PST038	348	348	1	ascoltando	ascoltando	_	_	_	_	_	linguistic	_	none	_	_	_	_	_	_
348-2	PST038	348	348	2	la	la	_	_	_	_	_	linguistic	_	none	_	_	_	_	_	_
348-3	PST038	348	348	3	radio	radio	_	_	_	_	_	linguistic	_	none	PauseAfter=Yes	_	_	_	_	_
348-4	PST038	348	348	4	{P}	{P}	_	_	_	_	_	shortpause	_	none	_	_	_	_	_	_
348-5	PST038	348	348	5	la	la	_	_	_	_	_	linguistic	_	none	_	_	_	_	_	_
348-6	PST038	348	348	6	musica.	musica	_	_	_	_	_	linguistic	_	none	Intonation=Falling	End=764.08	_	_	_	_
349-0	PST211	349	349	0	okay	okay	_	_	_	_	_	linguistic	_	none	_	Begin=764.2	_	_	_	_
349-1	PST211	349	349	1	{ride}	{ride}	_	_	_	_	_	nonverbalbehavior	_	none	_	End=765.53	_	_	_	_
350-0	PST038	350	350	0	mh	mh	_	_	_	_	_	linguistic	_	none	_	Begin=765.0	_	_	_	_
350-1	PST038	350	350	1	avevo	avevo	_	_	_	_	_	linguistic	_	none	_	_	_	_	_	_
350-2	PST038	350	350	2	ventitré	ventitré	_	_	_	_	_	linguistic	_	none	_	_	_	_	_	_
350-3	PST038	350	350	3	a:nni	anni	_	_	_	_	_	linguistic	_	none	_	_	0x1	_	_	_
350-4	PST038	350	350	4	per	per	_	_	_	_	_	linguistic	_	none	_	_	_	_	_	_
350-5	PST038	350	350	5	cui	cui	_	_	_	_	_	linguistic	_	none	_	_	_	_	_	_
350-6	PST038	350	350	6	[(l)a	la	_	_	_	_	_	linguistic	_	none	_	_	_	_	0-1(0)	0-2(93)
350-7	PST038	350	350	7	musica]	musica	_	_	_	_	_	linguistic	_	none	_	_	_	_	_	0-6(93)
350-8	PST038	350	350	8	la	la	_	_	_	_	_	linguistic	_	none	_	_	_	_	_	_
350-9	PST038	350	350	9	radio	radio	_	_	_	_	_	linguistic	_	none	_	End=768.73	_	_	_	_
351-0	PST211	351	351	0	eh	eh	_	_	_	_	_	linguistic	_	none	_	Begin=766.819	_	_	_	_
351-1	PST211	351	351	1	[beh	beh	_	_	_	_	_	linguistic	_	none	_	_	_	_	_	0-3(93)
351-2	PST211	351	351	2	certo]	certo	_	_	_	_	_	linguistic	_	none	_	End=767.92	_	_	_	0-5(93)
352-0	PST038	352	352	0	e::	e	_	_	_	_	_	linguistic	_	none	_	Begin=769.28	0x2	_	_	_
352-1	PST038	352	352	1	allora	allora	_	_	_	_	_	linguistic	_	none	_	_	_	_	_	_
352-2	PST038	352	352	2	la~	la~	_	_	_	_	_	linguistic	_	none	Interrupted=Yes	_	_	_	_	_
352-3	PST038	352	352	3	allora	allora	_	_	_	_	_	linguistic	_	none	_	_	_	_	_	_
352-4	PST038	352	352	4	la	la	_	_	_	_	_	linguistic	_	none	_	_	_	_	_	_
352-5	PST038	352	352	5	radio	radio	_	_	_	_	_	linguistic	_	none	_	_	_	_	_	_
352-6	PST038	352	352	6	c(io)è	cioè	_	_	_	_	_	linguistic	_	none	_	_	_	_	1-3(0)	_
352-7	PST038	352	352	7	il	il	_	_	_	_	_	linguistic	_	none	_	_	_	_	_	_
352-8	PST038	352	352	8	cellulare	cellulare	_	_	_	_	_	linguistic	_	none	_	_	_	_	_	_
352-9	PST038	352	352	9	non	non	_	_	_	_	_	linguistic	_	none	_	_	_	_	_	_
352-10	PST038	352	352	10	c'	c'	_	_	_	_	_	linguistic	_	none	SpaceAfter=No	_	_	_	_	_
352-11	PST038	352	352	11	è	è	_	_	_	_	_	linguistic	_	none	_	End=772.32	_	_	_	_
353-0	PST038	353	353	0	la	la	_	_	_	_	_	linguistic	_	none	_	Begin=772.48	_	_	_	_
353-1	PST038	353	353	1	radio	radio	_	_	_	_	_	linguistic	_	none	_	_	_	_	_	_
353-2	PST038	353	353	2	e:	e	_	_	_	_	_	linguistic	_	none	_	_	0x1	_	_	_
353-3	PST038	353	353	3	l:~	l~	_	_	_	_	_	linguistic	_	none	Interrupted=Yes	_	0x1	_	_	_
353-4	PST038	353	353	4	l~	l~	_	_	_	_	_	linguistic	_	none	Interrupted=Yes	_	_	_	_	_
353-5	PST038	353	353	5	la	la	_	_	_	_	_	linguistic	_	none	_	_	_	_	_	_
353-6	PST038	353	353	6	tivù,	tivù	_	_	_	_	_	linguistic	_	none	Intonation=WeaklyRising	End=774.77	_	_	_	_
354-0	PST038	354	354	0	e	e	_	_	_	_	_	linguistic	_	none	_	Begin=775.12	_	_	_	_
354-1	PST038	354	354	1	leggendo.	leggendo	_	_	_	_	_	linguistic	_	none	Intonation=Falling	End=776.0	_	_	_	_
355-0	PST211	355	355	0	mh	mh	_	_	_	_	_	linguistic	_	none	ProsodicLink=Yes	Begin=776.04	_	_	_	_
355-1	PST211	355	355	1	mh	mh	_	_	_	_	_	linguistic	_	none	_	End=776.467	_	_	_	_
356-0	PST038	356	356	0	mh	mh	_	_	_	_	_	linguistic	_	none	_	Begin=776.51|End=776.93	_	_	_	_
357-0	PST211	357	357	0	e	e	_	_	_	_	_	linguistic	_	none	_	Begin=776.933	_	_	_	_
357-1	PST211	357	357	1	avevi:	avevi	_	_	_	_	_	linguistic	_	none	_	_	4x1	_	_	_
357-2	PST211	357	357	2	occasioni	occasioni	_	_	_	_	_	linguistic	_	none	_	_	_	_	_	_
357-3	PST211	357	357	3	poi	poi	_	_	_	_	_	linguistic	_	none	_	_	_	_	_	_
357-4	PST211	357	357	4	di	di	_	_	_	_	_	linguistic	_	none	_	_	_	_	_	_
357-5	PST211	357	357	5	parlarlo	parlarlo	_	_	_	_	_	linguistic	_	none	_	_	_	_	_	_
357-6	PST211	357	357	6	in	in	_	_	_	_	_	linguistic	_	none	_	_	_	_	_	_
357-7	PST211	357	357	7	città:	città	_	_	_	_	_	linguistic	_	none	_	_	4x1	_	_	_
357-8	PST211	357	357	8	al	al	_	_	_	_	_	linguistic	_	none	_	_	_	_	_	_
357-9	PST211	357	357	9	lavoro	lavoro	_	_	_	_	_	linguistic	_	none	_	_	_	_	_	_
357-10	PST211	357	357	10	non	non	_	_	_	_	_	linguistic	_	none	_	_	_	_	_	_
357-11	PST211	357	357	11	so	so	_	_	_	_	_	linguistic	_	none	_	_	_	_	_	_
357-12	PST211	357	357	12	e::h	eh	_	_	_	_	_	linguistic	_	none	_	End=781.95	0x2	_	_	_
358-0	PST038	358	358	0	beh	beh	_	_	_	_	_	linguistic	_	none	_	Begin=782.02	_	_	_	_
358-1	PST038	358	358	1	io:	io	_	_	_	_	_	linguistic	_	none	_	_	1x1	_	_	_
358-2	PST038	358	358	2	diciamo::	diciamo	_	_	_	_	_	linguistic	_	none	_	_	6x2	_	_	_
358-3	PST038	358	358	3	al	al	_	_	_	_	_	linguistic	_	none	_	_	_	_	_	_
358-4	PST038	358	358	4	lavoro	lavoro	_	_	_	_	_	linguistic	_	none	_	End=784.547	_	_	_	_
359-0	PST211	359	359	0	mh	mh	_	_	_	_	_	linguistic	_	none	_	Begin=784.573|End=784.9635000000001	_	_	_	_
360-0	PST038	360	360	0	solo	solo	_	_	_	_	_	linguistic	_	none	_	Begin=784.9635000000001	_	_	_	_
360-1	PST038	360	360	1	al	al	_	_	_	_	_	linguistic	_	none	_	_	_	_	_	_
360-2	PST038	360	360	2	lavoro	lavoro	_	_	_	_	_	linguistic	_	none	_	_	_	_	_	_
360-3	PST038	360	360	3	perché	perché	_	_	_	_	_	linguistic	_	none	_	_	_	_	_	_
360-4	PST038	360	360	4	allora	allora	_	_	_	_	_	linguistic	_	none	_	_	_	_	_	_
360-5	PST038	360	360	5	come	come	_	_	_	_	_	linguistic	_	none	_	_	_	_	_	_
360-6	PST038	360	360	6	dico	dico	_	_	_	_	_	linguistic	_	none	_	_	_	_	_	_
360-7	PST038	360	360	7	eravamo	eravamo	_	_	_	_	_	linguistic	_	none	_	_	_	_	_	_
360-8	PST038	360	360	8	in	in	_	_	_	_	_	linguistic	_	none	_	_	_	_	_	_
360-9	PST038	360	360	9	pochi	pochi	_	_	_	_	_	linguistic	_	none	_	_	_	_	_	_
360-10	PST038	360	360	10	qua	qua	_	_	_	_	_	linguistic	_	none	_	_	_	_	_	_
360-11	PST038	360	360	11	e	e	_	_	_	_	_	linguistic	_	none	_	_	_	_	_	_
360-12	PST038	360	360	12	quando	quando	_	_	_	_	_	linguistic	_	none	_	_	_	_	_	_
360-13	PST038	360	360	13	ci	ci	_	_	_	_	_	linguistic	_	none	_	_	_	_	_	_
360-14	PST038	360	360	14	trovavamo	trovavamo	_	_	_	_	_	linguistic	_	none	_	End=789.53	_	_	_	_
361-0	PST038	361	361	0	si	si	_	_	_	_	_	linguistic	_	none	_	Begin=790.075	_	_	_	_
361-1	PST038	361	361	1	parlava	parlava	_	_	_	_	_	linguistic	_	none	_	_	_	_	_	_
361-2	PST038	361	361	2	la	la	_	_	_	_	_	linguistic	_	none	_	_	_	_	_	_
361-3	PST038	361	361	3	nostra	nostra	_	_	_	_	_	linguistic	_	none	_	_	_	_	_	_
361-4	PST038	361	361	4	lingu[a]	lingua	_	_	_	_	_	linguistic	_	none	_	End=791.595	_	_	_	5-6(94)
362-0	PST211	362	362	0	[ah]	ah	_	_	_	_	_	linguistic	_	none	ProsodicLink=Yes	Begin=791.479	_	_	_	0-2(94)
362-1	PST211	362	362	1	ah	ah	_	_	_	_	_	linguistic	_	none	_	End=791.833	_	_	_	_
363-0	PST038	363	363	0	spa~	spa~	_	_	_	_	_	linguistic	_	none	Interrupted=Yes	Begin=791.86	_	_	_	_
363-1	PST038	363	363	1	eravamo	eravamo	_	_	_	_	_	linguistic	_	none	_	_	_	_	_	_
363-2	PST038	363	363	2	pochissimi	pochissimi	_	_	_	_	_	linguistic	_	none	_	_	_	_	_	_
363-3	PST038	363	363	3	latini	latini	_	_	_	_	_	linguistic	_	none	_	_	_	_	_	_
363-4	PST038	363	363	4	eravamo	eravamo	_	_	_	_	_	linguistic	_	none	_	_	_	_	_	_
363-5	PST038	363	363	5	po:chi	pochi	_	_	_	_	_	linguistic	_	none	_	_	1x1	_	_	_
363-6	PST038	363	363	6	che:	che	_	_	_	_	_	linguistic	_	none	_	_	2x1	_	_	_
363-7	PST038	363	363	7	camminare	camminare	_	_	_	_	_	linguistic	_	none	_	_	_	_	_	_
363-8	PST038	363	363	8	camminare	camminare	_	_	_	_	_	linguistic	_	none	_	_	_	_	_	_
363-9	PST038	363	363	9	vedevi::	vedevi	_	_	_	_	_	linguistic	_	none	_	End=796.93	5x2	_	_	_
364-0	PST038	364	364	0	c(io)è	cioè	_	_	_	_	_	linguistic	_	none	_	Begin=797.48	_	_	1-3(0)	_
364-1	PST038	364	364	1	a	a	_	_	_	_	_	linguistic	_	none	_	_	_	_	_	_
364-2	PST038	364	364	2	chilometri	chilometri	_	_	_	_	_	linguistic	_	none	_	_	_	_	_	_
364-3	PST038	364	364	3	magari::	magari	_	_	_	_	_	linguistic	_	none	_	End=799.443	5x2	_	_	_
365-0	PST211	365	365	0	ah	ah	_	_	_	_	_	linguistic	_	none	ProsodicLink=Yes	Begin=799.443	_	_	_	_
365-1	PST211	365	365	1	ah	ah	_	_	_	_	_	linguistic	_	none	_	End=799.901	_	_	_	_
366-0	PST038	366	366	0	si	si	_	_	_	_	_	linguistic	_	none	_	Begin=799.94	_	_	_	_
366-1	PST038	366	366	1	avvicinava	avvicinava	_	_	_	_	_	linguistic	_	none	_	_	_	_	_	_
366-2	PST038	366	366	2	la	la	_	_	_	_	_	linguistic	_	none	_	_	_	_	_	_
366-3	PST038	366	366	3	persona	persona	_	_	_	_	_	linguistic	_	none	_	_	_	_	_	_
366-4	PST038	366	366	4	era	era	_	_	_	_	_	linguistic	_	none	_	_	_	_	_	_
366-5	PST038	366	366	5	un	un	_	_	_	_	_	linguistic	_	none	_	_	_	_	_	_
366-6	PST038	366	366	6	latino	latino	_	_	_	_	_	linguistic	_	none	_	_	_	_	_	_
366-7	PST038	366	366	7	e	e	_	_	_	_	_	linguistic	_	none	_	_	_	_	_	_
366-8	PST038	366	366	8	(allora)	allora	_	_	_	_	_	linguistic	_	none	_	_	_	_	0-6(0)	_
366-9	PST038	366	366	9	a	a	_	_	_	_	_	linguistic	_	none	_	_	_	_	_	_
366-10	PST038	366	366	10	dire	dire	_	_	_	_	_	linguistic	_	none	_	_	_	_	_	_
366-11	PST038	366	366	11	ah	ah	_	_	_	_	_	linguistic	_	none	PauseAfter=Yes	_	_	_	_	_
366-12	PST038	366	366	12	{P}	{P}	_	_	_	_	_	shortpause	_	none	_	_	_	_	_	_
366-13	PST038	366	366	13	ma	ma	_	_	_	_	_	linguistic	_	none	_	_	_	_	_	_
366-14	PST038	366	366	14	sei	sei	_	_	_	_	_	linguistic	_	none	_	_	_	_	_	_
366-15	PST038	366	366	15	di	di	_	_	_	_	_	linguistic	_	none	_	_	_	_	_	_
366-16	PST038	366	366	16	dove	dove	_	_	_	_	_	linguistic	_	none	_	_	_	_	_	_
366-17	PST038	366	366	17	sei	sei	_	_	_	_	_	linguistic	_	none	_	_	_	_	_	_
366-18	PST038	366	366	18	di	di	_	_	_	_	_	linguistic	_	none	_	_	_	_	_	_
366-19	PST038	366	366	19	dove	dove	_	_	_	_	_	linguistic	_	none	_	_	_	_	_	_
366-20	PST038	366	366	20	sei	sei	_	_	_	_	_	linguistic	_	none	_	End=804.6	_	_	_	_
367-0	PST211	367	367	0	{ride}	{ride}	_	_	_	_	_	nonverbalbehavior	_	none	_	Begin=802.253|End=803.045	_	_	_	_
368-0	PST038	368	368	0	e::h	eh	_	_	_	_	_	linguistic	_	none	_	Begin=804.88	0x2	_	_	_
368-1	PST038	368	368	1	sì	sì	_	_	_	_	_	linguistic	_	none	_	_	_	_	_	_
368-2	PST038	368	368	2	erano	erano	_	_	_	_	_	linguistic	_	none	_	_	_	_	_	_
368-3	PST038	368	368	3	altri	altri	_	_	_	_	_	linguistic	_	none	_	_	_	_	_	_
368-4	PST038	368	368	4	tempi	tempi	_	_	_	_	_	linguistic	_	none	_	End=807.5	_	_	_	_
369-0	PST038	369	369	0	mh	mh	_	_	_	_	_	linguistic	_	none	_	Begin=807.61|End=808.04	_	_	_	_
370-0	PST211	370	370	0	ho	ho	_	_	_	_	_	linguistic	_	none	_	Begin=808.469	_	_	_	_
370-1	PST211	370	370	1	capito	capito	_	_	_	_	_	linguistic	_	none	_	_	_	_	_	_
370-2	PST211	370	370	2	e:	e	_	_	_	_	_	linguistic	_	none	_	_	0x1	_	_	_
370-3	PST211	370	370	3	ci	ci	_	_	_	_	_	linguistic	_	none	_	_	_	_	_	_
370-4	PST211	370	370	4	hai	hai	_	_	_	_	_	linguistic	_	none	_	_	_	_	_	_
370-5	PST211	370	370	5	messo	messo	_	_	_	_	_	linguistic	_	none	_	_	_	_	_	_
370-6	PST211	370	370	6	tanto	tanto	_	_	_	_	_	linguistic	_	none	_	_	_	_	_	_
370-7	PST211	370	370	7	a	a	_	_	_	_	_	linguistic	_	none	_	_	_	_	_	_
370-8	PST211	370	370	8	impararlo?	impararlo	_	_	_	_	_	linguistic	_	none	Intonation=Rising	End=811.305	_	_	_	_
371-0	PST211	371	371	0	o::	o	_	_	_	_	_	linguistic	_	none	_	Begin=811.814	0x2	_	_	_
371-1	PST211	371	371	1	hai	hai	_	_	_	_	_	linguistic	_	none	_	_	_	_	_	_
371-2	PST211	371	371	2	fatto	fatto	_	_	_	_	_	linguistic	_	none	_	_	_	_	_	_
371-3	PST211	371	371	3	fati:ca	fatica	_	_	_	_	_	linguistic	_	none	_	_	3x1	_	_	_
371-4	PST211	371	371	4	ci	ci	_	_	_	_	_	linguistic	_	none	_	_	_	_	_	_
371-5	PST211	371	371	5	sono	sono	_	_	_	_	_	linguistic	_	none	_	_	_	_	_	_
371-6	PST211	371	371	6	state	state	_	_	_	_	_	linguistic	_	none	_	_	_	_	_	_
371-7	PST211	371	371	7	situazioni	situazioni	_	_	_	_	_	linguistic	_	none	_	_	_	_	_	_
371-8	PST211	371	371	8	in	in	_	_	_	_	_	linguistic	_	none	_	_	_	_	_	_
371-9	PST211	371	371	9	cui	cui	_	_	_	_	_	linguistic	_	none	_	_	_	_	_	_
371-10	PST211	371	371	10	magari:	magari	_	_	_	_	_	linguistic	_	none	_	_	5x1	_	_	_
371-11	PST211	371	371	11	non	non	_	_	_	_	_	linguistic	_	none	_	_	_	_	_	_
371-12	PST211	371	371	12	sei	sei	_	_	_	_	_	linguistic	_	none	_	_	_	_	_	_
371-13	PST211	371	371	13	riuscita:	riuscita	_	_	_	_	_	linguistic	_	none	_	_	7x1	_	_	_
371-14	PST211	371	371	14	a	a	_	_	_	_	_	linguistic	_	none	_	_	_	_	_	_
371-15	PST211	371	371	15	esprimerti	esprimerti	_	_	_	_	_	linguistic	_	none	_	_	_	_	_	_
371-16	PST211	371	371	16	diciamo:	diciamo	_	_	_	_	_	linguistic	_	none	_	_	6x1	_	_	_
371-17	PST211	371	371	17	è	è	_	_	_	_	_	linguistic	_	none	_	_	_	_	_	_
371-18	PST211	371	371	18	stato	stato	_	_	_	_	_	linguistic	_	none	_	_	_	_	_	_
371-19	PST211	371	371	19	difficile	difficile	_	_	_	_	_	linguistic	_	none	_	End=819.414	_	_	_	_
372-0	PST038	372	372	0	e::hm:	ehm	_	_	_	_	_	linguistic	_	none	_	Begin=820.39	0x2,2x1	_	_	_
372-1	PST038	372	372	1	no	no	_	_	_	_	_	linguistic	_	none	_	_	_	_	_	_
372-2	PST038	372	372	2	come	come	_	_	_	_	_	linguistic	_	none	_	_	_	_	_	_
372-3	PST038	372	372	3	tutte	tutte	_	_	_	_	_	linguistic	_	none	_	_	_	_	_	_
372-4	PST038	372	372	4	le	le	_	_	_	_	_	linguistic	_	none	_	_	_	_	_	_
372-5	PST038	372	372	5	lingue	lingue	_	_	_	_	_	linguistic	_	none	_	_	_	_	_	_
372-6	PST038	372	372	6	[certa]mente	certamente	_	_	_	_	_	linguistic	_	none	_	_	_	_	_	0-5(95)
372-7	PST038	372	372	7	sì	sì	_	_	_	_	_	linguistic	_	none	_	_	_	_	_	_
372-8	PST038	372	372	8	all'	all'	_	_	_	_	_	linguistic	_	none	SpaceAfter=No	_	_	_	_	_
372-9	PST038	372	372	9	inizio	inizio	_	_	_	_	_	linguistic	_	none	_	_	_	_	_	_
372-10	PST038	372	372	10	sì	sì	_	_	_	_	_	linguistic	_	none	_	_	_	_	_	_
372-11	PST038	372	372	11	però::	però	_	_	_	_	_	linguistic	_	none	_	End=825.71	3x2	_	_	_
373-0	PST211	373	373	0	[mh]	mh	_	_	_	_	_	linguistic	_	none	_	Begin=822.88|End=823.17	_	_	_	0-2(95)
374-0	PST038	374	374	0	e::hm	ehm	_	_	_	_	_	linguistic	_	none	_	Begin=826.05|End=827.02	0x2	_	_	_
375-0	PST038	375	375	0	tan~	tan~	_	_	_	_	_	linguistic	_	none	Interrupted=Yes	Begin=827.52	_	_	_	_
375-1	PST038	375	375	1	tante	tante	_	_	_	_	_	linguistic	_	none	_	_	_	_	_	_
375-2	PST038	375	375	2	parole	parole	_	_	_	_	_	linguistic	_	none	_	_	_	_	_	_
375-3	PST038	375	375	3	tante	tante	_	_	_	_	_	linguistic	_	none	_	_	_	_	_	_
375-4	PST038	375	375	4	penso	penso	_	_	_	_	_	linguistic	_	none	_	_	_	_	_	_
375-5	PST038	375	375	5	che	che	_	_	_	_	_	linguistic	_	none	_	_	_	_	_	_
375-6	PST038	375	375	6	fino	fino	_	_	_	_	_	linguistic	_	none	_	_	_	_	_	_
375-7	PST038	375	375	7	adesso	adesso	_	_	_	_	_	linguistic	_	none	_	_	_	_	_	_
375-8	PST038	375	375	8	non	non	_	_	_	_	_	linguistic	_	none	_	_	_	_	_	_
375-9	PST038	375	375	9	ho	ho	_	_	_	_	_	linguistic	_	none	_	_	_	_	_	_
375-10	PST038	375	375	10	finito	finito	_	_	_	_	_	linguistic	_	none	_	_	_	_	_	_
375-11	PST038	375	375	11	di:[:]	di	_	_	_	_	_	linguistic	_	none	_	End=831.59	1x2	_	_	_
376-0	PST211	376	376	0	[eh]	eh	_	_	_	_	_	linguistic	_	none	_	Begin=831.426	_	_	_	0-2(?)
376-1	PST211	376	376	1	{ride}	{ride}	_	_	_	_	_	nonverbalbehavior	_	none	_	End=832.009	_	_	_	_
377-0	PST038	377	377	0	di	di	_	_	_	_	_	linguistic	_	none	_	Begin=831.81	_	_	_	_
377-1	PST038	377	377	1	impara:rlo	impararlo	_	_	_	_	_	linguistic	_	none	_	End=832.93	5x1	_	_	_
378-0	PST038	378	378	0	e	e	_	_	_	_	_	linguistic	_	none	_	Begin=833.09	_	_	_	_
378-1	PST038	378	378	1	ho::	ho	_	_	_	_	_	linguistic	_	none	_	_	1x2	_	_	_
378-2	PST038	378	378	2	mio	mio	_	_	_	_	_	linguistic	_	none	_	_	_	_	_	_
378-3	PST038	378	378	3	figlio:	figlio	_	_	_	_	_	linguistic	_	none	_	End=834.36	5x1	_	_	_
379-0	PST038	379	379	0	che	che	_	_	_	_	_	linguistic	_	none	_	Begin=834.67	_	_	_	_
379-1	PST038	379	379	1	mi	mi	_	_	_	_	_	linguistic	_	none	_	_	_	_	_	_
379-2	PST038	379	379	2	corregge	corregge	_	_	_	_	_	linguistic	_	none	_	_	_	_	_	_
379-3	PST038	379	379	3	perfino	perfino	_	_	_	_	_	linguistic	_	none	_	_	_	_	_	_
379-4	PST038	379	379	4	perché	perché	_	_	_	_	_	linguistic	_	none	_	_	_	_	_	_
379-5	PST038	379	379	5	ci	ci	_	_	_	_	_	linguistic	_	none	_	_	_	_	_	_
379-6	PST038	379	379	6	sono	sono	_	_	_	_	_	linguistic	_	none	_	_	_	_	_	_
379-7	PST038	379	379	7	delle	delle	_	_	_	_	_	linguistic	_	none	_	_	_	_	_	_
379-8	PST038	379	379	8	labiali	labiali	_	_	_	_	_	linguistic	_	none	_	_	_	_	_	_
379-9	PST038	379	379	9	delle	delle	_	_	_	_	_	linguistic	_	none	_	_	_	_	_	_
379-10	PST038	379	379	10	cose	cose	_	_	_	_	_	linguistic	_	none	_	_	_	_	_	_
379-11	PST038	379	379	11	che	che	_	_	_	_	_	linguistic	_	none	_	_	_	_	_	_
379-12	PST038	379	379	12	[io	io	_	_	_	_	_	linguistic	_	none	_	_	_	_	_	0-2(98)
379-13	PST038	379	379	13	non	non	_	_	_	_	_	linguistic	_	none	_	_	_	_	_	0-3(98)
379-14	PST038	379	379	14	le]	le	_	_	_	_	_	linguistic	_	none	_	_	_	_	_	0-2(98)
379-15	PST038	379	379	15	pronuncio	pronuncio	_	_	_	_	_	linguistic	_	none	_	_	_	_	_	_
379-16	PST038	379	379	16	bene	bene	_	_	_	_	_	linguistic	_	none	_	End=839.24	_	_	_	_
380-0	PST211	380	380	0	[eh	eh	_	_	_	_	_	linguistic	_	none	ProsodicLink=Yes	Begin=837.973	_	_	_	0-2(98)
380-1	PST211	380	380	1	eh]	eh	_	_	_	_	_	linguistic	_	none	_	End=838.354	_	_	_	0-2(98)
381-0	PST038	381	381	0	e::	e	_	_	_	_	_	linguistic	_	none	_	Begin=839.69|End=840.76	0x2	_	_	_
382-0	PST038	382	382	0	però::	però	_	_	_	_	_	linguistic	_	some	_	Begin=841.46	3x2	_	_	_
382-1	PST038	382	382	1	#*no	no	_	_	_	_	_	linguistic	_	some	Language=NO_ISO_CODE|Variation=Doubtful	_	_	_	_	_
382-2	PST038	382	382	2	basta	basta	_	_	_	_	_	linguistic	_	some	_	_	_	_	_	_
382-3	PST038	382	382	3	una	una	_	_	_	_	_	linguistic	_	some	_	_	_	_	_	_
382-4	PST038	382	382	4	vita	vita	_	_	_	_	_	linguistic	_	some	_	_	_	_	_	_
382-5	PST038	382	382	5	per	per	_	_	_	_	_	linguistic	_	some	_	_	_	_	_	_
382-6	PST038	382	382	6	imparare	imparare	_	_	_	_	_	linguistic	_	some	_	_	_	_	_	_
382-7	PST038	382	382	7	una	una	_	_	_	_	_	linguistic	_	some	_	_	_	_	_	_
382-8	PST038	382	382	8	lingua	lingua	_	_	_	_	_	linguistic	_	some	_	_	_	_	_	_
382-9	PST038	382	382	9	per	per	_	_	_	_	_	linguistic	_	some	_	_	_	_	_	_
382-10	PST038	382	382	10	[comple]to	completo	_	_	_	_	_	linguistic	_	some	_	_	_	_	_	0-6(99)
382-11	PST038	382	382	11	anche	anche	_	_	_	_	_	linguistic	_	some	_	_	_	_	_	_
382-12	PST038	382	382	12	perché	perché	_	_	_	_	_	linguistic	_	some	_	End=846.26	_	_	_	_
383-0	PST211	383	383	0	[eh	eh	_	_	_	_	_	linguistic	_	none	ProsodicLink=Yes	Begin=844.813	_	_	_	0-2(99)
383-1	PST211	383	383	1	eh]	eh	_	_	_	_	_	linguistic	_	none	_	End=845.404	_	_	_	0-2(99)
384-0	PST038	384	384	0	si	si	_	_	_	_	_	linguistic	_	none	_	Begin=846.53	_	_	_	_
384-1	PST038	384	384	1	impara	impara	_	_	_	_	_	linguistic	_	none	_	_	_	_	_	_
384-2	PST038	384	384	2	le~	le~	_	_	_	_	_	linguistic	_	none	Interrupted=Yes	_	_	_	_	_
384-3	PST038	384	384	3	letteralmente	letteralmente	_	_	_	_	_	linguistic	_	none	_	_	_	_	_	_
384-4	PST038	384	384	4	grammaticalmente	grammaticalmente	_	_	_	_	_	linguistic	_	none	_	End=849.66	_	_	_	_
385-0	PST211	385	385	0	mh	mh	_	_	_	_	_	linguistic	_	none	ProsodicLink=Yes	Begin=849.667	_	_	_	_
385-1	PST211	385	385	1	[mh]	mh	_	_	_	_	_	linguistic	_	none	_	End=850.25	_	_	_	0-2(100)
386-0	PST038	386	386	0	[ma]	ma	_	_	_	_	_	linguistic	_	none	_	Begin=849.96	_	_	_	0-2(100)
386-1	PST038	386	386	1	ogni	ogni	_	_	_	_	_	linguistic	_	none	_	_	_	_	_	_
386-2	PST038	386	386	2	lingua	lingua	_	_	_	_	_	linguistic	_	none	_	_	_	_	_	_
386-3	PST038	386	386	3	c'	c'	_	_	_	_	_	linguistic	_	none	SpaceAfter=No	_	_	_	_	_
386-4	PST038	386	386	4	ha	ha	_	_	_	_	_	linguistic	_	none	_	_	_	_	_	_
386-5	PST038	386	386	5	i	i	_	_	_	_	_	linguistic	_	none	_	_	_	_	_	_
386-6	PST038	386	386	6	doppi	doppi	_	_	_	_	_	linguistic	_	none	_	_	_	_	_	_
386-7	PST038	386	386	7	sensi	sensi	_	_	_	_	_	linguistic	_	none	_	_	_	_	_	_
386-8	PST038	386	386	8	le	le	_	_	_	_	_	linguistic	_	none	_	_	_	_	_	_
386-9	PST038	386	386	9	sue	sue	_	_	_	_	_	linguistic	_	none	_	_	_	_	_	_
386-10	PST038	386	386	10	co[se	cose	_	_	_	_	_	linguistic	_	none	_	_	_	_	_	1-4(101)
386-11	PST038	386	386	11	le	le	_	_	_	_	_	linguistic	_	none	_	_	_	_	_	0-2(101)
386-12	PST038	386	386	12	ba]ttute	battute	_	_	_	_	_	linguistic	_	none	_	_	_	_	_	0-2(101)
386-13	PST038	386	386	13	l'	l'	_	_	_	_	_	linguistic	_	none	SpaceAfter=No	_	_	_	_	_
386-14	PST038	386	386	14	italia:no	italiano	_	_	_	_	_	linguistic	_	none	_	End=854.18	5x1	_	_	_
387-0	PST211	387	387	0	[sì	sì	_	_	_	_	_	linguistic	_	none	_	Begin=852.307	_	_	_	0-2(101)
387-1	PST211	387	387	1	c(io)è:]	cioè	_	_	_	_	_	linguistic	_	none	_	End=852.992	3x1	_	1-3(0)	0-4(101)
388-0	PST038	388	388	0	ci	ci	_	_	_	_	_	linguistic	_	none	_	Begin=854.33	_	_	_	_
388-1	PST038	388	388	1	sono	sono	_	_	_	_	_	linguistic	_	none	_	_	_	_	_	_
388-2	PST038	388	388	2	volute	volute	_	_	_	_	_	linguistic	_	none	_	_	_	_	_	_
388-3	PST038	388	388	3	quindici	quindici	_	_	_	_	_	linguistic	_	none	_	_	_	_	_	_
388-4	PST038	388	388	4	a:nni	anni	_	_	_	_	_	linguistic	_	none	_	_	0x1	_	_	_
388-5	PST038	388	388	5	per	per	_	_	_	_	_	linguistic	_	none	_	_	_	_	_	_
388-6	PST038	388	388	6	capirle	capirle	_	_	_	_	_	linguistic	_	none	_	_	_	_	_	_
388-7	PST038	388	388	7	che	che	_	_	_	_	_	linguistic	_	none	_	_	_	_	_	_
388-8	PST038	388	388	8	forse	forse	_	_	_	_	_	linguistic	_	none	_	_	_	_	_	_
388-9	PST038	388	388	9	mi	mi	_	_	_	_	_	linguistic	_	none	_	_	_	_	_	_
388-10	PST038	388	388	10	stavano	stavano	_	_	_	_	_	linguistic	_	none	_	_	_	_	_	_
388-11	PST038	388	388	11	prendendo	prendendo	_	_	_	_	_	linguistic	_	none	_	_	_	_	_	_
388-12	PST038	388	388	12	per	per	_	_	_	_	_	linguistic	_	none	_	_	_	_	_	_
388-13	PST038	388	388	13	i	i	_	_	_	_	_	linguistic	_	none	_	_	_	_	_	_
388-14	PST038	388	388	14	fonde:lli	fondelli	_	_	_	_	_	linguistic	_	none	_	_	4x1	_	_	_
388-15	PST038	388	388	15	io	io	_	_	_	_	_	linguistic	_	none	_	_	_	_	_	_
388-16	PST038	388	388	16	ridevo	ridevo	_	_	_	_	_	linguistic	_	none	PauseAfter=Yes	_	_	_	_	_
388-17	PST038	388	388	17	{P}	{P}	_	_	_	_	_	shortpause	_	none	_	_	_	_	_	_
388-18	PST038	388	388	18	per	per	_	_	_	_	_	linguistic	_	none	_	_	_	_	_	_
388-19	PST038	388	388	19	cui	cui	_	_	_	_	_	linguistic	_	none	_	_	_	_	_	_
388-20	PST038	388	388	20	[voglio	voglio	_	_	_	_	_	linguistic	_	none	_	_	_	_	_	0-6(102)
388-21	PST038	388	388	21	dire]	dire	_	_	_	_	_	linguistic	_	none	_	End=860.92	_	_	_	0-4(102)
389-0	PST211	389	389	0	{ride}	{ride}	_	_	_	_	_	nonverbalbehavior	_	none	_	Begin=858.573|End=859.156	_	_	_	_
390-0	PST211	390	390	0	[questo	questo	_	_	_	_	_	linguistic	_	none	_	Begin=859.724	_	_	_	0-6(102)
390-1	PST211	390	390	1	in	in	_	_	_	_	_	linguistic	_	none	_	_	_	_	_	0-2(102)
390-2	PST211	390	390	2	effetti]	effetti	_	_	_	_	_	linguistic	_	none	_	_	_	_	_	0-7(102)
390-3	PST211	390	390	3	è	è	_	_	_	_	_	linguistic	_	none	_	_	_	_	_	_
390-4	PST211	390	390	4	vero	vero	_	_	_	_	_	linguistic	_	none	_	_	_	_	_	_
390-5	PST211	390	390	5	quando	quando	_	_	_	_	_	linguistic	_	none	_	_	_	_	_	_
390-6	PST211	390	390	6	arrivi	arrivi	_	_	_	_	_	linguistic	_	none	_	_	_	_	_	_
390-7	PST211	390	390	7	a	a	_	_	_	_	_	linguistic	_	none	_	_	_	_	_	_
390-8	PST211	390	390	8	imparare	imparare	_	_	_	_	_	linguistic	_	none	_	_	_	_	_	_
390-9	PST211	390	390	9	le~	le~	_	_	_	_	_	linguistic	_	none	Interrupted=Yes	_	_	_	_	_
390-10	PST211	390	390	10	a:	a	_	_	_	_	_	linguistic	_	none	_	_	0x1	_	_	_
390-11	PST211	390	390	11	capi:re	capire	_	_	_	_	_	linguistic	_	none	_	_	3x1	_	_	_
390-12	PST211	390	390	12	le	le	_	_	_	_	_	linguistic	_	none	_	_	_	_	_	_
390-13	PST211	390	390	13	battute::	battute	_	_	_	_	_	linguistic	_	none	_	_	6x2	_	_	_
390-14	PST211	390	390	14	e:	e	_	_	_	_	_	linguistic	_	none	_	_	0x1	_	_	_
390-15	PST211	390	390	15	a	a	_	_	_	_	_	linguistic	_	none	_	_	_	_	_	_
390-16	PST211	390	390	16	scherzare	scherzare	_	_	_	_	_	linguistic	_	none	_	_	_	_	_	_
390-17	PST211	390	390	17	in	in	_	_	_	_	_	linguistic	_	none	_	_	_	_	_	_
390-18	PST211	390	390	18	una	una	_	_	_	_	_	linguistic	_	none	_	_	_	_	_	_
390-19	PST211	390	390	19	lingua	lingua	_	_	_	_	_	linguistic	_	none	_	_	_	_	_	_
390-20	PST211	390	390	20	forse::	forse	_	_	_	_	_	linguistic	_	none	_	_	4x2	_	_	_
390-21	PST211	390	390	21	significa	significa	_	_	_	_	_	linguistic	_	none	_	_	_	_	_	_
390-22	PST211	390	390	22	che::	che	_	_	_	_	_	linguistic	_	none	_	_	2x2	_	_	_
390-23	PST211	390	390	23	c(io)è:	cioè	_	_	_	_	_	linguistic	_	none	_	End=867.905	3x1	_	1-3(0)	_
391-0	PST038	391	391	0	sì	sì	_	_	_	_	_	linguistic	_	none	_	Begin=868.02	_	_	_	_
391-1	PST038	391	391	1	[sì]	sì	_	_	_	_	_	linguistic	_	none	_	End=868.87	_	_	_	0-2(103)
392-0	PST211	392	392	0	[stai]	stai	_	_	_	_	_	linguistic	_	none	_	Begin=868.501	_	_	_	0-4(103)
392-1	PST211	392	392	1	anda[ndo::	andando	_	_	_	_	_	linguistic	_	none	_	_	6x2	_	_	4-7(104)
392-2	PST211	392	392	2	be:]ne	bene	_	_	_	_	_	linguistic	_	none	_	_	1x1	_	_	0-2(104)
392-3	PST211	392	392	3	dicia[mo]	diciamo	_	_	_	_	_	linguistic	_	none	_	End=870.488	_	_	_	5-7(105)
393-0	PST038	393	393	0	[sì]	sì	_	_	_	_	_	linguistic	_	none	_	Begin=869.25|End=869.7	_	_	_	0-2(104)
394-0	PST038	394	394	0	[no]	no	_	_	_	_	_	linguistic	_	none	_	Begin=870.253	_	_	_	0-2(105)
394-1	PST038	394	394	1	io	io	_	_	_	_	_	linguistic	_	none	_	_	_	_	_	_
394-2	PST038	394	394	2	soltanto	soltanto	_	_	_	_	_	linguistic	_	none	_	_	_	_	_	_
394-3	PST038	394	394	3	la	la	_	_	_	_	_	linguistic	_	none	_	_	_	_	_	_
394-4	PST038	394	394	4	televisione	televisione	_	_	_	_	_	linguistic	_	none	_	_	_	_	_	_
394-5	PST038	394	394	5	come	come	_	_	_	_	_	linguistic	_	none	_	_	_	_	_	_
394-6	PST038	394	394	6	dico	dico	_	_	_	_	_	linguistic	_	none	_	_	_	_	_	_
394-7	PST038	394	394	7	la	la	_	_	_	_	_	linguistic	_	none	_	_	_	_	_	_
394-8	PST038	394	394	8	ra:dio	radio	_	_	_	_	_	linguistic	_	none	_	_	1x1	_	_	_
394-9	PST038	394	394	9	leggendo	leggendo	_	_	_	_	_	linguistic	_	none	_	End=874.31	_	_	_	_
395-0	PST038	395	395	0	e::hm	ehm	_	_	_	_	_	linguistic	_	none	_	Begin=874.8|End=876.18	0x2	_	_	_
396-0	PST038	396	396	0	sop~	sop~	_	_	_	_	_	linguistic	_	none	Interrupted=Yes	Begin=876.43	_	_	_	_
396-1	PST038	396	396	1	e	e	_	_	_	_	_	linguistic	_	none	ProsodicLink=Yes	_	_	_	_	_
396-2	PST038	396	396	2	e	e	_	_	_	_	_	linguistic	_	none	_	_	_	_	_	_
396-3	PST038	396	396	3	e	e	_	_	_	_	_	linguistic	_	none	_	_	_	_	_	_
396-4	PST038	396	396	4	nel	nel	_	_	_	_	_	linguistic	_	none	_	_	_	_	_	_
396-5	PST038	396	396	5	lavoro.	lavoro	_	_	_	_	_	linguistic	_	none	Intonation=Falling	End=877.65	_	_	_	_
397-0	PST211	397	397	0	mh	mh	_	_	_	_	_	linguistic	_	none	ProsodicLink=Yes	Begin=877.707	_	_	_	_
397-1	PST211	397	397	1	mh	mh	_	_	_	_	_	linguistic	_	none	_	End=878.289	_	_	_	_
398-0	PST038	398	398	0	e	e	_	_	_	_	_	linguistic	_	none	_	Begin=878.4	_	_	_	_
398-1	PST038	398	398	1	nel	nel	_	_	_	_	_	linguistic	_	none	_	_	_	_	_	_
398-2	PST038	398	398	2	lavoro	lavoro	_	_	_	_	_	linguistic	_	none	_	_	_	_	_	_
398-3	PST038	398	398	3	perché::	perché	_	_	_	_	_	linguistic	_	none	_	End=879.99	5x2	_	_	_
399-0	PST038	399	399	0	facendo	facendo	_	_	_	_	_	linguistic	_	some	_	Begin=880.41	_	_	_	_
399-1	PST038	399	399	1	il	il	_	_	_	_	_	linguistic	_	some	_	_	_	_	_	_
399-2	PST038	399	399	2	tipo	tipo	_	_	_	_	_	linguistic	_	some	_	_	_	_	_	_
399-3	PST038	399	399	3	#de	de	_	_	_	_	_	linguistic	_	some	Language=NO_ISO_CODE|Variation=Token	_	_	_	_	_
399-4	PST038	399	399	4	lavoro	lavoro	_	_	_	_	_	linguistic	_	some	_	_	_	_	_	_
399-5	PST038	399	399	5	che	che	_	_	_	_	_	linguistic	_	some	_	_	_	_	_	_
399-6	PST038	399	399	6	ho	ho	_	_	_	_	_	linguistic	_	some	_	_	_	_	_	_
399-7	PST038	399	399	7	fa:tto,	fatto	_	_	_	_	_	linguistic	_	some	Intonation=WeaklyRising	End=882.41	1x1	_	_	_
400-0	PST038	400	400	0	io	io	_	_	_	_	_	linguistic	_	none	_	Begin=882.79	_	_	_	_
400-1	PST038	400	400	1	da	da	_	_	_	_	_	linguistic	_	none	_	_	_	_	_	_
400-2	PST038	400	400	2	quando	quando	_	_	_	_	_	linguistic	_	none	_	_	_	_	_	_
400-3	PST038	400	400	3	sono	sono	_	_	_	_	_	linguistic	_	none	_	_	_	_	_	_
400-4	PST038	400	400	4	arriva:ta	arrivata	_	_	_	_	_	linguistic	_	none	_	_	5x1	_	_	_
400-5	PST038	400	400	5	ho	ho	_	_	_	_	_	linguistic	_	none	_	_	_	_	_	_
400-6	PST038	400	400	6	lavorato	lavorato	_	_	_	_	_	linguistic	_	none	_	End=884.86	_	_	_	_
401-0	PST038	401	401	0	con	con	_	_	_	_	_	linguistic	_	none	_	Begin=885.89	_	_	_	_
401-1	PST038	401	401	1	le	le	_	_	_	_	_	linguistic	_	none	_	_	_	_	_	_
401-2	PST038	401	401	2	persone	persone	_	_	_	_	_	linguistic	_	none	_	_	_	_	_	_
401-3	PST038	401	401	3	anziane	anziane	_	_	_	_	_	linguistic	_	none	_	_	_	_	_	_
401-4	PST038	401	401	4	siano:	siano	_	_	_	_	_	linguistic	_	none	_	End=888.08	4x1	_	_	_
402-0	PST038	402	402	0	purtroppo	purtroppo	_	_	_	_	_	linguistic	_	none	_	Begin=888.4	_	_	_	_
402-1	PST038	402	402	1	quelli	quelli	_	_	_	_	_	linguistic	_	none	_	_	_	_	_	_
402-2	PST038	402	402	2	che	che	_	_	_	_	_	linguistic	_	none	_	_	_	_	_	_
402-3	PST038	402	402	3	erano	erano	_	_	_	_	_	linguistic	_	none	_	_	_	_	_	_
402-4	PST038	402	402	4	già	già	_	_	_	_	_	linguistic	_	none	_	_	_	_	_	_
402-5	PST038	402	402	5	co~	co~	_	_	_	_	_	linguistic	_	none	Interrupted=Yes	_	_	_	_	_
402-6	PST038	402	402	6	con	con	_	_	_	_	_	linguistic	_	none	_	_	_	_	_	_
402-7	PST038	402	402	7	la:	la	_	_	_	_	_	linguistic	_	none	_	_	1x1	_	_	_
402-8	PST038	402	402	8	con	con	_	_	_	_	_	linguistic	_	none	_	_	_	_	_	_
402-9	PST038	402	402	9	la	la	_	_	_	_	_	linguistic	_	none	_	_	_	_	_	_
402-10	PST038	402	402	10	testa	testa	_	_	_	_	_	linguistic	_	none	_	_	_	_	_	_
402-11	PST038	402	402	11	ma:le	male	_	_	_	_	_	linguistic	_	none	_	_	1x1	_	_	_
402-12	PST038	402	402	12	alzhe:imer	alzheimer	_	_	_	_	_	linguistic	_	none	_	_	4x1	_	_	_
402-13	PST038	402	402	13	demenza	demenza	_	_	_	_	_	linguistic	_	none	_	_	_	_	_	_
402-14	PST038	402	402	14	seni:le	senile	_	_	_	_	_	linguistic	_	none	_	_	3x1	_	_	_
402-15	PST038	402	402	15	o	o	_	_	_	_	_	linguistic	_	none	_	_	_	_	_	_
402-16	PST038	402	402	16	alletta:ti	allettati	_	_	_	_	_	linguistic	_	none	_	_	6x1	_	_	_
402-17	PST038	402	402	17	o	o	_	_	_	_	_	linguistic	_	none	_	_	_	_	_	_
402-18	PST038	402	402	18	quello	quello	_	_	_	_	_	linguistic	_	none	_	_	_	_	_	_
402-19	PST038	402	402	19	che	che	_	_	_	_	_	linguistic	_	none	_	_	_	_	_	_
402-20	PST038	402	402	20	sia	sia	_	_	_	_	_	linguistic	_	none	_	End=894.89	_	_	_	_
403-0	PST038	403	403	0	ma	ma	_	_	_	_	_	linguistic	_	none	_	Begin=895.04	_	_	_	_
403-1	PST038	403	403	1	bene	bene	_	_	_	_	_	linguistic	_	none	_	_	_	_	_	_
403-2	PST038	403	403	2	o	o	_	_	_	_	_	linguistic	_	none	_	_	_	_	_	_
403-3	PST038	403	403	3	male	male	_	_	_	_	_	linguistic	_	none	_	_	_	_	_	_
403-4	PST038	403	403	4	si	si	_	_	_	_	_	linguistic	_	none	_	_	_	_	_	_
403-5	PST038	403	403	5	esprimevano	esprimevano	_	_	_	_	_	linguistic	_	none	_	End=896.69	_	_	_	_
404-0	PST038	404	404	0	ma:::	ma	_	_	_	_	_	linguistic	_	none	_	Begin=898.01|End=898.89	1x3	_	_	_
405-0	PST038	405	405	0	persone	persone	_	_	_	_	_	linguistic	_	none	_	Begin=899.01	_	_	_	_
405-1	PST038	405	405	1	che::	che	_	_	_	_	_	linguistic	_	none	_	_	2x2	_	_	_
405-2	PST038	405	405	2	chi	chi	_	_	_	_	_	linguistic	_	none	_	_	_	_	_	_
405-3	PST038	405	405	3	era:	era	_	_	_	_	_	linguistic	_	none	_	_	2x1	_	_	_
405-4	PST038	405	405	4	una	una	_	_	_	_	_	linguistic	_	none	_	_	_	_	_	_
405-5	PST038	405	405	5	professoressa::	professoressa	_	_	_	_	_	linguistic	_	none	_	End=902.6	12x2	_	_	_
406-0	PST038	406	406	0	chi	chi	_	_	_	_	_	linguistic	_	some	_	Begin=902.65	_	_	_	_
406-1	PST038	406	406	1	era::	era	_	_	_	_	_	linguistic	_	some	_	_	2x2	_	_	_
406-2	PST038	406	406	2	delle	delle	_	_	_	_	_	linguistic	_	some	_	_	_	_	_	_
406-3	PST038	406	406	3	persone:	persone	_	_	_	_	_	linguistic	_	some	_	_	6x1	_	_	_
406-4	PST038	406	406	4	#de	de	_	_	_	_	_	linguistic	_	some	Language=NO_ISO_CODE|Variation=Token	_	_	_	_	_
406-5	PST038	406	406	5	u:n	un	_	_	_	_	_	linguistic	_	some	_	_	0x1	_	_	_
406-6	PST038	406	406	6	certo::	certo	_	_	_	_	_	linguistic	_	some	_	_	4x2	_	_	_
406-7	PST038	406	406	7	$nivello:	nivello	_	_	_	_	_	linguistic	_	some	Orthography=Yes|Variation=Emerging	_	6x1	_	_	_
406-8	PST038	406	406	8	anche	anche	_	_	_	_	_	linguistic	_	some	_	_	_	_	_	_
406-9	PST038	406	406	9	di	di	_	_	_	_	_	linguistic	_	some	_	_	_	_	_	_
406-10	PST038	406	406	10	istruzione,	istruzione	_	_	_	_	_	linguistic	_	some	Intonation=WeaklyRising	End=908.507	_	_	_	_
407-0	PST211	407	407	0	mh	mh	_	_	_	_	_	linguistic	_	none	ProsodicLink=Yes	Begin=908.533	_	_	_	_
407-1	PST211	407	407	1	mh	mh	_	_	_	_	_	linguistic	_	none	_	End=908.767	_	_	_	_
408-0	PST038	408	408	0	per	per	_	_	_	_	_	linguistic	_	none	_	Begin=908.79	_	_	_	_
408-1	PST038	408	408	1	cui	cui	_	_	_	_	_	linguistic	_	none	_	_	_	_	_	_
408-2	PST038	408	408	2	quando	quando	_	_	_	_	_	linguistic	_	none	_	_	_	_	_	_
408-3	PST038	408	408	3	ho	ho	_	_	_	_	_	linguistic	_	none	_	_	_	_	_	_
408-4	PST038	408	408	4	parla:to	parlato	_	_	_	_	_	linguistic	_	none	_	_	4x1	_	_	_
408-5	PST038	408	408	5	sono	sono	_	_	_	_	_	linguistic	_	none	_	_	_	_	_	_
408-6	PST038	408	408	6	stata	stata	_	_	_	_	_	linguistic	_	none	_	_	_	_	_	_
408-7	PST038	408	408	7	sempre	sempre	_	_	_	_	_	linguistic	_	none	_	_	_	_	_	_
408-8	PST038	408	408	8	che	che	_	_	_	_	_	linguistic	_	none	_	_	_	_	_	_
408-9	PST038	408	408	9	mi	mi	_	_	_	_	_	linguistic	_	none	_	_	_	_	_	_
408-10	PST038	408	408	10	correggev[ano]:	correggevano	_	_	_	_	_	linguistic	_	none	_	End=913.03	11x1	_	_	9-12(106)
409-0	PST211	409	409	0	[a:]:h	ah	_	_	_	_	_	linguistic	_	none	_	Begin=912.553|End=913.173	0x2	_	_	0-1(106)
410-0	PST038	410	410	0	le	le	_	_	_	_	_	linguistic	_	none	_	Begin=913.46	_	_	_	_
410-1	PST038	410	410	1	le	le	_	_	_	_	_	linguistic	_	none	_	_	_	_	_	_
410-2	PST038	410	410	2	parole	parole	_	_	_	_	_	linguistic	_	none	_	_	_	_	_	_
410-3	PST038	410	410	3	e::	e	_	_	_	_	_	linguistic	_	none	_	_	0x2	_	_	_
410-4	PST038	410	410	4	ho	ho	_	_	_	_	_	linguistic	_	none	_	_	_	_	_	_
410-5	PST038	410	410	5	avuto	avuto	_	_	_	_	_	linguistic	_	none	_	_	_	_	_	_
410-6	PST038	410	410	6	la	la	_	_	_	_	_	linguistic	_	none	_	_	_	_	_	_
410-7	PST038	410	410	7	fortuna	fortuna	_	_	_	_	_	linguistic	_	none	_	_	_	_	_	_
410-8	PST038	410	410	8	di::	di	_	_	_	_	_	linguistic	_	none	_	End=916.83	1x2	_	_	_
411-0	PST038	411	411	0	e	e	_	_	_	_	_	linguistic	_	none	_	Begin=917.3	_	_	_	_
411-1	PST038	411	411	1	anche	anche	_	_	_	_	_	linguistic	_	none	_	_	_	_	_	_
411-2	PST038	411	411	2	l'	l'	_	_	_	_	_	linguistic	_	none	SpaceAfter=No	_	_	_	_	_
411-3	PST038	411	411	3	interesse	interesse	_	_	_	_	_	linguistic	_	none	_	_	_	_	_	_
411-4	PST038	411	411	4	di	di	_	_	_	_	_	linguistic	_	none	_	_	_	_	_	_
411-5	PST038	411	411	5	parlarlo	parlarlo	_	_	_	_	_	linguistic	_	none	_	_	_	_	_	_
411-6	PST038	411	411	6	[per]	per	_	_	_	_	_	linguistic	_	none	_	_	_	_	_	0-3(107)
411-7	PST038	411	411	7	cui::	cui	_	_	_	_	_	linguistic	_	none	_	End=920.27	2x2	_	_	_
412-0	PST211	412	412	0	[m:h]	mh	_	_	_	_	_	linguistic	_	none	_	Begin=919.399|End=919.883	0x1	_	_	0-2(107)
413-0	PST038	413	413	0	e::	e	_	_	_	_	_	linguistic	_	some	_	Begin=920.66	0x2	_	_	_
413-1	PST038	413	413	1	ho	ho	_	_	_	_	_	linguistic	_	some	_	_	_	_	_	_
413-2	PST038	413	413	2	imparato	imparato	_	_	_	_	_	linguistic	_	some	_	_	_	_	_	_
413-3	PST038	413	413	3	solo	solo	_	_	_	_	_	linguistic	_	some	_	_	_	_	_	_
413-4	PST038	413	413	4	così	così	_	_	_	_	_	linguistic	_	some	_	_	_	_	_	_
413-5	PST038	413	413	5	con	con	_	_	_	_	_	linguistic	_	some	_	_	_	_	_	_
413-6	PST038	413	413	6	delle	delle	_	_	_	_	_	linguistic	_	some	_	_	_	_	_	_
413-7	PST038	413	413	7	persone	persone	_	_	_	_	_	linguistic	_	some	_	_	_	_	_	_
413-8	PST038	413	413	8	a	a	_	_	_	_	_	linguistic	_	some	_	_	_	_	_	_
413-9	PST038	413	413	9	convers~	convers~	_	_	_	_	_	linguistic	_	some	Interrupted=Yes	_	_	_	_	_
413-10	PST038	413	413	10	la	la	_	_	_	_	_	linguistic	_	some	_	_	_	_	_	_
413-11	PST038	413	413	11	conversazione	conversazione	_	_	_	_	_	linguistic	_	some	_	_	_	_	_	_
413-12	PST038	413	413	12	#el	el	_	_	_	_	_	linguistic	_	some	Language=NO_ISO_CODE|Variation=Token	_	_	_	_	_
413-13	PST038	413	413	13	dialogo,	dialogo	_	_	_	_	_	linguistic	_	some	Intonation=WeaklyRising	End=925.8	_	_	_	_
414-0	PST038	414	414	0	e::	e	_	_	_	_	_	linguistic	_	none	_	Begin=926.29	0x2	_	_	_
414-1	PST038	414	414	1	e	e	_	_	_	_	_	linguistic	_	none	_	_	_	_	_	_
414-2	PST038	414	414	2	le	le	_	_	_	_	_	linguistic	_	none	_	_	_	_	_	_
414-3	PST038	414	414	3	scrittura:	scrittura	_	_	_	_	_	linguistic	_	none	_	_	8x1	_	_	_
414-4	PST038	414	414	4	leggendo	leggendo	_	_	_	_	_	linguistic	_	none	_	_	_	_	_	_
414-5	PST038	414	414	5	perché	perché	_	_	_	_	_	linguistic	_	none	_	_	_	_	_	_
414-6	PST038	414	414	6	comunque	comunque	_	_	_	_	_	linguistic	_	none	_	_	_	_	_	_
414-7	PST038	414	414	7	resta	resta	_	_	_	_	_	linguistic	_	none	_	_	_	_	_	_
414-8	PST038	414	414	8	quello	quello	_	_	_	_	_	linguistic	_	none	_	_	_	_	_	_
414-9	PST038	414	414	9	che	che	_	_	_	_	_	linguistic	_	none	_	_	_	_	_	_
414-10	PST038	414	414	10	[leggi]	leggi	_	_	_	_	_	linguistic	_	none	_	_	_	_	_	0-5(108)
414-11	PST038	414	414	11	e	e	_	_	_	_	_	linguistic	_	none	_	_	_	_	_	_
414-12	PST038	414	414	12	lo	lo	_	_	_	_	_	linguistic	_	none	_	_	_	_	_	_
414-13	PST038	414	414	13	impari	impari	_	_	_	_	_	linguistic	_	none	_	_	_	_	_	_
414-14	PST038	414	414	14	a::	a	_	_	_	_	_	linguistic	_	none	_	_	0x2	_	_	_
414-15	PST038	414	414	15	a	a	_	_	_	_	_	linguistic	_	none	_	_	_	_	_	_
414-16	PST038	414	414	16	fare	fare	_	_	_	_	_	linguistic	_	none	_	End=932.66	_	_	_	_
415-0	PST211	415	415	0	[sì	sì	_	_	_	_	_	linguistic	_	none	_	Begin=930.013	_	_	_	0-2(108)
415-1	PST211	415	415	1	sì]	sì	_	_	_	_	_	linguistic	_	none	_	End=930.426	_	_	_	0-2(108)
416-0	PST211	416	416	0	mh	mh	_	_	_	_	_	linguistic	_	none	_	Begin=932.853|End=933.328	_	_	_	_
417-0	PST038	417	417	0	fino	fino	_	_	_	_	_	linguistic	_	none	_	Begin=933.42	_	_	_	_
417-1	PST038	417	417	1	adesso:	adesso	_	_	_	_	_	linguistic	_	none	_	_	5x1	_	_	_
417-2	PST038	417	417	2	n::~	n~	_	_	_	_	_	linguistic	_	none	Interrupted=Yes	_	0x2	_	_	_
417-3	PST038	417	417	3	le	le	_	_	_	_	_	linguistic	_	none	_	_	_	_	_	_
417-4	PST038	417	417	4	doppie	doppie	_	_	_	_	_	linguistic	_	none	_	_	_	_	_	_
417-5	PST038	417	417	5	pi	pi	_	_	_	_	_	linguistic	_	none	_	_	_	_	_	_
417-6	PST038	417	417	6	le	le	_	_	_	_	_	linguistic	_	none	_	_	_	_	_	_
417-7	PST038	417	417	7	doppie	doppie	_	_	_	_	_	linguistic	_	none	_	_	_	_	_	_
417-8	PST038	417	417	8	esse:	esse	_	_	_	_	_	linguistic	_	none	_	_	3x1	_	_	_
417-9	PST038	417	417	9	le	le	_	_	_	_	_	linguistic	_	none	_	_	_	_	_	_
417-10	PST038	417	417	10	doppie	doppie	_	_	_	_	_	linguistic	_	none	_	_	_	_	_	_
417-11	PST038	417	417	11	pi	pi	_	_	_	_	_	linguistic	_	none	_	_	_	_	_	_
417-12	PST038	417	417	12	mi	mi	_	_	_	_	_	linguistic	_	none	_	_	_	_	_	_
417-13	PST038	417	417	13	restano	restano	_	_	_	_	_	linguistic	_	none	_	_	_	_	_	_
417-14	PST038	417	417	14	ancora	ancora	_	_	_	_	_	linguistic	_	none	_	End=939.47	_	_	_	_
418-0	PST211	418	418	0	xx	xx	_	_	_	_	_	unknown	_	none	Syllables=2	Begin=939.92|End=940.591	_	_	_	_
419-0	PST038	419	419	0	le	le	_	_	_	_	_	linguistic	_	none	_	Begin=940.591	_	_	_	_
419-1	PST038	419	419	1	gi	gi	_	_	_	_	_	linguistic	_	none	_	_	_	_	_	_
419-2	PST038	419	419	2	do:ppie	doppie	_	_	_	_	_	linguistic	_	none	_	_	1x1	_	_	_
419-3	PST038	419	419	3	ancora:	ancora	_	_	_	_	_	linguistic	_	none	_	End=942.58	5x1	_	_	_
420-0	PST038	420	420	0	a	a	_	_	_	_	_	linguistic	_	none	_	Begin=942.955	_	_	_	_
420-1	PST038	420	420	1	volte	volte	_	_	_	_	_	linguistic	_	none	_	End=943.525	_	_	_	_
421-0	PST038	421	421	0	poi	poi	_	_	_	_	_	linguistic	_	none	_	Begin=943.89	_	_	_	_
421-1	PST038	421	421	1	adesso	adesso	_	_	_	_	_	linguistic	_	none	_	_	_	_	_	_
421-2	PST038	421	421	2	è	è	_	_	_	_	_	linguistic	_	none	_	_	_	_	_	_
421-3	PST038	421	421	3	subentrato	subentrato	_	_	_	_	_	linguistic	_	none	_	_	_	_	_	_
421-4	PST038	421	421	4	anche	anche	_	_	_	_	_	linguistic	_	none	_	_	_	_	_	_
421-5	PST038	421	421	5	l'	l'	_	_	_	_	_	linguistic	_	none	SpaceAfter=No	_	_	_	_	_
421-6	PST038	421	421	6	e(t)à:	età	_	_	_	_	_	linguistic	_	none	_	End=945.63	2x1	_	0-2(0)	_
422-0	PST038	422	422	0	pomeri:ggio	pomeriggio	_	_	_	_	_	linguistic	_	none	_	Begin=945.66	5x1	_	_	_
422-1	PST038	422	422	1	a	a	_	_	_	_	_	linguistic	_	none	_	_	_	_	_	_
422-2	PST038	422	422	2	volte	volte	_	_	_	_	_	linguistic	_	none	_	_	_	_	_	_
422-3	PST038	422	422	3	mi	mi	_	_	_	_	_	linguistic	_	none	_	_	_	_	_	_
422-4	PST038	422	422	4	viene	viene	_	_	_	_	_	linguistic	_	none	_	_	_	_	_	_
422-5	PST038	422	422	5	u:n	un	_	_	_	_	_	linguistic	_	none	_	_	0x1	_	_	_
422-6	PST038	422	422	6	la	la	_	_	_	_	_	linguistic	_	none	_	_	_	_	_	_
422-7	PST038	422	422	7	u~	u~	_	_	_	_	_	linguistic	_	none	Interrupted=Yes	_	_	_	_	_
422-8	PST038	422	422	8	u~	u~	_	_	_	_	_	linguistic	_	none	Interrupted=Yes	_	_	_	_	_
422-9	PST038	422	422	9	un	un	_	_	_	_	_	linguistic	_	none	_	_	_	_	_	_
422-10	PST038	422	422	10	VUOTO	vuoto	_	_	_	_	_	linguistic	_	none	Volume=high	_	_	_	_	_
422-11	PST038	422	422	11	e	e	_	_	_	_	_	linguistic	_	none	_	_	_	_	_	_
422-12	PST038	422	422	12	di(c)o	dico	_	_	_	_	_	linguistic	_	none	_	_	_	_	2-3(0)	_
422-13	PST038	422	422	13	a	a	_	_	_	_	_	linguistic	_	none	_	_	_	_	_	_
422-14	PST038	422	422	14	mio	mio	_	_	_	_	_	linguistic	_	none	_	_	_	_	_	_
422-15	PST038	422	422	15	figlio	figlio	_	_	_	_	_	linguistic	_	none	_	_	_	_	_	_
422-16	PST038	422	422	16	ma	ma	_	_	_	_	_	linguistic	_	none	_	_	_	_	_	_
422-17	PST038	422	422	17	sono	sono	_	_	_	_	_	linguistic	_	none	_	_	_	_	_	_
422-18	PST038	422	422	18	due	due	_	_	_	_	_	linguistic	_	none	_	_	_	_	_	_
422-19	PST038	422	422	19	gi	gi	_	_	_	_	_	linguistic	_	none	_	_	_	_	_	_
422-20	PST038	422	422	20	o	o	_	_	_	_	_	linguistic	_	none	_	_	_	_	_	_
422-21	PST038	422	422	21	una	una	_	_	_	_	_	linguistic	_	none	_	End=951.09	_	_	_	_
423-0	PST211	423	423	0	{ride}	{ride}	_	_	_	_	_	nonverbalbehavior	_	none	_	Begin=951.129|End=952.639	_	_	_	_
424-0	PST038	424	424	0	{ride}	{ride}	_	_	_	_	_	nonverbalbehavior	_	none	_	Begin=952.71|End=953.64	_	_	_	_
425-0	PST038	425	425	0	però:	però	_	_	_	_	_	linguistic	_	some	_	Begin=953.74	3x1	_	_	_
425-1	PST038	425	425	1	c'	c'	_	_	_	_	_	linguistic	_	some	SpaceAfter=No	_	_	_	_	_
425-2	PST038	425	425	2	è	è	_	_	_	_	_	linguistic	_	some	_	_	_	_	_	_
425-3	PST038	425	425	3	questo	questo	_	_	_	_	_	linguistic	_	some	_	_	_	_	_	_
425-4	PST038	425	425	4	che	che	_	_	_	_	_	linguistic	_	some	_	_	_	_	_	_
425-5	PST038	425	425	5	#como	como	_	_	_	_	_	linguistic	_	some	Language=NO_ISO_CODE|Variation=Token	_	_	_	_	_
425-6	PST038	425	425	6	va	va	_	_	_	_	_	linguistic	_	some	_	_	_	_	_	_
425-7	PST038	425	425	7	scrivendo:	scrivendo	_	_	_	_	_	linguistic	_	some	_	_	8x1	_	_	_
425-8	PST038	425	425	8	va	va	_	_	_	_	_	linguistic	_	some	_	_	_	_	_	_
425-9	PST038	425	425	9	(uscendo)	uscendo	_	_	_	_	_	linguistic	_	some	_	_	_	_	0-7(0)	_
425-10	PST038	425	425	10	la	la	_	_	_	_	_	linguistic	_	some	_	_	_	_	_	_
425-11	PST038	425	425	11	[parola]	parola	_	_	_	_	_	linguistic	_	some	_	End=956.97	_	_	_	0-6(109)
426-0	PST211	426	426	0	[xxx	xxx	_	_	_	_	_	unknown	_	none	Syllables=3	Begin=955.799	_	_	_	0-3(109)
426-1	PST211	426	426	1	ti]	ti	_	_	_	_	_	linguistic	_	none	_	_	_	_	_	0-2(109)
426-2	PST211	426	426	2	aiuta	aiuta	_	_	_	_	_	linguistic	_	none	_	_	_	_	_	_
426-3	PST211	426	426	3	[xx]	xx	_	_	_	_	_	unknown	_	none	Syllables=2	End=957.784	_	_	_	0-2(110)
427-0	PST038	427	427	0	[mi]	mi	_	_	_	_	_	linguistic	_	none	_	Begin=957.31	_	_	_	0-2(110)
427-1	PST038	427	427	1	aiuta	aiuta	_	_	_	_	_	linguistic	_	none	_	End=958.22	_	_	_	_
428-0	PST038	428	428	0	però	però	_	_	_	_	_	linguistic	_	none	_	Begin=958.47	_	_	_	_
428-1	PST038	428	428	1	no	no	_	_	_	_	_	linguistic	_	none	ProsodicLink=Yes	_	_	_	_	_
428-2	PST038	428	428	2	no::	no	_	_	_	_	_	linguistic	_	none	_	_	1x2	_	_	_
428-3	PST038	428	428	3	diciamo	diciamo	_	_	_	_	_	linguistic	_	none	_	End=960.24	_	_	_	_
429-0	PST038	429	429	0	parlo	parlo	_	_	_	_	_	linguistic	_	none	_	Begin=960.78	_	_	_	_
429-1	PST038	429	429	1	per	per	_	_	_	_	_	linguistic	_	none	_	_	_	_	_	_
429-2	PST038	429	429	2	me	me	_	_	_	_	_	linguistic	_	none	_	End=961.77	_	_	_	_
430-0	PST038	430	430	0	adesso	adesso	_	_	_	_	_	linguistic	_	none	_	Begin=962.01	_	_	_	_
430-1	PST038	430	430	1	penso	penso	_	_	_	_	_	linguistic	_	none	_	_	_	_	_	_
430-2	PST038	430	430	2	che	che	_	_	_	_	_	linguistic	_	none	_	_	_	_	_	_
430-3	PST038	430	430	3	ci	ci	_	_	_	_	_	linguistic	_	none	_	_	_	_	_	_
430-4	PST038	430	430	4	sia	sia	_	_	_	_	_	linguistic	_	none	_	_	_	_	_	_
430-5	PST038	430	430	5	molta	molta	_	_	_	_	_	linguistic	_	none	_	_	_	_	_	_
430-6	PST038	430	430	6	problematica	problematica	_	_	_	_	_	linguistic	_	none	_	_	_	_	_	_
430-7	PST038	430	430	7	invece	invece	_	_	_	_	_	linguistic	_	none	_	_	_	_	_	_
430-8	PST038	430	430	8	con	con	_	_	_	_	_	linguistic	_	none	_	_	_	_	_	_
430-9	PST038	430	430	9	[delle	delle	_	_	_	_	_	linguistic	_	none	_	_	_	_	_	0-5(111)
430-10	PST038	430	430	10	per]sone	persone	_	_	_	_	_	linguistic	_	none	_	End=966.55	_	_	_	0-3(111)
431-0	PST211	431	431	0	[mh	mh	_	_	_	_	_	linguistic	_	none	ProsodicLink=Yes	Begin=965.24	_	_	_	0-2(111)
431-1	PST211	431	431	1	mh]	mh	_	_	_	_	_	linguistic	_	none	_	End=965.612	_	_	_	0-2(111)
432-0	PST038	432	432	0	perché:	perché	_	_	_	_	_	linguistic	_	none	_	Begin=966.94|End=967.74	5x1	_	_	_
433-0	PST038	433	433	0	le	le	_	_	_	_	_	linguistic	_	none	ProsodicLink=Yes	Begin=969.58	_	_	_	_
433-1	PST038	433	433	1	p~	p~	_	_	_	_	_	linguistic	_	none	Interrupted=Yes	End=969.89	_	_	_	_
434-0	PST038	434	434	0	io	io	_	_	_	_	_	linguistic	_	none	_	Begin=971.32	_	_	_	_
434-1	PST038	434	434	1	parlo	parlo	_	_	_	_	_	linguistic	_	none	_	_	_	_	_	_
434-2	PST038	434	434	2	a	a	_	_	_	_	_	linguistic	_	none	_	_	_	_	_	_
434-3	PST038	434	434	3	$nivello	nivello	_	_	_	_	_	linguistic	_	none	Orthography=Yes|Variation=Emerging	_	_	_	_	_
434-4	PST038	434	434	4	mio	mio	_	_	_	_	_	linguistic	_	none	_	_	_	_	_	_
434-5	PST038	434	434	5	[e:h]	eh	_	_	_	_	_	linguistic	_	none	_	End=972.94	0x1	_	_	0-2(112)
435-0	PST211	435	435	0	[mh]	mh	_	_	_	_	_	linguistic	_	none	ProsodicLink=Yes	Begin=972.769	_	_	_	0-2(112)
435-1	PST211	435	435	1	[mh]	mh	_	_	_	_	_	linguistic	_	none	_	End=973.255	_	_	_	0-2(113)
436-0	PST038	436	436	0	[a	a	_	_	_	_	_	linguistic	_	none	_	Begin=973.02	_	_	_	0-1(113)
436-1	PST038	436	436	1	$niv]ello::	nivello	_	_	_	_	_	linguistic	_	none	Orthography=Yes|Variation=Emerging	End=974.05	6x2	_	_	0-4(113)
437-0	PST038	437	437	0	di	di	_	_	_	_	_	linguistic	_	none	_	Begin=974.43	_	_	_	_
437-1	PST038	437	437	1	immigrazio:ne	immigrazione	_	_	_	_	_	linguistic	_	none	_	End=975.66	9x1	_	_	_
438-0	PST038	438	438	0	#de:	de	_	_	_	_	_	linguistic	_	all	Language=NO_ISO_CODE|Variation=Token	Begin=975.87|End=976.25	1x1	_	_	_
439-0	PST038	439	439	0	latino	latino	_	_	_	_	_	linguistic	_	none	_	Begin=976.42	_	_	_	_
439-1	PST038	439	439	1	america	america	_	_	_	_	_	linguistic	_	none	_	_	_	_	_	_
439-2	PST038	439	439	2	nelle	nelle	_	_	_	_	_	linguistic	_	none	_	_	_	_	_	_
439-3	PST038	439	439	3	prime:	prime	_	_	_	_	_	linguistic	_	none	_	_	4x1	_	_	_
439-4	PST038	439	439	4	anni	anni	_	_	_	_	_	linguistic	_	none	_	_	_	_	_	_
439-5	PST038	439	439	5	novanta:	novanta	_	_	_	_	_	linguistic	_	none	_	End=979.7415	6x1	_	_	_
440-0	PST211	440	440	0	mh	mh	_	_	_	_	_	linguistic	_	none	ProsodicLink=Yes	Begin=979.7415	_	_	_	_
440-1	PST211	440	440	1	mh	mh	_	_	_	_	_	linguistic	_	none	_	End=980.117	_	_	_	_
441-0	PST038	441	441	0	dove	dove	_	_	_	_	_	linguistic	_	none	_	Begin=980.21	_	_	_	_
441-1	PST038	441	441	1	c'	c'	_	_	_	_	_	linguistic	_	none	SpaceAfter=No	_	_	_	_	_
441-2	PST038	441	441	2	è	è	_	_	_	_	_	linguistic	_	none	_	_	_	_	_	_
441-3	PST038	441	441	3	stata	stata	_	_	_	_	_	linguistic	_	none	_	_	_	_	_	_
441-4	PST038	441	441	4	un'	un'	_	_	_	_	_	linguistic	_	none	SpaceAfter=No	_	_	_	_	_
441-5	PST038	441	441	5	immigrazione	immigrazione	_	_	_	_	_	linguistic	_	none	_	_	_	_	_	_
441-6	PST038	441	441	6	de::l	del	_	_	_	_	_	linguistic	_	none	_	_	1x2	_	_	_
441-7	PST038	441	441	7	ceto	ceto	_	_	_	_	_	linguistic	_	none	_	_	_	_	_	_
441-8	PST038	441	441	8	medio	medio	_	_	_	_	_	linguistic	_	none	_	End=983.32	_	_	_	_
442-0	PST211	442	442	0	mh	mh	_	_	_	_	_	linguistic	_	none	ProsodicLink=Yes	Begin=983.4	_	_	_	_
442-1	PST211	442	442	1	mh	mh	_	_	_	_	_	linguistic	_	none	_	End=983.779	_	_	_	_
443-0	PST038	443	443	0	dove	dove	_	_	_	_	_	linguistic	_	none	_	Begin=983.85	_	_	_	_
443-1	PST038	443	443	1	eravamo:	eravamo	_	_	_	_	_	linguistic	_	none	_	End=985.04	6x1	_	_	_
444-0	PST038	444	444	0	laurea:ti	laureati	_	_	_	_	_	linguistic	_	none	_	Begin=985.32	5x1	_	_	_
444-1	PST038	444	444	1	professiona:li	professionali	_	_	_	_	_	linguistic	_	none	_	End=987.42	10x1	_	_	_
445-0	PST211	445	445	0	tu	tu	_	_	_	_	_	linguistic	_	none	_	Begin=987.413	_	_	_	_
445-1	PST211	445	445	1	sei	sei	_	_	_	_	_	linguistic	_	none	_	_	_	_	_	_
445-2	PST211	445	445	2	[laureata]	laureata	_	_	_	_	_	linguistic	_	none	_	End=988.567	_	_	_	0-8(115)
446-0	PST038	446	446	0	[persone]	persone	_	_	_	_	_	linguistic	_	none	_	Begin=987.74|End=988.56	_	_	_	0-7(115)
447-0	PST038	447	447	0	sì	sì	_	_	_	_	_	linguistic	_	none	_	Begin=988.62	_	_	_	_
447-1	PST038	447	447	1	un	un	_	_	_	_	_	linguistic	_	none	_	_	_	_	_	_
447-2	PST038	447	447	2	certo:	certo	_	_	_	_	_	linguistic	_	none	_	_	4x1	_	_	_
447-3	PST038	447	447	3	$nivello	nivello	_	_	_	_	_	linguistic	_	none	Orthography=Yes|Variation=Emerging	End=990.81	_	_	_	_
448-0	PST038	448	448	0	abbiamo	abbiamo	_	_	_	_	_	linguistic	_	some	_	Begin=991.45	_	_	_	_
448-1	PST038	448	448	1	scappa:to	scappato	_	_	_	_	_	linguistic	_	some	_	_	5x1	_	_	_
448-2	PST038	448	448	2	#de	de	_	_	_	_	_	linguistic	_	some	Language=NO_ISO_CODE|Variation=Token	_	_	_	_	_
448-3	PST038	448	448	3	una	una	_	_	_	_	_	linguistic	_	some	_	_	_	_	_	_
448-4	PST038	448	448	4	dittatura	dittatura	_	_	_	_	_	linguistic	_	some	_	_	_	_	_	_
448-5	PST038	448	448	5	del	del	_	_	_	_	_	linguistic	_	some	_	_	_	_	_	_
448-6	PST038	448	448	6	terrorismo	terrorismo	_	_	_	_	_	linguistic	_	some	_	End=994.62	_	_	_	_
449-0	PST038	449	449	0	(lo)	lo	_	_	_	_	_	linguistic	_	none	_	Begin=994.93	_	_	0-2(0)	_
449-1	PST038	449	449	1	sai	sai	_	_	_	_	_	linguistic	_	none	_	_	_	_	_	_
449-2	PST038	449	449	2	no?	no	_	_	_	_	_	linguistic	_	none	Intonation=Rising	End=995.99	_	_	_	_
450-0	PST038	450	450	0	latino	latino	_	_	_	_	_	linguistic	_	none	_	Begin=996.3	_	_	_	_
450-1	PST038	450	450	1	america	america	_	_	_	_	_	linguistic	_	none	_	_	_	_	_	_
450-2	PST038	450	450	2	è	è	_	_	_	_	_	linguistic	_	none	_	_	_	_	_	_
450-3	PST038	450	450	3	$sconvulsiona:ta	sconvulsionata	_	_	_	_	_	linguistic	_	none	Orthography=Yes|Variation=Emerging	_	11x1	_	_	_
450-4	PST038	450	450	4	tutta	tutta	_	_	_	_	_	linguistic	_	none	_	_	_	_	_	_
450-5	PST038	450	450	5	la	la	_	_	_	_	_	linguistic	_	none	_	_	_	_	_	_
450-6	PST038	450	450	6	vita	vita	_	_	_	_	_	linguistic	_	none	_	_	_	_	_	_
450-7	PST038	450	450	7	°è	è	_	_	_	_	_	linguistic	_	none	Volume=low	_	_	_	_	_
450-8	PST038	450	450	8	stata	stata	_	_	_	_	_	linguistic	_	none	Volume=low	_	_	_	_	_
450-9	PST038	450	450	9	così°	così	_	_	_	_	_	linguistic	_	none	Volume=low	End=999.654	_	_	_	_
451-0	PST038	451	451	0	e::h	eh	_	_	_	_	_	linguistic	_	none	_	Begin=1000.392|End=1001.69	0x2	_	_	_
452-0	PST038	452	452	0	allora::	allora	_	_	_	_	_	linguistic	_	none	_	Begin=1001.976|End=1003.269	5x2	_	_	_
453-0	PST038	453	453	0	siamo	siamo	_	_	_	_	_	linguistic	_	none	_	Begin=1004.57|End=1005.067	_	_	_	_
454-0	PST038	454	454	0	ci	ci	_	_	_	_	_	linguistic	_	none	_	Begin=1005.19	_	_	_	_
454-1	PST038	454	454	1	siamo	siamo	_	_	_	_	_	linguistic	_	none	_	_	_	_	_	_
454-2	PST038	454	454	2	creati	creati	_	_	_	_	_	linguistic	_	none	_	_	_	_	_	_
454-3	PST038	454	454	3	que~	que~	_	_	_	_	_	linguistic	_	none	Interrupted=Yes	_	_	_	_	_
454-4	PST038	454	454	4	questo:	questo	_	_	_	_	_	linguistic	_	none	_	_	5x1	_	_	_
454-5	PST038	454	454	5	questa	questa	_	_	_	_	_	linguistic	_	none	_	_	_	_	_	_
454-6	PST038	454	454	6	posizione	posizione	_	_	_	_	_	linguistic	_	none	_	_	_	_	_	_
454-7	PST038	454	454	7	diciamo	diciamo	_	_	_	_	_	linguistic	_	none	_	_	_	_	_	_
454-8	PST038	454	454	8	di	di	_	_	_	_	_	linguistic	_	none	_	_	_	_	_	_
454-9	PST038	454	454	9	che	che	_	_	_	_	_	linguistic	_	none	_	_	_	_	_	_
454-10	PST038	454	454	10	e::h	eh	_	_	_	_	_	linguistic	_	none	_	End=1010.315	0x2	_	_	_
455-0	PST038	455	455	0	incide	incide	_	_	_	_	_	linguistic	_	some	_	Begin=1010.57	_	_	_	_
455-1	PST038	455	455	1	molto	molto	_	_	_	_	_	linguistic	_	some	_	_	_	_	_	_
455-2	PST038	455	455	2	che	che	_	_	_	_	_	linguistic	_	some	_	_	_	_	_	_
455-3	PST038	455	455	3	tipo	tipo	_	_	_	_	_	linguistic	_	some	_	_	_	_	_	_
455-4	PST038	455	455	4	#de	de	_	_	_	_	_	linguistic	_	some	Language=NO_ISO_CODE|Variation=Token	_	_	_	_	_
455-5	PST038	455	455	5	persona	persona	_	_	_	_	_	linguistic	_	some	_	_	_	_	_	_
455-6	PST038	455	455	6	emigra	emigra	_	_	_	_	_	linguistic	_	some	_	End=1012.673	_	_	_	_
456-0	PST038	456	456	0	e	e	_	_	_	_	_	linguistic	_	none	_	Begin=1014.087	_	_	_	_
456-1	PST038	456	456	1	purtroppo::	purtroppo	_	_	_	_	_	linguistic	_	none	_	_	8x2	_	_	_
456-2	PST038	456	456	2	come	come	_	_	_	_	_	linguistic	_	none	_	_	_	_	_	_
456-3	PST038	456	456	3	in	in	_	_	_	_	_	linguistic	_	none	_	_	_	_	_	_
456-4	PST038	456	456	4	tutte	tutte	_	_	_	_	_	linguistic	_	none	_	_	_	_	_	_
456-5	PST038	456	456	5	le	le	_	_	_	_	_	linguistic	_	none	_	_	_	_	_	_
456-6	PST038	456	456	6	società:	società	_	_	_	_	_	linguistic	_	none	_	End=1016.618	6x1	_	_	_
457-0	PST038	457	457	0	adesso:	adesso	_	_	_	_	_	linguistic	_	none	_	Begin=1017.18	5x1	_	_	_
457-1	PST038	457	457	1	u:ltimo:	ultimo	_	_	_	_	_	linguistic	_	none	_	End=1018.793	0x1,5x1	_	_	_
458-0	PST038	458	458	0	e::	e	_	_	_	_	_	linguistic	_	none	_	Begin=1019.14	0x2	_	_	_
458-1	PST038	458	458	1	m:~	m~	_	_	_	_	_	linguistic	_	none	Interrupted=Yes	_	0x1	_	_	_
458-2	PST038	458	458	2	molta	molta	_	_	_	_	_	linguistic	_	none	_	_	_	_	_	_
458-3	PST038	458	458	3	mh	mh	_	_	_	_	_	linguistic	_	none	_	_	_	_	_	_
458-4	PST038	458	458	4	pers~	pers~	_	_	_	_	_	linguistic	_	none	Interrupted=Yes	_	_	_	_	_
458-5	PST038	458	458	5	mh	mh	_	_	_	_	_	linguistic	_	none	_	_	_	_	_	_
458-6	PST038	458	458	6	del	del	_	_	_	_	_	linguistic	_	none	_	_	_	_	_	_
458-7	PST038	458	458	7	latino	latino	_	_	_	_	_	linguistic	_	none	_	_	_	_	_	_
458-8	PST038	458	458	8	america	america	_	_	_	_	_	linguistic	_	none	_	_	_	_	_	_
458-9	PST038	458	458	9	d~	d~	_	_	_	_	_	linguistic	_	none	Interrupted=Yes	_	_	_	_	_
458-10	PST038	458	458	10	del	del	_	_	_	_	_	linguistic	_	none	_	_	_	_	_	_
458-11	PST038	458	458	11	mio	mio	_	_	_	_	_	linguistic	_	none	_	_	_	_	_	_
458-12	PST038	458	458	12	pa:ese	paese	_	_	_	_	_	linguistic	_	none	_	_	1x1	_	_	_
458-13	PST038	458	458	13	soprattutto	soprattutto	_	_	_	_	_	linguistic	_	none	_	_	_	_	_	_
458-14	PST038	458	458	14	molte	molte	_	_	_	_	_	linguistic	_	none	_	_	_	_	_	_
458-15	PST038	458	458	15	persone	persone	_	_	_	_	_	linguistic	_	none	_	_	_	_	_	_
458-16	PST038	458	458	16	che::	che	_	_	_	_	_	linguistic	_	none	_	_	2x2	_	_	_
458-17	PST038	458	458	17	per	per	_	_	_	_	_	linguistic	_	none	_	_	_	_	_	_
458-18	PST038	458	458	18	dire	dire	_	_	_	_	_	linguistic	_	none	_	_	_	_	_	_
458-19	PST038	458	458	19	là::	là	_	_	_	_	_	linguistic	_	none	_	_	1x2	_	_	_
458-20	PST038	458	458	20	hanno	hanno	_	_	_	_	_	linguistic	_	none	_	_	_	_	_	_
458-21	PST038	458	458	21	solo	solo	_	_	_	_	_	linguistic	_	none	_	_	_	_	_	_
458-22	PST038	458	458	22	la	la	_	_	_	_	_	linguistic	_	none	_	_	_	_	_	_
458-23	PST038	458	458	23	terza	terza	_	_	_	_	_	linguistic	_	none	_	_	_	_	_	_
458-24	PST038	458	458	24	me:dia	media	_	_	_	_	_	linguistic	_	none	_	End=1028.08	1x1	_	_	_
459-0	PST211	459	459	0	mh	mh	_	_	_	_	_	linguistic	_	none	ProsodicLink=Yes	Begin=1028.12	_	_	_	_
459-1	PST211	459	459	1	mh	mh	_	_	_	_	_	linguistic	_	none	_	End=1028.912	_	_	_	_
460-0	PST038	460	460	0	per	per	_	_	_	_	_	linguistic	_	none	_	Begin=1029.07	_	_	_	_
460-1	PST038	460	460	1	cui	cui	_	_	_	_	_	linguistic	_	none	_	_	_	_	_	_
460-2	PST038	460	460	2	quello	quello	_	_	_	_	_	linguistic	_	none	_	_	_	_	_	_
460-3	PST038	460	460	3	inci:de	incide	_	_	_	_	_	linguistic	_	none	_	_	3x1	_	_	_
460-4	PST038	460	460	4	anche	anche	_	_	_	_	_	linguistic	_	none	_	_	_	_	_	_
460-5	PST038	460	460	5	in	in	_	_	_	_	_	linguistic	_	none	_	_	_	_	_	_
460-6	PST038	460	460	6	una	una	_	_	_	_	_	linguistic	_	none	_	_	_	_	_	_
460-7	PST038	460	460	7	società	società	_	_	_	_	_	linguistic	_	none	_	_	_	_	_	_
460-8	PST038	460	460	8	perché	perché	_	_	_	_	_	linguistic	_	none	_	_	_	_	_	_
460-9	PST038	460	460	9	dipen[de	dipende	_	_	_	_	_	linguistic	_	none	_	_	_	_	_	5-7(116)
460-10	PST038	460	460	10	mol]to	molto	_	_	_	_	_	linguistic	_	none	_	_	_	_	_	0-3(116)
460-11	PST038	460	460	11	(chi)	chi	_	_	_	_	_	linguistic	_	none	_	_	_	_	0-3(0)	_
460-12	PST038	460	460	12	arriva	arriva	_	_	_	_	_	linguistic	_	none	_	End=1032.802	_	_	_	_
461-0	PST211	461	461	0	[sì]	sì	_	_	_	_	_	linguistic	_	none	_	Begin=1031.526|End=1031.799	_	_	_	0-2(116)
462-0	PST038	462	462	0	(#quien)	quien	_	_	_	_	_	linguistic	_	some	Language=NO_ISO_CODE|Variation=Token	Begin=1033.031	_	_	0-6(0)	_
462-1	PST038	462	462	1	arriva	arriva	_	_	_	_	_	linguistic	_	some	_	_	_	_	_	_
462-2	PST038	462	462	2	è::	è	_	_	_	_	_	linguistic	_	some	_	End=1034.942	0x2	_	_	_
463-0	PST038	463	463	0	da	da	_	_	_	_	_	linguistic	_	some	_	Begin=1035.48	_	_	_	_
463-1	PST038	463	463	1	noi	noi	_	_	_	_	_	linguistic	_	some	_	_	_	_	_	_
463-2	PST038	463	463	2	non	non	_	_	_	_	_	linguistic	_	some	_	_	_	_	_	_
463-3	PST038	463	463	3	so	so	_	_	_	_	_	linguistic	_	some	_	_	_	_	_	_
463-4	PST038	463	463	4	se	se	_	_	_	_	_	linguistic	_	some	_	_	_	_	_	_
463-5	PST038	463	463	5	in	in	_	_	_	_	_	linguistic	_	some	_	_	_	_	_	_
463-6	PST038	463	463	6	italiano	italiano	_	_	_	_	_	linguistic	_	some	_	_	_	_	_	_
463-7	PST038	463	463	7	#como	como	_	_	_	_	_	linguistic	_	some	Language=NO_ISO_CODE|Variation=Token	_	_	_	_	_
463-8	PST038	463	463	8	se	se	_	_	_	_	_	linguistic	_	some	_	_	_	_	_	_
463-9	PST038	463	463	9	dice	dice	_	_	_	_	_	linguistic	_	some	_	End=1038.004	_	_	_	_
464-0	PST038	464	464	0	o	o	_	_	_	_	_	linguistic	_	all	Language=NO_ISO_CODE	Begin=1038.18	_	_	_	_
464-1	PST038	464	464	1	sumas	sumas	_	_	_	_	_	linguistic	_	all	Language=NO_ISO_CODE	_	_	_	_	_
464-2	PST038	464	464	2			_	_	_	_	_	linguistic	_	all	Language=NO_ISO_CODE	_	_	_	_	_
464-3	PST038	464	464	3	o	o	_	_	_	_	_	linguistic	_	all	Language=NO_ISO_CODE	_	_	_	_	_
464-4	PST038	464	464	4	restas	restas	_	_	_	_	_	linguistic	_	all	Language=NO_ISO_CODE	End=1040.175	_	_	_	_
466-0	PST211	466	466	0	mh	mh	_	_	_	_	_	linguistic	_	none	ProsodicLink=Yes	Begin=1040.226	_	_	_	_
466-1	PST211	466	466	1	mh	mh	_	_	_	_	_	linguistic	_	none	_	End=1040.911	_	_	_	_
467-0	PST038	467	467	0	sa:	sa	_	_	_	_	_	linguistic	_	none	_	Begin=1041.01	1x1	_	_	_
467-1	PST038	467	467	1	se	se	_	_	_	_	_	linguistic	_	none	_	_	_	_	_	_
467-2	PST038	467	467	2	fai	fai	_	_	_	_	_	linguistic	_	none	_	_	_	_	_	_
467-3	PST038	467	467	3	solo	solo	_	_	_	_	_	linguistic	_	none	_	_	_	_	_	_
467-4	PST038	467	467	4	numero	numero	_	_	_	_	_	linguistic	_	none	_	_	_	_	_	_
467-5	PST038	467	467	5	così	così	_	_	_	_	_	linguistic	_	none	_	_	_	_	_	_
467-6	PST038	467	467	6	o::	o	_	_	_	_	_	linguistic	_	none	_	_	0x2	_	_	_
467-7	PST038	467	467	7	sei:	sei	_	_	_	_	_	linguistic	_	none	_	End=1044.869	2x1	_	_	_
469-0	PST038	469	469	0	u~	u~	_	_	_	_	_	linguistic	_	none	Interrupted=Yes	Begin=1045.09	_	_	_	_
469-1	PST038	469	469	1	u~	u~	_	_	_	_	_	linguistic	_	none	Interrupted=Yes	_	_	_	_	_
469-2	PST038	469	469	2	un	un	_	_	_	_	_	linguistic	_	none	_	_	_	_	_	_
469-3	PST038	469	469	3	elemento	elemento	_	_	_	_	_	linguistic	_	none	_	_	_	_	_	_
469-4	PST038	469	469	4	positivo	positivo	_	_	_	_	_	linguistic	_	none	_	_	_	_	_	_
469-5	PST038	469	469	5	lì	lì	_	_	_	_	_	linguistic	_	none	_	_	_	_	_	_
469-6	PST038	469	469	6	no	no	_	_	_	_	_	linguistic	_	none	_	_	_	_	_	_
469-7	PST038	469	469	7	a~	a~	_	_	_	_	_	linguistic	_	none	Interrupted=Yes	_	_	_	_	_
469-8	PST038	469	469	8	a~	a~	_	_	_	_	_	linguistic	_	none	Interrupted=Yes	_	_	_	_	_
469-9	PST038	469	469	9	a	a	_	_	_	_	_	linguistic	_	none	_	_	_	_	_	_
469-10	PST038	469	469	10	dove	dove	_	_	_	_	_	linguistic	_	none	_	_	_	_	_	_
469-11	PST038	469	469	11	formi	formi	_	_	_	_	_	linguistic	_	none	_	_	_	_	_	_
469-12	PST038	469	469	12	parte	parte	_	_	_	_	_	linguistic	_	none	_	End=1049.773	_	_	_	_
470-0	PST038	470	470	0	non	non	_	_	_	_	_	linguistic	_	none	_	Begin=1050.006	_	_	_	_
470-1	PST038	470	470	1	importa	importa	_	_	_	_	_	linguistic	_	none	_	_	_	_	_	_
470-2	PST038	470	470	2	se	se	_	_	_	_	_	linguistic	_	none	_	_	_	_	_	_
470-3	PST038	470	470	3	sei	sei	_	_	_	_	_	linguistic	_	none	_	End=1051.4	_	_	_	_
471-0	PST038	471	471	0	inserita	inserita	_	_	_	_	_	linguistic	_	some	_	Begin=1051.59	_	_	_	_
471-1	PST038	471	471	1	o	o	_	_	_	_	_	linguistic	_	some	_	_	_	_	_	_
471-2	PST038	471	471	2	me:no	meno	_	_	_	_	_	linguistic	_	some	_	_	1x1	_	_	_
471-3	PST038	471	471	3	o	o	_	_	_	_	_	linguistic	_	some	_	_	_	_	_	_
471-4	PST038	471	471	4	[#sea]	sea	_	_	_	_	_	linguistic	_	some	Language=NO_ISO_CODE|Variation=Token	_	_	_	_	0-4(117)
471-5	PST038	471	471	5	non	non	_	_	_	_	_	linguistic	_	some	_	_	_	_	_	_
471-6	PST038	471	471	6	importa	importa	_	_	_	_	_	linguistic	_	some	_	_	_	_	_	_
471-7	PST038	471	471	7	se	se	_	_	_	_	_	linguistic	_	some	_	_	_	_	_	_
471-8	PST038	471	471	8	te:	te	_	_	_	_	_	linguistic	_	some	_	End=1054.899	1x1	_	_	_
473-0	PST211	473	473	0	[certo]	certo	_	_	_	_	_	linguistic	_	none	_	Begin=1052.934|End=1053.417	_	_	_	0-5(117)
474-0	PST038	474	474	0	se	se	_	_	_	_	_	linguistic	_	some	_	Begin=1055.26	_	_	_	_
474-1	PST038	474	474	1	#*te::	te	_	_	_	_	_	linguistic	_	some	Language=NO_ISO_CODE|Variation=Doubtful	_	1x2	_	_	_
474-2	PST038	474	474	2	calcolano	calcolano	_	_	_	_	_	linguistic	_	some	_	_	_	_	_	_
474-3	PST038	474	474	3	o	o	_	_	_	_	_	linguistic	_	some	_	_	_	_	_	_
474-4	PST038	474	474	4	meno	meno	_	_	_	_	_	linguistic	_	some	_	_	_	_	_	_
474-5	PST038	474	474	5	o	o	_	_	_	_	_	linguistic	_	some	_	_	_	_	_	_
474-6	PST038	474	474	6	se	se	_	_	_	_	_	linguistic	_	some	_	_	_	_	_	_
474-7	PST038	474	474	7	#*te	te	_	_	_	_	_	linguistic	_	some	Language=NO_ISO_CODE|Variation=Doubtful	_	_	_	_	_
474-8	PST038	474	474	8	guardano	guardano	_	_	_	_	_	linguistic	_	some	_	_	_	_	_	_
474-9	PST038	474	474	9	#de	de	_	_	_	_	_	linguistic	_	some	Language=NO_ISO_CODE|Variation=Token	_	_	_	_	_
474-10	PST038	474	474	10	extra	extra	_	_	_	_	_	linguistic	_	some	_	_	_	_	_	_
474-11	PST038	474	474	11	comunita:ria	comunitaria	_	_	_	_	_	linguistic	_	some	_	End=1059.799	7x1	_	_	_
475-0	PST211	475	475	0	mh	mh	_	_	_	_	_	linguistic	_	none	ProsodicLink=Yes	Begin=1059.799	_	_	_	_
475-1	PST211	475	475	1	mh	mh	_	_	_	_	_	linguistic	_	none	_	End=1060.482	_	_	_	_
476-0	PST038	476	476	0	perché	perché	_	_	_	_	_	linguistic	_	none	_	Begin=1060.557	_	_	_	_
476-1	PST038	476	476	1	comunque:	comunque	_	_	_	_	_	linguistic	_	none	_	End=1061.852	7x1	_	_	_
477-0	PST038	477	477	0	sai	sai	_	_	_	_	_	linguistic	_	none	_	Begin=1062.26	_	_	_	_
477-1	PST038	477	477	1	cosa	cosa	_	_	_	_	_	linguistic	_	none	_	_	_	_	_	_
477-2	PST038	477	477	2	succede	succede	_	_	_	_	_	linguistic	_	none	_	_	_	_	_	_
477-3	PST038	477	477	3	che	che	_	_	_	_	_	linguistic	_	none	_	_	_	_	_	_
477-4	PST038	477	477	4	quando	quando	_	_	_	_	_	linguistic	_	none	_	_	_	_	_	_
477-5	PST038	477	477	5	si	si	_	_	_	_	_	linguistic	_	none	_	_	_	_	_	_
477-6	PST038	477	477	6	immi:gra	immigra	_	_	_	_	_	linguistic	_	none	_	End=1064.431	3x1	_	_	_
478-0	PST038	478	478	0	si	si	_	_	_	_	_	linguistic	_	none	_	Begin=1064.84	_	_	_	_
478-1	PST038	478	478	1	perde	perde	_	_	_	_	_	linguistic	_	none	_	_	_	_	_	_
478-2	PST038	478	478	2	quello	quello	_	_	_	_	_	linguistic	_	none	_	_	_	_	_	_
478-3	PST038	478	478	3	che	che	_	_	_	_	_	linguistic	_	none	_	_	_	_	_	_
478-4	PST038	478	478	4	hai	hai	_	_	_	_	_	linguistic	_	none	_	_	_	_	_	_
478-5	PST038	478	478	5	là	là	_	_	_	_	_	linguistic	_	none	_	End=1066.329	_	_	_	_
479-0	PST211	479	479	0	mh	mh	_	_	_	_	_	linguistic	_	none	_	Begin=1066.334|End=1066.66	_	_	_	_
480-0	PST038	480	480	0	ma	ma	_	_	_	_	_	linguistic	_	none	_	Begin=1066.673	_	_	_	_
480-1	PST038	480	480	1	non	non	_	_	_	_	_	linguistic	_	none	_	_	_	_	_	_
480-2	PST038	480	480	2	sei	sei	_	_	_	_	_	linguistic	_	none	_	_	_	_	_	_
480-3	PST038	480	480	3	più	più	_	_	_	_	_	linguistic	_	none	_	_	_	_	_	_
480-4	PST038	480	480	4	niente	niente	_	_	_	_	_	linguistic	_	none	_	_	_	_	_	_
480-5	PST038	480	480	5	di	di	_	_	_	_	_	linguistic	_	none	_	_	_	_	_	_
480-6	PST038	480	480	6	qua	qua	_	_	_	_	_	linguistic	_	none	_	End=1068.16	_	_	_	_
481-0	PST211	481	481	0	mh	mh	_	_	_	_	_	linguistic	_	none	_	Begin=1068.239|End=1068.593	_	_	_	_
482-0	PST038	482	482	0	io	io	_	_	_	_	_	linguistic	_	none	_	Begin=1068.63	_	_	_	_
482-1	PST038	482	482	1	ho	ho	_	_	_	_	_	linguistic	_	none	_	_	_	_	_	_
482-2	PST038	482	482	2	la	la	_	_	_	_	_	linguistic	_	none	_	_	_	_	_	_
482-3	PST038	482	482	3	cittadina:nza	cittadinanza	_	_	_	_	_	linguistic	_	none	_	_	8x1	_	_	_
482-4	PST038	482	482	4	ma	ma	_	_	_	_	_	linguistic	_	none	_	_	_	_	_	_
482-5	PST038	482	482	5	non	non	_	_	_	_	_	linguistic	_	none	_	_	_	_	_	_
482-6	PST038	482	482	6	mi	mi	_	_	_	_	_	linguistic	_	none	_	_	_	_	_	_
482-7	PST038	482	482	7	considero	considero	_	_	_	_	_	linguistic	_	none	_	_	_	_	_	_
482-8	PST038	482	482	8	italiana:	italiana	_	_	_	_	_	linguistic	_	none	_	End=1072.078	7x1	_	_	_
483-0	PST038	483	483	0	#porque	porque	_	_	_	_	_	linguistic	_	some	Language=NO_ISO_CODE|Variation=Token	Begin=1074.202	_	_	_	_
483-1	PST038	483	483	1	#*no	no	_	_	_	_	_	linguistic	_	some	Language=NO_ISO_CODE|Variation=Doubtful	_	_	_	_	_
483-2	PST038	483	483	2	non	non	_	_	_	_	_	linguistic	_	some	_	_	_	_	_	_
483-3	PST038	483	483	3	mi	mi	_	_	_	_	_	linguistic	_	some	_	_	_	_	_	_
483-4	PST038	483	483	4	sento	sento	_	_	_	_	_	linguistic	_	some	_	_	_	_	_	_
483-5	PST038	483	483	5	così.	così	_	_	_	_	_	linguistic	_	some	Intonation=Falling	End=1076.728	_	_	_	_
484-0	PST038	484	484	0	mi	mi	_	_	_	_	_	linguistic	_	none	_	Begin=1077.571	_	_	_	_
484-1	PST038	484	484	1	se:nto	sento	_	_	_	_	_	linguistic	_	none	_	_	1x1	_	_	_
484-2	PST038	484	484	2	per	per	_	_	_	_	_	linguistic	_	none	_	_	_	_	_	_
484-3	PST038	484	484	3	mio	mio	_	_	_	_	_	linguistic	_	none	_	_	_	_	_	_
484-4	PST038	484	484	4	fi:glio:	figlio	_	_	_	_	_	linguistic	_	none	_	_	1x1,5x1	_	_	_
484-5	PST038	484	484	5	e	e	_	_	_	_	_	linguistic	_	none	_	_	_	_	_	_
484-6	PST038	484	484	6	per	per	_	_	_	_	_	linguistic	_	none	_	_	_	_	_	_
484-7	PST038	484	484	7	quattro	quattro	_	_	_	_	_	linguistic	_	none	_	_	_	_	_	_
484-8	PST038	484	484	8	amici	amici	_	_	_	_	_	linguistic	_	none	_	_	_	_	_	_
484-9	PST038	484	484	9	italiani	italiani	_	_	_	_	_	linguistic	_	none	_	_	_	_	_	_
484-10	PST038	484	484	10	che	che	_	_	_	_	_	linguistic	_	none	_	_	_	_	_	_
484-11	PST038	484	484	11	ho:,	ho	_	_	_	_	_	linguistic	_	none	Intonation=WeaklyRising	End=1080.805	1x1	_	_	_
485-0	PST211	485	485	0	mh	mh	_	_	_	_	_	linguistic	_	none	ProsodicLink=Yes	Begin=1080.854	_	_	_	_
485-1	PST211	485	485	1	mh	mh	_	_	_	_	_	linguistic	_	none	_	End=1081.173	_	_	_	_
486-0	PST038	486	486	0	ma	ma	_	_	_	_	_	linguistic	_	none	_	Begin=1081.19	_	_	_	_
486-1	PST038	486	486	1	per	per	_	_	_	_	_	linguistic	_	none	_	_	_	_	_	_
486-2	PST038	486	486	2	quello	quello	_	_	_	_	_	linguistic	_	none	_	_	_	_	_	_
486-3	PST038	486	486	3	no:	no	_	_	_	_	_	linguistic	_	none	_	_	1x1	_	_	_
486-4	PST038	486	486	4	finché	finché	_	_	_	_	_	linguistic	_	none	_	_	_	_	_	_
486-5	PST038	486	486	5	no:n	non	_	_	_	_	_	linguistic	_	none	_	End=1083.293	1x1	_	_	_
487-0	PST038	487	487	0	finché	finché	_	_	_	_	_	linguistic	_	none	_	Begin=1084.02	_	_	_	_
487-1	PST038	487	487	1	no:n:	non	_	_	_	_	_	linguistic	_	none	_	End=1085.529	1x1,2x1	_	_	_
488-0	PST038	488	488	0	non	non	_	_	_	_	_	linguistic	_	none	_	Begin=1086.39	_	_	_	_
488-1	PST038	488	488	1	ti	ti	_	_	_	_	_	linguistic	_	none	_	_	_	_	_	_
488-2	PST038	488	488	2	trattano	trattano	_	_	_	_	_	linguistic	_	none	PauseAfter=Yes	_	_	_	_	_
488-3	PST038	488	488	3	{P}	{P}	_	_	_	_	_	shortpause	_	none	_	_	_	_	_	_
488-4	PST038	488	488	4	finché	finché	_	_	_	_	_	linguistic	_	none	_	_	_	_	_	_
488-5	PST038	488	488	5	non	non	_	_	_	_	_	linguistic	_	none	_	_	_	_	_	_
488-6	PST038	488	488	6	sai:	sai	_	_	_	_	_	linguistic	_	none	_	_	2x1	_	_	_
488-7	PST038	488	488	7	maga:ri	magari	_	_	_	_	_	linguistic	_	none	_	_	3x1	_	_	_
488-8	PST038	488	488	8	no	no	_	_	_	_	_	linguistic	_	none	_	End=1089.533	_	_	_	_
489-0	PST038	489	489	0	e::h	eh	_	_	_	_	_	linguistic	_	none	_	Begin=1090.32|End=1091.345	0x2	_	_	_
490-0	PST038	490	490	0	però	però	_	_	_	_	_	linguistic	_	some	_	Begin=1092.679	_	_	_	_
490-1	PST038	490	490	1	dipende	dipende	_	_	_	_	_	linguistic	_	some	_	_	_	_	_	_
490-2	PST038	490	490	2	#quién	quién	_	_	_	_	_	linguistic	_	some	Language=NO_ISO_CODE|Variation=Token	_	_	_	_	_
490-3	PST038	490	490	3	si	si	_	_	_	_	_	linguistic	_	some	_	_	_	_	_	_
490-4	PST038	490	490	4	fa	fa	_	_	_	_	_	linguistic	_	some	_	_	_	_	_	_
490-5	PST038	490	490	5	senitre	senitre	_	_	_	_	_	linguistic	_	some	_	_	_	_	_	_
490-6	PST038	490	490	6	ma:le	male	_	_	_	_	_	linguistic	_	some	_	_	1x1	_	_	_
490-7	PST038	490	490	7	si	si	_	_	_	_	_	linguistic	_	some	_	_	_	_	_	_
490-8	PST038	490	490	8	fa	fa	_	_	_	_	_	linguistic	_	some	_	_	_	_	_	_
490-9	PST038	490	490	9	venire	venire	_	_	_	_	_	linguistic	_	some	_	_	_	_	_	_
490-10	PST038	490	490	10	la	la	_	_	_	_	_	linguistic	_	some	_	_	_	_	_	_
490-11	PST038	490	490	11	depre[ssio:ne]	depressione	_	_	_	_	_	linguistic	_	some	_	_	8x1	_	_	5-11(118)
490-12	PST038	490	490	12	#quién	quién	_	_	_	_	_	linguistic	_	some	Language=NO_ISO_CODE|Variation=Token	_	_	_	_	_
490-13	PST038	490	490	13	si	si	_	_	_	_	_	linguistic	_	some	_	_	_	_	_	_
490-14	PST038	490	490	14	scivola	scivola	_	_	_	_	_	linguistic	_	some	_	_	_	_	_	_
490-15	PST038	490	490	15	tu:tto	tutto	_	_	_	_	_	linguistic	_	some	_	_	1x1	_	_	_
490-16	PST038	490	490	16	e	e	_	_	_	_	_	linguistic	_	some	_	_	_	_	_	_
490-17	PST038	490	490	17	vai	vai	_	_	_	_	_	linguistic	_	some	_	_	_	_	_	_
490-18	PST038	490	490	18	avanti	avanti	_	_	_	_	_	linguistic	_	some	_	_	_	_	_	_
490-19	PST038	490	490	19	nella	nella	_	_	_	_	_	linguistic	_	some	_	_	_	_	_	_
490-20	PST038	490	490	20	vi:ta::	vita	_	_	_	_	_	linguistic	_	some	_	_	1x1,3x2	_	_	_
490-21	PST038	490	490	21	[poi	poi	_	_	_	_	_	linguistic	_	some	_	_	_	_	_	0-3(119)
490-22	PST038	490	490	22	(d'	d'	_	_	_	_	_	linguistic	_	some	SpaceAfter=No	_	_	_	0-2(0)	0-2(119)
490-23	PST038	490	490	23	)altro]nde	altronde	_	_	_	_	_	linguistic	_	some	_	_	_	_	_	0-5(119)
490-24	PST038	490	490	24	perché	perché	_	_	_	_	_	linguistic	_	some	_	_	_	_	_	_
490-25	PST038	490	490	25	ho	ho	_	_	_	_	_	linguistic	_	some	_	_	_	_	_	_
490-26	PST038	490	490	26	visto	visto	_	_	_	_	_	linguistic	_	some	_	_	_	_	_	_
490-27	PST038	490	490	27	che::	che	_	_	_	_	_	linguistic	_	some	_	End=1100.908	2x2	_	_	_
491-0	PST211	491	491	0	[sì:]	sì	_	_	_	_	_	linguistic	_	none	_	Begin=1095.303|End=1095.643	1x1	_	_	0-2(118)
492-0	PST211	492	492	0	[certo]	certo	_	_	_	_	_	linguistic	_	none	_	Begin=1098.603|End=1099.003	_	_	_	0-5(119)
493-0	PST038	493	493	0	a	a	_	_	_	_	_	linguistic	_	none	_	Begin=1102.49	_	_	_	_
493-1	PST038	493	493	1	me	me	_	_	_	_	_	linguistic	_	none	_	_	_	_	_	_
493-2	PST038	493	493	2	dispia:ce	dispiace	_	_	_	_	_	linguistic	_	none	_	_	5x1	_	_	_
493-3	PST038	493	493	3	dirlo:	dirlo	_	_	_	_	_	linguistic	_	none	_	_	4x1	_	_	_
493-4	PST038	493	493	4	ma::	ma	_	_	_	_	_	linguistic	_	none	_	_	1x2	_	_	_
493-5	PST038	493	493	5	è	è	_	_	_	_	_	linguistic	_	none	_	_	_	_	_	_
493-6	PST038	493	493	6	già	già	_	_	_	_	_	linguistic	_	none	_	_	_	_	_	_
493-7	PST038	493	493	7	la	la	_	_	_	_	_	linguistic	_	none	_	_	_	_	_	_
493-8	PST038	493	493	8	italia	italia	_	_	_	_	_	linguistic	_	none	_	_	_	_	_	_
493-9	PST038	493	493	9	è	è	_	_	_	_	_	linguistic	_	none	_	_	_	_	_	_
493-10	PST038	493	493	10	così,	così	_	_	_	_	_	linguistic	_	none	Intonation=WeaklyRising	End=1105.747	_	_	_	_
494-0	PST211	494	494	0	mh	mh	_	_	_	_	_	linguistic	_	none	ProsodicLink=Yes	Begin=1105.84	_	_	_	_
494-1	PST211	494	494	1	mh	mh	_	_	_	_	_	linguistic	_	none	_	End=1106.414	_	_	_	_
495-0	PST038	495	495	0	tra	tra	_	_	_	_	_	linguistic	_	none	_	Begin=1106.62	_	_	_	_
495-1	PST038	495	495	1	nord	nord	_	_	_	_	_	linguistic	_	none	_	_	_	_	_	_
495-2	PST038	495	495	2	e	e	_	_	_	_	_	linguistic	_	none	_	_	_	_	_	_
495-3	PST038	495	495	3	sud	sud	_	_	_	_	_	linguistic	_	none	_	_	_	_	_	_
495-4	PST038	495	495	4	tra	tra	_	_	_	_	_	linguistic	_	none	_	_	_	_	_	_
495-5	PST038	495	495	5	tutte	tutte	_	_	_	_	_	linguistic	_	none	_	_	_	_	_	_
495-6	PST038	495	495	6	quelle	quelle	_	_	_	_	_	linguistic	_	none	_	_	_	_	_	_
495-7	PST038	495	495	7	poi	poi	_	_	_	_	_	linguistic	_	none	_	_	_	_	_	_
495-8	PST038	495	495	8	non	non	_	_	_	_	_	linguistic	_	none	_	_	_	_	_	_
495-9	PST038	495	495	9	voglio	voglio	_	_	_	_	_	linguistic	_	none	_	_	_	_	_	_
495-10	PST038	495	495	10	entrare	entrare	_	_	_	_	_	linguistic	_	none	_	_	_	_	_	_
495-11	PST038	495	495	11	più	più	_	_	_	_	_	linguistic	_	none	_	_	_	_	_	_
495-12	PST038	495	495	12	in	in	_	_	_	_	_	linguistic	_	none	_	_	_	_	_	_
495-13	PST038	495	495	13	queste	queste	_	_	_	_	_	linguistic	_	none	_	_	_	_	_	_
495-14	PST038	495	495	14	cose	cose	_	_	_	_	_	linguistic	_	none	_	_	_	_	_	_
495-15	PST038	495	495	15	qui	qui	_	_	_	_	_	linguistic	_	none	_	_	_	_	_	_
495-16	PST038	495	495	16	ma::	ma	_	_	_	_	_	linguistic	_	none	_	End=1111.295	1x2	_	_	_
496-0	PST038	496	496	0	purtroppo	purtroppo	_	_	_	_	_	linguistic	_	none	_	Begin=1111.552	_	_	_	_
496-1	PST038	496	496	1	è	è	_	_	_	_	_	linguistic	_	none	_	_	_	_	_	_
496-2	PST038	496	496	2	così	così	_	_	_	_	_	linguistic	_	none	_	_	_	_	_	_
496-3	PST038	496	496	3	°insomma°	insomma	_	_	_	_	_	linguistic	_	none	Volume=low	_	_	_	_	_
496-4	PST038	496	496	4	nostri	nostri	_	_	_	_	_	linguistic	_	none	_	_	_	_	_	_
496-5	PST038	496	496	5	proprio::	proprio	_	_	_	_	_	linguistic	_	none	_	End=1115.02	6x2	_	_	_
497-0	PST038	497	497	0	e	e	_	_	_	_	_	linguistic	_	none	_	Begin=1115.95	_	_	_	_
497-1	PST038	497	497	1	questa	questa	_	_	_	_	_	linguistic	_	none	_	_	_	_	_	_
497-2	PST038	497	497	2	è	è	_	_	_	_	_	linguistic	_	none	_	_	_	_	_	_
497-3	PST038	497	497	3	la	la	_	_	_	_	_	linguistic	_	none	_	_	_	_	_	_
497-4	PST038	497	497	4	mia::	mia	_	_	_	_	_	linguistic	_	none	_	End=1117.346	2x2	_	_	_
498-0	PST038	498	498	0	critica::	critica	_	_	_	_	_	linguistic	_	some	_	Begin=1118.32	6x2	_	_	_
498-1	PST038	498	498	1	#de	de	_	_	_	_	_	linguistic	_	some	Language=NO_ISO_CODE|Variation=Token	End=1119.732	_	_	_	_
499-0	PST038	499	499	0	#de	de	_	_	_	_	_	linguistic	_	some	Language=NO_ISO_CODE|Variation=Token	Begin=1119.99	_	_	_	_
499-1	PST038	499	499	1	$Estraniera	estraniera	_	_	_	_	_	linguistic	_	some	Orthography=Yes|Volume=high|Variation=Emerging	_	_	_	_	_
499-2	PST038	499	499	2	e	e	_	_	_	_	_	linguistic	_	some	_	_	_	_	_	_
499-3	PST038	499	499	3	[#como	como	_	_	_	_	_	linguistic	_	some	Language=NO_ISO_CODE|Variation=Token	_	_	_	_	0-5(120)
499-4	PST038	499	499	4	vedo]	vedo	_	_	_	_	_	linguistic	_	some	_	_	_	_	_	0-4(120)
499-5	PST038	499	499	5	la	la	_	_	_	_	_	linguistic	_	some	_	_	_	_	_	_
499-6	PST038	499	499	6	società	società	_	_	_	_	_	linguistic	_	some	_	_	_	_	_	_
499-7	PST038	499	499	7	de:ntro	dentro	_	_	_	_	_	linguistic	_	some	_	End=1122.987	1x1	_	_	_
500-0	PST211	500	500	0	[certo]	certo	_	_	_	_	_	linguistic	_	none	_	Begin=1121.307|End=1121.995	_	_	_	0-5(120)
501-0	PST211	501	501	0	sì	sì	_	_	_	_	_	linguistic	_	none	ProsodicLink=Yes	Begin=1123.08	_	_	_	_
501-1	PST211	501	501	1	sì	sì	_	_	_	_	_	linguistic	_	none	_	End=1123.653	_	_	_	_
502-0	PST038	502	502	0	e:	e	_	_	_	_	_	linguistic	_	some	_	Begin=1123.68	0x1	_	_	_
502-1	PST038	502	502	1	io	io	_	_	_	_	_	linguistic	_	some	_	_	_	_	_	_
502-2	PST038	502	502	2	non	non	_	_	_	_	_	linguistic	_	some	_	_	_	_	_	_
502-3	PST038	502	502	3	mi	mi	_	_	_	_	_	linguistic	_	some	_	_	_	_	_	_
502-4	PST038	502	502	4	posso	posso	_	_	_	_	_	linguistic	_	some	_	_	_	_	_	_
502-5	PST038	502	502	5	aspettare	aspettare	_	_	_	_	_	linguistic	_	some	_	_	_	_	_	_
502-6	PST038	502	502	6	nie:nte	niente	_	_	_	_	_	linguistic	_	some	_	_	2x1	_	_	_
502-7	PST038	502	502	7	#porque	porque	_	_	_	_	_	linguistic	_	some	Language=NO_ISO_CODE|Variation=Token	_	_	_	_	_
502-8	PST038	502	502	8	se	se	_	_	_	_	_	linguistic	_	some	_	_	_	_	_	_
502-9	PST038	502	502	9	sta	sta	_	_	_	_	_	linguistic	_	some	_	_	_	_	_	_
502-10	PST038	502	502	10	questa	questa	_	_	_	_	_	linguistic	_	some	_	_	_	_	_	_
502-11	PST038	502	502	11	cosa	cosa	_	_	_	_	_	linguistic	_	some	_	_	_	_	_	_
502-12	PST038	502	502	12	tra	tra	_	_	_	_	_	linguistic	_	some	_	_	_	_	_	_
502-13	PST038	502	502	13	nord	nord	_	_	_	_	_	linguistic	_	some	_	_	_	_	_	_
502-14	PST038	502	502	14	e	e	_	_	_	_	_	linguistic	_	some	_	_	_	_	_	_
502-15	PST038	502	502	15	sud	sud	_	_	_	_	_	linguistic	_	some	_	_	_	_	_	_
502-16	PST038	502	502	16	tra	tra	_	_	_	_	_	linguistic	_	some	_	_	_	_	_	_
502-17	PST038	502	502	17	quello:	quello	_	_	_	_	_	linguistic	_	some	_	_	5x1	_	_	_
502-18	PST038	502	502	18	e	e	_	_	_	_	_	linguistic	_	some	_	_	_	_	_	_
502-19	PST038	502	502	19	il	il	_	_	_	_	_	linguistic	_	some	_	_	_	_	_	_
502-20	PST038	502	502	20	napoleta:no	napoletano	_	_	_	_	_	linguistic	_	some	_	End=1129.295	7x1	_	_	_
503-0	PST038	503	503	0	o	o	_	_	_	_	_	linguistic	_	some	_	Begin=1129.552	_	_	_	_
503-1	PST038	503	503	1	#e:l	el	_	_	_	_	_	linguistic	_	some	Language=NO_ISO_CODE|Variation=Token	_	0x1	_	_	_
503-2	PST038	503	503	2	quello	quello	_	_	_	_	_	linguistic	_	some	_	_	_	_	_	_
503-3	PST038	503	503	3	del	del	_	_	_	_	_	linguistic	_	some	_	_	_	_	_	_
503-4	PST038	503	503	4	no:rd	nord	_	_	_	_	_	linguistic	_	some	_	_	1x1	_	_	_
503-5	PST038	503	503	5	o	o	_	_	_	_	_	linguistic	_	some	_	_	_	_	_	_
503-6	PST038	503	503	6	è::	è	_	_	_	_	_	linguistic	_	some	_	_	0x2	_	_	_
503-7	PST038	503	503	7	o	o	_	_	_	_	_	linguistic	_	some	_	_	_	_	_	_
503-8	PST038	503	503	8	#el	el	_	_	_	_	_	linguistic	_	some	Language=NO_ISO_CODE|Variation=Token	_	_	_	_	_
503-9	PST038	503	503	9	terrone	terrone	_	_	_	_	_	linguistic	_	some	_	_	_	_	_	_
503-10	PST038	503	503	10	o	o	_	_	_	_	_	linguistic	_	some	_	_	_	_	_	_
503-11	PST038	503	503	11	quello:	quello	_	_	_	_	_	linguistic	_	some	_	End=1133.191	5x1	_	_	_
504-0	PST038	504	504	0	c(io)è:	cioè	_	_	_	_	_	linguistic	_	none	_	Begin=1133.466|End=1134.257	3x1	_	1-3(0)	_
505-0	PST038	505	505	0	cosa	cosa	_	_	_	_	_	linguistic	_	none	_	Begin=1134.36	_	_	_	_
505-1	PST038	505	505	1	posso	posso	_	_	_	_	_	linguistic	_	none	_	_	_	_	_	_
505-2	PST038	505	505	2	aspettare	aspettare	_	_	_	_	_	linguistic	_	none	_	_	_	_	_	_
505-3	PST038	505	505	3	I:O	io	_	_	_	_	_	linguistic	_	none	Volume=high	End=1135.6750000000002	0x1	_	_	_
506-0	PST211	506	506	0	e:h	eh	_	_	_	_	_	linguistic	_	none	_	Begin=1135.6750000000002	0x1	_	_	_
506-1	PST211	506	506	1	sì	sì	_	_	_	_	_	linguistic	_	none	_	End=1136.278	_	_	_	_
507-0	PST211	507	507	0	{ride}	{ride}	_	_	_	_	_	nonverbalbehavior	_	none	_	Begin=1136.84|End=1137.347	_	_	_	_
508-0	PST038	508	508	0	mh	mh	_	_	_	_	_	linguistic	_	none	_	Begin=1137.322	_	_	_	_
508-1	PST038	508	508	1	mh	mh	_	_	_	_	_	linguistic	_	none	_	_	_	_	_	_
508-2	PST038	508	508	2	{ride}	{ride}	_	_	_	_	_	nonverbalbehavior	_	none	_	End=1137.907	_	_	_	_
509-0	PST211	509	509	0	purtroppo	purtroppo	_	_	_	_	_	linguistic	_	none	_	Begin=1137.747	_	_	_	_
509-1	PST211	509	509	1	è	è	_	_	_	_	_	linguistic	_	none	_	_	_	_	_	_
509-2	PST211	509	509	2	così	così	_	_	_	_	_	linguistic	_	none	PauseAfter=Yes	_	_	_	_	_
509-3	PST211	509	509	3	{P}	{P}	_	_	_	_	_	shortpause	_	none	_	_	_	_	_	_
509-4	PST211	509	509	4	sì	sì	_	_	_	_	_	linguistic	_	none	_	End=1139.2930000000001	_	_	_	_
510-0	PST038	510	510	0	e::h	eh	_	_	_	_	_	linguistic	_	none	_	Begin=1139.2930000000001	0x2	_	_	_
510-1	PST038	510	510	1	per	per	_	_	_	_	_	linguistic	_	none	_	_	_	_	_	_
510-2	PST038	510	510	2	cui	cui	_	_	_	_	_	linguistic	_	none	_	_	_	_	_	_
510-3	PST038	510	510	3	però:	però	_	_	_	_	_	linguistic	_	none	_	_	3x1	_	_	_
510-4	PST038	510	510	4	la	la	_	_	_	_	_	linguistic	_	none	_	_	_	_	_	_
510-5	PST038	510	510	5	nostra	nostra	_	_	_	_	_	linguistic	_	none	_	_	_	_	_	_
510-6	PST038	510	510	6	società::	società	_	_	_	_	_	linguistic	_	none	_	_	6x2	_	_	_
510-7	PST038	510	510	7	immigran~	immigran~	_	_	_	_	_	linguistic	_	none	Interrupted=Yes	_	_	_	_	_
510-8	PST038	510	510	8	$immigratoria:	immigratoria	_	_	_	_	_	linguistic	_	none	Orthography=Yes|Variation=Emerging	_	11x1	_	_	_
510-9	PST038	510	510	9	queste	queste	_	_	_	_	_	linguistic	_	none	_	_	_	_	_	_
510-10	PST038	510	510	10	ultimi:	ultimi	_	_	_	_	_	linguistic	_	none	_	_	5x1	_	_	_
510-11	PST038	510	510	11	persone	persone	_	_	_	_	_	linguistic	_	none	_	_	_	_	_	_
510-12	PST038	510	510	12	che	che	_	_	_	_	_	linguistic	_	none	_	_	_	_	_	_
510-13	PST038	510	510	13	arrivano	arrivano	_	_	_	_	_	linguistic	_	none	_	End=1146.121	_	_	_	_
511-0	PST038	511	511	0	sì	sì	_	_	_	_	_	linguistic	_	some	_	Begin=1146.394	_	_	_	_
511-1	PST038	511	511	1	adesso	adesso	_	_	_	_	_	linguistic	_	some	_	_	_	_	_	_
511-2	PST038	511	511	2	c'	c'	_	_	_	_	_	linguistic	_	some	SpaceAfter=No	_	_	_	_	_
511-3	PST038	511	511	3	è	è	_	_	_	_	_	linguistic	_	some	_	_	_	_	_	_
511-4	PST038	511	511	4	tutto	tutto	_	_	_	_	_	linguistic	_	some	_	_	_	_	_	_
511-5	PST038	511	511	5	una	una	_	_	_	_	_	linguistic	_	some	_	_	_	_	_	_
511-6	PST038	511	511	6	valanga	valanga	_	_	_	_	_	linguistic	_	some	_	_	_	_	_	_
511-7	PST038	511	511	7	#de	de	_	_	_	_	_	linguistic	_	some	Language=NO_ISO_CODE|Variation=Token	_	_	_	_	_
511-8	PST038	511	511	8	persone	persone	_	_	_	_	_	linguistic	_	some	_	_	_	_	_	_
511-9	PST038	511	511	9	di	di	_	_	_	_	_	linguistic	_	some	_	_	_	_	_	_
511-10	PST038	511	511	10	tu:tto	tutto	_	_	_	_	_	linguistic	_	some	_	End=1149.321	1x1	_	_	_
512-0	PST038	512	512	0	perché::	perché	_	_	_	_	_	linguistic	_	none	_	Begin=1149.625|End=1150.705	5x2	_	_	_
513-0	PST038	513	513	0	latino	latino	_	_	_	_	_	linguistic	_	none	_	Begin=1151.077	_	_	_	_
513-1	PST038	513	513	1	america	america	_	_	_	_	_	linguistic	_	none	_	_	_	_	_	_
513-2	PST038	513	513	2	ha	ha	_	_	_	_	_	linguistic	_	none	_	_	_	_	_	_
513-3	PST038	513	513	3	u:~	u~	_	_	_	_	_	linguistic	_	none	Interrupted=Yes	_	0x1	_	_	_
513-4	PST038	513	513	4	u~	u~	_	_	_	_	_	linguistic	_	none	Interrupted=Yes	_	_	_	_	_
513-5	PST038	513	513	5	una	una	_	_	_	_	_	linguistic	_	none	_	_	_	_	_	_
513-6	PST038	513	513	6	gro:ssa	grossa	_	_	_	_	_	linguistic	_	none	_	_	2x1	_	_	_
513-7	PST038	513	513	7	crisi	crisi	_	_	_	_	_	linguistic	_	none	_	_	_	_	_	_
513-8	PST038	513	513	8	economica	economica	_	_	_	_	_	linguistic	_	none	_	End=1154.114	_	_	_	_
514-0	PST038	514	514	0	tro:ppo	troppo	_	_	_	_	_	linguistic	_	none	_	Begin=1154.4|End=1154.978	2x1	_	_	_
515-0	PST038	515	515	0	e	e	_	_	_	_	_	linguistic	_	none	_	Begin=1155.076	_	_	_	_
515-1	PST038	515	515	1	s~	s~	_	_	_	_	_	linguistic	_	none	Interrupted=Yes	_	_	_	_	_
515-2	PST038	515	515	2	si	si	_	_	_	_	_	linguistic	_	none	ProsodicLink=Yes	_	_	_	_	_
515-3	PST038	515	515	3	si	si	_	_	_	_	_	linguistic	_	none	_	_	_	_	_	_
515-4	PST038	515	515	4	sta	sta	_	_	_	_	_	linguistic	_	none	_	_	_	_	_	_
515-5	PST038	515	515	5	vivendo	vivendo	_	_	_	_	_	linguistic	_	none	_	_	_	_	_	_
515-6	PST038	515	515	6	troppo	troppo	_	_	_	_	_	linguistic	_	none	_	_	_	_	_	_
515-7	PST038	515	515	7	ma:le	male	_	_	_	_	_	linguistic	_	none	_	_	1x1	_	_	_
515-8	PST038	515	515	8	e	e	_	_	_	_	_	linguistic	_	none	_	_	_	_	_	_
515-9	PST038	515	515	9	quello	quello	_	_	_	_	_	linguistic	_	none	_	_	_	_	_	_
515-10	PST038	515	515	10	comporta	comporta	_	_	_	_	_	linguistic	_	none	_	_	_	_	_	_
515-11	PST038	515	515	11	che	che	_	_	_	_	_	linguistic	_	none	_	_	_	_	_	_
515-12	PST038	515	515	12	siano	siano	_	_	_	_	_	linguistic	_	none	_	_	_	_	_	_
515-13	PST038	515	515	13	professiona:li	professionali	_	_	_	_	_	linguistic	_	none	_	_	10x1	_	_	_
515-14	PST038	515	515	14	e	e	_	_	_	_	_	linguistic	_	none	_	_	_	_	_	_
515-15	PST038	515	515	15	gente	gente	_	_	_	_	_	linguistic	_	none	_	_	_	_	_	_
515-16	PST038	515	515	16	senza	senza	_	_	_	_	_	linguistic	_	none	_	_	_	_	_	_
515-17	PST038	515	515	17	istru:zione,	istruzione	_	_	_	_	_	linguistic	_	none	Intonation=WeaklyRising	End=1160.671	4x1	_	_	_
516-0	PST038	516	516	0	$immigre	immigre	_	_	_	_	_	linguistic	_	none	Orthography=Yes|Variation=Emerging	Begin=1161.448|End=1161.968	_	_	_	_
517-0	PST211	517	517	0	mh	mh	_	_	_	_	_	linguistic	_	none	ProsodicLink=Yes	Begin=1162.28	_	_	_	_
517-1	PST211	517	517	1	mh	mh	_	_	_	_	_	linguistic	_	none	_	End=1162.856	_	_	_	_
518-0	PST038	518	518	0	e	e	_	_	_	_	_	linguistic	_	some	_	Begin=1163.211	_	_	_	_
518-1	PST038	518	518	1	c'	c'	_	_	_	_	_	linguistic	_	some	SpaceAfter=No	_	_	_	_	_
518-2	PST038	518	518	2	è	è	_	_	_	_	_	linguistic	_	some	_	_	_	_	_	_
518-3	PST038	518	518	3	#quie:n	quien	_	_	_	_	_	linguistic	_	some	Language=NO_ISO_CODE|Variation=Token	End=1164.197	3x1	_	_	_
519-0	PST038	519	519	0	si	si	_	_	_	_	_	linguistic	_	some	_	Begin=1164.336	_	_	_	_
519-1	PST038	519	519	1	comporta	comporta	_	_	_	_	_	linguistic	_	some	_	_	_	_	_	_
519-2	PST038	519	519	2	be:ne	bene	_	_	_	_	_	linguistic	_	some	_	_	1x1	_	_	_
519-3	PST038	519	519	3	e	e	_	_	_	_	_	linguistic	_	some	_	_	_	_	_	_
519-4	PST038	519	519	4	#quien	quien	_	_	_	_	_	linguistic	_	some	Language=NO_ISO_CODE|Variation=Token	_	_	_	_	_
519-5	PST038	519	519	5	#non	non	_	_	_	_	_	linguistic	_	some	Language=NO_ISO_CODE|Variation=Token	_	_	_	_	_
519-6	PST038	519	519	6	si	si	_	_	_	_	_	linguistic	_	some	_	_	_	_	_	_
519-7	PST038	519	519	7	comporta	comporta	_	_	_	_	_	linguistic	_	some	_	_	_	_	_	_
519-8	PST038	519	519	8	bene	bene	_	_	_	_	_	linguistic	_	some	_	_	_	_	_	_
519-9	PST038	519	519	9	#quien	quien	_	_	_	_	_	linguistic	_	some	Language=NO_ISO_CODE|Variation=Token	_	_	_	_	_
519-10	PST038	519	519	10	ha	ha	_	_	_	_	_	linguistic	_	some	_	_	_	_	_	_
519-11	PST038	519	519	11	interesse	interesse	_	_	_	_	_	linguistic	_	some	_	_	_	_	_	_
519-12	PST038	519	519	12	di	di	_	_	_	_	_	linguistic	_	some	_	_	_	_	_	_
519-13	PST038	519	519	13	imparar	imparar	_	_	_	_	_	linguistic	_	some	_	_	_	_	_	_
519-14	PST038	519	519	14	la	la	_	_	_	_	_	linguistic	_	some	_	_	_	_	_	_
519-15	PST038	519	519	15	lingua	lingua	_	_	_	_	_	linguistic	_	some	_	_	_	_	_	_
519-16	PST038	519	519	16	#porque	porque	_	_	_	_	_	linguistic	_	some	Language=NO_ISO_CODE|Variation=Token	_	_	_	_	_
519-17	PST038	519	519	17	SERVE	serve	_	_	_	_	_	linguistic	_	some	Volume=high	End=1169.363	_	_	_	_
520-0	PST038	520	520	0	#porque	porque	_	_	_	_	_	linguistic	_	some	Language=NO_ISO_CODE|Variation=Token	Begin=1169.677	_	_	_	_
520-1	PST038	520	520	1	così	così	_	_	_	_	_	linguistic	_	some	_	_	_	_	_	_
520-2	PST038	520	520	2	puoi	puoi	_	_	_	_	_	linguistic	_	some	_	_	_	_	_	_
520-3	PST038	520	520	3	aver	aver	_	_	_	_	_	linguistic	_	some	_	_	_	_	_	_
520-4	PST038	520	520	4	un	un	_	_	_	_	_	linguistic	_	some	_	_	_	_	_	_
520-5	PST038	520	520	5	#bue:n	buen	_	_	_	_	_	linguistic	_	some	Language=NO_ISO_CODE|Variation=Token	_	2x1	_	_	_
520-6	PST038	520	520	6	lavoro,	lavoro	_	_	_	_	_	linguistic	_	some	Intonation=WeaklyRising	End=1171.558	_	_	_	_
521-0	PST211	521	521	0	eh	eh	_	_	_	_	_	linguistic	_	none	_	Begin=1171.558	_	_	_	_
521-1	PST211	521	521	1	sì	sì	_	_	_	_	_	linguistic	_	none	_	End=1172.129	_	_	_	_
522-0	PST038	522	522	0	e	e	_	_	_	_	_	linguistic	_	none	_	Begin=1172.4	_	_	_	_
522-1	PST038	522	522	1	non	non	_	_	_	_	_	linguistic	_	none	_	_	_	_	_	_
522-2	PST038	522	522	2	solo	solo	_	_	_	_	_	linguistic	_	none	_	_	_	_	_	_
522-3	PST038	522	522	3	chiedere	chiedere	_	_	_	_	_	linguistic	_	none	_	_	_	_	_	_
522-4	PST038	522	522	4	i	i	_	_	_	_	_	linguistic	_	none	_	_	_	_	_	_
522-5	PST038	522	522	5	diritti	diritti	_	_	_	_	_	linguistic	_	none	PauseAfter=Yes	_	_	_	_	_
522-6	PST038	522	522	6	{P}	{P}	_	_	_	_	_	shortpause	_	none	_	_	_	_	_	_
522-7	PST038	522	522	7	fare	fare	_	_	_	_	_	linguistic	_	none	_	_	_	_	_	_
522-8	PST038	522	522	8	anche	anche	_	_	_	_	_	linguistic	_	none	_	_	_	_	_	_
522-9	PST038	522	522	9	il	il	_	_	_	_	_	linguistic	_	none	_	_	_	_	_	_
522-10	PST038	522	522	10	tuo	tuo	_	_	_	_	_	linguistic	_	none	_	_	_	_	_	_
522-11	PST038	522	522	11	dovere	dovere	_	_	_	_	_	linguistic	_	none	_	End=1174.747	_	_	_	_
523-0	PST211	523	523	0	eh	eh	_	_	_	_	_	linguistic	_	none	_	Begin=1174.747	_	_	_	_
523-1	PST211	523	523	1	sì	sì	_	_	_	_	_	linguistic	_	none	_	End=1175.439	_	_	_	_
524-0	PST211	524	524	0	eh	eh	_	_	_	_	_	linguistic	_	none	_	Begin=1175.52	_	_	_	_
524-1	PST211	524	524	1	sì	sì	_	_	_	_	_	linguistic	_	none	_	End=1176.093	_	_	_	_
525-0	PST038	525	525	0	e:hm:	ehm	_	_	_	_	_	linguistic	_	none	_	Begin=1176.922|End=1177.848	0x1,2x1	_	_	_
526-0	PST038	526	526	0	e	e	_	_	_	_	_	linguistic	_	none	_	Begin=1179.211	_	_	_	_
526-1	PST038	526	526	1	persone	persone	_	_	_	_	_	linguistic	_	none	_	_	_	_	_	_
526-2	PST038	526	526	2	che:	che	_	_	_	_	_	linguistic	_	none	_	_	2x1	_	_	_
526-3	PST038	526	526	3	proprio:	proprio	_	_	_	_	_	linguistic	_	none	_	_	6x1	_	_	_
526-4	PST038	526	526	4	nulla	nulla	_	_	_	_	_	linguistic	_	none	_	_	_	_	_	_
526-5	PST038	526	526	5	di	di	_	_	_	_	_	linguistic	_	none	_	_	_	_	_	_
526-6	PST038	526	526	6	niente:	niente	_	_	_	_	_	linguistic	_	none	_	_	5x1	_	_	_
526-7	PST038	526	526	7	a	a	_	_	_	_	_	linguistic	_	none	_	_	_	_	_	_
526-8	PST038	526	526	8	dove	dove	_	_	_	_	_	linguistic	_	none	_	_	_	_	_	_
526-9	PST038	526	526	9	noi	noi	_	_	_	_	_	linguistic	_	none	_	_	_	_	_	_
526-10	PST038	526	526	10	miriamo	miriamo	_	_	_	_	_	linguistic	_	none	_	_	_	_	_	_
526-11	PST038	526	526	11	co~	co~	_	_	_	_	_	linguistic	_	none	Interrupted=Yes	_	_	_	_	_
526-12	PST038	526	526	12	con	con	_	_	_	_	_	linguistic	_	none	_	_	_	_	_	_
526-13	PST038	526	526	13	la	la	_	_	_	_	_	linguistic	_	none	_	_	_	_	_	_
526-14	PST038	526	526	14	nostra	nostra	_	_	_	_	_	linguistic	_	none	_	_	_	_	_	_
526-15	PST038	526	526	15	associazione:,	associazione	_	_	_	_	_	linguistic	_	none	Intonation=WeaklyRising	End=1184.488	11x1	_	_	_
527-0	PST038	527	527	0	a	a	_	_	_	_	_	linguistic	_	none	_	Begin=1184.817	_	_	_	_
527-1	PST038	527	527	1	fargli	fargli	_	_	_	_	_	linguistic	_	none	_	_	_	_	_	_
527-2	PST038	527	527	2	un	un	_	_	_	_	_	linguistic	_	none	_	_	_	_	_	_
527-3	PST038	527	527	3	po'	po'	_	_	_	_	_	linguistic	_	none	_	_	_	_	_	_
527-4	PST038	527	527	4	di	di	_	_	_	_	_	linguistic	_	none	_	_	_	_	_	_
527-5	PST038	527	527	5	alfabetizzazio:ne.	alfabetizzazione	_	_	_	_	_	linguistic	_	none	Intonation=Falling	End=1186.6205	13x1	_	_	_
528-0	PST211	528	528	0	mh	mh	_	_	_	_	_	linguistic	_	none	ProsodicLink=Yes	Begin=1186.6205	_	_	_	_
528-1	PST211	528	528	1	mh	mh	_	_	_	_	_	linguistic	_	none	_	End=1187.137	_	_	_	_
529-0	PST038	529	529	0	#porque	porque	_	_	_	_	_	linguistic	_	some	Language=NO_ISO_CODE|Variation=Token	Begin=1187.355	_	_	_	_
529-1	PST038	529	529	1	sono	sono	_	_	_	_	_	linguistic	_	some	_	_	_	_	_	_
529-2	PST038	529	529	2	#ce:ro:	cero	_	_	_	_	_	linguistic	_	some	Language=NO_ISO_CODE|Variation=Token	End=1188.455	1x1,3x1	_	_	_
530-0	PST211	530	530	0	eh	eh	_	_	_	_	_	linguistic	_	none	ProsodicLink=Yes	Begin=1188.92	_	_	_	_
530-1	PST211	530	530	1	eh	eh	_	_	_	_	_	linguistic	_	none	_	End=1189.21	_	_	_	_
531-0	PST038	531	531	0	purtroppo:	purtroppo	_	_	_	_	_	linguistic	_	none	_	Begin=1189.21|End=1189.847	8x1	_	_	_
532-0	PST211	532	532	0	eh	eh	_	_	_	_	_	linguistic	_	none	_	Begin=1189.867	_	_	_	_
532-1	PST211	532	532	1	sì	sì	_	_	_	_	_	linguistic	_	none	_	End=1190.343	_	_	_	_
533-0	PST211	533	533	0	sì	sì	_	_	_	_	_	linguistic	_	none	_	Begin=1190.65	_	_	_	_
533-1	PST211	533	533	1	sì	sì	_	_	_	_	_	linguistic	_	none	_	End=1191.339	_	_	_	_
534-0	PST038	534	534	0	sono	sono	_	_	_	_	_	linguistic	_	some	_	Begin=1191.622	_	_	_	_
534-1	PST038	534	534	1	#cero	cero	_	_	_	_	_	linguistic	_	some	Language=NO_ISO_CODE|Variation=Token	End=1192.516	_	_	_	_
535-0	PST038	535	535	0	noi	noi	_	_	_	_	_	linguistic	_	some	_	Begin=1192.841	_	_	_	_
535-1	PST038	535	535	1	quando	quando	_	_	_	_	_	linguistic	_	some	_	_	_	_	_	_
535-2	PST038	535	535	2	siamo	siamo	_	_	_	_	_	linguistic	_	some	_	_	_	_	_	_
535-3	PST038	535	535	3	#de	de	_	_	_	_	_	linguistic	_	some	Language=NO_ISO_CODE|Variation=Token	_	_	_	_	_
535-4	PST038	535	535	4	ling~	ling~	_	_	_	_	_	linguistic	_	some	Interrupted=Yes	_	_	_	_	_
535-5	PST038	535	535	5	siamo	siamo	_	_	_	_	_	linguistic	_	some	_	_	_	_	_	_
535-6	PST038	535	535	6	della	della	_	_	_	_	_	linguistic	_	some	_	_	_	_	_	_
535-7	PST038	535	535	7	nostra	nostra	_	_	_	_	_	linguistic	_	some	_	_	_	_	_	_
535-8	PST038	535	535	8	lingua	lingua	_	_	_	_	_	linguistic	_	some	_	_	_	_	_	_
535-9	PST038	535	535	9	ma:dre	madre	_	_	_	_	_	linguistic	_	some	_	_	1x1	_	_	_
535-10	PST038	535	535	10	lo	lo	_	_	_	_	_	linguistic	_	some	_	_	_	_	_	_
535-11	PST038	535	535	11	sappia:mo:	sappiamo	_	_	_	_	_	linguistic	_	some	_	End=1196.435	5x1,7x1	_	_	_
536-0	PST038	536	536	0	come	come	_	_	_	_	_	linguistic	_	none	_	Begin=1196.677	_	_	_	_
536-1	PST038	536	536	1	voi	voi	_	_	_	_	_	linguistic	_	none	_	_	_	_	_	_
536-2	PST038	536	536	2	quando	quando	_	_	_	_	_	linguistic	_	none	_	_	_	_	_	_
536-3	PST038	536	536	3	parlate	parlate	_	_	_	_	_	linguistic	_	none	_	_	_	_	_	_
536-4	PST038	536	536	4	con	con	_	_	_	_	_	linguistic	_	none	_	_	_	_	_	_
536-5	PST038	536	536	5	un	un	_	_	_	_	_	linguistic	_	none	_	_	_	_	_	_
536-6	PST038	536	536	6	italia:no	italiano	_	_	_	_	_	linguistic	_	none	_	_	5x1	_	_	_
536-7	PST038	536	536	7	avete	avete	_	_	_	_	_	linguistic	_	none	_	_	_	_	_	_
536-8	PST038	536	536	8	capi:to	capito	_	_	_	_	_	linguistic	_	none	_	End=1199.268	3x1	_	_	_
537-0	PST038	537	537	0	c(io)è	cioè	_	_	_	_	_	linguistic	_	some	_	Begin=1199.866	_	_	1-3(0)	_
537-1	PST038	537	537	1	non	non	_	_	_	_	_	linguistic	_	some	_	_	_	_	_	_
537-2	PST038	537	537	2	si	si	_	_	_	_	_	linguistic	_	some	_	_	_	_	_	_
537-3	PST038	537	537	3	tratta	tratta	_	_	_	_	_	linguistic	_	some	_	_	_	_	_	_
537-4	PST038	537	537	4	qua	qua	_	_	_	_	_	linguistic	_	some	_	_	_	_	_	_
537-5	PST038	537	537	5	del	del	_	_	_	_	_	linguistic	_	some	_	_	_	_	_	_
537-6	PST038	537	537	6	razzi:smo	razzismo	_	_	_	_	_	linguistic	_	some	_	_	4x1	_	_	_
537-7	PST038	537	537	7	si	si	_	_	_	_	_	linguistic	_	some	_	_	_	_	_	_
537-8	PST038	537	537	8	tratta	tratta	_	_	_	_	_	linguistic	_	some	_	_	_	_	_	_
537-9	PST038	537	537	9	soltanto	soltanto	_	_	_	_	_	linguistic	_	some	_	_	_	_	_	_
537-10	PST038	537	537	10	di	di	_	_	_	_	_	linguistic	_	some	_	_	_	_	_	_
537-11	PST038	537	537	11	sapere	sapere	_	_	_	_	_	linguistic	_	some	_	_	_	_	_	_
537-12	PST038	537	537	12	con	con	_	_	_	_	_	linguistic	_	some	_	_	_	_	_	_
537-13	PST038	537	537	13	#quien	quien	_	_	_	_	_	linguistic	_	some	Language=NO_ISO_CODE|Variation=Token	_	_	_	_	_
537-14	PST038	537	537	14	hai	hai	_	_	_	_	_	linguistic	_	some	_	_	_	_	_	_
537-15	PST038	537	537	15	da	da	_	_	_	_	_	linguistic	_	some	_	_	_	_	_	_
537-16	PST038	537	537	16	fa:re	fare	_	_	_	_	_	linguistic	_	some	_	End=1203.955	1x1	_	_	_
538-0	PST211	538	538	0	mh	mh	_	_	_	_	_	linguistic	_	none	ProsodicLink=Yes	Begin=1203.955	_	_	_	_
538-1	PST211	538	538	1	[mh]	mh	_	_	_	_	_	linguistic	_	none	_	End=1204.329	_	_	_	0-2(122)
539-0	PST038	539	539	0	[se	se	_	_	_	_	_	linguistic	_	none	_	Begin=1203.987	_	_	_	0-2(122)
539-1	PST038	539	539	1	è]	è	_	_	_	_	_	linguistic	_	none	_	_	_	_	_	0-1(122)
539-2	PST038	539	539	2	una	una	_	_	_	_	_	linguistic	_	none	_	_	_	_	_	_
539-3	PST038	539	539	3	persona	persona	_	_	_	_	_	linguistic	_	none	_	_	_	_	_	_
539-4	PST038	539	539	4	che	che	_	_	_	_	_	linguistic	_	none	_	_	_	_	_	_
539-5	PST038	539	539	5	può	può	_	_	_	_	_	linguistic	_	none	_	_	_	_	_	_
539-6	PST038	539	539	6	$capi:rte	capirte	_	_	_	_	_	linguistic	_	none	Orthography=Yes|Variation=Emerging	_	3x1	_	_	_
539-7	PST038	539	539	7	o	o	_	_	_	_	_	linguistic	_	none	_	_	_	_	_	_
539-8	PST038	539	539	8	una	una	_	_	_	_	_	linguistic	_	none	_	_	_	_	_	_
539-9	PST038	539	539	9	persona	persona	_	_	_	_	_	linguistic	_	none	_	_	_	_	_	_
539-10	PST038	539	539	10	che	che	_	_	_	_	_	linguistic	_	none	_	_	_	_	_	_
539-11	PST038	539	539	11	ha	ha	_	_	_	_	_	linguistic	_	none	_	_	_	_	_	_
539-12	PST038	539	539	12	bisogno	bisogno	_	_	_	_	_	linguistic	_	none	_	_	_	_	_	_
539-13	PST038	539	539	13	di	di	_	_	_	_	_	linguistic	_	none	_	_	_	_	_	_
539-14	PST038	539	539	14	essere	essere	_	_	_	_	_	linguistic	_	none	_	_	_	_	_	_
539-15	PST038	539	539	15	orienta:ta	orientata	_	_	_	_	_	linguistic	_	none	_	_	6x1	_	_	_
539-16	PST038	539	539	16	perché	perché	_	_	_	_	_	linguistic	_	none	_	End=1208.906	_	_	_	_
540-0	PST038	540	540	0	purtroppo	purtroppo	_	_	_	_	_	linguistic	_	none	_	Begin=1209.1	_	_	_	_
540-1	PST038	540	540	1	nella	nella	_	_	_	_	_	linguistic	_	none	_	_	_	_	_	_
540-2	PST038	540	540	2	vi:ta:	vita	_	_	_	_	_	linguistic	_	none	_	_	1x1,3x1	_	_	_
540-3	PST038	540	540	3	non	non	_	_	_	_	_	linguistic	_	none	_	_	_	_	_	_
540-4	PST038	540	540	4	è	è	_	_	_	_	_	linguistic	_	none	_	_	_	_	_	_
540-5	PST038	540	540	5	che	che	_	_	_	_	_	linguistic	_	none	_	_	_	_	_	_
540-6	PST038	540	540	6	è	è	_	_	_	_	_	linguistic	_	none	_	_	_	_	_	_
540-7	PST038	540	540	7	stata	stata	_	_	_	_	_	linguistic	_	none	_	_	_	_	_	_
540-8	PST038	540	540	8	istruita	istruita	_	_	_	_	_	linguistic	_	none	_	_	_	_	_	_
540-9	PST038	540	540	9	e	e	_	_	_	_	_	linguistic	_	none	_	_	_	_	_	_
540-10	PST038	540	540	10	non	non	_	_	_	_	_	linguistic	_	none	_	_	_	_	_	_
540-11	PST038	540	540	11	è	è	_	_	_	_	_	linguistic	_	none	_	_	_	_	_	_
540-12	PST038	540	540	12	colpa	colpa	_	_	_	_	_	linguistic	_	none	_	_	_	_	_	_
540-13	PST038	540	540	13	loro	loro	_	_	_	_	_	linguistic	_	none	_	End=1212.507	_	_	_	_
541-0	PST211	541	541	0	eh	eh	_	_	_	_	_	linguistic	_	none	_	Begin=1212.546	_	_	_	_
541-1	PST211	541	541	1	certo	certo	_	_	_	_	_	linguistic	_	none	_	End=1212.98	_	_	_	_
542-0	PST038	542	542	0	per	per	_	_	_	_	_	linguistic	_	some	_	Begin=1212.985	_	_	_	_
542-1	PST038	542	542	1	cui	cui	_	_	_	_	_	linguistic	_	some	_	_	_	_	_	_
542-2	PST038	542	542	2	se	se	_	_	_	_	_	linguistic	_	some	_	_	_	_	_	_
542-3	PST038	542	542	3	hai	hai	_	_	_	_	_	linguistic	_	some	_	_	_	_	_	_
542-4	PST038	542	542	4	la	la	_	_	_	_	_	linguistic	_	some	_	_	_	_	_	_
542-5	PST038	542	542	5	possibilità	possibilità	_	_	_	_	_	linguistic	_	some	_	_	_	_	_	_
542-6	PST038	542	542	6	#de	de	_	_	_	_	_	linguistic	_	some	Language=NO_ISO_CODE|Variation=Token	_	_	_	_	_
542-7	PST038	542	542	7	istruirla	istruirla	_	_	_	_	_	linguistic	_	some	_	_	_	_	_	_
542-8	PST038	542	542	8	e	e	_	_	_	_	_	linguistic	_	some	_	_	_	_	_	_
542-9	PST038	542	542	9	(#de)	de	_	_	_	_	_	linguistic	_	some	Language=NO_ISO_CODE|Variation=Token	_	_	_	0-3(0)	_
542-10	PST038	542	542	10	aiutarla	aiutarla	_	_	_	_	_	linguistic	_	some	_	End=1215.725	_	_	_	_
543-0	PST038	543	543	0	essere	essere	_	_	_	_	_	linguistic	_	none	_	Begin=1215.911	_	_	_	_
543-1	PST038	543	543	1	un	un	_	_	_	_	_	linguistic	_	none	_	_	_	_	_	_
543-2	PST038	543	543	2	essere	essere	_	_	_	_	_	linguistic	_	none	_	_	_	_	_	_
543-3	PST038	543	543	3	umano	umano	_	_	_	_	_	linguistic	_	none	_	_	_	_	_	_
543-4	PST038	543	543	4	migliore	migliore	_	_	_	_	_	linguistic	_	none	_	_	_	_	_	_
543-5	PST038	543	543	5	lo	lo	_	_	_	_	_	linguistic	_	none	_	_	_	_	_	_
543-6	PST038	543	543	6	fa:i	fai	_	_	_	_	_	linguistic	_	none	_	End=1217.84	1x1	_	_	_
544-0	PST211	544	544	0	esat[to]	esatto	_	_	_	_	_	linguistic	_	none	_	Begin=1217.854|End=1218.536	_	_	_	4-6(123)
545-0	PST038	545	545	0	[se]	se	_	_	_	_	_	linguistic	_	none	_	Begin=1218.161	_	_	_	0-2(123)
545-1	PST038	545	545	1	poi	poi	_	_	_	_	_	linguistic	_	none	_	_	_	_	_	_
545-2	PST038	545	545	2	non	non	_	_	_	_	_	linguistic	_	none	_	_	_	_	_	_
545-3	PST038	545	545	3	capisci	capisci	_	_	_	_	_	linguistic	_	none	_	_	_	_	_	_
545-4	PST038	545	545	4	nie:nte	niente	_	_	_	_	_	linguistic	_	none	_	_	2x1	_	_	_
545-5	PST038	545	545	5	allora:	allora	_	_	_	_	_	linguistic	_	none	_	End=1219.864	5x1	_	_	_
546-0	PST038	546	546	0	puoi	puoi	_	_	_	_	_	linguistic	_	none	_	Begin=1221.062	_	_	_	_
546-1	PST038	546	546	1	farlo	farlo	_	_	_	_	_	linguistic	_	none	_	End=1221.622	_	_	_	_
547-0	PST211	547	547	0	e:h	eh	_	_	_	_	_	linguistic	_	none	_	Begin=1221.672	0x1	_	_	_
547-1	PST211	547	547	1	[(sì)]	sì	_	_	_	_	_	linguistic	_	none	_	End=1222.457	_	_	0-2(0)	0-2(124)
548-0	PST038	548	548	0	[co]sì	così	_	_	_	_	_	linguistic	_	none	_	Begin=1222.299|End=1222.676	_	_	_	0-2(124)
549-0	PST211	549	549	0	e::	e	_	_	_	_	_	linguistic	_	none	_	Begin=1223.854	0x2	_	_	_
549-1	PST211	549	549	1	in	in	_	_	_	_	_	linguistic	_	none	_	_	_	_	_	_
549-2	PST211	549	549	2	casa	casa	_	_	_	_	_	linguistic	_	none	_	_	_	_	_	_
549-3	PST211	549	549	3	voi:	voi	_	_	_	_	_	linguistic	_	none	_	_	2x1	_	_	_
549-4	PST211	549	549	4	che	che	_	_	_	_	_	linguistic	_	none	_	_	_	_	_	_
549-5	PST211	549	549	5	lingue	lingue	_	_	_	_	_	linguistic	_	none	_	_	_	_	_	_
549-6	PST211	549	549	6	parla:te	parlate	_	_	_	_	_	linguistic	_	none	_	_	4x1	_	_	_
549-7	PST211	549	549	7	(tu)	tu	_	_	_	_	_	linguistic	_	none	_	_	_	_	0-2(0)	_
549-8	PST211	549	549	8	hai	hai	_	_	_	_	_	linguistic	_	none	_	_	_	_	_	_
549-9	PST211	549	549	9	detto	detto	_	_	_	_	_	linguistic	_	none	_	_	_	_	_	_
549-10	PST211	549	549	10	che	che	_	_	_	_	_	linguistic	_	none	_	_	_	_	_	_
549-11	PST211	549	549	11	tuo	tuo	_	_	_	_	_	linguistic	_	none	_	_	_	_	_	_
549-12	PST211	549	549	12	marito	marito	_	_	_	_	_	linguistic	_	none	_	_	_	_	_	_
549-13	PST211	549	549	13	è	è	_	_	_	_	_	linguistic	_	none	_	_	_	_	_	_
549-14	PST211	549	549	14	na~	na~	_	_	_	_	_	linguistic	_	none	Interrupted=Yes	_	_	_	_	_
549-15	PST211	549	549	15	è:	è	_	_	_	_	_	linguistic	_	none	_	_	0x1	_	_	_
549-16	PST211	549	549	16	italiano	italiano	_	_	_	_	_	linguistic	_	none	_	_	_	_	_	_
549-17	PST211	549	549	17	è	è	_	_	_	_	_	linguistic	_	none	_	_	_	_	_	_
549-18	PST211	549	549	18	nato	nato	_	_	_	_	_	linguistic	_	none	_	_	_	_	_	_
549-19	PST211	549	549	19	qui	qui	_	_	_	_	_	linguistic	_	none	_	End=1229.267	_	_	_	_
550-0	PST038	550	550	0	sì	sì	_	_	_	_	_	linguistic	_	none	_	Begin=1229.499	_	_	_	_
550-1	PST038	550	550	1	nato	nato	_	_	_	_	_	linguistic	_	none	_	_	_	_	_	_
550-2	PST038	550	550	2	[qua]	qua	_	_	_	_	_	linguistic	_	none	_	End=1230.539	_	_	_	0-3(125)
551-0	PST211	551	551	0	[e::h]	eh	_	_	_	_	_	linguistic	_	none	_	Begin=1230.214|End=1230.906	0x2	_	_	0-2(125)
552-0	PST211	552	552	0	quindi	quindi	_	_	_	_	_	linguistic	_	none	_	Begin=1231.133	_	_	_	_
552-1	PST211	552	552	1	co~	co~	_	_	_	_	_	linguistic	_	none	Interrupted=Yes	_	_	_	_	_
552-2	PST211	552	552	2	riuscite:	riuscite	_	_	_	_	_	linguistic	_	none	_	_	7x1	_	_	_
552-3	PST211	552	552	3	a:	a	_	_	_	_	_	linguistic	_	none	_	_	0x1	_	_	_
552-4	PST211	552	552	4	eh	eh	_	_	_	_	_	linguistic	_	none	_	_	_	_	_	_
552-5	PST211	552	552	5	tu:	tu	_	_	_	_	_	linguistic	_	none	_	_	1x1	_	_	_
552-6	PST211	552	552	6	a:	a	_	_	_	_	_	linguistic	_	none	_	_	0x1	_	_	_
552-7	PST211	552	552	7	tuo	tuo	_	_	_	_	_	linguistic	_	none	_	_	_	_	_	_
552-8	PST211	552	552	8	figlio	figlio	_	_	_	_	_	linguistic	_	none	_	_	_	_	_	_
552-9	PST211	552	552	9	hai	hai	_	_	_	_	_	linguistic	_	none	_	_	_	_	_	_
552-10	PST211	552	552	10	insegnato	insegnato	_	_	_	_	_	linguistic	_	none	_	_	_	_	_	_
552-11	PST211	552	552	11	(li)	li	_	_	_	_	_	linguistic	_	none	_	_	_	_	0-2(0)	_
552-12	PST211	552	552	12	spa~	spa~	_	_	_	_	_	linguistic	_	none	Interrupted=Yes	_	_	_	_	_
552-13	PST211	552	552	13	lo	lo	_	_	_	_	_	linguistic	_	none	_	_	_	_	_	_
552-14	PST211	552	552	14	spagno:lo	spagnolo	_	_	_	_	_	linguistic	_	none	_	_	5x1	_	_	_
552-15	PST211	552	552	15	sì	sì	_	_	_	_	_	linguistic	_	none	_	End=1234.914	_	_	_	_
553-0	PST038	553	553	0	mio	mio	_	_	_	_	_	linguistic	_	none	_	Begin=1235.288	_	_	_	_
553-1	PST038	553	553	1	figlio	figlio	_	_	_	_	_	linguistic	_	none	_	_	_	_	_	_
553-2	PST038	553	553	2	sì	sì	_	_	_	_	_	linguistic	_	none	_	_	_	_	_	_
553-3	PST038	553	553	3	e::h	eh	_	_	_	_	_	linguistic	_	none	_	End=1237.509	0x2	_	_	_
554-0	PST038	554	554	0	si	si	_	_	_	_	_	linguistic	_	none	_	Begin=1238.64	_	_	_	_
554-1	PST038	554	554	1	nasce	nasce	_	_	_	_	_	linguistic	_	none	_	_	_	_	_	_
554-2	PST038	554	554	2	con	con	_	_	_	_	_	linguistic	_	none	_	_	_	_	_	_
554-3	PST038	554	554	3	la	la	_	_	_	_	_	linguistic	_	none	_	_	_	_	_	_
554-4	PST038	554	554	4	predisposizio:ne	predisposizione	_	_	_	_	_	linguistic	_	none	_	_	12x1	_	_	_
554-5	PST038	554	554	5	[cre:]do	credo	_	_	_	_	_	linguistic	_	none	_	End=1241.002	2x1	_	_	0-3(126)
555-0	PST211	555	555	0	[e:h]	eh	_	_	_	_	_	linguistic	_	none	_	Begin=1240.48|End=1240.858	0x1	_	_	0-2(126)
556-0	PST038	556	556	0	perché:::	perché	_	_	_	_	_	linguistic	_	none	_	Begin=1241.049	5x3	_	_	_
556-1	PST038	556	556	1	senza	senza	_	_	_	_	_	linguistic	_	none	_	_	_	_	_	_
556-2	PST038	556	556	2	insegnarle	insegnarle	_	_	_	_	_	linguistic	_	none	_	_	_	_	_	_
556-3	PST038	556	556	3	io	io	_	_	_	_	_	linguistic	_	none	_	_	_	_	_	_
556-4	PST038	556	556	4	gli	gli	_	_	_	_	_	linguistic	_	none	_	_	_	_	_	_
556-5	PST038	556	556	5	parlo	parlo	_	_	_	_	_	linguistic	_	none	_	_	_	_	_	_
556-6	PST038	556	556	6	e	e	_	_	_	_	_	linguistic	_	none	_	_	_	_	_	_
556-7	PST038	556	556	7	lui	lui	_	_	_	_	_	linguistic	_	none	_	_	_	_	_	_
556-8	PST038	556	556	8	sa::	sa	_	_	_	_	_	linguistic	_	none	_	_	1x2	_	_	_
556-9	PST038	556	556	9	perfettamente	perfettamente	_	_	_	_	_	linguistic	_	none	_	_	_	_	_	_
556-10	PST038	556	556	10	cosa	cosa	_	_	_	_	_	linguistic	_	none	_	_	_	_	_	_
556-11	PST038	556	556	11	gli	gli	_	_	_	_	_	linguistic	_	none	_	_	_	_	_	_
556-12	PST038	556	556	12	sto	sto	_	_	_	_	_	linguistic	_	none	_	_	_	_	_	_
556-13	PST038	556	556	13	dice:ndo	dicendo	_	_	_	_	_	linguistic	_	none	_	End=1246.834	3x1	_	_	_
557-0	PST211	557	557	0	mh	mh	_	_	_	_	_	linguistic	_	none	ProsodicLink=Yes	Begin=1246.834	_	_	_	_
557-1	PST211	557	557	1	mh	mh	_	_	_	_	_	linguistic	_	none	_	End=1247.315	_	_	_	_
558-0	PST038	558	558	0	e	e	_	_	_	_	_	linguistic	_	some	_	Begin=1247.38	_	_	_	_
558-1	PST038	558	558	1	anche	anche	_	_	_	_	_	linguistic	_	some	_	_	_	_	_	_
558-2	PST038	558	558	2	se	se	_	_	_	_	_	linguistic	_	some	_	_	_	_	_	_
558-3	PST038	558	558	3	le	le	_	_	_	_	_	linguistic	_	some	_	_	_	_	_	_
558-4	PST038	558	558	4	mando	mando	_	_	_	_	_	linguistic	_	some	_	_	_	_	_	_
558-5	PST038	558	558	5	un	un	_	_	_	_	_	linguistic	_	some	_	_	_	_	_	_
558-6	PST038	558	558	6	($e)scritto	escritto	_	_	_	_	_	linguistic	_	some	Orthography=Yes|Variation=Emerging	_	_	_	0-2(0)	_
558-7	PST038	558	558	7	#en	en	_	_	_	_	_	linguistic	_	some	Language=NO_ISO_CODE|Variation=Token	_	_	_	_	_
558-8	PST038	558	558	8	$espagno:lo	espagnolo	_	_	_	_	_	linguistic	_	some	Orthography=Yes|Variation=Emerging	_	6x1	_	_	_
558-9	PST038	558	558	9	lui	lui	_	_	_	_	_	linguistic	_	some	_	End=1249.73	_	_	_	_
559-0	PST038	559	559	0	l'	l'	_	_	_	_	_	linguistic	_	none	SpaceAfter=No	Begin=1250.056	_	_	_	_
559-1	PST038	559	559	1	ha	ha	_	_	_	_	_	linguistic	_	none	_	_	_	_	_	_
559-2	PST038	559	559	2	capito	capito	_	_	_	_	_	linguistic	_	none	_	_	_	_	_	_
559-3	PST038	559	559	3	non	non	_	_	_	_	_	linguistic	_	none	_	_	_	_	_	_
559-4	PST038	559	559	4	l'	l'	_	_	_	_	_	linguistic	_	none	SpaceAfter=No	_	_	_	_	_
559-5	PST038	559	559	5	ha	ha	_	_	_	_	_	linguistic	_	none	_	_	_	_	_	_
559-6	PST038	559	559	6	let[to	letto	_	_	_	_	_	linguistic	_	none	_	_	_	_	_	1-5(127)
559-7	PST038	559	559	7	ma:i]	mai	_	_	_	_	_	linguistic	_	none	_	_	1x1	_	_	0-2(127)
559-8	PST038	559	559	8	non	non	_	_	_	_	_	linguistic	_	none	_	_	_	_	_	_
559-9	PST038	559	559	9	l'	l'	_	_	_	_	_	linguistic	_	none	SpaceAfter=No	_	_	_	_	_
559-10	PST038	559	559	10	ha	ha	_	_	_	_	_	linguistic	_	none	_	_	_	_	0-2(0)	_
559-11	PST038	559	559	11	($e)studiato	estudiato	_	_	_	_	_	linguistic	_	none	Orthography=Yes|Variation=Emerging	_	_	_	_	8-10(128)
559-12	PST038	559	559	12	[ma:i:]	mai	_	_	_	_	_	linguistic	_	none	_	End=1252.684	1x1,2x1	_	_	0-2(128)
560-0	PST211	560	560	0	[certo]	certo	_	_	_	_	_	linguistic	_	none	_	Begin=1251.12|End=1251.808	_	_	_	0-5(127)
561-0	PST211	561	561	0	[ah	ah	_	_	_	_	_	linguistic	_	none	ProsodicLink=Yes	Begin=1252.191	_	_	_	0-2(128)
561-1	PST211	561	561	1	ah]	ah	_	_	_	_	_	linguistic	_	none	_	End=1252.672	_	_	_	0-2(128)
562-0	PST211	562	562	0	e	e	_	_	_	_	_	linguistic	_	none	_	Begin=1253.204	_	_	_	_
562-1	PST211	562	562	1	quindi	quindi	_	_	_	_	_	linguistic	_	none	_	_	_	_	_	_
562-2	PST211	562	562	2	in	in	_	_	_	_	_	linguistic	_	none	_	_	_	_	_	_
562-3	PST211	562	562	3	casa	casa	_	_	_	_	_	linguistic	_	none	_	_	_	_	_	_
562-4	PST211	562	562	4	parlate	parlate	_	_	_	_	_	linguistic	_	none	_	_	_	_	_	_
562-5	PST211	562	562	5	un	un	_	_	_	_	_	linguistic	_	none	_	_	_	_	_	_
562-6	PST211	562	562	6	po'	po'	_	_	_	_	_	linguistic	_	none	_	_	_	_	_	_
562-7	PST211	562	562	7	italiano	italiano	_	_	_	_	_	linguistic	_	none	_	_	_	_	_	_
562-8	PST211	562	562	8	e	e	_	_	_	_	_	linguistic	_	none	_	_	_	_	_	_
562-9	PST211	562	562	9	un	un	_	_	_	_	_	linguistic	_	none	_	_	_	_	_	_
562-10	PST211	562	562	10	po'	po'	_	_	_	_	_	linguistic	_	none	_	_	_	_	_	_
562-11	PST211	562	562	11	spagno:[lo]	spagnolo	_	_	_	_	_	linguistic	_	none	_	End=1255.625	5x1	_	_	6-8(129)
563-0	PST038	563	563	0	[io]	io	_	_	_	_	_	linguistic	_	some	_	Begin=1255.455	_	_	_	0-2(129)
563-1	PST038	563	563	1	parlo	parlo	_	_	_	_	_	linguistic	_	some	_	_	_	_	_	_
563-2	PST038	563	563	2	con	con	_	_	_	_	_	linguistic	_	some	_	_	_	_	_	_
563-3	PST038	563	563	3	lui	lui	_	_	_	_	_	linguistic	_	some	_	_	_	_	_	_
563-4	PST038	563	563	4	(#en)	en	_	_	_	_	_	linguistic	_	some	Language=NO_ISO_CODE|Variation=Token	_	_	_	0-3(0)	_
563-5	PST038	563	563	5	spagnolo	spagnolo	_	_	_	_	_	linguistic	_	some	_	_	_	_	_	_
563-6	PST038	563	563	6	ta::n[to]	tanto	_	_	_	_	_	linguistic	_	some	_	End=1257.588	1x2	_	_	3-5(130)
564-0	PST211	564	564	0	[o]kay	okay	_	_	_	_	_	linguistic	_	none	_	Begin=1257.208|End=1257.822	_	_	_	0-1(130)
565-0	PST038	565	565	0	e::h	eh	_	_	_	_	_	linguistic	_	none	_	Begin=1257.826	0x2	_	_	_
565-1	PST038	565	565	1	però::	però	_	_	_	_	_	linguistic	_	none	_	_	3x2	_	_	_
565-2	PST038	565	565	2	po:i	poi	_	_	_	_	_	linguistic	_	none	_	_	1x1	_	_	_
565-3	PST038	565	565	3	quando	quando	_	_	_	_	_	linguistic	_	none	_	_	_	_	_	_
565-4	PST038	565	565	4	c'	c'	_	_	_	_	_	linguistic	_	none	SpaceAfter=No	_	_	_	_	_
565-5	PST038	565	565	5	è:	è	_	_	_	_	_	linguistic	_	none	_	_	0x1	_	_	_
565-6	PST038	565	565	6	mio	mio	_	_	_	_	_	linguistic	_	none	_	_	_	_	_	_
565-7	PST038	565	565	7	mari:to	marito	_	_	_	_	_	linguistic	_	none	_	_	3x1	_	_	_
565-8	PST038	565	565	8	e	e	_	_	_	_	_	linguistic	_	none	_	_	_	_	_	_
565-9	PST038	565	565	9	tutto	tutto	_	_	_	_	_	linguistic	_	none	_	_	_	_	_	_
565-10	PST038	565	565	10	parliamo	parliamo	_	_	_	_	_	linguistic	_	none	_	_	_	_	_	_
565-11	PST038	565	565	11	in	in	_	_	_	_	_	linguistic	_	none	_	_	_	_	_	_
565-12	PST038	565	565	12	[italia:no	italiano	_	_	_	_	_	linguistic	_	none	_	_	5x1	_	_	0-8(131)
565-13	PST038	565	565	13	sì]	sì	_	_	_	_	_	linguistic	_	none	_	End=1262.615	_	_	_	0-2(131)
566-0	PST211	566	566	0	[(e:h)	eh	_	_	_	_	_	linguistic	_	none	_	Begin=1261.675	0x1	_	0-2(0)	0-2(131)
566-1	PST211	566	566	1	perché]	perché	_	_	_	_	_	linguistic	_	none	_	_	_	_	_	0-6(131)
566-2	PST211	566	566	2	tuo	tuo	_	_	_	_	_	linguistic	_	none	_	_	_	_	_	_
566-3	PST211	566	566	3	marito	marito	_	_	_	_	_	linguistic	_	none	_	_	_	_	_	_
566-4	PST211	566	566	4	non	non	_	_	_	_	_	linguistic	_	none	_	_	_	_	_	_
566-5	PST211	566	566	5	lo	lo	_	_	_	_	_	linguistic	_	none	_	_	_	_	_	_
566-6	PST211	566	566	6	sa	sa	_	_	_	_	_	linguistic	_	none	_	_	_	_	_	_
566-7	PST211	566	566	7	lo	lo	_	_	_	_	_	linguistic	_	none	_	_	_	_	_	_
566-8	PST211	566	566	8	spagnolo	spagnolo	_	_	_	_	_	linguistic	_	none	_	End=1264.001	_	_	_	_
567-0	PST038	567	567	0	no	no	_	_	_	_	_	linguistic	_	none	_	Begin=1264.211	_	_	_	_
567-1	PST038	567	567	1	lo	lo	_	_	_	_	_	linguistic	_	none	_	_	_	_	_	_
567-2	PST038	567	567	2	capisce	capisce	_	_	_	_	_	linguistic	_	none	_	_	_	_	_	_
567-3	PST038	567	567	3	sì:	sì	_	_	_	_	_	linguistic	_	none	_	_	1x1	_	_	_
567-4	PST038	567	567	4	lo	lo	_	_	_	_	_	linguistic	_	none	_	_	_	_	_	_
567-5	PST038	567	567	5	capisce	capisce	_	_	_	_	_	linguistic	_	none	_	_	_	_	_	_
567-6	PST038	567	567	6	sì	sì	_	_	_	_	_	linguistic	_	none	_	_	_	_	_	_
567-7	PST038	567	567	7	si	si	_	_	_	_	_	linguistic	_	none	_	_	_	_	_	_
567-8	PST038	567	567	8	arrabbia	arrabbia	_	_	_	_	_	linguistic	_	none	_	_	_	_	_	_
567-9	PST038	567	567	9	un	un	_	_	_	_	_	linguistic	_	none	_	_	_	_	_	_
567-10	PST038	567	567	10	po'	po'	_	_	_	_	_	linguistic	_	none	_	_	_	_	_	_
567-11	PST038	567	567	11	perché	perché	_	_	_	_	_	linguistic	_	none	_	_	_	_	_	_
567-12	PST038	567	567	12	io	io	_	_	_	_	_	linguistic	_	none	_	_	_	_	_	_
567-13	PST038	567	567	13	gli	gli	_	_	_	_	_	linguistic	_	none	_	_	_	_	_	_
567-14	PST038	567	567	14	parlo::	parlo	_	_	_	_	_	linguistic	_	none	_	_	4x2	_	_	_
567-15	PST038	567	567	15	solo	solo	_	_	_	_	_	linguistic	_	none	_	_	_	_	_	_
567-16	PST038	567	567	16	in	in	_	_	_	_	_	linguistic	_	none	_	_	_	_	_	_
567-17	PST038	567	567	17	italia:no	italiano	_	_	_	_	_	linguistic	_	none	_	_	5x1	_	_	_
567-18	PST038	567	567	18	però	però	_	_	_	_	_	linguistic	_	none	_	_	_	_	_	_
567-19	PST038	567	567	19	e::h	eh	_	_	_	_	_	linguistic	_	none	_	End=1270.452	0x2	_	_	_
568-0	PST038	568	568	0	lo	lo	_	_	_	_	_	linguistic	_	none	_	Begin=1270.822	_	_	_	_
568-1	PST038	568	568	1	capisce:,	capisce	_	_	_	_	_	linguistic	_	none	Intonation=WeaklyRising	End=1271.818	6x1	_	_	_
569-0	PST038	569	569	0	abba:stanza.	abbastanza	_	_	_	_	_	linguistic	_	none	Intonation=Falling	Begin=1272.088|End=1272.875	3x1	_	_	_
570-0	PST038	570	570	0	molto	molto	_	_	_	_	_	linguistic	_	none	_	Begin=1272.955	_	_	_	_
570-1	PST038	570	570	1	mo:lto	molto	_	_	_	_	_	linguistic	_	none	_	_	1x1	_	_	_
570-2	PST038	570	570	2	e	e	_	_	_	_	_	linguistic	_	none	_	_	_	_	_	_
570-3	PST038	570	570	3	tutto	tutto	_	_	_	_	_	linguistic	_	none	_	_	_	_	_	_
570-4	PST038	570	570	4	mi:~	mi~	_	_	_	_	_	linguistic	_	none	Interrupted=Yes	_	1x1	_	_	_
570-5	PST038	570	570	5	mio	mio	_	_	_	_	_	linguistic	_	none	_	_	_	_	_	_
570-6	PST038	570	570	6	mio	mio	_	_	_	_	_	linguistic	_	none	_	_	_	_	_	_
570-7	PST038	570	570	7	fi:glio	figlio	_	_	_	_	_	linguistic	_	none	_	End=1275.6	1x1	_	_	_
571-0	PST211	571	571	0	eh	eh	_	_	_	_	_	linguistic	_	none	_	Begin=1275.6	_	_	_	_
571-1	PST211	571	571	1	beh	beh	_	_	_	_	_	linguistic	_	none	_	_	_	_	_	_
571-2	PST211	571	571	2	[sì]	sì	_	_	_	_	_	linguistic	_	none	_	End=1276.387	_	_	_	0-2(132)
572-0	PST038	572	572	0	[io]	io	_	_	_	_	_	linguistic	_	some	_	Begin=1276.144	_	_	_	0-2(132)
572-1	PST038	572	572	1	#*no	no	_	_	_	_	_	linguistic	_	some	Language=NO_ISO_CODE|Variation=Doubtful	_	_	_	_	_
572-2	PST038	572	572	2	capisco	capisco	_	_	_	_	_	linguistic	_	some	_	_	_	_	_	_
572-3	PST038	572	572	3	come:	come	_	_	_	_	_	linguistic	_	some	_	_	3x1	_	_	_
572-4	PST038	572	572	4	possa	possa	_	_	_	_	_	linguistic	_	some	_	_	_	_	_	_
572-5	PST038	572	572	5	e:ssere	essere	_	_	_	_	_	linguistic	_	some	_	End=1278.254	0x1	_	_	_
573-0	PST038	573	573	0	forse	forse	_	_	_	_	_	linguistic	_	none	_	Begin=1278.289	_	_	_	_
573-1	PST038	573	573	1	nel	nel	_	_	_	_	_	linguistic	_	none	_	_	_	_	_	_
573-2	PST038	573	573	2	di	di	_	_	_	_	_	linguistic	_	none	_	_	_	_	_	_
573-3	PST038	573	573	3	enne	enne	_	_	_	_	_	linguistic	_	none	_	_	_	_	_	_
573-4	PST038	573	573	4	a	a	_	_	_	_	_	linguistic	_	none	_	_	_	_	_	_
573-5	PST038	573	573	5	che	che	_	_	_	_	_	linguistic	_	none	_	_	_	_	_	_
573-6	PST038	573	573	6	si	si	_	_	_	_	_	linguistic	_	none	_	_	_	_	_	_
573-7	PST038	573	573	7	nasce	nasce	_	_	_	_	_	linguistic	_	none	_	_	_	_	_	_
573-8	PST038	573	573	8	con	con	_	_	_	_	_	linguistic	_	none	_	_	_	_	_	_
573-9	PST038	573	573	9	quella	quella	_	_	_	_	_	linguistic	_	none	_	_	_	_	_	_
573-10	PST038	573	573	10	predisposizio:ne	predisposizione	_	_	_	_	_	linguistic	_	none	_	_	12x1	_	_	_
573-11	PST038	573	573	11	ma:	ma	_	_	_	_	_	linguistic	_	none	_	End=1281.335	1x1	_	_	_
574-0	PST038	574	574	0	lui	lui	_	_	_	_	_	linguistic	_	none	_	Begin=1281.581	_	_	_	_
574-1	PST038	574	574	1	le:gge	legge	_	_	_	_	_	linguistic	_	none	_	End=1282.461	1x1	_	_	_
575-0	PST211	575	575	0	mh	mh	_	_	_	_	_	linguistic	_	none	ProsodicLink=Yes	Begin=1282.48	_	_	_	_
575-1	PST211	575	575	1	mh	mh	_	_	_	_	_	linguistic	_	none	_	End=1282.86	_	_	_	_
576-0	PST038	576	576	0	lui::	lui	_	_	_	_	_	linguistic	_	none	_	Begin=1282.944|End=1284.24	2x2	_	_	_
577-0	PST038	577	577	0	capi:sce	capisce	_	_	_	_	_	linguistic	_	none	_	Begin=1284.422	3x1	_	_	_
577-1	PST038	577	577	1	capisce	capisce	_	_	_	_	_	linguistic	_	none	_	_	_	_	_	_
577-2	PST038	577	577	2	anche	anche	_	_	_	_	_	linguistic	_	none	_	_	_	_	_	_
577-3	PST038	577	577	3	le	le	_	_	_	_	_	linguistic	_	none	_	_	_	_	_	_
577-4	PST038	577	577	4	battute	battute	_	_	_	_	_	linguistic	_	none	_	_	_	_	_	_
577-5	PST038	577	577	5	doppio	doppio	_	_	_	_	_	linguistic	_	none	_	_	_	_	_	_
577-6	PST038	577	577	6	senso	senso	_	_	_	_	_	linguistic	_	none	_	_	_	_	_	_
577-7	PST038	577	577	7	in	in	_	_	_	_	_	linguistic	_	none	_	_	_	_	_	_
577-8	PST038	577	577	8	$espa[gno:lo]	espagnolo	_	_	_	_	_	linguistic	_	none	Orthography=Yes|Variation=Emerging	End=1287.671	6x1	_	_	5-10(133)
578-0	PST211	578	578	0	[mh]	mh	_	_	_	_	_	linguistic	_	none	ProsodicLink=Yes	Begin=1287.347	_	_	_	0-2(133)
578-1	PST211	578	578	1	mh	mh	_	_	_	_	_	linguistic	_	none	_	End=1287.725	_	_	_	_
579-0	PST211	579	579	0	beh	beh	_	_	_	_	_	linguistic	_	none	_	Begin=1288.093	_	_	_	_
579-1	PST211	579	579	1	se	se	_	_	_	_	_	linguistic	_	none	_	_	_	_	_	_
579-2	PST211	579	579	2	tu	tu	_	_	_	_	_	linguistic	_	none	_	_	_	_	_	_
579-3	PST211	579	579	3	gli	gli	_	_	_	_	_	linguistic	_	none	_	_	_	_	_	_
579-4	PST211	579	579	4	hai	hai	_	_	_	_	_	linguistic	_	none	_	_	_	_	_	_
579-5	PST211	579	579	5	parlato	parlato	_	_	_	_	_	linguistic	_	none	_	_	_	_	_	_
579-6	PST211	579	579	6	in	in	_	_	_	_	_	linguistic	_	none	_	_	_	_	_	_
579-7	PST211	579	579	7	spagnolo	spagnolo	_	_	_	_	_	linguistic	_	none	_	_	_	_	_	_
579-8	PST211	579	579	8	da	da	_	_	_	_	_	linguistic	_	none	_	_	_	_	_	_
579-9	PST211	579	579	9	quando	quando	_	_	_	_	_	linguistic	_	none	_	_	_	_	_	_
579-10	PST211	579	579	10	è	è	_	_	_	_	_	linguistic	_	none	_	_	_	_	_	_
579-11	PST211	579	579	11	na:to	nato	_	_	_	_	_	linguistic	_	none	_	_	1x1	_	_	_
579-12	PST211	579	579	12	è::	è	_	_	_	_	_	linguistic	_	none	_	_	0x2	_	_	_
579-13	PST211	579	579	13	[è	è	_	_	_	_	_	linguistic	_	none	_	_	_	_	_	0-1(134)
579-14	PST211	579	579	14	normale]	normale	_	_	_	_	_	linguistic	_	none	_	_	_	_	_	0-7(134)
579-15	PST211	579	579	15	dicia[mo	diciamo	_	_	_	_	_	linguistic	_	none	_	_	_	_	_	5-7(135)
579-16	PST211	579	579	16	è:]	è	_	_	_	_	_	linguistic	_	none	_	_	0x1	_	_	0-1(135)
579-17	PST211	579	579	17	una	una	_	_	_	_	_	linguistic	_	none	_	_	_	_	_	_
579-18	PST211	579	579	18	bella	bella	_	_	_	_	_	linguistic	_	none	_	_	_	_	_	_
579-19	PST211	579	579	19	cosa	cosa	_	_	_	_	_	linguistic	_	none	_	_	_	_	_	_
579-20	PST211	579	579	20	e:	e	_	_	_	_	_	linguistic	_	none	_	End=1294.823	0x1	_	_	_
580-0	PST038	580	580	0	[sì]	sì	_	_	_	_	_	linguistic	_	none	_	Begin=1292.116|End=1292.676	_	_	_	0-2(134)
581-0	PST038	581	581	0	[sì	sì	_	_	_	_	_	linguistic	_	none	_	Begin=1292.932	_	_	_	0-2(135)
581-1	PST038	581	581	1	sì	sì	_	_	_	_	_	linguistic	_	none	_	_	_	_	_	0-2(135)
581-2	PST038	581	581	2	sì]	sì	_	_	_	_	_	linguistic	_	none	_	End=1293.612	_	_	_	0-2(135)
582-0	PST038	582	582	0	sì::	sì	_	_	_	_	_	linguistic	_	none	_	Begin=1294.826|End=1295.386	1x2	_	_	_
583-0	PST038	583	583	0	sì	sì	_	_	_	_	_	linguistic	_	none	ProsodicLink=Yes	Begin=1295.467	_	_	_	_
583-1	PST038	583	583	1	sì	sì	_	_	_	_	_	linguistic	_	none	_	_	_	_	_	_
583-2	PST038	583	583	2	quello	quello	_	_	_	_	_	linguistic	_	none	_	_	_	_	_	_
583-3	PST038	583	583	3	sì	sì	_	_	_	_	_	linguistic	_	none	_	_	_	_	_	_
583-4	PST038	583	583	4	parla::	parla	_	_	_	_	_	linguistic	_	none	_	_	4x2	_	_	_
583-5	PST038	583	583	5	parla	parla	_	_	_	_	_	linguistic	_	none	_	_	_	_	_	_
583-6	PST038	583	583	6	in	in	_	_	_	_	_	linguistic	_	none	_	_	_	_	_	_
583-7	PST038	583	583	7	$espagnolo	espagnolo	_	_	_	_	_	linguistic	_	none	Orthography=Yes|Variation=Emerging	_	_	_	_	_
583-8	PST038	583	583	8	e:	e	_	_	_	_	_	linguistic	_	none	_	_	0x1	_	_	_
583-9	PST038	583	583	9	parla	parla	_	_	_	_	_	linguistic	_	none	_	_	_	_	_	_
583-10	PST038	583	583	10	in	in	_	_	_	_	_	linguistic	_	none	_	_	_	_	_	_
583-11	PST038	583	583	11	italia:no	italiano	_	_	_	_	_	linguistic	_	none	_	_	5x1	_	_	_
583-12	PST038	583	583	12	[poi	poi	_	_	_	_	_	linguistic	_	none	_	_	_	_	_	0-3(136)
583-13	PST038	583	583	13	la]	la	_	_	_	_	_	linguistic	_	none	_	_	_	_	_	0-2(136)
583-14	PST038	583	583	14	sua	sua	_	_	_	_	_	linguistic	_	none	_	_	_	_	_	_
583-15	PST038	583	583	15	lingua	lingua	_	_	_	_	_	linguistic	_	none	_	_	_	_	_	_
583-16	PST038	583	583	16	qua:	qua	_	_	_	_	_	linguistic	_	none	_	End=1300.979	2x1	_	_	_
584-0	PST211	584	584	0	[mh	mh	_	_	_	_	_	linguistic	_	none	ProsodicLink=Yes	Begin=1299.76	_	_	_	0-2(136)
584-1	PST211	584	584	1	mh]	mh	_	_	_	_	_	linguistic	_	none	_	End=1300.073	_	_	_	0-2(136)
585-0	PST211	585	585	0	m:h	mh	_	_	_	_	_	linguistic	_	none	_	Begin=1301.137|End=1301.449	0x1	_	_	_
586-0	PST038	586	586	0	it[aliano]	italiano	_	_	_	_	_	linguistic	_	none	_	Begin=1301.662|End=1302.348	_	_	_	2-8(137)
587-0	PST211	587	587	0	[e	e	_	_	_	_	_	linguistic	_	none	_	Begin=1301.8	_	_	_	0-1(137)
587-1	PST211	587	587	1	tu	tu	_	_	_	_	_	linguistic	_	none	_	_	_	_	_	0-2(137)
587-2	PST211	587	587	2	come::]	come	_	_	_	_	_	linguistic	_	none	_	_	3x2	_	_	0-4(137)
587-3	PST211	587	587	3	senti	senti	_	_	_	_	_	linguistic	_	none	_	_	_	_	_	_
587-4	PST211	587	587	4	questa::	questa	_	_	_	_	_	linguistic	_	none	_	_	5x2	_	_	_
587-5	PST211	587	587	5	coesistenza	coesistenza	_	_	_	_	_	linguistic	_	none	_	_	_	_	_	_
587-6	PST211	587	587	6	di	di	_	_	_	_	_	linguistic	_	none	_	_	_	_	_	_
587-7	PST211	587	587	7	italiano	italiano	_	_	_	_	_	linguistic	_	none	_	_	_	_	_	_
587-8	PST211	587	587	8	e	e	_	_	_	_	_	linguistic	_	none	_	_	_	_	_	_
587-9	PST211	587	587	9	spagno:lo	spagnolo	_	_	_	_	_	linguistic	_	none	_	_	5x1	_	_	_
587-10	PST211	587	587	10	c(io)è::	cioè	_	_	_	_	_	linguistic	_	none	_	_	3x2	_	1-3(0)	_
587-11	PST211	587	587	11	vorresti	vorresti	_	_	_	_	_	linguistic	_	none	_	_	_	_	_	_
587-12	PST211	587	587	12	avere	avere	_	_	_	_	_	linguistic	_	none	_	_	_	_	_	_
587-13	PST211	587	587	13	più	più	_	_	_	_	_	linguistic	_	none	_	_	_	_	_	_
587-14	PST211	587	587	14	occasioni	occasioni	_	_	_	_	_	linguistic	_	none	_	_	_	_	_	_
587-15	PST211	587	587	15	in	in	_	_	_	_	_	linguistic	_	none	_	_	_	_	_	_
587-16	PST211	587	587	16	cui	cui	_	_	_	_	_	linguistic	_	none	_	_	_	_	_	_
587-17	PST211	587	587	17	parlare	parlare	_	_	_	_	_	linguistic	_	none	_	_	_	_	_	_
587-18	PST211	587	587	18	spagno:lo	spagnolo	_	_	_	_	_	linguistic	_	none	_	_	5x1	_	_	_
587-19	PST211	587	587	19	ce	ce	_	_	_	_	_	linguistic	_	none	_	_	_	_	_	_
587-20	PST211	587	587	20	le	le	_	_	_	_	_	linguistic	_	none	_	_	_	_	_	_
587-21	PST211	587	587	21	ha:i:	hai	_	_	_	_	_	linguistic	_	none	_	End=1309.434	1x1,2x1	_	_	_
588-0	PST211	588	588	0	a::h	ah	_	_	_	_	_	linguistic	_	none	_	Begin=1309.717	0x2	_	_	_
588-1	PST211	588	588	1	te	te	_	_	_	_	_	linguistic	_	none	_	_	_	_	_	_
588-2	PST211	588	588	2	le	le	_	_	_	_	_	linguistic	_	none	_	_	_	_	_	_
588-3	PST211	588	588	3	mischi	mischi	_	_	_	_	_	linguistic	_	none	_	_	_	_	_	_
588-4	PST211	588	588	4	un	un	_	_	_	_	_	linguistic	_	none	_	_	_	_	_	_
588-5	PST211	588	588	5	po'	po'	_	_	_	_	_	linguistic	_	none	_	_	_	_	_	_
588-6	PST211	588	588	6	nella	nella	_	_	_	_	_	linguistic	_	none	_	_	_	_	_	_
588-7	PST211	588	588	7	te:sta	testa	_	_	_	_	_	linguistic	_	none	_	_	1x1	_	_	_
588-8	PST211	588	588	8	come::	come	_	_	_	_	_	linguistic	_	none	_	_	3x2	_	_	_
588-9	PST211	588	588	9	come	come	_	_	_	_	_	linguistic	_	none	_	_	_	_	_	_
588-10	PST211	588	588	10	la	la	_	_	_	_	_	linguistic	_	none	_	_	_	_	_	_
588-11	PST211	588	588	11	vivi	vivi	_	_	_	_	_	linguistic	_	none	_	End=1313.753	_	_	_	_
589-0	PST038	589	589	0	m::h	mh	_	_	_	_	_	linguistic	_	none	_	Begin=1314.534|End=1315.294	0x2	_	_	_
590-0	PST038	590	590	0	sì	sì	_	_	_	_	_	linguistic	_	none	_	Begin=1315.511	_	_	_	_
590-1	PST038	590	590	1	mi	mi	_	_	_	_	_	linguistic	_	none	_	_	_	_	_	_
590-2	PST038	590	590	2	piacere:bbe	piacerebbe	_	_	_	_	_	linguistic	_	none	_	_	6x1	_	_	_
590-3	PST038	590	590	3	magari	magari	_	_	_	_	_	linguistic	_	none	_	_	_	_	_	_
590-4	PST038	590	590	4	ma	ma	_	_	_	_	_	linguistic	_	none	_	_	_	_	_	_
590-5	PST038	590	590	5	quello	quello	_	_	_	_	_	linguistic	_	none	_	_	_	_	_	_
590-6	PST038	590	590	6	è::	è	_	_	_	_	_	linguistic	_	none	_	_	0x2	_	_	_
590-7	PST038	590	590	7	è	è	_	_	_	_	_	linguistic	_	none	_	_	_	_	_	_
590-8	PST038	590	590	8	utopia	utopia	_	_	_	_	_	linguistic	_	none	_	_	_	_	_	_
590-9	PST038	590	590	9	perché	perché	_	_	_	_	_	linguistic	_	none	_	_	_	_	_	_
590-10	PST038	590	590	10	dovrei	dovrei	_	_	_	_	_	linguistic	_	none	_	_	_	_	_	_
590-11	PST038	590	590	11	andare	andare	_	_	_	_	_	linguistic	_	none	_	_	_	_	_	_
590-12	PST038	590	590	12	di	di	_	_	_	_	_	linguistic	_	none	_	_	_	_	_	_
590-13	PST038	590	590	13	l'	l'	_	_	_	_	_	linguistic	_	none	SpaceAfter=No	_	_	_	_	_
590-14	PST038	590	590	14	altra	altra	_	_	_	_	_	linguistic	_	none	_	_	_	_	_	_
590-15	PST038	590	590	15	pa:rte:	parte	_	_	_	_	_	linguistic	_	none	_	_	1x1,4x1	_	_	_
590-16	PST038	590	590	16	per	per	_	_	_	_	_	linguistic	_	none	_	_	_	_	_	_
590-17	PST038	590	590	17	parlare	parlare	_	_	_	_	_	linguistic	_	none	_	_	_	_	_	_
590-18	PST038	590	590	18	solo	solo	_	_	_	_	_	linguistic	_	none	_	_	_	_	_	_
590-19	PST038	590	590	19	$espagnolo	espagnolo	_	_	_	_	_	linguistic	_	none	Orthography=Yes|Variation=Emerging	End=1322.431	_	_	_	_
591-0	PST211	591	591	0	{ride}	{ride}	_	_	_	_	_	nonverbalbehavior	_	none	_	Begin=1316.489|End=1317.085	_	_	_	_
592-0	PST038	592	592	0	però:::	però	_	_	_	_	_	linguistic	_	none	_	Begin=1322.688	3x3	_	_	_
592-1	PST038	592	592	1	sì	sì	_	_	_	_	_	linguistic	_	none	_	_	_	_	_	_
592-2	PST038	592	592	2	mi	mi	_	_	_	_	_	linguistic	_	none	_	_	_	_	_	_
592-3	PST038	592	592	3	piacere:bbe	piacerebbe	_	_	_	_	_	linguistic	_	none	_	End=1325.213	6x1	_	_	_
593-0	PST038	593	593	0	mi	mi	_	_	_	_	_	linguistic	_	none	_	Begin=1325.689	_	_	_	_
593-1	PST038	593	593	1	piacere:bbe	piacerebbe	_	_	_	_	_	linguistic	_	none	_	_	6x1	_	_	_
593-2	PST038	593	593	2	ce:rto	certo	_	_	_	_	_	linguistic	_	none	_	_	1x1	_	_	_
593-3	PST038	593	593	3	parlare::	parlare	_	_	_	_	_	linguistic	_	none	_	_	6x2	_	_	_
593-4	PST038	593	593	4	in	in	_	_	_	_	_	linguistic	_	none	_	_	_	_	_	_
593-5	PST038	593	593	5	$espagno:[lo]	espagnolo	_	_	_	_	_	linguistic	_	none	Orthography=Yes|Variation=Emerging	End=1329.007	6x1	_	_	8-10(138)
594-0	PST211	594	594	0	[mh]	mh	_	_	_	_	_	linguistic	_	none	_	Begin=1328.68	_	_	_	0-2(138)
594-1	PST211	594	594	1	ma:	ma	_	_	_	_	_	linguistic	_	none	_	_	1x1	_	_	_
594-2	PST211	594	594	2	ci	ci	_	_	_	_	_	linguistic	_	none	_	_	_	_	_	_
594-3	PST211	594	594	3	sono	sono	_	_	_	_	_	linguistic	_	none	_	_	_	_	_	_
594-4	PST211	594	594	4	occasioni	occasioni	_	_	_	_	_	linguistic	_	none	_	_	_	_	_	_
594-5	PST211	594	594	5	fuori	fuori	_	_	_	_	_	linguistic	_	none	_	_	_	_	_	_
594-6	PST211	594	594	6	di	di	_	_	_	_	_	linguistic	_	none	_	_	_	_	_	_
594-7	PST211	594	594	7	ca:sa	casa	_	_	_	_	_	linguistic	_	none	_	_	1x1	_	_	_
594-8	PST211	594	594	8	in	in	_	_	_	_	_	linguistic	_	none	_	_	_	_	_	_
594-9	PST211	594	594	9	cui::	cui	_	_	_	_	_	linguistic	_	none	_	End=1331.403	2x2	_	_	_
595-0	PST038	595	595	0	sì	sì	_	_	_	_	_	linguistic	_	none	_	Begin=1331.422|End=1331.857	_	_	_	_
596-0	PST038	596	596	0	sì	sì	_	_	_	_	_	linguistic	_	none	ProsodicLink=Yes	Begin=1332.301	_	_	_	_
596-1	PST038	596	596	1	sì	sì	_	_	_	_	_	linguistic	_	none	ProsodicLink=Yes	_	_	_	_	_
596-2	PST038	596	596	2	sì	sì	_	_	_	_	_	linguistic	_	none	_	_	_	_	_	_
596-3	PST038	596	596	3	come	come	_	_	_	_	_	linguistic	_	none	_	_	_	_	_	_
596-4	PST038	596	596	4	[i	i	_	_	_	_	_	linguistic	_	none	_	_	_	_	_	0-1(139)
596-5	PST038	596	596	5	connaziona:le	connazionale	_	_	_	_	_	linguistic	_	none	_	_	9x1	_	_	0-12(139)
596-6	PST038	596	596	6	sì	sì	_	_	_	_	_	linguistic	_	none	ProsodicLink=Yes	_	_	_	_	0-2(139)
596-7	PST038	596	596	7	sì	sì	_	_	_	_	_	linguistic	_	none	ProsodicLink=Yes	_	_	_	_	0-2(139)
596-8	PST038	596	596	8	sì]	sì	_	_	_	_	_	linguistic	_	none	_	End=1334.953	_	_	_	0-2(139)
597-0	PST211	597	597	0	[xx	xx	_	_	_	_	_	unknown	_	none	Syllables=2	Begin=1333.32	_	_	_	0-2(139)
597-1	PST211	597	597	1	in	in	_	_	_	_	_	linguistic	_	none	_	_	_	_	_	0-2(139)
597-2	PST211	597	597	2	associazione]	associazione	_	_	_	_	_	linguistic	_	none	_	_	_	_	_	0-12(139)
597-3	PST211	597	597	3	no	no	_	_	_	_	_	linguistic	_	none	_	End=1335.224	_	_	_	_
598-0	PST038	598	598	0	sì	sì	_	_	_	_	_	linguistic	_	none	_	Begin=1335.21	_	_	_	_
598-1	PST038	598	598	1	sì	sì	_	_	_	_	_	linguistic	_	none	ProsodicLink=Yes	_	_	_	_	_
598-2	PST038	598	598	2	sì	sì	_	_	_	_	_	linguistic	_	none	_	End=1336.095	_	_	_	_
599-0	PST038	599	599	0	si	si	_	_	_	_	_	linguistic	_	none	_	Begin=1336.222	_	_	_	_
599-1	PST038	599	599	1	fa	fa	_	_	_	_	_	linguistic	_	none	_	_	_	_	_	_
599-2	PST038	599	599	2	tanto	tanto	_	_	_	_	_	linguistic	_	none	_	_	_	_	_	_
599-3	PST038	599	599	3	$esforzo	esforzo	_	_	_	_	_	linguistic	_	none	Orthography=Yes|Variation=Emerging	_	_	_	_	_
599-4	PST038	599	599	4	dopo	dopo	_	_	_	_	_	linguistic	_	none	_	_	_	_	_	_
599-5	PST038	599	599	5	tanti	tanti	_	_	_	_	_	linguistic	_	none	_	_	_	_	_	_
599-6	PST038	599	599	6	a:nni	anni	_	_	_	_	_	linguistic	_	none	_	_	0x1	_	_	_
599-7	PST038	599	599	7	e::h,	eh	_	_	_	_	_	linguistic	_	none	Intonation=WeaklyRising	End=1338.26	0x2	_	_	_
600-0	PST211	600	600	0	eh	eh	_	_	_	_	_	linguistic	_	none	ProsodicLink=Yes	Begin=1338.26	_	_	_	_
600-1	PST211	600	600	1	eh	eh	_	_	_	_	_	linguistic	_	none	_	End=1338.707	_	_	_	_
601-0	PST038	601	601	0	perché::	perché	_	_	_	_	_	linguistic	_	none	_	Begin=1338.711	5x2	_	_	_
601-1	PST038	601	601	1	usi	usi	_	_	_	_	_	linguistic	_	none	_	_	_	_	_	_
601-2	PST038	601	601	2	molto::	molto	_	_	_	_	_	linguistic	_	none	_	End=1340.968	4x2	_	_	_
602-0	PST038	602	602	0	l:e	le	_	_	_	_	_	linguistic	_	none	_	Begin=1341.986	0x1	_	_	_
602-1	PST038	602	602	1	parole:	parole	_	_	_	_	_	linguistic	_	none	_	_	5x1	_	_	_
602-2	PST038	602	602	2	in	in	_	_	_	_	_	linguistic	_	none	_	_	_	_	_	_
602-3	PST038	602	602	3	italiano:	italiano	_	_	_	_	_	linguistic	_	none	_	_	7x1	_	_	_
602-4	PST038	602	602	4	un	un	_	_	_	_	_	linguistic	_	none	_	_	_	_	_	_
602-5	PST038	602	602	5	po'	po'	_	_	_	_	_	linguistic	_	none	_	_	_	_	_	_
602-6	PST038	602	602	6	che	che	_	_	_	_	_	linguistic	_	none	_	_	_	_	_	_
602-7	PST038	602	602	7	le::	le	_	_	_	_	_	linguistic	_	none	_	_	1x2	_	_	_
602-8	PST038	602	602	8	le	le	_	_	_	_	_	linguistic	_	none	_	_	_	_	_	_
602-9	PST038	602	602	9	esp~	esp~	_	_	_	_	_	linguistic	_	none	Interrupted=Yes	End=1346.433	_	_	_	_
603-0	PST038	603	603	0	le	le	_	_	_	_	_	linguistic	_	none	_	Begin=1347.256	_	_	_	_
603-1	PST038	603	603	1	$espagnolizzi	espagnolizzi	_	_	_	_	_	linguistic	_	none	Orthography=Yes|Variation=Emerging	_	_	_	_	_
603-2	PST038	603	603	2	per	per	_	_	_	_	_	linguistic	_	none	_	_	_	_	_	_
603-3	PST038	603	603	3	[dire:]	dire	_	_	_	_	_	linguistic	_	none	_	_	3x1	_	_	0-4(141)
603-4	PST038	603	603	4	no	no	_	_	_	_	_	linguistic	_	none	_	_	_	_	_	_
603-5	PST038	603	603	5	[così]	così	_	_	_	_	_	linguistic	_	none	_	_	_	_	_	0-4(142)
603-6	PST038	603	603	6	no	no	_	_	_	_	_	linguistic	_	none	_	End=1350.324	_	_	_	_
604-0	PST211	604	604	0	[eh	eh	_	_	_	_	_	linguistic	_	none	ProsodicLink=Yes	Begin=1348.28	_	_	_	0-2(141)
604-1	PST211	604	604	1	eh]	eh	_	_	_	_	_	linguistic	_	none	_	End=1348.653	_	_	_	0-2(141)
605-0	PST211	605	605	0	[okay]	okay	_	_	_	_	_	linguistic	_	none	_	Begin=1349.215|End=1349.584	_	_	_	0-4(142)
606-0	PST038	606	606	0	#como	como	_	_	_	_	_	linguistic	_	some	Language=NO_ISO_CODE|Variation=Token	Begin=1350.637	_	_	_	_
606-1	PST038	606	606	1	qualche::	qualche	_	_	_	_	_	linguistic	_	some	_	_	6x2	_	_	_
606-2	PST038	606	606	2	cosa::	cosa	_	_	_	_	_	linguistic	_	some	_	_	3x2	_	_	_
606-3	PST038	606	606	3	#en	en	_	_	_	_	_	linguistic	_	some	Language=NO_ISO_CODE|Variation=Token	_	_	_	_	_
606-4	PST038	606	606	4	$espagno:lo	espagnolo	_	_	_	_	_	linguistic	_	some	Orthography=Yes|Variation=Emerging	_	6x1	_	_	_
606-5	PST038	606	606	5	che	che	_	_	_	_	_	linguistic	_	some	_	_	_	_	_	_
606-6	PST038	606	606	6	noi	noi	_	_	_	_	_	linguistic	_	some	_	_	_	_	_	_
606-7	PST038	606	606	7	a::	a	_	_	_	_	_	linguistic	_	some	_	End=1354.03	0x2	_	_	_
607-0	PST038	607	607	0	se	se	_	_	_	_	_	linguistic	_	none	_	Begin=1354.306	_	_	_	_
607-1	PST038	607	607	1	fa	fa	_	_	_	_	_	linguistic	_	none	_	_	_	_	_	_
607-2	PST038	607	607	2	un	un	_	_	_	_	_	linguistic	_	none	_	_	_	_	_	_
607-3	PST038	607	607	3	po'::	po'	_	_	_	_	_	linguistic	_	none	_	_	1x2	_	_	_
607-4	PST038	607	607	4	america~	america~	_	_	_	_	_	linguistic	_	none	Interrupted=Yes	_	_	_	_	_
607-5	PST038	607	607	5	l'	l'	_	_	_	_	_	linguistic	_	none	SpaceAfter=No	_	_	_	_	_
607-6	PST038	607	607	6	americanata	americanata	_	_	_	_	_	linguistic	_	none	_	_	_	_	_	_
607-7	PST038	607	607	7	[no	no	_	_	_	_	_	linguistic	_	none	_	_	_	_	_	0-2(143)
607-8	PST038	607	607	8	di]	di	_	_	_	_	_	linguistic	_	none	PauseAfter=Yes	_	_	_	_	0-2(143)
607-9	PST038	607	607	9	{P}	{P}	_	_	_	_	_	shortpause	_	none	_	_	_	_	_	_
607-10	PST038	607	607	10	parlare	parlare	_	_	_	_	_	linguistic	_	none	_	_	_	_	_	_
607-11	PST038	607	607	11	qualche	qualche	_	_	_	_	_	linguistic	_	none	_	_	_	_	_	_
607-12	PST038	607	607	12	parola	parola	_	_	_	_	_	linguistic	_	none	_	_	_	_	_	_
607-13	PST038	607	607	13	in	in	_	_	_	_	_	linguistic	_	none	_	_	_	_	_	_
607-14	PST038	607	607	14	$espagnolo	espagnolo	_	_	_	_	_	linguistic	_	none	Orthography=Yes|Variation=Emerging	_	_	_	_	_
607-15	PST038	607	607	15	in	in	_	_	_	_	_	linguistic	_	none	_	_	_	_	_	_
607-16	PST038	607	607	16	ingle:se	inglese	_	_	_	_	_	linguistic	_	none	_	_	4x1	_	_	_
607-17	PST038	607	607	17	quelli	quelli	_	_	_	_	_	linguistic	_	none	_	_	_	_	_	_
607-18	PST038	607	607	18	che	che	_	_	_	_	_	linguistic	_	none	_	_	_	_	_	_
607-19	PST038	607	607	19	migrano	migrano	_	_	_	_	_	linguistic	_	none	_	_	_	_	_	_
607-20	PST038	607	607	20	in	in	_	_	_	_	_	linguistic	_	none	_	_	_	_	_	_
607-21	PST038	607	607	21	(e)stati	estati	_	_	_	_	_	linguistic	_	none	_	_	_	_	0-1(0)	_
607-22	PST038	607	607	22	uniti	uniti	_	_	_	_	_	linguistic	_	none	_	_	_	_	_	_
607-23	PST038	607	607	23	lo	lo	_	_	_	_	_	linguistic	_	none	_	_	_	_	_	_
607-24	PST038	607	607	24	fanno	fanno	_	_	_	_	_	linguistic	_	none	_	_	_	_	_	_
607-25	PST038	607	607	25	mo:lto	molto	_	_	_	_	_	linguistic	_	none	_	End=1362.787	1x1	_	_	_
608-0	PST211	608	608	0	[ah	ah	_	_	_	_	_	linguistic	_	none	ProsodicLink=Yes	Begin=1356.733	_	_	_	0-2(143)
608-1	PST211	608	608	1	ah]	ah	_	_	_	_	_	linguistic	_	none	_	End=1357.216	_	_	_	0-2(143)
609-0	PST211	609	609	0	ah	ah	_	_	_	_	_	linguistic	_	none	_	Begin=1362.78	_	_	_	_
609-1	PST211	609	609	1	ah	ah	_	_	_	_	_	linguistic	_	none	_	End=1363.161	_	_	_	_
610-0	PST038	610	610	0	gli	gli	_	_	_	_	_	linguistic	_	none	_	Begin=1363.166	_	_	_	_
610-1	PST038	610	610	1	ispano	ispano	_	_	_	_	_	linguistic	_	none	_	_	_	_	_	_
610-2	PST038	610	610	2	americani	americani	_	_	_	_	_	linguistic	_	none	_	End=1364.37	_	_	_	_
611-0	PST038	611	611	0	però::	però	_	_	_	_	_	linguistic	_	some	_	Begin=1364.64	3x2	_	_	_
611-1	PST038	611	611	1	sì	sì	_	_	_	_	_	linguistic	_	some	_	_	_	_	_	_
611-2	PST038	611	611	2	queste	queste	_	_	_	_	_	linguistic	_	some	_	_	_	_	_	_
611-3	PST038	611	611	3	cose	cose	_	_	_	_	_	linguistic	_	some	_	_	_	_	_	_
611-4	PST038	611	611	4	be:h	beh	_	_	_	_	_	linguistic	_	some	_	_	1x1	_	_	_
611-5	PST038	611	611	5	#*trattar	trattar	_	_	_	_	_	linguistic	_	some	Language=NO_ISO_CODE|Variation=Doubtful	_	_	_	_	_
611-6	PST038	611	611	6	di	di	_	_	_	_	_	linguistic	_	some	_	_	_	_	_	_
611-7	PST038	611	611	7	corre:ggersi	correggersi	_	_	_	_	_	linguistic	_	some	_	_	4x1	_	_	_
611-8	PST038	611	611	8	perché:	perché	_	_	_	_	_	linguistic	_	some	_	_	5x1	_	_	_
611-9	PST038	611	611	9	poi::	poi	_	_	_	_	_	linguistic	_	some	_	End=1369.931	2x2	_	_	_
612-0	PST038	612	612	0	parla:ndo	parlando	_	_	_	_	_	linguistic	_	none	_	Begin=1370.08	4x1	_	_	_
612-1	PST038	612	612	1	due	due	_	_	_	_	_	linguistic	_	none	_	_	_	_	_	_
612-2	PST038	612	612	2	lingue::	lingue	_	_	_	_	_	linguistic	_	none	_	_	5x2	_	_	_
612-3	PST038	612	612	3	sì::	sì	_	_	_	_	_	linguistic	_	none	_	End=1372.343	1x2	_	_	_
613-0	PST211	613	613	0	[eh]	eh	_	_	_	_	_	linguistic	_	none	_	Begin=1372.414	_	_	_	0-2(145)
613-1	PST211	613	613	1	è	è	_	_	_	_	_	linguistic	_	none	_	_	_	_	_	_
613-2	PST211	613	613	2	facile	facile	_	_	_	_	_	linguistic	_	none	_	_	_	_	_	_
613-3	PST211	613	613	3	che	che	_	_	_	_	_	linguistic	_	none	_	_	_	_	_	_
613-4	PST211	613	613	4	poi	poi	_	_	_	_	_	linguistic	_	none	_	_	_	_	_	_
613-5	PST211	613	613	5	si	si	_	_	_	_	_	linguistic	_	none	_	_	_	_	_	_
613-6	PST211	613	613	6	mis[chi	mischi	_	_	_	_	_	linguistic	_	none	_	_	_	_	_	3-6(146)
613-7	PST211	613	613	7	un	un	_	_	_	_	_	linguistic	_	none	_	_	_	_	_	0-2(146)
613-8	PST211	613	613	8	po'::]	po'	_	_	_	_	_	linguistic	_	none	_	End=1375.0	1x2	_	_	0-3(146)
614-0	PST038	614	614	0	[eh]	eh	_	_	_	_	_	linguistic	_	none	_	Begin=1372.458|End=1372.765	_	_	_	0-2(145)
615-0	PST038	615	615	0	[sì	sì	_	_	_	_	_	linguistic	_	none	_	Begin=1374.12	_	_	_	0-2(146)
615-1	PST038	615	615	1	s~	s~	_	_	_	_	_	linguistic	_	none	Interrupted=Yes	_	_	_	_	0-2(146)
615-2	PST038	615	615	2	è]	è	_	_	_	_	_	linguistic	_	none	_	_	_	_	_	0-1(146)
615-3	PST038	615	615	3	faci:le	facile	_	_	_	_	_	linguistic	_	none	_	_	3x1	_	_	_
615-4	PST038	615	615	4	[che	che	_	_	_	_	_	linguistic	_	none	_	_	_	_	_	0-3(147)
615-5	PST038	615	615	5	si]	si	_	_	_	_	_	linguistic	_	none	_	_	_	_	_	0-2(147)
615-6	PST038	615	615	6	mi:schi	mischi	_	_	_	_	_	linguistic	_	none	_	_	1x1	_	_	_
615-7	PST038	615	615	7	sì	sì	_	_	_	_	_	linguistic	_	none	_	End=1376.639	_	_	_	_
616-0	PST211	616	616	0	[mh]	mh	_	_	_	_	_	linguistic	_	none	_	Begin=1375.507|End=1375.877	_	_	_	0-2(147)
617-0	PST038	617	617	0	soprattutto	soprattutto	_	_	_	_	_	linguistic	_	none	_	Begin=1376.866	_	_	_	_
617-1	PST038	617	617	1	perché::	perché	_	_	_	_	_	linguistic	_	none	_	_	5x2	_	_	_
617-2	PST038	617	617	2	mh	mh	_	_	_	_	_	linguistic	_	none	_	_	_	_	_	_
617-3	PST038	617	617	3	io	io	_	_	_	_	_	linguistic	_	none	_	_	_	_	_	_
617-4	PST038	617	617	4	sto	sto	_	_	_	_	_	linguistic	_	none	_	_	_	_	_	_
617-5	PST038	617	617	5	perdendo	perdendo	_	_	_	_	_	linguistic	_	none	_	_	_	_	_	_
617-6	PST038	617	617	6	mo:lto	molto	_	_	_	_	_	linguistic	_	none	_	_	1x1	_	_	_
617-7	PST038	617	617	7	lo	lo	_	_	_	_	_	linguistic	_	none	_	_	_	_	_	_
617-8	PST038	617	617	8	spagno:lo	spagnolo	_	_	_	_	_	linguistic	_	none	_	_	5x1	_	_	_
617-9	PST038	617	617	9	[scritto]	scritto	_	_	_	_	_	linguistic	_	none	_	_	_	_	_	0-7(148)
617-10	PST038	617	617	10	e	e	_	_	_	_	_	linguistic	_	none	_	_	_	_	_	_
617-11	PST038	617	617	11	lo	lo	_	_	_	_	_	linguistic	_	none	_	_	_	_	_	_
617-12	PST038	617	617	12	spagnolo	spagnolo	_	_	_	_	_	linguistic	_	none	_	_	_	_	_	_
617-13	PST038	617	617	13	parlato	parlato	_	_	_	_	_	linguistic	_	none	_	End=1383.436	_	_	_	_
618-0	PST211	618	618	0	[mh]	mh	_	_	_	_	_	linguistic	_	none	_	Begin=1380.853|End=1381.286	_	_	_	0-2(148)
619-0	PST038	619	619	0	perché	perché	_	_	_	_	_	linguistic	_	none	_	Begin=1384.051	_	_	_	_
619-1	PST038	619	619	1	e::hm:	ehm	_	_	_	_	_	linguistic	_	none	_	End=1385.864	0x2,2x1	_	_	_
620-0	PST038	620	620	0	mi	mi	_	_	_	_	_	linguistic	_	none	_	Begin=1387.857	_	_	_	_
620-1	PST038	620	620	1	stanno	stanno	_	_	_	_	_	linguistic	_	none	_	_	_	_	_	_
620-2	PST038	620	620	2	rima~	rima~	_	_	_	_	_	linguistic	_	none	Interrupted=Yes	_	_	_	_	_
620-3	PST038	620	620	3	rima~	rima~	_	_	_	_	_	linguistic	_	none	Interrupted=Yes	_	_	_	_	_
620-4	PST038	620	620	4	re:stando	restando	_	_	_	_	_	linguistic	_	none	_	_	1x1	_	_	_
620-5	PST038	620	620	5	solo	solo	_	_	_	_	_	linguistic	_	none	_	_	_	_	_	_
620-6	PST038	620	620	6	le	le	_	_	_	_	_	linguistic	_	none	_	_	_	_	_	_
620-7	PST038	620	620	7	paro:le	parole	_	_	_	_	_	linguistic	_	none	_	_	3x1	_	_	_
620-8	PST038	620	620	8	comu:ni	comuni	_	_	_	_	_	linguistic	_	none	_	End=1391.048	3x1	_	_	_
621-0	PST038	621	621	0	le	le	_	_	_	_	_	linguistic	_	none	_	Begin=1392.186	_	_	_	_
621-1	PST038	621	621	1	parole::	parole	_	_	_	_	_	linguistic	_	none	_	_	5x2	_	_	_
621-2	PST038	621	621	2	ehm	ehm	_	_	_	_	_	linguistic	_	none	_	End=1393.794	_	_	_	_
622-0	PST038	622	622	0	i~	i~	_	_	_	_	_	linguistic	_	some	Interrupted=Yes	Begin=1393.957	_	_	_	_
622-1	PST038	622	622	1	il	il	_	_	_	_	_	linguistic	_	some	_	_	_	_	_	_
622-2	PST038	622	622	2	c~	c~	_	_	_	_	_	linguistic	_	some	Interrupted=Yes	_	_	_	_	_
622-3	PST038	622	622	3	#cellula:re	cellulare	_	_	_	_	_	linguistic	_	some	Language=NO_ISO_CODE|Variation=Token	_	6x1	_	_	_
622-4	PST038	622	622	4	il	il	_	_	_	_	_	linguistic	_	some	_	_	_	_	_	_
622-5	PST038	622	622	5	#mo:vil	movil	_	_	_	_	_	linguistic	_	some	Language=NO_ISO_CODE|Variation=Token	_	1x1	_	_	_
622-6	PST038	622	622	6	la	la	_	_	_	_	_	linguistic	_	some	_	_	_	_	_	_
622-7	PST038	622	622	7	#me:sa:	mesa	_	_	_	_	_	linguistic	_	some	Language=NO_ISO_CODE|Variation=Token	_	1x1,3x1	_	_	_
622-8	PST038	622	622	8	la	la	_	_	_	_	_	linguistic	_	some	_	_	_	_	_	_
622-9	PST038	622	622	9	zia:	zia	_	_	_	_	_	linguistic	_	some	_	_	2x1	_	_	_
622-10	PST038	622	622	10	beh	beh	_	_	_	_	_	linguistic	_	some	_	_	_	_	_	_
622-11	PST038	622	622	11	tante	tante	_	_	_	_	_	linguistic	_	some	_	_	_	_	_	_
622-12	PST038	622	622	12	altre	altre	_	_	_	_	_	linguistic	_	some	_	End=1398.625	_	_	_	_
623-0	PST038	623	623	0	ma	ma	_	_	_	_	_	linguistic	_	some	_	Begin=1399.007	_	_	_	_
623-1	PST038	623	623	1	#*no:	no	_	_	_	_	_	linguistic	_	some	Language=NO_ISO_CODE|Variation=Doubtful	_	1x1	_	_	_
623-2	PST038	623	623	2	quel	quel	_	_	_	_	_	linguistic	_	some	_	_	_	_	_	_
623-3	PST038	623	623	3	$espagnolo	espagnolo	_	_	_	_	_	linguistic	_	some	Orthography=Yes|Variation=Emerging	_	_	_	_	_
623-4	PST038	623	623	4	che	che	_	_	_	_	_	linguistic	_	some	_	_	_	_	_	_
623-5	PST038	623	623	5	parlavo	parlavo	_	_	_	_	_	linguistic	_	some	_	_	_	_	_	_
623-6	PST038	623	623	6	una	una	_	_	_	_	_	linguistic	_	some	_	_	_	_	_	_
623-7	PST038	623	623	7	vo:lta	volta	_	_	_	_	_	linguistic	_	some	_	End=1401.953	1x1	_	_	_
624-0	PST038	624	624	0	e	e	_	_	_	_	_	linguistic	_	none	_	Begin=1402.432	_	_	_	_
624-1	PST038	624	624	1	devo::	devo	_	_	_	_	_	linguistic	_	none	_	End=1403.732	3x2	_	_	_
625-0	PST038	625	625	0	allora	allora	_	_	_	_	_	linguistic	_	none	_	Begin=1404.053	_	_	_	_
625-1	PST038	625	625	1	ogni	ogni	_	_	_	_	_	linguistic	_	none	_	_	_	_	_	_
625-2	PST038	625	625	2	tanto	tanto	_	_	_	_	_	linguistic	_	none	_	_	_	_	_	_
625-3	PST038	625	625	3	mi	mi	_	_	_	_	_	linguistic	_	none	_	_	_	_	_	_
625-4	PST038	625	625	4	pre:ndo	prendo	_	_	_	_	_	linguistic	_	none	_	_	2x1	_	_	_
625-5	PST038	625	625	5	un	un	_	_	_	_	_	linguistic	_	none	_	_	_	_	_	_
625-6	PST038	625	625	6	libro	libro	_	_	_	_	_	linguistic	_	none	_	_	_	_	_	_
625-7	PST038	625	625	7	in	in	_	_	_	_	_	linguistic	_	none	_	_	_	_	_	_
625-8	PST038	625	625	8	$espa[gno:lo]	espagnolo	_	_	_	_	_	linguistic	_	none	Orthography=Yes|Variation=Emerging	End=1406.884	6x1	_	_	5-10(149)
626-0	PST211	626	626	0	[mh	mh	_	_	_	_	_	linguistic	_	none	ProsodicLink=Yes	Begin=1406.413	_	_	_	0-2(149)
626-1	PST211	626	626	1	mh]	mh	_	_	_	_	_	linguistic	_	none	_	End=1406.89	_	_	_	0-2(149)
627-0	PST038	627	627	0	#de	de	_	_	_	_	_	linguistic	_	some	Language=NO_ISO_CODE|Variation=Token	Begin=1407.093	_	_	_	_
627-1	PST038	627	627	1	cominciar	cominciar	_	_	_	_	_	linguistic	_	some	_	_	_	_	_	_
627-2	PST038	627	627	2	a	a	_	_	_	_	_	linguistic	_	some	_	_	_	_	_	_
627-3	PST038	627	627	3	leggerlo	leggerlo	_	_	_	_	_	linguistic	_	some	_	_	_	_	_	_
627-4	PST038	627	627	4	perché:	perché	_	_	_	_	_	linguistic	_	some	_	End=1408.647	5x1	_	_	_
628-0	PST038	628	628	0	si	si	_	_	_	_	_	linguistic	_	some	_	Begin=1408.707	_	_	_	_
628-1	PST038	628	628	1	pre:nde	prende	_	_	_	_	_	linguistic	_	some	_	_	2x1	_	_	_
628-2	PST038	628	628	2	si	si	_	_	_	_	_	linguistic	_	some	_	_	_	_	_	_
628-3	PST038	628	628	3	pe:rde	perde	_	_	_	_	_	linguistic	_	some	_	_	1x1	_	_	_
628-4	PST038	628	628	4	#perdón	perdón	_	_	_	_	_	linguistic	_	some	Language=NO_ISO_CODE|Variation=Token	_	_	_	_	_
628-5	PST038	628	628	5	ta::nto	tanto	_	_	_	_	_	linguistic	_	some	_	End=1411.75	1x2	_	_	_
629-0	PST038	629	629	0	delle::	delle	_	_	_	_	_	linguistic	_	some	_	Begin=1411.96	4x2	_	_	_
629-1	PST038	629	629	1	il	il	_	_	_	_	_	linguistic	_	some	_	_	_	_	_	_
629-2	PST038	629	629	2	bagaglio	bagaglio	_	_	_	_	_	linguistic	_	some	_	_	_	_	_	_
629-3	PST038	629	629	3	delle	delle	_	_	_	_	_	linguistic	_	some	_	_	_	_	_	_
629-4	PST038	629	629	4	nostre	nostre	_	_	_	_	_	linguistic	_	some	_	_	_	_	_	_
629-5	PST038	629	629	5	[parole]	parole	_	_	_	_	_	linguistic	_	some	_	_	_	_	_	0-6(150)
629-6	PST038	629	629	6	a	a	_	_	_	_	_	linguistic	_	some	_	_	_	_	_	_
629-7	PST038	629	629	7	me	me	_	_	_	_	_	linguistic	_	some	_	_	_	_	_	_
629-8	PST038	629	629	8	soprattutto	soprattutto	_	_	_	_	_	linguistic	_	some	_	_	_	_	_	_
629-9	PST038	629	629	9	personalmente	personalmente	_	_	_	_	_	linguistic	_	some	_	_	_	_	_	_
629-10	PST038	629	629	10	mi	mi	_	_	_	_	_	linguistic	_	some	_	_	_	_	_	_
629-11	PST038	629	629	11	succede	succede	_	_	_	_	_	linguistic	_	some	_	_	_	_	_	_
629-12	PST038	629	629	12	que:llo	quello	_	_	_	_	_	linguistic	_	some	_	_	2x1	_	_	_
629-13	PST038	629	629	13	a	a	_	_	_	_	_	linguistic	_	some	_	_	_	_	_	_
629-14	PST038	629	629	14	volte	volte	_	_	_	_	_	linguistic	_	some	_	_	_	_	_	_
629-15	PST038	629	629	15	devo	devo	_	_	_	_	_	linguistic	_	some	_	_	_	_	_	_
629-16	PST038	629	629	16	telefonare	telefonare	_	_	_	_	_	linguistic	_	some	_	_	_	_	_	_
629-17	PST038	629	629	17	a	a	_	_	_	_	_	linguistic	_	some	_	_	_	_	_	_
629-18	PST038	629	629	18	mia	mia	_	_	_	_	_	linguistic	_	some	_	_	_	_	_	_
629-19	PST038	629	629	19	sorella	sorella	_	_	_	_	_	linguistic	_	some	_	_	_	_	_	_
629-20	PST038	629	629	20	per	per	_	_	_	_	_	linguistic	_	some	_	_	_	_	_	_
629-21	PST038	629	629	21	dirle	dirle	_	_	_	_	_	linguistic	_	some	_	_	_	_	_	_
629-22	PST038	629	629	22	#có:mo	cómo	_	_	_	_	_	linguistic	_	some	Language=NO_ISO_CODE|Variation=Token	_	1x1	_	_	_
629-23	PST038	629	629	23	se	se	_	_	_	_	_	linguistic	_	some	_	_	_	_	_	_
629-24	PST038	629	629	24	dice	dice	_	_	_	_	_	linguistic	_	some	_	_	_	_	_	_
629-25	PST038	629	629	25	que:sto	questo	_	_	_	_	_	linguistic	_	some	_	End=1421.048	2x1	_	_	_
630-0	PST211	630	630	0	[eh	eh	_	_	_	_	_	linguistic	_	none	_	Begin=1414.08	_	_	_	0-2(150)
630-1	PST211	630	630	1	sì]	sì	_	_	_	_	_	linguistic	_	none	_	End=1414.459	_	_	_	0-2(150)
631-0	PST038	631	631	0	solo	solo	_	_	_	_	_	linguistic	_	some	_	Begin=1421.976	_	_	_	_
631-1	PST038	631	631	1	che	che	_	_	_	_	_	linguistic	_	some	_	_	_	_	_	_
631-2	PST038	631	631	2	io	io	_	_	_	_	_	linguistic	_	some	_	_	_	_	_	_
631-3	PST038	631	631	3	sono	sono	_	_	_	_	_	linguistic	_	some	_	_	_	_	_	_
631-4	PST038	631	631	4	di	di	_	_	_	_	_	linguistic	_	some	_	_	_	_	_	_
631-5	PST038	631	631	5	un'	un'	_	_	_	_	_	linguistic	_	some	SpaceAfter=No	_	_	_	_	_
631-6	PST038	631	631	6	altra	altra	_	_	_	_	_	linguistic	_	some	_	_	_	_	_	_
631-7	PST038	631	631	7	#déca:da	década	_	_	_	_	_	linguistic	_	some	Language=NO_ISO_CODE|Variation=Token	_	3x1	_	_	_
631-8	PST038	631	631	8	io	io	_	_	_	_	_	linguistic	_	some	_	_	_	_	_	_
631-9	PST038	631	631	9	vado	vado	_	_	_	_	_	linguistic	_	some	_	_	_	_	_	_
631-10	PST038	631	631	10	sul	sul	_	_	_	_	_	linguistic	_	some	_	_	_	_	_	_
631-11	PST038	631	631	11	dizionario	dizionario	_	_	_	_	_	linguistic	_	some	_	_	_	_	_	_
631-12	PST038	631	631	12	dei	dei	_	_	_	_	_	linguistic	_	some	_	_	_	_	_	_
631-13	PST038	631	631	13	sino:nimi,	sinonimi	_	_	_	_	_	linguistic	_	some	Intonation=WeaklyRising	End=1426.154	3x1	_	_	_
632-0	PST038	632	632	0	e:	e	_	_	_	_	_	linguistic	_	some	_	Begin=1426.325	0x1	_	_	_
632-1	PST038	632	632	1	le	le	_	_	_	_	_	linguistic	_	some	_	_	_	_	_	_
632-2	PST038	632	632	2	que:llo	quello	_	_	_	_	_	linguistic	_	some	_	_	2x1	_	_	_
632-3	PST038	632	632	3	#o	o	_	_	_	_	_	linguistic	_	some	Language=NO_ISO_CODE|Variation=Token	_	_	_	_	_
632-4	PST038	632	632	4	#sea::	sea	_	_	_	_	_	linguistic	_	some	Language=NO_ISO_CODE|Variation=Token	_	2x2	_	_	_
632-5	PST038	632	632	5	niente	niente	_	_	_	_	_	linguistic	_	some	_	_	_	_	_	_
632-6	PST038	632	632	6	da	da	_	_	_	_	_	linguistic	_	some	_	_	_	_	_	_
632-7	PST038	632	632	7	fa:re	fare	_	_	_	_	_	linguistic	_	some	_	_	1x1	_	_	_
632-8	PST038	632	632	8	se	se	_	_	_	_	_	linguistic	_	some	_	_	_	_	_	_
632-9	PST038	632	632	9	io	io	_	_	_	_	_	linguistic	_	some	_	_	_	_	_	_
632-10	PST038	632	632	10	vado	vado	_	_	_	_	_	linguistic	_	some	_	_	_	_	_	_
632-11	PST038	632	632	11	lo	lo	_	_	_	_	_	linguistic	_	some	_	_	_	_	_	_
632-12	PST038	632	632	12	ce:rco	cerco	_	_	_	_	_	linguistic	_	some	_	_	1x1	_	_	_
632-13	PST038	632	632	13	[lo	lo	_	_	_	_	_	linguistic	_	some	_	_	_	_	_	0-2(151)
632-14	PST038	632	632	14	ce:rco]	cerco	_	_	_	_	_	linguistic	_	some	_	End=1431.191	1x1	_	_	0-5(151)
634-0	PST211	634	634	0	[sì]	sì	_	_	_	_	_	linguistic	_	none	_	Begin=1430.32|End=1430.634	_	_	_	0-2(151)
635-0	PST038	635	635	0	lo	lo	_	_	_	_	_	linguistic	_	none	_	Begin=1431.417	_	_	_	_
635-1	PST038	635	635	1	cerco	cerco	_	_	_	_	_	linguistic	_	none	_	_	_	_	_	_
635-2	PST038	635	635	2	perché::	perché	_	_	_	_	_	linguistic	_	none	_	End=1432.885	5x2	_	_	_
636-0	PST038	636	636	0	#porque	porque	_	_	_	_	_	linguistic	_	some	Language=NO_ISO_CODE|Variation=Token	Begin=1434.051	_	_	_	_
636-1	PST038	636	636	1	#lo	lo	_	_	_	_	_	linguistic	_	some	Language=NO_ISO_CODE|Variation=Token	_	_	_	_	_
636-2	PST038	636	636	2	#de	de	_	_	_	_	_	linguistic	_	some	Language=NO_ISO_CODE|Variation=Token	_	_	_	_	_
636-3	PST038	636	636	3	lavora:re	lavorare	_	_	_	_	_	linguistic	_	some	_	_	5x1	_	_	_
636-4	PST038	636	636	4	anche	anche	_	_	_	_	_	linguistic	_	some	_	_	_	_	_	_
636-5	PST038	636	636	5	[que:sto]	questo	_	_	_	_	_	linguistic	_	some	_	End=1435.938	2x1	_	_	0-6(152)
637-0	PST211	637	637	0	mh	mh	_	_	_	_	_	linguistic	_	none	ProsodicLink=Yes	Begin=1435.455	_	_	_	_
637-1	PST211	637	637	1	mh	mh	_	_	_	_	_	linguistic	_	none	_	End=1435.825	_	_	_	_
638-0	PST211	638	638	0	sì	sì	_	_	_	_	_	linguistic	_	none	_	Begin=1436.121	_	_	_	_
638-1	PST211	638	638	1	sì	sì	_	_	_	_	_	linguistic	_	none	ProsodicLink=Yes	_	_	_	_	_
638-2	PST211	638	638	2	sì	sì	_	_	_	_	_	linguistic	_	none	_	End=1437.012	_	_	_	_
639-0	PST211	639	639	0	perché	perché	_	_	_	_	_	linguistic	_	none	_	Begin=1437.453	_	_	_	_
639-1	PST211	639	639	1	po:i	poi	_	_	_	_	_	linguistic	_	none	_	_	1x1	_	_	_
639-2	PST211	639	639	2	tu	tu	_	_	_	_	_	linguistic	_	none	_	_	_	_	_	_
639-3	PST211	639	639	3	hai	hai	_	_	_	_	_	linguistic	_	none	_	_	_	_	_	_
639-4	PST211	639	639	4	fatto:	fatto	_	_	_	_	_	linguistic	_	none	_	_	4x1	_	_	_
639-5	PST211	639	639	5	l'	l'	_	_	_	_	_	linguistic	_	none	SpaceAfter=No	_	_	_	_	_
639-6	PST211	639	639	6	università	università	_	_	_	_	_	linguistic	_	none	_	_	_	_	_	_
639-7	PST211	639	639	7	hai	hai	_	_	_	_	_	linguistic	_	none	_	_	_	_	_	_
639-8	PST211	639	639	8	de:tto.	detto	_	_	_	_	_	linguistic	_	none	Intonation=Falling	End=1439.825	1x1	_	_	_
640-0	PST038	640	640	0	s[ì]	sì	_	_	_	_	_	linguistic	_	none	_	Begin=1439.859|End=1440.179	_	_	_	1-2(153)
641-0	PST211	641	641	0	[do]ve	dove	_	_	_	_	_	linguistic	_	none	_	Begin=1440.08	_	_	_	0-2(153)
641-1	PST211	641	641	1	di	di	_	_	_	_	_	linguistic	_	none	_	_	_	_	_	_
641-2	PST211	641	641	2	preci:so	preciso	_	_	_	_	_	linguistic	_	none	_	End=1441.586	4x1	_	_	_
642-0	PST038	642	642	0	io	io	_	_	_	_	_	linguistic	_	some	_	Begin=1441.667	_	_	_	_
642-1	PST038	642	642	1	sono	sono	_	_	_	_	_	linguistic	_	some	_	_	_	_	_	_
642-2	PST038	642	642	2	di	di	_	_	_	_	_	linguistic	_	some	_	_	_	_	_	_
642-3	PST038	642	642	3	una	una	_	_	_	_	_	linguistic	_	some	_	_	_	_	_	_
642-4	PST038	642	642	4	città	città	_	_	_	_	_	linguistic	_	some	_	_	_	_	_	_
642-5	PST038	642	642	5	che	che	_	_	_	_	_	linguistic	_	some	_	_	_	_	_	_
642-6	PST038	642	642	6	si	si	_	_	_	_	_	linguistic	_	some	_	_	_	_	_	_
642-7	PST038	642	642	7	chiama	chiama	_	_	_	_	_	linguistic	_	some	_	_	_	_	_	_
642-8	PST038	642	642	8	truji:llo	trujillo	_	_	_	_	_	linguistic	_	some	_	_	4x1	_	_	_
642-9	PST038	642	642	9	sul	sul	_	_	_	_	_	linguistic	_	some	_	_	_	_	_	_
642-10	PST038	642	642	10	nord	nord	_	_	_	_	_	linguistic	_	some	_	_	_	_	_	_
642-11	PST038	642	642	11	eh	eh	_	_	_	_	_	linguistic	_	some	_	_	_	_	_	_
642-12	PST038	642	642	12	del	del	_	_	_	_	_	linguistic	_	some	_	_	_	_	_	_
642-13	PST038	642	642	13	perù[:	perù	_	_	_	_	_	linguistic	_	some	_	_	3x1	_	_	_
642-14	PST038	642	642	14	#el]	el	_	_	_	_	_	linguistic	_	some	Language=NO_ISO_CODE|Variation=Token	_	_	_	_	0-3(154)
642-15	PST038	642	642	15	paci:fico	pacifico	_	_	_	_	_	linguistic	_	some	_	_	3x1	_	_	_
642-16	PST038	642	642	16	[sul	sul	_	_	_	_	_	linguistic	_	some	_	_	_	_	_	0-3(155)
642-17	PST038	642	642	17	pacifi:co]	pacifico	_	_	_	_	_	linguistic	_	some	_	End=1447.57	5x1	_	_	0-8(155)
643-0	PST211	643	643	0	[ah	ah	_	_	_	_	_	linguistic	_	none	_	Begin=1444.853	_	_	_	0-2(154)
643-1	PST211	643	643	1	ah]	ah	_	_	_	_	_	linguistic	_	none	_	End=1445.419	_	_	_	0-2(154)
644-0	PST211	644	644	0	[okay]	okay	_	_	_	_	_	linguistic	_	none	_	Begin=1446.36	_	_	_	0-4(?)
644-1	PST211	644	644	1	[che]	che	_	_	_	_	_	linguistic	_	none	_	_	_	_	_	0-3(?)
644-2	PST211	644	644	2	bello	bello	_	_	_	_	_	linguistic	_	none	_	End=1447.786	_	_	_	_
645-0	PST038	645	645	0	ho	ho	_	_	_	_	_	linguistic	_	some	_	Begin=1448.347	_	_	_	_
645-1	PST038	645	645	1	$estudiato	estudiato	_	_	_	_	_	linguistic	_	some	Orthography=Yes|Variation=Emerging	_	_	_	_	_
645-2	PST038	645	645	2	#historia::	historia	_	_	_	_	_	linguistic	_	some	Language=NO_ISO_CODE|Variation=Token	_	7x2	_	_	_
645-3	PST038	645	645	3	#historia	historia	_	_	_	_	_	linguistic	_	some	Language=NO_ISO_CODE|Variation=Token	_	_	_	_	_
645-4	PST038	645	645	4	e	e	_	_	_	_	_	linguistic	_	some	_	_	_	_	_	_
645-5	PST038	645	645	5	scienze::	scienze	_	_	_	_	_	linguistic	_	some	PauseAfter=Yes	_	6x2	_	_	_
645-6	PST038	645	645	6	{P}	{P}	_	_	_	_	_	shortpause	_	some	_	_	_	_	_	_
645-7	PST038	645	645	7	#historia	historia	_	_	_	_	_	linguistic	_	some	Language=NO_ISO_CODE|Variation=Token	_	_	_	_	_
645-8	PST038	645	645	8	e	e	_	_	_	_	_	linguistic	_	some	_	_	_	_	_	_
645-9	PST038	645	645	9	geografia:	geografia	_	_	_	_	_	linguistic	_	some	_	End=1452.7445	8x1	_	_	_
646-0	PST211	646	646	0	mh	mh	_	_	_	_	_	linguistic	_	none	ProsodicLink=Yes	Begin=1452.7445	_	_	_	_
646-1	PST211	646	646	1	mh	mh	_	_	_	_	_	linguistic	_	none	_	End=1453.22	_	_	_	_
647-0	PST038	647	647	0	[per]ché::	perché	_	_	_	_	_	linguistic	_	some	_	Begin=1454.053	5x2	_	_	0-3(156)
647-1	PST038	647	647	1	#en	en	_	_	_	_	_	linguistic	_	some	Language=NO_ISO_CODE|Variation=Token	_	_	_	_	_
647-2	PST038	647	647	2	la	la	_	_	_	_	_	linguistic	_	some	_	_	_	_	_	_
647-3	PST038	647	647	3	università	università	_	_	_	_	_	linguistic	_	some	_	_	_	_	_	_
647-4	PST038	647	647	4	là::	là	_	_	_	_	_	linguistic	_	some	_	_	1x2	_	_	_
647-5	PST038	647	647	5	c'	c'	_	_	_	_	_	linguistic	_	some	SpaceAfter=No	_	_	_	_	_
647-6	PST038	647	647	6	è:	è	_	_	_	_	_	linguistic	_	some	_	_	0x1	_	_	_
647-7	PST038	647	647	7	la	la	_	_	_	_	_	linguistic	_	some	_	_	_	_	_	_
647-8	PST038	647	647	8	deviazione	deviazione	_	_	_	_	_	linguistic	_	some	_	_	_	_	_	_
647-9	PST038	647	647	9	#de:	de	_	_	_	_	_	linguistic	_	some	Language=NO_ISO_CODE|Variation=Token	End=1458.085	1x1	_	_	_
648-0	PST211	648	648	0	[sì]	sì	_	_	_	_	_	linguistic	_	none	_	Begin=1454.063|End=1454.375	_	_	_	0-2(156)
649-0	PST038	649	649	0	e::h	eh	_	_	_	_	_	linguistic	_	none	_	Begin=1458.665	0x2	_	_	_
649-1	PST038	649	649	1	sono	sono	_	_	_	_	_	linguistic	_	none	_	_	_	_	_	_
649-2	PST038	649	649	2	le	le	_	_	_	_	_	linguistic	_	none	_	_	_	_	_	_
649-3	PST038	649	649	3	lettere:	lettere	_	_	_	_	_	linguistic	_	none	_	_	6x1	_	_	_
649-4	PST038	649	649	4	umani:stiche	umanistiche	_	_	_	_	_	linguistic	_	none	_	_	4x1	_	_	_
649-5	PST038	649	649	5	e	e	_	_	_	_	_	linguistic	_	none	_	_	_	_	_	_
649-6	PST038	649	649	6	le	le	_	_	_	_	_	linguistic	_	none	_	_	_	_	_	_
649-7	PST038	649	649	7	lettere	lettere	_	_	_	_	_	linguistic	_	none	_	_	_	_	_	_
649-8	PST038	649	649	8	quelle	quelle	_	_	_	_	_	linguistic	_	none	_	_	_	_	_	_
649-9	PST038	649	649	9	che	che	_	_	_	_	_	linguistic	_	none	_	_	_	_	_	_
649-10	PST038	649	649	10	va:i	vai	_	_	_	_	_	linguistic	_	none	_	_	1x1	_	_	_
649-11	PST038	649	649	11	letteratu:ra:	letteratura	_	_	_	_	_	linguistic	_	none	_	_	8x1,10x1	_	_	_
649-12	PST038	649	649	12	universa:le	universale	_	_	_	_	_	linguistic	_	none	_	End=1464.751	7x1	_	_	_
650-0	PST038	650	650	0	e::hm:	ehm	_	_	_	_	_	linguistic	_	some	_	Begin=1465.035	0x2,2x1	_	_	_
650-1	PST038	650	650	1	l~	l~	_	_	_	_	_	linguistic	_	some	Interrupted=Yes	_	_	_	_	_
650-2	PST038	650	650	2	letteratura	letteratura	_	_	_	_	_	linguistic	_	some	_	_	_	_	_	_
650-3	PST038	650	650	3	#y	y	_	_	_	_	_	linguistic	_	some	Language=NO_ISO_CODE|Variation=Token	_	_	_	_	_
650-4	PST038	650	650	4	grammatica	grammatica	_	_	_	_	_	linguistic	_	some	_	_	_	_	_	_
650-5	PST038	650	650	5	spagno:la	spagnola	_	_	_	_	_	linguistic	_	some	_	_	5x1	_	_	_
650-6	PST038	650	650	6	letteratura	letteratura	_	_	_	_	_	linguistic	_	some	_	_	_	_	_	_
650-7	PST038	650	650	7	la:tina	latina	_	_	_	_	_	linguistic	_	some	_	_	1x1	_	_	_
650-8	PST038	650	650	8	letteratura	letteratura	_	_	_	_	_	linguistic	_	some	PauseAfter=Yes	_	_	_	_	_
650-9	PST038	650	650	9	{P}	{P}	_	_	_	_	_	shortpause	_	some	_	_	_	_	_	_
650-10	PST038	650	650	10	#de	de	_	_	_	_	_	linguistic	_	some	Language=NO_ISO_CODE|Variation=Token	_	_	_	_	_
650-11	PST038	650	650	11	tutto:	tutto	_	_	_	_	_	linguistic	_	some	_	_	4x1	_	_	_
650-12	PST038	650	650	12	globa:le	globale	_	_	_	_	_	linguistic	_	some	_	_	4x1	_	_	_
650-13	PST038	650	650	13	no	no	_	_	_	_	_	linguistic	_	some	_	_	_	_	_	_
650-14	PST038	650	650	14	#historia:	historia	_	_	_	_	_	linguistic	_	some	Language=NO_ISO_CODE|Variation=Token	End=1473.501	7x1	_	_	_
651-0	PST038	651	651	0	#y	y	_	_	_	_	_	linguistic	_	some	Language=NO_ISO_CODE|Variation=Token	Begin=1473.875	_	_	_	_
651-1	PST038	651	651	1	la	la	_	_	_	_	_	linguistic	_	some	_	_	_	_	_	_
651-2	PST038	651	651	2	mi:a:	mia	_	_	_	_	_	linguistic	_	some	_	_	1x1,2x1	_	_	_
651-3	PST038	651	651	3	invece:	invece	_	_	_	_	_	linguistic	_	some	_	_	5x1	_	_	_
651-4	PST038	651	651	4	la	la	_	_	_	_	_	linguistic	_	some	_	_	_	_	_	_
651-5	PST038	651	651	5	umani:stica	umanistica	_	_	_	_	_	linguistic	_	some	_	_	4x1	_	_	_
651-6	PST038	651	651	6	in	in	_	_	_	_	_	linguistic	_	some	_	_	_	_	_	_
651-7	PST038	651	651	7	storia	storia	_	_	_	_	_	linguistic	_	some	_	_	_	_	_	_
651-8	PST038	651	651	8	universa:le	universale	_	_	_	_	_	linguistic	_	some	_	_	7x1	_	_	_
651-9	PST038	651	651	9	geografia	geografia	_	_	_	_	_	linguistic	_	some	_	_	_	_	_	_
651-10	PST038	651	651	10	#historia	historia	_	_	_	_	_	linguistic	_	some	Language=NO_ISO_CODE|Variation=Token	_	_	_	_	_
651-11	PST038	651	651	11	del	del	_	_	_	_	_	linguistic	_	some	_	_	_	_	_	_
651-12	PST038	651	651	12	perù	perù	_	_	_	_	_	linguistic	_	some	_	_	_	_	_	_
651-13	PST038	651	651	13	#historia	historia	_	_	_	_	_	linguistic	_	some	Language=NO_ISO_CODE|Variation=Token	_	_	_	_	_
651-14	PST038	651	651	14	universa:le	universale	_	_	_	_	_	linguistic	_	some	_	_	7x1	_	_	_
651-15	PST038	651	651	15	geografia	geografia	_	_	_	_	_	linguistic	_	some	_	_	_	_	_	_
651-16	PST038	651	651	16	del	del	_	_	_	_	_	linguistic	_	some	_	_	_	_	_	_
651-17	PST038	651	651	17	perù	perù	_	_	_	_	_	linguistic	_	some	_	_	_	_	_	_
651-18	PST038	651	651	18	geografia	geografia	_	_	_	_	_	linguistic	_	some	_	_	_	_	_	_
651-19	PST038	651	651	19	del	del	_	_	_	_	_	linguistic	_	some	_	_	_	_	_	_
651-20	PST038	651	651	20	mo:ndo	mondo	_	_	_	_	_	linguistic	_	some	_	End=1482.679	1x1	_	_	_
652-0	PST038	652	652	0	io:	io	_	_	_	_	_	linguistic	_	none	_	Begin=1483.111	1x1	_	_	_
652-1	PST038	652	652	1	dovevo:	dovevo	_	_	_	_	_	linguistic	_	none	_	_	5x1	_	_	_
652-2	PST038	652	652	2	ho	ho	_	_	_	_	_	linguistic	_	none	_	_	_	_	_	_
652-3	PST038	652	652	3	lavorato	lavorato	_	_	_	_	_	linguistic	_	none	_	_	_	_	_	_
652-4	PST038	652	652	4	solo	solo	_	_	_	_	_	linguistic	_	none	_	_	_	_	_	_
652-5	PST038	652	652	5	un	un	_	_	_	_	_	linguistic	_	none	_	_	_	_	_	_
652-6	PST038	652	652	6	anno:	anno	_	_	_	_	_	linguistic	_	none	_	End=1485.738	3x1	_	_	_
653-0	PST038	653	653	0	insegna:re	insegnare	_	_	_	_	_	linguistic	_	some	_	Begin=1485.96	6x1	_	_	_
653-1	PST038	653	653	1	economia:	economia	_	_	_	_	_	linguistic	_	some	_	_	7x1	_	_	_
653-2	PST038	653	653	2	ci:vica	civica	_	_	_	_	_	linguistic	_	some	_	_	1x1	_	_	_
653-3	PST038	653	653	3	#histo:ria	historia	_	_	_	_	_	linguistic	_	some	Language=NO_ISO_CODE|Variation=Token	_	4x1	_	_	_
653-4	PST038	653	653	4	geografia:	geografia	_	_	_	_	_	linguistic	_	some	_	End=1489.694	8x1	_	_	_
654-0	PST038	654	654	0	e::hm:	ehm	_	_	_	_	_	linguistic	_	none	_	Begin=1489.974	0x2,2x1	_	_	_
654-1	PST038	654	654	1	educazione	educazione	_	_	_	_	_	linguistic	_	none	_	_	_	_	_	_
654-2	PST038	654	654	2	civica	civica	_	_	_	_	_	linguistic	_	none	_	_	_	_	_	_
654-3	PST038	654	654	3	alle	alle	_	_	_	_	_	linguistic	_	none	_	_	_	_	_	_
654-4	PST038	654	654	4	superio:ri:	superiori	_	_	_	_	_	linguistic	_	none	_	End=1493.841	6x1,8x1	_	_	_
655-0	PST211	655	655	0	ah	ah	_	_	_	_	_	linguistic	_	none	ProsodicLink=Yes	Begin=1493.867	_	_	_	_
655-1	PST211	655	655	1	ah	ah	_	_	_	_	_	linguistic	_	none	_	_	_	_	_	_
655-2	PST211	655	655	2	okay	okay	_	_	_	_	_	linguistic	_	none	_	End=1494.961	_	_	_	_
656-0	PST038	656	656	0	e::	e	_	_	_	_	_	linguistic	_	none	_	Begin=1495.72	0x2	_	_	_
656-1	PST038	656	656	1	no	no	_	_	_	_	_	linguistic	_	none	_	_	_	_	_	_
656-2	PST038	656	656	2	poi	poi	_	_	_	_	_	linguistic	_	none	_	_	_	_	_	_
656-3	PST038	656	656	3	sono	sono	_	_	_	_	_	linguistic	_	none	_	_	_	_	_	_
656-4	PST038	656	656	4	arrivata	arrivata	_	_	_	_	_	linguistic	_	none	_	_	_	_	_	_
656-5	PST038	656	656	5	qui	qui	_	_	_	_	_	linguistic	_	none	_	_	_	_	_	_
656-6	PST038	656	656	6	e::	e	_	_	_	_	_	linguistic	_	none	_	End=1498.551	0x2	_	_	_
657-0	PST038	657	657	0	e	e	_	_	_	_	_	linguistic	_	none	_	Begin=1498.854	_	_	_	_
657-1	PST038	657	657	1	per	per	_	_	_	_	_	linguistic	_	none	_	_	_	_	_	_
657-2	PST038	657	657	2	scelta	scelta	_	_	_	_	_	linguistic	_	none	_	_	_	_	_	_
657-3	PST038	657	657	3	sono	sono	_	_	_	_	_	linguistic	_	none	_	_	_	_	_	_
657-4	PST038	657	657	4	rima:sta	rimasta	_	_	_	_	_	linguistic	_	none	_	_	3x1	_	_	_
657-5	PST038	657	657	5	dicia:mo	diciamo	_	_	_	_	_	linguistic	_	none	_	End=1501.279	4x1	_	_	_
658-0	PST211	658	658	0	mh	mh	_	_	_	_	_	linguistic	_	none	_	Begin=1501.45	_	_	_	_
658-1	PST211	658	658	1	mh	mh	_	_	_	_	_	linguistic	_	none	_	End=1501.69	_	_	_	_
659-0	PST038	659	659	0	sì	sì	_	_	_	_	_	linguistic	_	none	_	Begin=1502.507	_	_	_	_
659-1	PST038	659	659	1	sono	sono	_	_	_	_	_	linguistic	_	none	_	_	_	_	_	_
659-2	PST038	659	659	2	rima:sta	rimasta	_	_	_	_	_	linguistic	_	none	_	_	3x1	_	_	_
659-3	PST038	659	659	3	perché	perché	_	_	_	_	_	linguistic	_	none	_	_	_	_	_	_
659-4	PST038	659	659	4	verame:nte::	veramente	_	_	_	_	_	linguistic	_	none	_	_	5x1,8x2	_	_	_
659-5	PST038	659	659	5	sono	sono	_	_	_	_	_	linguistic	_	none	_	_	_	_	_	_
659-6	PST038	659	659	6	scappata	scappata	_	_	_	_	_	linguistic	_	none	_	_	_	_	_	_
659-7	PST038	659	659	7	anche	anche	_	_	_	_	_	linguistic	_	none	_	_	_	_	_	_
659-8	PST038	659	659	8	di	di	_	_	_	_	_	linguistic	_	none	_	_	_	_	_	_
659-9	PST038	659	659	9	una	una	_	_	_	_	_	linguistic	_	none	_	_	_	_	_	_
659-10	PST038	659	659	10	dittatu:ra	dittatura	_	_	_	_	_	linguistic	_	none	_	_	6x1	_	_	_
659-11	PST038	659	659	11	allora	allora	_	_	_	_	_	linguistic	_	none	_	_	_	_	_	_
659-12	PST038	659	659	12	non	non	_	_	_	_	_	linguistic	_	none	_	_	_	_	_	_
659-13	PST038	659	659	13	c'	c'	_	_	_	_	_	linguistic	_	none	SpaceAfter=No	_	_	_	_	_
659-14	PST038	659	659	14	erano	erano	_	_	_	_	_	linguistic	_	none	_	_	_	_	_	_
659-15	PST038	659	659	15	i	i	_	_	_	_	_	linguistic	_	none	_	_	_	_	_	_
659-16	PST038	659	659	16	telefoni	telefoni	_	_	_	_	_	linguistic	_	none	_	_	_	_	_	_
659-17	PST038	659	659	17	cellula:ri	cellulari	_	_	_	_	_	linguistic	_	none	PauseAfter=Yes	_	6x1	_	_	_
659-18	PST038	659	659	18	{P}	{P}	_	_	_	_	_	shortpause	_	none	_	_	_	_	_	_
659-19	PST038	659	659	19	gli	gli	_	_	_	_	_	linguistic	_	none	_	_	_	_	_	_
659-20	PST038	659	659	20	ho	ho	_	_	_	_	_	linguistic	_	none	_	_	_	_	_	_
659-21	PST038	659	659	21	detto	detto	_	_	_	_	_	linguistic	_	none	_	_	_	_	_	_
659-22	PST038	659	659	22	a	a	_	_	_	_	_	linguistic	_	none	_	_	_	_	_	_
659-23	PST038	659	659	23	mia	mia	_	_	_	_	_	linguistic	_	none	_	_	_	_	_	_
659-24	PST038	659	659	24	madre	madre	_	_	_	_	_	linguistic	_	none	_	_	_	_	_	_
659-25	PST038	659	659	25	sto	sto	_	_	_	_	_	linguistic	_	none	_	_	_	_	_	_
659-26	PST038	659	659	26	due	due	_	_	_	_	_	linguistic	_	none	_	_	_	_	_	_
659-27	PST038	659	659	27	a:nni	anni	_	_	_	_	_	linguistic	_	none	_	End=1510.8	0x1	_	_	_
660-0	PST038	660	660	0	e	e	_	_	_	_	_	linguistic	_	some	_	Begin=1511.967	_	_	_	_
660-1	PST038	660	660	1	poi	poi	_	_	_	_	_	linguistic	_	some	_	_	_	_	_	_
660-2	PST038	660	660	2	c'	c'	_	_	_	_	_	linguistic	_	some	SpaceAfter=No	_	_	_	_	_
660-3	PST038	660	660	3	è	è	_	_	_	_	_	linguistic	_	some	_	_	_	_	_	_
660-4	PST038	660	660	4	stata	stata	_	_	_	_	_	linguistic	_	some	_	_	_	_	_	_
660-5	PST038	660	660	5	a:nche	anche	_	_	_	_	_	linguistic	_	some	_	_	0x1	_	_	_
660-6	PST038	660	660	6	il	il	_	_	_	_	_	linguistic	_	some	_	_	_	_	_	_
660-7	PST038	660	660	7	colpo:	colpo	_	_	_	_	_	linguistic	_	some	_	_	4x1	_	_	_
660-8	PST038	660	660	8	#de::	de	_	_	_	_	_	linguistic	_	some	Language=NO_ISO_CODE|Variation=Token	_	1x2	_	_	_
660-9	PST038	660	660	9	#de	de	_	_	_	_	_	linguistic	_	some	Language=NO_ISO_CODE|Variation=Token	_	_	_	_	_
660-10	PST038	660	660	10	sta:to,	stato	_	_	_	_	_	linguistic	_	some	Intonation=WeaklyRising	End=1514.919	2x1	_	_	_
661-0	PST038	661	661	0	e	e	_	_	_	_	_	linguistic	_	none	_	Begin=1515.53	_	_	_	_
661-1	PST038	661	661	1	poi	poi	_	_	_	_	_	linguistic	_	none	_	_	_	_	_	_
661-2	PST038	661	661	2	l'	l'	_	_	_	_	_	linguistic	_	none	SpaceAfter=No	_	_	_	_	_
661-3	PST038	661	661	3	inflazio:ne,	inflazione	_	_	_	_	_	linguistic	_	none	Intonation=WeaklyRising	End=1516.908	7x1	_	_	_
662-0	PST038	662	662	0	e	e	_	_	_	_	_	linguistic	_	none	_	Begin=1517.36	_	_	_	_
662-1	PST038	662	662	1	poi	poi	_	_	_	_	_	linguistic	_	none	_	_	_	_	_	_
662-2	PST038	662	662	2	mia	mia	_	_	_	_	_	linguistic	_	none	_	_	_	_	_	_
662-3	PST038	662	662	3	madre	madre	_	_	_	_	_	linguistic	_	none	_	_	_	_	_	_
662-4	PST038	662	662	4	mi	mi	_	_	_	_	_	linguistic	_	none	_	_	_	_	_	_
662-5	PST038	662	662	5	ha	ha	_	_	_	_	_	linguistic	_	none	_	_	_	_	_	_
662-6	PST038	662	662	6	detto	detto	_	_	_	_	_	linguistic	_	none	_	_	_	_	_	_
662-7	PST038	662	662	7	resta	resta	_	_	_	_	_	linguistic	_	none	_	_	_	_	_	_
662-8	PST038	662	662	8	anco:ra	ancora	_	_	_	_	_	linguistic	_	none	_	_	3x1	_	_	_
662-9	PST038	662	662	9	p(e)rché:	perché	_	_	_	_	_	linguistic	_	none	_	_	5x1	_	1-2(0)	_
662-10	PST038	662	662	10	con	con	_	_	_	_	_	linguistic	_	none	_	_	_	_	_	_
662-11	PST038	662	662	11	il	il	_	_	_	_	_	linguistic	_	none	_	_	_	_	_	_
662-12	PST038	662	662	12	tuo	tuo	_	_	_	_	_	linguistic	_	none	_	_	_	_	_	_
662-13	PST038	662	662	13	st~	st~	_	_	_	_	_	linguistic	_	none	Interrupted=Yes	_	_	_	_	_
662-14	PST038	662	662	14	con	con	_	_	_	_	_	linguistic	_	none	_	_	_	_	_	_
662-15	PST038	662	662	15	il	il	_	_	_	_	_	linguistic	_	none	_	_	_	_	_	_
662-16	PST038	662	662	16	tuo	tuo	_	_	_	_	_	linguistic	_	none	_	_	_	_	_	_
662-17	PST038	662	662	17	stipendio	stipendio	_	_	_	_	_	linguistic	_	none	_	_	_	_	_	_
662-18	PST038	662	662	18	di	di	_	_	_	_	_	linguistic	_	none	_	_	_	_	_	_
662-19	PST038	662	662	19	insegna:nte	insegnante	_	_	_	_	_	linguistic	_	none	_	_	6x1	_	_	_
662-20	PST038	662	662	20	non	non	_	_	_	_	_	linguistic	_	none	_	_	_	_	_	_
662-21	PST038	662	662	21	vai	vai	_	_	_	_	_	linguistic	_	none	_	_	_	_	_	_
662-22	PST038	662	662	22	da	da	_	_	_	_	_	linguistic	_	none	_	_	_	_	_	_
662-23	PST038	662	662	23	nessuna	nessuna	_	_	_	_	_	linguistic	_	none	_	_	_	_	_	_
662-24	PST038	662	662	24	pa:rte	parte	_	_	_	_	_	linguistic	_	none	_	End=1523.264	1x1	_	_	_
663-0	PST038	663	663	0	fa:te	fate	_	_	_	_	_	linguistic	_	none	_	Begin=1523.667	1x1	_	_	_
663-1	PST038	663	663	1	qualche	qualche	_	_	_	_	_	linguistic	_	none	_	_	_	_	_	_
663-2	PST038	663	663	2	co:sa	cosa	_	_	_	_	_	linguistic	_	none	_	_	1x1	_	_	_
663-3	PST038	663	663	3	poi	poi	_	_	_	_	_	linguistic	_	none	_	_	_	_	_	_
663-4	PST038	663	663	4	to:rni,	torni	_	_	_	_	_	linguistic	_	none	Intonation=WeaklyRising|PauseAfter=Yes	_	1x1	_	_	_
663-5	PST038	663	663	5	{P}	{P}	_	_	_	_	_	shortpause	_	none	_	_	_	_	_	_
663-6	PST038	663	663	6	e:	e	_	_	_	_	_	linguistic	_	none	_	_	0x1	_	_	_
663-7	PST038	663	663	7	po:i:	poi	_	_	_	_	_	linguistic	_	none	_	_	1x1,2x1	_	_	_
663-8	PST038	663	663	8	stai	stai	_	_	_	_	_	linguistic	_	none	_	_	_	_	_	_
663-9	PST038	663	663	9	qua.	qua	_	_	_	_	_	linguistic	_	none	Intonation=Falling	End=1527.268	_	_	_	_
664-0	PST211	664	664	0	mh	mh	_	_	_	_	_	linguistic	_	none	ProsodicLink=Yes	Begin=1527.307	_	_	_	_
664-1	PST211	664	664	1	mh	mh	_	_	_	_	_	linguistic	_	none	_	End=1527.8429999999998	_	_	_	_
665-0	PST038	665	665	0	perché	perché	_	_	_	_	_	linguistic	_	none	_	Begin=1527.8429999999998	_	_	_	_
665-1	PST038	665	665	1	non	non	_	_	_	_	_	linguistic	_	none	_	_	_	_	_	_
665-2	PST038	665	665	2	venire	venire	_	_	_	_	_	linguistic	_	none	_	_	_	_	_	_
665-3	PST038	665	665	3	ade:sso	adesso	_	_	_	_	_	linguistic	_	none	_	_	2x1	_	_	_
665-4	PST038	665	665	4	perché	perché	_	_	_	_	_	linguistic	_	none	_	_	_	_	_	_
665-5	PST038	665	665	5	era::	era	_	_	_	_	_	linguistic	_	none	_	_	2x2	_	_	_
665-6	PST038	665	665	6	treme:ndo	tremendo	_	_	_	_	_	linguistic	_	none	_	_	4x1	_	_	_
665-7	PST038	665	665	7	la	la	_	_	_	_	_	linguistic	_	none	_	_	_	_	_	_
665-8	PST038	665	665	8	situazione	situazione	_	_	_	_	_	linguistic	_	none	_	_	_	_	_	_
665-9	PST038	665	665	9	politica	politica	_	_	_	_	_	linguistic	_	none	_	_	_	_	_	_
665-10	PST038	665	665	10	economica	economica	_	_	_	_	_	linguistic	_	none	_	_	_	_	_	_
665-11	PST038	665	665	11	era	era	_	_	_	_	_	linguistic	_	none	_	_	_	_	_	_
665-12	PST038	665	665	12	treme:nda	tremenda	_	_	_	_	_	linguistic	_	none	_	End=1533.43	4x1	_	_	_
666-0	PST038	666	666	0	allora	allora	_	_	_	_	_	linguistic	_	none	_	Begin=1533.56	_	_	_	_
666-1	PST038	666	666	1	ero	ero	_	_	_	_	_	linguistic	_	none	_	_	_	_	_	_
666-2	PST038	666	666	2	gio:vane	giovane	_	_	_	_	_	linguistic	_	none	_	End=1534.856	2x1	_	_	_
667-0	PST038	667	667	0	però	però	_	_	_	_	_	linguistic	_	none	_	Begin=1535.426	_	_	_	_
667-1	PST038	667	667	1	poi	poi	_	_	_	_	_	linguistic	_	none	_	_	_	_	_	_
667-2	PST038	667	667	2	sono	sono	_	_	_	_	_	linguistic	_	none	_	_	_	_	_	_
667-3	PST038	667	667	3	passati	passati	_	_	_	_	_	linguistic	_	none	_	_	_	_	_	_
667-4	PST038	667	667	4	il	il	_	_	_	_	_	linguistic	_	none	_	_	_	_	_	_
667-5	PST038	667	667	5	te:mpo	tempo	_	_	_	_	_	linguistic	_	none	_	_	1x1	_	_	_
667-6	PST038	667	667	6	e::	e	_	_	_	_	_	linguistic	_	none	_	End=1537.85	0x2	_	_	_
668-0	PST038	668	668	0	e	e	_	_	_	_	_	linguistic	_	some	_	Begin=1538.227	_	_	_	_
668-1	PST038	668	668	1	sono	sono	_	_	_	_	_	linguistic	_	some	_	_	_	_	_	_
668-2	PST038	668	668	2	rimasta	rimasta	_	_	_	_	_	linguistic	_	some	_	_	_	_	_	_
668-3	PST038	668	668	3	qua:	qua	_	_	_	_	_	linguistic	_	some	_	_	2x1	_	_	_
668-4	PST038	668	668	4	perché::	perché	_	_	_	_	_	linguistic	_	some	_	_	5x2	_	_	_
668-5	PST038	668	668	5	#porque	porque	_	_	_	_	_	linguistic	_	some	Language=NO_ISO_CODE|Variation=Token	_	_	_	_	_
668-6	PST038	668	668	6	non	non	_	_	_	_	_	linguistic	_	some	_	_	_	_	_	_
668-7	PST038	668	668	7	è	è	_	_	_	_	_	linguistic	_	some	_	_	_	_	_	_
668-8	PST038	668	668	8	mai	mai	_	_	_	_	_	linguistic	_	some	_	_	_	_	_	_
668-9	PST038	668	668	9	cambia:to	cambiato	_	_	_	_	_	linguistic	_	some	_	_	5x1	_	_	_
668-10	PST038	668	668	10	di	di	_	_	_	_	_	linguistic	_	some	_	_	_	_	_	_
668-11	PST038	668	668	11	[là]	là	_	_	_	_	_	linguistic	_	some	_	End=1541.547	_	_	_	0-2(157)
669-0	PST211	669	669	0	[mh]	mh	_	_	_	_	_	linguistic	_	none	ProsodicLink=Yes	Begin=1541.4	_	_	_	0-2(157)
669-1	PST211	669	669	1	mh	mh	_	_	_	_	_	linguistic	_	none	_	End=1541.977	_	_	_	_
670-0	PST038	670	670	0	però	però	_	_	_	_	_	linguistic	_	some	_	Begin=1542.64	_	_	_	_
670-1	PST038	670	670	1	sono::	sono	_	_	_	_	_	linguistic	_	some	_	_	3x2	_	_	_
670-2	PST038	670	670	2	sono	sono	_	_	_	_	_	linguistic	_	some	_	_	_	_	_	_
670-3	PST038	670	670	3	conte:nta	contenta	_	_	_	_	_	linguistic	_	some	_	_	4x1	_	_	_
670-4	PST038	670	670	4	diciamo	diciamo	_	_	_	_	_	linguistic	_	some	PauseAfter=Yes	_	_	_	_	_
670-5	PST038	670	670	5	{P}	{P}	_	_	_	_	_	shortpause	_	some	_	_	_	_	_	_
670-6	PST038	670	670	6	#de:	de	_	_	_	_	_	linguistic	_	some	Language=NO_ISO_CODE|Variation=Token	_	1x1	_	_	_
670-7	PST038	670	670	7	de	de	_	_	_	_	_	linguistic	_	some	_	_	_	_	_	_
670-8	PST038	670	670	8	potere::	potere	_	_	_	_	_	linguistic	_	some	_	_	5x2	_	_	_
670-9	PST038	670	670	9	tanto	tanto	_	_	_	_	_	linguistic	_	some	_	_	_	_	_	_
670-10	PST038	670	670	10	la	la	_	_	_	_	_	linguistic	_	some	_	_	_	_	_	_
670-11	PST038	670	670	11	vita	vita	_	_	_	_	_	linguistic	_	some	_	_	_	_	_	_
670-12	PST038	670	670	12	è	è	_	_	_	_	_	linguistic	_	some	_	_	_	_	_	_
670-13	PST038	670	670	13	lotta:	lotta	_	_	_	_	_	linguistic	_	some	_	End=1549.129	4x1	_	_	_
671-0	PST211	671	671	0	eh	eh	_	_	_	_	_	linguistic	_	none	_	Begin=1549.16	_	_	_	_
671-1	PST211	671	671	1	sì	sì	_	_	_	_	_	linguistic	_	none	_	End=1549.788	_	_	_	_
672-0	PST038	672	672	0	o	o	_	_	_	_	_	linguistic	_	none	_	Begin=1549.828	_	_	_	_
672-1	PST038	672	672	1	devi	devi	_	_	_	_	_	linguistic	_	none	_	_	_	_	_	_
672-2	PST038	672	672	2	lottare	lottare	_	_	_	_	_	linguistic	_	none	_	_	_	_	_	_
672-3	PST038	672	672	3	qua:	qua	_	_	_	_	_	linguistic	_	none	_	_	2x1	_	_	_
672-4	PST038	672	672	4	o	o	_	_	_	_	_	linguistic	_	none	_	_	_	_	_	_
672-5	PST038	672	672	5	devi	devi	_	_	_	_	_	linguistic	_	none	_	_	_	_	_	_
672-6	PST038	672	672	6	lottare	lottare	_	_	_	_	_	linguistic	_	none	_	_	_	_	_	_
672-7	PST038	672	672	7	di	di	_	_	_	_	_	linguistic	_	none	_	_	_	_	_	_
672-8	PST038	672	672	8	là::	là	_	_	_	_	_	linguistic	_	none	_	_	1x2	_	_	_
672-9	PST038	672	672	9	è	è	_	_	_	_	_	linguistic	_	none	_	_	_	_	_	_
672-10	PST038	672	672	10	così	così	_	_	_	_	_	linguistic	_	none	_	End=1553.387	_	_	_	_
673-0	PST038	673	673	0	e	e	_	_	_	_	_	linguistic	_	none	_	Begin=1553.877	_	_	_	_
673-1	PST038	673	673	1	finché	finché	_	_	_	_	_	linguistic	_	none	_	_	_	_	_	_
673-2	PST038	673	673	2	sono	sono	_	_	_	_	_	linguistic	_	none	_	_	_	_	_	_
673-3	PST038	673	673	3	qua::	qua	_	_	_	_	_	linguistic	_	none	_	_	2x2	_	_	_
673-4	PST038	673	673	4	andiamo	andiamo	_	_	_	_	_	linguistic	_	none	_	_	_	_	_	_
673-5	PST038	673	673	5	ava:nti	avanti	_	_	_	_	_	linguistic	_	none	_	_	2x1	_	_	_
673-6	PST038	673	673	6	però::	però	_	_	_	_	_	linguistic	_	none	_	End=1557.123	3x2	_	_	_
674-0	PST038	674	674	0	se	se	_	_	_	_	_	linguistic	_	some	_	Begin=1557.387	_	_	_	_
674-1	PST038	674	674	1	c'	c'	_	_	_	_	_	linguistic	_	some	SpaceAfter=No	_	_	_	_	_
674-2	PST038	674	674	2	è	è	_	_	_	_	_	linguistic	_	some	_	_	_	_	_	_
674-3	PST038	674	674	3	adesso	adesso	_	_	_	_	_	linguistic	_	some	_	_	_	_	_	_
674-4	PST038	674	674	4	que:sto	questo	_	_	_	_	_	linguistic	_	some	_	_	2x1	_	_	_
674-5	PST038	674	674	5	questio:ne	questione	_	_	_	_	_	linguistic	_	some	_	_	6x1	_	_	_
674-6	PST038	674	674	6	#de	de	_	_	_	_	_	linguistic	_	some	Language=NO_ISO_CODE|Variation=Token	_	_	_	_	_
674-7	PST038	674	674	7	che:	che	_	_	_	_	_	linguistic	_	some	_	_	2x1	_	_	_
674-8	PST038	674	674	8	si	si	_	_	_	_	_	linguistic	_	some	_	_	_	_	_	_
674-9	PST038	674	674	9	può	può	_	_	_	_	_	linguistic	_	some	_	_	_	_	_	_
674-10	PST038	674	674	10	aprire:	aprire	_	_	_	_	_	linguistic	_	some	_	End=1561.152	5x1	_	_	_
675-0	PST038	675	675	0	u~	u~	_	_	_	_	_	linguistic	_	some	Interrupted=Yes	Begin=1562.534	_	_	_	_
675-1	PST038	675	675	1	u~	u~	_	_	_	_	_	linguistic	_	some	Interrupted=Yes	_	_	_	_	_
675-2	PST038	675	675	2	u:na	una	_	_	_	_	_	linguistic	_	some	_	_	0x1	_	_	_
675-3	PST038	675	675	3	lu:ce	luce	_	_	_	_	_	linguistic	_	some	_	_	1x1	_	_	_
675-4	PST038	675	675	4	#de	de	_	_	_	_	_	linguistic	_	some	Language=NO_ISO_CODE|Variation=Token	_	_	_	_	_
675-5	PST038	675	675	5	#poder	poder	_	_	_	_	_	linguistic	_	some	Language=NO_ISO_CODE|Variation=Token	_	_	_	_	_
675-6	PST038	675	675	6	dare	dare	_	_	_	_	_	linguistic	_	some	_	_	_	_	_	_
675-7	PST038	675	675	7	una	una	_	_	_	_	_	linguistic	_	some	_	_	_	_	_	_
675-8	PST038	675	675	8	ma:no	mano	_	_	_	_	_	linguistic	_	some	_	End=1565.153	1x1	_	_	_
676-0	PST038	676	676	0	a	a	_	_	_	_	_	linguistic	_	none	_	Begin=1565.4	_	_	_	_
676-1	PST038	676	676	1	tutte	tutte	_	_	_	_	_	linguistic	_	none	_	_	_	_	_	_
676-2	PST038	676	676	2	quelle	quelle	_	_	_	_	_	linguistic	_	none	_	_	_	_	_	_
676-3	PST038	676	676	3	persone	persone	_	_	_	_	_	linguistic	_	none	_	_	_	_	_	_
676-4	PST038	676	676	4	che	che	_	_	_	_	_	linguistic	_	none	_	_	_	_	_	_
676-5	PST038	676	676	5	sono	sono	_	_	_	_	_	linguistic	_	none	_	_	_	_	_	_
676-6	PST038	676	676	6	venute	venute	_	_	_	_	_	linguistic	_	none	_	_	_	_	_	_
676-7	PST038	676	676	7	dietro	dietro	_	_	_	_	_	linguistic	_	none	_	_	_	_	_	_
676-8	PST038	676	676	8	di	di	_	_	_	_	_	linguistic	_	none	_	_	_	_	_	_
676-9	PST038	676	676	9	no:i:	noi	_	_	_	_	_	linguistic	_	none	_	_	1x1,2x1	_	_	_
676-10	PST038	676	676	10	e:	e	_	_	_	_	_	linguistic	_	none	_	_	0x1	_	_	_
676-11	PST038	676	676	11	che::	che	_	_	_	_	_	linguistic	_	none	_	End=1568.876	2x2	_	_	_
677-0	PST038	677	677	0	hanno	hanno	_	_	_	_	_	linguistic	_	some	_	Begin=1569.499	_	_	_	_
677-1	PST038	677	677	1	bisogno	bisogno	_	_	_	_	_	linguistic	_	some	_	_	_	_	_	_
677-2	PST038	677	677	2	per	per	_	_	_	_	_	linguistic	_	some	_	_	_	_	_	_
677-3	PST038	677	677	3	inseri:rsi	inserirsi	_	_	_	_	_	linguistic	_	some	_	_	5x1	_	_	_
677-4	PST038	677	677	4	di	di	_	_	_	_	_	linguistic	_	some	_	_	_	_	_	_
677-5	PST038	677	677	5	un	un	_	_	_	_	_	linguistic	_	some	_	_	_	_	_	_
677-6	PST038	677	677	6	po'	po'	_	_	_	_	_	linguistic	_	some	_	_	_	_	_	_
677-7	PST038	677	677	7	più	più	_	_	_	_	_	linguistic	_	some	_	_	_	_	_	_
677-8	PST038	677	677	8	#de:	de	_	_	_	_	_	linguistic	_	some	Language=NO_ISO_CODE|Variation=Token	_	1x1	_	_	_
677-9	PST038	677	677	9	cultu:ra	cultura	_	_	_	_	_	linguistic	_	some	_	_	4x1	_	_	_
677-10	PST038	677	677	10	[un	un	_	_	_	_	_	linguistic	_	some	_	_	_	_	_	0-2(158)
677-11	PST038	677	677	11	po'	po'	_	_	_	_	_	linguistic	_	some	_	_	_	_	_	0-3(158)
677-12	PST038	677	677	12	più]	più	_	_	_	_	_	linguistic	_	some	_	_	_	_	_	0-3(158)
677-13	PST038	677	677	13	#de:	de	_	_	_	_	_	linguistic	_	some	Language=NO_ISO_CODE|Variation=Token	_	1x1	_	_	_
677-14	PST038	677	677	14	istruzio:ne	istruzione	_	_	_	_	_	linguistic	_	some	_	End=1573.446	7x1	_	_	_
678-0	PST211	678	678	0	[certo]	certo	_	_	_	_	_	linguistic	_	none	_	Begin=1572.19|End=1572.56	_	_	_	0-5(158)
679-0	PST038	679	679	0	e::h	eh	_	_	_	_	_	linguistic	_	none	_	Begin=1573.867|End=1574.959	0x2	_	_	_
680-0	PST038	680	680	0	per	per	_	_	_	_	_	linguistic	_	none	_	Begin=1575.254	_	_	_	_
680-1	PST038	680	680	1	me:	me	_	_	_	_	_	linguistic	_	none	_	_	1x1	_	_	_
680-2	PST038	680	680	2	è	è	_	_	_	_	_	linguistic	_	none	_	_	_	_	_	_
680-3	PST038	680	680	3	un	un	_	_	_	_	_	linguistic	_	none	_	_	_	_	_	_
680-4	PST038	680	680	4	$esbocco	esbocco	_	_	_	_	_	linguistic	_	none	Orthography=Yes|Variation=Emerging	End=1576.227	_	_	_	_
681-0	PST211	681	681	0	m[:h]	mh	_	_	_	_	_	linguistic	_	none	_	Begin=1576.254|End=1576.735	0x1	_	_	1-2(159)
682-0	PST038	682	682	0	[per	per	_	_	_	_	_	linguistic	_	none	_	Begin=1576.467	_	_	_	0-3(159)
682-1	PST038	682	682	1	me:]	me	_	_	_	_	_	linguistic	_	none	_	_	1x1	_	_	0-2(159)
682-2	PST038	682	682	2	è	è	_	_	_	_	_	linguistic	_	none	_	_	_	_	_	_
682-3	PST038	682	682	3	un	un	_	_	_	_	_	linguistic	_	none	_	_	_	_	_	_
682-4	PST038	682	682	4	$esti:molo	estimolo	_	_	_	_	_	linguistic	_	none	Orthography=Yes|Variation=Emerging	End=1577.907	3x1	_	_	_
683-0	PST211	683	683	0	eh	eh	_	_	_	_	_	linguistic	_	none	_	Begin=1577.908	_	_	_	_
683-1	PST211	683	683	1	sì	sì	_	_	_	_	_	linguistic	_	none	_	End=1578.282	_	_	_	_
684-0	PST038	684	684	0	me	me	_	_	_	_	_	linguistic	_	none	_	Begin=1578.54	_	_	_	_
684-1	PST038	684	684	1	lo	lo	_	_	_	_	_	linguistic	_	none	_	_	_	_	_	_
684-2	PST038	684	684	2	faccio	faccio	_	_	_	_	_	linguistic	_	none	_	_	_	_	_	_
684-3	PST038	684	684	3	volontariame::nte	volontariamente	_	_	_	_	_	linguistic	_	none	_	End=1580.382	11x2	_	_	_
685-0	PST038	685	685	0	no::	no	_	_	_	_	_	linguistic	_	none	_	Begin=1580.475	1x2	_	_	_
685-1	PST038	685	685	1	in	in	_	_	_	_	_	linguistic	_	none	_	_	_	_	_	_
685-2	PST038	685	685	2	cambio	cambio	_	_	_	_	_	linguistic	_	none	_	_	_	_	_	_
685-3	PST038	685	685	3	di	di	_	_	_	_	_	linguistic	_	none	_	_	_	_	_	_
685-4	PST038	685	685	4	nie:nte	niente	_	_	_	_	_	linguistic	_	none	_	_	2x1	_	_	_
685-5	PST038	685	685	5	diciamo	diciamo	_	_	_	_	_	linguistic	_	none	_	_	_	_	_	_
685-6	PST038	685	685	6	[così]	così	_	_	_	_	_	linguistic	_	none	_	End=1583.0	_	_	_	0-4(160)
686-0	PST211	686	686	0	[mh]	mh	_	_	_	_	_	linguistic	_	none	_	Begin=1582.619|End=1582.925	_	_	_	0-2(160)
687-0	PST038	687	687	0	mh	mh	_	_	_	_	_	linguistic	_	none	_	Begin=1583.147|End=1583.521	_	_	_	_
688-0	PST211	688	688	0	eh	eh	_	_	_	_	_	linguistic	_	none	_	Begin=1583.88	_	_	_	_
688-1	PST211	688	688	1	sì	sì	_	_	_	_	_	linguistic	_	none	_	End=1584.364	_	_	_	_
689-0	PST211	689	689	0	e	e	_	_	_	_	_	linguistic	_	none	_	Begin=1585.12	_	_	_	_
689-1	PST211	689	689	1	adesso	adesso	_	_	_	_	_	linguistic	_	none	_	_	_	_	_	_
689-2	PST211	689	689	2	invece	invece	_	_	_	_	_	linguistic	_	none	_	_	_	_	_	_
689-3	PST211	689	689	3	che	che	_	_	_	_	_	linguistic	_	none	_	_	_	_	_	_
689-4	PST211	689	689	4	lavoro	lavoro	_	_	_	_	_	linguistic	_	none	_	_	_	_	_	_
689-5	PST211	689	689	5	fa:i	fai	_	_	_	_	_	linguistic	_	none	_	_	1x1	_	_	_
689-6	PST211	689	689	6	qui	qui	_	_	_	_	_	linguistic	_	none	_	_	_	_	_	_
689-7	PST211	689	689	7	che	che	_	_	_	_	_	linguistic	_	none	_	_	_	_	_	_
689-8	PST211	689	689	8	mi	mi	_	_	_	_	_	linguistic	_	none	_	_	_	_	_	_
689-9	PST211	689	689	9	parla:vi::	parlavi	_	_	_	_	_	linguistic	_	none	_	End=1588.6	4x1,6x2	_	_	_
690-0	PST038	690	690	0	ti	ti	_	_	_	_	_	linguistic	_	none	_	Begin=1589.334	_	_	_	_
690-1	PST038	690	690	1	parla:[vo]	parlavo	_	_	_	_	_	linguistic	_	none	_	End=1590.013	4x1	_	_	5-7(161)
691-0	PST211	691	691	0	[al]	al	_	_	_	_	_	linguistic	_	none	_	Begin=1589.84	_	_	_	0-2(161)
691-1	PST211	691	691	1	tele:fono	telefono	_	_	_	_	_	linguistic	_	none	_	_	3x1	_	_	_
691-2	PST211	691	691	2	mi	mi	_	_	_	_	_	linguistic	_	none	_	_	_	_	_	_
691-3	PST211	691	691	3	dice:vi::	dicevi	_	_	_	_	_	linguistic	_	none	_	_	3x1,5x2	_	_	_
691-4	PST211	691	691	4	non	non	_	_	_	_	_	linguistic	_	none	_	_	_	_	_	_
691-5	PST211	691	691	5	rico:rdo	ricordo	_	_	_	_	_	linguistic	_	none	_	_	3x1	_	_	_
691-6	PST211	691	691	6	esattamente	esattamente	_	_	_	_	_	linguistic	_	none	_	_	_	_	_	_
691-7	PST211	691	691	7	di	di	_	_	_	_	_	linguistic	_	none	_	_	_	_	_	_
691-8	PST211	691	691	8	che	che	_	_	_	_	_	linguistic	_	none	_	_	_	_	_	_
691-9	PST211	691	691	9	cosa::	cosa	_	_	_	_	_	linguistic	_	none	_	End=1594.082	3x2	_	_	_
692-0	PST038	692	692	0	ah	ah	_	_	_	_	_	linguistic	_	none	_	Begin=1594.187|End=1594.44	_	_	_	_
693-0	PST211	693	693	0	mi	mi	_	_	_	_	_	linguistic	_	none	_	Begin=1594.453	_	_	_	_
693-1	PST211	693	693	1	parla:vi	parlavi	_	_	_	_	_	linguistic	_	none	_	End=1595.232	4x1	_	_	_
694-0	PST038	694	694	0	no?	no	_	_	_	_	_	linguistic	_	none	Intonation=Rising	Begin=1595.587	_	_	_	_
694-1	PST038	694	694	1	io	io	_	_	_	_	_	linguistic	_	none	_	_	_	_	_	_
694-2	PST038	694	694	2	adesso:	adesso	_	_	_	_	_	linguistic	_	none	_	_	5x1	_	_	_
694-3	PST038	694	694	3	no	no	_	_	_	_	_	linguistic	_	none	_	_	_	_	_	_
694-4	PST038	694	694	4	lavoro	lavoro	_	_	_	_	_	linguistic	_	none	_	_	_	_	_	_
694-5	PST038	694	694	5	qua::	qua	_	_	_	_	_	linguistic	_	none	_	End=1597.522	2x2	_	_	_
695-0	PST038	695	695	0	lavoro	lavoro	_	_	_	_	_	linguistic	_	none	_	Begin=1599.441	_	_	_	_
695-1	PST038	695	695	1	co:(n)	con	_	_	_	_	_	linguistic	_	none	_	_	1x1	_	2-3(0)	_
695-2	PST038	695	695	2	u:na	una	_	_	_	_	_	linguistic	_	none	_	_	0x1	_	_	_
695-3	PST038	695	695	3	signora::	signora	_	_	_	_	_	linguistic	_	none	_	End=1601.454	6x2	_	_	_
696-0	PST038	696	696	0	che	che	_	_	_	_	_	linguistic	_	none	_	Begin=1602.386	_	_	_	_
696-1	PST038	696	696	1	è::	è	_	_	_	_	_	linguistic	_	none	_	_	0x2	_	_	_
696-2	PST038	696	696	2	malata	malata	_	_	_	_	_	linguistic	_	none	_	_	_	_	_	_
696-3	PST038	696	696	3	psichiatrica	psichiatrica	_	_	_	_	_	linguistic	_	none	_	End=1604.599	_	_	_	_
697-0	PST211	697	697	0	mh	mh	_	_	_	_	_	linguistic	_	none	_	Begin=1604.627|End=1605.103	_	_	_	_
698-0	PST038	698	698	0	e::	e	_	_	_	_	_	linguistic	_	some	_	Begin=1606.512	0x2	_	_	_
698-1	PST038	698	698	1	lavoro	lavoro	_	_	_	_	_	linguistic	_	some	_	_	_	_	_	_
698-2	PST038	698	698	2	con	con	_	_	_	_	_	linguistic	_	some	_	_	_	_	_	_
698-3	PST038	698	698	3	le:i	lei	_	_	_	_	_	linguistic	_	some	_	_	1x1	_	_	_
698-4	PST038	698	698	4	#ya	ya	_	_	_	_	_	linguistic	_	some	Language=NO_ISO_CODE|Variation=Token	_	_	_	_	_
698-5	PST038	698	698	5	da	da	_	_	_	_	_	linguistic	_	some	_	_	_	_	_	_
698-6	PST038	698	698	6	tre	tre	_	_	_	_	_	linguistic	_	some	_	_	_	_	_	_
698-7	PST038	698	698	7	a:nni	anni	_	_	_	_	_	linguistic	_	some	_	End=1608.778	0x1	_	_	_
699-0	PST038	699	699	0	e::	e	_	_	_	_	_	linguistic	_	none	_	Begin=1609.52	0x2	_	_	_
699-1	PST038	699	699	1	mi	mi	_	_	_	_	_	linguistic	_	none	_	_	_	_	_	_
699-2	PST038	699	699	2	sono	sono	_	_	_	_	_	linguistic	_	none	_	_	_	_	_	_
699-3	PST038	699	699	3	occupata	occupata	_	_	_	_	_	linguistic	_	none	_	_	_	_	_	_
699-4	PST038	699	699	4	se:mpre	sempre	_	_	_	_	_	linguistic	_	none	_	_	1x1	_	_	_
699-5	PST038	699	699	5	di::	di	_	_	_	_	_	linguistic	_	none	_	_	1x2	_	_	_
699-6	PST038	699	699	6	di	di	_	_	_	_	_	linguistic	_	none	_	_	_	_	_	_
699-7	PST038	699	699	7	quello:	quello	_	_	_	_	_	linguistic	_	none	_	End=1611.967	5x1	_	_	_
700-0	PST211	700	700	0	mh	mh	_	_	_	_	_	linguistic	_	none	ProsodicLink=Yes	Begin=1612.014	_	_	_	_
700-1	PST211	700	700	1	mh	mh	_	_	_	_	_	linguistic	_	none	_	End=1612.404	_	_	_	_
701-0	PST038	701	701	0	beh	beh	_	_	_	_	_	linguistic	_	none	_	Begin=1612.48	_	_	_	_
701-1	PST038	701	701	1	non	non	_	_	_	_	_	linguistic	_	none	_	_	_	_	_	_
701-2	PST038	701	701	2	sapevo:	sapevo	_	_	_	_	_	linguistic	_	none	_	End=1613.592	5x1	_	_	_
702-0	PST038	702	702	0	che	che	_	_	_	_	_	linguistic	_	none	_	Begin=1614.76	_	_	_	_
702-1	PST038	702	702	1	mi	mi	_	_	_	_	_	linguistic	_	none	_	_	_	_	_	_
702-2	PST038	702	702	2	pia~	pia~	_	_	_	_	_	linguistic	_	none	Interrupted=Yes	_	_	_	_	_
702-3	PST038	702	702	3	mi	mi	_	_	_	_	_	linguistic	_	none	_	_	_	_	_	_
702-4	PST038	702	702	4	avesse::	avesse	_	_	_	_	_	linguistic	_	none	_	_	5x2	_	_	_
702-5	PST038	702	702	5	fosse	fosse	_	_	_	_	_	linguistic	_	none	_	_	_	_	_	_
702-6	PST038	702	702	6	arrivato	arrivato	_	_	_	_	_	linguistic	_	none	_	_	_	_	_	_
702-7	PST038	702	702	7	a	a	_	_	_	_	_	linguistic	_	none	_	_	_	_	_	_
702-8	PST038	702	702	8	piacermi	piacermi	_	_	_	_	_	linguistic	_	none	_	_	_	_	_	_
702-9	PST038	702	702	9	questo	questo	_	_	_	_	_	linguistic	_	none	_	_	_	_	_	_
702-10	PST038	702	702	10	tipo	tipo	_	_	_	_	_	linguistic	_	none	_	_	_	_	_	_
702-11	PST038	702	702	11	di	di	_	_	_	_	_	linguistic	_	none	_	_	_	_	_	_
702-12	PST038	702	702	12	mestie:re	mestiere	_	_	_	_	_	linguistic	_	none	_	_	5x1	_	_	_
702-13	PST038	702	702	13	io	io	_	_	_	_	_	linguistic	_	none	_	_	_	_	_	_
702-14	PST038	702	702	14	preferisco	preferisco	_	_	_	_	_	linguistic	_	none	_	_	_	_	_	_
702-15	PST038	702	702	15	que:llo	quello	_	_	_	_	_	linguistic	_	none	_	_	2x1	_	_	_
702-16	PST038	702	702	16	che	che	_	_	_	_	_	linguistic	_	none	_	_	_	_	_	_
702-17	PST038	702	702	17	a	a	_	_	_	_	_	linguistic	_	none	_	_	_	_	_	_
702-18	PST038	702	702	18	guardar	guardar	_	_	_	_	_	linguistic	_	none	_	_	_	_	_	_
702-19	PST038	702	702	19	bambi:(ni)	bambini	_	_	_	_	_	linguistic	_	none	_	End=1621.052	4x1	_	5-7(0)	_
703-0	PST211	703	703	0	mh	mh	_	_	_	_	_	linguistic	_	none	_	Begin=1621.053|End=1621.413	_	_	_	_
704-0	PST038	704	704	0	mh	mh	_	_	_	_	_	linguistic	_	none	_	Begin=1621.606	_	_	_	_
704-1	PST038	704	704	1	mh	mh	_	_	_	_	_	linguistic	_	none	_	End=1621.913	_	_	_	_
705-0	PST211	705	705	0	{ride}	{ride}	_	_	_	_	_	nonverbalbehavior	_	none	_	Begin=1621.9|End=1622.867	_	_	_	_
706-0	PST038	706	706	0	{ride}	{ride}	_	_	_	_	_	nonverbalbehavior	_	none	_	Begin=1622.867|End=1623.349	_	_	_	_
707-0	PST038	707	707	0	sì	sì	_	_	_	_	_	linguistic	_	none	_	Begin=1623.835|End=1624.21	_	_	_	_
708-0	PST038	708	708	0	sì	sì	_	_	_	_	_	linguistic	_	none	_	Begin=1624.6	_	_	_	_
708-1	PST038	708	708	1	me	me	_	_	_	_	_	linguistic	_	none	_	_	_	_	_	_
708-2	PST038	708	708	2	piace:	piace	_	_	_	_	_	linguistic	_	none	_	_	4x1	_	_	_
708-3	PST038	708	708	3	m~	m~	_	_	_	_	_	linguistic	_	none	Interrupted=Yes	_	_	_	_	_
708-4	PST038	708	708	4	mi	mi	_	_	_	_	_	linguistic	_	none	_	_	_	_	_	_
708-5	PST038	708	708	5	piace	piace	_	_	_	_	_	linguistic	_	none	_	_	_	_	_	_
708-6	PST038	708	708	6	fa:re	fare	_	_	_	_	_	linguistic	_	none	_	_	1x1	_	_	_
708-7	PST038	708	708	7	il	il	_	_	_	_	_	linguistic	_	none	_	_	_	_	_	_
708-8	PST038	708	708	8	mio	mio	_	_	_	_	_	linguistic	_	none	_	_	_	_	_	_
708-9	PST038	708	708	9	lavo:ro	lavoro	_	_	_	_	_	linguistic	_	none	_	End=1627.442	3x1	_	_	_
709-0	PST211	709	709	0	ah	ah	_	_	_	_	_	linguistic	_	none	ProsodicLink=Yes	Begin=1627.475	_	_	_	_
709-1	PST211	709	709	1	ah	ah	_	_	_	_	_	linguistic	_	none	_	End=1627.836	_	_	_	_
710-0	PST038	710	710	0	me	me	_	_	_	_	_	linguistic	_	none	_	Begin=1627.907	_	_	_	_
710-1	PST038	710	710	1	piace	piace	_	_	_	_	_	linguistic	_	none	_	_	_	_	_	_
710-2	PST038	710	710	2	proprio::	proprio	_	_	_	_	_	linguistic	_	none	_	End=1629.715	6x2	_	_	_
711-0	PST038	711	711	0	e::hm:	ehm	_	_	_	_	_	linguistic	_	none	_	Begin=1630.434|End=1631.631	0x2,2x1	_	_	_
712-0	PST038	712	712	0	lavorar	lavorar	_	_	_	_	_	linguistic	_	none	_	Begin=1631.736	_	_	_	_
712-1	PST038	712	712	1	con	con	_	_	_	_	_	linguistic	_	none	_	_	_	_	_	_
712-2	PST038	712	712	2	le	le	_	_	_	_	_	linguistic	_	none	_	_	_	_	_	_
712-3	PST038	712	712	3	persone	persone	_	_	_	_	_	linguistic	_	none	_	_	_	_	_	_
712-4	PST038	712	712	4	anzia:ne:	anziane	_	_	_	_	_	linguistic	_	none	_	_	4x1,6x1	_	_	_
712-5	PST038	712	712	5	con	con	_	_	_	_	_	linguistic	_	none	_	_	_	_	_	_
712-6	PST038	712	712	6	le	le	_	_	_	_	_	linguistic	_	none	_	_	_	_	_	_
712-7	PST038	712	712	7	persone	persone	_	_	_	_	_	linguistic	_	none	_	_	_	_	_	_
712-8	PST038	712	712	8	con	con	_	_	_	_	_	linguistic	_	none	_	_	_	_	_	_
712-9	PST038	712	712	9	l'	l'	_	_	_	_	_	linguistic	_	none	SpaceAfter=No	_	_	_	_	_
712-10	PST038	712	712	10	alzha:imer	alzhaimer	_	_	_	_	_	linguistic	_	none	_	_	4x1	_	_	_
712-11	PST038	712	712	11	con	con	_	_	_	_	_	linguistic	_	none	_	_	_	_	_	_
712-12	PST038	712	712	12	le	le	_	_	_	_	_	linguistic	_	none	_	_	_	_	_	_
712-13	PST038	712	712	13	persone	persone	_	_	_	_	_	linguistic	_	none	_	_	_	_	_	_
712-14	PST038	712	712	14	con	con	_	_	_	_	_	linguistic	_	none	_	_	_	_	_	_
712-15	PST038	712	712	15	demenza	demenza	_	_	_	_	_	linguistic	_	none	_	_	_	_	_	_
712-16	PST038	712	712	16	seni:le:	senile	_	_	_	_	_	linguistic	_	none	_	End=1637.131	3x1,5x1	_	_	_
713-0	PST038	713	713	0	con	con	_	_	_	_	_	linguistic	_	none	_	Begin=1637.853	_	_	_	_
713-1	PST038	713	713	1	le	le	_	_	_	_	_	linguistic	_	none	_	_	_	_	_	_
713-2	PST038	713	713	2	persone::	persone	_	_	_	_	_	linguistic	_	none	_	_	6x2	_	_	_
713-3	PST038	713	713	3	che	che	_	_	_	_	_	linguistic	_	none	_	_	_	_	_	_
713-4	PST038	713	713	4	ne	ne	_	_	_	_	_	linguistic	_	none	_	_	_	_	_	_
713-5	PST038	713	713	5	ha:nno	hanno	_	_	_	_	_	linguistic	_	none	_	_	1x1	_	_	_
713-6	PST038	713	713	6	bisogno:	bisogno	_	_	_	_	_	linguistic	_	none	_	_	6x1	_	_	_
713-7	PST038	713	713	7	così	così	_	_	_	_	_	linguistic	_	none	_	End=1640.732	_	_	_	_
714-0	PST211	714	714	0	mh	mh	_	_	_	_	_	linguistic	_	none	ProsodicLink=Yes	Begin=1640.907	_	_	_	_
714-1	PST211	714	714	1	[mh]	mh	_	_	_	_	_	linguistic	_	none	_	End=1641.296	_	_	_	0-2(162)
715-0	PST038	715	715	0	[mi]	mi	_	_	_	_	_	linguistic	_	none	_	Begin=1641.126	_	_	_	0-2(162)
715-1	PST038	715	715	1	piace	piace	_	_	_	_	_	linguistic	_	none	_	_	_	_	_	_
715-2	PST038	715	715	2	proprio:	proprio	_	_	_	_	_	linguistic	_	none	_	_	6x1	_	_	_
715-3	PST038	715	715	3	fa:rlo	farlo	_	_	_	_	_	linguistic	_	none	_	End=1643.043	1x1	_	_	_
716-0	PST038	716	716	0	credo	credo	_	_	_	_	_	linguistic	_	none	_	Begin=1643.744	_	_	_	_
716-1	PST038	716	716	1	che::	che	_	_	_	_	_	linguistic	_	none	_	End=1644.938	2x2	_	_	_
717-0	PST038	717	717	0	nella	nella	_	_	_	_	_	linguistic	_	some	_	Begin=1646.766	_	_	_	_
717-1	PST038	717	717	1	vi:ta	vita	_	_	_	_	_	linguistic	_	some	_	_	1x1	_	_	_
717-2	PST038	717	717	2	se	se	_	_	_	_	_	linguistic	_	some	_	_	_	_	_	_
717-3	PST038	717	717	3	#*no	no	_	_	_	_	_	linguistic	_	some	Language=NO_ISO_CODE|Variation=Doubtful	_	_	_	_	_
717-4	PST038	717	717	4	si	si	_	_	_	_	_	linguistic	_	some	_	_	_	_	_	_
717-5	PST038	717	717	5	muore	muore	_	_	_	_	_	linguistic	_	some	_	_	_	_	_	_
717-6	PST038	717	717	6	gio:vane	giovane	_	_	_	_	_	linguistic	_	some	_	_	2x1	_	_	_
717-7	PST038	717	717	7	nessuno	nessuno	_	_	_	_	_	linguistic	_	some	_	_	_	_	_	_
717-8	PST038	717	717	8	vuole	vuole	_	_	_	_	_	linguistic	_	some	_	_	_	_	_	_
717-9	PST038	717	717	9	morir	morir	_	_	_	_	_	linguistic	_	some	_	_	_	_	_	_
717-10	PST038	717	717	10	gio:vane	giovane	_	_	_	_	_	linguistic	_	some	_	_	2x1	_	_	_
717-11	PST038	717	717	11	arriviamo	arriviamo	_	_	_	_	_	linguistic	_	some	_	_	_	_	_	_
717-12	PST038	717	717	12	lì:	lì	_	_	_	_	_	linguistic	_	some	_	End=1650.891	1x1	_	_	_
718-0	PST211	718	718	0	eh	eh	_	_	_	_	_	linguistic	_	none	_	Begin=1650.96	_	_	_	_
718-1	PST211	718	718	1	sì	sì	_	_	_	_	_	linguistic	_	none	_	End=1651.546	_	_	_	_
719-0	PST038	719	719	0	e::h	eh	_	_	_	_	_	linguistic	_	some	_	Begin=1651.652	0x2	_	_	_
719-1	PST038	719	719	1	e	e	_	_	_	_	_	linguistic	_	some	_	_	_	_	_	_
719-2	PST038	719	719	2	forse	forse	_	_	_	_	_	linguistic	_	some	_	_	_	_	_	_
719-3	PST038	719	719	3	sono	sono	_	_	_	_	_	linguistic	_	some	_	_	_	_	_	_
719-4	PST038	719	719	4	invecchia:ta	invecchiata	_	_	_	_	_	linguistic	_	some	_	_	8x1	_	_	_
719-5	PST038	719	719	5	cre:do	credo	_	_	_	_	_	linguistic	_	some	_	_	2x1	_	_	_
719-6	PST038	719	719	6	mo:lto	molto	_	_	_	_	_	linguistic	_	some	_	_	1x1	_	_	_
719-7	PST038	719	719	7	prematurame:nte	prematuramente	_	_	_	_	_	linguistic	_	some	_	_	10x1	_	_	_
719-8	PST038	719	719	8	#porque	porque	_	_	_	_	_	linguistic	_	some	Language=NO_ISO_CODE|Variation=Token	_	_	_	_	_
719-9	PST038	719	719	9	#ya	ya	_	_	_	_	_	linguistic	_	some	Language=NO_ISO_CODE|Variation=Token	_	_	_	_	_
719-10	PST038	719	719	10	a	a	_	_	_	_	_	linguistic	_	some	_	_	_	_	_	_
719-11	PST038	719	719	11	venticinque	venticinque	_	_	_	_	_	linguistic	_	some	_	_	_	_	_	_
719-12	PST038	719	719	12	a	a	_	_	_	_	_	linguistic	_	some	_	_	_	_	_	_
719-13	PST038	719	719	13	trent'	trent'	_	_	_	_	_	linguistic	_	some	SpaceAfter=No	_	_	_	_	_
719-14	PST038	719	719	14	a:nni	anni	_	_	_	_	_	linguistic	_	some	_	_	0x1	_	_	_
719-15	PST038	719	719	15	pensavo	pensavo	_	_	_	_	_	linguistic	_	some	_	_	_	_	_	_
719-16	PST038	719	719	16	sempre	sempre	_	_	_	_	_	linguistic	_	some	_	_	_	_	_	_
719-17	PST038	719	719	17	così	così	_	_	_	_	_	linguistic	_	some	_	_	_	_	_	_
719-18	PST038	719	719	18	#porque	porque	_	_	_	_	_	linguistic	_	some	Language=NO_ISO_CODE|Variation=Token	_	_	_	_	_
719-19	PST038	719	719	19	ho	ho	_	_	_	_	_	linguistic	_	some	_	_	_	_	_	_
719-20	PST038	719	719	20	la	la	_	_	_	_	_	linguistic	_	some	_	End=1659.361	_	_	_	_
720-0	PST038	720	720	0	da	da	_	_	_	_	_	linguistic	_	none	_	Begin=1659.602	_	_	_	_
720-1	PST038	720	720	1	quando	quando	_	_	_	_	_	linguistic	_	none	_	_	_	_	_	_
720-2	PST038	720	720	2	sono	sono	_	_	_	_	_	linguistic	_	none	_	_	_	_	_	_
720-3	PST038	720	720	3	arrivata	arrivata	_	_	_	_	_	linguistic	_	none	_	_	_	_	_	_
720-4	PST038	720	720	4	qua	qua	_	_	_	_	_	linguistic	_	none	_	_	_	_	_	_
720-5	PST038	720	720	5	ho	ho	_	_	_	_	_	linguistic	_	none	_	_	_	_	_	_
720-6	PST038	720	720	6	lavorato	lavorato	_	_	_	_	_	linguistic	_	none	_	_	_	_	_	_
720-7	PST038	720	720	7	sempre	sempre	_	_	_	_	_	linguistic	_	none	_	_	_	_	_	_
720-8	PST038	720	720	8	con	con	_	_	_	_	_	linguistic	_	none	_	_	_	_	_	_
720-9	PST038	720	720	9	gli	gli	_	_	_	_	_	linguistic	_	none	_	_	_	_	_	_
720-10	PST038	720	720	10	anzia:ni	anziani	_	_	_	_	_	linguistic	_	none	_	_	4x1	_	_	_
720-11	PST038	720	720	11	per	per	_	_	_	_	_	linguistic	_	none	_	_	_	_	_	_
720-12	PST038	720	720	12	cui	cui	_	_	_	_	_	linguistic	_	none	_	_	_	_	_	_
720-13	PST038	720	720	13	forse	forse	_	_	_	_	_	linguistic	_	none	_	_	_	_	_	_
720-14	PST038	720	720	14	son	son	_	_	_	_	_	linguistic	_	none	_	_	_	_	_	_
720-15	PST038	720	720	15	diventata	diventata	_	_	_	_	_	linguistic	_	none	_	_	_	_	_	_
720-16	PST038	720	720	16	anch'	anch'	_	_	_	_	_	linguistic	_	none	SpaceAfter=No	_	_	_	_	_
720-17	PST038	720	720	17	io:	io	_	_	_	_	_	linguistic	_	none	_	_	1x1	_	_	_
720-18	PST038	720	720	18	un	un	_	_	_	_	_	linguistic	_	none	_	_	_	_	_	_
720-19	PST038	720	720	19	po'	po'	_	_	_	_	_	linguistic	_	none	_	_	_	_	_	_
720-20	PST038	720	720	20	ve:cchia	vecchia	_	_	_	_	_	linguistic	_	none	_	_	1x1	_	_	_
720-21	PST038	720	720	21	{ride}	{ride}	_	_	_	_	_	nonverbalbehavior	_	none	_	End=1665.656	_	_	_	_
721-0	PST211	721	721	0	{ride}	{ride}	_	_	_	_	_	nonverbalbehavior	_	none	_	Begin=1665.133|End=1665.718	_	_	_	_
722-0	PST038	722	722	0	{ride}	{ride}	_	_	_	_	_	nonverbalbehavior	_	none	_	Begin=1666.059	_	_	_	_
722-1	PST038	722	722	1	[perché]	perché	_	_	_	_	_	linguistic	_	none	_	End=1666.954	_	_	_	0-6(163)
723-0	PST211	723	723	0	[no	no	_	_	_	_	_	linguistic	_	none	_	Begin=1666.246	_	_	_	0-2(163)
723-1	PST211	723	723	1	dai]	dai	_	_	_	_	_	linguistic	_	none	_	End=1666.813	_	_	_	0-3(163)
724-0	PST211	724	724	0	{ride}	{ride}	_	_	_	_	_	nonverbalbehavior	_	none	_	Begin=1666.98|End=1667.562	_	_	_	_
725-0	PST038	725	725	0	perché::	perché	_	_	_	_	_	linguistic	_	none	_	Begin=1667.564	5x2	_	_	_
725-1	PST038	725	725	1	e::hm:	ehm	_	_	_	_	_	linguistic	_	none	_	End=1669.675	0x2,2x1	_	_	_
726-0	PST038	726	726	0	e	e	_	_	_	_	_	linguistic	_	none	ProsodicLink=Yes	Begin=1670.544	_	_	_	_
726-1	PST038	726	726	1	e	e	_	_	_	_	_	linguistic	_	none	_	_	_	_	_	_
726-2	PST038	726	726	2	guardo	guardo	_	_	_	_	_	linguistic	_	none	_	_	_	_	_	_
726-3	PST038	726	726	3	mo:lto	molto	_	_	_	_	_	linguistic	_	none	_	_	1x1	_	_	_
726-4	PST038	726	726	4	fors~	fors~	_	_	_	_	_	linguistic	_	none	Interrupted=Yes	_	_	_	_	_
726-5	PST038	726	726	5	io	io	_	_	_	_	_	linguistic	_	none	_	_	_	_	_	_
726-6	PST038	726	726	6	lo	lo	_	_	_	_	_	linguistic	_	none	_	_	_	_	_	_
726-7	PST038	726	726	7	ritengo	ritengo	_	_	_	_	_	linguistic	_	none	_	_	_	_	_	_
726-8	PST038	726	726	8	una	una	_	_	_	_	_	linguistic	_	none	_	_	_	_	_	_
726-9	PST038	726	726	9	fortu:na	fortuna	_	_	_	_	_	linguistic	_	none	_	End=1674.12	4x1	_	_	_
727-0	PST211	727	727	0	m:h	mh	_	_	_	_	_	linguistic	_	none	_	Begin=1674.147|End=1674.547	0x1	_	_	_
728-0	PST038	728	728	0	#poder	poder	_	_	_	_	_	linguistic	_	some	Language=NO_ISO_CODE|Variation=Token	Begin=1674.565	_	_	_	_
728-1	PST038	728	728	1	lavorare	lavorare	_	_	_	_	_	linguistic	_	some	_	_	_	_	_	_
728-2	PST038	728	728	2	con	con	_	_	_	_	_	linguistic	_	some	_	_	_	_	_	_
728-3	PST038	728	728	3	delle	delle	_	_	_	_	_	linguistic	_	some	_	_	_	_	_	_
728-4	PST038	728	728	4	persone	persone	_	_	_	_	_	linguistic	_	some	_	_	_	_	_	_
728-5	PST038	728	728	5	che	che	_	_	_	_	_	linguistic	_	some	_	_	_	_	_	_
728-6	PST038	728	728	6	ha:nno	hanno	_	_	_	_	_	linguistic	_	some	_	_	1x1	_	_	_
728-7	PST038	728	728	7	già	già	_	_	_	_	_	linguistic	_	some	_	_	_	_	_	_
728-8	PST038	728	728	8	vissu:to:	vissuto	_	_	_	_	_	linguistic	_	some	_	_	4x1,6x1	_	_	_
728-9	PST038	728	728	9	(una)	una	_	_	_	_	_	linguistic	_	some	_	_	_	_	0-3(0)	_
728-10	PST038	728	728	10	vita:	vita	_	_	_	_	_	linguistic	_	some	_	End=1678.415	3x1	_	_	_
729-0	PST038	729	729	0	#porque	porque	_	_	_	_	_	linguistic	_	some	Language=NO_ISO_CODE|Variation=Token	Begin=1678.759	_	_	_	_
729-1	PST038	729	729	1	ti	ti	_	_	_	_	_	linguistic	_	some	_	_	_	_	_	_
729-2	PST038	729	729	2	danno	danno	_	_	_	_	_	linguistic	_	some	_	_	_	_	_	_
729-3	PST038	729	729	3	ta:nta	tanta	_	_	_	_	_	linguistic	_	some	_	_	1x1	_	_	_
729-4	PST038	729	729	4	ricche:zza	ricchezza	_	_	_	_	_	linguistic	_	some	_	End=1680.672	5x1	_	_	_
730-0	PST211	730	730	0	ti	ti	_	_	_	_	_	linguistic	_	none	_	Begin=1680.68	_	_	_	_
730-1	PST211	730	730	1	raccontano	raccontano	_	_	_	_	_	linguistic	_	none	_	_	_	_	_	_
730-2	PST211	730	730	2	maga:ri	magari	_	_	_	_	_	linguistic	_	none	_	End=1681.842	3x1	_	_	_
731-0	PST038	731	731	0	e::	e	_	_	_	_	_	linguistic	_	none	_	Begin=1681.858	0x2	_	_	_
731-1	PST038	731	731	1	e	e	_	_	_	_	_	linguistic	_	none	_	_	_	_	_	_
731-2	PST038	731	731	2	ti	ti	_	_	_	_	_	linguistic	_	none	_	_	_	_	_	_
731-3	PST038	731	731	3	da:nno	danno	_	_	_	_	_	linguistic	_	none	_	_	1x1	_	_	_
731-4	PST038	731	731	4	a:nche	anche	_	_	_	_	_	linguistic	_	none	_	_	0x1	_	_	_
731-5	PST038	731	731	5	perché	perché	_	_	_	_	_	linguistic	_	none	_	_	_	_	_	_
731-6	PST038	731	731	6	si	si	_	_	_	_	_	linguistic	_	none	_	_	_	_	_	_
731-7	PST038	731	731	7	instaura	instaura	_	_	_	_	_	linguistic	_	none	_	_	_	_	_	_
731-8	PST038	731	731	8	priva:tamente	privatamente	_	_	_	_	_	linguistic	_	none	_	_	4x1	_	_	_
731-9	PST038	731	731	9	quando	quando	_	_	_	_	_	linguistic	_	none	_	_	_	_	_	_
731-10	PST038	731	731	10	lavo:ri	lavori	_	_	_	_	_	linguistic	_	none	_	_	3x1	_	_	_
731-11	PST038	731	731	11	si	si	_	_	_	_	_	linguistic	_	none	_	_	_	_	_	_
731-12	PST038	731	731	12	instaura	instaura	_	_	_	_	_	linguistic	_	none	_	_	_	_	_	_
731-13	PST038	731	731	13	questo	questo	_	_	_	_	_	linguistic	_	none	_	_	_	_	_	_
731-14	PST038	731	731	14	rapporto	rapporto	_	_	_	_	_	linguistic	_	none	_	_	_	_	_	_
731-15	PST038	731	731	15	anche	anche	_	_	_	_	_	linguistic	_	none	_	_	_	_	_	_
731-16	PST038	731	731	16	di	di	_	_	_	_	_	linguistic	_	none	_	_	_	_	_	_
731-17	PST038	731	731	17	ami:cizia:	amicizia	_	_	_	_	_	linguistic	_	none	_	End=1688.991	2x1,7x1	_	_	_
732-0	PST038	732	732	0	dove	dove	_	_	_	_	_	linguistic	_	some	_	Begin=1689.47	_	_	_	_
732-1	PST038	732	732	1	anche::	anche	_	_	_	_	_	linguistic	_	some	_	_	4x2	_	_	_
732-2	PST038	732	732	2	diciamo:	diciamo	_	_	_	_	_	linguistic	_	some	_	_	6x1	_	_	_
732-3	PST038	732	732	3	se	se	_	_	_	_	_	linguistic	_	some	_	_	_	_	_	_
732-4	PST038	732	732	4	tanto	tanto	_	_	_	_	_	linguistic	_	some	_	_	_	_	_	_
732-5	PST038	732	732	5	tempo:	tempo	_	_	_	_	_	linguistic	_	some	_	_	4x1	_	_	_
732-6	PST038	732	732	6	e	e	_	_	_	_	_	linguistic	_	some	_	_	_	_	_	_
732-7	PST038	732	732	7	arriva	arriva	_	_	_	_	_	linguistic	_	some	_	_	_	_	_	_
732-8	PST038	732	732	8	questa	questa	_	_	_	_	_	linguistic	_	some	_	_	_	_	_	_
732-9	PST038	732	732	9	amicizia	amicizia	_	_	_	_	_	linguistic	_	some	_	_	_	_	_	_
732-10	PST038	732	732	10	questa	questa	_	_	_	_	_	linguistic	_	some	_	_	_	_	_	_
732-11	PST038	732	732	11	$estima:	estima	_	_	_	_	_	linguistic	_	some	Orthography=Yes|Variation=Emerging	_	5x1	_	_	_
732-12	PST038	732	732	12	anche	anche	_	_	_	_	_	linguistic	_	some	_	_	_	_	_	_
732-13	PST038	732	732	13	magari	magari	_	_	_	_	_	linguistic	_	some	_	_	_	_	_	_
732-14	PST038	732	732	14	anche	anche	_	_	_	_	_	linguistic	_	some	_	_	_	_	_	_
732-15	PST038	732	732	15	un	un	_	_	_	_	_	linguistic	_	some	_	_	_	_	_	_
732-16	PST038	732	732	16	suggerimento	suggerimento	_	_	_	_	_	linguistic	_	some	_	_	_	_	_	_
732-17	PST038	732	732	17	#de	de	_	_	_	_	_	linguistic	_	some	Language=NO_ISO_CODE|Variation=Token	_	_	_	_	_
732-18	PST038	732	732	18	vita:	vita	_	_	_	_	_	linguistic	_	some	_	End=1697.608	3x1	_	_	_
733-0	PST211	733	733	0	m:h	mh	_	_	_	_	_	linguistic	_	none	_	Begin=1697.627|End=1698.322	0x1	_	_	_
734-0	PST038	734	734	0	e	e	_	_	_	_	_	linguistic	_	some	_	Begin=1699.181	_	_	_	_
734-1	PST038	734	734	1	le	le	_	_	_	_	_	linguistic	_	some	_	_	_	_	_	_
734-2	PST038	734	734	2	persone::	persone	_	_	_	_	_	linguistic	_	some	_	_	6x2	_	_	_
734-3	PST038	734	734	3	anzia:ne	anziane	_	_	_	_	_	linguistic	_	some	_	_	4x1	_	_	_
734-4	PST038	734	734	4	hanno	hanno	_	_	_	_	_	linguistic	_	some	_	_	_	_	_	_
734-5	PST038	734	734	5	mo:lto	molto	_	_	_	_	_	linguistic	_	some	_	_	1x1	_	_	_
734-6	PST038	734	734	6	#de	de	_	_	_	_	_	linguistic	_	some	Language=NO_ISO_CODE|Variation=Token	_	_	_	_	_
734-7	PST038	734	734	7	sa:ggio	saggio	_	_	_	_	_	linguistic	_	some	_	End=1703.742	1x1	_	_	_
735-0	PST211	735	735	0	sì	sì	_	_	_	_	_	linguistic	_	none	_	Begin=1703.76	_	_	_	_
735-1	PST211	735	735	1	sì	sì	_	_	_	_	_	linguistic	_	none	_	End=1704.445	_	_	_	_
736-0	PST038	736	736	0	cose	cose	_	_	_	_	_	linguistic	_	none	_	Begin=1704.677	_	_	_	_
736-1	PST038	736	736	1	che	che	_	_	_	_	_	linguistic	_	none	_	_	_	_	_	_
736-2	PST038	736	736	2	poi	poi	_	_	_	_	_	linguistic	_	none	_	_	_	_	_	_
736-3	PST038	736	736	3	le	le	_	_	_	_	_	linguistic	_	none	_	_	_	_	_	_
736-4	PST038	736	736	4	abbiamo	abbiamo	_	_	_	_	_	linguistic	_	none	_	_	_	_	_	_
736-5	PST038	736	736	5	pe:rse	perse	_	_	_	_	_	linguistic	_	none	_	_	1x1	_	_	_
736-6	PST038	736	736	6	perché::	perché	_	_	_	_	_	linguistic	_	none	_	End=1707.195	5x2	_	_	_
737-0	PST038	737	737	0	qua	qua	_	_	_	_	_	linguistic	_	some	_	Begin=1707.456	_	_	_	_
737-1	PST038	737	737	1	in	in	_	_	_	_	_	linguistic	_	some	_	_	_	_	_	_
737-2	PST038	737	737	2	italia	italia	_	_	_	_	_	linguistic	_	some	_	_	_	_	_	_
737-3	PST038	737	737	3	pe:nso	penso	_	_	_	_	_	linguistic	_	some	_	_	1x1	_	_	_
737-4	PST038	737	737	4	#como	como	_	_	_	_	_	linguistic	_	some	Language=NO_ISO_CODE|Variation=Token	_	_	_	_	_
737-5	PST038	737	737	5	di	di	_	_	_	_	_	linguistic	_	some	_	_	_	_	_	_
737-6	PST038	737	737	6	là:	là	_	_	_	_	_	linguistic	_	some	_	_	1x1	_	_	_
737-7	PST038	737	737	7	#el	el	_	_	_	_	_	linguistic	_	some	Language=NO_ISO_CODE|Variation=Token	_	_	_	_	_
737-8	PST038	737	737	8	nonno	nonno	_	_	_	_	_	linguistic	_	some	_	_	_	_	_	_
737-9	PST038	737	737	9	la	la	_	_	_	_	_	linguistic	_	some	_	_	_	_	_	_
737-10	PST038	737	737	10	nonna	nonna	_	_	_	_	_	linguistic	_	some	_	_	_	_	_	_
737-11	PST038	737	737	11	forse	forse	_	_	_	_	_	linguistic	_	some	_	_	_	_	_	_
737-12	PST038	737	737	12	stavano	stavano	_	_	_	_	_	linguistic	_	some	_	_	_	_	_	_
737-13	PST038	737	737	13	una	una	_	_	_	_	_	linguistic	_	some	_	_	_	_	_	_
737-14	PST038	737	737	14	volta	volta	_	_	_	_	_	linguistic	_	some	_	_	_	_	_	_
737-15	PST038	737	737	15	in	in	_	_	_	_	_	linguistic	_	some	_	_	_	_	_	_
737-16	PST038	737	737	16	ca:sa	casa	_	_	_	_	_	linguistic	_	some	_	_	1x1	_	_	_
737-17	PST038	737	737	17	erano	erano	_	_	_	_	_	linguistic	_	some	_	_	_	_	_	_
737-18	PST038	737	737	18	una	una	_	_	_	_	_	linguistic	_	some	_	_	_	_	_	_
737-19	PST038	737	737	19	cosa	cosa	_	_	_	_	_	linguistic	_	some	_	_	_	_	_	_
737-20	PST038	737	737	20	#valio:sa	valiosa	_	_	_	_	_	linguistic	_	some	Language=NO_ISO_CODE|Variation=Token	_	4x1	_	_	_
737-21	PST038	737	737	21	no?	no	_	_	_	_	_	linguistic	_	some	Intonation=Rising	End=1713.721	_	_	_	_
739-0	PST038	739	739	0	#como	como	_	_	_	_	_	linguistic	_	some	Language=NO_ISO_CODE|Variation=Token	Begin=1714.058	_	_	_	_
739-1	PST038	739	739	1	le	le	_	_	_	_	_	linguistic	_	some	_	_	_	_	_	_
739-2	PST038	739	739	2	tribù:	tribù	_	_	_	_	_	linguistic	_	some	_	_	4x1	_	_	_
739-3	PST038	739	739	3	che	che	_	_	_	_	_	linguistic	_	some	_	_	_	_	_	_
739-4	PST038	739	739	4	va:	va	_	_	_	_	_	linguistic	_	some	_	_	1x1	_	_	_
739-5	PST038	739	739	5	del	del	_	_	_	_	_	linguistic	_	some	_	_	_	_	_	_
739-6	PST038	739	739	6	più	più	_	_	_	_	_	linguistic	_	some	_	_	_	_	_	_
739-7	PST038	739	739	7	ve:cchio	vecchio	_	_	_	_	_	linguistic	_	some	_	_	1x1	_	_	_
739-8	PST038	739	739	8	a	a	_	_	_	_	_	linguistic	_	some	_	_	_	_	_	_
739-9	PST038	739	739	9	chiedere	chiedere	_	_	_	_	_	linguistic	_	some	_	_	_	_	_	_
739-10	PST038	739	739	10	il	il	_	_	_	_	_	linguistic	_	some	_	_	_	_	_	_
739-11	PST038	739	739	11	consiglio	consiglio	_	_	_	_	_	linguistic	_	some	_	_	_	_	_	_
739-12	PST038	739	739	12	alla	alla	_	_	_	_	_	linguistic	_	some	_	_	_	_	_	_
739-13	PST038	739	739	13	tribù:	tribù	_	_	_	_	_	linguistic	_	some	_	_	4x1	_	_	_
739-14	PST038	739	739	14	no	no	_	_	_	_	_	linguistic	_	some	_	End=1718.009	_	_	_	_
740-0	PST211	740	740	0	{ride}	{ride}	_	_	_	_	_	nonverbalbehavior	_	none	_	Begin=1717.893|End=1718.38	_	_	_	_
741-0	PST038	741	741	0	però::	però	_	_	_	_	_	linguistic	_	none	_	Begin=1718.432	3x2	_	_	_
741-1	PST038	741	741	1	adesso::	adesso	_	_	_	_	_	linguistic	_	none	_	_	5x2	_	_	_
741-2	PST038	741	741	2	ci	ci	_	_	_	_	_	linguistic	_	none	_	_	_	_	_	_
741-3	PST038	741	741	3	s~	s~	_	_	_	_	_	linguistic	_	none	Interrupted=Yes	_	_	_	_	_
741-4	PST038	741	741	4	le	le	_	_	_	_	_	linguistic	_	none	_	_	_	_	_	_
741-5	PST038	741	741	5	struttu:re	strutture	_	_	_	_	_	linguistic	_	none	_	_	6x1	_	_	_
741-6	PST038	741	741	6	le	le	_	_	_	_	_	linguistic	_	none	_	_	_	_	_	_
741-7	PST038	741	741	7	co:se	cose	_	_	_	_	_	linguistic	_	none	_	_	1x1	_	_	_
741-8	PST038	741	741	8	ma::	ma	_	_	_	_	_	linguistic	_	none	_	End=1721.395	1x2	_	_	_
742-0	PST038	742	742	0	sono	sono	_	_	_	_	_	linguistic	_	some	_	Begin=1722.03	_	_	_	_
742-1	PST038	742	742	1	delle	delle	_	_	_	_	_	linguistic	_	some	_	_	_	_	_	_
742-2	PST038	742	742	2	persone	persone	_	_	_	_	_	linguistic	_	some	_	_	_	_	_	_
742-3	PST038	742	742	3	sa:gge	sagge	_	_	_	_	_	linguistic	_	some	_	_	1x1	_	_	_
742-4	PST038	742	742	4	a	a	_	_	_	_	_	linguistic	_	some	_	_	_	_	_	_
742-5	PST038	742	742	5	me::	me	_	_	_	_	_	linguistic	_	some	_	_	1x2	_	_	_
742-6	PST038	742	742	6	molte	molte	_	_	_	_	_	linguistic	_	some	_	_	_	_	_	_
742-7	PST038	742	742	7	perso:ne	persone	_	_	_	_	_	linguistic	_	some	_	_	4x1	_	_	_
742-8	PST038	742	742	8	mi	mi	_	_	_	_	_	linguistic	_	some	_	_	_	_	_	_
742-9	PST038	742	742	9	hanno	hanno	_	_	_	_	_	linguistic	_	some	_	_	_	_	_	_
742-10	PST038	742	742	10	consigliato	consigliato	_	_	_	_	_	linguistic	_	some	_	_	_	_	_	_
742-11	PST038	742	742	11	a	a	_	_	_	_	_	linguistic	_	some	_	_	_	_	_	_
742-12	PST038	742	742	12	continua:re	continuare	_	_	_	_	_	linguistic	_	some	_	_	7x1	_	_	_
742-13	PST038	742	742	13	avanti	avanti	_	_	_	_	_	linguistic	_	some	_	_	_	_	_	_
742-14	PST038	742	742	14	#en	en	_	_	_	_	_	linguistic	_	some	Language=NO_ISO_CODE|Variation=Token	_	_	_	_	_
742-15	PST038	742	742	15	la	la	_	_	_	_	_	linguistic	_	some	_	_	_	_	_	_
742-16	PST038	742	742	16	vita	vita	_	_	_	_	_	linguistic	_	some	_	End=1726.876	_	_	_	_
743-0	PST038	743	743	0	person	person	_	_	_	_	_	linguistic	_	none	_	Begin=1727.091	_	_	_	_
743-1	PST038	743	743	1	anzia:ne	anziane	_	_	_	_	_	linguistic	_	none	_	End=1728.288	4x1	_	_	_
744-0	PST038	744	744	0	però::	però	_	_	_	_	_	linguistic	_	none	_	Begin=1729.04	3x2	_	_	_
744-1	PST038	744	744	1	mi	mi	_	_	_	_	_	linguistic	_	none	_	_	_	_	_	_
744-2	PST038	744	744	2	piace	piace	_	_	_	_	_	linguistic	_	none	_	_	_	_	_	_
744-3	PST038	744	744	3	fare	fare	_	_	_	_	_	linguistic	_	none	_	_	_	_	_	_
744-4	PST038	744	744	4	il	il	_	_	_	_	_	linguistic	_	none	_	_	_	_	_	_
744-5	PST038	744	744	5	mio	mio	_	_	_	_	_	linguistic	_	none	_	_	_	_	_	_
744-6	PST038	744	744	6	lavo:ro:	lavoro	_	_	_	_	_	linguistic	_	none	_	End=1731.983	3x1,5x1	_	_	_
745-0	PST038	745	745	0	c'	c'	_	_	_	_	_	linguistic	_	some	SpaceAfter=No	Begin=1732.848	_	_	_	_
745-1	PST038	745	745	1	è	è	_	_	_	_	_	linguistic	_	some	_	_	_	_	_	_
745-2	PST038	745	745	2	#quien	quien	_	_	_	_	_	linguistic	_	some	Language=NO_ISO_CODE|Variation=Token	_	_	_	_	_
745-3	PST038	745	745	3	arriva	arriva	_	_	_	_	_	linguistic	_	some	_	_	_	_	_	_
745-4	PST038	745	745	4	per	per	_	_	_	_	_	linguistic	_	some	_	_	_	_	_	_
745-5	PST038	745	745	5	la	la	_	_	_	_	_	linguistic	_	some	_	_	_	_	_	_
745-6	PST038	745	745	6	necessità	necessità	_	_	_	_	_	linguistic	_	some	_	_	_	_	_	_
745-7	PST038	745	745	7	di	di	_	_	_	_	_	linguistic	_	some	_	_	_	_	_	_
745-8	PST038	745	745	8	fa::rlo	farlo	_	_	_	_	_	linguistic	_	some	_	End=1735.443	1x2	_	_	_
746-0	PST038	746	746	0	o	o	_	_	_	_	_	linguistic	_	none	_	Begin=1735.949	_	_	_	_
746-1	PST038	746	746	1	per	per	_	_	_	_	_	linguistic	_	none	_	_	_	_	_	_
746-2	PST038	746	746	2	guadagnare:	guadagnare	_	_	_	_	_	linguistic	_	none	_	_	9x1	_	_	_
746-3	PST038	746	746	3	u~	u~	_	_	_	_	_	linguistic	_	none	Interrupted=Yes	_	_	_	_	_
746-4	PST038	746	746	4	un	un	_	_	_	_	_	linguistic	_	none	_	_	_	_	_	_
746-5	PST038	746	746	5	u:n	un	_	_	_	_	_	linguistic	_	none	_	_	0x1	_	_	_
746-6	PST038	746	746	6	so:ldo	soldo	_	_	_	_	_	linguistic	_	none	_	End=1738.474	1x1	_	_	_
747-0	PST038	747	747	0	e	e	_	_	_	_	_	linguistic	_	none	_	Begin=1740.171	_	_	_	_
747-1	PST038	747	747	1	non	non	_	_	_	_	_	linguistic	_	none	_	_	_	_	_	_
747-2	PST038	747	747	2	si	si	_	_	_	_	_	linguistic	_	none	_	_	_	_	_	_
747-3	PST038	747	747	3	fa	fa	_	_	_	_	_	linguistic	_	none	_	_	_	_	_	_
747-4	PST038	747	747	4	il	il	_	_	_	_	_	linguistic	_	none	_	_	_	_	_	_
747-5	PST038	747	747	5	lavoro	lavoro	_	_	_	_	_	linguistic	_	none	_	_	_	_	_	_
747-6	PST038	747	747	6	come	come	_	_	_	_	_	linguistic	_	none	_	_	_	_	_	_
747-7	PST038	747	747	7	si	si	_	_	_	_	_	linguistic	_	none	_	_	_	_	_	_
747-8	PST038	747	747	8	de:ve	deve	_	_	_	_	_	linguistic	_	none	_	_	1x1	_	_	_
747-9	PST038	747	747	9	per	per	_	_	_	_	_	linguistic	_	none	_	_	_	_	_	_
747-10	PST038	747	747	10	cui	cui	_	_	_	_	_	linguistic	_	none	_	_	_	_	_	_
747-11	PST038	747	747	11	voglia:mo:	vogliamo	_	_	_	_	_	linguistic	_	none	_	_	5x1,7x1	_	_	_
747-12	PST038	747	747	12	anche	anche	_	_	_	_	_	linguistic	_	none	_	_	_	_	_	_
747-13	PST038	747	747	13	in	in	_	_	_	_	_	linguistic	_	none	_	_	_	_	_	_
747-14	PST038	747	747	14	quel	quel	_	_	_	_	_	linguistic	_	none	_	_	_	_	_	_
747-15	PST038	747	747	15	senso	senso	_	_	_	_	_	linguistic	_	none	_	_	_	_	_	_
747-16	PST038	747	747	16	lì	lì	_	_	_	_	_	linguistic	_	none	_	_	_	_	_	_
747-17	PST038	747	747	17	orienta:re	orientare	_	_	_	_	_	linguistic	_	none	_	_	6x1	_	_	_
747-18	PST038	747	747	18	i	i	_	_	_	_	_	linguistic	_	none	_	_	_	_	_	_
747-19	PST038	747	747	19	nostri	nostri	_	_	_	_	_	linguistic	_	none	_	_	_	_	_	_
747-20	PST038	747	747	20	co~	co~	_	_	_	_	_	linguistic	_	none	Interrupted=Yes	_	_	_	_	_
747-21	PST038	747	747	21	connaziona:li	connazionali	_	_	_	_	_	linguistic	_	none	_	End=1746.46	9x1	_	_	_
748-0	PST211	748	748	0	ah	ah	_	_	_	_	_	linguistic	_	none	_	Begin=1746.546	_	_	_	_
748-1	PST211	748	748	1	ah	ah	_	_	_	_	_	linguistic	_	none	_	End=1746.853	_	_	_	_
749-0	PST038	749	749	0	a	a	_	_	_	_	_	linguistic	_	none	_	Begin=1746.858	_	_	_	_
749-1	PST038	749	749	1	fare	fare	_	_	_	_	_	linguistic	_	none	_	_	_	_	_	_
749-2	PST038	749	749	2	un	un	_	_	_	_	_	linguistic	_	none	_	_	_	_	_	_
749-3	PST038	749	749	3	lavoro	lavoro	_	_	_	_	_	linguistic	_	none	_	_	_	_	_	_
749-4	PST038	749	749	4	che	che	_	_	_	_	_	linguistic	_	none	_	_	_	_	_	_
749-5	PST038	749	749	5	non	non	_	_	_	_	_	linguistic	_	none	_	_	_	_	_	_
749-6	PST038	749	749	6	è:	è	_	_	_	_	_	linguistic	_	none	_	_	0x1	_	_	_
749-7	PST038	749	749	7	solo:	solo	_	_	_	_	_	linguistic	_	none	_	End=1748.399	3x1	_	_	_
750-0	PST038	750	750	0	lo	lo	_	_	_	_	_	linguistic	_	none	_	Begin=1748.855	_	_	_	_
750-1	PST038	750	750	1	stipendio	stipendio	_	_	_	_	_	linguistic	_	none	_	End=1749.841	_	_	_	_
751-0	PST211	751	751	0	eh	eh	_	_	_	_	_	linguistic	_	none	_	Begin=1749.947	_	_	_	_
751-1	PST211	751	751	1	sì	sì	_	_	_	_	_	linguistic	_	none	_	End=1750.533	_	_	_	_
752-0	PST038	752	752	0	a:nche	anche	_	_	_	_	_	linguistic	_	none	_	Begin=1751.019	0x1	_	_	_
752-1	PST038	752	752	1	cura:re:	curare	_	_	_	_	_	linguistic	_	none	_	_	3x1,5x1	_	_	_
752-2	PST038	752	752	2	la	la	_	_	_	_	_	linguistic	_	none	_	_	_	_	_	_
752-3	PST038	752	752	3	cura	cura	_	_	_	_	_	linguistic	_	none	_	_	_	_	_	_
752-4	PST038	752	752	4	delle	delle	_	_	_	_	_	linguistic	_	none	_	_	_	_	_	_
752-5	PST038	752	752	5	persona	persona	_	_	_	_	_	linguistic	_	none	_	_	_	_	_	_
752-6	PST038	752	752	6	è::	è	_	_	_	_	_	linguistic	_	none	_	_	0x2	_	_	_
752-7	PST038	752	752	7	(insi~)	insi~	_	_	_	_	_	linguistic	_	none	Interrupted=Yes	End=1754.099	_	_	0-5(0)	_
753-0	PST038	753	753	0	prepararle	prepararle	_	_	_	_	_	linguistic	_	none	_	Begin=1754.713	_	_	_	_
753-1	PST038	753	753	1	i	i	_	_	_	_	_	linguistic	_	none	_	_	_	_	_	_
753-2	PST038	753	753	2	suoi	suoi	_	_	_	_	_	linguistic	_	none	_	_	_	_	_	_
753-3	PST038	753	753	3	alime:nti	alimenti	_	_	_	_	_	linguistic	_	none	_	_	4x1	_	_	_
753-4	PST038	753	753	4	la	la	_	_	_	_	_	linguistic	_	none	_	_	_	_	_	_
753-5	PST038	753	753	5	sua::	sua	_	_	_	_	_	linguistic	_	none	_	_	2x2	_	_	_
753-6	PST038	753	753	6	la	la	_	_	_	_	_	linguistic	_	none	_	_	_	_	_	_
753-7	PST038	753	753	7	sua	sua	_	_	_	_	_	linguistic	_	none	_	_	_	_	_	_
753-8	PST038	753	753	8	igie:ne	igiene	_	_	_	_	_	linguistic	_	none	_	End=1758.257	3x1	_	_	_
754-0	PST038	754	754	0	e	e	_	_	_	_	_	linguistic	_	none	_	Begin=1758.777	_	_	_	_
754-1	PST038	754	754	1	no:n	non	_	_	_	_	_	linguistic	_	none	_	_	1x1	_	_	_
754-2	PST038	754	754	2	arriva:re	arrivare	_	_	_	_	_	linguistic	_	none	_	End=1760.113	5x1	_	_	_
755-0	PST038	755	755	0	lì	lì	_	_	_	_	_	linguistic	_	none	_	Begin=1760.302	_	_	_	_
755-1	PST038	755	755	1	a	a	_	_	_	_	_	linguistic	_	none	_	_	_	_	_	_
755-2	PST038	755	755	2	irrom:pere	irrompere	_	_	_	_	_	linguistic	_	none	_	_	4x1	_	_	_
755-3	PST038	755	755	3	ne:l	nel	_	_	_	_	_	linguistic	_	none	_	_	1x1	_	_	_
755-4	PST038	755	755	4	nel	nel	_	_	_	_	_	linguistic	_	none	_	_	_	_	_	_
755-5	PST038	755	755	5	loro	loro	_	_	_	_	_	linguistic	_	none	_	_	_	_	_	_
755-6	PST038	755	755	6	mo:ndo	mondo	_	_	_	_	_	linguistic	_	none	_	_	1x1	_	_	_
755-7	PST038	755	755	7	e	e	_	_	_	_	_	linguistic	_	none	_	_	_	_	_	_
755-8	PST038	755	755	8	nella	nella	_	_	_	_	_	linguistic	_	none	_	_	_	_	_	_
755-9	PST038	755	755	9	loro	loro	_	_	_	_	_	linguistic	_	none	_	_	_	_	_	_
755-10	PST038	755	755	10	quotidianità	quotidianità	_	_	_	_	_	linguistic	_	none	_	_	_	_	_	_
755-11	PST038	755	755	11	(e)	e	_	_	_	_	_	linguistic	_	none	_	_	_	_	0-1(0)	_
755-12	PST038	755	755	12	la	la	_	_	_	_	_	linguistic	_	none	_	_	_	_	_	_
755-13	PST038	755	755	13	loro	loro	_	_	_	_	_	linguistic	_	none	_	_	_	_	_	_
755-14	PST038	755	755	14	abitu:dine:	abitudine	_	_	_	_	_	linguistic	_	none	_	End=1766.311	4x1,8x1	_	_	_
756-0	PST038	756	756	0	non	non	_	_	_	_	_	linguistic	_	none	_	Begin=1766.493	_	_	_	_
756-1	PST038	756	756	1	sia:mo	siamo	_	_	_	_	_	linguistic	_	none	_	End=1767.178	2x1	_	_	_
757-0	PST038	757	757	0	noi	noi	_	_	_	_	_	linguistic	_	some	_	Begin=1767.393	_	_	_	_
757-1	PST038	757	757	1	siamo	siamo	_	_	_	_	_	linguistic	_	some	_	_	_	_	_	_
757-2	PST038	757	757	2	lì	lì	_	_	_	_	_	linguistic	_	some	_	_	_	_	_	_
757-3	PST038	757	757	3	per	per	_	_	_	_	_	linguistic	_	some	_	_	_	_	_	_
757-4	PST038	757	757	4	aiuta:rle	aiutarle	_	_	_	_	_	linguistic	_	some	_	_	4x1	_	_	_
757-5	PST038	757	757	5	non	non	_	_	_	_	_	linguistic	_	some	_	_	_	_	_	_
757-6	PST038	757	757	6	per	per	_	_	_	_	_	linguistic	_	some	_	_	_	_	_	_
757-7	PST038	757	757	7	arrivare	arrivare	_	_	_	_	_	linguistic	_	some	_	_	_	_	_	_
757-8	PST038	757	757	8	a	a	_	_	_	_	_	linguistic	_	some	_	_	_	_	_	_
757-9	PST038	757	757	9	casa	casa	_	_	_	_	_	linguistic	_	some	_	_	_	_	_	_
757-10	PST038	757	757	10	#de	de	_	_	_	_	_	linguistic	_	some	Language=NO_ISO_CODE|Variation=Token	_	_	_	_	_
757-11	PST038	757	757	11	una	una	_	_	_	_	_	linguistic	_	some	_	_	_	_	_	_
757-12	PST038	757	757	12	persona	persona	_	_	_	_	_	linguistic	_	some	_	_	_	_	_	_
757-13	PST038	757	757	13	anzia:na	anziana	_	_	_	_	_	linguistic	_	some	_	_	4x1	_	_	_
757-14	PST038	757	757	14	e	e	_	_	_	_	_	linguistic	_	some	_	_	_	_	_	_
757-15	PST038	757	757	15	travolgere	travolgere	_	_	_	_	_	linguistic	_	some	_	_	_	_	_	_
757-16	PST038	757	757	16	la	la	_	_	_	_	_	linguistic	_	some	_	_	_	_	_	_
757-17	PST038	757	757	17	[vi:ta:]	vita	_	_	_	_	_	linguistic	_	some	_	End=1772.268	1x1,3x1	_	_	0-4(164)
758-0	PST211	758	758	0	[e:h]	eh	_	_	_	_	_	linguistic	_	none	_	Begin=1771.747	0x1	_	_	0-2(164)
758-1	PST211	758	758	1	certo	certo	_	_	_	_	_	linguistic	_	none	_	End=1772.599	_	_	_	_
759-0	PST038	759	759	0	non	non	_	_	_	_	_	linguistic	_	none	_	Begin=1772.646	_	_	_	_
759-1	PST038	759	759	1	si	si	_	_	_	_	_	linguistic	_	none	_	_	_	_	_	_
759-2	PST038	759	759	2	fa:	fa	_	_	_	_	_	linguistic	_	none	_	_	1x1	_	_	_
759-3	PST038	759	759	3	così	così	_	_	_	_	_	linguistic	_	none	_	End=1773.634	_	_	_	_
760-0	PST038	760	760	0	e	e	_	_	_	_	_	linguistic	_	none	_	Begin=1773.858	_	_	_	_
760-1	PST038	760	760	1	que:llo	quello	_	_	_	_	_	linguistic	_	none	_	End=1774.784	2x1	_	_	_
761-0	PST038	761	761	0	bisogna::	bisogna	_	_	_	_	_	linguistic	_	none	_	Begin=1775.12|End=1775.912	6x2	_	_	_
762-0	PST038	762	762	0	fare	fare	_	_	_	_	_	linguistic	_	some	_	Begin=1776.111	_	_	_	_
762-1	PST038	762	762	1	molta	molta	_	_	_	_	_	linguistic	_	some	_	_	_	_	_	_
762-2	PST038	762	762	2	$estra:da	estrada	_	_	_	_	_	linguistic	_	some	Orthography=Yes|Variation=Emerging	_	4x1	_	_	_
762-3	PST038	762	762	3	per	per	_	_	_	_	_	linguistic	_	some	_	_	_	_	_	_
762-4	PST038	762	762	4	#poder	poder	_	_	_	_	_	linguistic	_	some	Language=NO_ISO_CODE|Variation=Token	_	_	_	_	_
762-5	PST038	762	762	5	inserire	inserire	_	_	_	_	_	linguistic	_	some	_	_	_	_	_	_
762-6	PST038	762	762	6	bene	bene	_	_	_	_	_	linguistic	_	some	_	_	_	_	_	_
762-7	PST038	762	762	7	u:n:	un	_	_	_	_	_	linguistic	_	some	_	_	0x1,1x1	_	_	_
762-8	PST038	762	762	8	una	una	_	_	_	_	_	linguistic	_	some	_	_	_	_	_	_
762-9	PST038	762	762	9	persona	persona	_	_	_	_	_	linguistic	_	some	_	_	_	_	_	_
762-10	PST038	762	762	10	che	che	_	_	_	_	_	linguistic	_	some	_	_	_	_	_	_
762-11	PST038	762	762	11	fa	fa	_	_	_	_	_	linguistic	_	some	_	_	_	_	_	_
762-12	PST038	762	762	12	questi	questi	_	_	_	_	_	linguistic	_	some	_	_	_	_	_	_
762-13	PST038	762	762	13	lavori:	lavori	_	_	_	_	_	linguistic	_	some	_	_	5x1	_	_	_
762-14	PST038	762	762	14	quello	quello	_	_	_	_	_	linguistic	_	some	_	_	_	_	_	_
762-15	PST038	762	762	15	lo	lo	_	_	_	_	_	linguistic	_	some	_	_	_	_	_	_
762-16	PST038	762	762	16	facciamo	facciamo	_	_	_	_	_	linguistic	_	some	_	_	_	_	_	_
762-17	PST038	762	762	17	gli	gli	_	_	_	_	_	linguistic	_	some	_	_	_	_	_	_
762-18	PST038	762	762	18	stranie:ri	stranieri	_	_	_	_	_	linguistic	_	some	_	End=1781.989	6x1	_	_	_
763-0	PST211	763	763	0	mh	mh	_	_	_	_	_	linguistic	_	none	ProsodicLink=Yes	Begin=1782.0	_	_	_	_
763-1	PST211	763	763	1	mh	mh	_	_	_	_	_	linguistic	_	none	_	End=1782.379	_	_	_	_
764-0	PST038	764	764	0	è	è	_	_	_	_	_	linguistic	_	none	_	Begin=1782.46	_	_	_	_
764-1	PST038	764	764	1	tutto	tutto	_	_	_	_	_	linguistic	_	none	_	_	_	_	_	_
764-2	PST038	764	764	2	collega:to	collegato	_	_	_	_	_	linguistic	_	none	_	End=1783.551	6x1	_	_	_
765-0	PST211	765	765	0	eh	eh	_	_	_	_	_	linguistic	_	none	_	Begin=1783.551	_	_	_	_
765-1	PST211	765	765	1	sì	sì	_	_	_	_	_	linguistic	_	none	_	End=1783.931	_	_	_	_
766-0	PST038	766	766	0	tra	tra	_	_	_	_	_	linguistic	_	none	_	Begin=1783.949	_	_	_	_
766-1	PST038	766	766	1	la	la	_	_	_	_	_	linguistic	_	none	_	_	_	_	_	_
766-2	PST038	766	766	2	li:ngua:	lingua	_	_	_	_	_	linguistic	_	none	_	End=1784.789	1x1,5x1	_	_	_
767-0	PST038	767	767	0	tra	tra	_	_	_	_	_	linguistic	_	some	_	Begin=1785.101	_	_	_	_
767-1	PST038	767	767	1	inseri:rli	inserirli	_	_	_	_	_	linguistic	_	some	_	_	5x1	_	_	_
767-2	PST038	767	767	2	#en	en	_	_	_	_	_	linguistic	_	some	Language=NO_ISO_CODE|Variation=Token	_	_	_	_	_
767-3	PST038	767	767	3	le	le	_	_	_	_	_	linguistic	_	some	_	_	_	_	_	_
767-4	PST038	767	767	4	loro	loro	_	_	_	_	_	linguistic	_	some	_	_	_	_	_	_
767-5	PST038	767	767	5	abitu:dini	abitudini	_	_	_	_	_	linguistic	_	some	_	End=1787.557	4x1	_	_	_
768-0	PST211	768	768	0	eh	eh	_	_	_	_	_	linguistic	_	none	_	Begin=1787.56	_	_	_	_
768-1	PST211	768	768	1	sì	sì	_	_	_	_	_	linguistic	_	none	_	End=1788.03	_	_	_	_
769-0	PST211	769	769	0	sì	sì	_	_	_	_	_	linguistic	_	none	_	Begin=1788.84	_	_	_	_
769-1	PST211	769	769	1	sì	sì	_	_	_	_	_	linguistic	_	none	_	End=1789.629	_	_	_	_
770-0	PST038	770	770	0	se	se	_	_	_	_	_	linguistic	_	none	_	Begin=1789.837	_	_	_	_
770-1	PST038	770	770	1	no	no	_	_	_	_	_	linguistic	_	none	_	_	_	_	_	_
770-2	PST038	770	770	2	no	no	_	_	_	_	_	linguistic	_	none	ProsodicLink=Yes	_	_	_	_	_
770-3	PST038	770	770	3	no	no	_	_	_	_	_	linguistic	_	none	ProsodicLink=Yes	_	_	_	_	_
770-4	PST038	770	770	4	no	no	_	_	_	_	_	linguistic	_	none	_	_	_	_	_	_
770-5	PST038	770	770	5	non	non	_	_	_	_	_	linguistic	_	none	_	_	_	_	_	_
770-6	PST038	770	770	6	fa:nno	fanno	_	_	_	_	_	linguistic	_	none	_	_	1x1	_	_	_
770-7	PST038	770	770	7	il	il	_	_	_	_	_	linguistic	_	none	_	_	_	_	_	_
770-8	PST038	770	770	8	lavoro	lavoro	_	_	_	_	_	linguistic	_	none	_	_	_	_	_	_
770-9	PST038	770	770	9	[be:ne]	bene	_	_	_	_	_	linguistic	_	none	_	End=1791.954	1x1	_	_	0-4(165)
771-0	PST211	771	771	0	[no::]	no	_	_	_	_	_	linguistic	_	none	_	Begin=1791.567|End=1791.98	1x2	_	_	0-2(165)
772-0	PST211	772	772	0	sì	sì	_	_	_	_	_	linguistic	_	none	_	Begin=1792.106	_	_	_	_
772-1	PST211	772	772	1	diciamo	diciamo	_	_	_	_	_	linguistic	_	none	_	_	_	_	_	_
772-2	PST211	772	772	2	se	se	_	_	_	_	_	linguistic	_	none	_	_	_	_	_	_
772-3	PST211	772	772	3	lo	lo	_	_	_	_	_	linguistic	_	none	_	_	_	_	_	_
772-4	PST211	772	772	4	fa:i	fai	_	_	_	_	_	linguistic	_	none	_	_	1x1	_	_	_
772-5	PST211	772	772	5	con::	con	_	_	_	_	_	linguistic	_	none	_	End=1794.322	2x2	_	_	_
773-0	PST211	773	773	0	sapendo	sapendo	_	_	_	_	_	linguistic	_	none	_	Begin=1794.547	_	_	_	_
773-1	PST211	773	773	1	che	che	_	_	_	_	_	linguistic	_	none	_	_	_	_	_	_
773-2	PST211	773	773	2	stai:	stai	_	_	_	_	_	linguistic	_	none	_	_	3x1	_	_	_
773-3	PST211	773	773	3	aiuta:ndo	aiutando	_	_	_	_	_	linguistic	_	none	_	_	4x1	_	_	_
773-4	PST211	773	773	4	una	una	_	_	_	_	_	linguistic	_	none	_	_	_	_	_	_
773-5	PST211	773	773	5	persona	persona	_	_	_	_	_	linguistic	_	none	_	_	_	_	_	_
773-6	PST211	773	773	6	che	che	_	_	_	_	_	linguistic	_	none	_	_	_	_	_	_
773-7	PST211	773	773	7	stai	stai	_	_	_	_	_	linguistic	_	none	_	_	_	_	_	_
773-8	PST211	773	773	8	facendo:	facendo	_	_	_	_	_	linguistic	_	none	_	_	6x1	_	_	_
773-9	PST211	773	773	9	del	del	_	_	_	_	_	linguistic	_	none	_	_	_	_	_	_
773-10	PST211	773	773	10	bene	bene	_	_	_	_	_	linguistic	_	none	_	_	_	_	_	_
773-11	PST211	773	773	11	a	a	_	_	_	_	_	linguistic	_	none	_	_	_	_	_	_
773-12	PST211	773	773	12	una	una	_	_	_	_	_	linguistic	_	none	_	_	_	_	_	_
773-13	PST211	773	773	13	perso:na	persona	_	_	_	_	_	linguistic	_	none	_	_	4x1	_	_	_
773-14	PST211	773	773	14	cerchi	cerchi	_	_	_	_	_	linguistic	_	none	_	_	_	_	_	_
773-15	PST211	773	773	15	anche	anche	_	_	_	_	_	linguistic	_	none	_	_	_	_	_	_
773-16	PST211	773	773	16	di	di	_	_	_	_	_	linguistic	_	none	_	_	_	_	_	_
773-17	PST211	773	773	17	farlo	farlo	_	_	_	_	_	linguistic	_	none	_	_	_	_	_	_
773-18	PST211	773	773	18	nel	nel	_	_	_	_	_	linguistic	_	none	_	_	_	_	_	_
773-19	PST211	773	773	19	modo	modo	_	_	_	_	_	linguistic	_	none	_	_	_	_	_	_
773-20	PST211	773	773	20	mi:glio:re	migliore	_	_	_	_	_	linguistic	_	none	_	_	1x1,5x1	_	_	_
773-21	PST211	773	773	21	appunto	appunto	_	_	_	_	_	linguistic	_	none	_	_	_	_	_	_
773-22	PST211	773	773	22	per:	per	_	_	_	_	_	linguistic	_	none	PauseAfter=Yes	_	2x1	_	_	_
773-23	PST211	773	773	23	{P}	{P}	_	_	_	_	_	shortpause	_	none	_	_	_	_	_	_
773-24	PST211	773	773	24	per	per	_	_	_	_	_	linguistic	_	none	_	_	_	_	_	_
773-25	PST211	773	773	25	alleviare	alleviare	_	_	_	_	_	linguistic	_	none	_	_	_	_	_	_
773-26	PST211	773	773	26	a:nche	anche	_	_	_	_	_	linguistic	_	none	_	_	0x1	_	_	_
773-27	PST211	773	773	27	maga:ri::	magari	_	_	_	_	_	linguistic	_	none	_	_	3x1,5x2	_	_	_
773-28	PST211	773	773	28	l:~	l~	_	_	_	_	_	linguistic	_	none	Interrupted=Yes	_	0x1	_	_	_
773-29	PST211	773	773	29	la	la	_	_	_	_	_	linguistic	_	none	_	_	_	_	_	_
773-30	PST211	773	773	30	solitu:dine	solitudine	_	_	_	_	_	linguistic	_	none	_	_	5x1	_	_	_
773-31	PST211	773	773	31	il	il	_	_	_	_	_	linguistic	_	none	_	_	_	_	_	_
773-32	PST211	773	773	32	dolor:e	dolore	_	_	_	_	_	linguistic	_	none	_	_	4x1	_	_	_
773-33	PST211	773	773	33	la	la	_	_	_	_	_	linguistic	_	none	_	_	_	_	_	_
773-34	PST211	773	773	34	tristezza:	tristezza	_	_	_	_	_	linguistic	_	none	_	_	8x1	_	_	_
773-35	PST211	773	773	35	quindi::	quindi	_	_	_	_	_	linguistic	_	none	_	_	5x2	_	_	_
773-36	PST211	773	773	36	è	è	_	_	_	_	_	linguistic	_	none	_	_	_	_	_	_
773-37	PST211	773	773	37	[un	un	_	_	_	_	_	linguistic	_	none	_	_	_	_	_	0-2(166)
773-38	PST211	773	773	38	lavoro	lavoro	_	_	_	_	_	linguistic	_	none	_	_	_	_	_	0-6(166)
773-39	PST211	773	773	39	difficile]	difficile	_	_	_	_	_	linguistic	_	none	_	_	_	_	_	0-9(166)
773-40	PST211	773	773	40	ma	ma	_	_	_	_	_	linguistic	_	none	_	_	_	_	_	_
773-41	PST211	773	773	41	molto[::]	molto	_	_	_	_	_	linguistic	_	none	_	End=1809.66	4x2	_	_	_
774-0	PST038	774	774	0	[io	io	_	_	_	_	_	linguistic	_	none	_	Begin=1807.04	_	_	_	0-2(166)
774-1	PST038	774	774	1	sono	sono	_	_	_	_	_	linguistic	_	none	_	_	_	_	_	0-4(166)
774-2	PST038	774	774	2	molto::]	molto	_	_	_	_	_	linguistic	_	none	_	End=1808.547	4x2	_	_	0-5(166)
775-0	PST038	775	775	0	[io]	io	_	_	_	_	_	linguistic	_	none	_	Begin=1808.979	_	_	_	0-2(167)
775-1	PST038	775	775	1	sono	sono	_	_	_	_	_	linguistic	_	none	_	_	_	_	_	_
775-2	PST038	775	775	2	molto::	molto	_	_	_	_	_	linguistic	_	none	_	End=1810.251	4x2	_	_	_
776-0	PST038	776	776	0	quando	quando	_	_	_	_	_	linguistic	_	none	_	Begin=1810.732	_	_	_	_
776-1	PST038	776	776	1	ce	ce	_	_	_	_	_	linguistic	_	none	_	_	_	_	_	_
776-2	PST038	776	776	2	riuniamo	riuniamo	_	_	_	_	_	linguistic	_	none	_	_	_	_	_	_
776-3	PST038	776	776	3	con	con	_	_	_	_	_	linguistic	_	none	_	_	_	_	_	_
776-4	PST038	776	776	4	i	i	_	_	_	_	_	linguistic	_	none	_	_	_	_	_	_
776-5	PST038	776	776	5	nostri	nostri	_	_	_	_	_	linguistic	_	none	_	_	_	_	_	_
776-6	PST038	776	776	6	connaziona:li	connazionali	_	_	_	_	_	linguistic	_	none	_	_	9x1	_	_	_
776-7	PST038	776	776	7	e::	e	_	_	_	_	_	linguistic	_	none	_	_	0x2	_	_	_
776-8	PST038	776	776	8	dobbiamo	dobbiamo	_	_	_	_	_	linguistic	_	none	_	_	_	_	_	_
776-9	PST038	776	776	9	da:re	dare	_	_	_	_	_	linguistic	_	none	_	_	1x1	_	_	_
776-10	PST038	776	776	10	qualche	qualche	_	_	_	_	_	linguistic	_	none	_	_	_	_	_	_
776-11	PST038	776	776	11	dri::tta	dritta	_	_	_	_	_	linguistic	_	none	_	_	2x2	_	_	_
776-12	PST038	776	776	12	orientamento	orientamento	_	_	_	_	_	linguistic	_	none	_	_	_	_	_	_
776-13	PST038	776	776	13	quello	quello	_	_	_	_	_	linguistic	_	none	_	_	_	_	_	_
776-14	PST038	776	776	14	o	o	_	_	_	_	_	linguistic	_	none	_	_	_	_	_	_
776-15	PST038	776	776	15	l'	l'	_	_	_	_	_	linguistic	_	none	SpaceAfter=No	_	_	_	_	_
776-16	PST038	776	776	16	altro:	altro	_	_	_	_	_	linguistic	_	none	_	End=1816.536	4x1	_	_	_
777-0	PST038	777	777	0	di	di	_	_	_	_	_	linguistic	_	some	_	Begin=1816.873	_	_	_	_
777-1	PST038	777	777	1	solito	solito	_	_	_	_	_	linguistic	_	some	_	_	_	_	_	_
777-2	PST038	777	777	2	quando	quando	_	_	_	_	_	linguistic	_	some	_	_	_	_	_	_
777-3	PST038	777	777	3	chie:do	chiedo	_	_	_	_	_	linguistic	_	some	_	_	3x1	_	_	_
777-4	PST038	777	777	4	que:sto	questo	_	_	_	_	_	linguistic	_	some	_	_	2x1	_	_	_
777-5	PST038	777	777	5	#cómo	cómo	_	_	_	_	_	linguistic	_	some	Language=NO_ISO_CODE|Variation=Token	_	_	_	_	_
777-6	PST038	777	777	6	ti	ti	_	_	_	_	_	linguistic	_	some	_	_	_	_	_	_
777-7	PST038	777	777	7	va::	va	_	_	_	_	_	linguistic	_	some	_	_	1x2	_	_	_
777-8	PST038	777	777	8	que:llo	quello	_	_	_	_	_	linguistic	_	some	_	_	2x1	_	_	_
777-9	PST038	777	777	9	lì	lì	_	_	_	_	_	linguistic	_	some	_	_	_	_	_	_
777-10	PST038	777	777	10	#en	en	_	_	_	_	_	linguistic	_	some	Language=NO_ISO_CODE|Variation=Token	_	_	_	_	_
777-11	PST038	777	777	11	@nomeassociazione	@nomeassociazione	_	_	_	_	_	anonymized	_	some	_	End=1821.244	_	_	_	_
778-0	PST038	778	778	0	e::	e	_	_	_	_	_	linguistic	_	none	_	Begin=1821.679	0x2	_	_	_
778-1	PST038	778	778	1	o	o	_	_	_	_	_	linguistic	_	none	_	_	_	_	_	_
778-2	PST038	778	778	2	hanno	hanno	_	_	_	_	_	linguistic	_	none	_	_	_	_	_	_
778-3	PST038	778	778	3	problema:tiche	problematiche	_	_	_	_	_	linguistic	_	none	_	_	7x1	_	_	_
778-4	PST038	778	778	4	però::	però	_	_	_	_	_	linguistic	_	none	_	End=1823.996	3x2	_	_	_
779-0	PST038	779	779	0	io:	io	_	_	_	_	_	linguistic	_	none	_	Begin=1824.504	1x1	_	_	_
779-1	PST038	779	779	1	le	le	_	_	_	_	_	linguistic	_	none	_	_	_	_	_	_
779-2	PST038	779	779	2	ma:ndo	mando	_	_	_	_	_	linguistic	_	none	_	_	1x1	_	_	_
779-3	PST038	779	779	3	comunque:	comunque	_	_	_	_	_	linguistic	_	none	_	End=1826.01	7x1	_	_	_
780-0	PST038	780	780	0	le	le	_	_	_	_	_	linguistic	_	none	_	Begin=1826.242	_	_	_	_
780-1	PST038	780	780	1	(cle~)	cle~	_	_	_	_	_	linguistic	_	none	Interrupted=Yes	_	_	_	0-4(0)	_
780-2	PST038	780	780	2	co:se	cose	_	_	_	_	_	linguistic	_	none	_	_	1x1	_	_	_
780-3	PST038	780	780	3	le	le	_	_	_	_	_	linguistic	_	none	_	_	_	_	_	_
780-4	PST038	780	780	4	dico:	dico	_	_	_	_	_	linguistic	_	none	_	_	3x1	_	_	_
780-5	PST038	780	780	5	che:	che	_	_	_	_	_	linguistic	_	none	_	End=1827.578	2x1	_	_	_
781-0	PST038	781	781	0	nessuno	nessuno	_	_	_	_	_	linguistic	_	none	_	Begin=1827.787	_	_	_	_
781-1	PST038	781	781	1	è	è	_	_	_	_	_	linguistic	_	none	_	_	_	_	_	_
781-2	PST038	781	781	2	venu:to	venuto	_	_	_	_	_	linguistic	_	none	_	_	3x1	_	_	_
781-3	PST038	781	781	3	qua:	qua	_	_	_	_	_	linguistic	_	none	_	_	2x1	_	_	_
781-4	PST038	781	781	4	perché	perché	_	_	_	_	_	linguistic	_	none	_	_	_	_	_	_
781-5	PST038	781	781	5	ti	ti	_	_	_	_	_	linguistic	_	none	_	_	_	_	_	_
781-6	PST038	781	781	6	hanno	hanno	_	_	_	_	_	linguistic	_	none	_	_	_	_	_	_
781-7	PST038	781	781	7	messo	messo	_	_	_	_	_	linguistic	_	none	_	_	_	_	_	_
781-8	PST038	781	781	8	il	il	_	_	_	_	_	linguistic	_	none	_	_	_	_	_	_
781-9	PST038	781	781	9	coltello	coltello	_	_	_	_	_	linguistic	_	none	_	_	_	_	_	_
781-10	PST038	781	781	10	nel	nel	_	_	_	_	_	linguistic	_	none	_	_	_	_	_	_
781-11	PST038	781	781	11	co:llo	collo	_	_	_	_	_	linguistic	_	none	_	End=1830.792	1x1	_	_	_
782-0	PST038	782	782	0	se	se	_	_	_	_	_	linguistic	_	none	_	Begin=1831.78	_	_	_	_
782-1	PST038	782	782	1	tu	tu	_	_	_	_	_	linguistic	_	none	_	_	_	_	_	_
782-2	PST038	782	782	2	fai	fai	_	_	_	_	_	linguistic	_	none	_	_	_	_	_	_
782-3	PST038	782	782	3	una	una	_	_	_	_	_	linguistic	_	none	_	_	_	_	_	_
782-4	PST038	782	782	4	scelta	scelta	_	_	_	_	_	linguistic	_	none	_	_	_	_	_	_
782-5	PST038	782	782	5	di	di	_	_	_	_	_	linguistic	_	none	_	_	_	_	_	_
782-6	PST038	782	782	6	cambia:re	cambiare	_	_	_	_	_	linguistic	_	none	_	_	5x1	_	_	_
782-7	PST038	782	782	7	e	e	_	_	_	_	_	linguistic	_	none	_	_	_	_	_	_
782-8	PST038	782	782	8	arrivare	arrivare	_	_	_	_	_	linguistic	_	none	_	_	_	_	_	_
782-9	PST038	782	782	9	in	in	_	_	_	_	_	linguistic	_	none	_	_	_	_	_	_
782-10	PST038	782	782	10	una	una	_	_	_	_	_	linguistic	_	none	_	_	_	_	_	_
782-11	PST038	782	782	11	società:	società	_	_	_	_	_	linguistic	_	none	_	_	6x1	_	_	_
782-12	PST038	782	782	12	non	non	_	_	_	_	_	linguistic	_	none	_	_	_	_	_	_
782-13	PST038	782	782	13	devi	devi	_	_	_	_	_	linguistic	_	none	_	_	_	_	_	_
782-14	PST038	782	782	14	rovinare	rovinare	_	_	_	_	_	linguistic	_	none	_	_	_	_	_	_
782-15	PST038	782	782	15	quella	quella	_	_	_	_	_	linguistic	_	none	_	_	_	_	_	_
782-16	PST038	782	782	16	socie:tà	società	_	_	_	_	_	linguistic	_	none	_	End=1836.658	4x1	_	_	_
783-0	PST038	783	783	0	devi	devi	_	_	_	_	_	linguistic	_	some	_	Begin=1837.489	_	_	_	_
783-1	PST038	783	783	1	esse:re	essere	_	_	_	_	_	linguistic	_	some	_	_	3x1	_	_	_
783-2	PST038	783	783	2	una	una	_	_	_	_	_	linguistic	_	some	_	_	_	_	_	_
783-3	PST038	783	783	3	persona	persona	_	_	_	_	_	linguistic	_	some	_	_	_	_	_	_
783-4	PST038	783	783	4	alla	alla	_	_	_	_	_	linguistic	_	some	_	_	_	_	_	_
783-5	PST038	783	783	5	pa:ri	pari	_	_	_	_	_	linguistic	_	some	_	_	1x1	_	_	_
783-6	PST038	783	783	6	e	e	_	_	_	_	_	linguistic	_	some	_	_	_	_	_	_
783-7	PST038	783	783	7	#*trattar	trattar	_	_	_	_	_	linguistic	_	some	Language=NO_ISO_CODE|Variation=Doubtful	_	_	_	_	_
783-8	PST038	783	783	8	di	di	_	_	_	_	_	linguistic	_	some	_	_	_	_	_	_
783-9	PST038	783	783	9	inseri:rti	inserirti	_	_	_	_	_	linguistic	_	some	_	End=1840.72	5x1	_	_	_
784-0	PST038	784	784	0	è	è	_	_	_	_	_	linguistic	_	none	_	Begin=1840.958	_	_	_	_
784-1	PST038	784	784	1	du:ra	dura	_	_	_	_	_	linguistic	_	none	_	_	1x1	_	_	_
784-2	PST038	784	784	2	p(e)rché	perché	_	_	_	_	_	linguistic	_	none	_	_	_	_	1-2(0)	_
784-3	PST038	784	784	3	ti	ti	_	_	_	_	_	linguistic	_	none	_	_	_	_	_	_
784-4	PST038	784	784	4	verra:nno	verranno	_	_	_	_	_	linguistic	_	none	_	_	4x1	_	_	_
784-5	PST038	784	784	5	que:llo	quello	_	_	_	_	_	linguistic	_	none	_	_	2x1	_	_	_
784-6	PST038	784	784	6	ci	ci	_	_	_	_	_	linguistic	_	none	_	_	_	_	_	_
784-7	PST038	784	784	7	sono	sono	_	_	_	_	_	linguistic	_	none	_	_	_	_	_	_
784-8	PST038	784	784	8	le	le	_	_	_	_	_	linguistic	_	none	_	_	_	_	_	_
784-9	PST038	784	784	9	pregiudi:zi	pregiudizi	_	_	_	_	_	linguistic	_	none	_	_	7x1	_	_	_
784-10	PST038	784	784	10	le	le	_	_	_	_	_	linguistic	_	none	_	_	_	_	_	_
784-11	PST038	784	784	11	co:se	cose	_	_	_	_	_	linguistic	_	none	_	_	1x1	_	_	_
784-12	PST038	784	784	12	contro	contro	_	_	_	_	_	linguistic	_	none	_	_	_	_	_	_
784-13	PST038	784	784	13	l'	l'	_	_	_	_	_	linguistic	_	none	SpaceAfter=No	_	_	_	_	_
784-14	PST038	784	784	14	$estranie:ro	estraniero	_	_	_	_	_	linguistic	_	none	Orthography=Yes|Variation=Emerging	End=1845.633	7x1	_	_	_
785-0	PST038	785	785	0	ma:	ma	_	_	_	_	_	linguistic	_	none	ProsodicLink=Yes	Begin=1846.533	1x1	_	_	_
785-1	PST038	785	785	1	m:h	mh	_	_	_	_	_	linguistic	_	none	_	End=1847.324	0x1	_	_	_
786-0	PST038	786	786	0	bisogna	bisogna	_	_	_	_	_	linguistic	_	none	_	Begin=1847.604	_	_	_	_
786-1	PST038	786	786	1	anche	anche	_	_	_	_	_	linguistic	_	none	_	_	_	_	_	_
786-2	PST038	786	786	2	essere	essere	_	_	_	_	_	linguistic	_	none	_	_	_	_	_	_
786-3	PST038	786	786	3	fo::rti	forti	_	_	_	_	_	linguistic	_	none	_	End=1849.217	1x2	_	_	_
787-0	PST038	787	787	0	fo:rti	forti	_	_	_	_	_	linguistic	_	some	_	Begin=1849.424	1x1	_	_	_
787-1	PST038	787	787	1	e:	e	_	_	_	_	_	linguistic	_	some	_	_	0x1	_	_	_
787-2	PST038	787	787	2	andar	andar	_	_	_	_	_	linguistic	_	some	_	_	_	_	_	_
787-3	PST038	787	787	3	ava:nti	avanti	_	_	_	_	_	linguistic	_	some	_	_	2x1	_	_	_
787-4	PST038	787	787	4	e	e	_	_	_	_	_	linguistic	_	some	_	_	_	_	_	_
787-5	PST038	787	787	5	fare	fare	_	_	_	_	_	linguistic	_	some	_	_	_	_	_	_
787-6	PST038	787	787	6	un	un	_	_	_	_	_	linguistic	_	some	_	_	_	_	_	_
787-7	PST038	787	787	7	#buen	buen	_	_	_	_	_	linguistic	_	some	Language=NO_ISO_CODE|Variation=Token	_	_	_	_	_
787-8	PST038	787	787	8	lavo:ro	lavoro	_	_	_	_	_	linguistic	_	some	_	_	3x1	_	_	_
787-9	PST038	787	787	9	come	come	_	_	_	_	_	linguistic	_	some	_	_	_	_	_	_
787-10	PST038	787	787	10	si	si	_	_	_	_	_	linguistic	_	some	_	_	_	_	_	_
787-11	PST038	787	787	11	de:ve	deve	_	_	_	_	_	linguistic	_	some	_	End=1852.747	1x1	_	_	_
788-0	PST211	788	788	0	m:h	mh	_	_	_	_	_	linguistic	_	none	ProsodicLink=Yes	Begin=1852.76	0x1	_	_	_
788-1	PST211	788	788	1	mh	mh	_	_	_	_	_	linguistic	_	none	_	End=1853.48	_	_	_	_
789-0	PST211	789	789	0	eh	eh	_	_	_	_	_	linguistic	_	none	_	Begin=1853.626	_	_	_	_
789-1	PST211	789	789	1	sì	sì	_	_	_	_	_	linguistic	_	none	_	End=1854.026	_	_	_	_
790-0	PST038	790	790	0	perché:	perché	_	_	_	_	_	linguistic	_	none	_	Begin=1854.434	5x1	_	_	_
790-1	PST038	790	790	1	e::hm:	ehm	_	_	_	_	_	linguistic	_	none	_	End=1856.027	0x2,2x1	_	_	_
791-0	PST038	791	791	0	se	se	_	_	_	_	_	linguistic	_	none	_	Begin=1857.931	_	_	_	_
791-1	PST038	791	791	1	fai	fai	_	_	_	_	_	linguistic	_	none	_	_	_	_	_	_
791-2	PST038	791	791	2	una	una	_	_	_	_	_	linguistic	_	none	_	_	_	_	_	_
791-3	PST038	791	791	3	scelta	scelta	_	_	_	_	_	linguistic	_	none	_	_	_	_	_	_
791-4	PST038	791	791	4	di	di	_	_	_	_	_	linguistic	_	none	_	_	_	_	_	_
791-5	PST038	791	791	5	usci:r	uscir	_	_	_	_	_	linguistic	_	none	_	_	3x1	_	_	_
791-6	PST038	791	791	6	del	del	_	_	_	_	_	linguistic	_	none	_	_	_	_	_	_
791-7	PST038	791	791	7	tuo	tuo	_	_	_	_	_	linguistic	_	none	_	_	_	_	_	_
791-8	PST038	791	791	8	paese	paese	_	_	_	_	_	linguistic	_	none	_	_	_	_	_	_
791-9	PST038	791	791	9	l'	l'	_	_	_	_	_	linguistic	_	none	SpaceAfter=No	_	_	_	_	_
791-10	PST038	791	791	10	hai	hai	_	_	_	_	_	linguistic	_	none	_	_	_	_	_	_
791-11	PST038	791	791	11	fatto	fatto	_	_	_	_	_	linguistic	_	none	_	_	_	_	_	_
791-12	PST038	791	791	12	per	per	_	_	_	_	_	linguistic	_	none	_	_	_	_	_	_
791-13	PST038	791	791	13	la:	la	_	_	_	_	_	linguistic	_	none	_	_	1x1	_	_	_
791-14	PST038	791	791	14	necessità::	necessità	_	_	_	_	_	linguistic	_	none	_	End=1861.691	8x2	_	_	_
792-0	PST038	792	792	0	però	però	_	_	_	_	_	linguistic	_	none	_	Begin=1862.824	_	_	_	_
792-1	PST038	792	792	1	allo	allo	_	_	_	_	_	linguistic	_	none	_	_	_	_	_	_
792-2	PST038	792	792	2	stesso	stesso	_	_	_	_	_	linguistic	_	none	_	_	_	_	_	_
792-3	PST038	792	792	3	te:mpo	tempo	_	_	_	_	_	linguistic	_	none	_	_	1x1	_	_	_
792-4	PST038	792	792	4	devi	devi	_	_	_	_	_	linguistic	_	none	_	_	_	_	_	_
792-5	PST038	792	792	5	comportarti	comportarti	_	_	_	_	_	linguistic	_	none	_	_	_	_	_	_
792-6	PST038	792	792	6	be:ne	bene	_	_	_	_	_	linguistic	_	none	_	_	1x1	_	_	_
792-7	PST038	792	792	7	qua:	qua	_	_	_	_	_	linguistic	_	none	_	End=1865.867	2x1	_	_	_
793-0	PST211	793	793	0	mh	mh	_	_	_	_	_	linguistic	_	none	_	Begin=1866.174|End=1866.755	_	_	_	_
794-0	PST211	794	794	0	sì	sì	_	_	_	_	_	linguistic	_	none	_	Begin=1867.094	_	_	_	_
794-1	PST211	794	794	1	però	però	_	_	_	_	_	linguistic	_	none	_	End=1867.678	_	_	_	_
795-0	PST038	795	795	0	io	io	_	_	_	_	_	linguistic	_	none	_	Begin=1867.787	_	_	_	_
795-1	PST038	795	795	1	sono	sono	_	_	_	_	_	linguistic	_	none	_	_	_	_	_	_
795-2	PST038	795	795	2	abbastanza::	abbastanza	_	_	_	_	_	linguistic	_	none	_	End=1869.295	9x2	_	_	_
796-0	PST038	796	796	0	io	io	_	_	_	_	_	linguistic	_	none	_	Begin=1869.955	_	_	_	_
796-1	PST038	796	796	1	come	come	_	_	_	_	_	linguistic	_	none	_	_	_	_	_	_
796-2	PST038	796	796	2	persona	persona	_	_	_	_	_	linguistic	_	none	_	_	_	_	_	_
796-3	PST038	796	796	3	sono	sono	_	_	_	_	_	linguistic	_	none	_	_	_	_	_	_
796-4	PST038	796	796	4	abba:stanza	abbastanza	_	_	_	_	_	linguistic	_	none	_	_	3x1	_	_	_
796-5	PST038	796	796	5	seve:ra	severa	_	_	_	_	_	linguistic	_	none	_	End=1872.214	3x1	_	_	_
797-0	PST038	797	797	0	e:	e	_	_	_	_	_	linguistic	_	none	_	Begin=1872.451	0x1	_	_	_
797-1	PST038	797	797	1	abbastanza	abbastanza	_	_	_	_	_	linguistic	_	none	_	_	_	_	_	_
797-2	PST038	797	797	2	disciplina:ta	disciplinata	_	_	_	_	_	linguistic	_	none	_	_	9x1	_	_	_
797-3	PST038	797	797	3	forse	forse	_	_	_	_	_	linguistic	_	none	_	_	_	_	_	_
797-4	PST038	797	797	4	per	per	_	_	_	_	_	linguistic	_	none	_	_	_	_	_	_
797-5	PST038	797	797	5	quello	quello	_	_	_	_	_	linguistic	_	none	_	_	_	_	_	_
797-6	PST038	797	797	6	mi	mi	_	_	_	_	_	linguistic	_	none	_	_	_	_	_	_
797-7	PST038	797	797	7	ha	ha	_	_	_	_	_	linguistic	_	none	_	_	_	_	_	_
797-8	PST038	797	797	8	de:tto	detto	_	_	_	_	_	linguistic	_	none	_	_	1x1	_	_	_
797-9	PST038	797	797	9	ha	ha	_	_	_	_	_	linguistic	_	none	_	_	_	_	_	_
797-10	PST038	797	797	10	detto	detto	_	_	_	_	_	linguistic	_	none	_	_	_	_	_	_
797-11	PST038	797	797	11	va:i	vai	_	_	_	_	_	linguistic	_	none	_	_	1x1	_	_	_
797-12	PST038	797	797	12	tu	tu	_	_	_	_	_	linguistic	_	none	_	End=1876.012	_	_	_	_
798-0	PST211	798	798	0	{ride}	{ride}	_	_	_	_	_	nonverbalbehavior	_	none	_	Begin=1876.16|End=1877.8	_	_	_	_
799-0	PST038	799	799	0	perché::	perché	_	_	_	_	_	linguistic	_	none	_	Begin=1878.267|End=1879.669	5x2	_	_	_
800-0	PST038	800	800	0	indago	indago	_	_	_	_	_	linguistic	_	none	_	Begin=1880.141	_	_	_	_
800-1	PST038	800	800	1	mo:lto	molto	_	_	_	_	_	linguistic	_	none	_	_	1x1	_	_	_
800-2	PST038	800	800	2	a:nche	anche	_	_	_	_	_	linguistic	_	none	_	_	0x1	_	_	_
800-3	PST038	800	800	3	quando	quando	_	_	_	_	_	linguistic	_	none	_	_	_	_	_	_
800-4	PST038	800	800	4	mi	mi	_	_	_	_	_	linguistic	_	none	_	_	_	_	_	_
800-5	PST038	800	800	5	vengono	vengono	_	_	_	_	_	linguistic	_	none	_	_	_	_	_	_
800-6	PST038	800	800	6	a	a	_	_	_	_	_	linguistic	_	none	_	_	_	_	_	_
800-7	PST038	800	800	7	chiedere	chiedere	_	_	_	_	_	linguistic	_	none	_	_	_	_	_	_
800-8	PST038	800	800	8	aiuto	aiuto	_	_	_	_	_	linguistic	_	none	_	_	_	_	_	_
800-9	PST038	800	800	9	i	i	_	_	_	_	_	linguistic	_	none	_	_	_	_	_	_
800-10	PST038	800	800	10	mi(ei)	miei	_	_	_	_	_	linguistic	_	none	_	_	_	_	2-4(0)	_
800-11	PST038	800	800	11	connaziona:li	connazionali	_	_	_	_	_	linguistic	_	none	_	End=1883.808	9x1	_	_	_
801-0	PST211	801	801	0	eh	eh	_	_	_	_	_	linguistic	_	none	_	Begin=1885.373	_	_	_	_
801-1	PST211	801	801	1	è	è	_	_	_	_	_	linguistic	_	none	_	_	_	_	_	_
801-2	PST211	801	801	2	una	una	_	_	_	_	_	linguistic	_	none	_	_	_	_	_	_
801-3	PST211	801	801	3	cosa	cosa	_	_	_	_	_	linguistic	_	none	_	_	_	_	_	_
801-4	PST211	801	801	4	che	che	_	_	_	_	_	linguistic	_	none	_	_	_	_	_	_
801-5	PST211	801	801	5	secondo	secondo	_	_	_	_	_	linguistic	_	none	_	_	_	_	_	_
801-6	PST211	801	801	6	me	me	_	_	_	_	_	linguistic	_	none	_	_	_	_	_	_
801-7	PST211	801	801	7	se:rve	serve	_	_	_	_	_	linguistic	_	none	_	_	1x1	_	_	_
801-8	PST211	801	801	8	però:	però	_	_	_	_	_	linguistic	_	none	_	_	3x1	_	_	_
801-9	PST211	801	801	9	c(io)è	cioè	_	_	_	_	_	linguistic	_	none	_	_	_	_	1-3(0)	_
801-10	PST211	801	801	10	è	è	_	_	_	_	_	linguistic	_	none	_	_	_	_	_	_
801-11	PST211	801	801	11	u:tile	utile	_	_	_	_	_	linguistic	_	none	_	_	0x1	_	_	_
801-12	PST211	801	801	12	poi::	poi	_	_	_	_	_	linguistic	_	none	_	_	2x2	_	_	_
801-13	PST211	801	801	13	avere	avere	_	_	_	_	_	linguistic	_	none	_	_	_	_	_	_
801-14	PST211	801	801	14	un	un	_	_	_	_	_	linguistic	_	none	_	_	_	_	_	_
801-15	PST211	801	801	15	punto	punto	_	_	_	_	_	linguistic	_	none	_	_	_	_	_	_
801-16	PST211	801	801	16	di	di	_	_	_	_	_	linguistic	_	none	_	_	_	_	_	_
801-17	PST211	801	801	17	riferimento	riferimento	_	_	_	_	_	linguistic	_	none	_	_	_	_	_	_
801-18	PST211	801	801	18	così	così	_	_	_	_	_	linguistic	_	none	_	_	_	_	_	_
801-19	PST211	801	801	19	quando	quando	_	_	_	_	_	linguistic	_	none	_	_	_	_	_	_
801-20	PST211	801	801	20	arrivi	arrivi	_	_	_	_	_	linguistic	_	none	_	_	_	_	_	_
801-21	PST211	801	801	21	e	e	_	_	_	_	_	linguistic	_	none	_	_	_	_	_	_
801-22	PST211	801	801	22	non	non	_	_	_	_	_	linguistic	_	none	_	_	_	_	_	_
801-23	PST211	801	801	23	sai	sai	_	_	_	_	_	linguistic	_	none	_	_	_	_	_	_
801-24	PST211	801	801	24	bene::	bene	_	_	_	_	_	linguistic	_	none	_	End=1892.767	3x2	_	_	_
802-0	PST211	802	802	0	perché	perché	_	_	_	_	_	linguistic	_	none	_	Begin=1892.86	_	_	_	_
802-1	PST211	802	802	1	se	se	_	_	_	_	_	linguistic	_	none	_	_	_	_	_	_
802-2	PST211	802	802	2	no	no	_	_	_	_	_	linguistic	_	none	_	_	_	_	_	_
802-3	PST211	802	802	3	il	il	_	_	_	_	_	linguistic	_	none	_	_	_	_	_	_
802-4	PST211	802	802	4	rischio	rischio	_	_	_	_	_	linguistic	_	none	_	_	_	_	_	_
802-5	PST211	802	802	5	è	è	_	_	_	_	_	linguistic	_	none	_	_	_	_	_	_
802-6	PST211	802	802	6	che	che	_	_	_	_	_	linguistic	_	none	_	_	_	_	_	_
802-7	PST211	802	802	7	davvero	davvero	_	_	_	_	_	linguistic	_	none	_	_	_	_	_	_
802-8	PST211	802	802	8	poi	poi	_	_	_	_	_	linguistic	_	none	_	_	_	_	_	_
802-9	PST211	802	802	9	prendi	prendi	_	_	_	_	_	linguistic	_	none	_	_	_	_	_	_
802-10	PST211	802	802	10	magari	magari	_	_	_	_	_	linguistic	_	none	_	_	_	_	_	_
802-11	PST211	802	802	11	una	una	_	_	_	_	_	linguistic	_	none	_	_	_	_	_	_
802-12	PST211	802	802	12	strada::	strada	_	_	_	_	_	linguistic	_	none	_	_	5x2	_	_	_
802-13	PST211	802	802	13	non	non	_	_	_	_	_	linguistic	_	none	_	_	_	_	_	_
802-14	PST211	802	802	14	tanto	tanto	_	_	_	_	_	linguistic	_	none	_	_	_	_	_	_
802-15	PST211	802	802	15	fa:cile	facile	_	_	_	_	_	linguistic	_	none	_	_	1x1	_	_	_
802-16	PST211	802	802	16	o	o	_	_	_	_	_	linguistic	_	none	_	_	_	_	_	_
802-17	PST211	802	802	17	un	un	_	_	_	_	_	linguistic	_	none	_	_	_	_	_	_
802-18	PST211	802	802	18	po'	po'	_	_	_	_	_	linguistic	_	none	_	_	_	_	_	_
802-19	PST211	802	802	19	pericolo:sa	pericolosa	_	_	_	_	_	linguistic	_	none	_	_	7x1	_	_	_
802-20	PST211	802	802	20	e	e	_	_	_	_	_	linguistic	_	none	_	_	_	_	_	_
802-21	PST211	802	802	21	invece	invece	_	_	_	_	_	linguistic	_	none	_	_	_	_	_	_
802-22	PST211	802	802	22	avere	avere	_	_	_	_	_	linguistic	_	none	_	_	_	_	_	_
802-23	PST211	802	802	23	qualcuno	qualcuno	_	_	_	_	_	linguistic	_	none	_	_	_	_	_	_
802-24	PST211	802	802	24	che	che	_	_	_	_	_	linguistic	_	none	_	_	_	_	_	_
802-25	PST211	802	802	25	ti	ti	_	_	_	_	_	linguistic	_	none	_	_	_	_	_	_
802-26	PST211	802	802	26	gui:da:	guida	_	_	_	_	_	linguistic	_	none	_	End=1900.307	2x1,4x1	_	_	_
803-0	PST211	803	803	0	è	è	_	_	_	_	_	linguistic	_	none	_	Begin=1901.04	_	_	_	_
803-1	PST211	803	803	1	[comunque]	comunque	_	_	_	_	_	linguistic	_	none	_	_	_	_	_	0-8(168)
803-2	PST211	803	803	2	è	è	_	_	_	_	_	linguistic	_	none	_	_	_	_	_	_
803-3	PST211	803	803	3	importa:nte:	importante	_	_	_	_	_	linguistic	_	none	_	_	6x1,9x1	_	_	_
803-4	PST211	803	803	4	[quindi::]	quindi	_	_	_	_	_	linguistic	_	none	_	End=1902.86	5x2	_	_	0-6(169)
804-0	PST038	804	804	0	[sì]	sì	_	_	_	_	_	linguistic	_	none	_	Begin=1901.336|End=1901.815	_	_	_	0-2(168)
805-0	PST038	805	805	0	[è	è	_	_	_	_	_	linguistic	_	none	_	Begin=1902.373	_	_	_	0-1(169)
805-1	PST038	805	805	1	so:lo]	solo	_	_	_	_	_	linguistic	_	none	_	_	1x1	_	_	0-4(169)
805-2	PST038	805	805	2	come	come	_	_	_	_	_	linguistic	_	none	_	_	_	_	_	_
805-3	PST038	805	805	3	un'	un'	_	_	_	_	_	linguistic	_	none	SpaceAfter=No	_	_	_	_	_
805-4	PST038	805	805	4	associazione	associazione	_	_	_	_	_	linguistic	_	none	_	_	_	_	_	_
805-5	PST038	805	805	5	si	si	_	_	_	_	_	linguistic	_	none	_	_	_	_	_	_
805-6	PST038	805	805	6	è	è	_	_	_	_	_	linguistic	_	none	_	_	_	_	_	_
805-7	PST038	805	805	7	cre:ato	creato	_	_	_	_	_	linguistic	_	none	_	_	2x1	_	_	_
805-8	PST038	805	805	8	come	come	_	_	_	_	_	linguistic	_	none	_	_	_	_	_	_
805-9	PST038	805	805	9	un	un	_	_	_	_	_	linguistic	_	none	_	_	_	_	_	_
805-10	PST038	805	805	10	riferime:nto	riferimento	_	_	_	_	_	linguistic	_	none	_	End=1905.888	7x1	_	_	_
806-0	PST211	806	806	0	m:h	mh	_	_	_	_	_	linguistic	_	none	_	Begin=1905.885|End=1906.247	0x1	_	_	_
807-0	PST038	807	807	0	niente	niente	_	_	_	_	_	linguistic	_	none	_	Begin=1906.282	_	_	_	_
807-1	PST038	807	807	1	è::	è	_	_	_	_	_	linguistic	_	none	_	_	0x2	_	_	_
807-2	PST038	807	807	2	a	a	_	_	_	_	_	linguistic	_	none	_	_	_	_	_	_
807-3	PST038	807	807	3	scopo	scopo	_	_	_	_	_	linguistic	_	none	_	_	_	_	_	_
807-4	PST038	807	807	4	di	di	_	_	_	_	_	linguistic	_	none	_	_	_	_	_	_
807-5	PST038	807	807	5	lu:cro:	lucro	_	_	_	_	_	linguistic	_	none	_	End=1908.097	1x1,4x1	_	_	_
808-0	PST211	808	808	0	m:h	mh	_	_	_	_	_	linguistic	_	none	_	Begin=1908.16|End=1908.632	0x1	_	_	_
809-0	PST038	809	809	0	perché::	perché	_	_	_	_	_	linguistic	_	some	_	Begin=1908.666	5x2	_	_	_
809-1	PST038	809	809	1	#si	si	_	_	_	_	_	linguistic	_	some	Language=NO_ISO_CODE|Variation=Token	_	_	_	_	_
809-2	PST038	809	809	2	#se	se	_	_	_	_	_	linguistic	_	some	Language=NO_ISO_CODE|Variation=Token	_	_	_	_	_
809-3	PST038	809	809	3	fa:	fa	_	_	_	_	_	linguistic	_	some	_	_	1x1	_	_	_
809-4	PST038	809	809	4	anche	anche	_	_	_	_	_	linguistic	_	some	_	_	_	_	_	_
809-5	PST038	809	809	5	una	una	_	_	_	_	_	linguistic	_	some	_	_	_	_	_	_
809-6	PST038	809	809	6	piccola	piccola	_	_	_	_	_	linguistic	_	some	_	_	_	_	_	_
809-7	PST038	809	809	7	attività:	attività	_	_	_	_	_	linguistic	_	some	_	_	7x1	_	_	_
809-8	PST038	809	809	8	e	e	_	_	_	_	_	linguistic	_	some	_	_	_	_	_	_
809-9	PST038	809	809	9	tante	tante	_	_	_	_	_	linguistic	_	some	_	_	_	_	_	_
809-10	PST038	809	809	10	co:se	cose	_	_	_	_	_	linguistic	_	some	_	_	1x1	_	_	_
809-11	PST038	809	809	11	tiriamo	tiriamo	_	_	_	_	_	linguistic	_	some	_	_	_	_	_	_
809-12	PST038	809	809	12	fuori	fuori	_	_	_	_	_	linguistic	_	some	_	_	_	_	_	_
809-13	PST038	809	809	13	delle	delle	_	_	_	_	_	linguistic	_	some	_	_	_	_	_	_
809-14	PST038	809	809	14	ta:sche:	tasche	_	_	_	_	_	linguistic	_	some	_	End=1913.496	1x1,5x1	_	_	_
810-0	PST211	810	810	0	mh	mh	_	_	_	_	_	linguistic	_	none	_	Begin=1913.69|End=1914.071	_	_	_	_
811-0	PST038	811	811	0	anche::	anche	_	_	_	_	_	linguistic	_	none	_	Begin=1915.133	4x2	_	_	_
811-1	PST038	811	811	1	con	con	_	_	_	_	_	linguistic	_	none	_	_	_	_	_	_
811-2	PST038	811	811	2	questa:::	questa	_	_	_	_	_	linguistic	_	none	_	End=1917.635	5x3	_	_	_
812-0	PST038	812	812	0	uffi:cio	ufficio	_	_	_	_	_	linguistic	_	some	_	Begin=1917.905	3x1	_	_	_
812-1	PST038	812	812	1	lì	lì	_	_	_	_	_	linguistic	_	some	_	_	_	_	_	_
812-2	PST038	812	812	2	#de::	de	_	_	_	_	_	linguistic	_	some	Language=NO_ISO_CODE|Variation=Token	_	1x2	_	_	_
812-3	PST038	812	812	3	dei	dei	_	_	_	_	_	linguistic	_	some	_	_	_	_	_	_
812-4	PST038	812	812	4	pre:ti	preti	_	_	_	_	_	linguistic	_	some	_	_	2x1	_	_	_
812-5	PST038	812	812	5	non	non	_	_	_	_	_	linguistic	_	some	_	_	_	_	_	_
812-6	PST038	812	812	6	è:	è	_	_	_	_	_	linguistic	_	some	_	_	0x1	_	_	_
812-7	PST038	812	812	7	che	che	_	_	_	_	_	linguistic	_	some	_	_	_	_	_	_
812-8	PST038	812	812	8	ce	ce	_	_	_	_	_	linguistic	_	some	_	_	_	_	_	_
812-9	PST038	812	812	9	lo	lo	_	_	_	_	_	linguistic	_	some	_	_	_	_	_	_
812-10	PST038	812	812	10	danno	danno	_	_	_	_	_	linguistic	_	some	_	_	_	_	_	_
812-11	PST038	812	812	11	per:	per	_	_	_	_	_	linguistic	_	some	_	End=1921.4	2x1	_	_	_
813-0	PST211	813	813	0	eh	eh	_	_	_	_	_	linguistic	_	none	_	Begin=1921.4|End=1921.873	_	_	_	_
814-0	PST038	814	814	0	ce	ce	_	_	_	_	_	linguistic	_	none	_	Begin=1924.272	_	_	_	_
814-1	PST038	814	814	1	lo	lo	_	_	_	_	_	linguistic	_	none	_	_	_	_	_	_
814-2	PST038	814	814	2	da:nno::	danno	_	_	_	_	_	linguistic	_	none	_	_	1x1,4x2	_	_	_
814-3	PST038	814	814	3	per	per	_	_	_	_	_	linguistic	_	none	_	_	_	_	_	_
814-4	PST038	814	814	4	una	una	_	_	_	_	_	linguistic	_	none	_	_	_	_	_	_
814-5	PST038	814	814	5	carità:	carità	_	_	_	_	_	linguistic	_	none	_	_	5x1	_	_	_
814-6	PST038	814	814	6	u:n:	un	_	_	_	_	_	linguistic	_	none	_	End=1926.834	0x1,1x1	_	_	_
815-0	PST211	815	815	0	{ride}	{ride}	_	_	_	_	_	nonverbalbehavior	_	none	_	Begin=1926.82|End=1927.712	_	_	_	_
816-0	PST038	816	816	0	però::	però	_	_	_	_	_	linguistic	_	none	_	Begin=1927.78	3x2	_	_	_
816-1	PST038	816	816	1	sì	sì	_	_	_	_	_	linguistic	_	none	_	_	_	_	_	_
816-2	PST038	816	816	2	sì:	sì	_	_	_	_	_	linguistic	_	none	_	End=1929.799	1x1	_	_	_
817-0	PST038	817	817	0	meno	meno	_	_	_	_	_	linguistic	_	none	_	Begin=1930.676	_	_	_	_
817-1	PST038	817	817	1	ma:le	male	_	_	_	_	_	linguistic	_	none	_	_	1x1	_	_	_
817-2	PST038	817	817	2	che	che	_	_	_	_	_	linguistic	_	none	_	_	_	_	_	_
817-3	PST038	817	817	3	li	li	_	_	_	_	_	linguistic	_	none	_	_	_	_	_	_
817-4	PST038	817	817	4	abbia:mo	abbiamo	_	_	_	_	_	linguistic	_	none	_	End=1932.064	4x1	_	_	_
818-0	PST038	818	818	0	no	no	_	_	_	_	_	linguistic	_	none	_	Begin=1932.242|End=1932.554	_	_	_	_
819-0	PST211	819	819	0	eh	eh	_	_	_	_	_	linguistic	_	none	_	Begin=1932.645	_	_	_	_
819-1	PST211	819	819	1	[sì]	sì	_	_	_	_	_	linguistic	_	none	_	End=1933.143	_	_	_	0-2(171)
820-0	PST038	820	820	0	[me]no	meno	_	_	_	_	_	linguistic	_	none	_	Begin=1932.959	_	_	_	0-2(171)
820-1	PST038	820	820	1	ma:le	male	_	_	_	_	_	linguistic	_	none	_	_	1x1	_	_	_
820-2	PST038	820	820	2	meno	meno	_	_	_	_	_	linguistic	_	none	_	_	_	_	_	_
820-3	PST038	820	820	3	male	male	_	_	_	_	_	linguistic	_	none	_	_	_	_	_	_
820-4	PST038	820	820	4	che	che	_	_	_	_	_	linguistic	_	none	_	_	_	_	_	_
820-5	PST038	820	820	5	li	li	_	_	_	_	_	linguistic	_	none	_	_	_	_	_	_
820-6	PST038	820	820	6	abbiamo	abbiamo	_	_	_	_	_	linguistic	_	none	_	_	_	_	_	_
820-7	PST038	820	820	7	però:	però	_	_	_	_	_	linguistic	_	none	_	End=1935.38	3x1	_	_	_
821-0	PST038	821	821	0	se	se	_	_	_	_	_	linguistic	_	none	_	Begin=1935.636	_	_	_	_
821-1	PST038	821	821	1	dice:	dice	_	_	_	_	_	linguistic	_	none	_	End=1936.217	3x1	_	_	_
822-0	PST038	822	822	0	si	si	_	_	_	_	_	linguistic	_	none	_	Begin=1936.454	_	_	_	_
822-1	PST038	822	822	1	fa:nno	fanno	_	_	_	_	_	linguistic	_	none	_	_	1x1	_	_	_
822-2	PST038	822	822	2	le	le	_	_	_	_	_	linguistic	_	none	_	_	_	_	_	_
822-3	PST038	822	822	3	attività:	attività	_	_	_	_	_	linguistic	_	none	_	End=1937.832	7x1	_	_	_
823-0	PST038	823	823	0	si	si	_	_	_	_	_	linguistic	_	none	_	Begin=1938.192	_	_	_	_
823-1	PST038	823	823	1	creano	creano	_	_	_	_	_	linguistic	_	none	_	_	_	_	_	_
823-2	PST038	823	823	2	dei	dei	_	_	_	_	_	linguistic	_	none	_	_	_	_	_	_
823-3	PST038	823	823	3	fo:ndi:	fondi	_	_	_	_	_	linguistic	_	none	_	End=1939.588	1x1,4x1	_	_	_
824-0	PST038	824	824	0	per	per	_	_	_	_	_	linguistic	_	none	_	Begin=1939.656	_	_	_	_
824-1	PST038	824	824	1	potere:::	potere	_	_	_	_	_	linguistic	_	none	_	End=1941.363	5x3	_	_	_
825-0	PST038	825	825	0	anche	anche	_	_	_	_	_	linguistic	_	none	_	Begin=1941.737	_	_	_	_
825-1	PST038	825	825	1	solo	solo	_	_	_	_	_	linguistic	_	none	_	_	_	_	_	_
825-2	PST038	825	825	2	se	se	_	_	_	_	_	linguistic	_	none	_	_	_	_	_	_
825-3	PST038	825	825	3	dobbiamo	dobbiamo	_	_	_	_	_	linguistic	_	none	_	_	_	_	_	_
825-4	PST038	825	825	4	paga::re:	pagare	_	_	_	_	_	linguistic	_	none	_	End=1943.728	3x2,5x1	_	_	_
826-0	PST038	826	826	0	m::h	mh	_	_	_	_	_	linguistic	_	none	_	Begin=1944.231	0x2	_	_	_
826-1	PST038	826	826	1	un	un	_	_	_	_	_	linguistic	_	none	_	_	_	_	_	_
826-2	PST038	826	826	2	gruppo	gruppo	_	_	_	_	_	linguistic	_	none	_	_	_	_	_	_
826-3	PST038	826	826	3	folklori:stico	folkloristico	_	_	_	_	_	linguistic	_	none	_	_	7x1	_	_	_
826-4	PST038	826	826	4	no	no	_	_	_	_	_	linguistic	_	none	_	_	_	_	_	_
826-5	PST038	826	826	5	per	per	_	_	_	_	_	linguistic	_	none	_	_	_	_	_	_
826-6	PST038	826	826	6	un	un	_	_	_	_	_	linguistic	_	none	_	_	_	_	_	_
826-7	PST038	826	826	7	giorno	giorno	_	_	_	_	_	linguistic	_	none	_	_	_	_	_	_
826-8	PST038	826	826	8	di	di	_	_	_	_	_	linguistic	_	none	_	_	_	_	_	_
826-9	PST038	826	826	9	fe:s[ta]	festa	_	_	_	_	_	linguistic	_	none	_	End=1947.502	1x1	_	_	3-5(172)
827-0	PST211	827	827	0	[cer][to]	certo	_	_	_	_	_	linguistic	_	none	_	Begin=1947.39|End=1947.872	_	_	_	0-3(172),3-5(173)
828-0	PST038	828	828	0	[an]che	anche	_	_	_	_	_	linguistic	_	none	_	Begin=1947.646	_	_	_	0-2(173)
828-1	PST038	828	828	1	quelle	quelle	_	_	_	_	_	linguistic	_	none	_	_	_	_	_	_
828-2	PST038	828	828	2	perso:ne	persone	_	_	_	_	_	linguistic	_	none	_	_	4x1	_	_	_
828-3	PST038	828	828	3	vanno	vanno	_	_	_	_	_	linguistic	_	none	_	_	_	_	_	_
828-4	PST038	828	828	4	paga:te	pagate	_	_	_	_	_	linguistic	_	none	_	_	3x1	_	_	_
828-5	PST038	828	828	5	[qualche]	qualche	_	_	_	_	_	linguistic	_	none	_	_	_	_	_	0-7(174)
828-6	PST038	828	828	6	co:sa:	cosa	_	_	_	_	_	linguistic	_	none	_	_	1x1,3x1	_	_	_
828-7	PST038	828	828	7	un	un	_	_	_	_	_	linguistic	_	none	_	_	_	_	_	_
828-8	PST038	828	828	8	cinquanta	cinquanta	_	_	_	_	_	linguistic	_	none	_	_	_	_	_	_
828-9	PST038	828	828	9	euro	euro	_	_	_	_	_	linguistic	_	none	_	_	_	_	_	_
828-10	PST038	828	828	10	di	di	_	_	_	_	_	linguistic	_	none	_	_	_	_	_	_
828-11	PST038	828	828	11	qua:	qua	_	_	_	_	_	linguistic	_	none	_	_	2x1	_	_	_
828-12	PST038	828	828	12	un	un	_	_	_	_	_	linguistic	_	none	_	_	_	_	_	_
828-13	PST038	828	828	13	cinquanta	cinquanta	_	_	_	_	_	linguistic	_	none	_	_	_	_	_	_
828-14	PST038	828	828	14	[euro	euro	_	_	_	_	_	linguistic	_	none	_	_	_	_	_	0-4(175)
828-15	PST038	828	828	15	di	di	_	_	_	_	_	linguistic	_	none	_	_	_	_	_	0-2(175)
828-16	PST038	828	828	16	là:]	là	_	_	_	_	_	linguistic	_	none	_	End=1952.807	1x1	_	_	0-2(175)
829-0	PST211	829	829	0	[xx]	xx	_	_	_	_	_	unknown	_	none	Syllables=2	Begin=1949.37|End=1949.984	_	_	_	0-2(174)
830-0	PST211	830	830	0	[m:h]	mh	_	_	_	_	_	linguistic	_	none	_	Begin=1952.041|End=1952.609	0x1	_	_	0-2(175)
831-0	PST038	831	831	0	o	o	_	_	_	_	_	linguistic	_	none	_	Begin=1953.373	_	_	_	_
831-1	PST038	831	831	1	far	far	_	_	_	_	_	linguistic	_	none	_	_	_	_	_	_
831-2	PST038	831	831	2	(andare)	andare	_	_	_	_	_	linguistic	_	none	_	_	_	_	0-6(0)	_
831-3	PST038	831	831	3	a	a	_	_	_	_	_	linguistic	_	none	_	_	_	_	_	_
831-4	PST038	831	831	4	far	far	_	_	_	_	_	linguistic	_	none	_	_	_	_	_	_
831-5	PST038	831	831	5	l'	l'	_	_	_	_	_	linguistic	_	none	SpaceAfter=No	_	_	_	_	_
831-6	PST038	831	831	6	(e)spesa:	espesa	_	_	_	_	_	linguistic	_	none	_	_	5x1	_	0-1(1)	_
831-7	PST038	831	831	7	perché	perché	_	_	_	_	_	linguistic	_	none	_	_	_	_	_	_
831-8	PST038	831	831	8	dopo	dopo	_	_	_	_	_	linguistic	_	none	_	_	_	_	_	_
831-9	PST038	831	831	9	ai	ai	_	_	_	_	_	linguistic	_	none	_	_	_	_	_	_
831-10	PST038	831	831	10	musicisti	musicisti	_	_	_	_	_	linguistic	_	none	_	_	_	_	_	_
831-11	PST038	831	831	11	gli	gli	_	_	_	_	_	linguistic	_	none	_	_	_	_	_	_
831-12	PST038	831	831	12	devi	devi	_	_	_	_	_	linguistic	_	none	_	_	_	_	_	_
831-13	PST038	831	831	13	dare	dare	_	_	_	_	_	linguistic	_	none	_	_	_	_	_	_
831-14	PST038	831	831	14	da	da	_	_	_	_	_	linguistic	_	none	_	_	_	_	_	_
831-15	PST038	831	831	15	mangia:re	mangiare	_	_	_	_	_	linguistic	_	none	_	_	5x1	_	_	_
831-16	PST038	831	831	16	qualco:sa	qualcosa	_	_	_	_	_	linguistic	_	none	_	_	5x1	_	_	_
831-17	PST038	831	831	17	allora:	allora	_	_	_	_	_	linguistic	_	none	_	End=1958.352	5x1	_	_	_
832-0	PST211	832	832	0	{ride}	{ride}	_	_	_	_	_	nonverbalbehavior	_	none	_	Begin=1956.98|End=1957.767	_	_	_	_
833-0	PST038	833	833	0	si	si	_	_	_	_	_	linguistic	_	none	_	Begin=1958.703	_	_	_	_
833-1	PST038	833	833	1	fanno	fanno	_	_	_	_	_	linguistic	_	none	_	_	_	_	_	_
833-2	PST038	833	833	2	queste	queste	_	_	_	_	_	linguistic	_	none	_	_	_	_	_	_
833-3	PST038	833	833	3	attività	attività	_	_	_	_	_	linguistic	_	none	_	_	_	_	_	_
833-4	PST038	833	833	4	co[sì]:	così	_	_	_	_	_	linguistic	_	none	_	End=1960.464	3x1	_	_	2-4(176)
834-0	PST211	834	834	0	[sì]	sì	_	_	_	_	_	linguistic	_	none	_	Begin=1960.04|End=1960.455	_	_	_	0-2(176)
835-0	PST038	835	835	0	E	e	_	_	_	_	_	linguistic	_	none	Volume=high	Begin=1960.788	_	_	_	_
835-1	PST038	835	835	1	poi	poi	_	_	_	_	_	linguistic	_	none	_	_	_	_	_	_
835-2	PST038	835	835	2	se::	se	_	_	_	_	_	linguistic	_	none	_	End=1962.037	1x2	_	_	_
836-0	PST038	836	836	0	vesti:ti	vestiti	_	_	_	_	_	linguistic	_	some	_	Begin=1962.212	4x1	_	_	_
836-1	PST038	836	836	1	alime:nti	alimenti	_	_	_	_	_	linguistic	_	some	_	_	4x1	_	_	_
836-2	PST038	836	836	2	che::	che	_	_	_	_	_	linguistic	_	some	_	_	2x2	_	_	_
836-3	PST038	836	836	3	a:rriva::no:	arrivano	_	_	_	_	_	linguistic	_	some	_	_	0x1,5x2,7x1	_	_	_
836-4	PST038	836	836	4	#de	de	_	_	_	_	_	linguistic	_	some	Language=NO_ISO_CODE|Variation=Token	_	_	_	_	_
836-5	PST038	836	836	5	#*la	la	_	_	_	_	_	linguistic	_	some	Language=NO_ISO_CODE|Variation=Doubtful	_	_	_	_	_
836-6	PST038	836	836	6	#bue:na::	buena	_	_	_	_	_	linguistic	_	some	Language=NO_ISO_CODE|Variation=Token	End=1966.465	2x1,4x2	_	_	_
837-0	PST038	837	837	0	#de	de	_	_	_	_	_	linguistic	_	some	Language=NO_ISO_CODE|Variation=Token	Begin=1966.667	_	_	_	_
837-1	PST038	837	837	1	la	la	_	_	_	_	_	linguistic	_	some	_	_	_	_	_	_
837-2	PST038	837	837	2	carità	carità	_	_	_	_	_	linguistic	_	some	_	_	_	_	_	_
837-3	PST038	837	837	3	delle:	delle	_	_	_	_	_	linguistic	_	some	_	_	4x1	_	_	_
837-4	PST038	837	837	4	perso:ne	persone	_	_	_	_	_	linguistic	_	some	_	End=1968.399	4x1	_	_	_
838-0	PST211	838	838	0	m:h	mh	_	_	_	_	_	linguistic	_	none	_	Begin=1968.53|End=1969.113	0x1	_	_	_
839-0	PST038	839	839	0	chia:mano	chiamano	_	_	_	_	_	linguistic	_	none	_	Begin=1969.394	3x1	_	_	_
839-1	PST038	839	839	1	e	e	_	_	_	_	_	linguistic	_	none	_	_	_	_	_	_
839-2	PST038	839	839	2	di:cono	dicono	_	_	_	_	_	linguistic	_	none	_	_	1x1	_	_	_
839-3	PST038	839	839	3	abbiamo	abbiamo	_	_	_	_	_	linguistic	_	none	_	_	_	_	_	_
839-4	PST038	839	839	4	una	una	_	_	_	_	_	linguistic	_	none	_	_	_	_	_	_
839-5	PST038	839	839	5	sacca	sacca	_	_	_	_	_	linguistic	_	none	_	_	_	_	_	_
839-6	PST038	839	839	6	de	de	_	_	_	_	_	linguistic	_	none	_	_	_	_	_	_
839-7	PST038	839	839	7	vesti::ti	vestiti	_	_	_	_	_	linguistic	_	none	_	_	4x2	_	_	_
839-8	PST038	839	839	8	per	per	_	_	_	_	_	linguistic	_	none	_	_	_	_	_	_
839-9	PST038	839	839	9	bambini	bambini	_	_	_	_	_	linguistic	_	none	_	_	_	_	_	_
839-10	PST038	839	839	10	di	di	_	_	_	_	_	linguistic	_	none	_	_	_	_	_	_
839-11	PST038	839	839	11	tale	tale	_	_	_	_	_	linguistic	_	none	_	_	_	_	_	_
839-12	PST038	839	839	12	età:	età	_	_	_	_	_	linguistic	_	none	_	End=1973.257	2x1	_	_	_
840-0	PST211	840	840	0	m:h	mh	_	_	_	_	_	linguistic	_	none	_	Begin=1973.28|End=1973.68	0x1	_	_	_
841-0	PST038	841	841	0	o	o	_	_	_	_	_	linguistic	_	some	_	Begin=1973.702	_	_	_	_
841-1	PST038	841	841	1	scarpe:tte	scarpette	_	_	_	_	_	linguistic	_	some	_	_	5x1	_	_	_
841-2	PST038	841	841	2	#de	de	_	_	_	_	_	linguistic	_	some	Language=NO_ISO_CODE|Variation=Token	_	_	_	_	_
841-3	PST038	841	841	3	quale:	quale	_	_	_	_	_	linguistic	_	some	_	_	4x1	_	_	_
841-4	PST038	841	841	4	età:	età	_	_	_	_	_	linguistic	_	some	_	End=1975.434	2x1	_	_	_
842-0	PST038	842	842	0	o::	o	_	_	_	_	_	linguistic	_	none	_	Begin=1975.765	0x2	_	_	_
842-1	PST038	842	842	1	passeggi:ni	passeggini	_	_	_	_	_	linguistic	_	none	_	_	7x1	_	_	_
842-2	PST038	842	842	2	carrozzi:ni	carrozzini	_	_	_	_	_	linguistic	_	none	_	_	7x1	_	_	_
842-3	PST038	842	842	3	letti:ni	lettini	_	_	_	_	_	linguistic	_	none	_	_	4x1	_	_	_
842-4	PST038	842	842	4	le:tti	letti	_	_	_	_	_	linguistic	_	none	_	End=1978.816	1x1	_	_	_
843-0	PST211	843	843	0	eh	eh	_	_	_	_	_	linguistic	_	none	_	Begin=1979.345	_	_	_	_
843-1	PST211	843	843	1	sì	sì	_	_	_	_	_	linguistic	_	none	_	End=1979.916	_	_	_	_
844-0	PST211	844	844	0	sì	sì	_	_	_	_	_	linguistic	_	none	_	Begin=1980.05	_	_	_	_
844-1	PST211	844	844	1	[xx]	xx	_	_	_	_	_	unknown	_	none	Syllables=2	_	_	_	_	0-2(177)
844-2	PST211	844	844	2	serve	serve	_	_	_	_	_	linguistic	_	none	_	End=1981.26	_	_	_	_
845-0	PST038	845	845	0	[(quel)le	quelle	_	_	_	_	_	linguistic	_	none	_	Begin=1980.104	_	_	0-4(0)	0-6(177)
845-1	PST038	845	845	1	co:se	cose	_	_	_	_	_	linguistic	_	none	_	_	1x1	_	_	0-4(177)
845-2	PST038	845	845	2	lì]	lì	_	_	_	_	_	linguistic	_	none	_	End=1981.098	_	_	_	0-2(177)
846-0	PST038	846	846	0	sì	sì	_	_	_	_	_	linguistic	_	none	ProsodicLink=Yes	Begin=1981.283	_	_	_	_
846-1	PST038	846	846	1	sì	sì	_	_	_	_	_	linguistic	_	none	ProsodicLink=Yes	_	_	_	_	_
846-2	PST038	846	846	2	sì	sì	_	_	_	_	_	linguistic	_	none	_	_	_	_	_	_
846-3	PST038	846	846	3	que:llo	quello	_	_	_	_	_	linguistic	_	none	_	End=1982.782	2x1	_	_	_
847-0	PST211	847	847	0	m:h	mh	_	_	_	_	_	linguistic	_	none	_	Begin=1982.866|End=1983.344	0x1	_	_	_
848-0	PST211	848	848	0	[In	in	_	_	_	_	_	linguistic	_	none	Volume=high	Begin=1983.73	_	_	_	0-2(178)
848-1	PST211	848	848	1	perù:	perù	_	_	_	_	_	linguistic	_	none	_	_	3x1	_	_	0-4(178)
848-2	PST211	848	848	2	invece::]	invece	_	_	_	_	_	linguistic	_	none	_	_	5x2	_	_	0-6(178)
848-3	PST211	848	848	3	sei::	sei	_	_	_	_	_	linguistic	_	none	_	_	2x2	_	_	_
848-4	PST211	848	848	4	più	più	_	_	_	_	_	linguistic	_	none	_	_	_	_	_	_
848-5	PST211	848	848	5	torna:ta	tornata	_	_	_	_	_	linguistic	_	none	_	_	4x1	_	_	_
848-6	PST211	848	848	6	da	da	_	_	_	_	_	linguistic	_	none	_	_	_	_	_	_
848-7	PST211	848	848	7	quando::	quando	_	_	_	_	_	linguistic	_	none	_	_	5x2	_	_	_
848-8	PST211	848	848	8	sei	sei	_	_	_	_	_	linguistic	_	none	_	_	_	_	_	_
848-9	PST211	848	848	9	anda:ta	andata	_	_	_	_	_	linguistic	_	none	_	_	3x1	_	_	_
848-10	PST211	848	848	10	via:?	via	_	_	_	_	_	linguistic	_	none	Intonation=Rising	End=1987.6	2x1	_	_	_
849-0	PST038	849	849	0	[poi	poi	_	_	_	_	_	linguistic	_	none	_	Begin=1983.913	_	_	_	0-3(178)
849-1	PST038	849	849	1	per	per	_	_	_	_	_	linguistic	_	none	_	_	_	_	_	0-3(178)
849-2	PST038	849	849	2	(altro)	altro	_	_	_	_	_	linguistic	_	none	_	_	_	_	0-5(0)	0-5(178)
849-3	PST038	849	849	3	no]	no	_	_	_	_	_	linguistic	_	none	_	End=1984.758	_	_	_	0-2(178)
850-0	PST038	850	850	0	sì::	sì	_	_	_	_	_	linguistic	_	none	_	Begin=1988.574	1x2	_	_	_
850-1	PST038	850	850	1	sono	sono	_	_	_	_	_	linguistic	_	none	_	_	_	_	_	_
850-2	PST038	850	850	2	andata::	andata	_	_	_	_	_	linguistic	_	none	_	_	5x2	_	_	_
850-3	PST038	850	850	3	be:::h	beh	_	_	_	_	_	linguistic	_	none	_	End=1991.332	1x3	_	_	_
851-0	PST038	851	851	0	sono	sono	_	_	_	_	_	linguistic	_	none	_	Begin=1992.595	_	_	_	_
851-1	PST038	851	851	1	anda:ta	andata	_	_	_	_	_	linguistic	_	none	_	End=1993.373	3x1	_	_	_
852-0	PST038	852	852	0	due	due	_	_	_	_	_	linguistic	_	none	_	Begin=1993.581	_	_	_	_
852-1	PST038	852	852	1	a::nni	anni	_	_	_	_	_	linguistic	_	none	_	_	0x2	_	_	_
852-2	PST038	852	852	2	fa	fa	_	_	_	_	_	linguistic	_	none	_	_	_	_	_	_
852-3	PST038	852	852	3	con	con	_	_	_	_	_	linguistic	_	none	_	_	_	_	_	_
852-4	PST038	852	852	4	mio	mio	_	_	_	_	_	linguistic	_	none	_	_	_	_	_	_
852-5	PST038	852	852	5	fi:glio:	figlio	_	_	_	_	_	linguistic	_	none	_	_	1x1,5x1	_	_	_
852-6	PST038	852	852	6	che	che	_	_	_	_	_	linguistic	_	none	_	_	_	_	_	_
852-7	PST038	852	852	7	era	era	_	_	_	_	_	linguistic	_	none	_	_	_	_	_	_
852-8	PST038	852	852	8	già	già	_	_	_	_	_	linguistic	_	none	_	_	_	_	_	_
852-9	PST038	852	852	9	più	più	_	_	_	_	_	linguistic	_	none	_	_	_	_	_	_
852-10	PST038	852	852	10	gra:nde	grande	_	_	_	_	_	linguistic	_	none	_	End=1996.2	2x1	_	_	_
853-0	PST038	853	853	0	però	però	_	_	_	_	_	linguistic	_	some	_	Begin=1996.606	_	_	_	_
853-1	PST038	853	853	1	#de	de	_	_	_	_	_	linguistic	_	some	Language=NO_ISO_CODE|Variation=Token	_	_	_	_	_
853-2	PST038	853	853	2	due:	due	_	_	_	_	_	linguistic	_	some	_	_	2x1	_	_	_
853-3	PST038	853	853	3	a:nni	anni	_	_	_	_	_	linguistic	_	some	_	_	0x1	_	_	_
853-4	PST038	853	853	4	fa	fa	_	_	_	_	_	linguistic	_	some	_	_	_	_	_	_
853-5	PST038	853	853	5	non	non	_	_	_	_	_	linguistic	_	some	_	_	_	_	_	_
853-6	PST038	853	853	6	ero	ero	_	_	_	_	_	linguistic	_	some	_	_	_	_	_	_
853-7	PST038	853	853	7	andata	andata	_	_	_	_	_	linguistic	_	some	_	_	_	_	_	_
853-8	PST038	853	853	8	dal	dal	_	_	_	_	_	linguistic	_	some	_	_	_	_	_	_
853-9	PST038	853	853	9	duemilado:dici:	duemiladodici	_	_	_	_	_	linguistic	_	some	_	End=1999.391	8x1,12x1	_	_	_
854-0	PST038	854	854	0	quando	quando	_	_	_	_	_	linguistic	_	none	_	Begin=1999.529	_	_	_	_
854-1	PST038	854	854	1	è	è	_	_	_	_	_	linguistic	_	none	_	_	_	_	_	_
854-2	PST038	854	854	2	mancata	mancata	_	_	_	_	_	linguistic	_	none	_	_	_	_	_	_
854-3	PST038	854	854	3	mia	mia	_	_	_	_	_	linguistic	_	none	_	_	_	_	_	_
854-4	PST038	854	854	4	ma:dre	madre	_	_	_	_	_	linguistic	_	none	_	End=2000.83	1x1	_	_	_
855-0	PST211	855	855	0	mh	mh	_	_	_	_	_	linguistic	_	none	_	Begin=2000.953|End=2001.24	_	_	_	_
856-0	PST038	856	856	0	adesso	adesso	_	_	_	_	_	linguistic	_	none	_	Begin=2001.925	_	_	_	_
856-1	PST038	856	856	1	non	non	_	_	_	_	_	linguistic	_	none	_	_	_	_	_	_
856-2	PST038	856	856	2	ho	ho	_	_	_	_	_	linguistic	_	none	_	_	_	_	_	_
856-3	PST038	856	856	3	più:	più	_	_	_	_	_	linguistic	_	none	_	_	2x1	_	_	_
856-4	PST038	856	856	4	né	né	_	_	_	_	_	linguistic	_	none	_	_	_	_	_	_
856-5	PST038	856	856	5	papà:	papà	_	_	_	_	_	linguistic	_	none	_	_	3x1	_	_	_
856-6	PST038	856	856	6	né	né	_	_	_	_	_	linguistic	_	none	_	_	_	_	_	_
856-7	PST038	856	856	7	ma:mma	mamma	_	_	_	_	_	linguistic	_	none	_	_	1x1	_	_	_
856-8	PST038	856	856	8	son	son	_	_	_	_	_	linguistic	_	none	_	_	_	_	_	_
856-9	PST038	856	856	9	mancati	mancati	_	_	_	_	_	linguistic	_	none	_	_	_	_	_	_
856-10	PST038	856	856	10	tutti	tutti	_	_	_	_	_	linguistic	_	none	_	_	_	_	_	_
856-11	PST038	856	856	11	e	e	_	_	_	_	_	linguistic	_	none	_	_	_	_	_	_
856-12	PST038	856	856	12	due:	due	_	_	_	_	_	linguistic	_	none	_	End=2005.157	2x1	_	_	_
857-0	PST211	857	857	0	mh	mh	_	_	_	_	_	linguistic	_	none	ProsodicLink=Yes	Begin=2005.157	_	_	_	_
857-1	PST211	857	857	1	mh	mh	_	_	_	_	_	linguistic	_	none	_	End=2005.574	_	_	_	_
858-0	PST038	858	858	0	e::	e	_	_	_	_	_	linguistic	_	none	_	Begin=2006.595	0x2	_	_	_
858-1	PST038	858	858	1	due	due	_	_	_	_	_	linguistic	_	none	_	_	_	_	_	_
858-2	PST038	858	858	2	frat~	frat~	_	_	_	_	_	linguistic	_	none	Interrupted=Yes	_	_	_	_	_
858-3	PST038	858	858	3	m:h	mh	_	_	_	_	_	linguistic	_	none	_	_	0x1	_	_	_
858-4	PST038	858	858	4	due	due	_	_	_	_	_	linguistic	_	none	_	_	_	_	_	_
858-5	PST038	858	858	5	frate:lli	fratelli	_	_	_	_	_	linguistic	_	none	_	_	4x1	_	_	_
858-6	PST038	858	858	6	che	che	_	_	_	_	_	linguistic	_	none	_	_	_	_	_	_
858-7	PST038	858	858	7	son	son	_	_	_	_	_	linguistic	_	none	_	_	_	_	_	_
858-8	PST038	858	858	8	rimasti	rimasti	_	_	_	_	_	linguistic	_	none	_	_	_	_	_	_
858-9	PST038	858	858	9	ancora	ancora	_	_	_	_	_	linguistic	_	none	_	_	_	_	_	_
858-10	PST038	858	858	10	là:	là	_	_	_	_	_	linguistic	_	none	_	End=2009.794	1x1	_	_	_
859-0	PST038	859	859	0	e	e	_	_	_	_	_	linguistic	_	none	_	Begin=2010.816	_	_	_	_
859-1	PST038	859	859	1	poi	poi	_	_	_	_	_	linguistic	_	none	_	_	_	_	_	_
859-2	PST038	859	859	2	ba:sta	basta	_	_	_	_	_	linguistic	_	none	_	End=2011.7085000000002	1x1	_	_	_
860-0	PST211	860	860	0	mh	mh	_	_	_	_	_	linguistic	_	none	_	Begin=2011.7085000000002|End=2011.971	_	_	_	_
861-0	PST038	861	861	0	mh	mh	_	_	_	_	_	linguistic	_	none	ProsodicLink=Yes	Begin=2011.949	_	_	_	_
861-1	PST038	861	861	1	[mh]	mh	_	_	_	_	_	linguistic	_	none	_	End=2012.633	_	_	_	0-2(180)
862-0	PST211	862	862	0	e	e	_	_	_	_	_	linguistic	_	none	_	Begin=2012.186	_	_	_	_
862-1	PST211	862	862	1	com'	com'	_	_	_	_	_	linguistic	_	none	SpaceAfter=No	_	_	_	_	_
862-2	PST211	862	862	2	è	è	_	_	_	_	_	linguistic	_	none	_	_	_	_	_	_
862-3	PST211	862	862	3	stato	stato	_	_	_	_	_	linguistic	_	none	_	_	_	_	_	_
862-4	PST211	862	862	4	torna:re?	tornare	_	_	_	_	_	linguistic	_	none	Intonation=Rising	_	4x1	_	_	_
862-5	PST211	862	862	5	anche	anche	_	_	_	_	_	linguistic	_	none	_	_	_	_	_	_
862-6	PST211	862	862	6	dal	dal	_	_	_	_	_	linguistic	_	none	_	_	_	_	_	_
862-7	PST211	862	862	7	punto	punto	_	_	_	_	_	linguistic	_	none	_	_	_	_	_	_
862-8	PST211	862	862	8	di	di	_	_	_	_	_	linguistic	_	none	_	_	_	_	_	_
862-9	PST211	862	862	9	vista	vista	_	_	_	_	_	linguistic	_	none	_	_	_	_	_	_
862-10	PST211	862	862	10	della	della	_	_	_	_	_	linguistic	_	none	_	_	_	_	_	_
862-11	PST211	862	862	11	li:ngua	lingua	_	_	_	_	_	linguistic	_	none	_	_	1x1	_	_	_
862-12	PST211	862	862	12	hai	hai	_	_	_	_	_	linguistic	_	none	_	_	_	_	_	_
862-13	PST211	862	862	13	fatto::	fatto	_	_	_	_	_	linguistic	_	none	_	_	4x2	_	_	_
862-14	PST211	862	862	14	c(io)è	cioè	_	_	_	_	_	linguistic	_	none	_	_	_	_	0-3(0)	_
862-15	PST211	862	862	15	hai	hai	_	_	_	_	_	linguistic	_	none	_	_	_	_	_	_
862-16	PST211	862	862	16	f~	f~	_	_	_	_	_	linguistic	_	none	Interrupted=Yes	End=2017.297	_	_	_	_
863-0	PST211	863	863	0	[xxx]	xxx	_	_	_	_	_	unknown	_	none	Syllables=3	Begin=2017.493	_	_	_	0-3(181)
863-1	PST211	863	863	1	e:h	eh	_	_	_	_	_	linguistic	_	none	_	End=2018.333	0x1	_	_	_
864-0	PST038	864	864	0	[ta:nto]	tanto	_	_	_	_	_	linguistic	_	none	_	Begin=2017.5|End=2018.047	1x1	_	_	0-5(181)
865-0	PST038	865	865	0	ta:nto	tanto	_	_	_	_	_	linguistic	_	none	_	Begin=2018.373	1x1	_	_	_
865-1	PST038	865	865	1	ta:nto	tanto	_	_	_	_	_	linguistic	_	none	_	_	1x1	_	_	_
865-2	PST038	865	865	2	perché::	perché	_	_	_	_	_	linguistic	_	none	_	_	5x2	_	_	_
865-3	PST038	865	865	3	eh	eh	_	_	_	_	_	linguistic	_	none	_	_	_	_	_	_
865-4	PST038	865	865	4	e	e	_	_	_	_	_	linguistic	_	none	_	_	_	_	_	_
865-5	PST038	865	865	5	e	e	_	_	_	_	_	linguistic	_	none	_	_	_	_	_	_
865-6	PST038	865	865	6	eh	eh	_	_	_	_	_	linguistic	_	none	_	End=2020.977	_	_	_	_
866-0	PST038	866	866	0	a	a	_	_	_	_	_	linguistic	_	some	_	Begin=2022.325	_	_	_	_
866-1	PST038	866	866	1	volte	volte	_	_	_	_	_	linguistic	_	some	_	_	_	_	_	_
866-2	PST038	866	866	2	#*no	no	_	_	_	_	_	linguistic	_	some	Language=NO_ISO_CODE|Variation=Doubtful	_	_	_	_	_
866-3	PST038	866	866	3	te	te	_	_	_	_	_	linguistic	_	some	_	_	_	_	_	_
866-4	PST038	866	866	4	ne	ne	_	_	_	_	_	linguistic	_	some	_	_	_	_	_	_
866-5	PST038	866	866	5	accorgi	accorgi	_	_	_	_	_	linguistic	_	some	_	_	_	_	_	_
866-6	PST038	866	866	6	cominci	cominci	_	_	_	_	_	linguistic	_	some	_	_	_	_	_	_
866-7	PST038	866	866	7	a	a	_	_	_	_	_	linguistic	_	some	_	_	_	_	_	_
866-8	PST038	866	866	8	parlare	parlare	_	_	_	_	_	linguistic	_	some	_	_	_	_	_	_
866-9	PST038	866	866	9	italia:no	italiano	_	_	_	_	_	linguistic	_	some	_	_	5x1	_	_	_
866-10	PST038	866	866	10	che	che	_	_	_	_	_	linguistic	_	some	_	_	_	_	_	_
866-11	PST038	866	866	11	la	la	_	_	_	_	_	linguistic	_	some	_	_	_	_	_	_
866-12	PST038	866	866	12	persona	persona	_	_	_	_	_	linguistic	_	some	_	_	_	_	_	_
866-13	PST038	866	866	13	ti	ti	_	_	_	_	_	linguistic	_	some	_	_	_	_	_	_
866-14	PST038	866	866	14	guarda	guarda	_	_	_	_	_	linguistic	_	some	_	_	_	_	_	_
866-15	PST038	866	866	15	così:	così	_	_	_	_	_	linguistic	_	some	_	_	3x1	_	_	_
866-16	PST038	866	866	16	e::	e	_	_	_	_	_	linguistic	_	some	_	_	0x2	_	_	_
866-17	PST038	866	866	17	se	se	_	_	_	_	_	linguistic	_	some	_	_	_	_	_	_
866-18	PST038	866	866	18	non	non	_	_	_	_	_	linguistic	_	some	_	_	_	_	_	_
866-19	PST038	866	866	19	avevo	avevo	_	_	_	_	_	linguistic	_	some	_	_	_	_	_	_
866-20	PST038	866	866	20	mio	mio	_	_	_	_	_	linguistic	_	some	_	_	_	_	_	_
866-21	PST038	866	866	21	figlio	figlio	_	_	_	_	_	linguistic	_	some	_	_	_	_	_	_
866-22	PST038	866	866	22	a	a	_	_	_	_	_	linguistic	_	some	_	_	_	_	_	_
866-23	PST038	866	866	23	fianco	fianco	_	_	_	_	_	linguistic	_	some	_	_	_	_	_	_
866-24	PST038	866	866	24	(che)	che	_	_	_	_	_	linguistic	_	some	_	_	_	_	0-3(0)	_
866-25	PST038	866	866	25	mi	mi	_	_	_	_	_	linguistic	_	some	_	_	_	_	_	_
866-26	PST038	866	866	26	dice	dice	_	_	_	_	_	linguistic	_	some	_	_	_	_	_	_
866-27	PST038	866	866	27	ma:mma	mamma	_	_	_	_	_	linguistic	_	some	_	_	1x1	_	_	_
866-28	PST038	866	866	28	stai	stai	_	_	_	_	_	linguistic	_	some	_	_	_	_	_	_
866-29	PST038	866	866	29	parlando	parlando	_	_	_	_	_	linguistic	_	some	_	_	_	_	_	_
866-30	PST038	866	866	30	in	in	_	_	_	_	_	linguistic	_	some	_	_	_	_	_	_
866-31	PST038	866	866	31	italia:no	italiano	_	_	_	_	_	linguistic	_	some	_	_	5x1	_	_	_
866-32	PST038	866	866	32	#*qué::	qué	_	_	_	_	_	linguistic	_	some	Language=NO_ISO_CODE|Variation=Doubtful	End=2030.732	2x2	_	_	_
867-0	PST211	867	867	0	{ride}	{ride}	_	_	_	_	_	nonverbalbehavior	_	none	_	Begin=2029.79|End=2031.2	_	_	_	_
868-0	PST038	868	868	0	no	no	_	_	_	_	_	linguistic	_	none	_	Begin=2031.208	_	_	_	_
868-1	PST038	868	868	1	davve:ro	davvero	_	_	_	_	_	linguistic	_	none	_	_	4x1	_	_	_
868-2	PST038	868	868	2	che:	che	_	_	_	_	_	linguistic	_	none	_	End=2032.115	2x1	_	_	_
869-0	PST211	869	869	0	eh	eh	_	_	_	_	_	linguistic	_	none	_	Begin=2032.115|End=2032.347	_	_	_	_
870-0	PST038	870	870	0	se	se	_	_	_	_	_	linguistic	_	none	_	Begin=2032.453	_	_	_	_
870-1	PST038	870	870	1	perde::	perde	_	_	_	_	_	linguistic	_	none	_	End=2033.254	4x2	_	_	_
871-0	PST038	871	871	0	si	si	_	_	_	_	_	linguistic	_	none	_	Begin=2033.645	_	_	_	_
871-1	PST038	871	871	1	pe:rde	perde	_	_	_	_	_	linguistic	_	none	_	_	1x1	_	_	_
871-2	PST038	871	871	2	la::	la	_	_	_	_	_	linguistic	_	none	_	End=2035.046	1x2	_	_	_
872-0	PST038	872	872	0	però	però	_	_	_	_	_	linguistic	_	none	_	Begin=2035.837	_	_	_	_
872-1	PST038	872	872	1	do:po	dopo	_	_	_	_	_	linguistic	_	none	_	_	1x1	_	_	_
872-2	PST038	872	872	2	dopo::	dopo	_	_	_	_	_	linguistic	_	none	_	End=2037.136	3x2	_	_	_
873-0	PST038	873	873	0	qualche	qualche	_	_	_	_	_	linguistic	_	none	_	Begin=2037.303	_	_	_	_
873-1	PST038	873	873	1	gio:rno	giorno	_	_	_	_	_	linguistic	_	none	_	_	2x1	_	_	_
873-2	PST038	873	873	2	già	già	_	_	_	_	_	linguistic	_	none	_	_	_	_	_	_
873-3	PST038	873	873	3	subito	subito	_	_	_	_	_	linguistic	_	none	_	_	_	_	_	_
873-4	PST038	873	873	4	pa:rti:	parti	_	_	_	_	_	linguistic	_	none	_	End=2039.0	1x1,4x1	_	_	_
874-0	PST211	874	874	0	o[kay]	okay	_	_	_	_	_	linguistic	_	none	_	Begin=2039.02|End=2039.539	_	_	_	1-4(182)
875-0	PST038	875	875	0	[sì	sì	_	_	_	_	_	linguistic	_	none	ProsodicLink=Yes	Begin=2039.19	_	_	_	0-2(182)
875-1	PST038	875	875	1	sì]	sì	_	_	_	_	_	linguistic	_	none	_	_	_	_	_	0-2(182)
875-2	PST038	875	875	2	sì	sì	_	_	_	_	_	linguistic	_	none	ProsodicLink=Yes	_	_	_	_	_
875-3	PST038	875	875	3	sì:	sì	_	_	_	_	_	linguistic	_	none	_	End=2040.073	1x1	_	_	_
876-0	PST211	876	876	0	ah	ah	_	_	_	_	_	linguistic	_	none	ProsodicLink=Yes	Begin=2040.09	_	_	_	_
876-1	PST211	876	876	1	ah	ah	_	_	_	_	_	linguistic	_	none	_	End=2040.412	_	_	_	_
877-0	PST038	877	877	0	parti:	parti	_	_	_	_	_	linguistic	_	none	_	Begin=2040.412	4x1	_	_	_
877-1	PST038	877	877	1	sì	sì	_	_	_	_	_	linguistic	_	none	_	_	_	_	_	_
877-2	PST038	877	877	2	no::	no	_	_	_	_	_	linguistic	_	none	_	End=2041.771	1x2	_	_	_
878-0	PST038	878	878	0	credo	credo	_	_	_	_	_	linguistic	_	none	_	Begin=2042.212	_	_	_	_
878-1	PST038	878	878	1	che	che	_	_	_	_	_	linguistic	_	none	_	_	_	_	_	_
878-2	PST038	878	878	2	per	per	_	_	_	_	_	linguistic	_	none	_	_	_	_	_	_
878-3	PST038	878	878	3	ogni	ogni	_	_	_	_	_	linguistic	_	none	_	_	_	_	_	_
878-4	PST038	878	878	4	perso:na	persona	_	_	_	_	_	linguistic	_	none	_	_	4x1	_	_	_
878-5	PST038	878	878	5	è	è	_	_	_	_	_	linguistic	_	none	_	_	_	_	_	_
878-6	PST038	878	878	6	bello	bello	_	_	_	_	_	linguistic	_	none	_	_	_	_	_	_
878-7	PST038	878	878	7	tornare	tornare	_	_	_	_	_	linguistic	_	none	_	_	_	_	_	_
878-8	PST038	878	878	8	alla	alla	_	_	_	_	_	linguistic	_	none	_	_	_	_	_	_
878-9	PST038	878	878	9	loro	loro	_	_	_	_	_	linguistic	_	none	_	_	_	_	_	_
878-10	PST038	878	878	10	[te:rra]	terra	_	_	_	_	_	linguistic	_	none	_	End=2045.041	1x1	_	_	0-5(183)
879-0	PST211	879	879	0	[mh]	mh	_	_	_	_	_	linguistic	_	none	_	Begin=2044.513	_	_	_	0-2(183)
879-1	PST211	879	879	1	cer[to]	certo	_	_	_	_	_	linguistic	_	none	_	End=2045.705	_	_	_	3-5(184)
880-0	PST038	880	880	0	[e::]	e	_	_	_	_	_	linguistic	_	none	_	Begin=2045.504	0x2	_	_	0-1(184)
880-1	PST038	880	880	1	sì	sì	_	_	_	_	_	linguistic	_	none	_	End=2046.602	_	_	_	_
881-0	PST038	881	881	0	è::	è	_	_	_	_	_	linguistic	_	none	_	Begin=2046.848	0x2	_	_	_
881-1	PST038	881	881	1	stato	stato	_	_	_	_	_	linguistic	_	none	_	_	_	_	_	_
881-2	PST038	881	881	2	be:llo	bello	_	_	_	_	_	linguistic	_	none	_	End=2048.253	1x1	_	_	_
882-0	PST038	882	882	0	perché:	perché	_	_	_	_	_	linguistic	_	none	_	Begin=2048.656	5x1	_	_	_
882-1	PST038	882	882	1	po:i	poi	_	_	_	_	_	linguistic	_	none	_	_	1x1	_	_	_
882-2	PST038	882	882	2	no:n	non	_	_	_	_	_	linguistic	_	none	_	End=2049.675	1x1	_	_	_
883-0	PST038	883	883	0	anche	anche	_	_	_	_	_	linguistic	_	none	_	Begin=2049.919	_	_	_	_
883-1	PST038	883	883	1	se	se	_	_	_	_	_	linguistic	_	none	_	_	_	_	_	_
883-2	PST038	883	883	2	no:n	non	_	_	_	_	_	linguistic	_	none	_	_	1x1	_	_	_
883-3	PST038	883	883	3	c'	c'	_	_	_	_	_	linguistic	_	none	SpaceAfter=No	_	_	_	_	_
883-4	PST038	883	883	4	era	era	_	_	_	_	_	linguistic	_	none	_	_	_	_	_	_
883-5	PST038	883	883	5	mia	mia	_	_	_	_	_	linguistic	_	none	_	_	_	_	_	_
883-6	PST038	883	883	6	ma:dre	madre	_	_	_	_	_	linguistic	_	none	_	_	1x1	_	_	_
883-7	PST038	883	883	7	né	né	_	_	_	_	_	linguistic	_	none	_	_	_	_	_	_
883-8	PST038	883	883	8	mio	mio	_	_	_	_	_	linguistic	_	none	_	_	_	_	_	_
883-9	PST038	883	883	9	pa:dre	padre	_	_	_	_	_	linguistic	_	none	_	_	1x1	_	_	_
883-10	PST038	883	883	10	ma	ma	_	_	_	_	_	linguistic	_	none	_	_	_	_	_	_
883-11	PST038	883	883	11	comunque	comunque	_	_	_	_	_	linguistic	_	none	_	_	_	_	_	_
883-12	PST038	883	883	12	la	la	_	_	_	_	_	linguistic	_	none	_	_	_	_	_	_
883-13	PST038	883	883	13	terra	terra	_	_	_	_	_	linguistic	_	none	_	_	_	_	_	_
883-14	PST038	883	883	14	è	è	_	_	_	_	_	linguistic	_	none	_	_	_	_	_	_
883-15	PST038	883	883	15	sempre	sempre	_	_	_	_	_	linguistic	_	none	_	_	_	_	_	_
883-16	PST038	883	883	16	la	la	_	_	_	_	_	linguistic	_	none	_	_	_	_	_	_
883-17	PST038	883	883	17	la	la	_	_	_	_	_	linguistic	_	none	_	_	_	_	_	_
883-18	PST038	883	883	18	te:[rra:]	terra	_	_	_	_	_	linguistic	_	none	_	End=2054.512	1x1,4x1	_	_	2-5(185)
884-0	PST211	884	884	0	[mh]	mh	_	_	_	_	_	linguistic	_	none	ProsodicLink=Yes	Begin=2054.31	_	_	_	0-2(185)
884-1	PST211	884	884	1	mh	mh	_	_	_	_	_	linguistic	_	none	_	End=2054.79	_	_	_	_
885-0	PST038	885	885	0	un'	un'	_	_	_	_	_	linguistic	_	none	SpaceAfter=No	Begin=2054.787	_	_	_	_
885-1	PST038	885	885	1	allegri:a:	allegria	_	_	_	_	_	linguistic	_	none	_	_	6x1,7x1	_	_	_
885-2	PST038	885	885	2	c'	c'	_	_	_	_	_	linguistic	_	none	SpaceAfter=No	_	_	_	_	_
885-3	PST038	885	885	3	e:ra:	era	_	_	_	_	_	linguistic	_	none	_	End=2055.98	0x1,2x1	_	_	_
886-0	PST038	886	886	0	anche	anche	_	_	_	_	_	linguistic	_	none	_	Begin=2056.323	_	_	_	_
886-1	PST038	886	886	1	se::	se	_	_	_	_	_	linguistic	_	none	_	_	1x2	_	_	_
886-2	PST038	886	886	2	è	è	_	_	_	_	_	linguistic	_	none	_	_	_	_	_	_
886-3	PST038	886	886	3	stra:no	strano	_	_	_	_	_	linguistic	_	none	_	_	3x1	_	_	_
886-4	PST038	886	886	4	perché	perché	_	_	_	_	_	linguistic	_	none	_	_	_	_	_	_
886-5	PST038	886	886	5	no::n:	non	_	_	_	_	_	linguistic	_	none	_	End=2059.091	1x2,2x1	_	_	_
887-0	PST038	887	887	0	si	si	_	_	_	_	_	linguistic	_	none	_	Begin=2059.413	_	_	_	_
887-1	PST038	887	887	1	se	se	_	_	_	_	_	linguistic	_	none	_	_	_	_	_	_
887-2	PST038	887	887	2	va	va	_	_	_	_	_	linguistic	_	none	_	_	_	_	_	_
887-3	PST038	887	887	3	se	se	_	_	_	_	_	linguistic	_	none	_	_	_	_	_	_
887-4	PST038	887	887	4	va	va	_	_	_	_	_	linguistic	_	none	_	_	_	_	_	_
887-5	PST038	887	887	5	finché	finché	_	_	_	_	_	linguistic	_	none	_	_	_	_	_	_
887-6	PST038	887	887	6	c'	c'	_	_	_	_	_	linguistic	_	none	SpaceAfter=No	_	_	_	_	_
887-7	PST038	887	887	7	è	è	_	_	_	_	_	linguistic	_	none	_	_	_	_	_	_
887-8	PST038	887	887	8	la	la	_	_	_	_	_	linguistic	_	none	_	_	_	_	_	_
887-9	PST038	887	887	9	ma:mma	mamma	_	_	_	_	_	linguistic	_	none	_	_	1x1	_	_	_
887-10	PST038	887	887	10	o	o	_	_	_	_	_	linguistic	_	none	_	_	_	_	_	_
887-11	PST038	887	887	11	il	il	_	_	_	_	_	linguistic	_	none	_	_	_	_	_	_
887-12	PST038	887	887	12	papà:	papà	_	_	_	_	_	linguistic	_	none	_	End=2061.734	3x1	_	_	_
888-0	PST038	888	888	0	però	però	_	_	_	_	_	linguistic	_	none	_	Begin=2062.272	_	_	_	_
888-1	PST038	888	888	1	questa	questa	_	_	_	_	_	linguistic	_	none	_	_	_	_	_	_
888-2	PST038	888	888	2	volta	volta	_	_	_	_	_	linguistic	_	none	_	_	_	_	_	_
888-3	PST038	888	888	3	sono	sono	_	_	_	_	_	linguistic	_	none	_	_	_	_	_	_
888-4	PST038	888	888	4	anda:ta	andata	_	_	_	_	_	linguistic	_	none	_	_	3x1	_	_	_
888-5	PST038	888	888	5	sopra:ttutto:	soprattutto	_	_	_	_	_	linguistic	_	none	_	End=2064.593	4x1,10x1	_	_	_
889-0	PST038	889	889	0	perché	perché	_	_	_	_	_	linguistic	_	none	_	Begin=2065.09	_	_	_	_
889-1	PST038	889	889	1	mio	mio	_	_	_	_	_	linguistic	_	none	_	_	_	_	_	_
889-2	PST038	889	889	2	figlio:	figlio	_	_	_	_	_	linguistic	_	none	_	_	5x1	_	_	_
889-3	PST038	889	889	3	no:n::	non	_	_	_	_	_	linguistic	_	none	_	End=2067.14	1x1,2x2	_	_	_
890-0	PST038	890	890	0	l'	l'	_	_	_	_	_	linguistic	_	none	SpaceAfter=No	Begin=2067.596	_	_	_	_
890-1	PST038	890	890	1	hanno	hanno	_	_	_	_	_	linguistic	_	none	_	_	_	_	_	_
890-2	PST038	890	890	2	visto	visto	_	_	_	_	_	linguistic	_	none	_	_	_	_	_	_
890-3	PST038	890	890	3	pi:ccolo	piccolo	_	_	_	_	_	linguistic	_	none	_	_	1x1	_	_	_
890-4	PST038	890	890	4	da	da	_	_	_	_	_	linguistic	_	none	_	_	_	_	_	_
890-5	PST038	890	890	5	quando	quando	_	_	_	_	_	linguistic	_	none	_	_	_	_	_	_
890-6	PST038	890	890	6	è	è	_	_	_	_	_	linguistic	_	none	_	_	_	_	_	_
890-7	PST038	890	890	7	mancata	mancata	_	_	_	_	_	linguistic	_	none	_	_	_	_	_	_
890-8	PST038	890	890	8	mia	mia	_	_	_	_	_	linguistic	_	none	_	_	_	_	_	_
890-9	PST038	890	890	9	ma:dre:	madre	_	_	_	_	_	linguistic	_	none	_	End=2070.047	1x1,4x1	_	_	_
891-0	PST211	891	891	0	mh	mh	_	_	_	_	_	linguistic	_	none	ProsodicLink=Yes	Begin=2070.07	_	_	_	_
891-1	PST211	891	891	1	mh	mh	_	_	_	_	_	linguistic	_	none	_	End=2070.356	_	_	_	_
892-0	PST038	892	892	0	però	però	_	_	_	_	_	linguistic	_	some	_	Begin=2070.484	_	_	_	_
892-1	PST038	892	892	1	era	era	_	_	_	_	_	linguistic	_	some	_	_	_	_	_	_
892-2	PST038	892	892	2	un	un	_	_	_	_	_	linguistic	_	some	_	_	_	_	_	_
892-3	PST038	892	892	3	funera:le	funerale	_	_	_	_	_	linguistic	_	some	_	_	5x1	_	_	_
892-4	PST038	892	892	4	tutto	tutto	_	_	_	_	_	linguistic	_	some	_	_	_	_	_	_
892-5	PST038	892	892	5	#de	de	_	_	_	_	_	linguistic	_	some	Language=NO_ISO_CODE|Variation=Token	_	_	_	_	_
892-6	PST038	892	892	6	passa:ggio	passaggio	_	_	_	_	_	linguistic	_	some	_	_	4x1	_	_	_
892-7	PST038	892	892	7	così:	così	_	_	_	_	_	linguistic	_	some	_	End=2072.822	3x1	_	_	_
893-0	PST038	893	893	0	allora::	allora	_	_	_	_	_	linguistic	_	none	_	Begin=2073.504	5x2	_	_	_
893-1	PST038	893	893	1	l'	l'	_	_	_	_	_	linguistic	_	none	SpaceAfter=No	_	_	_	_	_
893-2	PST038	893	893	2	ho	ho	_	_	_	_	_	linguistic	_	none	_	_	_	_	_	_
893-3	PST038	893	893	3	porta:to	portato	_	_	_	_	_	linguistic	_	none	_	_	4x1	_	_	_
893-4	PST038	893	893	4	perché:	perché	_	_	_	_	_	linguistic	_	none	_	_	5x1	_	_	_
893-5	PST038	893	893	5	ho	ho	_	_	_	_	_	linguistic	_	none	_	_	_	_	_	_
893-6	PST038	893	893	6	io	io	_	_	_	_	_	linguistic	_	none	_	_	_	_	_	_
893-7	PST038	893	893	7	ho	ho	_	_	_	_	_	linguistic	_	none	_	_	_	_	_	_
893-8	PST038	893	893	8	fratelli	fratelli	_	_	_	_	_	linguistic	_	none	_	_	_	_	_	_
893-9	PST038	893	893	9	molto	molto	_	_	_	_	_	linguistic	_	none	_	_	_	_	_	_
893-10	PST038	893	893	10	anzia:ni	anziani	_	_	_	_	_	linguistic	_	none	_	_	4x1	_	_	_
893-11	PST038	893	893	11	[già:	già	_	_	_	_	_	linguistic	_	none	_	_	2x1	_	_	0-3(187)
893-12	PST038	893	893	12	no]	no	_	_	_	_	_	linguistic	_	none	_	_	_	_	_	0-2(187)
893-13	PST038	893	893	13	sono	sono	_	_	_	_	_	linguistic	_	none	_	_	_	_	_	_
893-14	PST038	893	893	14	i	i	_	_	_	_	_	linguistic	_	none	_	_	_	_	_	_
893-15	PST038	893	893	15	due	due	_	_	_	_	_	linguistic	_	none	_	_	_	_	_	_
893-16	PST038	893	893	16	più	più	_	_	_	_	_	linguistic	_	none	_	_	_	_	_	_
893-17	PST038	893	893	17	ve:cchi	vecchi	_	_	_	_	_	linguistic	_	none	_	_	1x1	_	_	_
893-18	PST038	893	893	18	no	no	_	_	_	_	_	linguistic	_	none	_	_	_	_	_	_
893-19	PST038	893	893	19	conoscono	conoscono	_	_	_	_	_	linguistic	_	none	_	_	_	_	_	_
893-20	PST038	893	893	20	a	a	_	_	_	_	_	linguistic	_	none	_	_	_	_	_	_
893-21	PST038	893	893	21	mio	mio	_	_	_	_	_	linguistic	_	none	_	_	_	_	_	_
893-22	PST038	893	893	22	fi:glio	figlio	_	_	_	_	_	linguistic	_	none	_	End=2080.252	1x1	_	_	_
894-0	PST211	894	894	0	[mh	mh	_	_	_	_	_	linguistic	_	none	_	Begin=2077.34	_	_	_	0-2(187)
894-1	PST211	894	894	1	mh]	mh	_	_	_	_	_	linguistic	_	none	_	End=2077.728	_	_	_	0-2(187)
895-0	PST211	895	895	0	a:h	ah	_	_	_	_	_	linguistic	_	none	_	Begin=2080.293	0x1	_	_	_
895-1	PST211	895	895	1	x	x	_	_	_	_	_	unknown	_	none	Syllables=1	End=2080.78	_	_	_	_
896-0	PST038	896	896	0	e	e	_	_	_	_	_	linguistic	_	none	_	Begin=2080.833	_	_	_	_
896-1	PST038	896	896	1	io	io	_	_	_	_	_	linguistic	_	none	ProsodicLink=Yes	_	_	_	_	_
896-2	PST038	896	896	2	io	io	_	_	_	_	_	linguistic	_	none	_	_	_	_	_	_
896-3	PST038	896	896	3	ho	ho	_	_	_	_	_	linguistic	_	none	_	_	_	_	_	_
896-4	PST038	896	896	4	pensato	pensato	_	_	_	_	_	linguistic	_	none	_	_	_	_	_	_
896-5	PST038	896	896	5	a	a	_	_	_	_	_	linguistic	_	none	_	_	_	_	_	_
896-6	PST038	896	896	6	que:llo	quello	_	_	_	_	_	linguistic	_	none	_	_	2x1	_	_	_
896-7	PST038	896	896	7	a	a	_	_	_	_	_	linguistic	_	none	_	_	_	_	_	_
896-8	PST038	896	896	8	porta:rli	portarli	_	_	_	_	_	linguistic	_	none	_	_	4x1	_	_	_
896-9	PST038	896	896	9	perché::	perché	_	_	_	_	_	linguistic	_	none	_	End=2083.241	5x2	_	_	_
897-0	PST038	897	897	0	perché	perché	_	_	_	_	_	linguistic	_	some	_	Begin=2084.164	_	_	_	_
897-1	PST038	897	897	1	comunque:	comunque	_	_	_	_	_	linguistic	_	some	_	_	7x1	_	_	_
897-2	PST038	897	897	2	la	la	_	_	_	_	_	linguistic	_	some	_	_	_	_	_	_
897-3	PST038	897	897	3	sua	sua	_	_	_	_	_	linguistic	_	some	_	_	_	_	_	_
897-4	PST038	897	897	4	metà:	metà	_	_	_	_	_	linguistic	_	some	_	_	3x1	_	_	_
897-5	PST038	897	897	5	#de	de	_	_	_	_	_	linguistic	_	some	Language=NO_ISO_CODE|Variation=Token	_	_	_	_	_
897-6	PST038	897	897	6	radici	radici	_	_	_	_	_	linguistic	_	some	_	_	_	_	_	_
897-7	PST038	897	897	7	sono	sono	_	_	_	_	_	linguistic	_	some	_	_	_	_	_	_
897-8	PST038	897	897	8	que:lle:	quelle	_	_	_	_	_	linguistic	_	some	_	End=2087.01	2x1,5x1	_	_	_
898-0	PST038	898	898	0	lui	lui	_	_	_	_	_	linguistic	_	none	_	Begin=2087.444	_	_	_	_
898-1	PST038	898	898	1	è:	è	_	_	_	_	_	linguistic	_	none	_	_	0x1	_	_	_
898-2	PST038	898	898	2	metà	metà	_	_	_	_	_	linguistic	_	none	_	_	_	_	_	_
898-3	PST038	898	898	3	italia:no	italiano	_	_	_	_	_	linguistic	_	none	_	_	5x1	_	_	_
898-4	PST038	898	898	4	e	e	_	_	_	_	_	linguistic	_	none	_	_	_	_	_	_
898-5	PST038	898	898	5	me[tà::	metà	_	_	_	_	_	linguistic	_	none	_	_	3x2	_	_	2-4(188)
898-6	PST038	898	898	6	peruvia:no]	peruviano	_	_	_	_	_	linguistic	_	none	_	End=2090.041	6x1	_	_	0-9(188)
899-0	PST211	899	899	0	[eh	eh	_	_	_	_	_	linguistic	_	none	_	Begin=2088.74	_	_	_	0-2(188)
899-1	PST211	899	899	1	certo]	certo	_	_	_	_	_	linguistic	_	none	_	End=2089.531	_	_	_	0-5(188)
900-0	PST038	900	900	0	e	e	_	_	_	_	_	linguistic	_	none	_	Begin=2090.473	_	_	_	_
900-1	PST038	900	900	1	deve	deve	_	_	_	_	_	linguistic	_	none	_	_	_	_	_	_
900-2	PST038	900	900	2	cono:scere	conoscere	_	_	_	_	_	linguistic	_	none	_	_	3x1	_	_	_
900-3	PST038	900	900	3	le	le	_	_	_	_	_	linguistic	_	none	_	_	_	_	_	_
900-4	PST038	900	900	4	[loro	loro	_	_	_	_	_	linguistic	_	none	_	_	_	_	_	0-4(189)
900-5	PST038	900	900	5	ra:]dici	radici	_	_	_	_	_	linguistic	_	none	_	_	1x1	_	_	0-2(189)
900-6	PST038	900	900	6	no?	no	_	_	_	_	_	linguistic	_	none	Intonation=Rising	End=2092.641	_	_	_	_
901-0	PST211	901	901	0	[eh	eh	_	_	_	_	_	linguistic	_	none	_	Begin=2091.547	_	_	_	0-2(189)
901-1	PST211	901	901	1	sì]	sì	_	_	_	_	_	linguistic	_	none	_	End=2091.923	_	_	_	0-2(189)
902-0	PST038	902	902	0	e:	e	_	_	_	_	_	linguistic	_	none	_	Begin=2093.182	0x1	_	_	_
902-1	PST038	902	902	1	la	la	_	_	_	_	_	linguistic	_	none	_	_	_	_	_	_
902-2	PST038	902	902	2	sue	sue	_	_	_	_	_	linguistic	_	none	_	_	_	_	_	_
902-3	PST038	902	902	3	l'	l'	_	_	_	_	_	linguistic	_	none	SpaceAfter=No	_	_	_	_	_
902-4	PST038	902	902	4	altra	altra	_	_	_	_	_	linguistic	_	none	_	_	_	_	_	_
902-5	PST038	902	902	5	metà:	metà	_	_	_	_	_	linguistic	_	none	_	_	3x1	_	_	_
902-6	PST038	902	902	6	le	le	_	_	_	_	_	linguistic	_	none	_	_	_	_	_	_
902-7	PST038	902	902	7	sue	sue	_	_	_	_	_	linguistic	_	none	_	_	_	_	_	_
902-8	PST038	902	902	8	origi[ne:]	origine	_	_	_	_	_	linguistic	_	none	_	End=2096.427	6x1	_	_	4-7(190)
903-0	PST211	903	903	0	[mh]mh	mhmh	_	_	_	_	_	linguistic	_	none	_	Begin=2096.062|End=2096.64	_	_	_	0-2(190)
904-0	PST038	904	904	0	allora	allora	_	_	_	_	_	linguistic	_	none	_	Begin=2097.484	_	_	_	_
904-1	PST038	904	904	1	siamo	siamo	_	_	_	_	_	linguistic	_	none	_	_	_	_	_	_
904-2	PST038	904	904	2	anda:ti.	andati	_	_	_	_	_	linguistic	_	none	Intonation=Falling	End=2098.706	3x1	_	_	_
905-0	PST038	905	905	0	siamo	siamo	_	_	_	_	_	linguistic	_	none	_	Begin=2098.919	_	_	_	_
905-1	PST038	905	905	1	anda:ti	andati	_	_	_	_	_	linguistic	_	none	_	End=2099.904	3x1	_	_	_
906-0	PST038	906	906	0	siamo	siamo	_	_	_	_	_	linguistic	_	none	_	Begin=2099.97	_	_	_	_
906-1	PST038	906	906	1	stati	stati	_	_	_	_	_	linguistic	_	none	_	_	_	_	_	_
906-2	PST038	906	906	2	là:	là	_	_	_	_	_	linguistic	_	none	_	_	1x1	_	_	_
906-3	PST038	906	906	3	perché	perché	_	_	_	_	_	linguistic	_	none	_	_	_	_	_	_
906-4	PST038	906	906	4	conosca::	conosca	_	_	_	_	_	linguistic	_	none	_	_	6x2	_	_	_
906-5	PST038	906	906	5	anche:	anche	_	_	_	_	_	linguistic	_	none	_	_	4x1	_	_	_
906-6	PST038	906	906	6	i	i	_	_	_	_	_	linguistic	_	none	_	_	_	_	_	_
906-7	PST038	906	906	7	zii	zii	_	_	_	_	_	linguistic	_	none	_	End=2102.338	_	_	_	_
907-0	PST038	907	907	0	e::	e	_	_	_	_	_	linguistic	_	none	_	Begin=2103.444	0x2	_	_	_
907-1	PST038	907	907	1	e	e	_	_	_	_	_	linguistic	_	none	_	_	_	_	_	_
907-2	PST038	907	907	2	devo	devo	_	_	_	_	_	linguistic	_	none	_	_	_	_	_	_
907-3	PST038	907	907	3	dire	dire	_	_	_	_	_	linguistic	_	none	_	_	_	_	_	_
907-4	PST038	907	907	4	che:	che	_	_	_	_	_	linguistic	_	none	_	End=2105.366	2x1	_	_	_
908-0	PST038	908	908	0	lui	lui	_	_	_	_	_	linguistic	_	none	_	Begin=2106.595	_	_	_	_
908-1	PST038	908	908	1	vedeva	vedeva	_	_	_	_	_	linguistic	_	none	_	_	_	_	_	_
908-2	PST038	908	908	2	queste	queste	_	_	_	_	_	linguistic	_	none	_	_	_	_	_	_
908-3	PST038	908	908	3	perso:ne	persone	_	_	_	_	_	linguistic	_	none	_	_	4x1	_	_	_
908-4	PST038	908	908	4	zii	zii	_	_	_	_	_	linguistic	_	none	_	_	_	_	_	_
908-5	PST038	908	908	5	che	che	_	_	_	_	_	linguistic	_	none	_	_	_	_	_	_
908-6	PST038	908	908	6	poi	poi	_	_	_	_	_	linguistic	_	none	_	_	_	_	_	_
908-7	PST038	908	908	7	sono	sono	_	_	_	_	_	linguistic	_	none	_	_	_	_	_	_
908-8	PST038	908	908	8	zii	zii	_	_	_	_	_	linguistic	_	none	_	_	_	_	_	_
908-9	PST038	908	908	9	fratelli	fratelli	_	_	_	_	_	linguistic	_	none	_	_	_	_	_	_
908-10	PST038	908	908	10	mie::i:	miei	_	_	_	_	_	linguistic	_	none	_	End=2111.07	2x2,3x1	_	_	_
909-0	PST038	909	909	0	e::	e	_	_	_	_	_	linguistic	_	none	_	Begin=2111.504|End=2112.288	0x2	_	_	_
910-0	PST038	910	910	0	un	un	_	_	_	_	_	linguistic	_	none	_	Begin=2113.09	_	_	_	_
910-1	PST038	910	910	1	giorno	giorno	_	_	_	_	_	linguistic	_	none	_	_	_	_	_	_
910-2	PST038	910	910	2	mio	mio	_	_	_	_	_	linguistic	_	none	_	_	_	_	_	_
910-3	PST038	910	910	3	figlio	figlio	_	_	_	_	_	linguistic	_	none	_	_	_	_	_	_
910-4	PST038	910	910	4	mi	mi	_	_	_	_	_	linguistic	_	none	_	_	_	_	_	_
910-5	PST038	910	910	5	ha	ha	_	_	_	_	_	linguistic	_	none	_	_	_	_	_	_
910-6	PST038	910	910	6	detto	detto	_	_	_	_	_	linguistic	_	none	_	_	_	_	_	_
910-7	PST038	910	910	7	questo	questo	_	_	_	_	_	linguistic	_	none	_	_	_	_	_	_
910-8	PST038	910	910	8	mamma:	mamma	_	_	_	_	_	linguistic	_	none	_	End=2115.302	4x1	_	_	_
911-0	PST038	911	911	0	io	io	_	_	_	_	_	linguistic	_	none	_	Begin=2115.767	_	_	_	_
911-1	PST038	911	911	1	tutta	tutta	_	_	_	_	_	linguistic	_	none	_	_	_	_	_	_
911-2	PST038	911	911	2	la	la	_	_	_	_	_	linguistic	_	none	_	_	_	_	_	_
911-3	PST038	911	911	3	vita:	vita	_	_	_	_	_	linguistic	_	none	_	_	3x1	_	_	_
911-4	PST038	911	911	4	ho	ho	_	_	_	_	_	linguistic	_	none	_	_	_	_	_	_
911-5	PST038	911	911	5	detto:	detto	_	_	_	_	_	linguistic	_	none	_	_	4x1	_	_	_
911-6	PST038	911	911	6	zio	zio	_	_	_	_	_	linguistic	_	none	_	_	_	_	_	_
911-7	PST038	911	911	7	@paolo	@paolo	_	_	_	_	_	anonymized	_	none	_	_	_	_	_	_
911-8	PST038	911	911	8	zia	zia	_	_	_	_	_	linguistic	_	none	_	_	_	_	_	_
911-9	PST038	911	911	9	@elena	@elena	_	_	_	_	_	anonymized	_	none	_	End=2119.476	_	_	_	_
912-0	PST038	912	912	0	ma	ma	_	_	_	_	_	linguistic	_	none	_	Begin=2120.312	_	_	_	_
912-1	PST038	912	912	1	non	non	_	_	_	_	_	linguistic	_	none	_	_	_	_	_	_
912-2	PST038	912	912	2	ave:vo:	avevo	_	_	_	_	_	linguistic	_	none	_	End=2121.531	2x1,4x1	_	_	_
913-0	PST038	913	913	0	que:lla:	quella	_	_	_	_	_	linguistic	_	none	_	Begin=2122.11|End=2122.895	2x1,5x1	_	_	_
914-0	PST038	914	914	0	affetto	affetto	_	_	_	_	_	linguistic	_	none	_	Begin=2123.07	_	_	_	_
914-1	PST038	914	914	1	per	per	_	_	_	_	_	linguistic	_	none	_	_	_	_	_	_
914-2	PST038	914	914	2	lo:ro	loro	_	_	_	_	_	linguistic	_	none	_	End=2124.714	1x1	_	_	_
915-0	PST038	915	915	0	p(e)rché	perché	_	_	_	_	_	linguistic	_	none	_	Begin=2124.878	_	_	1-2(0)	_
915-1	PST038	915	915	1	non	non	_	_	_	_	_	linguistic	_	none	_	_	_	_	_	_
915-2	PST038	915	915	2	li	li	_	_	_	_	_	linguistic	_	none	_	_	_	_	_	_
915-3	PST038	915	915	3	ha	ha	_	_	_	_	_	linguistic	_	none	_	_	_	_	_	_
915-4	PST038	915	915	4	ma:i	mai	_	_	_	_	_	linguistic	_	none	_	_	1x1	_	_	_
915-5	PST038	915	915	5	frequenta:ti	frequentati	_	_	_	_	_	linguistic	_	none	_	_	8x1	_	_	_
915-6	PST038	915	915	6	c'	c'	_	_	_	_	_	linguistic	_	none	SpaceAfter=No	_	_	_	_	_
915-7	PST038	915	915	7	era	era	_	_	_	_	_	linguistic	_	none	_	_	_	_	_	_
915-8	PST038	915	915	8	la	la	_	_	_	_	_	linguistic	_	none	_	_	_	_	_	_
915-9	PST038	915	915	9	video	video	_	_	_	_	_	linguistic	_	none	_	_	_	_	_	_
915-10	PST038	915	915	10	chiama:ta	chiamata	_	_	_	_	_	linguistic	_	none	_	_	5x1	_	_	_
915-11	PST038	915	915	11	e::	e	_	_	_	_	_	linguistic	_	none	_	_	0x2	_	_	_
915-12	PST038	915	915	12	ciao	ciao	_	_	_	_	_	linguistic	_	none	_	_	_	_	_	_
915-13	PST038	915	915	13	zio	zio	_	_	_	_	_	linguistic	_	none	_	_	_	_	_	_
915-14	PST038	915	915	14	°compleanno°	compleanno	_	_	_	_	_	linguistic	_	none	Volume=low	_	_	_	_	_
915-15	PST038	915	915	15	que:llo	quello	_	_	_	_	_	linguistic	_	none	_	_	2x1	_	_	_
915-16	PST038	915	915	16	perché:	perché	_	_	_	_	_	linguistic	_	none	_	_	5x1	_	_	_
915-17	PST038	915	915	17	ho	ho	_	_	_	_	_	linguistic	_	none	_	_	_	_	_	_
915-18	PST038	915	915	18	insegnato	insegnato	_	_	_	_	_	linguistic	_	none	_	_	_	_	_	_
915-19	PST038	915	915	19	a	a	_	_	_	_	_	linguistic	_	none	_	_	_	_	_	_
915-20	PST038	915	915	20	mio	mio	_	_	_	_	_	linguistic	_	none	_	_	_	_	_	_
915-21	PST038	915	915	21	fi:glio	figlio	_	_	_	_	_	linguistic	_	none	PauseAfter=Yes	_	1x1	_	_	_
915-22	PST038	915	915	22	{P}	{P}	_	_	_	_	_	shortpause	_	none	_	_	_	_	_	_
915-23	PST038	915	915	23	certe	certe	_	_	_	_	_	linguistic	_	none	_	_	_	_	_	_
915-24	PST038	915	915	24	co:se	cose	_	_	_	_	_	linguistic	_	none	_	_	1x1	_	_	_
915-25	PST038	915	915	25	no?	no	_	_	_	_	_	linguistic	_	none	Intonation=Rising	End=2132.849	_	_	_	_
916-0	PST038	916	916	0	e::hm	ehm	_	_	_	_	_	linguistic	_	none	_	Begin=2133.404|End=2134.296	0x2	_	_	_
917-0	PST038	917	917	0	quando	quando	_	_	_	_	_	linguistic	_	none	_	Begin=2135.333	_	_	_	_
917-1	PST038	917	917	1	è:	è	_	_	_	_	_	linguistic	_	none	_	_	0x1	_	_	_
917-2	PST038	917	917	2	arrivato	arrivato	_	_	_	_	_	linguistic	_	none	_	_	_	_	_	_
917-3	PST038	917	917	3	là::	là	_	_	_	_	_	linguistic	_	none	_	End=2136.536	1x2	_	_	_
918-0	PST038	918	918	0	siamo	siamo	_	_	_	_	_	linguistic	_	none	_	Begin=2136.889	_	_	_	_
918-1	PST038	918	918	1	stati	stati	_	_	_	_	_	linguistic	_	none	_	_	_	_	_	_
918-2	PST038	918	918	2	que:lle	quelle	_	_	_	_	_	linguistic	_	none	_	_	2x1	_	_	_
918-3	PST038	918	918	3	tre	tre	_	_	_	_	_	linguistic	_	none	_	_	_	_	_	_
918-4	PST038	918	918	4	settima:ne	settimane	_	_	_	_	_	linguistic	_	none	_	_	6x1	_	_	_
918-5	PST038	918	918	5	là::	là	_	_	_	_	_	linguistic	_	none	_	End=2139.06	1x2	_	_	_
919-0	PST038	919	919	0	ma::	ma	_	_	_	_	_	linguistic	_	none	_	Begin=2139.696	1x2	_	_	_
919-1	PST038	919	919	1	m:h	mh	_	_	_	_	_	linguistic	_	none	_	End=2140.891	0x1	_	_	_
920-0	PST038	920	920	0	è	è	_	_	_	_	_	linguistic	_	none	_	Begin=2141.989	_	_	_	_
920-1	PST038	920	920	1	la	la	_	_	_	_	_	linguistic	_	none	_	_	_	_	_	_
920-2	PST038	920	920	2	sa:ngue	sangue	_	_	_	_	_	linguistic	_	none	_	_	1x1	_	_	_
920-3	PST038	920	920	3	no?	no	_	_	_	_	_	linguistic	_	none	Intonation=Rising	End=2143.3595	_	_	_	_
921-0	PST211	921	921	0	mh	mh	_	_	_	_	_	linguistic	_	none	_	Begin=2143.3595|End=2143.66	_	_	_	_
922-0	PST038	922	922	0	subito	subito	_	_	_	_	_	linguistic	_	some	_	Begin=2143.838	_	_	_	_
922-1	PST038	922	922	1	c'	c'	_	_	_	_	_	linguistic	_	some	SpaceAfter=No	_	_	_	_	_
922-2	PST038	922	922	2	è	è	_	_	_	_	_	linguistic	_	some	_	_	_	_	_	_
922-3	PST038	922	922	3	stato:	stato	_	_	_	_	_	linguistic	_	some	_	_	4x1	_	_	_
922-4	PST038	922	922	4	#el	el	_	_	_	_	_	linguistic	_	some	Language=NO_ISO_CODE|Variation=Token	_	_	_	_	_
922-5	PST038	922	922	5	affetto	affetto	_	_	_	_	_	linguistic	_	some	_	_	_	_	_	_
922-6	PST038	922	922	6	#el	el	_	_	_	_	_	linguistic	_	some	Language=NO_ISO_CODE|Variation=Token	_	_	_	_	_
922-7	PST038	922	922	7	amore	amore	_	_	_	_	_	linguistic	_	some	_	_	_	_	_	_
922-8	PST038	922	922	8	#por	por	_	_	_	_	_	linguistic	_	some	Language=NO_ISO_CODE|Variation=Token	_	_	_	_	_
922-9	PST038	922	922	9	la	la	_	_	_	_	_	linguistic	_	some	_	_	_	_	_	_
922-10	PST038	922	922	10	zia:	zia	_	_	_	_	_	linguistic	_	some	_	_	2x1	_	_	_
922-11	PST038	922	922	11	per	per	_	_	_	_	_	linguistic	_	some	_	_	_	_	_	_
922-12	PST038	922	922	12	#el	el	_	_	_	_	_	linguistic	_	some	Language=NO_ISO_CODE|Variation=Token	_	_	_	_	_
922-13	PST038	922	922	13	zio:	zio	_	_	_	_	_	linguistic	_	some	_	End=2148.596	2x1	_	_	_
923-0	PST038	923	923	0	e	e	_	_	_	_	_	linguistic	_	none	_	Begin=2149.231	_	_	_	_
923-1	PST038	923	923	1	si	si	_	_	_	_	_	linguistic	_	none	_	_	_	_	_	_
923-2	PST038	923	923	2	sono::	sono	_	_	_	_	_	linguistic	_	none	_	End=2150.637	3x2	_	_	_
924-0	PST038	924	924	0	e::hm	ehm	_	_	_	_	_	linguistic	_	none	_	Begin=2150.757|End=2152.163	0x2	_	_	_
925-0	PST038	925	925	0	trovati	trovati	_	_	_	_	_	linguistic	_	none	_	Begin=2152.838	_	_	_	_
925-1	PST038	925	925	1	dei	dei	_	_	_	_	_	linguistic	_	none	_	_	_	_	_	_
925-2	PST038	925	925	2	la:cci	lacci	_	_	_	_	_	linguistic	_	none	_	_	1x1	_	_	_
925-3	PST038	925	925	3	molto	molto	_	_	_	_	_	linguistic	_	none	_	_	_	_	_	_
925-4	PST038	925	925	4	fo:rti	forti	_	_	_	_	_	linguistic	_	none	_	End=2155.05	1x1	_	_	_
926-0	PST038	926	926	0	che	che	_	_	_	_	_	linguistic	_	none	_	Begin=2155.514	_	_	_	_
926-1	PST038	926	926	1	ade:sso	adesso	_	_	_	_	_	linguistic	_	none	_	_	2x1	_	_	_
926-2	PST038	926	926	2	quando	quando	_	_	_	_	_	linguistic	_	none	_	_	_	_	_	_
926-3	PST038	926	926	3	po:i	poi	_	_	_	_	_	linguistic	_	none	_	_	1x1	_	_	_
926-4	PST038	926	926	4	un	un	_	_	_	_	_	linguistic	_	none	_	_	_	_	_	_
926-5	PST038	926	926	5	giorno	giorno	_	_	_	_	_	linguistic	_	none	_	_	_	_	_	_
926-6	PST038	926	926	6	eravamo	eravamo	_	_	_	_	_	linguistic	_	none	_	_	_	_	_	_
926-7	PST038	926	926	7	qua:	qua	_	_	_	_	_	linguistic	_	none	_	_	2x1	_	_	_
926-8	PST038	926	926	8	in	in	_	_	_	_	_	linguistic	_	none	_	_	_	_	_	_
926-9	PST038	926	926	9	italia	italia	_	_	_	_	_	linguistic	_	none	_	_	_	_	_	_
926-10	PST038	926	926	10	già	già	_	_	_	_	_	linguistic	_	none	_	_	_	_	_	_
926-11	PST038	926	926	11	da::	da	_	_	_	_	_	linguistic	_	none	_	_	1x2	_	_	_
926-12	PST038	926	926	12	u:n:	un	_	_	_	_	_	linguistic	_	none	_	End=2158.835	0x1,1x1	_	_	_
927-0	PST038	927	927	0	siamo	siamo	_	_	_	_	_	linguistic	_	none	_	Begin=2159.223	_	_	_	_
927-1	PST038	927	927	1	andati	andati	_	_	_	_	_	linguistic	_	none	_	_	_	_	_	_
927-2	PST038	927	927	2	per	per	_	_	_	_	_	linguistic	_	none	_	_	_	_	_	_
927-3	PST038	927	927	3	na:tale	natale	_	_	_	_	_	linguistic	_	none	_	_	1x1	_	_	_
927-4	PST038	927	927	4	e	e	_	_	_	_	_	linguistic	_	none	_	_	_	_	_	_
927-5	PST038	927	927	5	abbiamo	abbiamo	_	_	_	_	_	linguistic	_	none	_	_	_	_	_	_
927-6	PST038	927	927	6	passato	passato	_	_	_	_	_	linguistic	_	none	_	_	_	_	_	_
927-7	PST038	927	927	7	il	il	_	_	_	_	_	linguistic	_	none	_	_	_	_	_	_
927-8	PST038	927	927	8	natale	natale	_	_	_	_	_	linguistic	_	none	_	_	_	_	_	_
927-9	PST038	927	927	9	là	là	_	_	_	_	_	linguistic	_	none	_	_	_	_	_	_
927-10	PST038	927	927	10	anche	anche	_	_	_	_	_	linguistic	_	none	_	_	_	_	_	_
927-11	PST038	927	927	11	perché:	perché	_	_	_	_	_	linguistic	_	none	_	_	5x1	_	_	_
927-12	PST038	927	927	12	lui	lui	_	_	_	_	_	linguistic	_	none	_	_	_	_	_	_
927-13	PST038	927	927	13	non	non	_	_	_	_	_	linguistic	_	none	_	_	_	_	_	_
927-14	PST038	927	927	14	sapeva	sapeva	_	_	_	_	_	linguistic	_	none	_	_	_	_	_	_
927-15	PST038	927	927	15	che	che	_	_	_	_	_	linguistic	_	none	_	_	_	_	_	_
927-16	PST038	927	927	16	cosa	cosa	_	_	_	_	_	linguistic	_	none	_	_	_	_	_	_
927-17	PST038	927	927	17	fa:re	fare	_	_	_	_	_	linguistic	_	none	_	_	1x1	_	_	_
927-18	PST038	927	927	18	apro	apro	_	_	_	_	_	linguistic	_	none	_	_	_	_	_	_
927-19	PST038	927	927	19	parentesi	parentesi	_	_	_	_	_	linguistic	_	none	_	_	_	_	_	_
927-20	PST038	927	927	20	subito	subito	_	_	_	_	_	linguistic	_	none	_	_	_	_	_	_
927-21	PST038	927	927	21	il	il	_	_	_	_	_	linguistic	_	none	_	_	_	_	_	_
927-22	PST038	927	927	22	nata:le:	natale	_	_	_	_	_	linguistic	_	none	_	End=2165.239	3x1,5x1	_	_	_
928-0	PST038	928	928	0	con	con	_	_	_	_	_	linguistic	_	some	_	Begin=2165.741	_	_	_	_
928-1	PST038	928	928	1	#el	el	_	_	_	_	_	linguistic	_	some	Language=NO_ISO_CODE|Variation=Token	_	_	_	_	_
928-2	PST038	928	928	2	esta:te	estate	_	_	_	_	_	linguistic	_	some	_	End=2166.728	3x1	_	_	_
929-0	PST211	929	929	0	mh	mh	_	_	_	_	_	linguistic	_	none	ProsodicLink=Yes	Begin=2166.77	_	_	_	_
929-1	PST211	929	929	1	mh	mh	_	_	_	_	_	linguistic	_	none	_	End=2167.248	_	_	_	_
930-0	PST038	930	930	0	sempre	sempre	_	_	_	_	_	linguistic	_	none	_	Begin=2167.393	_	_	_	_
930-1	PST038	930	930	1	fre:[ddo	freddo	_	_	_	_	_	linguistic	_	none	_	_	2x1	_	_	3-6(191)
930-2	PST038	930	930	2	n]o	no	_	_	_	_	_	linguistic	_	none	_	End=2168.726	_	_	_	0-1(191)
931-0	PST211	931	931	0	[e:h]	eh	_	_	_	_	_	linguistic	_	none	_	Begin=2168.18|End=2168.557	0x1	_	_	0-2(191)
932-0	PST038	932	932	0	allora	allora	_	_	_	_	_	linguistic	_	none	_	Begin=2168.909	_	_	_	_
932-1	PST038	932	932	1	gli	gli	_	_	_	_	_	linguistic	_	none	_	_	_	_	_	_
932-2	PST038	932	932	2	ho	ho	_	_	_	_	_	linguistic	_	none	_	_	_	_	_	_
932-3	PST038	932	932	3	de:tto	detto	_	_	_	_	_	linguistic	_	none	_	_	1x1	_	_	_
932-4	PST038	932	932	4	se:nti	senti	_	_	_	_	_	linguistic	_	none	_	_	1x1	_	_	_
932-5	PST038	932	932	5	andiamo	andiamo	_	_	_	_	_	linguistic	_	none	_	_	_	_	_	_
932-6	PST038	932	932	6	a	a	_	_	_	_	_	linguistic	_	none	_	_	_	_	_	_
932-7	PST038	932	932	7	passare	passare	_	_	_	_	_	linguistic	_	none	_	_	_	_	_	_
932-8	PST038	932	932	8	questa	questa	_	_	_	_	_	linguistic	_	none	_	_	_	_	_	_
932-9	PST038	932	932	9	esta:te	estate	_	_	_	_	_	linguistic	_	none	_	_	3x1	_	_	_
932-10	PST038	932	932	10	di	di	_	_	_	_	_	linguistic	_	none	_	_	_	_	_	_
932-11	PST038	932	932	11	là:?	là	_	_	_	_	_	linguistic	_	none	Intonation=Rising	End=2171.209	1x1	_	_	_
933-0	PST038	933	933	0	questo	questo	_	_	_	_	_	linguistic	_	none	_	Begin=2171.425	_	_	_	_
933-1	PST038	933	933	1	nata:le	natale	_	_	_	_	_	linguistic	_	none	_	_	3x1	_	_	_
933-2	PST038	933	933	2	che	che	_	_	_	_	_	linguistic	_	none	_	_	_	_	_	_
933-3	PST038	933	933	3	così	così	_	_	_	_	_	linguistic	_	none	_	_	_	_	_	_
933-4	PST038	933	933	4	sa:i	sai	_	_	_	_	_	linguistic	_	none	_	_	1x1	_	_	_
933-5	PST038	933	933	5	che:	che	_	_	_	_	_	linguistic	_	none	_	End=2173.279	2x1	_	_	_
934-0	PST038	934	934	0	#el	el	_	_	_	_	_	linguistic	_	some	Language=NO_ISO_CODE|Variation=Token	Begin=2173.807	_	_	_	_
934-1	PST038	934	934	1	ventiqua:ttro	ventiquattro	_	_	_	_	_	linguistic	_	some	_	_	7x1	_	_	_
934-2	PST038	934	934	2	e	e	_	_	_	_	_	linguistic	_	some	_	_	_	_	_	_
934-3	PST038	934	934	3	ve:nticinque	venticinque	_	_	_	_	_	linguistic	_	some	_	_	1x1	_	_	_
934-4	PST038	934	934	4	ce	ce	_	_	_	_	_	linguistic	_	some	_	_	_	_	_	_
934-5	PST038	934	934	5	ne	ne	_	_	_	_	_	linguistic	_	some	_	_	_	_	_	_
934-6	PST038	934	934	6	andiamo	andiamo	_	_	_	_	_	linguistic	_	some	_	_	_	_	_	_
934-7	PST038	934	934	7	al	al	_	_	_	_	_	linguistic	_	some	_	_	_	_	_	_
934-8	PST038	934	934	8	ma:re	mare	_	_	_	_	_	linguistic	_	some	PauseAfter=Yes	_	1x1	_	_	_
934-9	PST038	934	934	9	{P}	{P}	_	_	_	_	_	shortpause	_	some	_	_	_	_	_	_
934-10	PST038	934	934	10	(e)	e	_	_	_	_	_	linguistic	_	some	_	_	_	_	0-1(0)	_
934-11	PST038	934	934	11	stia:mo	stiamo	_	_	_	_	_	linguistic	_	some	_	_	3x1	_	_	_
934-12	PST038	934	934	12	là	là	_	_	_	_	_	linguistic	_	some	_	End=2177.252	_	_	_	_
935-0	PST038	935	935	0	allora	allora	_	_	_	_	_	linguistic	_	none	_	Begin=2177.666	_	_	_	_
935-1	PST038	935	935	1	per	per	_	_	_	_	_	linguistic	_	none	_	_	_	_	_	_
935-2	PST038	935	935	2	lu:i	lui	_	_	_	_	_	linguistic	_	none	_	_	1x1	_	_	_
935-3	PST038	935	935	3	era	era	_	_	_	_	_	linguistic	_	none	_	_	_	_	_	_
935-4	PST038	935	935	4	tutto	tutto	_	_	_	_	_	linguistic	_	none	_	_	_	_	_	_
935-5	PST038	935	935	5	nuo:vo	nuovo	_	_	_	_	_	linguistic	_	none	_	_	2x1	_	_	_
935-6	PST038	935	935	6	come	come	_	_	_	_	_	linguistic	_	none	_	_	_	_	_	_
935-7	PST038	935	935	7	per	per	_	_	_	_	_	linguistic	_	none	_	_	_	_	_	_
935-8	PST038	935	935	8	me:	me	_	_	_	_	_	linguistic	_	none	_	_	1x1	_	_	_
935-9	PST038	935	935	9	quando	quando	_	_	_	_	_	linguistic	_	none	_	_	_	_	_	_
935-10	PST038	935	935	10	sono	sono	_	_	_	_	_	linguistic	_	none	_	_	_	_	_	_
935-11	PST038	935	935	11	arrivata	arrivata	_	_	_	_	_	linguistic	_	none	_	_	_	_	_	_
935-12	PST038	935	935	12	qua:	qua	_	_	_	_	_	linguistic	_	none	_	_	2x1	_	_	_
935-13	PST038	935	935	13	e	e	_	_	_	_	_	linguistic	_	none	_	_	_	_	_	_
935-14	PST038	935	935	14	ho	ho	_	_	_	_	_	linguistic	_	none	_	_	_	_	_	_
935-15	PST038	935	935	15	visto	visto	_	_	_	_	_	linguistic	_	none	_	_	_	_	_	_
935-16	PST038	935	935	16	la	la	_	_	_	_	_	linguistic	_	none	_	_	_	_	_	_
935-17	PST038	935	935	17	ne:ve	neve	_	_	_	_	_	linguistic	_	none	_	_	1x1	_	_	_
935-18	PST038	935	935	18	a	a	_	_	_	_	_	linguistic	_	none	_	_	_	_	_	_
935-19	PST038	935	935	19	[nata:le]	natale	_	_	_	_	_	linguistic	_	none	_	_	3x1	_	_	0-6(192)
935-20	PST038	935	935	20	no	no	_	_	_	_	_	linguistic	_	none	_	End=2182.943	_	_	_	_
936-0	PST211	936	936	0	[e:h]	eh	_	_	_	_	_	linguistic	_	none	_	Begin=2182.11|End=2182.586	0x1	_	_	0-2(192)
937-0	PST038	937	937	0	triste:zza	tristezza	_	_	_	_	_	linguistic	_	none	_	Begin=2183.602	5x1	_	_	_
937-1	PST038	937	937	1	perché	perché	_	_	_	_	_	linguistic	_	none	_	_	_	_	_	_
937-2	PST038	937	937	2	era	era	_	_	_	_	_	linguistic	_	none	_	_	_	_	_	_
937-3	PST038	937	937	3	tutto	tutto	_	_	_	_	_	linguistic	_	none	_	_	_	_	_	_
937-4	PST038	937	937	4	chiu:so	chiuso	_	_	_	_	_	linguistic	_	none	_	_	3x1	_	_	_
937-5	PST038	937	937	5	invece	invece	_	_	_	_	_	linguistic	_	none	_	_	_	_	_	_
937-6	PST038	937	937	6	di	di	_	_	_	_	_	linguistic	_	none	_	_	_	_	_	_
937-7	PST038	937	937	7	là	là	_	_	_	_	_	linguistic	_	none	_	_	_	_	_	_
937-8	PST038	937	937	8	ci	ci	_	_	_	_	_	linguistic	_	none	_	_	_	_	_	_
937-9	PST038	937	937	9	sono	sono	_	_	_	_	_	linguistic	_	none	_	_	_	_	_	_
937-10	PST038	937	937	10	tutte	tutte	_	_	_	_	_	linguistic	_	none	_	_	_	_	_	_
937-11	PST038	937	937	11	le	le	_	_	_	_	_	linguistic	_	none	_	_	_	_	_	_
937-12	PST038	937	937	12	porte	porte	_	_	_	_	_	linguistic	_	none	_	_	_	_	_	_
937-13	PST038	937	937	13	ape:rte	aperte	_	_	_	_	_	linguistic	_	none	_	_	2x1	_	_	_
937-14	PST038	937	937	14	ci	ci	_	_	_	_	_	linguistic	_	none	_	_	_	_	_	_
937-15	PST038	937	937	15	salutiamo	salutiamo	_	_	_	_	_	linguistic	_	none	_	_	_	_	_	_
937-16	PST038	937	937	16	tu:tti	tutti	_	_	_	_	_	linguistic	_	none	_	End=2188.574	1x1	_	_	_
938-0	PST038	938	938	0	comu:nque	comunque	_	_	_	_	_	linguistic	_	some	_	Begin=2188.75	3x1	_	_	_
938-1	PST038	938	938	1	tutto	tutto	_	_	_	_	_	linguistic	_	some	_	_	_	_	_	_
938-2	PST038	938	938	2	è	è	_	_	_	_	_	linguistic	_	some	_	_	_	_	_	_
938-3	PST038	938	938	3	be:llo	bello	_	_	_	_	_	linguistic	_	some	_	_	1x1	_	_	_
938-4	PST038	938	938	4	perché	perché	_	_	_	_	_	linguistic	_	some	_	_	_	_	_	_
938-5	PST038	938	938	5	sono	sono	_	_	_	_	_	linguistic	_	some	_	_	_	_	_	_
938-6	PST038	938	938	6	abitudini	abitudini	_	_	_	_	_	linguistic	_	some	_	_	_	_	_	_
938-7	PST038	938	938	7	delle:	delle	_	_	_	_	_	linguistic	_	some	_	_	4x1	_	_	_
938-8	PST038	938	938	8	#de:	de	_	_	_	_	_	linguistic	_	some	Language=NO_ISO_CODE|Variation=Token	_	1x1	_	_	_
938-9	PST038	938	938	9	dei	dei	_	_	_	_	_	linguistic	_	some	_	_	_	_	_	_
938-10	PST038	938	938	10	popoli	popoli	_	_	_	_	_	linguistic	_	some	_	End=2192.766	_	_	_	_
939-0	PST038	939	939	0	e::h	eh	_	_	_	_	_	linguistic	_	none	_	Begin=2193.481	0x2	_	_	_
939-1	PST038	939	939	1	e	e	_	_	_	_	_	linguistic	_	none	_	_	_	_	_	_
939-2	PST038	939	939	2	lui	lui	_	_	_	_	_	linguistic	_	none	_	_	_	_	_	_
939-3	PST038	939	939	3	è	è	_	_	_	_	_	linguistic	_	none	_	_	_	_	_	_
939-4	PST038	939	939	4	ri:masto	rimasto	_	_	_	_	_	linguistic	_	none	_	_	1x1	_	_	_
939-5	PST038	939	939	5	molto	molto	_	_	_	_	_	linguistic	_	none	_	_	_	_	_	_
939-6	PST038	939	939	6	co:ntento	contento	_	_	_	_	_	linguistic	_	none	_	_	1x1	_	_	_
939-7	PST038	939	939	7	di	di	_	_	_	_	_	linguistic	_	none	_	_	_	_	_	_
939-8	PST038	939	939	8	que:llo	quello	_	_	_	_	_	linguistic	_	none	_	_	2x1	_	_	_
939-9	PST038	939	939	9	siamo	siamo	_	_	_	_	_	linguistic	_	none	_	_	_	_	_	_
939-10	PST038	939	939	10	stati	stati	_	_	_	_	_	linguistic	_	none	_	_	_	_	_	_
939-11	PST038	939	939	11	a	a	_	_	_	_	_	linguistic	_	none	_	_	_	_	_	_
939-12	PST038	939	939	12	nata:le	natale	_	_	_	_	_	linguistic	_	none	_	_	3x1	_	_	_
939-13	PST038	939	939	13	abbiamo	abbiamo	_	_	_	_	_	linguistic	_	none	_	_	_	_	_	_
939-14	PST038	939	939	14	pa:ssato	passato	_	_	_	_	_	linguistic	_	none	_	_	1x1	_	_	_
939-15	PST038	939	939	15	là	là	_	_	_	_	_	linguistic	_	none	_	End=2198.633	_	_	_	_
940-0	PST038	940	940	0	e:	e	_	_	_	_	_	linguistic	_	none	_	Begin=2199.093|End=2199.468	0x1	_	_	_
941-0	PST038	941	941	0	è	è	_	_	_	_	_	linguistic	_	none	_	Begin=2199.797	_	_	_	_
941-1	PST038	941	941	1	cre:sciu:to	cresciuto	_	_	_	_	_	linguistic	_	none	_	_	2x1,6x1	_	_	_
941-2	PST038	941	941	2	questo	questo	_	_	_	_	_	linguistic	_	none	_	_	_	_	_	_
941-3	PST038	941	941	3	affe:tto	affetto	_	_	_	_	_	linguistic	_	none	_	_	3x1	_	_	_
941-4	PST038	941	941	4	e	e	_	_	_	_	_	linguistic	_	none	_	_	_	_	_	_
941-5	PST038	941	941	5	questo	questo	_	_	_	_	_	linguistic	_	none	_	_	_	_	_	_
941-6	PST038	941	941	6	amo:re	amore	_	_	_	_	_	linguistic	_	none	_	_	2x1	_	_	_
941-7	PST038	941	941	7	per	per	_	_	_	_	_	linguistic	_	none	_	_	_	_	_	_
941-8	PST038	941	941	8	i	i	_	_	_	_	_	linguistic	_	none	_	_	_	_	_	_
941-9	PST038	941	941	9	zii	zii	_	_	_	_	_	linguistic	_	none	_	End=2202.921	_	_	_	_
942-0	PST211	942	942	0	m:h	mh	_	_	_	_	_	linguistic	_	none	_	Begin=2203.0|End=2203.677	0x1	_	_	_
943-0	PST038	943	943	0	sponta:ne(a)	spontanea	_	_	_	_	_	linguistic	_	none	_	Begin=2203.97|End=2205.162	5x1	_	8-9(0)	_
944-0	PST038	944	944	0	c(io)è	cioè	_	_	_	_	_	linguistic	_	none	_	Begin=2205.362	_	_	1-3(0)	_
944-1	PST038	944	944	1	non	non	_	_	_	_	_	linguistic	_	none	_	_	_	_	_	_
944-2	PST038	944	944	2	e:ra	era	_	_	_	_	_	linguistic	_	none	_	_	0x1	_	_	_
944-3	PST038	944	944	3	una	una	_	_	_	_	_	linguistic	_	none	_	_	_	_	_	_
944-4	PST038	944	944	4	co:sa::	cosa	_	_	_	_	_	linguistic	_	none	_	End=2207.695	1x1,3x2	_	_	_
945-0	PST038	945	945	0	come	come	_	_	_	_	_	linguistic	_	none	_	Begin=2207.918	_	_	_	_
945-1	PST038	945	945	1	dire:	dire	_	_	_	_	_	linguistic	_	none	_	End=2208.911	3x1	_	_	_
946-0	PST038	946	946	0	che	che	_	_	_	_	_	linguistic	_	none	_	Begin=2209.363	_	_	_	_
946-1	PST038	946	946	1	l'	l'	_	_	_	_	_	linguistic	_	none	SpaceAfter=No	_	_	_	_	_
946-2	PST038	946	946	2	amore	amore	_	_	_	_	_	linguistic	_	none	_	_	_	_	_	_
946-3	PST038	946	946	3	è:	è	_	_	_	_	_	linguistic	_	none	_	_	0x1	_	_	_
946-4	PST038	946	946	4	perché	perché	_	_	_	_	_	linguistic	_	none	_	_	_	_	_	_
946-5	PST038	946	946	5	si	si	_	_	_	_	_	linguistic	_	none	_	_	_	_	_	_
946-6	PST038	946	946	6	freque:nta	frequenta	_	_	_	_	_	linguistic	_	none	_	_	5x1	_	_	_
946-7	PST038	946	946	7	io	io	_	_	_	_	_	linguistic	_	none	_	End=2211.591	_	_	_	_
947-0	PST038	947	947	0	credo	credo	_	_	_	_	_	linguistic	_	some	_	Begin=2211.828	_	_	_	_
947-1	PST038	947	947	1	che:	che	_	_	_	_	_	linguistic	_	some	_	_	2x1	_	_	_
947-2	PST038	947	947	2	a:nche	anche	_	_	_	_	_	linguistic	_	some	_	_	0x1	_	_	_
947-3	PST038	947	947	3	forse	forse	_	_	_	_	_	linguistic	_	some	_	_	_	_	_	_
947-4	PST038	947	947	4	quello	quello	_	_	_	_	_	linguistic	_	some	_	_	_	_	_	_
947-5	PST038	947	947	5	è	è	_	_	_	_	_	linguistic	_	some	_	_	_	_	_	_
947-6	PST038	947	947	6	questione	questione	_	_	_	_	_	linguistic	_	some	_	_	_	_	_	_
947-7	PST038	947	947	7	#de:	de	_	_	_	_	_	linguistic	_	some	Language=NO_ISO_CODE|Variation=Token	_	1x1	_	_	_
947-8	PST038	947	947	8	scie:nza:	scienza	_	_	_	_	_	linguistic	_	some	_	_	3x1,6x1	_	_	_
947-9	PST038	947	947	9	e:h?	eh	_	_	_	_	_	linguistic	_	some	Intonation=Rising	End=2214.81	0x1	_	_	_
948-0	PST211	948	948	0	mh	mh	_	_	_	_	_	linguistic	_	none	_	Begin=2214.82|End=2215.15	_	_	_	_
949-0	PST038	949	949	0	che	che	_	_	_	_	_	linguistic	_	none	_	Begin=2215.185	_	_	_	_
949-1	PST038	949	949	1	ti	ti	_	_	_	_	_	linguistic	_	none	_	_	_	_	_	_
949-2	PST038	949	949	2	nasce	nasce	_	_	_	_	_	linguistic	_	none	_	_	_	_	_	_
949-3	PST038	949	949	3	pro:prio:	proprio	_	_	_	_	_	linguistic	_	none	PauseAfter=Yes	_	2x1,6x1	_	_	_
949-4	PST038	949	949	4	{P}	{P}	_	_	_	_	_	shortpause	_	none	_	_	_	_	_	_
949-5	PST038	949	949	5	automa:tico	automatico	_	_	_	_	_	linguistic	_	none	_	_	5x1	_	_	_
949-6	PST038	949	949	6	istintivame:nte	istintivamente	_	_	_	_	_	linguistic	_	none	_	_	10x1	_	_	_
949-7	PST038	949	949	7	quell'	quell'	_	_	_	_	_	linguistic	_	none	SpaceAfter=No	_	_	_	_	_
949-8	PST038	949	949	8	amo:re	amore	_	_	_	_	_	linguistic	_	none	_	_	2x1	_	_	_
949-9	PST038	949	949	9	per	per	_	_	_	_	_	linguistic	_	none	_	_	_	_	_	_
949-10	PST038	949	949	10	quel	quel	_	_	_	_	_	linguistic	_	none	_	_	_	_	_	_
949-11	PST038	949	949	11	parente	parente	_	_	_	_	_	linguistic	_	none	_	_	_	_	_	_
949-12	PST038	949	949	12	che	che	_	_	_	_	_	linguistic	_	none	_	_	_	_	_	_
949-13	PST038	949	949	13	non	non	_	_	_	_	_	linguistic	_	none	_	_	_	_	_	_
949-14	PST038	949	949	14	hai	hai	_	_	_	_	_	linguistic	_	none	_	_	_	_	_	_
949-15	PST038	949	949	15	mai	mai	_	_	_	_	_	linguistic	_	none	_	_	_	_	_	_
949-16	PST038	949	949	16	vi::sto	visto	_	_	_	_	_	linguistic	_	none	_	_	1x2	_	_	_
949-17	PST038	949	949	17	u~	u~	_	_	_	_	_	linguistic	_	none	Interrupted=Yes	_	_	_	_	_
949-18	PST038	949	949	18	un	un	_	_	_	_	_	linguistic	_	none	_	_	_	_	_	_
949-19	PST038	949	949	19	fratello	fratello	_	_	_	_	_	linguistic	_	none	_	_	_	_	_	_
949-20	PST038	949	949	20	mio:	mio	_	_	_	_	_	linguistic	_	none	_	End=2222.449	2x1	_	_	_
950-0	PST038	950	950	0	ma	ma	_	_	_	_	_	linguistic	_	some	_	Begin=2222.868	_	_	_	_
950-1	PST038	950	950	1	che	che	_	_	_	_	_	linguistic	_	some	_	_	_	_	_	_
950-2	PST038	950	950	2	è:	è	_	_	_	_	_	linguistic	_	some	_	_	0x1	_	_	_
950-3	PST038	950	950	3	rimasto	rimasto	_	_	_	_	_	linguistic	_	some	_	_	_	_	_	_
950-4	PST038	950	950	4	#el	el	_	_	_	_	_	linguistic	_	some	Language=NO_ISO_CODE|Variation=Token	_	_	_	_	_
950-5	PST038	950	950	5	amore	amore	_	_	_	_	_	linguistic	_	some	_	_	_	_	_	_
950-6	PST038	950	950	6	mi	mi	_	_	_	_	_	linguistic	_	some	_	_	_	_	_	_
950-7	PST038	950	950	7	hai	hai	_	_	_	_	_	linguistic	_	some	_	_	_	_	_	_
950-8	PST038	950	950	8	de:tto	detto	_	_	_	_	_	linguistic	_	some	PauseAfter=Yes	_	1x1	_	_	_
950-9	PST038	950	950	9	{P}	{P}	_	_	_	_	_	shortpause	_	some	_	_	_	_	_	_
950-10	PST038	950	950	10	adesso	adesso	_	_	_	_	_	linguistic	_	some	_	_	_	_	_	_
950-11	PST038	950	950	11	so	so	_	_	_	_	_	linguistic	_	some	_	_	_	_	_	_
950-12	PST038	950	950	12	chi	chi	_	_	_	_	_	linguistic	_	some	_	_	_	_	_	_
950-13	PST038	950	950	13	so:no	sono	_	_	_	_	_	linguistic	_	some	_	End=2226.11	1x1	_	_	_
951-0	PST038	951	951	0	e:	e	_	_	_	_	_	linguistic	_	none	_	Begin=2226.232	0x1	_	_	_
951-1	PST038	951	951	1	io	io	_	_	_	_	_	linguistic	_	none	_	_	_	_	_	_
951-2	PST038	951	951	2	adesso	adesso	_	_	_	_	_	linguistic	_	none	_	_	_	_	_	_
951-3	PST038	951	951	3	gli	gli	_	_	_	_	_	linguistic	_	none	_	_	_	_	_	_
951-4	PST038	951	951	4	voglio	voglio	_	_	_	_	_	linguistic	_	none	_	_	_	_	_	_
951-5	PST038	951	951	5	be:ne	bene	_	_	_	_	_	linguistic	_	none	_	_	1x1	_	_	_
951-6	PST038	951	951	6	p(e)rché	perché	_	_	_	_	_	linguistic	_	none	_	_	_	_	1-2(0)	_
951-7	PST038	951	951	7	io	io	_	_	_	_	_	linguistic	_	none	_	_	_	_	_	_
951-8	PST038	951	951	8	a:desso	adesso	_	_	_	_	_	linguistic	_	none	_	_	0x1	_	_	_
951-9	PST038	951	951	9	so:	so	_	_	_	_	_	linguistic	_	none	_	_	1x1	_	_	_
951-10	PST038	951	951	10	in	in	_	_	_	_	_	linguistic	_	none	_	_	_	_	_	_
951-11	PST038	951	951	11	carne	carne	_	_	_	_	_	linguistic	_	none	_	_	_	_	_	_
951-12	PST038	951	951	12	e	e	_	_	_	_	_	linguistic	_	none	_	_	_	_	_	_
951-13	PST038	951	951	13	ossa:	ossa	_	_	_	_	_	linguistic	_	none	_	_	3x1	_	_	_
951-14	PST038	951	951	14	che	che	_	_	_	_	_	linguistic	_	none	_	_	_	_	_	_
951-15	PST038	951	951	15	c'	c'	_	_	_	_	_	linguistic	_	none	SpaceAfter=No	_	_	_	_	_
951-16	PST038	951	951	16	è:	è	_	_	_	_	_	linguistic	_	none	_	_	0x1	_	_	_
951-17	PST038	951	951	17	@paolo	@paolo	_	_	_	_	_	anonymized	_	none	_	End=2231.241	_	_	_	_
952-0	PST038	952	952	0	e	e	_	_	_	_	_	linguistic	_	none	_	Begin=2231.509	_	_	_	_
952-1	PST038	952	952	1	che	che	_	_	_	_	_	linguistic	_	none	_	_	_	_	_	_
952-2	PST038	952	952	2	c'	c'	_	_	_	_	_	linguistic	_	none	SpaceAfter=No	_	_	_	_	_
952-3	PST038	952	952	3	è	è	_	_	_	_	_	linguistic	_	none	_	_	_	_	_	_
952-4	PST038	952	952	4	zia:	zia	_	_	_	_	_	linguistic	_	none	_	_	2x1	_	_	_
952-5	PST038	952	952	5	@e:lena	@elena	_	_	_	_	_	anonymized	_	none	_	_	1x1	_	_	_
952-6	PST038	952	952	6	che	che	_	_	_	_	_	linguistic	_	none	_	_	_	_	_	_
952-7	PST038	952	952	7	li	li	_	_	_	_	_	linguistic	_	none	_	_	_	_	_	_
952-8	PST038	952	952	8	ho	ho	_	_	_	_	_	linguistic	_	none	_	_	_	_	_	_
952-9	PST038	952	952	9	abbraccia:ti	abbracciati	_	_	_	_	_	linguistic	_	none	_	_	8x1	_	_	_
952-10	PST038	952	952	10	e:	e	_	_	_	_	_	linguistic	_	none	_	_	0x1	_	_	_
952-11	PST038	952	952	11	e	e	_	_	_	_	_	linguistic	_	none	_	_	_	_	_	_
952-12	PST038	952	952	12	tu:tto	tutto	_	_	_	_	_	linguistic	_	none	_	End=2235.355	1x1	_	_	_
953-0	PST038	953	953	0	ta:nto	tanto	_	_	_	_	_	linguistic	_	none	_	Begin=2235.518	1x1	_	_	_
953-1	PST038	953	953	1	è	è	_	_	_	_	_	linguistic	_	none	_	_	_	_	_	_
953-2	PST038	953	953	2	così	così	_	_	_	_	_	linguistic	_	none	_	_	_	_	_	_
953-3	PST038	953	953	3	che	che	_	_	_	_	_	linguistic	_	none	_	_	_	_	_	_
953-4	PST038	953	953	4	mi	mi	_	_	_	_	_	linguistic	_	none	_	_	_	_	_	_
953-5	PST038	953	953	5	ha	ha	_	_	_	_	_	linguistic	_	none	_	_	_	_	_	_
953-6	PST038	953	953	6	de:tto	detto	_	_	_	_	_	linguistic	_	none	_	_	1x1	_	_	_
953-7	PST038	953	953	7	che	che	_	_	_	_	_	linguistic	_	none	_	_	_	_	_	_
953-8	PST038	953	953	8	lu:i:	lui	_	_	_	_	_	linguistic	_	none	_	End=2237.332	1x1,2x1	_	_	_
954-0	PST038	954	954	0	pe:nsa	pensa	_	_	_	_	_	linguistic	_	none	_	Begin=2237.575	1x1	_	_	_
954-1	PST038	954	954	1	a:	a	_	_	_	_	_	linguistic	_	none	_	_	0x1	_	_	_
954-2	PST038	954	954	2	venir	venir	_	_	_	_	_	linguistic	_	none	_	_	_	_	_	_
954-3	PST038	954	954	3	a	a	_	_	_	_	_	linguistic	_	none	_	_	_	_	_	_
954-4	PST038	954	954	4	la	la	_	_	_	_	_	linguistic	_	none	_	_	_	_	_	_
954-5	PST038	954	954	5	università:	università	_	_	_	_	_	linguistic	_	none	_	_	9x1	_	_	_
954-6	PST038	954	954	6	speria:mo	speriamo	_	_	_	_	_	linguistic	_	none	_	End=2239.896	5x1	_	_	_
955-0	PST038	955	955	0	gli	gli	_	_	_	_	_	linguistic	_	none	_	Begin=2240.09	_	_	_	_
955-1	PST038	955	955	1	ho	ho	_	_	_	_	_	linguistic	_	none	_	_	_	_	_	_
955-2	PST038	955	955	2	detto	detto	_	_	_	_	_	linguistic	_	none	_	_	_	_	_	_
955-3	PST038	955	955	3	non	non	_	_	_	_	_	linguistic	_	none	_	_	_	_	_	_
955-4	PST038	955	955	4	ade:sso	adesso	_	_	_	_	_	linguistic	_	none	_	_	2x1	_	_	_
955-5	PST038	955	955	5	mi	mi	_	_	_	_	_	linguistic	_	none	_	_	_	_	_	_
955-6	PST038	955	955	6	ha	ha	_	_	_	_	_	linguistic	_	none	_	_	_	_	_	_
955-7	PST038	955	955	7	detto	detto	_	_	_	_	_	linguistic	_	none	_	_	_	_	_	_
955-8	PST038	955	955	8	mamma	mamma	_	_	_	_	_	linguistic	_	none	_	_	_	_	_	_
955-9	PST038	955	955	9	ma	ma	_	_	_	_	_	linguistic	_	none	_	_	_	_	_	_
955-10	PST038	955	955	10	quando	quando	_	_	_	_	_	linguistic	_	none	_	_	_	_	_	_
955-11	PST038	955	955	11	fini:sco	finisco	_	_	_	_	_	linguistic	_	none	_	End=2243.025	3x1	_	_	_
956-0	PST038	956	956	0	così	così	_	_	_	_	_	linguistic	_	none	_	Begin=2243.989	_	_	_	_
956-1	PST038	956	956	1	me	me	_	_	_	_	_	linguistic	_	none	_	_	_	_	_	_
956-2	PST038	956	956	2	faccio	faccio	_	_	_	_	_	linguistic	_	none	_	_	_	_	_	_
956-3	PST038	956	956	3	i	i	_	_	_	_	_	linguistic	_	none	_	_	_	_	_	_
956-4	PST038	956	956	4	miei	miei	_	_	_	_	_	linguistic	_	none	_	_	_	_	_	_
956-5	PST038	956	956	5	soldi:ni	soldini	_	_	_	_	_	linguistic	_	none	_	_	4x1	_	_	_
956-6	PST038	956	956	6	tra	tra	_	_	_	_	_	linguistic	_	none	_	_	_	_	_	_
956-7	PST038	956	956	7	u:n	un	_	_	_	_	_	linguistic	_	none	_	_	0x1	_	_	_
956-8	PST038	956	956	8	lavoretto	lavoretto	_	_	_	_	_	linguistic	_	none	_	_	_	_	_	_
956-9	PST038	956	956	9	e	e	_	_	_	_	_	linguistic	_	none	_	_	_	_	_	_
956-10	PST038	956	956	10	un	un	_	_	_	_	_	linguistic	_	none	_	_	_	_	_	_
956-11	PST038	956	956	11	altro	altro	_	_	_	_	_	linguistic	_	none	_	_	_	_	_	_
956-12	PST038	956	956	12	tra	tra	_	_	_	_	_	linguistic	_	none	_	_	_	_	_	_
956-13	PST038	956	956	13	un'	un'	_	_	_	_	_	linguistic	_	none	SpaceAfter=No	_	_	_	_	_
956-14	PST038	956	956	14	e:state	estate	_	_	_	_	_	linguistic	_	none	_	_	0x1	_	_	_
956-15	PST038	956	956	15	e	e	_	_	_	_	_	linguistic	_	none	_	_	_	_	_	_
956-16	PST038	956	956	16	l'	l'	_	_	_	_	_	linguistic	_	none	SpaceAfter=No	_	_	_	_	_
956-17	PST038	956	956	17	a:ltro	altro	_	_	_	_	_	linguistic	_	none	_	End=2247.629	0x1	_	_	_
957-0	PST038	957	957	0	io	io	_	_	_	_	_	linguistic	_	some	_	Begin=2247.868	_	_	_	_
957-1	PST038	957	957	1	voglio	voglio	_	_	_	_	_	linguistic	_	some	_	_	_	_	_	_
957-2	PST038	957	957	2	andare:	andare	_	_	_	_	_	linguistic	_	some	_	_	5x1	_	_	_
957-3	PST038	957	957	3	in	in	_	_	_	_	_	linguistic	_	some	_	_	_	_	_	_
957-4	PST038	957	957	4	sud	sud	_	_	_	_	_	linguistic	_	some	_	_	_	_	_	_
957-5	PST038	957	957	5	ame~	ame~	_	_	_	_	_	linguistic	_	some	Interrupted=Yes	_	_	_	_	_
957-6	PST038	957	957	6	#en	en	_	_	_	_	_	linguistic	_	some	Language=NO_ISO_CODE|Variation=Token	_	_	_	_	_
957-7	PST038	957	957	7	pe:rù	perù	_	_	_	_	_	linguistic	_	some	_	End=2250.18	1x1	_	_	_
958-0	PST038	958	958	0	almeno	almeno	_	_	_	_	_	linguistic	_	none	_	Begin=2250.393	_	_	_	_
958-1	PST038	958	958	1	per	per	_	_	_	_	_	linguistic	_	none	_	_	_	_	_	_
958-2	PST038	958	958	2	un	un	_	_	_	_	_	linguistic	_	none	_	_	_	_	_	_
958-3	PST038	958	958	3	pa:io	paio	_	_	_	_	_	linguistic	_	none	_	_	1x1	_	_	_
958-4	PST038	958	958	4	d'	d'	_	_	_	_	_	linguistic	_	none	SpaceAfter=No	_	_	_	_	_
958-5	PST038	958	958	5	a:[nni]	anni	_	_	_	_	_	linguistic	_	none	_	End=2251.982	0x1	_	_	1-4(193)
959-0	PST211	959	959	0	[mh]	mh	_	_	_	_	_	linguistic	_	none	ProsodicLink=Yes	Begin=2251.57	_	_	_	0-2(193)
959-1	PST211	959	959	1	mh	mh	_	_	_	_	_	linguistic	_	none	_	End=2252.152	_	_	_	_
960-0	PST038	960	960	0	#porque	porque	_	_	_	_	_	linguistic	_	some	Language=NO_ISO_CODE|Variation=Token	Begin=2252.586	_	_	_	_
960-1	PST038	960	960	1	vuole	vuole	_	_	_	_	_	linguistic	_	some	_	_	_	_	_	_
960-2	PST038	960	960	2	(e)sta:re	estare	_	_	_	_	_	linguistic	_	some	_	_	3x1	_	0-1(0)	_
960-3	PST038	960	960	3	là	là	_	_	_	_	_	linguistic	_	some	_	End=2253.732	_	_	_	_
961-0	PST211	961	961	0	che	che	_	_	_	_	_	linguistic	_	none	_	Begin=2253.876	_	_	_	_
961-1	PST211	961	961	1	[bello]	bello	_	_	_	_	_	linguistic	_	none	_	End=2254.56	_	_	_	0-5(194)
962-0	PST038	962	962	0	[che	che	_	_	_	_	_	linguistic	_	none	_	Begin=2254.13	_	_	_	0-3(194)
962-1	PST038	962	962	1	cosa]	cosa	_	_	_	_	_	linguistic	_	none	_	_	_	_	_	0-4(194)
962-2	PST038	962	962	2	va:i	vai	_	_	_	_	_	linguistic	_	none	_	_	1x1	_	_	_
962-3	PST038	962	962	3	a	a	_	_	_	_	_	linguistic	_	none	_	_	_	_	_	_
962-4	PST038	962	962	4	fa:re	fare	_	_	_	_	_	linguistic	_	none	_	_	1x1	_	_	_
962-5	PST038	962	962	5	gli	gli	_	_	_	_	_	linguistic	_	none	_	_	_	_	_	_
962-6	PST038	962	962	6	ho	ho	_	_	_	_	_	linguistic	_	none	_	_	_	_	_	_
962-7	PST038	962	962	7	de:tto	detto	_	_	_	_	_	linguistic	_	none	_	_	1x1	_	_	_
962-8	PST038	962	962	8	non	non	_	_	_	_	_	linguistic	_	none	_	_	_	_	_	_
962-9	PST038	962	962	9	c'	c'	_	_	_	_	_	linguistic	_	none	SpaceAfter=No	_	_	_	_	_
962-10	PST038	962	962	10	è	è	_	_	_	_	_	linguistic	_	none	_	_	_	_	_	_
962-11	PST038	962	962	11	nessu:no	nessuno	_	_	_	_	_	linguistic	_	none	_	_	4x1	_	_	_
962-12	PST038	962	962	12	là	là	_	_	_	_	_	linguistic	_	none	_	End=2256.525	_	_	_	_
963-0	PST038	963	963	0	no:	no	_	_	_	_	_	linguistic	_	none	_	Begin=2257.384	1x1	_	_	_
963-1	PST038	963	963	1	ma	ma	_	_	_	_	_	linguistic	_	none	_	_	_	_	_	_
963-2	PST038	963	963	2	io	io	_	_	_	_	_	linguistic	_	none	_	_	_	_	_	_
963-3	PST038	963	963	3	voglio	voglio	_	_	_	_	_	linguistic	_	none	_	_	_	_	_	_
963-4	PST038	963	963	4	andare	andare	_	_	_	_	_	linguistic	_	none	_	_	_	_	_	_
963-5	PST038	963	963	5	là:	là	_	_	_	_	_	linguistic	_	none	_	_	1x1	_	_	_
963-6	PST038	963	963	6	perché	perché	_	_	_	_	_	linguistic	_	none	_	_	_	_	_	_
963-7	PST038	963	963	7	a	a	_	_	_	_	_	linguistic	_	none	_	_	_	_	_	_
963-8	PST038	963	963	8	me	me	_	_	_	_	_	linguistic	_	none	_	_	_	_	_	_
963-9	PST038	963	963	9	pia:ce	piace	_	_	_	_	_	linguistic	_	none	_	_	2x1	_	_	_
963-10	PST038	963	963	10	stare	stare	_	_	_	_	_	linguistic	_	none	_	_	_	_	_	_
963-11	PST038	963	963	11	là	là	_	_	_	_	_	linguistic	_	none	_	End=2260.6	_	_	_	_
964-0	PST211	964	964	0	mh	mh	_	_	_	_	_	linguistic	_	none	ProsodicLink=Yes	Begin=2260.61	_	_	_	_
964-1	PST211	964	964	1	mh	mh	_	_	_	_	_	linguistic	_	none	_	End=2261.194	_	_	_	_
965-0	PST038	965	965	0	a	a	_	_	_	_	_	linguistic	_	none	_	Begin=2262.098	_	_	_	_
965-1	PST038	965	965	1	me:	me	_	_	_	_	_	linguistic	_	none	_	End=2263.193	1x1	_	_	_
966-0	PST038	966	966	0	a	a	_	_	_	_	_	linguistic	_	none	_	Begin=2265.292	_	_	_	_
966-1	PST038	966	966	1	me::	me	_	_	_	_	_	linguistic	_	none	_	End=2266.278	1x2	_	_	_
967-0	PST038	967	967	0	è	è	_	_	_	_	_	linguistic	_	none	_	Begin=2266.495	_	_	_	_
967-1	PST038	967	967	1	piaciuto	piaciuto	_	_	_	_	_	linguistic	_	none	_	_	_	_	_	_
967-2	PST038	967	967	2	là	là	_	_	_	_	_	linguistic	_	none	_	End=2267.583	_	_	_	_
968-0	PST038	968	968	0	e	e	_	_	_	_	_	linguistic	_	none	_	Begin=2267.888	_	_	_	_
968-1	PST038	968	968	1	a	a	_	_	_	_	_	linguistic	_	none	_	_	_	_	_	_
968-2	PST038	968	968	2	me	me	_	_	_	_	_	linguistic	_	none	_	_	_	_	_	_
968-3	PST038	968	968	3	piacerebbe	piacerebbe	_	_	_	_	_	linguistic	_	none	_	_	_	_	_	_
968-4	PST038	968	968	4	stare	stare	_	_	_	_	_	linguistic	_	none	_	_	_	_	_	_
968-5	PST038	968	968	5	là	là	_	_	_	_	_	linguistic	_	none	_	End=2269.323	_	_	_	_
969-0	PST211	969	969	0	m:h	mh	_	_	_	_	_	linguistic	_	none	_	Begin=2269.33|End=2269.777	0x1	_	_	_
970-0	PST038	970	970	0	non	non	_	_	_	_	_	linguistic	_	none	_	Begin=2269.898	_	_	_	_
970-1	PST038	970	970	1	è	è	_	_	_	_	_	linguistic	_	none	_	_	_	_	_	_
970-2	PST038	970	970	2	mai	mai	_	_	_	_	_	linguistic	_	none	_	_	_	_	_	_
970-3	PST038	970	970	3	(e:)stato	estato	_	_	_	_	_	linguistic	_	none	_	_	0x1	_	0-1(0)	_
970-4	PST038	970	970	4	là	là	_	_	_	_	_	linguistic	_	none	_	End=2271.296	_	_	_	_
971-0	PST038	971	971	0	però::	però	_	_	_	_	_	linguistic	_	none	_	Begin=2271.636	3x2	_	_	_
971-1	PST038	971	971	1	adesso	adesso	_	_	_	_	_	linguistic	_	none	_	_	_	_	_	_
971-2	PST038	971	971	2	che	che	_	_	_	_	_	linguistic	_	none	_	_	_	_	_	_
971-3	PST038	971	971	3	ama	ama	_	_	_	_	_	linguistic	_	none	_	_	_	_	_	_
971-4	PST038	971	971	4	i	i	_	_	_	_	_	linguistic	_	none	_	_	_	_	_	_
971-5	PST038	971	971	5	zii	zii	_	_	_	_	_	linguistic	_	none	_	_	_	_	_	_
971-6	PST038	971	971	6	che	che	_	_	_	_	_	linguistic	_	none	_	_	_	_	_	_
971-7	PST038	971	971	7	le	le	_	_	_	_	_	linguistic	_	none	_	_	_	_	_	_
971-8	PST038	971	971	8	ha	ha	_	_	_	_	_	linguistic	_	none	_	_	_	_	_	_
971-9	PST038	971	971	9	visto	visto	_	_	_	_	_	linguistic	_	none	_	_	_	_	_	_
971-10	PST038	971	971	10	solo	solo	_	_	_	_	_	linguistic	_	none	_	_	_	_	_	_
971-11	PST038	971	971	11	tre	tre	_	_	_	_	_	linguistic	_	none	_	_	_	_	_	_
971-12	PST038	971	971	12	settima:ne	settimane	_	_	_	_	_	linguistic	_	none	_	End=2275.427	6x1	_	_	_
972-0	PST038	972	972	0	e::hm	ehm	_	_	_	_	_	linguistic	_	none	_	Begin=2275.87|End=2276.883	0x2	_	_	_
973-0	PST038	973	973	0	il	il	_	_	_	_	_	linguistic	_	some	_	Begin=2277.202	_	_	_	_
973-1	PST038	973	973	1	le:game	legame	_	_	_	_	_	linguistic	_	some	_	_	1x1	_	_	_
973-2	PST038	973	973	2	[#o	o	_	_	_	_	_	linguistic	_	some	Language=NO_ISO_CODE|Variation=Token	_	_	_	_	0-2(195)
973-3	PST038	973	973	3	#sea]	sea	_	_	_	_	_	linguistic	_	some	Language=NO_ISO_CODE|Variation=Token	End=2278.819	_	_	_	0-4(195)
975-0	PST211	975	975	0	[sì	sì	_	_	_	_	_	linguistic	_	none	ProsodicLink=Yes	Begin=2278.1	_	_	_	0-2(195)
975-1	PST211	975	975	1	sì]	sì	_	_	_	_	_	linguistic	_	none	_	_	_	_	_	0-2(195)
975-2	PST211	975	975	2	adesso:	adesso	_	_	_	_	_	linguistic	_	none	_	_	5x1	_	_	_
975-3	PST211	975	975	3	si:	si	_	_	_	_	_	linguistic	_	none	_	_	1x1	_	_	_
975-4	PST211	975	975	4	s~	s~	_	_	_	_	_	linguistic	_	none	Interrupted=Yes	_	_	_	_	_
975-5	PST211	975	975	5	c(io)è	cioè	_	_	_	_	_	linguistic	_	none	_	_	_	_	1-3(0)	_
975-6	PST211	975	975	6	si	si	_	_	_	_	_	linguistic	_	none	_	_	_	_	_	_
975-7	PST211	975	975	7	sente	sente	_	_	_	_	_	linguistic	_	none	_	_	_	_	_	_
975-8	PST211	975	975	8	le:gato	legato	_	_	_	_	_	linguistic	_	none	_	_	1x1	_	_	_
975-9	PST211	975	975	9	e	e	_	_	_	_	_	linguistic	_	none	_	_	_	_	_	_
975-10	PST211	975	975	10	vuole	vuole	_	_	_	_	_	linguistic	_	none	_	_	_	_	_	_
975-11	PST211	975	975	11	magari	magari	_	_	_	_	_	linguistic	_	none	_	_	_	_	_	_
975-12	PST211	975	975	12	esplo:rare	esplorare	_	_	_	_	_	linguistic	_	none	_	_	4x1	_	_	_
975-13	PST211	975	975	13	un	un	_	_	_	_	_	linguistic	_	none	_	_	_	_	_	_
975-14	PST211	975	975	14	po'	po'	_	_	_	_	_	linguistic	_	none	_	_	_	_	_	_
975-15	PST211	975	975	15	di	di	_	_	_	_	_	linguistic	_	none	_	_	_	_	_	_
975-16	PST211	975	975	16	più:	più	_	_	_	_	_	linguistic	_	none	_	_	2x1	_	_	_
975-17	PST211	975	975	17	(anche)	anche	_	_	_	_	_	linguistic	_	none	_	_	_	_	0-5(1)	_
975-18	PST211	975	975	18	questo	questo	_	_	_	_	_	linguistic	_	none	_	_	_	_	_	_
975-19	PST211	975	975	19	lega:me	legame	_	_	_	_	_	linguistic	_	none	_	End=2282.987	3x1	_	_	_
976-0	PST038	976	976	0	no	no	_	_	_	_	_	linguistic	_	none	ProsodicLink=Yes	Begin=2283.363	_	_	_	_
976-1	PST038	976	976	1	no	no	_	_	_	_	_	linguistic	_	none	_	_	_	_	_	_
976-2	PST038	976	976	2	per	per	_	_	_	_	_	linguistic	_	none	_	_	_	_	_	_
976-3	PST038	976	976	3	quello	quello	_	_	_	_	_	linguistic	_	none	_	_	_	_	_	_
976-4	PST038	976	976	4	sì	sì	_	_	_	_	_	linguistic	_	none	_	_	_	_	_	_
976-5	PST038	976	976	5	me	me	_	_	_	_	_	linguistic	_	none	_	_	_	_	_	_
976-6	PST038	976	976	6	so:no	sono	_	_	_	_	_	linguistic	_	none	_	_	1x1	_	_	_
976-7	PST038	976	976	7	s~	s~	_	_	_	_	_	linguistic	_	none	Interrupted=Yes	End=2285.174	_	_	_	_
977-0	PST038	977	977	0	sentita	sentita	_	_	_	_	_	linguistic	_	some	_	Begin=2285.597	_	_	_	_
977-1	PST038	977	977	1	#en	en	_	_	_	_	_	linguistic	_	some	Language=NO_ISO_CODE|Variation=Token	_	_	_	_	_
977-2	PST038	977	977	2	#el	el	_	_	_	_	_	linguistic	_	some	Language=NO_ISO_CODE|Variation=Token	_	_	_	_	_
977-3	PST038	977	977	3	dove:re	dovere	_	_	_	_	_	linguistic	_	some	_	End=2286.992	3x1	_	_	_
978-0	PST038	978	978	0	mo:ra:le	morale	_	_	_	_	_	linguistic	_	some	_	Begin=2287.128	1x1,3x1	_	_	_
978-1	PST038	978	978	1	#de	de	_	_	_	_	_	linguistic	_	some	Language=NO_ISO_CODE|Variation=Token	_	_	_	_	_
978-2	PST038	978	978	2	[farle	farle	_	_	_	_	_	linguistic	_	some	_	_	_	_	_	0-5(196)
978-3	PST038	978	978	3	vede:re]	vedere	_	_	_	_	_	linguistic	_	some	_	_	3x1	_	_	0-6(196)
978-4	PST038	978	978	4	che	che	_	_	_	_	_	linguistic	_	some	_	_	_	_	_	_
978-5	PST038	978	978	5	a:nche	anche	_	_	_	_	_	linguistic	_	some	_	_	0x1	_	_	_
978-6	PST038	978	978	6	quella	quella	_	_	_	_	_	linguistic	_	some	_	_	_	_	_	_
978-7	PST038	978	978	7	e~	e~	_	_	_	_	_	linguistic	_	some	Interrupted=Yes	_	_	_	_	_
978-8	PST038	978	978	8	era	era	_	_	_	_	_	linguistic	_	some	_	_	_	_	_	_
978-9	PST038	978	978	9	l~	l~	_	_	_	_	_	linguistic	_	some	Interrupted=Yes	_	_	_	_	_
978-10	PST038	978	978	10	la	la	_	_	_	_	_	linguistic	_	some	_	_	_	_	_	_
978-11	PST038	978	978	11	sua	sua	_	_	_	_	_	linguistic	_	some	_	_	_	_	_	_
978-12	PST038	978	978	12	te:rra	terra	_	_	_	_	_	linguistic	_	some	_	_	1x1	_	_	_
978-13	PST038	978	978	13	[no]?	no	_	_	_	_	_	linguistic	_	some	Intonation=Rising	End=2290.86	_	_	_	0-2(197)
979-0	PST211	979	979	0	[sì	sì	_	_	_	_	_	linguistic	_	none	_	Begin=2287.925	_	_	_	0-2(196)
979-1	PST211	979	979	1	sì]	sì	_	_	_	_	_	linguistic	_	none	_	End=2288.585	_	_	_	0-2(196)
980-0	PST211	980	980	0	[sì]	sì	_	_	_	_	_	linguistic	_	none	_	Begin=2290.64	_	_	_	0-2(197)
980-1	PST211	980	980	1	po:i::	poi	_	_	_	_	_	linguistic	_	none	_	_	1x1,2x2	_	_	_
980-2	PST211	980	980	2	lu~	lu~	_	_	_	_	_	linguistic	_	none	Interrupted=Yes	_	_	_	_	_
980-3	PST211	980	980	3	decide	decide	_	_	_	_	_	linguistic	_	none	_	_	_	_	_	_
980-4	PST211	980	980	4	lu:i	lui	_	_	_	_	_	linguistic	_	none	_	_	1x1	_	_	_
980-5	PST211	980	980	5	poi	poi	_	_	_	_	_	linguistic	_	none	_	_	_	_	_	_
980-6	PST211	980	980	6	cosa	cosa	_	_	_	_	_	linguistic	_	none	_	_	_	_	_	_
980-7	PST211	980	980	7	fa:re	fare	_	_	_	_	_	linguistic	_	none	_	_	1x1	_	_	_
980-8	PST211	980	980	8	diciamo	diciamo	_	_	_	_	_	linguistic	_	none	_	_	_	_	_	_
980-9	PST211	980	980	9	di	di	_	_	_	_	_	linguistic	_	none	_	_	_	_	_	_
980-10	PST211	980	980	10	queste::	queste	_	_	_	_	_	linguistic	_	none	_	_	5x2	_	_	_
980-11	PST211	980	980	11	di	di	_	_	_	_	_	linguistic	_	none	_	_	_	_	_	_
980-12	PST211	980	980	12	questo	questo	_	_	_	_	_	linguistic	_	none	_	_	_	_	_	_
980-13	PST211	980	980	13	lega:me	legame	_	_	_	_	_	linguistic	_	none	_	_	3x1	_	_	_
980-14	PST211	980	980	14	però	però	_	_	_	_	_	linguistic	_	none	_	_	_	_	_	_
980-15	PST211	980	980	15	è	è	_	_	_	_	_	linguistic	_	none	_	_	_	_	_	_
980-16	PST211	980	980	16	giu:sto	giusto	_	_	_	_	_	linguistic	_	none	_	_	2x1	_	_	_
980-17	PST211	980	980	17	che::	che	_	_	_	_	_	linguistic	_	none	_	End=2296.542	2x2	_	_	_
981-0	PST211	981	981	0	che	che	_	_	_	_	_	linguistic	_	none	_	Begin=2297.46	_	_	_	_
981-1	PST211	981	981	1	lo	lo	_	_	_	_	_	linguistic	_	none	_	_	_	_	_	_
981-2	PST211	981	981	2	cono:sca	conosca	_	_	_	_	_	linguistic	_	none	_	_	3x1	_	_	_
981-3	PST211	981	981	3	e	e	_	_	_	_	_	linguistic	_	none	_	_	_	_	_	_
981-4	PST211	981	981	4	lu:i	lui	_	_	_	_	_	linguistic	_	none	_	_	1x1	_	_	_
981-5	PST211	981	981	5	quando	quando	_	_	_	_	_	linguistic	_	none	_	_	_	_	_	_
981-6	PST211	981	981	6	è	è	_	_	_	_	_	linguistic	_	none	_	_	_	_	_	_
981-7	PST211	981	981	7	venu:to	venuto	_	_	_	_	_	linguistic	_	none	_	_	3x1	_	_	_
981-8	PST211	981	981	8	come	come	_	_	_	_	_	linguistic	_	none	_	_	_	_	_	_
981-9	PST211	981	981	9	ha	ha	_	_	_	_	_	linguistic	_	none	_	_	_	_	_	_
981-10	PST211	981	981	10	vissuto	vissuto	_	_	_	_	_	linguistic	_	none	_	_	_	_	_	_
981-11	PST211	981	981	11	il::	il	_	_	_	_	_	linguistic	_	none	_	_	1x2	_	_	_
981-12	PST211	981	981	12	il	il	_	_	_	_	_	linguistic	_	none	_	_	_	_	_	_
981-13	PST211	981	981	13	passare	passare	_	_	_	_	_	linguistic	_	none	_	_	_	_	_	_
981-14	PST211	981	981	14	dall'	dall'	_	_	_	_	_	linguistic	_	none	SpaceAfter=No	_	_	_	_	_
981-15	PST211	981	981	15	italiano	italiano	_	_	_	_	_	linguistic	_	none	_	_	_	_	_	_
981-16	PST211	981	981	16	allo	allo	_	_	_	_	_	linguistic	_	none	_	_	_	_	_	_
981-17	PST211	981	981	17	spagnolo::	spagnolo	_	_	_	_	_	linguistic	_	none	_	End=2302.851	7x2	_	_	_
982-0	PST211	982	982	0	c(io)è	cioè	_	_	_	_	_	linguistic	_	none	_	Begin=2303.1	_	_	1-3(0)	_
982-1	PST211	982	982	1	è	è	_	_	_	_	_	linguistic	_	none	_	_	_	_	_	_
982-2	PST211	982	982	2	stato	stato	_	_	_	_	_	linguistic	_	none	_	_	_	_	_	_
982-3	PST211	982	982	3	f:~	f~	_	_	_	_	_	linguistic	_	none	Interrupted=Yes	_	0x1	_	_	_
982-4	PST211	982	982	4	facile	facile	_	_	_	_	_	linguistic	_	none	_	_	_	_	_	_
982-5	PST211	982	982	5	per	per	_	_	_	_	_	linguistic	_	none	_	_	_	_	_	_
982-6	PST211	982	982	6	lui	lui	_	_	_	_	_	linguistic	_	none	_	_	_	_	_	_
982-7	PST211	982	982	7	parlare	parlare	_	_	_	_	_	linguistic	_	none	_	_	_	_	_	_
982-8	PST211	982	982	8	spagno:lo	spagnolo	_	_	_	_	_	linguistic	_	none	_	_	5x1	_	_	_
982-9	PST211	982	982	9	tutto	tutto	_	_	_	_	_	linguistic	_	none	_	_	_	_	_	_
982-10	PST211	982	982	10	il	il	_	_	_	_	_	linguistic	_	none	_	_	_	_	_	_
982-11	PST211	982	982	11	te:mpo:	tempo	_	_	_	_	_	linguistic	_	none	_	_	1x1,4x1	_	_	_
982-12	PST211	982	982	12	o	o	_	_	_	_	_	linguistic	_	none	_	_	_	_	_	_
982-13	PST211	982	982	13	anche	anche	_	_	_	_	_	linguistic	_	none	_	_	_	_	_	_
982-14	PST211	982	982	14	lui::	lui	_	_	_	_	_	linguistic	_	none	_	_	2x2	_	_	_
982-15	PST211	982	982	15	secondo	secondo	_	_	_	_	_	linguistic	_	none	_	_	_	_	_	_
982-16	PST211	982	982	16	te:	te	_	_	_	_	_	linguistic	_	none	_	_	1x1	_	_	_
982-17	PST211	982	982	17	ha	ha	_	_	_	_	_	linguistic	_	none	_	_	_	_	_	_
982-18	PST211	982	982	18	avuto	avuto	_	_	_	_	_	linguistic	_	none	_	_	_	_	_	_
982-19	PST211	982	982	19	delle	delle	_	_	_	_	_	linguistic	_	none	_	_	_	_	_	_
982-20	PST211	982	982	20	difficoltà.	difficoltà	_	_	_	_	_	linguistic	_	none	Intonation=Falling	End=2308.619	_	_	_	_
983-0	PST038	983	983	0	no	no	_	_	_	_	_	linguistic	_	none	_	Begin=2308.626	_	_	_	_
983-1	PST038	983	983	1	piomba:to	piombato	_	_	_	_	_	linguistic	_	none	_	_	5x1	_	_	_
983-2	PST038	983	983	2	così,	così	_	_	_	_	_	linguistic	_	none	Intonation=WeaklyRising	End=2310.031	_	_	_	_
984-0	PST211	984	984	0	ah	ah	_	_	_	_	_	linguistic	_	none	ProsodicLink=Yes	Begin=2310.144	_	_	_	_
984-1	PST211	984	984	1	ah	ah	_	_	_	_	_	linguistic	_	none	_	End=2310.829	_	_	_	_
985-0	PST038	985	985	0	subito:	subito	_	_	_	_	_	linguistic	_	some	_	Begin=2310.969	5x1	_	_	_
985-1	PST038	985	985	1	(s:~)	s~	_	_	_	_	_	linguistic	_	some	Interrupted=Yes	_	0x1	_	0-2(0)	_
985-2	PST038	985	985	2	#como	como	_	_	_	_	_	linguistic	_	some	Language=NO_ISO_CODE|Variation=Token	_	_	_	_	_
985-3	PST038	985	985	3	di:re:	dire	_	_	_	_	_	linguistic	_	some	_	_	1x1,3x1	_	_	_
985-4	PST038	985	985	4	VU:M	vum	_	_	_	_	_	linguistic	_	some	Volume=high	_	1x1	_	_	_
985-5	PST038	985	985	5	messo	messo	_	_	_	_	_	linguistic	_	some	_	_	_	_	_	_
985-6	PST038	985	985	6	lì	lì	_	_	_	_	_	linguistic	_	some	_	_	_	_	_	_
985-7	PST038	985	985	7	aggiu::state	aggiustate	_	_	_	_	_	linguistic	_	some	_	_	4x2	_	_	_
985-8	PST038	985	985	8	perché	perché	_	_	_	_	_	linguistic	_	some	_	_	_	_	_	_
985-9	PST038	985	985	9	non	non	_	_	_	_	_	linguistic	_	some	_	_	_	_	_	_
985-10	PST038	985	985	10	è	è	_	_	_	_	_	linguistic	_	some	_	_	_	_	_	_
985-11	PST038	985	985	11	una	una	_	_	_	_	_	linguistic	_	some	_	_	_	_	_	_
985-12	PST038	985	985	12	cosa	cosa	_	_	_	_	_	linguistic	_	some	_	_	_	_	_	_
985-13	PST038	985	985	13	come	come	_	_	_	_	_	linguistic	_	some	_	_	_	_	_	_
985-14	PST038	985	985	14	me:	me	_	_	_	_	_	linguistic	_	some	_	_	1x1	_	_	_
985-15	PST038	985	985	15	a	a	_	_	_	_	_	linguistic	_	some	_	_	_	_	_	_
985-16	PST038	985	985	16	ca::sa	casa	_	_	_	_	_	linguistic	_	some	_	_	1x2	_	_	_
985-17	PST038	985	985	17	[così]	così	_	_	_	_	_	linguistic	_	some	_	End=2316.659	_	_	_	0-4(198)
986-0	PST211	986	986	0	[eh	eh	_	_	_	_	_	linguistic	_	none	ProsodicLink=Yes	Begin=2316.18	_	_	_	0-2(198)
986-1	PST211	986	986	1	eh]	eh	_	_	_	_	_	linguistic	_	none	_	End=2316.648	_	_	_	0-2(198)
987-0	PST038	987	987	0	doveva	doveva	_	_	_	_	_	linguistic	_	none	_	Begin=2316.954	_	_	_	_
987-1	PST038	987	987	1	arrangiarsi	arrangiarsi	_	_	_	_	_	linguistic	_	none	_	_	_	_	_	_
987-2	PST038	987	987	2	d~	d~	_	_	_	_	_	linguistic	_	none	Interrupted=Yes	_	_	_	_	_
987-3	PST038	987	987	3	da	da	_	_	_	_	_	linguistic	_	none	_	_	_	_	_	_
987-4	PST038	987	987	4	d~	d~	_	_	_	_	_	linguistic	_	none	Interrupted=Yes	_	_	_	_	_
987-5	PST038	987	987	5	dappertutto:	dappertutto	_	_	_	_	_	linguistic	_	none	_	End=2319.478	10x1	_	_	_
988-0	PST038	988	988	0	e:	e	_	_	_	_	_	linguistic	_	none	_	Begin=2320.16	0x1	_	_	_
988-1	PST038	988	988	1	a:nche	anche	_	_	_	_	_	linguistic	_	none	_	_	0x1	_	_	_
988-2	PST038	988	988	2	lì	lì	_	_	_	_	_	linguistic	_	none	_	_	_	_	_	_
988-3	PST038	988	988	3	certi::	certi	_	_	_	_	_	linguistic	_	none	_	End=2322.198	4x2	_	_	_
989-0	PST038	989	989	0	paro:le	parole	_	_	_	_	_	linguistic	_	some	_	Begin=2322.767	3x1	_	_	_
989-1	PST038	989	989	1	che	che	_	_	_	_	_	linguistic	_	some	_	_	_	_	_	_
989-2	PST038	989	989	2	se	se	_	_	_	_	_	linguistic	_	some	_	_	_	_	_	_
989-3	PST038	989	989	3	u:sano	usano	_	_	_	_	_	linguistic	_	some	_	_	0x1	_	_	_
989-4	PST038	989	989	4	anche	anche	_	_	_	_	_	linguistic	_	some	_	_	_	_	_	_
989-5	PST038	989	989	5	a	a	_	_	_	_	_	linguistic	_	some	_	_	_	_	_	_
989-6	PST038	989	989	6	#subi:r	subir	_	_	_	_	_	linguistic	_	some	Language=NO_ISO_CODE|Variation=Token	_	3x1	_	_	_
989-7	PST038	989	989	7	a	a	_	_	_	_	_	linguistic	_	some	_	_	_	_	_	_
989-8	PST038	989	989	8	un	un	_	_	_	_	_	linguistic	_	some	_	_	_	_	_	_
989-9	PST038	989	989	9	bu:s	bus	_	_	_	_	_	linguistic	_	some	_	_	1x1	_	_	_
989-10	PST038	989	989	10	o:	o	_	_	_	_	_	linguistic	_	some	_	_	0x1	_	_	_
989-11	PST038	989	989	11	a	a	_	_	_	_	_	linguistic	_	some	_	_	_	_	_	_
989-12	PST038	989	989	12	quello	quello	_	_	_	_	_	linguistic	_	some	_	_	_	_	_	_
989-13	PST038	989	989	13	parole	parole	_	_	_	_	_	linguistic	_	some	_	_	_	_	_	_
989-14	PST038	989	989	14	molto::	molto	_	_	_	_	_	linguistic	_	some	_	_	4x2	_	_	_
989-15	PST038	989	989	15	#el	el	_	_	_	_	_	linguistic	_	some	Language=NO_ISO_CODE|Variation=Token	_	_	_	_	_
989-16	PST038	989	989	16	ge:rgo	gergo	_	_	_	_	_	linguistic	_	some	_	End=2327.97	1x1	_	_	_
991-0	PST211	991	991	0	mh	mh	_	_	_	_	_	linguistic	_	none	ProsodicLink=Yes	Begin=2327.989	_	_	_	_
991-1	PST211	991	991	1	[mh]	mh	_	_	_	_	_	linguistic	_	none	_	End=2328.464	_	_	_	0-2(199)
992-0	PST038	992	992	0	[no]	no	_	_	_	_	_	linguistic	_	none	_	Begin=2328.228|End=2328.47	_	_	_	0-2(199)
993-0	PST211	993	993	0	eh	eh	_	_	_	_	_	linguistic	_	none	_	Begin=2328.63	_	_	_	_
993-1	PST211	993	993	1	[sì]	sì	_	_	_	_	_	linguistic	_	none	_	End=2329.07	_	_	_	0-2(200)
994-0	PST038	994	994	0	[le]	le	_	_	_	_	_	linguistic	_	none	_	Begin=2328.969	_	_	_	0-2(200)
994-1	PST038	994	994	1	cose	cose	_	_	_	_	_	linguistic	_	none	_	_	_	_	_	_
994-2	PST038	994	994	2	che	che	_	_	_	_	_	linguistic	_	none	_	_	_	_	_	_
994-3	PST038	994	994	3	si	si	_	_	_	_	_	linguistic	_	none	_	_	_	_	_	_
994-4	PST038	994	994	4	sentono:	sentono	_	_	_	_	_	linguistic	_	none	_	_	6x1	_	_	_
994-5	PST038	994	994	5	per	per	_	_	_	_	_	linguistic	_	none	_	_	_	_	_	_
994-6	PST038	994	994	6	l'	l'	_	_	_	_	_	linguistic	_	none	SpaceAfter=No	_	_	_	_	_
994-7	PST038	994	994	7	$estra:da	estrada	_	_	_	_	_	linguistic	_	none	Orthography=Yes|Variation=Emerging	End=2330.826	4x1	_	_	_
995-0	PST038	995	995	0	subito:	subito	_	_	_	_	_	linguistic	_	none	_	Begin=2331.498	5x1	_	_	_
995-1	PST038	995	995	1	sì	sì	_	_	_	_	_	linguistic	_	none	_	_	_	_	_	_
995-2	PST038	995	995	2	sì	sì	_	_	_	_	_	linguistic	_	none	_	_	_	_	_	_
995-3	PST038	995	995	3	perché::	perché	_	_	_	_	_	linguistic	_	none	_	_	5x2	_	_	_
995-4	PST038	995	995	4	la	la	_	_	_	_	_	linguistic	_	none	_	_	_	_	_	_
995-5	PST038	995	995	5	testa	testa	_	_	_	_	_	linguistic	_	none	_	_	_	_	_	_
995-6	PST038	995	995	6	è	è	_	_	_	_	_	linguistic	_	none	_	_	_	_	_	_
995-7	PST038	995	995	7	gio:vane	giovane	_	_	_	_	_	linguistic	_	none	_	End=2334.402	2x1	_	_	_
996-0	PST211	996	996	0	[m:h]	mh	_	_	_	_	_	linguistic	_	none	_	Begin=2334.44|End=2334.675	0x1	_	_	0-2(201)
997-0	PST038	997	997	0	[per]	per	_	_	_	_	_	linguistic	_	none	_	Begin=2334.485	_	_	_	0-3(201)
997-1	PST038	997	997	1	cui:	cui	_	_	_	_	_	linguistic	_	none	_	_	2x1	_	_	_
997-2	PST038	997	997	2	incide	incide	_	_	_	_	_	linguistic	_	none	_	_	_	_	_	_
997-3	PST038	997	997	3	mo:lto	molto	_	_	_	_	_	linguistic	_	none	_	_	1x1	_	_	_
997-4	PST038	997	997	4	che	che	_	_	_	_	_	linguistic	_	none	_	_	_	_	_	_
997-5	PST038	997	997	5	sei	sei	_	_	_	_	_	linguistic	_	none	_	_	_	_	_	_
997-6	PST038	997	997	6	giova:ne	giovane	_	_	_	_	_	linguistic	_	none	_	_	4x1	_	_	_
997-7	PST038	997	997	7	sei	sei	_	_	_	_	_	linguistic	_	none	_	_	_	_	_	_
997-8	PST038	997	997	8	un'	un'	_	_	_	_	_	linguistic	_	none	SpaceAfter=No	_	_	_	_	_
997-9	PST038	997	997	9	$espu:gna	espugna	_	_	_	_	_	linguistic	_	none	Orthography=Yes|Variation=Emerging	_	3x1	_	_	_
997-10	PST038	997	997	10	prendi	prendi	_	_	_	_	_	linguistic	_	none	_	_	_	_	_	_
997-11	PST038	997	997	11	[su:bito	subito	_	_	_	_	_	linguistic	_	none	_	_	1x1	_	_	0-6(202)
997-12	PST038	997	997	12	tu:tto]	tutto	_	_	_	_	_	linguistic	_	none	_	End=2338.57	1x1	_	_	0-5(202)
998-0	PST211	998	998	0	[eh	eh	_	_	_	_	_	linguistic	_	none	_	Begin=2337.91	_	_	_	0-2(202)
998-1	PST211	998	998	1	sì]	sì	_	_	_	_	_	linguistic	_	none	_	End=2338.383	_	_	_	0-2(202)
999-0	PST038	999	999	0	se::	se	_	_	_	_	_	linguistic	_	none	_	Begin=2339.201	1x2	_	_	_
999-1	PST038	999	999	1	subito	subito	_	_	_	_	_	linguistic	_	none	_	_	_	_	_	_
999-2	PST038	999	999	2	se	se	_	_	_	_	_	linguistic	_	none	_	_	_	_	_	_
999-3	PST038	999	999	3	ha::	ha	_	_	_	_	_	linguistic	_	none	_	End=2341.009	1x2	_	_	_
1000-0	PST038	1000	1000	0	si	si	_	_	_	_	_	linguistic	_	none	_	Begin=2341.636	_	_	_	_
1000-1	PST038	1000	1000	1	ha::	ha	_	_	_	_	_	linguistic	_	none	_	_	1x2	_	_	_
1000-2	PST038	1000	1000	2	climati:zzato	climatizzato	_	_	_	_	_	linguistic	_	none	_	_	6x1	_	_	_
1000-3	PST038	1000	1000	3	in	in	_	_	_	_	_	linguistic	_	none	_	_	_	_	_	_
1000-4	PST038	1000	1000	4	tutti	tutti	_	_	_	_	_	linguistic	_	none	_	_	_	_	_	_
1000-5	PST038	1000	1000	5	i	i	_	_	_	_	_	linguistic	_	none	_	_	_	_	_	_
1000-6	PST038	1000	1000	6	se:nsi	sensi	_	_	_	_	_	linguistic	_	none	_	End=2344.169	1x1	_	_	_
1001-0	PST211	1001	1001	0	m[:h]	mh	_	_	_	_	_	linguistic	_	none	_	Begin=2344.16|End=2344.54	0x1	_	_	1-2(204)
1002-0	PST038	1002	1002	0	[un]	un	_	_	_	_	_	linguistic	_	some	_	Begin=2344.414	_	_	_	0-2(204)
1002-1	PST038	1002	1002	1	po'	po'	_	_	_	_	_	linguistic	_	some	_	_	_	_	_	_
1002-2	PST038	1002	1002	2	per	per	_	_	_	_	_	linguistic	_	some	_	_	_	_	_	_
1002-3	PST038	1002	1002	3	il	il	_	_	_	_	_	linguistic	_	some	_	_	_	_	_	_
1002-4	PST038	1002	1002	4	mangia:re	mangiare	_	_	_	_	_	linguistic	_	some	_	_	5x1	_	_	_
1002-5	PST038	1002	1002	5	fo:rse	forse	_	_	_	_	_	linguistic	_	some	_	_	1x1	_	_	_
1002-6	PST038	1002	1002	6	un	un	_	_	_	_	_	linguistic	_	some	_	_	_	_	_	_
1002-7	PST038	1002	1002	7	po'	po'	_	_	_	_	_	linguistic	_	some	_	_	_	_	_	_
1002-8	PST038	1002	1002	8	#de	de	_	_	_	_	_	linguistic	_	some	Language=NO_ISO_CODE|Variation=Token	_	_	_	_	_
1002-9	PST038	1002	1002	9	queste	queste	_	_	_	_	_	linguistic	_	some	_	_	_	_	_	_
1002-10	PST038	1002	1002	10	co:se	cose	_	_	_	_	_	linguistic	_	some	_	_	1x1	_	_	_
1002-11	PST038	1002	1002	11	però	però	_	_	_	_	_	linguistic	_	some	_	End=2347.662	_	_	_	_
1003-0	PST038	1003	1003	0	e::hm	ehm	_	_	_	_	_	linguistic	_	none	_	Begin=2347.959|End=2348.951	0x2	_	_	_
1004-0	PST038	1004	1004	0	no	no	_	_	_	_	_	linguistic	_	none	_	Begin=2349.04	_	_	_	_
1004-1	PST038	1004	1004	1	con	con	_	_	_	_	_	linguistic	_	none	_	_	_	_	_	_
1004-2	PST038	1004	1004	2	la	la	_	_	_	_	_	linguistic	_	none	_	_	_	_	_	_
1004-3	PST038	1004	1004	3	li:ngua	lingua	_	_	_	_	_	linguistic	_	none	_	_	1x1	_	_	_
1004-4	PST038	1004	1004	4	subi:to	subito	_	_	_	_	_	linguistic	_	none	_	End=2350.445	3x1	_	_	_
1005-0	PST211	1005	1005	0	mh	mh	_	_	_	_	_	linguistic	_	none	ProsodicLink=Yes	Begin=2350.48	_	_	_	_
1005-1	PST211	1005	1005	1	mh	mh	_	_	_	_	_	linguistic	_	none	_	End=2350.96	_	_	_	_
1006-0	PST038	1006	1006	0	e::	e	_	_	_	_	_	linguistic	_	none	_	Begin=2350.989	0x2	_	_	_
1006-1	PST038	1006	1006	1	lui	lui	_	_	_	_	_	linguistic	_	none	_	End=2352.294	_	_	_	_
1007-0	PST038	1007	1007	0	anche	anche	_	_	_	_	_	linguistic	_	none	_	Begin=2352.858	_	_	_	_
1007-1	PST038	1007	1007	1	lo	lo	_	_	_	_	_	linguistic	_	none	_	_	_	_	_	_
1007-2	PST038	1007	1007	2	spo:rt	sport	_	_	_	_	_	linguistic	_	none	_	_	2x1	_	_	_
1007-3	PST038	1007	1007	3	siccome	siccome	_	_	_	_	_	linguistic	_	none	_	_	_	_	_	_
1007-4	PST038	1007	1007	4	lui	lui	_	_	_	_	_	linguistic	_	none	_	_	_	_	_	_
1007-5	PST038	1007	1007	5	anche	anche	_	_	_	_	_	linguistic	_	none	_	_	_	_	_	_
1007-6	PST038	1007	1007	6	pra:tica:	pratica	_	_	_	_	_	linguistic	_	none	_	_	2x1,6x1	_	_	_
1007-7	PST038	1007	1007	7	un	un	_	_	_	_	_	linguistic	_	none	_	_	_	_	_	_
1007-8	PST038	1007	1007	8	(e:)spo:rt	esport	_	_	_	_	_	linguistic	_	none	_	End=2355.799	0x1,3x1	_	0-1(0)	_
1008-0	PST038	1008	1008	0	subito	subito	_	_	_	_	_	linguistic	_	some	_	Begin=2355.97	_	_	_	_
1008-1	PST038	1008	1008	1	ha	ha	_	_	_	_	_	linguistic	_	some	_	_	_	_	_	_
1008-2	PST038	1008	1008	2	cerca:to:	cercato	_	_	_	_	_	linguistic	_	some	_	_	4x1,6x1	_	_	_
1008-3	PST038	1008	1008	3	#el	el	_	_	_	_	_	linguistic	_	some	Language=NO_ISO_CODE|Variation=Token	_	_	_	_	_
1008-4	PST038	1008	1008	4	campe:tto	campetto	_	_	_	_	_	linguistic	_	some	_	_	4x1	_	_	_
1008-5	PST038	1008	1008	5	più	più	_	_	_	_	_	linguistic	_	some	_	_	_	_	_	_
1008-6	PST038	1008	1008	6	vici:no	vicino	_	_	_	_	_	linguistic	_	some	_	_	3x1	_	_	_
1008-7	PST038	1008	1008	7	a	a	_	_	_	_	_	linguistic	_	some	_	_	_	_	_	_
1008-8	PST038	1008	1008	8	[ca:sa]	casa	_	_	_	_	_	linguistic	_	some	_	End=2358.904	1x1	_	_	0-4(205)
1009-0	PST211	1009	1009	0	[e:]:h	eh	_	_	_	_	_	linguistic	_	none	_	Begin=2358.21	0x2	_	_	0-1(205)
1009-1	PST211	1009	1009	1	[certo]	certo	_	_	_	_	_	linguistic	_	none	_	End=2359.576	_	_	_	0-5(206)
1010-0	PST038	1010	1010	0	[e	e	_	_	_	_	_	linguistic	_	none	_	Begin=2359.352	_	_	_	0-1(206)
1010-1	PST038	1010	1010	1	lì:]	lì	_	_	_	_	_	linguistic	_	none	_	_	1x1	_	_	0-2(206)
1010-2	PST038	1010	1010	2	ha:	ha	_	_	_	_	_	linguistic	_	none	_	_	1x1	_	_	_
1010-3	PST038	1010	1010	3	piomba:to	piombato	_	_	_	_	_	linguistic	_	none	_	End=2360.664	5x1	_	_	_
1011-0	PST211	1011	1011	0	mh	mh	_	_	_	_	_	linguistic	_	none	_	Begin=2360.983|End=2361.465	_	_	_	_
1012-0	PST038	1012	1012	0	con	con	_	_	_	_	_	linguistic	_	none	_	Begin=2361.515	_	_	_	_
1012-1	PST038	1012	1012	1	dei	dei	_	_	_	_	_	linguistic	_	none	_	_	_	_	_	_
1012-2	PST038	1012	1012	2	raga:zzi	ragazzi	_	_	_	_	_	linguistic	_	none	_	End=2362.825	3x1	_	_	_
1013-0	PST211	1013	1013	0	mh	mh	_	_	_	_	_	linguistic	_	none	_	Begin=2362.935|End=2363.22	_	_	_	_
1014-0	PST038	1014	1014	0	e::	e	_	_	_	_	_	linguistic	_	none	_	Begin=2363.343|End=2364.336	0x2	_	_	_
1015-0	PST038	1015	1015	0	per	per	_	_	_	_	_	linguistic	_	none	_	Begin=2364.514	_	_	_	_
1015-1	PST038	1015	1015	1	cui	cui	_	_	_	_	_	linguistic	_	none	_	_	_	_	_	_
1015-2	PST038	1015	1015	2	$espagno:lo	espagnolo	_	_	_	_	_	linguistic	_	none	Orthography=Yes|Variation=Emerging	_	6x1	_	_	_
1015-3	PST038	1015	1015	3	tutto	tutto	_	_	_	_	_	linguistic	_	none	_	_	_	_	_	_
1015-4	PST038	1015	1015	4	il	il	_	_	_	_	_	linguistic	_	none	_	_	_	_	_	_
1015-5	PST038	1015	1015	5	gio:rno	giorno	_	_	_	_	_	linguistic	_	none	_	_	2x1	_	_	_
1015-6	PST038	1015	1015	6	a::	a	_	_	_	_	_	linguistic	_	none	_	_	0x2	_	_	_
1015-7	PST038	1015	1015	7	a::	a	_	_	_	_	_	linguistic	_	none	_	_	0x2	_	_	_
1015-8	PST038	1015	1015	8	a	a	_	_	_	_	_	linguistic	_	none	_	_	_	_	_	_
1015-9	PST038	1015	1015	9	gioca:re	giocare	_	_	_	_	_	linguistic	_	none	_	_	4x1	_	_	_
1015-10	PST038	1015	1015	10	e::	e	_	_	_	_	_	linguistic	_	none	_	End=2369.085	0x2	_	_	_
1016-0	PST038	1016	1016	0	ha	ha	_	_	_	_	_	linguistic	_	none	_	Begin=2369.575	_	_	_	_
1016-1	PST038	1016	1016	1	ha	ha	_	_	_	_	_	linguistic	_	none	_	_	_	_	_	_
1016-2	PST038	1016	1016	2	se	se	_	_	_	_	_	linguistic	_	none	_	_	_	_	_	_
1016-3	PST038	1016	1016	3	l'	l'	_	_	_	_	_	linguistic	_	none	SpaceAfter=No	_	_	_	_	_
1016-4	PST038	1016	1016	4	è	è	_	_	_	_	_	linguistic	_	none	_	_	_	_	_	_
1016-5	PST038	1016	1016	5	se	se	_	_	_	_	_	linguistic	_	none	_	_	_	_	_	_
1016-6	PST038	1016	1016	6	ha	ha	_	_	_	_	_	linguistic	_	none	_	_	_	_	_	_
1016-7	PST038	1016	1016	7	cerca:to	cercato	_	_	_	_	_	linguistic	_	none	_	_	4x1	_	_	_
1016-8	PST038	1016	1016	8	la	la	_	_	_	_	_	linguistic	_	none	_	_	_	_	_	_
1016-9	PST038	1016	1016	9	sua:	sua	_	_	_	_	_	linguistic	_	none	_	_	2x1	_	_	_
1016-10	PST038	1016	1016	10	(la)	la	_	_	_	_	_	linguistic	_	none	_	_	_	_	0-2(0)	_
1016-11	PST038	1016	1016	11	sua	sua	_	_	_	_	_	linguistic	_	none	_	_	_	_	_	_
1016-12	PST038	1016	1016	12	compa:gnia:	compagnia	_	_	_	_	_	linguistic	_	none	_	End=2373.525	4x1,8x1	_	_	_
1017-0	PST211	1017	1017	0	mh	mh	_	_	_	_	_	linguistic	_	none	ProsodicLink=Yes	Begin=2373.55	_	_	_	_
1017-1	PST211	1017	1017	1	mh	mh	_	_	_	_	_	linguistic	_	none	_	End=2374.032	_	_	_	_
1018-0	PST038	1018	1018	0	sì	sì	_	_	_	_	_	linguistic	_	none	_	Begin=2374.172	_	_	_	_
1018-1	PST038	1018	1018	1	c'	c'	_	_	_	_	_	linguistic	_	none	SpaceAfter=No	_	_	_	_	_
1018-2	PST038	1018	1018	2	erano	erano	_	_	_	_	_	linguistic	_	none	_	_	_	_	_	_
1018-3	PST038	1018	1018	3	i	i	_	_	_	_	_	linguistic	_	none	_	_	_	_	_	_
1018-4	PST038	1018	1018	4	zii:	zii	_	_	_	_	_	linguistic	_	none	_	_	2x1	_	_	_
1018-5	PST038	1018	1018	5	anzia:ni	anziani	_	_	_	_	_	linguistic	_	none	_	_	4x1	_	_	_
1018-6	PST038	1018	1018	6	e	e	_	_	_	_	_	linguistic	_	none	_	_	_	_	_	_
1018-7	PST038	1018	1018	7	tu:tto	tutto	_	_	_	_	_	linguistic	_	none	_	_	1x1	_	_	_
1018-8	PST038	1018	1018	8	ma:	ma	_	_	_	_	_	linguistic	_	none	_	_	1x1	_	_	_
1018-9	PST038	1018	1018	9	per	per	_	_	_	_	_	linguistic	_	none	_	_	_	_	_	_
1018-10	PST038	1018	1018	10	lui	lui	_	_	_	_	_	linguistic	_	none	_	_	_	_	_	_
1018-11	PST038	1018	1018	11	non	non	_	_	_	_	_	linguistic	_	none	_	_	_	_	_	_
1018-12	PST038	1018	1018	12	è	è	_	_	_	_	_	linguistic	_	none	_	_	_	_	_	_
1018-13	PST038	1018	1018	13	stato:	stato	_	_	_	_	_	linguistic	_	none	_	_	4x1	_	_	_
1018-14	PST038	1018	1018	14	u:n::	un	_	_	_	_	_	linguistic	_	none	_	_	0x1,1x2	_	_	_
1018-15	PST038	1018	1018	15	un	un	_	_	_	_	_	linguistic	_	none	_	_	_	_	_	_
1018-16	PST038	1018	1018	16	osta:colo	ostacolo	_	_	_	_	_	linguistic	_	none	_	_	3x1	_	_	_
1018-17	PST038	1018	1018	17	per	per	_	_	_	_	_	linguistic	_	none	_	_	_	_	_	_
1018-18	PST038	1018	1018	18	uscire	uscire	_	_	_	_	_	linguistic	_	none	_	_	_	_	_	_
1018-19	PST038	1018	1018	19	in	in	_	_	_	_	_	linguistic	_	none	_	_	_	_	_	_
1018-20	PST038	1018	1018	20	un	un	_	_	_	_	_	linguistic	_	none	_	_	_	_	_	_
1018-21	PST038	1018	1018	21	campe:tto	campetto	_	_	_	_	_	linguistic	_	none	_	_	4x1	_	_	_
1018-22	PST038	1018	1018	22	e	e	_	_	_	_	_	linguistic	_	none	_	_	_	_	_	_
1018-23	PST038	1018	1018	23	farsi	farsi	_	_	_	_	_	linguistic	_	none	_	_	_	_	_	_
1018-24	PST038	1018	1018	24	gli	gli	_	_	_	_	_	linguistic	_	none	_	_	_	_	_	_
1018-25	PST038	1018	1018	25	ami:ci:	amici	_	_	_	_	_	linguistic	_	none	_	End=2382.665	2x1,4x1	_	_	_
1019-0	PST211	1019	1019	0	certo	certo	_	_	_	_	_	linguistic	_	none	_	Begin=2382.765|End=2383.06	_	_	_	_
1020-0	PST038	1020	1020	0	e::hm	ehm	_	_	_	_	_	linguistic	_	none	_	Begin=2383.221|End=2384.125	0x2	_	_	_
1021-0	PST038	1021	1021	0	#practicar	practicar	_	_	_	_	_	linguistic	_	some	Language=NO_ISO_CODE|Variation=Token	Begin=2384.3	_	_	_	_
1021-1	PST038	1021	1021	1	#el	el	_	_	_	_	_	linguistic	_	some	Language=NO_ISO_CODE|Variation=Token	_	_	_	_	_
1021-2	PST038	1021	1021	2	suo	suo	_	_	_	_	_	linguistic	_	some	_	_	_	_	_	_
1021-3	PST038	1021	1021	3	$espagno:lo:	espagnolo	_	_	_	_	_	linguistic	_	some	Orthography=Yes|Variation=Emerging	End=2385.714	6x1,8x1	_	_	_
1022-0	PST038	1022	1022	0	tramite	tramite	_	_	_	_	_	linguistic	_	none	_	Begin=2386.676	_	_	_	_
1022-1	PST038	1022	1022	1	lo	lo	_	_	_	_	_	linguistic	_	none	_	_	_	_	_	_
1022-2	PST038	1022	1022	2	spo:rt	sport	_	_	_	_	_	linguistic	_	none	_	_	2x1	_	_	_
1022-3	PST038	1022	1022	3	dicia[mo	diciamo	_	_	_	_	_	linguistic	_	none	_	_	_	_	_	5-7(207)
1022-4	PST038	1022	1022	4	no:]	no	_	_	_	_	_	linguistic	_	none	_	_	1x1	_	_	0-2(207)
1022-5	PST038	1022	1022	5	che::	che	_	_	_	_	_	linguistic	_	none	_	_	2x2	_	_	_
1022-6	PST038	1022	1022	6	sì	sì	_	_	_	_	_	linguistic	_	none	ProsodicLink=Yes	_	_	_	_	_
1022-7	PST038	1022	1022	7	sì	sì	_	_	_	_	_	linguistic	_	none	_	_	_	_	_	_
1022-8	PST038	1022	1022	8	si	si	_	_	_	_	_	linguistic	_	none	_	_	_	_	_	_
1022-9	PST038	1022	1022	9	è	è	_	_	_	_	_	linguistic	_	none	_	_	_	_	_	_
1022-10	PST038	1022	1022	10	inserito::	inserito	_	_	_	_	_	linguistic	_	none	_	_	7x2	_	_	_
1022-11	PST038	1022	1022	11	bene	bene	_	_	_	_	_	linguistic	_	none	_	_	_	_	_	_
1022-12	PST038	1022	1022	12	dicia:mo	diciamo	_	_	_	_	_	linguistic	_	none	_	_	4x1	_	_	_
1022-13	PST038	1022	1022	13	in	in	_	_	_	_	_	linguistic	_	none	_	_	_	_	_	_
1022-14	PST038	1022	1022	14	quel	quel	_	_	_	_	_	linguistic	_	none	_	_	_	_	_	_
1022-15	PST038	1022	1022	15	senso	senso	_	_	_	_	_	linguistic	_	none	_	_	_	_	_	_
1022-16	PST038	1022	1022	16	lì:	lì	_	_	_	_	_	linguistic	_	none	_	End=2393.245	1x1	_	_	_
1023-0	PST211	1023	1023	0	[mh	mh	_	_	_	_	_	linguistic	_	none	ProsodicLink=Yes	Begin=2388.0	_	_	_	0-2(207)
1023-1	PST211	1023	1023	1	mh]	mh	_	_	_	_	_	linguistic	_	none	_	End=2388.484	_	_	_	0-2(207)
1024-0	PST211	1024	1024	0	ma	ma	_	_	_	_	_	linguistic	_	none	_	Begin=2393.45	_	_	_	_
1024-1	PST211	1024	1024	1	lui::	lui	_	_	_	_	_	linguistic	_	none	_	_	2x2	_	_	_
1024-2	PST211	1024	1024	2	l'	l'	_	_	_	_	_	linguistic	_	none	SpaceAfter=No	_	_	_	_	_
1024-3	PST211	1024	1024	3	hai	hai	_	_	_	_	_	linguistic	_	none	_	_	_	_	_	_
1024-4	PST211	1024	1024	4	mai	mai	_	_	_	_	_	linguistic	_	none	_	_	_	_	_	_
1024-5	PST211	1024	1024	5	mandato	mandato	_	_	_	_	_	linguistic	_	none	_	_	_	_	_	_
1024-6	PST211	1024	1024	6	a::	a	_	_	_	_	_	linguistic	_	none	_	_	0x2	_	_	_
1024-7	PST211	1024	1024	7	dei	dei	_	_	_	_	_	linguistic	_	none	_	_	_	_	_	_
1024-8	PST211	1024	1024	8	corsi	corsi	_	_	_	_	_	linguistic	_	none	_	_	_	_	_	_
1024-9	PST211	1024	1024	9	di	di	_	_	_	_	_	linguistic	_	none	_	_	_	_	_	_
1024-10	PST211	1024	1024	10	spagno:lo	spagnolo	_	_	_	_	_	linguistic	_	none	_	_	5x1	_	_	_
1024-11	PST211	1024	1024	11	qui:	qui	_	_	_	_	_	linguistic	_	none	_	_	2x1	_	_	_
1024-12	PST211	1024	1024	12	in	in	_	_	_	_	_	linguistic	_	none	_	_	_	_	_	_
1024-13	PST211	1024	1024	13	italia:	italia	_	_	_	_	_	linguistic	_	none	_	_	5x1	_	_	_
1024-14	PST211	1024	1024	14	[no]	no	_	_	_	_	_	linguistic	_	none	_	End=2397.747	_	_	_	0-2(0)
1025-0	PST038	1025	1025	0	[no]	no	_	_	_	_	_	linguistic	_	none	_	Begin=2397.222|End=2397.801	_	_	_	0-2(0)
1026-0	PST211	1026	1026	0	pr[oprio::]	proprio	_	_	_	_	_	linguistic	_	none	_	Begin=2398.0	6x2	_	_	2-7(1)
1026-1	PST211	1026	1026	1	zero	zero	_	_	_	_	_	linguistic	_	none	_	End=2398.973	_	_	_	_
1027-0	PST038	1027	1027	0	no:	no	_	_	_	_	_	linguistic	_	none	_	Begin=2398.121|End=2398.8	1x1	_	_	_
1028-0	PST038	1028	1028	0	mai	mai	_	_	_	_	_	linguistic	_	none	_	Begin=2398.98	_	_	_	_
1028-1	PST038	1028	1028	1	mai:	mai	_	_	_	_	_	linguistic	_	none	_	End=2399.769	2x1	_	_	_
1029-0	PST211	1029	1029	0	fare	fare	_	_	_	_	_	linguistic	_	none	_	Begin=2399.807	_	_	_	_
1029-1	PST211	1029	1029	1	xx	xx	_	_	_	_	_	unknown	_	none	Syllables=2	_	_	_	_	_
1029-2	PST211	1029	1029	2	[xx]	xx	_	_	_	_	_	unknown	_	none	Syllables=2	_	_	_	_	0-2(3)
1029-3	PST211	1029	1029	3	qui	qui	_	_	_	_	_	linguistic	_	none	_	_	_	_	_	_
1029-4	PST211	1029	1029	4	in	in	_	_	_	_	_	linguistic	_	none	_	_	_	_	_	_
1029-5	PST211	1029	1029	5	ita:lia	italia	_	_	_	_	_	linguistic	_	none	_	End=2401.347	2x1	_	_	_
1030-0	PST038	1030	1030	0	[mai]	mai	_	_	_	_	_	linguistic	_	none	_	Begin=2400.323|End=2400.801	_	_	_	0-3(3)
1031-0	PST038	1031	1031	0	certo	certo	_	_	_	_	_	linguistic	_	none	_	Begin=2401.545	_	_	_	_
1031-1	PST038	1031	1031	1	che	che	_	_	_	_	_	linguistic	_	none	_	_	_	_	_	_
1031-2	PST038	1031	1031	2	la	la	_	_	_	_	_	linguistic	_	none	_	_	_	_	_	_
1031-3	PST038	1031	1031	3	grammati:ca::	grammatica	_	_	_	_	_	linguistic	_	none	_	End=2403.132	7x1,9x2	_	_	_
1032-0	PST211	1032	1032	0	e:[:h]	eh	_	_	_	_	_	linguistic	_	none	_	Begin=2403.86|End=2404.243	0x2	_	_	1-2(4)
1033-0	PST038	1033	1033	0	[è:	è	_	_	_	_	_	linguistic	_	none	_	Begin=2403.959	0x1	_	_	0-1(4)
1033-1	PST038	1033	1033	1	te]rra	terra	_	_	_	_	_	linguistic	_	none	_	_	_	_	_	0-2(4)
1033-2	PST038	1033	1033	2	te[rra	terra	_	_	_	_	_	linguistic	_	none	_	_	_	_	_	2-5(5)
1033-3	PST038	1033	1033	3	e:h]	eh	_	_	_	_	_	linguistic	_	none	_	_	0x1	_	_	0-2(5)
1033-4	PST038	1033	1033	4	però:	però	_	_	_	_	_	linguistic	_	none	_	_	3x1	_	_	_
1033-5	PST038	1033	1033	5	le:gge	legge	_	_	_	_	_	linguistic	_	none	PauseAfter=Yes	_	1x1	_	_	_
1033-6	PST038	1033	1033	6	{P}	{P}	_	_	_	_	_	shortpause	_	none	_	_	_	_	_	_
1033-7	PST038	1033	1033	7	[pa:r]la	parla	_	_	_	_	_	linguistic	_	none	PauseAfter=Yes	_	1x1	_	_	0-3(6)
1033-8	PST038	1033	1033	8	{P}	{P}	_	_	_	_	_	shortpause	_	none	_	_	_	_	_	_
1033-9	PST038	1033	1033	9	[e::]	e	_	_	_	_	_	linguistic	_	none	_	_	0x2	_	_	0-1(7)
1033-10	PST038	1033	1033	10	e	e	_	_	_	_	_	linguistic	_	none	_	_	_	_	_	_
1033-11	PST038	1033	1033	11	dovrebbe	dovrebbe	_	_	_	_	_	linguistic	_	none	_	_	_	_	_	_
1033-12	PST038	1033	1033	12	fa:rlo	farlo	_	_	_	_	_	linguistic	_	none	_	End=2409.747	1x1	_	_	_
1034-0	PST211	1034	1034	0	[eh]	eh	_	_	_	_	_	linguistic	_	none	_	Begin=2404.874|End=2405.221	_	_	_	0-2(5)
1035-0	PST211	1035	1035	0	[ah	ah	_	_	_	_	_	linguistic	_	none	ProsodicLink=Yes	Begin=2406.802	_	_	_	0-2(6)
1035-1	PST211	1035	1035	1	ah]	ah	_	_	_	_	_	linguistic	_	none	_	End=2407.283	_	_	_	0-2(6)
1036-0	PST211	1036	1036	0	[certo]	certo	_	_	_	_	_	linguistic	_	none	_	Begin=2408.16|End=2408.741	_	_	_	0-5(7)
1037-0	PST211	1037	1037	0	mh	mh	_	_	_	_	_	linguistic	_	none	ProsodicLink=Yes	Begin=2409.762	_	_	_	_
1037-1	PST211	1037	1037	1	mh	mh	_	_	_	_	_	linguistic	_	none	_	End=2410.55	_	_	_	_
1038-0	PST038	1038	1038	0	mi	mi	_	_	_	_	_	linguistic	_	some	_	Begin=2410.637	_	_	_	_
1038-1	PST038	1038	1038	1	avesse	avesse	_	_	_	_	_	linguistic	_	some	_	_	_	_	_	_
1038-2	PST038	1038	1038	2	piaciuto	piaciuto	_	_	_	_	_	linguistic	_	some	_	_	_	_	_	_
1038-3	PST038	1038	1038	3	mo:lto	molto	_	_	_	_	_	linguistic	_	some	_	_	1x1	_	_	_
1038-4	PST038	1038	1038	4	che	che	_	_	_	_	_	linguistic	_	some	_	_	_	_	_	_
1038-5	PST038	1038	1038	5	segui:sse::	seguisse	_	_	_	_	_	linguistic	_	some	_	_	4x1,7x2	_	_	_
1038-6	PST038	1038	1038	6	#en	en	_	_	_	_	_	linguistic	_	some	Language=NO_ISO_CODE|Variation=Token	_	_	_	_	_
1038-7	PST038	1038	1038	7	le	le	_	_	_	_	_	linguistic	_	some	_	_	_	_	_	_
1038-8	PST038	1038	1038	8	me:die	medie	_	_	_	_	_	linguistic	_	some	_	_	1x1	_	_	_
1038-9	PST038	1038	1038	9	lo	lo	_	_	_	_	_	linguistic	_	some	_	_	_	_	_	_
1038-10	PST038	1038	1038	10	spagno:lo	spagnolo	_	_	_	_	_	linguistic	_	some	_	_	5x1	_	_	_
1038-11	PST038	1038	1038	11	#porque	porque	_	_	_	_	_	linguistic	_	some	Language=NO_ISO_CODE|Variation=Token	_	_	_	_	_
1038-12	PST038	1038	1038	12	c'	c'	_	_	_	_	_	linguistic	_	some	SpaceAfter=No	_	_	_	_	_
1038-13	PST038	1038	1038	13	e:ra	era	_	_	_	_	_	linguistic	_	some	_	End=2414.6295	0x1	_	_	_
1039-0	PST211	1039	1039	0	mh	mh	_	_	_	_	_	linguistic	_	none	ProsodicLink=Yes	Begin=2414.6295	_	_	_	_
1039-1	PST211	1039	1039	1	mh	mh	_	_	_	_	_	linguistic	_	none	_	End=2415.09	_	_	_	_
1040-0	PST038	1040	1040	0	e::	e	_	_	_	_	_	linguistic	_	none	_	Begin=2415.605	0x2	_	_	_
1040-1	PST038	1040	1040	1	invece	invece	_	_	_	_	_	linguistic	_	none	_	_	_	_	_	_
1040-2	PST038	1040	1040	2	non	non	_	_	_	_	_	linguistic	_	none	_	_	_	_	_	_
1040-3	PST038	1040	1040	3	l'	l'	_	_	_	_	_	linguistic	_	none	SpaceAfter=No	_	_	_	_	_
1040-4	PST038	1040	1040	4	ha	ha	_	_	_	_	_	linguistic	_	none	_	_	_	_	_	_
1040-5	PST038	1040	1040	5	voluto	voluto	_	_	_	_	_	linguistic	_	none	_	_	_	_	_	_
1040-6	PST038	1040	1040	6	fa:re	fare	_	_	_	_	_	linguistic	_	none	_	_	1x1	_	_	_
1040-7	PST038	1040	1040	7	perché	perché	_	_	_	_	_	linguistic	_	none	_	_	_	_	_	_
1040-8	PST038	1040	1040	8	mi	mi	_	_	_	_	_	linguistic	_	none	_	_	_	_	_	_
1040-9	PST038	1040	1040	9	ha	ha	_	_	_	_	_	linguistic	_	none	_	_	_	_	_	_
1040-10	PST038	1040	1040	10	de:tto	detto	_	_	_	_	_	linguistic	_	none	_	_	1x1	_	_	_
1040-11	PST038	1040	1040	11	io	io	_	_	_	_	_	linguistic	_	none	_	_	_	_	_	_
1040-12	PST038	1040	1040	12	lo	lo	_	_	_	_	_	linguistic	_	none	_	_	_	_	_	_
1040-13	PST038	1040	1040	13	so:	so	_	_	_	_	_	linguistic	_	none	_	_	1x1	_	_	_
1040-14	PST038	1040	1040	14	gli	gli	_	_	_	_	_	linguistic	_	none	_	_	_	_	_	_
1040-15	PST038	1040	1040	15	ho	ho	_	_	_	_	_	linguistic	_	none	_	_	_	_	_	_
1040-16	PST038	1040	1040	16	detto	detto	_	_	_	_	_	linguistic	_	none	_	_	_	_	_	_
1040-17	PST038	1040	1040	17	la	la	_	_	_	_	_	linguistic	_	none	_	_	_	_	_	_
1040-18	PST038	1040	1040	18	grammatica	grammatica	_	_	_	_	_	linguistic	_	none	_	_	_	_	_	_
1040-19	PST038	1040	1040	19	no:	no	_	_	_	_	_	linguistic	_	none	_	_	1x1	_	_	_
1040-20	PST038	1040	1040	20	però:	però	_	_	_	_	_	linguistic	_	none	_	End=2420.9449999999997	3x1	_	_	_
1041-0	PST211	1041	1041	0	ah	ah	_	_	_	_	_	linguistic	_	none	ProsodicLink=Yes	Begin=2420.9449999999997	_	_	_	_
1041-1	PST211	1041	1041	1	ah	ah	_	_	_	_	_	linguistic	_	none	_	End=2421.404	_	_	_	_
1042-0	PST038	1042	1042	0	e	e	_	_	_	_	_	linguistic	_	some	_	Begin=2422.01	_	_	_	_
1042-1	PST038	1042	1042	1	faccio	faccio	_	_	_	_	_	linguistic	_	some	_	_	_	_	_	_
1042-2	PST038	1042	1042	2	l'	l'	_	_	_	_	_	linguistic	_	some	SpaceAfter=No	_	_	_	_	_
1042-3	PST038	1042	1042	3	ingle:se	inglese	_	_	_	_	_	linguistic	_	some	_	_	4x1	_	_	_
1042-4	PST038	1042	1042	4	e	e	_	_	_	_	_	linguistic	_	some	_	_	_	_	_	_
1042-5	PST038	1042	1042	5	faccio	faccio	_	_	_	_	_	linguistic	_	some	_	_	_	_	_	_
1042-6	PST038	1042	1042	6	il	il	_	_	_	_	_	linguistic	_	some	_	_	_	_	_	_
1042-7	PST038	1042	1042	7	france:se	francese	_	_	_	_	_	linguistic	_	some	_	_	5x1	_	_	_
1042-8	PST038	1042	1042	8	così	così	_	_	_	_	_	linguistic	_	some	_	_	_	_	_	_
1042-9	PST038	1042	1042	9	ne	ne	_	_	_	_	_	linguistic	_	some	_	_	_	_	_	_
1042-10	PST038	1042	1042	10	ho	ho	_	_	_	_	_	linguistic	_	some	_	_	_	_	_	_
1042-11	PST038	1042	1042	11	già	già	_	_	_	_	_	linguistic	_	some	_	_	_	_	_	_
1042-12	PST038	1042	1042	12	tre	tre	_	_	_	_	_	linguistic	_	some	_	_	_	_	_	_
1042-13	PST038	1042	1042	13	li:ngue	lingue	_	_	_	_	_	linguistic	_	some	_	_	1x1	_	_	_
1042-14	PST038	1042	1042	14	mi	mi	_	_	_	_	_	linguistic	_	some	_	_	_	_	_	_
1042-15	PST038	1042	1042	15	ha	ha	_	_	_	_	_	linguistic	_	some	_	_	_	_	_	_
1042-16	PST038	1042	1042	16	de:tto	detto	_	_	_	_	_	linguistic	_	some	_	_	1x1	_	_	_
1042-17	PST038	1042	1042	17	più	più	_	_	_	_	_	linguistic	_	some	_	_	_	_	_	_
1042-18	PST038	1042	1042	18	#el	el	_	_	_	_	_	linguistic	_	some	Language=NO_ISO_CODE|Variation=Token	_	_	_	_	_
1042-19	PST038	1042	1042	19	italia:no	italiano	_	_	_	_	_	linguistic	_	some	_	End=2427.8	5x1	_	_	_
1043-0	PST211	1043	1043	0	ah	ah	_	_	_	_	_	linguistic	_	none	ProsodicLink=Yes	Begin=2427.83	_	_	_	_
1043-1	PST211	1043	1043	1	ah	ah	_	_	_	_	_	linguistic	_	none	_	End=2428.41	_	_	_	_
1044-0	PST038	1044	1044	0	e	e	_	_	_	_	_	linguistic	_	none	_	Begin=2428.904	_	_	_	_
1044-1	PST038	1044	1044	1	non	non	_	_	_	_	_	linguistic	_	none	_	_	_	_	_	_
1044-2	PST038	1044	1044	2	ha	ha	_	_	_	_	_	linguistic	_	none	_	_	_	_	_	_
1044-3	PST038	1044	1044	3	voluto	voluto	_	_	_	_	_	linguistic	_	none	_	_	_	_	_	_
1044-4	PST038	1044	1044	4	farlo	farlo	_	_	_	_	_	linguistic	_	none	_	_	_	_	_	_
1044-5	PST038	1044	1044	5	lo	lo	_	_	_	_	_	linguistic	_	none	_	_	_	_	_	_
1044-6	PST038	1044	1044	6	spagno:lo	spagnolo	_	_	_	_	_	linguistic	_	none	_	_	5x1	_	_	_
1044-7	PST038	1044	1044	7	difatti:	difatti	_	_	_	_	_	linguistic	_	none	_	_	6x1	_	_	_
1044-8	PST038	1044	1044	8	lo	lo	_	_	_	_	_	linguistic	_	none	_	_	_	_	_	_
1044-9	PST038	1044	1044	9	spagno:lo	spagnolo	_	_	_	_	_	linguistic	_	none	_	_	5x1	_	_	_
1044-10	PST038	1044	1044	10	con	con	_	_	_	_	_	linguistic	_	none	_	_	_	_	_	_
1044-11	PST038	1044	1044	11	la	la	_	_	_	_	_	linguistic	_	none	_	_	_	_	_	_
1044-12	PST038	1044	1044	12	gramma:tica::,	grammatica	_	_	_	_	_	linguistic	_	none	Intonation=WeaklyRising	End=2432.618	5x1,9x2	_	_	_
1045-0	PST038	1045	1045	0	è::	è	_	_	_	_	_	linguistic	_	none	_	Begin=2433.14	0x2	_	_	_
1045-1	PST038	1045	1045	1	proprio::	proprio	_	_	_	_	_	linguistic	_	none	_	_	6x2	_	_	_
1045-2	PST038	1045	1045	2	molto	molto	_	_	_	_	_	linguistic	_	none	_	_	_	_	_	_
1045-3	PST038	1045	1045	3	sca:[rso]	scarso	_	_	_	_	_	linguistic	_	none	_	End=2435.369	2x1	_	_	3-6(10)
1046-0	PST211	1046	1046	0	[e]:h	eh	_	_	_	_	_	linguistic	_	none	_	Begin=2435.19|End=2435.671	0x1	_	_	0-1(10)
1047-0	PST038	1047	1047	0	purtr[o:ppo	purtroppo	_	_	_	_	_	linguistic	_	none	_	Begin=2435.686	5x1	_	_	5-9(11)
1047-1	PST038	1047	1047	1	pe]rò::	però	_	_	_	_	_	linguistic	_	none	_	End=2437.286	3x2	_	_	0-2(11)
1048-0	PST211	1048	1048	0	[beh]	beh	_	_	_	_	_	linguistic	_	none	_	Begin=2436.065|End=2436.446	_	_	_	0-3(11)
1049-0	PST038	1049	1049	0	no	no	_	_	_	_	_	linguistic	_	none	ProsodicLink=Yes	Begin=2437.404	_	_	_	_
1049-1	PST038	1049	1049	1	no	no	_	_	_	_	_	linguistic	_	none	_	_	_	_	_	_
1049-2	PST038	1049	1049	2	la	la	_	_	_	_	_	linguistic	_	none	_	_	_	_	_	_
1049-3	PST038	1049	1049	3	li:ngua:	lingua	_	_	_	_	_	linguistic	_	none	_	_	1x1,5x1	_	_	_
1049-4	PST038	1049	1049	4	sì	sì	_	_	_	_	_	linguistic	_	none	_	_	_	_	_	_
1049-5	PST038	1049	1049	5	la	la	_	_	_	_	_	linguistic	_	none	_	_	_	_	_	_
1049-6	PST038	1049	1049	6	lingua:	lingua	_	_	_	_	_	linguistic	_	none	_	_	5x1	_	_	_
1049-7	PST038	1049	1049	7	sì::	sì	_	_	_	_	_	linguistic	_	none	_	End=2439.595	1x2	_	_	_
1050-0	PST038	1050	1050	0	e::	e	_	_	_	_	_	linguistic	_	none	_	Begin=2440.525|End=2441.413	0x2	_	_	_
1051-0	PST038	1051	1051	0	a:nche	anche	_	_	_	_	_	linguistic	_	none	_	Begin=2442.05	0x1	_	_	_
1051-1	PST038	1051	1051	1	il	il	_	_	_	_	_	linguistic	_	none	_	_	_	_	_	_
1051-2	PST038	1051	1051	2	mio::	mio	_	_	_	_	_	linguistic	_	none	_	End=2443.351	2x2	_	_	_
1052-0	PST038	1052	1052	0	a:nche	anche	_	_	_	_	_	linguistic	_	none	_	Begin=2443.706	0x1	_	_	_
1052-1	PST038	1052	1052	1	la	la	_	_	_	_	_	linguistic	_	none	_	_	_	_	_	_
1052-2	PST038	1052	1052	2	no:stra	nostra	_	_	_	_	_	linguistic	_	none	_	_	1x1	_	_	_
1052-3	PST038	1052	1052	3	cuci::na	cucina	_	_	_	_	_	linguistic	_	none	_	_	3x2	_	_	_
1052-4	PST038	1052	1052	4	che	che	_	_	_	_	_	linguistic	_	none	_	_	_	_	_	_
1052-5	PST038	1052	1052	5	[non]	non	_	_	_	_	_	linguistic	_	none	_	_	_	_	_	0-3(13)
1052-6	PST038	1052	1052	6	si	si	_	_	_	_	_	linguistic	_	none	_	_	_	_	_	_
1052-7	PST038	1052	1052	7	fa	fa	_	_	_	_	_	linguistic	_	none	_	_	_	_	_	_
1052-8	PST038	1052	1052	8	ma:i	mai	_	_	_	_	_	linguistic	_	none	_	_	1x1	_	_	_
1052-9	PST038	1052	1052	9	quasi	quasi	_	_	_	_	_	linguistic	_	none	_	_	_	_	_	_
1052-10	PST038	1052	1052	10	a	a	_	_	_	_	_	linguistic	_	none	_	_	_	_	_	_
1052-11	PST038	1052	1052	11	ca:[sa]	casa	_	_	_	_	_	linguistic	_	none	_	End=2447.25	1x1	_	_	2-4(14)
1053-0	PST211	1053	1053	0	[m:h]	mh	_	_	_	_	_	linguistic	_	none	_	Begin=2445.33|End=2445.64	0x1	_	_	0-2(13)
1054-0	PST211	1054	1054	0	[ah]	ah	_	_	_	_	_	linguistic	_	none	_	Begin=2446.803|End=2446.996	_	_	_	0-2(14)
1055-0	PST038	1055	1055	0	però::	però	_	_	_	_	_	linguistic	_	none	_	Begin=2448.353	3x2	_	_	_
1055-1	PST038	1055	1055	1	si	si	_	_	_	_	_	linguistic	_	none	_	_	_	_	_	_
1055-2	PST038	1055	1055	2	se	se	_	_	_	_	_	linguistic	_	none	_	_	_	_	_	_
1055-3	PST038	1055	1055	3	va	va	_	_	_	_	_	linguistic	_	none	_	_	_	_	_	_
1055-4	PST038	1055	1055	4	qualche	qualche	_	_	_	_	_	linguistic	_	none	_	_	_	_	_	_
1055-5	PST038	1055	1055	5	ra~	ra~	_	_	_	_	_	linguistic	_	none	Interrupted=Yes	_	_	_	_	_
1055-6	PST038	1055	1055	6	ristorante	ristorante	_	_	_	_	_	linguistic	_	none	_	_	_	_	_	_
1055-7	PST038	1055	1055	7	lati:no	latino	_	_	_	_	_	linguistic	_	none	_	_	3x1	_	_	_
1055-8	PST038	1055	1055	8	qualche	qualche	_	_	_	_	_	linguistic	_	none	_	_	_	_	_	_
1055-9	PST038	1055	1055	9	parte:	parte	_	_	_	_	_	linguistic	_	none	_	End=2452.521	4x1	_	_	_
1056-0	PST038	1056	1056	0	lui::	lui	_	_	_	_	_	linguistic	_	none	_	Begin=2453.301	2x2	_	_	_
1056-1	PST038	1056	1056	1	e::	e	_	_	_	_	_	linguistic	_	none	_	_	0x2	_	_	_
1056-2	PST038	1056	1056	2	mangia,	mangia	_	_	_	_	_	linguistic	_	none	Intonation=WeaklyRising	End=2455.539	_	_	_	_
1057-0	PST038	1057	1057	0	#o	o	_	_	_	_	_	linguistic	_	some	Language=NO_ISO_CODE|Variation=Token	Begin=2455.747	_	_	_	_
1057-1	PST038	1057	1057	1	#sea	sea	_	_	_	_	_	linguistic	_	some	Language=NO_ISO_CODE|Variation=Token	_	_	_	_	_
1057-2	PST038	1057	1057	2	ha	ha	_	_	_	_	_	linguistic	_	some	_	_	_	_	_	_
1057-3	PST038	1057	1057	3	no	no	_	_	_	_	_	linguistic	_	some	ProsodicLink=Yes	_	_	_	_	_
1057-4	PST038	1057	1057	4	no	no	_	_	_	_	_	linguistic	_	some	ProsodicLink=Yes	_	_	_	_	_
1057-5	PST038	1057	1057	5	no	no	_	_	_	_	_	linguistic	_	some	_	_	_	_	_	_
1057-6	PST038	1057	1057	6	no	no	_	_	_	_	_	linguistic	_	some	_	_	_	_	_	_
1057-7	PST038	1057	1057	7	si	si	_	_	_	_	_	linguistic	_	some	_	_	_	_	_	_
1057-8	PST038	1057	1057	8	dimo:stra	dimostra	_	_	_	_	_	linguistic	_	some	_	_	3x1	_	_	_
1057-9	PST038	1057	1057	9	e	e	_	_	_	_	_	linguistic	_	some	_	_	_	_	_	_
1057-10	PST038	1057	1057	10	ma:i	mai	_	_	_	_	_	linguistic	_	some	_	_	1x1	_	_	_
1057-11	PST038	1057	1057	11	si	si	_	_	_	_	_	linguistic	_	some	_	_	_	_	_	_
1057-12	PST038	1057	1057	12	è	è	_	_	_	_	_	linguistic	_	some	_	_	_	_	_	_
1057-13	PST038	1057	1057	13	dimostrato	dimostrato	_	_	_	_	_	linguistic	_	some	_	_	_	_	_	_
1057-14	PST038	1057	1057	14	fin	fin	_	_	_	_	_	linguistic	_	some	_	_	_	_	_	_
1057-15	PST038	1057	1057	15	da	da	_	_	_	_	_	linguistic	_	some	_	_	_	_	_	_
1057-16	PST038	1057	1057	16	pi:ccolo:,	piccolo	_	_	_	_	_	linguistic	_	some	Intonation=WeaklyRising	End=2459.897	1x1,6x1	_	_	_
1059-0	PST038	1059	1059	0	e::h	eh	_	_	_	_	_	linguistic	_	none	_	Begin=2460.393	0x2	_	_	_
1059-1	PST038	1059	1059	1	come	come	_	_	_	_	_	linguistic	_	none	_	_	_	_	_	_
1059-2	PST038	1059	1059	2	dire::	dire	_	_	_	_	_	linguistic	_	none	_	_	3x2	_	_	_
1059-3	PST038	1059	1059	3	così	così	_	_	_	_	_	linguistic	_	none	_	_	_	_	_	_
1059-4	PST038	1059	1059	4	no:	no	_	_	_	_	_	linguistic	_	none	_	_	1x1	_	_	_
1059-5	PST038	1059	1059	5	no:	no	_	_	_	_	_	linguistic	_	none	_	_	1x1	_	_	_
1059-6	PST038	1059	1059	6	perché::	perché	_	_	_	_	_	linguistic	_	none	_	_	5x2	_	_	_
1059-7	PST038	1059	1059	7	cos'	cos'	_	_	_	_	_	linguistic	_	none	SpaceAfter=No	_	_	_	_	_
1059-8	PST038	1059	1059	8	è	è	_	_	_	_	_	linguistic	_	none	_	_	_	_	_	_
1059-9	PST038	1059	1059	9	que:sto	questo	_	_	_	_	_	linguistic	_	none	_	End=2464.912	2x1	_	_	_
1060-0	PST211	1060	1060	0	m:h	mh	_	_	_	_	_	linguistic	_	none	_	Begin=2464.94|End=2465.253	0x1	_	_	_
1061-0	PST038	1061	1061	0	quello	quello	_	_	_	_	_	linguistic	_	none	_	Begin=2465.253	_	_	_	_
1061-1	PST038	1061	1061	1	che	che	_	_	_	_	_	linguistic	_	none	_	_	_	_	_	_
1061-2	PST038	1061	1061	2	le:	le	_	_	_	_	_	linguistic	_	none	_	End=2465.907	1x1	_	_	_
1062-0	PST038	1062	1062	0	poi	poi	_	_	_	_	_	linguistic	_	none	_	Begin=2466.293	_	_	_	_
1062-1	PST038	1062	1062	1	lui:	lui	_	_	_	_	_	linguistic	_	none	_	_	2x1	_	_	_
1062-2	PST038	1062	1062	2	è	è	_	_	_	_	_	linguistic	_	none	_	_	_	_	_	_
1062-3	PST038	1062	1062	3	così	così	_	_	_	_	_	linguistic	_	none	_	_	_	_	_	_
1062-4	PST038	1062	1062	4	lu:i	lui	_	_	_	_	_	linguistic	_	none	_	_	1x1	_	_	_
1062-5	PST038	1062	1062	5	mangia	mangia	_	_	_	_	_	linguistic	_	none	_	_	_	_	_	_
1062-6	PST038	1062	1062	6	di	di	_	_	_	_	_	linguistic	_	none	_	_	_	_	_	_
1062-7	PST038	1062	1062	7	tu:tto::	tutto	_	_	_	_	_	linguistic	_	none	_	_	1x1,4x2	_	_	_
1062-8	PST038	1062	1062	8	anche	anche	_	_	_	_	_	linguistic	_	none	_	_	_	_	_	_
1062-9	PST038	1062	1062	9	italia:no	italiano	_	_	_	_	_	linguistic	_	none	_	_	5x1	_	_	_
1062-10	PST038	1062	1062	10	mangia	mangia	_	_	_	_	_	linguistic	_	none	_	_	_	_	_	_
1062-11	PST038	1062	1062	11	di	di	_	_	_	_	_	linguistic	_	none	_	_	_	_	_	_
1062-12	PST038	1062	1062	12	tu:tto	tutto	_	_	_	_	_	linguistic	_	none	_	End=2470.56	1x1	_	_	_
1063-0	PST211	1063	1063	0	{ride}	{ride}	_	_	_	_	_	nonverbalbehavior	_	none	_	Begin=2468.31|End=2469.401	_	_	_	_
1064-0	PST038	1064	1064	0	e::hm:	ehm	_	_	_	_	_	linguistic	_	none	_	Begin=2470.918|End=2471.96	0x2,2x1	_	_	_
1065-0	PST038	1065	1065	0	noi	noi	_	_	_	_	_	linguistic	_	some	_	Begin=2473.272	_	_	_	_
1065-1	PST038	1065	1065	1	mangiamo	mangiamo	_	_	_	_	_	linguistic	_	some	_	_	_	_	_	_
1065-2	PST038	1065	1065	2	mo:lto:	molto	_	_	_	_	_	linguistic	_	some	_	_	1x1,4x1	_	_	_
1065-3	PST038	1065	1065	3	le	le	_	_	_	_	_	linguistic	_	some	_	_	_	_	_	_
1065-4	PST038	1065	1065	4	legu:mi	legumi	_	_	_	_	_	linguistic	_	some	_	_	3x1	_	_	_
1065-5	PST038	1065	1065	5	#el	el	_	_	_	_	_	linguistic	_	some	Language=NO_ISO_CODE|Variation=Token	_	_	_	_	_
1065-6	PST038	1065	1065	6	ri:so:	riso	_	_	_	_	_	linguistic	_	some	PauseAfter=Yes	_	1x1,3x1	_	_	_
1065-7	PST038	1065	1065	7	{P}	{P}	_	_	_	_	_	shortpause	_	some	_	_	_	_	_	_
1065-8	PST038	1065	1065	8	gli	gli	_	_	_	_	_	linguistic	_	some	_	_	_	_	_	_
1065-9	PST038	1065	1065	9	umidi	umidi	_	_	_	_	_	linguistic	_	some	_	_	_	_	_	_
1065-10	PST038	1065	1065	10	di	di	_	_	_	_	_	linguistic	_	some	_	_	_	_	_	_
1065-11	PST038	1065	1065	11	carni	carni	_	_	_	_	_	linguistic	_	some	_	_	_	_	_	_
1065-12	PST038	1065	1065	12	picca:nti	piccanti	_	_	_	_	_	linguistic	_	some	_	_	4x1	_	_	_
1065-13	PST038	1065	1065	13	[queste	queste	_	_	_	_	_	linguistic	_	some	_	_	_	_	_	0-6(16)
1065-14	PST038	1065	1065	14	co:]se	cose	_	_	_	_	_	linguistic	_	some	_	_	1x1	_	_	0-2(16)
1065-15	PST038	1065	1065	15	#el	el	_	_	_	_	_	linguistic	_	some	Language=NO_ISO_CODE|Variation=Token	_	_	_	_	_
1065-16	PST038	1065	1065	16	pe:sce	pesce	_	_	_	_	_	linguistic	_	some	_	End=2479.532	1x1	_	_	_
1066-0	PST211	1066	1066	0	[mh	mh	_	_	_	_	_	linguistic	_	none	ProsodicLink=Yes	Begin=2478.11	_	_	_	0-2(16)
1066-1	PST211	1066	1066	1	mh]	mh	_	_	_	_	_	linguistic	_	none	_	End=2478.585	_	_	_	0-2(16)
1067-0	PST038	1067	1067	0	e	e	_	_	_	_	_	linguistic	_	none	_	Begin=2479.832	_	_	_	_
1067-1	PST038	1067	1067	1	lui	lui	_	_	_	_	_	linguistic	_	none	_	_	_	_	_	_
1067-2	PST038	1067	1067	2	spiana:	spiana	_	_	_	_	_	linguistic	_	none	_	_	5x1	_	_	_
1067-3	PST038	1067	1067	3	tu:tto	tutto	_	_	_	_	_	linguistic	_	none	_	_	1x1	_	_	_
1067-4	PST038	1067	1067	4	quello:	quello	_	_	_	_	_	linguistic	_	none	_	_	5x1	_	_	_
1067-5	PST038	1067	1067	5	non	non	_	_	_	_	_	linguistic	_	none	_	_	_	_	_	_
1067-6	PST038	1067	1067	6	c'	c'	_	_	_	_	_	linguistic	_	none	SpaceAfter=No	_	_	_	_	_
1067-7	PST038	1067	1067	7	è	è	_	_	_	_	_	linguistic	_	none	_	_	_	_	_	_
1067-8	PST038	1067	1067	8	ne:ssun	nessun	_	_	_	_	_	linguistic	_	none	_	_	1x1	_	_	_
1067-9	PST038	1067	1067	9	problema:	problema	_	_	_	_	_	linguistic	_	none	_	End=2482.516	7x1	_	_	_
1068-0	PST038	1068	1068	0	anche	anche	_	_	_	_	_	linguistic	_	none	_	Begin=2482.927	_	_	_	_
1068-1	PST038	1068	1068	1	que:sto:	questo	_	_	_	_	_	linguistic	_	none	_	End=2483.925	2x1,5x1	_	_	_
1069-0	PST038	1069	1069	0	io	io	_	_	_	_	_	linguistic	_	none	_	Begin=2484.504	_	_	_	_
1069-1	PST038	1069	1069	1	dico	dico	_	_	_	_	_	linguistic	_	none	_	_	_	_	_	_
1069-2	PST038	1069	1069	2	sempre	sempre	_	_	_	_	_	linguistic	_	none	_	_	_	_	_	_
1069-3	PST038	1069	1069	3	è	è	_	_	_	_	_	linguistic	_	none	_	_	_	_	_	_
1069-4	PST038	1069	1069	4	nel	nel	_	_	_	_	_	linguistic	_	none	_	_	_	_	_	_
1069-5	PST038	1069	1069	5	suo:	suo	_	_	_	_	_	linguistic	_	none	_	_	2x1	_	_	_
1069-6	PST038	1069	1069	6	di	di	_	_	_	_	_	linguistic	_	none	_	_	_	_	_	_
1069-7	PST038	1069	1069	7	enne	enne	_	_	_	_	_	linguistic	_	none	_	_	_	_	_	_
1069-8	PST038	1069	1069	8	a:	a	_	_	_	_	_	linguistic	_	none	_	_	0x1	_	_	_
1069-9	PST038	1069	1069	9	mio	mio	_	_	_	_	_	linguistic	_	none	_	_	_	_	_	_
1069-10	PST038	1069	1069	10	marito	marito	_	_	_	_	_	linguistic	_	none	_	_	_	_	_	_
1069-11	PST038	1069	1069	11	di:ce::	dice	_	_	_	_	_	linguistic	_	none	_	_	1x1,3x2	_	_	_
1069-12	PST038	1069	1069	12	è	è	_	_	_	_	_	linguistic	_	none	_	_	_	_	_	_
1069-13	PST038	1069	1069	13	nel	nel	_	_	_	_	_	linguistic	_	none	_	_	_	_	_	_
1069-14	PST038	1069	1069	14	suo	suo	_	_	_	_	_	linguistic	_	none	_	_	_	_	_	_
1069-15	PST038	1069	1069	15	di	di	_	_	_	_	_	linguistic	_	none	_	_	_	_	_	_
1069-16	PST038	1069	1069	16	enne	enne	_	_	_	_	_	linguistic	_	none	_	_	_	_	_	_
1069-17	PST038	1069	1069	17	a:	a	_	_	_	_	_	linguistic	_	none	_	_	0x1	_	_	_
1069-18	PST038	1069	1069	18	perché::	perché	_	_	_	_	_	linguistic	_	none	_	End=2489.442	5x2	_	_	_
1070-0	PST211	1070	1070	0	ma	ma	_	_	_	_	_	linguistic	_	none	_	Begin=2489.65	_	_	_	_
1070-1	PST211	1070	1070	1	tu	tu	_	_	_	_	_	linguistic	_	none	_	_	_	_	_	_
1070-2	PST211	1070	1070	2	quindi	quindi	_	_	_	_	_	linguistic	_	none	_	_	_	_	_	_
1070-3	PST211	1070	1070	3	non	non	_	_	_	_	_	linguistic	_	none	_	_	_	_	_	_
1070-4	PST211	1070	1070	4	cu~	cu~	_	_	_	_	_	linguistic	_	none	Interrupted=Yes	_	_	_	_	_
1070-5	PST211	1070	1070	5	non	non	_	_	_	_	_	linguistic	_	none	_	_	_	_	_	_
1070-6	PST211	1070	1070	6	cuci:ni	cucini	_	_	_	_	_	linguistic	_	none	_	_	3x1	_	_	_
1070-7	PST211	1070	1070	7	d~	d~	_	_	_	_	_	linguistic	_	none	Interrupted=Yes	_	_	_	_	_
1070-8	PST211	1070	1070	8	di	di	_	_	_	_	_	linguistic	_	none	_	_	_	_	_	_
1070-9	PST211	1070	1070	9	soli:to::	solito	_	_	_	_	_	linguistic	_	none	_	_	3x1,5x2	_	_	_
1070-10	PST211	1070	1070	10	cose	cose	_	_	_	_	_	linguistic	_	none	_	_	_	_	_	_
1070-11	PST211	1070	1070	11	tradiziona:li?	tradizionali	_	_	_	_	_	linguistic	_	none	Intonation=Rising	End=2494.189	9x1	_	_	_
1071-0	PST038	1071	1071	0	eh	eh	_	_	_	_	_	linguistic	_	none	_	Begin=2495.182	_	_	_	_
1071-1	PST038	1071	1071	1	cu~	cu~	_	_	_	_	_	linguistic	_	none	Interrupted=Yes	_	_	_	_	_
1071-2	PST038	1071	1071	2	cucino	cucino	_	_	_	_	_	linguistic	_	none	_	_	_	_	_	_
1071-3	PST038	1071	1071	3	quelle	quelle	_	_	_	_	_	linguistic	_	none	_	_	_	_	_	_
1071-4	PST038	1071	1071	4	tre	tre	_	_	_	_	_	linguistic	_	none	_	_	_	_	_	_
1071-5	PST038	1071	1071	5	quattro	quattro	_	_	_	_	_	linguistic	_	none	_	_	_	_	_	_
1071-6	PST038	1071	1071	6	co:se	cose	_	_	_	_	_	linguistic	_	none	_	End=2497.247	1x1	_	_	_
1072-0	PST211	1072	1072	0	mh	mh	_	_	_	_	_	linguistic	_	none	_	Begin=2497.26|End=2497.57	_	_	_	_
1073-0	PST038	1073	1073	0	perché::	perché	_	_	_	_	_	linguistic	_	none	_	Begin=2497.646|End=2498.222	5x2	_	_	_
1074-0	PST038	1074	1074	0	veramente	veramente	_	_	_	_	_	linguistic	_	none	_	Begin=2498.413	_	_	_	_
1074-1	PST038	1074	1074	1	arrivando	arrivando	_	_	_	_	_	linguistic	_	none	_	_	_	_	_	_
1074-2	PST038	1074	1074	2	mo:lto	molto	_	_	_	_	_	linguistic	_	none	_	_	1x1	_	_	_
1074-3	PST038	1074	1074	3	giovane	giovane	_	_	_	_	_	linguistic	_	none	_	_	_	_	_	_
1074-4	PST038	1074	1074	4	qua::	qua	_	_	_	_	_	linguistic	_	none	_	End=2500.5	2x2	_	_	_
1075-0	PST038	1075	1075	0	e::	e	_	_	_	_	_	linguistic	_	none	_	Begin=2501.138	0x2	_	_	_
1075-1	PST038	1075	1075	1	mia	mia	_	_	_	_	_	linguistic	_	none	_	_	_	_	_	_
1075-2	PST038	1075	1075	2	ma:mma	mamma	_	_	_	_	_	linguistic	_	none	_	_	1x1	_	_	_
1075-3	PST038	1075	1075	3	cucina:va	cucinava	_	_	_	_	_	linguistic	_	none	_	_	5x1	_	_	_
1075-4	PST038	1075	1075	4	io	io	_	_	_	_	_	linguistic	_	none	_	_	_	_	_	_
1075-5	PST038	1075	1075	5	no:n	non	_	_	_	_	_	linguistic	_	none	_	_	1x1	_	_	_
1075-6	PST038	1075	1075	6	{ride}	{ride}	_	_	_	_	_	nonverbalbehavior	_	none	_	End=2504.117	_	_	_	_
1076-0	PST211	1076	1076	0	ah	ah	_	_	_	_	_	linguistic	_	none	ProsodicLink=Yes	Begin=2503.61	_	_	_	_
1076-1	PST211	1076	1076	1	ah	ah	_	_	_	_	_	linguistic	_	none	_	_	_	_	_	_
1076-2	PST211	1076	1076	2	{ride}	{ride}	_	_	_	_	_	nonverbalbehavior	_	none	_	End=2505.18	_	_	_	_
1077-0	PST038	1077	1077	0	no	no	_	_	_	_	_	linguistic	_	none	_	Begin=2506.322	_	_	_	_
1077-1	PST038	1077	1077	1	no	no	_	_	_	_	_	linguistic	_	none	_	_	_	_	_	_
1077-2	PST038	1077	1077	2	no	no	_	_	_	_	_	linguistic	_	none	_	_	_	_	_	_
1077-3	PST038	1077	1077	3	no	no	_	_	_	_	_	linguistic	_	none	_	_	_	_	_	_
1077-4	PST038	1077	1077	4	cucina:vo	cucinavo	_	_	_	_	_	linguistic	_	none	_	_	5x1	_	_	_
1077-5	PST038	1077	1077	5	e:	e	_	_	_	_	_	linguistic	_	none	_	_	0x1	_	_	_
1077-6	PST038	1077	1077	6	adesso:	adesso	_	_	_	_	_	linguistic	_	none	_	End=2509.4	5x1	_	_	_
1078-0	PST038	1078	1078	0	e::	e	_	_	_	_	_	linguistic	_	none	_	Begin=2509.785	0x2	_	_	_
1078-1	PST038	1078	1078	1	chie~	chie~	_	_	_	_	_	linguistic	_	none	Interrupted=Yes	_	_	_	_	_
1078-2	PST038	1078	1078	2	ho	ho	_	_	_	_	_	linguistic	_	none	_	_	_	_	_	_
1078-3	PST038	1078	1078	3	chiesto:	chiesto	_	_	_	_	_	linguistic	_	none	_	_	6x1	_	_	_
1078-4	PST038	1078	1078	4	se:mpre::	sempre	_	_	_	_	_	linguistic	_	none	_	End=2512.293	1x1,5x2	_	_	_
1079-0	PST038	1079	1079	0	vabbè	vabbè	_	_	_	_	_	linguistic	_	none	_	Begin=2512.994	_	_	_	_
1079-1	PST038	1079	1079	1	qua	qua	_	_	_	_	_	linguistic	_	none	_	_	_	_	_	_
1079-2	PST038	1079	1079	2	a:desso	adesso	_	_	_	_	_	linguistic	_	none	_	_	0x1	_	_	_
1079-3	PST038	1079	1079	3	che	che	_	_	_	_	_	linguistic	_	none	_	_	_	_	_	_
1079-4	PST038	1079	1079	4	siamo:	siamo	_	_	_	_	_	linguistic	_	none	_	_	4x1	_	_	_
1079-5	PST038	1079	1079	5	più::	più	_	_	_	_	_	linguistic	_	none	_	End=2514.796	2x2	_	_	_
1080-0	PST038	1080	1080	0	e::h	eh	_	_	_	_	_	linguistic	_	none	_	Begin=2515.123	0x2	_	_	_
1080-1	PST038	1080	1080	1	peruvia:ni	peruviani	_	_	_	_	_	linguistic	_	none	_	_	6x1	_	_	_
1080-2	PST038	1080	1080	2	si	si	_	_	_	_	_	linguistic	_	none	_	_	_	_	_	_
1080-3	PST038	1080	1080	3	chiede	chiede	_	_	_	_	_	linguistic	_	none	_	_	_	_	_	_
1080-4	PST038	1080	1080	4	in	in	_	_	_	_	_	linguistic	_	none	_	_	_	_	_	_
1080-5	PST038	1080	1080	5	gi:ro:	giro	_	_	_	_	_	linguistic	_	none	_	_	1x1,3x1	_	_	_
1080-6	PST038	1080	1080	6	si	si	_	_	_	_	_	linguistic	_	none	_	_	_	_	_	_
1080-7	PST038	1080	1080	7	chiede	chiede	_	_	_	_	_	linguistic	_	none	_	_	_	_	_	_
1080-8	PST038	1080	1080	8	qua:	qua	_	_	_	_	_	linguistic	_	none	_	End=2518.161	2x1	_	_	_
1081-0	PST038	1081	1081	0	però	però	_	_	_	_	_	linguistic	_	some	_	Begin=2518.464	_	_	_	_
1081-1	PST038	1081	1081	1	allo:ra:	allora	_	_	_	_	_	linguistic	_	some	_	_	3x1,5x1	_	_	_
1081-2	PST038	1081	1081	2	quando	quando	_	_	_	_	_	linguistic	_	some	_	_	_	_	_	_
1081-3	PST038	1081	1081	3	era	era	_	_	_	_	_	linguistic	_	some	_	_	_	_	_	_
1081-4	PST038	1081	1081	4	difficile	difficile	_	_	_	_	_	linguistic	_	some	_	_	_	_	_	_
1081-5	PST038	1081	1081	5	dovevo	dovevo	_	_	_	_	_	linguistic	_	some	_	_	_	_	_	_
1081-6	PST038	1081	1081	6	#compra:r	comprar	_	_	_	_	_	linguistic	_	some	Language=NO_ISO_CODE|Variation=Token	_	5x1	_	_	_
1081-7	PST038	1081	1081	7	l'	l'	_	_	_	_	_	linguistic	_	some	SpaceAfter=No	_	_	_	_	_
1081-8	PST038	1081	1081	8	$esche:da	escheda	_	_	_	_	_	linguistic	_	some	Orthography=Yes|Variation=Emerging	_	4x1	_	_	_
1081-9	PST038	1081	1081	9	inseri:rla	inserirla	_	_	_	_	_	linguistic	_	some	_	_	5x1	_	_	_
1081-10	PST038	1081	1081	10	in	in	_	_	_	_	_	linguistic	_	some	_	_	_	_	_	_
1081-11	PST038	1081	1081	11	cabina	cabina	_	_	_	_	_	linguistic	_	some	_	_	_	_	_	_
1081-12	PST038	1081	1081	12	telefo:nica	telefonica	_	_	_	_	_	linguistic	_	some	_	_	5x1	_	_	_
1081-13	PST038	1081	1081	13	(e)	e	_	_	_	_	_	linguistic	_	some	_	_	_	_	0-1(0)	_
1081-14	PST038	1081	1081	14	chiederle	chiederle	_	_	_	_	_	linguistic	_	some	_	_	_	_	_	_
1081-15	PST038	1081	1081	15	a	a	_	_	_	_	_	linguistic	_	some	_	_	_	_	_	_
1081-16	PST038	1081	1081	16	mia	mia	_	_	_	_	_	linguistic	_	some	_	_	_	_	_	_
1081-17	PST038	1081	1081	17	ma:mma	mamma	_	_	_	_	_	linguistic	_	some	_	_	1x1	_	_	_
1081-18	PST038	1081	1081	18	come	come	_	_	_	_	_	linguistic	_	some	_	_	_	_	_	_
1081-19	PST038	1081	1081	19	si	si	_	_	_	_	_	linguistic	_	some	_	_	_	_	_	_
1081-20	PST038	1081	1081	20	faceva	faceva	_	_	_	_	_	linguistic	_	some	_	_	_	_	_	_
1081-21	PST038	1081	1081	21	tale	tale	_	_	_	_	_	linguistic	_	some	_	_	_	_	_	_
1081-22	PST038	1081	1081	22	[co:sa:]	cosa	_	_	_	_	_	linguistic	_	some	_	End=2525.603	1x1,3x1	_	_	0-4(20)
1082-0	PST211	1082	1082	0	[ah]	ah	_	_	_	_	_	linguistic	_	none	ProsodicLink=Yes	Begin=2525.19	_	_	_	0-2(20)
1082-1	PST211	1082	1082	1	a:h	ah	_	_	_	_	_	linguistic	_	none	_	_	0x1	_	_	_
1082-2	PST211	1082	1082	2	eh	eh	_	_	_	_	_	linguistic	_	none	_	_	_	_	_	_
1082-3	PST211	1082	1082	3	sì	sì	_	_	_	_	_	linguistic	_	none	_	End=2526.769	_	_	_	_
1083-0	PST038	1083	1083	0	perché	perché	_	_	_	_	_	linguistic	_	none	_	Begin=2526.796	_	_	_	_
1083-1	PST038	1083	1083	1	no:n	non	_	_	_	_	_	linguistic	_	none	_	_	1x1	_	_	_
1083-2	PST038	1083	1083	2	sape[:vo]	sapevo	_	_	_	_	_	linguistic	_	none	_	End=2528.078	3x1	_	_	4-6(21)
1084-0	PST211	1084	1084	0	[ah]	ah	_	_	_	_	_	linguistic	_	none	ProsodicLink=Yes	Begin=2527.944	_	_	_	0-2(21)
1084-1	PST211	1084	1084	1	ah	ah	_	_	_	_	_	linguistic	_	none	_	End=2528.422	_	_	_	_
1085-0	PST038	1085	1085	0	e::	e	_	_	_	_	_	linguistic	_	some	_	Begin=2528.563	0x2	_	_	_
1085-1	PST038	1085	1085	1	ade:sso::	adesso	_	_	_	_	_	linguistic	_	some	_	_	2x1,5x2	_	_	_
1085-2	PST038	1085	1085	2	adesso	adesso	_	_	_	_	_	linguistic	_	some	_	_	_	_	_	_
1085-3	PST038	1085	1085	3	se	se	_	_	_	_	_	linguistic	_	some	_	_	_	_	_	_
1085-4	PST038	1085	1085	4	vive:	vive	_	_	_	_	_	linguistic	_	some	_	_	3x1	_	_	_
1085-5	PST038	1085	1085	5	per	per	_	_	_	_	_	linguistic	_	some	_	_	_	_	_	_
1085-6	PST038	1085	1085	6	noi	noi	_	_	_	_	_	linguistic	_	some	_	_	_	_	_	_
1085-7	PST038	1085	1085	7	$estra:nie:ri	estranieri	_	_	_	_	_	linguistic	_	some	Orthography=Yes|Variation=Emerging	_	4x1,7x1	_	_	_
1085-8	PST038	1085	1085	8	s~	s~	_	_	_	_	_	linguistic	_	some	Interrupted=Yes	_	_	_	_	_
1085-9	PST038	1085	1085	9	per	per	_	_	_	_	_	linguistic	_	some	_	_	_	_	_	_
1085-10	PST038	1085	1085	10	me	me	_	_	_	_	_	linguistic	_	some	_	_	_	_	_	_
1085-11	PST038	1085	1085	11	#digo	digo	_	_	_	_	_	linguistic	_	some	Language=NO_ISO_CODE|Variation=Token	_	_	_	_	_
1085-12	PST038	1085	1085	12	se	se	_	_	_	_	_	linguistic	_	some	_	_	_	_	_	_
1085-13	PST038	1085	1085	13	vive	vive	_	_	_	_	_	linguistic	_	some	_	_	_	_	_	_
1085-14	PST038	1085	1085	14	nel	nel	_	_	_	_	_	linguistic	_	some	_	_	_	_	_	_
1085-15	PST038	1085	1085	15	lu:sso	lusso	_	_	_	_	_	linguistic	_	some	_	_	1x1	_	_	_
1085-16	PST038	1085	1085	16	perché	perché	_	_	_	_	_	linguistic	_	some	_	_	_	_	_	_
1085-17	PST038	1085	1085	17	anche:	anche	_	_	_	_	_	linguistic	_	some	_	End=2533.832	4x1	_	_	_
1086-0	PST038	1086	1086	0	#el	el	_	_	_	_	_	linguistic	_	some	Language=NO_ISO_CODE|Variation=Token	Begin=2534.172	_	_	_	_
1086-1	PST038	1086	1086	1	supermerca:to:	supermercato	_	_	_	_	_	linguistic	_	some	_	_	9x1,11x1	_	_	_
1086-2	PST038	1086	1086	2	#e:l	el	_	_	_	_	_	linguistic	_	some	Language=NO_ISO_CODE|Variation=Token	_	0x1	_	_	_
1086-3	PST038	1086	1086	3	#el	el	_	_	_	_	_	linguistic	_	some	Language=NO_ISO_CODE|Variation=Token	_	_	_	_	_
1086-4	PST038	1086	1086	4	negozietto	negozietto	_	_	_	_	_	linguistic	_	some	_	_	_	_	_	_
1086-5	PST038	1086	1086	5	lati:no	latino	_	_	_	_	_	linguistic	_	some	_	_	3x1	_	_	_
1086-6	PST038	1086	1086	6	trovi	trovi	_	_	_	_	_	linguistic	_	some	_	_	_	_	_	_
1086-7	PST038	1086	1086	7	tu:tto	tutto	_	_	_	_	_	linguistic	_	some	_	End=2537.587	1x1	_	_	_
1087-0	PST211	1087	1087	0	certo	certo	_	_	_	_	_	linguistic	_	none	_	Begin=2537.63|End=2538.211	_	_	_	_
1088-0	PST038	1088	1088	0	io	io	_	_	_	_	_	linguistic	_	some	_	Begin=2538.32	_	_	_	_
1088-1	PST038	1088	1088	1	mi	mi	_	_	_	_	_	linguistic	_	some	_	_	_	_	_	_
1088-2	PST038	1088	1088	2	so:no	sono	_	_	_	_	_	linguistic	_	some	_	_	1x1	_	_	_
1088-3	PST038	1088	1088	3	aggiusta:ta	aggiustata	_	_	_	_	_	linguistic	_	some	_	_	7x1	_	_	_
1088-4	PST038	1088	1088	4	qua	qua	_	_	_	_	_	linguistic	_	some	PauseAfter=Yes	_	_	_	_	_
1088-5	PST038	1088	1088	5	{P}	{P}	_	_	_	_	_	shortpause	_	some	_	_	_	_	_	_
1088-6	PST038	1088	1088	6	anche	anche	_	_	_	_	_	linguistic	_	some	_	_	_	_	_	_
1088-7	PST038	1088	1088	7	con	con	_	_	_	_	_	linguistic	_	some	_	_	_	_	_	_
1088-8	PST038	1088	1088	8	i	i	_	_	_	_	_	linguistic	_	some	_	_	_	_	_	_
1088-9	PST038	1088	1088	9	forma:ggi	formaggi	_	_	_	_	_	linguistic	_	some	_	_	4x1	_	_	_
1088-10	PST038	1088	1088	10	anche	anche	_	_	_	_	_	linguistic	_	some	_	_	_	_	_	_
1088-11	PST038	1088	1088	11	con	con	_	_	_	_	_	linguistic	_	some	_	_	_	_	_	_
1088-12	PST038	1088	1088	12	i	i	_	_	_	_	_	linguistic	_	some	_	_	_	_	_	_
1088-13	PST038	1088	1088	13	peperonci:ni	peperoncini	_	_	_	_	_	linguistic	_	some	_	_	8x1	_	_	_
1088-14	PST038	1088	1088	14	(io)	io	_	_	_	_	_	linguistic	_	some	_	_	_	_	0-2(0)	_
1088-15	PST038	1088	1088	15	ho	ho	_	_	_	_	_	linguistic	_	some	_	_	_	_	_	_
1088-16	PST038	1088	1088	16	assaggiato	assaggiato	_	_	_	_	_	linguistic	_	some	_	_	_	_	_	_
1088-17	PST038	1088	1088	17	varietà:	varietà	_	_	_	_	_	linguistic	_	some	_	_	6x1	_	_	_
1088-18	PST038	1088	1088	18	per	per	_	_	_	_	_	linguistic	_	some	_	_	_	_	_	_
1088-19	PST038	1088	1088	19	sapere	sapere	_	_	_	_	_	linguistic	_	some	_	_	_	_	_	_
1088-20	PST038	1088	1088	20	quale	quale	_	_	_	_	_	linguistic	_	some	_	_	_	_	_	_
1088-21	PST038	1088	1088	21	potevo	potevo	_	_	_	_	_	linguistic	_	some	_	_	_	_	_	_
1088-22	PST038	1088	1088	22	farlo	farlo	_	_	_	_	_	linguistic	_	some	_	_	_	_	_	_
1088-23	PST038	1088	1088	23	con	con	_	_	_	_	_	linguistic	_	some	_	_	_	_	_	_
1088-24	PST038	1088	1088	24	quella	quella	_	_	_	_	_	linguistic	_	some	_	_	_	_	_	_
1088-25	PST038	1088	1088	25	sa:lsa	salsa	_	_	_	_	_	linguistic	_	some	_	_	1x1	_	_	_
1088-26	PST038	1088	1088	26	con	con	_	_	_	_	_	linguistic	_	some	_	_	_	_	_	_
1088-27	PST038	1088	1088	27	que:sto	questo	_	_	_	_	_	linguistic	_	some	_	_	2x1	_	_	_
1088-28	PST038	1088	1088	28	con	con	_	_	_	_	_	linguistic	_	some	_	_	_	_	_	_
1088-29	PST038	1088	1088	29	que:llo	quello	_	_	_	_	_	linguistic	_	some	_	_	2x1	_	_	_
1088-30	PST038	1088	1088	30	con	con	_	_	_	_	_	linguistic	_	some	_	_	_	_	_	_
1088-31	PST038	1088	1088	31	l'	l'	_	_	_	_	_	linguistic	_	some	SpaceAfter=No	_	_	_	_	_
1088-32	PST038	1088	1088	32	a:ltro	altro	_	_	_	_	_	linguistic	_	some	_	_	0x1	_	_	_
1088-33	PST038	1088	1088	33	#el	el	_	_	_	_	_	linguistic	_	some	Language=NO_ISO_CODE|Variation=Token	_	_	_	_	_
1088-34	PST038	1088	1088	34	tipo	tipo	_	_	_	_	_	linguistic	_	some	_	_	_	_	_	_
1088-35	PST038	1088	1088	35	#de	de	_	_	_	_	_	linguistic	_	some	Language=NO_ISO_CODE|Variation=Token	_	_	_	_	_
1088-36	PST038	1088	1088	36	riso	riso	_	_	_	_	_	linguistic	_	some	_	_	_	_	_	_
1088-37	PST038	1088	1088	37	perché	perché	_	_	_	_	_	linguistic	_	some	_	_	_	_	_	_
1088-38	PST038	1088	1088	38	finisco	finisco	_	_	_	_	_	linguistic	_	some	_	_	_	_	_	_
1088-39	PST038	1088	1088	39	la	la	_	_	_	_	_	linguistic	_	some	_	_	_	_	_	_
1088-40	PST038	1088	1088	40	cottu:ra	cottura	_	_	_	_	_	linguistic	_	some	_	_	4x1	_	_	_
1088-41	PST038	1088	1088	41	a	a	_	_	_	_	_	linguistic	_	some	_	_	_	_	_	_
1088-42	PST038	1088	1088	42	mo:do	modo	_	_	_	_	_	linguistic	_	some	_	_	1x1	_	_	_
1088-43	PST038	1088	1088	43	no:stro:	nostro	_	_	_	_	_	linguistic	_	some	_	End=2552.518	1x1,5x1	_	_	_
1089-0	PST211	1089	1089	0	mh	mh	_	_	_	_	_	linguistic	_	none	ProsodicLink=Yes	Begin=2552.58	_	_	_	_
1089-1	PST211	1089	1089	1	mh	mh	_	_	_	_	_	linguistic	_	none	_	End=2553.065	_	_	_	_
1090-0	PST038	1090	1090	0	a:llo:ra	allora	_	_	_	_	_	linguistic	_	none	_	Begin=2553.225	0x1,3x1	_	_	_
1090-1	PST038	1090	1090	1	io	io	_	_	_	_	_	linguistic	_	none	_	_	_	_	_	_
1090-2	PST038	1090	1090	2	ti	ti	_	_	_	_	_	linguistic	_	none	_	_	_	_	_	_
1090-3	PST038	1090	1090	3	pa:rlo	parlo	_	_	_	_	_	linguistic	_	none	_	_	1x1	_	_	_
1090-4	PST038	1090	1090	4	ancora	ancora	_	_	_	_	_	linguistic	_	none	_	_	_	_	_	_
1090-5	PST038	1090	1090	5	dell'	dell'	_	_	_	_	_	linguistic	_	none	SpaceAfter=No	_	_	_	_	_
1090-6	PST038	1090	1090	6	anno	anno	_	_	_	_	_	linguistic	_	none	_	_	_	_	_	_
1090-7	PST038	1090	1090	7	due:mila	duemila	_	_	_	_	_	linguistic	_	none	_	_	2x1	_	_	_
1090-8	PST038	1090	1090	8	e:h	eh	_	_	_	_	_	linguistic	_	none	_	_	0x1	_	_	_
1090-9	PST038	1090	1090	9	[si	si	_	_	_	_	_	linguistic	_	none	_	_	_	_	_	0-2(22)
1090-10	PST038	1090	1090	10	son]	son	_	_	_	_	_	linguistic	_	none	_	_	_	_	_	0-3(22)
1090-11	PST038	1090	1090	11	passati	passati	_	_	_	_	_	linguistic	_	none	_	_	_	_	_	_
1090-12	PST038	1090	1090	12	ta:nti	tanti	_	_	_	_	_	linguistic	_	none	_	_	1x1	_	_	_
1090-13	PST038	1090	1090	13	a:nni	anni	_	_	_	_	_	linguistic	_	none	_	End=2557.746	0x1	_	_	_
1091-0	PST211	1091	1091	0	[m:h]	mh	_	_	_	_	_	linguistic	_	none	_	Begin=2556.23|End=2556.588	0x1	_	_	0-2(22)
1092-0	PST038	1092	1092	0	però	però	_	_	_	_	_	linguistic	_	some	_	Begin=2558.104	_	_	_	_
1092-1	PST038	1092	1092	1	con	con	_	_	_	_	_	linguistic	_	some	_	_	_	_	_	_
1092-2	PST038	1092	1092	2	la	la	_	_	_	_	_	linguistic	_	some	_	_	_	_	_	_
1092-3	PST038	1092	1092	3	apertura	apertura	_	_	_	_	_	linguistic	_	some	_	_	_	_	_	_
1092-4	PST038	1092	1092	4	del	del	_	_	_	_	_	linguistic	_	some	_	_	_	_	_	_
1092-5	PST038	1092	1092	5	mo:ndo	mondo	_	_	_	_	_	linguistic	_	some	_	_	1x1	_	_	_
1092-6	PST038	1092	1092	6	#el	el	_	_	_	_	_	linguistic	_	some	Language=NO_ISO_CODE|Variation=Token	_	_	_	_	_
1092-7	PST038	1092	1092	7	comme:rcio	commercio	_	_	_	_	_	linguistic	_	some	PauseAfter=Yes	_	4x1	_	_	_
1092-8	PST038	1092	1092	8	{P}	{P}	_	_	_	_	_	shortpause	_	some	_	_	_	_	_	_
1092-9	PST038	1092	1092	9	adesso	adesso	_	_	_	_	_	linguistic	_	some	_	_	_	_	_	_
1092-10	PST038	1092	1092	10	arriva	arriva	_	_	_	_	_	linguistic	_	some	_	_	_	_	_	_
1092-11	PST038	1092	1092	11	di	di	_	_	_	_	_	linguistic	_	some	_	_	_	_	_	_
1092-12	PST038	1092	1092	12	tu:tto	tutto	_	_	_	_	_	linguistic	_	some	_	_	1x1	_	_	_
1092-13	PST038	1092	1092	13	[e:h]	eh	_	_	_	_	_	linguistic	_	some	_	End=2562.364	0x1	_	_	0-2(23)
1093-0	PST211	1093	1093	0	[eh]	eh	_	_	_	_	_	linguistic	_	none	_	Begin=2562.01	_	_	_	0-2(23)
1093-1	PST211	1093	1093	1	sì	sì	_	_	_	_	_	linguistic	_	none	_	End=2562.483	_	_	_	_
1094-0	PST038	1094	1094	0	e::	e	_	_	_	_	_	linguistic	_	some	_	Begin=2562.503	0x2	_	_	_
1094-1	PST038	1094	1094	1	qualche	qualche	_	_	_	_	_	linguistic	_	some	_	_	_	_	_	_
1094-2	PST038	1094	1094	2	cosa	cosa	_	_	_	_	_	linguistic	_	some	_	_	_	_	_	_
1094-3	PST038	1094	1094	3	ci	ci	_	_	_	_	_	linguistic	_	some	_	_	_	_	_	_
1094-4	PST038	1094	1094	4	ma:nca	manca	_	_	_	_	_	linguistic	_	some	PauseAfter=Yes	_	1x1	_	_	_
1094-5	PST038	1094	1094	5	{P}	{P}	_	_	_	_	_	shortpause	_	some	_	_	_	_	_	_
1094-6	PST038	1094	1094	6	qualche	qualche	_	_	_	_	_	linguistic	_	some	_	_	_	_	_	_
1094-7	PST038	1094	1094	7	fru:tta	frutta	_	_	_	_	_	linguistic	_	some	_	_	2x1	_	_	_
1094-8	PST038	1094	1094	8	tropica:le	tropicale	_	_	_	_	_	linguistic	_	some	_	_	6x1	_	_	_
1094-9	PST038	1094	1094	9	che	che	_	_	_	_	_	linguistic	_	some	_	_	_	_	_	_
1094-10	PST038	1094	1094	10	ovviamente	ovviamente	_	_	_	_	_	linguistic	_	some	_	_	_	_	_	_
1094-11	PST038	1094	1094	11	pe:nso	penso	_	_	_	_	_	linguistic	_	some	_	_	1x1	_	_	_
1094-12	PST038	1094	1094	12	che	che	_	_	_	_	_	linguistic	_	some	_	_	_	_	_	_
1094-13	PST038	1094	1094	13	#por	por	_	_	_	_	_	linguistic	_	some	Language=NO_ISO_CODE|Variation=Token	_	_	_	_	_
1094-14	PST038	1094	1094	14	questione	questione	_	_	_	_	_	linguistic	_	some	_	_	_	_	_	_
1094-15	PST038	1094	1094	15	di	di	_	_	_	_	_	linguistic	_	some	_	_	_	_	_	_
1094-16	PST038	1094	1094	16	tras:porti	trasporti	_	_	_	_	_	linguistic	_	some	_	_	3x1	_	_	_
1094-17	PST038	1094	1094	17	te:mpo	tempo	_	_	_	_	_	linguistic	_	some	_	_	1x1	_	_	_
1094-18	PST038	1094	1094	18	non	non	_	_	_	_	_	linguistic	_	some	_	_	_	_	_	_
1094-19	PST038	1094	1094	19	si	si	_	_	_	_	_	linguistic	_	some	_	_	_	_	_	_
1094-20	PST038	1094	1094	20	riuscirebbe	riuscirebbe	_	_	_	_	_	linguistic	_	some	_	_	_	_	_	_
1094-21	PST038	1094	1094	21	mai	mai	_	_	_	_	_	linguistic	_	some	_	_	_	_	_	_
1094-22	PST038	1094	1094	22	a	a	_	_	_	_	_	linguistic	_	some	_	_	_	_	_	_
1094-23	PST038	1094	1094	23	che	che	_	_	_	_	_	linguistic	_	some	_	_	_	_	_	_
1094-24	PST038	1094	1094	24	arrivassero	arrivassero	_	_	_	_	_	linguistic	_	some	_	_	_	_	_	_
1094-25	PST038	1094	1094	25	qua:	qua	_	_	_	_	_	linguistic	_	some	_	_	2x1	_	_	_
1094-26	PST038	1094	1094	26	ma:i	mai	_	_	_	_	_	linguistic	_	some	_	_	1x1	_	_	_
1094-27	PST038	1094	1094	27	sono	sono	_	_	_	_	_	linguistic	_	some	_	_	_	_	_	_
1094-28	PST038	1094	1094	28	cose	cose	_	_	_	_	_	linguistic	_	some	_	_	_	_	_	_
1094-29	PST038	1094	1094	29	che	che	_	_	_	_	_	linguistic	_	some	_	_	_	_	_	_
1094-30	PST038	1094	1094	30	ancora	ancora	_	_	_	_	_	linguistic	_	some	_	_	_	_	_	_
1094-31	PST038	1094	1094	31	non	non	_	_	_	_	_	linguistic	_	some	_	_	_	_	_	_
1094-32	PST038	1094	1094	32	ci	ci	_	_	_	_	_	linguistic	_	some	_	_	_	_	_	_
1094-33	PST038	1094	1094	33	so:no	sono	_	_	_	_	_	linguistic	_	some	_	End=2573.201	1x1	_	_	_
1095-0	PST211	1095	1095	0	ah	ah	_	_	_	_	_	linguistic	_	none	_	Begin=2573.23	_	_	_	_
1095-1	PST211	1095	1095	1	ah	ah	_	_	_	_	_	linguistic	_	none	_	End=2573.612	_	_	_	_
1096-0	PST038	1096	1096	0	però::	però	_	_	_	_	_	linguistic	_	none	_	Begin=2573.721	3x2	_	_	_
1096-1	PST038	1096	1096	1	no	no	_	_	_	_	_	linguistic	_	none	ProsodicLink=Yes	_	_	_	_	_
1096-2	PST038	1096	1096	2	non	non	_	_	_	_	_	linguistic	_	none	_	_	_	_	_	_
1096-3	PST038	1096	1096	3	non	non	_	_	_	_	_	linguistic	_	none	_	_	_	_	_	_
1096-4	PST038	1096	1096	4	ci	ci	_	_	_	_	_	linguistic	_	none	_	_	_	_	_	_
1096-5	PST038	1096	1096	5	possiamo	possiamo	_	_	_	_	_	linguistic	_	none	_	_	_	_	_	_
1096-6	PST038	1096	1096	6	lamenta:r	lamentar	_	_	_	_	_	linguistic	_	none	PauseAfter=Yes	_	6x1	_	_	_
1096-7	PST038	1096	1096	7	{P}	{P}	_	_	_	_	_	shortpause	_	none	_	_	_	_	_	_
1096-8	PST038	1096	1096	8	troviamo	troviamo	_	_	_	_	_	linguistic	_	none	_	_	_	_	_	_
1096-9	PST038	1096	1096	9	di	di	_	_	_	_	_	linguistic	_	none	_	_	_	_	_	_
1096-10	PST038	1096	1096	10	tu:tto	tutto	_	_	_	_	_	linguistic	_	none	_	End=2577.327	1x1	_	_	_
1097-0	PST211	1097	1097	0	m:h	mh	_	_	_	_	_	linguistic	_	none	_	Begin=2577.34|End=2577.64	0x1	_	_	_
1098-0	PST038	1098	1098	0	si	si	_	_	_	_	_	linguistic	_	none	_	Begin=2577.668	_	_	_	_
1098-1	PST038	1098	1098	1	trova	trova	_	_	_	_	_	linguistic	_	none	_	_	_	_	_	_
1098-2	PST038	1098	1098	2	di	di	_	_	_	_	_	linguistic	_	none	_	_	_	_	_	_
1098-3	PST038	1098	1098	3	tu:tto	tutto	_	_	_	_	_	linguistic	_	none	_	_	1x1	_	_	_
1098-4	PST038	1098	1098	4	[qua]	qua	_	_	_	_	_	linguistic	_	none	_	End=2579.085	_	_	_	0-3(26)
1099-0	PST211	1099	1099	0	[mh	mh	_	_	_	_	_	linguistic	_	none	ProsodicLink=Yes	Begin=2578.75	_	_	_	0-2(26)
1099-1	PST211	1099	1099	1	mh]mh	mhmh	_	_	_	_	_	linguistic	_	none	_	End=2579.224	_	_	_	0-2(26)
1100-0	PST038	1100	1100	0	tutto	tutto	_	_	_	_	_	linguistic	_	none	_	Begin=2579.275	_	_	_	_
1100-1	PST038	1100	1100	1	quello	quello	_	_	_	_	_	linguistic	_	none	_	_	_	_	_	_
1100-2	PST038	1100	1100	2	che	che	_	_	_	_	_	linguistic	_	none	_	_	_	_	_	_
1100-3	PST038	1100	1100	3	per	per	_	_	_	_	_	linguistic	_	none	_	_	_	_	_	_
1100-4	PST038	1100	1100	4	preparar	preparar	_	_	_	_	_	linguistic	_	none	_	_	_	_	_	_
1100-5	PST038	1100	1100	5	i	i	_	_	_	_	_	linguistic	_	none	_	_	_	_	_	_
1100-6	PST038	1100	1100	6	nostri	nostri	_	_	_	_	_	linguistic	_	none	_	_	_	_	_	_
1100-7	PST038	1100	1100	7	pia:tti	piatti	_	_	_	_	_	linguistic	_	none	PauseAfter=Yes	_	2x1	_	_	_
1100-8	PST038	1100	1100	8	{P}	{P}	_	_	_	_	_	shortpause	_	none	_	_	_	_	_	_
1100-9	PST038	1100	1100	9	adesso	adesso	_	_	_	_	_	linguistic	_	none	_	_	_	_	_	_
1100-10	PST038	1100	1100	10	sì	sì	_	_	_	_	_	linguistic	_	none	_	End=2582.785	_	_	_	_
1101-0	PST211	1101	1101	0	{ride}	{ride}	_	_	_	_	_	nonverbalbehavior	_	none	_	Begin=2582.307	_	_	_	_
1101-1	PST211	1101	1101	1	bene	bene	_	_	_	_	_	linguistic	_	none	_	End=2583.227	_	_	_	_
1102-0	PST211	1102	1102	0	e	e	_	_	_	_	_	linguistic	_	none	_	Begin=2583.53	_	_	_	_
1102-1	PST211	1102	1102	1	tu	tu	_	_	_	_	_	linguistic	_	none	_	_	_	_	_	_
1102-2	PST211	1102	1102	2	sai	sai	_	_	_	_	_	linguistic	_	none	_	_	_	_	_	_
1102-3	PST211	1102	1102	3	qua:lche	qualche	_	_	_	_	_	linguistic	_	none	_	_	2x1	_	_	_
1102-4	PST211	1102	1102	4	altra	altra	_	_	_	_	_	linguistic	_	none	_	_	_	_	_	_
1102-5	PST211	1102	1102	5	li:ngua	lingua	_	_	_	_	_	linguistic	_	none	_	_	1x1	_	_	_
1102-6	PST211	1102	1102	6	oltre	oltre	_	_	_	_	_	linguistic	_	none	_	_	_	_	_	_
1102-7	PST211	1102	1102	7	l'	l'	_	_	_	_	_	linguistic	_	none	SpaceAfter=No	_	_	_	_	_
1102-8	PST211	1102	1102	8	italia:no	italiano	_	_	_	_	_	linguistic	_	none	_	_	5x1	_	_	_
1102-9	PST211	1102	1102	9	e	e	_	_	_	_	_	linguistic	_	none	_	_	_	_	_	_
1102-10	PST211	1102	1102	10	lo	lo	_	_	_	_	_	linguistic	_	none	_	_	_	_	_	_
1102-11	PST211	1102	1102	11	spagno:lo?	spagnolo	_	_	_	_	_	linguistic	_	none	Intonation=Rising	End=2586.431	5x1	_	_	_
1103-0	PST038	1103	1103	0	oltre	oltre	_	_	_	_	_	linguistic	_	some	_	Begin=2587.649	_	_	_	_
1103-1	PST038	1103	1103	1	all'	all'	_	_	_	_	_	linguistic	_	some	SpaceAfter=No	_	_	_	_	_
1103-2	PST038	1103	1103	2	italia:no	italiano	_	_	_	_	_	linguistic	_	some	_	_	5x1	_	_	_
1103-3	PST038	1103	1103	3	e	e	_	_	_	_	_	linguistic	_	some	_	_	_	_	_	_
1103-4	PST038	1103	1103	4	allo	allo	_	_	_	_	_	linguistic	_	some	_	_	_	_	_	_
1103-5	PST038	1103	1103	5	spagno:lo:	spagnolo	_	_	_	_	_	linguistic	_	some	_	_	5x1,7x1	_	_	_
1103-6	PST038	1103	1103	6	beh	beh	_	_	_	_	_	linguistic	_	some	_	_	_	_	_	_
1103-7	PST038	1103	1103	7	fino	fino	_	_	_	_	_	linguistic	_	some	_	_	_	_	_	_
1103-8	PST038	1103	1103	8	alle	alle	_	_	_	_	_	linguistic	_	some	_	_	_	_	_	_
1103-9	PST038	1103	1103	9	superio:ri	superiori	_	_	_	_	_	linguistic	_	some	_	_	6x1	_	_	_
1103-10	PST038	1103	1103	10	ho	ho	_	_	_	_	_	linguistic	_	some	_	_	_	_	_	_
1103-11	PST038	1103	1103	11	fa:tto	fatto	_	_	_	_	_	linguistic	_	some	_	_	1x1	_	_	_
1103-12	PST038	1103	1103	12	#como	como	_	_	_	_	_	linguistic	_	some	Language=NO_ISO_CODE|Variation=Token	_	_	_	_	_
1103-13	PST038	1103	1103	13	seconda	seconda	_	_	_	_	_	linguistic	_	some	_	_	_	_	_	_
1103-14	PST038	1103	1103	14	lingua	lingua	_	_	_	_	_	linguistic	_	some	_	_	_	_	_	_
1103-15	PST038	1103	1103	15	l'	l'	_	_	_	_	_	linguistic	_	some	SpaceAfter=No	_	_	_	_	_
1103-16	PST038	1103	1103	16	ingle:[se]	inglese	_	_	_	_	_	linguistic	_	some	_	End=2592.799	4x1	_	_	4-6(28)
1104-0	PST211	1104	1104	0	[mh]	mh	_	_	_	_	_	linguistic	_	none	ProsodicLink=Yes	Begin=2592.6	_	_	_	0-2(28)
1104-1	PST211	1104	1104	1	mh	mh	_	_	_	_	_	linguistic	_	none	_	End=2593.184	_	_	_	_
1105-0	PST038	1105	1105	0	però	però	_	_	_	_	_	linguistic	_	none	_	Begin=2593.921	_	_	_	_
1105-1	PST038	1105	1105	1	non	non	_	_	_	_	_	linguistic	_	none	_	_	_	_	_	_
1105-2	PST038	1105	1105	2	lo	lo	_	_	_	_	_	linguistic	_	none	_	_	_	_	_	_
1105-3	PST038	1105	1105	3	pra:ti[co	pratico	_	_	_	_	_	linguistic	_	none	PauseAfter=Yes	_	2x1	_	_	5-7(29)
1105-4	PST038	1105	1105	4	{P}]	{P}	_	_	_	_	_	shortpause	_	none	_	_	_	_	_	0-3(29)
1105-5	PST038	1105	1105	5	no	no	_	_	_	_	_	linguistic	_	none	_	End=2595.763	_	_	_	_
1106-0	PST211	1106	1106	0	[no]	no	_	_	_	_	_	linguistic	_	none	_	Begin=2594.826|End=2595.032	_	_	_	0-2(29)
1107-0	PST038	1107	1107	0	ma	ma	_	_	_	_	_	linguistic	_	none	_	Begin=2596.037	_	_	_	_
1107-1	PST038	1107	1107	1	se	se	_	_	_	_	_	linguistic	_	none	_	_	_	_	_	_
1107-2	PST038	1107	1107	2	io	io	_	_	_	_	_	linguistic	_	none	_	_	_	_	_	_
1107-3	PST038	1107	1107	3	ti	ti	_	_	_	_	_	linguistic	_	none	_	_	_	_	_	_
1107-4	PST038	1107	1107	4	sento	sento	_	_	_	_	_	linguistic	_	none	_	_	_	_	_	_
1107-5	PST038	1107	1107	5	ada:gio	adagio	_	_	_	_	_	linguistic	_	none	_	_	2x1	_	_	_
1107-6	PST038	1107	1107	6	e	e	_	_	_	_	_	linguistic	_	none	_	_	_	_	_	_
1107-7	PST038	1107	1107	7	lo	lo	_	_	_	_	_	linguistic	_	none	_	_	_	_	_	_
1107-8	PST038	1107	1107	8	le:ggo::	leggo	_	_	_	_	_	linguistic	_	none	_	End=2598.639	1x1,4x2	_	_	_
1108-0	PST038	1108	1108	0	e	e	_	_	_	_	_	linguistic	_	none	_	Begin=2599.337	_	_	_	_
1108-1	PST038	1108	1108	1	r~	r~	_	_	_	_	_	linguistic	_	none	Interrupted=Yes	_	_	_	_	_
1108-2	PST038	1108	1108	2	r~	r~	_	_	_	_	_	linguistic	_	none	Interrupted=Yes	_	_	_	_	_
1108-3	PST038	1108	1108	3	risa:lgo	risalgo	_	_	_	_	_	linguistic	_	none	_	_	3x1	_	_	_
1108-4	PST038	1108	1108	4	con	con	_	_	_	_	_	linguistic	_	none	_	_	_	_	_	_
1108-5	PST038	1108	1108	5	fat:ica	fatica	_	_	_	_	_	linguistic	_	none	_	_	2x1	_	_	_
1108-6	PST038	1108	1108	6	[poi]	poi	_	_	_	_	_	linguistic	_	none	_	_	_	_	_	0-3(30)
1108-7	PST038	1108	1108	7	capi:re	capire	_	_	_	_	_	linguistic	_	none	_	_	3x1	_	_	_
1108-8	PST038	1108	1108	8	sai::	sai	_	_	_	_	_	linguistic	_	none	_	End=2603.292	2x2	_	_	_
1109-0	PST211	1109	1109	0	[no	no	_	_	_	_	_	linguistic	_	none	_	Begin=2601.734	_	_	_	0-2(30)
1109-1	PST211	1109	1109	1	no	no	_	_	_	_	_	linguistic	_	none	_	_	_	_	_	0-2(30)
1109-2	PST211	1109	1109	2	no]	no	_	_	_	_	_	linguistic	_	none	_	End=2602.22	_	_	_	0-2(30)
1110-0	PST038	1110	1110	0	(passi)	passi	_	_	_	_	_	linguistic	_	none	_	Begin=2603.571	_	_	0-5(0)	_
1110-1	PST038	1110	1110	1	di	di	_	_	_	_	_	linguistic	_	none	_	_	_	_	_	_
1110-2	PST038	1110	1110	2	fare	fare	_	_	_	_	_	linguistic	_	none	_	_	_	_	_	_
1110-3	PST038	1110	1110	3	sempre	sempre	_	_	_	_	_	linguistic	_	none	_	_	_	_	_	_
1110-4	PST038	1110	1110	4	i	i	_	_	_	_	_	linguistic	_	none	_	_	_	_	_	_
1110-5	PST038	1110	1110	5	lavo:ri	lavori	_	_	_	_	_	linguistic	_	none	_	_	3x1	_	_	_
1110-6	PST038	1110	1110	6	manua:li:	manuali	_	_	_	_	_	linguistic	_	none	_	End=2605.816	4x1,6x1	_	_	_
1111-0	PST038	1111	1111	0	il	il	_	_	_	_	_	linguistic	_	none	_	Begin=2606.072	_	_	_	_
1111-1	PST038	1111	1111	1	[cerve]:llo	cervello	_	_	_	_	_	linguistic	_	none	_	_	4x1	_	_	0-5(32)
1111-2	PST038	1111	1111	2	si	si	_	_	_	_	_	linguistic	_	none	_	_	_	_	_	_
1111-3	PST038	1111	1111	3	fe:rma	ferma	_	_	_	_	_	linguistic	_	none	_	End=2607.57	1x1	_	_	_
1112-0	PST211	1112	1112	0	[mh]	mh	_	_	_	_	_	linguistic	_	none	_	Begin=2606.107|End=2606.42	_	_	_	0-2(32)
1113-0	PST211	1113	1113	0	e:h	eh	_	_	_	_	_	linguistic	_	none	_	Begin=2607.57	0x1	_	_	_
1113-1	PST211	1113	1113	1	eh	eh	_	_	_	_	_	linguistic	_	none	_	End=2608.759	_	_	_	_
1114-0	PST038	1114	1114	0	si	si	_	_	_	_	_	linguistic	_	none	_	Begin=2609.537	_	_	_	_
1114-1	PST038	1114	1114	1	fe:rma	ferma	_	_	_	_	_	linguistic	_	none	_	_	1x1	_	_	_
1114-2	PST038	1114	1114	2	sì	sì	_	_	_	_	_	linguistic	_	none	_	End=2610.736	_	_	_	_
1115-0	PST038	1115	1115	0	e::	e	_	_	_	_	_	linguistic	_	none	_	Begin=2611.15	0x2	_	_	_
1115-1	PST038	1115	1115	1	bon	bon	_	_	_	_	_	linguistic	_	none	_	_	_	_	_	_
1115-2	PST038	1115	1115	2	tre	tre	_	_	_	_	_	linguistic	_	none	_	_	_	_	_	_
1115-3	PST038	1115	1115	3	anni	anni	_	_	_	_	_	linguistic	_	none	_	_	_	_	_	_
1115-4	PST038	1115	1115	4	fa:	fa	_	_	_	_	_	linguistic	_	none	_	_	1x1	_	_	_
1115-5	PST038	1115	1115	5	ho	ho	_	_	_	_	_	linguistic	_	none	_	_	_	_	_	_
1115-6	PST038	1115	1115	6	fatto	fatto	_	_	_	_	_	linguistic	_	none	_	_	_	_	_	_
1115-7	PST038	1115	1115	7	un	un	_	_	_	_	_	linguistic	_	none	_	_	_	_	_	_
1115-8	PST038	1115	1115	8	co:rso	corso	_	_	_	_	_	linguistic	_	none	_	End=2614.649	1x1	_	_	_
1116-0	PST038	1116	1116	0	a	a	_	_	_	_	_	linguistic	_	none	_	Begin=2614.95	_	_	_	_
1116-1	PST038	1116	1116	1	momenti	momenti	_	_	_	_	_	linguistic	_	none	_	_	_	_	_	_
1116-2	PST038	1116	1116	2	si	si	_	_	_	_	_	linguistic	_	none	_	_	_	_	_	_
1116-3	PST038	1116	1116	3	inciendia:va	inciendiava	_	_	_	_	_	linguistic	_	none	_	_	8x1	_	_	_
1116-4	PST038	1116	1116	4	mancava	mancava	_	_	_	_	_	linguistic	_	none	_	_	_	_	_	_
1116-5	PST038	1116	1116	5	solo	solo	_	_	_	_	_	linguistic	_	none	_	_	_	_	_	_
1116-6	PST038	1116	1116	6	che	che	_	_	_	_	_	linguistic	_	none	_	_	_	_	_	_
1116-7	PST038	1116	1116	7	esca	esca	_	_	_	_	_	linguistic	_	none	_	_	_	_	_	_
1116-8	PST038	1116	1116	8	fumo	fumo	_	_	_	_	_	linguistic	_	none	_	_	_	_	_	_
1116-9	PST038	1116	1116	9	delle	delle	_	_	_	_	_	linguistic	_	none	_	_	_	_	_	_
1116-10	PST038	1116	1116	10	mie	mie	_	_	_	_	_	linguistic	_	none	_	_	_	_	_	_
1116-11	PST038	1116	1116	11	orec~	orec~	_	_	_	_	_	linguistic	_	none	Interrupted=Yes	End=2618.349	_	_	_	_
1117-0	PST211	1117	1117	0	{ride}	{ride}	_	_	_	_	_	nonverbalbehavior	_	none	_	Begin=2618.21|End=2620.055	_	_	_	_
1118-0	PST038	1118	1118	0	però::	però	_	_	_	_	_	linguistic	_	none	_	Begin=2620.244	3x2	_	_	_
1118-1	PST038	1118	1118	1	ce	ce	_	_	_	_	_	linguistic	_	none	_	_	_	_	_	_
1118-2	PST038	1118	1118	2	l'	l'	_	_	_	_	_	linguistic	_	none	SpaceAfter=No	_	_	_	_	_
1118-3	PST038	1118	1118	3	ho	ho	_	_	_	_	_	linguistic	_	none	_	_	_	_	_	_
1118-4	PST038	1118	1118	4	fa:tta	fatta	_	_	_	_	_	linguistic	_	none	_	_	1x1	_	_	_
1118-5	PST038	1118	1118	5	a	a	_	_	_	_	_	linguistic	_	none	_	_	_	_	_	_
1118-6	PST038	1118	1118	6	mio	mio	_	_	_	_	_	linguistic	_	none	_	_	_	_	_	_
1118-7	PST038	1118	1118	7	figlio	figlio	_	_	_	_	_	linguistic	_	none	_	_	_	_	_	_
1118-8	PST038	1118	1118	8	le	le	_	_	_	_	_	linguistic	_	none	_	_	_	_	_	_
1118-9	PST038	1118	1118	9	dico	dico	_	_	_	_	_	linguistic	_	none	_	_	_	_	_	_
1118-10	PST038	1118	1118	10	se:mpre	sempre	_	_	_	_	_	linguistic	_	none	_	_	1x1	_	_	_
1118-11	PST038	1118	1118	11	quando	quando	_	_	_	_	_	linguistic	_	none	_	_	_	_	_	_
1118-12	PST038	1118	1118	12	è	è	_	_	_	_	_	linguistic	_	none	_	_	_	_	_	_
1118-13	PST038	1118	1118	13	stato	stato	_	_	_	_	_	linguistic	_	none	_	_	_	_	_	_
1118-14	PST038	1118	1118	14	boccia:to	bocciato	_	_	_	_	_	linguistic	_	none	_	_	5x1	_	_	_
1118-15	PST038	1118	1118	15	gli	gli	_	_	_	_	_	linguistic	_	none	_	_	_	_	_	_
1118-16	PST038	1118	1118	16	ho	ho	_	_	_	_	_	linguistic	_	none	_	_	_	_	_	_
1118-17	PST038	1118	1118	17	detto	detto	_	_	_	_	_	linguistic	_	none	_	_	_	_	_	_
1118-18	PST038	1118	1118	18	se:nti	senti	_	_	_	_	_	linguistic	_	none	_	_	1x1	_	_	_
1118-19	PST038	1118	1118	19	non	non	_	_	_	_	_	linguistic	_	none	_	_	_	_	_	_
1118-20	PST038	1118	1118	20	ti	ti	_	_	_	_	_	linguistic	_	none	_	_	_	_	_	_
1118-21	PST038	1118	1118	21	far	far	_	_	_	_	_	linguistic	_	none	_	_	_	_	_	_
1118-22	PST038	1118	1118	22	boccia:re	bocciare	_	_	_	_	_	linguistic	_	none	_	_	5x1	_	_	_
1118-23	PST038	1118	1118	23	un'	un'	_	_	_	_	_	linguistic	_	none	SpaceAfter=No	_	_	_	_	_
1118-24	PST038	1118	1118	24	altra	altra	_	_	_	_	_	linguistic	_	none	_	_	_	_	_	_
1118-25	PST038	1118	1118	25	vo:lta	volta	_	_	_	_	_	linguistic	_	none	_	_	1x1	_	_	_
1118-26	PST038	1118	1118	26	perché	perché	_	_	_	_	_	linguistic	_	none	_	End=2627.045	_	_	_	_
1119-0	PST038	1119	1119	0	vai	vai	_	_	_	_	_	linguistic	_	none	_	Begin=2627.626	_	_	_	_
1119-1	PST038	1119	1119	1	a	a	_	_	_	_	_	linguistic	_	none	_	_	_	_	_	_
1119-2	PST038	1119	1119	2	lavora:re	lavorare	_	_	_	_	_	linguistic	_	none	_	End=2628.621	5x1	_	_	_
1120-0	PST038	1120	1120	0	tu	tu	_	_	_	_	_	linguistic	_	none	_	Begin=2628.862	_	_	_	_
1120-1	PST038	1120	1120	1	e	e	_	_	_	_	_	linguistic	_	none	_	_	_	_	_	_
1120-2	PST038	1120	1120	2	tuo	tuo	_	_	_	_	_	linguistic	_	none	_	_	_	_	_	_
1120-3	PST038	1120	1120	3	padre	padre	_	_	_	_	_	linguistic	_	none	_	_	_	_	_	_
1120-4	PST038	1120	1120	4	e	e	_	_	_	_	_	linguistic	_	none	_	_	_	_	_	_
1120-5	PST038	1120	1120	5	a	a	_	_	_	_	_	linguistic	_	none	_	_	_	_	_	_
1120-6	PST038	1120	1120	6	me	me	_	_	_	_	_	linguistic	_	none	_	_	_	_	_	_
1120-7	PST038	1120	1120	7	paghi	paghi	_	_	_	_	_	linguistic	_	none	_	_	_	_	_	_
1120-8	PST038	1120	1120	8	l'	l'	_	_	_	_	_	linguistic	_	none	SpaceAfter=No	_	_	_	_	_
1120-9	PST038	1120	1120	9	universi:tà	università	_	_	_	_	_	linguistic	_	none	_	End=2631.38	7x1	_	_	_
1121-0	PST211	1121	1121	0	{ride}	{ride}	_	_	_	_	_	nonverbalbehavior	_	none	_	Begin=2631.25|End=2631.832	_	_	_	_
1122-0	PST038	1122	1122	0	e	e	_	_	_	_	_	linguistic	_	none	_	Begin=2631.837	_	_	_	_
1122-1	PST038	1122	1122	1	si	si	_	_	_	_	_	linguistic	_	none	_	_	_	_	_	_
1122-2	PST038	1122	1122	2	sono	sono	_	_	_	_	_	linguistic	_	none	_	_	_	_	_	_
1122-3	PST038	1122	1122	3	messi	messi	_	_	_	_	_	linguistic	_	none	_	_	_	_	_	_
1122-4	PST038	1122	1122	4	a	a	_	_	_	_	_	linguistic	_	none	_	_	_	_	_	_
1122-5	PST038	1122	1122	5	ri:dere	ridere	_	_	_	_	_	linguistic	_	none	_	_	1x1	_	_	_
1122-6	PST038	1122	1122	6	e	e	_	_	_	_	_	linguistic	_	none	_	_	_	_	_	_
1122-7	PST038	1122	1122	7	gli	gli	_	_	_	_	_	linguistic	_	none	_	_	_	_	_	_
1122-8	PST038	1122	1122	8	ho	ho	_	_	_	_	_	linguistic	_	none	_	_	_	_	_	_
1122-9	PST038	1122	1122	9	detto	detto	_	_	_	_	_	linguistic	_	none	_	_	_	_	_	_
1122-10	PST038	1122	1122	10	mi	mi	_	_	_	_	_	linguistic	_	none	_	_	_	_	_	_
1122-11	PST038	1122	1122	11	scusa:	scusa	_	_	_	_	_	linguistic	_	none	_	_	4x1	_	_	_
1122-12	PST038	1122	1122	12	[che	che	_	_	_	_	_	linguistic	_	none	_	_	_	_	_	0-3(34)
1122-13	PST038	1122	1122	13	non	non	_	_	_	_	_	linguistic	_	none	_	_	_	_	_	0-3(34)
1122-14	PST038	1122	1122	14	posso	posso	_	_	_	_	_	linguistic	_	none	_	_	_	_	_	0-5(34)
1122-15	PST038	1122	1122	15	anda:re	andare	_	_	_	_	_	linguistic	_	none	_	_	3x1	_	_	0-6(34)
1122-16	PST038	1122	1122	16	gli	gli	_	_	_	_	_	linguistic	_	none	_	_	_	_	_	0-3(34)
1122-17	PST038	1122	1122	17	ho	ho	_	_	_	_	_	linguistic	_	none	_	_	_	_	_	0-2(34)
1122-18	PST038	1122	1122	18	de:tto]	detto	_	_	_	_	_	linguistic	_	none	_	_	1x1	_	_	0-5(34)
1122-19	PST038	1122	1122	19	non	non	_	_	_	_	_	linguistic	_	none	_	_	_	_	_	_
1122-20	PST038	1122	1122	20	posso	posso	_	_	_	_	_	linguistic	_	none	_	_	_	_	_	_
1122-21	PST038	1122	1122	21	anda:re?	andare	_	_	_	_	_	linguistic	_	none	Intonation=Rising	End=2636.507	3x1	_	_	_
1123-0	PST211	1123	1123	0	[perché?	perché	_	_	_	_	_	linguistic	_	none	Intonation=Rising	Begin=2633.82	_	_	_	0-6(34)
1123-1	PST211	1123	1123	1	infa:tti]	infatti	_	_	_	_	_	linguistic	_	none	_	End=2635.512	3x1	_	_	0-7(34)
1124-0	PST038	1124	1124	0	eh	eh	_	_	_	_	_	linguistic	_	none	_	Begin=2637.0|End=2637.311	_	_	_	_
1125-0	PST038	1125	1125	0	cosa	cosa	_	_	_	_	_	linguistic	_	some	_	Begin=2637.65	_	_	_	_
1125-1	PST038	1125	1125	1	c'	c'	_	_	_	_	_	linguistic	_	some	SpaceAfter=No	_	_	_	_	_
1125-2	PST038	1125	1125	2	è	è	_	_	_	_	_	linguistic	_	some	_	_	_	_	_	_
1125-3	PST038	1125	1125	3	#de	de	_	_	_	_	_	linguistic	_	some	Language=NO_ISO_CODE|Variation=Token	_	_	_	_	_
1125-4	PST038	1125	1125	4	ma:le	male	_	_	_	_	_	linguistic	_	some	_	End=2638.535	1x1	_	_	_
1126-0	PST211	1126	1126	0	eh	eh	_	_	_	_	_	linguistic	_	none	_	Begin=2638.647	_	_	_	_
1126-1	PST211	1126	1126	1	sì	sì	_	_	_	_	_	linguistic	_	none	_	End=2639.224	_	_	_	_
1127-0	PST038	1127	1127	0	e::	e	_	_	_	_	_	linguistic	_	none	_	Begin=2639.777	0x2	_	_	_
1127-1	PST038	1127	1127	1	le	le	_	_	_	_	_	linguistic	_	none	ProsodicLink=Yes	_	_	_	_	_
1127-2	PST038	1127	1127	2	le	le	_	_	_	_	_	linguistic	_	none	_	_	_	_	_	_
1127-3	PST038	1127	1127	3	dico:	dico	_	_	_	_	_	linguistic	_	none	_	_	3x1	_	_	_
1127-4	PST038	1127	1127	4	co:sì	così	_	_	_	_	_	linguistic	_	none	_	_	1x1	_	_	_
1127-5	PST038	1127	1127	5	no	no	_	_	_	_	_	linguistic	_	none	_	_	_	_	_	_
1127-6	PST038	1127	1127	6	(le)	le	_	_	_	_	_	linguistic	_	none	_	_	_	_	0-2(0)	_
1127-7	PST038	1127	1127	7	dico	dico	_	_	_	_	_	linguistic	_	none	_	_	_	_	_	_
1127-8	PST038	1127	1127	8	(e)	e	_	_	_	_	_	linguistic	_	none	_	_	_	_	0-1(1)	_
1127-9	PST038	1127	1127	9	°vabbè:°	vabbè	_	_	_	_	_	linguistic	_	none	Volume=low	End=2642.779	4x1	_	_	_
1128-0	PST038	1128	1128	0	quello	quello	_	_	_	_	_	linguistic	_	none	_	Begin=2643.175	_	_	_	_
1128-1	PST038	1128	1128	1	che	che	_	_	_	_	_	linguistic	_	none	_	_	_	_	_	_
1128-2	PST038	1128	1128	2	si	si	_	_	_	_	_	linguistic	_	none	_	_	_	_	_	_
1128-3	PST038	1128	1128	3	ha	ha	_	_	_	_	_	linguistic	_	none	_	_	_	_	_	_
1128-4	PST038	1128	1128	4	fa:tto	fatto	_	_	_	_	_	linguistic	_	none	_	_	1x1	_	_	_
1128-5	PST038	1128	1128	5	si	si	_	_	_	_	_	linguistic	_	none	_	_	_	_	_	_
1128-6	PST038	1128	1128	6	ha	ha	_	_	_	_	_	linguistic	_	none	_	_	_	_	_	_
1128-7	PST038	1128	1128	7	fa:tto	fatto	_	_	_	_	_	linguistic	_	none	_	_	1x1	_	_	_
1128-8	PST038	1128	1128	8	le	le	_	_	_	_	_	linguistic	_	none	_	_	_	_	_	_
1128-9	PST038	1128	1128	9	ho	ho	_	_	_	_	_	linguistic	_	none	_	_	_	_	_	_
1128-10	PST038	1128	1128	10	de:tto:	detto	_	_	_	_	_	linguistic	_	none	_	_	1x1,4x1	_	_	_
1128-11	PST038	1128	1128	11	a::	a	_	_	_	_	_	linguistic	_	none	_	_	0x2	_	_	_
1128-12	PST038	1128	1128	12	mio	mio	_	_	_	_	_	linguistic	_	none	_	_	_	_	_	_
1128-13	PST038	1128	1128	13	fi:glio	figlio	_	_	_	_	_	linguistic	_	none	PauseAfter=Yes	_	1x1	_	_	_
1128-14	PST038	1128	1128	14	{P}	{P}	_	_	_	_	_	shortpause	_	none	_	_	_	_	_	_
1128-15	PST038	1128	1128	15	c'	c'	_	_	_	_	_	linguistic	_	none	SpaceAfter=No	_	_	_	_	_
1128-16	PST038	1128	1128	16	è	è	_	_	_	_	_	linguistic	_	none	_	_	_	_	_	_
1128-17	PST038	1128	1128	17	tempo	tempo	_	_	_	_	_	linguistic	_	none	_	_	_	_	_	_
1128-18	PST038	1128	1128	18	per	per	_	_	_	_	_	linguistic	_	none	_	_	_	_	_	_
1128-19	PST038	1128	1128	19	tu:tto	tutto	_	_	_	_	_	linguistic	_	none	_	_	1x1	_	_	_
1128-20	PST038	1128	1128	20	e::	e	_	_	_	_	_	linguistic	_	none	_	_	0x2	_	_	_
1128-21	PST038	1128	1128	21	c'	c'	_	_	_	_	_	linguistic	_	none	SpaceAfter=No	_	_	_	_	_
1128-22	PST038	1128	1128	22	è	è	_	_	_	_	_	linguistic	_	none	_	_	_	_	_	_
1128-23	PST038	1128	1128	23	tempo	tempo	_	_	_	_	_	linguistic	_	none	_	_	_	_	_	_
1128-24	PST038	1128	1128	24	per	per	_	_	_	_	_	linguistic	_	none	_	_	_	_	_	_
1128-25	PST038	1128	1128	25	tu:tto	tutto	_	_	_	_	_	linguistic	_	none	PauseAfter=Yes	_	1x1	_	_	_
1128-26	PST038	1128	1128	26	{P}	{P}	_	_	_	_	_	shortpause	_	none	_	_	_	_	_	_
1128-27	PST038	1128	1128	27	non	non	_	_	_	_	_	linguistic	_	none	_	_	_	_	_	_
1128-28	PST038	1128	1128	28	c'	c'	_	_	_	_	_	linguistic	_	none	SpaceAfter=No	_	_	_	_	_
1128-29	PST038	1128	1128	29	è	è	_	_	_	_	_	linguistic	_	none	_	_	_	_	_	_
1128-30	PST038	1128	1128	30	niente:	niente	_	_	_	_	_	linguistic	_	none	_	_	5x1	_	_	_
1128-31	PST038	1128	1128	31	da	da	_	_	_	_	_	linguistic	_	none	_	_	_	_	_	_
1128-32	PST038	1128	1128	32	fa:re	fare	_	_	_	_	_	linguistic	_	none	_	End=2649.877	1x1	_	_	_
1129-0	PST211	1129	1129	0	ti	ti	_	_	_	_	_	linguistic	_	none	_	Begin=2650.16	_	_	_	_
1129-1	PST211	1129	1129	1	piacerebbe	piacerebbe	_	_	_	_	_	linguistic	_	none	_	_	_	_	_	_
1129-2	PST211	1129	1129	2	torna:re	tornare	_	_	_	_	_	linguistic	_	none	_	_	4x1	_	_	_
1129-3	PST211	1129	1129	3	a	a	_	_	_	_	_	linguistic	_	none	_	_	_	_	_	_
1129-4	PST211	1129	1129	4	studia:re?	studiare	_	_	_	_	_	linguistic	_	none	Intonation=Rising	End=2652.154	5x1	_	_	_
1130-0	PST038	1130	1130	0	me	me	_	_	_	_	_	linguistic	_	none	_	Begin=2652.608	_	_	_	_
1130-1	PST038	1130	1130	1	piacere:bbe	piacerebbe	_	_	_	_	_	linguistic	_	none	_	_	6x1	_	_	_
1130-2	PST038	1130	1130	2	[ah	ah	_	_	_	_	_	linguistic	_	none	_	_	_	_	_	0-2(36)
1130-3	PST038	1130	1130	3	sì]	sì	_	_	_	_	_	linguistic	_	none	ProsodicLink=Yes	_	_	_	_	0-2(36)
1130-4	PST038	1130	1130	4	sì	sì	_	_	_	_	_	linguistic	_	none	_	_	_	_	_	_
1130-5	PST038	1130	1130	5	me	me	_	_	_	_	_	linguistic	_	none	_	_	_	_	_	_
1130-6	PST038	1130	1130	6	piacere:bbe	piacerebbe	_	_	_	_	_	linguistic	_	none	_	_	6x1	_	_	_
1130-7	PST038	1130	1130	7	io	io	_	_	_	_	_	linguistic	_	none	_	_	_	_	_	_
1130-8	PST038	1130	1130	8	sono	sono	_	_	_	_	_	linguistic	_	none	_	_	_	_	_	_
1130-9	PST038	1130	1130	9	molto	molto	_	_	_	_	_	linguistic	_	none	_	_	_	_	_	_
1130-10	PST038	1130	1130	10	curio:sa	curiosa	_	_	_	_	_	linguistic	_	none	_	_	4x1	_	_	_
1130-11	PST038	1130	1130	11	me	me	_	_	_	_	_	linguistic	_	none	_	_	_	_	_	_
1130-12	PST038	1130	1130	12	piacere:bbe	piacerebbe	_	_	_	_	_	linguistic	_	none	_	_	6x1	_	_	_
1130-13	PST038	1130	1130	13	sì	sì	_	_	_	_	_	linguistic	_	none	_	End=2657.433	_	_	_	_
1131-0	PST211	1131	1131	0	[eh]	eh	_	_	_	_	_	linguistic	_	none	_	Begin=2653.5|End=2653.873	_	_	_	0-2(36)
1132-0	PST038	1132	1132	0	però::	però	_	_	_	_	_	linguistic	_	none	_	Begin=2657.892	3x2	_	_	_
1132-1	PST038	1132	1132	1	se	se	_	_	_	_	_	linguistic	_	none	_	_	_	_	_	_
1132-2	PST038	1132	1132	2	si	si	_	_	_	_	_	linguistic	_	none	_	_	_	_	_	_
1132-3	PST038	1132	1132	3	può:	può	_	_	_	_	_	linguistic	_	none	_	End=2659.29	2x1	_	_	_
1133-0	PST038	1133	1133	0	i:o	io	_	_	_	_	_	linguistic	_	none	_	Begin=2659.7	0x1	_	_	_
1133-1	PST038	1133	1133	1	e::hm:	ehm	_	_	_	_	_	linguistic	_	none	_	End=2661.713	0x2,2x1	_	_	_
1134-0	PST038	1134	1134	0	non	non	_	_	_	_	_	linguistic	_	none	_	Begin=2662.088	_	_	_	_
1134-1	PST038	1134	1134	1	ho	ho	_	_	_	_	_	linguistic	_	none	_	_	_	_	_	_
1134-2	PST038	1134	1134	2	$esposato	esposato	_	_	_	_	_	linguistic	_	none	Orthography=Yes|Variation=Emerging	_	_	_	_	_
1134-3	PST038	1134	1134	3	un	un	_	_	_	_	_	linguistic	_	none	_	_	_	_	_	_
1134-4	PST038	1134	1134	4	raga:zzo	ragazzo	_	_	_	_	_	linguistic	_	none	_	_	3x1	_	_	_
1134-5	PST038	1134	1134	5	benesta:nte	benestante	_	_	_	_	_	linguistic	_	none	_	_	6x1	_	_	_
1134-6	PST038	1134	1134	6	dicia[mo:	diciamo	_	_	_	_	_	linguistic	_	none	_	_	6x1	_	_	5-7(37)
1134-7	PST038	1134	1134	7	lavoria]:mo::	lavoriamo	_	_	_	_	_	linguistic	_	none	_	End=2666.024	6x1,8x2	_	_	0-7(37)
1135-0	PST211	1135	1135	0	[mh	mh	_	_	_	_	_	linguistic	_	none	ProsodicLink=Yes	Begin=2664.57	_	_	_	0-2(37)
1135-1	PST211	1135	1135	1	mh]	mh	_	_	_	_	_	linguistic	_	none	_	End=2665.156	_	_	_	0-2(37)
1136-0	PST038	1136	1136	0	e::h	eh	_	_	_	_	_	linguistic	_	none	_	Begin=2666.5	0x2	_	_	_
1136-1	PST038	1136	1136	1	mio	mio	_	_	_	_	_	linguistic	_	none	_	_	_	_	_	_
1136-2	PST038	1136	1136	2	marito	marito	_	_	_	_	_	linguistic	_	none	_	_	_	_	_	_
1136-3	PST038	1136	1136	3	lavora::	lavora	_	_	_	_	_	linguistic	_	none	_	_	5x2	_	_	_
1136-4	PST038	1136	1136	4	è	è	_	_	_	_	_	linguistic	_	none	_	_	_	_	_	_
1136-5	PST038	1136	1136	5	un	un	_	_	_	_	_	linguistic	_	none	_	_	_	_	_	_
1136-6	PST038	1136	1136	6	tecnico	tecnico	_	_	_	_	_	linguistic	_	none	_	_	_	_	_	_
1136-7	PST038	1136	1136	7	per	per	_	_	_	_	_	linguistic	_	none	_	_	_	_	_	_
1136-8	PST038	1136	1136	8	la	la	_	_	_	_	_	linguistic	_	none	_	_	_	_	_	_
1136-9	PST038	1136	1136	9	te:lecom	telecom	_	_	_	_	_	linguistic	_	none	_	_	1x1	_	_	_
1136-10	PST038	1136	1136	10	però::	però	_	_	_	_	_	linguistic	_	none	_	End=2669.852	3x2	_	_	_
1137-0	PST038	1137	1137	0	e::h	eh	_	_	_	_	_	linguistic	_	none	_	Begin=2670.238	0x2	_	_	_
1137-1	PST038	1137	1137	1	si	si	_	_	_	_	_	linguistic	_	none	_	_	_	_	_	_
1137-2	PST038	1137	1137	2	poteva:	poteva	_	_	_	_	_	linguistic	_	none	_	_	5x1	_	_	_
1137-3	PST038	1137	1137	3	sì	sì	_	_	_	_	_	linguistic	_	none	ProsodicLink=Yes	_	_	_	_	_
1137-4	PST038	1137	1137	4	s~	s~	_	_	_	_	_	linguistic	_	none	Interrupted=Yes	End=2671.608	_	_	_	_
1138-0	PST038	1138	1138	0	stia:mo	stiamo	_	_	_	_	_	linguistic	_	none	_	Begin=2671.887	3x1	_	_	_
1138-1	PST038	1138	1138	1	be:ne	bene	_	_	_	_	_	linguistic	_	none	_	_	1x1	_	_	_
1138-2	PST038	1138	1138	2	si	si	_	_	_	_	_	linguistic	_	none	_	_	_	_	_	_
1138-3	PST038	1138	1138	3	ca:mpa	campa	_	_	_	_	_	linguistic	_	none	_	_	1x1	_	_	_
1138-4	PST038	1138	1138	4	e:h	eh	_	_	_	_	_	linguistic	_	none	_	_	0x1	_	_	_
1138-5	PST038	1138	1138	5	stiamo	stiamo	_	_	_	_	_	linguistic	_	none	_	_	_	_	_	_
1138-6	PST038	1138	1138	6	non	non	_	_	_	_	_	linguistic	_	none	_	_	_	_	_	_
1138-7	PST038	1138	1138	7	ci	ci	_	_	_	_	_	linguistic	_	none	_	_	_	_	_	_
1138-8	PST038	1138	1138	8	lamentia:mo	lamentiamo	_	_	_	_	_	linguistic	_	none	_	End=2675.539	7x1	_	_	_
1139-0	PST038	1139	1139	0	però::	però	_	_	_	_	_	linguistic	_	some	_	Begin=2676.4	3x2	_	_	_
1139-1	PST038	1139	1139	1	#porque	porque	_	_	_	_	_	linguistic	_	some	Language=NO_ISO_CODE|Variation=Token	_	_	_	_	_
1139-2	PST038	1139	1139	2	lavoriamo	lavoriamo	_	_	_	_	_	linguistic	_	some	_	_	_	_	_	_
1139-3	PST038	1139	1139	3	in	in	_	_	_	_	_	linguistic	_	some	_	_	_	_	_	_
1139-4	PST038	1139	1139	4	due:	due	_	_	_	_	_	linguistic	_	some	_	End=2677.96	2x1	_	_	_
1140-0	PST211	1140	1140	0	mh	mh	_	_	_	_	_	linguistic	_	none	_	Begin=2678.01	_	_	_	_
1140-1	PST211	1140	1140	1	mh	mh	_	_	_	_	_	linguistic	_	none	_	End=2678.499	_	_	_	_
1141-0	PST038	1141	1141	0	andare	andare	_	_	_	_	_	linguistic	_	none	_	Begin=2679.898	_	_	_	_
1141-1	PST038	1141	1141	1	all'	all'	_	_	_	_	_	linguistic	_	none	SpaceAfter=No	_	_	_	_	_
1141-2	PST038	1141	1141	2	università	università	_	_	_	_	_	linguistic	_	none	_	_	_	_	_	_
1141-3	PST038	1141	1141	3	poi	poi	_	_	_	_	_	linguistic	_	none	_	_	_	_	_	_
1141-4	PST038	1141	1141	4	[ave:vo	avevo	_	_	_	_	_	linguistic	_	none	_	_	2x1	_	_	0-5(38)
1141-5	PST038	1141	1141	5	il	il	_	_	_	_	_	linguistic	_	none	_	_	_	_	_	0-2(38)
1141-6	PST038	1141	1141	6	ragzzi~]	ragzzi~	_	_	_	_	_	linguistic	_	none	Interrupted=Yes	_	_	_	_	0-7(38)
1141-7	PST038	1141	1141	7	(e	e	_	_	_	_	_	linguistic	_	none	ProsodicLink=Yes	_	_	_	0-1(0)	_
1141-8	PST038	1141	1141	8	il)	il	_	_	_	_	_	linguistic	_	none	ProsodicLink=Yes	_	_	_	0-2(0)	_
1141-9	PST038	1141	1141	9	il	il	_	_	_	_	_	linguistic	_	none	_	_	_	_	_	_
1141-10	PST038	1141	1141	10	piccoli:no:	piccolino	_	_	_	_	_	linguistic	_	none	_	End=2682.954	6x1,8x1	_	_	_
1142-0	PST211	1142	1142	0	[eh	eh	_	_	_	_	_	linguistic	_	none	_	Begin=2681.1	_	_	_	0-2(38)
1142-1	PST211	1142	1142	1	sì]	sì	_	_	_	_	_	linguistic	_	none	_	End=2681.686	_	_	_	0-2(38)
1143-0	PST211	1143	1143	0	eh	eh	_	_	_	_	_	linguistic	_	none	_	Begin=2682.98	_	_	_	_
1143-1	PST211	1143	1143	1	sì	sì	_	_	_	_	_	linguistic	_	none	_	End=2683.462	_	_	_	_
1144-0	PST038	1144	1144	0	chi	chi	_	_	_	_	_	linguistic	_	none	_	Begin=2683.575	_	_	_	_
1144-1	PST038	1144	1144	1	me	me	_	_	_	_	_	linguistic	_	none	_	_	_	_	_	_
1144-2	PST038	1144	1144	2	lo	lo	_	_	_	_	_	linguistic	_	none	_	_	_	_	_	_
1144-3	PST038	1144	1144	3	tene:va:	teneva	_	_	_	_	_	linguistic	_	none	_	End=2684.434	3x1,5x1	_	_	_
1145-0	PST211	1145	1145	0	mh	mh	_	_	_	_	_	linguistic	_	none	_	Begin=2684.554	_	_	_	_
1145-1	PST211	1145	1145	1	mh	mh	_	_	_	_	_	linguistic	_	none	_	End=2685.172	_	_	_	_
1146-0	PST038	1146	1146	0	e::	e	_	_	_	_	_	linguistic	_	some	_	Begin=2685.402	0x2	_	_	_
1146-1	PST038	1146	1146	1	a:llora	allora	_	_	_	_	_	linguistic	_	some	_	_	0x1	_	_	_
1146-2	PST038	1146	1146	2	#en	en	_	_	_	_	_	linguistic	_	some	Language=NO_ISO_CODE|Variation=Token	_	_	_	_	_
1146-3	PST038	1146	1146	3	#el	el	_	_	_	_	_	linguistic	_	some	Language=NO_ISO_CODE|Variation=Token	_	_	_	_	_
1146-4	PST038	1146	1146	4	a:nno	anno	_	_	_	_	_	linguistic	_	some	_	_	0x1	_	_	_
1146-5	PST038	1146	1146	5	duemila:qua:ttro	duemilaquattro	_	_	_	_	_	linguistic	_	some	_	_	6x1,9x1	_	_	_
1146-6	PST038	1146	1146	6	mi	mi	_	_	_	_	_	linguistic	_	some	_	_	_	_	_	_
1146-7	PST038	1146	1146	7	avevano	avevano	_	_	_	_	_	linguistic	_	some	_	_	_	_	_	_
1146-8	PST038	1146	1146	8	detto	detto	_	_	_	_	_	linguistic	_	some	_	_	_	_	_	_
1146-9	PST038	1146	1146	9	che	che	_	_	_	_	_	linguistic	_	some	_	_	_	_	_	_
1146-10	PST038	1146	1146	10	potevo	potevo	_	_	_	_	_	linguistic	_	some	_	_	_	_	_	_
1146-11	PST038	1146	1146	11	solo	solo	_	_	_	_	_	linguistic	_	some	_	_	_	_	_	_
1146-12	PST038	1146	1146	12	convali:dare:	convalidare	_	_	_	_	_	linguistic	_	some	_	_	6x1,10x1	_	_	_
1146-13	PST038	1146	1146	13	i	i	_	_	_	_	_	linguistic	_	some	_	_	_	_	_	_
1146-14	PST038	1146	1146	14	miei	miei	_	_	_	_	_	linguistic	_	some	_	_	_	_	_	_
1146-15	PST038	1146	1146	15	co:rsi	corsi	_	_	_	_	_	linguistic	_	some	_	End=2691.207	1x1	_	_	_
1147-0	PST211	1147	1147	0	e:h	eh	_	_	_	_	_	linguistic	_	none	_	Begin=2691.23|End=2691.605	0x1	_	_	_
1148-0	PST038	1148	1148	0	tradu:rli	tradurli	_	_	_	_	_	linguistic	_	none	_	Begin=2691.66|End=2692.554	4x1	_	_	_
1149-0	PST038	1149	1149	0	#porque	porque	_	_	_	_	_	linguistic	_	some	Language=NO_ISO_CODE|Variation=Token	Begin=2692.775	_	_	_	_
1149-1	PST038	1149	1149	1	ci	ci	_	_	_	_	_	linguistic	_	some	_	_	_	_	_	_
1149-2	PST038	1149	1149	2	sono	sono	_	_	_	_	_	linguistic	_	some	_	_	_	_	_	_
1149-3	PST038	1149	1149	3	dei	dei	_	_	_	_	_	linguistic	_	some	_	_	_	_	_	_
1149-4	PST038	1149	1149	4	cre:diti	crediti	_	_	_	_	_	linguistic	_	some	_	_	2x1	_	_	_
1149-5	PST038	1149	1149	5	che	che	_	_	_	_	_	linguistic	_	some	_	_	_	_	_	_
1149-6	PST038	1149	1149	6	io	io	_	_	_	_	_	linguistic	_	some	_	_	_	_	_	_
1149-7	PST038	1149	1149	7	forse	forse	_	_	_	_	_	linguistic	_	some	_	_	_	_	_	_
1149-8	PST038	1149	1149	8	non	non	_	_	_	_	_	linguistic	_	some	_	_	_	_	_	_
1149-9	PST038	1149	1149	9	li	li	_	_	_	_	_	linguistic	_	some	_	_	_	_	_	_
1149-10	PST038	1149	1149	10	ho:	ho	_	_	_	_	_	linguistic	_	some	_	_	1x1	_	_	_
1149-11	PST038	1149	1149	11	fa:tti	fatti	_	_	_	_	_	linguistic	_	some	_	_	1x1	_	_	_
1149-12	PST038	1149	1149	12	[e	e	_	_	_	_	_	linguistic	_	some	_	_	_	_	_	0-1(?)
1149-13	PST038	1149	1149	13	che	che	_	_	_	_	_	linguistic	_	some	_	_	_	_	_	0-3(?)
1149-14	PST038	1149	1149	14	devo]no	devono	_	_	_	_	_	linguistic	_	some	_	_	_	_	_	0-4(?)
1149-15	PST038	1149	1149	15	co:se	cose	_	_	_	_	_	linguistic	_	some	_	_	1x1	_	_	_
1149-16	PST038	1149	1149	16	italia:ne	italiane	_	_	_	_	_	linguistic	_	some	_	_	5x1	_	_	_
1149-17	PST038	1149	1149	17	che	che	_	_	_	_	_	linguistic	_	some	_	_	_	_	_	_
1149-18	PST038	1149	1149	18	le	le	_	_	_	_	_	linguistic	_	some	_	_	_	_	_	_
1149-19	PST038	1149	1149	19	devo	devo	_	_	_	_	_	linguistic	_	some	_	_	_	_	_	_
1149-20	PST038	1149	1149	20	fa:re	fare	_	_	_	_	_	linguistic	_	some	_	_	1x1	_	_	_
1149-21	PST038	1149	1149	21	no?	no	_	_	_	_	_	linguistic	_	some	Intonation=Rising	End=2699.076	_	_	_	_
1150-0	PST211	1150	1150	0	[eh	eh	_	_	_	_	_	linguistic	_	none	ProsodicLink=Yes	Begin=2695.27	_	_	_	0-2(39)
1150-1	PST211	1150	1150	1	eh]	eh	_	_	_	_	_	linguistic	_	none	_	End=2695.858	_	_	_	0-2(39)
1151-0	PST211	1151	1151	0	e:h	eh	_	_	_	_	_	linguistic	_	none	_	Begin=2698.18|End=2698.706	0x1	_	_	_
1152-0	PST038	1152	1152	0	però:	però	_	_	_	_	_	linguistic	_	none	_	Begin=2699.413	3x1	_	_	_
1152-1	PST038	1152	1152	1	e::h	eh	_	_	_	_	_	linguistic	_	none	_	End=2701.124	0x2	_	_	_
1153-0	PST038	1153	1153	0	ho	ho	_	_	_	_	_	linguistic	_	some	_	Begin=2701.6	_	_	_	_
1153-1	PST038	1153	1153	1	lasciato:	lasciato	_	_	_	_	_	linguistic	_	some	_	_	7x1	_	_	_
1153-2	PST038	1153	1153	2	pe:rdere	perdere	_	_	_	_	_	linguistic	_	some	_	_	1x1	_	_	_
1153-3	PST038	1153	1153	3	lì	lì	_	_	_	_	_	linguistic	_	some	_	_	_	_	_	_
1153-4	PST038	1153	1153	4	poi	poi	_	_	_	_	_	linguistic	_	some	_	_	_	_	_	_
1153-5	PST038	1153	1153	5	son	son	_	_	_	_	_	linguistic	_	some	_	_	_	_	_	_
1153-6	PST038	1153	1153	6	rima:sta	rimasta	_	_	_	_	_	linguistic	_	some	_	_	3x1	_	_	_
1153-7	PST038	1153	1153	7	inci:nta:	incinta	_	_	_	_	_	linguistic	_	some	_	_	3x1,6x1	_	_	_
1153-8	PST038	1153	1153	8	poi	poi	_	_	_	_	_	linguistic	_	some	_	_	_	_	_	_
1153-9	PST038	1153	1153	9	#el	el	_	_	_	_	_	linguistic	_	some	Language=NO_ISO_CODE|Variation=Token	_	_	_	_	_
1153-10	PST038	1153	1153	10	bambino	bambino	_	_	_	_	_	linguistic	_	some	_	_	_	_	_	_
1153-11	PST038	1153	1153	11	#quien	quien	_	_	_	_	_	linguistic	_	some	Language=NO_ISO_CODE|Variation=Token	_	_	_	_	_
1153-12	PST038	1153	1153	12	lo	lo	_	_	_	_	_	linguistic	_	some	_	_	_	_	_	_
1153-13	PST038	1153	1153	13	gua:rda	guarda	_	_	_	_	_	linguistic	_	some	_	End=2705.692	2x1	_	_	_
1154-0	PST038	1154	1154	0	poi	poi	_	_	_	_	_	linguistic	_	none	_	Begin=2706.003	_	_	_	_
1154-1	PST038	1154	1154	1	lavori	lavori	_	_	_	_	_	linguistic	_	none	_	_	_	_	_	_
1154-2	PST038	1154	1154	2	pa:rt	part	_	_	_	_	_	linguistic	_	none	_	_	1x1	_	_	_
1154-3	PST038	1154	1154	3	t:im:e	time	_	_	_	_	_	linguistic	_	none	_	End=2707.403	0x1,2x1	_	_	_
1155-0	PST038	1155	1155	0	po:i	poi	_	_	_	_	_	linguistic	_	some	_	Begin=2707.788	1x1	_	_	_
1155-1	PST038	1155	1155	1	#el	el	_	_	_	_	_	linguistic	_	some	Language=NO_ISO_CODE|Variation=Token	_	_	_	_	_
1155-2	PST038	1155	1155	2	raga:zzo	ragazzo	_	_	_	_	_	linguistic	_	some	_	_	3x1	_	_	_
1155-3	PST038	1155	1155	3	cre:sce	cresce	_	_	_	_	_	linguistic	_	some	_	_	2x1	_	_	_
1155-4	PST038	1155	1155	4	subentrano	subentrano	_	_	_	_	_	linguistic	_	some	_	_	_	_	_	_
1155-5	PST038	1155	1155	5	altre:	altre	_	_	_	_	_	linguistic	_	some	_	_	4x1	_	_	_
1155-6	PST038	1155	1155	6	co:se	cose	_	_	_	_	_	linguistic	_	some	_	End=2710.629	1x1	_	_	_
1156-0	PST211	1156	1156	0	eh	eh	_	_	_	_	_	linguistic	_	none	_	Begin=2710.694	_	_	_	_
1156-1	PST211	1156	1156	1	sì	sì	_	_	_	_	_	linguistic	_	none	_	End=2711.047	_	_	_	_
1157-0	PST038	1157	1157	0	e::hm:	ehm	_	_	_	_	_	linguistic	_	none	_	Begin=2711.088|End=2712.181	0x2,2x1	_	_	_
1158-0	PST038	1158	1158	0	e	e	_	_	_	_	_	linguistic	_	none	_	Begin=2712.95	_	_	_	_
1158-1	PST038	1158	1158	1	comunque	comunque	_	_	_	_	_	linguistic	_	none	_	_	_	_	_	_
1158-2	PST038	1158	1158	2	io	io	_	_	_	_	_	linguistic	_	none	_	_	_	_	_	_
1158-3	PST038	1158	1158	3	sono	sono	_	_	_	_	_	linguistic	_	none	_	_	_	_	_	_
1158-4	PST038	1158	1158	4	soddisfa:tta	soddisfatta	_	_	_	_	_	linguistic	_	none	_	_	7x1	_	_	_
1158-5	PST038	1158	1158	5	[perché::]	perché	_	_	_	_	_	linguistic	_	none	_	_	5x2	_	_	0-6(41)
1158-6	PST038	1158	1158	6	serve	serve	_	_	_	_	_	linguistic	_	none	_	_	_	_	_	_
1158-7	PST038	1158	1158	7	a	a	_	_	_	_	_	linguistic	_	none	_	_	_	_	_	_
1158-8	PST038	1158	1158	8	mio	mio	_	_	_	_	_	linguistic	_	none	_	_	_	_	_	_
1158-9	PST038	1158	1158	9	fi:glio	figlio	_	_	_	_	_	linguistic	_	none	_	End=2717.215	1x1	_	_	_
1159-0	PST211	1159	1159	0	[bene]	bene	_	_	_	_	_	linguistic	_	none	_	Begin=2714.791|End=2715.268	_	_	_	0-4(41)
1160-0	PST038	1160	1160	0	serve	serve	_	_	_	_	_	linguistic	_	none	_	Begin=2717.713	_	_	_	_
1160-1	PST038	1160	1160	1	a	a	_	_	_	_	_	linguistic	_	none	_	_	_	_	_	_
1160-2	PST038	1160	1160	2	lu:i:	lui	_	_	_	_	_	linguistic	_	none	_	_	1x1,2x1	_	_	_
1160-3	PST038	1160	1160	3	e::	e	_	_	_	_	_	linguistic	_	none	_	_	0x2	_	_	_
1160-4	PST038	1160	1160	4	e	e	_	_	_	_	_	linguistic	_	none	_	_	_	_	_	_
1160-5	PST038	1160	1160	5	bom	bom	_	_	_	_	_	linguistic	_	none	_	_	_	_	_	_
1160-6	PST038	1160	1160	6	poi	poi	_	_	_	_	_	linguistic	_	none	_	_	_	_	_	_
1160-7	PST038	1160	1160	7	se	se	_	_	_	_	_	linguistic	_	none	_	_	_	_	_	_
1160-8	PST038	1160	1160	8	si	si	_	_	_	_	_	linguistic	_	none	_	_	_	_	_	_
1160-9	PST038	1160	1160	9	può:	può	_	_	_	_	_	linguistic	_	none	_	_	2x1	_	_	_
1160-10	PST038	1160	1160	10	si	si	_	_	_	_	_	linguistic	_	none	_	_	_	_	_	_
1160-11	PST038	1160	1160	11	può	può	_	_	_	_	_	linguistic	_	none	_	_	_	_	_	_
1160-12	PST038	1160	1160	12	se	se	_	_	_	_	_	linguistic	_	none	_	_	_	_	_	_
1160-13	PST038	1160	1160	13	no:n	non	_	_	_	_	_	linguistic	_	none	_	End=2721.293	1x1	_	_	_
1161-0	PST038	1161	1161	0	se	se	_	_	_	_	_	linguistic	_	none	_	Begin=2721.66	_	_	_	_
1161-1	PST038	1161	1161	1	non	non	_	_	_	_	_	linguistic	_	none	_	_	_	_	_	_
1161-2	PST038	1161	1161	2	si	si	_	_	_	_	_	linguistic	_	none	_	_	_	_	_	_
1161-3	PST038	1161	1161	3	può:	può	_	_	_	_	_	linguistic	_	none	_	_	2x1	_	_	_
1161-4	PST038	1161	1161	4	non	non	_	_	_	_	_	linguistic	_	none	_	_	_	_	_	_
1161-5	PST038	1161	1161	5	impo:r[ta:]	importa	_	_	_	_	_	linguistic	_	none	_	End=2723.129	3x1,6x1	_	_	5-7(42)
1162-0	PST211	1162	1162	0	[va]bbè	vabbè	_	_	_	_	_	linguistic	_	none	_	Begin=2722.932	_	_	_	0-2(42)
1162-1	PST211	1162	1162	1	c'	c'	_	_	_	_	_	linguistic	_	none	SpaceAfter=No	_	_	_	_	_
1162-2	PST211	1162	1162	2	è	è	_	_	_	_	_	linguistic	_	none	_	_	_	_	_	_
1162-3	PST211	1162	1162	3	dell'	dell'	_	_	_	_	_	linguistic	_	none	SpaceAfter=No	_	_	_	_	_
1162-4	PST211	1162	1162	4	a:ltro	altro	_	_	_	_	_	linguistic	_	none	_	_	0x1	_	_	_
1162-5	PST211	1162	1162	5	comu:nque	comunque	_	_	_	_	_	linguistic	_	none	_	_	3x1	_	_	7-8(43)
1162-6	PST211	1162	1162	6	[c(io)è::]	cioè	_	_	_	_	_	linguistic	_	none	_	End=2724.94	3x2	_	0-2(0)	0-4(43)
1163-0	PST038	1163	1163	0	[ma]	ma	_	_	_	_	_	linguistic	_	none	_	Begin=2724.587	_	_	_	0-2(43)
1163-1	PST038	1163	1163	1	sì:	sì	_	_	_	_	_	linguistic	_	none	_	_	1x1	_	_	_
1163-2	PST038	1163	1163	2	c'	c'	_	_	_	_	_	linguistic	_	none	SpaceAfter=No	_	_	_	_	_
1163-3	PST038	1163	1163	3	è	è	_	_	_	_	_	linguistic	_	none	_	_	_	_	_	_
1163-4	PST038	1163	1163	4	tem:~	tem~	_	_	_	_	_	linguistic	_	none	Interrupted=Yes	_	2x1	_	_	_
1163-5	PST038	1163	1163	5	m:h	mh	_	_	_	_	_	linguistic	_	none	_	End=2726.32	0x1	_	_	_
1164-0	PST038	1164	1164	0	ogni	ogni	_	_	_	_	_	linguistic	_	none	_	Begin=2726.788	_	_	_	_
1164-1	PST038	1164	1164	1	cosa	cosa	_	_	_	_	_	linguistic	_	none	_	_	_	_	_	_
1164-2	PST038	1164	1164	2	c'	c'	_	_	_	_	_	linguistic	_	none	SpaceAfter=No	_	_	_	_	_
1164-3	PST038	1164	1164	3	ha:	ha	_	_	_	_	_	linguistic	_	none	_	_	1x1	_	_	_
1164-4	PST038	1164	1164	4	il	il	_	_	_	_	_	linguistic	_	none	_	_	_	_	_	_
1164-5	PST038	1164	1164	5	suo	suo	_	_	_	_	_	linguistic	_	none	_	_	_	_	_	_
1164-6	PST038	1164	1164	6	te:mpo	tempo	_	_	_	_	_	linguistic	_	none	_	_	1x1	_	_	_
1164-7	PST038	1164	1164	7	vede	vede	_	_	_	_	_	linguistic	_	none	_	_	_	_	_	_
1164-8	PST038	1164	1164	8	(a)	a	_	_	_	_	_	linguistic	_	none	_	_	_	_	0-1(0)	_
1164-9	PST038	1164	1164	9	le:i	lei	_	_	_	_	_	linguistic	_	none	_	_	1x1	_	_	_
1164-10	PST038	1164	1164	10	(son)	son	_	_	_	_	_	linguistic	_	none	_	_	_	_	0-3(1)	_
1164-11	PST038	1164	1164	11	le:i	lei	_	_	_	_	_	linguistic	_	none	_	_	1x1	_	_	_
1164-12	PST038	1164	1164	12	(e:)stu:dia	estudia	_	_	_	_	_	linguistic	_	none	_	_	0x1,3x1	_	0-1(2)	_
1164-13	PST038	1164	1164	13	come	come	_	_	_	_	_	linguistic	_	none	_	_	_	_	_	_
1164-14	PST038	1164	1164	14	di:re	dire	_	_	_	_	_	linguistic	_	none	_	_	1x1	_	_	_
1164-15	PST038	1164	1164	15	no?	no	_	_	_	_	_	linguistic	_	none	Intonation=Rising	End=2730.592	_	_	_	_
1165-0	PST038	1165	1165	0	quando	quando	_	_	_	_	_	linguistic	_	none	_	Begin=2731.075	_	_	_	_
1165-1	PST038	1165	1165	1	sei	sei	_	_	_	_	_	linguistic	_	none	_	_	_	_	_	_
1165-2	PST038	1165	1165	2	giovane	giovane	_	_	_	_	_	linguistic	_	none	_	_	_	_	_	_
1165-3	PST038	1165	1165	3	si	si	_	_	_	_	_	linguistic	_	none	_	_	_	_	_	_
1165-4	PST038	1165	1165	4	può	può	_	_	_	_	_	linguistic	_	none	_	_	_	_	_	_
1165-5	PST038	1165	1165	5	mettere	mettere	_	_	_	_	_	linguistic	_	none	_	_	_	_	_	_
1165-6	PST038	1165	1165	6	a:nche	anche	_	_	_	_	_	linguistic	_	none	_	_	0x1	_	_	_
1165-7	PST038	1165	1165	7	l~	l~	_	_	_	_	_	linguistic	_	none	Interrupted=Yes	_	_	_	_	_
1165-8	PST038	1165	1165	8	la	la	_	_	_	_	_	linguistic	_	none	_	_	_	_	_	_
1165-9	PST038	1165	1165	9	mi:nigo:nna	minigonna	_	_	_	_	_	linguistic	_	none	_	_	1x1,5x1	_	_	_
1165-10	PST038	1165	1165	10	anche	anche	_	_	_	_	_	linguistic	_	none	_	_	_	_	_	_
1165-11	PST038	1165	1165	11	se	se	_	_	_	_	_	linguistic	_	none	_	_	_	_	_	_
1165-12	PST038	1165	1165	12	si	si	_	_	_	_	_	linguistic	_	none	_	_	_	_	_	_
1165-13	PST038	1165	1165	13	ha	ha	_	_	_	_	_	linguistic	_	none	_	_	_	_	_	_
1165-14	PST038	1165	1165	14	le	le	_	_	_	_	_	linguistic	_	none	_	_	_	_	_	_
1165-15	PST038	1165	1165	15	ga:mbe	gambe	_	_	_	_	_	linguistic	_	none	_	_	1x1	_	_	_
1165-16	PST038	1165	1165	16	sto:rte	storte	_	_	_	_	_	linguistic	_	none	_	End=2735.557	2x1	_	_	_
1166-0	PST211	1166	1166	0	{ride}	{ride}	_	_	_	_	_	nonverbalbehavior	_	none	_	Begin=2735.27|End=2736.217	_	_	_	_
1167-0	PST038	1167	1167	0	quando	quando	_	_	_	_	_	linguistic	_	none	_	Begin=2736.25	_	_	_	_
1167-1	PST038	1167	1167	1	si	si	_	_	_	_	_	linguistic	_	none	_	_	_	_	_	_
1167-2	PST038	1167	1167	2	ha	ha	_	_	_	_	_	linguistic	_	none	_	_	_	_	_	_
1167-3	PST038	1167	1167	3	una	una	_	_	_	_	_	linguistic	_	none	_	_	_	_	_	_
1167-4	PST038	1167	1167	4	certa	certa	_	_	_	_	_	linguistic	_	none	_	_	_	_	_	_
1167-5	PST038	1167	1167	5	e:tà:	età	_	_	_	_	_	linguistic	_	none	_	_	0x1,2x1	_	_	_
1167-6	PST038	1167	1167	6	non	non	_	_	_	_	_	linguistic	_	none	_	_	_	_	_	_
1167-7	PST038	1167	1167	7	[tu:tto	tutto	_	_	_	_	_	linguistic	_	none	_	_	1x1	_	_	0-5(44)
1167-8	PST038	1167	1167	8	si]	si	_	_	_	_	_	linguistic	_	none	_	_	_	_	_	0-2(44)
1167-9	PST038	1167	1167	9	può	può	_	_	_	_	_	linguistic	_	none	_	_	_	_	_	_
1167-10	PST038	1167	1167	10	fare	fare	_	_	_	_	_	linguistic	_	none	_	_	_	_	_	_
1167-11	PST038	1167	1167	11	per	per	_	_	_	_	_	linguistic	_	none	_	_	_	_	_	_
1167-12	PST038	1167	1167	12	quello	quello	_	_	_	_	_	linguistic	_	none	_	_	_	_	_	_
1167-13	PST038	1167	1167	13	che:	che	_	_	_	_	_	linguistic	_	none	_	_	2x1	_	_	_
1167-14	PST038	1167	1167	14	il	il	_	_	_	_	_	linguistic	_	none	_	_	_	_	_	_
1167-15	PST038	1167	1167	15	tempo	tempo	_	_	_	_	_	linguistic	_	none	_	_	_	_	_	_
1167-16	PST038	1167	1167	16	di	di	_	_	_	_	_	linguistic	_	none	_	_	_	_	_	_
1167-17	PST038	1167	1167	17	studia:re	studiare	_	_	_	_	_	linguistic	_	none	_	_	5x1	_	_	_
1167-18	PST038	1167	1167	18	è	è	_	_	_	_	_	linguistic	_	none	_	_	_	_	_	_
1167-19	PST038	1167	1167	19	un	un	_	_	_	_	_	linguistic	_	none	_	_	_	_	_	_
1167-20	PST038	1167	1167	20	so:lo	solo	_	_	_	_	_	linguistic	_	none	_	_	1x1	_	_	_
1167-21	PST038	1167	1167	21	le	le	_	_	_	_	_	linguistic	_	none	_	_	_	_	_	_
1167-22	PST038	1167	1167	22	dico	dico	_	_	_	_	_	linguistic	_	none	_	_	_	_	_	_
1167-23	PST038	1167	1167	23	a	a	_	_	_	_	_	linguistic	_	none	_	_	_	_	_	_
1167-24	PST038	1167	1167	24	mio	mio	_	_	_	_	_	linguistic	_	none	_	_	_	_	_	_
1167-25	PST038	1167	1167	25	figlio	figlio	_	_	_	_	_	linguistic	_	none	_	_	_	_	_	_
1167-26	PST038	1167	1167	26	è	è	_	_	_	_	_	linguistic	_	none	_	_	_	_	_	_
1167-27	PST038	1167	1167	27	u:no	uno	_	_	_	_	_	linguistic	_	none	_	_	0x1	_	_	_
1167-28	PST038	1167	1167	28	so:lo	solo	_	_	_	_	_	linguistic	_	none	_	End=2742.887	1x1	_	_	_
1168-0	PST211	1168	1168	0	[e:h	eh	_	_	_	_	_	linguistic	_	none	ProsodicLink=Yes	Begin=2737.57	0x1	_	_	0-2(44)
1168-1	PST211	1168	1168	1	eh]	eh	_	_	_	_	_	linguistic	_	none	_	End=2737.976	_	_	_	0-2(44)
1169-0	PST038	1169	1169	0	per	per	_	_	_	_	_	linguistic	_	none	_	Begin=2743.275	_	_	_	_
1169-1	PST038	1169	1169	1	te:sta	testa	_	_	_	_	_	linguistic	_	none	_	End=2744.269	1x1	_	_	_
1170-0	PST038	1170	1170	0	per	per	_	_	_	_	_	linguistic	_	none	_	Begin=2744.712	_	_	_	_
1170-1	PST038	1170	1170	1	appre:nsio:ne	apprensione	_	_	_	_	_	linguistic	_	none	_	_	4x1,8x1	_	_	_
1170-2	PST038	1170	1170	2	per	per	_	_	_	_	_	linguistic	_	none	_	_	_	_	_	_
1170-3	PST038	1170	1170	3	tu:tto	tutto	_	_	_	_	_	linguistic	_	none	_	End=2747.038	1x1	_	_	_
1171-0	PST038	1171	1171	0	anche	anche	_	_	_	_	_	linguistic	_	none	_	Begin=2747.488	_	_	_	_
1171-1	PST038	1171	1171	1	perché	perché	_	_	_	_	_	linguistic	_	none	_	_	_	_	_	_
1171-2	PST038	1171	1171	2	se	se	_	_	_	_	_	linguistic	_	none	_	_	_	_	_	_
1171-3	PST038	1171	1171	3	c'	c'	_	_	_	_	_	linguistic	_	none	SpaceAfter=No	_	_	_	_	_
1171-4	PST038	1171	1171	4	è	è	_	_	_	_	_	linguistic	_	none	_	_	_	_	_	_
1171-5	PST038	1171	1171	5	qualcu:no	qualcuno	_	_	_	_	_	linguistic	_	none	_	_	5x1	_	_	_
1171-6	PST038	1171	1171	6	che	che	_	_	_	_	_	linguistic	_	none	_	_	_	_	_	_
1171-7	PST038	1171	1171	7	ti	ti	_	_	_	_	_	linguistic	_	none	_	_	_	_	_	_
1171-8	PST038	1171	1171	8	fina:nzia	finanzia	_	_	_	_	_	linguistic	_	none	_	_	3x1	_	_	_
1171-9	PST038	1171	1171	9	die:[tro]	dietro	_	_	_	_	_	linguistic	_	none	_	_	2x1	_	_	3-6(45)
1171-10	PST038	1171	1171	10	è	è	_	_	_	_	_	linguistic	_	none	_	_	_	_	_	_
1171-11	PST038	1171	1171	11	tu:tto	tutto	_	_	_	_	_	linguistic	_	none	_	_	1x1	_	_	_
1171-12	PST038	1171	1171	12	più	più	_	_	_	_	_	linguistic	_	none	_	_	_	_	_	_
1171-13	PST038	1171	1171	13	fa:[cile]	facile	_	_	_	_	_	linguistic	_	none	_	End=2751.962	1x1	_	_	2-6(46)
1172-0	PST211	1172	1172	0	[eh]	eh	_	_	_	_	_	linguistic	_	none	_	Begin=2750.19|End=2750.675	_	_	_	0-2(45)
1173-0	PST211	1173	1173	0	[eh]	eh	_	_	_	_	_	linguistic	_	none	_	Begin=2751.57	_	_	_	0-2(46)
1173-1	PST211	1173	1173	1	sì	sì	_	_	_	_	_	linguistic	_	none	_	End=2752.054	_	_	_	_
1174-0	PST038	1174	1174	0	io	io	_	_	_	_	_	linguistic	_	none	_	Begin=2752.29	_	_	_	_
1174-1	PST038	1174	1174	1	l'	l'	_	_	_	_	_	linguistic	_	none	SpaceAfter=No	_	_	_	_	_
1174-2	PST038	1174	1174	2	avrei	avrei	_	_	_	_	_	linguistic	_	none	_	_	_	_	_	_
1174-3	PST038	1174	1174	3	potu:to	potuto	_	_	_	_	_	linguistic	_	none	_	_	3x1	_	_	_
1174-4	PST038	1174	1174	4	fa:re	fare	_	_	_	_	_	linguistic	_	none	_	_	1x1	_	_	_
1174-5	PST038	1174	1174	5	però:	però	_	_	_	_	_	linguistic	_	none	_	End=2754.099	3x1	_	_	_
1175-0	PST038	1175	1175	0	(h)o	ho	_	_	_	_	_	linguistic	_	none	_	Begin=2754.662	_	_	0-1(0)	_
1175-1	PST038	1175	1175	1	perme:sso	permesso	_	_	_	_	_	linguistic	_	none	_	_	4x1	_	_	_
1175-2	PST038	1175	1175	2	di	di	_	_	_	_	_	linguistic	_	none	_	_	_	_	_	_
1175-3	PST038	1175	1175	3	soggio:rno	soggiorno	_	_	_	_	_	linguistic	_	none	_	_	5x1	_	_	_
1175-4	PST038	1175	1175	4	per	per	_	_	_	_	_	linguistic	_	none	_	_	_	_	_	_
1175-5	PST038	1175	1175	5	lavo:ro	lavoro	_	_	_	_	_	linguistic	_	none	PauseAfter=Yes	_	3x1	_	_	_
1175-6	PST038	1175	1175	6	{P}	{P}	_	_	_	_	_	shortpause	_	none	_	_	_	_	_	_
1175-7	PST038	1175	1175	7	[non	non	_	_	_	_	_	linguistic	_	none	_	_	_	_	_	0-3(47)
1175-8	PST038	1175	1175	8	ave]:vo	avevo	_	_	_	_	_	linguistic	_	none	_	_	2x1	_	_	0-3(47)
1175-9	PST038	1175	1175	9	per	per	_	_	_	_	_	linguistic	_	none	_	_	_	_	_	_
1175-10	PST038	1175	1175	10	(de)i	dei	_	_	_	_	_	linguistic	_	none	_	_	_	_	0-2(1)	_
1175-11	PST038	1175	1175	11	stu:di	studi	_	_	_	_	_	linguistic	_	none	_	End=2758.419	2x1	_	_	_
1176-0	PST211	1176	1176	0	[mh]	mh	_	_	_	_	_	linguistic	_	none	_	Begin=2756.767|End=2757.053	_	_	_	0-2(47)
1177-0	PST038	1177	1177	0	e::	e	_	_	_	_	_	linguistic	_	none	_	Begin=2759.115	0x2	_	_	_
1177-1	PST038	1177	1177	1	e	e	_	_	_	_	_	linguistic	_	none	_	_	_	_	_	_
1177-2	PST038	1177	1177	2	po:i	poi	_	_	_	_	_	linguistic	_	none	_	End=2760.334	1x1	_	_	_
1178-0	PST038	1178	1178	0	pagati	pagati	_	_	_	_	_	linguistic	_	none	_	Begin=2761.062	_	_	_	_
1178-1	PST038	1178	1178	1	l'	l'	_	_	_	_	_	linguistic	_	none	SpaceAfter=No	_	_	_	_	_
1178-2	PST038	1178	1178	2	a:lloggio	alloggio	_	_	_	_	_	linguistic	_	none	_	End=2762.05	0x1	_	_	_
1179-0	PST038	1179	1179	0	pagati	pagati	_	_	_	_	_	linguistic	_	none	_	Begin=2762.35	_	_	_	_
1179-1	PST038	1179	1179	1	da	da	_	_	_	_	_	linguistic	_	none	_	_	_	_	_	_
1179-2	PST038	1179	1179	2	mangia:re	mangiare	_	_	_	_	_	linguistic	_	none	_	_	5x1	_	_	_
1179-3	PST038	1179	1179	3	o	o	_	_	_	_	_	linguistic	_	none	_	_	_	_	_	_
1179-4	PST038	1179	1179	4	lavo:ri	lavori	_	_	_	_	_	linguistic	_	none	_	_	3x1	_	_	_
1179-5	PST038	1179	1179	5	o	o	_	_	_	_	_	linguistic	_	none	_	_	_	_	_	_
1179-6	PST038	1179	1179	6	(e)stu:di	estudi	_	_	_	_	_	linguistic	_	none	_	End=2764.62	3x1	_	0-1(0)	_
1180-0	PST211	1180	1180	0	eh	eh	_	_	_	_	_	linguistic	_	none	_	Begin=2764.63	_	_	_	_
1180-1	PST211	1180	1180	1	sì	sì	_	_	_	_	_	linguistic	_	none	_	End=2765.113	_	_	_	_
1181-0	PST038	1181	1181	0	perché	perché	_	_	_	_	_	linguistic	_	none	_	Begin=2765.325	_	_	_	_
1181-1	PST038	1181	1181	1	come	come	_	_	_	_	_	linguistic	_	none	_	_	_	_	_	_
1181-2	PST038	1181	1181	2	ma:ngi	mangi	_	_	_	_	_	linguistic	_	none	_	End=2766.2	1x1	_	_	_
1182-0	PST211	1182	1182	0	eh	eh	_	_	_	_	_	linguistic	_	none	_	Begin=2766.23	_	_	_	_
1182-1	PST211	1182	1182	1	no	no	_	_	_	_	_	linguistic	_	none	_	_	_	_	_	_
1182-2	PST211	1182	1182	2	x	x	_	_	_	_	_	unknown	_	none	Syllables=1	End=2766.742	_	_	_	_
1183-0	PST038	1183	1183	0	e	e	_	_	_	_	_	linguistic	_	some	_	Begin=2766.75	_	_	_	_
1183-1	PST038	1183	1183	1	come	come	_	_	_	_	_	linguistic	_	some	_	_	_	_	_	_
1183-2	PST038	1183	1183	2	ti	ti	_	_	_	_	_	linguistic	_	some	_	_	_	_	_	_
1183-3	PST038	1183	1183	3	paghi	paghi	_	_	_	_	_	linguistic	_	some	_	_	_	_	_	_
1183-4	PST038	1183	1183	4	#el	el	_	_	_	_	_	linguistic	_	some	Language=NO_ISO_CODE|Variation=Token	_	_	_	_	_
1183-5	PST038	1183	1183	5	affi:tto	affitto	_	_	_	_	_	linguistic	_	some	_	End=2768.561	3x1	_	_	_
1184-0	PST038	1184	1184	0	non	non	_	_	_	_	_	linguistic	_	none	_	Begin=2769.313	_	_	_	_
1184-1	PST038	1184	1184	1	si	si	_	_	_	_	_	linguistic	_	none	_	_	_	_	_	_
1184-2	PST038	1184	1184	2	pote:va	poteva	_	_	_	_	_	linguistic	_	none	_	End=2770.3	3x1	_	_	_
1185-0	PST038	1185	1185	0	però	però	_	_	_	_	_	linguistic	_	none	_	Begin=2770.663	_	_	_	_
1185-1	PST038	1185	1185	1	va	va	_	_	_	_	_	linguistic	_	none	_	_	_	_	_	_
1185-2	PST038	1185	1185	2	be:ne	bene	_	_	_	_	_	linguistic	_	none	_	_	1x1	_	_	_
1185-3	PST038	1185	1185	3	così:	così	_	_	_	_	_	linguistic	_	none	_	_	3x1	_	_	_
1185-4	PST038	1185	1185	4	adesso	adesso	_	_	_	_	_	linguistic	_	none	_	_	_	_	_	_
1185-5	PST038	1185	1185	5	ci	ci	_	_	_	_	_	linguistic	_	none	_	_	_	_	_	_
1185-6	PST038	1185	1185	6	indirizziamo	indirizziamo	_	_	_	_	_	linguistic	_	none	_	_	_	_	_	_
1185-7	PST038	1185	1185	7	su	su	_	_	_	_	_	linguistic	_	none	_	_	_	_	_	_
1185-8	PST038	1185	1185	8	quelli	quelli	_	_	_	_	_	linguistic	_	none	_	_	_	_	_	_
1185-9	PST038	1185	1185	9	come	come	_	_	_	_	_	linguistic	_	none	_	_	_	_	_	_
1185-10	PST038	1185	1185	10	ripe:to	ripeto	_	_	_	_	_	linguistic	_	none	_	_	3x1	_	_	_
1185-11	PST038	1185	1185	11	che	che	_	_	_	_	_	linguistic	_	none	_	_	_	_	_	_
1185-12	PST038	1185	1185	12	vengono	vengono	_	_	_	_	_	linguistic	_	none	_	_	_	_	_	_
1185-13	PST038	1185	1185	13	die:tro	dietro	_	_	_	_	_	linguistic	_	none	_	_	2x1	_	_	_
1185-14	PST038	1185	1185	14	e	e	_	_	_	_	_	linguistic	_	none	_	_	_	_	_	_
1185-15	PST038	1185	1185	15	che	che	_	_	_	_	_	linguistic	_	none	_	_	_	_	_	_
1185-16	PST038	1185	1185	16	hanno	hanno	_	_	_	_	_	linguistic	_	none	_	_	_	_	_	_
1185-17	PST038	1185	1185	17	ta:nte	tante	_	_	_	_	_	linguistic	_	none	_	_	1x1	_	_	_
1185-18	PST038	1185	1185	18	diffico:ltà	difficoltà	_	_	_	_	_	linguistic	_	none	_	End=2776.167	6x1	_	_	_
1186-0	PST211	1186	1186	0	m:h	mh	_	_	_	_	_	linguistic	_	none	ProsodicLink=Yes	Begin=2776.17	0x1	_	_	_
1186-1	PST211	1186	1186	1	mh	mh	_	_	_	_	_	linguistic	_	none	_	End=2776.756	_	_	_	_
1187-0	PST038	1187	1187	0	almeno::	almeno	_	_	_	_	_	linguistic	_	none	_	Begin=2777.3|End=2778.495	5x2	_	_	_
1188-0	PST038	1188	1188	0	#de	de	_	_	_	_	_	linguistic	_	some	Language=NO_ISO_CODE|Variation=Token	Begin=2779.575	_	_	_	_
1188-1	PST038	1188	1188	1	che	che	_	_	_	_	_	linguistic	_	some	_	_	_	_	_	_
1188-2	PST038	1188	1188	2	po:ssano:	possano	_	_	_	_	_	linguistic	_	some	_	End=2780.667	1x1,6x1	_	_	_
1189-0	PST038	1189	1189	0	alme:no	almeno	_	_	_	_	_	linguistic	_	none	_	Begin=2781.01	3x1	_	_	_
1189-1	PST038	1189	1189	1	trovarsi	trovarsi	_	_	_	_	_	linguistic	_	none	_	_	_	_	_	_
1189-2	PST038	1189	1189	2	u::n:	un	_	_	_	_	_	linguistic	_	none	_	End=2782.703	0x2,1x1	_	_	_
1190-0	PST038	1190	1190	0	piccoletto	piccoletto	_	_	_	_	_	linguistic	_	none	_	Begin=2783.063|End=2783.855	_	_	_	_
1191-0	PST038	1191	1191	0	ra~	ra~	_	_	_	_	_	linguistic	_	some	Interrupted=Yes	Begin=2784.725	_	_	_	_
1191-1	PST038	1191	1191	1	un	un	_	_	_	_	_	linguistic	_	some	_	_	_	_	_	_
1191-2	PST038	1191	1191	2	posto	posto	_	_	_	_	_	linguistic	_	some	_	_	_	_	_	_
1191-3	PST038	1191	1191	3	a:	a	_	_	_	_	_	linguistic	_	some	_	_	0x1	_	_	_
1191-4	PST038	1191	1191	4	un	un	_	_	_	_	_	linguistic	_	some	_	_	_	_	_	_
1191-5	PST038	1191	1191	5	#*ra:yo	rayo	_	_	_	_	_	linguistic	_	some	Language=NO_ISO_CODE|Variation=Doubtful	_	1x1	_	_	_
1191-6	PST038	1191	1191	6	di	di	_	_	_	_	_	linguistic	_	some	_	_	_	_	_	_
1191-7	PST038	1191	1191	7	so:le	sole	_	_	_	_	_	linguistic	_	some	_	_	1x1	_	_	_
1191-8	PST038	1191	1191	8	{ride}	{ride}	_	_	_	_	_	nonverbalbehavior	_	some	_	End=2788.663	_	_	_	_
1192-0	PST038	1192	1192	0	alme:no	almeno	_	_	_	_	_	linguistic	_	none	_	Begin=2788.813	3x1	_	_	_
1192-1	PST038	1192	1192	1	no	no	_	_	_	_	_	linguistic	_	none	_	_	_	_	_	_
1192-2	PST038	1192	1192	2	perché	perché	_	_	_	_	_	linguistic	_	none	_	_	_	_	_	_
1192-3	PST038	1192	1192	3	cre:do	credo	_	_	_	_	_	linguistic	_	none	_	_	2x1	_	_	_
1192-4	PST038	1192	1192	4	che	che	_	_	_	_	_	linguistic	_	none	_	_	_	_	_	_
1192-5	PST038	1192	1192	5	tu:tti	tutti	_	_	_	_	_	linguistic	_	none	_	_	1x1	_	_	_
1192-6	PST038	1192	1192	6	que:lli	quelli	_	_	_	_	_	linguistic	_	none	_	_	2x1	_	_	_
1192-7	PST038	1192	1192	7	che	che	_	_	_	_	_	linguistic	_	none	_	_	_	_	_	_
1192-8	PST038	1192	1192	8	ci	ci	_	_	_	_	_	linguistic	_	none	_	_	_	_	_	_
1192-9	PST038	1192	1192	9	muovia:mo:	muoviamo	_	_	_	_	_	linguistic	_	none	_	_	5x1,7x1	_	_	_
1192-10	PST038	1192	1192	10	è	è	_	_	_	_	_	linguistic	_	none	_	_	_	_	_	_
1192-11	PST038	1192	1192	11	pe:r	per	_	_	_	_	_	linguistic	_	none	_	End=2792.329	1x1	_	_	_
1193-0	PST038	1193	1193	0	per	per	_	_	_	_	_	linguistic	_	none	_	Begin=2792.637	_	_	_	_
1193-1	PST038	1193	1193	1	cresce:re	crescere	_	_	_	_	_	linguistic	_	none	_	_	5x1	_	_	_
1193-2	PST038	1193	1193	2	o	o	_	_	_	_	_	linguistic	_	none	_	_	_	_	_	_
1193-3	PST038	1193	1193	3	per	per	_	_	_	_	_	linguistic	_	none	_	_	_	_	_	_
1193-4	PST038	1193	1193	4	necessità	necessità	_	_	_	_	_	linguistic	_	none	_	End=2794.226	_	_	_	_
1194-0	PST038	1194	1194	0	speriamo	speriamo	_	_	_	_	_	linguistic	_	none	_	Begin=2796.25	_	_	_	_
1194-1	PST038	1194	1194	1	solo	solo	_	_	_	_	_	linguistic	_	none	_	_	_	_	_	_
1194-2	PST038	1194	1194	2	in	in	_	_	_	_	_	linguistic	_	none	_	_	_	_	_	_
1194-3	PST038	1194	1194	3	be:ne	bene	_	_	_	_	_	linguistic	_	none	_	_	1x1	_	_	_
1194-4	PST038	1194	1194	4	[in	in	_	_	_	_	_	linguistic	_	none	_	_	_	_	_	0-2(50)
1194-5	PST038	1194	1194	5	eu]ro:pa	europa	_	_	_	_	_	linguistic	_	none	_	End=2798.852	3x1	_	_	0-2(50)
1195-0	PST211	1195	1195	0	[ma	ma	_	_	_	_	_	linguistic	_	none	_	Begin=2797.86	_	_	_	0-2(50)
1195-1	PST211	1195	1195	1	sì]	sì	_	_	_	_	_	linguistic	_	none	_	End=2798.28	_	_	_	0-2(50)
1196-0	PST211	1196	1196	0	eh	eh	_	_	_	_	_	linguistic	_	none	_	Begin=2799.26	_	_	_	_
1196-1	PST211	1196	1196	1	que:sto	questo	_	_	_	_	_	linguistic	_	none	_	_	2x1	_	_	_
1196-2	PST211	1196	1196	2	questo	questo	_	_	_	_	_	linguistic	_	none	_	_	_	_	_	_
1196-3	PST211	1196	1196	3	sì	sì	_	_	_	_	_	linguistic	_	none	_	_	_	_	_	_
1196-4	PST211	1196	1196	4	{ride}	{ride}	_	_	_	_	_	nonverbalbehavior	_	none	_	End=2801.902	_	_	_	_
1197-0	PST038	1197	1197	0	come	come	_	_	_	_	_	linguistic	_	none	_	Begin=2802.1	_	_	_	_
1197-1	PST038	1197	1197	1	[come	come	_	_	_	_	_	linguistic	_	none	_	_	_	_	_	0-4(51)
1197-2	PST038	1197	1197	2	vie:ne]	viene	_	_	_	_	_	linguistic	_	none	_	End=2803.301	2x1	_	_	0-5(51)
1198-0	PST211	1198	1198	0	[speria:mo]	speriamo	_	_	_	_	_	linguistic	_	none	_	Begin=2802.42	5x1	_	_	0-8(51)
1198-1	PST211	1198	1198	1	m:h	mh	_	_	_	_	_	linguistic	_	none	_	_	0x1	_	_	_
1198-2	PST211	1198	1198	2	mh	mh	_	_	_	_	_	linguistic	_	none	_	End=2803.654	_	_	_	_
1199-0	PST038	1199	1199	0	per	per	_	_	_	_	_	linguistic	_	none	_	Begin=2803.638	_	_	_	_
1199-1	PST038	1199	1199	1	tu:tti	tutti	_	_	_	_	_	linguistic	_	none	_	_	1x1	_	_	_
1199-2	PST038	1199	1199	2	no:i	noi	_	_	_	_	_	linguistic	_	none	_	_	1x1	_	_	_
1199-3	PST038	1199	1199	3	[per	per	_	_	_	_	_	linguistic	_	none	_	_	_	_	_	0-3(53)
1199-4	PST038	1199	1199	4	tutti	tutti	_	_	_	_	_	linguistic	_	none	_	_	_	_	_	0-5(53)
1199-5	PST038	1199	1199	5	n]o:i	noi	_	_	_	_	_	linguistic	_	none	_	End=2805.861	1x1	_	_	0-1(53)
1200-0	PST211	1200	1200	0	[eh	eh	_	_	_	_	_	linguistic	_	none	_	Begin=2804.893	_	_	_	0-2(53)
1200-1	PST211	1200	1200	1	sì]	sì	_	_	_	_	_	linguistic	_	none	_	End=2805.44	_	_	_	0-2(53)
1201-0	PST038	1201	1201	0	[io	io	_	_	_	_	_	linguistic	_	some	_	Begin=2807.212	_	_	_	0-2(54)
1201-1	PST038	1201	1201	1	#espe:ro]	espero	_	_	_	_	_	linguistic	_	some	Language=NO_ISO_CODE|Variation=Token	_	3x1	_	_	0-7(54)
1201-2	PST038	1201	1201	2	mh	mh	_	_	_	_	_	linguistic	_	some	_	_	_	_	_	_
1201-3	PST038	1201	1201	3	di	di	_	_	_	_	_	linguistic	_	some	_	_	_	_	_	_
1201-4	PST038	1201	1201	4	essere	essere	_	_	_	_	_	linguistic	_	some	_	_	_	_	_	_
1201-5	PST038	1201	1201	5	stata	stata	_	_	_	_	_	linguistic	_	some	_	_	_	_	_	_
1201-6	PST038	1201	1201	6	esa:urie:nte	esauriente	_	_	_	_	_	linguistic	_	some	_	_	2x1,6x1	_	_	_
1201-7	PST038	1201	1201	7	se	se	_	_	_	_	_	linguistic	_	some	_	_	_	_	_	_
1201-8	PST038	1201	1201	8	[vuole	vuole	_	_	_	_	_	linguistic	_	some	_	_	_	_	_	0-5(55)
1201-9	PST038	1201	1201	9	anco:ra]	ancora	_	_	_	_	_	linguistic	_	some	_	_	3x1	_	_	0-6(55)
1201-10	PST038	1201	1201	10	qualche	qualche	_	_	_	_	_	linguistic	_	some	_	_	_	_	_	_
1201-11	PST038	1201	1201	11	[altra	altra	_	_	_	_	_	linguistic	_	some	_	_	_	_	_	0-5(56)
1201-12	PST038	1201	1201	12	co:sa:	cosa	_	_	_	_	_	linguistic	_	some	_	_	1x1,3x1	_	_	0-4(56)
1201-13	PST038	1201	1201	13	di	di	_	_	_	_	_	linguistic	_	some	_	_	_	_	_	0-2(56)
1201-14	PST038	1201	1201	14	parla:re]	parlare	_	_	_	_	_	linguistic	_	some	_	End=2812.191	4x1	_	_	0-7(56)
1202-0	PST211	1202	1202	0	[va	va	_	_	_	_	_	linguistic	_	none	_	Begin=2807.31	_	_	_	0-2(54)
1202-1	PST211	1202	1202	1	bene]	bene	_	_	_	_	_	linguistic	_	none	_	End=2807.995	_	_	_	0-4(54)
1203-0	PST211	1203	1203	0	[sì	sì	_	_	_	_	_	linguistic	_	none	_	Begin=2809.686	_	_	_	0-2(55)
1203-1	PST211	1203	1203	1	sì]	sì	_	_	_	_	_	linguistic	_	none	_	End=2810.373	_	_	_	0-2(55)
1204-0	PST211	1204	1204	0	[no::	no	_	_	_	_	_	linguistic	_	none	_	Begin=2810.636	1x2	_	_	0-2(56)
1204-1	PST211	1204	1204	1	gra:zie	grazie	_	_	_	_	_	linguistic	_	none	_	_	2x1	_	_	0-6(56)
1204-2	PST211	1204	1204	2	gra:zie]	grazie	_	_	_	_	_	linguistic	_	none	_	_	2x1	_	_	0-6(56)
1204-3	PST211	1204	1204	3	(è)	è	_	_	_	_	_	linguistic	_	none	_	_	_	_	0-1(0)	_
1204-4	PST211	1204	1204	4	più	più	_	_	_	_	_	linguistic	_	none	_	_	_	_	_	_
1204-5	PST211	1204	1204	5	che	che	_	_	_	_	_	linguistic	_	none	_	_	_	_	_	_
1204-6	PST211	1204	1204	6	sufficie:nte	sufficiente	_	_	_	_	_	linguistic	_	none	_	_	7x1	_	_	_
1204-7	PST211	1204	1204	7	gra:zie	grazie	_	_	_	_	_	linguistic	_	none	_	_	2x1	_	_	_
1204-8	PST211	1204	1204	8	m:ille:	mille	_	_	_	_	_	linguistic	_	none	_	End=2814.243	0x1,4x1	_	_	_
