token_id	speaker	tu_id	unit	id	span	form	lemma	upos	xpos	feats	deprel	type	meta_label	variation	jefferson_feats	align	prolongations	pace	guesses	overlaps
0-0	PST211	0	0	0	e::	e	_	_	_	_	_	linguistic	_	none	_	Begin=0.29	0x2	_	_	_
0-1	PST211	0	0	1	se	se	_	_	_	_	_	linguistic	_	none	_	_	_	_	_	_
0-2	PST211	0	0	2	volete:	volete	_	_	_	_	_	linguistic	_	none	_	_	5x1	_	_	_
0-3	PST211	0	0	3	recuperarli	recuperarli	_	_	_	_	_	linguistic	_	none	_	_	_	_	_	_
0-4	PST211	0	0	4	okay?	okay	_	_	_	_	_	linguistic	_	none	Intonation=Rising	End=3.45	_	_	_	_
1-0	PST092	1	1	0	mh	mh	_	_	_	_	_	linguistic	_	none	_	Begin=3.47	_	_	_	_
1-1	PST092	1	1	1	mh	mh	_	_	_	_	_	linguistic	_	none	_	End=3.92	_	_	_	_
2-0	PST211	2	2	0	[okay]	okay	_	_	_	_	_	linguistic	_	none	_	Begin=6.63|End=7.3	_	_	_	0-4(0)
3-0	PST092	3	3	0	[(xxx)]	xxx	_	_	_	_	_	unknown	_	none	Syllables=3	Begin=6.67|End=9.15	_	_	0-3(0)	0-3(?)
4-0	PST087	4	4	0	okay	okay	_	_	_	_	_	linguistic	_	none	_	Begin=8.56|End=8.94	_	_	_	_
5-0	PST087	5	5	0	eh:m	ehm	_	_	_	_	_	linguistic	_	none	_	Begin=9.54|End=10.47	1x1	_	_	_
6-0	PST211	6	6	0	potete	potete	_	_	_	_	_	linguistic	_	none	_	Begin=10.59	_	_	_	_
6-1	PST211	6	6	1	partire	partire	_	_	_	_	_	linguistic	_	none	_	_	_	_	_	_
6-2	PST211	6	6	2	da	da	_	_	_	_	_	linguistic	_	none	_	_	_	_	_	_
6-3	PST211	6	6	3	quelli	quelli	_	_	_	_	_	linguistic	_	none	_	_	_	_	_	_
6-4	PST211	6	6	4	e	e	_	_	_	_	_	linguistic	_	none	_	_	_	_	_	_
6-5	PST211	6	6	5	ricordarvi	ricordarvi	_	_	_	_	_	linguistic	_	none	_	_	_	_	_	_
6-6	PST211	6	6	6	un	un	_	_	_	_	_	linguistic	_	none	_	_	_	_	_	_
6-7	PST211	6	6	7	po'	po'	_	_	_	_	_	linguistic	_	none	_	_	_	_	_	_
6-8	PST211	6	6	8	le	le	_	_	_	_	_	linguistic	_	none	_	_	_	_	_	_
6-9	PST211	6	6	9	idee	idee	_	_	_	_	_	linguistic	_	none	_	_	_	_	_	_
6-10	PST211	6	6	10	che	che	_	_	_	_	_	linguistic	_	none	_	_	_	_	_	_
6-11	PST211	6	6	11	avete	avete	_	_	_	_	_	linguistic	_	none	_	_	_	_	_	_
6-12	PST211	6	6	12	avuto	avuto	_	_	_	_	_	linguistic	_	none	_	_	_	_	_	_
6-13	PST211	6	6	13	l'	l'	_	_	_	_	_	linguistic	_	none	SpaceAfter=No	_	_	_	_	_
6-14	PST211	6	6	14	altra	altra	_	_	_	_	_	linguistic	_	none	_	_	_	_	_	_
6-15	PST211	6	6	15	volta	volta	_	_	_	_	_	linguistic	_	none	PauseAfter=Yes	_	_	_	_	_
6-16	PST211	6	6	16	{P}	{P}	_	_	_	_	_	shortpause	_	none	_	_	_	_	_	_
6-17	PST211	6	6	17	confrontarvi	confrontarvi	_	_	_	_	_	linguistic	_	none	_	_	_	_	_	_
6-18	PST211	6	6	18	se	se	_	_	_	_	_	linguistic	_	none	_	_	_	_	_	_
6-19	PST211	6	6	19	vi	vi	_	_	_	_	_	linguistic	_	none	_	_	_	_	_	_
6-20	PST211	6	6	20	sono	sono	_	_	_	_	_	linguistic	_	none	_	_	_	_	_	_
6-21	PST211	6	6	21	venute	venute	_	_	_	_	_	linguistic	_	none	_	_	_	_	_	_
6-22	PST211	6	6	22	altre	altre	_	_	_	_	_	linguistic	_	none	_	_	_	_	_	_
6-23	PST211	6	6	23	idee,	idee	_	_	_	_	_	linguistic	_	none	Intonation=WeaklyRising	End=17.81	_	_	_	_
7-0	PST087	7	7	0	[(sì	sì	_	_	_	_	_	linguistic	_	none	_	Begin=17.9	_	_	0-2(0)	0-2(2)
7-1	PST087	7	7	1	oggi)	oggi	_	_	_	_	_	linguistic	_	none	_	_	_	_	0-4(0)	0-4(2)
7-2	PST087	7	7	2	sono	sono	_	_	_	_	_	linguistic	_	none	_	_	_	_	_	0-4(2)
7-3	PST087	7	7	3	venuta]	venuta	_	_	_	_	_	linguistic	_	none	_	End=19.54	_	_	_	0-6(2)
8-0	PST211	8	8	0	[e	e	_	_	_	_	_	linguistic	_	none	_	Begin=17.9	_	_	_	0-1(2)
8-1	PST211	8	8	1	scrivere	scrivere	_	_	_	_	_	linguistic	_	none	_	_	_	_	_	0-8(2)
8-2	PST211	8	8	2	altre	altre	_	_	_	_	_	linguistic	_	none	_	_	_	_	_	0-5(2)
8-3	PST211	8	8	3	scene]	scene	_	_	_	_	_	linguistic	_	none	_	End=19.54	_	_	_	0-5(2)
9-0	PST092	9	9	0	[(se	se	_	_	_	_	_	linguistic	_	none	_	Begin=19.6	_	_	0-2(0)	0-2(3)
9-1	PST092	9	9	1	non	non	_	_	_	_	_	linguistic	_	none	_	_	_	_	0-3(0)	0-3(3)
9-2	PST092	9	9	2	sappiamo)]	sappiamo	_	_	_	_	_	linguistic	_	none	_	_	_	_	0-8(0)	0-8(3)
9-3	PST092	9	9	3	cosa	cosa	_	_	_	_	_	linguistic	_	none	_	_	_	_	_	_
9-4	PST092	9	9	4	scrivere,	scrivere	_	_	_	_	_	linguistic	_	none	Intonation=WeaklyRising	End=21.6	_	_	_	_
10-0	PST211	10	10	0	[e::::h]	eh	_	_	_	_	_	linguistic	_	none	_	Begin=19.73|End=21.255	0x4	_	_	0-2(3)
11-0	PST211	11	11	0	allora	allora	_	_	_	_	_	linguistic	_	none	_	Begin=21.59	_	_	_	_
11-1	PST211	11	11	1	iniziate	iniziate	_	_	_	_	_	linguistic	_	none	_	_	_	_	_	_
11-2	PST211	11	11	2	a	a	_	_	_	_	_	linguistic	_	none	_	_	_	_	_	_
11-3	PST211	11	11	3	pensare	pensare	_	_	_	_	_	linguistic	_	none	_	_	_	_	_	_
11-4	PST211	11	11	4	a	a	_	_	_	_	_	linguistic	_	none	_	_	_	_	_	_
11-5	PST211	11	11	5	<quando>	quando	_	_	_	_	_	linguistic	_	none	_	_	_	Slow=0-6(0)	_	_
11-6	PST211	11	11	6	fare	fare	_	_	_	_	_	linguistic	_	none	_	_	_	_	_	_
11-7	PST211	11	11	7	che	che	_	_	_	_	_	linguistic	_	none	_	_	_	_	_	_
11-8	PST211	11	11	8	cosa	cosa	_	_	_	_	_	linguistic	_	none	_	End=24.9525	_	_	_	_
12-0	PST087	12	12	0	ma	ma	_	_	_	_	_	linguistic	_	none	_	Begin=24.9525	_	_	_	_
12-1	PST087	12	12	1	poi	poi	_	_	_	_	_	linguistic	_	none	_	_	_	_	_	_
12-2	PST087	12	12	2	bisognerebbe	bisognerebbe	_	_	_	_	_	linguistic	_	none	_	_	_	_	_	_
12-3	PST087	12	12	3	parlare	parlare	_	_	_	_	_	linguistic	_	none	_	_	_	_	_	_
12-4	PST087	12	12	4	anche	anche	_	_	_	_	_	linguistic	_	none	_	_	_	_	_	_
12-5	PST087	12	12	5	con	con	_	_	_	_	_	linguistic	_	none	_	_	_	_	_	_
12-6	PST087	12	12	6	gli	gli	_	_	_	_	_	linguistic	_	none	_	_	_	_	_	_
12-7	PST087	12	12	7	altri	altri	_	_	_	_	_	linguistic	_	none	_	End=27.185	_	_	_	_
13-0	PST211	13	13	0	o[kay]	okay	_	_	_	_	_	linguistic	_	none	_	Begin=27.18|End=27.752	_	_	_	1-4(?)
14-0	PST092	14	14	0	aiuta:	aiuta	_	_	_	_	_	linguistic	_	none	_	Begin=27.74	4x1	_	_	_
14-1	PST092	14	14	1	@giulia	@giulia	_	_	_	_	_	anonymized	_	none	_	End=29.36	_	_	_	_
15-0	PST087	15	15	0	{ride}	{ride}	_	_	_	_	_	nonverbalbehavior	_	none	_	Begin=29.451|End=30.34	_	_	_	_
16-0	PST092	16	16	0	{ride}	{ride}	_	_	_	_	_	nonverbalbehavior	_	none	_	Begin=29.451|End=30.34	_	_	_	_
17-0	PST211	17	17	0	lei	lei	_	_	_	_	_	linguistic	_	none	_	Begin=30.35	_	_	_	_
17-1	PST211	17	17	1	è	è	_	_	_	_	_	linguistic	_	none	_	_	_	_	_	_
17-2	PST211	17	17	2	piena	piena	_	_	_	_	_	linguistic	_	none	_	_	_	_	_	_
17-3	PST211	17	17	3	lei	lei	_	_	_	_	_	linguistic	_	none	_	_	_	_	_	_
17-4	PST211	17	17	4	è	è	_	_	_	_	_	linguistic	_	none	_	_	_	_	_	_
17-5	PST211	17	17	5	piena	piena	_	_	_	_	_	linguistic	_	none	_	_	_	_	_	_
17-6	PST211	17	17	6	di	di	_	_	_	_	_	linguistic	_	none	_	_	_	_	_	_
17-7	PST211	17	17	7	idee	idee	_	_	_	_	_	linguistic	_	none	_	_	_	_	_	_
17-8	PST211	17	17	8	[quindi	quindi	_	_	_	_	_	linguistic	_	none	_	_	_	_	_	0-6(7)
17-9	PST211	17	17	9	qualcosa	qualcosa	_	_	_	_	_	linguistic	_	none	_	_	_	_	_	0-8(7)
17-10	PST211	17	17	10	(viene)]	viene	_	_	_	_	_	linguistic	_	none	_	End=33.73	_	_	0-5(0)	0-5(7)
18-0	PST092	18	18	0	[madonna	madonna	_	_	_	_	_	linguistic	_	none	_	Begin=32.63	_	_	_	0-7(7)
18-1	PST092	18	18	1	ragazzi]	ragazzi	_	_	_	_	_	linguistic	_	none	_	End=33.74	_	_	_	0-7(7)
19-0	PST092	19	19	0	io	io	_	_	_	_	_	linguistic	_	none	_	Begin=33.855	_	_	_	_
19-1	PST092	19	19	1	guardo	guardo	_	_	_	_	_	linguistic	_	none	_	_	_	_	_	_
19-2	PST092	19	19	2	i	i	_	_	_	_	_	linguistic	_	none	_	_	_	_	_	_
19-3	PST092	19	19	3	game	game	_	_	_	_	_	linguistic	_	none	_	_	_	_	_	_
19-4	PST092	19	19	4	play,	play	_	_	_	_	_	linguistic	_	none	Intonation=WeaklyRising	End=35.415	_	_	_	_
20-0	PST211	20	20	0	[brava]	brava	_	_	_	_	_	linguistic	_	none	_	Begin=35.76|End=36.74	_	_	_	0-5(8)
21-0	PST092	21	21	0	[arrivo]	arrivo	_	_	_	_	_	linguistic	_	none	_	Begin=36.11|End=36.64	_	_	_	0-6(8)
22-0	PST092	22	22	0	{ride}	{ride}	_	_	_	_	_	nonverbalbehavior	_	none	_	Begin=36.745|End=37.895	_	_	_	_
23-0	PST211	23	23	0	se	se	_	_	_	_	_	linguistic	_	none	_	Begin=37.96	_	_	_	_
23-1	PST211	23	23	1	poi	poi	_	_	_	_	_	linguistic	_	none	_	_	_	_	_	_
23-2	PST211	23	23	2	avete	avete	_	_	_	_	_	linguistic	_	none	_	_	_	_	_	_
23-3	PST211	23	23	3	finito	finito	_	_	_	_	_	linguistic	_	none	_	_	_	_	_	_
23-4	PST211	23	23	4	portate	portate	_	_	_	_	_	linguistic	_	none	_	_	_	_	_	_
23-5	PST211	23	23	5	tutto	tutto	_	_	_	_	_	linguistic	_	none	_	_	_	_	_	_
23-6	PST211	23	23	6	di	di	_	_	_	_	_	linguistic	_	none	_	_	_	_	_	_
23-7	PST211	23	23	7	la	la	_	_	_	_	_	linguistic	_	none	_	_	_	_	_	_
23-8	PST211	23	23	8	e:	e	_	_	_	_	_	linguistic	_	none	_	_	0x1	_	_	_
23-9	PST211	23	23	9	va	va	_	_	_	_	_	linguistic	_	none	_	_	_	_	_	_
23-10	PST211	23	23	10	bene	bene	_	_	_	_	_	linguistic	_	none	_	End=41.08	_	_	_	_
24-0	PST092	24	24	0	va	va	_	_	_	_	_	linguistic	_	none	_	Begin=41.07	_	_	_	_
24-1	PST092	24	24	1	bene	bene	_	_	_	_	_	linguistic	_	none	_	_	_	_	_	_
24-2	PST092	24	24	2	così	così	_	_	_	_	_	linguistic	_	none	_	_	_	_	_	_
24-3	PST092	24	24	3	[grazie]	grazie	_	_	_	_	_	linguistic	_	none	_	End=42.24	_	_	_	0-6(10)
25-0	PST211	25	25	0	[se	se	_	_	_	_	_	linguistic	_	none	_	Begin=41.43	_	_	_	0-2(10)
25-1	PST211	25	25	1	riuscite	riuscite	_	_	_	_	_	linguistic	_	none	_	_	_	_	_	0-8(10)
25-2	PST211	25	25	2	a:]	a	_	_	_	_	_	linguistic	_	none	_	_	0x1	_	_	0-1(10)
25-3	PST211	25	25	3	parlare	parlare	_	_	_	_	_	linguistic	_	none	_	_	_	_	_	_
25-4	PST211	25	25	4	un	un	_	_	_	_	_	linguistic	_	none	_	_	_	_	_	_
25-5	PST211	25	25	5	dieci	dieci	_	_	_	_	_	linguistic	_	none	_	_	_	_	_	_
25-6	PST211	25	25	6	minuti	minuti	_	_	_	_	_	linguistic	_	none	_	_	_	_	_	_
25-7	PST211	25	25	7	di	di	_	_	_	_	_	linguistic	_	none	_	_	_	_	_	_
25-8	PST211	25	25	8	questa	questa	_	_	_	_	_	linguistic	_	none	_	_	_	_	_	_
25-9	PST211	25	25	9	cosa	cosa	_	_	_	_	_	linguistic	_	none	_	End=44.39	_	_	_	_
26-0	PST092	26	26	0	grazie	grazie	_	_	_	_	_	linguistic	_	none	PauseAfter=Yes	Begin=44.46	_	_	_	_
26-1	PST092	26	26	1	{P}	{P}	_	_	_	_	_	shortpause	_	none	_	_	_	_	_	_
26-2	PST092	26	26	2	allora	allora	_	_	_	_	_	linguistic	_	none	_	End=45.97	_	_	_	_
27-0	PST092	27	27	0	@erica	@erica	_	_	_	_	_	anonymized	_	none	_	Begin=47.55|End=48.91	_	_	_	_
28-0	PST092	28	28	0	@erica	@erica	_	_	_	_	_	anonymized	_	none	_	Begin=49.21	_	_	_	_
28-1	PST092	28	28	1	ti	ti	_	_	_	_	_	linguistic	_	none	_	_	_	_	_	_
28-2	PST092	28	28	2	metto	metto	_	_	_	_	_	linguistic	_	none	_	_	_	_	_	_
28-3	PST092	28	28	3	un	un	_	_	_	_	_	linguistic	_	none	_	_	_	_	_	_
28-4	PST092	28	28	4	attimo	attimo	_	_	_	_	_	linguistic	_	none	_	_	_	_	_	_
28-5	PST092	28	28	5	in	in	_	_	_	_	_	linguistic	_	none	_	_	_	_	_	_
28-6	PST092	28	28	6	vivavoce	vivavoce	_	_	_	_	_	linguistic	_	none	_	_	_	_	_	_
28-7	PST092	28	28	7	così	così	_	_	_	_	_	linguistic	_	none	_	_	_	_	_	_
28-8	PST092	28	28	8	sarai	sarai	_	_	_	_	_	linguistic	_	none	_	_	_	_	_	_
28-9	PST092	28	28	9	partecipe	partecipe	_	_	_	_	_	linguistic	_	none	_	End=51.79	_	_	_	_
29-0	PST087	29	29	0	ciao::	ciao	_	_	_	_	_	linguistic	_	none	_	Begin=51.83|End=52.6	3x2	_	_	_
30-0	??	30	30	0	{al_telefono}	{al_telefono}	_	_	_	_	_	nonverbalbehavior	_	none	_	Begin=53.49	_	_	_	_
30-1	??	30	30	1	ciao	ciao	_	_	_	_	_	linguistic	_	none	_	_	_	_	_	_
30-2	??	30	30	2	{ride}	{ride}	_	_	_	_	_	nonverbalbehavior	_	none	_	End=54.09	_	_	_	_
31-0	PST092	31	31	0	quindi	quindi	_	_	_	_	_	linguistic	_	none	_	Begin=54.09	_	_	_	_
31-1	PST092	31	31	1	non	non	_	_	_	_	_	linguistic	_	none	_	_	_	_	_	_
31-2	PST092	31	31	2	puoi	puoi	_	_	_	_	_	linguistic	_	none	_	_	_	_	_	_
31-3	PST092	31	31	3	darci	darci	_	_	_	_	_	linguistic	_	none	_	End=55.22	_	_	_	_
32-0	??	32	32	0	xx	xx	_	_	_	_	_	unknown	_	none	Syllables=2	Begin=55.23|End=55.94	_	_	_	_
33-0	??	33	33	0	non	non	_	_	_	_	_	linguistic	_	none	_	Begin=56.97	_	_	_	_
33-1	??	33	33	1	sto	sto	_	_	_	_	_	linguistic	_	none	_	_	_	_	_	_
33-2	??	33	33	2	capendo	capendo	_	_	_	_	_	linguistic	_	none	_	_	_	_	_	_
33-3	??	33	33	3	che	che	_	_	_	_	_	linguistic	_	none	_	_	_	_	_	_
33-4	??	33	33	4	progetto?	progetto	_	_	_	_	_	linguistic	_	none	Intonation=Rising	End=58.65	_	_	_	_
34-0	PST092	34	34	0	è	è	_	_	_	_	_	linguistic	_	none	_	Begin=58.77	_	_	_	_
34-1	PST092	34	34	1	un	un	_	_	_	_	_	linguistic	_	none	_	_	_	_	_	_
34-2	PST092	34	34	2	progetto	progetto	_	_	_	_	_	linguistic	_	none	_	_	_	_	_	_
34-3	PST092	34	34	3	di	di	_	_	_	_	_	linguistic	_	none	_	_	_	_	_	_
34-4	PST092	34	34	4	teatro	teatro	_	_	_	_	_	linguistic	_	none	_	_	_	_	_	_
34-5	PST092	34	34	5	di	di	_	_	_	_	_	linguistic	_	none	_	_	_	_	_	_
34-6	PST092	34	34	6	cortometraggio	cortometraggio	_	_	_	_	_	linguistic	_	none	_	End=61.42	_	_	_	_
35-0	??	35	35	0	a::h	ah	_	_	_	_	_	linguistic	_	none	_	Begin=63.24	0x2	_	_	_
35-1	??	35	35	1	sì	sì	_	_	_	_	_	linguistic	_	none	_	_	_	_	_	_
35-2	??	35	35	2	ho	ho	_	_	_	_	_	linguistic	_	none	_	_	_	_	_	_
35-3	??	35	35	3	capito	capito	_	_	_	_	_	linguistic	_	none	_	_	_	_	_	_
35-4	??	35	35	4	ho	ho	_	_	_	_	_	linguistic	_	none	_	_	_	_	_	_
35-5	??	35	35	5	capito	capito	_	_	_	_	_	linguistic	_	none	_	_	_	_	_	_
35-6	??	35	35	6	ho	ho	_	_	_	_	_	linguistic	_	none	_	_	_	_	_	_
35-7	??	35	35	7	capito	capito	_	_	_	_	_	linguistic	_	none	_	End=65.705	_	_	_	_
36-0	PST092	36	36	0	io	io	_	_	_	_	_	linguistic	_	none	_	Begin=65.705	_	_	_	_
36-1	PST092	36	36	1	avevo	avevo	_	_	_	_	_	linguistic	_	none	_	_	_	_	_	_
36-2	PST092	36	36	2	una	una	_	_	_	_	_	linguistic	_	none	_	_	_	_	_	_
36-3	PST092	36	36	3	nuova	nuova	_	_	_	_	_	linguistic	_	none	_	_	_	_	_	_
36-4	PST092	36	36	4	idea	idea	_	_	_	_	_	linguistic	_	none	_	_	_	_	_	_
36-5	PST092	36	36	5	cioè	cioè	_	_	_	_	_	linguistic	_	none	_	_	_	_	_	_
36-6	PST092	36	36	6	fare,	fare	_	_	_	_	_	linguistic	_	none	Intonation=WeaklyRising	End=67.78	_	_	_	_
37-0	PST092	37	37	0	e::h	eh	_	_	_	_	_	linguistic	_	none	_	Begin=68.09	0x2	_	_	_
37-1	PST092	37	37	1	tipo	tipo	_	_	_	_	_	linguistic	_	none	_	End=69.19	_	_	_	_
38-0	PST092	38	38	0	tour,	tour	_	_	_	_	_	linguistic	_	none	Intonation=WeaklyRising	Begin=69.77|End=70.69	_	_	_	_
39-0	PST092	39	39	0	del	del	_	_	_	_	_	linguistic	_	none	_	Begin=71.23	_	_	_	_
39-1	PST092	39	39	1	centro.	centro	_	_	_	_	_	linguistic	_	none	Intonation=Falling	End=72.13	_	_	_	_
40-0	PST087	40	40	0	eh	eh	_	_	_	_	_	linguistic	_	some	_	Begin=72.46	_	_	_	_
40-1	PST087	40	40	1	sì	sì	_	_	_	_	_	linguistic	_	some	_	_	_	_	_	_
40-2	PST087	40	40	2	ma	ma	_	_	_	_	_	linguistic	_	some	_	_	_	_	_	_
40-3	PST087	40	40	3	quello	quello	_	_	_	_	_	linguistic	_	some	_	_	_	_	_	_
40-4	PST087	40	40	4	lì	lì	_	_	_	_	_	linguistic	_	some	_	_	_	_	_	_
40-5	PST087	40	40	5	è	è	_	_	_	_	_	linguistic	_	some	_	_	_	_	_	_
40-6	PST087	40	40	6	tipo	tipo	_	_	_	_	_	linguistic	_	some	_	_	_	_	_	_
40-7	PST087	40	40	7	quello	quello	_	_	_	_	_	linguistic	_	some	_	_	_	_	_	_
40-8	PST087	40	40	8	che	che	_	_	_	_	_	linguistic	_	some	_	_	_	_	_	_
40-9	PST087	40	40	9	fa	fa	_	_	_	_	_	linguistic	_	some	_	_	_	_	_	_
40-10	PST087	40	40	10	#doamna	doamna	_	_	_	_	_	linguistic	_	some	Language=NO_ISO_CODE|Variation=Token	_	_	_	_	_
40-11	PST087	40	40	11	@ecaterina	@ecaterina	_	_	_	_	_	anonymized	_	some	_	End=74.83	_	_	_	_
42-0	PST087	42	42	0	cioè	cioè	_	_	_	_	_	linguistic	_	some	_	Begin=74.99	_	_	_	_
42-1	PST087	42	42	1	quando	quando	_	_	_	_	_	linguistic	_	some	_	_	_	_	_	_
42-2	PST087	42	42	2	parla	parla	_	_	_	_	_	linguistic	_	some	_	_	_	_	_	_
42-3	PST087	42	42	3	#doamna	doamna	_	_	_	_	_	linguistic	_	some	Language=NO_ISO_CODE|Variation=Token	_	_	_	_	_
42-4	PST087	42	42	4	@ecaterina	@ecaterina	_	_	_	_	_	anonymized	_	some	_	_	_	_	_	_
42-5	PST087	42	42	5	magari	magari	_	_	_	_	_	linguistic	_	some	_	_	_	_	_	_
42-6	PST087	42	42	6	lei	lei	_	_	_	_	_	linguistic	_	some	_	_	_	_	_	_
42-7	PST087	42	42	7	si	si	_	_	_	_	_	linguistic	_	some	_	_	_	_	_	_
42-8	PST087	42	42	8	muove,	muove	_	_	_	_	_	linguistic	_	some	Intonation=WeaklyRising	End=77.56	_	_	_	_
44-0	PST087	44	44	0	sai	sai	_	_	_	_	_	linguistic	_	none	_	Begin=77.77	_	_	_	_
44-1	PST087	44	44	1	cosa	cosa	_	_	_	_	_	linguistic	_	none	_	_	_	_	_	_
44-2	PST087	44	44	2	sarebbe	sarebbe	_	_	_	_	_	linguistic	_	none	_	_	_	_	_	_
44-3	PST087	44	44	3	fico?	fico	_	_	_	_	_	linguistic	_	none	Intonation=Rising	End=78.9	_	_	_	_
45-0	PST092	45	45	0	tour	tour	_	_	_	_	_	linguistic	_	none	_	Begin=78.98	_	_	_	_
45-1	PST092	45	45	1	del	del	_	_	_	_	_	linguistic	_	none	_	_	_	_	_	_
45-2	PST092	45	45	2	centro	centro	_	_	_	_	_	linguistic	_	none	_	_	_	_	_	_
45-3	PST092	45	45	3	ma	ma	_	_	_	_	_	linguistic	_	none	_	_	_	_	_	_
45-4	PST092	45	45	4	tipo	tipo	_	_	_	_	_	linguistic	_	none	_	_	_	_	_	_
45-5	PST092	45	45	5	quando	quando	_	_	_	_	_	linguistic	_	none	_	_	_	_	_	_
45-6	PST092	45	45	6	arrivano	arrivano	_	_	_	_	_	linguistic	_	none	_	_	_	_	_	_
45-7	PST092	45	45	7	le	le	_	_	_	_	_	linguistic	_	none	_	_	_	_	_	_
45-8	PST092	45	45	8	pers~	pers~	_	_	_	_	_	linguistic	_	none	Interrupted=Yes	_	_	_	_	_
45-9	PST092	45	45	9	facciamo	facciamo	_	_	_	_	_	linguistic	_	none	_	_	_	_	_	_
45-10	PST092	45	45	10	tipo	tipo	_	_	_	_	_	linguistic	_	none	_	_	_	_	_	_
45-11	PST092	45	45	11	una	una	_	_	_	_	_	linguistic	_	none	_	_	_	_	_	_
45-12	PST092	45	45	12	persona	persona	_	_	_	_	_	linguistic	_	none	_	_	_	_	_	_
45-13	PST092	45	45	13	che	che	_	_	_	_	_	linguistic	_	none	_	_	_	_	_	_
45-14	PST092	45	45	14	arriva	arriva	_	_	_	_	_	linguistic	_	none	_	_	_	_	_	_
45-15	PST092	45	45	15	[da	da	_	_	_	_	_	linguistic	_	none	_	_	_	_	_	0-2(11)
45-16	PST092	45	45	16	fuori:]	fuori	_	_	_	_	_	linguistic	_	none	_	End=83.74	4x1	_	_	0-5(11)
46-0	PST087	46	46	0	[s::ì::]	sì	_	_	_	_	_	linguistic	_	none	_	Begin=82.68|End=83.78	0x2,1x2	_	_	0-2(11)
47-0	PST092	47	47	0	entra	entra	_	_	_	_	_	linguistic	_	none	_	Begin=83.815	_	_	_	_
47-1	PST092	47	47	1	dentro	dentro	_	_	_	_	_	linguistic	_	none	_	_	_	_	_	_
47-2	PST092	47	47	2	va	va	_	_	_	_	_	linguistic	_	none	_	_	_	_	_	_
47-3	PST092	47	47	3	in	in	_	_	_	_	_	linguistic	_	none	_	_	_	_	_	_
47-4	PST092	47	47	4	sala	sala	_	_	_	_	_	linguistic	_	none	_	_	_	_	_	_
47-5	PST092	47	47	5	[di	di	_	_	_	_	_	linguistic	_	none	_	_	_	_	_	0-2(12)
47-6	PST092	47	47	6	danza	danza	_	_	_	_	_	linguistic	_	none	_	_	_	_	_	0-5(12)
47-7	PST092	47	47	7	poi	poi	_	_	_	_	_	linguistic	_	none	_	_	_	_	_	0-3(12)
47-8	PST092	47	47	8	va	va	_	_	_	_	_	linguistic	_	none	_	_	_	_	_	0-2(12)
47-9	PST092	47	47	9	va	va	_	_	_	_	_	linguistic	_	none	_	_	_	_	_	0-2(12)
47-10	PST092	47	47	10	a	a	_	_	_	_	_	linguistic	_	none	_	_	_	_	_	0-1(12)
47-11	PST092	47	47	11	canto	canto	_	_	_	_	_	linguistic	_	none	PauseAfter=Yes	_	_	_	_	0-5(12)
47-12	PST092	47	47	12	{P}	{P}	_	_	_	_	_	shortpause	_	none	_	_	_	_	_	0-3(12)
47-13	PST092	47	47	13	sarebbe	sarebbe	_	_	_	_	_	linguistic	_	none	_	_	_	_	_	0-7(12)
47-14	PST092	47	47	14	fighissimo]	fighissimo	_	_	_	_	_	linguistic	_	none	_	End=88.1	_	_	_	0-10(12)
48-0	PST087	48	48	0	[sai	sai	_	_	_	_	_	linguistic	_	some	_	Begin=85.012	_	_	_	0-3(12)
48-1	PST087	48	48	1	cosa	cosa	_	_	_	_	_	linguistic	_	some	_	_	_	_	_	0-4(12)
48-2	PST087	48	48	2	sarebbe	sarebbe	_	_	_	_	_	linguistic	_	some	_	_	_	_	_	0-7(12)
48-3	PST087	48	48	3	fico	fico	_	_	_	_	_	linguistic	_	some	PauseAfter=Yes	_	_	_	_	0-4(12)
48-4	PST087	48	48	4	{P}	{P}	_	_	_	_	_	shortpause	_	some	_	_	_	_	_	0-3(12)
48-5	PST087	48	48	5	eh	eh	_	_	_	_	_	linguistic	_	some	_	_	_	_	_	0-2(12)
48-6	PST087	48	48	6	esatto	esatto	_	_	_	_	_	linguistic	_	some	_	_	_	_	_	0-6(12)
48-7	PST087	48	48	7	perché	perché	_	_	_	_	_	linguistic	_	some	PauseAfter=Yes	_	_	_	_	0-6(12)
48-8	PST087	48	48	8	{P}	{P}	_	_	_	_	_	shortpause	_	some	_	_	_	_	_	0-3(12)
48-9	PST087	48	48	9	poi]	poi	_	_	_	_	_	linguistic	_	some	_	_	_	_	_	0-3(12)
48-10	PST087	48	48	10	il	il	_	_	_	_	_	linguistic	_	some	_	_	_	_	_	_
48-11	PST087	48	48	11	tour	tour	_	_	_	_	_	linguistic	_	some	_	_	_	_	_	_
48-12	PST087	48	48	12	#doamna	doamna	_	_	_	_	_	linguistic	_	some	Language=NO_ISO_CODE|Variation=Token	_	_	_	_	_
48-13	PST087	48	48	13	@ecaterina	@ecaterina	_	_	_	_	_	anonymized	_	some	_	_	_	_	_	_
48-14	PST087	48	48	14	parla	parla	_	_	_	_	_	linguistic	_	some	_	_	_	_	_	_
48-15	PST087	48	48	15	poi	poi	_	_	_	_	_	linguistic	_	some	_	_	_	_	_	_
48-16	PST087	48	48	16	tipo	tipo	_	_	_	_	_	linguistic	_	some	_	End=90.092	_	_	_	_
50-0	PST087	50	50	0	e	e	_	_	_	_	_	linguistic	_	none	_	Begin=90.22	_	_	_	_
50-1	PST087	50	50	1	tipo	tipo	_	_	_	_	_	linguistic	_	none	_	_	_	_	_	_
50-2	PST087	50	50	2	che	che	_	_	_	_	_	linguistic	_	none	_	_	_	_	_	_
50-3	PST087	50	50	3	ne	ne	_	_	_	_	_	linguistic	_	none	_	_	_	_	_	_
50-4	PST087	50	50	4	so	so	_	_	_	_	_	linguistic	_	none	_	_	_	_	_	_
50-5	PST087	50	50	5	in	in	_	_	_	_	_	linguistic	_	none	_	_	_	_	_	_
50-6	PST087	50	50	6	una	una	_	_	_	_	_	linguistic	_	none	_	_	_	_	_	_
50-7	PST087	50	50	7	scena	scena	_	_	_	_	_	linguistic	_	none	_	_	_	_	_	_
50-8	PST087	50	50	8	facciamo	facciamo	_	_	_	_	_	linguistic	_	none	_	_	_	_	_	_
50-9	PST087	50	50	9	tipo	tipo	_	_	_	_	_	linguistic	_	none	_	_	_	_	_	_
50-10	PST087	50	50	10	il	il	_	_	_	_	_	linguistic	_	none	_	_	_	_	_	_
50-11	PST087	50	50	11	carrello	carrello	_	_	_	_	_	linguistic	_	none	_	_	_	_	_	_
50-12	PST087	50	50	12	e	e	_	_	_	_	_	linguistic	_	none	_	_	_	_	_	_
50-13	PST087	50	50	13	riprendiamo	riprendiamo	_	_	_	_	_	linguistic	_	none	_	End=93.21	_	_	_	_
51-0	PST087	51	51	0	poi	poi	_	_	_	_	_	linguistic	_	none	_	Begin=93.35	_	_	_	_
51-1	PST087	51	51	1	la	la	_	_	_	_	_	linguistic	_	none	_	_	_	_	_	_
51-2	PST087	51	51	2	porta	porta	_	_	_	_	_	linguistic	_	none	_	_	_	_	_	_
51-3	PST087	51	51	3	magari	magari	_	_	_	_	_	linguistic	_	none	_	_	_	_	_	_
51-4	PST087	51	51	4	si	si	_	_	_	_	_	linguistic	_	none	_	_	_	_	_	_
51-5	PST087	51	51	5	apre	apre	_	_	_	_	_	linguistic	_	none	_	_	_	_	_	_
51-6	PST087	51	51	6	[ed	ed	_	_	_	_	_	linguistic	_	none	_	_	_	_	_	0-2(?)
51-7	PST087	51	51	7	entra	entra	_	_	_	_	_	linguistic	_	none	_	_	_	_	_	0-5(?)
51-8	PST087	51	51	8	la::]	la	_	_	_	_	_	linguistic	_	none	_	End=97.33	1x2	_	_	0-2(?)
52-0	PST092	52	52	0	[io	io	_	_	_	_	_	linguistic	_	none	_	Begin=95.46	_	_	_	0-2(13)
52-1	PST092	52	52	1	avevo	avevo	_	_	_	_	_	linguistic	_	none	_	_	_	_	_	0-5(13)
52-2	PST092	52	52	2	un'	un'	_	_	_	_	_	linguistic	_	none	SpaceAfter=No	_	_	_	_	0-3(13)
52-3	PST092	52	52	3	idea]	idea	_	_	_	_	_	linguistic	_	none	_	End=96.38	_	_	_	0-4(13)
53-0	PST092	53	53	0	io	io	_	_	_	_	_	linguistic	_	none	_	Begin=96.79	_	_	_	_
53-1	PST092	53	53	1	avevo	avevo	_	_	_	_	_	linguistic	_	none	_	_	_	_	_	_
53-2	PST092	53	53	2	un'	un'	_	_	_	_	_	linguistic	_	none	SpaceAfter=No	_	_	_	_	_
53-3	PST092	53	53	3	idea	idea	_	_	_	_	_	linguistic	_	none	_	_	_	_	_	_
53-4	PST092	53	53	4	tipo	tipo	_	_	_	_	_	linguistic	_	none	_	_	_	_	_	_
53-5	PST092	53	53	5	sai	sai	_	_	_	_	_	linguistic	_	none	_	_	_	_	_	_
53-6	PST092	53	53	6	no	no	_	_	_	_	_	linguistic	_	none	_	_	_	_	_	_
53-7	PST092	53	53	7	@anita	@anita	_	_	_	_	_	anonymized	_	none	PauseAfter=Yes	_	_	_	_	_
53-8	PST092	53	53	8	{P}	{P}	_	_	_	_	_	shortpause	_	none	_	_	_	_	_	_
53-9	PST092	53	53	9	xxx	xxx	_	_	_	_	_	unknown	_	none	Syllables=3	_	_	_	_	_
53-10	PST092	53	53	10	tipo	tipo	_	_	_	_	_	linguistic	_	none	_	_	_	_	_	_
53-11	PST092	53	53	11	@anita	@anita	_	_	_	_	_	anonymized	_	none	_	End=99.53	_	_	_	_
54-0	PST092	54	54	0	@anita	@anita	_	_	_	_	_	anonymized	_	none	PauseAfter=Yes	Begin=99.89	_	_	_	_
54-1	PST092	54	54	1	{P}	{P}	_	_	_	_	_	shortpause	_	none	_	_	_	_	_	_
54-2	PST092	54	54	2	che	che	_	_	_	_	_	linguistic	_	none	_	_	_	_	_	_
54-3	PST092	54	54	3	tra	tra	_	_	_	_	_	linguistic	_	none	_	_	_	_	_	_
54-4	PST092	54	54	4	i	i	_	_	_	_	_	linguistic	_	none	_	_	_	_	_	_
54-5	PST092	54	54	5	tubi	tubi	_	_	_	_	_	linguistic	_	none	_	_	_	_	_	_
54-6	PST092	54	54	6	tu	tu	_	_	_	_	_	linguistic	_	none	_	_	_	_	_	_
54-7	PST092	54	54	7	inquadri	inquadri	_	_	_	_	_	linguistic	_	none	_	_	_	_	_	_
54-8	PST092	54	54	8	@an~	@an~	_	_	_	_	_	anonymized	_	none	Interrupted=Yes	_	_	_	_	_
54-9	PST092	54	54	9	tipo	tipo	_	_	_	_	_	linguistic	_	none	_	_	_	_	_	_
54-10	PST092	54	54	10	@anita	@anita	_	_	_	_	_	anonymized	_	none	_	_	_	_	_	_
54-11	PST092	54	54	11	cammina	cammina	_	_	_	_	_	linguistic	_	none	_	End=103.65	_	_	_	_
55-0	PST087	55	55	0	[t	t	_	_	_	_	_	linguistic	_	none	ProsodicLink=Yes	Begin=103.76	_	_	_	0-1(15)
55-1	PST087	55	55	1	t	t	_	_	_	_	_	linguistic	_	none	ProsodicLink=Yes	_	_	_	_	0-1(15)
55-2	PST087	55	55	2	t	t	_	_	_	_	_	linguistic	_	none	ProsodicLink=Yes	_	_	_	_	0-1(15)
55-3	PST087	55	55	3	t]	t	_	_	_	_	_	linguistic	_	none	_	End=104.78	_	_	_	0-1(15)
56-0	PST092	56	56	0	[xx	xx	_	_	_	_	_	unknown	_	none	Syllables=2	Begin=103.765	_	_	_	0-2(15)
56-1	PST092	56	56	1	xxx]	xxx	_	_	_	_	_	unknown	_	none	Syllables=3	_	_	_	_	0-3(15)
56-2	PST092	56	56	2	e	e	_	_	_	_	_	linguistic	_	none	_	_	_	_	_	_
56-3	PST092	56	56	3	e	e	_	_	_	_	_	linguistic	_	none	_	_	_	_	_	_
56-4	PST092	56	56	4	mentre	mentre	_	_	_	_	_	linguistic	_	none	_	_	_	_	_	_
56-5	PST092	56	56	5	cammina	cammina	_	_	_	_	_	linguistic	_	none	_	_	_	_	_	_
56-6	PST092	56	56	6	noi	noi	_	_	_	_	_	linguistic	_	none	_	_	_	_	_	_
56-7	PST092	56	56	7	tiriamo	tiriamo	_	_	_	_	_	linguistic	_	none	_	_	_	_	_	_
56-8	PST092	56	56	8	indietro	indietro	_	_	_	_	_	linguistic	_	none	_	_	_	_	_	_
56-9	PST092	56	56	9	con	con	_	_	_	_	_	linguistic	_	none	_	_	_	_	_	_
56-10	PST092	56	56	10	il	il	_	_	_	_	_	linguistic	_	none	_	_	_	_	_	_
56-11	PST092	56	56	11	carrello	carrello	_	_	_	_	_	linguistic	_	none	PauseAfter=Yes	_	_	_	_	_
56-12	PST092	56	56	12	{P}	{P}	_	_	_	_	_	shortpause	_	none	_	_	_	_	_	_
56-13	PST092	56	56	13	e	e	_	_	_	_	_	linguistic	_	none	_	_	_	_	_	_
56-14	PST092	56	56	14	@anita	@anita	_	_	_	_	_	anonymized	_	none	_	_	_	_	_	_
56-15	PST092	56	56	15	cammina	cammina	_	_	_	_	_	linguistic	_	none	_	_	_	_	_	_
56-16	PST092	56	56	16	verso	verso	_	_	_	_	_	linguistic	_	none	_	_	_	_	_	_
56-17	PST092	56	56	17	avanti	avanti	_	_	_	_	_	linguistic	_	none	_	_	_	_	_	_
56-18	PST092	56	56	18	come	come	_	_	_	_	_	linguistic	_	none	_	_	_	_	_	_
56-19	PST092	56	56	19	se	se	_	_	_	_	_	linguistic	_	none	_	_	_	_	_	_
56-20	PST092	56	56	20	noi	noi	_	_	_	_	_	linguistic	_	none	_	_	_	_	_	_
56-21	PST092	56	56	21	la	la	_	_	_	_	_	linguistic	_	none	_	_	_	_	_	_
56-22	PST092	56	56	22	stessimo	stessimo	_	_	_	_	_	linguistic	_	none	_	End=111.14	_	_	_	_
57-0	PST092	57	57	0	<portando	portando	_	_	_	_	_	linguistic	_	none	_	Begin=111.36	_	Slow=0-8(0)	_	_
57-1	PST092	57	57	1	all'	all'	_	_	_	_	_	linguistic	_	none	SpaceAfter=No	_	_	Slow=0-4(0)	_	_
57-2	PST092	57	57	2	interno>	interno	_	_	_	_	_	linguistic	_	none	_	_	_	Slow=0-7(0)	_	_
57-3	PST092	57	57	3	del	del	_	_	_	_	_	linguistic	_	none	_	_	_	_	_	_
57-4	PST092	57	57	4	centro	centro	_	_	_	_	_	linguistic	_	none	_	_	_	_	_	_
57-5	PST092	57	57	5	non	non	_	_	_	_	_	linguistic	_	none	_	_	_	_	_	_
57-6	PST092	57	57	6	so	so	_	_	_	_	_	linguistic	_	none	_	_	_	_	_	_
57-7	PST092	57	57	7	se	se	_	_	_	_	_	linguistic	_	none	_	_	_	_	_	_
57-8	PST092	57	57	8	hai	hai	_	_	_	_	_	linguistic	_	none	_	_	_	_	_	_
57-9	PST092	57	57	9	capito	capito	_	_	_	_	_	linguistic	_	none	_	End=114.42	_	_	_	_
58-0	PST092	58	58	0	tipo	tipo	_	_	_	_	_	linguistic	_	none	_	Begin=114.51	_	_	_	_
58-1	PST092	58	58	1	[da	da	_	_	_	_	_	linguistic	_	none	_	_	_	_	_	0-2(16)
58-2	PST092	58	58	2	fuori]	fuori	_	_	_	_	_	linguistic	_	none	_	_	_	_	_	0-5(16)
58-3	PST092	58	58	3	la	la	_	_	_	_	_	linguistic	_	none	_	_	_	_	_	_
58-4	PST092	58	58	4	inquadriamo	inquadriamo	_	_	_	_	_	linguistic	_	none	_	_	_	_	_	_
58-5	PST092	58	58	5	che	che	_	_	_	_	_	linguistic	_	none	_	_	_	_	_	_
58-6	PST092	58	58	6	entra	entra	_	_	_	_	_	linguistic	_	none	_	_	_	_	_	_
58-7	PST092	58	58	7	dentro	dentro	_	_	_	_	_	linguistic	_	none	_	_	_	_	_	_
58-8	PST092	58	58	8	e	e	_	_	_	_	_	linguistic	_	none	_	_	_	_	_	_
58-9	PST092	58	58	9	scende	scende	_	_	_	_	_	linguistic	_	none	_	_	_	_	_	_
58-10	PST092	58	58	10	le	le	_	_	_	_	_	linguistic	_	none	_	_	_	_	_	_
58-11	PST092	58	58	11	scale	scale	_	_	_	_	_	linguistic	_	none	_	_	_	_	_	_
58-12	PST092	58	58	12	(tipo)	tipo	_	_	_	_	_	linguistic	_	none	_	_	_	_	0-4(0)	_
58-13	PST092	58	58	13	la	la	_	_	_	_	_	linguistic	_	none	_	_	_	_	_	_
58-14	PST092	58	58	14	inquadriamo	inquadriamo	_	_	_	_	_	linguistic	_	none	_	_	_	_	_	_
58-15	PST092	58	58	15	qua	qua	_	_	_	_	_	linguistic	_	none	_	End=120.08	_	_	_	_
59-0	PST087	59	59	0	[c(io)è]	cioè	_	_	_	_	_	linguistic	_	none	_	Begin=114.823|End=115.371	_	_	1-3(0)	0-4(16)
60-0	PST092	60	60	0	okay	okay	_	_	_	_	_	linguistic	_	none	_	Begin=120.44	_	_	_	_
60-1	PST092	60	60	1	inquadriamo	inquadriamo	_	_	_	_	_	linguistic	_	none	_	_	_	_	_	_
60-2	PST092	60	60	2	che	che	_	_	_	_	_	linguistic	_	none	_	_	_	_	_	_
60-3	PST092	60	60	3	scende	scende	_	_	_	_	_	linguistic	_	none	_	_	_	_	_	_
60-4	PST092	60	60	4	le	le	_	_	_	_	_	linguistic	_	none	_	_	_	_	_	_
60-5	PST092	60	60	5	scald	scald	_	_	_	_	_	linguistic	_	none	_	End=122.4	_	_	_	_
61-0	PST092	61	61	0	poi	poi	_	_	_	_	_	linguistic	_	none	PauseAfter=Yes	Begin=122.65	_	_	_	_
61-1	PST092	61	61	1	{P}	{P}	_	_	_	_	_	shortpause	_	none	_	_	_	_	_	_
61-2	PST092	61	61	2	magari	magari	_	_	_	_	_	linguistic	_	none	_	_	_	_	_	_
61-3	PST092	61	61	3	la	la	_	_	_	_	_	linguistic	_	none	_	_	_	_	_	_
61-4	PST092	61	61	4	inquadriamo	inquadriamo	_	_	_	_	_	linguistic	_	none	_	_	_	_	_	_
61-5	PST092	61	61	5	tipo:	tipo	_	_	_	_	_	linguistic	_	none	_	_	3x1	_	_	_
61-6	PST092	61	61	6	quando	quando	_	_	_	_	_	linguistic	_	none	_	_	_	_	_	_
61-7	PST092	61	61	7	va	va	_	_	_	_	_	linguistic	_	none	_	_	_	_	_	_
61-8	PST092	61	61	8	verso	verso	_	_	_	_	_	linguistic	_	none	_	_	_	_	_	_
61-9	PST092	61	61	9	sala	sala	_	_	_	_	_	linguistic	_	none	_	_	_	_	_	_
61-10	PST092	61	61	10	di	di	_	_	_	_	_	linguistic	_	none	_	_	_	_	_	_
61-11	PST092	61	61	11	canto,	canto	_	_	_	_	_	linguistic	_	none	Intonation=WeaklyRising	End=126.33	_	_	_	_
62-0	PST092	62	62	0	no	no	_	_	_	_	_	linguistic	_	none	_	Begin=126.59	_	_	_	_
62-1	PST092	62	62	1	sala	sala	_	_	_	_	_	linguistic	_	none	_	_	_	_	_	_
62-2	PST092	62	62	2	di	di	_	_	_	_	_	linguistic	_	none	_	_	_	_	_	_
62-3	PST092	62	62	3	danza,	danza	_	_	_	_	_	linguistic	_	none	Intonation=WeaklyRising	End=127.73	_	_	_	_
63-0	PST092	63	63	0	noi	noi	_	_	_	_	_	linguistic	_	none	_	Begin=127.96	_	_	_	_
63-1	PST092	63	63	1	siamo	siamo	_	_	_	_	_	linguistic	_	none	_	_	_	_	_	_
63-2	PST092	63	63	2	col	col	_	_	_	_	_	linguistic	_	none	_	_	_	_	_	_
63-3	PST092	63	63	3	carello,	carello	_	_	_	_	_	linguistic	_	none	Intonation=WeaklyRising	End=129.21	_	_	_	_
64-0	PST092	64	64	0	qualcuno	qualcuno	_	_	_	_	_	linguistic	_	none	_	Begin=129.37	_	_	_	_
64-1	PST092	64	64	1	tira	tira	_	_	_	_	_	linguistic	_	none	_	_	_	_	_	_
64-2	PST092	64	64	2	indietro	indietro	_	_	_	_	_	linguistic	_	none	_	_	_	_	_	_
64-3	PST092	64	64	3	e	e	_	_	_	_	_	linguistic	_	none	_	_	_	_	_	_
64-4	PST092	64	64	4	le	le	_	_	_	_	_	linguistic	_	none	_	_	_	_	_	_
64-5	PST092	64	64	5	altre	altre	_	_	_	_	_	linguistic	_	none	_	_	_	_	_	_
64-6	PST092	64	64	6	persone	persone	_	_	_	_	_	linguistic	_	none	_	_	_	_	_	_
64-7	PST092	64	64	7	inquadrarla	inquadrarla	_	_	_	_	_	linguistic	_	none	_	_	_	_	_	_
64-8	PST092	64	64	8	mentre	mentre	_	_	_	_	_	linguistic	_	none	_	_	_	_	_	_
64-9	PST092	64	64	9	[viene]	viene	_	_	_	_	_	linguistic	_	none	_	End=132.75	_	_	_	0-5(17)
65-0	PST087	65	65	0	[troppo	troppo	_	_	_	_	_	linguistic	_	none	_	Begin=131.8	_	_	_	0-6(17)
65-1	PST087	65	65	1	lungo::]	lungo	_	_	_	_	_	linguistic	_	none	_	_	4x2	_	_	0-5(17)
65-2	PST087	65	65	2	cioè	cioè	_	_	_	_	_	linguistic	_	none	_	_	_	_	_	_
65-3	PST087	65	65	3	bisognerebbe	bisognerebbe	_	_	_	_	_	linguistic	_	none	_	_	_	_	_	_
65-4	PST087	65	65	4	fare	fare	_	_	_	_	_	linguistic	_	none	_	_	_	_	_	_
65-5	PST087	65	65	5	anche	anche	_	_	_	_	_	linguistic	_	none	_	_	_	_	_	_
65-6	PST087	65	65	6	tipo	tipo	_	_	_	_	_	linguistic	_	none	_	_	_	_	_	_
65-7	PST087	65	65	7	dei	dei	_	_	_	_	_	linguistic	_	none	_	_	_	_	_	_
65-8	PST087	65	65	8	ciak	ciak	_	_	_	_	_	linguistic	_	none	_	End=135.37	_	_	_	_
66-0	PST092	66	66	0	eh	eh	_	_	_	_	_	linguistic	_	none	_	Begin=135.54	_	_	_	_
66-1	PST092	66	66	1	sono	sono	_	_	_	_	_	linguistic	_	none	_	_	_	_	_	_
66-2	PST092	66	66	2	ciak	ciak	_	_	_	_	_	linguistic	_	none	_	End=136.49	_	_	_	_
67-0	PST087	67	67	0	ah	ah	_	_	_	_	_	linguistic	_	none	_	Begin=136.59	_	_	_	_
67-1	PST087	67	67	1	okay	okay	_	_	_	_	_	linguistic	_	none	_	_	_	_	_	_
67-2	PST087	67	67	2	perché	perché	_	_	_	_	_	linguistic	_	none	_	_	_	_	_	_
67-3	PST087	67	67	3	xx	xx	_	_	_	_	_	unknown	_	none	Syllables=2	_	_	_	_	_
67-4	PST087	67	67	4	[tutto	tutto	_	_	_	_	_	linguistic	_	none	_	_	_	_	_	0-5(18)
67-5	PST087	67	67	5	unico	unico	_	_	_	_	_	linguistic	_	none	PauseAfter=Yes	_	_	_	_	0-5(18)
67-6	PST087	67	67	6	{P}	{P}	_	_	_	_	_	shortpause	_	none	_	_	_	_	_	0-3(18)
67-7	PST087	67	67	7	un	un	_	_	_	_	_	linguistic	_	none	_	_	_	_	_	0-2(18)
67-8	PST087	67	67	8	carrello	carrello	_	_	_	_	_	linguistic	_	none	_	_	_	_	_	0-8(18)
67-9	PST087	67	67	9	così]	così	_	_	_	_	_	linguistic	_	none	_	End=141.195	_	_	_	0-4(18)
68-0	PST092	68	68	0	[no	no	_	_	_	_	_	linguistic	_	none	_	Begin=138.341	_	_	_	0-2(18)
68-1	PST092	68	68	1	no	no	_	_	_	_	_	linguistic	_	none	_	_	_	_	_	0-2(18)
68-2	PST092	68	68	2	no	no	_	_	_	_	_	linguistic	_	none	_	_	_	_	_	0-2(18)
68-3	PST092	68	68	3	tutto	tutto	_	_	_	_	_	linguistic	_	none	_	_	_	_	_	0-5(18)
68-4	PST092	68	68	4	unico	unico	_	_	_	_	_	linguistic	_	none	_	_	_	_	_	0-5(18)
68-5	PST092	68	68	5	ti	ti	_	_	_	_	_	linguistic	_	none	_	_	_	_	_	0-2(18)
68-6	PST092	68	68	6	viene	viene	_	_	_	_	_	linguistic	_	none	_	_	_	_	_	0-5(18)
68-7	PST092	68	68	7	una	una	_	_	_	_	_	linguistic	_	none	_	_	_	_	_	0-3(18)
68-8	PST092	68	68	8	roba	roba	_	_	_	_	_	linguistic	_	none	_	_	_	_	_	0-4(18)
68-9	PST092	68	68	9	di	di	_	_	_	_	_	linguistic	_	none	PauseAfter=Yes	_	_	_	_	0-2(18)
68-10	PST092	68	68	10	{P}	{P}	_	_	_	_	_	shortpause	_	none	_	_	_	_	_	0-3(18)
68-11	PST092	68	68	11	sei	sei	_	_	_	_	_	linguistic	_	none	_	_	_	_	_	0-3(18)
68-12	PST092	68	68	12	ore]	ore	_	_	_	_	_	linguistic	_	none	_	End=141.21	_	_	_	0-3(18)
69-0	PST092	69	69	0	facciamo	facciamo	_	_	_	_	_	linguistic	_	none	_	Begin=141.31	_	_	_	_
69-1	PST092	69	69	1	i	i	_	_	_	_	_	linguistic	_	none	_	_	_	_	_	_
69-2	PST092	69	69	2	ciak	ciak	_	_	_	_	_	linguistic	_	none	PauseAfter=Yes	_	_	_	_	_
69-3	PST092	69	69	3	{P}	{P}	_	_	_	_	_	shortpause	_	none	_	_	_	_	_	_
69-4	PST092	69	69	4	un	un	_	_	_	_	_	linguistic	_	none	_	_	_	_	_	_
69-5	PST092	69	69	5	ciak	ciak	_	_	_	_	_	linguistic	_	none	_	_	_	_	_	_
69-6	PST092	69	69	6	quando	quando	_	_	_	_	_	linguistic	_	none	_	_	_	_	_	_
69-7	PST092	69	69	7	entra	entra	_	_	_	_	_	linguistic	_	none	_	_	_	_	_	_
69-8	PST092	69	69	8	uno	uno	_	_	_	_	_	linguistic	_	none	_	_	_	_	_	_
69-9	PST092	69	69	9	[scende	scende	_	_	_	_	_	linguistic	_	none	_	_	_	_	_	0-6(19)
69-10	PST092	69	69	10	le	le	_	_	_	_	_	linguistic	_	none	_	_	_	_	_	0-2(19)
69-11	PST092	69	69	11	scale]	scale	_	_	_	_	_	linguistic	_	none	_	End=145.28	_	_	_	0-5(19)
70-0	PST087	70	70	0	[però	però	_	_	_	_	_	linguistic	_	none	_	Begin=143.535	_	_	_	0-4(19)
70-1	PST087	70	70	1	è	è	_	_	_	_	_	linguistic	_	none	_	_	_	_	_	0-1(19)
70-2	PST087	70	70	2	un	un	_	_	_	_	_	linguistic	_	none	_	_	_	_	_	0-2(19)
70-3	PST087	70	70	3	po'	po'	_	_	_	_	_	linguistic	_	none	_	_	_	_	_	0-3(19)
70-4	PST087	70	70	4	bruttina]	bruttina	_	_	_	_	_	linguistic	_	none	_	_	_	_	_	0-8(19)
70-5	PST087	70	70	5	questa	questa	_	_	_	_	_	linguistic	_	none	_	_	_	_	_	_
70-6	PST087	70	70	6	sca°la	scala	_	_	_	_	_	linguistic	_	none	Volume=low	_	_	_	_	_
70-7	PST087	70	70	7	sinceramente°	sinceramente	_	_	_	_	_	linguistic	_	none	Volume=low	End=145.715	_	_	_	_
71-0	PST087	71	71	0	{ride}	{ride}	_	_	_	_	_	nonverbalbehavior	_	none	_	Begin=147.09|End=149.09	_	_	_	_
72-0	PST092	72	72	0	{ride}	{ride}	_	_	_	_	_	nonverbalbehavior	_	none	_	Begin=147.09|End=149.09	_	_	_	_
73-0	PST092	73	73	0	capita	capita	_	_	_	_	_	linguistic	_	none	PauseAfter=Yes	Begin=149.18	_	_	_	_
73-1	PST092	73	73	1	{P}	{P}	_	_	_	_	_	shortpause	_	none	_	_	_	_	_	_
73-2	PST092	73	73	2	vabbè	vabbè	_	_	_	_	_	linguistic	_	none	_	End=151.14	_	_	_	_
74-0	PST092	74	74	0	[xxx	xxx	_	_	_	_	_	unknown	_	none	Syllables=3	Begin=151.566	_	_	_	0-3(20)
74-1	PST092	74	74	1	anche	anche	_	_	_	_	_	linguistic	_	none	_	_	_	_	_	0-5(20)
74-2	PST092	74	74	2	la	la	_	_	_	_	_	linguistic	_	none	_	_	_	_	_	0-2(20)
74-3	PST092	74	74	3	sua]	sua	_	_	_	_	_	linguistic	_	none	_	_	_	_	_	0-3(20)
74-4	PST092	74	74	4	idea	idea	_	_	_	_	_	linguistic	_	none	_	End=153.352	_	_	_	_
75-0	?????	75	75	0	[è	è	_	_	_	_	_	linguistic	_	none	_	Begin=151.575	_	_	_	0-1(20)
75-1	?????	75	75	1	interes~	interes~	_	_	_	_	_	linguistic	_	none	Interrupted=Yes	_	_	_	_	0-8(20)
75-2	?????	75	75	2	però	però	_	_	_	_	_	linguistic	_	none	_	_	_	_	_	0-4(20)
75-3	?????	75	75	3	ci	ci	_	_	_	_	_	linguistic	_	none	_	_	_	_	_	0-2(20)
75-4	?????	75	75	4	sta]	sta	_	_	_	_	_	linguistic	_	none	_	End=152.842	_	_	_	0-3(20)
76-0	PST087	76	76	0	sì	sì	_	_	_	_	_	linguistic	_	none	_	Begin=153.38	_	_	_	_
76-1	PST087	76	76	1	però	però	_	_	_	_	_	linguistic	_	none	_	_	_	_	_	_
76-2	PST087	76	76	2	cioè	cioè	_	_	_	_	_	linguistic	_	none	PauseAfter=Yes	_	_	_	_	_
76-3	PST087	76	76	3	{P}	{P}	_	_	_	_	_	shortpause	_	none	_	_	_	_	_	_
76-4	PST087	76	76	4	ci	ci	_	_	_	_	_	linguistic	_	none	_	_	_	_	_	_
76-5	PST087	76	76	5	sono	sono	_	_	_	_	_	linguistic	_	none	_	_	_	_	_	_
76-6	PST087	76	76	6	i	i	_	_	_	_	_	linguistic	_	none	_	_	_	_	_	_
76-7	PST087	76	76	7	(cavi)	cavi	_	_	_	_	_	linguistic	_	none	_	_	_	_	0-4(0)	_
76-8	PST087	76	76	8	ci	ci	_	_	_	_	_	linguistic	_	none	_	_	_	_	_	_
76-9	PST087	76	76	9	sono:	sono	_	_	_	_	_	linguistic	_	none	_	End=156.62	3x1	_	_	_
77-0	?????	77	77	0	ma	ma	_	_	_	_	_	linguistic	_	none	_	Begin=157.82	_	_	_	_
77-1	?????	77	77	1	state	state	_	_	_	_	_	linguistic	_	none	_	_	_	_	_	_
77-2	?????	77	77	2	registrando?	registrando	_	_	_	_	_	linguistic	_	none	Intonation=Rising	End=159.58	_	_	_	_
78-0	PST087	78	78	0	mh	mh	_	_	_	_	_	linguistic	_	none	_	Begin=159.38	_	_	_	_
78-1	PST087	78	78	1	mh	mh	_	_	_	_	_	linguistic	_	none	_	End=159.56	_	_	_	_
79-0	PST092	79	79	0	stanno	stanno	_	_	_	_	_	linguistic	_	none	_	Begin=159.585	_	_	_	_
79-1	PST092	79	79	1	regi[strando]	registrando	_	_	_	_	_	linguistic	_	none	_	End=160.78	_	_	_	4-11(22)
80-0	?????	80	80	0	([ma]	ma	_	_	_	_	_	linguistic	_	none	_	Begin=160.477	_	_	0-2(0)	0-2(22)
80-1	?????	80	80	1	pensa)	pensa	_	_	_	_	_	linguistic	_	none	_	End=161.197	_	_	0-5(0)	_
81-0	?????	81	81	0	vabbè	vabbè	_	_	_	_	_	linguistic	_	none	_	Begin=162.23	_	_	_	_
81-1	?????	81	81	1	ci[ao]	ciao	_	_	_	_	_	linguistic	_	none	_	End=162.91	_	_	_	2-4(23)
82-0	PST092	82	82	0	[ti]tolo	titolo	_	_	_	_	_	linguistic	_	none	_	Begin=162.56	_	_	_	0-2(23)
82-1	PST092	82	82	1	scena?	scena	_	_	_	_	_	linguistic	_	none	Intonation=Rising	End=163.72	_	_	_	_
83-0	PST092	83	83	0	titolo	titolo	_	_	_	_	_	linguistic	_	none	_	Begin=164.15	_	_	_	_
83-1	PST092	83	83	1	scena	scena	_	_	_	_	_	linguistic	_	none	_	_	_	_	_	_
83-2	PST092	83	83	2	e::h	eh	_	_	_	_	_	linguistic	_	none	_	_	0x2	_	_	_
83-3	PST092	83	83	3	ballerina,	ballerina	_	_	_	_	_	linguistic	_	none	Intonation=WeaklyRising	End=166.8	_	_	_	_
84-0	PST092	84	84	0	ballerina	ballerina	_	_	_	_	_	linguistic	_	none	PauseAfter=Yes	Begin=167.02	_	_	_	_
84-1	PST092	84	84	1	{P}	{P}	_	_	_	_	_	shortpause	_	none	_	_	_	_	_	_
84-2	PST092	84	84	2	usiamo	usiamo	_	_	_	_	_	linguistic	_	none	_	_	_	_	_	_
84-3	PST092	84	84	3	@iacob	@iacob	_	_	_	_	_	anonymized	_	none	_	End=169.17	_	_	_	_
85-0	PST087	85	85	0	ballerino	ballerino	_	_	_	_	_	linguistic	_	none	_	Begin=169.315|End=170.285	_	_	_	_
86-0	PST092	86	86	0	ballerino	ballerino	_	_	_	_	_	linguistic	_	none	_	Begin=170.34	_	_	_	_
86-1	PST092	86	86	1	all'	all'	_	_	_	_	_	linguistic	_	none	SpaceAfter=No	_	_	_	_	_
86-2	PST092	86	86	2	interno	interno	_	_	_	_	_	linguistic	_	none	_	_	_	_	_	_
86-3	PST092	86	86	3	del	del	_	_	_	_	_	linguistic	_	none	_	_	_	_	_	_
86-4	PST092	86	86	4	centro	centro	_	_	_	_	_	linguistic	_	none	_	End=172.535	_	_	_	_
87-0	PST087	87	87	0	persona	persona	_	_	_	_	_	linguistic	_	none	_	Begin=172.535|End=173.29	_	_	_	_
88-0	PST092	88	88	0	perso~	perso~	_	_	_	_	_	linguistic	_	none	Interrupted=Yes	Begin=173.504	_	_	_	_
88-1	PST092	88	88	1	per~	per~	_	_	_	_	_	linguistic	_	none	Interrupted=Yes	_	_	_	_	_
88-2	PST092	88	88	2	no	no	_	_	_	_	_	linguistic	_	none	PauseAfter=Yes	_	_	_	_	_
88-3	PST092	88	88	3	[{P}]	{P}	_	_	_	_	_	shortpause	_	none	_	_	_	_	_	0-3(24)
88-4	PST092	88	88	4	persona	persona	_	_	_	_	_	linguistic	_	none	_	_	_	_	_	_
88-5	PST092	88	88	5	all'	all'	_	_	_	_	_	linguistic	_	none	SpaceAfter=No	_	_	_	_	_
88-6	PST092	88	88	6	interno	interno	_	_	_	_	_	linguistic	_	none	_	_	_	_	_	_
88-7	PST092	88	88	7	del	del	_	_	_	_	_	linguistic	_	none	_	_	_	_	_	_
88-8	PST092	88	88	8	centro	centro	_	_	_	_	_	linguistic	_	none	_	End=176.769	_	_	_	_
89-0	PST087	89	89	0	[persona]	persona	_	_	_	_	_	linguistic	_	none	_	Begin=174.45|End=174.973	_	_	_	0-7(24)
90-0	PST087	90	90	0	[titolo	titolo	_	_	_	_	_	linguistic	_	none	_	Begin=179.0	_	_	_	0-6(25)
90-1	PST087	90	90	1	della	della	_	_	_	_	_	linguistic	_	none	_	_	_	_	_	0-5(25)
90-2	PST087	90	90	2	scena	scena	_	_	_	_	_	linguistic	_	none	_	_	_	_	_	0-5(25)
90-3	PST087	90	90	3	è	è	_	_	_	_	_	linguistic	_	none	_	_	_	_	_	0-1(25)
90-4	PST087	90	90	4	il	il	_	_	_	_	_	linguistic	_	none	_	_	_	_	_	0-2(25)
90-5	PST087	90	90	5	tito]lo	titolo	_	_	_	_	_	linguistic	_	none	_	End=181.03	_	_	_	0-4(25)
91-0	PST092	91	91	0	[@erica	@erica	_	_	_	_	_	anonymized	_	none	_	Begin=179.18	_	_	_	0-6(25)
91-1	PST092	91	91	1	cosa	cosa	_	_	_	_	_	linguistic	_	none	_	_	_	_	_	0-4(25)
91-2	PST092	91	91	2	ne	ne	_	_	_	_	_	linguistic	_	none	_	_	_	_	_	0-2(25)
91-3	PST092	91	91	3	pensi]?	pensi	_	_	_	_	_	linguistic	_	none	Intonation=Rising	End=180.81	_	_	_	0-5(25)
92-0	PST092	92	92	0	(ma)	ma	_	_	_	_	_	linguistic	_	none	_	Begin=181.724	_	_	0-2(0)	_
92-1	PST092	92	92	1	[il	il	_	_	_	_	_	linguistic	_	none	_	_	_	_	_	0-2(26)
92-2	PST092	92	92	2	titolo	titolo	_	_	_	_	_	linguistic	_	none	_	_	_	_	_	0-6(26)
92-3	PST092	92	92	3	xx]	xx	_	_	_	_	_	unknown	_	none	Syllables=2	End=182.839	_	_	_	0-2(26)
93-0	??	93	93	0	[io	io	_	_	_	_	_	linguistic	_	none	_	Begin=181.858	_	_	_	0-2(26)
93-1	??	93	93	1	non	non	_	_	_	_	_	linguistic	_	none	_	_	_	_	_	0-3(26)
93-2	??	93	93	2	penso]	penso	_	_	_	_	_	linguistic	_	none	_	End=182.86	_	_	_	0-5(26)
94-0	PST087	94	94	0	ah	ah	_	_	_	_	_	linguistic	_	none	_	Begin=182.914	_	_	_	_
94-1	PST087	94	94	1	no	no	_	_	_	_	_	linguistic	_	none	_	_	_	_	_	_
94-2	PST087	94	94	2	ma	ma	_	_	_	_	_	linguistic	_	none	_	_	_	_	_	_
94-3	PST087	94	94	3	titolo	titolo	_	_	_	_	_	linguistic	_	none	_	_	_	_	_	_
94-4	PST087	94	94	4	no	no	_	_	_	_	_	linguistic	_	none	_	_	_	_	_	_
94-5	PST087	94	94	5	ma	ma	_	_	_	_	_	linguistic	_	none	_	_	_	_	_	_
94-6	PST087	94	94	6	titolo	titolo	_	_	_	_	_	linguistic	_	none	_	_	_	_	_	_
94-7	PST087	94	94	7	metti	metti	_	_	_	_	_	linguistic	_	none	_	_	_	_	_	_
94-8	PST087	94	94	8	tipo	tipo	_	_	_	_	_	linguistic	_	none	_	_	_	_	_	_
94-9	PST087	94	94	9	tou~	tou~	_	_	_	_	_	linguistic	_	none	Interrupted=Yes	_	_	_	_	_
94-10	PST087	94	94	10	tour	tour	_	_	_	_	_	linguistic	_	none	_	_	_	_	_	_
94-11	PST087	94	94	11	del	del	_	_	_	_	_	linguistic	_	none	_	_	_	_	_	_
94-12	PST087	94	94	12	ci	ci	_	_	_	_	_	linguistic	_	none	_	_	_	_	_	_
94-13	PST087	94	94	13	ci	ci	_	_	_	_	_	linguistic	_	none	_	End=186.48	_	_	_	_
95-0	PST092	95	95	0	no	no	_	_	_	_	_	linguistic	_	none	_	Begin=186.66	_	_	_	_
95-1	PST092	95	95	1	attiv~	attiv~	_	_	_	_	_	linguistic	_	none	Interrupted=Yes	_	_	_	_	_
95-2	PST092	95	95	2	attività	attività	_	_	_	_	_	linguistic	_	none	_	End=188.05	_	_	_	_
96-0	PST087	96	96	0	eh	eh	_	_	_	_	_	linguistic	_	none	_	Begin=188.915|End=189.482	_	_	_	_
97-0	PST092	97	97	0	attività	attività	_	_	_	_	_	linguistic	_	none	_	Begin=189.558|End=190.53	_	_	_	_
98-0	PST087	98	98	0	x	x	_	_	_	_	_	unknown	_	none	Syllables=1	Begin=190.831	_	_	_	_
98-1	PST087	98	98	1	xx	xx	_	_	_	_	_	unknown	_	none	Syllables=2	_	_	_	_	_
98-2	PST087	98	98	2	xx	xx	_	_	_	_	_	unknown	_	none	Syllables=2	_	_	_	_	_
98-3	PST087	98	98	3	[fine]	fine	_	_	_	_	_	linguistic	_	none	_	End=191.964	_	_	_	0-4(27)
99-0	??	99	99	0	xxine	xxine	_	_	_	_	_	linguistic	_	none	_	Begin=191.442	_	_	_	_
99-1	??	99	99	1	ci	ci	_	_	_	_	_	linguistic	_	none	_	_	_	_	_	_
99-2	??	99	99	2	sentiamo	sentiamo	_	_	_	_	_	linguistic	_	none	_	_	_	_	_	_
99-3	??	99	99	3	poi	poi	_	_	_	_	_	linguistic	_	none	_	_	_	_	_	_
99-4	??	99	99	4	dopo	dopo	_	_	_	_	_	linguistic	_	none	_	_	_	_	_	_
99-5	??	99	99	5	anche	anche	_	_	_	_	_	linguistic	_	none	_	_	_	_	_	_
99-6	??	99	99	6	perché	perché	_	_	_	_	_	linguistic	_	none	_	_	_	_	_	_
99-7	??	99	99	7	adesso	adesso	_	_	_	_	_	linguistic	_	none	_	_	_	_	_	_
99-8	??	99	99	8	sto	sto	_	_	_	_	_	linguistic	_	none	_	_	_	_	_	_
99-9	??	99	99	9	per	per	_	_	_	_	_	linguistic	_	none	_	_	_	_	_	_
99-10	??	99	99	10	entrare	entrare	_	_	_	_	_	linguistic	_	none	_	_	_	_	_	_
99-11	??	99	99	11	in	in	_	_	_	_	_	linguistic	_	none	_	_	_	_	_	_
99-12	??	99	99	12	casa.	casa	_	_	_	_	_	linguistic	_	none	Intonation=Falling	End=195.22	_	_	_	_
100-0	PST092	100	100	0	okay	okay	_	_	_	_	_	linguistic	_	none	_	Begin=196.34	_	_	_	_
100-1	PST092	100	100	1	tata	tata	_	_	_	_	_	linguistic	_	none	_	_	_	_	_	_
100-2	PST092	100	100	2	ci	ci	_	_	_	_	_	linguistic	_	none	_	_	_	_	_	_
100-3	PST092	100	100	3	sentiamo	sentiamo	_	_	_	_	_	linguistic	_	none	_	_	_	_	_	_
100-4	PST092	100	100	4	dopo	dopo	_	_	_	_	_	linguistic	_	none	PauseAfter=Yes	_	_	_	_	_
100-5	PST092	100	100	5	{P}	{P}	_	_	_	_	_	shortpause	_	none	_	_	_	_	_	_
100-6	PST092	100	100	6	ciao	ciao	_	_	_	_	_	linguistic	_	none	_	_	_	_	_	_
100-7	PST092	100	100	7	ciao	ciao	_	_	_	_	_	linguistic	_	none	_	End=198.63	_	_	_	_
101-0	PST092	101	101	0	[pa	pa	_	_	_	_	_	linguistic	_	none	_	Begin=199.29	_	_	_	0-2(28)
101-1	PST092	101	101	1	pa	pa	_	_	_	_	_	linguistic	_	none	_	_	_	_	_	0-2(28)
101-2	PST092	101	101	2	nebună::]	nebună	_	_	_	_	_	linguistic	_	none	_	End=200.52	5x2	_	_	0-6(28)
102-0	??	102	102	0	[xx	xx	_	_	_	_	_	unknown	_	none	Syllables=2	Begin=199.29	_	_	_	0-2(28)
102-1	??	102	102	1	xx	xx	_	_	_	_	_	unknown	_	none	Syllables=2	_	_	_	_	0-2(28)
102-2	??	102	102	2	quindi	quindi	_	_	_	_	_	linguistic	_	none	_	_	_	_	_	0-6(28)
102-3	??	102	102	3	boh]	boh	_	_	_	_	_	linguistic	_	none	_	End=200.52	_	_	_	0-3(28)
104-0	??	104	104	0	ciao	ciao	_	_	_	_	_	linguistic	_	none	_	Begin=200.585	_	_	_	_
104-1	??	104	104	1	ciao	ciao	_	_	_	_	_	linguistic	_	none	_	End=201.005	_	_	_	_
105-0	PST092	105	105	0	ciao	ciao	_	_	_	_	_	linguistic	_	none	_	Begin=201.02	_	_	_	_
105-1	PST092	105	105	1	nebună:	nebună	_	_	_	_	_	linguistic	_	none	_	_	5x1	_	_	_
105-2	PST092	105	105	2	{schiocca_due_baci}	{schiocca_due_baci}	_	_	_	_	_	nonverbalbehavior	_	none	_	End=202.05	_	_	_	_
106-0	PST087	106	106	0	xx	xx	_	_	_	_	_	unknown	_	none	Syllables=2	Begin=202.858	_	_	_	_
106-1	PST087	106	106	1	xx	xx	_	_	_	_	_	unknown	_	none	Syllables=2	End=203.955	_	_	_	_
107-0	PST092	107	107	0	sì	sì	_	_	_	_	_	linguistic	_	none	_	Begin=203.955	_	_	_	_
107-1	PST092	107	107	1	io	io	_	_	_	_	_	linguistic	_	none	_	_	_	_	_	_
107-2	PST092	107	107	2	le	le	_	_	_	_	_	linguistic	_	none	_	_	_	_	_	_
107-3	PST092	107	107	3	voglio	voglio	_	_	_	_	_	linguistic	_	none	_	_	_	_	_	_
107-4	PST092	107	107	4	un	un	_	_	_	_	_	linguistic	_	none	_	_	_	_	_	_
107-5	PST092	107	107	5	botto	botto	_	_	_	_	_	linguistic	_	none	_	_	_	_	_	_
107-6	PST092	107	107	6	di	di	_	_	_	_	_	linguistic	_	none	_	_	_	_	_	_
107-7	PST092	107	107	7	bene	bene	_	_	_	_	_	linguistic	_	none	_	_	_	_	_	_
107-8	PST092	107	107	8	a	a	_	_	_	_	_	linguistic	_	none	_	_	_	_	_	_
107-9	PST092	107	107	9	@erica	@erica	_	_	_	_	_	anonymized	_	none	_	_	_	_	_	_
107-10	PST092	107	107	10	ormai	ormai	_	_	_	_	_	linguistic	_	none	_	_	_	_	_	_
107-11	PST092	107	107	11	boh	boh	_	_	_	_	_	linguistic	_	none	_	_	_	_	_	_
107-12	PST092	107	107	12	ci	ci	_	_	_	_	_	linguistic	_	none	_	_	_	_	_	_
107-13	PST092	107	107	13	sentiamo	sentiamo	_	_	_	_	_	linguistic	_	none	_	_	_	_	_	_
107-14	PST092	107	107	14	a	a	_	_	_	_	_	linguistic	_	none	_	_	_	_	_	_
107-15	PST092	107	107	15	vicenda	vicenda	_	_	_	_	_	linguistic	_	none	_	_	_	_	_	_
107-16	PST092	107	107	16	come	come	_	_	_	_	_	linguistic	_	none	_	_	_	_	_	_
107-17	PST092	107	107	17	xx	xx	_	_	_	_	_	unknown	_	none	Syllables=2	End=208.239	_	_	_	_
108-0	PST092	108	108	0	no	no	_	_	_	_	_	linguistic	_	none	_	Begin=208.309	_	_	_	_
108-1	PST092	108	108	1	scherzo	scherzo	_	_	_	_	_	linguistic	_	none	_	End=209.309	_	_	_	_
109-0	PST092	109	109	0	[ciao]	ciao	_	_	_	_	_	linguistic	_	none	_	Begin=209.87|End=210.472	_	_	_	0-4(29)
110-0	PST086	110	110	0	[eccole]	eccole	_	_	_	_	_	linguistic	_	none	_	Begin=209.87|End=210.472	_	_	_	0-6(29)
111-0	PST087	111	111	0	ciao	ciao	_	_	_	_	_	linguistic	_	none	_	Begin=210.495	_	_	_	_
111-1	PST087	111	111	1	il	il	_	_	_	_	_	linguistic	_	none	_	_	_	_	_	_
111-2	PST087	111	111	2	registratore	registratore	_	_	_	_	_	linguistic	_	none	_	_	_	_	_	_
111-3	PST087	111	111	3	xx	xx	_	_	_	_	_	unknown	_	none	Syllables=2	_	_	_	_	_
111-4	PST087	111	111	4	xx	xx	_	_	_	_	_	unknown	_	none	Syllables=2	_	_	_	_	_
111-5	PST087	111	111	5	xx	xx	_	_	_	_	_	unknown	_	none	Syllables=2	End=212.32	_	_	_	_
112-0	PST092	112	112	0	correte	correte	_	_	_	_	_	linguistic	_	none	PauseAfter=Yes	Begin=211.99	_	_	_	_
112-1	PST092	112	112	1	{P}	{P}	_	_	_	_	_	shortpause	_	none	_	_	_	_	_	_
112-2	PST092	112	112	2	correte	correte	_	_	_	_	_	linguistic	_	none	_	_	_	_	_	_
112-3	PST092	112	112	3	che	che	_	_	_	_	_	linguistic	_	none	_	_	_	_	_	_
112-4	PST092	112	112	4	hanno	hanno	_	_	_	_	_	linguistic	_	none	_	_	_	_	_	_
112-5	PST092	112	112	5	già	già	_	_	_	_	_	linguistic	_	none	_	_	_	_	_	_
112-6	PST092	112	112	6	iniziato	iniziato	_	_	_	_	_	linguistic	_	none	_	End=215.78	_	_	_	_
113-0	PST092	113	113	0	perché	perché	_	_	_	_	_	linguistic	_	none	_	Begin=215.96	_	_	_	_
113-1	PST092	113	113	1	sei	sei	_	_	_	_	_	linguistic	_	none	_	_	_	_	_	_
113-2	PST092	113	113	2	qua	qua	_	_	_	_	_	linguistic	_	none	_	_	_	_	_	_
113-3	PST092	113	113	3	tu?	tu	_	_	_	_	_	linguistic	_	none	Intonation=Rising	End=217.35	_	_	_	_
114-0	PST092	114	114	0	in	in	_	_	_	_	_	linguistic	_	none	_	Begin=220.83	_	_	_	_
114-1	PST092	114	114	1	teoria	teoria	_	_	_	_	_	linguistic	_	none	_	_	_	_	_	_
114-2	PST092	114	114	2	no	no	_	_	_	_	_	linguistic	_	none	PauseAfter=Yes	_	_	_	_	_
114-3	PST092	114	114	3	{P}	{P}	_	_	_	_	_	shortpause	_	none	_	_	_	_	_	_
114-4	PST092	114	114	4	perché	perché	_	_	_	_	_	linguistic	_	none	_	_	_	_	_	_
114-5	PST092	114	114	5	xx	xx	_	_	_	_	_	unknown	_	none	Syllables=2	End=222.72	_	_	_	_
115-0	PST086	115	115	0	sta	sta	_	_	_	_	_	linguistic	_	none	_	Begin=223.16	_	_	_	_
115-1	PST086	115	115	1	piangendo	piangendo	_	_	_	_	_	linguistic	_	none	_	_	_	_	_	_
115-2	PST086	115	115	2	cosa	cosa	_	_	_	_	_	linguistic	_	none	_	_	_	_	_	_
115-3	PST086	115	115	3	faccio?	faccio	_	_	_	_	_	linguistic	_	none	Intonation=Rising	End=224.63	_	_	_	_
116-0	PST087	116	116	0	chi?	chi	_	_	_	_	_	linguistic	_	none	Intonation=Rising	Begin=224.88	_	_	_	_
116-1	PST087	116	116	1	sh::	sh	_	_	_	_	_	linguistic	_	none	_	End=226.44	1x2	_	_	_
117-0	PST086	117	117	0	xx	xx	_	_	_	_	_	unknown	_	none	Syllables=2	Begin=226.48	_	_	_	_
117-1	PST086	117	117	1	cosa	cosa	_	_	_	_	_	linguistic	_	none	_	_	_	_	_	_
117-2	PST086	117	117	2	faccio?	faccio	_	_	_	_	_	linguistic	_	none	Intonation=Rising	End=228.194	_	_	_	_
118-0	PST087	118	118	0	°@ilaria	@ilaria	_	_	_	_	_	anonymized	_	none	Volume=low	Begin=228.407	_	_	_	_
118-1	PST087	118	118	1	xxx°	xxx	_	_	_	_	_	unknown	_	none	Volume=low|Syllables=3	End=229.75	_	_	_	_
119-0	PST092	119	119	0	°cosa°?	cosa	_	_	_	_	_	linguistic	_	none	Intonation=Rising|Volume=low	Begin=230.01|End=230.72	_	_	_	_
120-0	PST092	120	120	0	ma	ma	_	_	_	_	_	linguistic	_	none	_	Begin=231.14	_	_	_	_
120-1	PST092	120	120	1	dovrebbe	dovrebbe	_	_	_	_	_	linguistic	_	none	_	_	_	_	_	_
120-2	PST092	120	120	2	farlo	farlo	_	_	_	_	_	linguistic	_	none	_	_	_	_	_	_
120-3	PST092	120	120	3	con	con	_	_	_	_	_	linguistic	_	none	_	_	_	_	_	_
120-4	PST092	120	120	4	@anita	@anita	_	_	_	_	_	anonymized	_	none	_	_	_	_	_	_
120-5	PST092	120	120	5	@anita	@anita	_	_	_	_	_	anonymized	_	none	_	_	_	_	_	_
120-6	PST092	120	120	6	è	è	_	_	_	_	_	linguistic	_	none	_	_	_	_	_	_
120-7	PST092	120	120	7	da	da	_	_	_	_	_	linguistic	_	none	_	_	_	_	_	_
120-8	PST092	120	120	8	[sola	sola	_	_	_	_	_	linguistic	_	none	_	_	_	_	_	0-4(31)
120-9	PST092	120	120	9	xxx]	xxx	_	_	_	_	_	unknown	_	none	Syllables=3	End=233.29	_	_	_	0-3(31)
121-0	PST086	121	121	0	[ho	ho	_	_	_	_	_	linguistic	_	none	_	Begin=232.556	_	_	_	0-2(31)
121-1	PST086	121	121	1	capito	capito	_	_	_	_	_	linguistic	_	none	_	_	_	_	_	0-6(31)
121-2	PST086	121	121	2	che	che	_	_	_	_	_	linguistic	_	none	_	_	_	_	_	0-3(31)
121-3	PST086	121	121	3	ci	ci	_	_	_	_	_	linguistic	_	none	_	_	_	_	_	0-2(31)
121-4	PST086	121	121	4	tieni:]	tieni	_	_	_	_	_	linguistic	_	none	_	_	4x1	_	_	0-5(31)
121-5	PST086	121	121	5	al	al	_	_	_	_	_	linguistic	_	none	_	_	_	_	_	_
121-6	PST086	121	121	6	progetto	progetto	_	_	_	_	_	linguistic	_	none	_	_	_	_	_	_
121-7	PST086	121	121	7	però	però	_	_	_	_	_	linguistic	_	none	_	End=235.12	_	_	_	_
122-0	PST086	122	122	0	xxx	xxx	_	_	_	_	_	unknown	_	none	Syllables=3	Begin=236.106	_	_	_	_
122-1	PST086	122	122	1	che	che	_	_	_	_	_	linguistic	_	none	_	_	_	_	_	_
122-2	PST086	122	122	2	sta	sta	_	_	_	_	_	linguistic	_	none	_	_	_	_	_	_
122-3	PST086	122	122	3	piangendo	piangendo	_	_	_	_	_	linguistic	_	none	_	End=237.734	_	_	_	_
123-0	PST092	123	123	0	ma	ma	_	_	_	_	_	linguistic	_	none	_	Begin=237.743	_	_	_	_
123-1	PST092	123	123	1	non	non	_	_	_	_	_	linguistic	_	none	_	_	_	_	_	_
123-2	PST092	123	123	2	sta	sta	_	_	_	_	_	linguistic	_	none	_	_	_	_	_	_
123-3	PST092	123	123	3	piangendo	piangendo	_	_	_	_	_	linguistic	_	none	_	End=239.176	_	_	_	_
124-0	PST086	124	124	0	°sei	sei	_	_	_	_	_	linguistic	_	none	Volume=low	Begin=239.46	_	_	_	_
124-1	PST086	124	124	1	stata	stata	_	_	_	_	_	linguistic	_	none	Volume=low	_	_	_	_	_
124-2	PST086	124	124	2	in	in	_	_	_	_	_	linguistic	_	none	Volume=low	_	_	_	_	_
124-3	PST086	124	124	3	bagno?°	bagno	_	_	_	_	_	linguistic	_	none	Intonation=Rising|Volume=low	End=240.26	_	_	_	_
125-0	PST092	125	125	0	(stava)	stava	_	_	_	_	_	linguistic	_	none	_	Begin=240.27|End=240.83	_	_	0-5(0)	_
126-0	PST092	126	126	0	è	è	_	_	_	_	_	linguistic	_	none	_	Begin=240.987	_	_	_	_
126-1	PST092	126	126	1	arrivata	arrivata	_	_	_	_	_	linguistic	_	none	_	_	_	_	_	_
126-2	PST092	126	126	2	qua	qua	_	_	_	_	_	linguistic	_	none	_	_	_	_	_	_
126-3	PST092	126	126	3	non	non	_	_	_	_	_	linguistic	_	none	_	_	_	_	_	_
126-4	PST092	126	126	4	stava	stava	_	_	_	_	_	linguistic	_	none	_	_	_	_	_	_
126-5	PST092	126	126	5	piangendo	piangendo	_	_	_	_	_	linguistic	_	none	_	_	_	_	_	_
126-6	PST092	126	126	6	rideva	rideva	_	_	_	_	_	linguistic	_	none	_	End=242.942	_	_	_	_
127-0	PST087	127	127	0	h(a)	ha	_	_	_	_	_	linguistic	_	none	_	Begin=247.06	_	_	1-2(0)	_
127-1	PST087	127	127	1	finito	finito	_	_	_	_	_	linguistic	_	none	_	End=247.92	_	_	_	_
128-0	PST092	128	128	0	facciamo	facciamo	_	_	_	_	_	linguistic	_	none	_	Begin=248.442	_	_	_	_
128-1	PST092	128	128	1	noi	noi	_	_	_	_	_	linguistic	_	none	_	_	_	_	_	_
128-2	PST092	128	128	2	due	due	_	_	_	_	_	linguistic	_	none	_	End=249.495	_	_	_	_
129-0	PST092	129	129	0	è	è	_	_	_	_	_	linguistic	_	none	_	Begin=251.3	_	_	_	_
129-1	PST092	129	129	1	da	da	_	_	_	_	_	linguistic	_	none	_	_	_	_	_	_
129-2	PST092	129	129	2	quando	quando	_	_	_	_	_	linguistic	_	none	_	_	_	_	_	_
129-3	PST092	129	129	3	sono	sono	_	_	_	_	_	linguistic	_	none	_	_	_	_	_	_
129-4	PST092	129	129	4	arrivate	arrivate	_	_	_	_	_	linguistic	_	none	_	_	_	_	_	_
129-5	PST092	129	129	5	che	che	_	_	_	_	_	linguistic	_	none	_	_	_	_	_	_
129-6	PST092	129	129	6	non	non	_	_	_	_	_	linguistic	_	none	_	_	_	_	_	_
129-7	PST092	129	129	7	c'	c'	_	_	_	_	_	linguistic	_	none	SpaceAfter=No	_	_	_	_	_
129-8	PST092	129	129	8	hanno	hanno	_	_	_	_	_	linguistic	_	none	_	_	_	_	_	_
129-9	PST092	129	129	9	voglia	voglia	_	_	_	_	_	linguistic	_	none	_	_	_	_	_	_
129-10	PST092	129	129	10	di	di	_	_	_	_	_	linguistic	_	none	_	_	_	_	_	_
129-11	PST092	129	129	11	fare	fare	_	_	_	_	_	linguistic	_	none	_	_	_	_	_	_
129-12	PST092	129	129	12	l'	l'	_	_	_	_	_	linguistic	_	none	SpaceAfter=No	_	_	_	_	_
129-13	PST092	129	129	13	attività	attività	_	_	_	_	_	linguistic	_	none	_	_	_	_	_	_
129-14	PST092	129	129	14	piuttosto	piuttosto	_	_	_	_	_	linguistic	_	none	_	_	_	_	_	_
129-15	PST092	129	129	15	non	non	_	_	_	_	_	linguistic	_	none	_	_	_	_	_	_
129-16	PST092	129	129	16	venire	venire	_	_	_	_	_	linguistic	_	none	_	End=254.29	_	_	_	_
130-0	????	130	130	0	@xxx	@xxx	_	_	_	_	_	anonymized	_	none	_	Begin=254.31	_	_	_	_
130-1	????	130	130	1	dov'	dov'	_	_	_	_	_	linguistic	_	none	SpaceAfter=No	_	_	_	_	_
130-2	????	130	130	2	è?	è	_	_	_	_	_	linguistic	_	none	Intonation=Rising	End=255.21	_	_	_	_
131-0	PST092	131	131	0	non	non	_	_	_	_	_	linguistic	_	none	_	Begin=256.29	_	_	_	_
131-1	PST092	131	131	1	è	è	_	_	_	_	_	linguistic	_	none	_	_	_	_	_	_
131-2	PST092	131	131	2	uscito	uscito	_	_	_	_	_	linguistic	_	none	_	End=257.37	_	_	_	_
132-0	PST087	132	132	0	tema	tema	_	_	_	_	_	linguistic	_	none	_	Begin=257.53	_	_	_	_
132-1	PST087	132	132	1	generale	generale	_	_	_	_	_	linguistic	_	none	_	End=258.83	_	_	_	_
133-0	PST092	133	133	0	tema	tema	_	_	_	_	_	linguistic	_	none	_	Begin=259.787	_	_	_	_
133-1	PST092	133	133	1	generale	generale	_	_	_	_	_	linguistic	_	none	_	_	_	_	_	_
133-2	PST092	133	133	2	persona	persona	_	_	_	_	_	linguistic	_	none	_	_	_	_	_	_
133-3	PST092	133	133	3	che	che	_	_	_	_	_	linguistic	_	none	_	_	_	_	_	_
133-4	PST092	133	133	4	svolge	svolge	_	_	_	_	_	linguistic	_	none	_	_	_	_	_	_
133-5	PST092	133	133	5	[l'	l'	_	_	_	_	_	linguistic	_	none	SpaceAfter=No	_	_	_	_	0-2(32)
133-6	PST092	133	133	6	attività]	attività	_	_	_	_	_	linguistic	_	none	_	End=262.513	_	_	_	0-8(32)
134-0	PST087	134	134	0	ma	ma	_	_	_	_	_	linguistic	_	none	_	Begin=261.77	_	_	_	_
134-1	PST087	134	134	1	tour	tour	_	_	_	_	_	linguistic	_	none	_	_	_	_	_	_
134-2	PST087	134	134	2	se	se	_	_	_	_	_	linguistic	_	none	_	_	_	_	_	_
134-3	PST087	134	134	3	lo	lo	_	_	_	_	_	linguistic	_	none	_	_	_	_	_	_
134-4	PST087	134	134	4	mettevi	mettevi	_	_	_	_	_	linguistic	_	none	_	_	_	_	_	_
134-5	PST087	134	134	5	tipo	tipo	_	_	_	_	_	linguistic	_	none	_	_	_	_	_	_
134-6	PST087	134	134	6	qua	qua	_	_	_	_	_	linguistic	_	none	_	_	_	_	_	_
134-7	PST087	134	134	7	attività	attività	_	_	_	_	_	linguistic	_	none	_	_	_	_	_	_
134-8	PST087	134	134	8	e	e	_	_	_	_	_	linguistic	_	none	_	_	_	_	_	_
134-9	PST087	134	134	9	qua	qua	_	_	_	_	_	linguistic	_	none	_	_	_	_	_	_
134-10	PST087	134	134	10	mettevi	mettevi	_	_	_	_	_	linguistic	_	none	_	_	_	_	_	_
134-11	PST087	134	134	11	tour	tour	_	_	_	_	_	linguistic	_	none	_	_	_	_	_	_
134-12	PST087	134	134	12	o	o	_	_	_	_	_	linguistic	_	none	_	_	_	_	_	_
134-13	PST087	134	134	13	solo	solo	_	_	_	_	_	linguistic	_	none	_	_	_	_	_	_
134-14	PST087	134	134	14	anche	anche	_	_	_	_	_	linguistic	_	none	_	_	_	_	_	_
134-15	PST087	134	134	15	tour	tour	_	_	_	_	_	linguistic	_	none	PauseAfter=Yes	_	_	_	_	_
134-16	PST087	134	134	16	{P}	{P}	_	_	_	_	_	shortpause	_	none	_	_	_	_	_	_
134-17	PST087	134	134	17	del	del	_	_	_	_	_	linguistic	_	none	_	_	_	_	_	_
134-18	PST087	134	134	18	ci	ci	_	_	_	_	_	linguistic	_	none	_	_	_	_	_	_
134-19	PST087	134	134	19	ci	ci	_	_	_	_	_	linguistic	_	none	_	_	_	_	_	_
134-20	PST087	134	134	20	tir	tir	_	_	_	_	_	linguistic	_	none	_	End=266.889	_	_	_	_
135-0	PST092	135	135	0	facciamo	facciamo	_	_	_	_	_	linguistic	_	none	_	Begin=266.928	_	_	_	_
135-1	PST092	135	135	1	tema	tema	_	_	_	_	_	linguistic	_	none	_	_	_	_	_	_
135-2	PST092	135	135	2	generale	generale	_	_	_	_	_	linguistic	_	none	_	_	_	_	_	_
135-3	PST092	135	135	3	tour	tour	_	_	_	_	_	linguistic	_	none	_	End=268.946	_	_	_	_
136-0	PST087	136	136	0	ma	ma	_	_	_	_	_	linguistic	_	none	_	Begin=269.132	_	_	_	_
136-1	PST087	136	136	1	tour	tour	_	_	_	_	_	linguistic	_	none	_	_	_	_	_	_
136-2	PST087	136	136	2	sembra	sembra	_	_	_	_	_	linguistic	_	none	_	_	_	_	_	_
136-3	PST087	136	136	3	tipo	tipo	_	_	_	_	_	linguistic	_	none	_	_	_	_	_	_
136-4	PST087	136	136	4	che	che	_	_	_	_	_	linguistic	_	none	_	_	_	_	_	_
136-5	PST087	136	136	5	ne	ne	_	_	_	_	_	linguistic	_	none	_	_	_	_	_	_
136-6	PST087	136	136	6	so	so	_	_	_	_	_	linguistic	_	none	_	_	_	_	_	_
136-7	PST087	136	136	7	tipo	tipo	_	_	_	_	_	linguistic	_	none	_	End=271.752	_	_	_	_
137-0	PST087	137	137	0	[tour	tour	_	_	_	_	_	linguistic	_	none	_	Begin=271.752	_	_	_	0-4(33)
137-1	PST087	137	137	1	xxx]	xxx	_	_	_	_	_	unknown	_	none	Syllables=3	End=272.903	_	_	_	0-3(33)
138-0	PST092	138	138	0	[tour	tour	_	_	_	_	_	linguistic	_	none	_	Begin=271.752	_	_	_	0-4(33)
138-1	PST092	138	138	1	attività]	attività	_	_	_	_	_	linguistic	_	none	_	End=272.903	_	_	_	0-8(33)
139-0	PST092	139	139	0	tour	tour	_	_	_	_	_	linguistic	_	none	_	Begin=272.947	_	_	_	_
139-1	PST092	139	139	1	attività.	attività	_	_	_	_	_	linguistic	_	none	Intonation=Falling	End=274.257	_	_	_	_
140-0	???	140	140	0	e	e	_	_	_	_	_	linguistic	_	none	_	Begin=274.726	_	_	_	_
140-1	???	140	140	1	che	che	_	_	_	_	_	linguistic	_	none	_	_	_	_	_	_
140-2	???	140	140	2	dovete	dovete	_	_	_	_	_	linguistic	_	none	_	_	_	_	_	_
140-3	???	140	140	3	fa'?	fa'	_	_	_	_	_	linguistic	_	none	Intonation=Rising|Truncated=Yes	End=275.814	_	_	_	_
141-0	PST087	141	141	0	eh	eh	_	_	_	_	_	linguistic	_	none	_	Begin=276.619	_	_	_	_
141-1	PST087	141	141	1	no	no	_	_	_	_	_	linguistic	_	none	_	_	_	_	_	_
141-2	PST087	141	141	2	stiamo	stiamo	_	_	_	_	_	linguistic	_	none	_	_	_	_	_	_
141-3	PST087	141	141	3	@ilaria	@ilaria	_	_	_	_	_	anonymized	_	none	_	_	_	_	_	_
141-4	PST087	141	141	4	aveva	aveva	_	_	_	_	_	linguistic	_	none	_	_	_	_	_	_
141-5	PST087	141	141	5	pensato	pensato	_	_	_	_	_	linguistic	_	none	_	_	_	_	_	_
141-6	PST087	141	141	6	a	a	_	_	_	_	_	linguistic	_	none	_	_	_	_	_	_
141-7	PST087	141	141	7	una	una	_	_	_	_	_	linguistic	_	none	_	_	_	_	_	_
141-8	PST087	141	141	8	scena	scena	_	_	_	_	_	linguistic	_	none	PauseAfter=Yes	_	_	_	_	_
141-9	PST087	141	141	9	{P}	{P}	_	_	_	_	_	shortpause	_	none	_	_	_	_	_	_
141-10	PST087	141	141	10	tipo	tipo	_	_	_	_	_	linguistic	_	none	_	_	_	_	_	_
141-11	PST087	141	141	11	un	un	_	_	_	_	_	linguistic	_	none	_	_	_	_	_	_
141-12	PST087	141	141	12	tour	tour	_	_	_	_	_	linguistic	_	none	_	End=280.858	_	_	_	_
142-0	PST092	142	142	0	vita	vita	_	_	_	_	_	linguistic	_	none	_	Begin=280.902	_	_	_	_
142-1	PST092	142	142	1	mia:	mia	_	_	_	_	_	linguistic	_	none	_	End=281.44	2x1	_	_	_
143-0	PST087	143	143	0	tipo	tipo	_	_	_	_	_	linguistic	_	none	_	Begin=281.43	_	_	_	_
143-1	PST087	143	143	1	che	che	_	_	_	_	_	linguistic	_	none	_	_	_	_	_	_
143-2	PST087	143	143	2	ne	ne	_	_	_	_	_	linguistic	_	none	_	_	_	_	_	_
143-3	PST087	143	143	3	[so]	so	_	_	_	_	_	linguistic	_	none	_	End=282.29	_	_	_	0-2(34)
144-0	PST092	144	144	0	ha	ha	_	_	_	_	_	linguistic	_	none	_	Begin=282.29	_	_	_	_
144-1	PST092	144	144	1	chiamato::	chiamato	_	_	_	_	_	linguistic	_	none	_	_	7x2	_	_	_
144-2	PST092	144	144	2	la	la	_	_	_	_	_	linguistic	_	none	_	_	_	_	_	_
144-3	PST092	144	144	3	tua	tua	_	_	_	_	_	linguistic	_	none	_	_	_	_	_	_
144-4	PST092	144	144	4	fanciulla	fanciulla	_	_	_	_	_	linguistic	_	none	_	_	_	_	_	_
144-5	PST092	144	144	5	poi	poi	_	_	_	_	_	linguistic	_	none	_	_	_	_	_	_
144-6	PST092	144	144	6	ti	ti	_	_	_	_	_	linguistic	_	none	_	_	_	_	_	_
144-7	PST092	144	144	7	dico	dico	_	_	_	_	_	linguistic	_	none	_	End=285.336	_	_	_	_
145-0	PST092	145	145	0	e:::h	eh	_	_	_	_	_	linguistic	_	none	_	Begin=285.38	0x3	_	_	_
145-1	PST092	145	145	1	descrizione	descrizione	_	_	_	_	_	linguistic	_	none	PauseAfter=Yes	_	_	_	_	_
145-2	PST092	145	145	2	{P}	{P}	_	_	_	_	_	shortpause	_	none	_	_	_	_	_	_
145-3	PST092	145	145	3	che	che	_	_	_	_	_	linguistic	_	none	_	_	_	_	_	_
145-4	PST092	145	145	4	succede	succede	_	_	_	_	_	linguistic	_	none	_	_	_	_	_	_
145-5	PST092	145	145	5	in	in	_	_	_	_	_	linguistic	_	none	_	_	_	_	_	_
145-6	PST092	145	145	6	questa	questa	_	_	_	_	_	linguistic	_	none	_	_	_	_	_	_
145-7	PST092	145	145	7	scena	scena	_	_	_	_	_	linguistic	_	none	_	End=288.82	_	_	_	_
146-0	PST087	146	146	0	[due]	due	_	_	_	_	_	linguistic	_	none	_	Begin=289.256	_	_	_	0-3(35)
146-1	PST087	146	146	1	{ride}	{ride}	_	_	_	_	_	nonverbalbehavior	_	none	_	End=290.442	_	_	_	_
147-0	PST092	147	147	0	[eh]	eh	_	_	_	_	_	linguistic	_	none	PauseAfter=Yes	Begin=289.291	_	_	_	0-2(35)
147-1	PST092	147	147	1	{P}	{P}	_	_	_	_	_	shortpause	_	none	_	_	_	_	_	_
147-2	PST092	147	147	2	no	no	_	_	_	_	_	linguistic	_	none	PauseAfter=Yes	_	_	_	_	_
147-3	PST092	147	147	3	{P}	{P}	_	_	_	_	_	shortpause	_	none	_	_	_	_	_	_
147-4	PST092	147	147	4	xxx	xxx	_	_	_	_	_	unknown	_	none	Syllables=3	End=292.008	_	_	_	_
148-0	PST092	148	148	0	m::h	mh	_	_	_	_	_	linguistic	_	none	_	Begin=292.24	0x2	_	_	_
148-1	PST092	148	148	1	descrizione	descrizione	_	_	_	_	_	linguistic	_	none	_	_	_	_	_	_
148-2	PST092	148	148	2	delle	delle	_	_	_	_	_	linguistic	_	none	_	_	_	_	_	_
148-3	PST092	148	148	3	attività	attività	_	_	_	_	_	linguistic	_	none	_	_	_	_	_	_
148-4	PST092	148	148	4	che	che	_	_	_	_	_	linguistic	_	none	_	_	_	_	_	_
148-5	PST092	148	148	5	si	si	_	_	_	_	_	linguistic	_	none	_	_	_	_	_	_
148-6	PST092	148	148	6	svolgono	svolgono	_	_	_	_	_	linguistic	_	none	_	End=295.21	_	_	_	_
149-0	PST087	149	149	0	ora	ora	_	_	_	_	_	linguistic	_	none	_	Begin=295.247	_	_	_	_
149-1	PST087	149	149	1	abbiamo	abbiamo	_	_	_	_	_	linguistic	_	none	_	_	_	_	_	_
149-2	PST087	149	149	2	fatto	fatto	_	_	_	_	_	linguistic	_	none	_	_	_	_	_	_
149-3	PST087	149	149	3	questa	questa	_	_	_	_	_	linguistic	_	none	_	_	_	_	_	_
149-4	PST087	149	149	4	roba	roba	_	_	_	_	_	linguistic	_	none	_	_	_	_	_	_
149-5	PST087	149	149	5	qui:	qui	_	_	_	_	_	linguistic	_	none	_	End=296.832	2x1	_	_	_
150-0	PST092	150	150	0	con	con	_	_	_	_	_	linguistic	_	none	_	Begin=296.832	_	_	_	_
150-1	PST092	150	150	1	con	con	_	_	_	_	_	linguistic	_	none	_	_	_	_	_	_
150-2	PST092	150	150	2	esempio	esempio	_	_	_	_	_	linguistic	_	none	_	_	_	_	_	_
150-3	PST092	150	150	3	di	di	_	_	_	_	_	linguistic	_	none	_	_	_	_	_	_
150-4	PST092	150	150	4	persona	persona	_	_	_	_	_	linguistic	_	none	_	End=298.929	_	_	_	_
151-0	PST092	151	151	0	con	con	_	_	_	_	_	linguistic	_	none	_	Begin=300.27	_	_	_	_
151-1	PST092	151	151	1	esempio	esempio	_	_	_	_	_	linguistic	_	none	_	_	_	_	_	_
151-2	PST092	151	151	2	di	di	_	_	_	_	_	linguistic	_	none	_	_	_	_	_	_
151-3	PST092	151	151	3	persona	persona	_	_	_	_	_	linguistic	_	none	_	_	_	_	_	_
151-4	PST092	151	151	4	cioè	cioè	_	_	_	_	_	linguistic	_	none	_	_	_	_	_	_
151-5	PST092	151	151	5	più	più	_	_	_	_	_	linguistic	_	none	_	_	_	_	_	_
151-6	PST092	151	151	6	generico	generico	_	_	_	_	_	linguistic	_	none	_	_	_	_	_	_
151-7	PST092	151	151	7	di	di	_	_	_	_	_	linguistic	_	none	_	_	_	_	_	_
151-8	PST092	151	151	8	così	così	_	_	_	_	_	linguistic	_	none	_	_	_	_	_	_
151-9	PST092	151	151	9	non	non	_	_	_	_	_	linguistic	_	none	_	_	_	_	_	_
151-10	PST092	151	151	10	[si	si	_	_	_	_	_	linguistic	_	none	_	_	_	_	_	0-2(36)
151-11	PST092	151	151	11	può	può	_	_	_	_	_	linguistic	_	none	_	_	_	_	_	0-3(36)
151-12	PST092	151	151	12	fare]	fare	_	_	_	_	_	linguistic	_	none	_	End=303.48	_	_	_	0-4(36)
152-0	PST087	152	152	0	[però	però	_	_	_	_	_	linguistic	_	none	_	Begin=302.93	_	_	_	0-4(36)
152-1	PST087	152	152	1	a	a	_	_	_	_	_	linguistic	_	none	_	_	_	_	_	0-1(36)
152-2	PST087	152	152	2	sto]	sto	_	_	_	_	_	linguistic	_	none	_	_	_	_	_	0-3(36)
152-3	PST087	152	152	3	punto	punto	_	_	_	_	_	linguistic	_	none	_	_	_	_	_	_
152-4	PST087	152	152	4	togliamo	togliamo	_	_	_	_	_	linguistic	_	none	_	_	_	_	_	_
152-5	PST087	152	152	5	queste	queste	_	_	_	_	_	linguistic	_	none	_	_	_	_	_	_
152-6	PST087	152	152	6	perché	perché	_	_	_	_	_	linguistic	_	none	_	_	_	_	_	_
152-7	PST087	152	152	7	[il	il	_	_	_	_	_	linguistic	_	none	_	_	_	_	_	0-2(37)
152-8	PST087	152	152	8	tour]	tour	_	_	_	_	_	linguistic	_	none	_	End=305.69	_	_	_	0-4(37)
153-0	PST092	153	153	0	[perché]?	perché	_	_	_	_	_	linguistic	_	none	Intonation=Rising	Begin=304.82|End=305.22	_	_	_	0-6(37)
154-0	PST087	154	154	0	[xx	xx	_	_	_	_	_	unknown	_	none	Syllables=2	Begin=306.56	_	_	_	0-2(38)
154-1	PST087	154	154	1	facciamo	facciamo	_	_	_	_	_	linguistic	_	none	_	_	_	_	_	0-8(38)
154-2	PST087	154	154	2	qualche	qualche	_	_	_	_	_	linguistic	_	none	_	_	_	_	_	0-7(38)
154-3	PST087	154	154	3	tipo	tipo	_	_	_	_	_	linguistic	_	none	_	_	_	_	_	0-4(38)
154-4	PST087	154	154	4	di	di	_	_	_	_	_	linguistic	_	none	_	_	_	_	_	0-2(38)
154-5	PST087	154	154	5	attività]	attività	_	_	_	_	_	linguistic	_	none	_	End=308.77	_	_	_	0-8(38)
155-0	PST092	155	155	0	no	no	_	_	_	_	_	linguistic	_	none	_	Begin=306.56	_	_	_	_
155-1	PST092	155	155	1	[perché	perché	_	_	_	_	_	linguistic	_	none	_	_	_	_	_	0-6(38)
155-2	PST092	155	155	2	queste	queste	_	_	_	_	_	linguistic	_	none	_	_	_	_	_	0-6(38)
155-3	PST092	155	155	3	sono	sono	_	_	_	_	_	linguistic	_	none	_	_	_	_	_	0-4(38)
155-4	PST092	155	155	4	specifiche]	specifiche	_	_	_	_	_	linguistic	_	none	_	End=308.77	_	_	_	0-10(38)
156-0	PST087	156	156	0	cos'	cos'	_	_	_	_	_	linguistic	_	some	SpaceAfter=No	Begin=309.88	_	_	_	_
156-1	PST087	156	156	1	abbiamo	abbiamo	_	_	_	_	_	linguistic	_	some	_	_	_	_	_	_
156-2	PST087	156	156	2	fatto	fatto	_	_	_	_	_	linguistic	_	some	_	_	_	_	_	_
156-3	PST087	156	156	3	#taraful	taraful	_	_	_	_	_	linguistic	_	some	Language=NO_ISO_CODE|Variation=Token	_	_	_	_	_
156-4	PST087	156	156	4	il	il	_	_	_	_	_	linguistic	_	some	_	_	_	_	_	_
156-5	PST087	156	156	5	gruppo	gruppo	_	_	_	_	_	linguistic	_	some	PauseAfter=Yes	_	_	_	_	_
156-6	PST087	156	156	6	[{P}]	{P}	_	_	_	_	_	shortpause	_	some	_	_	_	_	_	0-3(39)
156-7	PST087	156	156	7	danza	danza	_	_	_	_	_	linguistic	_	some	_	_	_	_	_	_
156-8	PST087	156	156	8	e	e	_	_	_	_	_	linguistic	_	some	_	_	_	_	_	_
156-9	PST087	156	156	9	costumi?	costumi	_	_	_	_	_	linguistic	_	some	Intonation=Rising	End=315.77	_	_	_	_
157-0	PST092	157	157	0	[gruppo	gruppo	_	_	_	_	_	linguistic	_	none	_	Begin=313.274	_	_	_	0-6(39)
157-1	PST092	157	157	1	canto],	canto	_	_	_	_	_	linguistic	_	none	Intonation=WeaklyRising	End=314.212	_	_	_	0-5(39)
158-0	PST087	158	158	0	[xx	xx	_	_	_	_	_	unknown	_	none	Syllables=2	Begin=316.87	_	_	_	0-2(40)
158-1	PST087	158	158	1	manca	manca	_	_	_	_	_	linguistic	_	none	PauseAfter=Yes	_	_	_	_	0-5(40)
158-2	PST087	158	158	2	{P}	{P}	_	_	_	_	_	shortpause	_	none	_	_	_	_	_	0-3(40)
158-3	PST087	158	158	3	manca	manca	_	_	_	_	_	linguistic	_	none	_	_	_	_	_	0-5(40)
158-4	PST087	158	158	4	una],	una	_	_	_	_	_	linguistic	_	none	Intonation=WeaklyRising	End=319.53	_	_	_	0-3(40)
159-0	PST092	159	159	0	[decorazioni	decorazioni	_	_	_	_	_	linguistic	_	none	PauseAfter=Yes	Begin=316.87	_	_	_	0-11(40)
159-1	PST092	159	159	1	{P}	{P}	_	_	_	_	_	shortpause	_	none	_	_	_	_	_	0-3(40)
159-2	PST092	159	159	2	decorazioni	decorazioni	_	_	_	_	_	linguistic	_	none	_	_	_	_	_	0-11(40)
159-3	PST092	159	159	3	di	di	_	_	_	_	_	linguistic	_	none	_	_	_	_	_	0-2(40)
159-4	PST092	159	159	4	pasqua]	pasqua	_	_	_	_	_	linguistic	_	none	_	End=319.53	_	_	_	0-6(40)
160-0	PST087	160	160	0	boh	boh	_	_	_	_	_	linguistic	_	none	_	Begin=321.69	_	_	_	_
160-1	PST087	160	160	1	vabbè	vabbè	_	_	_	_	_	linguistic	_	none	_	_	_	_	_	_
160-2	PST087	160	160	2	hanno	hanno	_	_	_	_	_	linguistic	_	none	_	_	_	_	_	_
160-3	PST087	160	160	3	loro	loro	_	_	_	_	_	linguistic	_	none	_	_	_	_	_	_
160-4	PST087	160	160	4	il	il	_	_	_	_	_	linguistic	_	none	_	_	_	_	_	_
160-5	PST087	160	160	5	foglio	foglio	_	_	_	_	_	linguistic	_	none	PauseAfter=Yes	_	_	_	_	_
160-6	PST087	160	160	6	{P}	{P}	_	_	_	_	_	shortpause	_	none	_	_	_	_	_	_
160-7	PST087	160	160	7	con	con	_	_	_	_	_	linguistic	_	none	_	_	_	_	_	_
160-8	PST087	160	160	8	l'	l'	_	_	_	_	_	linguistic	_	none	SpaceAfter=No	_	_	_	_	_
160-9	PST087	160	160	9	xxx	xxx	_	_	_	_	_	unknown	_	none	Syllables=3	_	_	_	_	_
160-10	PST087	160	160	10	del	del	_	_	_	_	_	linguistic	_	none	_	_	_	_	_	_
160-11	PST087	160	160	11	nome	nome	_	_	_	_	_	linguistic	_	none	_	_	_	_	_	_
160-12	PST087	160	160	12	di	di	_	_	_	_	_	linguistic	_	none	_	_	_	_	_	_
160-13	PST087	160	160	13	[@anita],	@anita	_	_	_	_	_	anonymized	_	none	Intonation=WeaklyRising	End=324.868	_	_	_	0-6(41)
161-0	PST092	161	161	0	[lo	lo	_	_	_	_	_	linguistic	_	none	_	Begin=324.63	_	_	_	0-2(41)
161-1	PST092	161	161	1	andia]mo	andiamo	_	_	_	_	_	linguistic	_	none	_	_	_	_	_	0-5(41)
161-2	PST092	161	161	2	a	a	_	_	_	_	_	linguistic	_	none	_	_	_	_	_	_
161-3	PST092	161	161	3	recuperare?	recuperare	_	_	_	_	_	linguistic	_	none	Intonation=Rising	End=325.97	_	_	_	_
162-0	PST087	162	162	0	e	e	_	_	_	_	_	linguistic	_	none	_	Begin=326.27	_	_	_	_
162-1	PST087	162	162	1	no	no	_	_	_	_	_	linguistic	_	none	_	_	_	_	_	_
162-2	PST087	162	162	2	perché	perché	_	_	_	_	_	linguistic	_	none	_	_	_	_	_	_
162-3	PST087	162	162	3	t~	t~	_	_	_	_	_	linguistic	_	none	Interrupted=Yes	_	_	_	_	_
162-4	PST087	162	162	4	eh	eh	_	_	_	_	_	linguistic	_	none	_	_	_	_	_	_
162-5	PST087	162	162	5	però	però	_	_	_	_	_	linguistic	_	none	_	_	_	_	_	_
162-6	PST087	162	162	6	cavolo	cavolo	_	_	_	_	_	linguistic	_	none	_	End=328.1	_	_	_	_
163-0	PST092	163	163	0	no	no	_	_	_	_	_	linguistic	_	none	_	Begin=328.229	_	_	_	_
163-1	PST092	163	163	1	no	no	_	_	_	_	_	linguistic	_	none	_	_	_	_	_	_
163-2	PST092	163	163	2	decorazioni	decorazioni	_	_	_	_	_	linguistic	_	none	_	_	_	_	_	_
163-3	PST092	163	163	3	è	è	_	_	_	_	_	linguistic	_	none	_	_	_	_	_	_
163-4	PST092	163	163	4	qua	qua	_	_	_	_	_	linguistic	_	none	_	_	_	_	_	_
163-5	PST092	163	163	5	[decorazioni	decorazioni	_	_	_	_	_	linguistic	_	none	_	_	_	_	_	0-11(42)
163-6	PST092	163	163	6	durante]	durante	_	_	_	_	_	linguistic	_	none	_	_	_	_	_	0-7(42)
163-7	PST092	163	163	7	le	le	_	_	_	_	_	linguistic	_	none	_	_	_	_	_	_
163-8	PST092	163	163	8	uova	uova	_	_	_	_	_	linguistic	_	none	_	_	_	_	_	_
163-9	PST092	163	163	9	di	di	_	_	_	_	_	linguistic	_	none	_	_	_	_	_	_
163-10	PST092	163	163	10	[pasqua]	pasqua	_	_	_	_	_	linguistic	_	none	_	End=330.84	_	_	_	0-6(43)
164-0	PST087	164	164	0	[no	no	_	_	_	_	_	linguistic	_	none	_	Begin=329.354	_	_	_	0-2(42)
164-1	PST087	164	164	1	no]	no	_	_	_	_	_	linguistic	_	none	_	End=330.062	_	_	_	0-2(42)
165-0	PST087	165	165	0	[sì	sì	_	_	_	_	_	linguistic	_	some	_	Begin=330.55	_	_	_	0-2(43)
165-1	PST087	165	165	1	questo]	questo	_	_	_	_	_	linguistic	_	some	_	_	_	_	_	0-6(43)
165-2	PST087	165	165	2	questo	questo	_	_	_	_	_	linguistic	_	some	_	_	_	_	_	_
165-3	PST087	165	165	3	però	però	_	_	_	_	_	linguistic	_	some	_	_	_	_	_	_
165-4	PST087	165	165	4	è	è	_	_	_	_	_	linguistic	_	some	_	_	_	_	_	_
165-5	PST087	165	165	5	un	un	_	_	_	_	_	linguistic	_	some	_	_	_	_	_	_
165-6	PST087	165	165	6	problema	problema	_	_	_	_	_	linguistic	_	some	_	_	_	_	_	_
165-7	PST087	165	165	7	perché	perché	_	_	_	_	_	linguistic	_	some	_	_	_	_	_	_
165-8	PST087	165	165	8	se	se	_	_	_	_	_	linguistic	_	some	_	_	_	_	_	_
165-9	PST087	165	165	9	noi	noi	_	_	_	_	_	linguistic	_	some	_	_	_	_	_	_
165-10	PST087	165	165	10	facciamo	facciamo	_	_	_	_	_	linguistic	_	some	_	_	_	_	_	_
165-11	PST087	165	165	11	questo	questo	_	_	_	_	_	linguistic	_	some	_	_	_	_	_	_
165-12	PST087	165	165	12	in	in	_	_	_	_	_	linguistic	_	some	_	_	_	_	_	_
165-13	PST087	165	165	13	sala	sala	_	_	_	_	_	linguistic	_	some	_	_	_	_	_	_
165-14	PST087	165	165	14	#bunicii	bunicii	_	_	_	_	_	linguistic	_	some	Language=NO_ISO_CODE|Variation=Token	End=335.592	_	_	_	_
167-0	PST092	167	167	0	la	la	_	_	_	_	_	linguistic	_	some	_	Begin=335.628	_	_	_	_
167-1	PST092	167	167	1	mamma	mamma	_	_	_	_	_	linguistic	_	some	_	_	_	_	_	_
167-2	PST092	167	167	2	di	di	_	_	_	_	_	linguistic	_	some	_	_	_	_	_	_
167-3	PST092	167	167	3	@anita	@anita	_	_	_	_	_	anonymized	_	some	_	_	_	_	_	_
167-4	PST092	167	167	4	lo	lo	_	_	_	_	_	linguistic	_	some	_	_	_	_	_	_
167-5	PST092	167	167	5	farà	farà	_	_	_	_	_	linguistic	_	some	_	_	_	_	_	_
167-6	PST092	167	167	6	in	in	_	_	_	_	_	linguistic	_	some	_	_	_	_	_	_
167-7	PST092	167	167	7	sala	sala	_	_	_	_	_	linguistic	_	some	_	_	_	_	_	_
167-8	PST092	167	167	8	#bunicii	bunicii	_	_	_	_	_	linguistic	_	some	Language=NO_ISO_CODE|Variation=Token	End=337.557	_	_	_	_
169-0	PST092	169	169	0	ma	ma	_	_	_	_	_	linguistic	_	none	_	Begin=337.619	_	_	_	_
169-1	PST092	169	169	1	facciamo	facciamo	_	_	_	_	_	linguistic	_	none	_	_	_	_	_	_
169-2	PST092	169	169	2	in	in	_	_	_	_	_	linguistic	_	none	_	_	_	_	_	_
169-3	PST092	169	169	3	due	due	_	_	_	_	_	linguistic	_	none	_	_	_	_	_	_
169-4	PST092	169	169	4	giorni	giorni	_	_	_	_	_	linguistic	_	none	_	_	_	_	_	_
169-5	PST092	169	169	5	diversi	diversi	_	_	_	_	_	linguistic	_	none	_	_	_	_	_	_
169-6	PST092	169	169	6	oppure	oppure	_	_	_	_	_	linguistic	_	none	_	_	_	_	_	_
169-7	PST092	169	169	7	lei	lei	_	_	_	_	_	linguistic	_	none	_	_	_	_	_	_
169-8	PST092	169	169	8	lo	lo	_	_	_	_	_	linguistic	_	none	_	_	_	_	_	_
169-9	PST092	169	169	9	fa	fa	_	_	_	_	_	linguistic	_	none	_	_	_	_	_	_
169-10	PST092	169	169	10	la	la	_	_	_	_	_	linguistic	_	none	_	_	_	_	_	_
169-11	PST092	169	169	11	[m~	m~	_	_	_	_	_	linguistic	_	none	Interrupted=Yes|PauseAfter=Yes	_	_	_	_	0-2(44)
169-12	PST092	169	169	12	{P}	{P}	_	_	_	_	_	shortpause	_	none	_	_	_	_	_	0-3(44)
169-13	PST092	169	169	13	oppure	oppure	_	_	_	_	_	linguistic	_	none	_	_	_	_	_	0-6(44)
169-14	PST092	169	169	14	lei	lei	_	_	_	_	_	linguistic	_	none	_	_	_	_	_	0-3(44)
169-15	PST092	169	169	15	lo	lo	_	_	_	_	_	linguistic	_	none	_	_	_	_	_	0-2(44)
169-16	PST092	169	169	16	fa]	fa	_	_	_	_	_	linguistic	_	none	_	End=340.94	_	_	_	0-2(44)
170-0	PST087	170	170	0	[no	no	_	_	_	_	_	linguistic	_	none	_	Begin=339.36	_	_	_	0-2(44)
170-1	PST087	170	170	1	ma	ma	_	_	_	_	_	linguistic	_	none	_	_	_	_	_	0-2(44)
170-2	PST087	170	170	2	il	il	_	_	_	_	_	linguistic	_	none	_	_	_	_	_	0-2(44)
170-3	PST087	170	170	3	problema	problema	_	_	_	_	_	linguistic	_	none	_	_	_	_	_	0-8(44)
170-4	PST087	170	170	4	è	è	_	_	_	_	_	linguistic	_	none	_	_	_	_	_	0-1(44)
170-5	PST087	170	170	5	(come)	come	_	_	_	_	_	linguistic	_	none	_	_	_	_	0-4(0)	0-4(44)
170-6	PST087	170	170	6	lo	lo	_	_	_	_	_	linguistic	_	none	_	_	_	_	_	0-2(44)
170-7	PST087	170	170	7	fa]	fa	_	_	_	_	_	linguistic	_	none	_	End=340.734	_	_	_	0-2(44)
171-0	PST092	171	171	0	lei	lei	_	_	_	_	_	linguistic	_	none	_	Begin=341.849	_	_	_	_
171-1	PST092	171	171	1	lo	lo	_	_	_	_	_	linguistic	_	none	_	_	_	_	_	_
171-2	PST092	171	171	2	fa	fa	_	_	_	_	_	linguistic	_	none	_	_	_	_	_	_
171-3	PST092	171	171	3	alla	alla	_	_	_	_	_	linguistic	_	none	_	_	_	_	_	_
171-4	PST092	171	171	4	mattina	mattina	_	_	_	_	_	linguistic	_	none	_	_	_	_	_	_
171-5	PST092	171	171	5	e	e	_	_	_	_	_	linguistic	_	none	_	_	_	_	_	_
171-6	PST092	171	171	6	noi	noi	_	_	_	_	_	linguistic	_	none	_	_	_	_	_	_
171-7	PST092	171	171	7	la	la	_	_	_	_	_	linguistic	_	none	_	_	_	_	_	_
171-8	PST092	171	171	8	sera	sera	_	_	_	_	_	linguistic	_	none	_	_	_	_	_	_
171-9	PST092	171	171	9	(non	non	_	_	_	_	_	linguistic	_	none	_	_	_	_	0-3(0)	_
171-10	PST092	171	171	10	è)	è	_	_	_	_	_	linguistic	_	none	_	End=343.09	_	_	0-1(0)	_
172-0	PST087	172	172	0	sì	sì	_	_	_	_	_	linguistic	_	none	_	Begin=343.07	_	_	_	_
172-1	PST087	172	172	1	xx	xx	_	_	_	_	_	unknown	_	none	Syllables=2	_	_	_	_	_
172-2	PST087	172	172	2	al	al	_	_	_	_	_	linguistic	_	none	_	_	_	_	_	_
172-3	PST087	172	172	3	montaggio	montaggio	_	_	_	_	_	linguistic	_	none	PauseAfter=Yes	_	_	_	_	_
172-4	PST087	172	172	4	{P}	{P}	_	_	_	_	_	shortpause	_	none	_	_	_	_	_	_
172-5	PST087	172	172	5	c(io)è	cioè	_	_	_	_	_	linguistic	_	none	_	_	_	_	1-3(0)	_
172-6	PST087	172	172	6	tipo	tipo	_	_	_	_	_	linguistic	_	none	_	_	_	_	_	_
172-7	PST087	172	172	7	non	non	_	_	_	_	_	linguistic	_	none	_	_	_	_	_	_
172-8	PST087	172	172	8	è	è	_	_	_	_	_	linguistic	_	none	_	_	_	_	_	_
172-9	PST087	172	172	9	che	che	_	_	_	_	_	linguistic	_	none	_	_	_	_	_	_
172-10	PST087	172	172	10	puoi	puoi	_	_	_	_	_	linguistic	_	none	_	_	_	_	_	_
172-11	PST087	172	172	11	fare	fare	_	_	_	_	_	linguistic	_	none	_	_	_	_	_	_
172-12	PST087	172	172	12	tipo	tipo	_	_	_	_	_	linguistic	_	none	_	_	_	_	_	_
172-13	PST087	172	172	13	in	in	_	_	_	_	_	linguistic	_	none	_	_	_	_	_	_
172-14	PST087	172	172	14	un	un	_	_	_	_	_	linguistic	_	none	_	_	_	_	_	_
172-15	PST087	172	172	15	c'	c'	_	_	_	_	_	linguistic	_	none	SpaceAfter=No	_	_	_	_	_
172-16	PST087	172	172	16	è	è	_	_	_	_	_	linguistic	_	none	_	_	_	_	_	_
172-17	PST087	172	172	17	c'	c'	_	_	_	_	_	linguistic	_	none	SpaceAfter=No	_	_	_	_	_
172-18	PST087	172	172	18	è	è	_	_	_	_	_	linguistic	_	none	_	_	_	_	_	_
172-19	PST087	172	172	19	la	la	_	_	_	_	_	linguistic	_	none	_	_	_	_	_	1-2(46)
172-20	PST087	172	172	20	[mamma	mamma	_	_	_	_	_	linguistic	_	none	_	_	_	_	_	0-5(46)
172-21	PST087	172	172	21	di	di	_	_	_	_	_	linguistic	_	none	_	_	_	_	_	0-2(46)
172-22	PST087	172	172	22	@anita]	@anita	_	_	_	_	_	anonymized	_	none	_	End=348.447	_	_	_	0-5(46)
173-0	????	173	173	0	[#_bună	_bună	_	_	_	_	_	warning	_	some	Language=NO_ISO_CODE|Variation=Token	Begin=348.018	_	_	_	0-6(46)
173-1	????	173	173	1	zi]ua	ziua	_	_	_	_	_	linguistic	_	some	_	_	_	_	_	0-2(46)
173-2	????	173	173	2	eh	eh	_	_	_	_	_	linguistic	_	some	_	End=349.053	_	_	_	_
175-0	PST092	175	175	0	ciao	ciao	_	_	_	_	_	linguistic	_	none	_	Begin=349.57	_	_	_	_
175-1	PST092	175	175	1	zi'	zi'	_	_	_	_	_	linguistic	_	none	Truncated=Yes	End=350.43	_	_	_	_
176-0	PST092	176	176	0	no	no	_	_	_	_	_	linguistic	_	none	_	Begin=351.053	_	_	_	_
176-1	PST092	176	176	1	non	non	_	_	_	_	_	linguistic	_	none	_	_	_	_	_	_
176-2	PST092	176	176	2	è	è	_	_	_	_	_	linguistic	_	none	_	_	_	_	_	_
176-3	PST092	176	176	3	vero	vero	_	_	_	_	_	linguistic	_	none	_	_	_	_	_	_
176-4	PST092	176	176	4	non	non	_	_	_	_	_	linguistic	_	none	_	_	_	_	_	_
176-5	PST092	176	176	5	posso	posso	_	_	_	_	_	linguistic	_	none	_	_	_	_	_	_
176-6	PST092	176	176	6	dirlo::	dirlo	_	_	_	_	_	linguistic	_	none	_	End=353.823	4x2	_	_	_
177-0	PST092	177	177	0	sărumana	sărumana	_	_	_	_	_	linguistic	_	all	Language=NO_ISO_CODE	Begin=356.48	_	_	_	_
177-1	PST092	177	177	1	sărumana	sărumana	_	_	_	_	_	linguistic	_	all	Language=NO_ISO_CODE	End=358.57	_	_	_	_
179-0	PST087	179	179	0	ciao::	ciao	_	_	_	_	_	linguistic	_	none	_	Begin=359.053	3x2	_	_	_
179-1	PST087	179	179	1	xxx	xxx	_	_	_	_	_	unknown	_	none	Syllables=3	End=360.584	_	_	_	_
180-0	PST092	180	180	0	allora	allora	_	_	_	_	_	linguistic	_	none	PauseAfter=Yes	Begin=369.628	_	_	_	_
180-1	PST092	180	180	1	[{P}	{P}	_	_	_	_	_	shortpause	_	none	_	_	_	_	_	0-3(47)
180-2	PST092	180	180	2	dicevamo]	dicevamo	_	_	_	_	_	linguistic	_	none	_	End=370.924	_	_	_	0-8(47)
181-0	PST087	181	181	0	perché	perché	_	_	_	_	_	linguistic	_	none	_	Begin=370.035	_	_	_	_
181-1	PST087	181	181	1	xx	xx	_	_	_	_	_	unknown	_	none	Syllables=2	_	_	_	_	_
181-2	PST087	181	181	2	se	se	_	_	_	_	_	linguistic	_	none	_	_	_	_	_	_
181-3	PST087	181	181	3	li	li	_	_	_	_	_	linguistic	_	none	_	_	_	_	_	_
181-4	PST087	181	181	4	facciamo	facciamo	_	_	_	_	_	linguistic	_	none	_	_	_	_	_	_
181-5	PST087	181	181	5	nella	nella	_	_	_	_	_	linguistic	_	none	_	_	_	_	_	_
181-6	PST087	181	181	6	stessa	stessa	_	_	_	_	_	linguistic	_	none	_	_	_	_	_	_
181-7	PST087	181	181	7	sala,	sala	_	_	_	_	_	linguistic	_	none	Intonation=WeaklyRising	End=372.751	_	_	_	_
182-0	PST087	182	182	0	si	si	_	_	_	_	_	linguistic	_	none	_	Begin=373.035	_	_	_	_
182-1	PST087	182	182	1	capirà	capirà	_	_	_	_	_	linguistic	_	none	_	_	_	_	_	_
182-2	PST087	182	182	2	qualcosa	qualcosa	_	_	_	_	_	linguistic	_	none	_	_	_	_	_	_
182-3	PST087	182	182	3	del	del	_	_	_	_	_	linguistic	_	none	_	_	_	_	_	_
182-4	PST087	182	182	4	tipo	tipo	_	_	_	_	_	linguistic	_	none	_	End=375.017	_	_	_	_
183-0	PST092	183	183	0	ma	ma	_	_	_	_	_	linguistic	_	none	_	Begin=375.017	_	_	_	_
183-1	PST092	183	183	1	sì	sì	_	_	_	_	_	linguistic	_	none	_	_	_	_	_	_
183-2	PST092	183	183	2	ma	ma	_	_	_	_	_	linguistic	_	none	_	_	_	_	_	_
183-3	PST092	183	183	3	che	che	_	_	_	_	_	linguistic	_	none	_	_	_	_	_	_
183-4	PST092	183	183	4	te	te	_	_	_	_	_	linguistic	_	none	_	_	_	_	_	_
183-5	PST092	183	183	5	ne	ne	_	_	_	_	_	linguistic	_	none	_	_	_	_	_	_
183-6	PST092	183	183	6	frega	frega	_	_	_	_	_	linguistic	_	none	PauseAfter=Yes	_	_	_	_	_
183-7	PST092	183	183	7	{P}	{P}	_	_	_	_	_	shortpause	_	none	_	_	_	_	_	_
183-8	PST092	183	183	8	[quella	quella	_	_	_	_	_	linguistic	_	none	_	_	_	_	_	0-6(48)
183-9	PST092	183	183	9	è	è	_	_	_	_	_	linguistic	_	none	_	_	_	_	_	0-1(48)
183-10	PST092	183	183	10	la	la	_	_	_	_	_	linguistic	_	none	_	_	_	_	_	0-2(48)
183-11	PST092	183	183	11	sta]nza	stanza	_	_	_	_	_	linguistic	_	none	_	End=378.752	_	_	_	0-3(48)
184-0	PST087	184	184	0	[(ci	ci	_	_	_	_	_	linguistic	_	none	_	Begin=377.099	_	_	0-2(0)	0-2(48)
184-1	PST087	184	184	1	inquadriamo)]	inquadriamo	_	_	_	_	_	linguistic	_	none	_	End=377.884	_	_	0-11(0)	0-11(48)
185-0	PST092	185	185	0	tanto	tanto	_	_	_	_	_	linguistic	_	none	_	Begin=378.867	_	_	_	_
185-1	PST092	185	185	1	poi	poi	_	_	_	_	_	linguistic	_	none	_	_	_	_	_	_
185-2	PST092	185	185	2	conta	conta	_	_	_	_	_	linguistic	_	none	_	_	_	_	_	_
185-3	PST092	185	185	3	che	che	_	_	_	_	_	linguistic	_	none	PauseAfter=Yes	_	_	_	_	_
185-4	PST092	185	185	4	{P}	{P}	_	_	_	_	_	shortpause	_	none	_	_	_	_	_	_
185-5	PST092	185	185	5	e:h	eh	_	_	_	_	_	linguistic	_	none	_	_	0x1	_	_	_
185-6	PST092	185	185	6	per	per	_	_	_	_	_	linguistic	_	none	_	_	_	_	_	_
185-7	PST092	185	185	7	eh	eh	_	_	_	_	_	linguistic	_	none	_	_	_	_	_	_
185-8	PST092	185	185	8	le	le	_	_	_	_	_	linguistic	_	none	_	_	_	_	_	_
185-9	PST092	185	185	9	uova,	uova	_	_	_	_	_	linguistic	_	none	Intonation=WeaklyRising	End=381.674	_	_	_	_
186-0	PST092	186	186	0	conta	conta	_	_	_	_	_	linguistic	_	none	_	Begin=382.982	_	_	_	_
186-1	PST092	186	186	1	che	che	_	_	_	_	_	linguistic	_	none	PauseAfter=Yes	_	_	_	_	_
186-2	PST092	186	186	2	{P}	{P}	_	_	_	_	_	shortpause	_	none	_	_	_	_	_	_
186-3	PST092	186	186	3	per	per	_	_	_	_	_	linguistic	_	none	_	_	_	_	_	_
186-4	PST092	186	186	4	le	le	_	_	_	_	_	linguistic	_	none	_	_	_	_	_	_
186-5	PST092	186	186	5	uov~,	uov~	_	_	_	_	_	linguistic	_	none	Intonation=WeaklyRising|Interrupted=Yes	End=384.506	_	_	_	_
187-0	PST092	187	187	0	@ale	@ale	_	_	_	_	_	anonymized	_	none	_	Begin=385.203|End=385.512	_	_	_	_
188-0	PST092	188	188	0	conta	conta	_	_	_	_	_	linguistic	_	none	_	Begin=386.026	_	_	_	_
188-1	PST092	188	188	1	che	che	_	_	_	_	_	linguistic	_	none	_	_	_	_	_	_
188-2	PST092	188	188	2	per	per	_	_	_	_	_	linguistic	_	none	_	_	_	_	_	_
188-3	PST092	188	188	3	le	le	_	_	_	_	_	linguistic	_	none	_	_	_	_	_	_
188-4	PST092	188	188	4	uova	uova	_	_	_	_	_	linguistic	_	none	_	_	_	_	_	_
188-5	PST092	188	188	5	poi	poi	_	_	_	_	_	linguistic	_	none	_	_	_	_	_	_
188-6	PST092	188	188	6	dopo	dopo	_	_	_	_	_	linguistic	_	none	_	_	_	_	_	_
188-7	PST092	188	188	7	noi,	noi	_	_	_	_	_	linguistic	_	none	Intonation=WeaklyRising	End=387.948	_	_	_	_
189-0	PST092	189	189	0	sistemiamo	sistemiamo	_	_	_	_	_	linguistic	_	none	_	Begin=388.548	_	_	_	_
189-1	PST092	189	189	1	facciamo	facciamo	_	_	_	_	_	linguistic	_	none	_	_	_	_	_	_
189-2	PST092	189	189	2	le	le	_	_	_	_	_	linguistic	_	none	_	_	_	_	_	_
189-3	PST092	189	189	3	decorazioni	decorazioni	_	_	_	_	_	linguistic	_	none	_	_	_	_	_	_
189-4	PST092	189	189	4	cioè	cioè	_	_	_	_	_	linguistic	_	none	PauseAfter=Yes	_	_	_	_	_
189-5	PST092	189	189	5	{P}	{P}	_	_	_	_	_	shortpause	_	none	_	_	_	_	_	_
189-6	PST092	189	189	6	mettiamo	mettiamo	_	_	_	_	_	linguistic	_	none	_	_	_	_	_	_
189-7	PST092	189	189	7	qualcosa	qualcosa	_	_	_	_	_	linguistic	_	none	_	_	_	_	_	_
189-8	PST092	189	189	8	sul	sul	_	_	_	_	_	linguistic	_	none	_	_	_	_	_	_
189-9	PST092	189	189	9	tavolo	tavolo	_	_	_	_	_	linguistic	_	none	_	_	_	_	_	_
189-10	PST092	189	189	10	comunque	comunque	_	_	_	_	_	linguistic	_	none	_	_	_	_	_	_
189-11	PST092	189	189	11	copriamo	copriamo	_	_	_	_	_	linguistic	_	none	_	_	_	_	_	_
189-12	PST092	189	189	12	indietro	indietro	_	_	_	_	_	linguistic	_	none	_	_	_	_	_	_
189-13	PST092	189	189	13	qualcosa	qualcosa	_	_	_	_	_	linguistic	_	none	_	_	_	_	_	_
189-14	PST092	189	189	14	perché	perché	_	_	_	_	_	linguistic	_	none	_	_	_	_	_	_
189-15	PST092	189	189	15	[mentre	mentre	_	_	_	_	_	linguistic	_	none	_	_	_	_	_	0-6(49)
189-16	PST092	189	189	16	facciam~]	facciam~	_	_	_	_	_	linguistic	_	none	Interrupted=Yes	End=395.151	_	_	_	0-8(49)
190-0	PST087	190	190	0	[però	però	_	_	_	_	_	linguistic	_	none	_	Begin=394.469	_	_	_	0-4(49)
190-1	PST087	190	190	1	si	si	_	_	_	_	_	linguistic	_	none	_	_	_	_	_	0-2(49)
190-2	PST087	190	190	2	vede::]	vede	_	_	_	_	_	linguistic	_	none	_	End=395.602	3x2	_	_	0-4(49)
191-0	PST092	191	191	0	eh	eh	_	_	_	_	_	linguistic	_	none	_	Begin=395.593	_	_	_	_
191-1	PST092	191	191	1	ho	ho	_	_	_	_	_	linguistic	_	none	_	_	_	_	_	_
191-2	PST092	191	191	2	capito	capito	_	_	_	_	_	linguistic	_	none	_	_	_	_	_	_
191-3	PST092	191	191	3	ma	ma	_	_	_	_	_	linguistic	_	none	_	_	_	_	_	_
191-4	PST092	191	191	4	comunque	comunque	_	_	_	_	_	linguistic	_	none	_	_	_	_	_	_
191-5	PST092	191	191	5	[mentre	mentre	_	_	_	_	_	linguistic	_	none	_	_	_	_	_	0-6(50)
191-6	PST092	191	191	6	facciamo]	facciamo	_	_	_	_	_	linguistic	_	none	_	End=397.142	_	_	_	0-8(50)
192-0	PST092	192	192	0	{a_qualcun_altro}	{a_qualcun_altro}	_	_	_	_	_	nonverbalbehavior	_	none	_	Begin=402.477	_	_	_	_
192-1	PST092	192	192	1	in	in	_	_	_	_	_	linguistic	_	none	_	_	_	_	_	_
192-2	PST092	192	192	2	sala	sala	_	_	_	_	_	linguistic	_	none	_	_	_	_	_	_
192-3	PST092	192	192	3	bunicii	bunicii	_	_	_	_	_	linguistic	_	none	_	End=403.663	_	_	_	_
194-0	PST086	194	194	0	più	più	_	_	_	_	_	linguistic	_	none	_	Begin=429.646	_	_	_	_
194-1	PST086	194	194	1	vicino	vicino	_	_	_	_	_	linguistic	_	none	_	_	_	_	_	_
194-2	PST086	194	194	2	che	che	_	_	_	_	_	linguistic	_	none	_	_	_	_	_	_
194-3	PST086	194	194	3	cadi	cadi	_	_	_	_	_	linguistic	_	none	_	End=431.381	_	_	_	_
195-0	PST086	195	195	0	no:	no	_	_	_	_	_	linguistic	_	none	_	Begin=434.093|End=434.783	1x1	_	_	_
196-0	PST211	196	196	0	come	come	_	_	_	_	_	linguistic	_	none	_	Begin=444.734	_	_	_	_
196-1	PST211	196	196	1	sei	sei	_	_	_	_	_	linguistic	_	none	_	_	_	_	_	_
196-2	PST211	196	196	2	stata	stata	_	_	_	_	_	linguistic	_	none	_	_	_	_	_	_
196-3	PST211	196	196	3	abbandonata:	abbandonata	_	_	_	_	_	linguistic	_	none	_	End=446.672	10x1	_	_	_
197-0	PST087	197	197	0	e::h	eh	_	_	_	_	_	linguistic	_	none	_	Begin=446.734	0x2	_	_	_
197-1	PST087	197	197	1	sì	sì	_	_	_	_	_	linguistic	_	none	_	_	_	_	_	_
197-2	PST087	197	197	2	@ilaria	@ilaria	_	_	_	_	_	anonymized	_	none	_	_	_	_	_	_
197-3	PST087	197	197	3	è	è	_	_	_	_	_	linguistic	_	none	_	_	_	_	_	_
197-4	PST087	197	197	4	scappata	scappata	_	_	_	_	_	linguistic	_	none	_	_	_	_	_	_
197-5	PST087	197	197	5	via,	via	_	_	_	_	_	linguistic	_	none	Intonation=WeaklyRising	End=449.257	_	_	_	_
198-0	PST211	198	198	0	ah	ah	_	_	_	_	_	linguistic	_	none	_	Begin=449.301	_	_	_	_
198-1	PST211	198	198	1	okay	okay	_	_	_	_	_	linguistic	_	none	_	End=450.92	_	_	_	_
199-0	PST087	199	199	0	e::	e	_	_	_	_	_	linguistic	_	none	_	Begin=449.441	0x2	_	_	_
199-1	PST087	199	199	1	si	si	_	_	_	_	_	linguistic	_	none	_	_	_	_	_	_
199-2	PST087	199	199	2	è	è	_	_	_	_	_	linguistic	_	none	_	_	_	_	_	_
199-3	PST087	199	199	3	presa	presa	_	_	_	_	_	linguistic	_	none	_	_	_	_	_	_
199-4	PST087	199	199	4	con	con	_	_	_	_	_	linguistic	_	none	_	_	_	_	_	_
199-5	PST087	199	199	5	sé	sé	_	_	_	_	_	linguistic	_	none	_	_	_	_	_	_
199-6	PST087	199	199	6	le	le	_	_	_	_	_	linguistic	_	none	_	_	_	_	_	_
199-7	PST087	199	199	7	idee	idee	_	_	_	_	_	linguistic	_	none	_	End=452.407	_	_	_	_
200-0	PST211	200	200	0	le	le	_	_	_	_	_	linguistic	_	none	_	Begin=452.406	_	_	_	_
200-1	PST211	200	200	1	idee	idee	_	_	_	_	_	linguistic	_	none	_	_	_	_	_	_
200-2	PST211	200	200	2	[e:h]	eh	_	_	_	_	_	linguistic	_	none	_	End=453.559	0x1	_	_	0-2(53)
201-0	PST087	201	201	0	[no]	no	_	_	_	_	_	linguistic	_	none	_	Begin=453.177	_	_	_	0-2(53)
201-1	PST087	201	201	1	perché	perché	_	_	_	_	_	linguistic	_	none	_	_	_	_	_	_
201-2	PST087	201	201	2	stavamo	stavamo	_	_	_	_	_	linguistic	_	none	_	_	_	_	_	_
201-3	PST087	201	201	3	pensando	pensando	_	_	_	_	_	linguistic	_	none	PauseAfter=Yes	_	_	_	_	_
201-4	PST087	201	201	4	{P}	{P}	_	_	_	_	_	shortpause	_	none	_	_	_	_	_	_
201-5	PST087	201	201	5	di	di	_	_	_	_	_	linguistic	_	none	_	_	_	_	_	_
201-6	PST087	201	201	6	fare	fare	_	_	_	_	_	linguistic	_	none	_	_	_	_	_	_
201-7	PST087	201	201	7	tipo	tipo	_	_	_	_	_	linguistic	_	none	_	_	_	_	_	_
201-8	PST087	201	201	8	un	un	_	_	_	_	_	linguistic	_	none	_	_	_	_	_	_
201-9	PST087	201	201	9	tour	tour	_	_	_	_	_	linguistic	_	none	_	End=457.15	_	_	_	_
202-0	PST211	202	202	0	[mh	mh	_	_	_	_	_	linguistic	_	none	_	Begin=457.117	_	_	_	0-2(55)
202-1	PST211	202	202	1	mh]	mh	_	_	_	_	_	linguistic	_	none	_	End=457.559	_	_	_	0-2(55)
203-0	PST087	203	203	0	[che	che	_	_	_	_	_	linguistic	_	none	_	Begin=457.15	_	_	_	0-3(55)
203-1	PST087	203	203	1	ne	ne	_	_	_	_	_	linguistic	_	none	_	_	_	_	_	0-2(55)
203-2	PST087	203	203	2	so]	so	_	_	_	_	_	linguistic	_	none	_	_	_	_	_	0-2(55)
203-3	PST087	203	203	3	magari	magari	_	_	_	_	_	linguistic	_	none	_	_	_	_	_	_
203-4	PST087	203	203	4	c'	c'	_	_	_	_	_	linguistic	_	none	SpaceAfter=No	_	_	_	_	_
203-5	PST087	203	203	5	è	è	_	_	_	_	_	linguistic	_	none	_	_	_	_	_	_
203-6	PST087	203	203	6	una	una	_	_	_	_	_	linguistic	_	none	_	_	_	_	_	_
203-7	PST087	203	203	7	persona	persona	_	_	_	_	_	linguistic	_	none	_	_	_	_	_	_
203-8	PST087	203	203	8	che	che	_	_	_	_	_	linguistic	_	none	_	_	_	_	_	_
203-9	PST087	203	203	9	entra	entra	_	_	_	_	_	linguistic	_	none	_	End=459.442	_	_	_	_
204-0	PST087	204	204	0	c'	c'	_	_	_	_	_	linguistic	_	none	SpaceAfter=No	Begin=461.176	_	_	_	_
204-1	PST087	204	204	1	è	è	_	_	_	_	_	linguistic	_	none	_	_	_	_	_	_
204-2	PST087	204	204	2	una	una	_	_	_	_	_	linguistic	_	none	_	_	_	_	_	_
204-3	PST087	204	204	3	persona	persona	_	_	_	_	_	linguistic	_	none	_	_	_	_	_	_
204-4	PST087	204	204	4	che	che	_	_	_	_	_	linguistic	_	none	_	_	_	_	_	_
204-5	PST087	204	204	5	entra	entra	_	_	_	_	_	linguistic	_	none	_	_	_	_	_	_
204-6	PST087	204	204	6	e	e	_	_	_	_	_	linguistic	_	none	_	_	_	_	_	_
204-7	PST087	204	204	7	noi	noi	_	_	_	_	_	linguistic	_	none	_	_	_	_	_	_
204-8	PST087	204	204	8	prendiamo	prendiamo	_	_	_	_	_	linguistic	_	none	_	_	_	_	_	_
204-9	PST087	204	204	9	proprio	proprio	_	_	_	_	_	linguistic	_	none	_	_	_	_	_	_
204-10	PST087	204	204	10	tutto	tutto	_	_	_	_	_	linguistic	_	none	_	_	_	_	_	_
204-11	PST087	204	204	11	il	il	_	_	_	_	_	linguistic	_	none	_	_	_	_	_	_
204-12	PST087	204	204	12	percorso	percorso	_	_	_	_	_	linguistic	_	none	_	_	_	_	_	_
204-13	PST087	204	204	13	che	che	_	_	_	_	_	linguistic	_	none	_	_	_	_	_	_
204-14	PST087	204	204	14	fa	fa	_	_	_	_	_	linguistic	_	none	_	_	_	_	_	_
204-15	PST087	204	204	15	per	per	_	_	_	_	_	linguistic	_	none	_	_	_	_	_	_
204-16	PST087	204	204	16	arrivare	arrivare	_	_	_	_	_	linguistic	_	none	_	_	_	_	_	_
204-17	PST087	204	204	17	fino	fino	_	_	_	_	_	linguistic	_	none	_	_	_	_	_	_
204-18	PST087	204	204	18	a	a	_	_	_	_	_	linguistic	_	none	_	_	_	_	_	_
204-19	PST087	204	204	19	qua	qua	_	_	_	_	_	linguistic	_	none	_	End=465.327	_	_	_	_
205-0	PST211	205	205	0	okay	okay	_	_	_	_	_	linguistic	_	none	_	Begin=465.327|End=465.743	_	_	_	_
206-0	PST087	206	206	0	poi	poi	_	_	_	_	_	linguistic	_	none	_	Begin=465.805	_	_	_	_
206-1	PST087	206	206	1	come	come	_	_	_	_	_	linguistic	_	none	_	_	_	_	_	_
206-2	PST087	206	206	2	abbiamo	abbiamo	_	_	_	_	_	linguistic	_	none	_	_	_	_	_	_
206-3	PST087	206	206	3	fatto	fatto	_	_	_	_	_	linguistic	_	none	_	_	_	_	_	_
206-4	PST087	206	206	4	oggi	oggi	_	_	_	_	_	linguistic	_	none	_	_	_	_	_	_
206-5	PST087	206	206	5	magari	magari	_	_	_	_	_	linguistic	_	none	_	_	_	_	_	_
206-6	PST087	206	206	6	facciamo	facciamo	_	_	_	_	_	linguistic	_	none	_	_	_	_	_	_
206-7	PST087	206	206	7	il	il	_	_	_	_	_	linguistic	_	none	_	_	_	_	_	_
206-8	PST087	206	206	8	carello:	carello	_	_	_	_	_	linguistic	_	none	_	_	6x1	_	_	_
206-9	PST087	206	206	9	[con	con	_	_	_	_	_	linguistic	_	none	_	_	_	_	_	0-3(56)
206-10	PST087	206	206	10	eh]	eh	_	_	_	_	_	linguistic	_	none	_	End=468.779	_	_	_	0-2(56)
207-0	PST211	207	207	0	[sì]	sì	_	_	_	_	_	linguistic	_	none	_	Begin=468.014|End=468.713	_	_	_	0-2(56)
208-0	PST087	208	208	0	e	e	_	_	_	_	_	linguistic	_	none	_	Begin=468.849	_	_	_	_
208-1	PST087	208	208	1	che	che	_	_	_	_	_	linguistic	_	none	_	_	_	_	_	_
208-2	PST087	208	208	2	introduce	introduce	_	_	_	_	_	linguistic	_	none	_	_	_	_	_	_
208-3	PST087	208	208	3	le	le	_	_	_	_	_	linguistic	_	none	_	_	_	_	_	_
208-4	PST087	208	208	4	varie	varie	_	_	_	_	_	linguistic	_	none	_	_	_	_	_	_
208-5	PST087	208	208	5	sale	sale	_	_	_	_	_	linguistic	_	none	_	_	_	_	_	_
208-6	PST087	208	208	6	tipo	tipo	_	_	_	_	_	linguistic	_	none	_	_	_	_	_	_
208-7	PST087	208	208	7	diciamo	diciamo	_	_	_	_	_	linguistic	_	none	_	_	_	_	_	_
208-8	PST087	208	208	8	qui	qui	_	_	_	_	_	linguistic	_	none	_	_	_	_	_	_
208-9	PST087	208	208	9	si	si	_	_	_	_	_	linguistic	_	none	_	_	_	_	_	_
208-10	PST087	208	208	10	fa	fa	_	_	_	_	_	linguistic	_	none	_	_	_	_	_	_
208-11	PST087	208	208	11	attività	attività	_	_	_	_	_	linguistic	_	none	_	_	_	_	_	_
208-12	PST087	208	208	12	poi	poi	_	_	_	_	_	linguistic	_	none	_	_	_	_	_	_
208-13	PST087	208	208	13	apri	apri	_	_	_	_	_	linguistic	_	none	_	_	_	_	_	_
208-14	PST087	208	208	14	la	la	_	_	_	_	_	linguistic	_	none	_	_	_	_	_	_
208-15	PST087	208	208	15	po::rta	porta	_	_	_	_	_	linguistic	_	none	_	_	1x2	_	_	_
208-16	PST087	208	208	16	c'	c'	_	_	_	_	_	linguistic	_	none	SpaceAfter=No	_	_	_	_	_
208-17	PST087	208	208	17	è	è	_	_	_	_	_	linguistic	_	none	_	_	_	_	_	_
208-18	PST087	208	208	18	tutta	tutta	_	_	_	_	_	linguistic	_	none	_	_	_	_	_	_
208-19	PST087	208	208	19	la	la	_	_	_	_	_	linguistic	_	none	_	_	_	_	_	_
208-20	PST087	208	208	20	ro:ba	roba	_	_	_	_	_	linguistic	_	none	_	_	1x1	_	_	_
208-21	PST087	208	208	21	lì	lì	_	_	_	_	_	linguistic	_	none	_	_	_	_	_	_
208-22	PST087	208	208	22	della	della	_	_	_	_	_	linguistic	_	none	_	_	_	_	_	_
208-23	PST087	208	208	23	xx	xx	_	_	_	_	_	unknown	_	none	Syllables=2	_	_	_	_	_
208-24	PST087	208	208	24	magari	magari	_	_	_	_	_	linguistic	_	none	_	_	_	_	_	_
208-25	PST087	208	208	25	di	di	_	_	_	_	_	linguistic	_	none	_	_	_	_	_	_
208-26	PST087	208	208	26	una	una	_	_	_	_	_	linguistic	_	none	_	_	_	_	_	_
208-27	PST087	208	208	27	persona	persona	_	_	_	_	_	linguistic	_	none	_	_	_	_	_	_
208-28	PST087	208	208	28	che	che	_	_	_	_	_	linguistic	_	none	_	_	_	_	_	_
208-29	PST087	208	208	29	sta	sta	_	_	_	_	_	linguistic	_	none	_	_	_	_	_	_
208-30	PST087	208	208	30	facendo	facendo	_	_	_	_	_	linguistic	_	none	_	_	_	_	_	_
208-31	PST087	208	208	31	[lezione]	lezione	_	_	_	_	_	linguistic	_	none	_	End=478.655	_	_	_	0-7(151)
209-0	PST092	209	209	0	[e	e	_	_	_	_	_	linguistic	_	none	_	Begin=478.017	_	_	_	0-1(?)
209-1	PST092	209	209	1	il	il	_	_	_	_	_	linguistic	_	none	_	_	_	_	_	0-2(?)
209-2	PST092	209	209	2	carrello	carrello	_	_	_	_	_	linguistic	_	none	_	_	_	_	_	0-8(?)
209-3	PST092	209	209	3	dopo	dopo	_	_	_	_	_	linguistic	_	none	_	_	_	_	_	0-4(?)
209-4	PST092	209	209	4	lo	lo	_	_	_	_	_	linguistic	_	none	_	_	_	_	_	0-2(?)
209-5	PST092	209	209	5	usiamo	usiamo	_	_	_	_	_	linguistic	_	none	_	_	_	_	_	0-6(?)
209-6	PST092	209	209	6	per	per	_	_	_	_	_	linguistic	_	none	_	_	_	_	_	0-3(?)
209-7	PST092	209	209	7	le	le	_	_	_	_	_	linguistic	_	none	_	_	_	_	_	0-2(?)
209-8	PST092	209	209	8	riprese]	riprese	_	_	_	_	_	linguistic	_	none	_	_	_	_	_	0-7(?)
209-9	PST092	209	209	9	in	in	_	_	_	_	_	linguistic	_	none	_	_	_	_	_	_
209-10	PST092	209	209	10	primo	primo	_	_	_	_	_	linguistic	_	none	_	_	_	_	_	_
209-11	PST092	209	209	11	piano	piano	_	_	_	_	_	linguistic	_	none	_	_	_	_	_	_
209-12	PST092	209	209	12	di	di	_	_	_	_	_	linguistic	_	none	_	_	_	_	_	_
209-13	PST092	209	209	13	una	una	_	_	_	_	_	linguistic	_	none	_	_	_	_	_	_
209-14	PST092	209	209	14	persona	persona	_	_	_	_	_	linguistic	_	none	_	_	_	_	_	_
209-15	PST092	209	209	15	che	che	_	_	_	_	_	linguistic	_	none	_	_	_	_	_	_
209-16	PST092	209	209	16	cammina	cammina	_	_	_	_	_	linguistic	_	none	_	End=481.911	_	_	_	_
210-0	PST211	210	210	0	[mh	mh	_	_	_	_	_	linguistic	_	none	_	Begin=478.353	_	_	_	0-2(?)
210-1	PST211	210	210	1	mh]	mh	_	_	_	_	_	linguistic	_	none	_	End=479.294	_	_	_	0-2(?)
211-0	PST087	211	211	0	[così	così	_	_	_	_	_	linguistic	_	none	_	Begin=478.729	_	_	_	0-4(152)
211-1	PST087	211	211	1	eh	eh	_	_	_	_	_	linguistic	_	none	_	_	_	_	_	0-2(152)
211-2	PST087	211	211	2	eh]	eh	_	_	_	_	_	linguistic	_	none	_	End=480.288	_	_	_	0-2(152)
212-0	PST211	212	212	0	[okay]	okay	_	_	_	_	_	linguistic	_	none	_	Begin=481.937|End=482.663	_	_	_	0-4(57)
213-0	PST087	213	213	0	[e	e	_	_	_	_	_	linguistic	_	none	_	Begin=481.991	_	_	_	0-1(57)
213-1	PST087	213	213	1	poi]	poi	_	_	_	_	_	linguistic	_	none	_	_	_	_	_	0-3(57)
213-2	PST087	213	213	2	lì	lì	_	_	_	_	_	linguistic	_	none	_	_	_	_	_	_
213-3	PST087	213	213	3	per::	per	_	_	_	_	_	linguistic	_	none	_	_	2x2	_	_	_
213-4	PST087	213	213	4	eh	eh	_	_	_	_	_	linguistic	_	none	_	_	_	_	_	_
213-5	PST087	213	213	5	per	per	_	_	_	_	_	linguistic	_	none	_	_	_	_	_	_
213-6	PST087	213	213	6	la	la	_	_	_	_	_	linguistic	_	none	_	_	_	_	_	_
213-7	PST087	213	213	7	co~	co~	_	_	_	_	_	linguistic	_	none	Interrupted=Yes	_	_	_	_	_
213-8	PST087	213	213	8	per	per	_	_	_	_	_	linguistic	_	none	_	_	_	_	_	_
213-9	PST087	213	213	9	e:h	eh	_	_	_	_	_	linguistic	_	none	_	_	0x1	_	_	_
213-10	PST087	213	213	10	va~	va~	_	_	_	_	_	linguistic	_	none	Interrupted=Yes	_	_	_	_	_
213-11	PST087	213	213	11	per	per	_	_	_	_	_	linguistic	_	none	_	_	_	_	_	_
213-12	PST087	213	213	12	ogni	ogni	_	_	_	_	_	linguistic	_	none	_	_	_	_	_	_
213-13	PST087	213	213	13	vario	vario	_	_	_	_	_	linguistic	_	none	_	_	_	_	_	_
213-14	PST087	213	213	14	luogo	luogo	_	_	_	_	_	linguistic	_	none	_	_	_	_	_	_
213-15	PST087	213	213	15	o	o	_	_	_	_	_	linguistic	_	none	_	_	_	_	_	_
213-16	PST087	213	213	16	lezione	lezione	_	_	_	_	_	linguistic	_	none	_	_	_	_	_	_
213-17	PST087	213	213	17	abbiamo	abbiamo	_	_	_	_	_	linguistic	_	none	_	_	_	_	_	_
213-18	PST087	213	213	18	fatto	fatto	_	_	_	_	_	linguistic	_	none	_	_	_	_	_	_
213-19	PST087	213	213	19	poi	poi	_	_	_	_	_	linguistic	_	none	_	_	_	_	_	_
213-20	PST087	213	213	20	il	il	_	_	_	_	_	linguistic	_	none	_	_	_	_	_	_
213-21	PST087	213	213	21	foglio	foglio	_	_	_	_	_	linguistic	_	none	_	_	_	_	_	_
213-22	PST087	213	213	22	a	a	_	_	_	_	_	linguistic	_	none	_	_	_	_	_	_
213-23	PST087	213	213	23	parte	parte	_	_	_	_	_	linguistic	_	none	_	End=487.96	_	_	_	_
214-0	PST211	214	214	0	okay	okay	_	_	_	_	_	linguistic	_	none	_	Begin=487.999|End=488.46	_	_	_	_
215-0	PST211	215	215	0	con	con	_	_	_	_	_	linguistic	_	none	_	Begin=488.672	_	_	_	_
215-1	PST211	215	215	1	anche:	anche	_	_	_	_	_	linguistic	_	none	_	_	4x1	_	_	_
215-2	PST211	215	215	2	nella	nella	_	_	_	_	_	linguistic	_	none	_	_	_	_	_	_
215-3	PST211	215	215	3	stanza	stanza	_	_	_	_	_	linguistic	_	none	_	_	_	_	_	_
215-4	PST211	215	215	4	in	in	_	_	_	_	_	linguistic	_	none	_	_	_	_	_	_
215-5	PST211	215	215	5	mezzo:	mezzo	_	_	_	_	_	linguistic	_	none	_	_	4x1	_	_	_
215-6	PST211	215	215	6	[le	le	_	_	_	_	_	linguistic	_	none	_	_	_	_	_	0-2(58)
215-7	PST211	215	215	7	uova	uova	_	_	_	_	_	linguistic	_	none	_	_	_	_	_	0-4(58)
215-8	PST211	215	215	8	i]	i	_	_	_	_	_	linguistic	_	none	_	_	_	_	_	0-1(58)
215-9	PST211	215	215	9	[costumi:	costumi	_	_	_	_	_	linguistic	_	none	_	_	6x1	_	_	0-7(153)
215-10	PST211	215	215	10	e	e	_	_	_	_	_	linguistic	_	none	_	_	_	_	_	0-1(153)
215-11	PST211	215	215	11	poi	poi	_	_	_	_	_	linguistic	_	none	_	_	_	_	_	0-3(153)
215-12	PST211	215	215	12	quando]	quando	_	_	_	_	_	linguistic	_	none	_	End=493.97	_	_	_	0-6(153)
216-0	PST087	216	216	0	[sì	sì	_	_	_	_	_	linguistic	_	none	_	Begin=490.93	_	_	_	0-2(58)
216-1	PST087	216	216	1	esatto]	esatto	_	_	_	_	_	linguistic	_	none	_	End=491.73	_	_	_	0-6(58)
217-0	PST092	217	217	0	[per	per	_	_	_	_	_	linguistic	_	none	_	Begin=492.45	_	_	_	0-3(153)
217-1	PST092	217	217	1	le	le	_	_	_	_	_	linguistic	_	none	_	_	_	_	_	0-2(153)
217-2	PST092	217	217	2	uova	uova	_	_	_	_	_	linguistic	_	none	_	_	_	_	_	0-4(153)
217-3	PST092	217	217	3	pensavo]	pensavo	_	_	_	_	_	linguistic	_	none	_	End=493.41	_	_	_	0-7(153)
218-0	PST087	218	218	0	[però	però	_	_	_	_	_	linguistic	_	none	_	Begin=492.94	_	_	_	0-4(153)
218-1	PST087	218	218	1	c'	c'	_	_	_	_	_	linguistic	_	none	SpaceAfter=No	_	_	_	_	0-2(153)
218-2	PST087	218	218	2	è	è	_	_	_	_	_	linguistic	_	none	_	_	_	_	_	0-1(153)
218-3	PST087	218	218	3	un	un	_	_	_	_	_	linguistic	_	none	_	_	_	_	_	0-2(153)
218-4	PST087	218	218	4	problema]	problema	_	_	_	_	_	linguistic	_	none	_	End=493.94	_	_	_	0-8(153)
219-0	PST087	219	219	0	perché:	perché	_	_	_	_	_	linguistic	_	none	_	Begin=494.31|End=495.2	5x1	_	_	_
220-0	PST211	220	220	0	hai	hai	_	_	_	_	_	linguistic	_	none	_	Begin=495.22	_	_	_	_
220-1	PST211	220	220	1	ragio~	ragio~	_	_	_	_	_	linguistic	_	none	Interrupted=Yes	End=495.79	_	_	_	_
221-0	PST087	221	221	0	xx	xx	_	_	_	_	_	unknown	_	none	Syllables=2	Begin=495.765	_	_	_	_
221-1	PST087	221	221	1	noi	noi	_	_	_	_	_	linguistic	_	none	_	_	_	_	_	_
221-2	PST087	221	221	2	siamo	siamo	_	_	_	_	_	linguistic	_	none	_	_	_	_	_	_
221-3	PST087	221	221	3	un	un	_	_	_	_	_	linguistic	_	none	_	_	_	_	_	_
221-4	PST087	221	221	4	problema	problema	_	_	_	_	_	linguistic	_	none	PauseAfter=Yes	_	_	_	_	_
221-5	PST087	221	221	5	{P}	{P}	_	_	_	_	_	shortpause	_	none	_	_	_	_	_	_
221-6	PST087	221	221	6	[ma	ma	_	_	_	_	_	linguistic	_	none	_	_	_	_	_	0-2(60)
221-7	PST087	221	221	7	se	se	_	_	_	_	_	linguistic	_	none	_	_	_	_	_	0-2(60)
221-8	PST087	221	221	8	nella	nella	_	_	_	_	_	linguistic	_	none	_	_	_	_	_	0-5(60)
221-9	PST087	221	221	9	stanza]	stanza	_	_	_	_	_	linguistic	_	none	_	_	_	_	_	0-6(60)
221-10	PST087	221	221	10	invece	invece	_	_	_	_	_	linguistic	_	none	_	_	_	_	_	_
221-11	PST087	221	221	11	facciamo	facciamo	_	_	_	_	_	linguistic	_	none	_	_	_	_	_	_
221-12	PST087	221	221	12	le	le	_	_	_	_	_	linguistic	_	none	_	_	_	_	_	_
221-13	PST087	221	221	13	uova	uova	_	_	_	_	_	linguistic	_	none	_	_	_	_	_	_
221-14	PST087	221	221	14	le	le	_	_	_	_	_	linguistic	_	none	_	_	_	_	_	_
221-15	PST087	221	221	15	decorazioni	decorazioni	_	_	_	_	_	linguistic	_	none	_	_	_	_	_	_
221-16	PST087	221	221	16	per	per	_	_	_	_	_	linguistic	_	none	_	_	_	_	_	_
221-17	PST087	221	221	17	le	le	_	_	_	_	_	linguistic	_	none	_	_	_	_	_	_
221-18	PST087	221	221	18	[uova],	uova	_	_	_	_	_	linguistic	_	none	Intonation=WeaklyRising	End=501.247	_	_	_	0-4(61)
222-0	PST092	222	222	0	[lei	lei	_	_	_	_	_	linguistic	_	none	_	Begin=497.015	_	_	_	0-3(60)
222-1	PST092	222	222	1	lei	lei	_	_	_	_	_	linguistic	_	none	_	_	_	_	_	0-3(60)
222-2	PST092	222	222	2	invece]	invece	_	_	_	_	_	linguistic	_	none	_	End=498.285	_	_	_	0-6(60)
223-0	PST211	223	223	0	[e:h],	eh	_	_	_	_	_	linguistic	_	none	Intonation=WeaklyRising	Begin=500.791|End=501.216	0x1	_	_	0-2(61)
224-0	PST087	224	224	0	c'	c'	_	_	_	_	_	linguistic	_	none	SpaceAfter=No	Begin=501.611	_	_	_	_
224-1	PST087	224	224	1	è	è	_	_	_	_	_	linguistic	_	none	_	_	_	_	_	_
224-2	PST087	224	224	2	anche	anche	_	_	_	_	_	linguistic	_	none	_	_	_	_	_	_
224-3	PST087	224	224	3	il	il	_	_	_	_	_	linguistic	_	none	_	_	_	_	_	_
224-4	PST087	224	224	4	telaio	telaio	_	_	_	_	_	linguistic	_	none	_	End=503.018	_	_	_	_
225-0	PST211	225	225	0	si	si	_	_	_	_	_	linguistic	_	none	_	Begin=503.035|End=503.522	_	_	_	_
226-0	PST087	226	226	0	e	e	_	_	_	_	_	linguistic	_	none	PauseAfter=Yes	Begin=503.743	_	_	_	_
226-1	PST087	226	226	1	{P}	{P}	_	_	_	_	_	shortpause	_	none	_	_	_	_	_	_
226-2	PST087	226	226	2	il	il	_	_	_	_	_	linguistic	_	none	_	_	_	_	_	_
226-3	PST087	226	226	3	telaio	telaio	_	_	_	_	_	linguistic	_	none	_	_	_	_	_	_
226-4	PST087	226	226	4	noi	noi	_	_	_	_	_	linguistic	_	none	_	_	_	_	_	_
226-5	PST087	226	226	5	pensavamo	pensavamo	_	_	_	_	_	linguistic	_	none	_	_	_	_	_	_
226-6	PST087	226	226	6	tipo	tipo	_	_	_	_	_	linguistic	_	none	_	End=506.017	_	_	_	_
227-0	PST092	227	227	0	non	non	_	_	_	_	_	linguistic	_	none	_	Begin=506.097	_	_	_	_
227-1	PST092	227	227	1	so	so	_	_	_	_	_	linguistic	_	none	_	_	_	_	_	_
227-2	PST092	227	227	2	se	se	_	_	_	_	_	linguistic	_	none	_	_	_	_	_	_
227-3	PST092	227	227	3	anche	anche	_	_	_	_	_	linguistic	_	none	_	_	_	_	_	_
227-4	PST092	227	227	4	voi	voi	_	_	_	_	_	linguistic	_	none	_	_	_	_	_	_
227-5	PST092	227	227	5	però	però	_	_	_	_	_	linguistic	_	none	_	_	_	_	_	_
227-6	PST092	227	227	6	io	io	_	_	_	_	_	linguistic	_	none	_	_	_	_	_	_
227-7	PST092	227	227	7	poi	poi	_	_	_	_	_	linguistic	_	none	_	_	_	_	_	_
227-8	PST092	227	227	8	m:h	mh	_	_	_	_	_	linguistic	_	none	_	_	0x1	_	_	_
227-9	PST092	227	227	9	me	me	_	_	_	_	_	linguistic	_	none	_	_	_	_	_	_
227-10	PST092	227	227	10	la	la	_	_	_	_	_	linguistic	_	none	_	_	_	_	_	_
227-11	PST092	227	227	11	immagino	immagino	_	_	_	_	_	linguistic	_	none	_	_	_	_	_	_
227-12	PST092	227	227	12	più	più	_	_	_	_	_	linguistic	_	none	_	_	_	_	_	_
227-13	PST092	227	227	13	che	che	_	_	_	_	_	linguistic	_	none	_	_	_	_	_	_
227-14	PST092	227	227	14	c'	c'	_	_	_	_	_	linguistic	_	none	SpaceAfter=No	_	_	_	_	_
227-15	PST092	227	227	15	era	era	_	_	_	_	_	linguistic	_	none	_	_	_	_	_	_
227-16	PST092	227	227	16	solo	solo	_	_	_	_	_	linguistic	_	none	_	_	_	_	_	_
227-17	PST092	227	227	17	lì	lì	_	_	_	_	_	linguistic	_	none	_	_	_	_	_	_
227-18	PST092	227	227	18	la::	la	_	_	_	_	_	linguistic	_	none	_	End=509.955	1x2	_	_	_
228-0	PST211	228	228	0	[certo	certo	_	_	_	_	_	linguistic	_	none	_	Begin=510.3	_	_	_	0-5(?)
228-1	PST211	228	228	1	vabbè	vabbè	_	_	_	_	_	linguistic	_	none	_	_	_	_	_	0-5(?)
228-2	PST211	228	228	2	possiamo	possiamo	_	_	_	_	_	linguistic	_	none	_	_	_	_	_	0-8(?)
228-3	PST211	228	228	3	farlo	farlo	_	_	_	_	_	linguistic	_	none	_	_	_	_	_	0-5(?)
228-4	PST211	228	228	4	in	in	_	_	_	_	_	linguistic	_	none	_	_	_	_	_	0-2(?)
228-5	PST211	228	228	5	due	due	_	_	_	_	_	linguistic	_	none	_	_	_	_	_	0-3(?)
228-6	PST211	228	228	6	momenti	momenti	_	_	_	_	_	linguistic	_	none	_	_	_	_	_	0-7(?)
228-7	PST211	228	228	7	separati]	separati	_	_	_	_	_	linguistic	_	none	_	End=513.38	_	_	_	0-8(?)
229-0	PST087	229	229	0	[io	io	_	_	_	_	_	linguistic	_	none	_	Begin=511.24	_	_	_	0-2(62)
229-1	PST087	229	229	1	eh	eh	_	_	_	_	_	linguistic	_	none	_	_	_	_	_	0-2(62)
229-2	PST087	229	229	2	però	però	_	_	_	_	_	linguistic	_	none	_	_	_	_	_	0-4(62)
229-3	PST087	229	229	3	non]	non	_	_	_	_	_	linguistic	_	none	_	End=512.42	_	_	_	0-3(62)
230-0	PST087	230	230	0	eh	eh	_	_	_	_	_	linguistic	_	none	_	Begin=512.42	_	_	_	_
230-1	PST087	230	230	1	sì	sì	_	_	_	_	_	linguistic	_	none	_	_	_	_	_	_
230-2	PST087	230	230	2	però	però	_	_	_	_	_	linguistic	_	none	_	_	_	_	_	_
230-3	PST087	230	230	3	poi	poi	_	_	_	_	_	linguistic	_	none	_	_	_	_	_	_
230-4	PST087	230	230	4	come	come	_	_	_	_	_	linguistic	_	none	_	_	_	_	_	_
230-5	PST087	230	230	5	lo	lo	_	_	_	_	_	linguistic	_	none	_	_	_	_	_	_
230-6	PST087	230	230	6	mettiamo	mettiamo	_	_	_	_	_	linguistic	_	none	_	_	_	_	_	_
230-7	PST087	230	230	7	nel]	nel	_	_	_	_	_	linguistic	_	none	_	End=514.21	_	_	_	_
231-0	PST087	231	231	0	[perché	perché	_	_	_	_	_	linguistic	_	none	_	Begin=514.689	_	_	_	0-6(64)
231-1	PST087	231	231	1	come]	come	_	_	_	_	_	linguistic	_	none	_	_	_	_	_	0-4(64)
231-2	PST087	231	231	2	che	che	_	_	_	_	_	linguistic	_	none	_	_	_	_	_	_
231-3	PST087	231	231	3	sono	sono	_	_	_	_	_	linguistic	_	none	_	_	_	_	_	_
231-4	PST087	231	231	4	tutte	tutte	_	_	_	_	_	linguistic	_	none	_	_	_	_	_	_
231-5	PST087	231	231	5	lì	lì	_	_	_	_	_	linguistic	_	none	_	_	_	_	_	_
231-6	PST087	231	231	6	belle	belle	_	_	_	_	_	linguistic	_	none	_	_	_	_	_	_
231-7	PST087	231	231	7	felici	felici	_	_	_	_	_	linguistic	_	none	_	_	_	_	_	_
231-8	PST087	231	231	8	e	e	_	_	_	_	_	linguistic	_	none	_	_	_	_	_	_
231-9	PST087	231	231	9	poi	poi	_	_	_	_	_	linguistic	_	none	_	_	_	_	_	_
231-10	PST087	231	231	10	alla	alla	_	_	_	_	_	linguistic	_	none	_	_	_	_	_	_
231-11	PST087	231	231	11	fine	fine	_	_	_	_	_	linguistic	_	none	_	_	_	_	_	_
231-12	PST087	231	231	12	c'	c'	_	_	_	_	_	linguistic	_	none	SpaceAfter=No	_	_	_	_	_
231-13	PST087	231	231	13	è	è	_	_	_	_	_	linguistic	_	none	_	_	_	_	_	_
231-14	PST087	231	231	14	lei	lei	_	_	_	_	_	linguistic	_	none	_	_	_	_	_	_
231-15	PST087	231	231	15	che	che	_	_	_	_	_	linguistic	_	none	_	_	_	_	_	_
231-16	PST087	231	231	16	si	si	_	_	_	_	_	linguistic	_	none	_	_	_	_	_	_
231-17	PST087	231	231	17	ritrova	ritrova	_	_	_	_	_	linguistic	_	none	_	_	_	_	_	_
231-18	PST087	231	231	18	sola	sola	_	_	_	_	_	linguistic	_	none	_	_	_	_	_	_
231-19	PST087	231	231	19	soletta	soletta	_	_	_	_	_	linguistic	_	none	_	End=520.381	_	_	_	_
232-0	PST092	232	232	0	[io	io	_	_	_	_	_	linguistic	_	none	_	Begin=514.689	_	_	_	0-2(64)
232-1	PST092	232	232	1	pensavo	pensavo	_	_	_	_	_	linguistic	_	none	_	_	_	_	_	0-7(64)
232-2	PST092	232	232	2	un'	un'	_	_	_	_	_	linguistic	_	none	SpaceAfter=No	_	_	_	_	0-3(64)
232-3	PST092	232	232	3	(altra)	altra	_	_	_	_	_	linguistic	_	none	_	_	_	_	0-5(0)	0-5(64)
232-4	PST092	232	232	4	cosa]	cosa	_	_	_	_	_	linguistic	_	none	_	End=515.654	_	_	_	0-4(64)
233-0	PST092	233	233	0	[no	no	_	_	_	_	_	linguistic	_	none	_	Begin=520.425	_	_	_	0-2(65)
233-1	PST092	233	233	1	io	io	_	_	_	_	_	linguistic	_	none	_	_	_	_	_	0-2(65)
233-2	PST092	233	233	2	avevo	avevo	_	_	_	_	_	linguistic	_	none	_	_	_	_	_	0-5(65)
233-3	PST092	233	233	3	un'	un'	_	_	_	_	_	linguistic	_	none	SpaceAfter=No	_	_	_	_	0-3(65)
233-4	PST092	233	233	4	idea]	idea	_	_	_	_	_	linguistic	_	none	_	_	_	_	_	0-4(65)
233-5	PST092	233	233	5	in	in	_	_	_	_	_	linguistic	_	none	_	_	_	_	_	_
233-6	PST092	233	233	6	real[tà	realtà	_	_	_	_	_	linguistic	_	none	_	_	_	_	_	3-6(66)
233-7	PST092	233	233	7	no]	no	_	_	_	_	_	linguistic	_	none	_	End=523.0	_	_	_	0-2(66)
234-0	PST211	234	234	0	[vabbè	vabbè	_	_	_	_	_	linguistic	_	none	_	Begin=520.425	_	_	_	0-5(65)
234-1	PST211	234	234	1	ma	ma	_	_	_	_	_	linguistic	_	none	_	_	_	_	_	0-2(65)
234-2	PST211	234	234	2	quello::]	quello	_	_	_	_	_	linguistic	_	none	_	End=521.973	5x2	_	_	0-6(65)
235-0	PST211	235	235	0	[mh	mh	_	_	_	_	_	linguistic	_	none	_	Begin=522.318	_	_	_	0-2(66)
235-1	PST211	235	235	1	mh]	mh	_	_	_	_	_	linguistic	_	none	_	End=522.796	_	_	_	0-2(66)
236-0	PST092	236	236	0	perché	perché	_	_	_	_	_	linguistic	_	none	_	Begin=523.345	_	_	_	_
236-1	PST092	236	236	1	ho	ho	_	_	_	_	_	linguistic	_	none	_	_	_	_	_	_
236-2	PST092	236	236	2	detto	detto	_	_	_	_	_	linguistic	_	none	_	_	_	_	_	_
236-3	PST092	236	236	3	magari	magari	_	_	_	_	_	linguistic	_	none	_	_	_	_	_	_
236-4	PST092	236	236	4	se	se	_	_	_	_	_	linguistic	_	none	_	_	_	_	_	_
236-5	PST092	236	236	5	fanno	fanno	_	_	_	_	_	linguistic	_	none	_	_	_	_	_	_
236-6	PST092	236	236	6	in	in	_	_	_	_	_	linguistic	_	none	_	_	_	_	_	_
236-7	PST092	236	236	7	due	due	_	_	_	_	_	linguistic	_	none	_	_	_	_	_	_
236-8	PST092	236	236	8	momenti	momenti	_	_	_	_	_	linguistic	_	none	_	_	_	_	_	_
236-9	PST092	236	236	9	diversi	diversi	_	_	_	_	_	linguistic	_	none	_	End=526.203	_	_	_	_
237-0	PST092	237	237	0	o	o	_	_	_	_	_	linguistic	_	none	_	Begin=526.247	_	_	_	_
237-1	PST092	237	237	1	comunque	comunque	_	_	_	_	_	linguistic	_	none	_	_	_	_	_	_
237-2	PST092	237	237	2	visto	visto	_	_	_	_	_	linguistic	_	none	_	_	_	_	_	_
237-3	PST092	237	237	3	che	che	_	_	_	_	_	linguistic	_	none	_	_	_	_	_	_
237-4	PST092	237	237	4	parlavamo	parlavamo	_	_	_	_	_	linguistic	_	none	_	_	_	_	_	_
237-5	PST092	237	237	5	sempre	sempre	_	_	_	_	_	linguistic	_	none	_	_	_	_	_	_
237-6	PST092	237	237	6	del:	del	_	_	_	_	_	linguistic	_	none	_	_	2x1	_	_	_
237-7	PST092	237	237	7	fatto	fatto	_	_	_	_	_	linguistic	_	none	_	_	_	_	_	_
237-8	PST092	237	237	8	di:	di	_	_	_	_	_	linguistic	_	none	_	_	1x1	_	_	_
237-9	PST092	237	237	9	ricordi	ricordi	_	_	_	_	_	linguistic	_	none	_	_	_	_	_	_
237-10	PST092	237	237	10	anche	anche	_	_	_	_	_	linguistic	_	none	_	_	_	_	_	_
237-11	PST092	237	237	11	mentre	mentre	_	_	_	_	_	linguistic	_	none	_	_	_	_	_	_
237-12	PST092	237	237	12	fanno	fanno	_	_	_	_	_	linguistic	_	none	_	_	_	_	_	_
237-13	PST092	237	237	13	le	le	_	_	_	_	_	linguistic	_	none	_	_	_	_	_	_
237-14	PST092	237	237	14	uova,	uova	_	_	_	_	_	linguistic	_	none	Intonation=WeaklyRising	End=530.991	_	_	_	_
238-0	PST092	238	238	0	pensavo	pensavo	_	_	_	_	_	linguistic	_	none	_	Begin=531.292	_	_	_	_
238-1	PST092	238	238	1	al:	al	_	_	_	_	_	linguistic	_	none	_	_	1x1	_	_	_
238-2	PST092	238	238	2	magari	magari	_	_	_	_	_	linguistic	_	none	_	_	_	_	_	_
238-3	PST092	238	238	3	la	la	_	_	_	_	_	linguistic	_	none	_	_	_	_	_	_
238-4	PST092	238	238	4	macchina	macchina	_	_	_	_	_	linguistic	_	none	_	_	_	_	_	_
238-5	PST092	238	238	5	da	da	_	_	_	_	_	linguistic	_	none	_	_	_	_	_	_
238-6	PST092	238	238	6	cucito	cucito	_	_	_	_	_	linguistic	_	none	_	_	_	_	_	_
238-7	PST092	238	238	7	la	la	_	_	_	_	_	linguistic	_	none	_	_	_	_	_	_
238-8	PST092	238	238	8	copriamo	copriamo	_	_	_	_	_	linguistic	_	none	_	_	_	_	_	_
238-9	PST092	238	238	9	perché	perché	_	_	_	_	_	linguistic	_	none	_	_	_	_	_	_
238-10	PST092	238	238	10	comunque	comunque	_	_	_	_	_	linguistic	_	none	_	_	_	_	_	_
238-11	PST092	238	238	11	se	se	_	_	_	_	_	linguistic	_	none	_	_	_	_	_	_
238-12	PST092	238	238	12	fanno	fanno	_	_	_	_	_	linguistic	_	none	_	_	_	_	_	_
238-13	PST092	238	238	13	le	le	_	_	_	_	_	linguistic	_	none	_	_	_	_	_	_
238-14	PST092	238	238	14	uova	uova	_	_	_	_	_	linguistic	_	none	_	_	_	_	_	_
238-15	PST092	238	238	15	ne	ne	_	_	_	_	_	linguistic	_	none	_	_	_	_	_	_
238-16	PST092	238	238	16	v~	v~	_	_	_	_	_	linguistic	_	none	Interrupted=Yes	_	_	_	_	_
238-17	PST092	238	238	17	sporcano	sporcano	_	_	_	_	_	linguistic	_	none	_	_	_	_	_	_
238-18	PST092	238	238	18	quindi	quindi	_	_	_	_	_	linguistic	_	none	_	_	_	_	_	_
238-19	PST092	238	238	19	compriamo	compriamo	_	_	_	_	_	linguistic	_	none	_	_	_	_	_	_
238-20	PST092	238	238	20	quindi	quindi	_	_	_	_	_	linguistic	_	none	_	_	_	_	_	_
238-21	PST092	238	238	21	[qualcosa]	qualcosa	_	_	_	_	_	linguistic	_	none	_	End=538.38	_	_	_	0-8(67)
239-0	PST211	239	239	0	[mh	mh	_	_	_	_	_	linguistic	_	none	_	Begin=537.512	_	_	_	0-2(67)
239-1	PST211	239	239	1	mh]	mh	_	_	_	_	_	linguistic	_	none	_	End=538.141	_	_	_	0-2(67)
240-0	PST092	240	240	0	ma	ma	_	_	_	_	_	linguistic	_	none	_	Begin=538.389	_	_	_	_
240-1	PST092	240	240	1	c'	c'	_	_	_	_	_	linguistic	_	none	SpaceAfter=No	_	_	_	_	_
240-2	PST092	240	240	2	è	è	_	_	_	_	_	linguistic	_	none	_	_	_	_	_	_
240-3	PST092	240	240	3	sempre	sempre	_	_	_	_	_	linguistic	_	none	_	_	_	_	_	_
240-4	PST092	240	240	4	quel	quel	_	_	_	_	_	linguistic	_	none	_	_	_	_	_	_
240-5	PST092	240	240	5	momento	momento	_	_	_	_	_	linguistic	_	none	_	_	_	_	_	_
240-6	PST092	240	240	6	che	che	_	_	_	_	_	linguistic	_	none	_	_	_	_	_	_
240-7	PST092	240	240	7	comunque	comunque	_	_	_	_	_	linguistic	_	none	_	_	_	_	_	_
240-8	PST092	240	240	8	anche	anche	_	_	_	_	_	linguistic	_	none	_	_	_	_	_	_
240-9	PST092	240	240	9	se	se	_	_	_	_	_	linguistic	_	none	_	_	_	_	_	_
240-10	PST092	240	240	10	tipo	tipo	_	_	_	_	_	linguistic	_	none	_	_	_	_	_	_
240-11	PST092	240	240	11	una	una	_	_	_	_	_	linguistic	_	none	_	_	_	_	_	_
240-12	PST092	240	240	12	mama	mama	_	_	_	_	_	linguistic	_	none	_	_	_	_	_	_
240-13	PST092	240	240	13	organizza	organizza	_	_	_	_	_	linguistic	_	none	_	_	_	_	_	_
240-14	PST092	240	240	14	le	le	_	_	_	_	_	linguistic	_	none	_	_	_	_	_	_
240-15	PST092	240	240	15	cose	cose	_	_	_	_	_	linguistic	_	none	_	_	_	_	_	_
240-16	PST092	240	240	16	l'	l'	_	_	_	_	_	linguistic	_	none	SpaceAfter=No	_	_	_	_	_
240-17	PST092	240	240	17	altra	altra	_	_	_	_	_	linguistic	_	none	_	_	_	_	_	_
240-18	PST092	240	240	18	cuce,	cuce	_	_	_	_	_	linguistic	_	none	Intonation=WeaklyRising	End=543.15	_	_	_	_
241-0	PST092	241	241	0	comunicano	comunicano	_	_	_	_	_	linguistic	_	none	_	Begin=543.663	_	_	_	_
241-1	PST092	241	241	1	tra	tra	_	_	_	_	_	linguistic	_	none	_	_	_	_	_	_
241-2	PST092	241	241	2	di	di	_	_	_	_	_	linguistic	_	none	_	_	_	_	_	_
241-3	PST092	241	241	3	loro	loro	_	_	_	_	_	linguistic	_	none	_	_	_	_	_	_
241-4	PST092	241	241	4	anche	anche	_	_	_	_	_	linguistic	_	none	_	_	_	_	_	_
241-5	PST092	241	241	5	se	se	_	_	_	_	_	linguistic	_	none	_	_	_	_	_	_
241-6	PST092	241	241	6	fanno	fanno	_	_	_	_	_	linguistic	_	none	_	_	_	_	_	_
241-7	PST092	241	241	7	due	due	_	_	_	_	_	linguistic	_	none	_	_	_	_	_	_
241-8	PST092	241	241	8	cose	cose	_	_	_	_	_	linguistic	_	none	_	_	_	_	_	_
241-9	PST092	241	241	9	differenti	differenti	_	_	_	_	_	linguistic	_	none	_	_	_	_	_	_
241-10	PST092	241	241	10	quindi	quindi	_	_	_	_	_	linguistic	_	none	_	_	_	_	_	_
241-11	PST092	241	241	11	io	io	_	_	_	_	_	linguistic	_	none	_	_	_	_	_	_
241-12	PST092	241	241	12	nella	nella	_	_	_	_	_	linguistic	_	none	_	_	_	_	_	_
241-13	PST092	241	241	13	mia	mia	_	_	_	_	_	linguistic	_	none	_	_	_	_	_	_
241-14	PST092	241	241	14	mente	mente	_	_	_	_	_	linguistic	_	none	_	_	_	_	_	_
241-15	PST092	241	241	15	pensavo,	pensavo	_	_	_	_	_	linguistic	_	none	Intonation=WeaklyRising	End=547.592	_	_	_	_
242-0	PST092	242	242	0	sarebbe	sarebbe	_	_	_	_	_	linguistic	_	none	_	Begin=547.814	_	_	_	_
242-1	PST092	242	242	1	bellissimo	bellissimo	_	_	_	_	_	linguistic	_	none	_	_	_	_	_	_
242-2	PST092	242	242	2	se	se	_	_	_	_	_	linguistic	_	none	_	_	_	_	_	_
242-3	PST092	242	242	3	tipo	tipo	_	_	_	_	_	linguistic	_	none	_	_	_	_	_	_
242-4	PST092	242	242	4	loro	loro	_	_	_	_	_	linguistic	_	none	_	_	_	_	_	_
242-5	PST092	242	242	5	fanno	fanno	_	_	_	_	_	linguistic	_	none	_	_	_	_	_	_
242-6	PST092	242	242	6	le	le	_	_	_	_	_	linguistic	_	none	_	_	_	_	_	_
242-7	PST092	242	242	7	uova	uova	_	_	_	_	_	linguistic	_	none	_	_	_	_	_	_
242-8	PST092	242	242	8	e	e	_	_	_	_	_	linguistic	_	none	_	_	_	_	_	_
242-9	PST092	242	242	9	nel	nel	_	_	_	_	_	linguistic	_	none	_	_	_	_	_	_
242-10	PST092	242	242	10	mentre	mentre	_	_	_	_	_	linguistic	_	none	_	_	_	_	_	_
242-11	PST092	242	242	11	comunicano	comunicano	_	_	_	_	_	linguistic	_	none	_	_	_	_	_	_
242-12	PST092	242	242	12	anche	anche	_	_	_	_	_	linguistic	_	none	_	_	_	_	_	_
242-13	PST092	242	242	13	con	con	_	_	_	_	_	linguistic	_	none	PauseAfter=Yes	_	_	_	_	_
242-14	PST092	242	242	14	{P}	{P}	_	_	_	_	_	shortpause	_	none	_	_	_	_	_	_
242-15	PST092	242	242	15	le	le	_	_	_	_	_	linguistic	_	none	_	_	_	_	_	_
242-16	PST092	242	242	16	due	due	_	_	_	_	_	linguistic	_	none	_	_	_	_	_	_
242-17	PST092	242	242	17	signore	signore	_	_	_	_	_	linguistic	_	none	_	_	_	_	_	_
242-18	PST092	242	242	18	che	che	_	_	_	_	_	linguistic	_	none	PauseAfter=Yes	_	_	_	_	_
242-19	PST092	242	242	19	{P}	{P}	_	_	_	_	_	shortpause	_	none	_	_	_	_	_	_
242-20	PST092	242	242	20	[saxxx]	saxxx	_	_	_	_	_	linguistic	_	none	_	End=554.49	_	_	_	0-5(68)
243-0	PST211	243	243	0	[cucio]no	cuciono	_	_	_	_	_	linguistic	_	none	_	Begin=554.068|End=554.888	_	_	_	0-5(68)
244-0	PST087	244	244	0	[perché	perché	_	_	_	_	_	linguistic	_	none	_	Begin=554.908	_	_	_	0-6(?)
244-1	PST087	244	244	1	due]?	due	_	_	_	_	_	linguistic	_	none	Intonation=Rising	End=555.688	_	_	_	0-3(?)
245-0	PST092	245	245	0	eh	eh	_	_	_	_	_	linguistic	_	none	_	Begin=556.407	_	_	_	_
245-1	PST092	245	245	1	perché	perché	_	_	_	_	_	linguistic	_	none	_	_	_	_	_	_
245-2	PST092	245	245	2	ne	ne	_	_	_	_	_	linguistic	_	none	_	_	_	_	_	_
245-3	PST092	245	245	3	abbiamo	abbiamo	_	_	_	_	_	linguistic	_	none	_	_	_	_	_	_
245-4	PST092	245	245	4	due	due	_	_	_	_	_	linguistic	_	none	_	_	_	_	_	_
245-5	PST092	245	245	5	potremmo	potremmo	_	_	_	_	_	linguistic	_	none	_	_	_	_	_	_
245-6	PST092	245	245	6	farne	farne	_	_	_	_	_	linguistic	_	none	_	_	_	_	_	_
245-7	PST092	245	245	7	due	due	_	_	_	_	_	linguistic	_	none	_	_	_	_	_	_
245-8	PST092	245	245	8	però::	però	_	_	_	_	_	linguistic	_	none	_	_	3x2	_	_	_
245-9	PST092	245	245	9	facciamo	facciamo	_	_	_	_	_	linguistic	_	none	_	_	_	_	_	_
245-10	PST092	245	245	10	[solo]	solo	_	_	_	_	_	linguistic	_	none	_	_	_	_	_	0-4(69)
245-11	PST092	245	245	11	uno	uno	_	_	_	_	_	linguistic	_	none	_	End=559.628	_	_	_	_
246-0	PST087	246	246	0	[due]	due	_	_	_	_	_	linguistic	_	none	_	Begin=558.927|End=559.257	_	_	_	0-3(69)
247-0	PST092	247	247	0	perché	perché	_	_	_	_	_	linguistic	_	none	_	Begin=560.035	_	_	_	_
247-1	PST092	247	247	1	abbiamo	abbiamo	_	_	_	_	_	linguistic	_	none	_	_	_	_	_	_
247-2	PST092	247	247	2	due	due	_	_	_	_	_	linguistic	_	none	_	_	_	_	_	_
247-3	PST092	247	247	3	telai	telai	_	_	_	_	_	linguistic	_	none	_	End=561.257	_	_	_	_
248-0	PST087	248	248	0	sì	sì	_	_	_	_	_	linguistic	_	none	_	Begin=561.283	_	_	_	_
248-1	PST087	248	248	1	ma	ma	_	_	_	_	_	linguistic	_	none	PauseAfter=Yes	_	_	_	_	_
248-2	PST087	248	248	2	{P}	{P}	_	_	_	_	_	shortpause	_	none	_	_	_	_	_	_
248-3	PST087	248	248	3	chi	chi	_	_	_	_	_	linguistic	_	none	_	_	_	_	_	_
248-4	PST087	248	248	4	VA	va	_	_	_	_	_	linguistic	_	none	Volume=high	_	_	_	_	_
248-5	PST087	248	248	5	a	a	_	_	_	_	_	linguistic	_	none	_	_	_	_	_	_
248-6	PST087	248	248	6	[fare]	fare	_	_	_	_	_	linguistic	_	none	_	_	_	_	_	0-4(70)
248-7	PST087	248	248	7	due	due	_	_	_	_	_	linguistic	_	none	_	_	_	_	_	_
248-8	PST087	248	248	8	telai	telai	_	_	_	_	_	linguistic	_	none	_	_	_	_	_	_
248-9	PST087	248	248	9	{ride}	{ride}	_	_	_	_	_	nonverbalbehavior	_	none	_	End=564.539	_	_	_	_
249-0	PST092	249	249	0	[eh]	eh	_	_	_	_	_	linguistic	_	none	_	Begin=562.681|End=563.132	_	_	_	0-2(70)
250-0	PST092	250	250	0	chi	chi	_	_	_	_	_	linguistic	_	none	_	Begin=564.813	_	_	_	_
250-1	PST092	250	250	1	va	va	_	_	_	_	_	linguistic	_	none	_	_	_	_	_	_
250-2	PST092	250	250	2	chi	chi	_	_	_	_	_	linguistic	_	none	_	_	_	_	_	_
250-3	PST092	250	250	3	sa	sa	_	_	_	_	_	linguistic	_	none	_	End=566.114	_	_	_	_
251-0	PST092	251	251	0	se	se	_	_	_	_	_	linguistic	_	some	_	Begin=566.265	_	_	_	_
251-1	PST092	251	251	1	no	no	_	_	_	_	_	linguistic	_	some	_	_	_	_	_	_
251-2	PST092	251	251	2	prendiamo	prendiamo	_	_	_	_	_	linguistic	_	some	_	_	_	_	_	_
251-3	PST092	251	251	3	solamente	solamente	_	_	_	_	_	linguistic	_	some	_	_	_	_	_	_
251-4	PST092	251	251	4	#doamna	doamna	_	_	_	_	_	linguistic	_	some	Language=NO_ISO_CODE|Variation=Token	_	_	_	_	_
251-5	PST092	251	251	5	@georgeta	@georgeta	_	_	_	_	_	anonymized	_	some	_	_	_	_	_	_
251-6	PST092	251	251	6	che	che	_	_	_	_	_	linguistic	_	some	_	_	_	_	_	_
251-7	PST092	251	251	7	appunto	appunto	_	_	_	_	_	linguistic	_	some	_	_	_	_	_	_
251-8	PST092	251	251	8	(presenta)	presenta	_	_	_	_	_	linguistic	_	some	_	_	_	_	0-8(0)	_
251-9	PST092	251	251	9	lì	lì	_	_	_	_	_	linguistic	_	some	_	_	_	_	_	_
251-10	PST092	251	251	10	in	in	_	_	_	_	_	linguistic	_	some	_	_	_	_	_	_
251-11	PST092	251	251	11	fondo,	fondo	_	_	_	_	_	linguistic	_	some	Intonation=WeaklyRising	End=570.009	_	_	_	_
253-0	PST092	253	253	0	ed	ed	_	_	_	_	_	linguistic	_	none	_	Begin=570.061	_	_	_	_
253-1	PST092	253	253	1	è	è	_	_	_	_	_	linguistic	_	none	_	_	_	_	_	_
253-2	PST092	253	253	2	bello	bello	_	_	_	_	_	linguistic	_	none	_	_	_	_	_	_
253-3	PST092	253	253	3	perché	perché	_	_	_	_	_	linguistic	_	none	_	_	_	_	_	_
253-4	PST092	253	253	4	io	io	_	_	_	_	_	linguistic	_	none	_	_	_	_	_	_
253-5	PST092	253	253	5	me	me	_	_	_	_	_	linguistic	_	none	_	_	_	_	_	_
253-6	PST092	253	253	6	lo	lo	_	_	_	_	_	linguistic	_	none	_	_	_	_	_	_
253-7	PST092	253	253	7	immagino	immagino	_	_	_	_	_	linguistic	_	none	_	_	_	_	_	_
253-8	PST092	253	253	8	tipo	tipo	_	_	_	_	_	linguistic	_	none	_	_	_	_	_	_
253-9	PST092	253	253	9	questo	questo	_	_	_	_	_	linguistic	_	none	_	_	_	_	_	_
253-10	PST092	253	253	10	riquadro,	riquadro	_	_	_	_	_	linguistic	_	none	Intonation=WeaklyRising	End=573.672	_	_	_	_
254-0	PST092	254	254	0	con	con	_	_	_	_	_	linguistic	_	none	_	Begin=573.867|End=574.645	_	_	_	_
255-0	PST087	255	255	0	però	però	_	_	_	_	_	linguistic	_	none	_	Begin=575.769	_	_	_	_
255-1	PST087	255	255	1	mi	mi	_	_	_	_	_	linguistic	_	none	_	_	_	_	_	_
255-2	PST087	255	255	2	sa	sa	_	_	_	_	_	linguistic	_	none	_	_	_	_	_	_
255-3	PST087	255	255	3	tipo	tipo	_	_	_	_	_	linguistic	_	none	_	_	_	_	_	_
255-4	PST087	255	255	4	da	da	_	_	_	_	_	linguistic	_	none	_	_	_	_	_	_
255-5	PST087	255	255	5	un	un	_	_	_	_	_	linguistic	_	none	_	_	_	_	_	_
255-6	PST087	255	255	6	disparte	disparte	_	_	_	_	_	linguistic	_	none	_	End=577.92	_	_	_	_
256-0	PST092	256	256	0	con	con	_	_	_	_	_	linguistic	_	none	_	Begin=579.451	_	_	_	_
256-1	PST092	256	256	1	loro	loro	_	_	_	_	_	linguistic	_	none	_	_	_	_	_	_
256-2	PST092	256	256	2	l'	l'	_	_	_	_	_	linguistic	_	none	SpaceAfter=No	_	_	_	_	_
256-3	PST092	256	256	3	armadio	armadio	_	_	_	_	_	linguistic	_	none	PauseAfter=Yes	_	_	_	_	_
256-4	PST092	256	256	4	{P}	{P}	_	_	_	_	_	shortpause	_	none	_	_	_	_	_	_
256-5	PST092	256	256	5	dietro	dietro	_	_	_	_	_	linguistic	_	none	_	_	_	_	_	_
256-6	PST092	256	256	6	con	con	_	_	_	_	_	linguistic	_	none	_	_	_	_	_	_
256-7	PST092	256	256	7	tutte	tutte	_	_	_	_	_	linguistic	_	none	_	_	_	_	_	_
256-8	PST092	256	256	8	le	le	_	_	_	_	_	linguistic	_	none	_	_	_	_	_	_
256-9	PST092	256	256	9	decorazioni	decorazioni	_	_	_	_	_	linguistic	_	none	_	_	_	_	_	_
256-10	PST092	256	256	10	queste	queste	_	_	_	_	_	linguistic	_	none	_	_	_	_	_	_
256-11	PST092	256	256	11	sono	sono	_	_	_	_	_	linguistic	_	none	_	_	_	_	_	_
256-12	PST092	256	256	12	le	le	_	_	_	_	_	linguistic	_	none	_	_	_	_	_	_
256-13	PST092	256	256	13	decorazioni	decorazioni	_	_	_	_	_	linguistic	_	none	_	_	_	_	_	_
256-14	PST092	256	256	14	tipo	tipo	_	_	_	_	_	linguistic	_	none	_	End=584.424	_	_	_	_
257-0	PST087	257	257	0	{ride}	{ride}	_	_	_	_	_	nonverbalbehavior	_	none	_	Begin=584.397|End=585.547	_	_	_	_
258-0	PST092	258	258	0	xxx	xxx	_	_	_	_	_	unknown	_	none	Syllables=3	Begin=586.221	_	_	_	_
258-1	PST092	258	258	1	un	un	_	_	_	_	_	linguistic	_	none	_	_	_	_	_	_
258-2	PST092	258	258	2	po'	po'	_	_	_	_	_	linguistic	_	none	_	_	_	_	_	_
258-3	PST092	258	258	3	il	il	_	_	_	_	_	linguistic	_	none	_	_	_	_	_	_
258-4	PST092	258	258	4	minilavabo	minilavabo	_	_	_	_	_	linguistic	_	none	_	_	_	_	_	_
258-5	PST092	258	258	5	si	si	_	_	_	_	_	linguistic	_	none	_	_	_	_	_	_
258-6	PST092	258	258	6	vede,	vede	_	_	_	_	_	linguistic	_	none	Intonation=WeaklyRising	End=588.681	_	_	_	_
259-0	PST211	259	259	0	sì	sì	_	_	_	_	_	linguistic	_	none	_	Begin=588.779|End=589.15	_	_	_	_
260-0	PST092	260	260	0	qua	qua	_	_	_	_	_	linguistic	_	some	_	Begin=589.167	_	_	_	_
260-1	PST092	260	260	1	l'	l'	_	_	_	_	_	linguistic	_	some	SpaceAfter=No	_	_	_	_	_
260-2	PST092	260	260	2	armadio	armadio	_	_	_	_	_	linguistic	_	some	_	_	_	_	_	_
260-3	PST092	260	260	3	con	con	_	_	_	_	_	linguistic	_	some	_	_	_	_	_	_
260-4	PST092	260	260	4	le	le	_	_	_	_	_	linguistic	_	some	_	_	_	_	_	_
260-5	PST092	260	260	5	robe	robe	_	_	_	_	_	linguistic	_	some	PauseAfter=Yes	_	_	_	_	_
260-6	PST092	260	260	6	{P}	{P}	_	_	_	_	_	shortpause	_	some	_	_	_	_	_	_
260-7	PST092	260	260	7	poi	poi	_	_	_	_	_	linguistic	_	some	_	_	_	_	_	_
260-8	PST092	260	260	8	qua	qua	_	_	_	_	_	linguistic	_	some	_	_	_	_	_	_
260-9	PST092	260	260	9	c'	c'	_	_	_	_	_	linguistic	_	some	SpaceAfter=No	_	_	_	_	_
260-10	PST092	260	260	10	è	è	_	_	_	_	_	linguistic	_	some	_	_	_	_	_	_
260-11	PST092	260	260	11	#doamna	doamna	_	_	_	_	_	linguistic	_	some	Language=NO_ISO_CODE|Variation=Token	_	_	_	_	_
260-12	PST092	260	260	12	@georgeta	@georgeta	_	_	_	_	_	anonymized	_	some	_	_	_	_	_	_
260-13	PST092	260	260	13	seduta	seduta	_	_	_	_	_	linguistic	_	some	_	_	_	_	_	_
260-14	PST092	260	260	14	e	e	_	_	_	_	_	linguistic	_	some	_	_	_	_	_	_
260-15	PST092	260	260	15	qui	qui	_	_	_	_	_	linguistic	_	some	PauseAfter=Yes	_	_	_	_	_
260-16	PST092	260	260	16	{P}	{P}	_	_	_	_	_	shortpause	_	some	_	_	_	_	2-3(0)	_
260-17	PST092	260	260	17	(luce	luce	_	_	_	_	_	linguistic	_	some	_	_	_	_	0-4(0)	3-4(71)
260-18	PST092	260	260	18	[passa)]	passa	_	_	_	_	_	linguistic	_	some	_	End=593.885	_	_	0-4(0)	0-5(71)
262-0	PST087	262	262	0	[ma	ma	_	_	_	_	_	linguistic	_	none	_	Begin=593.584	_	_	_	0-2(71)
262-1	PST087	262	262	1	sembra]	sembra	_	_	_	_	_	linguistic	_	none	_	_	_	_	_	0-6(71)
262-2	PST087	262	262	2	un	un	_	_	_	_	_	linguistic	_	none	_	_	_	_	_	_
262-3	PST087	262	262	3	po'	po'	_	_	_	_	_	linguistic	_	none	_	_	_	_	_	_
262-4	PST087	262	262	4	in	in	_	_	_	_	_	linguistic	_	none	_	_	_	_	_	_
262-5	PST087	262	262	5	disparte:	disparte	_	_	_	_	_	linguistic	_	none	_	End=595.424	7x1	_	_	_
263-0	PST092	263	263	0	eh	eh	_	_	_	_	_	linguistic	_	none	_	Begin=595.557	_	_	_	_
263-1	PST092	263	263	1	[ma	ma	_	_	_	_	_	linguistic	_	none	_	_	_	_	_	0-2(72)
263-2	PST092	263	263	2	no]	no	_	_	_	_	_	linguistic	_	none	_	_	_	_	_	0-2(72)
263-3	PST092	263	263	3	perché	perché	_	_	_	_	_	linguistic	_	none	_	_	_	_	_	_
263-4	PST092	263	263	4	non	non	_	_	_	_	_	linguistic	_	none	_	_	_	_	_	_
263-5	PST092	263	263	5	è	è	_	_	_	_	_	linguistic	_	none	_	_	_	_	_	_
263-6	PST092	263	263	6	che	che	_	_	_	_	_	linguistic	_	none	_	_	_	_	_	_
263-7	PST092	263	263	7	sta	sta	_	_	_	_	_	linguistic	_	none	_	_	_	_	_	_
263-8	PST092	263	263	8	girata	girata	_	_	_	_	_	linguistic	_	none	_	_	_	_	_	_
263-9	PST092	263	263	9	così	così	_	_	_	_	_	linguistic	_	none	_	_	_	_	_	_
263-10	PST092	263	263	10	sta	sta	_	_	_	_	_	linguistic	_	none	_	_	_	_	_	_
263-11	PST092	263	263	11	girata	girata	_	_	_	_	_	linguistic	_	none	_	_	_	_	_	_
263-12	PST092	263	263	12	un	un	_	_	_	_	_	linguistic	_	none	_	_	_	_	_	_
263-13	PST092	263	263	13	po'	po'	_	_	_	_	_	linguistic	_	none	_	_	_	_	_	_
263-14	PST092	263	263	14	così	così	_	_	_	_	_	linguistic	_	none	PauseAfter=Yes	_	_	_	_	_
263-15	PST092	263	263	15	{P}	{P}	_	_	_	_	_	shortpause	_	none	_	_	_	_	_	_
263-16	PST092	263	263	16	e	e	_	_	_	_	_	linguistic	_	none	_	_	_	_	_	_
263-17	PST092	263	263	17	cuce,	cuce	_	_	_	_	_	linguistic	_	none	Intonation=WeaklyRising	End=599.619	_	_	_	_
264-0	PST087	264	264	0	[perché]	perché	_	_	_	_	_	linguistic	_	none	_	Begin=595.808|End=596.208	_	_	_	0-6(72)
265-0	PST211	265	265	0	beh	beh	_	_	_	_	_	linguistic	_	none	_	Begin=599.61	_	_	_	_
265-1	PST211	265	265	1	e	e	_	_	_	_	_	linguistic	_	none	_	_	_	_	_	_
265-2	PST211	265	265	2	tu	tu	_	_	_	_	_	linguistic	_	none	_	_	_	_	_	_
265-3	PST211	265	265	3	puoi	puoi	_	_	_	_	_	linguistic	_	none	_	_	_	_	_	_
265-4	PST211	265	265	4	anche	anche	_	_	_	_	_	linguistic	_	none	_	_	_	_	_	_
265-5	PST211	265	265	5	in	in	_	_	_	_	_	linguistic	_	none	_	_	_	_	_	_
265-6	PST211	265	265	6	q~	q~	_	_	_	_	_	linguistic	_	none	Interrupted=Yes	_	_	_	_	_
265-7	PST211	265	265	7	[c(io)è	cioè	_	_	_	_	_	linguistic	_	none	_	_	_	_	1-3(0)	0-4(74)
265-8	PST211	265	265	8	spostare	spostare	_	_	_	_	_	linguistic	_	none	_	_	_	_	_	0-8(74)
265-9	PST211	265	265	9	l'	l'	_	_	_	_	_	linguistic	_	none	SpaceAfter=No	_	_	_	_	0-2(74)
265-10	PST211	265	265	10	inquadratu:ra]	inquadratura	_	_	_	_	_	linguistic	_	none	_	_	9x1	_	_	0-12(74)
265-11	PST211	265	265	11	però	però	_	_	_	_	_	linguistic	_	none	_	End=603.11	_	_	_	_
266-0	PST087	266	266	0	[come	come	_	_	_	_	_	linguistic	_	none	_	Begin=600.88	_	_	_	0-4(74)
266-1	PST087	266	266	1	lo	lo	_	_	_	_	_	linguistic	_	none	_	_	_	_	_	0-2(74)
266-2	PST087	266	266	2	sposti	sposti	_	_	_	_	_	linguistic	_	none	_	_	_	_	_	0-6(74)
266-3	PST087	266	266	3	il	il	_	_	_	_	_	linguistic	_	none	_	_	_	_	_	0-2(74)
266-4	PST087	266	266	4	telaio]	telaio	_	_	_	_	_	linguistic	_	none	_	End=602.59	_	_	_	0-6(74)
267-0	PST211	267	267	0	[no:	no	_	_	_	_	_	linguistic	_	none	_	Begin=603.27	1x1	_	_	0-2(75)
267-1	PST211	267	267	1	ti	ti	_	_	_	_	_	linguistic	_	none	_	_	_	_	_	0-2(75)
267-2	PST211	267	267	2	sposti	sposti	_	_	_	_	_	linguistic	_	none	_	_	_	_	_	0-6(75)
267-3	PST211	267	267	3	tu:]	tu	_	_	_	_	_	linguistic	_	none	_	End=604.36	1x1	_	_	0-2(75)
268-0	PST092	268	268	0	[ma	ma	_	_	_	_	_	linguistic	_	none	_	Begin=603.28	_	_	_	0-2(75)
268-1	PST092	268	268	1	non	non	_	_	_	_	_	linguistic	_	none	_	_	_	_	_	0-3(75)
268-2	PST092	268	268	2	spostiamo	spostiamo	_	_	_	_	_	linguistic	_	none	_	_	_	_	_	0-9(75)
268-3	PST092	268	268	3	il	il	_	_	_	_	_	linguistic	_	none	_	_	_	_	_	0-2(75)
268-4	PST092	268	268	4	telaio]	telaio	_	_	_	_	_	linguistic	_	none	_	_	_	_	_	0-6(75)
268-5	PST092	268	268	5	si	si	_	_	_	_	_	linguistic	_	none	_	_	_	_	_	_
268-6	PST092	268	268	6	siede	siede	_	_	_	_	_	linguistic	_	none	_	_	_	_	_	_
268-7	PST092	268	268	7	lei	lei	_	_	_	_	_	linguistic	_	none	_	End=605.09	_	_	_	_
269-0	PST092	269	269	0	si	si	_	_	_	_	_	linguistic	_	none	_	Begin=605.54	_	_	_	_
269-1	PST092	269	269	1	siede	siede	_	_	_	_	_	linguistic	_	none	_	_	_	_	_	_
269-2	PST092	269	269	2	lei	lei	_	_	_	_	_	linguistic	_	none	_	_	_	_	_	_
269-3	PST092	269	269	3	un	un	_	_	_	_	_	linguistic	_	none	_	_	_	_	_	_
269-4	PST092	269	269	4	po'	po'	_	_	_	_	_	linguistic	_	none	_	_	_	_	_	_
269-5	PST092	269	269	5	più	più	_	_	_	_	_	linguistic	_	none	_	_	_	_	_	_
269-6	PST092	269	269	6	così	così	_	_	_	_	_	linguistic	_	none	PauseAfter=Yes	_	_	_	_	_
269-7	PST092	269	269	7	{P}	{P}	_	_	_	_	_	shortpause	_	none	_	_	_	_	_	_
269-8	PST092	269	269	8	e	e	_	_	_	_	_	linguistic	_	none	_	_	_	_	_	_
269-9	PST092	269	269	9	magari	magari	_	_	_	_	_	linguistic	_	none	_	_	_	_	_	_
269-10	PST092	269	269	10	facciamo	facciamo	_	_	_	_	_	linguistic	_	none	_	_	_	_	_	_
269-11	PST092	269	269	11	avvicinare	avvicinare	_	_	_	_	_	linguistic	_	none	_	_	_	_	_	_
269-12	PST092	269	269	12	[le::]	le	_	_	_	_	_	linguistic	_	none	_	End=608.85	1x2	_	_	0-2(76)
270-0	PST087	270	270	0	[eh	eh	_	_	_	_	_	linguistic	_	none	_	Begin=608.3	_	_	_	0-2(76)
270-1	PST087	270	270	1	però	però	_	_	_	_	_	linguistic	_	none	_	_	_	_	_	0-4(76)
270-2	PST087	270	270	2	dipe]nde	dipende	_	_	_	_	_	linguistic	_	none	_	_	_	_	_	0-4(76)
270-3	PST087	270	270	3	anche	anche	_	_	_	_	_	linguistic	_	none	_	_	_	_	_	_
270-4	PST087	270	270	4	tipo	tipo	_	_	_	_	_	linguistic	_	none	_	_	_	_	_	_
270-5	PST087	270	270	5	che	che	_	_	_	_	_	linguistic	_	none	_	_	_	_	_	_
270-6	PST087	270	270	6	se	se	_	_	_	_	_	linguistic	_	none	_	_	_	_	_	_
270-7	PST087	270	270	7	al	al	_	_	_	_	_	linguistic	_	none	_	_	_	_	_	_
270-8	PST087	270	270	8	tavolo	tavolo	_	_	_	_	_	linguistic	_	none	_	_	_	_	_	_
270-9	PST087	270	270	9	ci	ci	_	_	_	_	_	linguistic	_	none	_	_	_	_	_	_
270-10	PST087	270	270	10	sono	sono	_	_	_	_	_	linguistic	_	none	_	End=611.194	_	_	_	_
271-0	PST087	271	271	0	meno	meno	_	_	_	_	_	linguistic	_	none	_	Begin=611.602	_	_	_	_
271-1	PST087	271	271	1	persone	persone	_	_	_	_	_	linguistic	_	none	_	_	_	_	_	_
271-2	PST087	271	271	2	va	va	_	_	_	_	_	linguistic	_	none	_	_	_	_	_	_
271-3	PST087	271	271	3	bene	bene	_	_	_	_	_	linguistic	_	none	_	_	_	_	_	_
271-4	PST087	271	271	4	però	però	_	_	_	_	_	linguistic	_	none	_	_	_	_	_	_
271-5	PST087	271	271	5	se	se	_	_	_	_	_	linguistic	_	none	_	_	_	_	_	_
271-6	PST087	271	271	6	è	è	_	_	_	_	_	linguistic	_	none	_	_	_	_	_	_
271-7	PST087	271	271	7	pieno	pieno	_	_	_	_	_	linguistic	_	none	_	_	_	_	_	_
271-8	PST087	271	271	8	magari	magari	_	_	_	_	_	linguistic	_	none	_	_	_	_	_	_
271-9	PST087	271	271	9	poi	poi	_	_	_	_	_	linguistic	_	none	_	_	_	_	_	_
271-10	PST087	271	271	10	non	non	_	_	_	_	_	linguistic	_	none	_	_	_	_	_	_
271-11	PST087	271	271	11	si	si	_	_	_	_	_	linguistic	_	none	_	_	_	_	_	_
271-12	PST087	271	271	12	vede	vede	_	_	_	_	_	linguistic	_	none	_	_	_	_	_	_
271-13	PST087	271	271	13	lei	lei	_	_	_	_	_	linguistic	_	none	_	_	_	_	_	_
271-14	PST087	271	271	14	che:	che	_	_	_	_	_	linguistic	_	none	_	End=615.46	2x1	_	_	_
272-0	PST092	272	272	0	no	no	_	_	_	_	_	linguistic	_	none	_	Begin=615.646	_	_	_	_
272-1	PST092	272	272	1	ma	ma	_	_	_	_	_	linguistic	_	none	_	_	_	_	_	_
272-2	PST092	272	272	2	mettiamo	mettiamo	_	_	_	_	_	linguistic	_	none	_	_	_	_	_	_
272-3	PST092	272	272	3	quattro	quattro	_	_	_	_	_	linguistic	_	none	_	_	_	_	_	_
272-4	PST092	272	272	4	persone	persone	_	_	_	_	_	linguistic	_	none	_	_	_	_	_	_
272-5	PST092	272	272	5	così	così	_	_	_	_	_	linguistic	_	none	_	_	_	_	_	_
272-6	PST092	272	272	6	siamo	siamo	_	_	_	_	_	linguistic	_	none	_	_	_	_	_	_
272-7	PST092	272	272	7	in	in	_	_	_	_	_	linguistic	_	none	_	_	_	_	_	_
272-8	PST092	272	272	8	[cinque	cinque	_	_	_	_	_	linguistic	_	none	_	_	_	_	_	0-6(77)
272-9	PST092	272	272	9	in	in	_	_	_	_	_	linguistic	_	none	_	_	_	_	_	0-2(77)
272-10	PST092	272	272	10	stanza]	stanza	_	_	_	_	_	linguistic	_	none	_	End=618.95	_	_	_	0-6(77)
273-0	PST087	273	273	0	[°qua:ttro°],	quattro	_	_	_	_	_	linguistic	_	none	Intonation=WeaklyRising|Volume=low	Begin=617.9|End=618.41	2x1	_	_	0-7(77)
274-0	PST092	274	274	0	sì	sì	_	_	_	_	_	linguistic	_	none	_	Begin=619.176	_	_	_	_
274-1	PST092	274	274	1	due	due	_	_	_	_	_	linguistic	_	none	_	_	_	_	_	_
274-2	PST092	274	274	2	(per	per	_	_	_	_	_	linguistic	_	none	_	_	_	_	0-3(0)	_
274-3	PST092	274	274	3	lato)	lato	_	_	_	_	_	linguistic	_	none	PauseAfter=Yes	_	_	_	0-4(0)	_
274-4	PST092	274	274	4	{P}	{P}	_	_	_	_	_	shortpause	_	none	_	_	_	_	_	_
274-5	PST092	274	274	5	una	una	_	_	_	_	_	linguistic	_	none	_	_	_	_	_	_
274-6	PST092	274	274	6	due	due	_	_	_	_	_	linguistic	_	none	_	_	_	_	_	_
274-7	PST092	274	274	7	una	una	_	_	_	_	_	linguistic	_	none	_	_	_	_	_	_
274-8	PST092	274	274	8	due	due	_	_	_	_	_	linguistic	_	none	_	End=621.928	_	_	_	_
275-0	PST087	275	275	0	[sei	sei	_	_	_	_	_	linguistic	_	none	PauseAfter=Yes	Begin=622.088	_	_	_	0-3(78)
275-1	PST087	275	275	1	{P}	{P}	_	_	_	_	_	shortpause	_	none	_	_	_	_	_	0-3(78)
275-2	PST087	275	275	2	cioè	cioè	_	_	_	_	_	linguistic	_	none	_	_	_	_	_	0-4(78)
275-3	PST087	275	275	3	quattro	quattro	_	_	_	_	_	linguistic	_	none	_	_	_	_	_	0-7(78)
275-4	PST087	275	275	4	mi	mi	_	_	_	_	_	linguistic	_	none	_	_	_	_	_	0-2(78)
275-5	PST087	275	275	5	sembra	sembra	_	_	_	_	_	linguistic	_	none	_	_	_	_	_	0-6(78)
275-6	PST087	275	275	6	un	un	_	_	_	_	_	linguistic	_	none	_	_	_	_	_	0-2(78)
275-7	PST087	275	275	7	po'	po'	_	_	_	_	_	linguistic	_	none	_	_	_	_	_	0-3(78)
275-8	PST087	275	275	8	poco]	poco	_	_	_	_	_	linguistic	_	none	_	End=624.708	_	_	_	0-4(78)
276-0	PST092	276	276	0	[xx	xx	_	_	_	_	_	unknown	_	some	Syllables=2	Begin=622.088	_	_	_	0-2(78)
276-1	PST092	276	276	1	c'	c'	_	_	_	_	_	linguistic	_	some	SpaceAfter=No	_	_	_	_	0-2(78)
276-2	PST092	276	276	2	è	è	_	_	_	_	_	linguistic	_	some	_	_	_	_	_	0-1(78)
276-3	PST092	276	276	3	#doamna	doamna	_	_	_	_	_	linguistic	_	some	Language=NO_ISO_CODE|Variation=Token	_	_	_	_	0-7(78)
276-4	PST092	276	276	4	@georgeta	@georgeta	_	_	_	_	_	anonymized	_	some	PauseAfter=Yes	_	_	_	_	0-9(78)
276-5	PST092	276	276	5	{P}	{P}	_	_	_	_	_	shortpause	_	some	_	_	_	_	_	0-3(78)
276-6	PST092	276	276	6	eh	eh	_	_	_	_	_	linguistic	_	some	_	_	_	_	_	0-2(78)
276-7	PST092	276	276	7	xx	xx	_	_	_	_	_	unknown	_	some	Syllables=2	_	_	_	_	0-2(78)
276-8	PST092	276	276	8	non	non	_	_	_	_	_	linguistic	_	some	_	_	_	_	_	0-3(78)
276-9	PST092	276	276	9	si	si	_	_	_	_	_	linguistic	_	some	_	_	_	_	_	0-2(78)
276-10	PST092	276	276	10	vede]	vede	_	_	_	_	_	linguistic	_	some	_	_	_	_	_	0-4(78)
276-11	PST092	276	276	11	#doamna	doamna	_	_	_	_	_	linguistic	_	some	Language=NO_ISO_CODE|Variation=Token	_	_	_	_	_
276-12	PST092	276	276	12	@georgeta	@georgeta	_	_	_	_	_	anonymized	_	some	_	End=625.34	_	_	_	_
278-0	PST087	278	278	0	n[o:],	no	_	_	_	_	_	linguistic	_	none	Intonation=WeaklyRising	Begin=625.942|End=626.465	1x1	_	_	1-2(79)
279-0	PST092	279	279	0	[se	se	_	_	_	_	_	linguistic	_	some	_	Begin=626.1	_	_	_	0-2(79)
279-1	PST092	279	279	1	no	no	_	_	_	_	_	linguistic	_	some	_	_	_	_	_	0-2(79)
279-2	PST092	279	279	2	face]vi	facevi	_	_	_	_	_	linguistic	_	some	_	_	_	_	_	0-4(79)
279-3	PST092	279	279	3	due	due	_	_	_	_	_	linguistic	_	some	_	_	_	_	_	_
279-4	PST092	279	279	4	sul	sul	_	_	_	_	_	linguistic	_	some	_	_	_	_	_	_
279-5	PST092	279	279	5	divano	divano	_	_	_	_	_	linguistic	_	some	PauseAfter=Yes	_	_	_	_	_
279-6	PST092	279	279	6	{P}	{P}	_	_	_	_	_	shortpause	_	some	_	_	_	_	_	_
279-7	PST092	279	279	7	no	no	_	_	_	_	_	linguistic	_	some	_	_	_	_	_	_
279-8	PST092	279	279	8	sì	sì	_	_	_	_	_	linguistic	_	some	_	_	_	_	_	_
279-9	PST092	279	279	9	due	due	_	_	_	_	_	linguistic	_	some	_	_	_	_	_	_
279-10	PST092	279	279	10	sul	sul	_	_	_	_	_	linguistic	_	some	_	_	_	_	_	_
279-11	PST092	279	279	11	divano	divano	_	_	_	_	_	linguistic	_	some	_	_	_	_	_	_
279-12	PST092	279	279	12	due	due	_	_	_	_	_	linguistic	_	some	_	_	_	_	_	_
279-13	PST092	279	279	13	due	due	_	_	_	_	_	linguistic	_	some	_	_	_	_	_	_
279-14	PST092	279	279	14	due	due	_	_	_	_	_	linguistic	_	some	_	_	_	_	_	_
279-15	PST092	279	279	15	due	due	_	_	_	_	_	linguistic	_	some	_	_	_	_	_	_
279-16	PST092	279	279	16	e	e	_	_	_	_	_	linguistic	_	some	_	_	_	_	_	_
279-17	PST092	279	279	17	#doamna	doamna	_	_	_	_	_	linguistic	_	some	Language=NO_ISO_CODE|Variation=Token	_	_	_	_	_
279-18	PST092	279	279	18	@georgeta	@georgeta	_	_	_	_	_	anonymized	_	some	_	End=631.74	_	_	_	_
281-0	PST087	281	281	0	però	però	_	_	_	_	_	linguistic	_	none	_	Begin=631.79	_	_	_	_
281-1	PST087	281	281	1	[sul	sul	_	_	_	_	_	linguistic	_	none	_	_	_	_	_	0-3(80)
281-2	PST087	281	281	2	divano	divano	_	_	_	_	_	linguistic	_	none	_	_	_	_	_	0-6(80)
281-3	PST087	281	281	3	chi	chi	_	_	_	_	_	linguistic	_	none	_	_	_	_	_	0-3(80)
281-4	PST087	281	281	4	si	si	_	_	_	_	_	linguistic	_	none	_	_	_	_	_	0-2(80)
281-5	PST087	281	281	5	mette]	mette	_	_	_	_	_	linguistic	_	none	_	End=633.57	_	_	_	0-5(80)
282-0	PST092	282	282	0	[xx	xx	_	_	_	_	_	unknown	_	none	Syllables=2	Begin=632.19	_	_	_	0-2(80)
282-1	PST092	282	282	1	xx	xx	_	_	_	_	_	unknown	_	none	Syllables=2	_	_	_	_	0-2(80)
282-2	PST092	282	282	2	xx	xx	_	_	_	_	_	unknown	_	none	Syllables=2	_	_	_	_	0-2(80)
282-3	PST092	282	282	3	@georgeta]	@georgeta	_	_	_	_	_	anonymized	_	none	_	End=633.87	_	_	_	0-9(80)
283-0	PST092	283	283	0	a	a	_	_	_	_	_	linguistic	_	some	_	Begin=633.96	_	_	_	_
283-1	PST092	283	283	1	#doamna	doamna	_	_	_	_	_	linguistic	_	some	Language=NO_ISO_CODE|Variation=Token	_	_	_	_	_
283-2	PST092	283	283	2	@ec~	@ec~	_	_	_	_	_	anonymized	_	some	Interrupted=Yes	_	_	_	_	_
283-3	PST092	283	283	3	a	a	_	_	_	_	_	linguistic	_	some	_	_	_	_	_	_
283-4	PST092	283	283	4	#doamna	doamna	_	_	_	_	_	linguistic	_	some	Language=NO_ISO_CODE|Variation=Token	_	_	_	_	_
283-5	PST092	283	283	5	@georgeta	@georgeta	_	_	_	_	_	anonymized	_	some	_	_	_	_	_	_
283-6	PST092	283	283	6	facciamo	facciamo	_	_	_	_	_	linguistic	_	some	_	_	_	_	_	_
283-7	PST092	283	283	7	fare	fare	_	_	_	_	_	linguistic	_	some	_	_	_	_	_	_
283-8	PST092	283	283	8	un'	un'	_	_	_	_	_	linguistic	_	some	SpaceAfter=No	_	_	_	_	_
283-9	PST092	283	283	9	altra	altra	_	_	_	_	_	linguistic	_	some	_	_	_	_	_	_
283-10	PST092	283	283	10	cosa.	cosa	_	_	_	_	_	linguistic	_	some	Intonation=Falling	End=636.52	_	_	_	_
285-0	PST092	285	285	0	loro	loro	_	_	_	_	_	linguistic	_	some	_	Begin=637.63	_	_	_	_
285-1	PST092	285	285	1	fanno::	fanno	_	_	_	_	_	linguistic	_	some	_	_	4x2	_	_	_
285-2	PST092	285	285	2	le	le	_	_	_	_	_	linguistic	_	some	_	_	_	_	_	_
285-3	PST092	285	285	3	xx	xx	_	_	_	_	_	unknown	_	some	Syllables=2	_	_	_	_	_
285-4	PST092	285	285	4	xxx	xxx	_	_	_	_	_	unknown	_	some	Syllables=3	_	_	_	_	_
285-5	PST092	285	285	5	[e	e	_	_	_	_	_	linguistic	_	some	_	_	_	_	_	0-1(82)
285-6	PST092	285	285	6	#doamna	doamna	_	_	_	_	_	linguistic	_	some	Language=NO_ISO_CODE|Variation=Token	_	_	_	_	0-7(82)
285-7	PST092	285	285	7	@georgeta]	@georgeta	_	_	_	_	_	anonymized	_	some	_	_	_	_	_	0-9(82)
285-8	PST092	285	285	8	si	si	_	_	_	_	_	linguistic	_	some	_	_	_	_	_	_
285-9	PST092	285	285	9	mette	mette	_	_	_	_	_	linguistic	_	some	_	_	_	_	_	_
285-10	PST092	285	285	10	[nella	nella	_	_	_	_	_	linguistic	_	some	_	_	_	_	_	0-5(81)
285-11	PST092	285	285	11	(macchina	macchina	_	_	_	_	_	linguistic	_	some	_	_	_	_	0-8(0)	0-8(81)
285-12	PST092	285	285	12	da	da	_	_	_	_	_	linguistic	_	some	_	_	_	_	0-2(0)	0-2(81)
285-13	PST092	285	285	13	cucito)]	cucito	_	_	_	_	_	linguistic	_	some	_	End=642.96	_	_	0-6(0)	0-6(81)
287-0	PST087	287	287	0	[ma	ma	_	_	_	_	_	linguistic	_	none	_	Begin=640.095	_	_	_	0-2(82)
287-1	PST087	287	287	1	perché]	perché	_	_	_	_	_	linguistic	_	none	_	End=640.92	_	_	_	0-6(82)
288-0	PST087	288	288	0	[quattro	quattro	_	_	_	_	_	linguistic	_	none	_	Begin=641.974	_	_	_	0-7(81)
288-1	PST087	288	288	1	persone	persone	_	_	_	_	_	linguistic	_	none	_	_	_	_	_	0-7(81)
288-2	PST087	288	288	2	mi	mi	_	_	_	_	_	linguistic	_	none	_	_	_	_	_	0-2(81)
288-3	PST087	288	288	3	semb]rano	sembrano	_	_	_	_	_	linguistic	_	none	_	_	_	_	_	0-4(81)
288-4	PST087	288	288	4	mi	mi	_	_	_	_	_	linguistic	_	none	_	_	_	_	_	_
288-5	PST087	288	288	5	sembrano	sembrano	_	_	_	_	_	linguistic	_	none	_	_	_	_	_	_
288-6	PST087	288	288	6	un	un	_	_	_	_	_	linguistic	_	none	_	_	_	_	_	_
288-7	PST087	288	288	7	po'	po'	_	_	_	_	_	linguistic	_	none	_	_	_	_	_	_
288-8	PST087	288	288	8	poche	poche	_	_	_	_	_	linguistic	_	none	_	End=645.451	_	_	_	_
289-0	PST092	289	289	0	ma	ma	_	_	_	_	_	linguistic	_	none	_	Begin=645.504	_	_	_	_
289-1	PST092	289	289	1	sai	sai	_	_	_	_	_	linguistic	_	none	_	_	_	_	_	_
289-2	PST092	289	289	2	cos'	cos'	_	_	_	_	_	linguistic	_	none	SpaceAfter=No	_	_	_	_	_
289-3	PST092	289	289	3	è	è	_	_	_	_	_	linguistic	_	none	_	_	_	_	_	_
289-4	PST092	289	289	4	perché	perché	_	_	_	_	_	linguistic	_	none	_	End=647.796	_	_	_	_
290-0	PST087	290	290	0	sei	sei	_	_	_	_	_	linguistic	_	none	_	Begin=647.929|End=648.558	_	_	_	_
291-0	PST092	291	291	0	loro	loro	_	_	_	_	_	linguistic	_	none	_	Begin=648.558	_	_	_	_
291-1	PST092	291	291	1	fanno:	fanno	_	_	_	_	_	linguistic	_	none	_	End=650.062	4x1	_	_	_
292-0	PST092	292	292	0	#doamna	doamna	_	_	_	_	_	linguistic	_	some	Language=NO_ISO_CODE|Variation=Token	Begin=650.186	_	_	_	_
292-1	PST092	292	292	1	@georgeta	@georgeta	_	_	_	_	_	anonymized	_	some	_	_	_	_	_	_
292-2	PST092	292	292	2	che	che	_	_	_	_	_	linguistic	_	some	_	_	_	_	_	_
292-3	PST092	292	292	3	cuce	cuce	_	_	_	_	_	linguistic	_	some	_	_	_	_	_	_
292-4	PST092	292	292	4	al	al	_	_	_	_	_	linguistic	_	some	_	_	_	_	_	_
292-5	PST092	292	292	5	telaio	telaio	_	_	_	_	_	linguistic	_	some	_	End=652.469	_	_	_	_
294-0	PST092	294	294	0	#doamna	doamna	_	_	_	_	_	linguistic	_	some	Language=NO_ISO_CODE|Variation=Token	Begin=652.79	_	_	_	_
294-1	PST092	294	294	1	@georgeta	@georgeta	_	_	_	_	_	anonymized	_	some	_	_	_	_	_	_
294-2	PST092	294	294	2	xx	xx	_	_	_	_	_	unknown	_	some	Syllables=2	_	_	_	_	_
294-3	PST092	294	294	3	xx	xx	_	_	_	_	_	unknown	_	some	Syllables=2	_	_	_	_	_
294-4	PST092	294	294	4	xx	xx	_	_	_	_	_	unknown	_	some	Syllables=2	_	_	_	_	_
294-5	PST092	294	294	5	xx	xx	_	_	_	_	_	unknown	_	some	Syllables=2	_	_	_	_	_
294-6	PST092	294	294	6	xx	xx	_	_	_	_	_	unknown	_	some	Syllables=2	End=658.52	_	_	_	_
296-0	PST087	296	296	0	a::h	ah	_	_	_	_	_	linguistic	_	none	_	Begin=658.74	0x2	_	_	_
296-1	PST087	296	296	1	sì	sì	_	_	_	_	_	linguistic	_	none	_	_	_	_	_	_
296-2	PST087	296	296	2	ho	ho	_	_	_	_	_	linguistic	_	none	_	_	_	_	_	_
296-3	PST087	296	296	3	capito	capito	_	_	_	_	_	linguistic	_	none	_	End=659.78	_	_	_	_
297-0	PST092	297	297	0	la	la	_	_	_	_	_	linguistic	_	some	_	Begin=659.78	_	_	_	_
297-1	PST092	297	297	1	mettiamo	mettiamo	_	_	_	_	_	linguistic	_	some	_	_	_	_	_	_
297-2	PST092	297	297	2	in	in	_	_	_	_	_	linguistic	_	some	_	_	_	_	_	_
297-3	PST092	297	297	3	mezzo	mezzo	_	_	_	_	_	linguistic	_	some	_	_	_	_	_	_
297-4	PST092	297	297	4	così	così	_	_	_	_	_	linguistic	_	some	_	_	_	_	_	_
297-5	PST092	297	297	5	in	in	_	_	_	_	_	linguistic	_	some	_	_	_	_	_	_
297-6	PST092	297	297	6	primo	primo	_	_	_	_	_	linguistic	_	some	_	_	_	_	_	_
297-7	PST092	297	297	7	piano	piano	_	_	_	_	_	linguistic	_	some	_	_	_	_	_	_
297-8	PST092	297	297	8	abbiamo	abbiamo	_	_	_	_	_	linguistic	_	some	_	_	_	_	_	_
297-9	PST092	297	297	9	#doamna	doamna	_	_	_	_	_	linguistic	_	some	Language=NO_ISO_CODE|Variation=Token	_	_	_	_	_
297-10	PST092	297	297	10	@goergeta	@goergeta	_	_	_	_	_	anonymized	_	some	_	_	_	_	_	_
297-11	PST092	297	297	11	che	che	_	_	_	_	_	linguistic	_	some	_	_	_	_	_	_
297-12	PST092	297	297	12	cuce	cuce	_	_	_	_	_	linguistic	_	some	PauseAfter=Yes	_	_	_	_	_
297-13	PST092	297	297	13	{P}	{P}	_	_	_	_	_	shortpause	_	some	_	_	_	_	_	_
297-14	PST092	297	297	14	quattro	quattro	_	_	_	_	_	linguistic	_	some	_	_	_	_	_	_
297-15	PST092	297	297	15	persone	persone	_	_	_	_	_	linguistic	_	some	_	_	_	_	_	_
297-16	PST092	297	297	16	che:	che	_	_	_	_	_	linguistic	_	some	_	_	2x1	_	_	_
297-17	PST092	297	297	17	fanno	fanno	_	_	_	_	_	linguistic	_	some	_	_	_	_	_	_
297-18	PST092	297	297	18	le	le	_	_	_	_	_	linguistic	_	some	_	_	_	_	_	_
297-19	PST092	297	297	19	uova	uova	_	_	_	_	_	linguistic	_	some	_	_	_	_	_	_
297-20	PST092	297	297	20	e	e	_	_	_	_	_	linguistic	_	some	_	_	_	_	_	_
297-21	PST092	297	297	21	le	le	_	_	_	_	_	linguistic	_	some	_	_	_	_	_	_
297-22	PST092	297	297	22	altre	altre	_	_	_	_	_	linguistic	_	some	_	_	_	_	_	_
297-23	PST092	297	297	23	due	due	_	_	_	_	_	linguistic	_	some	_	_	_	_	_	_
297-24	PST092	297	297	24	che	che	_	_	_	_	_	linguistic	_	some	_	_	_	_	_	_
297-25	PST092	297	297	25	fanno	fanno	_	_	_	_	_	linguistic	_	some	_	_	_	_	_	_
297-26	PST092	297	297	26	le	le	_	_	_	_	_	linguistic	_	some	_	_	_	_	_	_
297-27	PST092	297	297	27	cose,	cose	_	_	_	_	_	linguistic	_	some	Intonation=WeaklyRising	End=667.25	_	_	_	_
299-0	PST087	299	299	0	perché	perché	_	_	_	_	_	linguistic	_	none	_	Begin=667.318	_	_	_	_
299-1	PST087	299	299	1	[quattro	quattro	_	_	_	_	_	linguistic	_	none	_	_	_	_	_	0-7(83)
299-2	PST087	299	299	2	cioè]	cioè	_	_	_	_	_	linguistic	_	none	_	_	_	_	_	0-4(83)
299-3	PST087	299	299	3	quattro	quattro	_	_	_	_	_	linguistic	_	none	_	_	_	_	_	_
299-4	PST087	299	299	4	sa	sa	_	_	_	_	_	linguistic	_	none	_	_	_	_	_	_
299-5	PST087	299	299	5	più	più	_	_	_	_	_	linguistic	_	none	_	_	_	_	_	_
299-6	PST087	299	299	6	da	da	_	_	_	_	_	linguistic	_	none	_	_	_	_	_	_
299-7	PST087	299	299	7	[seduta	seduta	_	_	_	_	_	linguistic	_	none	_	_	_	_	_	0-6(84)
299-8	PST087	299	299	8	di]	di	_	_	_	_	_	linguistic	_	none	_	_	_	_	_	0-2(84)
299-9	PST087	299	299	9	gossip	gossip	_	_	_	_	_	linguistic	_	none	_	_	_	_	_	_
299-10	PST087	299	299	10	non	non	_	_	_	_	_	linguistic	_	none	_	_	_	_	_	_
299-11	PST087	299	299	11	da	da	_	_	_	_	_	linguistic	_	none	_	_	_	_	_	_
299-12	PST087	299	299	12	scexxx	scexxx	_	_	_	_	_	linguistic	_	none	_	_	_	_	_	_
299-13	PST087	299	299	13	{ride}	{ride}	_	_	_	_	_	nonverbalbehavior	_	none	_	End=671.92	_	_	_	_
300-0	PST211	300	300	0	[io	io	_	_	_	_	_	linguistic	_	none	_	Begin=667.649	_	_	_	0-2(83)
300-1	PST211	300	300	1	poi::]	poi	_	_	_	_	_	linguistic	_	none	_	End=668.459	2x2	_	_	0-3(83)
301-0	PST092	301	301	0	[no]	no	_	_	_	_	_	linguistic	_	none	_	Begin=669.359|End=669.709	_	_	_	0-2(84)
302-0	PST211	302	302	0	beh	beh	_	_	_	_	_	linguistic	_	none	_	Begin=675.0	_	_	_	_
302-1	PST211	302	302	1	ma	ma	_	_	_	_	_	linguistic	_	none	_	_	_	_	_	_
302-2	PST211	302	302	2	perché	perché	_	_	_	_	_	linguistic	_	none	_	_	_	_	_	_
302-3	PST211	302	302	3	di	di	_	_	_	_	_	linguistic	_	none	_	_	_	_	_	_
302-4	PST211	302	302	4	solito	solito	_	_	_	_	_	linguistic	_	none	_	_	_	_	_	_
302-5	PST211	302	302	5	quante	quante	_	_	_	_	_	linguistic	_	none	_	_	_	_	_	_
302-6	PST211	302	302	6	persone	persone	_	_	_	_	_	linguistic	_	none	_	_	_	_	_	_
302-7	PST211	302	302	7	[sono]	sono	_	_	_	_	_	linguistic	_	none	_	End=676.98	_	_	_	0-4(85)
303-0	PST087	303	303	0	[e::h	eh	_	_	_	_	_	linguistic	_	none	_	Begin=676.593	0x2	_	_	0-2(?)
303-1	PST087	303	303	1	di	di	_	_	_	_	_	linguistic	_	none	_	_	_	_	_	0-2(?)
303-2	PST087	303	303	2	sol]ito	solito	_	_	_	_	_	linguistic	_	none	_	_	_	_	_	0-3(?)
303-3	PST087	303	303	3	sono	sono	_	_	_	_	_	linguistic	_	none	_	_	_	_	_	_
303-4	PST087	303	303	4	ta::nte	tante	_	_	_	_	_	linguistic	_	none	_	_	1x2	_	_	_
303-5	PST087	303	303	5	perché	perché	_	_	_	_	_	linguistic	_	none	_	_	_	_	_	_
303-6	PST087	303	303	6	a	a	_	_	_	_	_	linguistic	_	none	_	_	_	_	_	_
303-7	PST087	303	303	7	volte	volte	_	_	_	_	_	linguistic	_	none	_	_	_	_	_	_
303-8	PST087	303	303	8	si	si	_	_	_	_	_	linguistic	_	none	_	_	_	_	_	_
303-9	PST087	303	303	9	uniscono	uniscono	_	_	_	_	_	linguistic	_	none	_	_	_	_	_	_
303-10	PST087	303	303	10	anche	anche	_	_	_	_	_	linguistic	_	none	_	_	_	_	_	_
303-11	PST087	303	303	11	i	i	_	_	_	_	_	linguistic	_	none	_	_	_	_	_	_
303-12	PST087	303	303	12	bambi:ni	bambini	_	_	_	_	_	linguistic	_	none	_	_	4x1	_	_	_
303-13	PST087	303	303	13	cioè	cioè	_	_	_	_	_	linguistic	_	none	_	_	_	_	_	_
303-14	PST087	303	303	14	siamo	siamo	_	_	_	_	_	linguistic	_	none	_	_	_	_	_	_
303-15	PST087	303	303	15	in	in	_	_	_	_	_	linguistic	_	none	_	_	_	_	_	_
303-16	PST087	303	303	16	tanti:	tanti	_	_	_	_	_	linguistic	_	none	_	End=680.982	4x1	_	_	_
304-0	PST092	304	304	0	eh	eh	_	_	_	_	_	linguistic	_	none	_	Begin=680.81	_	_	_	_
304-1	PST092	304	304	1	ma	ma	_	_	_	_	_	linguistic	_	none	_	_	_	_	_	_
304-2	PST092	304	304	2	[mettiamo	mettiamo	_	_	_	_	_	linguistic	_	none	_	_	_	_	_	0-8(?)
304-3	PST092	304	304	3	(i	i	_	_	_	_	_	linguistic	_	none	_	_	_	_	0-1(0)	0-1(?)
304-4	PST092	304	304	4	bambini)	bambini	_	_	_	_	_	linguistic	_	none	PauseAfter=Yes	_	_	_	0-7(0)	0-7(?)
304-5	PST092	304	304	5	{P}	{P}	_	_	_	_	_	shortpause	_	none	_	_	_	_	_	0-3(?)
304-6	PST092	304	304	6	possiamo	possiamo	_	_	_	_	_	linguistic	_	none	_	_	_	_	_	0-8(?)
304-7	PST092	304	304	7	mettere	mettere	_	_	_	_	_	linguistic	_	none	_	_	_	_	_	0-7(?)
304-8	PST092	304	304	8	i	i	_	_	_	_	_	linguistic	_	none	_	_	_	_	_	0-1(?)
304-9	PST092	304	304	9	bam]bini	bambini	_	_	_	_	_	linguistic	_	none	_	_	_	_	_	0-3(?)
304-10	PST092	304	304	10	di	di	_	_	_	_	_	linguistic	_	none	_	_	_	_	_	_
304-11	PST092	304	304	11	teatro	teatro	_	_	_	_	_	linguistic	_	none	_	End=683.44	_	_	_	_
305-0	PST087	305	305	0	[non	non	_	_	_	_	_	linguistic	_	none	_	Begin=681.35	_	_	_	0-3(87)
305-1	PST087	305	305	1	siamo	siamo	_	_	_	_	_	linguistic	_	none	_	_	_	_	_	0-5(87)
305-2	PST087	305	305	2	in	in	_	_	_	_	_	linguistic	_	none	_	_	_	_	_	0-2(87)
305-3	PST087	305	305	3	quattro]	quattro	_	_	_	_	_	linguistic	_	none	_	End=682.71	_	_	_	0-7(87)
306-0	PST092	306	306	0	(piutt[osto	piuttosto	_	_	_	_	_	linguistic	_	none	_	Begin=683.63	_	_	0-9(0)	5-9(88)
306-1	PST092	306	306	1	metti	metti	_	_	_	_	_	linguistic	_	none	_	_	_	_	0-5(0)	0-5(88)
306-2	PST092	306	306	2	anche	anche	_	_	_	_	_	linguistic	_	none	_	_	_	_	0-5(0)	0-5(88)
306-3	PST092	306	306	3	@co]stin)	@costin	_	_	_	_	_	anonymized	_	none	_	End=684.87	_	_	0-7(0)	0-3(88)
307-0	PST087	307	307	0	[ma	ma	_	_	_	_	_	linguistic	_	none	_	Begin=683.75	_	_	_	0-2(88)
307-1	PST087	307	307	1	perché]	perché	_	_	_	_	_	linguistic	_	none	_	End=684.6	_	_	_	0-6(88)
308-0	PST087	308	308	0	magari	magari	_	_	_	_	_	linguistic	_	none	_	Begin=684.905	_	_	_	_
308-1	PST087	308	308	1	xx	xx	_	_	_	_	_	unknown	_	none	Syllables=2	_	_	_	_	_
308-2	PST087	308	308	2	xx	xx	_	_	_	_	_	unknown	_	none	PauseAfter=Yes|Syllables=2	_	_	_	_	_
308-3	PST087	308	308	3	{P}	{P}	_	_	_	_	_	shortpause	_	none	_	_	_	_	_	_
308-4	PST087	308	308	4	tre	tre	_	_	_	_	_	linguistic	_	none	_	_	_	_	_	_
308-5	PST087	308	308	5	persone	persone	_	_	_	_	_	linguistic	_	none	_	_	_	_	_	_
308-6	PST087	308	308	6	così	così	_	_	_	_	_	linguistic	_	none	_	_	_	_	_	_
308-7	PST087	308	308	7	xx	xx	_	_	_	_	_	unknown	_	none	Syllables=2	_	_	_	_	_
308-8	PST087	308	308	8	xx	xx	_	_	_	_	_	unknown	_	none	Syllables=2	_	_	_	_	_
308-9	PST087	308	308	9	siamo	siamo	_	_	_	_	_	linguistic	_	none	_	_	_	_	_	_
308-10	PST087	308	308	10	un	un	_	_	_	_	_	linguistic	_	none	_	_	_	_	_	_
308-11	PST087	308	308	11	po'	po'	_	_	_	_	_	linguistic	_	none	_	_	_	_	_	_
308-12	PST087	308	308	12	più	più	_	_	_	_	_	linguistic	_	none	_	End=689.82	_	_	_	_
309-0	PST092	309	309	0	posso	posso	_	_	_	_	_	linguistic	_	none	_	Begin=689.854	_	_	_	_
309-1	PST092	309	309	1	dire	dire	_	_	_	_	_	linguistic	_	none	_	_	_	_	_	_
309-2	PST092	309	309	2	una	una	_	_	_	_	_	linguistic	_	none	_	_	_	_	_	_
309-3	PST092	309	309	3	cosa	cosa	_	_	_	_	_	linguistic	_	none	_	_	_	_	_	_
309-4	PST092	309	309	4	fuori	fuori	_	_	_	_	_	linguistic	_	none	_	_	_	_	_	_
309-5	PST092	309	309	5	luogo,	luogo	_	_	_	_	_	linguistic	_	none	Intonation=WeaklyRising	End=691.2	_	_	_	_
310-0	PST092	310	310	0	un'	un'	_	_	_	_	_	linguistic	_	none	SpaceAfter=No	Begin=691.435	_	_	_	_
310-1	PST092	310	310	1	altra	altra	_	_	_	_	_	linguistic	_	none	_	_	_	_	_	_
310-2	PST092	310	310	2	cosa	cosa	_	_	_	_	_	linguistic	_	none	_	_	_	_	_	_
310-3	PST092	310	310	3	che	che	_	_	_	_	_	linguistic	_	none	_	_	_	_	_	_
310-4	PST092	310	310	4	è	è	_	_	_	_	_	linguistic	_	none	_	_	_	_	_	_
310-5	PST092	310	310	5	un	un	_	_	_	_	_	linguistic	_	none	_	_	_	_	_	_
310-6	PST092	310	310	6	po'	po'	_	_	_	_	_	linguistic	_	none	_	_	_	_	_	_
310-7	PST092	310	310	7	forte	forte	_	_	_	_	_	linguistic	_	none	_	_	_	_	_	_
310-8	PST092	310	310	8	devi	devi	_	_	_	_	_	linguistic	_	none	_	_	_	_	_	_
310-9	PST092	310	310	9	descriverlo	descriverlo	_	_	_	_	_	linguistic	_	none	_	_	_	_	_	_
310-10	PST092	310	310	10	{ride}	{ride}	_	_	_	_	_	nonverbalbehavior	_	none	_	End=695.436	_	_	_	_
311-0	PST092	311	311	0	allora	allora	_	_	_	_	_	linguistic	_	none	PauseAfter=Yes	Begin=695.944	_	_	_	_
311-1	PST092	311	311	1	{P}	{P}	_	_	_	_	_	shortpause	_	none	_	_	_	_	_	_
311-2	PST092	311	311	2	io	io	_	_	_	_	_	linguistic	_	none	_	_	_	_	_	_
311-3	PST092	311	311	3	dico	dico	_	_	_	_	_	linguistic	_	none	_	_	_	_	_	_
311-4	PST092	311	311	4	allo~	allo~	_	_	_	_	_	linguistic	_	none	Interrupted=Yes	_	_	_	_	_
311-5	PST092	311	311	5	fai	fai	_	_	_	_	_	linguistic	_	none	_	_	_	_	_	_
311-6	PST092	311	311	6	due	due	_	_	_	_	_	linguistic	_	none	_	_	_	_	_	_
311-7	PST092	311	311	7	persone	persone	_	_	_	_	_	linguistic	_	none	_	_	_	_	_	_
311-8	PST092	311	311	8	qua	qua	_	_	_	_	_	linguistic	_	none	_	_	_	_	_	_
311-9	PST092	311	311	9	due	due	_	_	_	_	_	linguistic	_	none	_	_	_	_	_	_
311-10	PST092	311	311	10	persone	persone	_	_	_	_	_	linguistic	_	none	_	_	_	_	_	_
311-11	PST092	311	311	11	qua	qua	_	_	_	_	_	linguistic	_	none	_	_	_	_	_	_
311-12	PST092	311	311	12	due	due	_	_	_	_	_	linguistic	_	none	_	_	_	_	_	_
311-13	PST092	311	311	13	sul	sul	_	_	_	_	_	linguistic	_	none	PauseAfter=Yes	_	_	_	_	_
311-14	PST092	311	311	14	{P}	{P}	_	_	_	_	_	shortpause	_	none	_	_	_	_	_	_
311-15	PST092	311	311	15	divano,	divano	_	_	_	_	_	linguistic	_	none	Intonation=WeaklyRising	End=701.145	_	_	_	_
312-0	PST092	312	312	0	e	e	_	_	_	_	_	linguistic	_	none	_	Begin=702.127	_	_	_	_
312-1	PST092	312	312	1	poi	poi	_	_	_	_	_	linguistic	_	none	_	_	_	_	_	_
312-2	PST092	312	312	2	non	non	_	_	_	_	_	linguistic	_	none	_	_	_	_	_	_
312-3	PST092	312	312	3	so	so	_	_	_	_	_	linguistic	_	none	_	_	_	_	_	_
312-4	PST092	312	312	4	metti	metti	_	_	_	_	_	linguistic	_	none	_	_	_	_	_	_
312-5	PST092	312	312	5	un	un	_	_	_	_	_	linguistic	_	none	_	_	_	_	_	_
312-6	PST092	312	312	6	bambino	bambino	_	_	_	_	_	linguistic	_	none	_	_	_	_	_	_
312-7	PST092	312	312	7	qua	qua	_	_	_	_	_	linguistic	_	none	_	_	_	_	_	_
312-8	PST092	312	312	8	un	un	_	_	_	_	_	linguistic	_	none	_	_	_	_	_	_
312-9	PST092	312	312	9	bambino	bambino	_	_	_	_	_	linguistic	_	none	_	_	_	_	_	_
312-10	PST092	312	312	10	qua	qua	_	_	_	_	_	linguistic	_	none	_	_	_	_	_	_
312-11	PST092	312	312	11	un	un	_	_	_	_	_	linguistic	_	none	_	_	_	_	_	_
312-12	PST092	312	312	12	bambino	bambino	_	_	_	_	_	linguistic	_	none	_	_	_	_	_	_
312-13	PST092	312	312	13	là	là	_	_	_	_	_	linguistic	_	none	_	_	_	_	_	_
312-14	PST092	312	312	14	un	un	_	_	_	_	_	linguistic	_	none	_	_	_	_	_	_
312-15	PST092	312	312	15	bambino	bambino	_	_	_	_	_	linguistic	_	none	_	_	_	_	_	_
312-16	PST092	312	312	16	là	là	_	_	_	_	_	linguistic	_	none	_	End=705.6	_	_	_	_
313-0	PST211	313	313	0	però	però	_	_	_	_	_	linguistic	_	none	_	Begin=705.182	_	_	_	_
313-1	PST211	313	313	1	i	i	_	_	_	_	_	linguistic	_	none	_	_	_	_	_	_
313-2	PST211	313	313	2	bambini	bambini	_	_	_	_	_	linguistic	_	none	_	_	_	_	_	_
313-3	PST211	313	313	3	no	no	_	_	_	_	_	linguistic	_	none	_	_	_	_	_	_
313-4	PST211	313	313	4	i	i	_	_	_	_	_	linguistic	_	none	_	_	_	_	_	_
313-5	PST211	313	313	5	bambini	bambini	_	_	_	_	_	linguistic	_	none	_	_	_	_	_	_
313-6	PST211	313	313	6	nelle	nelle	_	_	_	_	_	linguistic	_	none	_	_	_	_	_	_
313-7	PST211	313	313	7	riprese	riprese	_	_	_	_	_	linguistic	_	none	_	_	_	_	_	_
313-8	PST211	313	313	8	no	no	_	_	_	_	_	linguistic	_	none	_	End=707.673	_	_	_	_
314-0	PST087	314	314	0	e	e	_	_	_	_	_	linguistic	_	none	_	Begin=707.681	_	_	_	_
314-1	PST087	314	314	1	invece	invece	_	_	_	_	_	linguistic	_	none	_	_	_	_	_	_
314-2	PST087	314	314	2	sì	sì	_	_	_	_	_	linguistic	_	none	_	End=708.805	_	_	_	_
315-0	PST211	315	315	0	e:[::h]	eh	_	_	_	_	_	linguistic	_	none	_	Begin=708.862|End=710.062	0x3	_	_	1-2(90)
316-0	PST092	316	316	0	gli	gli	_	_	_	_	_	linguistic	_	none	_	Begin=709.182	_	_	_	_
316-1	PST092	316	316	1	possiamo	possiamo	_	_	_	_	_	linguistic	_	none	_	_	_	_	_	_
316-2	PST092	316	316	2	chiedere	chiedere	_	_	_	_	_	linguistic	_	none	_	_	_	_	_	_
316-3	PST092	316	316	3	il	il	_	_	_	_	_	linguistic	_	none	_	_	_	_	_	_
316-4	PST092	316	316	4	permesso	permesso	_	_	_	_	_	linguistic	_	none	_	_	_	_	_	_
316-5	PST092	316	316	5	(abbiamo)	abbiamo	_	_	_	_	_	linguistic	_	none	_	_	_	_	0-7(0)	_
316-6	PST092	316	316	6	il	il	_	_	_	_	_	linguistic	_	none	_	_	_	_	_	_
316-7	PST092	316	316	7	permesso	permesso	_	_	_	_	_	linguistic	_	none	_	_	_	_	_	_
316-8	PST092	316	316	8	della	della	_	_	_	_	_	linguistic	_	none	_	_	_	_	_	_
316-9	PST092	316	316	9	signora	signora	_	_	_	_	_	linguistic	_	none	_	_	_	_	_	_
316-10	PST092	316	316	10	[xxx]	xxx	_	_	_	_	_	unknown	_	none	Syllables=3	End=712.909	_	_	_	0-3(?)
317-0	PST087	317	317	0	[BRAva]	brava	_	_	_	_	_	linguistic	_	none	Volume=high	Begin=711.991	_	_	_	0-5(91)
317-1	PST087	317	317	1	il	il	_	_	_	_	_	linguistic	_	none	_	_	_	_	_	_
317-2	PST087	317	317	2	permesso	permesso	_	_	_	_	_	linguistic	_	none	_	_	_	_	_	_
317-3	PST087	317	317	3	xx	xx	_	_	_	_	_	unknown	_	none	Syllables=2	_	_	_	_	_
317-4	PST087	317	317	4	xx	xx	_	_	_	_	_	unknown	_	none	Syllables=2	_	_	_	_	_
317-5	PST087	317	317	5	xx	xx	_	_	_	_	_	unknown	_	none	Syllables=2	End=715.727	_	_	_	_
318-0	PST087	318	318	0	xx	xx	_	_	_	_	_	unknown	_	none	Syllables=2	Begin=715.873	_	_	_	_
318-1	PST087	318	318	1	quello	quello	_	_	_	_	_	linguistic	_	none	_	_	_	_	_	_
318-2	PST087	318	318	2	x	x	_	_	_	_	_	unknown	_	none	Syllables=1	_	_	_	_	_
318-3	PST087	318	318	3	sopra	sopra	_	_	_	_	_	linguistic	_	none	_	_	_	_	_	_
318-4	PST087	318	318	4	a	a	_	_	_	_	_	linguistic	_	none	_	_	_	_	_	_
318-5	PST087	318	318	5	loro	loro	_	_	_	_	_	linguistic	_	none	_	_	_	_	_	_
318-6	PST087	318	318	6	[xxx]	xxx	_	_	_	_	_	unknown	_	none	Syllables=3	End=718.618	_	_	_	0-3(92)
319-0	PST092	319	319	0	[xx]	xx	_	_	_	_	_	unknown	_	none	Syllables=2	Begin=717.945	_	_	_	0-2(92)
319-1	PST092	319	319	1	xx	xx	_	_	_	_	_	unknown	_	none	Syllables=2	_	_	_	_	_
319-2	PST092	319	319	2	xx	xx	_	_	_	_	_	unknown	_	none	Syllables=2	End=719.673	_	_	_	_
320-0	PST087	320	320	0	°@ilaria	@ilaria	_	_	_	_	_	anonymized	_	none	Volume=low	Begin=719.709	_	_	_	_
320-1	PST087	320	320	1	xxx°	xxx	_	_	_	_	_	unknown	_	none	Volume=low|Syllables=3	End=720.782	_	_	_	_
321-0	PST087	321	321	0	o	o	_	_	_	_	_	linguistic	_	none	_	Begin=721.264	_	_	_	_
321-1	PST087	321	321	1	se	se	_	_	_	_	_	linguistic	_	none	_	_	_	_	_	_
321-2	PST087	321	321	2	no	no	_	_	_	_	_	linguistic	_	none	_	_	_	_	_	_
321-3	PST087	321	321	3	ho	ho	_	_	_	_	_	linguistic	_	none	_	_	_	_	_	_
321-4	PST087	321	321	4	capito	capito	_	_	_	_	_	linguistic	_	none	PauseAfter=Yes	_	_	_	_	_
321-5	PST087	321	321	5	{P}	{P}	_	_	_	_	_	shortpause	_	none	_	_	_	_	_	_
321-6	PST087	321	321	6	ho	ho	_	_	_	_	_	linguistic	_	none	_	_	_	_	_	_
321-7	PST087	321	321	7	capito	capito	_	_	_	_	_	linguistic	_	none	_	End=723.582	_	_	_	_
322-0	PST087	322	322	0	mettiamo	mettiamo	_	_	_	_	_	linguistic	_	none	_	Begin=724.164	_	_	_	_
322-1	PST087	322	322	1	quattro	quattro	_	_	_	_	_	linguistic	_	none	_	_	_	_	_	_
322-2	PST087	322	322	2	che	che	_	_	_	_	_	linguistic	_	none	_	_	_	_	_	_
322-3	PST087	322	322	3	decorano	decorano	_	_	_	_	_	linguistic	_	none	_	_	_	_	_	_
322-4	PST087	322	322	4	coi	coi	_	_	_	_	_	linguistic	_	none	_	_	_	_	_	_
322-5	PST087	322	322	5	bambini	bambini	_	_	_	_	_	linguistic	_	none	_	_	_	_	_	_
322-6	PST087	322	322	6	poi	poi	_	_	_	_	_	linguistic	_	none	_	_	_	_	_	_
322-7	PST087	322	322	7	quelle	quelle	_	_	_	_	_	linguistic	_	none	_	_	_	_	_	_
322-8	PST087	322	322	8	due	due	_	_	_	_	_	linguistic	_	none	_	_	_	_	_	_
322-9	PST087	322	322	9	che	che	_	_	_	_	_	linguistic	_	none	_	_	_	_	_	_
322-10	PST087	322	322	10	stanno	stanno	_	_	_	_	_	linguistic	_	none	_	_	_	_	_	_
322-11	PST087	322	322	11	sul	sul	_	_	_	_	_	linguistic	_	none	_	_	_	_	_	_
322-12	PST087	322	322	12	divanetto	divanetto	_	_	_	_	_	linguistic	_	none	_	End=728.743	_	_	_	_
323-0	PST087	323	323	0	mettiamo	mettiamo	_	_	_	_	_	linguistic	_	none	_	Begin=728.89	_	_	_	_
323-1	PST087	323	323	1	le	le	_	_	_	_	_	linguistic	_	none	_	_	_	_	_	_
323-2	PST087	323	323	2	xx	xx	_	_	_	_	_	unknown	_	none	PauseAfter=Yes|Syllables=2	_	_	_	_	_
323-3	PST087	323	323	3	{P}	{P}	_	_	_	_	_	shortpause	_	none	_	_	_	_	_	_
323-4	PST087	323	323	4	mettiamo	mettiamo	_	_	_	_	_	linguistic	_	none	_	_	_	_	_	_
323-5	PST087	323	323	5	le	le	_	_	_	_	_	linguistic	_	none	_	_	_	_	_	_
323-6	PST087	323	323	6	xx	xx	_	_	_	_	_	unknown	_	none	Syllables=2	_	_	_	_	_
323-7	PST087	323	323	7	xx	xx	_	_	_	_	_	unknown	_	none	Syllables=2	_	_	_	_	_
323-8	PST087	323	323	8	colorare	colorare	_	_	_	_	_	linguistic	_	none	_	End=733.253	_	_	_	_
324-0	PST092	324	324	0	che	che	_	_	_	_	_	linguistic	_	none	_	Begin=733.849	_	_	_	_
324-1	PST092	324	324	1	fi:go	figo	_	_	_	_	_	linguistic	_	none	_	End=734.919	1x1	_	_	_
325-0	PST087	325	325	0	xx	xx	_	_	_	_	_	unknown	_	none	Syllables=2	Begin=734.927	_	_	_	_
325-1	PST087	325	325	1	xx	xx	_	_	_	_	_	unknown	_	none	Syllables=2	_	_	_	_	_
325-2	PST087	325	325	2	[xx]	xx	_	_	_	_	_	unknown	_	none	Syllables=2	End=736.727	_	_	_	0-2(93)
326-0	PST092	326	326	0	[xx]	xx	_	_	_	_	_	unknown	_	none	Syllables=2	Begin=735.6	_	_	_	0-2(93)
326-1	PST092	326	326	1	devi	devi	_	_	_	_	_	linguistic	_	none	_	_	_	_	_	_
326-2	PST092	326	326	2	stare	stare	_	_	_	_	_	linguistic	_	none	_	_	_	_	_	_
326-3	PST092	326	326	3	attenta	attenta	_	_	_	_	_	linguistic	_	none	PauseAfter=Yes	_	_	_	_	_
326-4	PST092	326	326	4	{P}	{P}	_	_	_	_	_	shortpause	_	none	_	_	_	_	_	_
326-5	PST092	326	326	5	perché	perché	_	_	_	_	_	linguistic	_	none	_	_	_	_	_	_
326-6	PST092	326	326	6	se	se	_	_	_	_	_	linguistic	_	none	_	_	_	_	_	_
326-7	PST092	326	326	7	cadono	cadono	_	_	_	_	_	linguistic	_	none	_	_	_	_	_	_
326-8	PST092	326	326	8	le	le	_	_	_	_	_	linguistic	_	none	_	_	_	_	_	_
326-9	PST092	326	326	9	pentole	pentole	_	_	_	_	_	linguistic	_	none	_	End=744.073	_	_	_	_
327-0	PST087	327	327	0	(e	e	_	_	_	_	_	linguistic	_	none	_	Begin=747.763	_	_	0-1(0)	_
327-1	PST087	327	327	1	poi	poi	_	_	_	_	_	linguistic	_	none	_	_	_	_	0-3(0)	_
327-2	PST087	327	327	2	neanche	neanche	_	_	_	_	_	linguistic	_	none	_	_	_	_	0-7(0)	_
327-3	PST087	327	327	3	quindi	quindi	_	_	_	_	_	linguistic	_	none	_	_	_	_	0-6(0)	_
327-4	PST087	327	327	4	non	non	_	_	_	_	_	linguistic	_	none	_	_	_	_	0-3(0)	_
327-5	PST087	327	327	5	è	è	_	_	_	_	_	linguistic	_	none	_	_	_	_	0-1(0)	_
327-6	PST087	327	327	6	vero)	vero	_	_	_	_	_	linguistic	_	none	_	End=750.236	_	_	0-4(0)	_
328-0	PST092	328	328	0	mi	mi	_	_	_	_	_	linguistic	_	none	_	Begin=750.436	_	_	_	_
328-1	PST092	328	328	1	è	è	_	_	_	_	_	linguistic	_	none	_	_	_	_	_	_
328-2	PST092	328	328	2	venuto	venuto	_	_	_	_	_	linguistic	_	none	_	_	_	_	_	_
328-3	PST092	328	328	3	in	in	_	_	_	_	_	linguistic	_	none	_	_	_	_	_	_
328-4	PST092	328	328	4	mente	mente	_	_	_	_	_	linguistic	_	none	_	_	_	_	_	_
328-5	PST092	328	328	5	adesso	adesso	_	_	_	_	_	linguistic	_	none	_	_	_	_	_	_
328-6	PST092	328	328	6	che	che	_	_	_	_	_	linguistic	_	none	_	_	_	_	_	_
328-7	PST092	328	328	7	xx	xx	_	_	_	_	_	unknown	_	none	Syllables=2	_	_	_	_	_
328-8	PST092	328	328	8	xx	xx	_	_	_	_	_	unknown	_	none	Syllables=2	_	_	_	_	_
328-9	PST092	328	328	9	xx	xx	_	_	_	_	_	unknown	_	none	Syllables=2	_	_	_	_	_
328-10	PST092	328	328	10	xx	xx	_	_	_	_	_	unknown	_	none	Syllables=2	End=754.399	_	_	_	_
329-0	PST087	329	329	0	sh::	sh	_	_	_	_	_	linguistic	_	none	_	Begin=754.531|End=755.522	1x2	_	_	_
330-0	PST092	330	330	0	(due	due	_	_	_	_	_	linguistic	_	none	_	Begin=756.4	_	_	0-3(0)	_
330-1	PST092	330	330	1	mamme)	mamme	_	_	_	_	_	linguistic	_	none	_	_	_	_	0-5(0)	_
330-2	PST092	330	330	2	sedute	sedute	_	_	_	_	_	linguistic	_	none	PauseAfter=Yes	_	_	_	_	_
330-3	PST092	330	330	3	{P}	{P}	_	_	_	_	_	shortpause	_	none	_	_	_	_	_	_
330-4	PST092	330	330	4	che	che	_	_	_	_	_	linguistic	_	none	_	_	_	_	_	_
330-5	PST092	330	330	5	controllino	controllino	_	_	_	_	_	linguistic	_	none	_	_	_	_	_	_
330-6	PST092	330	330	6	le	le	_	_	_	_	_	linguistic	_	none	_	_	_	_	_	_
330-7	PST092	330	330	7	uova	uova	_	_	_	_	_	linguistic	_	none	_	_	_	_	_	_
330-8	PST092	330	330	8	e	e	_	_	_	_	_	linguistic	_	none	_	_	_	_	_	_
330-9	PST092	330	330	9	le	le	_	_	_	_	_	linguistic	_	none	_	_	_	_	_	_
330-10	PST092	330	330	10	sistemano	sistemano	_	_	_	_	_	linguistic	_	none	_	_	_	_	_	_
330-11	PST092	330	330	11	a	a	_	_	_	_	_	linguistic	_	none	_	_	_	_	_	_
330-12	PST092	330	330	12	posto	posto	_	_	_	_	_	linguistic	_	none	_	End=761.626	_	_	_	_
331-0	PST092	331	331	0	c(io)è	cioè	_	_	_	_	_	linguistic	_	none	_	Begin=761.858	_	_	1-3(0)	_
331-1	PST092	331	331	1	le	le	_	_	_	_	_	linguistic	_	none	_	_	_	_	_	_
331-2	PST092	331	331	2	sistemano	sistemano	_	_	_	_	_	linguistic	_	none	_	_	_	_	_	_
331-3	PST092	331	331	3	e	e	_	_	_	_	_	linguistic	_	none	_	_	_	_	_	_
331-4	PST092	331	331	4	le	le	_	_	_	_	_	linguistic	_	none	_	_	_	_	_	_
331-5	PST092	331	331	5	mettono	mettono	_	_	_	_	_	linguistic	_	none	_	_	_	_	_	_
331-6	PST092	331	331	6	dentro	dentro	_	_	_	_	_	linguistic	_	none	_	_	_	_	_	_
331-7	PST092	331	331	7	il	il	_	_	_	_	_	linguistic	_	none	_	_	_	_	_	_
331-8	PST092	331	331	8	cesto	cesto	_	_	_	_	_	linguistic	_	none	PauseAfter=Yes	_	_	_	_	_
331-9	PST092	331	331	9	{P}	{P}	_	_	_	_	_	shortpause	_	none	_	_	_	_	_	_
331-10	PST092	331	331	10	da	da	_	_	_	_	_	linguistic	_	none	_	_	_	_	_	_
331-11	PST092	331	331	11	sedute	sedute	_	_	_	_	_	linguistic	_	none	_	_	_	_	_	_
331-12	PST092	331	331	12	così	così	_	_	_	_	_	linguistic	_	none	_	_	_	_	_	_
331-13	PST092	331	331	13	le	le	_	_	_	_	_	linguistic	_	none	_	_	_	_	_	_
331-14	PST092	331	331	14	persone	persone	_	_	_	_	_	linguistic	_	none	_	_	_	_	_	_
331-15	PST092	331	331	15	che	che	_	_	_	_	_	linguistic	_	none	_	_	_	_	_	_
331-16	PST092	331	331	16	le	le	_	_	_	_	_	linguistic	_	none	_	_	_	_	_	_
331-17	PST092	331	331	17	disegnano	disegnano	_	_	_	_	_	linguistic	_	none	_	_	_	_	_	_
331-18	PST092	331	331	18	disegnano	disegnano	_	_	_	_	_	linguistic	_	none	_	_	_	_	_	_
331-19	PST092	331	331	19	e	e	_	_	_	_	_	linguistic	_	none	_	_	_	_	_	_
331-20	PST092	331	331	20	le	le	_	_	_	_	_	linguistic	_	none	_	_	_	_	_	_
331-21	PST092	331	331	21	persone	persone	_	_	_	_	_	linguistic	_	none	_	_	_	_	_	_
331-22	PST092	331	331	22	che	che	_	_	_	_	_	linguistic	_	none	_	_	_	_	_	_
331-23	PST092	331	331	23	stanno	stanno	_	_	_	_	_	linguistic	_	none	_	_	_	_	_	_
331-24	PST092	331	331	24	fuori,	fuori	_	_	_	_	_	linguistic	_	none	Intonation=WeaklyRising	End=768.911	_	_	_	_
332-0	PST092	332	332	0	[xx	xx	_	_	_	_	_	unknown	_	none	Syllables=2	Begin=768.964	_	_	_	0-2(94)
332-1	PST092	332	332	1	xx	xx	_	_	_	_	_	unknown	_	none	Syllables=2	_	_	_	_	0-2(94)
332-2	PST092	332	332	2	xx	xx	_	_	_	_	_	unknown	_	none	Syllables=2	_	_	_	_	0-2(94)
332-3	PST092	332	332	3	xx]	xx	_	_	_	_	_	unknown	_	none	Syllables=2	End=773.053	_	_	_	0-2(94)
333-0	?	333	333	0	[queste	queste	_	_	_	_	_	linguistic	_	none	_	Begin=768.964	_	_	_	0-6(94)
333-1	?	333	333	1	fanno	fanno	_	_	_	_	_	linguistic	_	none	_	_	_	_	_	0-5(94)
333-2	?	333	333	2	teatro:	teatro	_	_	_	_	_	linguistic	_	none	_	_	5x1	_	_	0-6(94)
333-3	?	333	333	3	fanno	fanno	_	_	_	_	_	linguistic	_	none	_	_	_	_	_	0-5(94)
333-4	?	333	333	4	cinema	cinema	_	_	_	_	_	linguistic	_	none	_	_	_	_	_	0-6(94)
333-5	?	333	333	5	fanno	fanno	_	_	_	_	_	linguistic	_	none	_	_	_	_	_	0-5(94)
333-6	?	333	333	6	televisione:]	televisione	_	_	_	_	_	linguistic	_	none	_	End=773.053	10x1	_	_	0-11(94)
334-0	?	334	334	0	xx	xx	_	_	_	_	_	unknown	_	none	Syllables=2	Begin=775.581	_	_	_	_
334-1	?	334	334	1	xx	xx	_	_	_	_	_	unknown	_	none	Syllables=2	_	_	_	_	_
334-2	?	334	334	2	xx	xx	_	_	_	_	_	unknown	_	none	PauseAfter=Yes|Syllables=2	_	_	_	_	_
334-3	?	334	334	3	[{P}]	{P}	_	_	_	_	_	shortpause	_	none	_	_	_	_	_	0-3(96)
334-4	?	334	334	4	abbiamo	abbiamo	_	_	_	_	_	linguistic	_	none	_	_	_	_	_	_
334-5	?	334	334	5	l'	l'	_	_	_	_	_	linguistic	_	none	SpaceAfter=No	_	_	_	_	_
334-6	?	334	334	6	ultimo	ultimo	_	_	_	_	_	linguistic	_	none	_	_	_	_	_	_
334-7	?	334	334	7	xx	xx	_	_	_	_	_	unknown	_	none	Syllables=2	End=778.018	_	_	_	_
335-0	PST211	335	335	0	[sì	sì	_	_	_	_	_	linguistic	_	none	_	Begin=776.818	_	_	_	0-2(96)
335-1	PST211	335	335	1	sì]	sì	_	_	_	_	_	linguistic	_	none	_	End=777.345	_	_	_	0-2(96)
336-0	PST211	336	336	0	grazie	grazie	_	_	_	_	_	linguistic	_	none	_	Begin=778.009|End=778.867	_	_	_	_
337-0	?	337	337	0	giri	giri	_	_	_	_	_	linguistic	_	none	_	Begin=779.0	_	_	_	_
337-1	?	337	337	1	tutto	tutto	_	_	_	_	_	linguistic	_	none	_	_	_	_	_	_
337-2	?	337	337	2	il	il	_	_	_	_	_	linguistic	_	none	_	_	_	_	_	_
337-3	?	337	337	3	materiale	materiale	_	_	_	_	_	linguistic	_	none	_	_	_	_	_	_
337-4	?	337	337	4	giri	giri	_	_	_	_	_	linguistic	_	none	_	_	_	_	_	_
337-5	?	337	337	5	xx	xx	_	_	_	_	_	unknown	_	none	Syllables=2	_	_	_	_	_
337-6	?	337	337	6	xx	xx	_	_	_	_	_	unknown	_	none	Syllables=2	_	_	_	_	_
337-7	?	337	337	7	xx	xx	_	_	_	_	_	unknown	_	none	Syllables=2	_	_	_	_	_
337-8	?	337	337	8	[xx	xx	_	_	_	_	_	unknown	_	none	Syllables=2	_	_	_	_	0-2(97)
337-9	?	337	337	9	xx]	xx	_	_	_	_	_	unknown	_	none	Syllables=2	End=783.788	_	_	_	0-2(97)
338-0	PST211	338	338	0	[sì	sì	_	_	_	_	_	linguistic	_	none	_	Begin=782.862	_	_	_	0-2(97)
338-1	PST211	338	338	1	sì	sì	_	_	_	_	_	linguistic	_	none	_	_	_	_	_	0-2(97)
338-2	PST211	338	338	2	sì]	sì	_	_	_	_	_	linguistic	_	none	_	End=783.809	_	_	_	0-2(97)
339-0	PST211	339	339	0	grazie	grazie	_	_	_	_	_	linguistic	_	none	_	Begin=786.769	_	_	_	_
339-1	PST211	339	339	1	a	a	_	_	_	_	_	linguistic	_	none	_	_	_	_	_	_
339-2	PST211	339	339	2	voi	voi	_	_	_	_	_	linguistic	_	none	_	_	_	_	_	_
339-3	PST211	339	339	3	è	è	_	_	_	_	_	linguistic	_	none	_	_	_	_	_	_
339-4	PST211	339	339	4	stato	stato	_	_	_	_	_	linguistic	_	none	_	_	_	_	_	_
339-5	PST211	339	339	5	un	un	_	_	_	_	_	linguistic	_	none	_	_	_	_	_	_
339-6	PST211	339	339	6	piacere	piacere	_	_	_	_	_	linguistic	_	none	PauseAfter=Yes	_	_	_	_	_
339-7	PST211	339	339	7	[{P}]	{P}	_	_	_	_	_	shortpause	_	none	_	_	_	_	_	0-3(98)
339-8	PST211	339	339	8	ciao	ciao	_	_	_	_	_	linguistic	_	none	_	_	_	_	_	_
339-9	PST211	339	339	9	buona	buona	_	_	_	_	_	linguistic	_	none	_	_	_	_	_	_
339-10	PST211	339	339	10	serata	serata	_	_	_	_	_	linguistic	_	none	_	End=791.823	_	_	_	_
340-0	?	340	340	0	[ciao]	ciao	_	_	_	_	_	linguistic	_	none	_	Begin=789.782|End=790.2	_	_	_	0-4(98)
341-0	?	341	341	0	quanta	quanta	_	_	_	_	_	linguistic	_	none	_	Begin=792.963	_	_	_	_
341-1	?	341	341	1	musica	musica	_	_	_	_	_	linguistic	_	none	_	End=794.017	_	_	_	_
342-0	?	342	342	0	mozart	mozart	_	_	_	_	_	linguistic	_	none	PauseAfter=Yes	Begin=794.981	_	_	_	_
342-1	?	342	342	1	{P}	{P}	_	_	_	_	_	shortpause	_	none	_	_	_	_	_	_
342-2	?	342	342	2	eseguono	eseguono	_	_	_	_	_	linguistic	_	none	_	_	_	_	_	_
342-3	?	342	342	3	mozart	mozart	_	_	_	_	_	linguistic	_	none	_	_	_	_	_	_
342-4	?	342	342	4	bach	bach	_	_	_	_	_	linguistic	_	none	_	_	_	_	_	_
342-5	?	342	342	5	e:::	e	_	_	_	_	_	linguistic	_	none	PauseAfter=Yes	_	0x3	_	_	_
342-6	?	342	342	6	{P}	{P}	_	_	_	_	_	shortpause	_	none	_	_	_	_	_	_
342-7	?	342	342	7	xx	xx	_	_	_	_	_	unknown	_	none	Syllables=2	End=800.854	_	_	_	_
343-0	PST211	343	343	0	bello	bello	_	_	_	_	_	linguistic	_	none	_	Begin=800.873|End=801.709	_	_	_	_
344-0	?	344	344	0	al	al	_	_	_	_	_	linguistic	_	none	_	Begin=801.751	_	_	_	_
344-1	?	344	344	1	conservatorio	conservatorio	_	_	_	_	_	linguistic	_	none	_	_	_	_	_	_
344-2	?	344	344	2	metto	metto	_	_	_	_	_	linguistic	_	none	_	_	_	_	_	_
344-3	?	344	344	3	due	due	_	_	_	_	_	linguistic	_	none	_	_	_	_	_	_
344-4	?	344	344	4	camere,	camere	_	_	_	_	_	linguistic	_	none	Intonation=WeaklyRising	End=803.858	_	_	_	_
345-0	PST092	345	345	0	dove	dove	_	_	_	_	_	linguistic	_	none	_	Begin=804.309	_	_	_	_
345-1	PST092	345	345	1	scappate?	scappate	_	_	_	_	_	linguistic	_	none	Intonation=Rising	End=805.814	_	_	_	_
346-0	?	346	346	0	al	al	_	_	_	_	_	linguistic	_	none	_	Begin=805.832	_	_	_	_
346-1	?	346	346	1	conservatorio	conservatorio	_	_	_	_	_	linguistic	_	none	_	_	_	_	_	_
346-2	?	346	346	2	dove	dove	_	_	_	_	_	linguistic	_	none	_	_	_	_	_	_
346-3	?	346	346	3	c'	c'	_	_	_	_	_	linguistic	_	none	SpaceAfter=No	_	_	_	_	_
346-4	?	346	346	4	è	è	_	_	_	_	_	linguistic	_	none	_	_	_	_	_	_
346-5	?	346	346	5	un	un	_	_	_	_	_	linguistic	_	none	_	_	_	_	_	_
346-6	?	346	346	6	concerto	concerto	_	_	_	_	_	linguistic	_	none	_	_	_	_	_	_
346-7	?	346	346	7	di	di	_	_	_	_	_	linguistic	_	none	_	_	_	_	_	_
346-8	?	346	346	8	mozart	mozart	_	_	_	_	_	linguistic	_	none	_	_	_	_	_	_
346-9	?	346	346	9	bach	bach	_	_	_	_	_	linguistic	_	none	_	_	_	_	_	_
346-10	?	346	346	10	e	e	_	_	_	_	_	linguistic	_	none	_	_	_	_	_	_
346-11	?	346	346	11	xxx	xxx	_	_	_	_	_	unknown	_	none	Syllables=3	End=810.655	_	_	_	_
347-0	PST087	347	347	0	e	e	_	_	_	_	_	linguistic	_	none	_	Begin=810.664	_	_	_	_
347-1	PST087	347	347	1	non	non	_	_	_	_	_	linguistic	_	none	_	_	_	_	_	_
347-2	PST087	347	347	2	torna[te],	tornate	_	_	_	_	_	linguistic	_	none	Intonation=WeaklyRising	End=811.637	_	_	_	5-7(99)
348-0	?	348	348	0	[che]	che	_	_	_	_	_	linguistic	_	none	_	Begin=811.451	_	_	_	0-3(99)
348-1	?	348	348	1	filmiamo	filmiamo	_	_	_	_	_	linguistic	_	none	_	End=812.673	_	_	_	_
349-0	PST211	349	349	0	settimana	settimana	_	_	_	_	_	linguistic	_	none	_	Begin=812.927	_	_	_	_
349-1	PST211	349	349	1	prossim[a]	prossima	_	_	_	_	_	linguistic	_	none	_	End=814.23	_	_	_	7-8(100)
350-0	?	350	350	0	[però]	però	_	_	_	_	_	linguistic	_	none	PauseAfter=Yes	Begin=813.915	_	_	_	0-4(100)
350-1	?	350	350	1	{P}	{P}	_	_	_	_	_	shortpause	_	none	_	_	_	_	_	_
350-2	?	350	350	2	se	se	_	_	_	_	_	linguistic	_	none	_	_	_	_	_	_
350-3	?	350	350	3	il	il	_	_	_	_	_	linguistic	_	none	_	_	_	_	_	_
350-4	?	350	350	4	martedi	martedi	_	_	_	_	_	linguistic	_	none	_	_	_	_	_	_
350-5	?	350	350	5	pomeriggio	pomeriggio	_	_	_	_	_	linguistic	_	none	_	_	_	_	_	_
350-6	?	350	350	6	non	non	_	_	_	_	_	linguistic	_	none	_	_	_	_	_	_
350-7	?	350	350	7	avete	avete	_	_	_	_	_	linguistic	_	none	_	_	_	_	_	_
350-8	?	350	350	8	cose	cose	_	_	_	_	_	linguistic	_	none	_	_	_	_	_	_
350-9	?	350	350	9	da	da	_	_	_	_	_	linguistic	_	none	_	_	_	_	_	_
350-10	?	350	350	10	fare	fare	_	_	_	_	_	linguistic	_	none	_	_	_	_	_	_
350-11	?	350	350	11	qua	qua	_	_	_	_	_	linguistic	_	none	_	_	_	_	_	_
350-12	?	350	350	12	e	e	_	_	_	_	_	linguistic	_	none	_	_	_	_	_	_
350-13	?	350	350	13	volete	volete	_	_	_	_	_	linguistic	_	none	_	_	_	_	_	_
350-14	?	350	350	14	passare,	passare	_	_	_	_	_	linguistic	_	none	Intonation=WeaklyRising	End=817.927	_	_	_	_
351-0	PST087	351	351	0	a	a	_	_	_	_	_	linguistic	_	none	_	Begin=817.964	_	_	_	_
351-1	PST087	351	351	1	che	che	_	_	_	_	_	linguistic	_	none	_	_	_	_	_	_
351-2	PST087	351	351	2	ora	ora	_	_	_	_	_	linguistic	_	none	_	End=818.873	_	_	_	_
352-0	?	352	352	0	in	in	_	_	_	_	_	linguistic	_	none	_	Begin=819.636	_	_	_	_
352-1	?	352	352	1	realtà	realtà	_	_	_	_	_	linguistic	_	none	_	_	_	_	_	_
352-2	?	352	352	2	è	è	_	_	_	_	_	linguistic	_	none	_	_	_	_	_	_
352-3	?	352	352	3	dalle	dalle	_	_	_	_	_	linguistic	_	none	_	_	_	_	_	_
352-4	?	352	352	4	dieci	dieci	_	_	_	_	_	linguistic	_	none	_	_	_	_	_	_
352-5	?	352	352	5	del	del	_	_	_	_	_	linguistic	_	none	_	_	_	_	_	_
352-6	?	352	352	6	mattino	mattino	_	_	_	_	_	linguistic	_	none	_	_	_	_	_	_
352-7	?	352	352	7	ma	ma	_	_	_	_	_	linguistic	_	none	_	_	_	_	_	_
352-8	?	352	352	8	siete	siete	_	_	_	_	_	linguistic	_	none	_	_	_	_	_	_
352-9	?	352	352	9	a	a	_	_	_	_	_	linguistic	_	none	_	_	_	_	_	_
352-10	?	352	352	10	scuola	scuola	_	_	_	_	_	linguistic	_	none	_	_	_	_	_	_
352-11	?	352	352	11	poi	poi	_	_	_	_	_	linguistic	_	none	_	_	_	_	_	_
352-12	?	352	352	12	quando	quando	_	_	_	_	_	linguistic	_	none	_	_	_	_	_	_
352-13	?	352	352	13	uscite,	uscite	_	_	_	_	_	linguistic	_	none	Intonation=WeaklyRising	End=822.929	_	_	_	_
353-0	PST087	353	353	0	alle	alle	_	_	_	_	_	linguistic	_	none	_	Begin=823.017	_	_	_	_
353-1	PST087	353	353	1	quattro	quattro	_	_	_	_	_	linguistic	_	none	_	_	_	_	_	_
353-2	PST087	353	353	2	{ride}	{ride}	_	_	_	_	_	nonverbalbehavior	_	none	_	End=824.4335000000001	_	_	_	_
354-0	?	354	354	0	alle	alle	_	_	_	_	_	linguistic	_	none	_	Begin=824.4335000000001	_	_	_	_
354-1	?	354	354	1	quattro	quattro	_	_	_	_	_	linguistic	_	none	_	_	_	_	_	_
354-2	?	354	354	2	io	io	_	_	_	_	_	linguistic	_	none	_	_	_	_	_	_
354-3	?	354	354	3	vado	vado	_	_	_	_	_	linguistic	_	none	_	_	_	_	_	_
354-4	?	354	354	4	fino	fino	_	_	_	_	_	linguistic	_	none	_	_	_	_	_	_
354-5	?	354	354	5	alle	alle	_	_	_	_	_	linguistic	_	none	_	_	_	_	_	_
354-6	?	354	354	6	sei	sei	_	_	_	_	_	linguistic	_	none	_	End=826.527	_	_	_	_
355-0	PST092	355	355	0	[xx	xx	_	_	_	_	_	unknown	_	none	Syllables=2	Begin=824.91	_	_	_	0-2(101)
355-1	PST092	355	355	1	xx	xx	_	_	_	_	_	unknown	_	none	Syllables=2	_	_	_	_	0-2(101)
355-2	PST092	355	355	2	magari	magari	_	_	_	_	_	linguistic	_	none	_	_	_	_	_	0-6(101)
355-3	PST092	355	355	3	io	io	_	_	_	_	_	linguistic	_	none	_	_	_	_	_	0-2(101)
355-4	PST092	355	355	4	mi	mi	_	_	_	_	_	linguistic	_	none	_	_	_	_	_	0-2(101)
355-5	PST092	355	355	5	balzo	balzo	_	_	_	_	_	linguistic	_	none	_	_	_	_	_	0-5(101)
355-6	PST092	355	355	6	scuola]	scuola	_	_	_	_	_	linguistic	_	none	_	_	_	_	_	0-6(101)
355-7	PST092	355	355	7	per	per	_	_	_	_	_	linguistic	_	none	_	_	_	_	_	_
355-8	PST092	355	355	8	venire	venire	_	_	_	_	_	linguistic	_	none	_	End=827.51	_	_	_	_
356-0	?	356	356	0	non	non	_	_	_	_	_	linguistic	_	none	_	Begin=828.018	_	_	_	_
356-1	?	356	356	1	penso	penso	_	_	_	_	_	linguistic	_	none	_	End=829.062	_	_	_	_
357-0	?	357	357	0	e:h	eh	_	_	_	_	_	linguistic	_	none	_	Begin=829.353	0x1	_	_	_
357-1	?	357	357	1	quello	quello	_	_	_	_	_	linguistic	_	none	_	_	_	_	_	_
357-2	?	357	357	2	potrebbe	potrebbe	_	_	_	_	_	linguistic	_	none	_	_	_	_	_	_
357-3	?	357	357	3	succedere	succedere	_	_	_	_	_	linguistic	_	none	_	_	_	_	_	_
357-4	?	357	357	4	se	se	_	_	_	_	_	linguistic	_	none	_	_	_	_	_	_
357-5	?	357	357	5	organizziamo	organizziamo	_	_	_	_	_	linguistic	_	none	_	_	_	_	_	_
357-6	?	357	357	6	una	una	_	_	_	_	_	linguistic	_	none	_	_	_	_	_	_
357-7	?	357	357	7	gita	gita	_	_	_	_	_	linguistic	_	none	_	End=833.637	_	_	_	_
358-0	?	358	358	0	di	di	_	_	_	_	_	linguistic	_	none	_	Begin=833.664	_	_	_	_
358-1	?	358	358	1	gruppo	gruppo	_	_	_	_	_	linguistic	_	none	_	_	_	_	_	_
358-2	?	358	358	2	dove	dove	_	_	_	_	_	linguistic	_	none	_	_	_	_	_	_
358-3	?	358	358	3	d'	d'	_	_	_	_	_	linguistic	_	none	SpaceAfter=No	_	_	_	_	_
358-4	?	358	358	4	intesa	intesa	_	_	_	_	_	linguistic	_	none	_	_	_	_	_	_
358-5	?	358	358	5	con	con	_	_	_	_	_	linguistic	_	none	_	_	_	_	_	_
358-6	?	358	358	6	le	le	_	_	_	_	_	linguistic	_	none	_	_	_	_	_	_
358-7	?	358	358	7	famiglie	famiglie	_	_	_	_	_	linguistic	_	none	_	_	_	_	_	_
358-8	?	358	358	8	che	che	_	_	_	_	_	linguistic	_	none	_	_	_	_	_	_
358-9	?	358	358	9	sanno	sanno	_	_	_	_	_	linguistic	_	none	_	_	_	_	_	_
358-10	?	358	358	10	che	che	_	_	_	_	_	linguistic	_	none	_	_	_	_	_	_
358-11	?	358	358	11	magari	magari	_	_	_	_	_	linguistic	_	none	_	_	_	_	_	_
358-12	?	358	358	12	non	non	_	_	_	_	_	linguistic	_	none	_	_	_	_	_	_
358-13	?	358	358	13	vengono	vengono	_	_	_	_	_	linguistic	_	none	_	_	_	_	_	_
358-14	?	358	358	14	venite	venite	_	_	_	_	_	linguistic	_	none	_	_	_	_	_	_
358-15	?	358	358	15	sette	sette	_	_	_	_	_	linguistic	_	none	_	_	_	_	_	_
358-16	?	358	358	16	ore	ore	_	_	_	_	_	linguistic	_	none	_	_	_	_	_	_
358-17	?	358	358	17	nei	nei	_	_	_	_	_	linguistic	_	none	_	_	_	_	_	_
358-18	?	358	358	18	miei	miei	_	_	_	_	_	linguistic	_	none	_	_	_	_	_	_
358-19	?	358	358	19	studi,	studi	_	_	_	_	_	linguistic	_	none	Intonation=WeaklyRising	End=839.566	_	_	_	_
359-0	?	359	359	0	quel	quel	_	_	_	_	_	linguistic	_	none	_	Begin=839.778	_	_	_	_
359-1	?	359	359	1	tal	tal	_	_	_	_	_	linguistic	_	none	_	_	_	_	_	_
359-2	?	359	359	2	giorno	giorno	_	_	_	_	_	linguistic	_	none	_	End=840.549	_	_	_	_
360-0	PST087	360	360	0	[quello	quello	_	_	_	_	_	linguistic	_	none	_	Begin=840.513	_	_	_	0-6(103)
360-1	PST087	360	360	1	sì	sì	_	_	_	_	_	linguistic	_	none	_	_	_	_	_	0-2(103)
360-2	PST087	360	360	2	che	che	_	_	_	_	_	linguistic	_	none	_	_	_	_	_	0-3(103)
360-3	PST087	360	360	3	sarebbe	sarebbe	_	_	_	_	_	linguistic	_	none	_	_	_	_	_	0-7(103)
360-4	PST087	360	360	4	bello]	bello	_	_	_	_	_	linguistic	_	none	_	End=842.055	_	_	_	0-5(103)
361-0	PST092	361	361	0	[quel~	quel~	_	_	_	_	_	linguistic	_	none	Interrupted=Yes	Begin=841.127	_	_	_	0-5(103)
361-1	PST092	361	361	1	quello	quello	_	_	_	_	_	linguistic	_	none	_	_	_	_	_	0-6(103)
361-2	PST092	361	361	2	è	è	_	_	_	_	_	linguistic	_	none	_	_	_	_	_	0-1(103)
361-3	PST092	361	361	3	comodo]	comodo	_	_	_	_	_	linguistic	_	none	_	_	_	_	_	0-6(103)
361-4	PST092	361	361	4	quello	quello	_	_	_	_	_	linguistic	_	none	_	_	_	_	_	_
361-5	PST092	361	361	5	è	è	_	_	_	_	_	linguistic	_	none	_	_	_	_	_	_
361-6	PST092	361	361	6	comodo	comodo	_	_	_	_	_	linguistic	_	none	_	_	_	_	_	_
361-7	PST092	361	361	7	perché	perché	_	_	_	_	_	linguistic	_	none	_	_	_	_	_	_
361-8	PST092	361	361	8	[con	con	_	_	_	_	_	linguistic	_	none	_	_	_	_	_	0-3(104)
361-9	PST092	361	361	9	un	un	_	_	_	_	_	linguistic	_	none	_	_	_	_	_	0-2(104)
361-10	PST092	361	361	10	permesso	permesso	_	_	_	_	_	linguistic	_	none	_	_	_	_	_	0-8(104)
361-11	PST092	361	361	11	la	la	_	_	_	_	_	linguistic	_	none	_	_	_	_	_	0-2(104)
361-12	PST092	361	361	12	scuola]	scuola	_	_	_	_	_	linguistic	_	none	_	_	_	_	_	0-6(104)
361-13	PST092	361	361	13	lo	lo	_	_	_	_	_	linguistic	_	none	_	_	_	_	_	_
361-14	PST092	361	361	14	prende	prende	_	_	_	_	_	linguistic	_	none	_	_	_	_	_	_
361-15	PST092	361	361	15	come	come	_	_	_	_	_	linguistic	_	none	_	_	_	_	_	_
361-16	PST092	361	361	16	punti	punti	_	_	_	_	_	linguistic	_	none	_	_	_	_	_	_
361-17	PST092	361	361	17	[per	per	_	_	_	_	_	linguistic	_	none	_	_	_	_	_	0-3(105)
361-18	PST092	361	361	18	chi::	chi	_	_	_	_	_	linguistic	_	none	_	_	2x2	_	_	0-3(105)
361-19	PST092	361	361	19	va	va	_	_	_	_	_	linguistic	_	none	_	_	_	_	_	0-2(105)
361-20	PST092	361	361	20	alle	alle	_	_	_	_	_	linguistic	_	none	_	_	_	_	_	0-4(105)
361-21	PST092	361	361	21	xxx]	xxx	_	_	_	_	_	unknown	_	none	Syllables=3	End=847.08	_	_	_	0-3(105)
362-0	?	362	362	0	[oppure]	oppure	_	_	_	_	_	linguistic	_	none	_	Begin=842.84|End=843.655	_	_	_	0-6(104)
363-0	?	363	363	0	[appunto	appunto	_	_	_	_	_	linguistic	_	none	_	Begin=845.106	_	_	_	0-7(?)
363-1	?	363	363	1	quelle	quelle	_	_	_	_	_	linguistic	_	none	_	_	_	_	_	0-6(?)
363-2	?	363	363	2	tre	tre	_	_	_	_	_	linguistic	_	none	_	_	_	_	_	0-3(?)
363-3	?	363	363	3	quattro	quattro	_	_	_	_	_	linguistic	_	none	_	_	_	_	_	0-7(?)
363-4	?	363	363	4	che	che	_	_	_	_	_	linguistic	_	none	_	_	_	_	_	0-3(?)
363-5	?	363	363	5	sono	sono	_	_	_	_	_	linguistic	_	none	_	_	_	_	_	0-4(?)
363-6	?	363	363	6	interessate]	interessate	_	_	_	_	_	linguistic	_	none	_	End=848.23	_	_	_	0-11(?)
364-0	PST211	364	364	0	i	i	_	_	_	_	_	linguistic	_	none	_	Begin=847.909	_	_	_	_
364-1	PST211	364	364	1	crediti	crediti	_	_	_	_	_	linguistic	_	none	PauseAfter=Yes	_	_	_	_	_
364-2	PST211	364	364	2	{P}	{P}	_	_	_	_	_	shortpause	_	none	_	_	_	_	_	_
364-3	PST211	364	364	3	mh	mh	_	_	_	_	_	linguistic	_	none	_	End=849.418	_	_	_	_
365-0	PST211	365	365	0	ma	ma	_	_	_	_	_	linguistic	_	none	_	Begin=849.482	_	_	_	_
365-1	PST211	365	365	1	[non	non	_	_	_	_	_	linguistic	_	none	_	_	_	_	_	0-3(107)
365-2	PST211	365	365	2	so	so	_	_	_	_	_	linguistic	_	none	_	_	_	_	_	0-2(107)
365-3	PST211	365	365	3	se	se	_	_	_	_	_	linguistic	_	none	_	_	_	_	_	0-2(107)
365-4	PST211	365	365	4	xx]	xx	_	_	_	_	_	unknown	_	none	Syllables=2	End=851.164	_	_	_	0-2(107)
366-0	PST087	366	366	0	[eh	eh	_	_	_	_	_	linguistic	_	none	_	Begin=849.89	_	_	_	0-2(107)
366-1	PST087	366	366	1	da	da	_	_	_	_	_	linguistic	_	none	_	_	_	_	_	0-2(107)
366-2	PST087	366	366	2	te:	te	_	_	_	_	_	linguistic	_	none	_	_	1x1	_	_	0-2(107)
366-3	PST087	366	366	3	io	io	_	_	_	_	_	linguistic	_	none	_	_	_	_	_	0-2(107)
366-4	PST087	366	366	4	non	non	_	_	_	_	_	linguistic	_	none	_	_	_	_	_	0-3(107)
366-5	PST087	366	366	5	faccio]	faccio	_	_	_	_	_	linguistic	_	none	_	_	_	_	_	0-6(107)
366-6	PST087	366	366	6	le	le	_	_	_	_	_	linguistic	_	none	_	_	_	_	_	_
366-7	PST087	366	366	7	superi[ori]	superiori	_	_	_	_	_	linguistic	_	none	_	End=851.981	_	_	_	6-9(108)
367-0	?	367	367	0	[al	al	_	_	_	_	_	linguistic	_	none	_	Begin=851.734	_	_	_	0-2(108)
367-1	?	367	367	1	mar]tedi	martedi	_	_	_	_	_	linguistic	_	none	PauseAfter=Yes	_	_	_	_	0-3(108)
367-2	?	367	367	2	{P}	{P}	_	_	_	_	_	shortpause	_	none	_	_	_	_	_	_
367-3	?	367	367	3	è	è	_	_	_	_	_	linguistic	_	none	_	_	_	_	_	_
367-4	?	367	367	4	tutto	tutto	_	_	_	_	_	linguistic	_	none	_	_	_	_	_	_
367-5	?	367	367	5	di	di	_	_	_	_	_	linguistic	_	none	_	_	_	_	_	_
367-6	?	367	367	6	rag[azze	ragazze	_	_	_	_	_	linguistic	_	none	PauseAfter=Yes	_	_	_	_	3-7(109)
367-7	?	367	367	7	{P}	{P}	_	_	_	_	_	shortpause	_	none	_	_	_	_	_	0-3(109)
367-8	?	367	367	8	c(io)è	cioè	_	_	_	_	_	linguistic	_	none	_	_	_	_	1-3(0)	0-4(109)
367-9	?	367	367	9	possono	possono	_	_	_	_	_	linguistic	_	none	_	_	_	_	_	0-7(109)
367-10	?	367	367	10	entrare]	entrare	_	_	_	_	_	linguistic	_	none	_	_	_	_	_	0-7(109)
367-11	?	367	367	11	solo	solo	_	_	_	_	_	linguistic	_	none	_	_	_	_	_	_
367-12	?	367	367	12	rag[azze	ragazze	_	_	_	_	_	linguistic	_	none	PauseAfter=Yes	_	_	_	_	3-7(110)
367-13	?	367	367	13	{P}	{P}	_	_	_	_	_	shortpause	_	none	_	_	_	_	_	0-3(110)
367-14	?	367	367	14	non	non	_	_	_	_	_	linguistic	_	none	_	_	_	_	_	0-3(110)
367-15	?	367	367	15	entrano	entrano	_	_	_	_	_	linguistic	_	none	_	_	_	_	_	0-7(110)
367-16	?	367	367	16	maschi]	maschi	_	_	_	_	_	linguistic	_	none	_	End=857.691	_	_	_	0-6(110)
368-0	PST092	368	368	0	[se	se	_	_	_	_	_	linguistic	_	none	_	Begin=853.769	_	_	_	0-2(109)
368-1	PST092	368	368	1	la	la	_	_	_	_	_	linguistic	_	none	_	_	_	_	_	0-2(109)
368-2	PST092	368	368	2	scuola	scuola	_	_	_	_	_	linguistic	_	none	_	_	_	_	_	0-6(109)
368-3	PST092	368	368	3	accetta	accetta	_	_	_	_	_	linguistic	_	none	_	_	_	_	_	0-7(109)
368-4	PST092	368	368	4	sì]	sì	_	_	_	_	_	linguistic	_	none	_	End=855.091	_	_	_	0-2(109)
369-0	PST092	369	369	0	[magari	magari	_	_	_	_	_	linguistic	_	none	_	Begin=856.054	_	_	_	0-6(?)
369-1	PST092	369	369	1	non	non	_	_	_	_	_	linguistic	_	none	_	_	_	_	_	0-3(?)
369-2	PST092	369	369	2	te	te	_	_	_	_	_	linguistic	_	none	_	_	_	_	_	0-2(?)
369-3	PST092	369	369	3	la	la	_	_	_	_	_	linguistic	_	none	_	_	_	_	_	0-2(?)
369-4	PST092	369	369	4	non	non	_	_	_	_	_	linguistic	_	none	_	_	_	_	_	0-3(?)
369-5	PST092	369	369	5	te	te	_	_	_	_	_	linguistic	_	none	_	_	_	_	_	0-2(?)
369-6	PST092	369	369	6	lo	lo	_	_	_	_	_	linguistic	_	none	_	_	_	_	_	0-2(?)
369-7	PST092	369	369	7	prendono	prendono	_	_	_	_	_	linguistic	_	none	_	_	_	_	_	0-8(?)
369-8	PST092	369	369	8	come]::	come	_	_	_	_	_	linguistic	_	none	_	_	3x2	_	_	0-4(?)
369-9	PST092	369	369	9	c(io)è	cioè	_	_	_	_	_	linguistic	_	none	_	_	_	_	1-3(0)	_
369-10	PST092	369	369	10	dato	dato	_	_	_	_	_	linguistic	_	none	_	_	_	_	_	_
369-11	PST092	369	369	11	che	che	_	_	_	_	_	linguistic	_	none	_	_	_	_	_	_
369-12	PST092	369	369	12	conta	conta	_	_	_	_	_	linguistic	_	none	_	_	_	_	_	_
369-13	PST092	369	369	13	la	la	_	_	_	_	_	linguistic	_	none	_	_	_	_	_	_
369-14	PST092	369	369	14	xxxenza	xxxenza	_	_	_	_	_	linguistic	_	none	_	_	_	_	_	_
369-15	PST092	369	369	15	xx	xx	_	_	_	_	_	unknown	_	none	Syllables=2	_	_	_	_	_
369-16	PST092	369	369	16	xx	xx	_	_	_	_	_	unknown	_	none	Syllables=2	_	_	_	_	_
369-17	PST092	369	369	17	xx	xx	_	_	_	_	_	unknown	_	none	Syllables=2	End=861.455	_	_	_	_
370-0	?	370	370	0	[ed	ed	_	_	_	_	_	linguistic	_	none	_	Begin=859.163	_	_	_	0-2(111)
370-1	?	370	370	1	è	è	_	_	_	_	_	linguistic	_	none	_	_	_	_	_	0-1(111)
370-2	?	370	370	2	la	la	_	_	_	_	_	linguistic	_	none	_	_	_	_	_	0-2(111)
370-3	?	370	370	3	scuola	scuola	_	_	_	_	_	linguistic	_	none	_	_	_	_	_	0-6(111)
370-4	?	370	370	4	di	di	_	_	_	_	_	linguistic	_	none	_	_	_	_	_	0-2(111)
370-5	?	370	370	5	cinema	cinema	_	_	_	_	_	linguistic	_	none	_	_	_	_	_	0-6(111)
370-6	?	370	370	6	al	al	_	_	_	_	_	linguistic	_	none	_	_	_	_	_	0-2(111)
370-7	?	370	370	7	femminile]	femminile	_	_	_	_	_	linguistic	_	none	_	End=861.454	_	_	_	0-9(111)
371-0	PST211	371	371	0	ma	ma	_	_	_	_	_	linguistic	_	none	_	Begin=863.854	_	_	_	_
371-1	PST211	371	371	1	è	è	_	_	_	_	_	linguistic	_	none	_	_	_	_	_	_
371-2	PST211	371	371	2	il	il	_	_	_	_	_	linguistic	_	none	_	_	_	_	_	_
371-3	PST211	371	371	3	centro	centro	_	_	_	_	_	linguistic	_	none	_	_	_	_	_	_
371-4	PST211	371	371	4	però	però	_	_	_	_	_	linguistic	_	none	_	_	_	_	_	_
371-5	PST211	371	371	5	che	che	_	_	_	_	_	linguistic	_	none	_	_	_	_	_	_
371-6	PST211	371	371	6	li	li	_	_	_	_	_	linguistic	_	none	_	_	_	_	_	_
371-7	PST211	371	371	7	certif[ica	certifica	_	_	_	_	_	linguistic	_	none	_	_	_	_	_	6-9(112)
371-8	PST211	371	371	8	non]	non	_	_	_	_	_	linguistic	_	none	_	_	_	_	_	0-3(112)
371-9	PST211	371	371	9	lui	lui	_	_	_	_	_	linguistic	_	none	_	End=866.436	_	_	_	_
372-0	PST092	372	372	0	[ah]	ah	_	_	_	_	_	linguistic	_	none	_	Begin=865.491|End=865.982	_	_	_	0-2(112)
373-0	?	373	373	0	[io	io	_	_	_	_	_	linguistic	_	none	_	Begin=867.0	_	_	_	0-2(?)
373-1	?	373	373	1	sono	sono	_	_	_	_	_	linguistic	_	none	_	_	_	_	_	0-4(?)
373-2	?	373	373	2	xx]	xx	_	_	_	_	_	unknown	_	none	Syllables=2	End=868.545	_	_	_	0-2(?)
374-0	PST092	374	374	0	[eh	eh	_	_	_	_	_	linguistic	_	none	_	Begin=867.072	_	_	_	0-2(113)
374-1	PST092	374	374	1	xx	xx	_	_	_	_	_	unknown	_	none	Syllables=2	_	_	_	_	0-2(113)
374-2	PST092	374	374	2	ma	ma	_	_	_	_	_	linguistic	_	none	_	_	_	_	_	0-2(113)
374-3	PST092	374	374	3	comunque]	comunque	_	_	_	_	_	linguistic	_	none	_	End=868.272	_	_	_	0-8(113)
375-0	PST087	375	375	0	ah	ah	_	_	_	_	_	linguistic	_	none	_	Begin=868.309|End=868.618	_	_	_	_
376-0	PST092	376	376	0	tipo	tipo	_	_	_	_	_	linguistic	_	none	_	Begin=869.09	_	_	_	_
376-1	PST092	376	376	1	xxx	xxx	_	_	_	_	_	unknown	_	none	Syllables=3	_	_	_	_	_
376-2	PST092	376	376	2	che::	che	_	_	_	_	_	linguistic	_	none	_	_	2x2	_	_	_
376-3	PST092	376	376	3	avevamo	avevamo	_	_	_	_	_	linguistic	_	none	_	_	_	_	_	_
376-4	PST092	376	376	4	chiesto	chiesto	_	_	_	_	_	linguistic	_	none	_	_	_	_	_	_
376-5	PST092	376	376	5	un	un	_	_	_	_	_	linguistic	_	none	_	_	_	_	_	_
376-6	PST092	376	376	6	permesso	permesso	_	_	_	_	_	linguistic	_	none	PauseAfter=Yes	_	_	_	_	_
376-7	PST092	376	376	7	{P}	{P}	_	_	_	_	_	shortpause	_	none	_	_	_	_	_	_
376-8	PST092	376	376	8	alcune	alcune	_	_	_	_	_	linguistic	_	none	_	_	_	_	_	_
376-9	PST092	376	376	9	scuole	scuole	_	_	_	_	_	linguistic	_	none	_	_	_	_	_	_
376-10	PST092	376	376	10	l'	l'	_	_	_	_	_	linguistic	_	none	SpaceAfter=No	_	_	_	_	_
376-11	PST092	376	376	11	hanno	hanno	_	_	_	_	_	linguistic	_	none	_	_	_	_	_	_
376-12	PST092	376	376	12	rifiutato	rifiutato	_	_	_	_	_	linguistic	_	none	_	_	_	_	_	_
376-13	PST092	376	376	13	ma	ma	_	_	_	_	_	linguistic	_	none	_	_	_	_	_	_
376-14	PST092	376	376	14	hanno	hanno	_	_	_	_	_	linguistic	_	none	_	_	_	_	_	_
376-15	PST092	376	376	15	detto	detto	_	_	_	_	_	linguistic	_	none	_	_	_	_	_	_
376-16	PST092	376	376	16	piuttosto	piuttosto	_	_	_	_	_	linguistic	_	none	_	_	_	_	_	_
376-17	PST092	376	376	17	che	che	_	_	_	_	_	linguistic	_	none	PauseAfter=Yes	_	_	_	_	_
376-18	PST092	376	376	18	{P}	{P}	_	_	_	_	_	shortpause	_	none	_	_	_	_	_	_
376-19	PST092	376	376	19	darti	darti	_	_	_	_	_	linguistic	_	none	_	_	_	_	_	_
376-20	PST092	376	376	20	l'	l'	_	_	_	_	_	linguistic	_	none	SpaceAfter=No	_	_	_	_	_
376-21	PST092	376	376	21	asse~	asse~	_	_	_	_	_	linguistic	_	none	Interrupted=Yes	_	_	_	_	_
376-22	PST092	376	376	22	noi	noi	_	_	_	_	_	linguistic	_	none	_	_	_	_	_	_
376-23	PST092	376	376	23	ti	ti	_	_	_	_	_	linguistic	_	none	_	_	_	_	_	_
376-24	PST092	376	376	24	diamo	diamo	_	_	_	_	_	linguistic	_	none	_	_	_	_	_	_
376-25	PST092	376	376	25	l'	l'	_	_	_	_	_	linguistic	_	none	SpaceAfter=No	_	_	_	_	_
376-26	PST092	376	376	26	assenza	assenza	_	_	_	_	_	linguistic	_	none	_	_	_	_	_	_
376-27	PST092	376	376	27	ma	ma	_	_	_	_	_	linguistic	_	none	_	_	_	_	_	_
376-28	PST092	376	376	28	ti	ti	_	_	_	_	_	linguistic	_	none	_	_	_	_	_	_
376-29	PST092	376	376	29	prendiamo	prendiamo	_	_	_	_	_	linguistic	_	none	_	_	_	_	_	_
376-30	PST092	376	376	30	i	i	_	_	_	_	_	linguistic	_	none	_	_	_	_	_	_
376-31	PST092	376	376	31	crediti	crediti	_	_	_	_	_	linguistic	_	none	_	_	_	_	_	_
376-32	PST092	376	376	32	cioè	cioè	_	_	_	_	_	linguistic	_	none	_	_	_	_	_	_
376-33	PST092	376	376	33	ti	ti	_	_	_	_	_	linguistic	_	none	_	_	_	_	_	_
376-34	PST092	376	376	34	diamo	diamo	_	_	_	_	_	linguistic	_	none	_	_	_	_	_	_
376-35	PST092	376	376	35	tanti	tanti	_	_	_	_	_	linguistic	_	none	_	_	_	_	_	_
376-36	PST092	376	376	36	crediti	crediti	_	_	_	_	_	linguistic	_	none	_	_	_	_	_	_
376-37	PST092	376	376	37	per	per	_	_	_	_	_	linguistic	_	none	_	_	_	_	_	_
376-38	PST092	376	376	38	avere	avere	_	_	_	_	_	linguistic	_	none	_	_	_	_	_	_
376-39	PST092	376	376	39	fatto	fatto	_	_	_	_	_	linguistic	_	none	_	_	_	_	_	_
376-40	PST092	376	376	40	questa	questa	_	_	_	_	_	linguistic	_	none	_	_	_	_	_	_
376-41	PST092	376	376	41	attività	attività	_	_	_	_	_	linguistic	_	none	_	End=880.927	_	_	_	_
377-0	?	377	377	0	non	non	_	_	_	_	_	linguistic	_	none	_	Begin=870.636	_	_	_	_
377-1	?	377	377	1	tanto	tanto	_	_	_	_	_	linguistic	_	none	_	_	_	_	_	_
377-2	?	377	377	2	da	da	_	_	_	_	_	linguistic	_	none	_	_	_	_	_	_
377-3	?	377	377	3	questa	questa	_	_	_	_	_	linguistic	_	none	_	_	_	_	_	_
377-4	?	377	377	4	zona	zona	_	_	_	_	_	linguistic	_	none	_	_	_	_	_	_
377-5	?	377	377	5	ma	ma	_	_	_	_	_	linguistic	_	none	_	_	_	_	_	_
377-6	?	377	377	6	è	è	_	_	_	_	_	linguistic	_	none	_	_	_	_	_	_
377-7	?	377	377	7	da	da	_	_	_	_	_	linguistic	_	none	_	_	_	_	_	_
377-8	?	377	377	8	questa	questa	_	_	_	_	_	linguistic	_	none	_	_	_	_	_	_
377-9	?	377	377	9	parte	parte	_	_	_	_	_	linguistic	_	none	_	_	_	_	_	_
377-10	?	377	377	10	della	della	_	_	_	_	_	linguistic	_	none	_	_	_	_	_	_
377-11	?	377	377	11	città	città	_	_	_	_	_	linguistic	_	none	_	End=873.091	_	_	_	_
378-0	PST087	378	378	0	xx?	xx	_	_	_	_	_	linguistic	_	none	Intonation=Rising	Begin=873.091|End=873.873	_	_	_	_
379-0	?	379	379	0	sì	sì	_	_	_	_	_	linguistic	_	none	_	Begin=873.927	_	_	_	_
379-1	?	379	379	1	sì	sì	_	_	_	_	_	linguistic	_	none	_	_	_	_	_	_
379-2	?	379	379	2	prendete	prendete	_	_	_	_	_	linguistic	_	none	_	_	_	_	_	_
379-3	?	379	379	3	il	il	_	_	_	_	_	linguistic	_	none	_	_	_	_	_	_
379-4	?	379	379	4	due	due	_	_	_	_	_	linguistic	_	none	_	_	_	_	_	_
379-5	?	379	379	5	e	e	_	_	_	_	_	linguistic	_	none	_	_	_	_	_	_
379-6	?	379	379	6	poi	poi	_	_	_	_	_	linguistic	_	none	_	_	_	_	_	_
379-7	?	379	379	7	il	il	_	_	_	_	_	linguistic	_	none	_	_	_	_	_	_
379-8	?	379	379	8	tredici	tredici	_	_	_	_	_	linguistic	_	none	_	_	_	_	_	_
379-9	?	379	379	9	e	e	_	_	_	_	_	linguistic	_	none	_	_	_	_	_	_
379-10	?	379	379	10	si	si	_	_	_	_	_	linguistic	_	none	_	_	_	_	_	_
379-11	?	379	379	11	arriva	arriva	_	_	_	_	_	linguistic	_	none	PauseAfter=Yes	_	_	_	_	_
379-12	?	379	379	12	{P}	{P}	_	_	_	_	_	shortpause	_	none	_	_	_	_	_	_
379-13	?	379	379	13	non	non	_	_	_	_	_	linguistic	_	none	_	_	_	_	_	_
379-14	?	379	379	14	è	è	_	_	_	_	_	linguistic	_	none	_	_	_	_	_	_
379-15	?	379	379	15	(lontano)	lontano	_	_	_	_	_	linguistic	_	none	_	End=877.564	_	_	0-7(0)	_
380-0	?	380	380	0	puoi	puoi	_	_	_	_	_	linguistic	_	none	_	Begin=877.9	_	_	_	_
380-1	?	380	380	1	prendere	prendere	_	_	_	_	_	linguistic	_	none	_	_	_	_	_	_
380-2	?	380	380	2	il	il	_	_	_	_	_	linguistic	_	none	_	_	_	_	_	_
380-3	?	380	380	3	cinque	cinque	_	_	_	_	_	linguistic	_	none	_	_	_	_	_	_
380-4	?	380	380	4	o	o	_	_	_	_	_	linguistic	_	none	_	_	_	_	_	_
380-5	?	380	380	5	il	il	_	_	_	_	_	linguistic	_	none	_	_	_	_	_	_
380-6	?	380	380	6	sei	sei	_	_	_	_	_	linguistic	_	none	_	_	_	_	_	_
380-7	?	380	380	7	però	però	_	_	_	_	_	linguistic	_	none	PauseAfter=Yes	_	_	_	_	_
380-8	?	380	380	8	{P}	{P}	_	_	_	_	_	shortpause	_	none	_	_	_	_	_	_
380-9	?	380	380	9	dove	dove	_	_	_	_	_	linguistic	_	none	_	_	_	_	_	_
380-10	?	380	380	10	abiti	abiti	_	_	_	_	_	linguistic	_	none	_	_	_	_	_	_
380-11	?	380	380	11	tu.	tu	_	_	_	_	_	linguistic	_	none	Intonation=Falling	End=880.918	_	_	_	_
381-0	PST087	381	381	0	@nomeluogo	@nomeluogo	_	_	_	_	_	anonymized	_	none	_	Begin=880.947|End=882.115	_	_	_	_
382-0	PST087	382	382	0	fermata	fermata	_	_	_	_	_	linguistic	_	none	_	Begin=883.248	_	_	_	_
382-1	PST087	382	382	1	di	di	_	_	_	_	_	linguistic	_	none	_	_	_	_	_	_
382-2	PST087	382	382	2	@nomeluogo	@nomeluogo	_	_	_	_	_	anonymized	_	none	_	End=884.548	_	_	_	_
383-0	PST092	383	383	0	ah	ah	_	_	_	_	_	linguistic	_	none	_	Begin=884.574	_	_	_	_
383-1	PST092	383	383	1	io	io	_	_	_	_	_	linguistic	_	none	_	_	_	_	_	_
383-2	PST092	383	383	2	finisco	finisco	_	_	_	_	_	linguistic	_	none	_	_	_	_	_	_
383-3	PST092	383	383	3	alle	alle	_	_	_	_	_	linguistic	_	none	_	_	_	_	_	_
383-4	PST092	383	383	4	due	due	_	_	_	_	_	linguistic	_	none	_	End=885.814	_	_	_	_
384-0	?	384	384	0	tu	tu	_	_	_	_	_	linguistic	_	none	_	Begin=885.814	_	_	_	_
384-1	?	384	384	1	dove	dove	_	_	_	_	_	linguistic	_	none	_	_	_	_	_	_
384-2	?	384	384	2	sei?	sei	_	_	_	_	_	linguistic	_	none	Intonation=Rising	End=886.787	_	_	_	_
385-0	PST092	385	385	0	eh	eh	_	_	_	_	_	linguistic	_	none	_	Begin=886.796	_	_	_	_
385-1	PST092	385	385	1	io	io	_	_	_	_	_	linguistic	_	none	_	_	_	_	_	_
385-2	PST092	385	385	2	finisco	finisco	_	_	_	_	_	linguistic	_	none	_	_	_	_	_	_
385-3	PST092	385	385	3	alle	alle	_	_	_	_	_	linguistic	_	none	_	_	_	_	_	_
385-4	PST092	385	385	4	due	due	_	_	_	_	_	linguistic	_	none	_	_	_	_	_	_
385-5	PST092	385	385	5	però	però	_	_	_	_	_	linguistic	_	none	_	_	_	_	_	_
385-6	PST092	385	385	6	xx	xx	_	_	_	_	_	unknown	_	none	Syllables=2	_	_	_	_	_
385-7	PST092	385	385	7	xx	xx	_	_	_	_	_	unknown	_	none	Syllables=2	End=888.946	_	_	_	_
386-0	?	386	386	0	non	non	_	_	_	_	_	linguistic	_	none	_	Begin=889.008	_	_	_	_
386-1	?	386	386	1	non	non	_	_	_	_	_	linguistic	_	none	_	_	_	_	_	_
386-2	?	386	386	2	per	per	_	_	_	_	_	linguistic	_	none	_	_	_	_	_	_
386-3	?	386	386	3	sapere	sapere	_	_	_	_	_	linguistic	_	none	_	_	_	_	_	_
386-4	?	386	386	4	esattamente	esattamente	_	_	_	_	_	linguistic	_	none	_	_	_	_	_	_
386-5	?	386	386	5	ma	ma	_	_	_	_	_	linguistic	_	none	_	_	_	_	_	_
386-6	?	386	386	6	di	di	_	_	_	_	_	linguistic	_	none	_	_	_	_	_	_
386-7	?	386	386	7	casa	casa	_	_	_	_	_	linguistic	_	none	_	_	_	_	_	_
386-8	?	386	386	8	(xxx)	xxx	_	_	_	_	_	unknown	_	none	Syllables=3	End=891.46	_	_	0-3(0)	_
387-0	PST092	387	387	0	spezia	spezia	_	_	_	_	_	linguistic	_	none	_	Begin=891.521	_	_	_	_
387-1	PST092	387	387	1	devo	devo	_	_	_	_	_	linguistic	_	none	_	_	_	_	_	_
387-2	PST092	387	387	2	prendere	prendere	_	_	_	_	_	linguistic	_	none	_	_	_	_	_	_
387-3	PST092	387	387	3	la	la	_	_	_	_	_	linguistic	_	none	_	_	_	_	_	_
387-4	PST092	387	387	4	metro	metro	_	_	_	_	_	linguistic	_	none	_	_	_	_	_	_
387-5	PST092	387	387	5	mezz'	mezz'	_	_	_	_	_	linguistic	_	none	SpaceAfter=No	_	_	_	_	_
387-6	PST092	387	387	6	ora	ora	_	_	_	_	_	linguistic	_	none	_	_	_	_	_	_
387-7	PST092	387	387	7	però	però	_	_	_	_	_	linguistic	_	none	_	_	_	_	_	_
387-8	PST092	387	387	8	se	se	_	_	_	_	_	linguistic	_	none	_	_	_	_	_	_
387-9	PST092	387	387	9	parto	parto	_	_	_	_	_	linguistic	_	none	_	_	_	_	_	_
387-10	PST092	387	387	10	da	da	_	_	_	_	_	linguistic	_	none	_	_	_	_	_	_
387-11	PST092	387	387	11	scuola,	scuola	_	_	_	_	_	linguistic	_	none	Intonation=WeaklyRising	End=894.2875	_	_	_	_
388-0	?	388	388	0	(ammetto	ammetto	_	_	_	_	_	linguistic	_	none	_	Begin=894.2875	_	_	0-7(0)	_
388-1	?	388	388	1	che)	che	_	_	_	_	_	linguistic	_	none	_	_	_	_	0-3(0)	_
388-2	?	388	388	2	vicino	vicino	_	_	_	_	_	linguistic	_	none	_	_	_	_	_	_
388-3	?	388	388	3	a	a	_	_	_	_	_	linguistic	_	none	_	_	_	_	_	_
388-4	?	388	388	4	me	me	_	_	_	_	_	linguistic	_	none	_	_	_	_	_	_
388-5	?	388	388	5	in	in	_	_	_	_	_	linguistic	_	none	_	_	_	_	_	_
388-6	?	388	388	6	nove	nove	_	_	_	_	_	linguistic	_	none	_	_	_	_	_	_
388-7	?	388	388	7	minuti	minuti	_	_	_	_	_	linguistic	_	none	_	_	_	_	_	_
388-8	?	388	388	8	sei	sei	_	_	_	_	_	linguistic	_	none	_	_	_	_	_	_
388-9	?	388	388	9	a	a	_	_	_	_	_	linguistic	_	none	_	_	_	_	_	_
388-10	?	388	388	10	porta	porta	_	_	_	_	_	linguistic	_	none	_	_	_	_	_	_
388-11	?	388	388	11	susa	susa	_	_	_	_	_	linguistic	_	none	_	End=897.752	_	_	_	_
389-0	PST092	389	389	0	io	io	_	_	_	_	_	linguistic	_	none	_	Begin=899.053	_	_	_	_
389-1	PST092	389	389	1	a	a	_	_	_	_	_	linguistic	_	none	_	_	_	_	_	_
389-2	PST092	389	389	2	porta	porta	_	_	_	_	_	linguistic	_	none	_	_	_	_	_	_
389-3	PST092	389	389	3	susa	susa	_	_	_	_	_	linguistic	_	none	_	_	_	_	_	_
389-4	PST092	389	389	4	finisco	finisco	_	_	_	_	_	linguistic	_	none	PauseAfter=Yes	_	_	_	_	_
389-5	PST092	389	389	5	{P}	{P}	_	_	_	_	_	shortpause	_	none	_	_	_	_	_	_
389-6	PST092	389	389	6	cioè	cioè	_	_	_	_	_	linguistic	_	none	_	_	_	_	_	_
389-7	PST092	389	389	7	io	io	_	_	_	_	_	linguistic	_	none	_	_	_	_	_	_
389-8	PST092	389	389	8	a	a	_	_	_	_	_	linguistic	_	none	_	_	_	_	_	_
389-9	PST092	389	389	9	porta	porta	_	_	_	_	_	linguistic	_	none	_	_	_	_	_	_
389-10	PST092	389	389	10	susa	susa	_	_	_	_	_	linguistic	_	none	_	_	_	_	_	_
389-11	PST092	389	389	11	vado	vado	_	_	_	_	_	linguistic	_	none	_	_	_	_	_	_
389-12	PST092	389	389	12	a	a	_	_	_	_	_	linguistic	_	none	_	_	_	_	_	_
389-13	PST092	389	389	13	scuola	scuola	_	_	_	_	_	linguistic	_	none	_	_	_	_	_	_
389-14	PST092	389	389	14	quindi::	quindi	_	_	_	_	_	linguistic	_	none	_	End=901.965	5x2	_	_	_
390-0	?	390	390	0	voi	voi	_	_	_	_	_	linguistic	_	none	_	Begin=902.009	_	_	_	_
390-1	?	390	390	1	avete	avete	_	_	_	_	_	linguistic	_	none	_	_	_	_	_	_
390-2	?	390	390	2	(xxx)	xxx	_	_	_	_	_	unknown	_	none	Syllables=3	End=904.239	_	_	0-3(0)	_
391-0	PST211	391	391	0	sì	sì	_	_	_	_	_	linguistic	_	none	_	Begin=904.212	_	_	_	_
391-1	PST211	391	391	1	sì	sì	_	_	_	_	_	linguistic	_	none	_	_	_	_	_	_
391-2	PST211	391	391	2	[ci	ci	_	_	_	_	_	linguistic	_	none	_	_	_	_	_	0-2(120)
391-3	PST211	391	391	3	sentiamo]	sentiamo	_	_	_	_	_	linguistic	_	none	_	End=905.837	_	_	_	0-8(120)
392-0	?	392	392	0	[con	con	_	_	_	_	_	linguistic	_	none	_	Begin=904.927	_	_	_	0-3(120)
392-1	?	392	392	1	i	i	_	_	_	_	_	linguistic	_	none	_	_	_	_	_	0-1(120)
392-2	?	392	392	2	numeri	numeri	_	_	_	_	_	linguistic	_	none	_	_	_	_	_	0-6(120)
392-3	?	392	392	3	è	è	_	_	_	_	_	linguistic	_	none	_	_	_	_	_	0-1(120)
392-4	?	392	392	4	un	un	_	_	_	_	_	linguistic	_	none	_	_	_	_	_	0-2(120)
392-5	?	392	392	5	po'	po'	_	_	_	_	_	linguistic	_	none	_	_	_	_	_	0-3(120)
392-6	?	392	392	6	de]licato	delicato	_	_	_	_	_	linguistic	_	none	_	_	_	_	_	0-2(120)
392-7	?	392	392	7	perché	perché	_	_	_	_	_	linguistic	_	none	_	_	_	_	_	_
392-8	?	392	392	8	sono	sono	_	_	_	_	_	linguistic	_	none	_	_	_	_	_	_
392-9	?	392	392	9	[minori]	minori	_	_	_	_	_	linguistic	_	none	PauseAfter=Yes	_	_	_	_	0-6(121)
392-10	?	392	392	10	{P}	{P}	_	_	_	_	_	shortpause	_	none	_	_	_	_	_	_
392-11	?	392	392	11	°li	li	_	_	_	_	_	linguistic	_	none	Volume=low	_	_	_	_	_
392-12	?	392	392	12	tenete	tenete	_	_	_	_	_	linguistic	_	none	Volume=low	_	_	_	_	_
392-13	?	392	392	13	[voi°	voi	_	_	_	_	_	linguistic	_	none	PauseAfter=Yes|Volume=low	_	_	_	_	0-3(122)
392-14	?	392	392	14	{P}	{P}	_	_	_	_	_	shortpause	_	none	_	_	_	_	_	0-3(122)
392-15	?	392	392	15	se]	se	_	_	_	_	_	linguistic	_	none	_	_	_	_	_	0-2(122)
392-16	?	392	392	16	ti	ti	_	_	_	_	_	linguistic	_	none	_	_	_	_	_	_
392-17	?	392	392	17	chiedono	chiedono	_	_	_	_	_	linguistic	_	none	_	_	_	_	_	_
392-18	?	392	392	18	ancora	ancora	_	_	_	_	_	linguistic	_	none	_	End=912.195	_	_	_	_
393-0	PST211	393	393	0	[mh	mh	_	_	_	_	_	linguistic	_	none	_	Begin=906.819	_	_	_	0-2(121)
393-1	PST211	393	393	1	mh]	mh	_	_	_	_	_	linguistic	_	none	_	End=907.377	_	_	_	0-2(121)
394-0	PST211	394	394	0	[teniamo	teniamo	_	_	_	_	_	linguistic	_	none	_	Begin=908.309	_	_	_	0-7(122)
394-1	PST211	394	394	1	noi	noi	_	_	_	_	_	linguistic	_	none	_	_	_	_	_	0-3(122)
394-2	PST211	394	394	2	sì	sì	_	_	_	_	_	linguistic	_	none	_	_	_	_	_	0-2(122)
394-3	PST211	394	394	3	sì]	sì	_	_	_	_	_	linguistic	_	none	_	End=909.778	_	_	_	0-2(122)
395-0	?	395	395	0	e	e	_	_	_	_	_	linguistic	_	none	_	Begin=912.433	_	_	_	_
395-1	?	395	395	1	senza	senza	_	_	_	_	_	linguistic	_	none	_	_	_	_	_	_
395-2	?	395	395	2	impegno	impegno	_	_	_	_	_	linguistic	_	none	_	_	_	_	_	_
395-3	?	395	395	3	venerdì	venerdì	_	_	_	_	_	linguistic	_	none	_	_	_	_	_	_
395-4	?	395	395	4	va	va	_	_	_	_	_	linguistic	_	none	_	_	_	_	_	_
395-5	?	395	395	5	dalle	dalle	_	_	_	_	_	linguistic	_	none	_	_	_	_	_	_
395-6	?	395	395	6	dieci	dieci	_	_	_	_	_	linguistic	_	none	PauseAfter=Yes	_	_	_	_	_
395-7	?	395	395	7	{P}	{P}	_	_	_	_	_	shortpause	_	none	_	_	_	_	_	_
395-8	?	395	395	8	alle	alle	_	_	_	_	_	linguistic	_	none	_	_	_	_	_	_
395-9	?	395	395	9	diciannove	diciannove	_	_	_	_	_	linguistic	_	none	_	_	_	_	_	_
395-10	?	395	395	10	e	e	_	_	_	_	_	linguistic	_	none	_	_	_	_	_	_
395-11	?	395	395	11	trenta	trenta	_	_	_	_	_	linguistic	_	none	_	End=916.745	_	_	_	_
396-0	PST211	396	396	0	il	il	_	_	_	_	_	linguistic	_	none	_	Begin=916.855	_	_	_	_
396-1	PST211	396	396	1	martedì	martedì	_	_	_	_	_	linguistic	_	none	_	End=917.518	_	_	_	_
397-0	?	397	397	0	il	il	_	_	_	_	_	linguistic	_	none	_	Begin=917.518	_	_	_	_
397-1	?	397	397	1	martedì	martedì	_	_	_	_	_	linguistic	_	none	_	_	_	_	_	_
397-2	?	397	397	2	bra~	bra~	_	_	_	_	_	linguistic	_	none	Interrupted=Yes	_	_	_	_	_
397-3	?	397	397	3	sono	sono	_	_	_	_	_	linguistic	_	none	_	_	_	_	_	_
397-4	?	397	397	4	sono	sono	_	_	_	_	_	linguistic	_	none	_	_	_	_	_	_
397-5	?	397	397	5	sono	sono	_	_	_	_	_	linguistic	_	none	_	_	_	_	_	_
397-6	?	397	397	6	morto	morto	_	_	_	_	_	linguistic	_	none	PauseAfter=Yes	_	_	_	_	_
397-7	?	397	397	7	{P}	{P}	_	_	_	_	_	shortpause	_	none	_	_	_	_	_	_
397-8	?	397	397	8	venerdì	venerdì	_	_	_	_	_	linguistic	_	none	_	_	_	_	_	_
397-9	?	397	397	9	è	è	_	_	_	_	_	linguistic	_	none	_	_	_	_	_	_
397-10	?	397	397	10	qua	qua	_	_	_	_	_	linguistic	_	none	PauseAfter=Yes	_	_	_	_	_
397-11	?	397	397	11	{P}	{P}	_	_	_	_	_	shortpause	_	none	_	_	_	_	_	_
397-12	?	397	397	12	e:::	e	_	_	_	_	_	linguistic	_	none	_	_	0x3	_	_	_
397-13	?	397	397	13	potete	potete	_	_	_	_	_	linguistic	_	none	_	_	_	_	_	_
397-14	?	397	397	14	venire	venire	_	_	_	_	_	linguistic	_	none	_	_	_	_	_	_
397-15	?	397	397	15	a	a	_	_	_	_	_	linguistic	_	none	_	_	_	_	_	_
397-16	?	397	397	16	vedere	vedere	_	_	_	_	_	linguistic	_	none	_	_	_	_	_	_
397-17	?	397	397	17	i	i	_	_	_	_	_	linguistic	_	none	_	_	_	_	_	_
397-18	?	397	397	18	costumi	costumi	_	_	_	_	_	linguistic	_	none	_	_	_	_	_	_
397-19	?	397	397	19	le	le	_	_	_	_	_	linguistic	_	none	_	_	_	_	_	_
397-20	?	397	397	20	cose.	cose	_	_	_	_	_	linguistic	_	none	Intonation=Falling	End=925.504	_	_	_	_
398-0	?	398	398	0	[s:enza],	senza	_	_	_	_	_	linguistic	_	none	Intonation=WeaklyRising	Begin=925.548|End=926.582	0x1	_	_	0-5(123)
399-0	PST087	399	399	0	[al	al	_	_	_	_	_	linguistic	_	none	_	Begin=925.564	_	_	_	0-2(123)
399-1	PST087	399	399	1	massimo]	massimo	_	_	_	_	_	linguistic	_	none	_	_	_	_	_	0-7(123)
399-2	PST087	399	399	2	mica	mica	_	_	_	_	_	linguistic	_	none	_	_	_	_	_	_
399-3	PST087	399	399	3	mettete::	mettete	_	_	_	_	_	linguistic	_	none	_	_	6x2	_	_	_
399-4	PST087	399	399	4	un::	un	_	_	_	_	_	linguistic	_	none	_	_	1x2	_	_	_
399-5	PST087	399	399	5	e::hm	ehm	_	_	_	_	_	linguistic	_	none	_	End=929.273	0x2	_	_	_
400-0	PST092	400	400	0	però	però	_	_	_	_	_	linguistic	_	some	_	Begin=929.327	_	_	_	_
400-1	PST092	400	400	1	dobbiamo	dobbiamo	_	_	_	_	_	linguistic	_	some	_	_	_	_	_	_
400-2	PST092	400	400	2	chiedere	chiedere	_	_	_	_	_	linguistic	_	some	_	_	_	_	_	_
400-3	PST092	400	400	3	a	a	_	_	_	_	_	linguistic	_	some	_	_	_	_	_	_
400-4	PST092	400	400	4	#doamna	doamna	_	_	_	_	_	linguistic	_	some	Language=NO_ISO_CODE|Variation=Token	_	_	_	_	_
400-5	PST092	400	400	5	@ecater[ina]	@ecaterina	_	_	_	_	_	anonymized	_	some	_	End=931.036	_	_	_	7-10(124)
402-0	PST087	402	402	0	[su]	su	_	_	_	_	_	linguistic	_	none	_	Begin=930.424	_	_	_	0-2(124)
402-1	PST087	402	402	1	google	google	_	_	_	_	_	linguistic	_	none	_	_	_	_	_	_
402-2	PST087	402	402	2	map	map	_	_	_	_	_	linguistic	_	none	_	End=931.548	_	_	_	_
403-0	?	403	403	0	[sì::	sì	_	_	_	_	_	linguistic	_	none	_	Begin=931.566	1x2	_	_	0-2(125)
403-1	?	403	403	1	sanno	sanno	_	_	_	_	_	linguistic	_	none	_	_	_	_	_	0-5(125)
403-2	?	403	403	2	tutto]	tutto	_	_	_	_	_	linguistic	_	none	_	_	_	_	_	0-5(125)
403-3	?	403	403	3	loro	loro	_	_	_	_	_	linguistic	_	none	PauseAfter=Yes	_	_	_	_	_
403-4	?	403	403	4	{P}	{P}	_	_	_	_	_	shortpause	_	none	_	_	_	_	_	_
403-5	?	403	403	5	chiedete	chiedete	_	_	_	_	_	linguistic	_	none	_	_	_	_	_	_
403-6	?	403	403	6	l'	l'	_	_	_	_	_	linguistic	_	none	SpaceAfter=No	_	_	_	_	_
403-7	?	403	403	7	indirizzo	indirizzo	_	_	_	_	_	linguistic	_	none	_	_	_	_	_	_
403-8	?	403	403	8	a	a	_	_	_	_	_	linguistic	_	none	_	_	_	_	_	_
403-9	?	403	403	9	loro	loro	_	_	_	_	_	linguistic	_	none	PauseAfter=Yes	_	_	_	_	_
403-10	?	403	403	10	{P}	{P}	_	_	_	_	_	shortpause	_	none	_	_	_	_	_	_
403-11	?	403	403	11	c'	c'	_	_	_	_	_	linguistic	_	none	SpaceAfter=No	_	_	_	_	_
403-12	?	403	403	12	è	è	_	_	_	_	_	linguistic	_	none	_	_	_	_	_	_
403-13	?	403	403	13	tutta	tutta	_	_	_	_	_	linguistic	_	none	_	_	_	_	_	_
403-14	?	403	403	14	una	una	_	_	_	_	_	linguistic	_	none	_	_	_	_	_	_
403-15	?	403	403	15	pappardellina	pappardellina	_	_	_	_	_	linguistic	_	none	_	_	_	_	_	_
403-16	?	403	403	16	di	di	_	_	_	_	_	linguistic	_	none	_	_	_	_	_	_
403-17	?	403	403	17	come	come	_	_	_	_	_	linguistic	_	none	_	_	_	_	_	_
403-18	?	403	403	18	trovarmi	trovarmi	_	_	_	_	_	linguistic	_	none	_	_	_	_	_	_
403-19	?	403	403	19	e::	e	_	_	_	_	_	linguistic	_	none	_	End=939.221	0x2	_	_	_
404-0	PST087	404	404	0	[xx	xx	_	_	_	_	_	unknown	_	none	Syllables=2	Begin=931.648	_	_	_	0-2(125)
404-1	PST087	404	404	1	xx]	xx	_	_	_	_	_	unknown	_	none	Syllables=2	End=932.975	_	_	_	0-2(125)
405-0	?	405	405	0	e	e	_	_	_	_	_	linguistic	_	none	_	Begin=939.76	_	_	_	_
405-1	?	405	405	1	al	al	_	_	_	_	_	linguistic	_	none	_	_	_	_	_	_
405-2	?	405	405	2	limite	limite	_	_	_	_	_	linguistic	_	none	_	_	_	_	_	_
405-3	?	405	405	3	dai	dai	_	_	_	_	_	linguistic	_	none	_	_	_	_	_	_
405-4	?	405	405	4	il	il	_	_	_	_	_	linguistic	_	none	_	_	_	_	_	_
405-5	?	405	405	5	mio	mio	_	_	_	_	_	linguistic	_	none	_	_	_	_	_	_
405-6	?	405	405	6	nu[mero]	numero	_	_	_	_	_	linguistic	_	none	_	End=941.247	_	_	_	2-6(126)
406-0	PST211	406	406	0	[ma	ma	_	_	_	_	_	linguistic	_	none	_	Begin=940.927	_	_	_	0-2(126)
406-1	PST211	406	406	1	sì:]	sì	_	_	_	_	_	linguistic	_	none	_	_	1x1	_	_	0-2(126)
406-2	PST211	406	406	2	[ci	ci	_	_	_	_	_	linguistic	_	none	_	_	_	_	_	0-2(154)
406-3	PST211	406	406	3	sentiamo	sentiamo	_	_	_	_	_	linguistic	_	none	_	_	_	_	_	0-8(154)
406-4	PST211	406	406	4	poi:]	poi	_	_	_	_	_	linguistic	_	none	_	End=943.292	2x1	_	_	0-3(154)
407-0	PST092	407	407	0	[proviamo	proviamo	_	_	_	_	_	linguistic	_	some	_	Begin=942.073	_	_	_	0-8(154)
407-1	PST092	407	407	1	x	x	_	_	_	_	_	unknown	_	some	Syllables=1	_	_	_	_	0-1(154)
407-2	PST092	407	407	2	xx	xx	_	_	_	_	_	unknown	_	some	Syllables=2	_	_	_	_	0-2(154)
407-3	PST092	407	407	3	a	a	_	_	_	_	_	linguistic	_	some	_	_	_	_	_	0-1(154)
407-4	PST092	407	407	4	#doamna	doamna	_	_	_	_	_	linguistic	_	some	Language=NO_ISO_CODE|Variation=Token	_	_	_	_	0-7(154)
407-5	PST092	407	407	5	@ecaterina	@ecaterina	_	_	_	_	_	anonymized	_	some	_	_	_	_	_	0-10(154)
407-6	PST092	407	407	6	chiediamo	chiediamo	_	_	_	_	_	linguistic	_	some	_	_	_	_	_	0-9(154)
407-7	PST092	407	407	7	se	se	_	_	_	_	_	linguistic	_	some	_	_	_	_	_	0-2(154)
407-8	PST092	407	407	8	si	si	_	_	_	_	_	linguistic	_	some	_	_	_	_	_	0-2(154)
407-9	PST092	407	407	9	può	può	_	_	_	_	_	linguistic	_	some	_	_	_	_	_	0-3(154)
407-10	PST092	407	407	10	fare]	fare	_	_	_	_	_	linguistic	_	some	_	End=943.964	_	_	_	0-4(154)
409-0	?	409	409	0	[le	le	_	_	_	_	_	linguistic	_	none	_	Begin=943.018	_	_	_	0-2(154)
409-1	?	409	409	1	famiglie::]	famiglie	_	_	_	_	_	linguistic	_	none	_	_	7x2	_	_	0-8(154)
409-2	?	409	409	2	devono	devono	_	_	_	_	_	linguistic	_	none	_	_	_	_	_	_
409-3	?	409	409	3	xx	xx	_	_	_	_	_	unknown	_	none	Syllables=2	_	_	_	_	_
409-4	?	409	409	4	xx	xx	_	_	_	_	_	unknown	_	none	Syllables=2	_	_	_	_	_
409-5	?	409	409	5	xx	xx	_	_	_	_	_	unknown	_	none	Syllables=2	End=945.345	_	_	_	_
410-0	PST087	410	410	0	ma	ma	_	_	_	_	_	linguistic	_	none	_	Begin=945.248	_	_	_	_
410-1	PST087	410	410	1	perché	perché	_	_	_	_	_	linguistic	_	none	_	_	_	_	_	_
410-2	PST087	410	410	2	l'	l'	_	_	_	_	_	linguistic	_	none	SpaceAfter=No	_	_	_	_	_
410-3	PST087	410	410	3	ideale	ideale	_	_	_	_	_	linguistic	_	none	_	_	_	_	_	_
410-4	PST087	410	410	4	sarebbe	sarebbe	_	_	_	_	_	linguistic	_	none	_	_	_	_	_	_
410-5	PST087	410	410	5	partire	partire	_	_	_	_	_	linguistic	_	none	_	_	_	_	_	_
410-6	PST087	410	410	6	in	in	_	_	_	_	_	linguistic	_	none	_	_	_	_	_	_
410-7	PST087	410	410	7	gruppo	gruppo	_	_	_	_	_	linguistic	_	none	_	_	_	_	_	_
410-8	PST087	410	410	8	partire	partire	_	_	_	_	_	linguistic	_	none	_	_	_	_	_	_
410-9	PST087	410	410	9	in	in	_	_	_	_	_	linguistic	_	none	_	_	_	_	_	_
410-10	PST087	410	410	10	gruppo	gruppo	_	_	_	_	_	linguistic	_	none	PauseAfter=Yes	_	_	_	_	_
410-11	PST087	410	410	11	{P}	{P}	_	_	_	_	_	shortpause	_	none	_	_	_	_	_	_
410-12	PST087	410	410	12	partire	partire	_	_	_	_	_	linguistic	_	none	_	_	_	_	_	_
410-13	PST087	410	410	13	a	a	_	_	_	_	_	linguistic	_	none	_	_	_	_	_	_
410-14	PST087	410	410	14	un'	un'	_	_	_	_	_	linguistic	_	none	SpaceAfter=No	_	_	_	_	_
410-15	PST087	410	410	15	ora	ora	_	_	_	_	_	linguistic	_	none	_	_	_	_	_	_
410-16	PST087	410	410	16	tutte	tutte	_	_	_	_	_	linguistic	_	none	_	End=948.557	_	_	_	_
411-0	?	411	411	0	no	no	_	_	_	_	_	linguistic	_	none	_	Begin=948.627	_	_	_	_
411-1	?	411	411	1	ma	ma	_	_	_	_	_	linguistic	_	none	_	_	_	_	_	_
411-2	?	411	411	2	quella	quella	_	_	_	_	_	linguistic	_	none	_	_	_	_	_	_
411-3	?	411	411	3	la	la	_	_	_	_	_	linguistic	_	none	_	_	_	_	_	_
411-4	?	411	411	4	organizziamo	organizziamo	_	_	_	_	_	linguistic	_	none	_	_	_	_	_	_
411-5	?	411	411	5	dopo	dopo	_	_	_	_	_	linguistic	_	none	_	End=950.512	_	_	_	_
412-0	PST087	412	412	0	no	no	_	_	_	_	_	linguistic	_	none	_	Begin=950.548	_	_	_	_
412-1	PST087	412	412	1	se	se	_	_	_	_	_	linguistic	_	none	_	_	_	_	_	_
412-2	PST087	412	412	2	no	no	_	_	_	_	_	linguistic	_	none	_	_	_	_	_	_
412-3	PST087	412	412	3	tipo	tipo	_	_	_	_	_	linguistic	_	none	_	_	_	_	_	_
412-4	PST087	412	412	4	un	un	_	_	_	_	_	linguistic	_	none	_	_	_	_	_	_
412-5	PST087	412	412	5	gruppo	gruppo	_	_	_	_	_	linguistic	_	none	_	_	_	_	_	_
412-6	PST087	412	412	6	anche	anche	_	_	_	_	_	linguistic	_	none	_	_	_	_	_	_
412-7	PST087	412	412	7	solo	solo	_	_	_	_	_	linguistic	_	none	_	_	_	_	_	_
412-8	PST087	412	412	8	noi	noi	_	_	_	_	_	linguistic	_	none	_	_	_	_	_	_
412-9	PST087	412	412	9	cioè	cioè	_	_	_	_	_	linguistic	_	none	_	_	_	_	_	_
412-10	PST087	412	412	10	voi	voi	_	_	_	_	_	linguistic	_	none	_	End=953.106	_	_	_	_
413-0	?	413	413	0	eh	eh	_	_	_	_	_	linguistic	_	none	_	Begin=953.106	_	_	_	_
413-1	?	413	413	1	[x	x	_	_	_	_	_	unknown	_	none	Syllables=1	_	_	_	_	0-1(128)
413-2	?	413	413	2	xx	xx	_	_	_	_	_	unknown	_	none	Syllables=2	_	_	_	_	0-2(128)
413-3	?	413	413	3	xxxx]	xxxx	_	_	_	_	_	unknown	_	none	Syllables=4	End=955.265	_	_	_	0-4(128)
414-0	PST092	414	414	0	eh	eh	_	_	_	_	_	linguistic	_	none	_	Begin=953.655	_	_	_	_
414-1	PST092	414	414	1	[ci	ci	_	_	_	_	_	linguistic	_	none	_	_	_	_	_	0-2(128)
414-2	PST092	414	414	2	incontriamo	incontriamo	_	_	_	_	_	linguistic	_	none	_	_	_	_	_	0-11(128)
414-3	PST092	414	414	3	a	a	_	_	_	_	_	linguistic	_	none	_	_	_	_	_	0-1(128)
414-4	PST092	414	414	4	porta	porta	_	_	_	_	_	linguistic	_	none	_	_	_	_	_	0-5(128)
414-5	PST092	414	414	5	susa]	susa	_	_	_	_	_	linguistic	_	none	_	End=955.212	_	_	_	0-4(128)
415-0	?	415	415	0	Una	una	_	_	_	_	_	linguistic	_	none	Volume=high	Begin=955.433	_	_	_	_
415-1	?	415	415	1	volta	volta	_	_	_	_	_	linguistic	_	none	_	_	_	_	_	_
415-2	?	415	415	2	la	la	_	_	_	_	_	linguistic	_	none	_	_	_	_	_	_
415-3	?	415	415	3	facciamo	facciamo	_	_	_	_	_	linguistic	_	none	_	_	_	_	_	_
415-4	?	415	415	4	tutti	tutti	_	_	_	_	_	linguistic	_	none	_	_	_	_	_	_
415-5	?	415	415	5	insieme	insieme	_	_	_	_	_	linguistic	_	none	_	_	_	_	_	_
415-6	?	415	415	6	che	che	_	_	_	_	_	linguistic	_	none	_	_	_	_	_	_
415-7	?	415	415	7	possono	possono	_	_	_	_	_	linguistic	_	none	_	_	_	_	_	_
415-8	?	415	415	8	@selene	@selene	_	_	_	_	_	anonymized	_	none	_	_	_	_	_	_
415-9	?	415	415	9	e	e	_	_	_	_	_	linguistic	_	none	_	_	_	_	_	_
415-10	?	415	415	10	@pasquale	@pasquale	_	_	_	_	_	anonymized	_	none	_	_	_	_	_	_
415-11	?	415	415	11	[probabilmente	probabilmente	_	_	_	_	_	linguistic	_	none	_	_	_	_	_	0-13(129)
415-12	?	415	415	12	il	il	_	_	_	_	_	linguistic	_	none	_	_	_	_	_	0-2(129)
415-13	?	415	415	13	venerdi]	venerdi	_	_	_	_	_	linguistic	_	none	PauseAfter=Yes	_	_	_	_	0-7(129)
415-14	?	415	415	14	{P}	{P}	_	_	_	_	_	shortpause	_	none	_	_	_	_	_	_
415-15	?	415	415	15	però	però	_	_	_	_	_	linguistic	_	none	_	_	_	_	_	_
415-16	?	415	415	16	ci	ci	_	_	_	_	_	linguistic	_	none	_	_	_	_	_	_
415-17	?	415	415	17	si	si	_	_	_	_	_	linguistic	_	none	_	_	_	_	_	_
415-18	?	415	415	18	vede	vede	_	_	_	_	_	linguistic	_	none	_	_	_	_	_	_
415-19	?	415	415	19	là	là	_	_	_	_	_	linguistic	_	none	_	_	_	_	_	_
415-20	?	415	415	20	giusto	giusto	_	_	_	_	_	linguistic	_	none	_	_	_	_	_	_
415-21	?	415	415	21	@sele?	@sele	_	_	_	_	_	anonymized	_	none	Intonation=Rising	End=962.927	_	_	_	_
416-0	PST087	416	416	0	[andiamo	andiamo	_	_	_	_	_	linguistic	_	none	_	Begin=958.763	_	_	_	0-7(129)
416-1	PST087	416	416	1	da	da	_	_	_	_	_	linguistic	_	none	_	_	_	_	_	0-2(129)
416-2	PST087	416	416	2	andiamo	andiamo	_	_	_	_	_	linguistic	_	none	_	_	_	_	_	0-7(129)
416-3	PST087	416	416	3	da	da	_	_	_	_	_	linguistic	_	none	_	_	_	_	_	0-2(129)
416-4	PST087	416	416	4	xx	xx	_	_	_	_	_	unknown	_	none	Syllables=2	_	_	_	_	0-2(129)
416-5	PST087	416	416	5	più	più	_	_	_	_	_	linguistic	_	none	_	_	_	_	_	0-3(129)
416-6	PST087	416	416	6	vicino]	vicino	_	_	_	_	_	linguistic	_	none	_	End=960.854	_	_	_	0-6(129)
417-0	PST211	417	417	0	sì	sì	_	_	_	_	_	linguistic	_	none	_	Begin=962.973	_	_	_	_
417-1	PST211	417	417	1	sì	sì	_	_	_	_	_	linguistic	_	none	_	_	_	_	_	_
417-2	PST211	417	417	2	giusto	giusto	_	_	_	_	_	linguistic	_	none	_	End=964.309	_	_	_	_
418-0	?	418	418	0	a	a	_	_	_	_	_	linguistic	_	none	_	Begin=969.309	_	_	_	_
418-1	?	418	418	1	me	me	_	_	_	_	_	linguistic	_	none	_	_	_	_	_	_
418-2	?	418	418	2	fa	fa	_	_	_	_	_	linguistic	_	none	_	_	_	_	_	_
418-3	?	418	418	3	piacere	piacere	_	_	_	_	_	linguistic	_	none	_	_	_	_	_	_
418-4	?	418	418	4	parallelamente	parallelamente	_	_	_	_	_	linguistic	_	none	PauseAfter=Yes	_	_	_	_	_
418-5	?	418	418	5	{P}	{P}	_	_	_	_	_	shortpause	_	none	_	_	_	_	_	_
418-6	?	418	418	6	prometto	prometto	_	_	_	_	_	linguistic	_	none	_	_	_	_	_	_
418-7	?	418	418	7	che	che	_	_	_	_	_	linguistic	_	none	_	_	_	_	_	_
418-8	?	418	418	8	non	non	_	_	_	_	_	linguistic	_	none	_	_	_	_	_	_
418-9	?	418	418	9	saranno	saranno	_	_	_	_	_	linguistic	_	none	_	_	_	_	_	_
418-10	?	418	418	10	né	né	_	_	_	_	_	linguistic	_	none	_	_	_	_	_	_
418-11	?	418	418	11	privilegiate	privilegiate	_	_	_	_	_	linguistic	_	none	_	_	_	_	_	_
418-12	?	418	418	12	né	né	_	_	_	_	_	linguistic	_	none	_	End=974.164	_	_	_	_
419-0	?	419	419	0	né	né	_	_	_	_	_	linguistic	_	none	_	Begin=974.555	_	_	_	_
419-1	?	419	419	1	particolarmente	particolarmente	_	_	_	_	_	linguistic	_	none	_	_	_	_	_	_
419-2	?	419	419	2	più	più	_	_	_	_	_	linguistic	_	none	_	_	_	_	_	_
419-3	?	419	419	3	avanti	avanti	_	_	_	_	_	linguistic	_	none	_	_	_	_	_	_
419-4	?	419	419	4	cioè	cioè	_	_	_	_	_	linguistic	_	none	_	_	_	_	_	_
419-5	?	419	419	5	quello	quello	_	_	_	_	_	linguistic	_	none	_	_	_	_	_	_
419-6	?	419	419	6	che:	che	_	_	_	_	_	linguistic	_	none	_	_	2x1	_	_	_
419-7	?	419	419	7	che	che	_	_	_	_	_	linguistic	_	none	_	_	_	_	_	_
419-8	?	419	419	8	insegno	insegno	_	_	_	_	_	linguistic	_	none	_	_	_	_	_	_
419-9	?	419	419	9	xxono	xxono	_	_	_	_	_	linguistic	_	none	_	_	_	_	_	_
419-10	?	419	419	10	o	o	_	_	_	_	_	linguistic	_	none	_	_	_	_	_	_
419-11	?	419	419	11	lo	lo	_	_	_	_	_	linguistic	_	none	_	_	_	_	_	_
419-12	?	419	419	12	riinsegno	riinsegno	_	_	_	_	_	linguistic	_	none	_	_	_	_	_	_
419-13	?	419	419	13	qua,	qua	_	_	_	_	_	linguistic	_	none	Intonation=WeaklyRising	_	_	_	_	_
419-14	?	419	419	14	[o	o	_	_	_	_	_	linguistic	_	none	_	_	_	_	_	0-1(130)
419-15	?	419	419	15	comu]nque	comunque	_	_	_	_	_	linguistic	_	none	PauseAfter=Yes	_	_	_	_	0-4(130)
419-16	?	419	419	16	{P}	{P}	_	_	_	_	_	shortpause	_	none	_	_	_	_	_	_
419-17	?	419	419	17	xx	xx	_	_	_	_	_	unknown	_	none	Syllables=2	_	_	_	_	_
419-18	?	419	419	18	xx	xx	_	_	_	_	_	unknown	_	none	Syllables=2	_	_	_	_	_
419-19	?	419	419	19	nessuno	nessuno	_	_	_	_	_	linguistic	_	none	_	End=981.818	_	_	_	_
420-0	PST211	420	420	0	[mh	mh	_	_	_	_	_	linguistic	_	none	_	Begin=979.355	_	_	_	0-2(130)
420-1	PST211	420	420	1	mh]	mh	_	_	_	_	_	linguistic	_	none	_	End=979.919	_	_	_	0-2(130)
421-0	PST211	421	421	0	certo	certo	_	_	_	_	_	linguistic	_	none	_	Begin=982.036|End=982.563	_	_	_	_
422-0	PST092	422	422	0	questo	questo	_	_	_	_	_	linguistic	_	none	_	Begin=982.545	_	_	_	_
422-1	PST092	422	422	1	telefono	telefono	_	_	_	_	_	linguistic	_	none	_	_	_	_	_	_
422-2	PST092	422	422	2	[xx	xx	_	_	_	_	_	unknown	_	none	Syllables=2	_	_	_	_	0-2(132)
422-3	PST092	422	422	3	xx]	xx	_	_	_	_	_	unknown	_	none	Syllables=2	End=983.909	_	_	_	0-2(132)
423-0	PST087	423	423	0	[va	va	_	_	_	_	_	linguistic	_	none	_	Begin=983.255	_	_	_	0-2(132)
423-1	PST087	423	423	1	bene]	bene	_	_	_	_	_	linguistic	_	none	PauseAfter=Yes	_	_	_	_	0-4(132)
423-2	PST087	423	423	2	{P}	{P}	_	_	_	_	_	shortpause	_	none	_	_	_	_	_	_
423-3	PST087	423	423	3	gr[azie]	grazie	_	_	_	_	_	linguistic	_	none	_	End=985.145	_	_	_	2-6(133)
424-0	?	424	424	0	[dolore	dolore	_	_	_	_	_	linguistic	_	none	_	Begin=984.273	_	_	_	0-6(133)
424-1	?	424	424	1	fisico]	fisico	_	_	_	_	_	linguistic	_	none	_	End=985.345	_	_	_	0-6(133)
425-0	PST211	425	425	0	ciao	ciao	_	_	_	_	_	linguistic	_	none	_	Begin=985.425|End=985.9775	_	_	_	_
426-0	PST087	426	426	0	(xxx)	xxx	_	_	_	_	_	unknown	_	none	Syllables=3	Begin=985.9775	_	_	0-3(0)	_
426-1	PST087	426	426	1	scale	scale	_	_	_	_	_	linguistic	_	none	_	_	_	_	_	_
426-2	PST087	426	426	2	della	della	_	_	_	_	_	linguistic	_	none	_	_	_	_	_	_
426-3	PST087	426	426	3	metro	metro	_	_	_	_	_	linguistic	_	none	_	_	_	_	_	_
426-4	PST087	426	426	4	non	non	_	_	_	_	_	linguistic	_	none	_	_	_	_	_	_
426-5	PST087	426	426	5	so	so	_	_	_	_	_	linguistic	_	none	_	_	_	_	_	_
426-6	PST087	426	426	6	come	come	_	_	_	_	_	linguistic	_	none	_	_	_	_	_	_
426-7	PST087	426	426	7	fare	fare	_	_	_	_	_	linguistic	_	none	_	_	_	_	_	_
426-8	PST087	426	426	8	(xxx)	xxx	_	_	_	_	_	unknown	_	none	Syllables=3	End=991.124	_	_	0-3(1)	_
427-0	?	427	427	0	va	va	_	_	_	_	_	linguistic	_	none	_	Begin=989.177	_	_	_	_
427-1	?	427	427	1	bene	bene	_	_	_	_	_	linguistic	_	none	_	End=989.69	_	_	_	_
428-0	PST092	428	428	0	[ciao]	ciao	_	_	_	_	_	linguistic	_	none	_	Begin=989.875|End=990.309	_	_	_	0-4(155)
429-0	?	429	429	0	[ciao]	ciao	_	_	_	_	_	linguistic	_	none	_	Begin=989.875|End=990.309	_	_	_	0-4(155)
430-0	PST092	430	430	0	arrivederci	arrivederci	_	_	_	_	_	linguistic	_	none	_	Begin=991.198|End=992.083	_	_	_	_
431-0	PST092	431	431	0	allora:	allora	_	_	_	_	_	linguistic	_	none	_	Begin=992.124	5x1	_	_	_
431-1	PST092	431	431	1	ma	ma	_	_	_	_	_	linguistic	_	none	_	_	_	_	_	_
431-2	PST092	431	431	2	qui	qui	_	_	_	_	_	linguistic	_	none	_	_	_	_	_	_
431-3	PST092	431	431	3	(n.ove	n.ove	_	_	_	_	_	error	_	none	_	_	_	_	_	_
431-4	PST092	431	431	4	abbiamo	abbiamo	_	_	_	_	_	linguistic	_	none	_	_	_	_	_	_
431-5	PST092	431	431	5	finito?	finito	_	_	_	_	_	linguistic	_	none	Intonation=Rising	End=994.6585	_	_	_	_
432-0	PST211	432	432	0	va	va	_	_	_	_	_	linguistic	_	none	_	Begin=994.6585	_	_	_	_
432-1	PST211	432	432	1	bene	bene	_	_	_	_	_	linguistic	_	none	_	_	_	_	_	_
432-2	PST211	432	432	2	grazie	grazie	_	_	_	_	_	linguistic	_	none	_	End=995.709	_	_	_	_
433-0	PST092	433	433	0	abbiamo	abbiamo	_	_	_	_	_	linguistic	_	none	_	Begin=995.848	_	_	_	_
433-1	PST092	433	433	1	fin[ito]?	finito	_	_	_	_	_	linguistic	_	none	Intonation=Rising	End=996.885	_	_	_	3-6(135)
434-0	PST211	434	434	0	[eh:m	ehm	_	_	_	_	_	linguistic	_	none	ProsodicLink=Yes	Begin=996.477	1x1	_	_	0-3(135)
434-1	PST211	434	434	1	ma]	ma	_	_	_	_	_	linguistic	_	none	_	_	_	_	_	0-2(135)
434-2	PST211	434	434	2	sì	sì	_	_	_	_	_	linguistic	_	none	_	_	_	_	_	_
434-3	PST211	434	434	3	allora	allora	_	_	_	_	_	linguistic	_	none	_	_	_	_	_	_
434-4	PST211	434	434	4	mettete	mettete	_	_	_	_	_	linguistic	_	none	_	_	_	_	_	_
434-5	PST211	434	434	5	magari:	magari	_	_	_	_	_	linguistic	_	none	_	_	5x1	_	_	_
434-6	PST211	434	434	6	per	per	_	_	_	_	_	linguistic	_	none	_	_	_	_	_	_
434-7	PST211	434	434	7	iscritto	iscritto	_	_	_	_	_	linguistic	_	none	_	_	_	_	_	_
434-8	PST211	434	434	8	le	le	_	_	_	_	_	linguistic	_	none	_	_	_	_	_	_
434-9	PST211	434	434	9	idee:	idee	_	_	_	_	_	linguistic	_	none	_	_	3x1	_	_	_
434-10	PST211	434	434	10	che	che	_	_	_	_	_	linguistic	_	none	_	_	_	_	_	_
434-11	PST211	434	434	11	vi	vi	_	_	_	_	_	linguistic	_	none	_	_	_	_	_	_
434-12	PST211	434	434	12	sono	sono	_	_	_	_	_	linguistic	_	none	_	_	_	_	_	_
434-13	PST211	434	434	13	venute	venute	_	_	_	_	_	linguistic	_	none	_	_	_	_	_	_
434-14	PST211	434	434	14	[adesso]?	adesso	_	_	_	_	_	linguistic	_	none	Intonation=Rising	End=1001.62	_	_	_	0-6(136)
435-0	PST087	435	435	0	[scrive]	scrive	_	_	_	_	_	linguistic	_	none	_	Begin=1001.109	_	_	_	0-6(136)
435-1	PST087	435	435	1	@ilaria	@ilaria	_	_	_	_	_	anonymized	_	none	_	End=1002.073	_	_	_	_
436-0	PST092	436	436	0	scrivo	scrivo	_	_	_	_	_	linguistic	_	none	_	Begin=1002.055	_	_	_	_
436-1	PST092	436	436	1	già	già	_	_	_	_	_	linguistic	_	none	_	_	_	_	_	_
436-2	PST092	436	436	2	xx	xx	_	_	_	_	_	unknown	_	none	Syllables=2	_	_	_	_	_
436-3	PST092	436	436	3	xx	xx	_	_	_	_	_	unknown	_	none	Syllables=2	End=1003.778	_	_	_	_
437-0	PST092	437	437	0	non	non	_	_	_	_	_	linguistic	_	none	_	Begin=1003.796	_	_	_	_
437-1	PST092	437	437	1	so	so	_	_	_	_	_	linguistic	_	none	_	_	_	_	_	_
437-2	PST092	437	437	2	cosa	cosa	_	_	_	_	_	linguistic	_	none	_	_	_	_	_	_
437-3	PST092	437	437	3	scrivere	scrivere	_	_	_	_	_	linguistic	_	none	_	End=1005.07	_	_	_	_
438-0	PST092	438	438	0	allora	allora	_	_	_	_	_	linguistic	_	none	_	Begin=1005.115	_	_	_	_
438-1	PST092	438	438	1	avevo	avevo	_	_	_	_	_	linguistic	_	none	_	_	_	_	_	_
438-2	PST092	438	438	2	fatto	fatto	_	_	_	_	_	linguistic	_	none	_	_	_	_	_	_
438-3	PST092	438	438	3	un	un	_	_	_	_	_	linguistic	_	none	_	_	_	_	_	_
438-4	PST092	438	438	4	foglio	foglio	_	_	_	_	_	linguistic	_	none	_	_	_	_	_	_
438-5	PST092	438	438	5	qua	qua	_	_	_	_	_	linguistic	_	none	_	_	_	_	_	_
438-6	PST092	438	438	6	[con	con	_	_	_	_	_	linguistic	_	none	_	_	_	_	_	0-3(138)
438-7	PST092	438	438	7	e:h]	eh	_	_	_	_	_	linguistic	_	none	_	End=1007.841	0x1	_	_	0-2(138)
439-0	PST211	439	439	0	[sì	sì	_	_	_	_	_	linguistic	_	none	_	Begin=1007.261	_	_	_	0-2(138)
439-1	PST211	439	439	1	eh]	eh	_	_	_	_	_	linguistic	_	none	_	_	_	_	_	0-2(138)
439-2	PST211	439	439	2	ci	ci	_	_	_	_	_	linguistic	_	none	_	_	_	_	_	_
439-3	PST211	439	439	3	qua	qua	_	_	_	_	_	linguistic	_	none	_	_	_	_	_	_
439-4	PST211	439	439	4	ci	ci	_	_	_	_	_	linguistic	_	none	_	_	_	_	_	_
439-5	PST211	439	439	5	sono	sono	_	_	_	_	_	linguistic	_	none	_	_	_	_	_	_
439-6	PST211	439	439	6	già	già	_	_	_	_	_	linguistic	_	none	_	_	_	_	_	_
439-7	PST211	439	439	7	le	le	_	_	_	_	_	linguistic	_	none	_	_	_	_	_	_
439-8	PST211	439	439	8	scene	scene	_	_	_	_	_	linguistic	_	none	_	_	_	_	_	_
439-9	PST211	439	439	9	che	che	_	_	_	_	_	linguistic	_	none	_	_	_	_	_	_
439-10	PST211	439	439	10	avete	avete	_	_	_	_	_	linguistic	_	none	_	_	_	_	_	_
439-11	PST211	439	439	11	fatto,	fatto	_	_	_	_	_	linguistic	_	none	Intonation=WeaklyRising	End=1010.81	_	_	_	_
440-0	PST211	440	440	0	l'	l'	_	_	_	_	_	linguistic	_	none	SpaceAfter=No	Begin=1011.681	_	_	_	_
440-1	PST211	440	440	1	altra	altra	_	_	_	_	_	linguistic	_	none	_	_	_	_	_	_
440-2	PST211	440	440	2	volta	volta	_	_	_	_	_	linguistic	_	none	_	_	_	_	_	_
440-3	PST211	440	440	3	questo	questo	_	_	_	_	_	linguistic	_	none	_	_	_	_	_	_
440-4	PST211	440	440	4	è	è	_	_	_	_	_	linguistic	_	none	_	_	_	_	_	_
440-5	PST211	440	440	5	quello	quello	_	_	_	_	_	linguistic	_	none	_	_	_	_	_	_
440-6	PST211	440	440	6	delle	delle	_	_	_	_	_	linguistic	_	none	_	_	_	_	_	_
440-7	PST211	440	440	7	uova	uova	_	_	_	_	_	linguistic	_	none	_	_	_	_	_	_
440-8	PST211	440	440	8	e	e	_	_	_	_	_	linguistic	_	none	_	_	_	_	_	_
440-9	PST211	440	440	9	i	i	_	_	_	_	_	linguistic	_	none	_	_	_	_	_	_
440-10	PST211	440	440	10	ricordi,	ricordi	_	_	_	_	_	linguistic	_	none	Intonation=WeaklyRising	End=1014.999	_	_	_	_
441-0	PST092	441	441	0	questo	questo	_	_	_	_	_	linguistic	_	none	_	Begin=1015.106	_	_	_	_
441-1	PST092	441	441	1	[qua]	qua	_	_	_	_	_	linguistic	_	none	_	End=1015.814	_	_	_	0-3(139)
442-0	PST211	442	442	0	[e::h]	eh	_	_	_	_	_	linguistic	_	none	_	Begin=1015.54|End=1016.15	0x2	_	_	0-2(139)
443-0	PST092	443	443	0	[e::h]	eh	_	_	_	_	_	linguistic	_	none	_	Begin=1016.593	0x2	_	_	0-2(140)
443-1	PST092	443	443	1	descrizione,	descrizione	_	_	_	_	_	linguistic	_	none	Intonation=WeaklyRising	End=1018.681	_	_	_	_
444-0	PST211	444	444	0	[okay]	okay	_	_	_	_	_	linguistic	_	none	_	Begin=1016.593|End=1017.186	_	_	_	0-4(140)
445-0	PST087	445	445	0	eh	eh	_	_	_	_	_	linguistic	_	none	_	Begin=1019.053	_	_	_	_
445-1	PST087	445	445	1	tour	tour	_	_	_	_	_	linguistic	_	none	_	_	_	_	_	_
445-2	PST087	445	445	2	e:h	eh	_	_	_	_	_	linguistic	_	none	_	End=1020.3315	0x1	_	_	_
446-0	PST211	446	446	0	fate	fate	_	_	_	_	_	linguistic	_	none	_	Begin=1020.3315	_	_	_	_
446-1	PST211	446	446	1	che	che	_	_	_	_	_	linguistic	_	none	_	_	_	_	_	_
446-2	PST211	446	446	2	poi	poi	_	_	_	_	_	linguistic	_	none	_	_	_	_	_	_
446-3	PST211	446	446	3	io	io	_	_	_	_	_	linguistic	_	none	_	_	_	_	_	_
446-4	PST211	446	446	4	torno	torno	_	_	_	_	_	linguistic	_	none	_	End=1021.956	_	_	_	_
447-0	PST087	447	447	0	tour	tour	_	_	_	_	_	linguistic	_	none	_	Begin=1022.079	_	_	_	_
447-1	PST087	447	447	1	delle	delle	_	_	_	_	_	linguistic	_	none	_	_	_	_	_	_
447-2	PST087	447	447	2	attività	attività	_	_	_	_	_	linguistic	_	none	_	_	_	_	_	_
447-3	PST087	447	447	3	del	del	_	_	_	_	_	linguistic	_	none	_	_	_	_	_	_
447-4	PST087	447	447	4	ci	ci	_	_	_	_	_	linguistic	_	none	_	_	_	_	_	_
447-5	PST087	447	447	5	ci	ci	_	_	_	_	_	linguistic	_	none	_	_	_	_	_	_
447-6	PST087	447	447	6	ti	ti	_	_	_	_	_	linguistic	_	none	PauseAfter=Yes	_	_	_	_	_
447-7	PST087	447	447	7	[{P}]	{P}	_	_	_	_	_	shortpause	_	none	_	_	_	_	_	0-3(141)
447-8	PST087	447	447	8	ci	ci	_	_	_	_	_	linguistic	_	none	_	_	_	_	_	_
447-9	PST087	447	447	9	ci	ci	_	_	_	_	_	linguistic	_	none	_	_	_	_	_	_
447-10	PST087	447	447	10	ti	ti	_	_	_	_	_	linguistic	_	none	_	_	_	_	_	_
447-11	PST087	447	447	11	i	i	_	_	_	_	_	linguistic	_	none	_	_	_	_	_	_
447-12	PST087	447	447	12	erre	erre	_	_	_	_	_	linguistic	_	none	_	End=1026.982	_	_	_	_
448-0	PST092	448	448	0	[mh]?	mh	_	_	_	_	_	linguistic	_	none	Intonation=Rising	Begin=1024.832|End=1025.432	_	_	_	0-2(141)
449-0	PST092	449	449	0	svol~	svol~	_	_	_	_	_	linguistic	_	none	Interrupted=Yes	Begin=1034.381|End=1035.345	_	_	_	_
450-0	PST087	450	450	0	svolt[e]	svolte	_	_	_	_	_	linguistic	_	none	_	Begin=1035.327|End=1036.036	_	_	_	5-6(143)
451-0	PST092	451	451	0	[non]	non	_	_	_	_	_	linguistic	_	none	_	Begin=1035.727	_	_	_	0-3(143)
451-1	PST092	451	451	1	svolte	svolte	_	_	_	_	_	linguistic	_	none	_	End=1036.871	_	_	_	_
452-0	PST092	452	452	0	s~	s~	_	_	_	_	_	linguistic	_	none	Interrupted=Yes	Begin=1036.955	_	_	_	_
452-1	PST092	452	452	1	e:h	eh	_	_	_	_	_	linguistic	_	none	_	_	0x1	_	_	_
452-2	PST092	452	452	2	seguendo	seguendo	_	_	_	_	_	linguistic	_	none	_	_	_	_	_	_
452-3	PST092	452	452	3	come	come	_	_	_	_	_	linguistic	_	none	_	_	_	_	_	_
452-4	PST092	452	452	4	esempio	esempio	_	_	_	_	_	linguistic	_	none	_	_	_	_	_	_
452-5	PST092	452	452	5	un	un	_	_	_	_	_	linguistic	_	none	_	_	_	_	_	_
452-6	PST092	452	452	6	personaggio	personaggio	_	_	_	_	_	linguistic	_	none	_	End=1039.9279999999999	_	_	_	_
453-0	PST087	453	453	0	no	no	_	_	_	_	_	linguistic	_	none	PauseAfter=Yes	Begin=1039.9279999999999	_	_	_	_
453-1	PST087	453	453	1	{P}	{P}	_	_	_	_	_	shortpause	_	none	_	_	_	_	_	_
453-2	PST087	453	453	2	più:	più	_	_	_	_	_	linguistic	_	none	_	_	2x1	_	_	_
453-3	PST087	453	453	3	persona	persona	_	_	_	_	_	linguistic	_	none	_	_	_	_	_	_
453-4	PST087	453	453	4	che	che	_	_	_	_	_	linguistic	_	none	_	_	_	_	_	_
453-5	PST087	453	453	5	spiega	spiega	_	_	_	_	_	linguistic	_	none	_	End=1041.858	_	_	_	_
454-0	PST092	454	454	0	no	no	_	_	_	_	_	linguistic	_	none	_	Begin=1042.22	_	_	_	_
454-1	PST092	454	454	1	persona	persona	_	_	_	_	_	linguistic	_	none	_	_	_	_	_	_
454-2	PST092	454	454	2	che	che	_	_	_	_	_	linguistic	_	none	_	_	_	_	_	_
454-3	PST092	454	454	3	spiega	spiega	_	_	_	_	_	linguistic	_	none	_	_	_	_	_	_
454-4	PST092	454	454	4	no	no	_	_	_	_	_	linguistic	_	none	_	_	_	_	_	_
454-5	PST092	454	454	5	più	più	_	_	_	_	_	linguistic	_	none	_	_	_	_	_	_
454-6	PST092	454	454	6	personaggio	personaggio	_	_	_	_	_	linguistic	_	none	_	_	_	_	_	_
454-7	PST092	454	454	7	seguito	seguito	_	_	_	_	_	linguistic	_	none	_	End=1045.433	_	_	_	_
455-0	PST087	455	455	0	seguito,	seguito	_	_	_	_	_	linguistic	_	none	Intonation=WeaklyRising	Begin=1045.609|End=1046.609	_	_	_	_
456-0	PST092	456	456	0	sì	sì	_	_	_	_	_	linguistic	_	none	_	Begin=1046.69	_	_	_	_
456-1	PST092	456	456	1	perché	perché	_	_	_	_	_	linguistic	_	none	_	_	_	_	_	_
456-2	PST092	456	456	2	lo	lo	_	_	_	_	_	linguistic	_	none	_	_	_	_	_	_
456-3	PST092	456	456	3	seguiamo	seguiamo	_	_	_	_	_	linguistic	_	none	_	_	_	_	_	_
456-4	PST092	456	456	4	con	con	_	_	_	_	_	linguistic	_	none	_	_	_	_	_	_
456-5	PST092	456	456	5	la	la	_	_	_	_	_	linguistic	_	none	_	_	_	_	_	_
456-6	PST092	456	456	6	telecamera	telecamera	_	_	_	_	_	linguistic	_	none	_	_	_	_	_	_
456-7	PST092	456	456	7	non	non	_	_	_	_	_	linguistic	_	none	_	_	_	_	_	_
456-8	PST092	456	456	8	lo	lo	_	_	_	_	_	linguistic	_	none	_	_	_	_	_	_
456-9	PST092	456	456	9	facciamo	facciamo	_	_	_	_	_	linguistic	_	none	_	_	_	_	_	_
456-10	PST092	456	456	10	[xx	xx	_	_	_	_	_	unknown	_	none	Syllables=2	_	_	_	_	0-2(144)
456-11	PST092	456	456	11	xx	xx	_	_	_	_	_	unknown	_	none	Syllables=2	_	_	_	_	0-2(144)
456-12	PST092	456	456	12	xx]	xx	_	_	_	_	_	unknown	_	none	Syllables=2	End=1049.84	_	_	_	0-2(144)
457-0	PST087	457	457	0	[però	però	_	_	_	_	_	linguistic	_	none	_	Begin=1048.725	_	_	_	0-4(144)
457-1	PST087	457	457	1	seguito	seguito	_	_	_	_	_	linguistic	_	none	_	_	_	_	_	0-7(144)
457-2	PST087	457	457	2	sembra	sembra	_	_	_	_	_	linguistic	_	none	_	_	_	_	_	0-6(144)
457-3	PST087	457	457	3	tipo	tipo	_	_	_	_	_	linguistic	_	none	_	_	_	_	_	0-4(144)
457-4	PST087	457	457	4	che]	che	_	_	_	_	_	linguistic	_	none	_	_	_	_	_	0-3(144)
457-5	PST087	457	457	5	rincorri	rincorri	_	_	_	_	_	linguistic	_	none	_	_	_	_	_	_
457-6	PST087	457	457	6	tipo	tipo	_	_	_	_	_	linguistic	_	none	_	_	_	_	_	_
457-7	PST087	457	457	7	tu	tu	_	_	_	_	_	linguistic	_	none	_	_	_	_	_	_
457-8	PST087	457	457	8	vai	vai	_	_	_	_	_	linguistic	_	none	_	End=1051.947	_	_	_	_
458-0	PST092	458	458	0	no	no	_	_	_	_	_	linguistic	_	none	_	Begin=1052.111|End=1052.907	_	_	_	_
459-0	PST087	459	459	0	da	da	_	_	_	_	_	linguistic	_	none	_	Begin=1053.875	_	_	_	_
459-1	PST087	459	459	1	telecamera	telecamera	_	_	_	_	_	linguistic	_	none	_	_	_	_	_	_
459-2	PST087	459	459	2	metti	metti	_	_	_	_	_	linguistic	_	none	_	_	_	_	_	_
459-3	PST087	459	459	3	da	da	_	_	_	_	_	linguistic	_	none	_	_	_	_	_	_
459-4	PST087	459	459	4	te~	te~	_	_	_	_	_	linguistic	_	none	Interrupted=Yes	_	_	_	_	_
459-5	PST087	459	459	5	personaggio	personaggio	_	_	_	_	_	linguistic	_	none	_	_	_	_	_	_
459-6	PST087	459	459	6	[seguito	seguito	_	_	_	_	_	linguistic	_	none	_	_	_	_	_	0-7(145)
459-7	PST087	459	459	7	da	da	_	_	_	_	_	linguistic	_	none	_	_	_	_	_	0-2(145)
459-8	PST087	459	459	8	telecamera]	telecamera	_	_	_	_	_	linguistic	_	none	_	End=1056.946	_	_	_	0-10(145)
460-0	PST092	460	460	0	[no	no	_	_	_	_	_	linguistic	_	none	PauseAfter=Yes	Begin=1055.436	_	_	_	0-2(145)
460-1	PST092	460	460	1	{P}	{P}	_	_	_	_	_	shortpause	_	none	_	_	_	_	_	0-3(145)
460-2	PST092	460	460	2	facciamo]	facciamo	_	_	_	_	_	linguistic	_	none	_	_	_	_	_	0-8(145)
460-3	PST092	460	460	3	personaggio	personaggio	_	_	_	_	_	linguistic	_	none	PauseAfter=Yes	_	_	_	_	_
460-4	PST092	460	460	4	{P}	{P}	_	_	_	_	_	shortpause	_	none	_	_	_	_	_	_
460-5	PST092	460	460	5	inquadrato	inquadrato	_	_	_	_	_	linguistic	_	none	_	End=1058.469	_	_	_	_
461-0	PST092	461	461	0	abbiamo	abbiamo	_	_	_	_	_	linguistic	_	none	_	Begin=1081.964	_	_	_	_
461-1	PST092	461	461	1	finito	finito	_	_	_	_	_	linguistic	_	none	_	_	_	_	_	_
461-2	PST092	461	461	2	ormai	ormai	_	_	_	_	_	linguistic	_	none	_	End=1083.185	_	_	_	_
462-0	PST087	462	462	0	adesso	adesso	_	_	_	_	_	linguistic	_	none	_	Begin=1085.371	_	_	_	_
462-1	PST087	462	462	1	cade	cade	_	_	_	_	_	linguistic	_	none	_	_	_	_	_	_
462-2	PST087	462	462	2	e	e	_	_	_	_	_	linguistic	_	none	_	_	_	_	_	_
462-3	PST087	462	462	3	si	si	_	_	_	_	_	linguistic	_	none	_	_	_	_	_	_
462-4	PST087	462	462	4	fa	fa	_	_	_	_	_	linguistic	_	none	_	_	_	_	_	_
462-5	PST087	462	462	5	male	male	_	_	_	_	_	linguistic	_	none	_	_	_	_	_	_
462-6	PST087	462	462	6	vedi	vedi	_	_	_	_	_	linguistic	_	none	_	End=1087.008	_	_	_	_
463-0	PST087	463	463	0	che	che	_	_	_	_	_	linguistic	_	none	_	Begin=1089.548	_	_	_	_
463-1	PST087	463	463	1	bell'	bell'	_	_	_	_	_	linguistic	_	none	SpaceAfter=No	_	_	_	_	_
463-2	PST087	463	463	2	anello	anello	_	_	_	_	_	linguistic	_	none	_	End=1090.84	_	_	_	_
464-0	PST092	464	464	0	era	era	_	_	_	_	_	linguistic	_	none	_	Begin=1091.384	_	_	_	_
464-1	PST092	464	464	1	storto	storto	_	_	_	_	_	linguistic	_	none	_	End=1092.349	_	_	_	_
465-0	PST092	465	465	0	comunque	comunque	_	_	_	_	_	linguistic	_	none	_	Begin=1092.867	_	_	_	_
465-1	PST092	465	465	1	penso	penso	_	_	_	_	_	linguistic	_	none	_	_	_	_	_	_
465-2	PST092	465	465	2	che	che	_	_	_	_	_	linguistic	_	none	_	_	_	_	_	_
465-3	PST092	465	465	3	(xxx)	xxx	_	_	_	_	_	unknown	_	none	Syllables=3	End=1096.097	_	_	0-3(0)	_
466-0	PST087	466	466	0	dipende	dipende	_	_	_	_	_	linguistic	_	none	_	Begin=1116.15	_	_	_	_
466-1	PST087	466	466	1	da	da	_	_	_	_	_	linguistic	_	none	_	_	_	_	_	_
466-2	PST087	466	466	2	che	che	_	_	_	_	_	linguistic	_	none	_	_	_	_	_	_
466-3	PST087	466	466	3	ora	ora	_	_	_	_	_	linguistic	_	none	_	_	_	_	_	_
466-4	PST087	466	466	4	è	è	_	_	_	_	_	linguistic	_	none	_	End=1117.823	_	_	_	_
467-0	PST092	467	467	0	bo	bo	_	_	_	_	_	linguistic	_	none	_	Begin=1118.008	_	_	_	_
467-1	PST092	467	467	1	è	è	_	_	_	_	_	linguistic	_	none	_	_	_	_	_	_
467-2	PST092	467	467	2	pomeriggio	pomeriggio	_	_	_	_	_	linguistic	_	none	_	End=1118.965	_	_	_	_
468-0	PST087	468	468	0	ah	ah	_	_	_	_	_	linguistic	_	none	_	Begin=1119.0	_	_	_	_
468-1	PST087	468	468	1	allora	allora	_	_	_	_	_	linguistic	_	none	_	_	_	_	_	_
468-2	PST087	468	468	2	si	si	_	_	_	_	_	linguistic	_	none	_	End=1120.468	_	_	_	_
469-0	PST087	469	469	0	ma	ma	_	_	_	_	_	linguistic	_	none	_	Begin=1120.468	_	_	_	_
469-1	PST087	469	469	1	non	non	_	_	_	_	_	linguistic	_	none	_	_	_	_	_	_
469-2	PST087	469	469	2	questa	questa	_	_	_	_	_	linguistic	_	none	_	_	_	_	_	_
469-3	PST087	469	469	3	di	di	_	_	_	_	_	linguistic	_	none	_	_	_	_	_	_
469-4	PST087	469	469	4	sicuro	sicuro	_	_	_	_	_	linguistic	_	none	_	_	_	_	_	_
469-5	PST087	469	469	5	no	no	_	_	_	_	_	linguistic	_	none	_	End=1123.017	_	_	_	_
470-0	PST092	470	470	0	e:::h	eh	_	_	_	_	_	linguistic	_	none	_	Begin=1126.38	0x3	_	_	_
470-1	PST092	470	470	1	domenica	domenica	_	_	_	_	_	linguistic	_	none	_	_	_	_	_	_
470-2	PST092	470	470	2	lascio	lascio	_	_	_	_	_	linguistic	_	none	_	_	_	_	_	_
470-3	PST092	470	470	3	un	un	_	_	_	_	_	linguistic	_	none	_	_	_	_	_	_
470-4	PST092	470	470	4	punto	punto	_	_	_	_	_	linguistic	_	none	_	_	_	_	_	_
470-5	PST092	470	470	5	per	per	_	_	_	_	_	linguistic	_	none	_	_	_	_	_	_
470-6	PST092	470	470	6	il	il	_	_	_	_	_	linguistic	_	none	_	_	_	_	_	_
470-7	PST092	470	470	7	giorno	giorno	_	_	_	_	_	linguistic	_	none	_	_	_	_	_	_
470-8	PST092	470	470	8	perché	perché	_	_	_	_	_	linguistic	_	none	_	_	_	_	_	_
470-9	PST092	470	470	9	non	non	_	_	_	_	_	linguistic	_	none	_	_	_	_	_	_
470-10	PST092	470	470	10	lo	lo	_	_	_	_	_	linguistic	_	none	_	_	_	_	_	_
470-11	PST092	470	470	11	so	so	_	_	_	_	_	linguistic	_	none	PauseAfter=Yes	_	_	_	_	_
470-12	PST092	470	470	12	{P}	{P}	_	_	_	_	_	shortpause	_	none	_	_	_	_	_	_
470-13	PST092	470	470	13	location	location	_	_	_	_	_	linguistic	_	none	_	_	_	_	_	_
470-14	PST092	470	470	14	ci	ci	_	_	_	_	_	linguistic	_	none	_	_	_	_	_	_
470-15	PST092	470	470	15	ci	ci	_	_	_	_	_	linguistic	_	none	_	_	_	_	_	_
470-16	PST092	470	470	16	ti	ti	_	_	_	_	_	linguistic	_	none	PauseAfter=Yes	_	_	_	_	_
470-17	PST092	470	470	17	{P}	{P}	_	_	_	_	_	shortpause	_	none	_	_	_	_	_	_
470-18	PST092	470	470	18	[ti	ti	_	_	_	_	_	linguistic	_	none	_	_	_	_	_	0-2(146)
470-19	PST092	470	470	19	e::rre	erre	_	_	_	_	_	linguistic	_	none	_	_	0x2	_	_	0-4(146)
470-20	PST092	470	470	20	o]	o	_	_	_	_	_	linguistic	_	none	PauseAfter=Yes	_	_	_	_	0-1(146)
470-21	PST092	470	470	21	{P}	{P}	_	_	_	_	_	shortpause	_	none	_	_	_	_	_	_
470-22	PST092	470	470	22	ci	ci	_	_	_	_	_	linguistic	_	none	_	_	_	_	_	_
470-23	PST092	470	470	23	ci	ci	_	_	_	_	_	linguistic	_	none	_	_	_	_	_	_
470-24	PST092	470	470	24	ti	ti	_	_	_	_	_	linguistic	_	none	_	_	_	_	_	_
470-25	PST092	470	470	25	i	i	_	_	_	_	_	linguistic	_	none	_	_	_	_	_	_
470-26	PST092	470	470	26	erre	erre	_	_	_	_	_	linguistic	_	none	_	End=1135.464	_	_	_	_
471-0	PST087	471	471	0	[ti	ti	_	_	_	_	_	linguistic	_	none	_	Begin=1131.395	_	_	_	0-2(146)
471-1	PST087	471	471	1	i	i	_	_	_	_	_	linguistic	_	none	_	_	_	_	_	0-1(146)
471-2	PST087	471	471	2	i:]	i	_	_	_	_	_	linguistic	_	none	_	End=1132.377	0x1	_	_	0-1(146)
472-0	PST092	472	472	0	persone::::	persone	_	_	_	_	_	linguistic	_	none	_	Begin=1136.716	6x4	_	_	_
472-1	PST092	472	472	1	eh	eh	_	_	_	_	_	linguistic	_	none	_	_	_	_	_	_
472-2	PST092	472	472	2	eh	eh	_	_	_	_	_	linguistic	_	none	PauseAfter=Yes	_	_	_	_	_
472-3	PST092	472	472	3	[{P}]	{P}	_	_	_	_	_	shortpause	_	none	_	_	_	_	_	0-3(147)
472-4	PST092	472	472	4	@iacob	@iacob	_	_	_	_	_	anonymized	_	none	_	End=1139.849	_	_	_	_
473-0	PST087	473	473	0	[e:::h]	eh	_	_	_	_	_	linguistic	_	none	_	Begin=1138.654|End=1139.418	0x3	_	_	0-2(147)
474-0	PST087	474	474	0	pensavo	pensavo	_	_	_	_	_	linguistic	_	none	_	Begin=1147.545	_	_	_	_
474-1	PST087	474	474	1	in	in	_	_	_	_	_	linguistic	_	none	_	_	_	_	_	_
474-2	PST087	474	474	2	generale	generale	_	_	_	_	_	linguistic	_	none	_	_	_	_	_	_
474-3	PST087	474	474	3	perché	perché	_	_	_	_	_	linguistic	_	none	_	_	_	_	_	_
474-4	PST087	474	474	4	il	il	_	_	_	_	_	linguistic	_	none	_	_	_	_	_	_
474-5	PST087	474	474	5	fatto	fatto	_	_	_	_	_	linguistic	_	none	_	_	_	_	_	_
474-6	PST087	474	474	6	è	è	_	_	_	_	_	linguistic	_	none	_	_	_	_	_	_
474-7	PST087	474	474	7	che	che	_	_	_	_	_	linguistic	_	none	_	End=1149.2	_	_	_	_
475-0	PST087	475	475	0	no	no	_	_	_	_	_	linguistic	_	none	PauseAfter=Yes	Begin=1149.292	_	_	_	_
475-1	PST087	475	475	1	{P}	{P}	_	_	_	_	_	shortpause	_	none	_	_	_	_	_	_
475-2	PST087	475	475	2	domenica	domenica	_	_	_	_	_	linguistic	_	none	_	_	_	_	_	_
475-3	PST087	475	475	3	no	no	_	_	_	_	_	linguistic	_	none	_	_	_	_	_	_
475-4	PST087	475	475	4	domenica	domenica	_	_	_	_	_	linguistic	_	none	_	_	_	_	_	_
475-5	PST087	475	475	5	no	no	_	_	_	_	_	linguistic	_	none	_	End=1152.177	_	_	_	_
476-0	PST087	476	476	0	serve	serve	_	_	_	_	_	linguistic	_	none	_	Begin=1152.495	_	_	_	_
476-1	PST087	476	476	1	sabato	sabato	_	_	_	_	_	linguistic	_	none	PauseAfter=Yes	_	_	_	_	_
476-2	PST087	476	476	2	{P}	{P}	_	_	_	_	_	shortpause	_	none	_	_	_	_	_	_
476-3	PST087	476	476	3	perché	perché	_	_	_	_	_	linguistic	_	none	_	_	_	_	_	_
476-4	PST087	476	476	4	sabato	sabato	_	_	_	_	_	linguistic	_	none	_	_	_	_	_	_
476-5	PST087	476	476	5	si	si	_	_	_	_	_	linguistic	_	none	_	_	_	_	_	_
476-6	PST087	476	476	6	fan	fan	_	_	_	_	_	linguistic	_	none	_	_	_	_	_	_
476-7	PST087	476	476	7	delle	delle	_	_	_	_	_	linguistic	_	none	_	_	_	_	_	_
476-8	PST087	476	476	8	attività,	attività	_	_	_	_	_	linguistic	_	none	Intonation=WeaklyRising	End=1155.76	_	_	_	_
477-0	PST092	477	477	0	saba~	saba~	_	_	_	_	_	linguistic	_	none	Interrupted=Yes	Begin=1157.31|End=1157.6795	_	_	_	_
478-0	PST087	478	478	0	meglio	meglio	_	_	_	_	_	linguistic	_	none	_	Begin=1157.6795	_	_	_	_
478-1	PST087	478	478	1	pomeriggio	pomeriggio	_	_	_	_	_	linguistic	_	none	_	End=1158.858	_	_	_	_
479-0	PST092	479	479	0	sabato	sabato	_	_	_	_	_	linguistic	_	none	PauseAfter=Yes	Begin=1158.858	_	_	_	_
479-1	PST092	479	479	1	[{P}]	{P}	_	_	_	_	_	shortpause	_	none	_	_	_	_	_	0-3(148)
479-2	PST092	479	479	2	sabato	sabato	_	_	_	_	_	linguistic	_	none	_	End=1160.947	_	_	_	_
480-0	PST087	480	480	0	[in	in	_	_	_	_	_	linguistic	_	none	_	Begin=1159.372	_	_	_	0-2(148)
480-1	PST087	480	480	1	generale]	generale	_	_	_	_	_	linguistic	_	none	_	End=1160.056	_	_	_	0-8(148)
481-0	PST087	481	481	0	e	e	_	_	_	_	_	linguistic	_	none	_	Begin=1162.026	_	_	_	_
481-1	PST087	481	481	1	mettilo	mettilo	_	_	_	_	_	linguistic	_	none	_	_	_	_	_	_
481-2	PST087	481	481	2	qua	qua	_	_	_	_	_	linguistic	_	none	_	_	_	_	_	_
481-3	PST087	481	481	3	{ride}	{ride}	_	_	_	_	_	nonverbalbehavior	_	none	_	End=1162.973	_	_	_	_
482-0	PST086	482	482	0	non	non	_	_	_	_	_	linguistic	_	none	_	Begin=1162.982	_	_	_	_
482-1	PST086	482	482	1	c'	c'	_	_	_	_	_	linguistic	_	none	SpaceAfter=No	_	_	_	_	_
482-2	PST086	482	482	2	ho	ho	_	_	_	_	_	linguistic	_	none	_	_	_	_	_	_
482-3	PST086	482	482	3	voglia	voglia	_	_	_	_	_	linguistic	_	none	_	End=1164.22	_	_	_	_
483-0	PST087	483	483	0	faccio	faccio	_	_	_	_	_	linguistic	_	none	_	Begin=1165.894	_	_	_	_
483-1	PST087	483	483	1	io	io	_	_	_	_	_	linguistic	_	none	_	End=1166.681	_	_	_	_
484-0	PST086	484	484	0	{ride}	{ride}	_	_	_	_	_	nonverbalbehavior	_	none	_	Begin=1166.805	_	_	_	_
484-1	PST086	484	484	1	non	non	_	_	_	_	_	linguistic	_	none	_	_	_	_	_	_
484-2	PST086	484	484	2	c'	c'	_	_	_	_	_	linguistic	_	none	SpaceAfter=No	_	_	_	_	_
484-3	PST086	484	484	3	ho	ho	_	_	_	_	_	linguistic	_	none	_	_	_	_	_	_
484-4	PST086	484	484	4	voglia	voglia	_	_	_	_	_	linguistic	_	none	_	_	_	_	_	_
484-5	PST086	484	484	5	no	no	_	_	_	_	_	linguistic	_	none	_	End=1170.092	_	_	_	_
485-0	PST087	485	485	0	sabato	sabato	_	_	_	_	_	linguistic	_	none	_	Begin=1170.557|End=1171.6225	_	_	_	_
486-0	PST092	486	486	0	e::h	eh	_	_	_	_	_	linguistic	_	none	_	Begin=1171.6225	0x2	_	_	_
486-1	PST092	486	486	1	persone::	persone	_	_	_	_	_	linguistic	_	none	_	End=1173.434	6x2	_	_	_
487-0	PST087	487	487	0	ci	ci	_	_	_	_	_	linguistic	_	none	_	Begin=1173.447	_	_	_	_
487-1	PST087	487	487	1	ci	ci	_	_	_	_	_	linguistic	_	none	_	_	_	_	_	_
487-2	PST087	487	487	2	ti	ti	_	_	_	_	_	linguistic	_	none	_	_	_	_	_	_
487-3	PST087	487	487	3	erre	erre	_	_	_	_	_	linguistic	_	none	_	_	_	_	_	_
487-4	PST087	487	487	4	{ride}	{ride}	_	_	_	_	_	nonverbalbehavior	_	none	_	End=1174.816	_	_	_	_
488-0	PST092	488	488	0	no	no	_	_	_	_	_	linguistic	_	none	PauseAfter=Yes	Begin=1174.841	_	_	_	_
488-1	PST092	488	488	1	{P}	{P}	_	_	_	_	_	shortpause	_	none	_	_	_	_	_	_
488-2	PST092	488	488	2	punto	punto	_	_	_	_	_	linguistic	_	none	_	_	_	_	_	_
488-3	PST092	488	488	3	di	di	_	_	_	_	_	linguistic	_	none	_	_	_	_	_	_
488-4	PST092	488	488	4	domanda	domanda	_	_	_	_	_	linguistic	_	none	_	_	_	_	_	_
488-5	PST092	488	488	5	vedremo	vedremo	_	_	_	_	_	linguistic	_	none	_	_	_	_	_	_
488-6	PST092	488	488	6	poi	poi	_	_	_	_	_	linguistic	_	none	_	End=1176.42	_	_	_	_
489-0	PST092	489	489	0	andiamo	andiamo	_	_	_	_	_	linguistic	_	none	_	Begin=1176.645|End=1177.663	_	_	_	_
490-0	PST092	490	490	0	andiamo	andiamo	_	_	_	_	_	linguistic	_	none	_	Begin=1177.769|End=1178.433	_	_	_	_
491-0	PST087	491	491	0	io	io	_	_	_	_	_	linguistic	_	none	_	Begin=1179.062	_	_	_	_
491-1	PST087	491	491	1	l(o)	lo	_	_	_	_	_	linguistic	_	none	_	_	_	_	1-2(0)	_
491-2	PST087	491	491	2	voglio	voglio	_	_	_	_	_	linguistic	_	none	_	_	_	_	_	_
491-3	PST087	491	491	3	portare	portare	_	_	_	_	_	linguistic	_	none	_	End=1180.562	_	_	_	_
492-0	PST092	492	492	0	porti	porti	_	_	_	_	_	linguistic	_	none	_	Begin=1181.224	_	_	_	_
492-1	PST092	492	492	1	quelli?	quelli	_	_	_	_	_	linguistic	_	none	Intonation=Rising	End=1181.987	_	_	_	_
493-0	PST087	493	493	0	se	se	_	_	_	_	_	linguistic	_	none	_	Begin=1182.0	_	_	_	_
493-1	PST087	493	493	1	lo	lo	_	_	_	_	_	linguistic	_	none	_	_	_	_	_	_
493-2	PST087	493	493	2	faccio	faccio	_	_	_	_	_	linguistic	_	none	_	_	_	_	_	_
493-3	PST087	493	493	3	cadere	cadere	_	_	_	_	_	linguistic	_	none	_	_	_	_	_	_
493-4	PST087	493	493	4	mi	mi	_	_	_	_	_	linguistic	_	none	_	_	_	_	_	_
493-5	PST087	493	493	5	ammazzano	ammazzano	_	_	_	_	_	linguistic	_	none	_	End=1183.797	_	_	_	_
494-0	PST092	494	494	0	ti	ti	_	_	_	_	_	linguistic	_	none	_	Begin=1184.194	_	_	_	_
494-1	PST092	494	494	1	amazzo	amazzo	_	_	_	_	_	linguistic	_	none	_	_	_	_	_	_
494-2	PST092	494	494	2	io	io	_	_	_	_	_	linguistic	_	none	_	End=1185.539	_	_	_	_
495-0	PST087	495	495	0	e::i,	ei	_	_	_	_	_	linguistic	_	none	Intonation=WeaklyRising	Begin=1185.592|End=1186.46	0x2	_	_	_
496-0	PST087	496	496	0	un	un	_	_	_	_	_	linguistic	_	none	_	Begin=1187.371	_	_	_	_
496-1	PST087	496	496	1	po'	po'	_	_	_	_	_	linguistic	_	none	_	_	_	_	_	_
496-2	PST087	496	496	2	di	di	_	_	_	_	_	linguistic	_	none	_	_	_	_	_	_
496-3	PST087	496	496	3	complicità,	complicità	_	_	_	_	_	linguistic	_	none	Intonation=WeaklyRising	End=1189.406	_	_	_	_
497-0	PST092	497	497	0	che	che	_	_	_	_	_	linguistic	_	none	_	Begin=1189.45	_	_	_	_
497-1	PST092	497	497	1	complicità	complicità	_	_	_	_	_	linguistic	_	none	_	_	_	_	_	_
497-2	PST092	497	497	2	io	io	_	_	_	_	_	linguistic	_	none	_	_	_	_	_	_
497-3	PST092	497	497	3	non	non	_	_	_	_	_	linguistic	_	none	_	_	_	_	_	_
497-4	PST092	497	497	4	voglio	voglio	_	_	_	_	_	linguistic	_	none	_	_	_	_	_	_
497-5	PST092	497	497	5	essere	essere	_	_	_	_	_	linguistic	_	none	_	_	_	_	_	_
497-6	PST092	497	497	6	complice	complice	_	_	_	_	_	linguistic	_	none	_	_	_	_	_	_
497-7	PST092	497	497	7	di	di	_	_	_	_	_	linguistic	_	none	_	_	_	_	_	_
497-8	PST092	497	497	8	nessun	nessun	_	_	_	_	_	linguistic	_	none	_	_	_	_	_	_
497-9	PST092	497	497	9	reato	reato	_	_	_	_	_	linguistic	_	none	_	_	_	_	_	_
497-10	PST092	497	497	10	o	o	_	_	_	_	_	linguistic	_	none	_	_	_	_	_	_
497-11	PST092	497	497	11	crimine	crimine	_	_	_	_	_	linguistic	_	none	_	End=1192.911	_	_	_	_
498-0	PST211	498	498	0	perfetto	perfetto	_	_	_	_	_	linguistic	_	none	_	Begin=1194.895|End=1195.711	_	_	_	_
499-0	PST092	499	499	0	i	i	_	_	_	_	_	linguistic	_	none	_	Begin=1195.723	_	_	_	_
499-1	PST092	499	499	1	fogli	fogli	_	_	_	_	_	linguistic	_	none	_	_	_	_	_	_
499-2	PST092	499	499	2	vuoti,	vuoti	_	_	_	_	_	linguistic	_	none	Intonation=WeaklyRising	End=1196.684	_	_	_	_
500-0	PST211	500	500	0	okay	okay	_	_	_	_	_	linguistic	_	none	_	Begin=1197.763|End=1198.429	_	_	_	_
501-0	PST092	501	501	0	e	e	_	_	_	_	_	linguistic	_	none	_	Begin=1198.429	_	_	_	_
501-1	PST092	501	501	1	questi	questi	_	_	_	_	_	linguistic	_	none	_	_	_	_	_	_
501-2	PST092	501	501	2	qua	qua	_	_	_	_	_	linguistic	_	none	_	_	_	_	_	_
501-3	PST092	501	501	3	sono	sono	_	_	_	_	_	linguistic	_	none	_	_	_	_	_	_
501-4	PST092	501	501	4	quelli	quelli	_	_	_	_	_	linguistic	_	none	_	_	_	_	_	_
501-5	PST092	501	501	5	di	di	_	_	_	_	_	linguistic	_	none	_	_	_	_	_	_
501-6	PST092	501	501	6	tutti	tutti	_	_	_	_	_	linguistic	_	none	_	End=1200.203	_	_	_	_
502-0	PST211	502	502	0	ottimo	ottimo	_	_	_	_	_	linguistic	_	none	_	Begin=1200.203|End=1200.787	_	_	_	_
503-0	PST092	503	503	0	poi	poi	_	_	_	_	_	linguistic	_	none	_	Begin=1201.858	_	_	_	_
503-1	PST092	503	503	1	prossima	prossima	_	_	_	_	_	linguistic	_	none	_	_	_	_	_	_
503-2	PST092	503	503	2	volta	volta	_	_	_	_	_	linguistic	_	none	_	_	_	_	_	_
503-3	PST092	503	503	3	vediamo	vediamo	_	_	_	_	_	linguistic	_	none	_	_	_	_	_	_
503-4	PST092	503	503	4	i	i	_	_	_	_	_	linguistic	_	none	_	_	_	_	_	_
503-5	PST092	503	503	5	punti	punti	_	_	_	_	_	linguistic	_	none	_	_	_	_	_	_
503-6	PST092	503	503	6	mancanti	mancanti	_	_	_	_	_	linguistic	_	none	_	_	_	_	_	_
503-7	PST092	503	503	7	che:	che	_	_	_	_	_	linguistic	_	none	_	_	2x1	_	_	_
503-8	PST092	503	503	8	sono	sono	_	_	_	_	_	linguistic	_	none	_	_	_	_	_	_
503-9	PST092	503	503	9	un	un	_	_	_	_	_	linguistic	_	none	_	_	_	_	_	_
503-10	PST092	503	503	10	po'::	po'	_	_	_	_	_	linguistic	_	none	_	End=1204.982	1x2	_	_	_
504-0	PST211	504	504	0	adesso	adesso	_	_	_	_	_	linguistic	_	none	_	Begin=1204.964	_	_	_	_
504-1	PST211	504	504	1	[vediamo	vediamo	_	_	_	_	_	linguistic	_	none	_	_	_	_	_	0-7(150)
504-2	PST211	504	504	2	ins~]	ins~	_	_	_	_	_	linguistic	_	none	Interrupted=Yes	End=1205.951	_	_	_	0-4(150)
505-0	PST092	505	505	0	[questi	questi	_	_	_	_	_	linguistic	_	none	_	Begin=1205.246	_	_	_	0-6(150)
505-1	PST092	505	505	1	sono	sono	_	_	_	_	_	linguistic	_	none	_	_	_	_	_	0-4(150)
505-2	PST092	505	505	2	quelli]	quelli	_	_	_	_	_	linguistic	_	none	_	End=1205.951	_	_	_	0-6(150)
