token_id	speaker	tu_id	unit	id	span	form	lemma	upos	xpos	feats	deprel	type	meta_label	variation	jefferson_feats	align	prolongations	pace	guesses	overlaps
0-0	PST092	0	0	0	ehm	ehm	_	_	_	_	_	linguistic	_	some	_	Begin=0.98	_	_	_	_
0-1	PST092	0	0	1	#doamna	doamna	_	_	_	_	_	linguistic	_	some	Language=NO_ISO_CODE|Variation=Token	_	_	_	_	_
0-2	PST092	0	0	2	elisabeta	elisabeta	_	_	_	_	_	linguistic	_	some	_	_	_	_	_	_
0-3	PST092	0	0	3	lei	lei	_	_	_	_	_	linguistic	_	some	_	_	_	_	_	_
0-4	PST092	0	0	4	è	è	_	_	_	_	_	linguistic	_	some	_	_	_	_	_	_
0-5	PST092	0	0	5	venuta	venuta	_	_	_	_	_	linguistic	_	some	PauseAfter=Yes	_	_	_	_	_
0-6	PST092	0	0	6	{P}	{P}	_	_	_	_	_	shortpause	_	some	_	_	_	_	_	_
0-7	PST092	0	0	7	in	in	_	_	_	_	_	linguistic	_	some	_	_	_	_	_	_
0-8	PST092	0	0	8	romania	romania	_	_	_	_	_	linguistic	_	some	_	_	_	_	_	_
0-9	PST092	0	0	9	dalla	dalla	_	_	_	_	_	linguistic	_	some	_	_	_	_	_	_
0-10	PST092	0	0	10	romania	romania	_	_	_	_	_	linguistic	_	some	_	_	_	_	_	_
0-11	PST092	0	0	11	qua	qua	_	_	_	_	_	linguistic	_	some	_	_	_	_	_	_
0-12	PST092	0	0	12	in	in	_	_	_	_	_	linguistic	_	some	_	_	_	_	_	_
0-13	PST092	0	0	13	italia	italia	_	_	_	_	_	linguistic	_	some	PauseAfter=Yes	_	_	_	_	_
0-14	PST092	0	0	14	{P}	{P}	_	_	_	_	_	shortpause	_	some	_	_	_	_	_	_
0-15	PST092	0	0	15	come	come	_	_	_	_	_	linguistic	_	some	_	_	_	_	_	_
0-16	PST092	0	0	16	ha	ha	_	_	_	_	_	linguistic	_	some	_	_	_	_	_	_
0-17	PST092	0	0	17	vissuto	vissuto	_	_	_	_	_	linguistic	_	some	_	_	_	_	_	_
0-18	PST092	0	0	18	lo	lo	_	_	_	_	_	linguistic	_	some	_	_	_	_	_	_
0-19	PST092	0	0	19	spostamento	spostamento	_	_	_	_	_	linguistic	_	some	_	End=7.396	_	_	_	_
2-0	PST094	2	2	0	e::h	eh	_	_	_	_	_	linguistic	_	none	_	Begin=8.1	0x2	_	_	_
2-1	PST094	2	2	1	guarda	guarda	_	_	_	_	_	linguistic	_	none	_	_	_	_	_	_
2-2	PST094	2	2	2	@ilaria	@ilaria	_	_	_	_	_	anonymized	_	none	_	_	_	_	_	_
2-3	PST094	2	2	3	per	per	_	_	_	_	_	linguistic	_	none	_	_	_	_	_	_
2-4	PST094	2	2	4	me	me	_	_	_	_	_	linguistic	_	none	_	_	_	_	_	_
2-5	PST094	2	2	5	è	è	_	_	_	_	_	linguistic	_	none	_	_	_	_	_	_
2-6	PST094	2	2	6	stato:::	stato	_	_	_	_	_	linguistic	_	none	_	_	4x3	_	_	_
2-7	PST094	2	2	7	molto	molto	_	_	_	_	_	linguistic	_	none	_	_	_	_	_	_
2-8	PST094	2	2	8	facile	facile	_	_	_	_	_	linguistic	_	none	_	End=12.321	_	_	_	_
3-0	PST094	3	3	0	e::h	eh	_	_	_	_	_	linguistic	_	none	_	Begin=13.055	0x2	_	_	_
3-1	PST094	3	3	1	perché	perché	_	_	_	_	_	linguistic	_	none	_	_	_	_	_	_
3-2	PST094	3	3	2	ho	ho	_	_	_	_	_	linguistic	_	none	_	_	_	_	_	_
3-3	PST094	3	3	3	sempre	sempre	_	_	_	_	_	linguistic	_	none	_	_	_	_	_	_
3-4	PST094	3	3	4	fatto	fatto	_	_	_	_	_	linguistic	_	none	_	_	_	_	_	_
3-5	PST094	3	3	5	quello	quello	_	_	_	_	_	linguistic	_	none	_	_	_	_	_	_
3-6	PST094	3	3	6	che	che	_	_	_	_	_	linguistic	_	none	_	_	_	_	_	_
3-7	PST094	3	3	7	facevo	facevo	_	_	_	_	_	linguistic	_	none	_	_	_	_	_	_
3-8	PST094	3	3	8	in	in	_	_	_	_	_	linguistic	_	none	_	_	_	_	_	_
3-9	PST094	3	3	9	romania,	romania	_	_	_	_	_	linguistic	_	none	Intonation=WeaklyRising	End=16.761	_	_	_	_
4-0	PST094	4	4	0	ho	ho	_	_	_	_	_	linguistic	_	none	_	Begin=16.761	_	_	_	_
4-1	PST094	4	4	1	continuato	continuato	_	_	_	_	_	linguistic	_	none	_	_	_	_	_	_
4-2	PST094	4	4	2	quindi:	quindi	_	_	_	_	_	linguistic	_	none	_	End=18.841	5x1	_	_	_
5-0	PST094	5	5	0	non	non	_	_	_	_	_	linguistic	_	none	_	Begin=18.885	_	_	_	_
5-1	PST094	5	5	1	me	me	_	_	_	_	_	linguistic	_	none	_	_	_	_	_	_
5-2	PST094	5	5	2	lo	lo	_	_	_	_	_	linguistic	_	none	_	_	_	_	_	_
5-3	PST094	5	5	3	aspettavo	aspettavo	_	_	_	_	_	linguistic	_	none	_	_	_	_	_	_
5-4	PST094	5	5	4	che	che	_	_	_	_	_	linguistic	_	none	_	_	_	_	_	_
5-5	PST094	5	5	5	in	in	_	_	_	_	_	linguistic	_	none	_	_	_	_	_	_
5-6	PST094	5	5	6	italia	italia	_	_	_	_	_	linguistic	_	none	_	_	_	_	_	_
5-7	PST094	5	5	7	mi	mi	_	_	_	_	_	linguistic	_	none	_	_	_	_	_	_
5-8	PST094	5	5	8	avessi	avessi	_	_	_	_	_	linguistic	_	none	_	_	_	_	_	_
5-9	PST094	5	5	9	trovato	trovato	_	_	_	_	_	linguistic	_	none	_	_	_	_	_	_
5-10	PST094	5	5	10	così	così	_	_	_	_	_	linguistic	_	none	_	_	_	_	_	_
5-11	PST094	5	5	11	bene	bene	_	_	_	_	_	linguistic	_	none	_	End=23.11	_	_	_	_
6-0	PST094	6	6	0	e	e	_	_	_	_	_	linguistic	_	none	_	Begin=23.11	_	_	_	_
6-1	PST094	6	6	1	non	non	_	_	_	_	_	linguistic	_	none	_	_	_	_	_	_
6-2	PST094	6	6	2	ritornare	ritornare	_	_	_	_	_	linguistic	_	none	_	End=24.486	_	_	_	_
7-0	PST094	7	7	0	perché	perché	_	_	_	_	_	linguistic	_	none	_	Begin=24.521	_	_	_	_
7-1	PST094	7	7	1	quando	quando	_	_	_	_	_	linguistic	_	none	_	_	_	_	_	_
7-2	PST094	7	7	2	mi	mi	_	_	_	_	_	linguistic	_	none	_	_	_	_	_	_
7-3	PST094	7	7	3	sono	sono	_	_	_	_	_	linguistic	_	none	_	_	_	_	_	_
7-4	PST094	7	7	4	spostata	spostata	_	_	_	_	_	linguistic	_	none	_	_	_	_	_	_
7-5	PST094	7	7	5	volevo	volevo	_	_	_	_	_	linguistic	_	none	_	_	_	_	_	_
7-6	PST094	7	7	6	rimanere	rimanere	_	_	_	_	_	linguistic	_	none	_	_	_	_	_	_
7-7	PST094	7	7	7	solo	solo	_	_	_	_	_	linguistic	_	none	_	_	_	_	_	_
7-8	PST094	7	7	8	sei	sei	_	_	_	_	_	linguistic	_	none	_	_	_	_	_	_
7-9	PST094	7	7	9	mesi	mesi	_	_	_	_	_	linguistic	_	none	_	_	_	_	_	_
7-10	PST094	7	7	10	massimo,	massimo	_	_	_	_	_	linguistic	_	none	Intonation=WeaklyRising	End=29.49	_	_	_	_
8-0	PST094	8	8	0	quindi	quindi	_	_	_	_	_	linguistic	_	none	_	Begin=29.961	_	_	_	_
8-1	PST094	8	8	1	mi	mi	_	_	_	_	_	linguistic	_	none	_	_	_	_	_	_
8-2	PST094	8	8	2	sono	sono	_	_	_	_	_	linguistic	_	none	_	_	_	_	_	_
8-3	PST094	8	8	3	fermata	fermata	_	_	_	_	_	linguistic	_	none	_	_	_	_	_	_
8-4	PST094	8	8	4	per	per	_	_	_	_	_	linguistic	_	none	_	End=31.67	_	_	_	_
9-0	PST094	9	9	0	più	più	_	_	_	_	_	linguistic	_	none	_	Begin=32.7	_	_	_	_
9-1	PST094	9	9	1	di	di	_	_	_	_	_	linguistic	_	none	_	_	_	_	_	_
9-2	PST094	9	9	2	ventitre	ventitre	_	_	_	_	_	linguistic	_	none	_	_	_	_	_	_
9-3	PST094	9	9	3	anni	anni	_	_	_	_	_	linguistic	_	none	_	End=34.067	_	_	_	_
10-0	PST094	10	10	0	direi	direi	_	_	_	_	_	linguistic	_	none	_	Begin=35.511	_	_	_	_
10-1	PST094	10	10	1	che::	che	_	_	_	_	_	linguistic	_	none	_	_	2x2	_	_	_
10-2	PST094	10	10	2	lo	lo	_	_	_	_	_	linguistic	_	none	_	_	_	_	_	_
10-3	PST094	10	10	3	spostamento	spostamento	_	_	_	_	_	linguistic	_	none	_	_	_	_	_	_
10-4	PST094	10	10	4	non	non	_	_	_	_	_	linguistic	_	none	_	_	_	_	_	_
10-5	PST094	10	10	5	l'	l'	_	_	_	_	_	linguistic	_	none	SpaceAfter=No	_	_	_	_	_
10-6	PST094	10	10	6	ho	ho	_	_	_	_	_	linguistic	_	none	_	_	_	_	_	_
10-7	PST094	10	10	7	vissuto	vissuto	_	_	_	_	_	linguistic	_	none	_	_	_	_	_	_
10-8	PST094	10	10	8	così	così	_	_	_	_	_	linguistic	_	none	_	_	_	_	_	_
10-9	PST094	10	10	9	tragicamente	tragicamente	_	_	_	_	_	linguistic	_	none	_	End=40.22	_	_	_	_
11-0	PST092	11	11	0	ma	ma	_	_	_	_	_	linguistic	_	none	_	Begin=40.22	_	_	_	_
11-1	PST092	11	11	1	in	in	_	_	_	_	_	linguistic	_	none	_	_	_	_	_	_
11-2	PST092	11	11	2	romania	romania	_	_	_	_	_	linguistic	_	none	_	_	_	_	_	_
11-3	PST092	11	11	3	cosa	cosa	_	_	_	_	_	linguistic	_	none	_	_	_	_	_	_
11-4	PST092	11	11	4	faceva,	faceva	_	_	_	_	_	linguistic	_	none	Intonation=WeaklyRising	End=41.692	_	_	_	_
12-0	PST094	12	12	0	e:h	eh	_	_	_	_	_	linguistic	_	none	_	Begin=41.99	0x1	_	_	_
12-1	PST094	12	12	1	in	in	_	_	_	_	_	linguistic	_	none	_	_	_	_	_	_
12-2	PST094	12	12	2	romania	romania	_	_	_	_	_	linguistic	_	none	_	_	_	_	_	_
12-3	PST094	12	12	3	insegnavo	insegnavo	_	_	_	_	_	linguistic	_	none	_	End=43.81	_	_	_	_
13-0	PST094	13	13	0	ero	ero	_	_	_	_	_	linguistic	_	none	ProsodicLink=Yes	Begin=43.98	_	_	_	_
13-1	PST094	13	13	1	un:'	un'	_	_	_	_	_	linguistic	_	none	SpaceAfter=No	_	1x1	_	_	_
13-2	PST094	13	13	2	insegnante	insegnante	_	_	_	_	_	linguistic	_	none	_	_	_	_	_	_
13-3	PST094	13	13	3	di	di	_	_	_	_	_	linguistic	_	none	_	_	_	_	_	_
13-4	PST094	13	13	4	chimica	chimica	_	_	_	_	_	linguistic	_	none	_	_	_	_	_	_
13-5	PST094	13	13	5	e	e	_	_	_	_	_	linguistic	_	none	_	_	_	_	_	_
13-6	PST094	13	13	6	fisica	fisica	_	_	_	_	_	linguistic	_	none	_	End=47.29	_	_	_	_
14-0	PST094	14	14	0	e::	e	_	_	_	_	_	linguistic	_	none	_	Begin=47.94	0x2	_	_	_
14-1	PST094	14	14	1	quindi	quindi	_	_	_	_	_	linguistic	_	none	_	_	_	_	_	_
14-2	PST094	14	14	2	quando	quando	_	_	_	_	_	linguistic	_	none	_	_	_	_	_	_
14-3	PST094	14	14	3	sono	sono	_	_	_	_	_	linguistic	_	none	_	_	_	_	_	_
14-4	PST094	14	14	4	arrivata	arrivata	_	_	_	_	_	linguistic	_	none	_	_	_	_	_	_
14-5	PST094	14	14	5	qua	qua	_	_	_	_	_	linguistic	_	none	_	_	_	_	_	_
14-6	PST094	14	14	6	s::ì	sì	_	_	_	_	_	linguistic	_	none	PauseAfter=Yes	_	0x2	_	_	_
14-7	PST094	14	14	7	{P}	{P}	_	_	_	_	_	shortpause	_	none	_	_	_	_	_	_
14-8	PST094	14	14	8	un	un	_	_	_	_	_	linguistic	_	none	_	_	_	_	_	_
14-9	PST094	14	14	9	pezzettino	pezzettino	_	_	_	_	_	linguistic	_	none	_	_	_	_	_	_
14-10	PST094	14	14	10	di	di	_	_	_	_	_	linguistic	_	none	_	_	_	_	_	_
14-11	PST094	14	14	11	questo::	questo	_	_	_	_	_	linguistic	_	none	_	End=53.42	5x2	_	_	_
15-0	PST094	15	15	0	mi	mi	_	_	_	_	_	linguistic	_	none	_	Begin=53.52	_	_	_	_
15-1	PST094	15	15	1	è	è	_	_	_	_	_	linguistic	_	none	_	_	_	_	_	_
15-2	PST094	15	15	2	disturbata	disturbata	_	_	_	_	_	linguistic	_	none	_	_	_	_	_	_
15-3	PST094	15	15	3	un	un	_	_	_	_	_	linguistic	_	none	_	_	_	_	_	_
15-4	PST094	15	15	4	po':	po'	_	_	_	_	_	linguistic	_	none	_	_	1x1	_	_	_
15-5	PST094	15	15	5	che::	che	_	_	_	_	_	linguistic	_	none	_	End=55.64	2x2	_	_	_
16-0	PST094	16	16	0	oggi	oggi	_	_	_	_	_	linguistic	_	none	_	Begin=56.165	_	_	_	_
16-1	PST094	16	16	1	come	come	_	_	_	_	_	linguistic	_	none	_	_	_	_	_	_
16-2	PST094	16	16	2	oggi	oggi	_	_	_	_	_	linguistic	_	none	_	_	_	_	_	_
16-3	PST094	16	16	3	sono	sono	_	_	_	_	_	linguistic	_	none	_	_	_	_	_	_
16-4	PST094	16	16	4	andata:::	andata	_	_	_	_	_	linguistic	_	none	_	_	5x3	_	_	_
16-5	PST094	16	16	5	a	a	_	_	_	_	_	linguistic	_	none	_	_	_	_	_	_
16-6	PST094	16	16	6	scuola	scuola	_	_	_	_	_	linguistic	_	none	_	End=59.31	_	_	_	_
17-0	PST094	17	17	0	con	con	_	_	_	_	_	linguistic	_	none	_	Begin=59.33	_	_	_	_
17-1	PST094	17	17	1	i	i	_	_	_	_	_	linguistic	_	none	_	_	_	_	_	_
17-2	PST094	17	17	2	miei	miei	_	_	_	_	_	linguistic	_	none	_	_	_	_	_	_
17-3	PST094	17	17	3	alunni	alunni	_	_	_	_	_	linguistic	_	none	_	End=60.72	_	_	_	_
18-0	PST094	18	18	0	e::	e	_	_	_	_	_	linguistic	_	none	_	Begin=60.76	0x2	_	_	_
18-1	PST094	18	18	1	la	la	_	_	_	_	_	linguistic	_	none	_	_	_	_	_	_
18-2	PST094	18	18	2	sera	sera	_	_	_	_	_	linguistic	_	none	_	_	_	_	_	_
18-3	PST094	18	18	3	ho	ho	_	_	_	_	_	linguistic	_	none	_	_	_	_	_	_
18-4	PST094	18	18	4	preso	preso	_	_	_	_	_	linguistic	_	none	_	_	_	_	_	_
18-5	PST094	18	18	5	il	il	_	_	_	_	_	linguistic	_	none	_	_	_	_	_	_
18-6	PST094	18	18	6	pullman	pullman	_	_	_	_	_	linguistic	_	none	_	_	_	_	_	_
18-7	PST094	18	18	7	e	e	_	_	_	_	_	linguistic	_	none	_	_	_	_	_	_
18-8	PST094	18	18	8	sono	sono	_	_	_	_	_	linguistic	_	none	_	_	_	_	_	_
18-9	PST094	18	18	9	partita	partita	_	_	_	_	_	linguistic	_	none	_	_	_	_	_	_
18-10	PST094	18	18	10	per	per	_	_	_	_	_	linguistic	_	none	_	_	_	_	_	_
18-11	PST094	18	18	11	l'	l'	_	_	_	_	_	linguistic	_	none	SpaceAfter=No	_	_	_	_	_
18-12	PST094	18	18	12	italia.	italia	_	_	_	_	_	linguistic	_	none	Intonation=Falling	End=64.565	_	_	_	_
19-0	PST094	19	19	0	arrivata	arrivata	_	_	_	_	_	linguistic	_	none	_	Begin=65.62	_	_	_	_
19-1	PST094	19	19	1	qua,	qua	_	_	_	_	_	linguistic	_	none	Intonation=WeaklyRising	End=66.998	_	_	_	_
20-0	PST094	20	20	0	$sinceralmente::	sinceralmente	_	_	_	_	_	linguistic	_	none	Orthography=Yes|Variation=Emerging	Begin=67.34|End=69.24	12x2	_	_	_
21-0	PST094	21	21	0	un	un	_	_	_	_	_	linguistic	_	none	_	Begin=69.24	_	_	_	_
21-1	PST094	21	21	1	po'::	po'	_	_	_	_	_	linguistic	_	none	_	End=70.815	1x2	_	_	_
22-0	PST094	22	22	0	mi	mi	_	_	_	_	_	linguistic	_	none	_	Begin=70.815	_	_	_	_
22-1	PST094	22	22	1	è	è	_	_	_	_	_	linguistic	_	none	_	_	_	_	_	_
22-2	PST094	22	22	2	dispiaciuto:	dispiaciuto	_	_	_	_	_	linguistic	_	none	_	End=72.39	10x1	_	_	_
23-0	PST094	23	23	0	quando	quando	_	_	_	_	_	linguistic	_	none	_	Begin=72.39	_	_	_	_
23-1	PST094	23	23	1	cominciavo:	cominciavo	_	_	_	_	_	linguistic	_	none	_	_	9x1	_	_	_
23-2	PST094	23	23	2	eh	eh	_	_	_	_	_	linguistic	_	none	_	_	_	_	_	_
23-3	PST094	23	23	3	cominciavano:	cominciavano	_	_	_	_	_	linguistic	_	none	_	End=75.05	11x1	_	_	_
24-0	PST094	24	24	0	gli	gli	_	_	_	_	_	linguistic	_	none	_	Begin=75.148	_	_	_	_
24-1	PST094	24	24	1	anni	anni	_	_	_	_	_	linguistic	_	none	_	_	_	_	_	_
24-2	PST094	24	24	2	scolastici,	scolastici	_	_	_	_	_	linguistic	_	none	Intonation=WeaklyRising	End=76.383	_	_	_	_
25-0	PST094	25	25	0	mi	mi	_	_	_	_	_	linguistic	_	none	_	Begin=76.482	_	_	_	_
25-1	PST094	25	25	1	mancava	mancava	_	_	_	_	_	linguistic	_	none	_	_	_	_	_	_
25-2	PST094	25	25	2	quel	quel	_	_	_	_	_	linguistic	_	none	_	_	_	_	_	_
25-3	PST094	25	25	3	primo	primo	_	_	_	_	_	linguistic	_	none	_	_	_	_	_	_
25-4	PST094	25	25	4	giorno	giorno	_	_	_	_	_	linguistic	_	none	_	_	_	_	_	_
25-5	PST094	25	25	5	di	di	_	_	_	_	_	linguistic	_	none	_	_	_	_	_	_
25-6	PST094	25	25	6	scuola.	scuola	_	_	_	_	_	linguistic	_	none	Intonation=Falling	End=79.223	_	_	_	_
26-0	PST094	26	26	0	ma:	ma	_	_	_	_	_	linguistic	_	none	PauseAfter=Yes	Begin=79.267	1x1	_	_	_
26-1	PST094	26	26	1	{P}	{P}	_	_	_	_	_	shortpause	_	none	_	_	_	_	_	_
26-2	PST094	26	26	2	eh	eh	_	_	_	_	_	linguistic	_	none	_	End=80.587	_	_	_	_
27-0	PST094	27	27	0	la	la	_	_	_	_	_	linguistic	_	none	_	Begin=80.624	_	_	_	_
27-1	PST094	27	27	1	fortuna	fortuna	_	_	_	_	_	linguistic	_	none	_	_	_	_	_	_
27-2	PST094	27	27	2	è	è	_	_	_	_	_	linguistic	_	none	_	_	_	_	_	_
27-3	PST094	27	27	3	stata	stata	_	_	_	_	_	linguistic	_	none	_	_	_	_	_	_
27-4	PST094	27	27	4	quella	quella	_	_	_	_	_	linguistic	_	none	_	_	_	_	_	_
27-5	PST094	27	27	5	che	che	_	_	_	_	_	linguistic	_	none	_	_	_	_	_	_
27-6	PST094	27	27	6	ho:	ho	_	_	_	_	_	linguistic	_	none	_	_	1x1	_	_	_
27-7	PST094	27	27	7	sempre	sempre	_	_	_	_	_	linguistic	_	none	_	_	_	_	_	_
27-8	PST094	27	27	8	fatto	fatto	_	_	_	_	_	linguistic	_	none	_	_	_	_	_	_
27-9	PST094	27	27	9	volontariato,	volontariato	_	_	_	_	_	linguistic	_	none	Intonation=WeaklyRising	End=85.13	_	_	_	_
28-0	PST094	28	28	0	e	e	_	_	_	_	_	linguistic	_	none	_	Begin=85.13	_	_	_	_
28-1	PST094	28	28	1	subito	subito	_	_	_	_	_	linguistic	_	none	_	_	_	_	_	_
28-2	PST094	28	28	2	immersa	immersa	_	_	_	_	_	linguistic	_	none	_	_	_	_	_	_
28-3	PST094	28	28	3	proprio:	proprio	_	_	_	_	_	linguistic	_	none	_	End=87.88	6x1	_	_	_
29-0	PST094	29	29	0	in	in	_	_	_	_	_	linguistic	_	none	_	Begin=87.88	_	_	_	_
29-1	PST094	29	29	1	questa	questa	_	_	_	_	_	linguistic	_	none	_	_	_	_	_	_
29-2	PST094	29	29	2	situazione	situazione	_	_	_	_	_	linguistic	_	none	_	_	_	_	_	_
29-3	PST094	29	29	3	realtà	realtà	_	_	_	_	_	linguistic	_	none	_	_	_	_	_	_
29-4	PST094	29	29	4	di	di	_	_	_	_	_	linguistic	_	none	_	_	_	_	_	_
29-5	PST094	29	29	5	aiutare	aiutare	_	_	_	_	_	linguistic	_	none	_	_	_	_	_	_
29-6	PST094	29	29	6	altri	altri	_	_	_	_	_	linguistic	_	none	_	_	_	_	_	_
29-7	PST094	29	29	7	ragazzi	ragazzi	_	_	_	_	_	linguistic	_	none	_	_	_	_	_	_
29-8	PST094	29	29	8	per	per	_	_	_	_	_	linguistic	_	none	_	_	_	_	_	_
29-9	PST094	29	29	9	i	i	_	_	_	_	_	linguistic	_	none	_	_	_	_	_	_
29-10	PST094	29	29	10	compiti	compiti	_	_	_	_	_	linguistic	_	none	_	End=92.906	_	_	_	_
30-0	PST094	30	30	0	quindi	quindi	_	_	_	_	_	linguistic	_	none	_	Begin=93.14	_	_	_	_
30-1	PST094	30	30	1	mi	mi	_	_	_	_	_	linguistic	_	none	_	_	_	_	_	_
30-2	PST094	30	30	2	mancava,	mancava	_	_	_	_	_	linguistic	_	none	Intonation=WeaklyRising	End=94.35	_	_	_	_
31-0	PST094	31	31	0	però:	però	_	_	_	_	_	linguistic	_	none	_	Begin=94.74	3x1	_	_	_
31-1	PST094	31	31	1	l'	l'	_	_	_	_	_	linguistic	_	none	SpaceAfter=No	_	_	_	_	_
31-2	PST094	31	31	2	avevo	avevo	_	_	_	_	_	linguistic	_	none	_	_	_	_	_	_
31-3	PST094	31	31	3	coperta	coperta	_	_	_	_	_	linguistic	_	none	_	_	_	_	_	_
31-4	PST094	31	31	4	un	un	_	_	_	_	_	linguistic	_	none	_	_	_	_	_	_
31-5	PST094	31	31	5	po'	po'	_	_	_	_	_	linguistic	_	none	_	_	_	_	_	_
31-6	PST094	31	31	6	con::	con	_	_	_	_	_	linguistic	_	none	_	End=97.62	2x2	_	_	_
32-0	PST094	32	32	0	con	con	_	_	_	_	_	linguistic	_	none	_	Begin=97.905	_	_	_	_
32-1	PST094	32	32	1	il	il	_	_	_	_	_	linguistic	_	none	_	_	_	_	_	_
32-2	PST094	32	32	2	mio::	mio	_	_	_	_	_	linguistic	_	none	_	_	2x2	_	_	_
32-3	PST094	32	32	3	volontariato	volontariato	_	_	_	_	_	linguistic	_	none	_	End=99.98	_	_	_	_
33-0	PST092	33	33	0	pe:r	per	_	_	_	_	_	linguistic	_	some	_	Begin=101.047	1x1	_	_	_
33-1	PST092	33	33	1	il	il	_	_	_	_	_	linguistic	_	some	_	_	_	_	_	_
33-2	PST092	33	33	2	#centru,	centru	_	_	_	_	_	linguistic	_	some	Intonation=WeaklyRising|Language=NO_ISO_CODE|Variation=Token	End=102.202	_	_	_	_
35-0	PST092	35	35	0	cioè	cioè	_	_	_	_	_	linguistic	_	none	_	Begin=102.202	_	_	_	_
35-1	PST092	35	35	1	com'	com'	_	_	_	_	_	linguistic	_	none	SpaceAfter=No	_	_	_	_	_
35-2	PST092	35	35	2	è	è	_	_	_	_	_	linguistic	_	none	_	_	_	_	_	_
35-3	PST092	35	35	3	nato	nato	_	_	_	_	_	linguistic	_	none	_	_	_	_	_	_
35-4	PST092	35	35	4	l'	l'	_	_	_	_	_	linguistic	_	none	SpaceAfter=No	_	_	_	_	_
35-5	PST092	35	35	5	idea	idea	_	_	_	_	_	linguistic	_	none	_	_	_	_	_	_
35-6	PST092	35	35	6	e:	e	_	_	_	_	_	linguistic	_	none	_	_	0x1	_	_	_
35-7	PST092	35	35	7	tutto	tutto	_	_	_	_	_	linguistic	_	none	_	End=104.79	_	_	_	_
36-0	PST094	36	36	0	e::h	eh	_	_	_	_	_	linguistic	_	none	_	Begin=105.24	0x2	_	_	_
36-1	PST094	36	36	1	l'	l'	_	_	_	_	_	linguistic	_	none	SpaceAfter=No	_	_	_	_	_
36-2	PST094	36	36	2	idea	idea	_	_	_	_	_	linguistic	_	none	_	_	_	_	_	_
36-3	PST094	36	36	3	del	del	_	_	_	_	_	linguistic	_	none	_	_	_	_	_	_
36-4	PST094	36	36	4	centro:	centro	_	_	_	_	_	linguistic	_	none	_	_	5x1	_	_	_
36-5	PST094	36	36	5	er~	er~	_	_	_	_	_	linguistic	_	none	Interrupted=Yes	_	_	_	_	_
36-6	PST094	36	36	6	è:	è	_	_	_	_	_	linguistic	_	none	_	_	0x1	_	_	_
36-7	PST094	36	36	7	nata	nata	_	_	_	_	_	linguistic	_	none	_	_	_	_	_	_
36-8	PST094	36	36	8	proprio:	proprio	_	_	_	_	_	linguistic	_	none	_	_	6x1	_	_	_
36-9	PST094	36	36	9	del	del	_	_	_	_	_	linguistic	_	none	_	_	_	_	_	_
36-10	PST094	36	36	10	de~	de~	_	_	_	_	_	linguistic	_	none	Interrupted=Yes	_	_	_	_	_
36-11	PST094	36	36	11	e:h	eh	_	_	_	_	_	linguistic	_	none	_	_	0x1	_	_	_
36-12	PST094	36	36	12	dal	dal	_	_	_	_	_	linguistic	_	none	_	_	_	_	_	_
36-13	PST094	36	36	13	desiderio	desiderio	_	_	_	_	_	linguistic	_	none	_	_	_	_	_	_
36-14	PST094	36	36	14	di	di	_	_	_	_	_	linguistic	_	none	_	_	_	_	_	_
36-15	PST094	36	36	15	mantenere	mantenere	_	_	_	_	_	linguistic	_	none	_	_	_	_	_	_
36-16	PST094	36	36	16	il	il	_	_	_	_	_	linguistic	_	none	_	_	_	_	_	_
36-17	PST094	36	36	17	lavoro:,	lavoro	_	_	_	_	_	linguistic	_	none	Intonation=WeaklyRising	End=112.859	5x1	_	_	_
37-0	PST094	37	37	0	e::h	eh	_	_	_	_	_	linguistic	_	none	_	Begin=113.36	0x2	_	_	_
37-1	PST094	37	37	1	di	di	_	_	_	_	_	linguistic	_	none	_	_	_	_	_	_
37-2	PST094	37	37	2	insegnante.	insegnante	_	_	_	_	_	linguistic	_	none	Intonation=Falling	End=114.83	_	_	_	_
38-0	PST094	38	38	0	non:	non	_	_	_	_	_	linguistic	_	none	_	Begin=115.43	2x1	_	_	_
38-1	PST094	38	38	1	importava	importava	_	_	_	_	_	linguistic	_	none	_	_	_	_	_	_
38-2	PST094	38	38	2	la:	la	_	_	_	_	_	linguistic	_	none	_	_	1x1	_	_	_
38-3	PST094	38	38	3	retribuzione	retribuzione	_	_	_	_	_	linguistic	_	none	_	End=117.934	_	_	_	_
39-0	PST094	39	39	0	quello	quello	_	_	_	_	_	linguistic	_	none	_	Begin=118.29	_	_	_	_
39-1	PST094	39	39	1	che	che	_	_	_	_	_	linguistic	_	none	_	_	_	_	_	_
39-2	PST094	39	39	2	importava	importava	_	_	_	_	_	linguistic	_	none	_	_	_	_	_	_
39-3	PST094	39	39	3	era	era	_	_	_	_	_	linguistic	_	none	_	_	_	_	_	_
39-4	PST094	39	39	4	la	la	_	_	_	_	_	linguistic	_	none	_	_	_	_	_	_
39-5	PST094	39	39	5	pra~	pra~	_	_	_	_	_	linguistic	_	none	Interrupted=Yes	_	_	_	_	_
39-6	PST094	39	39	6	mh	mh	_	_	_	_	_	linguistic	_	none	_	_	_	_	_	_
39-7	PST094	39	39	7	la	la	_	_	_	_	_	linguistic	_	none	_	_	_	_	_	_
39-8	PST094	39	39	8	praticità	praticità	_	_	_	_	_	linguistic	_	none	_	_	_	_	_	_
39-9	PST094	39	39	9	di	di	_	_	_	_	_	linguistic	_	none	_	_	_	_	_	_
39-10	PST094	39	39	10	quello	quello	_	_	_	_	_	linguistic	_	none	_	_	_	_	_	_
39-11	PST094	39	39	11	che	che	_	_	_	_	_	linguistic	_	none	_	_	_	_	_	_
39-12	PST094	39	39	12	noi	noi	_	_	_	_	_	linguistic	_	none	_	_	_	_	_	_
39-13	PST094	39	39	13	abbiamo:::	abbiamo	_	_	_	_	_	linguistic	_	none	_	End=124.579	6x3	_	_	_
40-0	PST094	40	40	0	imparato	imparato	_	_	_	_	_	linguistic	_	none	_	Begin=124.579	_	_	_	_
40-1	PST094	40	40	1	e	e	_	_	_	_	_	linguistic	_	none	_	_	_	_	_	_
40-2	PST094	40	40	2	quello	quello	_	_	_	_	_	linguistic	_	none	_	_	_	_	_	_
40-3	PST094	40	40	3	che	che	_	_	_	_	_	linguistic	_	none	_	_	_	_	_	_
40-4	PST094	40	40	4	abbiamo	abbiamo	_	_	_	_	_	linguistic	_	none	_	_	_	_	_	_
40-5	PST094	40	40	5	fatto:	fatto	_	_	_	_	_	linguistic	_	none	_	_	4x1	_	_	_
40-6	PST094	40	40	6	in	in	_	_	_	_	_	linguistic	_	none	_	_	_	_	_	_
40-7	PST094	40	40	7	romania	romania	_	_	_	_	_	linguistic	_	none	_	End=127.85	_	_	_	_
41-0	PST094	41	41	0	e:h	eh	_	_	_	_	_	linguistic	_	none	_	Begin=128.194	0x1	_	_	_
41-1	PST094	41	41	1	erano:	erano	_	_	_	_	_	linguistic	_	none	PauseAfter=Yes	_	4x1	_	_	_
41-2	PST094	41	41	2	{P}	{P}	_	_	_	_	_	shortpause	_	none	_	_	_	_	_	_
41-3	PST094	41	41	3	sempre	sempre	_	_	_	_	_	linguistic	_	none	_	_	_	_	_	_
41-4	PST094	41	41	4	più:	più	_	_	_	_	_	linguistic	_	none	_	_	2x1	_	_	_
41-5	PST094	41	41	5	ragazzi	ragazzi	_	_	_	_	_	linguistic	_	none	_	_	_	_	_	_
41-6	PST094	41	41	6	che	che	_	_	_	_	_	linguistic	_	none	_	_	_	_	_	_
41-7	PST094	41	41	7	avevano	avevano	_	_	_	_	_	linguistic	_	none	_	_	_	_	_	_
41-8	PST094	41	41	8	bisogno	bisogno	_	_	_	_	_	linguistic	_	none	_	_	_	_	_	_
41-9	PST094	41	41	9	degli::	degli	_	_	_	_	_	linguistic	_	none	_	_	4x2	_	_	_
41-10	PST094	41	41	10	aiuti::	aiuti	_	_	_	_	_	linguistic	_	none	_	_	4x2	_	_	_
41-11	PST094	41	41	11	scolastici	scolastici	_	_	_	_	_	linguistic	_	none	_	End=134.969	_	_	_	_
42-0	PST094	42	42	0	e:h	eh	_	_	_	_	_	linguistic	_	none	_	Begin=135.33	0x1	_	_	_
42-1	PST094	42	42	1	era	era	_	_	_	_	_	linguistic	_	none	_	_	_	_	_	_
42-2	PST094	42	42	2	più	più	_	_	_	_	_	linguistic	_	none	_	_	_	_	_	_
42-3	PST094	42	42	3	difficile	difficile	_	_	_	_	_	linguistic	_	none	_	_	_	_	_	_
42-4	PST094	42	42	4	perché	perché	_	_	_	_	_	linguistic	_	none	_	_	_	_	_	_
42-5	PST094	42	42	5	i	i	_	_	_	_	_	linguistic	_	none	_	_	_	_	_	_
42-6	PST094	42	42	6	ragazzi:	ragazzi	_	_	_	_	_	linguistic	_	none	_	_	6x1	_	_	_
42-7	PST094	42	42	7	si	si	_	_	_	_	_	linguistic	_	none	_	_	_	_	_	_
42-8	PST094	42	42	8	spostavano	spostavano	_	_	_	_	_	linguistic	_	none	_	_	_	_	_	_
42-9	PST094	42	42	9	immigravano	immigravano	_	_	_	_	_	linguistic	_	none	_	_	_	_	_	_
42-10	PST094	42	42	10	dalla	dalla	_	_	_	_	_	linguistic	_	none	_	_	_	_	_	_
42-11	PST094	42	42	11	romania	romania	_	_	_	_	_	linguistic	_	none	_	End=139.94	_	_	_	_
43-0	PST094	43	43	0	eh	eh	_	_	_	_	_	linguistic	_	none	_	Begin=140.26	_	_	_	_
43-1	PST094	43	43	1	con	con	_	_	_	_	_	linguistic	_	none	_	_	_	_	_	_
43-2	PST094	43	43	2	i:	i	_	_	_	_	_	linguistic	_	none	_	_	0x1	_	_	_
43-3	PST094	43	43	3	loro	loro	_	_	_	_	_	linguistic	_	none	_	_	_	_	_	_
43-4	PST094	43	43	4	genitori,	genitori	_	_	_	_	_	linguistic	_	none	Intonation=WeaklyRising	End=142.457	_	_	_	_
44-0	PST094	44	44	0	e:h	eh	_	_	_	_	_	linguistic	_	none	_	Begin=142.958	0x1	_	_	_
44-1	PST094	44	44	1	e	e	_	_	_	_	_	linguistic	_	none	_	_	_	_	_	_
44-2	PST094	44	44	2	quindi	quindi	_	_	_	_	_	linguistic	_	none	_	_	_	_	_	_
44-3	PST094	44	44	3	era	era	_	_	_	_	_	linguistic	_	none	_	_	_	_	_	_
44-4	PST094	44	44	4	quella	quella	_	_	_	_	_	linguistic	_	none	_	_	_	_	_	_
44-5	PST094	44	44	5	generazione	generazione	_	_	_	_	_	linguistic	_	none	_	_	_	_	_	_
44-6	PST094	44	44	6	nata	nata	_	_	_	_	_	linguistic	_	none	_	_	_	_	_	_
44-7	PST094	44	44	7	(a)	a	_	_	_	_	_	linguistic	_	none	_	_	_	_	0-1(0)	_
44-8	PST094	44	44	8	romania	romania	_	_	_	_	_	linguistic	_	none	_	End=148.25	_	_	_	_
45-0	PST094	45	45	0	e:	e	_	_	_	_	_	linguistic	_	none	_	Begin=148.39	0x1	_	_	_
45-1	PST094	45	45	1	dovevano	dovevano	_	_	_	_	_	linguistic	_	none	_	_	_	_	_	_
45-2	PST094	45	45	2	{inspira}	{inspira}	_	_	_	_	_	nonverbalbehavior	_	none	_	_	_	_	_	_
45-3	PST094	45	45	3	imparare	imparare	_	_	_	_	_	linguistic	_	none	_	_	_	_	_	_
45-4	PST094	45	45	4	la	la	_	_	_	_	_	linguistic	_	none	_	_	_	_	_	_
45-5	PST094	45	45	5	lingua	lingua	_	_	_	_	_	linguistic	_	none	_	_	_	_	_	_
45-6	PST094	45	45	6	e	e	_	_	_	_	_	linguistic	_	none	_	_	_	_	_	_
45-7	PST094	45	45	7	non	non	_	_	_	_	_	linguistic	_	none	_	_	_	_	_	_
45-8	PST094	45	45	8	solo	solo	_	_	_	_	_	linguistic	_	none	_	_	_	_	_	_
45-9	PST094	45	45	9	ma	ma	_	_	_	_	_	linguistic	_	none	_	_	_	_	_	_
45-10	PST094	45	45	10	anche:	anche	_	_	_	_	_	linguistic	_	none	_	_	4x1	_	_	_
45-11	PST094	45	45	11	tutti	tutti	_	_	_	_	_	linguistic	_	none	_	_	_	_	_	_
45-12	PST094	45	45	12	i	i	_	_	_	_	_	linguistic	_	none	_	_	_	_	_	_
45-13	PST094	45	45	13	metodi	metodi	_	_	_	_	_	linguistic	_	none	_	_	_	_	_	_
45-14	PST094	45	45	14	di	di	_	_	_	_	_	linguistic	_	none	_	_	_	_	_	_
45-15	PST094	45	45	15	studio:	studio	_	_	_	_	_	linguistic	_	none	_	End=155.51	5x1	_	_	_
46-0	PST094	46	46	0	eh	eh	_	_	_	_	_	linguistic	_	none	_	Begin=156.09	_	_	_	_
46-1	PST094	46	46	1	dal::	dal	_	_	_	_	_	linguistic	_	none	_	_	2x2	_	_	_
46-2	PST094	46	46	2	m:h	mh	_	_	_	_	_	linguistic	_	none	_	End=157.96	0x1	_	_	_
47-0	PST094	47	47	0	che	che	_	_	_	_	_	linguistic	_	none	_	Begin=158.08	_	_	_	_
47-1	PST094	47	47	1	era	era	_	_	_	_	_	linguistic	_	none	_	_	_	_	_	_
47-2	PST094	47	47	2	nel~	nel~	_	_	_	_	_	linguistic	_	none	Interrupted=Yes	_	_	_	_	_
47-3	PST094	47	47	3	nelle	nelle	_	_	_	_	_	linguistic	_	none	_	_	_	_	_	_
47-4	PST094	47	47	4	scuole	scuole	_	_	_	_	_	linguistic	_	none	_	_	_	_	_	_
47-5	PST094	47	47	5	italiane	italiane	_	_	_	_	_	linguistic	_	none	_	End=160.29	_	_	_	_
48-0	PST094	48	48	0	e	e	_	_	_	_	_	linguistic	_	none	_	Begin=160.78	_	_	_	_
48-1	PST094	48	48	1	così:	così	_	_	_	_	_	linguistic	_	none	_	_	3x1	_	_	_
48-2	PST094	48	48	2	è	è	_	_	_	_	_	linguistic	_	none	_	_	_	_	_	_
48-3	PST094	48	48	3	stata	stata	_	_	_	_	_	linguistic	_	none	_	_	_	_	_	_
48-4	PST094	48	48	4	faticoso	faticoso	_	_	_	_	_	linguistic	_	none	_	_	_	_	_	_
48-5	PST094	48	48	5	anche	anche	_	_	_	_	_	linguistic	_	none	_	_	_	_	_	_
48-6	PST094	48	48	6	per	per	_	_	_	_	_	linguistic	_	none	_	_	_	_	_	_
48-7	PST094	48	48	7	noi	noi	_	_	_	_	_	linguistic	_	none	_	_	_	_	_	_
48-8	PST094	48	48	8	come	come	_	_	_	_	_	linguistic	_	none	_	_	_	_	_	_
48-9	PST094	48	48	9	insegnanti,	insegnanti	_	_	_	_	_	linguistic	_	none	Intonation=WeaklyRising	End=164.192	_	_	_	_
49-0	PST094	49	49	0	perché	perché	_	_	_	_	_	linguistic	_	none	_	Begin=164.286	_	_	_	_
49-1	PST094	49	49	1	abbiamo	abbiamo	_	_	_	_	_	linguistic	_	none	_	_	_	_	_	_
49-2	PST094	49	49	2	dovuto	dovuto	_	_	_	_	_	linguistic	_	none	PauseAfter=Yes	_	_	_	_	_
49-3	PST094	49	49	3	{P}	{P}	_	_	_	_	_	shortpause	_	none	_	_	_	_	_	_
49-4	PST094	49	49	4	lavorare	lavorare	_	_	_	_	_	linguistic	_	none	_	_	_	_	_	_
49-5	PST094	49	49	5	e:	e	_	_	_	_	_	linguistic	_	none	_	End=167.85	0x1	_	_	_
50-0	PST094	50	50	0	ehm	ehm	_	_	_	_	_	linguistic	_	none	PauseAfter=Yes	Begin=168.45	_	_	_	_
50-1	PST094	50	50	1	{P}	{P}	_	_	_	_	_	shortpause	_	none	_	_	_	_	_	_
50-2	PST094	50	50	2	aggiornarci	aggiornarci	_	_	_	_	_	linguistic	_	none	_	_	_	_	_	_
50-3	PST094	50	50	3	con	con	_	_	_	_	_	linguistic	_	none	_	_	_	_	_	_
50-4	PST094	50	50	4	i	i	_	_	_	_	_	linguistic	_	none	_	_	_	_	_	_
50-5	PST094	50	50	5	metodi::	metodi	_	_	_	_	_	linguistic	_	none	_	_	5x2	_	_	_
50-6	PST094	50	50	6	che	che	_	_	_	_	_	linguistic	_	none	_	_	_	_	_	_
50-7	PST094	50	50	7	ci	ci	_	_	_	_	_	linguistic	_	none	_	_	_	_	_	_
50-8	PST094	50	50	8	sono	sono	_	_	_	_	_	linguistic	_	none	_	_	_	_	_	_
50-9	PST094	50	50	9	in	in	_	_	_	_	_	linguistic	_	none	_	_	_	_	_	_
50-10	PST094	50	50	10	italia	italia	_	_	_	_	_	linguistic	_	none	_	End=173.148	_	_	_	_
51-0	PST094	51	51	0	e::hm	ehm	_	_	_	_	_	linguistic	_	none	_	Begin=173.798|End=174.917	0x2	_	_	_
52-0	PST094	52	52	0	non	non	_	_	_	_	_	linguistic	_	none	_	Begin=175.43	_	_	_	_
52-1	PST094	52	52	1	c'	c'	_	_	_	_	_	linguistic	_	none	SpaceAfter=No	_	_	_	_	_
52-2	PST094	52	52	2	erano:	erano	_	_	_	_	_	linguistic	_	none	_	_	4x1	_	_	_
52-3	PST094	52	52	3	di	di	_	_	_	_	_	linguistic	_	none	_	_	_	_	_	_
52-4	PST094	52	52	4	questi	questi	_	_	_	_	_	linguistic	_	none	_	_	_	_	_	_
52-5	PST094	52	52	5	centri:,	centri	_	_	_	_	_	linguistic	_	none	Intonation=WeaklyRising	End=177.736	5x1	_	_	_
53-0	PST094	53	53	0	e	e	_	_	_	_	_	linguistic	_	none	_	Begin=177.736	_	_	_	_
53-1	PST094	53	53	1	visto	visto	_	_	_	_	_	linguistic	_	none	_	_	_	_	_	_
53-2	PST094	53	53	2	che	che	_	_	_	_	_	linguistic	_	none	_	_	_	_	_	_
53-3	PST094	53	53	3	io	io	_	_	_	_	_	linguistic	_	none	_	_	_	_	_	_
53-4	PST094	53	53	4	facevo	facevo	_	_	_	_	_	linguistic	_	none	_	_	_	_	_	_
53-5	PST094	53	53	5	per	per	_	_	_	_	_	linguistic	_	none	_	_	_	_	_	_
53-6	PST094	53	53	6	altri	altri	_	_	_	_	_	linguistic	_	none	_	_	_	_	_	_
53-7	PST094	53	53	7	popoli:(	popoli	_	_	_	_	_	linguistic	_	none	ProsodicLink=Yes	_	5x1	_	_	_
53-8	PST094	53	53	8	il)	il	_	_	_	_	_	linguistic	_	none	_	_	_	_	0-2(0)	_
53-9	PST094	53	53	9	volontariato:,	volontariato	_	_	_	_	_	linguistic	_	none	Intonation=WeaklyRising	End=181.997	11x1	_	_	_
54-0	PST094	54	54	0	ho:	ho	_	_	_	_	_	linguistic	_	none	_	Begin=181.997	1x1	_	_	_
54-1	PST094	54	54	1	ho	ho	_	_	_	_	_	linguistic	_	none	_	_	_	_	_	_
54-2	PST094	54	54	2	deciso	deciso	_	_	_	_	_	linguistic	_	none	_	_	_	_	_	_
54-3	PST094	54	54	3	di:	di	_	_	_	_	_	linguistic	_	none	_	_	1x1	_	_	_
54-4	PST094	54	54	4	aprire	aprire	_	_	_	_	_	linguistic	_	none	_	_	_	_	_	_
54-5	PST094	54	54	5	qualcosa	qualcosa	_	_	_	_	_	linguistic	_	none	_	_	_	_	_	_
54-6	PST094	54	54	6	per:	per	_	_	_	_	_	linguistic	_	none	_	End=185.99	2x1	_	_	_
55-0	PST094	55	55	0	per	per	_	_	_	_	_	linguistic	_	none	_	Begin=186.688	_	_	_	_
55-1	PST094	55	55	1	i	i	_	_	_	_	_	linguistic	_	none	_	_	_	_	_	_
55-2	PST094	55	55	2	rumeni	rumeni	_	_	_	_	_	linguistic	_	none	_	_	_	_	_	_
55-3	PST094	55	55	3	di	di	_	_	_	_	_	linguistic	_	none	_	_	_	_	_	_
55-4	PST094	55	55	4	più	più	_	_	_	_	_	linguistic	_	none	_	_	_	_	_	_
55-5	PST094	55	55	5	per	per	_	_	_	_	_	linguistic	_	none	_	_	_	_	_	_
55-6	PST094	55	55	6	i	i	_	_	_	_	_	linguistic	_	none	_	_	_	_	_	_
55-7	PST094	55	55	7	$prevelan~	prevelan~	_	_	_	_	_	linguistic	_	none	Interrupted=Yes|Orthography=Yes|Variation=Emerging	_	_	_	_	_
55-8	PST094	55	55	8	$prevelentamente	prevelentamente	_	_	_	_	_	linguistic	_	none	Orthography=Yes|Variation=Emerging	_	_	_	_	_
55-9	PST094	55	55	9	per	per	_	_	_	_	_	linguistic	_	none	_	_	_	_	_	_
55-10	PST094	55	55	10	i	i	_	_	_	_	_	linguistic	_	none	_	_	_	_	_	_
55-11	PST094	55	55	11	rumeni	rumeni	_	_	_	_	_	linguistic	_	none	_	End=190.573	_	_	_	_
56-0	PST094	56	56	0	così:::	così	_	_	_	_	_	linguistic	_	none	_	Begin=190.82|End=192.18	3x3	_	_	_
57-0	PST094	57	57	0	da	da	_	_	_	_	_	linguistic	_	none	_	Begin=192.18	_	_	_	_
57-1	PST094	57	57	1	lì:	lì	_	_	_	_	_	linguistic	_	none	_	_	1x1	_	_	_
57-2	PST094	57	57	2	abbiamo	abbiamo	_	_	_	_	_	linguistic	_	none	_	_	_	_	_	_
57-3	PST094	57	57	3	detto	detto	_	_	_	_	_	linguistic	_	none	_	_	_	_	_	_
57-4	PST094	57	57	4	no	no	_	_	_	_	_	linguistic	_	none	_	_	_	_	_	_
57-5	PST094	57	57	5	dobbiamo	dobbiamo	_	_	_	_	_	linguistic	_	none	_	_	_	_	_	_
57-6	PST094	57	57	6	mantenerci	mantenerci	_	_	_	_	_	linguistic	_	none	_	_	_	_	_	_
57-7	PST094	57	57	7	anche	anche	_	_	_	_	_	linguistic	_	none	_	_	_	_	_	_
57-8	PST094	57	57	8	la	la	_	_	_	_	_	linguistic	_	none	_	_	_	_	_	_
57-9	PST094	57	57	9	nostra	nostra	_	_	_	_	_	linguistic	_	none	_	_	_	_	_	_
57-10	PST094	57	57	10	identità:	identità	_	_	_	_	_	linguistic	_	none	_	End=197.15	7x1	_	_	_
58-0	PST094	58	58	0	quindi	quindi	_	_	_	_	_	linguistic	_	none	_	Begin=197.595	_	_	_	_
58-1	PST094	58	58	1	abbiamo	abbiamo	_	_	_	_	_	linguistic	_	none	_	_	_	_	_	_
58-2	PST094	58	58	2	cominciato	cominciato	_	_	_	_	_	linguistic	_	none	_	_	_	_	_	_
58-3	PST094	58	58	3	a	a	_	_	_	_	_	linguistic	_	none	_	_	_	_	_	_
58-4	PST094	58	58	4	fare	fare	_	_	_	_	_	linguistic	_	none	_	_	_	_	_	_
58-5	PST094	58	58	5	cultura	cultura	_	_	_	_	_	linguistic	_	none	PauseAfter=Yes	_	_	_	_	_
58-6	PST094	58	58	6	{P}	{P}	_	_	_	_	_	shortpause	_	none	_	_	_	_	_	_
58-7	PST094	58	58	7	tramite	tramite	_	_	_	_	_	linguistic	_	none	_	_	_	_	_	_
58-8	PST094	58	58	8	l'	l'	_	_	_	_	_	linguistic	_	none	SpaceAfter=No	_	_	_	_	_
58-9	PST094	58	58	9	educazione	educazione	_	_	_	_	_	linguistic	_	none	_	End=201.533	_	_	_	_
59-0	PST092	59	59	0	le	le	_	_	_	_	_	linguistic	_	none	_	Begin=202.24	_	_	_	_
59-1	PST092	59	59	1	prime	prime	_	_	_	_	_	linguistic	_	none	_	_	_	_	_	_
59-2	PST092	59	59	2	attività	attività	_	_	_	_	_	linguistic	_	none	_	_	_	_	_	_
59-3	PST092	59	59	3	cioè	cioè	_	_	_	_	_	linguistic	_	none	_	_	_	_	_	_
59-4	PST092	59	59	4	come	come	_	_	_	_	_	linguistic	_	none	_	_	_	_	_	_
59-5	PST092	59	59	5	sono	sono	_	_	_	_	_	linguistic	_	none	_	_	_	_	_	_
59-6	PST092	59	59	6	nate	nate	_	_	_	_	_	linguistic	_	none	_	_	_	_	_	_
59-7	PST092	59	59	7	tutte	tutte	_	_	_	_	_	linguistic	_	none	_	_	_	_	_	_
59-8	PST092	59	59	8	queste	queste	_	_	_	_	_	linguistic	_	none	_	_	_	_	_	_
59-9	PST092	59	59	9	attività	attività	_	_	_	_	_	linguistic	_	none	_	_	_	_	_	_
59-10	PST092	59	59	10	che	che	_	_	_	_	_	linguistic	_	none	_	_	_	_	_	_
59-11	PST092	59	59	11	adesso	adesso	_	_	_	_	_	linguistic	_	none	_	_	_	_	_	_
59-12	PST092	59	59	12	si	si	_	_	_	_	_	linguistic	_	none	_	_	_	_	_	_
59-13	PST092	59	59	13	svolgono	svolgono	_	_	_	_	_	linguistic	_	none	_	End=205.861	_	_	_	_
60-0	PST094	60	60	0	eh	eh	_	_	_	_	_	linguistic	_	none	_	Begin=206.59	_	_	_	_
60-1	PST094	60	60	1	tutte	tutte	_	_	_	_	_	linguistic	_	none	_	_	_	_	_	_
60-2	PST094	60	60	2	queste	queste	_	_	_	_	_	linguistic	_	none	_	_	_	_	_	_
60-3	PST094	60	60	3	attività	attività	_	_	_	_	_	linguistic	_	none	_	_	_	_	_	_
60-4	PST094	60	60	4	si:	si	_	_	_	_	_	linguistic	_	none	_	_	1x1	_	_	_
60-5	PST094	60	60	5	eh	eh	_	_	_	_	_	linguistic	_	none	_	_	_	_	_	_
60-6	PST094	60	60	6	so:~	so~	_	_	_	_	_	linguistic	_	none	Interrupted=Yes	_	1x1	_	_	_
60-7	PST094	60	60	7	e:h	eh	_	_	_	_	_	linguistic	_	none	_	_	0x1	_	_	_
60-8	PST094	60	60	8	si	si	_	_	_	_	_	linguistic	_	none	_	_	_	_	_	_
60-9	PST094	60	60	9	so~	so~	_	_	_	_	_	linguistic	_	none	Interrupted=Yes	_	_	_	_	_
60-10	PST094	60	60	10	mmh	mmh	_	_	_	_	_	linguistic	_	none	_	_	_	_	_	_
60-11	PST094	60	60	11	hanno	hanno	_	_	_	_	_	linguistic	_	none	_	_	_	_	_	_
60-12	PST094	60	60	12	preso	preso	_	_	_	_	_	linguistic	_	none	_	_	_	_	_	_
60-13	PST094	60	60	13	vita	vita	_	_	_	_	_	linguistic	_	none	_	_	_	_	_	_
60-14	PST094	60	60	14	anche	anche	_	_	_	_	_	linguistic	_	none	_	_	_	_	_	_
60-15	PST094	60	60	15	per	per	_	_	_	_	_	linguistic	_	none	_	_	_	_	_	_
60-16	PST094	60	60	16	il	il	_	_	_	_	_	linguistic	_	none	_	_	_	_	_	_
60-17	PST094	60	60	17	fatto	fatto	_	_	_	_	_	linguistic	_	none	_	_	_	_	_	_
60-18	PST094	60	60	18	che::	che	_	_	_	_	_	linguistic	_	none	_	End=213.765	2x2	_	_	_
61-0	PST094	61	61	0	quando	quando	_	_	_	_	_	linguistic	_	none	_	Begin=214.09	_	_	_	_
61-1	PST094	61	61	1	qualcosa:	qualcosa	_	_	_	_	_	linguistic	_	none	_	_	7x1	_	_	_
61-2	PST094	61	61	2	non	non	_	_	_	_	_	linguistic	_	none	_	_	_	_	_	_
61-3	PST094	61	61	3	ce	ce	_	_	_	_	_	linguistic	_	none	_	_	_	_	_	_
61-4	PST094	61	61	4	l'	l'	_	_	_	_	_	linguistic	_	none	SpaceAfter=No	_	_	_	_	_
61-5	PST094	61	61	5	hai	hai	_	_	_	_	_	linguistic	_	none	_	_	_	_	_	_
61-6	PST094	61	61	6	ti	ti	_	_	_	_	_	linguistic	_	none	_	_	_	_	_	_
61-7	PST094	61	61	7	manca	manca	_	_	_	_	_	linguistic	_	none	_	End=217.031	_	_	_	_
62-0	PST094	62	62	0	mancando	mancando	_	_	_	_	_	linguistic	_	none	_	Begin=217.18	_	_	_	_
62-1	PST094	62	62	1	e::hm	ehm	_	_	_	_	_	linguistic	_	none	_	End=219.47	0x2	_	_	_
63-0	PST094	63	63	0	come	come	_	_	_	_	_	linguistic	_	none	_	Begin=219.88	_	_	_	_
63-1	PST094	63	63	1	ti	ti	_	_	_	_	_	linguistic	_	none	_	_	_	_	_	_
63-2	PST094	63	63	2	avevo	avevo	_	_	_	_	_	linguistic	_	none	_	_	_	_	_	_
63-3	PST094	63	63	3	detto	detto	_	_	_	_	_	linguistic	_	none	_	_	_	_	_	_
63-4	PST094	63	63	4	pri:ma	prima	_	_	_	_	_	linguistic	_	none	_	End=221.582	2x1	_	_	_
64-0	PST094	64	64	0	lavorando	lavorando	_	_	_	_	_	linguistic	_	none	_	Begin=221.78	_	_	_	_
64-1	PST094	64	64	1	tanto	tanto	_	_	_	_	_	linguistic	_	none	_	_	_	_	_	_
64-2	PST094	64	64	2	per	per	_	_	_	_	_	linguistic	_	none	_	_	_	_	_	_
64-3	PST094	64	64	3	mantenere	mantenere	_	_	_	_	_	linguistic	_	none	_	_	_	_	_	_
64-4	PST094	64	64	4	l'	l'	_	_	_	_	_	linguistic	_	none	SpaceAfter=No	_	_	_	_	_
64-5	PST094	64	64	5	identità:	identità	_	_	_	_	_	linguistic	_	none	_	End=224.49	7x1	_	_	_
65-0	PST094	65	65	0	prima	prima	_	_	_	_	_	linguistic	_	none	_	Begin=225.0	_	_	_	_
65-1	PST094	65	65	1	cosa	cosa	_	_	_	_	_	linguistic	_	none	_	_	_	_	_	_
65-2	PST094	65	65	2	che	che	_	_	_	_	_	linguistic	_	none	_	_	_	_	_	_
65-3	PST094	65	65	3	ti	ti	_	_	_	_	_	linguistic	_	none	_	_	_	_	_	_
65-4	PST094	65	65	4	viene	viene	_	_	_	_	_	linguistic	_	none	_	_	_	_	_	_
65-5	PST094	65	65	5	è	è	_	_	_	_	_	linguistic	_	none	_	_	_	_	_	_
65-6	PST094	65	65	6	la	la	_	_	_	_	_	linguistic	_	none	_	_	_	_	_	_
65-7	PST094	65	65	7	spiritualità,	spiritualità	_	_	_	_	_	linguistic	_	none	Intonation=WeaklyRising	End=227.948	_	_	_	_
66-0	PST094	66	66	0	la	la	_	_	_	_	_	linguistic	_	none	_	Begin=228.52	_	_	_	_
66-1	PST094	66	66	1	cultura	cultura	_	_	_	_	_	linguistic	_	none	_	_	_	_	_	_
66-2	PST094	66	66	2	e	e	_	_	_	_	_	linguistic	_	none	_	_	_	_	_	_
66-3	PST094	66	66	3	le	le	_	_	_	_	_	linguistic	_	none	_	_	_	_	_	_
66-4	PST094	66	66	4	tradizioni.	tradizioni	_	_	_	_	_	linguistic	_	none	Intonation=Falling	End=230.563	_	_	_	_
67-0	PST094	67	67	0	se	se	_	_	_	_	_	linguistic	_	none	_	Begin=230.643	_	_	_	_
67-1	PST094	67	67	1	tu	tu	_	_	_	_	_	linguistic	_	none	_	_	_	_	_	_
67-2	PST094	67	67	2	hai	hai	_	_	_	_	_	linguistic	_	none	_	_	_	_	_	_
67-3	PST094	67	67	3	le	le	_	_	_	_	_	linguistic	_	none	_	_	_	_	_	_
67-4	PST094	67	67	4	tradizioni	tradizioni	_	_	_	_	_	linguistic	_	none	_	End=232.37	_	_	_	_
68-0	PST094	68	68	0	e::	e	_	_	_	_	_	linguistic	_	none	_	Begin=233.06	0x2	_	_	_
68-1	PST094	68	68	1	la	la	_	_	_	_	_	linguistic	_	none	_	_	_	_	_	_
68-2	PST094	68	68	2	spiritualità	spiritualità	_	_	_	_	_	linguistic	_	none	_	_	_	_	_	_
68-3	PST094	68	68	3	hai	hai	_	_	_	_	_	linguistic	_	none	_	_	_	_	_	_
68-4	PST094	68	68	4	un	un	_	_	_	_	_	linguistic	_	none	_	_	_	_	_	_
68-5	PST094	68	68	5	po'	po'	_	_	_	_	_	linguistic	_	none	_	_	_	_	_	_
68-6	PST094	68	68	6	tutto	tutto	_	_	_	_	_	linguistic	_	none	_	_	_	_	_	_
68-7	PST094	68	68	7	dalla	dalla	_	_	_	_	_	linguistic	_	none	_	_	_	_	_	_
68-8	PST094	68	68	8	tua	tua	_	_	_	_	_	linguistic	_	none	_	_	_	_	_	_
68-9	PST094	68	68	9	identità	identità	_	_	_	_	_	linguistic	_	none	_	End=236.933	_	_	_	_
69-0	PST094	69	69	0	quindi.	quindi	_	_	_	_	_	linguistic	_	none	Intonation=Falling	Begin=237.355|End=238.03	_	_	_	_
70-0	PST094	70	70	0	poi	poi	_	_	_	_	_	linguistic	_	none	PauseAfter=Yes	Begin=238.242	_	_	_	_
70-1	PST094	70	70	1	{P}	{P}	_	_	_	_	_	shortpause	_	none	_	_	_	_	_	_
70-2	PST094	70	70	2	giustamente	giustamente	_	_	_	_	_	linguistic	_	none	PauseAfter=Yes	_	_	_	_	_
70-3	PST094	70	70	3	{P}	{P}	_	_	_	_	_	shortpause	_	none	_	_	_	_	_	_
70-4	PST094	70	70	4	per	per	_	_	_	_	_	linguistic	_	none	_	_	_	_	_	_
70-5	PST094	70	70	5	mantenere	mantenere	_	_	_	_	_	linguistic	_	none	_	End=241.434	_	_	_	_
71-0	PST094	71	71	0	tutto	tutto	_	_	_	_	_	linguistic	_	none	_	Begin=241.59	_	_	_	_
71-1	PST094	71	71	1	quanto	quanto	_	_	_	_	_	linguistic	_	none	_	_	_	_	_	_
71-2	PST094	71	71	2	le	le	_	_	_	_	_	linguistic	_	none	_	_	_	_	_	_
71-3	PST094	71	71	3	tradizio:ni	tradizioni	_	_	_	_	_	linguistic	_	none	_	_	7x1	_	_	_
71-4	PST094	71	71	4	il	il	_	_	_	_	_	linguistic	_	none	_	_	_	_	_	_
71-5	PST094	71	71	5	canto	canto	_	_	_	_	_	linguistic	_	none	_	_	_	_	_	_
71-6	PST094	71	71	6	il	il	_	_	_	_	_	linguistic	_	none	_	_	_	_	_	_
71-7	PST094	71	71	7	ballo	ballo	_	_	_	_	_	linguistic	_	none	_	_	_	_	_	_
71-8	PST094	71	71	8	popolare,	popolare	_	_	_	_	_	linguistic	_	none	Intonation=WeaklyRising	End=245.84	_	_	_	_
72-0	PST094	72	72	0	interviene	interviene	_	_	_	_	_	linguistic	_	none	_	Begin=246.0	_	_	_	_
72-1	PST094	72	72	1	l'	l'	_	_	_	_	_	linguistic	_	none	SpaceAfter=No	_	_	_	_	_
72-2	PST094	72	72	2	elemento	elemento	_	_	_	_	_	linguistic	_	none	_	_	_	_	_	_
72-3	PST094	72	72	3	PRINCIPALE	principale	_	_	_	_	_	linguistic	_	none	Volume=high	End=249.16	_	_	_	_
73-0	PST094	73	73	0	per	per	_	_	_	_	_	linguistic	_	none	_	Begin=249.36	_	_	_	_
73-1	PST094	73	73	1	mantener(ti)	mantenerti	_	_	_	_	_	linguistic	_	none	_	_	_	_	8-10(0)	_
73-2	PST094	73	73	2	l'	l'	_	_	_	_	_	linguistic	_	none	SpaceAfter=No	_	_	_	_	_
73-3	PST094	73	73	3	identità	identità	_	_	_	_	_	linguistic	_	none	_	_	_	_	_	_
73-4	PST094	73	73	4	e	e	_	_	_	_	_	linguistic	_	none	_	_	_	_	_	_
73-5	PST094	73	73	5	quale	quale	_	_	_	_	_	linguistic	_	none	_	_	_	_	_	_
73-6	PST094	73	73	6	è,	è	_	_	_	_	_	linguistic	_	none	Intonation=WeaklyRising	End=251.95	_	_	_	_
74-0	PST094	74	74	0	la	la	_	_	_	_	_	linguistic	_	none	_	Begin=252.37	_	_	_	_
74-1	PST094	74	74	1	lingua.	lingua	_	_	_	_	_	linguistic	_	none	Intonation=Falling	End=253.272	_	_	_	_
75-0	PST094	75	75	0	così	così	_	_	_	_	_	linguistic	_	none	_	Begin=253.46	_	_	_	_
75-1	PST094	75	75	1	mantendo	mantendo	_	_	_	_	_	linguistic	_	none	_	_	_	_	_	_
75-2	PST094	75	75	2	la	la	_	_	_	_	_	linguistic	_	none	_	_	_	_	_	_
75-3	PST094	75	75	3	lingua,	lingua	_	_	_	_	_	linguistic	_	none	Intonation=WeaklyRising	End=255.534	_	_	_	_
76-0	PST094	76	76	0	hai	hai	_	_	_	_	_	linguistic	_	none	_	Begin=256.45	_	_	_	_
76-1	PST094	76	76	1	mantenuto	mantenuto	_	_	_	_	_	linguistic	_	none	PauseAfter=Yes	_	_	_	_	_
76-2	PST094	76	76	2	{P}	{P}	_	_	_	_	_	shortpause	_	none	_	_	_	_	_	_
76-3	PST094	76	76	3	tutto.	tutto	_	_	_	_	_	linguistic	_	none	Intonation=Falling	End=258.0	_	_	_	_
77-0	PST092	77	77	0	ma	ma	_	_	_	_	_	linguistic	_	none	PauseAfter=Yes	Begin=258.995	_	_	_	_
77-1	PST092	77	77	1	{P}	{P}	_	_	_	_	_	shortpause	_	none	_	_	_	_	_	_
77-2	PST092	77	77	2	il	il	_	_	_	_	_	linguistic	_	none	_	_	_	_	_	_
77-3	PST092	77	77	3	primo	primo	_	_	_	_	_	linguistic	_	none	_	_	_	_	_	_
77-4	PST092	77	77	4	spettacolo	spettacolo	_	_	_	_	_	linguistic	_	none	_	End=260.78	_	_	_	_
78-0	PST092	78	78	0	e::h	eh	_	_	_	_	_	linguistic	_	none	_	Begin=261.76	0x2	_	_	_
78-1	PST092	78	78	1	{sorride}	{sorride}	_	_	_	_	_	nonverbalbehavior	_	none	_	End=263.124	_	_	_	_
79-0	PST094	79	79	0	sì	sì	_	_	_	_	_	linguistic	_	none	_	Begin=264.402	_	_	_	_
79-1	PST094	79	79	1	mi	mi	_	_	_	_	_	linguistic	_	none	_	_	_	_	_	_
79-2	PST094	79	79	2	rico:rdo	ricordo	_	_	_	_	_	linguistic	_	none	_	_	3x1	_	_	_
79-3	PST094	79	79	3	che	che	_	_	_	_	_	linguistic	_	none	_	_	_	_	_	_
79-4	PST094	79	79	4	il	il	_	_	_	_	_	linguistic	_	none	_	_	_	_	_	_
79-5	PST094	79	79	5	primo	primo	_	_	_	_	_	linguistic	_	none	_	_	_	_	_	_
79-6	PST094	79	79	6	spettacolo	spettacolo	_	_	_	_	_	linguistic	_	none	_	_	_	_	_	_
79-7	PST094	79	79	7	è	è	_	_	_	_	_	linguistic	_	none	_	_	_	_	_	_
79-8	PST094	79	79	8	stato	stato	_	_	_	_	_	linguistic	_	none	_	_	_	_	_	_
79-9	PST094	79	79	9	bellissimo,	bellissimo	_	_	_	_	_	linguistic	_	none	Intonation=WeaklyRising	End=268.02	_	_	_	_
80-0	PST094	80	80	0	hanno	hanno	_	_	_	_	_	linguistic	_	none	_	Begin=268.51	_	_	_	_
80-1	PST094	80	80	1	pianto	pianto	_	_	_	_	_	linguistic	_	none	_	_	_	_	_	_
80-2	PST094	80	80	2	tutti,	tutti	_	_	_	_	_	linguistic	_	none	Intonation=WeaklyRising	End=269.788	_	_	_	_
81-0	PST094	81	81	0	eravam::	eravam	_	_	_	_	_	linguistic	_	none	_	Begin=270.06	5x2	_	_	_
81-1	PST094	81	81	1	come:::	come	_	_	_	_	_	linguistic	_	none	_	End=272.5	3x3	_	_	_
82-0	PST094	82	82	0	protagonisti	protagonisti	_	_	_	_	_	linguistic	_	none	_	Begin=272.98	_	_	_	_
82-1	PST094	82	82	1	erano	erano	_	_	_	_	_	linguistic	_	none	_	_	_	_	_	_
82-2	PST094	82	82	2	in	in	_	_	_	_	_	linguistic	_	none	_	_	_	_	_	_
82-3	PST094	82	82	3	una	una	_	_	_	_	_	linguistic	_	none	_	_	_	_	_	_
82-4	PST094	82	82	4	quindicina	quindicina	_	_	_	_	_	linguistic	_	none	_	End=275.603	_	_	_	_
83-0	PST094	83	83	0	erano	erano	_	_	_	_	_	linguistic	_	none	_	Begin=275.76	_	_	_	_
83-1	PST094	83	83	1	pochi,	pochi	_	_	_	_	_	linguistic	_	none	Intonation=WeaklyRising	End=276.88	_	_	_	_
84-0	PST094	84	84	0	perché	perché	_	_	_	_	_	linguistic	_	none	_	Begin=277.09	_	_	_	_
84-1	PST094	84	84	1	i	i	_	_	_	_	_	linguistic	_	none	_	_	_	_	_	_
84-2	PST094	84	84	2	ragazzi::	ragazzi	_	_	_	_	_	linguistic	_	none	_	End=278.63	6x2	_	_	_
85-0	PST094	85	85	0	i	i	_	_	_	_	_	linguistic	_	none	_	Begin=278.63	_	_	_	_
85-1	PST094	85	85	1	genitori	genitori	_	_	_	_	_	linguistic	_	none	_	_	_	_	_	_
85-2	PST094	85	85	2	non	non	_	_	_	_	_	linguistic	_	none	_	_	_	_	_	_
85-3	PST094	85	85	3	portavano	portavano	_	_	_	_	_	linguistic	_	none	_	_	_	_	_	_
85-4	PST094	85	85	4	i	i	_	_	_	_	_	linguistic	_	none	_	_	_	_	_	_
85-5	PST094	85	85	5	ragazzi	ragazzi	_	_	_	_	_	linguistic	_	none	_	End=280.716	_	_	_	_
86-0	PST094	86	86	0	e::h	eh	_	_	_	_	_	linguistic	_	none	_	Begin=280.99	0x2	_	_	_
86-1	PST094	86	86	1	portati	portati	_	_	_	_	_	linguistic	_	none	_	_	_	_	_	_
86-2	PST094	86	86	2	dalla	dalla	_	_	_	_	_	linguistic	_	none	_	_	_	_	_	_
86-3	PST094	86	86	3	romani:a	romania	_	_	_	_	_	linguistic	_	none	_	_	5x1	_	_	_
86-4	PST094	86	86	4	a	a	_	_	_	_	_	linguistic	_	none	_	_	_	_	_	_
86-5	PST094	86	86	5	continuare	continuare	_	_	_	_	_	linguistic	_	none	_	_	_	_	_	_
86-6	PST094	86	86	6	le	le	_	_	_	_	_	linguistic	_	none	_	_	_	_	_	_
86-7	PST094	86	86	7	loro	loro	_	_	_	_	_	linguistic	_	none	_	End=285.17	_	_	_	_
87-0	PST094	87	87	0	e:::h	eh	_	_	_	_	_	linguistic	_	none	_	Begin=285.43	0x3	_	_	_
87-1	PST094	87	87	1	attività	attività	_	_	_	_	_	linguistic	_	none	_	_	_	_	_	_
87-2	PST094	87	87	2	qua	qua	_	_	_	_	_	linguistic	_	none	_	_	_	_	_	_
87-3	PST094	87	87	3	in	in	_	_	_	_	_	linguistic	_	none	_	_	_	_	_	_
87-4	PST094	87	87	4	rumeno	rumeno	_	_	_	_	_	linguistic	_	none	_	_	_	_	_	_
87-5	PST094	87	87	5	volevano	volevano	_	_	_	_	_	linguistic	_	none	_	_	_	_	_	_
87-6	PST094	87	87	6	integrarli	integrarli	_	_	_	_	_	linguistic	_	none	_	End=289.64	_	_	_	_
88-0	PST094	88	88	0	in::	in	_	_	_	_	_	linguistic	_	none	_	Begin=290.05|End=291.19	1x2	_	_	_
89-0	PST094	89	89	0	mh	mh	_	_	_	_	_	linguistic	_	none	_	Begin=291.19	_	_	_	_
89-1	PST094	89	89	1	nella	nella	_	_	_	_	_	linguistic	_	none	_	_	_	_	_	_
89-2	PST094	89	89	2	comunità	comunità	_	_	_	_	_	linguistic	_	none	_	_	_	_	_	_
89-3	PST094	89	89	3	italiana	italiana	_	_	_	_	_	linguistic	_	none	_	_	_	_	_	_
89-4	PST094	89	89	4	quindi	quindi	_	_	_	_	_	linguistic	_	none	_	End=294.409	_	_	_	_
90-0	PST094	90	90	0	hanno	hanno	_	_	_	_	_	linguistic	_	none	_	Begin=294.52	_	_	_	_
90-1	PST094	90	90	1	un	un	_	_	_	_	_	linguistic	_	none	_	_	_	_	_	_
90-2	PST094	90	90	2	[po'	po'	_	_	_	_	_	linguistic	_	none	_	_	_	_	_	0-3(8)
90-3	PST094	90	90	3	trascura]to	trascurato	_	_	_	_	_	linguistic	_	none	_	End=296.56	_	_	_	0-8(8)
91-0	PST092	91	91	0	[mh	mh	_	_	_	_	_	linguistic	_	none	_	Begin=295.1	_	_	_	0-2(8)
91-1	PST092	91	91	1	mh]	mh	_	_	_	_	_	linguistic	_	none	_	End=295.962	_	_	_	0-2(8)
92-0	PST094	92	92	0	l:~	l~	_	_	_	_	_	linguistic	_	none	Interrupted=Yes	Begin=296.855	0x1	_	_	_
92-1	PST094	92	92	1	le	le	_	_	_	_	_	linguistic	_	none	_	_	_	_	_	_
92-2	PST094	92	92	2	loro	loro	_	_	_	_	_	linguistic	_	none	_	_	_	_	_	_
92-3	PST094	92	92	3	tradizioni.	tradizioni	_	_	_	_	_	linguistic	_	none	Intonation=Falling	End=298.81	_	_	_	_
93-0	PST094	93	93	0	era	era	_	_	_	_	_	linguistic	_	none	_	Begin=298.976	_	_	_	_
93-1	PST094	93	93	1	molto	molto	_	_	_	_	_	linguistic	_	none	_	_	_	_	_	_
93-2	PST094	93	93	2	più	più	_	_	_	_	_	linguistic	_	none	_	_	_	_	_	_
93-3	PST094	93	93	3	difficile	difficile	_	_	_	_	_	linguistic	_	none	_	_	_	_	_	_
93-4	PST094	93	93	4	attirare	attirare	_	_	_	_	_	linguistic	_	none	_	_	_	_	_	_
93-5	PST094	93	93	5	i	i	_	_	_	_	_	linguistic	_	none	_	_	_	_	_	_
93-6	PST094	93	93	6	ragazzi	ragazzi	_	_	_	_	_	linguistic	_	none	_	End=301.266	_	_	_	_
94-0	PST094	94	94	0	ma	ma	_	_	_	_	_	linguistic	_	none	_	Begin=301.43	_	_	_	_
94-1	PST094	94	94	1	una	una	_	_	_	_	_	linguistic	_	none	_	_	_	_	_	_
94-2	PST094	94	94	2	volta	volta	_	_	_	_	_	linguistic	_	none	_	_	_	_	_	_
94-3	PST094	94	94	3	attirati	attirati	_	_	_	_	_	linguistic	_	none	_	End=303.2	_	_	_	_
95-0	PST094	95	95	0	quando	quando	_	_	_	_	_	linguistic	_	none	_	Begin=303.4	_	_	_	_
95-1	PST094	95	95	1	abbiamo	abbiamo	_	_	_	_	_	linguistic	_	none	_	_	_	_	_	_
95-2	PST094	95	95	2	fatto	fatto	_	_	_	_	_	linguistic	_	none	_	_	_	_	_	_
95-3	PST094	95	95	3	la	la	_	_	_	_	_	linguistic	_	none	_	_	_	_	_	_
95-4	PST094	95	95	4	prima	prima	_	_	_	_	_	linguistic	_	none	_	_	_	_	_	_
95-5	PST094	95	95	5	recita	recita	_	_	_	_	_	linguistic	_	none	_	End=305.64	_	_	_	_
96-0	PST094	96	96	0	perché	perché	_	_	_	_	_	linguistic	_	none	_	Begin=305.641	_	_	_	_
96-1	PST094	96	96	1	era	era	_	_	_	_	_	linguistic	_	none	_	_	_	_	_	_
96-2	PST094	96	96	2	una	una	_	_	_	_	_	linguistic	_	none	_	_	_	_	_	_
96-3	PST094	96	96	3	recita	recita	_	_	_	_	_	linguistic	_	none	_	_	_	_	_	_
96-4	PST094	96	96	4	non	non	_	_	_	_	_	linguistic	_	none	_	_	_	_	_	_
96-5	PST094	96	96	5	era	era	_	_	_	_	_	linguistic	_	none	_	_	_	_	_	_
96-6	PST094	96	96	6	proprio	proprio	_	_	_	_	_	linguistic	_	none	_	_	_	_	_	_
96-7	PST094	96	96	7	uno	uno	_	_	_	_	_	linguistic	_	none	_	_	_	_	_	_
96-8	PST094	96	96	8	spettacolo,	spettacolo	_	_	_	_	_	linguistic	_	none	Intonation=WeaklyRising	End=309.106	_	_	_	_
97-0	PST094	97	97	0	hanno	hanno	_	_	_	_	_	linguistic	_	none	_	Begin=309.38	_	_	_	_
97-1	PST094	97	97	1	pianto	pianto	_	_	_	_	_	linguistic	_	none	_	_	_	_	_	_
97-2	PST094	97	97	2	tutti	tutti	_	_	_	_	_	linguistic	_	none	_	_	_	_	_	_
97-3	PST094	97	97	3	perché	perché	_	_	_	_	_	linguistic	_	none	_	_	_	_	_	_
97-4	PST094	97	97	4	nelle	nelle	_	_	_	_	_	linguistic	_	none	_	_	_	_	_	_
97-5	PST094	97	97	5	scuole	scuole	_	_	_	_	_	linguistic	_	none	_	_	_	_	_	_
97-6	PST094	97	97	6	italiane	italiane	_	_	_	_	_	linguistic	_	none	_	_	_	_	_	_
97-7	PST094	97	97	7	le	le	_	_	_	_	_	linguistic	_	none	_	_	_	_	_	_
97-8	PST094	97	97	8	recite	recite	_	_	_	_	_	linguistic	_	none	_	_	_	_	_	_
97-9	PST094	97	97	9	a	a	_	_	_	_	_	linguistic	_	none	_	_	_	_	_	_
97-10	PST094	97	97	10	quei	quei	_	_	_	_	_	linguistic	_	none	_	_	_	_	_	_
97-11	PST094	97	97	11	tempi	tempi	_	_	_	_	_	linguistic	_	none	_	_	_	_	_	_
97-12	PST094	97	97	12	non	non	_	_	_	_	_	linguistic	_	none	_	_	_	_	_	_
97-13	PST094	97	97	13	si	si	_	_	_	_	_	linguistic	_	none	_	_	_	_	_	_
97-14	PST094	97	97	14	facevano	facevano	_	_	_	_	_	linguistic	_	none	_	_	_	_	_	_
97-15	PST094	97	97	15	così	così	_	_	_	_	_	linguistic	_	none	_	_	_	_	_	_
97-16	PST094	97	97	16	belle	belle	_	_	_	_	_	linguistic	_	none	_	_	_	_	_	_
97-17	PST094	97	97	17	come	come	_	_	_	_	_	linguistic	_	none	_	_	_	_	_	_
97-18	PST094	97	97	18	eravamo	eravamo	_	_	_	_	_	linguistic	_	none	_	_	_	_	_	_
97-19	PST094	97	97	19	noi	noi	_	_	_	_	_	linguistic	_	none	_	_	_	_	_	_
97-20	PST094	97	97	20	abituati	abituati	_	_	_	_	_	linguistic	_	none	_	_	_	_	_	_
97-21	PST094	97	97	21	dalla	dalla	_	_	_	_	_	linguistic	_	none	_	_	_	_	_	_
97-22	PST094	97	97	22	romania	romania	_	_	_	_	_	linguistic	_	none	_	End=317.592	_	_	_	_
98-0	PST094	98	98	0	mh	mh	_	_	_	_	_	linguistic	_	none	_	Begin=318.55	_	_	_	_
98-1	PST094	98	98	1	non	non	_	_	_	_	_	linguistic	_	none	_	_	_	_	_	_
98-2	PST094	98	98	2	hanno	hanno	_	_	_	_	_	linguistic	_	none	_	_	_	_	_	_
98-3	PST094	98	98	3	pianto	pianto	_	_	_	_	_	linguistic	_	none	_	_	_	_	_	_
98-4	PST094	98	98	4	i	i	_	_	_	_	_	linguistic	_	none	_	_	_	_	_	_
98-5	PST094	98	98	5	bambini	bambini	_	_	_	_	_	linguistic	_	none	_	_	_	_	_	_
98-6	PST094	98	98	6	ma	ma	_	_	_	_	_	linguistic	_	none	_	_	_	_	_	_
98-7	PST094	98	98	7	hanno	hanno	_	_	_	_	_	linguistic	_	none	_	_	_	_	_	_
98-8	PST094	98	98	8	pianto	pianto	_	_	_	_	_	linguistic	_	none	_	_	_	_	_	_
98-9	PST094	98	98	9	i	i	_	_	_	_	_	linguistic	_	none	_	_	_	_	_	_
98-10	PST094	98	98	10	genitori	genitori	_	_	_	_	_	linguistic	_	none	_	_	_	_	_	_
98-11	PST094	98	98	11	{ride}	{ride}	_	_	_	_	_	nonverbalbehavior	_	none	_	End=321.895	_	_	_	_
99-0	PST094	99	99	0	e:::	e	_	_	_	_	_	linguistic	_	none	_	Begin=321.9	0x3	_	_	_
99-1	PST094	99	99	1	è	è	_	_	_	_	_	linguistic	_	none	_	_	_	_	_	_
99-2	PST094	99	99	2	stato::	stato	_	_	_	_	_	linguistic	_	none	_	_	4x2	_	_	_
99-3	PST094	99	99	3	un	un	_	_	_	_	_	linguistic	_	none	_	_	_	_	_	_
99-4	PST094	99	99	4	colpo::	colpo	_	_	_	_	_	linguistic	_	none	_	End=325.017	4x2	_	_	_
100-0	PST094	100	100	0	veramente	veramente	_	_	_	_	_	linguistic	_	none	_	Begin=325.017	_	_	_	_
100-1	PST094	100	100	1	molto:::	molto	_	_	_	_	_	linguistic	_	none	_	End=327.302	4x3	_	_	_
101-0	PST094	101	101	0	mh	mh	_	_	_	_	_	linguistic	_	none	_	Begin=327.353	_	_	_	_
101-1	PST094	101	101	1	forte,	forte	_	_	_	_	_	linguistic	_	none	Intonation=WeaklyRising	End=328.27	_	_	_	_
102-0	PST094	102	102	0	per	per	_	_	_	_	_	linguistic	_	none	_	Begin=328.7	_	_	_	_
102-1	PST094	102	102	1	tutti	tutti	_	_	_	_	_	linguistic	_	none	_	_	_	_	_	_
102-2	PST094	102	102	2	quanti,	quanti	_	_	_	_	_	linguistic	_	none	Intonation=WeaklyRising	End=329.972	_	_	_	_
103-0	PST094	103	103	0	perché::	perché	_	_	_	_	_	linguistic	_	none	_	Begin=330.13|End=331.194	5x2	_	_	_
104-0	PST094	104	104	0	non	non	_	_	_	_	_	linguistic	_	none	_	Begin=331.243	_	_	_	_
104-1	PST094	104	104	1	si	si	_	_	_	_	_	linguistic	_	none	_	_	_	_	_	_
104-2	PST094	104	104	2	aspettavano	aspettavano	_	_	_	_	_	linguistic	_	none	_	_	_	_	_	_
104-3	PST094	104	104	3	che	che	_	_	_	_	_	linguistic	_	none	_	_	_	_	_	_
104-4	PST094	104	104	4	noi	noi	_	_	_	_	_	linguistic	_	none	_	_	_	_	_	_
104-5	PST094	104	104	5	riuscivamo	riuscivamo	_	_	_	_	_	linguistic	_	none	_	_	_	_	_	_
104-6	PST094	104	104	6	a	a	_	_	_	_	_	linguistic	_	none	_	_	_	_	_	_
104-7	PST094	104	104	7	fare	fare	_	_	_	_	_	linguistic	_	none	_	_	_	_	_	_
104-8	PST094	104	104	8	delle	delle	_	_	_	_	_	linguistic	_	none	_	_	_	_	_	_
104-9	PST094	104	104	9	cose	cose	_	_	_	_	_	linguistic	_	none	_	_	_	_	_	_
104-10	PST094	104	104	10	di	di	_	_	_	_	_	linguistic	_	none	_	_	_	_	_	_
104-11	PST094	104	104	11	genere	genere	_	_	_	_	_	linguistic	_	none	_	End=336.01	_	_	_	_
105-0	PST094	105	105	0	però	però	_	_	_	_	_	linguistic	_	none	_	Begin=336.26	_	_	_	_
105-1	PST094	105	105	1	è	è	_	_	_	_	_	linguistic	_	none	_	_	_	_	_	_
105-2	PST094	105	105	2	stato	stato	_	_	_	_	_	linguistic	_	none	_	_	_	_	_	_
105-3	PST094	105	105	3	bellissimo	bellissimo	_	_	_	_	_	linguistic	_	none	_	_	_	_	_	_
105-4	PST094	105	105	4	e	e	_	_	_	_	_	linguistic	_	none	_	_	_	_	_	_
105-5	PST094	105	105	5	ci	ci	_	_	_	_	_	linguistic	_	none	_	_	_	_	_	_
105-6	PST094	105	105	6	ricordiamo	ricordiamo	_	_	_	_	_	linguistic	_	none	_	_	_	_	_	_
105-7	PST094	105	105	7	non:	non	_	_	_	_	_	linguistic	_	none	_	_	2x1	_	_	_
105-8	PST094	105	105	8	eravamo	eravamo	_	_	_	_	_	linguistic	_	none	_	_	_	_	_	_
105-9	PST094	105	105	9	così	così	_	_	_	_	_	linguistic	_	none	_	_	_	_	_	_
105-10	PST094	105	105	10	{inspira}	{inspira}	_	_	_	_	_	nonverbalbehavior	_	none	_	_	_	_	_	_
105-11	PST094	105	105	11	e:h	eh	_	_	_	_	_	linguistic	_	none	_	_	0x1	_	_	_
105-12	PST094	105	105	12	professioni:~	professioni~	_	_	_	_	_	linguistic	_	none	Interrupted=Yes	_	10x1	_	_	_
105-13	PST094	105	105	13	mh	mh	_	_	_	_	_	linguistic	_	none	_	_	_	_	_	_
105-14	PST094	105	105	14	professionali	professionali	_	_	_	_	_	linguistic	_	none	_	_	_	_	_	_
105-15	PST094	105	105	15	come	come	_	_	_	_	_	linguistic	_	none	_	_	_	_	_	_
105-16	PST094	105	105	16	ora	ora	_	_	_	_	_	linguistic	_	none	_	_	_	_	_	_
105-17	PST094	105	105	17	no?	no	_	_	_	_	_	linguistic	_	none	Intonation=Rising	End=343.402	_	_	_	_
106-0	PST094	106	106	0	m:h	mh	_	_	_	_	_	linguistic	_	none	_	Begin=344.161	0x1	_	_	_
106-1	PST094	106	106	1	ma	ma	_	_	_	_	_	linguistic	_	none	_	_	_	_	_	_
106-2	PST094	106	106	2	erano:	erano	_	_	_	_	_	linguistic	_	none	_	_	4x1	_	_	_
106-3	PST094	106	106	3	belli:	belli	_	_	_	_	_	linguistic	_	none	_	End=346.25	4x1	_	_	_
107-0	PST094	107	107	0	e::	e	_	_	_	_	_	linguistic	_	none	_	Begin=346.43	0x2	_	_	_
107-1	PST094	107	107	1	questo	questo	_	_	_	_	_	linguistic	_	none	_	_	_	_	_	_
107-2	PST094	107	107	2	può	può	_	_	_	_	_	linguistic	_	none	_	_	_	_	_	_
107-3	PST094	107	107	3	dire:	dire	_	_	_	_	_	linguistic	_	none	ProsodicLink=Yes	_	3x1	_	_	_
107-4	PST094	107	107	4	l~	l~	_	_	_	_	_	linguistic	_	none	Interrupted=Yes	_	_	_	_	_
107-5	PST094	107	107	5	che:	che	_	_	_	_	_	linguistic	_	none	_	_	2x1	_	_	_
107-6	PST094	107	107	6	una	una	_	_	_	_	_	linguistic	_	none	_	_	_	_	_	_
107-7	PST094	107	107	7	cosa	cosa	_	_	_	_	_	linguistic	_	none	_	_	_	_	_	_
107-8	PST094	107	107	8	ve:ra:	vera	_	_	_	_	_	linguistic	_	none	_	_	1x1,3x1	_	_	_
107-9	PST094	107	107	9	che:	che	_	_	_	_	_	linguistic	_	none	_	_	2x1	_	_	_
107-10	PST094	107	107	10	a	a	_	_	_	_	_	linguistic	_	none	_	_	_	_	_	_
107-11	PST094	107	107	11	lungo	lungo	_	_	_	_	_	linguistic	_	none	_	_	_	_	_	_
107-12	PST094	107	107	12	andare	andare	_	_	_	_	_	linguistic	_	none	_	_	_	_	_	_
107-13	PST094	107	107	13	negli	negli	_	_	_	_	_	linguistic	_	none	_	_	_	_	_	_
107-14	PST094	107	107	14	anni	anni	_	_	_	_	_	linguistic	_	none	_	End=352.31	_	_	_	_
108-0	PST094	108	108	0	hanno	hanno	_	_	_	_	_	linguistic	_	none	_	Begin=352.83	_	_	_	_
108-1	PST094	108	108	1	cominciato	cominciato	_	_	_	_	_	linguistic	_	none	_	_	_	_	_	_
108-2	PST094	108	108	2	tanti	tanti	_	_	_	_	_	linguistic	_	none	_	_	_	_	_	_
108-3	PST094	108	108	3	altr	altr	_	_	_	_	_	linguistic	_	none	ProsodicLink=Yes	_	_	_	_	_
108-4	PST094	108	108	4	realtà	realtà	_	_	_	_	_	linguistic	_	none	_	_	_	_	_	_
108-5	PST094	108	108	5	rumeni	rumeni	_	_	_	_	_	linguistic	_	none	_	_	_	_	_	_
108-6	PST094	108	108	6	a	a	_	_	_	_	_	linguistic	_	none	_	_	_	_	_	_
108-7	PST094	108	108	7	imitarci	imitarci	_	_	_	_	_	linguistic	_	none	_	End=356.348	_	_	_	_
109-0	PST094	109	109	0	questo,	questo	_	_	_	_	_	linguistic	_	none	Intonation=WeaklyRising	Begin=356.86|End=357.49	_	_	_	_
110-0	PST094	110	110	0	è	è	_	_	_	_	_	linguistic	_	none	_	Begin=358.26	_	_	_	_
110-1	PST094	110	110	1	anche	anche	_	_	_	_	_	linguistic	_	none	_	_	_	_	_	_
110-2	PST094	110	110	2	bello	bello	_	_	_	_	_	linguistic	_	none	PauseAfter=Yes	_	_	_	_	_
110-3	PST094	110	110	3	{P}	{P}	_	_	_	_	_	shortpause	_	none	_	_	_	_	_	_
110-4	PST094	110	110	4	però	però	_	_	_	_	_	linguistic	_	none	_	_	_	_	_	_
110-5	PST094	110	110	5	noi:	noi	_	_	_	_	_	linguistic	_	none	_	End=360.39	2x1	_	_	_
111-0	PST094	111	111	0	sempre	sempre	_	_	_	_	_	linguistic	_	none	_	Begin=360.845	_	_	_	_
111-1	PST094	111	111	1	un	un	_	_	_	_	_	linguistic	_	none	_	_	_	_	_	_
111-2	PST094	111	111	2	passo	passo	_	_	_	_	_	linguistic	_	none	_	_	_	_	_	_
111-3	PST094	111	111	3	più	più	_	_	_	_	_	linguistic	_	none	_	_	_	_	_	_
111-4	PST094	111	111	4	avanti	avanti	_	_	_	_	_	linguistic	_	none	_	_	_	_	_	_
111-5	PST094	111	111	5	{ride}	{ride}	_	_	_	_	_	nonverbalbehavior	_	none	_	End=363.38	_	_	_	_
112-0	PST092	112	112	0	l:~	l~	_	_	_	_	_	linguistic	_	some	Interrupted=Yes	Begin=364.41	0x1	_	_	_
112-1	PST092	112	112	1	cioè	cioè	_	_	_	_	_	linguistic	_	some	_	_	_	_	_	_
112-2	PST092	112	112	2	lei:	lei	_	_	_	_	_	linguistic	_	some	_	_	2x1	_	_	_
112-3	PST092	112	112	3	quando	quando	_	_	_	_	_	linguistic	_	some	_	_	_	_	_	_
112-4	PST092	112	112	4	vengo	vengo	_	_	_	_	_	linguistic	_	some	_	_	_	_	_	_
112-5	PST092	112	112	5	qua	qua	_	_	_	_	_	linguistic	_	some	_	_	_	_	_	_
112-6	PST092	112	112	6	la	la	_	_	_	_	_	linguistic	_	some	_	_	_	_	_	_
112-7	PST092	112	112	7	vedo	vedo	_	_	_	_	_	linguistic	_	some	_	_	_	_	_	_
112-8	PST092	112	112	8	s~	s~	_	_	_	_	_	linguistic	_	some	Interrupted=Yes	_	_	_	_	_
112-9	PST092	112	112	9	molto	molto	_	_	_	_	_	linguistic	_	some	_	_	_	_	_	_
112-10	PST092	112	112	10	spesso	spesso	_	_	_	_	_	linguistic	_	some	_	_	_	_	_	_
112-11	PST092	112	112	11	al	al	_	_	_	_	_	linguistic	_	some	_	_	_	_	_	_
112-12	PST092	112	112	12	#centru	centru	_	_	_	_	_	linguistic	_	some	Language=NO_ISO_CODE|Variation=Token	_	_	_	_	_
112-13	PST092	112	112	13	quanto	quanto	_	_	_	_	_	linguistic	_	some	_	_	_	_	_	_
112-14	PST092	112	112	14	tempo	tempo	_	_	_	_	_	linguistic	_	some	_	_	_	_	_	_
112-15	PST092	112	112	15	dedica	dedica	_	_	_	_	_	linguistic	_	some	_	_	_	_	_	_
112-16	PST092	112	112	16	al	al	_	_	_	_	_	linguistic	_	some	_	_	_	_	_	_
112-17	PST092	112	112	17	#centru	centru	_	_	_	_	_	linguistic	_	some	Language=NO_ISO_CODE|Variation=Token	_	_	_	_	_
112-18	PST092	112	112	18	sia	sia	_	_	_	_	_	linguistic	_	some	_	_	_	_	_	_
112-19	PST092	112	112	19	qua	qua	_	_	_	_	_	linguistic	_	some	_	_	_	_	_	_
112-20	PST092	112	112	20	che	che	_	_	_	_	_	linguistic	_	some	_	_	_	_	_	_
112-21	PST092	112	112	21	fuori	fuori	_	_	_	_	_	linguistic	_	some	_	End=370.61	_	_	_	_
114-0	PST094	114	114	0	o:::h	oh	_	_	_	_	_	linguistic	_	none	_	Begin=370.74	0x3	_	_	_
114-1	PST094	114	114	1	f:::	f	_	_	_	_	_	linguistic	_	none	_	_	0x3	_	_	_
114-2	PST094	114	114	2	potrei	potrei	_	_	_	_	_	linguistic	_	none	_	_	_	_	_	_
114-3	PST094	114	114	3	dire	dire	_	_	_	_	_	linguistic	_	none	_	_	_	_	_	_
114-4	PST094	114	114	4	che:	che	_	_	_	_	_	linguistic	_	none	_	End=374.15	2x1	_	_	_
115-0	PST094	115	115	0	novanta	novanta	_	_	_	_	_	linguistic	_	none	_	Begin=375.73	_	_	_	_
115-1	PST094	115	115	1	per	per	_	_	_	_	_	linguistic	_	none	_	_	_	_	_	_
115-2	PST094	115	115	2	cento	cento	_	_	_	_	_	linguistic	_	none	_	_	_	_	_	_
115-3	PST094	115	115	3	della	della	_	_	_	_	_	linguistic	_	none	_	_	_	_	_	_
115-4	PST094	115	115	4	mia	mia	_	_	_	_	_	linguistic	_	none	_	_	_	_	_	_
115-5	PST094	115	115	5	vita?	vita	_	_	_	_	_	linguistic	_	none	Intonation=Rising	End=377.447	_	_	_	_
116-0	PST094	116	116	0	se	se	_	_	_	_	_	linguistic	_	none	_	Begin=378.998	_	_	_	_
116-1	PST094	116	116	1	qualcuno	qualcuno	_	_	_	_	_	linguistic	_	none	_	_	_	_	_	_
116-2	PST094	116	116	2	mi	mi	_	_	_	_	_	linguistic	_	none	_	_	_	_	_	_
116-3	PST094	116	116	3	crede	crede	_	_	_	_	_	linguistic	_	none	_	_	_	_	_	_
116-4	PST094	116	116	4	se	se	_	_	_	_	_	linguistic	_	none	_	_	_	_	_	_
116-5	PST094	116	116	5	no:	no	_	_	_	_	_	linguistic	_	none	_	_	1x1	_	_	_
116-6	PST094	116	116	6	perché	perché	_	_	_	_	_	linguistic	_	none	_	_	_	_	_	_
116-7	PST094	116	116	7	anche	anche	_	_	_	_	_	linguistic	_	none	_	_	_	_	_	_
116-8	PST094	116	116	8	quando	quando	_	_	_	_	_	linguistic	_	none	_	_	_	_	_	_
116-9	PST094	116	116	9	dormo	dormo	_	_	_	_	_	linguistic	_	none	_	End=382.41	_	_	_	_
117-0	PST094	117	117	0	io	io	_	_	_	_	_	linguistic	_	none	_	Begin=383.24	_	_	_	_
117-1	PST094	117	117	1	penso	penso	_	_	_	_	_	linguistic	_	none	_	_	_	_	_	_
117-2	PST094	117	117	2	ai	ai	_	_	_	_	_	linguistic	_	none	_	_	_	_	_	_
117-3	PST094	117	117	3	metodi	metodi	_	_	_	_	_	linguistic	_	none	_	_	_	_	_	_
117-4	PST094	117	117	4	di	di	_	_	_	_	_	linguistic	_	none	_	_	_	_	_	_
117-5	PST094	117	117	5	stu:dio	studio	_	_	_	_	_	linguistic	_	none	PauseAfter=Yes	_	2x1	_	_	_
117-6	PST094	117	117	6	{P}	{P}	_	_	_	_	_	shortpause	_	none	_	_	_	_	_	_
117-7	PST094	117	117	7	per	per	_	_	_	_	_	linguistic	_	none	_	_	_	_	_	_
117-8	PST094	117	117	8	voi	voi	_	_	_	_	_	linguistic	_	none	_	_	_	_	_	_
117-9	PST094	117	117	9	ragazzi	ragazzi	_	_	_	_	_	linguistic	_	none	_	End=386.78	_	_	_	_
118-0	PST094	118	118	0	per	per	_	_	_	_	_	linguistic	_	none	_	Begin=386.96	_	_	_	_
118-1	PST094	118	118	1	tutti	tutti	_	_	_	_	_	linguistic	_	none	_	_	_	_	_	_
118-2	PST094	118	118	2	i	i	_	_	_	_	_	linguistic	_	none	_	_	_	_	_	_
118-3	PST094	118	118	3	ragazzi	ragazzi	_	_	_	_	_	linguistic	_	none	_	_	_	_	_	_
118-4	PST094	118	118	4	del	del	_	_	_	_	_	linguistic	_	none	_	_	_	_	_	_
118-5	PST094	118	118	5	centro	centro	_	_	_	_	_	linguistic	_	none	_	End=388.33	_	_	_	_
119-0	PST094	119	119	0	perché	perché	_	_	_	_	_	linguistic	_	none	_	Begin=388.33	_	_	_	_
119-1	PST094	119	119	1	ognu:no	ognuno	_	_	_	_	_	linguistic	_	none	PauseAfter=Yes	_	3x1	_	_	_
119-2	PST094	119	119	2	{P}	{P}	_	_	_	_	_	shortpause	_	none	_	_	_	_	_	_
119-3	PST094	119	119	3	ha	ha	_	_	_	_	_	linguistic	_	none	_	_	_	_	_	_
119-4	PST094	119	119	4	biso:gno	bisogno	_	_	_	_	_	linguistic	_	none	_	_	3x1	_	_	_
119-5	PST094	119	119	5	di	di	_	_	_	_	_	linguistic	_	none	_	_	_	_	_	_
119-6	PST094	119	119	6	una	una	_	_	_	_	_	linguistic	_	none	_	_	_	_	_	_
119-7	PST094	119	119	7	cosa	cosa	_	_	_	_	_	linguistic	_	none	_	_	_	_	_	_
119-8	PST094	119	119	8	specifica	specifica	_	_	_	_	_	linguistic	_	none	_	End=392.082	_	_	_	_
120-0	PST094	120	120	0	quindi::	quindi	_	_	_	_	_	linguistic	_	none	_	Begin=392.74|End=394.063	5x2	_	_	_
121-0	PST094	121	121	0	sì	sì	_	_	_	_	_	linguistic	_	none	_	Begin=395.09|End=395.751	_	_	_	_
122-0	PST094	122	122	0	anche	anche	_	_	_	_	_	linguistic	_	none	_	Begin=396.05	_	_	_	_
122-1	PST094	122	122	1	quando	quando	_	_	_	_	_	linguistic	_	none	_	_	_	_	_	_
122-2	PST094	122	122	2	sto	sto	_	_	_	_	_	linguistic	_	none	_	_	_	_	_	_
122-3	PST094	122	122	3	vicino	vicino	_	_	_	_	_	linguistic	_	none	_	_	_	_	_	_
122-4	PST094	122	122	4	ai	ai	_	_	_	_	_	linguistic	_	none	_	_	_	_	_	_
122-5	PST094	122	122	5	miei	miei	_	_	_	_	_	linguistic	_	none	PauseAfter=Yes	_	_	_	_	_
122-6	PST094	122	122	6	{P}	{P}	_	_	_	_	_	shortpause	_	none	_	_	_	_	_	_
122-7	PST094	122	122	7	e	e	_	_	_	_	_	linguistic	_	none	_	_	_	_	_	_
122-8	PST094	122	122	8	mi	mi	_	_	_	_	_	linguistic	_	none	_	_	_	_	_	_
122-9	PST094	122	122	9	fanno	fanno	_	_	_	_	_	linguistic	_	none	_	_	_	_	_	_
122-10	PST094	122	122	10	delle	delle	_	_	_	_	_	linguistic	_	none	_	_	_	_	_	_
122-11	PST094	122	122	11	domande	domande	_	_	_	_	_	linguistic	_	none	_	_	_	_	_	_
122-12	PST094	122	122	12	la	la	_	_	_	_	_	linguistic	_	none	_	_	_	_	_	_
122-13	PST094	122	122	13	mia	mia	_	_	_	_	_	linguistic	_	none	_	_	_	_	_	_
122-14	PST094	122	122	14	mente	mente	_	_	_	_	_	linguistic	_	none	_	_	_	_	_	_
122-15	PST094	122	122	15	pensa	pensa	_	_	_	_	_	linguistic	_	none	_	End=400.77	_	_	_	_
123-0	PST094	123	123	0	<come	come	_	_	_	_	_	linguistic	_	none	_	Begin=401.787	_	Slow=0-4(0)	_	_
123-1	PST094	123	123	1	posso	posso	_	_	_	_	_	linguistic	_	none	_	_	_	Slow=0-5(0)	_	_
123-2	PST094	123	123	2	trovare	trovare	_	_	_	_	_	linguistic	_	none	_	_	_	Slow=0-7(0)	_	_
123-3	PST094	123	123	3	un	un	_	_	_	_	_	linguistic	_	none	_	_	_	Slow=0-2(0)	_	_
123-4	PST094	123	123	4	metodo>	metodo	_	_	_	_	_	linguistic	_	none	_	End=404.48	_	Slow=0-6(0)	_	_
124-0	PST094	124	124	0	<che	che	_	_	_	_	_	linguistic	_	none	_	Begin=405.18	_	Slow=0-3(0)	_	_
124-1	PST094	124	124	1	io>	io	_	_	_	_	_	linguistic	_	none	_	_	_	Slow=0-2(0)	_	_
124-2	PST094	124	124	2	posso	posso	_	_	_	_	_	linguistic	_	none	_	_	_	_	_	_
124-3	PST094	124	124	3	arrivare	arrivare	_	_	_	_	_	linguistic	_	none	_	_	_	_	_	_
124-4	PST094	124	124	4	a	a	_	_	_	_	_	linguistic	_	none	_	_	_	_	_	_
124-5	PST094	124	124	5	ciascuno	ciascuno	_	_	_	_	_	linguistic	_	none	_	_	_	_	_	_
124-6	PST094	124	124	6	di	di	_	_	_	_	_	linguistic	_	none	_	_	_	_	_	_
124-7	PST094	124	124	7	voi,	voi	_	_	_	_	_	linguistic	_	none	Intonation=WeaklyRising	End=407.573	_	_	_	_
125-0	PST094	125	125	0	e	e	_	_	_	_	_	linguistic	_	none	_	Begin=407.94	_	_	_	_
125-1	PST094	125	125	1	che	che	_	_	_	_	_	linguistic	_	none	_	_	_	_	_	_
125-2	PST094	125	125	2	ciascuno	ciascuno	_	_	_	_	_	linguistic	_	none	_	_	_	_	_	_
125-3	PST094	125	125	3	di	di	_	_	_	_	_	linguistic	_	none	_	_	_	_	_	_
125-4	PST094	125	125	4	voi	voi	_	_	_	_	_	linguistic	_	none	_	End=409.15	_	_	_	_
126-0	PST094	126	126	0	possa	possa	_	_	_	_	_	linguistic	_	none	_	Begin=409.74	_	_	_	_
126-1	PST094	126	126	1	fare	fare	_	_	_	_	_	linguistic	_	none	_	_	_	_	_	_
126-2	PST094	126	126	2	i	i	_	_	_	_	_	linguistic	_	none	_	_	_	_	_	_
126-3	PST094	126	126	3	salti	salti	_	_	_	_	_	linguistic	_	none	_	_	_	_	_	_
126-4	PST094	126	126	4	più	più	_	_	_	_	_	linguistic	_	none	_	_	_	_	_	_
126-5	PST094	126	126	5	in	in	_	_	_	_	_	linguistic	_	none	_	_	_	_	_	_
126-6	PST094	126	126	6	alto.	alto	_	_	_	_	_	linguistic	_	none	Intonation=Falling	End=412.545	_	_	_	_
127-0	PST094	127	127	0	perché	perché	_	_	_	_	_	linguistic	_	none	_	Begin=412.87	_	_	_	_
127-1	PST094	127	127	1	penso	penso	_	_	_	_	_	linguistic	_	none	_	End=413.96	_	_	_	_
128-0	PST094	128	128	0	mh	mh	_	_	_	_	_	linguistic	_	none	_	Begin=415.49	_	_	_	_
128-1	PST094	128	128	1	il	il	_	_	_	_	_	linguistic	_	none	_	_	_	_	_	_
128-2	PST094	128	128	2	nostro	nostro	_	_	_	_	_	linguistic	_	none	_	_	_	_	_	_
128-3	PST094	128	128	3	lavoro	lavoro	_	_	_	_	_	linguistic	_	none	_	_	_	_	_	_
128-4	PST094	128	128	4	non	non	_	_	_	_	_	linguistic	_	none	_	_	_	_	_	_
128-5	PST094	128	128	5	si	si	_	_	_	_	_	linguistic	_	none	_	_	_	_	_	_
128-6	PST094	128	128	6	svolge	svolge	_	_	_	_	_	linguistic	_	none	_	_	_	_	_	_
128-7	PST094	128	128	7	a	a	_	_	_	_	_	linguistic	_	none	_	_	_	_	_	_
128-8	PST094	128	128	8	un	un	_	_	_	_	_	linguistic	_	none	PauseAfter=Yes	_	_	_	_	_
128-9	PST094	128	128	9	{P}	{P}	_	_	_	_	_	shortpause	_	none	_	_	_	_	_	_
128-10	PST094	128	128	10	livello	livello	_	_	_	_	_	linguistic	_	none	_	End=419.01	_	_	_	_
129-0	PST094	129	129	0	eh	eh	_	_	_	_	_	linguistic	_	none	_	Begin=420.211	_	_	_	_
129-1	PST094	129	129	1	bene	bene	_	_	_	_	_	linguistic	_	none	_	_	_	_	_	_
129-2	PST094	129	129	2	defin~	defin~	_	_	_	_	_	linguistic	_	none	Interrupted=Yes	_	_	_	_	_
129-3	PST094	129	129	3	m:h	mh	_	_	_	_	_	linguistic	_	none	_	_	0x1	_	_	_
129-4	PST094	129	129	4	ben	ben	_	_	_	_	_	linguistic	_	none	_	_	_	_	_	_
129-5	PST094	129	129	5	definito	definito	_	_	_	_	_	linguistic	_	none	_	_	_	_	_	_
129-6	PST094	129	129	6	no?	no	_	_	_	_	_	linguistic	_	none	Intonation=Rising	End=422.16	_	_	_	_
130-0	PST094	130	130	0	s:i	si	_	_	_	_	_	linguistic	_	none	_	Begin=422.59	0x1	_	_	_
130-1	PST094	130	130	1	svolge	svolge	_	_	_	_	_	linguistic	_	none	_	_	_	_	_	_
130-2	PST094	130	130	2	pensando	pensando	_	_	_	_	_	linguistic	_	none	_	_	_	_	_	_
130-3	PST094	130	130	3	a	a	_	_	_	_	_	linguistic	_	none	_	_	_	_	_	_
130-4	PST094	130	130	4	un	un	_	_	_	_	_	linguistic	_	none	_	End=424.51	_	_	_	_
131-0	PST094	131	131	0	più	più	_	_	_	_	_	linguistic	_	none	_	Begin=426.15	_	_	_	_
131-1	PST094	131	131	1	su	su	_	_	_	_	_	linguistic	_	none	_	_	_	_	_	_
131-2	PST094	131	131	2	più	più	_	_	_	_	_	linguistic	_	none	_	_	_	_	_	_
131-3	PST094	131	131	3	su,	su	_	_	_	_	_	linguistic	_	none	Intonation=WeaklyRising	End=427.166	_	_	_	_
132-0	PST094	132	132	0	più	più	_	_	_	_	_	linguistic	_	none	_	Begin=427.253	_	_	_	_
132-1	PST094	132	132	1	su	su	_	_	_	_	_	linguistic	_	none	_	_	_	_	_	_
132-2	PST094	132	132	2	più	più	_	_	_	_	_	linguistic	_	none	_	_	_	_	_	_
132-3	PST094	132	132	3	su.	su	_	_	_	_	_	linguistic	_	none	Intonation=Falling	End=428.281	_	_	_	_
133-0	PST094	133	133	0	quindi	quindi	_	_	_	_	_	linguistic	_	none	_	Begin=428.347	_	_	_	_
133-1	PST094	133	133	1	non	non	_	_	_	_	_	linguistic	_	none	_	_	_	_	_	_
133-2	PST094	133	133	2	ha	ha	_	_	_	_	_	linguistic	_	none	_	_	_	_	_	_
133-3	PST094	133	133	3	limiti	limiti	_	_	_	_	_	linguistic	_	none	_	End=429.874	_	_	_	_
134-0	PST094	134	134	0	e::	e	_	_	_	_	_	linguistic	_	none	_	Begin=430.58	0x2	_	_	_
134-1	PST094	134	134	1	quando	quando	_	_	_	_	_	linguistic	_	none	_	_	_	_	_	_
134-2	PST094	134	134	2	pensi	pensi	_	_	_	_	_	linguistic	_	none	_	_	_	_	_	_
134-3	PST094	134	134	3	all'	all'	_	_	_	_	_	linguistic	_	none	SpaceAfter=No	_	_	_	_	_
134-4	PST094	134	134	4	infinito	infinito	_	_	_	_	_	linguistic	_	none	_	_	_	_	_	_
134-5	PST094	134	134	5	devi	devi	_	_	_	_	_	linguistic	_	none	_	_	_	_	_	_
134-6	PST094	134	134	6	lavorare	lavorare	_	_	_	_	_	linguistic	_	none	_	End=433.42	_	_	_	_
135-0	PST094	135	135	0	di	di	_	_	_	_	_	linguistic	_	none	_	Begin=433.69	_	_	_	_
135-1	PST094	135	135	1	continuo	continuo	_	_	_	_	_	linguistic	_	none	_	End=434.56	_	_	_	_
136-0	PST092	136	136	0	ma::	ma	_	_	_	_	_	linguistic	_	none	_	Begin=436.03	1x2	_	_	_
136-1	PST092	136	136	1	sempre	sempre	_	_	_	_	_	linguistic	_	none	_	_	_	_	_	_
136-2	PST092	136	136	2	(per)	per	_	_	_	_	_	linguistic	_	none	_	_	_	_	0-3(0)	_
136-3	PST092	136	136	3	riguardo	riguardo	_	_	_	_	_	linguistic	_	none	_	_	_	_	_	_
136-4	PST092	136	136	4	ai	ai	_	_	_	_	_	linguistic	_	none	_	_	_	_	_	_
136-5	PST092	136	136	5	ragazzi	ragazzi	_	_	_	_	_	linguistic	_	none	_	End=438.317	_	_	_	_
137-0	PST092	137	137	0	adesso:	adesso	_	_	_	_	_	linguistic	_	none	_	Begin=438.82	5x1	_	_	_
137-1	PST092	137	137	1	ho	ho	_	_	_	_	_	linguistic	_	none	_	_	_	_	_	_
137-2	PST092	137	137	2	visto	visto	_	_	_	_	_	linguistic	_	none	_	_	_	_	_	_
137-3	PST092	137	137	3	che:	che	_	_	_	_	_	linguistic	_	none	_	_	2x1	_	_	_
137-4	PST092	137	137	4	sta	sta	_	_	_	_	_	linguistic	_	none	_	_	_	_	_	_
137-5	PST092	137	137	5	arrivando	arrivando	_	_	_	_	_	linguistic	_	none	_	_	_	_	_	_
137-6	PST092	137	137	6	sempre	sempre	_	_	_	_	_	linguistic	_	none	_	_	_	_	_	_
137-7	PST092	137	137	7	più	più	_	_	_	_	_	linguistic	_	none	_	_	_	_	_	_
137-8	PST092	137	137	8	gente	gente	_	_	_	_	_	linguistic	_	none	_	_	_	_	_	_
137-9	PST092	137	137	9	lei	lei	_	_	_	_	_	linguistic	_	none	_	_	_	_	_	_
137-10	PST092	137	137	10	come	come	_	_	_	_	_	linguistic	_	none	_	_	_	_	_	_
137-11	PST092	137	137	11	si	si	_	_	_	_	_	linguistic	_	none	_	_	_	_	_	_
137-12	PST092	137	137	12	sente	sente	_	_	_	_	_	linguistic	_	none	_	End=441.932	_	_	_	_
138-0	PST092	138	138	0	perché	perché	_	_	_	_	_	linguistic	_	none	_	Begin=442.03	_	_	_	_
138-1	PST092	138	138	1	comunque:	comunque	_	_	_	_	_	linguistic	_	none	ProsodicLink=Yes	_	7x1	_	_	_
138-2	PST092	138	138	2	è	è	_	_	_	_	_	linguistic	_	none	_	_	_	_	_	_
138-3	PST092	138	138	3	anche	anche	_	_	_	_	_	linguistic	_	none	_	_	_	_	_	_
138-4	PST092	138	138	4	una	una	_	_	_	_	_	linguistic	_	none	_	_	_	_	_	_
138-5	PST092	138	138	5	grande	grande	_	_	_	_	_	linguistic	_	none	_	_	_	_	_	_
138-6	PST092	138	138	6	responsabilità	responsabilità	_	_	_	_	_	linguistic	_	none	_	_	_	_	_	_
138-7	PST092	138	138	7	sia	sia	_	_	_	_	_	linguistic	_	none	_	_	_	_	_	_
138-8	PST092	138	138	8	per	per	_	_	_	_	_	linguistic	_	none	_	_	_	_	_	_
138-9	PST092	138	138	9	i	i	_	_	_	_	_	linguistic	_	none	_	_	_	_	_	_
138-10	PST092	138	138	10	viaggi::	viaggi	_	_	_	_	_	linguistic	_	none	_	End=445.39	5x2	_	_	_
139-0	PST092	139	139	0	x	x	_	_	_	_	_	unknown	_	none	Syllables=1	Begin=445.69	_	_	_	_
139-1	PST092	139	139	1	le	le	_	_	_	_	_	linguistic	_	none	_	_	_	_	_	_
139-2	PST092	139	139	2	vacanze	vacanze	_	_	_	_	_	linguistic	_	none	_	End=446.92	_	_	_	_
140-0	PST094	140	140	0	eh:m	ehm	_	_	_	_	_	linguistic	_	none	_	Begin=447.41|End=448.384	1x1	_	_	_
141-0	PST094	141	141	0	certo	certo	_	_	_	_	_	linguistic	_	none	_	Begin=448.71	_	_	_	_
141-1	PST094	141	141	1	che	che	_	_	_	_	_	linguistic	_	none	_	_	_	_	_	_
141-2	PST094	141	141	2	questa	questa	_	_	_	_	_	linguistic	_	none	_	_	_	_	_	_
141-3	PST094	141	141	3	è	è	_	_	_	_	_	linguistic	_	none	_	_	_	_	_	_
141-4	PST094	141	141	4	una:	una	_	_	_	_	_	linguistic	_	none	_	_	2x1	_	_	_
141-5	PST094	141	141	5	$gratitune	gratitune	_	_	_	_	_	linguistic	_	none	Orthography=Yes|Variation=Emerging	_	_	_	_	_
141-6	PST094	141	141	6	e	e	_	_	_	_	_	linguistic	_	none	_	_	_	_	_	_
141-7	PST094	141	141	7	ti	ti	_	_	_	_	_	linguistic	_	none	_	_	_	_	_	_
141-8	PST094	141	141	8	devi	devi	_	_	_	_	_	linguistic	_	none	_	_	_	_	_	_
141-9	PST094	141	141	9	sentir	sentir	_	_	_	_	_	linguistic	_	none	_	_	_	_	_	_
141-10	PST094	141	141	10	bene	bene	_	_	_	_	_	linguistic	_	none	_	End=452.881	_	_	_	_
142-0	PST094	142	142	0	però:::	però	_	_	_	_	_	linguistic	_	none	_	Begin=453.28|End=454.652	3x3	_	_	_
143-0	PST094	143	143	0	il	il	_	_	_	_	_	linguistic	_	none	_	Begin=454.7	_	_	_	_
143-1	PST094	143	143	1	problema	problema	_	_	_	_	_	linguistic	_	none	_	_	_	_	_	_
143-2	PST094	143	143	2	è	è	_	_	_	_	_	linguistic	_	none	_	_	_	_	_	_
143-3	PST094	143	143	3	che::	che	_	_	_	_	_	linguistic	_	none	_	End=456.529	2x2	_	_	_
144-0	PST094	144	144	0	mh	mh	_	_	_	_	_	linguistic	_	none	_	Begin=456.581|End=457.597	_	_	_	_
145-0	PST094	145	145	0	non	non	_	_	_	_	_	linguistic	_	none	_	Begin=458.04	_	_	_	_
145-1	PST094	145	145	1	lo	lo	_	_	_	_	_	linguistic	_	none	_	_	_	_	_	_
145-2	PST094	145	145	2	so	so	_	_	_	_	_	linguistic	_	none	_	_	_	_	_	_
145-3	PST094	145	145	3	se	se	_	_	_	_	_	linguistic	_	none	_	_	_	_	_	_
145-4	PST094	145	145	4	riusciamo	riusciamo	_	_	_	_	_	linguistic	_	none	_	_	_	_	_	_
145-5	PST094	145	145	5	a	a	_	_	_	_	_	linguistic	_	none	_	_	_	_	_	_
145-6	PST094	145	145	6	lasciare	lasciare	_	_	_	_	_	linguistic	_	none	_	_	_	_	_	_
145-7	PST094	145	145	7	la	la	_	_	_	_	_	linguistic	_	none	_	_	_	_	_	_
145-8	PST094	145	145	8	gente	gente	_	_	_	_	_	linguistic	_	none	_	_	_	_	_	_
145-9	PST094	145	145	9	a	a	_	_	_	_	_	linguistic	_	none	_	_	_	_	_	_
145-10	PST094	145	145	10	veni~	veni~	_	_	_	_	_	linguistic	_	none	Interrupted=Yes	_	_	_	_	_
145-11	PST094	145	145	11	a::	a	_	_	_	_	_	linguistic	_	none	_	_	0x2	_	_	_
145-12	PST094	145	145	12	arrivarci	arrivarci	_	_	_	_	_	linguistic	_	none	_	End=462.92	_	_	_	_
146-0	PST094	146	146	0	a	a	_	_	_	_	_	linguistic	_	none	_	Begin=462.92	_	_	_	_
146-1	PST094	146	146	1	un	un	_	_	_	_	_	linguistic	_	none	_	_	_	_	_	_
146-2	PST094	146	146	2	numero	numero	_	_	_	_	_	linguistic	_	none	_	_	_	_	_	_
146-3	PST094	146	146	3	infinito	infinito	_	_	_	_	_	linguistic	_	none	_	_	_	_	_	_
146-4	PST094	146	146	4	perché	perché	_	_	_	_	_	linguistic	_	none	_	_	_	_	_	_
146-5	PST094	146	146	5	s:e	se	_	_	_	_	_	linguistic	_	none	_	_	0x1	_	_	_
146-6	PST094	146	146	6	io	io	_	_	_	_	_	linguistic	_	none	_	_	_	_	_	_
146-7	PST094	146	146	7	non	non	_	_	_	_	_	linguistic	_	none	_	_	_	_	_	_
146-8	PST094	146	146	8	conosco	conosco	_	_	_	_	_	linguistic	_	none	_	_	_	_	_	_
146-9	PST094	146	146	9	ognuno	ognuno	_	_	_	_	_	linguistic	_	none	_	_	_	_	_	_
146-10	PST094	146	146	10	di	di	_	_	_	_	_	linguistic	_	none	_	_	_	_	_	_
146-11	PST094	146	146	11	voi	voi	_	_	_	_	_	linguistic	_	none	_	_	_	_	_	_
146-12	PST094	146	146	12	in	in	_	_	_	_	_	linguistic	_	none	_	_	_	_	_	_
146-13	PST094	146	146	13	parte:,	parte	_	_	_	_	_	linguistic	_	none	Intonation=WeaklyRising	End=467.313	4x1	_	_	_
147-0	PST094	147	147	0	i	i	_	_	_	_	_	linguistic	_	none	_	Begin=467.656	_	_	_	_
147-1	PST094	147	147	1	risultati	risultati	_	_	_	_	_	linguistic	_	none	_	_	_	_	_	_
147-2	PST094	147	147	2	non	non	_	_	_	_	_	linguistic	_	none	_	_	_	_	_	_
147-3	PST094	147	147	3	saranno	saranno	_	_	_	_	_	linguistic	_	none	_	_	_	_	_	_
147-4	PST094	147	147	4	più	più	_	_	_	_	_	linguistic	_	none	_	_	_	_	_	_
147-5	PST094	147	147	5	gli	gli	_	_	_	_	_	linguistic	_	none	_	_	_	_	_	_
147-6	PST094	147	147	6	stessi	stessi	_	_	_	_	_	linguistic	_	none	_	End=469.833	_	_	_	_
148-0	PST094	148	148	0	quindi,	quindi	_	_	_	_	_	linguistic	_	none	Intonation=WeaklyRising	Begin=470.343|End=471.351	_	_	_	_
149-0	PST094	149	149	0	mh	mh	_	_	_	_	_	linguistic	_	none	_	Begin=471.93	_	_	_	_
149-1	PST094	149	149	1	$sinceralmente	sinceralmente	_	_	_	_	_	linguistic	_	none	Orthography=Yes|Variation=Emerging	_	_	_	_	_
149-2	PST094	149	149	2	con:	con	_	_	_	_	_	linguistic	_	none	_	_	2x1	_	_	_
149-3	PST094	149	149	3	il	il	_	_	_	_	_	linguistic	_	none	_	_	_	_	_	_
149-4	PST094	149	149	4	cuore	cuore	_	_	_	_	_	linguistic	_	none	_	_	_	_	_	_
149-5	PST094	149	149	5	vi	vi	_	_	_	_	_	linguistic	_	none	_	_	_	_	_	_
149-6	PST094	149	149	6	dico	dico	_	_	_	_	_	linguistic	_	none	_	_	_	_	_	_
149-7	PST094	149	149	7	che	che	_	_	_	_	_	linguistic	_	none	_	End=475.34	_	_	_	_
150-0	PST094	150	150	0	riceverò	riceverò	_	_	_	_	_	linguistic	_	none	_	Begin=475.49|End=476.72	_	_	_	_
151-0	PST094	151	151	0	solo	solo	_	_	_	_	_	linguistic	_	none	_	Begin=477.095	_	_	_	_
151-1	PST094	151	151	1	quelli	quelli	_	_	_	_	_	linguistic	_	none	_	_	_	_	_	_
151-2	PST094	151	151	2	che	che	_	_	_	_	_	linguistic	_	none	_	_	_	_	_	_
151-3	PST094	151	151	3	io	io	_	_	_	_	_	linguistic	_	none	_	_	_	_	_	_
151-4	PST094	151	151	4	riesco	riesco	_	_	_	_	_	linguistic	_	none	_	_	_	_	_	_
151-5	PST094	151	151	5	come	come	_	_	_	_	_	linguistic	_	none	_	_	_	_	_	_
151-6	PST094	151	151	6	una	una	_	_	_	_	_	linguistic	_	none	_	_	_	_	_	_
151-7	PST094	151	151	7	ch~	ch~	_	_	_	_	_	linguistic	_	none	Interrupted=Yes	_	_	_	_	_
151-8	PST094	151	151	8	chioccia	chioccia	_	_	_	_	_	linguistic	_	none	_	End=480.76	_	_	_	_
152-0	PST094	152	152	0	a	a	_	_	_	_	_	linguistic	_	none	_	Begin=481.08	_	_	_	_
152-1	PST094	152	152	1	coprire	coprire	_	_	_	_	_	linguistic	_	none	_	End=482.08	_	_	_	_
153-0	PST094	153	153	0	okay?	okay	_	_	_	_	_	linguistic	_	none	Intonation=Rising	Begin=482.43|End=482.85	_	_	_	_
154-0	PST094	154	154	0	perché::	perché	_	_	_	_	_	linguistic	_	none	_	Begin=483.17	5x2	_	_	_
154-1	PST094	154	154	1	mi	mi	_	_	_	_	_	linguistic	_	none	_	_	_	_	_	_
154-2	PST094	154	154	2	dispiacerebbe	dispiacerebbe	_	_	_	_	_	linguistic	_	none	_	End=485.78	_	_	_	_
155-0	PST094	155	155	0	che	che	_	_	_	_	_	linguistic	_	none	_	Begin=485.78	_	_	_	_
155-1	PST094	155	155	1	uhm:	uhm	_	_	_	_	_	linguistic	_	none	_	End=486.71	2x1	_	_	_
156-0	PST094	156	156	0	i	i	_	_	_	_	_	linguistic	_	none	_	Begin=486.71	_	_	_	_
156-1	PST094	156	156	1	ragazzi	ragazzi	_	_	_	_	_	linguistic	_	none	_	_	_	_	_	_
156-2	PST094	156	156	2	siano::	siano	_	_	_	_	_	linguistic	_	none	_	_	4x2	_	_	_
156-3	PST094	156	156	3	solo	solo	_	_	_	_	_	linguistic	_	none	_	_	_	_	_	_
156-4	PST094	156	156	4	dei	dei	_	_	_	_	_	linguistic	_	none	_	_	_	_	_	_
156-5	PST094	156	156	5	numeri,	numeri	_	_	_	_	_	linguistic	_	none	Intonation=WeaklyRising	End=489.11	_	_	_	_
157-0	PST094	157	157	0	e	e	_	_	_	_	_	linguistic	_	none	_	Begin=489.5	_	_	_	_
157-1	PST094	157	157	1	che	che	_	_	_	_	_	linguistic	_	none	_	_	_	_	_	_
157-2	PST094	157	157	2	io	io	_	_	_	_	_	linguistic	_	none	_	_	_	_	_	_
157-3	PST094	157	157	3	non	non	_	_	_	_	_	linguistic	_	none	_	_	_	_	_	_
157-4	PST094	157	157	4	li	li	_	_	_	_	_	linguistic	_	none	_	_	_	_	_	_
157-5	PST094	157	157	5	conosco	conosco	_	_	_	_	_	linguistic	_	none	_	End=491.3	_	_	_	_
158-0	PST094	158	158	0	e::h	eh	_	_	_	_	_	linguistic	_	none	_	Begin=491.73	0x2	_	_	_
158-1	PST094	158	158	1	non	non	_	_	_	_	_	linguistic	_	none	_	_	_	_	_	_
158-2	PST094	158	158	2	li	li	_	_	_	_	_	linguistic	_	none	_	_	_	_	_	_
158-3	PST094	158	158	3	conosca	conosca	_	_	_	_	_	linguistic	_	none	_	End=493.112	_	_	_	_
159-0	PST094	159	159	0	per	per	_	_	_	_	_	linguistic	_	none	_	Begin=494.407	_	_	_	_
159-1	PST094	159	159	1	dargli	dargli	_	_	_	_	_	linguistic	_	none	_	_	_	_	_	_
159-2	PST094	159	159	2	qualcosa	qualcosa	_	_	_	_	_	linguistic	_	none	PauseAfter=Yes	_	_	_	_	_
159-3	PST094	159	159	3	{P}	{P}	_	_	_	_	_	shortpause	_	none	_	_	_	_	_	_
159-4	PST094	159	159	4	qualcuno	qualcuno	_	_	_	_	_	linguistic	_	none	_	End=496.59	_	_	_	_
160-0	PST094	160	160	0	devi	devi	_	_	_	_	_	linguistic	_	none	_	Begin=496.59	_	_	_	_
160-1	PST094	160	160	1	conoscere	conoscere	_	_	_	_	_	linguistic	_	none	_	_	_	_	_	_
160-2	PST094	160	160	2	il	il	_	_	_	_	_	linguistic	_	none	_	_	_	_	_	_
160-3	PST094	160	160	3	suo	suo	_	_	_	_	_	linguistic	_	none	_	_	_	_	_	_
160-4	PST094	160	160	4	interiore	interiore	_	_	_	_	_	linguistic	_	none	_	End=499.24	_	_	_	_
161-0	PST094	161	161	0	devi	devi	_	_	_	_	_	linguistic	_	none	_	Begin=499.241	_	_	_	_
161-1	PST094	161	161	1	conoscere	conoscere	_	_	_	_	_	linguistic	_	none	_	_	_	_	_	_
161-2	PST094	161	161	2	il	il	_	_	_	_	_	linguistic	_	none	_	_	_	_	_	_
161-3	PST094	161	161	3	suo	suo	_	_	_	_	_	linguistic	_	none	_	_	_	_	_	_
161-4	PST094	161	161	4	stato	stato	_	_	_	_	_	linguistic	_	none	_	_	_	_	_	_
161-5	PST094	161	161	5	emozionale	emozionale	_	_	_	_	_	linguistic	_	none	_	End=502.037	_	_	_	_
162-0	PST094	162	162	0	e	e	_	_	_	_	_	linguistic	_	none	_	Begin=502.5	_	_	_	_
162-1	PST094	162	162	1	poi	poi	_	_	_	_	_	linguistic	_	none	_	End=503.38	_	_	_	_
163-0	PST094	163	163	0	una	una	_	_	_	_	_	linguistic	_	none	_	Begin=503.7	_	_	_	_
163-1	PST094	163	163	1	volta	volta	_	_	_	_	_	linguistic	_	none	_	_	_	_	_	_
163-2	PST094	163	163	2	che	che	_	_	_	_	_	linguistic	_	none	_	_	_	_	_	_
163-3	PST094	163	163	3	hai	hai	_	_	_	_	_	linguistic	_	none	_	_	_	_	_	_
163-4	PST094	163	163	4	lavorato	lavorato	_	_	_	_	_	linguistic	_	none	_	_	_	_	_	_
163-5	PST094	163	163	5	lì	lì	_	_	_	_	_	linguistic	_	none	_	End=505.62	_	_	_	_
164-0	PST094	164	164	0	puoi	puoi	_	_	_	_	_	linguistic	_	none	_	Begin=505.87	_	_	_	_
164-1	PST094	164	164	1	lavorare	lavorare	_	_	_	_	_	linguistic	_	none	_	_	_	_	_	_
164-2	PST094	164	164	2	all'	all'	_	_	_	_	_	linguistic	_	none	SpaceAfter=No	_	_	_	_	_
164-3	PST094	164	164	3	istruzione	istruzione	_	_	_	_	_	linguistic	_	none	_	_	_	_	_	_
164-4	PST094	164	164	4	ed	ed	_	_	_	_	_	linguistic	_	none	_	_	_	_	_	_
164-5	PST094	164	164	5	educazione	educazione	_	_	_	_	_	linguistic	_	none	_	End=508.95	_	_	_	_
165-0	PST092	165	165	0	con	con	_	_	_	_	_	linguistic	_	none	_	Begin=510.82	_	_	_	_
165-1	PST092	165	165	1	il	il	_	_	_	_	_	linguistic	_	none	_	_	_	_	_	_
165-2	PST092	165	165	2	centro	centro	_	_	_	_	_	linguistic	_	none	_	_	_	_	_	_
165-3	PST092	165	165	3	c'	c'	_	_	_	_	_	linguistic	_	none	SpaceAfter=No	_	_	_	_	_
165-4	PST092	165	165	4	è	è	_	_	_	_	_	linguistic	_	none	_	_	_	_	_	_
165-5	PST092	165	165	5	qualcuno	qualcuno	_	_	_	_	_	linguistic	_	none	_	_	_	_	_	_
165-6	PST092	165	165	6	che	che	_	_	_	_	_	linguistic	_	none	_	_	_	_	_	_
165-7	PST092	165	165	7	le	le	_	_	_	_	_	linguistic	_	none	_	_	_	_	_	_
165-8	PST092	165	165	8	ha	ha	_	_	_	_	_	linguistic	_	none	_	_	_	_	_	_
165-9	PST092	165	165	9	dato	dato	_	_	_	_	_	linguistic	_	none	_	_	_	_	_	_
165-10	PST092	165	165	10	una	una	_	_	_	_	_	linguistic	_	none	_	_	_	_	_	_
165-11	PST092	165	165	11	mano	mano	_	_	_	_	_	linguistic	_	none	_	_	_	_	_	_
165-12	PST092	165	165	12	oppure:	oppure	_	_	_	_	_	linguistic	_	none	_	_	5x1	_	_	_
165-13	PST092	165	165	13	ha	ha	_	_	_	_	_	linguistic	_	none	_	_	_	_	_	_
165-14	PST092	165	165	14	fatto	fatto	_	_	_	_	_	linguistic	_	none	_	_	_	_	_	_
165-15	PST092	165	165	15	tutto	tutto	_	_	_	_	_	linguistic	_	none	_	_	_	_	_	_
165-16	PST092	165	165	16	da	da	_	_	_	_	_	linguistic	_	none	_	_	_	_	_	_
165-17	PST092	165	165	17	sola	sola	_	_	_	_	_	linguistic	_	none	_	_	_	_	_	_
165-18	PST092	165	165	18	all'	all'	_	_	_	_	_	linguistic	_	none	SpaceAfter=No	_	_	_	_	_
165-19	PST092	165	165	19	inizio	inizio	_	_	_	_	_	linguistic	_	none	_	End=514.84	_	_	_	_
166-0	PST094	166	166	0	no	no	_	_	_	_	_	linguistic	_	none	_	Begin=514.84	_	_	_	_
166-1	PST094	166	166	1	no	no	_	_	_	_	_	linguistic	_	none	_	_	_	_	_	_
166-2	PST094	166	166	2	non	non	_	_	_	_	_	linguistic	_	none	_	_	_	_	_	_
166-3	PST094	166	166	3	posso	posso	_	_	_	_	_	linguistic	_	none	_	_	_	_	_	_
166-4	PST094	166	166	4	dire	dire	_	_	_	_	_	linguistic	_	none	_	_	_	_	_	_
166-5	PST094	166	166	5	che	che	_	_	_	_	_	linguistic	_	none	_	_	_	_	_	_
166-6	PST094	166	166	6	ho	ho	_	_	_	_	_	linguistic	_	none	_	_	_	_	_	_
166-7	PST094	166	166	7	fatto	fatto	_	_	_	_	_	linguistic	_	none	_	_	_	_	_	_
166-8	PST094	166	166	8	da	da	_	_	_	_	_	linguistic	_	none	_	_	_	_	_	_
166-9	PST094	166	166	9	so:lo	solo	_	_	_	_	_	linguistic	_	none	_	End=517.565	1x1	_	_	_
167-0	PST094	167	167	0	sono	sono	_	_	_	_	_	linguistic	_	none	_	Begin=517.565	_	_	_	_
167-1	PST094	167	167	1	sta~	sta~	_	_	_	_	_	linguistic	_	none	Interrupted=Yes	_	_	_	_	_
167-2	PST094	167	167	2	d~	d~	_	_	_	_	_	linguistic	_	none	Interrupted=Yes	_	_	_	_	_
167-3	PST094	167	167	3	da	da	_	_	_	_	_	linguistic	_	none	_	_	_	_	_	_
167-4	PST094	167	167	4	sola	sola	_	_	_	_	_	linguistic	_	none	_	End=518.88	_	_	_	_
168-0	PST094	168	168	0	sono	sono	_	_	_	_	_	linguistic	_	none	_	Begin=518.88	_	_	_	_
168-1	PST094	168	168	1	stati	stati	_	_	_	_	_	linguistic	_	none	_	_	_	_	_	_
168-2	PST094	168	168	2	sempre	sempre	_	_	_	_	_	linguistic	_	none	_	_	_	_	_	_
168-3	PST094	168	168	3	persone	persone	_	_	_	_	_	linguistic	_	none	_	_	_	_	_	_
168-4	PST094	168	168	4	che	che	_	_	_	_	_	linguistic	_	none	_	_	_	_	_	_
168-5	PST094	168	168	5	hanno	hanno	_	_	_	_	_	linguistic	_	none	_	_	_	_	_	_
168-6	PST094	168	168	6	aiutato	aiutato	_	_	_	_	_	linguistic	_	none	_	_	_	_	_	_
168-7	PST094	168	168	7	la	la	_	_	_	_	_	linguistic	_	none	_	_	_	_	_	_
168-8	PST094	168	168	8	costruzione	costruzione	_	_	_	_	_	linguistic	_	none	_	End=523.26	_	_	_	_
169-0	PST094	169	169	0	a	a	_	_	_	_	_	linguistic	_	none	_	Begin=523.54	_	_	_	_
169-1	PST094	169	169	1	parte	parte	_	_	_	_	_	linguistic	_	none	_	_	_	_	_	_
169-2	PST094	169	169	2	sì	sì	_	_	_	_	_	linguistic	_	none	_	_	_	_	_	_
169-3	PST094	169	169	3	è	è	_	_	_	_	_	linguistic	_	none	_	_	_	_	_	_
169-4	PST094	169	169	4	vero	vero	_	_	_	_	_	linguistic	_	none	_	_	_	_	_	_
169-5	PST094	169	169	5	che	che	_	_	_	_	_	linguistic	_	none	_	_	_	_	_	_
169-6	PST094	169	169	6	sono	sono	_	_	_	_	_	linguistic	_	none	_	_	_	_	_	_
169-7	PST094	169	169	7	stato:	stato	_	_	_	_	_	linguistic	_	none	_	_	4x1	_	_	_
169-8	PST094	169	169	8	io	io	_	_	_	_	_	linguistic	_	none	_	_	_	_	_	_
169-9	PST094	169	169	9	il	il	_	_	_	_	_	linguistic	_	none	_	_	_	_	_	_
169-10	PST094	169	169	10	motore	motore	_	_	_	_	_	linguistic	_	none	_	End=526.89	_	_	_	_
170-0	PST094	170	170	0	ma::::	ma	_	_	_	_	_	linguistic	_	none	_	Begin=527.07|End=528.744	1x4	_	_	_
171-0	PST094	171	171	0	certe	certe	_	_	_	_	_	linguistic	_	none	_	Begin=529.3	_	_	_	_
171-1	PST094	171	171	1	volte	volte	_	_	_	_	_	linguistic	_	none	_	_	_	_	_	_
171-2	PST094	171	171	2	più	più	_	_	_	_	_	linguistic	_	none	_	_	_	_	_	_
171-3	PST094	171	171	3	volte	volte	_	_	_	_	_	linguistic	_	none	_	_	_	_	_	_
171-4	PST094	171	171	4	devi	devi	_	_	_	_	_	linguistic	_	none	_	_	_	_	_	_
171-5	PST094	171	171	5	anche	anche	_	_	_	_	_	linguistic	_	none	_	_	_	_	_	_
171-6	PST094	171	171	6	delegare	delegare	_	_	_	_	_	linguistic	_	none	_	End=531.84	_	_	_	_
172-0	PST094	172	172	0	m:h	mh	_	_	_	_	_	linguistic	_	none	_	Begin=532.32	0x1	_	_	_
172-1	PST094	172	172	1	in	in	_	_	_	_	_	linguistic	_	none	_	_	_	_	_	_
172-2	PST094	172	172	2	tutte	tutte	_	_	_	_	_	linguistic	_	none	_	_	_	_	_	_
172-3	PST094	172	172	3	le	le	_	_	_	_	_	linguistic	_	none	_	_	_	_	_	_
172-4	PST094	172	172	4	generazione	generazione	_	_	_	_	_	linguistic	_	none	_	_	_	_	_	_
172-5	PST094	172	172	5	sono	sono	_	_	_	_	_	linguistic	_	none	_	_	_	_	_	_
172-6	PST094	172	172	6	stati:	stati	_	_	_	_	_	linguistic	_	none	_	_	4x1	_	_	_
172-7	PST094	172	172	7	i	i	_	_	_	_	_	linguistic	_	none	_	_	_	_	_	_
172-8	PST094	172	172	8	genito:ri,	genitori	_	_	_	_	_	linguistic	_	none	Intonation=WeaklyRising	End=535.843	5x1	_	_	_
173-0	PST094	173	173	0	ma:::	ma	_	_	_	_	_	linguistic	_	none	_	Begin=536.26|End=537.6	1x3	_	_	_
174-0	PST094	174	174	0	poi	poi	_	_	_	_	_	linguistic	_	none	_	Begin=537.6	_	_	_	_
174-1	PST094	174	174	1	sono	sono	_	_	_	_	_	linguistic	_	none	_	_	_	_	_	_
174-2	PST094	174	174	2	stati:::	stati	_	_	_	_	_	linguistic	_	none	_	_	4x3	_	_	_
174-3	PST094	174	174	3	la	la	_	_	_	_	_	linguistic	_	none	_	_	_	_	_	_
174-4	PST094	174	174	4	fam~	fam~	_	_	_	_	_	linguistic	_	none	Interrupted=Yes	_	_	_	_	_
174-5	PST094	174	174	5	la	la	_	_	_	_	_	linguistic	_	none	_	_	_	_	_	_
174-6	PST094	174	174	6	mia	mia	_	_	_	_	_	linguistic	_	none	_	_	_	_	_	_
174-7	PST094	174	174	7	famiglia	famiglia	_	_	_	_	_	linguistic	_	none	_	End=540.61	_	_	_	_
175-0	PST094	175	175	0	sempre	sempre	_	_	_	_	_	linguistic	_	none	_	Begin=540.61	_	_	_	_
175-1	PST094	175	175	1	vicino	vicino	_	_	_	_	_	linguistic	_	none	_	_	_	_	_	_
175-2	PST094	175	175	2	che	che	_	_	_	_	_	linguistic	_	none	_	_	_	_	_	_
175-3	PST094	175	175	3	mi	mi	_	_	_	_	_	linguistic	_	none	_	_	_	_	_	_
175-4	PST094	175	175	4	hanno:	hanno	_	_	_	_	_	linguistic	_	none	_	End=542.7	4x1	_	_	_
176-0	PST094	176	176	0	primo	primo	_	_	_	_	_	linguistic	_	none	_	Begin=542.83	_	_	_	_
176-1	PST094	176	176	1	che	che	_	_	_	_	_	linguistic	_	none	_	_	_	_	_	_
176-2	PST094	176	176	2	mi	mi	_	_	_	_	_	linguistic	_	none	_	_	_	_	_	_
176-3	PST094	176	176	3	hanno	hanno	_	_	_	_	_	linguistic	_	none	_	_	_	_	_	_
176-4	PST094	176	176	4	supportato	supportato	_	_	_	_	_	linguistic	_	none	_	End=544.095	_	_	_	_
177-0	PST094	177	177	0	e	e	_	_	_	_	_	linguistic	_	none	_	Begin=544.77	_	_	_	_
177-1	PST094	177	177	1	poi	poi	_	_	_	_	_	linguistic	_	none	_	_	_	_	_	_
177-2	PST094	177	177	2	mi	mi	_	_	_	_	_	linguistic	_	none	_	_	_	_	_	_
177-3	PST094	177	177	3	hanno	hanno	_	_	_	_	_	linguistic	_	none	_	_	_	_	_	_
177-4	PST094	177	177	4	aiutato	aiutato	_	_	_	_	_	linguistic	_	none	_	End=546.824	_	_	_	_
178-0	PST094	178	178	0	e:::hm	ehm	_	_	_	_	_	linguistic	_	none	_	Begin=547.2	0x3	_	_	_
178-1	PST094	178	178	1	il	il	_	_	_	_	_	linguistic	_	none	_	_	_	_	_	_
178-2	PST094	178	178	2	terzo::	terzo	_	_	_	_	_	linguistic	_	none	_	End=549.578	4x2	_	_	_
179-0	PST094	179	179	0	ho	ho	_	_	_	_	_	linguistic	_	none	_	Begin=550.289	_	_	_	_
179-1	PST094	179	179	1	la	la	_	_	_	_	_	linguistic	_	none	_	_	_	_	_	_
179-2	PST094	179	179	2	mia	mia	_	_	_	_	_	linguistic	_	none	_	_	_	_	_	_
179-3	PST094	179	179	3	collega:	collega	_	_	_	_	_	linguistic	_	none	_	End=551.76	6x1	_	_	_
180-0	PST094	180	180	0	che	che	_	_	_	_	_	linguistic	_	none	_	Begin=551.76	_	_	_	_
180-1	PST094	180	180	1	è	è	_	_	_	_	_	linguistic	_	none	_	_	_	_	_	_
180-2	PST094	180	180	2	psio~	psio~	_	_	_	_	_	linguistic	_	none	Interrupted=Yes	_	_	_	_	_
180-3	PST094	180	180	3	pe~	pe~	_	_	_	_	_	linguistic	_	none	Interrupted=Yes	_	_	_	_	_
180-4	PST094	180	180	4	e:	e	_	_	_	_	_	linguistic	_	none	_	_	0x1	_	_	_
180-5	PST094	180	180	5	pedagoga	pedagoga	_	_	_	_	_	linguistic	_	none	_	_	_	_	_	_
180-6	PST094	180	180	6	e::	e	_	_	_	_	_	linguistic	_	none	_	End=554.37	0x2	_	_	_
181-0	PST094	181	181	0	lì	lì	_	_	_	_	_	linguistic	_	none	_	Begin=554.38	_	_	_	_
181-1	PST094	181	181	1	al	al	_	_	_	_	_	linguistic	_	none	_	_	_	_	_	_
181-2	PST094	181	181	2	centro:	centro	_	_	_	_	_	linguistic	_	none	_	End=555.47	5x1	_	_	_
182-0	PST094	182	182	0	@manuela	@manuela	_	_	_	_	_	anonymized	_	none	_	Begin=555.47|End=557.43	_	_	_	_
183-0	PST094	183	183	0	che	che	_	_	_	_	_	linguistic	_	none	_	Begin=557.43	_	_	_	_
183-1	PST094	183	183	1	dal	dal	_	_	_	_	_	linguistic	_	none	_	_	_	_	_	_
183-2	PST094	183	183	2	duemila	duemila	_	_	_	_	_	linguistic	_	none	PauseAfter=Yes	_	_	_	_	_
183-3	PST094	183	183	3	{P}	{P}	_	_	_	_	_	shortpause	_	none	_	_	_	_	_	_
183-4	PST094	183	183	4	tredici	tredici	_	_	_	_	_	linguistic	_	none	_	End=559.413	_	_	_	_
184-0	PST094	184	184	0	è	è	_	_	_	_	_	linguistic	_	none	_	Begin=559.81	_	_	_	_
184-1	PST094	184	184	1	stat(a)	stata	_	_	_	_	_	linguistic	_	none	_	_	_	_	4-5(0)	_
184-2	PST094	184	184	2	veramente:	veramente	_	_	_	_	_	linguistic	_	none	_	_	8x1	_	_	_
184-3	PST094	184	184	3	come:	come	_	_	_	_	_	linguistic	_	none	_	_	3x1	_	_	_
184-4	PST094	184	184	4	parte	parte	_	_	_	_	_	linguistic	_	none	_	_	_	_	_	_
184-5	PST094	184	184	5	integrante	integrante	_	_	_	_	_	linguistic	_	none	_	End=563.625	_	_	_	_
185-0	PST094	185	185	0	e:::	e	_	_	_	_	_	linguistic	_	none	_	Begin=563.625	0x3	_	_	_
185-1	PST094	185	185	1	eravamo	eravamo	_	_	_	_	_	linguistic	_	none	_	_	_	_	_	_
185-2	PST094	185	185	2	insieme:	insieme	_	_	_	_	_	linguistic	_	none	_	End=566.21	6x1	_	_	_
186-0	PST094	186	186	0	e	e	_	_	_	_	_	linguistic	_	none	_	Begin=566.422	_	_	_	_
186-1	PST094	186	186	1	siamo	siamo	_	_	_	_	_	linguistic	_	none	_	_	_	_	_	_
186-2	PST094	186	186	2	insieme	insieme	_	_	_	_	_	linguistic	_	none	_	_	_	_	_	_
186-3	PST094	186	186	3	che	che	_	_	_	_	_	linguistic	_	none	_	_	_	_	_	_
186-4	PST094	186	186	4	pensiamo	pensiamo	_	_	_	_	_	linguistic	_	none	_	_	_	_	_	_
186-5	PST094	186	186	5	un	un	_	_	_	_	_	linguistic	_	none	_	_	_	_	_	_
186-6	PST094	186	186	6	po'	po'	_	_	_	_	_	linguistic	_	none	_	_	_	_	_	_
186-7	PST094	186	186	7	a	a	_	_	_	_	_	linguistic	_	none	_	_	_	_	_	_
186-8	PST094	186	186	8	tutto	tutto	_	_	_	_	_	linguistic	_	none	_	End=569.56	_	_	_	_
187-0	PST094	187	187	0	sono	sono	_	_	_	_	_	linguistic	_	none	_	Begin=570.249	_	_	_	_
187-1	PST094	187	187	1	stati	stati	_	_	_	_	_	linguistic	_	none	_	_	_	_	_	_
187-2	PST094	187	187	2	altri:::	altri	_	_	_	_	_	linguistic	_	none	_	_	4x3	_	_	_
187-3	PST094	187	187	3	istruttori	istruttori	_	_	_	_	_	linguistic	_	none	_	_	_	_	_	_
187-4	PST094	187	187	4	che	che	_	_	_	_	_	linguistic	_	none	_	_	_	_	_	_
187-5	PST094	187	187	5	sono	sono	_	_	_	_	_	linguistic	_	none	_	_	_	_	_	_
187-6	PST094	187	187	6	passati	passati	_	_	_	_	_	linguistic	_	none	_	_	_	_	_	_
187-7	PST094	187	187	7	di	di	_	_	_	_	_	linguistic	_	none	_	_	_	_	_	_
187-8	PST094	187	187	8	qua	qua	_	_	_	_	_	linguistic	_	none	_	End=574.32	_	_	_	_
188-0	PST094	188	188	0	i	i	_	_	_	_	_	linguistic	_	none	_	Begin=574.53	_	_	_	_
188-1	PST094	188	188	1	genitori	genitori	_	_	_	_	_	linguistic	_	none	_	End=575.606	_	_	_	_
189-0	PST094	189	189	0	di	di	_	_	_	_	_	linguistic	_	none	_	Begin=576.02	_	_	_	_
189-1	PST094	189	189	1	tutte	tutte	_	_	_	_	_	linguistic	_	none	_	_	_	_	_	_
189-2	PST094	189	189	2	le	le	_	_	_	_	_	linguistic	_	none	_	_	_	_	_	_
189-3	PST094	189	189	3	generazione	generazione	_	_	_	_	_	linguistic	_	none	_	End=577.691	_	_	_	_
190-0	PST094	190	190	0	e	e	_	_	_	_	_	linguistic	_	none	_	Begin=578.06	_	_	_	_
190-1	PST094	190	190	1	poi	poi	_	_	_	_	_	linguistic	_	none	PauseAfter=Yes	_	_	_	_	_
190-2	PST094	190	190	2	{P}	{P}	_	_	_	_	_	shortpause	_	none	_	_	_	_	_	_
190-3	PST094	190	190	3	voi	voi	_	_	_	_	_	linguistic	_	none	_	_	_	_	_	_
190-4	PST094	190	190	4	ragazzi:	ragazzi	_	_	_	_	_	linguistic	_	none	_	End=580.09	6x1	_	_	_
191-0	PST094	191	191	0	ci	ci	_	_	_	_	_	linguistic	_	none	_	Begin=580.22	_	_	_	_
191-1	PST094	191	191	1	date	date	_	_	_	_	_	linguistic	_	none	_	_	_	_	_	_
191-2	PST094	191	191	2	una	una	_	_	_	_	_	linguistic	_	none	_	_	_	_	_	_
191-3	PST094	191	191	3	mano	mano	_	_	_	_	_	linguistic	_	none	_	_	_	_	_	_
191-4	PST094	191	191	4	quando	quando	_	_	_	_	_	linguistic	_	none	_	_	_	_	_	_
191-5	PST094	191	191	5	vi	vi	_	_	_	_	_	linguistic	_	none	_	_	_	_	_	_
191-6	PST094	191	191	6	chiediamo	chiediamo	_	_	_	_	_	linguistic	_	none	_	_	_	_	_	_
191-7	PST094	191	191	7	e	e	_	_	_	_	_	linguistic	_	none	_	_	_	_	_	_
191-8	PST094	191	191	8	questo	questo	_	_	_	_	_	linguistic	_	none	_	_	_	_	_	_
191-9	PST094	191	191	9	è	è	_	_	_	_	_	linguistic	_	none	_	_	_	_	_	_
191-10	PST094	191	191	10	molto	molto	_	_	_	_	_	linguistic	_	none	_	_	_	_	_	_
191-11	PST094	191	191	11	molto	molto	_	_	_	_	_	linguistic	_	none	_	_	_	_	_	_
191-12	PST094	191	191	12	importante	importante	_	_	_	_	_	linguistic	_	none	_	End=584.08	_	_	_	_
192-0	PST094	192	192	0	fate	fate	_	_	_	_	_	linguistic	_	none	_	Begin=584.552	_	_	_	_
192-1	PST094	192	192	1	parte	parte	_	_	_	_	_	linguistic	_	none	_	_	_	_	_	_
192-2	PST094	192	192	2	di	di	_	_	_	_	_	linguistic	_	none	_	_	_	_	_	_
192-3	PST094	192	192	3	quelli	quelli	_	_	_	_	_	linguistic	_	none	_	_	_	_	_	_
192-4	PST094	192	192	4	che	che	_	_	_	_	_	linguistic	_	none	_	_	_	_	_	_
192-5	PST094	192	192	5	hanno	hanno	_	_	_	_	_	linguistic	_	none	_	_	_	_	_	_
192-6	PST094	192	192	6	costruito	costruito	_	_	_	_	_	linguistic	_	none	_	_	_	_	_	_
192-7	PST094	192	192	7	il	il	_	_	_	_	_	linguistic	_	none	_	_	_	_	_	_
192-8	PST094	192	192	8	centro	centro	_	_	_	_	_	linguistic	_	none	_	End=587.905	_	_	_	_
193-0	PST092	193	193	0	ho	ho	_	_	_	_	_	linguistic	_	none	_	Begin=589.27	_	_	_	_
193-1	PST092	193	193	1	visto:	visto	_	_	_	_	_	linguistic	_	none	PauseAfter=Yes	_	4x1	_	_	_
193-2	PST092	193	193	2	{P}	{P}	_	_	_	_	_	shortpause	_	none	_	_	_	_	_	_
193-3	PST092	193	193	3	frequentando	frequentando	_	_	_	_	_	linguistic	_	none	_	_	_	_	_	_
193-4	PST092	193	193	4	il	il	_	_	_	_	_	linguistic	_	none	_	_	_	_	_	_
193-5	PST092	193	193	5	centro	centro	_	_	_	_	_	linguistic	_	none	_	_	_	_	_	_
193-6	PST092	193	193	6	ho	ho	_	_	_	_	_	linguistic	_	none	_	_	_	_	_	_
193-7	PST092	193	193	7	visto	visto	_	_	_	_	_	linguistic	_	none	_	_	_	_	_	_
193-8	PST092	193	193	8	che	che	_	_	_	_	_	linguistic	_	none	_	_	_	_	_	_
193-9	PST092	193	193	9	comunque	comunque	_	_	_	_	_	linguistic	_	none	_	_	_	_	_	_
193-10	PST092	193	193	10	ci	ci	_	_	_	_	_	linguistic	_	none	_	_	_	_	_	_
193-11	PST092	193	193	11	sono	sono	_	_	_	_	_	linguistic	_	none	_	_	_	_	_	_
193-12	PST092	193	193	12	anche:	anche	_	_	_	_	_	linguistic	_	none	_	End=592.88	4x1	_	_	_
194-0	PST092	194	194	0	la	la	_	_	_	_	_	linguistic	_	none	_	Begin=593.21	_	_	_	_
194-1	PST092	194	194	1	maggior	maggior	_	_	_	_	_	linguistic	_	none	_	_	_	_	_	_
194-2	PST092	194	194	2	parte	parte	_	_	_	_	_	linguistic	_	none	_	_	_	_	_	_
194-3	PST092	194	194	3	dei	dei	_	_	_	_	_	linguistic	_	none	_	_	_	_	_	_
194-4	PST092	194	194	4	vostri	vostri	_	_	_	_	_	linguistic	_	none	_	_	_	_	_	_
194-5	PST092	194	194	5	figli	figli	_	_	_	_	_	linguistic	_	none	_	_	_	_	_	_
194-6	PST092	194	194	6	gli	gli	_	_	_	_	_	linguistic	_	none	_	_	_	_	_	_
194-7	PST092	194	194	7	ultimi	ultimi	_	_	_	_	_	linguistic	_	none	_	_	_	_	_	_
194-8	PST092	194	194	8	quattro	quattro	_	_	_	_	_	linguistic	_	none	_	End=595.192	_	_	_	_
195-0	PST092	195	195	0	e:	e	_	_	_	_	_	linguistic	_	none	_	Begin=596.03	0x1	_	_	_
195-1	PST092	195	195	1	vengono:	vengono	_	_	_	_	_	linguistic	_	none	_	_	6x1	_	_	_
195-2	PST092	195	195	2	qua	qua	_	_	_	_	_	linguistic	_	none	_	_	_	_	_	_
195-3	PST092	195	195	3	con	con	_	_	_	_	_	linguistic	_	none	_	_	_	_	_	_
195-4	PST092	195	195	4	molto	molto	_	_	_	_	_	linguistic	_	none	_	_	_	_	_	_
195-5	PST092	195	195	5	piace(re)	piacere	_	_	_	_	_	linguistic	_	none	_	_	_	_	5-7(0)	_
195-6	PST092	195	195	6	cioè	cioè	_	_	_	_	_	linguistic	_	none	_	_	_	_	_	_
195-7	PST092	195	195	7	voi	voi	_	_	_	_	_	linguistic	_	none	_	_	_	_	_	_
195-8	PST092	195	195	8	siete	siete	_	_	_	_	_	linguistic	_	none	_	_	_	_	_	_
195-9	PST092	195	195	9	felici	felici	_	_	_	_	_	linguistic	_	none	_	_	_	_	_	_
195-10	PST092	195	195	10	comunuque:	comunuque	_	_	_	_	_	linguistic	_	none	_	_	8x1	_	_	_
195-11	PST092	195	195	11	che	che	_	_	_	_	_	linguistic	_	none	_	_	_	_	_	_
195-12	PST092	195	195	12	fanno:	fanno	_	_	_	_	_	linguistic	_	none	_	_	4x1	_	_	_
195-13	PST092	195	195	13	parte	parte	_	_	_	_	_	linguistic	_	none	_	_	_	_	_	_
195-14	PST092	195	195	14	delle	delle	_	_	_	_	_	linguistic	_	none	_	_	_	_	_	_
195-15	PST092	195	195	15	attività	attività	_	_	_	_	_	linguistic	_	none	_	End=600.681	_	_	_	_
196-0	PST094	196	196	0	guarda	guarda	_	_	_	_	_	linguistic	_	none	_	Begin=600.91|End=601.566	_	_	_	_
197-0	PST094	197	197	0	se	se	_	_	_	_	_	linguistic	_	none	_	Begin=601.566	_	_	_	_
197-1	PST094	197	197	1	potrei	potrei	_	_	_	_	_	linguistic	_	none	_	_	_	_	_	_
197-2	PST094	197	197	2	se	se	_	_	_	_	_	linguistic	_	none	_	_	_	_	_	_
197-3	PST094	197	197	3	avere::	avere	_	_	_	_	_	linguistic	_	none	_	_	4x2	_	_	_
197-4	PST094	197	197	4	se	se	_	_	_	_	_	linguistic	_	none	_	_	_	_	_	_
197-5	PST094	197	197	5	potrei	potrei	_	_	_	_	_	linguistic	_	none	_	_	_	_	_	_
197-6	PST094	197	197	6	avere	avere	_	_	_	_	_	linguistic	_	none	_	_	_	_	_	_
197-7	PST094	197	197	7	delle	delle	_	_	_	_	_	linguistic	_	none	_	_	_	_	_	_
197-8	PST094	197	197	8	stanze	stanze	_	_	_	_	_	linguistic	_	none	_	_	_	_	_	_
197-9	PST094	197	197	9	qua	qua	_	_	_	_	_	linguistic	_	none	_	_	_	_	_	_
197-10	PST094	197	197	10	non	non	_	_	_	_	_	linguistic	_	none	_	_	_	_	_	_
197-11	PST094	197	197	11	li	li	_	_	_	_	_	linguistic	_	none	_	_	_	_	_	_
197-12	PST094	197	197	12	lascerei	lascerei	_	_	_	_	_	linguistic	_	none	_	_	_	_	_	_
197-13	PST094	197	197	13	nemmeno	nemmeno	_	_	_	_	_	linguistic	_	none	_	_	_	_	_	_
197-14	PST094	197	197	14	[andare	andare	_	_	_	_	_	linguistic	_	none	_	_	_	_	_	0-6(?)
197-15	PST094	197	197	15	via	via	_	_	_	_	_	linguistic	_	none	_	_	_	_	_	0-3(?)
197-16	PST094	197	197	16	a	a	_	_	_	_	_	linguistic	_	none	_	_	_	_	_	0-1(?)
197-17	PST094	197	197	17	casa]	casa	_	_	_	_	_	linguistic	_	none	_	_	_	_	_	0-4(?)
197-18	PST094	197	197	18	{ride}	{ride}	_	_	_	_	_	nonverbalbehavior	_	none	_	End=606.85	_	_	_	_
198-0	PST092	198	198	0	{ride}	{ride}	_	_	_	_	_	nonverbalbehavior	_	none	_	Begin=605.52|End=606.687	_	_	_	_
199-0	PST094	199	199	0	da	da	_	_	_	_	_	linguistic	_	none	_	Begin=607.591	_	_	_	_
199-1	PST094	199	199	1	sempre	sempre	_	_	_	_	_	linguistic	_	none	_	_	_	_	_	_
199-2	PST094	199	199	2	ho	ho	_	_	_	_	_	linguistic	_	none	_	_	_	_	_	_
199-3	PST094	199	199	3	pensato	pensato	_	_	_	_	_	linguistic	_	none	_	_	_	_	_	_
199-4	PST094	199	199	4	(a)	a	_	_	_	_	_	linguistic	_	none	_	_	_	_	0-1(0)	_
199-5	PST094	199	199	5	un:	un	_	_	_	_	_	linguistic	_	none	_	_	1x1	_	_	_
199-6	PST094	199	199	6	convegno	convegno	_	_	_	_	_	linguistic	_	none	_	_	_	_	_	_
199-7	PST094	199	199	7	dove:	dove	_	_	_	_	_	linguistic	_	none	_	_	3x1	_	_	_
199-8	PST094	199	199	8	sopra	sopra	_	_	_	_	_	linguistic	_	none	_	_	_	_	_	_
199-9	PST094	199	199	9	sono	sono	_	_	_	_	_	linguistic	_	none	_	_	_	_	_	_
199-10	PST094	199	199	10	le	le	_	_	_	_	_	linguistic	_	none	_	_	_	_	_	_
199-11	PST094	199	199	11	stanze	stanze	_	_	_	_	_	linguistic	_	none	_	_	_	_	_	_
199-12	PST094	199	199	12	e	e	_	_	_	_	_	linguistic	_	none	_	_	_	_	_	_
199-13	PST094	199	199	13	sotto	sotto	_	_	_	_	_	linguistic	_	none	_	_	_	_	_	_
199-14	PST094	199	199	14	abbiamo	abbiamo	_	_	_	_	_	linguistic	_	none	_	_	_	_	_	_
199-15	PST094	199	199	15	la	la	_	_	_	_	_	linguistic	_	none	_	_	_	_	_	_
199-16	PST094	199	199	16	scuo:la	scuola	_	_	_	_	_	linguistic	_	none	_	_	3x1	_	_	_
199-17	PST094	199	199	17	abbiamo::	abbiamo	_	_	_	_	_	linguistic	_	none	_	_	6x2	_	_	_
199-18	PST094	199	199	18	le	le	_	_	_	_	_	linguistic	_	none	_	_	_	_	_	_
199-19	PST094	199	199	19	nostre	nostre	_	_	_	_	_	linguistic	_	none	_	_	_	_	_	_
199-20	PST094	199	199	20	attività:	attività	_	_	_	_	_	linguistic	_	none	_	End=617.37	7x1	_	_	_
200-0	PST094	200	200	0	e	e	_	_	_	_	_	linguistic	_	none	_	Begin=617.37	_	_	_	_
200-1	PST094	200	200	1	i:	i	_	_	_	_	_	linguistic	_	none	_	_	0x1	_	_	_
200-2	PST094	200	200	2	ragazzi	ragazzi	_	_	_	_	_	linguistic	_	none	_	_	_	_	_	_
200-3	PST094	200	200	3	vanno	vanno	_	_	_	_	_	linguistic	_	none	_	_	_	_	_	_
200-4	PST094	200	200	4	a	a	_	_	_	_	_	linguistic	_	none	_	_	_	_	_	_
200-5	PST094	200	200	5	casa	casa	_	_	_	_	_	linguistic	_	none	_	_	_	_	_	_
200-6	PST094	200	200	6	mh	mh	_	_	_	_	_	linguistic	_	none	_	_	_	_	_	_
200-7	PST094	200	200	7	solo	solo	_	_	_	_	_	linguistic	_	none	_	_	_	_	_	_
200-8	PST094	200	200	8	nel	nel	_	_	_	_	_	linguistic	_	none	_	_	_	_	_	_
200-9	PST094	200	200	9	weekend	weekend	_	_	_	_	_	linguistic	_	none	_	End=620.76	_	_	_	_
201-0	PST094	201	201	0	quando	quando	_	_	_	_	_	linguistic	_	none	_	Begin=621.008	_	_	_	_
201-1	PST094	201	201	1	non	non	_	_	_	_	_	linguistic	_	none	_	_	_	_	_	_
201-2	PST094	201	201	2	hanno:	hanno	_	_	_	_	_	linguistic	_	none	_	_	4x1	_	_	_
201-3	PST094	201	201	3	le	le	_	_	_	_	_	linguistic	_	none	_	_	_	_	_	_
201-4	PST094	201	201	4	attività	attività	_	_	_	_	_	linguistic	_	none	_	_	_	_	_	_
201-5	PST094	201	201	5	con	con	_	_	_	_	_	linguistic	_	none	_	_	_	_	_	_
201-6	PST094	201	201	6	noi	noi	_	_	_	_	_	linguistic	_	none	_	End=622.897	_	_	_	_
202-0	PST094	202	202	0	quindi	quindi	_	_	_	_	_	linguistic	_	none	_	Begin=624.629	_	_	_	_
202-1	PST094	202	202	1	sono	sono	_	_	_	_	_	linguistic	_	none	_	_	_	_	_	_
202-2	PST094	202	202	2	felicissima	felicissima	_	_	_	_	_	linguistic	_	none	_	_	_	_	_	_
202-3	PST094	202	202	3	quando	quando	_	_	_	_	_	linguistic	_	none	_	_	_	_	_	_
202-4	PST094	202	202	4	vi	vi	_	_	_	_	_	linguistic	_	none	_	_	_	_	_	_
202-5	PST094	202	202	5	vedo	vedo	_	_	_	_	_	linguistic	_	none	_	_	_	_	_	_
202-6	PST094	202	202	6	qua	qua	_	_	_	_	_	linguistic	_	none	_	End=627.288	_	_	_	_
203-0	PST203	203	203	0	posso	posso	_	_	_	_	_	linguistic	_	none	_	Begin=629.25	_	_	_	_
203-1	PST203	203	203	1	chiedere	chiedere	_	_	_	_	_	linguistic	_	none	_	_	_	_	_	_
203-2	PST203	203	203	2	una	una	_	_	_	_	_	linguistic	_	none	_	_	_	_	_	_
203-3	PST203	203	203	3	cosa	cosa	_	_	_	_	_	linguistic	_	none	_	_	_	_	_	_
203-4	PST203	203	203	4	io?	io	_	_	_	_	_	linguistic	_	none	Intonation=Rising	End=631.04	_	_	_	_
204-0	PST203	204	204	0	cioè	cioè	_	_	_	_	_	linguistic	_	none	_	Begin=631.23	_	_	_	_
204-1	PST203	204	204	1	prima	prima	_	_	_	_	_	linguistic	_	none	_	_	_	_	_	_
204-2	PST203	204	204	2	hai	hai	_	_	_	_	_	linguistic	_	none	_	_	_	_	_	_
204-3	PST203	204	204	3	detto	detto	_	_	_	_	_	linguistic	_	none	_	_	_	_	_	_
204-4	PST203	204	204	4	una	una	_	_	_	_	_	linguistic	_	none	_	_	_	_	_	_
204-5	PST203	204	204	5	cosa	cosa	_	_	_	_	_	linguistic	_	none	PauseAfter=Yes	_	_	_	_	_
204-6	PST203	204	204	6	{P}	{P}	_	_	_	_	_	shortpause	_	none	_	_	_	_	_	_
204-7	PST203	204	204	7	molto::	molto	_	_	_	_	_	linguistic	_	none	_	End=633.85	4x2	_	_	_
205-0	PST203	205	205	0	be:lla	bella	_	_	_	_	_	linguistic	_	none	_	Begin=634.71	1x1	_	_	_
205-1	PST203	205	205	1	molto	molto	_	_	_	_	_	linguistic	_	none	_	_	_	_	_	_
205-2	PST203	205	205	2	importa:nte	importante	_	_	_	_	_	linguistic	_	none	_	End=636.39	6x1	_	_	_
206-0	PST203	206	206	0	su:	su	_	_	_	_	_	linguistic	_	none	_	Begin=636.39	1x1	_	_	_
206-1	PST203	206	206	1	cioè	cioè	_	_	_	_	_	linguistic	_	none	_	_	_	_	_	_
206-2	PST203	206	206	2	sull'	sull'	_	_	_	_	_	linguistic	_	none	SpaceAfter=No	_	_	_	_	_
206-3	PST203	206	206	3	importa:nza	importanza	_	_	_	_	_	linguistic	_	none	_	_	6x1	_	_	_
206-4	PST203	206	206	4	del	del	_	_	_	_	_	linguistic	_	none	_	_	_	_	_	_
206-5	PST203	206	206	5	parlare	parlare	_	_	_	_	_	linguistic	_	none	_	_	_	_	_	_
206-6	PST203	206	206	6	rume:no	rumeno	_	_	_	_	_	linguistic	_	none	_	_	3x1	_	_	_
206-7	PST203	206	206	7	qui:	qui	_	_	_	_	_	linguistic	_	none	_	End=639.706	2x1	_	_	_
207-0	PST203	207	207	0	perché	perché	_	_	_	_	_	linguistic	_	none	_	Begin=640.35	_	_	_	_
207-1	PST203	207	207	1	insomma	insomma	_	_	_	_	_	linguistic	_	none	_	_	_	_	_	_
207-2	PST203	207	207	2	è	è	_	_	_	_	_	linguistic	_	none	_	_	_	_	_	_
207-3	PST203	207	207	3	una	una	_	_	_	_	_	linguistic	_	none	_	_	_	_	_	_
207-4	PST203	207	207	4	parte	parte	_	_	_	_	_	linguistic	_	none	_	_	_	_	_	_
207-5	PST203	207	207	5	comunque	comunque	_	_	_	_	_	linguistic	_	none	_	_	_	_	_	_
207-6	PST203	207	207	6	le	le	_	_	_	_	_	linguistic	_	none	_	_	_	_	_	_
207-7	PST203	207	207	7	canzoni	canzoni	_	_	_	_	_	linguistic	_	none	_	_	_	_	_	_
207-8	PST203	207	207	8	sono	sono	_	_	_	_	_	linguistic	_	none	_	_	_	_	_	_
207-9	PST203	207	207	9	in	in	_	_	_	_	_	linguistic	_	none	_	_	_	_	_	_
207-10	PST203	207	207	10	rume:no:	rumeno	_	_	_	_	_	linguistic	_	none	_	End=643.71	3x1,5x1	_	_	_
208-0	PST203	208	208	0	fate	fate	_	_	_	_	_	linguistic	_	none	PauseAfter=Yes	Begin=643.71	_	_	_	_
208-1	PST203	208	208	1	{P}	{P}	_	_	_	_	_	shortpause	_	none	_	_	_	_	_	_
208-2	PST203	208	208	2	riferimento	riferimento	_	_	_	_	_	linguistic	_	none	_	_	_	_	_	_
208-3	PST203	208	208	3	tanto	tanto	_	_	_	_	_	linguistic	_	none	_	_	_	_	_	_
208-4	PST203	208	208	4	alla	alla	_	_	_	_	_	linguistic	_	none	_	_	_	_	_	_
208-5	PST203	208	208	5	tradizione	tradizione	_	_	_	_	_	linguistic	_	none	_	_	_	_	_	_
208-6	PST203	208	208	6	rumena	rumena	_	_	_	_	_	linguistic	_	none	_	End=647.07	_	_	_	_
209-0	PST203	209	209	0	però	però	_	_	_	_	_	linguistic	_	none	_	Begin=647.07	_	_	_	_
209-1	PST203	209	209	1	si	si	_	_	_	_	_	linguistic	_	none	_	_	_	_	_	_
209-2	PST203	209	209	2	parla	parla	_	_	_	_	_	linguistic	_	none	_	_	_	_	_	_
209-3	PST203	209	209	3	anche	anche	_	_	_	_	_	linguistic	_	none	_	_	_	_	_	_
209-4	PST203	209	209	4	tanto	tanto	_	_	_	_	_	linguistic	_	none	_	_	_	_	_	_
209-5	PST203	209	209	5	italiano	italiano	_	_	_	_	_	linguistic	_	none	_	_	_	_	_	_
209-6	PST203	209	209	6	cioè	cioè	_	_	_	_	_	linguistic	_	none	_	End=649.15	_	_	_	_
210-0	PST203	210	210	0	comunque	comunque	_	_	_	_	_	linguistic	_	none	_	Begin=649.6	_	_	_	_
210-1	PST203	210	210	1	la	la	_	_	_	_	_	linguistic	_	none	_	_	_	_	_	_
210-2	PST203	210	210	2	maggior	maggior	_	_	_	_	_	linguistic	_	none	_	_	_	_	_	_
210-3	PST203	210	210	3	parte	parte	_	_	_	_	_	linguistic	_	none	_	_	_	_	_	_
210-4	PST203	210	210	4	delle	delle	_	_	_	_	_	linguistic	_	none	_	_	_	_	_	_
210-5	PST203	210	210	5	persone	persone	_	_	_	_	_	linguistic	_	none	_	_	_	_	_	_
210-6	PST203	210	210	6	che	che	_	_	_	_	_	linguistic	_	none	_	_	_	_	_	_
210-7	PST203	210	210	7	vengono	vengono	_	_	_	_	_	linguistic	_	none	_	_	_	_	_	_
210-8	PST203	210	210	8	qui	qui	_	_	_	_	_	linguistic	_	none	_	_	_	_	_	_
210-9	PST203	210	210	9	de:~	de~	_	_	_	_	_	linguistic	_	none	Interrupted=Yes|PauseAfter=Yes	_	1x1	_	_	_
210-10	PST203	210	210	10	{P}	{P}	_	_	_	_	_	shortpause	_	none	_	_	_	_	_	_
210-11	PST203	210	210	11	giovani	giovani	_	_	_	_	_	linguistic	_	none	_	_	_	_	_	_
210-12	PST203	210	210	12	sono	sono	_	_	_	_	_	linguistic	_	none	_	_	_	_	_	_
210-13	PST203	210	210	13	ovviamente	ovviamente	_	_	_	_	_	linguistic	_	none	_	_	_	_	_	_
210-14	PST203	210	210	14	persone	persone	_	_	_	_	_	linguistic	_	none	_	_	_	_	_	_
210-15	PST203	210	210	15	nate	nate	_	_	_	_	_	linguistic	_	none	_	_	_	_	_	_
210-16	PST203	210	210	16	qui	qui	_	_	_	_	_	linguistic	_	none	_	_	_	_	_	_
210-17	PST203	210	210	17	che	che	_	_	_	_	_	linguistic	_	none	_	_	_	_	_	_
210-18	PST203	210	210	18	sono	sono	_	_	_	_	_	linguistic	_	none	_	End=655.21	_	_	_	_
211-0	PST203	211	211	0	italo-rumene	italo-rumene	_	_	_	_	_	linguistic	_	none	_	Begin=655.37|End=656.47	_	_	_	_
212-0	PST203	212	212	0	come::	come	_	_	_	_	_	linguistic	_	none	_	Begin=656.8	3x2	_	_	_
212-1	PST203	212	212	1	come	come	_	_	_	_	_	linguistic	_	none	_	_	_	_	_	_
212-2	PST203	212	212	2	vivete	vivete	_	_	_	_	_	linguistic	_	none	_	_	_	_	_	_
212-3	PST203	212	212	3	questa	questa	_	_	_	_	_	linguistic	_	none	_	_	_	_	_	_
212-4	PST203	212	212	4	cosa	cosa	_	_	_	_	_	linguistic	_	none	_	End=658.99	_	_	_	_
213-0	PST203	213	213	0	questo	questo	_	_	_	_	_	linguistic	_	none	_	Begin=658.99	_	_	_	_
213-1	PST203	213	213	1	essere	essere	_	_	_	_	_	linguistic	_	none	_	_	_	_	_	_
213-2	PST203	213	213	2	un	un	_	_	_	_	_	linguistic	_	none	_	_	_	_	_	_
213-3	PST203	213	213	3	po'	po'	_	_	_	_	_	linguistic	_	none	_	_	_	_	_	_
213-4	PST203	213	213	4	di	di	_	_	_	_	_	linguistic	_	none	_	_	_	_	_	_
213-5	PST203	213	213	5	qua	qua	_	_	_	_	_	linguistic	_	none	_	_	_	_	_	_
213-6	PST203	213	213	6	un	un	_	_	_	_	_	linguistic	_	none	_	_	_	_	_	_
213-7	PST203	213	213	7	po'	po'	_	_	_	_	_	linguistic	_	none	_	_	_	_	_	_
213-8	PST203	213	213	8	di	di	_	_	_	_	_	linguistic	_	none	_	_	_	_	_	_
213-9	PST203	213	213	9	là	là	_	_	_	_	_	linguistic	_	none	_	End=661.257	_	_	_	_
214-0	PST094	214	214	0	e::hm	ehm	_	_	_	_	_	linguistic	_	none	_	Begin=661.4|End=662.276	0x2	_	_	_
215-0	PST094	215	215	0	guarda	guarda	_	_	_	_	_	linguistic	_	none	_	Begin=662.358	_	_	_	_
215-1	PST094	215	215	1	$sinceralmente	sinceralmente	_	_	_	_	_	linguistic	_	none	Orthography=Yes|Variation=Emerging	_	_	_	_	_
215-2	PST094	215	215	2	è	è	_	_	_	_	_	linguistic	_	none	_	_	_	_	_	_
215-3	PST094	215	215	3	una	una	_	_	_	_	_	linguistic	_	none	_	_	_	_	_	_
215-4	PST094	215	215	4	cosa	cosa	_	_	_	_	_	linguistic	_	none	_	_	_	_	_	_
215-5	PST094	215	215	5	bellissima	bellissima	_	_	_	_	_	linguistic	_	none	_	End=665.006	_	_	_	_
216-0	PST094	216	216	0	quando::	quando	_	_	_	_	_	linguistic	_	none	_	Begin=665.53	5x2	_	_	_
216-1	PST094	216	216	1	hai	hai	_	_	_	_	_	linguistic	_	none	_	_	_	_	_	_
216-2	PST094	216	216	2	qualche	qualche	_	_	_	_	_	linguistic	_	none	_	_	_	_	_	_
216-3	PST094	216	216	3	collega	collega	_	_	_	_	_	linguistic	_	none	_	_	_	_	_	_
216-4	PST094	216	216	4	italiano	italiano	_	_	_	_	_	linguistic	_	none	_	_	_	_	_	_
216-5	PST094	216	216	5	dava:nti:	davanti	_	_	_	_	_	linguistic	_	none	_	End=668.94	3x1,6x1	_	_	_
217-0	PST094	217	217	0	ti::	ti	_	_	_	_	_	linguistic	_	none	_	Begin=669.31	1x2	_	_	_
217-1	PST094	217	217	1	svegli	svegli	_	_	_	_	_	linguistic	_	none	_	_	_	_	_	_
217-2	PST094	217	217	2	che	che	_	_	_	_	_	linguistic	_	none	_	_	_	_	_	_
217-3	PST094	217	217	3	stai	stai	_	_	_	_	_	linguistic	_	none	_	_	_	_	_	_
217-4	PST094	217	217	4	parlando	parlando	_	_	_	_	_	linguistic	_	none	_	_	_	_	_	_
217-5	PST094	217	217	5	rumeno	rumeno	_	_	_	_	_	linguistic	_	none	_	_	_	_	_	_
217-6	PST094	217	217	6	{ride}	{ride}	_	_	_	_	_	nonverbalbehavior	_	none	_	End=672.01	_	_	_	_
218-0	PST094	218	218	0	{ride}	{ride}	_	_	_	_	_	nonverbalbehavior	_	none	_	Begin=672.04	_	_	_	_
218-1	PST094	218	218	1	ti	ti	_	_	_	_	_	linguistic	_	none	_	_	_	_	_	_
218-2	PST094	218	218	2	trovi	trovi	_	_	_	_	_	linguistic	_	none	_	_	_	_	_	_
218-3	PST094	218	218	3	lì	lì	_	_	_	_	_	linguistic	_	none	_	End=674.033	_	_	_	_
219-0	PST094	219	219	0	e	e	_	_	_	_	_	linguistic	_	none	_	Begin=674.092	_	_	_	_
219-1	PST094	219	219	1	questo	questo	_	_	_	_	_	linguistic	_	none	_	_	_	_	_	_
219-2	PST094	219	219	2	è	è	_	_	_	_	_	linguistic	_	none	_	_	_	_	_	_
219-3	PST094	219	219	3	bellissimo	bellissimo	_	_	_	_	_	linguistic	_	none	_	_	_	_	_	_
219-4	PST094	219	219	4	>(anche	anche	_	_	_	_	_	linguistic	_	none	_	_	_	Fast=0-5(0)	0-5(0)	_
219-5	PST094	219	219	5	ti	ti	_	_	_	_	_	linguistic	_	none	_	_	_	Fast=0-2(0)	0-2(0)	_
219-6	PST094	219	219	6	guarda	guarda	_	_	_	_	_	linguistic	_	none	_	_	_	Fast=0-6(0)	0-6(0)	_
219-7	PST094	219	219	7	e	e	_	_	_	_	_	linguistic	_	none	_	_	_	Fast=0-1(0)	0-1(0)	_
219-8	PST094	219	219	8	di~)<	di~	_	_	_	_	_	linguistic	_	none	Interrupted=Yes	_	_	Fast=0-3(0)	0-3(0)	_
219-9	PST094	219	219	9	ma	ma	_	_	_	_	_	linguistic	_	none	_	_	_	_	_	_
219-10	PST094	219	219	10	ma	ma	_	_	_	_	_	linguistic	_	none	_	End=676.936	_	_	_	_
220-0	PST094	220	220	0	e	e	_	_	_	_	_	linguistic	_	none	_	Begin=677.24	_	_	_	_
220-1	PST094	220	220	1	tu	tu	_	_	_	_	_	linguistic	_	none	_	_	_	_	_	_
220-2	PST094	220	220	2	ti	ti	_	_	_	_	_	linguistic	_	none	_	_	_	_	_	_
220-3	PST094	220	220	3	rendi	rendi	_	_	_	_	_	linguistic	_	none	_	_	_	_	_	_
220-4	PST094	220	220	4	conto	conto	_	_	_	_	_	linguistic	_	none	_	_	_	_	_	_
220-5	PST094	220	220	5	ups	ups	_	_	_	_	_	linguistic	_	none	_	End=678.64	_	_	_	_
221-0	PST094	221	221	0	ho	ho	_	_	_	_	_	linguistic	_	none	_	Begin=678.95	_	_	_	_
221-1	PST094	221	221	1	utilizzato	utilizzato	_	_	_	_	_	linguistic	_	none	_	_	_	_	_	_
221-2	PST094	221	221	2	un'	un'	_	_	_	_	_	linguistic	_	none	SpaceAfter=No	_	_	_	_	_
221-3	PST094	221	221	3	altra	altra	_	_	_	_	_	linguistic	_	none	_	_	_	_	_	_
221-4	PST094	221	221	4	lingua	lingua	_	_	_	_	_	linguistic	_	none	_	End=680.62	_	_	_	_
222-0	PST094	222	222	0	ehm::	ehm	_	_	_	_	_	linguistic	_	none	_	Begin=681.137|End=682.246	2x2	_	_	_
223-0	PST094	223	223	0	però::	però	_	_	_	_	_	linguistic	_	none	_	Begin=682.27|End=683.39	3x2	_	_	_
224-0	PST094	224	224	0	<io	io	_	_	_	_	_	linguistic	_	none	_	Begin=683.412	_	Slow=0-2(0)	_	_
224-1	PST094	224	224	1	come>	come	_	_	_	_	_	linguistic	_	none	_	_	_	Slow=0-4(0)	_	_
224-2	PST094	224	224	2	i~	i~	_	_	_	_	_	linguistic	_	none	Interrupted=Yes	_	_	_	_	_
224-3	PST094	224	224	3	m:h	mh	_	_	_	_	_	linguistic	_	none	_	End=685.16	0x1	_	_	_
225-0	PST094	225	225	0	$sinceralmente	sinceralmente	_	_	_	_	_	linguistic	_	none	Orthography=Yes|Variation=Emerging	Begin=685.631	_	_	_	_
225-1	PST094	225	225	1	non:	non	_	_	_	_	_	linguistic	_	none	_	_	2x1	_	_	_
225-2	PST094	225	225	2	non	non	_	_	_	_	_	linguistic	_	none	_	_	_	_	_	_
225-3	PST094	225	225	3	la	la	_	_	_	_	_	linguistic	_	none	_	_	_	_	_	_
225-4	PST094	225	225	4	trovo	trovo	_	_	_	_	_	linguistic	_	none	_	_	_	_	_	_
225-5	PST094	225	225	5	una	una	_	_	_	_	_	linguistic	_	none	_	_	_	_	_	_
225-6	PST094	225	225	6	cosa:	cosa	_	_	_	_	_	linguistic	_	none	_	_	3x1	_	_	_
225-7	PST094	225	225	7	snaturata	snaturata	_	_	_	_	_	linguistic	_	none	_	End=689.527	_	_	_	_
226-0	PST094	226	226	0	è	è	_	_	_	_	_	linguistic	_	none	_	Begin=689.527	_	_	_	_
226-1	PST094	226	226	1	una	una	_	_	_	_	_	linguistic	_	none	_	_	_	_	_	_
226-2	PST094	226	226	2	cosa	cosa	_	_	_	_	_	linguistic	_	none	_	_	_	_	_	_
226-3	PST094	226	226	3	normale,	normale	_	_	_	_	_	linguistic	_	none	Intonation=WeaklyRising	End=691.124	_	_	_	_
227-0	PST094	227	227	0	e::::	e	_	_	_	_	_	linguistic	_	none	_	Begin=691.43|End=692.76	0x4	_	_	_
228-0	PST094	228	228	0	è	è	_	_	_	_	_	linguistic	_	none	_	Begin=692.76	_	_	_	_
228-1	PST094	228	228	1	una	una	_	_	_	_	_	linguistic	_	none	_	_	_	_	_	_
228-2	PST094	228	228	2	cosa	cosa	_	_	_	_	_	linguistic	_	none	_	_	_	_	_	_
228-3	PST094	228	228	3	bellissima	bellissima	_	_	_	_	_	linguistic	_	none	_	_	_	_	_	_
228-4	PST094	228	228	4	perché	perché	_	_	_	_	_	linguistic	_	none	_	_	_	_	_	_
228-5	PST094	228	228	5	sei	sei	_	_	_	_	_	linguistic	_	none	_	_	_	_	_	_
228-6	PST094	228	228	6	più	più	_	_	_	_	_	linguistic	_	none	_	_	_	_	_	_
228-7	PST094	228	228	7	ricco,	ricco	_	_	_	_	_	linguistic	_	none	Intonation=WeaklyRising	End=695.622	_	_	_	_
229-0	PST094	229	229	0	e::::hm	ehm	_	_	_	_	_	linguistic	_	none	_	Begin=695.695|End=697.032	0x4	_	_	_
230-0	PST094	230	230	0	poi	poi	_	_	_	_	_	linguistic	_	none	_	Begin=697.25	_	_	_	_
230-1	PST094	230	230	1	la	la	_	_	_	_	_	linguistic	_	none	_	_	_	_	_	_
230-2	PST094	230	230	2	cosa	cosa	_	_	_	_	_	linguistic	_	none	_	_	_	_	_	_
230-3	PST094	230	230	3	che	che	_	_	_	_	_	linguistic	_	none	_	_	_	_	_	_
230-4	PST094	230	230	4	tu	tu	_	_	_	_	_	linguistic	_	none	_	_	_	_	_	_
230-5	PST094	230	230	5	riesci	riesci	_	_	_	_	_	linguistic	_	none	PauseAfter=Yes	_	_	_	_	_
230-6	PST094	230	230	6	{P}	{P}	_	_	_	_	_	shortpause	_	none	_	_	_	_	_	_
230-7	PST094	230	230	7	a:::	a	_	_	_	_	_	linguistic	_	none	_	End=700.649	0x3	_	_	_
231-0	PST094	231	231	0	insegnare	insegnare	_	_	_	_	_	linguistic	_	none	_	Begin=700.649	_	_	_	_
231-1	PST094	231	231	1	una	una	_	_	_	_	_	linguistic	_	none	_	_	_	_	_	_
231-2	PST094	231	231	2	lingua	lingua	_	_	_	_	_	linguistic	_	none	_	End=702.02	_	_	_	_
232-0	PST094	232	232	0	per	per	_	_	_	_	_	linguistic	_	none	_	Begin=702.5	_	_	_	_
232-1	PST094	232	232	1	comparazione	comparazione	_	_	_	_	_	linguistic	_	none	_	End=703.975	_	_	_	_
233-0	PST094	233	233	0	è	è	_	_	_	_	_	linguistic	_	none	_	Begin=704.422	_	_	_	_
233-1	PST094	233	233	1	bellissimo	bellissimo	_	_	_	_	_	linguistic	_	none	_	End=705.292	_	_	_	_
234-0	PST094	234	234	0	questa:	questa	_	_	_	_	_	linguistic	_	none	_	Begin=705.313	5x1	_	_	_
234-1	PST094	234	234	1	io	io	_	_	_	_	_	linguistic	_	none	_	_	_	_	_	_
234-2	PST094	234	234	2	la	la	_	_	_	_	_	linguistic	_	none	_	_	_	_	_	_
234-3	PST094	234	234	3	trovo:	trovo	_	_	_	_	_	linguistic	_	none	_	_	4x1	_	_	_
234-4	PST094	234	234	4	veramente	veramente	_	_	_	_	_	linguistic	_	none	_	_	_	_	_	_
234-5	PST094	234	234	5	bello.	bello	_	_	_	_	_	linguistic	_	none	Intonation=Falling	End=708.67	_	_	_	_
235-0	PST094	235	235	0	poi::	poi	_	_	_	_	_	linguistic	_	none	_	Begin=709.3|End=710.423	2x2	_	_	_
236-0	PST094	236	236	0	mh	mh	_	_	_	_	_	linguistic	_	none	_	Begin=710.486	_	_	_	_
236-1	PST094	236	236	1	anche	anche	_	_	_	_	_	linguistic	_	none	_	_	_	_	_	_
236-2	PST094	236	236	2	nei	nei	_	_	_	_	_	linguistic	_	none	_	_	_	_	_	_
236-3	PST094	236	236	3	balli	balli	_	_	_	_	_	linguistic	_	none	_	End=712.04	_	_	_	_
237-0	PST094	237	237	0	sai	sai	_	_	_	_	_	linguistic	_	none	_	Begin=712.04	_	_	_	_
237-1	PST094	237	237	1	che	che	_	_	_	_	_	linguistic	_	none	_	_	_	_	_	_
237-2	PST094	237	237	2	pensavo	pensavo	_	_	_	_	_	linguistic	_	none	_	_	_	_	_	_
237-3	PST094	237	237	3	dico	dico	_	_	_	_	_	linguistic	_	none	_	_	_	_	_	_
237-4	PST094	237	237	4	ma	ma	_	_	_	_	_	linguistic	_	none	_	_	_	_	_	_
237-5	PST094	237	237	5	sì	sì	_	_	_	_	_	linguistic	_	none	_	_	_	_	_	_
237-6	PST094	237	237	6	i:o	io	_	_	_	_	_	linguistic	_	none	_	_	0x1	_	_	_
237-7	PST094	237	237	7	tutti	tutti	_	_	_	_	_	linguistic	_	none	_	_	_	_	_	_
237-8	PST094	237	237	8	i	i	_	_	_	_	_	linguistic	_	none	_	_	_	_	_	_
237-9	PST094	237	237	9	strilli	strilli	_	_	_	_	_	linguistic	_	none	_	_	_	_	_	_
237-10	PST094	237	237	10	li	li	_	_	_	_	_	linguistic	_	none	_	_	_	_	_	_
237-11	PST094	237	237	11	faccio	faccio	_	_	_	_	_	linguistic	_	none	_	_	_	_	_	_
237-12	PST094	237	237	12	in	in	_	_	_	_	_	linguistic	_	none	_	_	_	_	_	_
237-13	PST094	237	237	13	lingua	lingua	_	_	_	_	_	linguistic	_	none	_	_	_	_	_	_
237-14	PST094	237	237	14	italiana	italiana	_	_	_	_	_	linguistic	_	none	_	End=716.82	_	_	_	_
238-0	PST094	238	238	0	così	così	_	_	_	_	_	linguistic	_	none	_	Begin=716.82	_	_	_	_
238-1	PST094	238	238	1	capiscono	capiscono	_	_	_	_	_	linguistic	_	none	_	_	_	_	_	_
238-2	PST094	238	238	2	anche	anche	_	_	_	_	_	linguistic	_	none	_	_	_	_	_	_
238-3	PST094	238	238	3	italiani	italiani	_	_	_	_	_	linguistic	_	none	_	End=718.898	_	_	_	_
239-0	PST094	239	239	0	vabbè	vabbè	_	_	_	_	_	linguistic	_	none	_	Begin=718.898	_	_	_	_
239-1	PST094	239	239	1	che:	che	_	_	_	_	_	linguistic	_	none	_	_	2x1	_	_	_
239-2	PST094	239	239	2	c'	c'	_	_	_	_	_	linguistic	_	none	SpaceAfter=No	_	_	_	_	_
239-3	PST094	239	239	3	è	è	_	_	_	_	_	linguistic	_	none	_	_	_	_	_	_
239-4	PST094	239	239	4	qualcuno	qualcuno	_	_	_	_	_	linguistic	_	none	_	_	_	_	_	_
239-5	PST094	239	239	5	che	che	_	_	_	_	_	linguistic	_	none	_	_	_	_	_	_
239-6	PST094	239	239	6	mi	mi	_	_	_	_	_	linguistic	_	none	_	_	_	_	_	_
239-7	PST094	239	239	7	ha	ha	_	_	_	_	_	linguistic	_	none	_	_	_	_	_	_
239-8	PST094	239	239	8	ferma:to	fermato	_	_	_	_	_	linguistic	_	none	_	_	4x1	_	_	_
239-9	PST094	239	239	9	no	no	_	_	_	_	_	linguistic	_	none	_	_	_	_	_	_
239-10	PST094	239	239	10	dicendo	dicendo	_	_	_	_	_	linguistic	_	none	_	_	_	_	_	_
239-11	PST094	239	239	11	no	no	_	_	_	_	_	linguistic	_	none	_	_	_	_	_	_
239-12	PST094	239	239	12	no	no	_	_	_	_	_	linguistic	_	none	_	_	_	_	_	_
239-13	PST094	239	239	13	stop	stop	_	_	_	_	_	linguistic	_	none	_	End=722.494	_	_	_	_
240-0	PST094	240	240	0	stop	stop	_	_	_	_	_	linguistic	_	none	_	Begin=722.494	_	_	_	_
240-1	PST094	240	240	1	stop	stop	_	_	_	_	_	linguistic	_	none	_	End=723.54	_	_	_	_
241-0	PST203	241	241	0	non	non	_	_	_	_	_	linguistic	_	none	_	Begin=723.54	_	_	_	_
241-1	PST203	241	241	1	[si	si	_	_	_	_	_	linguistic	_	none	_	_	_	_	_	0-2(11)
241-2	PST203	241	241	2	può	può	_	_	_	_	_	linguistic	_	none	_	_	_	_	_	0-3(11)
241-3	PST203	241	241	3	perché	perché	_	_	_	_	_	linguistic	_	none	_	_	_	_	_	0-6(11)
241-4	PST203	241	241	4	non	non	_	_	_	_	_	linguistic	_	none	_	_	_	_	_	0-3(11)
241-5	PST203	241	241	5	si	si	_	_	_	_	_	linguistic	_	none	_	_	_	_	_	0-2(11)
241-6	PST203	241	241	6	può]?	può	_	_	_	_	_	linguistic	_	none	Intonation=Rising	End=725.37	_	_	_	0-3(11)
242-0	PST094	242	242	0	[poi	poi	_	_	_	_	_	linguistic	_	none	_	Begin=723.8	_	_	_	0-3(11)
242-1	PST094	242	242	1	dico:	dico	_	_	_	_	_	linguistic	_	none	_	_	3x1	_	_	0-4(11)
242-2	PST094	242	242	2	mmh	mmh	_	_	_	_	_	linguistic	_	none	_	_	_	_	_	0-3(11)
242-3	PST094	242	242	3	per]ché	perché	_	_	_	_	_	linguistic	_	none	_	_	_	_	_	0-3(11)
242-4	PST094	242	242	4	non	non	_	_	_	_	_	linguistic	_	none	_	_	_	_	_	_
242-5	PST094	242	242	5	si	si	_	_	_	_	_	linguistic	_	none	_	_	_	_	_	_
242-6	PST094	242	242	6	può	può	_	_	_	_	_	linguistic	_	none	_	_	_	_	_	_
242-7	PST094	242	242	7	{ridendo}	{ridendo}	_	_	_	_	_	nonverbalbehavior	_	none	_	End=726.55	_	_	_	_
243-0	PST094	243	243	0	ma	ma	_	_	_	_	_	linguistic	_	none	_	Begin=727.09	_	_	_	_
243-1	PST094	243	243	1	io:	io	_	_	_	_	_	linguistic	_	none	_	_	1x1	_	_	_
243-2	PST094	243	243	2	ho	ho	_	_	_	_	_	linguistic	_	none	_	_	_	_	_	_
243-3	PST094	243	243	3	fatto	fatto	_	_	_	_	_	linguistic	_	none	_	_	_	_	_	_
243-4	PST094	243	243	4	anche	anche	_	_	_	_	_	linguistic	_	none	_	_	_	_	_	_
243-5	PST094	243	243	5	il	il	_	_	_	_	_	linguistic	_	none	_	_	_	_	_	_
243-6	PST094	243	243	6	teatro	teatro	_	_	_	_	_	linguistic	_	none	_	_	_	_	_	_
243-7	PST094	243	243	7	anche	anche	_	_	_	_	_	linguistic	_	none	_	_	_	_	_	_
243-8	PST094	243	243	8	qualche	qualche	_	_	_	_	_	linguistic	_	none	_	_	_	_	_	_
243-9	PST094	243	243	9	scenetta	scenetta	_	_	_	_	_	linguistic	_	none	_	End=731.36	_	_	_	_
244-0	PST094	244	244	0	in	in	_	_	_	_	_	linguistic	_	none	_	Begin=731.58	_	_	_	_
244-1	PST094	244	244	1	doppia	doppia	_	_	_	_	_	linguistic	_	none	_	_	_	_	_	_
244-2	PST094	244	244	2	li:ngua	lingua	_	_	_	_	_	linguistic	_	none	_	_	1x1	_	_	_
244-3	PST094	244	244	3	no	no	_	_	_	_	_	linguistic	_	none	_	_	_	_	_	_
244-4	PST094	244	244	4	perché	perché	_	_	_	_	_	linguistic	_	none	_	_	_	_	_	_
244-5	PST094	244	244	5	i	i	_	_	_	_	_	linguistic	_	none	_	_	_	_	_	_
244-6	PST094	244	244	6	rumeni	rumeni	_	_	_	_	_	linguistic	_	none	_	End=733.84	_	_	_	_
245-0	PST094	245	245	0	a	a	_	_	_	_	_	linguistic	_	none	_	Begin=733.84	_	_	_	_
245-1	PST094	245	245	1	un	un	_	_	_	_	_	linguistic	_	none	_	_	_	_	_	_
245-2	PST094	245	245	2	certo	certo	_	_	_	_	_	linguistic	_	none	_	_	_	_	_	_
245-3	PST094	245	245	3	punto	punto	_	_	_	_	_	linguistic	_	none	_	_	_	_	_	_
245-4	PST094	245	245	4	parlano	parlano	_	_	_	_	_	linguistic	_	none	_	_	_	_	_	_
245-5	PST094	245	245	5	parlano	parlano	_	_	_	_	_	linguistic	_	none	_	_	_	_	_	_
245-6	PST094	245	245	6	parlano	parlano	_	_	_	_	_	linguistic	_	none	_	_	_	_	_	_
245-7	PST094	245	245	7	italiano	italiano	_	_	_	_	_	linguistic	_	none	_	End=736.83	_	_	_	_
246-0	PST094	246	246	0	e	e	_	_	_	_	_	linguistic	_	none	_	Begin=736.83	_	_	_	_
246-1	PST094	246	246	1	poi	poi	_	_	_	_	_	linguistic	_	none	_	_	_	_	_	_
246-2	PST094	246	246	2	ti	ti	_	_	_	_	_	linguistic	_	none	_	_	_	_	_	_
246-3	PST094	246	246	3	buttano	buttano	_	_	_	_	_	linguistic	_	none	_	_	_	_	_	_
246-4	PST094	246	246	4	due	due	_	_	_	_	_	linguistic	_	none	_	_	_	_	_	_
246-5	PST094	246	246	5	parole	parole	_	_	_	_	_	linguistic	_	none	_	_	_	_	_	_
246-6	PST094	246	246	6	in	in	_	_	_	_	_	linguistic	_	none	_	_	_	_	_	_
246-7	PST094	246	246	7	rumeno	rumeno	_	_	_	_	_	linguistic	_	none	_	End=739.221	_	_	_	_
247-0	PST094	247	247	0	o	o	_	_	_	_	_	linguistic	_	none	_	Begin=739.4	_	_	_	_
247-1	PST094	247	247	1	a	a	_	_	_	_	_	linguistic	_	none	_	_	_	_	_	_
247-2	PST094	247	247	2	contrario	contrario	_	_	_	_	_	linguistic	_	none	_	_	_	_	_	_
247-3	PST094	247	247	3	parlano	parlano	_	_	_	_	_	linguistic	_	none	_	_	_	_	_	_
247-4	PST094	247	247	4	in	in	_	_	_	_	_	linguistic	_	none	_	_	_	_	_	_
247-5	PST094	247	247	5	rumeno	rumeno	_	_	_	_	_	linguistic	_	none	_	_	_	_	_	_
247-6	PST094	247	247	6	e	e	_	_	_	_	_	linguistic	_	none	_	_	_	_	_	_
247-7	PST094	247	247	7	ti	ti	_	_	_	_	_	linguistic	_	none	_	_	_	_	_	_
247-8	PST094	247	247	8	bu:tta	butta	_	_	_	_	_	linguistic	_	none	_	_	1x1	_	_	_
247-9	PST094	247	247	9	qualche	qualche	_	_	_	_	_	linguistic	_	none	_	_	_	_	_	_
247-10	PST094	247	247	10	parola	parola	_	_	_	_	_	linguistic	_	none	_	_	_	_	_	_
247-11	PST094	247	247	11	in	in	_	_	_	_	_	linguistic	_	none	_	_	_	_	_	_
247-12	PST094	247	247	12	italiano	italiano	_	_	_	_	_	linguistic	_	none	_	End=743.12	_	_	_	_
248-0	PST094	248	248	0	e	e	_	_	_	_	_	linguistic	_	none	_	Begin=743.31	_	_	_	_
248-1	PST094	248	248	1	quella	quella	_	_	_	_	_	linguistic	_	none	_	_	_	_	_	_
248-2	PST094	248	248	2	a	a	_	_	_	_	_	linguistic	_	none	_	_	_	_	_	_
248-3	PST094	248	248	3	me	me	_	_	_	_	_	linguistic	_	none	_	_	_	_	_	_
248-4	PST094	248	248	4	in:	in	_	_	_	_	_	linguistic	_	none	_	End=744.72	1x1	_	_	_
249-0	PST094	249	249	0	mi	mi	_	_	_	_	_	linguistic	_	none	_	Begin=745.073	_	_	_	_
249-1	PST094	249	249	1	è	è	_	_	_	_	_	linguistic	_	none	_	_	_	_	_	_
249-2	PST094	249	249	2	piaciuto	piaciuto	_	_	_	_	_	linguistic	_	none	_	_	_	_	_	_
249-3	PST094	249	249	3	mi	mi	_	_	_	_	_	linguistic	_	none	_	_	_	_	_	_
249-4	PST094	249	249	4	è	è	_	_	_	_	_	linguistic	_	none	_	_	_	_	_	_
249-5	PST094	249	249	5	piaciuta	piaciuta	_	_	_	_	_	linguistic	_	none	_	_	_	_	_	_
249-6	PST094	249	249	6	quella	quella	_	_	_	_	_	linguistic	_	none	_	_	_	_	_	_
249-7	PST094	249	249	7	cosa	cosa	_	_	_	_	_	linguistic	_	none	_	End=747.067	_	_	_	_
250-0	PST094	250	250	0	e	e	_	_	_	_	_	linguistic	_	some	_	Begin=747.088	_	_	_	_
250-1	PST094	250	250	1	io	io	_	_	_	_	_	linguistic	_	some	_	_	_	_	_	_
250-2	PST094	250	250	2	l'	l'	_	_	_	_	_	linguistic	_	some	SpaceAfter=No	_	_	_	_	_
250-3	PST094	250	250	3	ho	ho	_	_	_	_	_	linguistic	_	some	_	_	_	_	_	_
250-4	PST094	250	250	4	fatta:	fatta	_	_	_	_	_	linguistic	_	some	_	_	4x1	_	_	_
250-5	PST094	250	250	5	una	una	_	_	_	_	_	linguistic	_	some	_	_	_	_	_	_
250-6	PST094	250	250	6	#piesă	piesă	_	_	_	_	_	linguistic	_	some	Language=NO_ISO_CODE|Variation=Token	_	_	_	_	_
250-7	PST094	250	250	7	di	di	_	_	_	_	_	linguistic	_	some	_	_	_	_	_	_
250-8	PST094	250	250	8	teatro	teatro	_	_	_	_	_	linguistic	_	some	_	_	_	_	_	_
250-9	PST094	250	250	9	che	che	_	_	_	_	_	linguistic	_	some	_	_	_	_	_	_
250-10	PST094	250	250	10	si	si	_	_	_	_	_	linguistic	_	some	_	_	_	_	_	_
250-11	PST094	250	250	11	chiamava	chiamava	_	_	_	_	_	linguistic	_	some	_	_	_	_	_	_
250-12	PST094	250	250	12	in	in	_	_	_	_	_	linguistic	_	some	_	_	_	_	_	_
250-13	PST094	250	250	13	$r:omaliano	romaliano	_	_	_	_	_	linguistic	_	some	Orthography=Yes|Variation=Emerging	End=751.292	0x1	_	_	_
252-0	PST094	252	252	0	{ride}	{ride}	_	_	_	_	_	nonverbalbehavior	_	none	_	Begin=751.675|End=753.35	_	_	_	_
253-0	PST094	253	253	0	però::	però	_	_	_	_	_	linguistic	_	none	_	Begin=753.35	3x2	_	_	_
253-1	PST094	253	253	1	$romeliano	romeliano	_	_	_	_	_	linguistic	_	none	Orthography=Yes|Variation=Emerging	_	_	_	_	_
253-2	PST094	253	253	2	no	no	_	_	_	_	_	linguistic	_	none	PauseAfter=Yes	_	_	_	_	_
253-3	PST094	253	253	3	{P}	{P}	_	_	_	_	_	shortpause	_	none	_	_	_	_	_	_
253-4	PST094	253	253	4	$romeliano	romeliano	_	_	_	_	_	linguistic	_	none	Orthography=Yes|Variation=Emerging	End=756.0	_	_	_	_
254-0	PST094	254	254	0	però::	però	_	_	_	_	_	linguistic	_	none	_	Begin=756.6|End=757.83	3x2	_	_	_
255-0	PST094	255	255	0	dai	dai	_	_	_	_	_	linguistic	_	none	_	Begin=758.23	_	_	_	_
255-1	PST094	255	255	1	le	le	_	_	_	_	_	linguistic	_	none	_	_	_	_	_	_
255-2	PST094	255	255	2	pareri	pareri	_	_	_	_	_	linguistic	_	none	_	_	_	_	_	_
255-3	PST094	255	255	3	sono:::	sono	_	_	_	_	_	linguistic	_	none	_	_	3x3	_	_	_
255-4	PST094	255	255	4	anche	anche	_	_	_	_	_	linguistic	_	none	_	_	_	_	_	_
255-5	PST094	255	255	5	divise	divise	_	_	_	_	_	linguistic	_	none	_	End=761.441	_	_	_	_
256-0	PST094	256	256	0	e:hm:	ehm	_	_	_	_	_	linguistic	_	none	_	Begin=761.895|End=763.098	0x1,2x1	_	_	_
257-0	PST094	257	257	0	è	è	_	_	_	_	_	linguistic	_	none	_	Begin=763.921	_	_	_	_
257-1	PST094	257	257	1	vero	vero	_	_	_	_	_	linguistic	_	none	_	_	_	_	_	_
257-2	PST094	257	257	2	che	che	_	_	_	_	_	linguistic	_	none	_	_	_	_	_	_
257-3	PST094	257	257	3	s:e	se	_	_	_	_	_	linguistic	_	none	_	_	0x1	_	_	_
257-4	PST094	257	257	4	vuoi	vuoi	_	_	_	_	_	linguistic	_	none	_	_	_	_	_	_
257-5	PST094	257	257	5	mantenere	mantenere	_	_	_	_	_	linguistic	_	none	_	_	_	_	_	_
257-6	PST094	257	257	6	una	una	_	_	_	_	_	linguistic	_	none	_	_	_	_	_	_
257-7	PST094	257	257	7	lingua	lingua	_	_	_	_	_	linguistic	_	none	_	End=766.73	_	_	_	_
258-0	PST094	258	258	0	allora	allora	_	_	_	_	_	linguistic	_	none	_	Begin=767.024	_	_	_	_
258-1	PST094	258	258	1	la	la	_	_	_	_	_	linguistic	_	none	_	_	_	_	_	_
258-2	PST094	258	258	2	mantieni	mantieni	_	_	_	_	_	linguistic	_	none	_	_	_	_	_	_
258-3	PST094	258	258	3	e	e	_	_	_	_	_	linguistic	_	none	_	_	_	_	_	_
258-4	PST094	258	258	4	la	la	_	_	_	_	_	linguistic	_	none	_	_	_	_	_	_
258-5	PST094	258	258	5	parli	parli	_	_	_	_	_	linguistic	_	none	_	_	_	_	_	_
258-6	PST094	258	258	6	come	come	_	_	_	_	_	linguistic	_	none	_	_	_	_	_	_
258-7	PST094	258	258	7	si	si	_	_	_	_	_	linguistic	_	none	_	_	_	_	_	_
258-8	PST094	258	258	8	deve	deve	_	_	_	_	_	linguistic	_	none	_	End=769.817	_	_	_	_
259-0	PST094	259	259	0	senza	senza	_	_	_	_	_	linguistic	_	none	_	Begin=769.866	_	_	_	_
259-1	PST094	259	259	1	mischiare	mischiare	_	_	_	_	_	linguistic	_	none	_	_	_	_	_	_
259-2	PST094	259	259	2	le	le	_	_	_	_	_	linguistic	_	none	_	_	_	_	_	_
259-3	PST094	259	259	3	parole,	parole	_	_	_	_	_	linguistic	_	none	Intonation=WeaklyRising	End=772.226	_	_	_	_
260-0	PST094	260	260	0	però	però	_	_	_	_	_	linguistic	_	none	_	Begin=772.52	_	_	_	_
260-1	PST094	260	260	1	per	per	_	_	_	_	_	linguistic	_	none	_	_	_	_	_	_
260-2	PST094	260	260	2	divertimento	divertimento	_	_	_	_	_	linguistic	_	none	_	_	_	_	_	_
260-3	PST094	260	260	3	è	è	_	_	_	_	_	linguistic	_	none	_	_	_	_	_	_
260-4	PST094	260	260	4	anche	anche	_	_	_	_	_	linguistic	_	none	_	_	_	_	_	_
260-5	PST094	260	260	5	bello	bello	_	_	_	_	_	linguistic	_	none	_	End=774.42	_	_	_	_
261-0	PST094	261	261	0	a	a	_	_	_	_	_	linguistic	_	none	_	Begin=774.42	_	_	_	_
261-1	PST094	261	261	1	un	un	_	_	_	_	_	linguistic	_	none	_	_	_	_	_	_
261-2	PST094	261	261	2	certo	certo	_	_	_	_	_	linguistic	_	none	_	_	_	_	_	_
261-3	PST094	261	261	3	punto	punto	_	_	_	_	_	linguistic	_	none	_	_	_	_	_	_
261-4	PST094	261	261	4	avevamo	avevamo	_	_	_	_	_	linguistic	_	none	_	_	_	_	_	_
261-5	PST094	261	261	5	anche	anche	_	_	_	_	_	linguistic	_	none	_	_	_	_	_	_
261-6	PST094	261	261	6	un	un	_	_	_	_	_	linguistic	_	none	_	_	_	_	_	_
261-7	PST094	261	261	7	quaderno	quaderno	_	_	_	_	_	linguistic	_	none	_	_	_	_	_	_
261-8	PST094	261	261	8	di	di	_	_	_	_	_	linguistic	_	none	_	_	_	_	_	_
261-9	PST094	261	261	9	$neologisme	neologisme	_	_	_	_	_	linguistic	_	none	Orthography=Yes|Variation=Emerging	End=777.87	_	_	_	_
262-0	PST094	262	262	0	per~	per~	_	_	_	_	_	linguistic	_	none	Interrupted=Yes	Begin=778.18	_	_	_	_
262-1	PST094	262	262	1	{scoppia_a_ridere}	{scoppia_a_ridere}	_	_	_	_	_	nonverbalbehavior	_	none	_	End=779.565	_	_	_	_
263-0	PST094	263	263	0	{ridendo}	{ridendo}	_	_	_	_	_	nonverbalbehavior	_	none	_	Begin=780.12	_	_	_	_
263-1	PST094	263	263	1	quando	quando	_	_	_	_	_	linguistic	_	none	_	_	_	_	_	_
263-2	PST094	263	263	2	facevamo	facevamo	_	_	_	_	_	linguistic	_	none	_	_	_	_	_	_
263-3	PST094	263	263	3	(in)	in	_	_	_	_	_	linguistic	_	none	_	_	_	_	0-2(0)	_
263-4	PST094	263	263	4	lingua	lingua	_	_	_	_	_	linguistic	_	none	_	_	_	_	_	_
263-5	PST094	263	263	5	romena	romena	_	_	_	_	_	linguistic	_	none	_	_	_	_	_	_
263-6	PST094	263	263	6	con	con	_	_	_	_	_	linguistic	_	none	_	_	_	_	_	_
263-7	PST094	263	263	7	i	i	_	_	_	_	_	linguistic	_	none	_	_	_	_	_	_
263-8	PST094	263	263	8	raga:zzi,	ragazzi	_	_	_	_	_	linguistic	_	none	Intonation=WeaklyRising	End=783.123	3x1	_	_	_
264-0	PST094	264	264	0	gli	gli	_	_	_	_	_	linguistic	_	none	_	Begin=784.12	_	_	_	_
264-1	PST094	264	264	1	usciva	usciva	_	_	_	_	_	linguistic	_	none	_	_	_	_	_	_
264-2	PST094	264	264	2	di	di	_	_	_	_	_	linguistic	_	none	_	_	_	_	_	_
264-3	PST094	264	264	3	tutto	tutto	_	_	_	_	_	linguistic	_	none	_	_	_	_	_	_
264-4	PST094	264	264	4	e	e	_	_	_	_	_	linguistic	_	none	_	_	_	_	_	_
264-5	PST094	264	264	5	di	di	_	_	_	_	_	linguistic	_	none	_	_	_	_	_	_
264-6	PST094	264	264	6	più	più	_	_	_	_	_	linguistic	_	none	_	End=785.87	_	_	_	_
265-0	PST094	265	265	0	e	e	_	_	_	_	_	linguistic	_	none	_	Begin=785.87	_	_	_	_
265-1	PST094	265	265	1	lì:	lì	_	_	_	_	_	linguistic	_	none	_	_	1x1	_	_	_
265-2	PST094	265	265	2	delle	delle	_	_	_	_	_	linguistic	_	none	_	_	_	_	_	_
265-3	PST094	265	265	3	risa::te::	risate	_	_	_	_	_	linguistic	_	none	_	End=788.559	3x2,5x2	_	_	_
266-0	PST094	266	266	0	però	però	_	_	_	_	_	linguistic	_	none	_	Begin=788.96	_	_	_	_
266-1	PST094	266	266	1	s:ono	sono	_	_	_	_	_	linguistic	_	none	_	_	0x1	_	_	_
266-2	PST094	266	266	2	delle	delle	_	_	_	_	_	linguistic	_	none	_	_	_	_	_	_
266-3	PST094	266	266	3	cose	cose	_	_	_	_	_	linguistic	_	none	_	_	_	_	_	_
266-4	PST094	266	266	4	che:	che	_	_	_	_	_	linguistic	_	none	_	_	2x1	_	_	_
266-5	PST094	266	266	5	delle	delle	_	_	_	_	_	linguistic	_	none	_	_	_	_	_	_
266-6	PST094	266	266	6	condivisioni	condivisioni	_	_	_	_	_	linguistic	_	none	_	_	_	_	_	_
266-7	PST094	266	266	7	della::	della	_	_	_	_	_	linguistic	_	none	_	_	4x2	_	_	_
266-8	PST094	266	266	8	vita	vita	_	_	_	_	_	linguistic	_	none	_	_	_	_	_	_
266-9	PST094	266	266	9	molto	molto	_	_	_	_	_	linguistic	_	none	_	_	_	_	_	_
266-10	PST094	266	266	10	molto	molto	_	_	_	_	_	linguistic	_	none	_	_	_	_	_	_
266-11	PST094	266	266	11	belle.	belle	_	_	_	_	_	linguistic	_	none	Intonation=Falling	End=794.508	_	_	_	_
267-0	PST094	267	267	0	io	io	_	_	_	_	_	linguistic	_	none	_	Begin=794.78	_	_	_	_
267-1	PST094	267	267	1	non	non	_	_	_	_	_	linguistic	_	none	_	_	_	_	_	_
267-2	PST094	267	267	2	trovo	trovo	_	_	_	_	_	linguistic	_	none	_	_	_	_	_	_
267-3	PST094	267	267	3	niente	niente	_	_	_	_	_	linguistic	_	none	_	_	_	_	_	_
267-4	PST094	267	267	4	di	di	_	_	_	_	_	linguistic	_	none	_	_	_	_	_	_
267-5	PST094	267	267	5	sbagliato,	sbagliato	_	_	_	_	_	linguistic	_	none	Intonation=WeaklyRising	End=797.51	_	_	_	_
268-0	PST094	268	268	0	e::h	eh	_	_	_	_	_	linguistic	_	none	_	Begin=798.01|End=799.067	0x2	_	_	_
269-0	PST094	269	269	0	sì	sì	_	_	_	_	_	linguistic	_	none	_	Begin=799.153	_	_	_	_
269-1	PST094	269	269	1	è	è	_	_	_	_	_	linguistic	_	none	_	_	_	_	_	_
269-2	PST094	269	269	2	vero	vero	_	_	_	_	_	linguistic	_	none	_	_	_	_	_	_
269-3	PST094	269	269	3	che	che	_	_	_	_	_	linguistic	_	none	_	_	_	_	_	_
269-4	PST094	269	269	4	i	i	_	_	_	_	_	linguistic	_	none	_	_	_	_	_	_
269-5	PST094	269	269	5	nostri	nostri	_	_	_	_	_	linguistic	_	none	_	_	_	_	_	_
269-6	PST094	269	269	6	ragazzi	ragazzi	_	_	_	_	_	linguistic	_	none	_	_	_	_	_	_
269-7	PST094	269	269	7	sono	sono	_	_	_	_	_	linguistic	_	none	_	_	_	_	_	_
269-8	PST094	269	269	8	più	più	_	_	_	_	_	linguistic	_	none	_	_	_	_	_	_
269-9	PST094	269	269	9	preparati	preparati	_	_	_	_	_	linguistic	_	none	_	_	_	_	_	_
269-10	PST094	269	269	10	perché	perché	_	_	_	_	_	linguistic	_	none	_	_	_	_	_	_
269-11	PST094	269	269	11	un	un	_	_	_	_	_	linguistic	_	none	_	_	_	_	_	_
269-12	PST094	269	269	12	domani	domani	_	_	_	_	_	linguistic	_	none	_	_	_	_	_	_
269-13	PST094	269	269	13	non	non	_	_	_	_	_	linguistic	_	none	_	_	_	_	_	_
269-14	PST094	269	269	14	si	si	_	_	_	_	_	linguistic	_	none	_	_	_	_	_	_
269-15	PST094	269	269	15	sa	sa	_	_	_	_	_	linguistic	_	none	_	_	_	_	_	_
269-16	PST094	269	269	16	magari	magari	_	_	_	_	_	linguistic	_	none	_	_	_	_	_	_
269-17	PST094	269	269	17	vogliono	vogliono	_	_	_	_	_	linguistic	_	none	_	_	_	_	_	_
269-18	PST094	269	269	18	andare	andare	_	_	_	_	_	linguistic	_	none	_	_	_	_	_	_
269-19	PST094	269	269	19	di	di	_	_	_	_	_	linguistic	_	none	_	_	_	_	_	_
269-20	PST094	269	269	20	là	là	_	_	_	_	_	linguistic	_	none	_	_	_	_	_	_
269-21	PST094	269	269	21	a	a	_	_	_	_	_	linguistic	_	none	_	_	_	_	_	_
269-22	PST094	269	269	22	studiare	studiare	_	_	_	_	_	linguistic	_	none	_	_	_	_	_	_
269-23	PST094	269	269	23	che	che	_	_	_	_	_	linguistic	_	none	_	_	_	_	_	_
269-24	PST094	269	269	24	hanno	hanno	_	_	_	_	_	linguistic	_	none	_	_	_	_	_	_
269-25	PST094	269	269	25	più	più	_	_	_	_	_	linguistic	_	none	_	_	_	_	_	_
269-26	PST094	269	269	26	possibilità	possibilità	_	_	_	_	_	linguistic	_	none	_	End=808.161	_	_	_	_
270-0	PST094	270	270	0	quindi	quindi	_	_	_	_	_	linguistic	_	none	_	Begin=808.46|End=809.05	_	_	_	_
271-0	PST094	271	271	0	hanno	hanno	_	_	_	_	_	linguistic	_	none	_	Begin=809.38	_	_	_	_
271-1	PST094	271	271	1	un	un	_	_	_	_	_	linguistic	_	none	_	_	_	_	_	_
271-2	PST094	271	271	2	vocabolario	vocabolario	_	_	_	_	_	linguistic	_	none	_	_	_	_	_	_
271-3	PST094	271	271	3	più	più	_	_	_	_	_	linguistic	_	none	_	_	_	_	_	_
271-4	PST094	271	271	4	ricco,	ricco	_	_	_	_	_	linguistic	_	none	Intonation=WeaklyRising	End=811.347	_	_	_	_
272-0	PST094	272	272	0	e:::	e	_	_	_	_	_	linguistic	_	none	_	Begin=812.18|End=813.337	0x3	_	_	_
273-0	PST094	273	273	0	s::~	s~	_	_	_	_	_	linguistic	_	none	Interrupted=Yes	Begin=813.337	0x2	_	_	_
273-1	PST094	273	273	1	come	come	_	_	_	_	_	linguistic	_	none	_	_	_	_	_	_
273-2	PST094	273	273	2	mi:	mi	_	_	_	_	_	linguistic	_	none	_	_	1x1	_	_	_
273-3	PST094	273	273	3	è	è	_	_	_	_	_	linguistic	_	none	_	_	_	_	_	_
273-4	PST094	273	273	4	successo	successo	_	_	_	_	_	linguistic	_	none	_	_	_	_	_	_
273-5	PST094	273	273	5	ci	ci	_	_	_	_	_	linguistic	_	none	_	_	_	_	_	_
273-6	PST094	273	273	6	sono	sono	_	_	_	_	_	linguistic	_	none	_	_	_	_	_	_
273-7	PST094	273	273	7	andati	andati	_	_	_	_	_	linguistic	_	none	_	_	_	_	_	_
273-8	PST094	273	273	8	tanti	tanti	_	_	_	_	_	linguistic	_	none	_	_	_	_	_	_
273-9	PST094	273	273	9	in	in	_	_	_	_	_	linguistic	_	none	_	_	_	_	_	_
273-10	PST094	273	273	10	romania	romania	_	_	_	_	_	linguistic	_	none	_	End=817.225	_	_	_	_
274-0	PST094	274	274	0	e	e	_	_	_	_	_	linguistic	_	none	_	Begin=817.41	_	_	_	_
274-1	PST094	274	274	1	siamo	siamo	_	_	_	_	_	linguistic	_	none	PauseAfter=Yes	_	_	_	_	_
274-2	PST094	274	274	2	{P}	{P}	_	_	_	_	_	shortpause	_	none	_	_	_	_	_	_
274-3	PST094	274	274	3	felicissimi	felicissimi	_	_	_	_	_	linguistic	_	none	_	End=819.373	_	_	_	_
275-0	PST094	275	275	0	perché	perché	_	_	_	_	_	linguistic	_	none	_	Begin=819.71|End=820.5	_	_	_	_
276-0	PST094	276	276	0	dicono	dicono	_	_	_	_	_	linguistic	_	none	_	Begin=821.18	_	_	_	_
276-1	PST094	276	276	1	noi	noi	_	_	_	_	_	linguistic	_	none	_	_	_	_	_	_
276-2	PST094	276	276	2	veniamo	veniamo	_	_	_	_	_	linguistic	_	none	_	_	_	_	_	_
276-3	PST094	276	276	3	dal	dal	_	_	_	_	_	linguistic	_	none	_	_	_	_	_	_
276-4	PST094	276	276	4	centro	centro	_	_	_	_	_	linguistic	_	none	_	_	_	_	_	_
276-5	PST094	276	276	5	di	di	_	_	_	_	_	linguistic	_	none	_	_	_	_	_	_
276-6	PST094	276	276	6	cultura	cultura	_	_	_	_	_	linguistic	_	none	_	_	_	_	_	_
276-7	PST094	276	276	7	e	e	_	_	_	_	_	linguistic	_	none	_	_	_	_	_	_
276-8	PST094	276	276	8	tradizioni	tradizioni	_	_	_	_	_	linguistic	_	none	_	_	_	_	_	_
276-9	PST094	276	276	9	italo-rume:no	italo-rumeno	_	_	_	_	_	linguistic	_	none	_	End=824.79	8x1	_	_	_
277-0	PST094	277	277	0	e	e	_	_	_	_	_	linguistic	_	none	_	Begin=824.79	_	_	_	_
277-1	PST094	277	277	1	si	si	_	_	_	_	_	linguistic	_	none	_	_	_	_	_	_
277-2	PST094	277	277	2	vedeva	vedeva	_	_	_	_	_	linguistic	_	none	_	_	_	_	_	_
277-3	PST094	277	277	3	la	la	_	_	_	_	_	linguistic	_	none	_	_	_	_	_	_
277-4	PST094	277	277	4	loro:	loro	_	_	_	_	_	linguistic	_	none	_	_	3x1	_	_	_
277-5	PST094	277	277	5	lingua	lingua	_	_	_	_	_	linguistic	_	none	_	_	_	_	_	_
277-6	PST094	277	277	6	perché:	perché	_	_	_	_	_	linguistic	_	none	_	End=827.93	5x1	_	_	_
278-0	PST094	278	278	0	non	non	_	_	_	_	_	linguistic	_	none	_	Begin=827.93	_	_	_	_
278-1	PST094	278	278	1	erano	erano	_	_	_	_	_	linguistic	_	none	_	_	_	_	_	_
278-2	PST094	278	278	2	da	da	_	_	_	_	_	linguistic	_	none	_	_	_	_	_	_
278-3	PST094	278	278	3	sotto	sotto	_	_	_	_	_	linguistic	_	none	_	_	_	_	_	_
278-4	PST094	278	278	4	zero	zero	_	_	_	_	_	linguistic	_	none	_	End=829.66	_	_	_	_
279-0	PST094	279	279	0	e	e	_	_	_	_	_	linguistic	_	none	_	Begin=830.31	_	_	_	_
279-1	PST094	279	279	1	i	i	_	_	_	_	_	linguistic	_	none	_	_	_	_	_	_
279-2	PST094	279	279	2	risultati	risultati	_	_	_	_	_	linguistic	_	none	_	_	_	_	_	_
279-3	PST094	279	279	3	tornano	tornano	_	_	_	_	_	linguistic	_	none	_	_	_	_	_	_
279-4	PST094	279	279	4	e	e	_	_	_	_	_	linguistic	_	none	_	_	_	_	_	_
279-5	PST094	279	279	5	sono	sono	_	_	_	_	_	linguistic	_	none	_	_	_	_	_	_
279-6	PST094	279	279	6	tornati	tornati	_	_	_	_	_	linguistic	_	none	_	_	_	_	_	_
279-7	PST094	279	279	7	in	in	_	_	_	_	_	linguistic	_	none	_	_	_	_	_	_
279-8	PST094	279	279	8	tempo	tempo	_	_	_	_	_	linguistic	_	none	_	End=833.896	_	_	_	_
280-0	PST203	280	280	0	quindi	quindi	_	_	_	_	_	linguistic	_	none	_	Begin=836.48	_	_	_	_
280-1	PST203	280	280	1	la	la	_	_	_	_	_	linguistic	_	none	_	_	_	_	_	_
280-2	PST203	280	280	2	normalità	normalità	_	_	_	_	_	linguistic	_	none	_	_	_	_	_	_
280-3	PST203	280	280	3	delle	delle	_	_	_	_	_	linguistic	_	none	_	_	_	_	_	_
280-4	PST203	280	280	4	famiglie	famiglie	_	_	_	_	_	linguistic	_	none	_	_	_	_	_	_
280-5	PST203	280	280	5	che	che	_	_	_	_	_	linguistic	_	none	_	_	_	_	_	_
280-6	PST203	280	280	6	vivono	vivono	_	_	_	_	_	linguistic	_	none	_	_	_	_	_	_
280-7	PST203	280	280	7	qui	qui	_	_	_	_	_	linguistic	_	none	_	_	_	_	_	_
280-8	PST203	280	280	8	è	è	_	_	_	_	_	linguistic	_	none	_	_	_	_	_	_
280-9	PST203	280	280	9	usare	usare	_	_	_	_	_	linguistic	_	none	_	_	_	_	_	_
280-10	PST203	280	280	10	un	un	_	_	_	_	_	linguistic	_	none	_	_	_	_	_	_
280-11	PST203	280	280	11	po'	po'	_	_	_	_	_	linguistic	_	none	_	_	_	_	_	_
280-12	PST203	280	280	12	l'	l'	_	_	_	_	_	linguistic	_	none	SpaceAfter=No	_	_	_	_	_
280-13	PST203	280	280	13	italia:no	italiano	_	_	_	_	_	linguistic	_	none	_	_	5x1	_	_	_
280-14	PST203	280	280	14	un	un	_	_	_	_	_	linguistic	_	none	_	_	_	_	_	_
280-15	PST203	280	280	15	[po'	po'	_	_	_	_	_	linguistic	_	none	_	_	_	_	_	0-3(2)
280-16	PST203	280	280	16	il	il	_	_	_	_	_	linguistic	_	none	_	_	_	_	_	0-2(2)
280-17	PST203	280	280	17	rumeno]	rumeno	_	_	_	_	_	linguistic	_	none	_	End=842.33	_	_	_	0-6(2)
281-0	PST094	281	281	0	[certo]	certo	_	_	_	_	_	linguistic	_	none	_	Begin=841.34|End=842.326	_	_	_	0-5(2)
282-0	PST094	282	282	0	certo	certo	_	_	_	_	_	linguistic	_	none	_	Begin=842.5	_	_	_	_
282-1	PST094	282	282	1	certo	certo	_	_	_	_	_	linguistic	_	none	_	End=843.53	_	_	_	_
283-0	PST094	283	283	0	è	è	_	_	_	_	_	linguistic	_	none	_	Begin=843.53	_	_	_	_
283-1	PST094	283	283	1	una	una	_	_	_	_	_	linguistic	_	none	_	_	_	_	_	_
283-2	PST094	283	283	2	normalità	normalità	_	_	_	_	_	linguistic	_	none	_	End=844.45	_	_	_	_
284-0	PST094	284	284	0	e	e	_	_	_	_	_	linguistic	_	none	_	Begin=844.46	_	_	_	_
284-1	PST094	284	284	1	poi	poi	_	_	_	_	_	linguistic	_	none	_	_	_	_	_	_
284-2	PST094	284	284	2	i	i	_	_	_	_	_	linguistic	_	none	_	_	_	_	_	_
284-3	PST094	284	284	3	ragazzi	ragazzi	_	_	_	_	_	linguistic	_	none	_	_	_	_	_	_
284-4	PST094	284	284	4	tra	tra	_	_	_	_	_	linguistic	_	none	_	_	_	_	_	_
284-5	PST094	284	284	5	di	di	_	_	_	_	_	linguistic	_	none	_	_	_	_	_	_
284-6	PST094	284	284	6	loro	loro	_	_	_	_	_	linguistic	_	none	_	_	_	_	_	_
284-7	PST094	284	284	7	comunque	comunque	_	_	_	_	_	linguistic	_	none	_	_	_	_	_	_
284-8	PST094	284	284	8	$parnalo:	parnalo	_	_	_	_	_	linguistic	_	none	Orthography=Yes|Variation=Emerging	_	6x1	_	_	_
284-9	PST094	284	284	9	parlano:	parlano	_	_	_	_	_	linguistic	_	none	_	_	6x1	_	_	_
284-10	PST094	284	284	10	italiano	italiano	_	_	_	_	_	linguistic	_	none	_	End=848.45	_	_	_	_
285-0	PST094	285	285	0	ehm::	ehm	_	_	_	_	_	linguistic	_	none	_	Begin=849.15|End=850.11	2x2	_	_	_
286-0	PST094	286	286	0	al	al	_	_	_	_	_	linguistic	_	none	_	Begin=850.11	_	_	_	_
286-1	PST094	286	286	1	pr~	pr~	_	_	_	_	_	linguistic	_	none	Interrupted=Yes	_	_	_	_	_
286-2	PST094	286	286	2	mh	mh	_	_	_	_	_	linguistic	_	none	_	End=850.87	_	_	_	_
287-0	PST094	287	287	0	all'	all'	_	_	_	_	_	linguistic	_	none	SpaceAfter=No	Begin=851.065	_	_	_	_
287-1	PST094	287	287	1	ini:zio:	inizio	_	_	_	_	_	linguistic	_	none	_	_	2x1,5x1	_	_	_
287-2	PST094	287	287	2	sai	sai	_	_	_	_	_	linguistic	_	none	_	_	_	_	_	_
287-3	PST094	287	287	3	quando	quando	_	_	_	_	_	linguistic	_	none	_	_	_	_	_	_
287-4	PST094	287	287	4	ero	ero	_	_	_	_	_	linguistic	_	none	_	_	_	_	_	_
287-5	PST094	287	287	5	un	un	_	_	_	_	_	linguistic	_	none	_	_	_	_	_	_
287-6	PST094	287	287	6	po'	po'	_	_	_	_	_	linguistic	_	none	_	_	_	_	_	_
287-7	PST094	287	287	7	più	più	_	_	_	_	_	linguistic	_	none	_	_	_	_	_	_
287-8	PST094	287	287	8	chiusa	chiusa	_	_	_	_	_	linguistic	_	none	_	_	_	_	_	_
287-9	PST094	287	287	9	così:	così	_	_	_	_	_	linguistic	_	none	_	End=854.262	3x1	_	_	_
288-0	PST094	288	288	0	nella	nella	_	_	_	_	_	linguistic	_	none	_	Begin=854.658	_	_	_	_
288-1	PST094	288	288	1	mente	mente	_	_	_	_	_	linguistic	_	none	_	_	_	_	_	_
288-2	PST094	288	288	2	no	no	_	_	_	_	_	linguistic	_	none	_	End=856.021	_	_	_	_
289-0	PST094	289	289	0	dicevo	dicevo	_	_	_	_	_	linguistic	_	none	_	Begin=856.08	_	_	_	_
289-1	PST094	289	289	1	no:	no	_	_	_	_	_	linguistic	_	none	_	_	1x1	_	_	_
289-2	PST094	289	289	2	dovete	dovete	_	_	_	_	_	linguistic	_	none	_	_	_	_	_	_
289-3	PST094	289	289	3	parlare	parlare	_	_	_	_	_	linguistic	_	none	_	_	_	_	_	_
289-4	PST094	289	289	4	(in)	in	_	_	_	_	_	linguistic	_	none	_	_	_	_	0-2(0)	_
289-5	PST094	289	289	5	rumeno	rumeno	_	_	_	_	_	linguistic	_	none	_	_	_	_	_	_
289-6	PST094	289	289	6	dovete	dovete	_	_	_	_	_	linguistic	_	none	_	_	_	_	_	_
289-7	PST094	289	289	7	parlare	parlare	_	_	_	_	_	linguistic	_	none	_	_	_	_	_	_
289-8	PST094	289	289	8	rumeno	rumeno	_	_	_	_	_	linguistic	_	none	_	End=859.3	_	_	_	_
290-0	PST094	290	290	0	eh	eh	_	_	_	_	_	linguistic	_	none	_	Begin=859.3	_	_	_	_
290-1	PST094	290	290	1	no	no	_	_	_	_	_	linguistic	_	none	_	_	_	_	_	_
290-2	PST094	290	290	2	non	non	_	_	_	_	_	linguistic	_	none	_	_	_	_	_	_
290-3	PST094	290	290	3	devono	devono	_	_	_	_	_	linguistic	_	none	_	_	_	_	_	_
290-4	PST094	290	290	4	parlare	parlare	_	_	_	_	_	linguistic	_	none	_	_	_	_	_	_
290-5	PST094	290	290	5	rumeno	rumeno	_	_	_	_	_	linguistic	_	none	_	End=860.91	_	_	_	_
291-0	PST094	291	291	0	perché	perché	_	_	_	_	_	linguistic	_	none	_	Begin=860.91	_	_	_	_
291-1	PST094	291	291	1	siamo	siamo	_	_	_	_	_	linguistic	_	none	_	_	_	_	_	_
291-2	PST094	291	291	2	NOI	noi	_	_	_	_	_	linguistic	_	none	PauseAfter=Yes|Volume=high	_	_	_	_	_
291-3	PST094	291	291	3	{P}	{P}	_	_	_	_	_	shortpause	_	none	_	_	_	_	_	_
291-4	PST094	291	291	4	che	che	_	_	_	_	_	linguistic	_	none	_	_	_	_	_	_
291-5	PST094	291	291	5	li	li	_	_	_	_	_	linguistic	_	none	_	_	_	_	_	_
291-6	PST094	291	291	6	abbiamo	abbiamo	_	_	_	_	_	linguistic	_	none	_	_	_	_	_	_
291-7	PST094	291	291	7	portati	portati	_	_	_	_	_	linguistic	_	none	_	_	_	_	_	_
291-8	PST094	291	291	8	QUA	qua	_	_	_	_	_	linguistic	_	none	Volume=high	End=863.47	_	_	_	_
292-0	PST094	292	292	0	o	o	_	_	_	_	_	linguistic	_	none	_	Begin=863.47	_	_	_	_
292-1	PST094	292	292	1	li	li	_	_	_	_	_	linguistic	_	none	_	_	_	_	_	_
292-2	PST094	292	292	2	abbiamo	abbiamo	_	_	_	_	_	linguistic	_	none	_	_	_	_	_	_
292-3	PST094	292	292	3	fatto	fatto	_	_	_	_	_	linguistic	_	none	_	_	_	_	_	_
292-4	PST094	292	292	4	nascere	nascere	_	_	_	_	_	linguistic	_	none	_	_	_	_	_	_
292-5	PST094	292	292	5	QUA	qua	_	_	_	_	_	linguistic	_	none	Volume=high	End=865.102	_	_	_	_
293-0	PST094	293	293	0	<quindi>	quindi	_	_	_	_	_	linguistic	_	none	_	Begin=865.37	_	Slow=0-6(0)	_	_
293-1	PST094	293	293	1	noi	noi	_	_	_	_	_	linguistic	_	none	_	_	_	_	_	_
293-2	PST094	293	293	2	dobbiamo	dobbiamo	_	_	_	_	_	linguistic	_	none	_	_	_	_	_	_
293-3	PST094	293	293	3	cambia:re	cambiare	_	_	_	_	_	linguistic	_	none	_	_	5x1	_	_	_
293-4	PST094	293	293	4	e	e	_	_	_	_	_	linguistic	_	none	_	_	_	_	_	_
293-5	PST094	293	293	5	attirarli	attirarli	_	_	_	_	_	linguistic	_	none	_	End=868.9	_	_	_	_
294-0	PST094	294	294	0	farli	farli	_	_	_	_	_	linguistic	_	none	_	Begin=868.9|End=869.61	_	_	_	_
295-0	PST094	295	295	0	eh	eh	_	_	_	_	_	linguistic	_	none	_	Begin=870.014	_	_	_	_
295-1	PST094	295	295	1	innamorarsi	innamorarsi	_	_	_	_	_	linguistic	_	none	_	_	_	_	_	_
295-2	PST094	295	295	2	della	della	_	_	_	_	_	linguistic	_	none	_	_	_	_	_	_
295-3	PST094	295	295	3	lingua	lingua	_	_	_	_	_	linguistic	_	none	_	_	_	_	_	_
295-4	PST094	295	295	4	rumena	rumena	_	_	_	_	_	linguistic	_	none	_	End=871.949	_	_	_	_
296-0	PST094	296	296	0	ma	ma	_	_	_	_	_	linguistic	_	none	_	Begin=871.992	_	_	_	_
296-1	PST094	296	296	1	non	non	_	_	_	_	_	linguistic	_	none	_	_	_	_	_	_
296-2	PST094	296	296	2	m:h	mh	_	_	_	_	_	linguistic	_	none	_	_	0x1	_	_	_
296-3	PST094	296	296	3	così	così	_	_	_	_	_	linguistic	_	none	_	_	_	_	_	_
296-4	PST094	296	296	4	con	con	_	_	_	_	_	linguistic	_	none	_	_	_	_	_	_
296-5	PST094	296	296	5	la	la	_	_	_	_	_	linguistic	_	none	_	_	_	_	_	_
296-6	PST094	296	296	6	forza	forza	_	_	_	_	_	linguistic	_	none	_	End=874.47	_	_	_	_
297-0	PST094	297	297	0	e::	e	_	_	_	_	_	linguistic	_	none	_	Begin=874.854	0x2	_	_	_
297-1	PST094	297	297	1	io	io	_	_	_	_	_	linguistic	_	none	_	_	_	_	_	_
297-2	PST094	297	297	2	vedo	vedo	_	_	_	_	_	linguistic	_	none	_	_	_	_	_	_
297-3	PST094	297	297	3	che	che	_	_	_	_	_	linguistic	_	none	_	_	_	_	_	_
297-4	PST094	297	297	4	i	i	_	_	_	_	_	linguistic	_	none	_	_	_	_	_	_
297-5	PST094	297	297	5	nostri	nostri	_	_	_	_	_	linguistic	_	none	_	_	_	_	_	_
297-6	PST094	297	297	6	ragazzi	ragazzi	_	_	_	_	_	linguistic	_	none	_	_	_	_	_	_
297-7	PST094	297	297	7	sono	sono	_	_	_	_	_	linguistic	_	none	_	_	_	_	_	_
297-8	PST094	297	297	8	innamorati	innamorati	_	_	_	_	_	linguistic	_	none	PauseAfter=Yes	_	_	_	_	_
297-9	PST094	297	297	9	{P}	{P}	_	_	_	_	_	shortpause	_	none	_	_	_	_	_	_
297-10	PST094	297	297	10	della	della	_	_	_	_	_	linguistic	_	none	_	_	_	_	_	_
297-11	PST094	297	297	11	lingua	lingua	_	_	_	_	_	linguistic	_	none	_	_	_	_	_	_
297-12	PST094	297	297	12	rume:na	rumena	_	_	_	_	_	linguistic	_	none	_	End=879.23	3x1	_	_	_
298-0	PST094	298	298	0	cantando	cantando	_	_	_	_	_	linguistic	_	none	PauseAfter=Yes	Begin=879.4	_	_	_	_
298-1	PST094	298	298	1	{P}	{P}	_	_	_	_	_	shortpause	_	none	_	_	_	_	_	_
298-2	PST094	298	298	2	recitando	recitando	_	_	_	_	_	linguistic	_	none	_	End=881.54	_	_	_	_
299-0	PST094	299	299	0	facendo	facendo	_	_	_	_	_	linguistic	_	none	_	Begin=881.91	_	_	_	_
299-1	PST094	299	299	1	altro	altro	_	_	_	_	_	linguistic	_	none	_	_	_	_	_	_
299-2	PST094	299	299	2	e	e	_	_	_	_	_	linguistic	_	none	_	_	_	_	_	_
299-3	PST094	299	299	3	quando	quando	_	_	_	_	_	linguistic	_	none	_	_	_	_	_	_
299-4	PST094	299	299	4	li	li	_	_	_	_	_	linguistic	_	none	_	_	_	_	_	_
299-5	PST094	299	299	5	sento	sento	_	_	_	_	_	linguistic	_	none	_	_	_	_	_	_
299-6	PST094	299	299	6	che	che	_	_	_	_	_	linguistic	_	none	_	_	_	_	_	_
299-7	PST094	299	299	7	parlano	parlano	_	_	_	_	_	linguistic	_	none	_	_	_	_	_	_
299-8	PST094	299	299	8	anche	anche	_	_	_	_	_	linguistic	_	none	_	_	_	_	_	_
299-9	PST094	299	299	9	(in)	in	_	_	_	_	_	linguistic	_	none	_	_	_	_	0-2(0)	_
299-10	PST094	299	299	10	regionalismi	regionalismi	_	_	_	_	_	linguistic	_	none	_	End=885.78	_	_	_	_
300-0	PST094	300	300	0	a	a	_	_	_	_	_	linguistic	_	none	_	Begin=885.94	_	_	_	_
300-1	PST094	300	300	1	me	me	_	_	_	_	_	linguistic	_	none	_	End=886.71	_	_	_	_
301-0	PST094	301	301	0	c'	c'	_	_	_	_	_	linguistic	_	none	SpaceAfter=No	Begin=888.146	_	_	_	_
301-1	PST094	301	301	1	è::::	è	_	_	_	_	_	linguistic	_	none	ProsodicLink=Yes	_	0x4	_	_	_
301-2	PST094	301	301	2	il	il	_	_	_	_	_	linguistic	_	none	_	_	_	_	_	_
301-3	PST094	301	301	3	cuore	cuore	_	_	_	_	_	linguistic	_	none	_	_	_	_	_	_
301-4	PST094	301	301	4	che	che	_	_	_	_	_	linguistic	_	none	_	_	_	_	_	_
301-5	PST094	301	301	5	mi::::	mi	_	_	_	_	_	linguistic	_	none	_	End=891.001	1x4	_	_	_
302-0	PST094	302	302	0	mi	mi	_	_	_	_	_	linguistic	_	none	_	Begin=891.2	_	_	_	_
302-1	PST094	302	302	1	esce	esce	_	_	_	_	_	linguistic	_	none	_	_	_	_	_	_
302-2	PST094	302	302	2	fuori	fuori	_	_	_	_	_	linguistic	_	none	_	_	_	_	_	_
302-3	PST094	302	302	3	dal	dal	_	_	_	_	_	linguistic	_	none	_	_	_	_	_	_
302-4	PST094	302	302	4	petto	petto	_	_	_	_	_	linguistic	_	none	_	_	_	_	_	_
302-5	PST094	302	302	5	{ride}	{ride}	_	_	_	_	_	nonverbalbehavior	_	none	_	End=893.98	_	_	_	_
303-0	PST094	303	303	0	perché	perché	_	_	_	_	_	linguistic	_	none	_	Begin=894.605	_	_	_	_
303-1	PST094	303	303	1	è	è	_	_	_	_	_	linguistic	_	none	_	_	_	_	_	_
303-2	PST094	303	303	2	bello	bello	_	_	_	_	_	linguistic	_	none	_	End=895.51	_	_	_	_
304-0	PST203	304	304	0	cio[è	cioè	_	_	_	_	_	linguistic	_	none	_	Begin=895.51	_	_	_	3-4(3)
304-1	PST203	304	304	1	ti	ti	_	_	_	_	_	linguistic	_	none	_	_	_	_	_	0-2(3)
304-2	PST203	304	304	2	senti	senti	_	_	_	_	_	linguistic	_	none	_	_	_	_	_	0-5(3)
304-3	PST203	304	304	3	tu]tti	tutti	_	_	_	_	_	linguistic	_	none	_	_	_	_	_	0-2(3)
304-4	PST203	304	304	4	glia	glia	_	_	_	_	_	linguistic	_	none	_	_	_	_	_	_
304-5	PST203	304	304	5	accenti	accenti	_	_	_	_	_	linguistic	_	none	_	_	_	_	_	_
304-6	PST203	304	304	6	[dici]	dici	_	_	_	_	_	linguistic	_	none	_	End=897.578	_	_	_	0-4(4)
305-0	PST094	305	305	0	è	è	_	_	_	_	_	linguistic	_	none	_	Begin=895.71	_	_	_	_
305-1	PST094	305	305	1	bello	bello	_	_	_	_	_	linguistic	_	none	_	End=896.41	_	_	_	_
306-0	PST094	306	306	0	[esa:]tto:	esatto	_	_	_	_	_	linguistic	_	none	_	Begin=897.379|End=898.55	2x1,5x1	_	_	0-3(4)
307-0	PST094	307	307	0	esa:tto	esatto	_	_	_	_	_	linguistic	_	none	_	Begin=898.55	2x1	_	_	_
307-1	PST094	307	307	1	senti	senti	_	_	_	_	_	linguistic	_	none	_	_	_	_	_	_
307-2	PST094	307	307	2	gli	gli	_	_	_	_	_	linguistic	_	none	_	_	_	_	_	_
307-3	PST094	307	307	3	accenti	accenti	_	_	_	_	_	linguistic	_	none	_	_	_	_	_	_
307-4	PST094	307	307	4	poi	poi	_	_	_	_	_	linguistic	_	none	_	_	_	_	_	_
307-5	PST094	307	307	5	li	li	_	_	_	_	_	linguistic	_	none	_	_	_	_	_	_
307-6	PST094	307	307	6	vedi	vedi	_	_	_	_	_	linguistic	_	none	_	_	_	_	_	_
307-7	PST094	307	307	7	che::	che	_	_	_	_	_	linguistic	_	none	_	End=901.861	2x2	_	_	_
308-0	PST094	308	308	0	m~	m~	_	_	_	_	_	linguistic	_	none	Interrupted=Yes	Begin=901.889	_	_	_	_
308-1	PST094	308	308	1	magari	magari	_	_	_	_	_	linguistic	_	none	_	_	_	_	_	_
308-2	PST094	308	308	2	certe	certe	_	_	_	_	_	linguistic	_	none	_	_	_	_	_	_
308-3	PST094	308	308	3	volte	volte	_	_	_	_	_	linguistic	_	none	_	_	_	_	_	_
308-4	PST094	308	308	4	non	non	_	_	_	_	_	linguistic	_	none	_	_	_	_	_	_
308-5	PST094	308	308	5	sanno	sanno	_	_	_	_	_	linguistic	_	none	_	_	_	_	_	_
308-6	PST094	308	308	6	nemmeno	nemmeno	_	_	_	_	_	linguistic	_	none	_	_	_	_	_	_
308-7	PST094	308	308	7	cosa	cosa	_	_	_	_	_	linguistic	_	none	_	_	_	_	_	_
308-8	PST094	308	308	8	di:cono	dicono	_	_	_	_	_	linguistic	_	none	_	End=904.48	1x1	_	_	_
309-0	PST094	309	309	0	gli	gli	_	_	_	_	_	linguistic	_	none	_	Begin=904.48	_	_	_	_
309-1	PST094	309	309	1	escono	escono	_	_	_	_	_	linguistic	_	none	_	_	_	_	_	_
309-2	PST094	309	309	2	delle	delle	_	_	_	_	_	linguistic	_	none	_	_	_	_	_	_
309-3	PST094	309	309	3	cose	cose	_	_	_	_	_	linguistic	_	none	_	_	_	_	_	_
309-4	PST094	309	309	4	{inspira}	{inspira}	_	_	_	_	_	nonverbalbehavior	_	none	_	_	_	_	_	_
309-5	PST094	309	309	5	e	e	_	_	_	_	_	linguistic	_	none	_	_	_	_	_	_
309-6	PST094	309	309	6	tu	tu	_	_	_	_	_	linguistic	_	none	_	_	_	_	_	_
309-7	PST094	309	309	7	ti	ti	_	_	_	_	_	linguistic	_	none	_	_	_	_	_	_
309-8	PST094	309	309	8	metti	metti	_	_	_	_	_	linguistic	_	none	_	_	_	_	_	_
309-9	PST094	309	309	9	a	a	_	_	_	_	_	linguistic	_	none	_	_	_	_	_	_
309-10	PST094	309	309	10	ri:dere	ridere	_	_	_	_	_	linguistic	_	none	_	_	1x1	_	_	_
309-11	PST094	309	309	11	gli	gli	_	_	_	_	_	linguistic	_	none	_	_	_	_	_	_
309-12	PST094	309	309	12	spie:ghi	spieghi	_	_	_	_	_	linguistic	_	none	_	End=908.79	3x1	_	_	_
310-0	PST094	310	310	0	[ma	ma	_	_	_	_	_	linguistic	_	none	_	Begin=908.79	_	_	_	0-2(5)
310-1	PST094	310	310	1	la	la	_	_	_	_	_	linguistic	_	none	_	_	_	_	_	0-2(5)
310-2	PST094	310	310	2	bellezza	bellezza	_	_	_	_	_	linguistic	_	none	_	_	_	_	_	0-8(5)
310-3	PST094	310	310	3	è	è	_	_	_	_	_	linguistic	_	none	_	_	_	_	_	0-1(5)
310-4	PST094	310	310	4	quello]	quello	_	_	_	_	_	linguistic	_	none	_	End=910.863	_	_	_	0-6(5)
311-0	PST203	311	311	0	[ti	ti	_	_	_	_	_	linguistic	_	none	_	Begin=908.79	_	_	_	0-2(5)
311-1	PST203	311	311	1	direi	direi	_	_	_	_	_	linguistic	_	none	_	_	_	_	_	0-5(5)
311-2	PST203	311	311	2	mi	mi	_	_	_	_	_	linguistic	_	none	_	_	_	_	_	0-2(5)
311-3	PST203	311	311	3	fai	fai	_	_	_	_	_	linguistic	_	none	_	_	_	_	_	0-3(5)
311-4	PST203	311	311	4	un	un	_	_	_	_	_	linguistic	_	none	_	_	_	_	_	0-2(5)
311-5	PST203	311	311	5	ese:mpio	esempio	_	_	_	_	_	linguistic	_	none	_	_	2x1	_	_	0-7(5)
311-6	PST203	311	311	6	di	di	_	_	_	_	_	linguistic	_	none	_	_	_	_	_	0-2(5)
311-7	PST203	311	311	7	que]sta	questa	_	_	_	_	_	linguistic	_	none	_	_	_	_	_	0-3(5)
311-8	PST203	311	311	8	cosa	cosa	_	_	_	_	_	linguistic	_	none	_	End=911.425	_	_	_	_
312-0	PST094	312	312	0	mh	mh	_	_	_	_	_	linguistic	_	none	_	Begin=911.425	_	_	_	_
312-1	PST094	312	312	1	ti	ti	_	_	_	_	_	linguistic	_	none	_	_	_	_	_	_
312-2	PST094	312	312	2	devo	devo	_	_	_	_	_	linguistic	_	none	_	_	_	_	_	_
312-3	PST094	312	312	3	fare	fare	_	_	_	_	_	linguistic	_	none	_	_	_	_	_	_
312-4	PST094	312	312	4	un	un	_	_	_	_	_	linguistic	_	none	_	_	_	_	_	_
312-5	PST094	312	312	5	esempio	esempio	_	_	_	_	_	linguistic	_	none	_	_	_	_	_	_
312-6	PST094	312	312	6	di	di	_	_	_	_	_	linguistic	_	none	_	_	_	_	_	_
312-7	PST094	312	312	7	questa	questa	_	_	_	_	_	linguistic	_	none	_	_	_	_	_	_
312-8	PST094	312	312	8	cosa	cosa	_	_	_	_	_	linguistic	_	none	_	End=914.458	_	_	_	_
313-0	PST094	313	313	0	e:hm	ehm	_	_	_	_	_	linguistic	_	none	_	Begin=915.547|End=916.471	0x1	_	_	_
314-0	PST094	314	314	0	per	per	_	_	_	_	_	linguistic	_	none	_	Begin=916.471	_	_	_	_
314-1	PST094	314	314	1	esempio	esempio	_	_	_	_	_	linguistic	_	none	_	_	_	_	_	_
314-2	PST094	314	314	2	in	in	_	_	_	_	_	linguistic	_	none	_	_	_	_	_	_
314-3	PST094	314	314	3	una	una	_	_	_	_	_	linguistic	_	none	_	_	_	_	_	_
314-4	PST094	314	314	4	canzone	canzone	_	_	_	_	_	linguistic	_	none	_	_	_	_	_	_
314-5	PST094	314	314	5	diceva::	diceva	_	_	_	_	_	linguistic	_	none	_	End=919.286	5x2	_	_	_
315-0	PST094	315	315	0	m-a	m-a	_	_	_	_	_	linguistic	_	all	Language=NO_ISO_CODE	Begin=920.51	_	_	_	_
315-1	PST094	315	315	1	lăsat	lăsat	_	_	_	_	_	linguistic	_	all	Language=NO_ISO_CODE	_	_	_	_	_
315-2	PST094	315	315	2	să	să	_	_	_	_	_	linguistic	_	all	Language=NO_ISO_CODE	_	_	_	_	_
315-3	PST094	315	315	3	culeg	culeg	_	_	_	_	_	linguistic	_	all	Language=NO_ISO_CODE	_	_	_	_	_
315-4	PST094	315	315	4	bureți	bureți	_	_	_	_	_	linguistic	_	all	Language=NO_ISO_CODE	End=922.857	_	_	_	_
317-0	PST094	317	317	0	>cosa	cosa	_	_	_	_	_	linguistic	_	none	_	Begin=923.008	_	Fast=0-4(0)	_	_
317-1	PST094	317	317	1	vuole<	vuole	_	_	_	_	_	linguistic	_	none	_	_	_	Fast=0-5(0)	_	_
317-2	PST094	317	317	2	<mi	mi	_	_	_	_	_	linguistic	_	none	_	_	_	Slow=0-2(0)	_	_
317-3	PST094	317	317	3	ha	ha	_	_	_	_	_	linguistic	_	none	_	_	_	Slow=0-2(0)	_	_
317-4	PST094	317	317	4	lasciato	lasciato	_	_	_	_	_	linguistic	_	none	_	_	_	Slow=0-8(0)	_	_
317-5	PST094	317	317	5	a	a	_	_	_	_	_	linguistic	_	none	_	_	_	Slow=0-1(0)	_	_
317-6	PST094	317	317	6	raccogliere	raccogliere	_	_	_	_	_	linguistic	_	none	_	_	_	Slow=0-11(0)	_	_
317-7	PST094	317	317	7	i	i	_	_	_	_	_	linguistic	_	none	_	_	_	Slow=0-1(0)	_	_
317-8	PST094	317	317	8	funghi>	funghi	_	_	_	_	_	linguistic	_	none	_	End=926.757	_	Slow=0-6(0)	_	_
318-0	PST094	318	318	0	giustamente	giustamente	_	_	_	_	_	linguistic	_	none	_	Begin=927.247	_	_	_	_
318-1	PST094	318	318	1	in	in	_	_	_	_	_	linguistic	_	none	_	_	_	_	_	_
318-2	PST094	318	318	2	una	una	_	_	_	_	_	linguistic	_	none	_	_	_	_	_	_
318-3	PST094	318	318	3	canzone	canzone	_	_	_	_	_	linguistic	_	none	_	_	_	_	_	_
318-4	PST094	318	318	4	no?	no	_	_	_	_	_	linguistic	_	none	Intonation=Rising	End=929.03	_	_	_	_
319-0	PST094	319	319	0	la	la	_	_	_	_	_	linguistic	_	none	_	Begin=929.03	_	_	_	_
319-1	PST094	319	319	1	ragazza	ragazza	_	_	_	_	_	linguistic	_	none	_	_	_	_	_	_
319-2	PST094	319	319	2	non	non	_	_	_	_	_	linguistic	_	none	_	_	_	_	_	_
319-3	PST094	319	319	3	ha	ha	_	_	_	_	_	linguistic	_	none	_	_	_	_	_	_
319-4	PST094	319	319	4	capito	capito	_	_	_	_	_	linguistic	_	none	_	End=930.495	_	_	_	_
320-0	PST094	320	320	0	è:	è	_	_	_	_	_	linguistic	_	none	_	Begin=930.65	0x1	_	_	_
320-1	PST094	320	320	1	venuto	venuto	_	_	_	_	_	linguistic	_	none	_	_	_	_	_	_
320-2	PST094	320	320	2	fuori	fuori	_	_	_	_	_	linguistic	_	none	_	_	_	_	_	_
320-3	PST094	320	320	3	una	una	_	_	_	_	_	linguistic	_	none	_	_	_	_	_	_
320-4	PST094	320	320	4	cosa	cosa	_	_	_	_	_	linguistic	_	none	_	_	_	_	_	_
320-5	PST094	320	320	5	che	che	_	_	_	_	_	linguistic	_	none	_	_	_	_	_	_
320-6	PST094	320	320	6	non	non	_	_	_	_	_	linguistic	_	none	_	_	_	_	_	_
320-7	PST094	320	320	7	me	me	_	_	_	_	_	linguistic	_	none	_	_	_	_	_	_
320-8	PST094	320	320	8	la	la	_	_	_	_	_	linguistic	_	none	_	_	_	_	_	_
320-9	PST094	320	320	9	ricordo	ricordo	_	_	_	_	_	linguistic	_	none	_	_	_	_	_	_
320-10	PST094	320	320	10	ma	ma	_	_	_	_	_	linguistic	_	none	_	_	_	_	_	_
320-11	PST094	320	320	11	non	non	_	_	_	_	_	linguistic	_	none	_	_	_	_	_	_
320-12	PST094	320	320	12	quello	quello	_	_	_	_	_	linguistic	_	none	_	_	_	_	_	_
320-13	PST094	320	320	13	che	che	_	_	_	_	_	linguistic	_	none	_	_	_	_	_	_
320-14	PST094	320	320	14	{ride}	{ride}	_	_	_	_	_	nonverbalbehavior	_	none	_	End=935.83	_	_	_	_
321-0	PST094	321	321	0	poi:	poi	_	_	_	_	_	linguistic	_	none	_	Begin=935.94	2x1	_	_	_
321-1	PST094	321	321	1	chiesto	chiesto	_	_	_	_	_	linguistic	_	none	_	_	_	_	_	_
321-2	PST094	321	321	2	ma	ma	_	_	_	_	_	linguistic	_	none	_	End=937.101	_	_	_	_
322-0	PST094	322	322	0	sai	sai	_	_	_	_	_	linguistic	_	none	_	Begin=937.644	_	_	_	_
322-1	PST094	322	322	1	cosa	cosa	_	_	_	_	_	linguistic	_	none	_	_	_	_	_	_
322-2	PST094	322	322	2	vuol	vuol	_	_	_	_	_	linguistic	_	none	_	_	_	_	_	_
322-3	PST094	322	322	3	dire,	dire	_	_	_	_	_	linguistic	_	none	Intonation=WeaklyRising	End=938.89	_	_	_	_
323-0	PST094	323	323	0	no:	no	_	_	_	_	_	linguistic	_	none	_	Begin=938.99|End=939.61	1x1	_	_	_
324-0	PST094	324	324	0	(ma)	ma	_	_	_	_	_	linguistic	_	none	_	Begin=940.02	_	_	0-2(0)	_
324-1	PST094	324	324	1	l'	l'	_	_	_	_	_	linguistic	_	none	SpaceAfter=No	_	_	_	_	_
324-2	PST094	324	324	2	ha	ha	_	_	_	_	_	linguistic	_	none	_	_	_	_	_	_
324-3	PST094	324	324	3	imparata	imparata	_	_	_	_	_	linguistic	_	none	_	_	_	_	_	_
324-4	PST094	324	324	4	e	e	_	_	_	_	_	linguistic	_	none	_	_	_	_	_	_
324-5	PST094	324	324	5	lo	lo	_	_	_	_	_	linguistic	_	none	_	_	_	_	_	_
324-6	PST094	324	324	6	diceva	diceva	_	_	_	_	_	linguistic	_	none	_	_	_	_	_	_
324-7	PST094	324	324	7	lì	lì	_	_	_	_	_	linguistic	_	none	_	End=942.59	_	_	_	_
325-0	PST094	325	325	0	e	e	_	_	_	_	_	linguistic	_	none	_	Begin=942.7	_	_	_	_
325-1	PST094	325	325	1	io	io	_	_	_	_	_	linguistic	_	none	PauseAfter=Yes	_	_	_	_	_
325-2	PST094	325	325	2	{P}	{P}	_	_	_	_	_	shortpause	_	none	_	_	_	_	_	_
325-3	PST094	325	325	3	ma	ma	_	_	_	_	_	linguistic	_	none	_	_	_	_	_	_
325-4	PST094	325	325	4	cosa	cosa	_	_	_	_	_	linguistic	_	none	_	_	_	_	_	_
325-5	PST094	325	325	5	di:ce	dice	_	_	_	_	_	linguistic	_	none	_	_	1x1	_	_	_
325-6	PST094	325	325	6	ma	ma	_	_	_	_	_	linguistic	_	none	_	_	_	_	_	_
325-7	PST094	325	325	7	io	io	_	_	_	_	_	linguistic	_	none	_	_	_	_	_	_
325-8	PST094	325	325	8	questa	questa	_	_	_	_	_	linguistic	_	none	_	_	_	_	_	_
325-9	PST094	325	325	9	parola	parola	_	_	_	_	_	linguistic	_	none	_	_	_	_	_	_
325-10	PST094	325	325	10	non	non	_	_	_	_	_	linguistic	_	none	_	_	_	_	_	_
325-11	PST094	325	325	11	l'	l'	_	_	_	_	_	linguistic	_	none	SpaceAfter=No	_	_	_	_	_
325-12	PST094	325	325	12	ho	ho	_	_	_	_	_	linguistic	_	none	_	_	_	_	_	_
325-13	PST094	325	325	13	mai	mai	_	_	_	_	_	linguistic	_	none	_	_	_	_	_	_
325-14	PST094	325	325	14	sentita	sentita	_	_	_	_	_	linguistic	_	none	_	End=946.24	_	_	_	_
326-0	PST094	326	326	0	quindi	quindi	_	_	_	_	_	linguistic	_	none	_	Begin=946.24|End=947.18	_	_	_	_
327-0	PST094	327	327	0	un	un	_	_	_	_	_	linguistic	_	none	_	Begin=947.395	_	_	_	_
327-1	PST094	327	327	1	neologismo	neologismo	_	_	_	_	_	linguistic	_	none	_	_	_	_	_	_
327-2	PST094	327	327	2	{ride}	{ride}	_	_	_	_	_	nonverbalbehavior	_	none	_	End=948.669	_	_	_	_
328-0	PST094	328	328	0	{ride}	{ride}	_	_	_	_	_	nonverbalbehavior	_	none	_	Begin=949.0	_	_	_	_
328-1	PST094	328	328	1	chiamato	chiamato	_	_	_	_	_	linguistic	_	none	_	_	_	_	_	_
328-2	PST094	328	328	2	così	così	_	_	_	_	_	linguistic	_	none	_	End=950.872	_	_	_	_
329-0	PST094	329	329	0	tra	tra	_	_	_	_	_	linguistic	_	none	_	Begin=951.21	_	_	_	_
329-1	PST094	329	329	1	le	le	_	_	_	_	_	linguistic	_	none	_	_	_	_	_	_
329-2	PST094	329	329	2	virgolette	virgolette	_	_	_	_	_	linguistic	_	none	_	_	_	_	_	_
329-3	PST094	329	329	3	che::	che	_	_	_	_	_	linguistic	_	none	_	_	2x2	_	_	_
329-4	PST094	329	329	4	alla	alla	_	_	_	_	_	linguistic	_	none	_	_	_	_	_	_
329-5	PST094	329	329	5	fine	fine	_	_	_	_	_	linguistic	_	none	_	_	_	_	_	_
329-6	PST094	329	329	6	non	non	_	_	_	_	_	linguistic	_	none	_	_	_	_	_	_
329-7	PST094	329	329	7	aveva	aveva	_	_	_	_	_	linguistic	_	none	_	_	_	_	_	_
329-8	PST094	329	329	8	n::~	n~	_	_	_	_	_	linguistic	_	none	Interrupted=Yes	End=955.7	0x2	_	_	_
330-0	PST094	330	330	0	nessuna	nessuna	_	_	_	_	_	linguistic	_	none	_	Begin=956.34	_	_	_	_
330-1	PST094	330	330	1	spiegazione	spiegazione	_	_	_	_	_	linguistic	_	none	_	End=957.696	_	_	_	_
331-0	PST094	331	331	0	poi	poi	_	_	_	_	_	linguistic	_	none	_	Begin=958.614	_	_	_	_
331-1	PST094	331	331	1	ci	ci	_	_	_	_	_	linguistic	_	none	_	_	_	_	_	_
331-2	PST094	331	331	2	sono	sono	_	_	_	_	_	linguistic	_	none	_	_	_	_	_	_
331-3	PST094	331	331	3	tante	tante	_	_	_	_	_	linguistic	_	none	_	_	_	_	_	_
331-4	PST094	331	331	4	altre	altre	_	_	_	_	_	linguistic	_	none	_	_	_	_	_	_
331-5	PST094	331	331	5	cose::	cose	_	_	_	_	_	linguistic	_	none	_	End=961.16	3x2	_	_	_
332-0	PST094	332	332	0	tante	tante	_	_	_	_	_	linguistic	_	none	_	Begin=961.161	_	_	_	_
332-1	PST094	332	332	1	tante	tante	_	_	_	_	_	linguistic	_	none	_	_	_	_	_	_
332-2	PST094	332	332	2	tante	tante	_	_	_	_	_	linguistic	_	none	_	_	_	_	_	_
332-3	PST094	332	332	3	o	o	_	_	_	_	_	linguistic	_	none	_	_	_	_	_	_
332-4	PST094	332	332	4	quando	quando	_	_	_	_	_	linguistic	_	none	_	_	_	_	_	_
332-5	PST094	332	332	5	li	li	_	_	_	_	_	linguistic	_	none	_	_	_	_	_	_
332-6	PST094	332	332	6	senti	senti	_	_	_	_	_	linguistic	_	none	_	_	_	_	_	_
332-7	PST094	332	332	7	che	che	_	_	_	_	_	linguistic	_	none	_	_	_	_	_	_
332-8	PST094	332	332	8	parlano:::	parlano	_	_	_	_	_	linguistic	_	none	_	End=964.767	6x3	_	_	_
333-0	PST094	333	333	0	e:h	eh	_	_	_	_	_	linguistic	_	none	_	Begin=965.32|End=965.96	0x1	_	_	_
334-0	PST094	334	334	0	#amu	amu	_	_	_	_	_	linguistic	_	all	Language=NO_ISO_CODE|Variation=Token	Begin=966.22|End=966.885	_	_	_	_
336-0	PST094	336	336	0	am~	am~	_	_	_	_	_	linguistic	_	all	Interrupted=Yes|Language=NO_ISO_CODE	Begin=966.974	_	_	_	_
336-1	PST094	336	336	1	amu	amu	_	_	_	_	_	linguistic	_	all	Language=NO_ISO_CODE	_	_	_	_	_
336-2	PST094	336	336	2	acasucă	acasucă	_	_	_	_	_	linguistic	_	all	Language=NO_ISO_CODE	_	_	_	_	_
336-3	PST094	336	336	3	((ride))	ride	_	_	_	_	_	linguistic	_	all	Language=NO_ISO_CODE	End=969.409	_	_	_	_
338-0	PST094	338	338	0	{ride}	{ride}	_	_	_	_	_	nonverbalbehavior	_	none	_	Begin=970.167|End=971.898	_	_	_	_
339-0	PST094	339	339	0	e	e	_	_	_	_	_	linguistic	_	none	_	Begin=972.13	_	_	_	_
339-1	PST094	339	339	1	tu	tu	_	_	_	_	_	linguistic	_	none	_	_	_	_	_	_
339-2	PST094	339	339	2	dici	dici	_	_	_	_	_	linguistic	_	none	_	_	_	_	_	_
339-3	PST094	339	339	3	ma	ma	_	_	_	_	_	linguistic	_	none	_	End=973.386	_	_	_	_
340-0	PST094	340	340	0	mamma	mamma	_	_	_	_	_	linguistic	_	none	_	Begin=973.91	_	_	_	_
340-1	PST094	340	340	1	mia	mia	_	_	_	_	_	linguistic	_	none	_	_	_	_	_	_
340-2	PST094	340	340	2	che	che	_	_	_	_	_	linguistic	_	none	_	_	_	_	_	_
340-3	PST094	340	340	3	acce:nto:	accento	_	_	_	_	_	linguistic	_	none	_	_	3x1,6x1	_	_	_
340-4	PST094	340	340	4	che	che	_	_	_	_	_	linguistic	_	none	_	_	_	_	_	_
340-5	PST094	340	340	5	bene	bene	_	_	_	_	_	linguistic	_	none	_	_	_	_	_	_
340-6	PST094	340	340	6	che	che	_	_	_	_	_	linguistic	_	none	_	_	_	_	_	_
340-7	PST094	340	340	7	lo	lo	_	_	_	_	_	linguistic	_	none	_	_	_	_	_	_
340-8	PST094	340	340	8	dici	dici	_	_	_	_	_	linguistic	_	none	_	_	_	_	_	_
340-9	PST094	340	340	9	meglio	meglio	_	_	_	_	_	linguistic	_	none	_	_	_	_	_	_
340-10	PST094	340	340	10	di	di	_	_	_	_	_	linguistic	_	none	_	_	_	_	_	_
340-11	PST094	340	340	11	me	me	_	_	_	_	_	linguistic	_	none	_	_	_	_	_	_
340-12	PST094	340	340	12	che	che	_	_	_	_	_	linguistic	_	none	_	_	_	_	_	_
340-13	PST094	340	340	13	sono	sono	_	_	_	_	_	linguistic	_	none	_	_	_	_	_	_
340-14	PST094	340	340	14	nata	nata	_	_	_	_	_	linguistic	_	none	_	_	_	_	_	_
340-15	PST094	340	340	15	di	di	_	_	_	_	_	linguistic	_	none	_	_	_	_	_	_
340-16	PST094	340	340	16	là	là	_	_	_	_	_	linguistic	_	none	_	_	_	_	_	_
340-17	PST094	340	340	17	{ride}	{ride}	_	_	_	_	_	nonverbalbehavior	_	none	_	End=980.91	_	_	_	_
341-0	PST094	341	341	0	però	però	_	_	_	_	_	linguistic	_	none	_	Begin=981.19	_	_	_	_
341-1	PST094	341	341	1	sono	sono	_	_	_	_	_	linguistic	_	none	_	_	_	_	_	_
341-2	PST094	341	341	2	cose	cose	_	_	_	_	_	linguistic	_	none	_	_	_	_	_	_
341-3	PST094	341	341	3	belle	belle	_	_	_	_	_	linguistic	_	none	_	End=982.16	_	_	_	_
342-0	PST094	342	342	0	dai	dai	_	_	_	_	_	linguistic	_	none	_	Begin=983.16	_	_	_	_
342-1	PST094	342	342	1	dai	dai	_	_	_	_	_	linguistic	_	none	_	_	_	_	_	_
342-2	PST094	342	342	2	ragazzi:::	ragazzi	_	_	_	_	_	linguistic	_	none	_	End=985.046	6x3	_	_	_
343-0	PST094	343	343	0	ti	ti	_	_	_	_	_	linguistic	_	none	_	Begin=985.19	_	_	_	_
343-1	PST094	343	343	1	puoi	puoi	_	_	_	_	_	linguistic	_	none	_	_	_	_	_	_
343-2	PST094	343	343	2	aspettare	aspettare	_	_	_	_	_	linguistic	_	none	_	_	_	_	_	_
343-3	PST094	343	343	3	tutto	tutto	_	_	_	_	_	linguistic	_	none	_	End=986.495	_	_	_	_
344-0	PST094	344	344	0	o	o	_	_	_	_	_	linguistic	_	none	_	Begin=986.66	_	_	_	_
344-1	PST094	344	344	1	poi	poi	_	_	_	_	_	linguistic	_	none	_	_	_	_	_	_
344-2	PST094	344	344	2	quando	quando	_	_	_	_	_	linguistic	_	none	_	_	_	_	_	_
344-3	PST094	344	344	3	li::	li	_	_	_	_	_	linguistic	_	none	_	End=987.64	1x2	_	_	_
345-0	PST094	345	345	0	parla	parla	_	_	_	_	_	linguistic	_	none	_	Begin=987.641	_	_	_	_
345-1	PST094	345	345	1	qualche	qualche	_	_	_	_	_	linguistic	_	none	_	_	_	_	_	_
345-2	PST094	345	345	2	parolaccia	parolaccia	_	_	_	_	_	linguistic	_	none	_	_	_	_	_	_
345-3	PST094	345	345	3	sentita	sentita	_	_	_	_	_	linguistic	_	none	_	_	_	_	_	_
345-4	PST094	345	345	4	in	in	_	_	_	_	_	linguistic	_	none	_	_	_	_	_	_
345-5	PST094	345	345	5	giro	giro	_	_	_	_	_	linguistic	_	none	_	End=989.935	_	_	_	_
346-0	PST094	346	346	0	e	e	_	_	_	_	_	linguistic	_	none	_	Begin=990.36	_	_	_	_
346-1	PST094	346	346	1	tu	tu	_	_	_	_	_	linguistic	_	none	_	_	_	_	_	_
346-2	PST094	346	346	2	vai	vai	_	_	_	_	_	linguistic	_	none	_	_	_	_	_	_
346-3	PST094	346	346	3	lì	lì	_	_	_	_	_	linguistic	_	none	_	_	_	_	_	_
346-4	PST094	346	346	4	tutto::	tutto	_	_	_	_	_	linguistic	_	none	_	End=992.164	4x2	_	_	_
347-0	PST094	347	347	0	nervoso	nervoso	_	_	_	_	_	linguistic	_	none	_	Begin=992.42	_	_	_	_
347-1	PST094	347	347	1	MA	ma	_	_	_	_	_	linguistic	_	none	Volume=high	_	_	_	_	_
347-2	PST094	347	347	2	TU	tu	_	_	_	_	_	linguistic	_	none	Volume=high	_	_	_	_	_
347-3	PST094	347	347	3	TI	ti	_	_	_	_	_	linguistic	_	none	Volume=high	_	_	_	_	_
347-4	PST094	347	347	4	RENDI	rendi	_	_	_	_	_	linguistic	_	none	Volume=high	_	_	_	_	_
347-5	PST094	347	347	5	CONTO	conto	_	_	_	_	_	linguistic	_	none	Volume=high	_	_	_	_	_
347-6	PST094	347	347	6	DI	di	_	_	_	_	_	linguistic	_	none	Volume=high	_	_	_	_	_
347-7	PST094	347	347	7	QUALE	quale	_	_	_	_	_	linguistic	_	none	Volume=high	_	_	_	_	_
347-8	PST094	347	347	8	STAI	stai	_	_	_	_	_	linguistic	_	none	Volume=high	_	_	_	_	_
347-9	PST094	347	347	9	DICEN~	dicen~	_	_	_	_	_	linguistic	_	none	Interrupted=Yes|Volume=high	_	_	_	_	_
347-10	PST094	347	347	10	no::?	no	_	_	_	_	_	linguistic	_	none	Intonation=Rising	End=995.342	1x2	_	_	_
348-0	PST094	348	348	0	così	così	_	_	_	_	_	linguistic	_	none	_	Begin=995.65	_	_	_	_
348-1	PST094	348	348	1	con:	con	_	_	_	_	_	linguistic	_	none	_	_	2x1	_	_	_
348-2	PST094	348	348	2	la	la	_	_	_	_	_	linguistic	_	none	_	_	_	_	_	_
348-3	PST094	348	348	3	purezza	purezza	_	_	_	_	_	linguistic	_	none	_	_	_	_	_	_
348-4	PST094	348	348	4	no:	no	_	_	_	_	_	linguistic	_	none	_	End=997.538	1x1	_	_	_
349-0	PST094	349	349	0	cosa	cosa	_	_	_	_	_	linguistic	_	none	_	Begin=998.161	_	_	_	_
349-1	PST094	349	349	1	vuol	vuol	_	_	_	_	_	linguistic	_	none	_	_	_	_	_	_
349-2	PST094	349	349	2	dire	dire	_	_	_	_	_	linguistic	_	none	_	_	_	_	_	_
349-3	PST094	349	349	3	{ride}	{ride}	_	_	_	_	_	nonverbalbehavior	_	none	_	End=999.283	_	_	_	_
350-0	PST094	350	350	0	MA	ma	_	_	_	_	_	linguistic	_	none	Volume=high	Begin=999.36	_	_	_	_
350-1	PST094	350	350	1	PERCHE'	perche'	_	_	_	_	_	linguistic	_	none	Truncated=Yes|Volume=high	_	_	_	_	_
350-2	PST094	350	350	2	LO	lo	_	_	_	_	_	linguistic	_	none	Volume=high	_	_	_	_	_
350-3	PST094	350	350	3	STAI	stai	_	_	_	_	_	linguistic	_	none	Volume=high	_	_	_	_	_
350-4	PST094	350	350	4	USANDO	usando	_	_	_	_	_	linguistic	_	none	Volume=high	_	_	_	_	_
350-5	PST094	350	350	5	SE	se	_	_	_	_	_	linguistic	_	none	Volume=high	_	_	_	_	_
350-6	PST094	350	350	6	NON	non	_	_	_	_	_	linguistic	_	none	Volume=high	_	_	_	_	_
350-7	PST094	350	350	7	SAI	sai	_	_	_	_	_	linguistic	_	none	Volume=high	_	_	_	_	_
350-8	PST094	350	350	8	COSA	cosa	_	_	_	_	_	linguistic	_	none	Volume=high	_	_	_	_	_
350-9	PST094	350	350	9	VUOL	vuol	_	_	_	_	_	linguistic	_	none	Volume=high	_	_	_	_	_
350-10	PST094	350	350	10	DIRE	dire	_	_	_	_	_	linguistic	_	none	Volume=high	End=1002.215	_	_	_	_
351-0	PST094	351	351	0	no?	no	_	_	_	_	_	linguistic	_	none	Intonation=Rising	Begin=1002.946|End=1003.49	_	_	_	_
352-0	PST094	352	352	0	però	però	_	_	_	_	_	linguistic	_	none	_	Begin=1004.411	_	_	_	_
352-1	PST094	352	352	1	poi	poi	_	_	_	_	_	linguistic	_	none	_	_	_	_	_	_
352-2	PST094	352	352	2	gli	gli	_	_	_	_	_	linguistic	_	none	_	_	_	_	_	_
352-3	PST094	352	352	3	spieghi	spieghi	_	_	_	_	_	linguistic	_	none	_	_	_	_	_	_
352-4	PST094	352	352	4	e:	e	_	_	_	_	_	linguistic	_	none	_	_	0x1	_	_	_
352-5	PST094	352	352	5	li	li	_	_	_	_	_	linguistic	_	none	_	_	_	_	_	_
352-6	PST094	352	352	6	vedi	vedi	_	_	_	_	_	linguistic	_	none	_	_	_	_	_	_
352-7	PST094	352	352	7	che:	che	_	_	_	_	_	linguistic	_	none	_	_	2x1	_	_	_
352-8	PST094	352	352	8	non	non	_	_	_	_	_	linguistic	_	none	_	_	_	_	_	_
352-9	PST094	352	352	9	utilizzano	utilizzano	_	_	_	_	_	linguistic	_	none	_	_	_	_	_	_
352-10	PST094	352	352	10	più.	più	_	_	_	_	_	linguistic	_	none	Intonation=Falling	End=1008.3	_	_	_	_
353-0	PST092	353	353	0	anche	anche	_	_	_	_	_	linguistic	_	none	_	Begin=1009.74	_	_	_	_
353-1	PST092	353	353	1	per	per	_	_	_	_	_	linguistic	_	none	_	_	_	_	_	_
353-2	PST092	353	353	2	le	le	_	_	_	_	_	linguistic	_	none	_	_	_	_	_	_
353-3	PST092	353	353	3	canzoni	canzoni	_	_	_	_	_	linguistic	_	none	_	_	_	_	_	_
353-4	PST092	353	353	4	è	è	_	_	_	_	_	linguistic	_	none	_	_	_	_	_	_
353-5	PST092	353	353	5	un	un	_	_	_	_	_	linguistic	_	none	_	_	_	_	_	_
353-6	PST092	353	353	6	po'	po'	_	_	_	_	_	linguistic	_	none	_	_	_	_	_	_
353-7	PST092	353	353	7	così	così	_	_	_	_	_	linguistic	_	none	_	End=1011.108	_	_	_	_
354-0	PST092	354	354	0	[x]	x	_	_	_	_	_	unknown	_	none	Syllables=1	Begin=1011.171	_	_	_	0-1(9)
354-1	PST092	354	354	1	{ride}	{ride}	_	_	_	_	_	nonverbalbehavior	_	none	_	End=1012.5	_	_	_	_
355-0	PST094	355	355	0	[anche	anche	_	_	_	_	_	linguistic	_	none	_	Begin=1011.171	_	_	_	0-5(9)
355-1	PST094	355	355	1	per	per	_	_	_	_	_	linguistic	_	none	_	_	_	_	_	0-3(9)
355-2	PST094	355	355	2	le	le	_	_	_	_	_	linguistic	_	none	_	_	_	_	_	0-2(9)
355-3	PST094	355	355	3	canzo]ni	canzoni	_	_	_	_	_	linguistic	_	none	_	_	_	_	_	0-5(9)
355-4	PST094	355	355	4	ma	ma	_	_	_	_	_	linguistic	_	none	_	_	_	_	_	_
355-5	PST094	355	355	5	è	è	_	_	_	_	_	linguistic	_	none	_	_	_	_	_	_
355-6	PST094	355	355	6	bello	bello	_	_	_	_	_	linguistic	_	none	_	End=1013.46	_	_	_	_
356-0	PST094	356	356	0	perché	perché	_	_	_	_	_	linguistic	_	none	_	Begin=1013.46	_	_	_	_
356-1	PST094	356	356	1	anche	anche	_	_	_	_	_	linguistic	_	none	_	_	_	_	_	_
356-2	PST094	356	356	2	le	le	_	_	_	_	_	linguistic	_	none	_	_	_	_	_	_
356-3	PST094	356	356	3	canzoni	canzoni	_	_	_	_	_	linguistic	_	none	_	_	_	_	_	_
356-4	PST094	356	356	4	non	non	_	_	_	_	_	linguistic	_	none	_	_	_	_	_	_
356-5	PST094	356	356	5	è	è	_	_	_	_	_	linguistic	_	none	_	_	_	_	_	_
356-6	PST094	356	356	6	che	che	_	_	_	_	_	linguistic	_	none	_	_	_	_	_	_
356-7	PST094	356	356	7	li:	li	_	_	_	_	_	linguistic	_	none	_	_	1x1	_	_	_
356-8	PST094	356	356	8	studiate	studiate	_	_	_	_	_	linguistic	_	none	_	_	_	_	_	_
356-9	PST094	356	356	9	a	a	_	_	_	_	_	linguistic	_	none	_	_	_	_	_	_
356-10	PST094	356	356	10	memoria	memoria	_	_	_	_	_	linguistic	_	none	_	End=1016.25	_	_	_	_
357-0	PST094	357	357	0	ve	ve	_	_	_	_	_	linguistic	_	none	_	Begin=1016.25	_	_	_	_
357-1	PST094	357	357	1	li	li	_	_	_	_	_	linguistic	_	none	_	_	_	_	_	_
357-2	PST094	357	357	2	spie:go	spiego	_	_	_	_	_	linguistic	_	none	_	_	3x1	_	_	_
357-3	PST094	357	357	3	ogni	ogni	_	_	_	_	_	linguistic	_	none	_	_	_	_	_	_
357-4	PST094	357	357	4	parola	parola	_	_	_	_	_	linguistic	_	none	_	_	_	_	_	_
357-5	PST094	357	357	5	cosa	cosa	_	_	_	_	_	linguistic	_	none	_	_	_	_	_	_
357-6	PST094	357	357	6	vuol	vuol	_	_	_	_	_	linguistic	_	none	_	_	_	_	_	_
357-7	PST094	357	357	7	dire	dire	_	_	_	_	_	linguistic	_	none	_	_	_	_	_	_
357-8	PST094	357	357	8	cosa	cosa	_	_	_	_	_	linguistic	_	none	_	End=1019.14	_	_	_	_
358-0	PST094	358	358	0	poi	poi	_	_	_	_	_	linguistic	_	none	_	Begin=1019.37|End=1019.99	_	_	_	_
359-0	PST094	359	359	0	sì	sì	_	_	_	_	_	linguistic	_	none	_	Begin=1020.56|End=1021.11	_	_	_	_
360-0	PST094	360	360	0	(li)	li	_	_	_	_	_	linguistic	_	none	_	Begin=1022.2	_	_	0-2(0)	_
360-1	PST094	360	360	1	dobbiamo	dobbiamo	_	_	_	_	_	linguistic	_	none	_	_	_	_	_	_
360-2	PST094	360	360	2	ripetere	ripetere	_	_	_	_	_	linguistic	_	none	_	_	_	_	_	_
360-3	PST094	360	360	3	perché	perché	_	_	_	_	_	linguistic	_	none	_	_	_	_	_	_
360-4	PST094	360	360	4	per	per	_	_	_	_	_	linguistic	_	none	_	_	_	_	_	_
360-5	PST094	360	360	5	voi	voi	_	_	_	_	_	linguistic	_	none	_	_	_	_	_	_
360-6	PST094	360	360	6	è	è	_	_	_	_	_	linguistic	_	none	_	_	_	_	_	_
360-7	PST094	360	360	7	una	una	_	_	_	_	_	linguistic	_	none	_	_	_	_	_	_
360-8	PST094	360	360	8	lingua:::	lingua	_	_	_	_	_	linguistic	_	none	_	End=1025.345	5x3	_	_	_
361-0	PST094	361	361	0	perché	perché	_	_	_	_	_	linguistic	_	none	_	Begin=1025.44	_	_	_	_
361-1	PST094	361	361	1	è	è	_	_	_	_	_	linguistic	_	none	_	_	_	_	_	_
361-2	PST094	361	361	2	un	un	_	_	_	_	_	linguistic	_	none	_	_	_	_	_	_
361-3	PST094	361	361	3	vocabolario	vocabolario	_	_	_	_	_	linguistic	_	none	_	_	_	_	_	_
361-4	PST094	361	361	4	che	che	_	_	_	_	_	linguistic	_	none	_	_	_	_	_	_
361-5	PST094	361	361	5	non	non	_	_	_	_	_	linguistic	_	none	_	_	_	_	_	_
361-6	PST094	361	361	6	lo	lo	_	_	_	_	_	linguistic	_	none	_	_	_	_	_	_
361-7	PST094	361	361	7	stanno	stanno	_	_	_	_	_	linguistic	_	none	_	_	_	_	_	_
361-8	PST094	361	361	8	utilizzando	utilizzando	_	_	_	_	_	linguistic	_	none	_	_	_	_	_	_
361-9	PST094	361	361	9	tutti	tutti	_	_	_	_	_	linguistic	_	none	_	_	_	_	_	_
361-10	PST094	361	361	10	i	i	_	_	_	_	_	linguistic	_	none	_	_	_	_	_	_
361-11	PST094	361	361	11	giorni	giorni	_	_	_	_	_	linguistic	_	none	_	End=1028.85	_	_	_	_
362-0	PST094	362	362	0	nelle	nelle	_	_	_	_	_	linguistic	_	none	_	Begin=1029.54	_	_	_	_
362-1	PST094	362	362	1	canzo:ne	canzone	_	_	_	_	_	linguistic	_	none	_	End=1030.688	4x1	_	_	_
363-0	PST203	363	363	0	senti	senti	_	_	_	_	_	linguistic	_	none	_	Begin=1031.12	_	_	_	_
363-1	PST203	363	363	1	ma	ma	_	_	_	_	_	linguistic	_	none	_	_	_	_	_	_
363-2	PST203	363	363	2	mh	mh	_	_	_	_	_	linguistic	_	none	_	_	_	_	_	_
363-3	PST203	363	363	3	ti	ti	_	_	_	_	_	linguistic	_	none	_	_	_	_	_	_
363-4	PST203	363	363	4	chiedo	chiedo	_	_	_	_	_	linguistic	_	none	_	_	_	_	_	_
363-5	PST203	363	363	5	proprio	proprio	_	_	_	_	_	linguistic	_	none	_	_	_	_	_	_
363-6	PST203	363	363	6	solo	solo	_	_	_	_	_	linguistic	_	none	_	_	_	_	_	_
363-7	PST203	363	363	7	l'	l'	_	_	_	_	_	linguistic	_	none	SpaceAfter=No	_	_	_	_	_
363-8	PST203	363	363	8	ultima::	ultima	_	_	_	_	_	linguistic	_	none	_	_	5x2	_	_	_
363-9	PST203	363	363	9	cosa	cosa	_	_	_	_	_	linguistic	_	none	_	End=1034.04	_	_	_	_
364-0	PST203	364	364	0	poi	poi	_	_	_	_	_	linguistic	_	none	_	Begin=1034.05	_	_	_	_
364-1	PST203	364	364	1	non	non	_	_	_	_	_	linguistic	_	none	_	_	_	_	_	_
364-2	PST203	364	364	2	so	so	_	_	_	_	_	linguistic	_	none	_	_	_	_	_	_
364-3	PST203	364	364	3	se	se	_	_	_	_	_	linguistic	_	none	_	_	_	_	_	_
364-4	PST203	364	364	4	volete	volete	_	_	_	_	_	linguistic	_	none	_	_	_	_	_	_
364-5	PST203	364	364	5	dire	dire	_	_	_	_	_	linguistic	_	none	_	_	_	_	_	_
364-6	PST203	364	364	6	delle	delle	_	_	_	_	_	linguistic	_	none	_	_	_	_	_	_
364-7	PST203	364	364	7	cose	cose	_	_	_	_	_	linguistic	_	none	_	_	_	_	_	_
364-8	PST203	364	364	8	anche	anche	_	_	_	_	_	linguistic	_	none	_	_	_	_	_	_
364-9	PST203	364	364	9	voi:	voi	_	_	_	_	_	linguistic	_	none	_	End=1036.49	2x1	_	_	_
365-0	PST203	365	365	0	e::hm	ehm	_	_	_	_	_	linguistic	_	none	_	Begin=1037.0|End=1037.9	0x2	_	_	_
366-0	PST203	366	366	0	qua	qua	_	_	_	_	_	linguistic	_	none	_	Begin=1038.05	_	_	_	_
366-1	PST203	366	366	1	si	si	_	_	_	_	_	linguistic	_	none	_	_	_	_	_	_
366-2	PST203	366	366	2	fa	fa	_	_	_	_	_	linguistic	_	none	_	_	_	_	_	_
366-3	PST203	366	366	3	musica	musica	_	_	_	_	_	linguistic	_	none	_	_	_	_	_	_
366-4	PST203	366	366	4	tradizionale	tradizionale	_	_	_	_	_	linguistic	_	none	_	_	_	_	_	_
366-5	PST203	366	366	5	rumena	rumena	_	_	_	_	_	linguistic	_	none	_	End=1040.042	_	_	_	_
367-0	PST203	367	367	0	cioè	cioè	_	_	_	_	_	linguistic	_	none	_	Begin=1040.43	_	_	_	_
367-1	PST203	367	367	1	proprio	proprio	_	_	_	_	_	linguistic	_	none	PauseAfter=Yes	_	_	_	_	_
367-2	PST203	367	367	2	{P}	{P}	_	_	_	_	_	shortpause	_	none	_	_	_	_	_	_
367-3	PST203	367	367	3	la	la	_	_	_	_	_	linguistic	_	none	_	_	_	_	_	_
367-4	PST203	367	367	4	tradizione	tradizione	_	_	_	_	_	linguistic	_	none	_	End=1042.16	_	_	_	_
368-0	PST203	368	368	0	e::hm:	ehm	_	_	_	_	_	linguistic	_	none	_	Begin=1042.76|End=1043.826	0x2,2x1	_	_	_
369-0	PST203	369	369	0	però	però	_	_	_	_	_	linguistic	_	none	_	Begin=1044.14	_	_	_	_
369-1	PST203	369	369	1	a	a	_	_	_	_	_	linguistic	_	none	_	_	_	_	_	_
369-2	PST203	369	369	2	torino	torino	_	_	_	_	_	linguistic	_	none	_	_	_	_	_	_
369-3	PST203	369	369	3	c'	c'	_	_	_	_	_	linguistic	_	none	SpaceAfter=No	_	_	_	_	_
369-4	PST203	369	369	4	è	è	_	_	_	_	_	linguistic	_	none	_	_	_	_	_	_
369-5	PST203	369	369	5	anche	anche	_	_	_	_	_	linguistic	_	none	_	_	_	_	_	_
369-6	PST203	369	369	6	la	la	_	_	_	_	_	linguistic	_	none	_	_	_	_	_	_
369-7	PST203	369	369	7	possibilità	possibilità	_	_	_	_	_	linguistic	_	none	_	_	_	_	_	_
369-8	PST203	369	369	8	di	di	_	_	_	_	_	linguistic	_	none	_	_	_	_	_	_
369-9	PST203	369	369	9	sentire::	sentire	_	_	_	_	_	linguistic	_	none	_	End=1047.45	6x2	_	_	_
370-0	PST203	370	370	0	insomma	insomma	_	_	_	_	_	linguistic	_	none	_	Begin=1047.61	_	_	_	_
370-1	PST203	370	370	1	musica	musica	_	_	_	_	_	linguistic	_	none	_	_	_	_	_	_
370-2	PST203	370	370	2	rumena	rumena	_	_	_	_	_	linguistic	_	none	_	_	_	_	_	_
370-3	PST203	370	370	3	contempora~	contempora~	_	_	_	_	_	linguistic	_	none	Interrupted=Yes	_	_	_	_	_
370-4	PST203	370	370	4	mmh	mmh	_	_	_	_	_	linguistic	_	none	_	End=1049.87	_	_	_	_
371-0	PST094	371	371	0	[leggera	leggera	_	_	_	_	_	linguistic	_	none	_	Begin=1049.87	_	_	_	0-7(12)
371-1	PST094	371	371	1	mh]	mh	_	_	_	_	_	linguistic	_	none	_	End=1050.85	_	_	_	0-2(12)
372-0	PST203	372	372	0	[discote:ca]	discoteca	_	_	_	_	_	linguistic	_	none	_	Begin=1049.87|End=1050.839	6x1	_	_	0-9(12)
373-0	PST203	373	373	0	ra:p:	rap	_	_	_	_	_	linguistic	_	none	_	Begin=1050.839	1x1,2x1	_	_	_
373-1	PST203	373	373	1	po:p:	pop	_	_	_	_	_	linguistic	_	none	_	End=1052.905	1x1,2x1	_	_	_
374-0	PST203	374	374	0	cioè	cioè	_	_	_	_	_	linguistic	_	none	_	Begin=1053.1	_	_	_	_
374-1	PST203	374	374	1	ci	ci	_	_	_	_	_	linguistic	_	none	_	_	_	_	_	_
374-2	PST203	374	374	2	sono	sono	_	_	_	_	_	linguistic	_	none	_	_	_	_	_	_
374-3	PST203	374	374	3	anche	anche	_	_	_	_	_	linguistic	_	none	_	_	_	_	_	_
374-4	PST203	374	374	4	queste	queste	_	_	_	_	_	linguistic	_	none	_	_	_	_	_	_
374-5	PST203	374	374	5	cose	cose	_	_	_	_	_	linguistic	_	none	_	End=1054.86	_	_	_	_
375-0	PST094	375	375	0	sì	sì	_	_	_	_	_	linguistic	_	none	_	Begin=1055.77|End=1056.22	_	_	_	_
376-0	PST094	376	376	0	ci	ci	_	_	_	_	_	linguistic	_	none	_	Begin=1056.48	_	_	_	_
376-1	PST094	376	376	1	sono	sono	_	_	_	_	_	linguistic	_	none	_	_	_	_	_	_
376-2	PST094	376	376	2	anche	anche	_	_	_	_	_	linguistic	_	none	_	_	_	_	_	_
376-3	PST094	376	376	3	queste	queste	_	_	_	_	_	linguistic	_	none	_	_	_	_	_	_
376-4	PST094	376	376	4	cose	cose	_	_	_	_	_	linguistic	_	none	_	_	_	_	_	_
376-5	PST094	376	376	5	ma	ma	_	_	_	_	_	linguistic	_	none	_	_	_	_	_	_
376-6	PST094	376	376	6	non	non	_	_	_	_	_	linguistic	_	none	_	_	_	_	_	_
376-7	PST094	376	376	7	lo	lo	_	_	_	_	_	linguistic	_	none	_	_	_	_	_	_
376-8	PST094	376	376	8	so	so	_	_	_	_	_	linguistic	_	none	_	_	_	_	_	_
376-9	PST094	376	376	9	se	se	_	_	_	_	_	linguistic	_	none	_	_	_	_	_	_
376-10	PST094	376	376	10	nelle	nelle	_	_	_	_	_	linguistic	_	none	_	_	_	_	_	_
376-11	PST094	376	376	11	associazioni	associazioni	_	_	_	_	_	linguistic	_	none	_	_	_	_	_	_
376-12	PST094	376	376	12	lo	lo	_	_	_	_	_	linguistic	_	none	_	_	_	_	_	_
376-13	PST094	376	376	13	fanno	fanno	_	_	_	_	_	linguistic	_	none	_	_	_	_	_	_
376-14	PST094	376	376	14	magari	magari	_	_	_	_	_	linguistic	_	none	_	_	_	_	_	_
376-15	PST094	376	376	15	sì::	sì	_	_	_	_	_	linguistic	_	none	_	End=1061.98	1x2	_	_	_
377-0	PST094	377	377	0	sono	sono	_	_	_	_	_	linguistic	_	none	_	Begin=1061.98	_	_	_	_
377-1	PST094	377	377	1	queste	queste	_	_	_	_	_	linguistic	_	none	_	_	_	_	_	_
377-2	PST094	377	377	2	cose	cose	_	_	_	_	_	linguistic	_	none	_	_	_	_	_	_
377-3	PST094	377	377	3	in	in	_	_	_	_	_	linguistic	_	none	_	_	_	_	_	_
377-4	PST094	377	377	4	discoteca	discoteca	_	_	_	_	_	linguistic	_	none	_	End=1063.851	_	_	_	_
378-0	PST094	378	378	0	e::h	eh	_	_	_	_	_	linguistic	_	none	_	Begin=1064.559	0x2	_	_	_
378-1	PST094	378	378	1	ma:::	ma	_	_	_	_	_	linguistic	_	none	_	End=1066.44	1x3	_	_	_
379-0	PST094	379	379	0	visto	visto	_	_	_	_	_	linguistic	_	none	_	Begin=1066.56	_	_	_	_
379-1	PST094	379	379	1	che	che	_	_	_	_	_	linguistic	_	none	_	_	_	_	_	_
379-2	PST094	379	379	2	sono::	sono	_	_	_	_	_	linguistic	_	none	_	_	3x2	_	_	_
379-3	PST094	379	379	3	le	le	_	_	_	_	_	linguistic	_	none	_	_	_	_	_	_
379-4	PST094	379	379	4	canzone	canzone	_	_	_	_	_	linguistic	_	none	_	_	_	_	_	_
379-5	PST094	379	379	5	che	che	_	_	_	_	_	linguistic	_	none	_	_	_	_	_	_
379-6	PST094	379	379	6	comunque	comunque	_	_	_	_	_	linguistic	_	none	_	_	_	_	_	_
379-7	PST094	379	379	7	le	le	_	_	_	_	_	linguistic	_	none	_	_	_	_	_	_
379-8	PST094	379	379	8	ritrovano	ritrovano	_	_	_	_	_	linguistic	_	none	_	_	_	_	_	_
379-9	PST094	379	379	9	dovunque	dovunque	_	_	_	_	_	linguistic	_	none	_	End=1070.58	_	_	_	_
380-0	PST094	380	380	0	e:::	e	_	_	_	_	_	linguistic	_	none	_	Begin=1071.23|End=1072.04	0x3	_	_	_
381-0	PST094	381	381	0	poi	poi	_	_	_	_	_	linguistic	_	some	_	Begin=1072.04	_	_	_	_
381-1	PST094	381	381	1	c'	c'	_	_	_	_	_	linguistic	_	some	SpaceAfter=No	_	_	_	_	_
381-2	PST094	381	381	2	è	è	_	_	_	_	_	linguistic	_	some	_	_	_	_	_	_
381-3	PST094	381	381	3	quel::	quel	_	_	_	_	_	linguistic	_	some	_	_	3x2	_	_	_
381-4	PST094	381	381	4	#stil	stil	_	_	_	_	_	linguistic	_	some	Language=NO_ISO_CODE|Variation=Token	_	_	_	_	_
381-5	PST094	381	381	5	di:	di	_	_	_	_	_	linguistic	_	some	_	_	1x1	_	_	_
381-6	PST094	381	381	6	#manele	manele	_	_	_	_	_	linguistic	_	some	Language=NO_ISO_CODE|Variation=Token	_	_	_	_	_
381-7	PST094	381	381	7	che	che	_	_	_	_	_	linguistic	_	some	_	_	_	_	_	_
381-8	PST094	381	381	8	{sbuffa}	{sbuffa}	_	_	_	_	_	nonverbalbehavior	_	some	_	End=1076.001	_	_	_	_
383-0	PST094	383	383	0	vabbè	vabbè	_	_	_	_	_	linguistic	_	some	_	Begin=1076.325	_	_	_	_
383-1	PST094	383	383	1	se	se	_	_	_	_	_	linguistic	_	some	_	_	_	_	_	_
383-2	PST094	383	383	2	aprirò	aprirò	_	_	_	_	_	linguistic	_	some	_	_	_	_	_	_
383-3	PST094	383	383	3	una	una	_	_	_	_	_	linguistic	_	some	_	_	_	_	_	_
383-4	PST094	383	383	4	scuola	scuola	_	_	_	_	_	linguistic	_	some	_	_	_	_	_	_
383-5	PST094	383	383	5	con	con	_	_	_	_	_	linguistic	_	some	_	_	_	_	_	_
383-6	PST094	383	383	6	quel	quel	_	_	_	_	_	linguistic	_	some	PauseAfter=Yes	_	_	_	_	_
383-7	PST094	383	383	7	{P}	{P}	_	_	_	_	_	shortpause	_	some	_	_	_	_	_	_
383-8	PST094	383	383	8	#stil	stil	_	_	_	_	_	linguistic	_	some	Language=NO_ISO_CODE|Variation=Token	End=1079.48	_	_	_	_
385-0	PST094	385	385	0	secondo	secondo	_	_	_	_	_	linguistic	_	none	_	Begin=1079.909	_	_	_	_
385-1	PST094	385	385	1	me::	me	_	_	_	_	_	linguistic	_	none	_	End=1081.517	1x2	_	_	_
386-0	PST094	386	386	0	dovrei	dovrei	_	_	_	_	_	linguistic	_	none	_	Begin=1081.64	_	_	_	_
386-1	PST094	386	386	1	avere	avere	_	_	_	_	_	linguistic	_	none	_	_	_	_	_	_
386-2	PST094	386	386	2	una	una	_	_	_	_	_	linguistic	_	none	_	_	_	_	_	_
386-3	PST094	386	386	3	giornata	giornata	_	_	_	_	_	linguistic	_	none	_	_	_	_	_	_
386-4	PST094	386	386	4	di	di	_	_	_	_	_	linguistic	_	none	_	_	_	_	_	_
386-5	PST094	386	386	5	trenta	trenta	_	_	_	_	_	linguistic	_	none	_	_	_	_	_	_
386-6	PST094	386	386	6	ore	ore	_	_	_	_	_	linguistic	_	none	_	End=1083.423	_	_	_	_
387-0	PST094	387	387	0	{ride}	{ride}	_	_	_	_	_	nonverbalbehavior	_	none	_	Begin=1083.84|End=1084.813	_	_	_	_
388-0	PST094	388	388	0	però	però	_	_	_	_	_	linguistic	_	none	_	Begin=1084.876	_	_	_	_
388-1	PST094	388	388	1	è	è	_	_	_	_	_	linguistic	_	none	_	_	_	_	_	_
388-2	PST094	388	388	2	una	una	_	_	_	_	_	linguistic	_	none	_	_	_	_	_	_
388-3	PST094	388	388	3	co~	co~	_	_	_	_	_	linguistic	_	none	Interrupted=Yes	_	_	_	_	_
388-4	PST094	388	388	4	è	è	_	_	_	_	_	linguistic	_	none	_	_	_	_	_	_
388-5	PST094	388	388	5	una	una	_	_	_	_	_	linguistic	_	none	_	_	_	_	_	_
388-6	PST094	388	388	6	musica	musica	_	_	_	_	_	linguistic	_	none	_	_	_	_	_	_
388-7	PST094	388	388	7	che:	che	_	_	_	_	_	linguistic	_	none	ProsodicLink=Yes	_	2x1	_	_	_
388-8	PST094	388	388	8	(è:)	è	_	_	_	_	_	linguistic	_	none	_	_	0x1	_	0-1(0)	_
388-9	PST094	388	388	9	soprattutto	soprattutto	_	_	_	_	_	linguistic	_	none	_	_	_	_	_	_
388-10	PST094	388	388	10	per:	per	_	_	_	_	_	linguistic	_	none	_	End=1088.696	2x1	_	_	_
389-0	PST094	389	389	0	e:hm:	ehm	_	_	_	_	_	linguistic	_	none	_	Begin=1088.696	0x1,2x1	_	_	_
389-1	PST094	389	389	1	non	non	_	_	_	_	_	linguistic	_	none	_	_	_	_	_	_
389-2	PST094	389	389	2	vorrei	vorrei	_	_	_	_	_	linguistic	_	none	_	_	_	_	_	_
389-3	PST094	389	389	3	m::h	mh	_	_	_	_	_	linguistic	_	none	_	End=1091.37	0x2	_	_	_
390-0	PST094	390	390	0	non	non	_	_	_	_	_	linguistic	_	none	_	Begin=1091.37	_	_	_	_
390-1	PST094	390	390	1	non	non	_	_	_	_	_	linguistic	_	none	_	_	_	_	_	_
390-2	PST094	390	390	2	dico	dico	_	_	_	_	_	linguistic	_	none	_	_	_	_	_	_
390-3	PST094	390	390	3	ma	ma	_	_	_	_	_	linguistic	_	none	_	_	_	_	_	_
390-4	PST094	390	390	4	è	è	_	_	_	_	_	linguistic	_	none	_	_	_	_	_	_
390-5	PST094	390	390	5	un	un	_	_	_	_	_	linguistic	_	none	_	_	_	_	_	_
390-6	PST094	390	390	6	genere	genere	_	_	_	_	_	linguistic	_	none	_	_	_	_	_	_
390-7	PST094	390	390	7	di	di	_	_	_	_	_	linguistic	_	none	_	_	_	_	_	_
390-8	PST094	390	390	8	musica	musica	_	_	_	_	_	linguistic	_	none	_	End=1094.067	_	_	_	_
391-0	PST094	391	391	0	che	che	_	_	_	_	_	linguistic	_	none	_	Begin=1094.28	_	_	_	_
391-1	PST094	391	391	1	non	non	_	_	_	_	_	linguistic	_	none	_	_	_	_	_	_
391-2	PST094	391	391	2	è	è	_	_	_	_	_	linguistic	_	none	_	_	_	_	_	_
391-3	PST094	391	391	3	$culta	culta	_	_	_	_	_	linguistic	_	none	Orthography=Yes|Variation=Emerging	End=1095.348	_	_	_	_
392-0	PST094	392	392	0	colta	colta	_	_	_	_	_	linguistic	_	none	_	Begin=1095.7|End=1096.362	_	_	_	_
393-0	PST094	393	393	0	okay?	okay	_	_	_	_	_	linguistic	_	none	Intonation=Rising	Begin=1096.48|End=1097.035	_	_	_	_
394-0	PST094	394	394	0	non	non	_	_	_	_	_	linguistic	_	none	_	Begin=1097.11	_	_	_	_
394-1	PST094	394	394	1	essendoci	essendoci	_	_	_	_	_	linguistic	_	none	_	_	_	_	_	_
394-2	PST094	394	394	2	una	una	_	_	_	_	_	linguistic	_	none	_	_	_	_	_	_
394-3	PST094	394	394	3	musica	musica	_	_	_	_	_	linguistic	_	none	_	_	_	_	_	_
394-4	PST094	394	394	4	bella	bella	_	_	_	_	_	linguistic	_	none	_	_	_	_	_	_
394-5	PST094	394	394	5	io:	io	_	_	_	_	_	linguistic	_	none	_	_	1x1	_	_	_
394-6	PST094	394	394	6	non	non	_	_	_	_	_	linguistic	_	none	_	_	_	_	_	_
394-7	PST094	394	394	7	lo	lo	_	_	_	_	_	linguistic	_	none	_	_	_	_	_	_
394-8	PST094	394	394	8	faccio	faccio	_	_	_	_	_	linguistic	_	none	_	_	_	_	_	_
394-9	PST094	394	394	9	nemmeno	nemmeno	_	_	_	_	_	linguistic	_	none	_	_	_	_	_	_
394-10	PST094	394	394	10	il	il	_	_	_	_	_	linguistic	_	none	_	_	_	_	_	_
394-11	PST094	394	394	11	testo	testo	_	_	_	_	_	linguistic	_	none	_	_	_	_	_	_
394-12	PST094	394	394	12	non	non	_	_	_	_	_	linguistic	_	none	_	_	_	_	_	_
394-13	PST094	394	394	13	ti	ti	_	_	_	_	_	linguistic	_	none	_	_	_	_	_	_
394-14	PST094	394	394	14	dice	dice	_	_	_	_	_	linguistic	_	none	_	_	_	_	_	_
394-15	PST094	394	394	15	niente	niente	_	_	_	_	_	linguistic	_	none	_	End=1102.186	_	_	_	_
395-0	PST094	395	395	0	è::	è	_	_	_	_	_	linguistic	_	none	_	Begin=1102.186	0x2	_	_	_
395-1	PST094	395	395	1	proprio	proprio	_	_	_	_	_	linguistic	_	none	_	_	_	_	_	_
395-2	PST094	395	395	2	vuoto	vuoto	_	_	_	_	_	linguistic	_	none	_	_	_	_	_	_
395-3	PST094	395	395	3	vuoto	vuoto	_	_	_	_	_	linguistic	_	none	_	End=1103.863	_	_	_	_
396-0	PST094	396	396	0	okay	okay	_	_	_	_	_	linguistic	_	none	_	Begin=1104.4|End=1104.93	_	_	_	_
397-0	PST094	397	397	0	e::h	eh	_	_	_	_	_	linguistic	_	none	_	Begin=1105.1	0x2	_	_	_
397-1	PST094	397	397	1	le	le	_	_	_	_	_	linguistic	_	none	_	_	_	_	_	_
397-2	PST094	397	397	2	altre	altre	_	_	_	_	_	linguistic	_	none	_	_	_	_	_	_
397-3	PST094	397	397	3	canzon(i)	canzoni	_	_	_	_	_	linguistic	_	none	_	_	_	_	6-7(0)	_
397-4	PST094	397	397	4	li	li	_	_	_	_	_	linguistic	_	none	_	_	_	_	_	_
397-5	PST094	397	397	5	trov(ano)	trovano	_	_	_	_	_	linguistic	_	none	_	_	_	_	4-7(1)	_
397-6	PST094	397	397	6	li	li	_	_	_	_	_	linguistic	_	none	_	_	_	_	_	_
397-7	PST094	397	397	7	possono	possono	_	_	_	_	_	linguistic	_	none	_	_	_	_	_	_
397-8	PST094	397	397	8	trovare	trovare	_	_	_	_	_	linguistic	_	none	_	_	_	_	_	_
397-9	PST094	397	397	9	sull'	sull'	_	_	_	_	_	linguistic	_	none	SpaceAfter=No	_	_	_	_	_
397-10	PST094	397	397	10	internet	internet	_	_	_	_	_	linguistic	_	none	_	_	_	_	_	_
397-11	PST094	397	397	11	dovunque	dovunque	_	_	_	_	_	linguistic	_	none	_	_	_	_	_	_
397-12	PST094	397	397	12	vogliono	vogliono	_	_	_	_	_	linguistic	_	none	_	End=1110.23	_	_	_	_
398-0	PST094	398	398	0	ma	ma	_	_	_	_	_	linguistic	_	none	_	Begin=1110.51	_	_	_	_
398-1	PST094	398	398	1	le	le	_	_	_	_	_	linguistic	_	none	_	_	_	_	_	_
398-2	PST094	398	398	2	tradizione	tradizione	_	_	_	_	_	linguistic	_	none	_	_	_	_	_	_
398-3	PST094	398	398	3	il	il	_	_	_	_	_	linguistic	_	none	_	_	_	_	_	_
398-4	PST094	398	398	4	folklore	folklore	_	_	_	_	_	linguistic	_	none	_	_	_	_	_	_
398-5	PST094	398	398	5	autentico	autentico	_	_	_	_	_	linguistic	_	none	_	End=1113.351	_	_	_	_
399-0	PST094	399	399	0	non	non	_	_	_	_	_	linguistic	_	none	_	Begin=1113.351	_	_	_	_
399-1	PST094	399	399	1	quello	quello	_	_	_	_	_	linguistic	_	none	_	_	_	_	_	_
399-2	PST094	399	399	2	commerciale	commerciale	_	_	_	_	_	linguistic	_	none	_	End=1115.532	_	_	_	_
400-0	PST094	400	400	0	è	è	_	_	_	_	_	linguistic	_	none	_	Begin=1115.563	_	_	_	_
400-1	PST094	400	400	1	molto	molto	_	_	_	_	_	linguistic	_	none	_	_	_	_	_	_
400-2	PST094	400	400	2	più	più	_	_	_	_	_	linguistic	_	none	_	_	_	_	_	_
400-3	PST094	400	400	3	difficile	difficile	_	_	_	_	_	linguistic	_	none	_	_	_	_	_	_
400-4	PST094	400	400	4	da	da	_	_	_	_	_	linguistic	_	none	_	_	_	_	_	_
400-5	PST094	400	400	5	trovare	trovare	_	_	_	_	_	linguistic	_	none	_	End=1117.787	_	_	_	_
401-0	PST094	401	401	0	{inspira}	{inspira}	_	_	_	_	_	nonverbalbehavior	_	none	_	Begin=1118.06	_	_	_	_
401-1	PST094	401	401	1	okay?	okay	_	_	_	_	_	linguistic	_	none	Intonation=Rising	End=1119.301	_	_	_	_
402-0	PST094	402	402	0	quindi	quindi	_	_	_	_	_	linguistic	_	none	_	Begin=1119.301|End=1120.266	_	_	_	_
403-0	PST094	403	403	0	io	io	_	_	_	_	_	linguistic	_	none	_	Begin=1120.45	_	_	_	_
403-1	PST094	403	403	1	come	come	_	_	_	_	_	linguistic	_	none	PauseAfter=Yes	_	_	_	_	_
403-2	PST094	403	403	2	{P}	{P}	_	_	_	_	_	shortpause	_	none	_	_	_	_	_	_
403-3	PST094	403	403	3	e:hm	ehm	_	_	_	_	_	linguistic	_	none	_	End=1122.48	0x1	_	_	_
404-0	PST094	404	404	0	da	da	_	_	_	_	_	linguistic	_	none	_	Begin=1122.48	_	_	_	_
404-1	PST094	404	404	1	rumeno	rumeno	_	_	_	_	_	linguistic	_	none	_	_	_	_	_	_
404-2	PST094	404	404	2	se	se	_	_	_	_	_	linguistic	_	none	_	_	_	_	_	_
404-3	PST094	404	404	3	voglio:	voglio	_	_	_	_	_	linguistic	_	none	_	End=1124.158	5x1	_	_	_
405-0	PST094	405	405	0	veramente	veramente	_	_	_	_	_	linguistic	_	none	_	Begin=1124.253	_	_	_	_
405-1	PST094	405	405	1	e:hm:	ehm	_	_	_	_	_	linguistic	_	none	_	End=1126.499	0x1,2x1	_	_	_
406-0	PST094	406	406	0	mantenere	mantenere	_	_	_	_	_	linguistic	_	none	_	Begin=1126.91	_	_	_	_
406-1	PST094	406	406	1	la	la	_	_	_	_	_	linguistic	_	none	_	_	_	_	_	_
406-2	PST094	406	406	2	mia	mia	_	_	_	_	_	linguistic	_	none	_	_	_	_	_	_
406-3	PST094	406	406	3	identità	identità	_	_	_	_	_	linguistic	_	none	_	End=1128.63	_	_	_	_
407-0	PST094	407	407	0	devo	devo	_	_	_	_	_	linguistic	_	none	_	Begin=1128.74	_	_	_	_
407-1	PST094	407	407	1	trovarmi	trovarmi	_	_	_	_	_	linguistic	_	none	_	_	_	_	_	_
407-2	PST094	407	407	2	e	e	_	_	_	_	_	linguistic	_	none	_	_	_	_	_	_
407-3	PST094	407	407	3	devo	devo	_	_	_	_	_	linguistic	_	none	_	_	_	_	_	_
407-4	PST094	407	407	4	cercare	cercare	_	_	_	_	_	linguistic	_	none	_	_	_	_	_	_
407-5	PST094	407	407	5	l'	l'	_	_	_	_	_	linguistic	_	none	SpaceAfter=No	_	_	_	_	_
407-6	PST094	407	407	6	autenticità	autenticità	_	_	_	_	_	linguistic	_	none	_	End=1132.66	_	_	_	_
408-0	PST094	408	408	0	e	e	_	_	_	_	_	linguistic	_	none	_	Begin=1133.712	_	_	_	_
408-1	PST094	408	408	1	lì	lì	_	_	_	_	_	linguistic	_	none	_	_	_	_	_	_
408-2	PST094	408	408	2	{espira}	{espira}	_	_	_	_	_	nonverbalbehavior	_	none	_	_	_	_	_	_
408-3	PST094	408	408	3	è	è	_	_	_	_	_	linguistic	_	none	_	_	_	_	_	_
408-4	PST094	408	408	4	un	un	_	_	_	_	_	linguistic	_	none	_	_	_	_	_	_
408-5	PST094	408	408	5	po'::	po'	_	_	_	_	_	linguistic	_	none	_	End=1136.37	1x2	_	_	_
409-0	PST094	409	409	0	è	è	_	_	_	_	_	linguistic	_	none	_	Begin=1136.37	_	_	_	_
409-1	PST094	409	409	1	un	un	_	_	_	_	_	linguistic	_	none	_	_	_	_	_	_
409-2	PST094	409	409	2	po'	po'	_	_	_	_	_	linguistic	_	none	_	_	_	_	_	_
409-3	PST094	409	409	3	tanto	tanto	_	_	_	_	_	linguistic	_	none	_	_	_	_	_	_
409-4	PST094	409	409	4	da	da	_	_	_	_	_	linguistic	_	none	_	_	_	_	_	_
409-5	PST094	409	409	5	lavorare	lavorare	_	_	_	_	_	linguistic	_	none	_	End=1138.12	_	_	_	_
410-0	PST094	410	410	0	per	per	_	_	_	_	_	linguistic	_	none	_	Begin=1138.121	_	_	_	_
410-1	PST094	410	410	1	quello	quello	_	_	_	_	_	linguistic	_	none	_	_	_	_	_	_
410-2	PST094	410	410	2	che	che	_	_	_	_	_	linguistic	_	none	_	_	_	_	_	_
410-3	PST094	410	410	3	io	io	_	_	_	_	_	linguistic	_	none	_	_	_	_	_	_
410-4	PST094	410	410	4	dico	dico	_	_	_	_	_	linguistic	_	none	_	_	_	_	_	_
410-5	PST094	410	410	5	che	che	_	_	_	_	_	linguistic	_	none	_	_	_	_	_	_
410-6	PST094	410	410	6	più	più	_	_	_	_	_	linguistic	_	none	_	_	_	_	_	_
410-7	PST094	410	410	7	di	di	_	_	_	_	_	linguistic	_	none	_	_	_	_	_	_
410-8	PST094	410	410	8	novanta	novanta	_	_	_	_	_	linguistic	_	none	_	_	_	_	_	_
410-9	PST094	410	410	9	per	per	_	_	_	_	_	linguistic	_	none	_	_	_	_	_	_
410-10	PST094	410	410	10	cento	cento	_	_	_	_	_	linguistic	_	none	_	_	_	_	_	_
410-11	PST094	410	410	11	del	del	_	_	_	_	_	linguistic	_	none	_	_	_	_	_	_
410-12	PST094	410	410	12	tempo	tempo	_	_	_	_	_	linguistic	_	none	_	_	_	_	_	_
410-13	PST094	410	410	13	me	me	_	_	_	_	_	linguistic	_	none	_	_	_	_	_	_
410-14	PST094	410	410	14	lo	lo	_	_	_	_	_	linguistic	_	none	_	_	_	_	_	_
410-15	PST094	410	410	15	sto	sto	_	_	_	_	_	linguistic	_	none	_	_	_	_	_	_
410-16	PST094	410	410	16	dedicando	dedicando	_	_	_	_	_	linguistic	_	none	_	_	_	_	_	_
410-17	PST094	410	410	17	al	al	_	_	_	_	_	linguistic	_	none	_	_	_	_	_	_
410-18	PST094	410	410	18	centro.	centro	_	_	_	_	_	linguistic	_	none	Intonation=Falling	End=1143.98	_	_	_	_
411-0	PST094	411	411	0	perché,	perché	_	_	_	_	_	linguistic	_	none	Intonation=WeaklyRising	Begin=1145.04|End=1145.799	_	_	_	_
412-0	PST094	412	412	0	ti	ti	_	_	_	_	_	linguistic	_	none	_	Begin=1145.838	_	_	_	_
412-1	PST094	412	412	1	devi	devi	_	_	_	_	_	linguistic	_	none	_	_	_	_	_	_
412-2	PST094	412	412	2	preparare	preparare	_	_	_	_	_	linguistic	_	none	_	_	_	_	_	_
412-3	PST094	412	412	3	di	di	_	_	_	_	_	linguistic	_	none	_	_	_	_	_	_
412-4	PST094	412	412	4	continuo:	continuo	_	_	_	_	_	linguistic	_	none	_	_	7x1	_	_	_
412-5	PST094	412	412	5	non::	non	_	_	_	_	_	linguistic	_	none	_	End=1149.285	2x2	_	_	_
413-0	PST094	413	413	0	non	non	_	_	_	_	_	linguistic	_	none	_	Begin=1149.59	_	_	_	_
413-1	PST094	413	413	1	è	è	_	_	_	_	_	linguistic	_	none	_	_	_	_	_	_
413-2	PST094	413	413	2	una	una	_	_	_	_	_	linguistic	_	none	_	_	_	_	_	_
413-3	PST094	413	413	3	co:sa	cosa	_	_	_	_	_	linguistic	_	none	_	_	1x1	_	_	_
413-4	PST094	413	413	4	che	che	_	_	_	_	_	linguistic	_	none	_	_	_	_	_	_
413-5	PST094	413	413	5	puoi	puoi	_	_	_	_	_	linguistic	_	none	_	_	_	_	_	_
413-6	PST094	413	413	6	rimanere	rimanere	_	_	_	_	_	linguistic	_	none	_	_	_	_	_	_
413-7	PST094	413	413	7	così	così	_	_	_	_	_	linguistic	_	none	_	End=1151.94	_	_	_	_
414-0	PST094	414	414	0	e	e	_	_	_	_	_	linguistic	_	none	_	Begin=1152.03	_	_	_	_
414-1	PST094	414	414	1	quello	quello	_	_	_	_	_	linguistic	_	none	_	_	_	_	_	_
414-2	PST094	414	414	2	che	che	_	_	_	_	_	linguistic	_	none	_	_	_	_	_	_
414-3	PST094	414	414	3	mi	mi	_	_	_	_	_	linguistic	_	none	_	_	_	_	_	_
414-4	PST094	414	414	4	stupisce	stupisce	_	_	_	_	_	linguistic	_	none	_	_	_	_	_	_
414-5	PST094	414	414	5	quello	quello	_	_	_	_	_	linguistic	_	none	_	_	_	_	_	_
414-6	PST094	414	414	6	che	che	_	_	_	_	_	linguistic	_	none	_	_	_	_	_	_
414-7	PST094	414	414	7	mi	mi	_	_	_	_	_	linguistic	_	none	_	_	_	_	_	_
414-8	PST094	414	414	8	piace	piace	_	_	_	_	_	linguistic	_	none	_	_	_	_	_	_
414-9	PST094	414	414	9	tanto	tanto	_	_	_	_	_	linguistic	_	none	_	End=1155.49	_	_	_	_
415-0	PST094	415	415	0	è	è	_	_	_	_	_	linguistic	_	none	_	Begin=1155.49	_	_	_	_
415-1	PST094	415	415	1	che	che	_	_	_	_	_	linguistic	_	none	_	_	_	_	_	_
415-2	PST094	415	415	2	questi	questi	_	_	_	_	_	linguistic	_	none	_	_	_	_	_	_
415-3	PST094	415	415	3	ragazzi	ragazzi	_	_	_	_	_	linguistic	_	none	_	End=1156.98	_	_	_	_
416-0	PST094	416	416	0	vengono	vengono	_	_	_	_	_	linguistic	_	none	_	Begin=1157.375|End=1158.353	_	_	_	_
417-0	PST094	417	417	0	e	e	_	_	_	_	_	linguistic	_	none	_	Begin=1158.64	_	_	_	_
417-1	PST094	417	417	1	hanno	hanno	_	_	_	_	_	linguistic	_	none	_	_	_	_	_	_
417-2	PST094	417	417	2	capito	capito	_	_	_	_	_	linguistic	_	none	_	_	_	_	_	_
417-3	PST094	417	417	3	che	che	_	_	_	_	_	linguistic	_	none	_	_	_	_	_	_
417-4	PST094	417	417	4	devono	devono	_	_	_	_	_	linguistic	_	none	_	_	_	_	_	_
417-5	PST094	417	417	5	cercare	cercare	_	_	_	_	_	linguistic	_	none	_	_	_	_	_	_
417-6	PST094	417	417	6	l'	l'	_	_	_	_	_	linguistic	_	none	SpaceAfter=No	_	_	_	_	_
417-7	PST094	417	417	7	autenticità	autenticità	_	_	_	_	_	linguistic	_	none	_	End=1162.554	_	_	_	_
418-0	PST094	418	418	0	questa	questa	_	_	_	_	_	linguistic	_	none	_	Begin=1162.82	_	_	_	_
418-1	PST094	418	418	1	mi:::	mi	_	_	_	_	_	linguistic	_	none	_	End=1164.58	1x3	_	_	_
419-0	PST094	419	419	0	mi	mi	_	_	_	_	_	linguistic	_	none	_	Begin=1164.58	_	_	_	_
419-1	PST094	419	419	1	fa	fa	_	_	_	_	_	linguistic	_	none	_	_	_	_	_	_
419-2	PST094	419	419	2	sentir	sentir	_	_	_	_	_	linguistic	_	none	_	_	_	_	_	_
419-3	PST094	419	419	3	be:ne,	bene	_	_	_	_	_	linguistic	_	none	Intonation=WeaklyRising	End=1165.87	1x1	_	_	_
420-0	PST094	420	420	0	perché	perché	_	_	_	_	_	linguistic	_	none	_	Begin=1165.87	_	_	_	_
420-1	PST094	420	420	1	all'	all'	_	_	_	_	_	linguistic	_	none	SpaceAfter=No	_	_	_	_	_
420-2	PST094	420	420	2	inizio	inizio	_	_	_	_	_	linguistic	_	none	_	_	_	_	_	_
420-3	PST094	420	420	3	non	non	_	_	_	_	_	linguistic	_	none	_	_	_	_	_	_
420-4	PST094	420	420	4	era	era	_	_	_	_	_	linguistic	_	none	_	_	_	_	_	_
420-5	PST094	420	420	5	così:,	così	_	_	_	_	_	linguistic	_	none	Intonation=WeaklyRising	End=1167.91	3x1	_	_	_
421-0	PST094	421	421	0	maggioranza	maggioranza	_	_	_	_	_	linguistic	_	none	_	Begin=1167.92	_	_	_	_
421-1	PST094	421	421	1	scappavano,	scappavano	_	_	_	_	_	linguistic	_	none	Intonation=WeaklyRising	End=1169.6	_	_	_	_
422-0	PST094	422	422	0	ma	ma	_	_	_	_	_	linguistic	_	none	_	Begin=1170.668	_	_	_	_
422-1	PST094	422	422	1	piano	piano	_	_	_	_	_	linguistic	_	none	_	_	_	_	_	_
422-2	PST094	422	422	2	pia:no	piano	_	_	_	_	_	linguistic	_	none	_	_	2x1	_	_	_
422-3	PST094	422	422	3	vedo	vedo	_	_	_	_	_	linguistic	_	none	_	_	_	_	_	_
422-4	PST094	422	422	4	che	che	_	_	_	_	_	linguistic	_	none	_	_	_	_	_	_
422-5	PST094	422	422	5	adesso	adesso	_	_	_	_	_	linguistic	_	none	_	End=1173.28	_	_	_	_
423-0	PST094	423	423	0	mi	mi	_	_	_	_	_	linguistic	_	none	_	Begin=1174.26	_	_	_	_
423-1	PST094	423	423	1	manca	manca	_	_	_	_	_	linguistic	_	none	_	_	_	_	_	_
423-2	PST094	423	423	2	il	il	_	_	_	_	_	linguistic	_	none	_	_	_	_	_	_
423-3	PST094	423	423	3	tempo	tempo	_	_	_	_	_	linguistic	_	none	PauseAfter=Yes	_	_	_	_	_
423-4	PST094	423	423	4	{P}	{P}	_	_	_	_	_	shortpause	_	none	_	_	_	_	_	_
423-5	PST094	423	423	5	per	per	_	_	_	_	_	linguistic	_	none	_	_	_	_	_	_
423-6	PST094	423	423	6	seguirli	seguirli	_	_	_	_	_	linguistic	_	none	_	_	_	_	_	_
423-7	PST094	423	423	7	{ride}	{ride}	_	_	_	_	_	nonverbalbehavior	_	none	_	End=1176.701	_	_	_	_
424-0	PST094	424	424	0	{ride}	{ride}	_	_	_	_	_	nonverbalbehavior	_	none	_	Begin=1176.735|End=1178.061	_	_	_	_
425-0	PST203	425	425	0	eh	eh	_	_	_	_	_	linguistic	_	none	_	Begin=1179.17	_	_	_	_
425-1	PST203	425	425	1	vuol	vuol	_	_	_	_	_	linguistic	_	none	_	_	_	_	_	_
425-2	PST203	425	425	2	dire	dire	_	_	_	_	_	linguistic	_	none	_	_	_	_	_	_
425-3	PST203	425	425	3	che	che	_	_	_	_	_	linguistic	_	none	_	_	_	_	_	_
425-4	PST203	425	425	4	hai	hai	_	_	_	_	_	linguistic	_	none	_	_	_	_	_	_
425-5	PST203	425	425	5	seminato	seminato	_	_	_	_	_	linguistic	_	none	_	_	_	_	_	_
425-6	PST203	425	425	6	qualcosa	qualcosa	_	_	_	_	_	linguistic	_	none	_	_	_	_	_	_
425-7	PST203	425	425	7	che::	che	_	_	_	_	_	linguistic	_	none	_	End=1182.066	2x2	_	_	_
426-0	PST094	426	426	0	s:ì	sì	_	_	_	_	_	linguistic	_	none	_	Begin=1182.132	0x1	_	_	_
426-1	PST094	426	426	1	sì	sì	_	_	_	_	_	linguistic	_	none	_	_	_	_	_	_
426-2	PST094	426	426	2	sì	sì	_	_	_	_	_	linguistic	_	none	_	_	_	_	_	_
426-3	PST094	426	426	3	e	e	_	_	_	_	_	linguistic	_	none	_	_	_	_	_	_
426-4	PST094	426	426	4	questo	questo	_	_	_	_	_	linguistic	_	none	_	_	_	_	_	_
426-5	PST094	426	426	5	mi:	mi	_	_	_	_	_	linguistic	_	none	_	End=1184.34	1x1	_	_	_
427-0	PST094	427	427	0	mi	mi	_	_	_	_	_	linguistic	_	none	_	Begin=1184.34	_	_	_	_
427-1	PST094	427	427	1	fa	fa	_	_	_	_	_	linguistic	_	none	_	_	_	_	_	_
427-2	PST094	427	427	2	piacere	piacere	_	_	_	_	_	linguistic	_	none	_	_	_	_	_	_
427-3	PST094	427	427	3	perché:	perché	_	_	_	_	_	linguistic	_	none	_	_	5x1	_	_	_
427-4	PST094	427	427	4	loro	loro	_	_	_	_	_	linguistic	_	none	_	_	_	_	_	_
427-5	PST094	427	427	5	si	si	_	_	_	_	_	linguistic	_	none	_	_	_	_	_	_
427-6	PST094	427	427	6	distinguono	distinguono	_	_	_	_	_	linguistic	_	none	_	End=1187.14	_	_	_	_
428-0	PST094	428	428	0	dovunque	dovunque	_	_	_	_	_	linguistic	_	none	_	Begin=1187.14	_	_	_	_
428-1	PST094	428	428	1	v~	v~	_	_	_	_	_	linguistic	_	none	Interrupted=Yes	_	_	_	_	_
428-2	PST094	428	428	2	vanno	vanno	_	_	_	_	_	linguistic	_	none	PauseAfter=Yes	_	_	_	_	_
428-3	PST094	428	428	3	{P}	{P}	_	_	_	_	_	shortpause	_	none	_	_	_	_	_	_
428-4	PST094	428	428	4	fanno	fanno	_	_	_	_	_	linguistic	_	none	_	_	_	_	_	_
428-5	PST094	428	428	5	differenza::	differenza	_	_	_	_	_	linguistic	_	none	_	End=1190.96	9x2	_	_	_
429-0	PST094	429	429	0	dagli	dagli	_	_	_	_	_	linguistic	_	none	_	Begin=1190.96	_	_	_	_
429-1	PST094	429	429	1	altri	altri	_	_	_	_	_	linguistic	_	none	_	End=1191.92	_	_	_	_
430-0	PST094	430	430	0	e::	e	_	_	_	_	_	linguistic	_	none	_	Begin=1191.92	0x2	_	_	_
430-1	PST094	430	430	1	essendoci	essendoci	_	_	_	_	_	linguistic	_	none	_	_	_	_	_	_
430-2	PST094	430	430	2	così	così	_	_	_	_	_	linguistic	_	none	_	End=1193.59	_	_	_	_
431-0	PST094	431	431	0	sai	sai	_	_	_	_	_	linguistic	_	none	_	Begin=1194.27	_	_	_	_
431-1	PST094	431	431	1	come	come	_	_	_	_	_	linguistic	_	none	_	_	_	_	_	_
431-2	PST094	431	431	2	i	i	_	_	_	_	_	linguistic	_	none	_	_	_	_	_	_
431-3	PST094	431	431	3	diamanti	diamanti	_	_	_	_	_	linguistic	_	none	_	_	_	_	_	_
431-4	PST094	431	431	4	che::	che	_	_	_	_	_	linguistic	_	none	_	_	2x2	_	_	_
431-5	PST094	431	431	5	li	li	_	_	_	_	_	linguistic	_	none	_	_	_	_	_	_
431-6	PST094	431	431	6	trovi	trovi	_	_	_	_	_	linguistic	_	none	_	_	_	_	_	_
431-7	PST094	431	431	7	di	di	_	_	_	_	_	linguistic	_	none	_	_	_	_	_	_
431-8	PST094	431	431	8	raro	raro	_	_	_	_	_	linguistic	_	none	_	_	_	_	_	_
431-9	PST094	431	431	9	così::	così	_	_	_	_	_	linguistic	_	none	_	_	3x2	_	_	_
431-10	PST094	431	431	10	sono	sono	_	_	_	_	_	linguistic	_	none	_	_	_	_	_	_
431-11	PST094	431	431	11	anche	anche	_	_	_	_	_	linguistic	_	none	_	_	_	_	_	_
431-12	PST094	431	431	12	loro	loro	_	_	_	_	_	linguistic	_	none	_	_	_	_	_	_
431-13	PST094	431	431	13	{ride}	{ride}	_	_	_	_	_	nonverbalbehavior	_	none	_	End=1199.606	_	_	_	_
432-0	PST094	432	432	0	è	è	_	_	_	_	_	linguistic	_	none	_	Begin=1200.87	_	_	_	_
432-1	PST094	432	432	1	così	così	_	_	_	_	_	linguistic	_	none	_	End=1201.662	_	_	_	_
433-0	PST094	433	433	0	VERO?	vero	_	_	_	_	_	linguistic	_	none	Intonation=Rising|Volume=high	Begin=1202.341|End=1203.03	_	_	_	_
434-0	PST092	434	434	0	beh	beh	_	_	_	_	_	linguistic	_	none	_	Begin=1203.03	_	_	_	_
434-1	PST092	434	434	1	sì:	sì	_	_	_	_	_	linguistic	_	none	_	_	1x1	_	_	_
434-2	PST092	434	434	2	{ride}	{ride}	_	_	_	_	_	nonverbalbehavior	_	none	_	End=1204.56	_	_	_	_
435-0	PST092	435	435	0	una	una	_	_	_	_	_	linguistic	_	none	_	Begin=1205.12	_	_	_	_
435-1	PST092	435	435	1	cosa	cosa	_	_	_	_	_	linguistic	_	none	PauseAfter=Yes	_	_	_	_	_
435-2	PST092	435	435	2	{P}	{P}	_	_	_	_	_	shortpause	_	none	_	_	_	_	_	_
435-3	PST092	435	435	3	con	con	_	_	_	_	_	linguistic	_	none	_	_	_	_	_	_
435-4	PST092	435	435	4	cui:	cui	_	_	_	_	_	linguistic	_	none	_	_	2x1	_	_	_
435-5	PST092	435	435	5	anche:	anche	_	_	_	_	_	linguistic	_	none	_	_	4x1	_	_	_
435-6	PST092	435	435	6	con	con	_	_	_	_	_	linguistic	_	none	_	_	_	_	_	_
435-7	PST092	435	435	7	le	le	_	_	_	_	_	linguistic	_	none	_	_	_	_	_	_
435-8	PST092	435	435	8	altre	altre	_	_	_	_	_	linguistic	_	none	_	_	_	_	_	_
435-9	PST092	435	435	9	ragazze	ragazze	_	_	_	_	_	linguistic	_	none	_	_	_	_	_	_
435-10	PST092	435	435	10	condividiamo	condividiamo	_	_	_	_	_	linguistic	_	none	_	End=1208.968	_	_	_	_
436-0	PST092	436	436	0	soprattutto	soprattutto	_	_	_	_	_	linguistic	_	some	_	Begin=1209.55	_	_	_	_
436-1	PST092	436	436	1	del	del	_	_	_	_	_	linguistic	_	some	_	_	_	_	_	_
436-2	PST092	436	436	2	gruppo	gruppo	_	_	_	_	_	linguistic	_	some	_	_	_	_	_	_
436-3	PST092	436	436	3	#avansați	avansați	_	_	_	_	_	linguistic	_	some	Language=NO_ISO_CODE|Variation=Token	End=1211.33	_	_	_	_
438-0	PST092	438	438	0	è:	è	_	_	_	_	_	linguistic	_	none	_	Begin=1211.33	0x1	_	_	_
438-1	PST092	438	438	1	che:	che	_	_	_	_	_	linguistic	_	none	PauseAfter=Yes	_	2x1	_	_	_
438-2	PST092	438	438	2	{P}	{P}	_	_	_	_	_	shortpause	_	none	_	_	_	_	_	_
438-3	PST092	438	438	3	molto	molto	_	_	_	_	_	linguistic	_	none	_	_	_	_	_	_
438-4	PST092	438	438	4	spesso	spesso	_	_	_	_	_	linguistic	_	none	_	_	_	_	_	_
438-5	PST092	438	438	5	lei	lei	_	_	_	_	_	linguistic	_	none	_	_	_	_	_	_
438-6	PST092	438	438	6	fa	fa	_	_	_	_	_	linguistic	_	none	_	_	_	_	_	_
438-7	PST092	438	438	7	cose	cose	_	_	_	_	_	linguistic	_	none	_	_	_	_	_	_
438-8	PST092	438	438	8	che	che	_	_	_	_	_	linguistic	_	none	_	_	_	_	_	_
438-9	PST092	438	438	9	altre	altre	_	_	_	_	_	linguistic	_	none	_	_	_	_	_	_
438-10	PST092	438	438	10	persone	persone	_	_	_	_	_	linguistic	_	none	_	_	_	_	_	_
438-11	PST092	438	438	11	non	non	_	_	_	_	_	linguistic	_	none	_	_	_	_	_	_
438-12	PST092	438	438	12	reputano	reputano	_	_	_	_	_	linguistic	_	none	_	_	_	_	_	_
438-13	PST092	438	438	13	possibil(e)	possibile	_	_	_	_	_	linguistic	_	none	_	End=1215.65	_	_	8-9(0)	_
439-0	PST092	439	439	0	anche:	anche	_	_	_	_	_	linguistic	_	none	_	Begin=1215.65	4x1	_	_	_
439-1	PST092	439	439	1	quando:	quando	_	_	_	_	_	linguistic	_	none	_	_	5x1	_	_	_
439-2	PST092	439	439	2	ha	ha	_	_	_	_	_	linguistic	_	none	_	_	_	_	_	_
439-3	PST092	439	439	3	portato	portato	_	_	_	_	_	linguistic	_	none	_	_	_	_	_	_
439-4	PST092	439	439	4	molte	molte	_	_	_	_	_	linguistic	_	none	_	_	_	_	_	_
439-5	PST092	439	439	5	persone	persone	_	_	_	_	_	linguistic	_	none	_	_	_	_	_	_
439-6	PST092	439	439	6	in	in	_	_	_	_	_	linguistic	_	none	_	_	_	_	_	_
439-7	PST092	439	439	7	romania	romania	_	_	_	_	_	linguistic	_	none	_	_	_	_	_	_
439-8	PST092	439	439	8	appunto	appunto	_	_	_	_	_	linguistic	_	none	_	_	_	_	_	_
439-9	PST092	439	439	9	pe:r	per	_	_	_	_	_	linguistic	_	none	_	_	1x1	_	_	_
439-10	PST092	439	439	10	degli	degli	_	_	_	_	_	linguistic	_	none	_	_	_	_	_	_
439-11	PST092	439	439	11	spettacoli,	spettacoli	_	_	_	_	_	linguistic	_	none	Intonation=WeaklyRising	End=1220.485	_	_	_	_
440-0	PST092	440	440	0	una	una	_	_	_	_	_	linguistic	_	none	_	Begin=1220.485	_	_	_	_
440-1	PST092	440	440	1	persona	persona	_	_	_	_	_	linguistic	_	none	_	_	_	_	_	_
440-2	PST092	440	440	2	direbbe	direbbe	_	_	_	_	_	linguistic	_	none	_	_	_	_	_	_
440-3	PST092	440	440	3	che:	che	_	_	_	_	_	linguistic	_	none	_	_	2x1	_	_	_
440-4	PST092	440	440	4	non	non	_	_	_	_	_	linguistic	_	none	_	_	_	_	_	_
440-5	PST092	440	440	5	è	è	_	_	_	_	_	linguistic	_	none	_	_	_	_	_	_
440-6	PST092	440	440	6	possibile	possibile	_	_	_	_	_	linguistic	_	none	_	End=1222.67	_	_	_	_
441-0	PST092	441	441	0	e	e	_	_	_	_	_	linguistic	_	none	_	Begin=1222.67	_	_	_	_
441-1	PST092	441	441	1	invece	invece	_	_	_	_	_	linguistic	_	none	_	_	_	_	_	_
441-2	PST092	441	441	2	lei	lei	_	_	_	_	_	linguistic	_	none	PauseAfter=Yes	_	_	_	_	_
441-3	PST092	441	441	3	{P}	{P}	_	_	_	_	_	shortpause	_	none	_	_	_	_	_	_
441-4	PST092	441	441	4	l~	l~	_	_	_	_	_	linguistic	_	none	Interrupted=Yes	_	_	_	_	_
441-5	PST092	441	441	5	la	la	_	_	_	_	_	linguistic	_	none	_	_	_	_	_	_
441-6	PST092	441	441	6	fa	fa	_	_	_	_	_	linguistic	_	none	_	_	_	_	_	_
441-7	PST092	441	441	7	sempre	sempre	_	_	_	_	_	linguistic	_	none	_	_	_	_	_	_
441-8	PST092	441	441	8	ce	ce	_	_	_	_	_	linguistic	_	none	_	_	_	_	_	_
441-9	PST092	441	441	9	la	la	_	_	_	_	_	linguistic	_	none	_	_	_	_	_	_
441-10	PST092	441	441	10	fa:	fa	_	_	_	_	_	linguistic	_	none	ProsodicLink=Yes	_	1x1	_	_	_
441-11	PST092	441	441	11	anche	anche	_	_	_	_	_	linguistic	_	none	_	_	_	_	_	_
441-12	PST092	441	441	12	con	con	_	_	_	_	_	linguistic	_	none	_	_	_	_	_	_
441-13	PST092	441	441	13	successo	successo	_	_	_	_	_	linguistic	_	none	_	End=1226.05	_	_	_	_
442-0	PST092	442	442	0	cos'	cos'	_	_	_	_	_	linguistic	_	none	SpaceAfter=No	Begin=1226.05	_	_	_	_
442-1	PST092	442	442	1	è	è	_	_	_	_	_	linguistic	_	none	_	_	_	_	_	_
442-2	PST092	442	442	2	che	che	_	_	_	_	_	linguistic	_	none	_	_	_	_	_	_
442-3	PST092	442	442	3	la	la	_	_	_	_	_	linguistic	_	none	_	_	_	_	_	_
442-4	PST092	442	442	4	spinge	spinge	_	_	_	_	_	linguistic	_	none	_	_	_	_	_	_
442-5	PST092	442	442	5	così	così	_	_	_	_	_	linguistic	_	none	_	_	_	_	_	_
442-6	PST092	442	442	6	tanto	tanto	_	_	_	_	_	linguistic	_	none	_	End=1228.149	_	_	_	_
443-0	PST094	443	443	0	m:a:	ma	_	_	_	_	_	linguistic	_	none	_	Begin=1228.6	0x1,1x1	_	_	_
443-1	PST094	443	443	1	non	non	_	_	_	_	_	linguistic	_	none	_	_	_	_	_	_
443-2	PST094	443	443	2	lo	lo	_	_	_	_	_	linguistic	_	none	_	_	_	_	_	_
443-3	PST094	443	443	3	so	so	_	_	_	_	_	linguistic	_	none	_	_	_	_	_	_
443-4	PST094	443	443	4	magari:	magari	_	_	_	_	_	linguistic	_	none	_	_	5x1	_	_	_
443-5	PST094	443	443	5	{ride}	{ride}	_	_	_	_	_	nonverbalbehavior	_	none	_	End=1231.2	_	_	_	_
444-0	PST094	444	444	0	ho	ho	_	_	_	_	_	linguistic	_	none	_	Begin=1231.67	_	_	_	_
444-1	PST094	444	444	1	detto	detto	_	_	_	_	_	linguistic	_	none	_	_	_	_	_	_
444-2	PST094	444	444	2	che::	che	_	_	_	_	_	linguistic	_	none	_	End=1233.2	2x2	_	_	_
445-0	PST094	445	445	0	certe	certe	_	_	_	_	_	linguistic	_	none	_	Begin=1233.94	_	_	_	_
445-1	PST094	445	445	1	volte	volte	_	_	_	_	_	linguistic	_	none	_	_	_	_	_	_
445-2	PST094	445	445	2	non:	non	_	_	_	_	_	linguistic	_	none	_	_	2x1	_	_	_
445-3	PST094	445	445	3	mi	mi	_	_	_	_	_	linguistic	_	none	_	_	_	_	_	_
445-4	PST094	445	445	4	rendo	rendo	_	_	_	_	_	linguistic	_	none	_	_	_	_	_	_
445-5	PST094	445	445	5	conto	conto	_	_	_	_	_	linguistic	_	none	_	_	_	_	_	_
445-6	PST094	445	445	6	non	non	_	_	_	_	_	linguistic	_	none	_	_	_	_	_	_
445-7	PST094	445	445	7	penso::::	penso	_	_	_	_	_	linguistic	_	none	_	End=1238.37	4x4	_	_	_
446-0	PST094	446	446	0	non	non	_	_	_	_	_	linguistic	_	none	_	Begin=1238.37	_	_	_	_
446-1	PST094	446	446	1	sono	sono	_	_	_	_	_	linguistic	_	none	_	_	_	_	_	_
446-2	PST094	446	446	2	una	una	_	_	_	_	_	linguistic	_	none	_	_	_	_	_	_
446-3	PST094	446	446	3	persona	persona	_	_	_	_	_	linguistic	_	none	_	_	_	_	_	_
446-4	PST094	446	446	4	negativista	negativista	_	_	_	_	_	linguistic	_	none	_	End=1240.261	_	_	_	_
447-0	PST094	447	447	0	io	io	_	_	_	_	_	linguistic	_	none	_	Begin=1240.66	_	_	_	_
447-1	PST094	447	447	1	dico	dico	_	_	_	_	_	linguistic	_	none	_	_	_	_	_	_
447-2	PST094	447	447	2	così	così	_	_	_	_	_	linguistic	_	none	_	_	_	_	_	_
447-3	PST094	447	447	3	se	se	_	_	_	_	_	linguistic	_	none	_	_	_	_	_	_
447-4	PST094	447	447	4	vuoi	vuoi	_	_	_	_	_	linguistic	_	none	_	_	_	_	_	_
447-5	PST094	447	447	5	fa:re:	fare	_	_	_	_	_	linguistic	_	none	PauseAfter=Yes	_	1x1,3x1	_	_	_
447-6	PST094	447	447	6	{P}	{P}	_	_	_	_	_	shortpause	_	none	_	_	_	_	_	_
447-7	PST094	447	447	7	c'	c'	_	_	_	_	_	linguistic	_	none	SpaceAfter=No	_	_	_	_	_
447-8	PST094	447	447	8	è	è	_	_	_	_	_	linguistic	_	none	_	_	_	_	_	_
447-9	PST094	447	447	9	il	il	_	_	_	_	_	linguistic	_	none	_	_	_	_	_	_
447-10	PST094	447	447	10	signore	signore	_	_	_	_	_	linguistic	_	none	_	_	_	_	_	_
447-11	PST094	447	447	11	che	che	_	_	_	_	_	linguistic	_	none	_	_	_	_	_	_
447-12	PST094	447	447	12	comunque	comunque	_	_	_	_	_	linguistic	_	none	_	_	_	_	_	_
447-13	PST094	447	447	13	è	è	_	_	_	_	_	linguistic	_	none	_	_	_	_	_	_
447-14	PST094	447	447	14	sempre	sempre	_	_	_	_	_	linguistic	_	none	_	_	_	_	_	_
447-15	PST094	447	447	15	con	con	_	_	_	_	_	linguistic	_	none	_	_	_	_	_	_
447-16	PST094	447	447	16	te	te	_	_	_	_	_	linguistic	_	none	_	End=1245.29	_	_	_	_
448-0	PST094	448	448	0	e:::	e	_	_	_	_	_	linguistic	_	none	PauseAfter=Yes	Begin=1245.97	0x3	_	_	_
448-1	PST094	448	448	1	{P}	{P}	_	_	_	_	_	shortpause	_	none	_	_	_	_	_	_
448-2	PST094	448	448	2	non	non	_	_	_	_	_	linguistic	_	none	_	_	_	_	_	_
448-3	PST094	448	448	3	parto	parto	_	_	_	_	_	linguistic	_	none	_	_	_	_	_	_
448-4	PST094	448	448	4	mai:	mai	_	_	_	_	_	linguistic	_	none	_	End=1248.65	2x1	_	_	_
449-0	PST094	449	449	0	e::hm	ehm	_	_	_	_	_	linguistic	_	none	_	Begin=1249.14	0x2	_	_	_
449-1	PST094	449	449	1	per	per	_	_	_	_	_	linguistic	_	none	_	_	_	_	_	_
449-2	PST094	449	449	2	fare	fare	_	_	_	_	_	linguistic	_	none	_	_	_	_	_	_
449-3	PST094	449	449	3	una	una	_	_	_	_	_	linguistic	_	none	_	_	_	_	_	_
449-4	PST094	449	449	4	cosa	cosa	_	_	_	_	_	linguistic	_	none	_	_	_	_	_	_
449-5	PST094	449	449	5	di	di	_	_	_	_	_	linguistic	_	none	_	_	_	_	_	_
449-6	PST094	449	449	6	genere	genere	_	_	_	_	_	linguistic	_	none	_	End=1251.967	_	_	_	_
450-0	PST094	450	450	0	senza	senza	_	_	_	_	_	linguistic	_	none	_	Begin=1252.3	_	_	_	_
450-1	PST094	450	450	1	chiedere	chiedere	_	_	_	_	_	linguistic	_	none	_	_	_	_	_	_
450-2	PST094	450	450	2	l'	l'	_	_	_	_	_	linguistic	_	none	SpaceAfter=No	_	_	_	_	_
450-3	PST094	450	450	3	aiuto	aiuto	_	_	_	_	_	linguistic	_	none	_	_	_	_	_	_
450-4	PST094	450	450	4	del	del	_	_	_	_	_	linguistic	_	none	_	_	_	_	_	_
450-5	PST094	450	450	5	signore	signore	_	_	_	_	_	linguistic	_	none	_	End=1254.24	_	_	_	_
451-0	PST094	451	451	0	è	è	_	_	_	_	_	linguistic	_	none	_	Begin=1254.24	_	_	_	_
451-1	PST094	451	451	1	vero	vero	_	_	_	_	_	linguistic	_	none	_	_	_	_	_	_
451-2	PST094	451	451	2	che	che	_	_	_	_	_	linguistic	_	none	_	_	_	_	_	_
451-3	PST094	451	451	3	è	è	_	_	_	_	_	linguistic	_	none	_	_	_	_	_	_
451-4	PST094	451	451	4	uno	uno	_	_	_	_	_	linguistic	_	none	_	_	_	_	_	_
451-5	PST094	451	451	5	stress	stress	_	_	_	_	_	linguistic	_	none	_	_	_	_	_	_
451-6	PST094	451	451	6	di	di	_	_	_	_	_	linguistic	_	none	_	_	_	_	_	_
451-7	PST094	451	451	7	continuo	continuo	_	_	_	_	_	linguistic	_	none	_	End=1257.05	_	_	_	_
452-0	PST094	452	452	0	però	però	_	_	_	_	_	linguistic	_	none	_	Begin=1257.05	_	_	_	_
452-1	PST094	452	452	1	io	io	_	_	_	_	_	linguistic	_	none	_	_	_	_	_	_
452-2	PST094	452	452	2	vedere	vedere	_	_	_	_	_	linguistic	_	none	_	_	_	_	_	_
452-3	PST094	452	452	3	i	i	_	_	_	_	_	linguistic	_	none	_	_	_	_	_	_
452-4	PST094	452	452	4	ragazzi	ragazzi	_	_	_	_	_	linguistic	_	none	_	_	_	_	_	_
452-5	PST094	452	452	5	tutti	tutti	_	_	_	_	_	linguistic	_	none	_	_	_	_	_	_
452-6	PST094	452	452	6	felici	felici	_	_	_	_	_	linguistic	_	none	_	End=1260.161	_	_	_	_
453-0	PST094	453	453	0	questa	questa	_	_	_	_	_	linguistic	_	none	_	Begin=1260.5	_	_	_	_
453-1	PST094	453	453	1	mi	mi	_	_	_	_	_	linguistic	_	none	_	_	_	_	_	_
453-2	PST094	453	453	2	aiu:ta	aiuta	_	_	_	_	_	linguistic	_	none	_	End=1262.04	2x1	_	_	_
454-0	PST094	454	454	0	a	a	_	_	_	_	_	linguistic	_	none	_	Begin=1262.041	_	_	_	_
454-1	PST094	454	454	1	mantenermi	mantenermi	_	_	_	_	_	linguistic	_	none	_	_	_	_	_	_
454-2	PST094	454	454	2	e	e	_	_	_	_	_	linguistic	_	none	_	_	_	_	_	_
454-3	PST094	454	454	3	a	a	_	_	_	_	_	linguistic	_	none	_	_	_	_	_	_
454-4	PST094	454	454	4	dire	dire	_	_	_	_	_	linguistic	_	none	_	End=1264.16	_	_	_	_
455-0	PST094	455	455	0	tutte	tutte	_	_	_	_	_	linguistic	_	none	_	Begin=1264.3	_	_	_	_
455-1	PST094	455	455	1	le	le	_	_	_	_	_	linguistic	_	none	_	_	_	_	_	_
455-2	PST094	455	455	2	volte	volte	_	_	_	_	_	linguistic	_	none	_	_	_	_	_	_
455-3	PST094	455	455	3	dico	dico	_	_	_	_	_	linguistic	_	none	_	_	_	_	_	_
455-4	PST094	455	455	4	ma	ma	_	_	_	_	_	linguistic	_	none	_	End=1265.46	_	_	_	_
456-0	PST094	456	456	0	non	non	_	_	_	_	_	linguistic	_	none	_	Begin=1265.855	_	_	_	_
456-1	PST094	456	456	1	faccio	faccio	_	_	_	_	_	linguistic	_	none	_	_	_	_	_	_
456-2	PST094	456	456	2	mai	mai	_	_	_	_	_	linguistic	_	none	_	_	_	_	_	_
456-3	PST094	456	456	3	più	più	_	_	_	_	_	linguistic	_	none	_	_	_	_	_	_
456-4	PST094	456	456	4	queste	queste	_	_	_	_	_	linguistic	_	none	_	_	_	_	_	_
456-5	PST094	456	456	5	cavola:te	cavolate	_	_	_	_	_	linguistic	_	none	_	_	5x1	_	_	_
456-6	PST094	456	456	6	cosa	cosa	_	_	_	_	_	linguistic	_	none	_	_	_	_	_	_
456-7	PST094	456	456	7	ho	ho	_	_	_	_	_	linguistic	_	none	_	_	_	_	_	_
456-8	PST094	456	456	8	fa:tto	fatto	_	_	_	_	_	linguistic	_	none	_	End=1269.531	1x1	_	_	_
457-0	PST094	457	457	0	però	però	_	_	_	_	_	linguistic	_	none	_	Begin=1269.8	_	_	_	_
457-1	PST094	457	457	1	quando	quando	_	_	_	_	_	linguistic	_	none	_	_	_	_	_	_
457-2	PST094	457	457	2	vi	vi	_	_	_	_	_	linguistic	_	none	_	_	_	_	_	_
457-3	PST094	457	457	3	ve:do	vedo	_	_	_	_	_	linguistic	_	none	_	End=1271.493	1x1	_	_	_
458-0	PST094	458	458	0	e	e	_	_	_	_	_	linguistic	_	none	_	Begin=1271.75	_	_	_	_
458-1	PST094	458	458	1	vedo	vedo	_	_	_	_	_	linguistic	_	none	_	_	_	_	_	_
458-2	PST094	458	458	2	i	i	_	_	_	_	_	linguistic	_	none	_	_	_	_	_	_
458-3	PST094	458	458	3	risultati	risultati	_	_	_	_	_	linguistic	_	none	_	_	_	_	_	_
458-4	PST094	458	458	4	e	e	_	_	_	_	_	linguistic	_	none	_	_	_	_	_	_
458-5	PST094	458	458	5	vi	vi	_	_	_	_	_	linguistic	_	none	_	_	_	_	_	_
458-6	PST094	458	458	6	vedo	vedo	_	_	_	_	_	linguistic	_	none	_	_	_	_	_	_
458-7	PST094	458	458	7	felici	felici	_	_	_	_	_	linguistic	_	none	_	_	_	_	_	_
458-8	PST094	458	458	8	dico	dico	_	_	_	_	_	linguistic	_	none	_	_	_	_	_	_
458-9	PST094	458	458	9	da:i	dai	_	_	_	_	_	linguistic	_	none	_	_	1x1	_	_	_
458-10	PST094	458	458	10	chi	chi	_	_	_	_	_	linguistic	_	none	_	_	_	_	_	_
458-11	PST094	458	458	11	se	se	_	_	_	_	_	linguistic	_	none	_	_	_	_	_	_
458-12	PST094	458	458	12	ne	ne	_	_	_	_	_	linguistic	_	none	_	_	_	_	_	_
458-13	PST094	458	458	13	impo:r~	impor~	_	_	_	_	_	linguistic	_	none	Interrupted=Yes	End=1275.94	3x1	_	_	_
459-0	PST094	459	459	0	da:i	dai	_	_	_	_	_	linguistic	_	none	_	Begin=1275.94	1x1	_	_	_
459-1	PST094	459	459	1	facciamo	facciamo	_	_	_	_	_	linguistic	_	none	_	_	_	_	_	_
459-2	PST094	459	459	2	anche	anche	_	_	_	_	_	linguistic	_	none	_	_	_	_	_	_
459-3	PST094	459	459	3	sta	sta	_	_	_	_	_	linguistic	_	none	_	_	_	_	_	_
459-4	PST094	459	459	4	vo:lta	volta	_	_	_	_	_	linguistic	_	none	_	End=1277.94	1x1	_	_	_
460-0	PST094	460	460	0	è	è	_	_	_	_	_	linguistic	_	none	_	Begin=1278.318	_	_	_	_
460-1	PST094	460	460	1	una	una	_	_	_	_	_	linguistic	_	none	PauseAfter=Yes	_	_	_	_	_
460-2	PST094	460	460	2	{P}	{P}	_	_	_	_	_	shortpause	_	none	_	_	_	_	_	_
460-3	PST094	460	460	3	grandissima	grandissima	_	_	_	_	_	linguistic	_	none	_	_	_	_	_	_
460-4	PST094	460	460	4	responsabilità:	responsabilità	_	_	_	_	_	linguistic	_	none	_	End=1281.39	13x1	_	_	_
461-0	PST094	461	461	0	infatti	infatti	_	_	_	_	_	linguistic	_	none	_	Begin=1281.39	_	_	_	_
461-1	PST094	461	461	1	non	non	_	_	_	_	_	linguistic	_	none	_	_	_	_	_	_
461-2	PST094	461	461	2	dormi	dormi	_	_	_	_	_	linguistic	_	none	_	_	_	_	_	_
461-3	PST094	461	461	3	non:::	non	_	_	_	_	_	linguistic	_	none	_	End=1284.197	2x3	_	_	_
462-0	PST094	462	462	0	non	non	_	_	_	_	_	linguistic	_	none	_	Begin=1284.31	_	_	_	_
462-1	PST094	462	462	1	bevi	bevi	_	_	_	_	_	linguistic	_	none	_	_	_	_	_	_
462-2	PST094	462	462	2	non	non	_	_	_	_	_	linguistic	_	none	_	_	_	_	_	_
462-3	PST094	462	462	3	mangi	mangi	_	_	_	_	_	linguistic	_	none	_	_	_	_	_	_
462-4	PST094	462	462	4	come	come	_	_	_	_	_	linguistic	_	none	_	_	_	_	_	_
462-5	PST094	462	462	5	si	si	_	_	_	_	_	linguistic	_	none	_	_	_	_	_	_
462-6	PST094	462	462	6	deve	deve	_	_	_	_	_	linguistic	_	none	_	End=1286.15	_	_	_	_
463-0	PST094	463	463	0	però	però	_	_	_	_	_	linguistic	_	none	_	Begin=1286.15	_	_	_	_
463-1	PST094	463	463	1	io	io	_	_	_	_	_	linguistic	_	none	_	_	_	_	_	_
463-2	PST094	463	463	2	con	con	_	_	_	_	_	linguistic	_	none	_	_	_	_	_	_
463-3	PST094	463	463	3	questi::	questi	_	_	_	_	_	linguistic	_	none	_	End=1288.12	5x2	_	_	_
464-0	PST094	464	464	0	l:::	l	_	_	_	_	_	linguistic	_	none	_	Begin=1288.5	0x3	_	_	_
464-1	PST094	464	464	1	mio	mio	_	_	_	_	_	linguistic	_	none	_	_	_	_	_	_
464-2	PST094	464	464	2	cibo	cibo	_	_	_	_	_	linguistic	_	none	_	_	_	_	_	_
464-3	PST094	464	464	3	è	è	_	_	_	_	_	linguistic	_	none	_	_	_	_	_	_
464-4	PST094	464	464	4	quello	quello	_	_	_	_	_	linguistic	_	none	_	_	_	_	_	_
464-5	PST094	464	464	5	quan~	quan~	_	_	_	_	_	linguistic	_	none	Interrupted=Yes	_	_	_	_	_
464-6	PST094	464	464	6	la	la	_	_	_	_	_	linguistic	_	none	_	_	_	_	_	_
464-7	PST094	464	464	7	felicità	felicità	_	_	_	_	_	linguistic	_	none	_	_	_	_	_	_
464-8	PST094	464	464	8	de::~	de~	_	_	_	_	_	linguistic	_	none	Interrupted=Yes	_	1x2	_	_	_
464-9	PST094	464	464	9	dei	dei	_	_	_	_	_	linguistic	_	none	_	_	_	_	_	_
464-10	PST094	464	464	10	miei	miei	_	_	_	_	_	linguistic	_	none	_	_	_	_	_	_
464-11	PST094	464	464	11	ragazzi	ragazzi	_	_	_	_	_	linguistic	_	none	_	End=1293.551	_	_	_	_
465-0	PST092	465	465	0	no	no	_	_	_	_	_	linguistic	_	none	_	Begin=1296.05	_	_	_	_
465-1	PST092	465	465	1	più	più	_	_	_	_	_	linguistic	_	none	_	_	_	_	_	_
465-2	PST092	465	465	2	che	che	_	_	_	_	_	linguistic	_	none	_	_	_	_	_	_
465-3	PST092	465	465	3	altro	altro	_	_	_	_	_	linguistic	_	none	_	_	_	_	_	_
465-4	PST092	465	465	4	anche	anche	_	_	_	_	_	linguistic	_	none	_	_	_	_	_	_
465-5	PST092	465	465	5	noi	noi	_	_	_	_	_	linguistic	_	none	_	_	_	_	_	_
465-6	PST092	465	465	6	lo	lo	_	_	_	_	_	linguistic	_	none	_	_	_	_	_	_
465-7	PST092	465	465	7	appreziamo	appreziamo	_	_	_	_	_	linguistic	_	none	_	_	_	_	_	_
465-8	PST092	465	465	8	molto	molto	_	_	_	_	_	linguistic	_	none	_	_	_	_	_	_
465-9	PST092	465	465	9	infatti	infatti	_	_	_	_	_	linguistic	_	none	_	End=1298.69	_	_	_	_
466-0	PST092	466	466	0	su:	su	_	_	_	_	_	linguistic	_	none	_	Begin=1298.69	1x1	_	_	_
466-1	PST092	466	466	1	questo	questo	_	_	_	_	_	linguistic	_	none	_	_	_	_	_	_
466-2	PST092	466	466	2	anche	anche	_	_	_	_	_	linguistic	_	none	_	_	_	_	_	_
466-3	PST092	466	466	3	quando:	quando	_	_	_	_	_	linguistic	_	none	_	_	5x1	_	_	_
466-4	PST092	466	466	4	ci	ci	_	_	_	_	_	linguistic	_	none	_	_	_	_	_	_
466-5	PST092	466	466	5	ha	ha	_	_	_	_	_	linguistic	_	none	_	_	_	_	_	_
466-6	PST092	466	466	6	portato	portato	_	_	_	_	_	linguistic	_	none	_	_	_	_	_	_
466-7	PST092	466	466	7	appunto:	appunto	_	_	_	_	_	linguistic	_	none	PauseAfter=Yes	_	6x1	_	_	_
466-8	PST092	466	466	8	{P}	{P}	_	_	_	_	_	shortpause	_	none	_	_	_	_	_	_
466-9	PST092	466	466	9	in	in	_	_	_	_	_	linguistic	_	none	_	_	_	_	_	_
466-10	PST092	466	466	10	televisione	televisione	_	_	_	_	_	linguistic	_	none	_	End=1303.012	_	_	_	_
467-0	PST092	467	467	0	{ride}	{ride}	_	_	_	_	_	nonverbalbehavior	_	none	_	Begin=1304.1|End=1307.372	_	_	_	_
468-0	PST094	468	468	0	[e::h	eh	_	_	_	_	_	linguistic	_	none	_	Begin=1304.53	0x2	_	_	0-2(?)
468-1	PST094	468	468	1	ho	ho	_	_	_	_	_	linguistic	_	none	_	_	_	_	_	0-2(?)
468-2	PST094	468	468	2	intenzione	intenzione	_	_	_	_	_	linguistic	_	none	_	_	_	_	_	0-10(?)
468-3	PST094	468	468	3	di	di	_	_	_	_	_	linguistic	_	none	PauseAfter=Yes	_	_	_	_	0-2(?)
468-4	PST094	468	468	4	{P}	{P}	_	_	_	_	_	shortpause	_	none	_	_	_	_	_	0-3(?)
468-5	PST094	468	468	5	portarvi	portarvi	_	_	_	_	_	linguistic	_	none	_	_	_	_	_	0-8(?)
468-6	PST094	468	468	6	ancora	ancora	_	_	_	_	_	linguistic	_	none	_	_	_	_	_	0-6(?)
468-7	PST094	468	468	7	di	di	_	_	_	_	_	linguistic	_	none	_	_	_	_	_	0-2(?)
468-8	PST094	468	468	8	più]	più	_	_	_	_	_	linguistic	_	none	_	End=1307.372	_	_	_	0-3(?)
469-0	PST094	469	469	0	che	che	_	_	_	_	_	linguistic	_	none	_	Begin=1308.24	_	_	_	_
469-1	PST094	469	469	1	siete	siete	_	_	_	_	_	linguistic	_	none	_	_	_	_	_	_
469-2	PST094	469	469	2	bravi	bravi	_	_	_	_	_	linguistic	_	none	_	_	_	_	_	_
469-3	PST094	469	469	3	chi	chi	_	_	_	_	_	linguistic	_	none	_	_	_	_	_	_
469-4	PST094	469	469	4	se	se	_	_	_	_	_	linguistic	_	none	_	_	_	_	_	_
469-5	PST094	469	469	5	lo	lo	_	_	_	_	_	linguistic	_	none	_	_	_	_	_	_
469-6	PST094	469	469	6	merita	merita	_	_	_	_	_	linguistic	_	none	_	End=1310.34	_	_	_	_
470-0	PST094	470	470	0	e	e	_	_	_	_	_	linguistic	_	none	_	Begin=1310.8	_	_	_	_
470-1	PST094	470	470	1	chi	chi	_	_	_	_	_	linguistic	_	none	PauseAfter=Yes	_	_	_	_	_
470-2	PST094	470	470	2	{P}	{P}	_	_	_	_	_	shortpause	_	none	_	_	_	_	_	_
470-3	PST094	470	470	3	capisce	capisce	_	_	_	_	_	linguistic	_	none	_	_	_	_	_	_
470-4	PST094	470	470	4	cosa	cosa	_	_	_	_	_	linguistic	_	none	_	_	_	_	_	_
470-5	PST094	470	470	5	vuol	vuol	_	_	_	_	_	linguistic	_	none	_	_	_	_	_	_
470-6	PST094	470	470	6	dire	dire	_	_	_	_	_	linguistic	_	none	_	End=1313.08	_	_	_	_
471-0	PST094	471	471	0	il	il	_	_	_	_	_	linguistic	_	some	_	Begin=1313.66	_	_	_	_
471-1	PST094	471	471	1	gruppo	gruppo	_	_	_	_	_	linguistic	_	some	_	_	_	_	_	_
471-2	PST094	471	471	2	è	è	_	_	_	_	_	linguistic	_	some	_	_	_	_	_	_
471-3	PST094	471	471	3	#ansamblu	ansamblu	_	_	_	_	_	linguistic	_	some	Language=NO_ISO_CODE|Variation=Token	End=1315.39	_	_	_	_
473-0	PST094	473	473	0	per	per	_	_	_	_	_	linguistic	_	none	_	Begin=1315.82	_	_	_	_
473-1	PST094	473	473	1	me::::	me	_	_	_	_	_	linguistic	_	none	_	End=1317.813	1x4	_	_	_
474-0	PST094	474	474	0	anche	anche	_	_	_	_	_	linguistic	_	none	_	Begin=1317.97	_	_	_	_
474-1	PST094	474	474	1	voi	voi	_	_	_	_	_	linguistic	_	none	_	_	_	_	_	_
474-2	PST094	474	474	2	mi	mi	_	_	_	_	_	linguistic	_	none	_	_	_	_	_	_
474-3	PST094	474	474	3	date	date	_	_	_	_	_	linguistic	_	none	_	_	_	_	_	_
474-4	PST094	474	474	4	questa	questa	_	_	_	_	_	linguistic	_	none	_	_	_	_	_	_
474-5	PST094	474	474	5	forza	forza	_	_	_	_	_	linguistic	_	none	_	_	_	_	_	_
474-6	PST094	474	474	6	quando	quando	_	_	_	_	_	linguistic	_	none	_	_	_	_	_	_
474-7	PST094	474	474	7	vedo	vedo	_	_	_	_	_	linguistic	_	none	_	_	_	_	_	_
474-8	PST094	474	474	8	che	che	_	_	_	_	_	linguistic	_	none	_	_	_	_	_	_
474-9	PST094	474	474	9	vi	vi	_	_	_	_	_	linguistic	_	none	PauseAfter=Yes	_	_	_	_	_
474-10	PST094	474	474	10	{P}	{P}	_	_	_	_	_	shortpause	_	none	_	_	_	_	_	_
474-11	PST094	474	474	11	date	date	_	_	_	_	_	linguistic	_	none	_	_	_	_	_	_
474-12	PST094	474	474	12	da	da	_	_	_	_	_	linguistic	_	none	_	_	_	_	_	_
474-13	PST094	474	474	13	fare	fare	_	_	_	_	_	linguistic	_	none	_	End=1322.201	_	_	_	_
475-0	PST094	475	475	0	e::::	e	_	_	_	_	_	linguistic	_	none	_	Begin=1322.201|End=1323.879	0x4	_	_	_
476-0	PST094	476	476	0	capiate	capiate	_	_	_	_	_	linguistic	_	none	_	Begin=1323.967	_	_	_	_
476-1	PST094	476	476	1	che	che	_	_	_	_	_	linguistic	_	none	PauseAfter=Yes	_	_	_	_	_
476-2	PST094	476	476	2	{P}	{P}	_	_	_	_	_	shortpause	_	none	_	_	_	_	_	_
476-3	PST094	476	476	3	veramente	veramente	_	_	_	_	_	linguistic	_	none	_	_	_	_	_	_
476-4	PST094	476	476	4	siete	siete	_	_	_	_	_	linguistic	_	none	_	_	_	_	_	_
476-5	PST094	476	476	5	un	un	_	_	_	_	_	linguistic	_	none	_	_	_	_	_	_
476-6	PST094	476	476	6	gruppo,	gruppo	_	_	_	_	_	linguistic	_	none	Intonation=WeaklyRising	End=1327.27	_	_	_	_
477-0	PST094	477	477	0	anche	anche	_	_	_	_	_	linguistic	_	none	_	Begin=1327.76	_	_	_	_
477-1	PST094	477	477	1	a	a	_	_	_	_	_	linguistic	_	none	_	_	_	_	_	_
477-2	PST094	477	477	2	me	me	_	_	_	_	_	linguistic	_	none	_	_	_	_	_	_
477-3	PST094	477	477	3	a	a	_	_	_	_	_	linguistic	_	none	_	_	_	_	_	_
477-4	PST094	477	477	4	me	me	_	_	_	_	_	linguistic	_	none	_	_	_	_	_	_
477-5	PST094	477	477	5	date	date	_	_	_	_	_	linguistic	_	none	_	_	_	_	_	_
477-6	PST094	477	477	6	la	la	_	_	_	_	_	linguistic	_	none	_	_	_	_	_	_
477-7	PST094	477	477	7	forza	forza	_	_	_	_	_	linguistic	_	none	_	_	_	_	_	_
477-8	PST094	477	477	8	di	di	_	_	_	_	_	linguistic	_	none	_	_	_	_	_	_
477-9	PST094	477	477	9	fare	fare	_	_	_	_	_	linguistic	_	none	_	_	_	_	_	_
477-10	PST094	477	477	10	le	le	_	_	_	_	_	linguistic	_	none	_	_	_	_	_	_
477-11	PST094	477	477	11	cose	cose	_	_	_	_	_	linguistic	_	none	_	End=1330.39	_	_	_	_
478-0	PST094	478	478	0	più	più	_	_	_	_	_	linguistic	_	none	_	Begin=1330.69|End=1331.37	_	_	_	_
479-0	PST094	479	479	0	più	più	_	_	_	_	_	linguistic	_	none	_	Begin=1331.956	_	_	_	_
479-1	PST094	479	479	1	rischiose	rischiose	_	_	_	_	_	linguistic	_	none	_	_	_	_	_	_
479-2	PST094	479	479	2	più	più	_	_	_	_	_	linguistic	_	none	_	_	_	_	_	_
479-3	PST094	479	479	3	belle	belle	_	_	_	_	_	linguistic	_	none	_	_	_	_	_	_
479-4	PST094	479	479	4	più::	più	_	_	_	_	_	linguistic	_	none	_	_	2x2	_	_	_
479-5	PST094	479	479	5	avanzate	avanzate	_	_	_	_	_	linguistic	_	none	_	_	_	_	_	_
479-6	PST094	479	479	6	no,	no	_	_	_	_	_	linguistic	_	none	Intonation=WeaklyRising	End=1335.412	_	_	_	_
480-0	PST094	480	480	0	ecco	ecco	_	_	_	_	_	linguistic	_	none	_	Begin=1336.045	_	_	_	_
480-1	PST094	480	480	1	anche	anche	_	_	_	_	_	linguistic	_	none	_	_	_	_	_	_
480-2	PST094	480	480	2	voi	voi	_	_	_	_	_	linguistic	_	none	_	_	_	_	_	_
480-3	PST094	480	480	3	siete	siete	_	_	_	_	_	linguistic	_	none	_	_	_	_	_	_
480-4	PST094	480	480	4	la	la	_	_	_	_	_	linguistic	_	none	_	_	_	_	_	_
480-5	PST094	480	480	5	mia	mia	_	_	_	_	_	linguistic	_	none	_	_	_	_	_	_
480-6	PST094	480	480	6	forza	forza	_	_	_	_	_	linguistic	_	none	_	End=1338.178	_	_	_	_
481-0	PST092	481	481	0	per::	per	_	_	_	_	_	linguistic	_	some	PauseAfter=Yes	Begin=1340.38	2x2	_	_	_
481-1	PST092	481	481	1	{P}	{P}	_	_	_	_	_	shortpause	_	some	_	_	_	_	_	_
481-2	PST092	481	481	2	i	i	_	_	_	_	_	linguistic	_	some	_	_	_	_	_	_
481-3	PST092	481	481	3	ragazzi	ragazzi	_	_	_	_	_	linguistic	_	some	_	_	_	_	_	_
481-4	PST092	481	481	4	quando	quando	_	_	_	_	_	linguistic	_	some	_	_	_	_	_	_
481-5	PST092	481	481	5	intende	intende	_	_	_	_	_	linguistic	_	some	_	_	_	_	_	_
481-6	PST092	481	481	6	proprio	proprio	_	_	_	_	_	linguistic	_	some	_	_	_	_	_	_
481-7	PST092	481	481	7	gruppo	gruppo	_	_	_	_	_	linguistic	_	some	_	_	_	_	_	_
481-8	PST092	481	481	8	#ansamblu	ansamblu	_	_	_	_	_	linguistic	_	some	Language=NO_ISO_CODE|Variation=Token	_	_	_	_	_
481-9	PST092	481	481	9	in	in	_	_	_	_	_	linguistic	_	some	_	_	_	_	_	_
481-10	PST092	481	481	10	sé	sé	_	_	_	_	_	linguistic	_	some	PauseAfter=Yes	_	_	_	_	_
481-11	PST092	481	481	11	{P}	{P}	_	_	_	_	_	shortpause	_	some	_	_	_	_	_	_
481-12	PST092	481	481	12	se	se	_	_	_	_	_	linguistic	_	some	_	_	_	_	_	_
481-13	PST092	481	481	13	ci	ci	_	_	_	_	_	linguistic	_	some	_	_	_	_	_	_
481-14	PST092	481	481	14	sono	sono	_	_	_	_	_	linguistic	_	some	_	_	_	_	_	_
481-15	PST092	481	481	15	delle	delle	_	_	_	_	_	linguistic	_	some	_	_	_	_	_	_
481-16	PST092	481	481	16	liti	liti	_	_	_	_	_	linguistic	_	some	_	_	_	_	_	_
481-17	PST092	481	481	17	lei	lei	_	_	_	_	_	linguistic	_	some	_	_	_	_	_	_
481-18	PST092	481	481	18	molto	molto	_	_	_	_	_	linguistic	_	some	_	_	_	_	_	_
481-19	PST092	481	481	19	spesso	spesso	_	_	_	_	_	linguistic	_	some	_	_	_	_	_	_
481-20	PST092	481	481	20	come	come	_	_	_	_	_	linguistic	_	some	_	_	_	_	_	_
481-21	PST092	481	481	21	la	la	_	_	_	_	_	linguistic	_	some	_	_	_	_	_	_
481-22	PST092	481	481	22	prende	prende	_	_	_	_	_	linguistic	_	some	_	End=1347.81	_	_	_	_
483-0	PST094	483	483	0	se	se	_	_	_	_	_	linguistic	_	none	_	Begin=1348.3	_	_	_	_
483-1	PST094	483	483	1	sono?	sono	_	_	_	_	_	linguistic	_	none	Intonation=Rising	End=1349.04	_	_	_	_
484-0	PST092	484	484	0	delle	delle	_	_	_	_	_	linguistic	_	none	_	Begin=1349.04	_	_	_	_
484-1	PST092	484	484	1	liti	liti	_	_	_	_	_	linguistic	_	none	_	_	_	_	_	_
484-2	PST092	484	484	2	o	o	_	_	_	_	_	linguistic	_	none	_	_	_	_	_	_
484-3	PST092	484	484	3	comunque	comunque	_	_	_	_	_	linguistic	_	none	_	_	_	_	_	_
484-4	PST092	484	484	4	magari	magari	_	_	_	_	_	linguistic	_	none	_	_	_	_	_	_
484-5	PST092	484	484	5	dei	dei	_	_	_	_	_	linguistic	_	none	_	_	_	_	_	_
484-6	PST092	484	484	6	frantendi[menti	frantendimenti	_	_	_	_	_	linguistic	_	none	_	_	_	_	_	9-14(10)
484-7	PST092	484	484	7	lei	lei	_	_	_	_	_	linguistic	_	none	_	_	_	_	_	0-3(10)
484-8	PST092	484	484	8	come	come	_	_	_	_	_	linguistic	_	none	_	_	_	_	_	0-4(10)
484-9	PST092	484	484	9	la	la	_	_	_	_	_	linguistic	_	none	_	_	_	_	_	0-2(10)
484-10	PST092	484	484	10	prende]	prende	_	_	_	_	_	linguistic	_	none	_	End=1352.13	_	_	_	0-6(10)
485-0	PST094	485	485	0	[MA	ma	_	_	_	_	_	linguistic	_	none	Volume=high	Begin=1350.78	_	_	_	0-2(10)
485-1	PST094	485	485	1	SÌ:::]	sì	_	_	_	_	_	linguistic	_	none	Volume=high	End=1352.21	1x3	_	_	0-2(10)
486-0	PST094	486	486	0	ma	ma	_	_	_	_	_	linguistic	_	none	_	Begin=1352.21	_	_	_	_
486-1	PST094	486	486	1	guarda	guarda	_	_	_	_	_	linguistic	_	none	_	_	_	_	_	_
486-2	PST094	486	486	2	se	se	_	_	_	_	_	linguistic	_	none	_	_	_	_	_	_
486-3	PST094	486	486	3	sono	sono	_	_	_	_	_	linguistic	_	none	_	_	_	_	_	_
486-4	PST094	486	486	4	tra	tra	_	_	_	_	_	linguistic	_	none	_	_	_	_	_	_
486-5	PST094	486	486	5	i	i	_	_	_	_	_	linguistic	_	none	_	_	_	_	_	_
486-6	PST094	486	486	6	ragazzi:	ragazzi	_	_	_	_	_	linguistic	_	none	_	End=1354.79	6x1	_	_	_
487-0	PST094	487	487	0	non	non	_	_	_	_	_	linguistic	_	none	_	Begin=1354.79	_	_	_	_
487-1	PST094	487	487	1	la	la	_	_	_	_	_	linguistic	_	none	_	_	_	_	_	_
487-2	PST094	487	487	2	prendo	prendo	_	_	_	_	_	linguistic	_	none	_	_	_	_	_	_
487-3	PST094	487	487	3	ma:le	male	_	_	_	_	_	linguistic	_	none	_	_	1x1	_	_	_
487-4	PST094	487	487	4	perché	perché	_	_	_	_	_	linguistic	_	none	_	_	_	_	_	_
487-5	PST094	487	487	5	so	so	_	_	_	_	_	linguistic	_	none	_	_	_	_	_	_
487-6	PST094	487	487	6	che	che	_	_	_	_	_	linguistic	_	none	_	_	_	_	_	_
487-7	PST094	487	487	7	se	se	_	_	_	_	_	linguistic	_	none	_	_	_	_	_	_
487-8	PST094	487	487	8	parli	parli	_	_	_	_	_	linguistic	_	none	_	_	_	_	_	_
487-9	PST094	487	487	9	con	con	_	_	_	_	_	linguistic	_	none	_	_	_	_	_	_
487-10	PST094	487	487	10	loro	loro	_	_	_	_	_	linguistic	_	none	_	_	_	_	_	_
487-11	PST094	487	487	11	e	e	_	_	_	_	_	linguistic	_	none	_	_	_	_	_	_
487-12	PST094	487	487	12	gli	gli	_	_	_	_	_	linguistic	_	none	_	_	_	_	_	_
487-13	PST094	487	487	13	spieghi	spieghi	_	_	_	_	_	linguistic	_	none	_	_	_	_	_	_
487-14	PST094	487	487	14	la	la	_	_	_	_	_	linguistic	_	none	_	_	_	_	_	_
487-15	PST094	487	487	15	situazio:ne	situazione	_	_	_	_	_	linguistic	_	none	_	_	7x1	_	_	_
487-16	PST094	487	487	16	possono	possono	_	_	_	_	_	linguistic	_	none	_	_	_	_	_	_
487-17	PST094	487	487	17	migliorare	migliorare	_	_	_	_	_	linguistic	_	none	_	End=1362.172	_	_	_	_
488-0	PST094	488	488	0	è::	è	_	_	_	_	_	linguistic	_	none	_	Begin=1363.066	0x2	_	_	_
488-1	PST094	488	488	1	più	più	_	_	_	_	_	linguistic	_	none	_	_	_	_	_	_
488-2	PST094	488	488	2	difficile	difficile	_	_	_	_	_	linguistic	_	none	_	_	_	_	_	_
488-3	PST094	488	488	3	s:e:	se	_	_	_	_	_	linguistic	_	none	_	_	0x1,1x1	_	_	_
488-4	PST094	488	488	4	capita	capita	_	_	_	_	_	linguistic	_	none	_	_	_	_	_	_
488-5	PST094	488	488	5	nell'	nell'	_	_	_	_	_	linguistic	_	none	SpaceAfter=No	_	_	_	_	_
488-6	PST094	488	488	6	arco	arco	_	_	_	_	_	linguistic	_	none	_	_	_	_	_	_
488-7	PST094	488	488	7	degli	degli	_	_	_	_	_	linguistic	_	none	_	_	_	_	_	_
488-8	PST094	488	488	8	adulti	adulti	_	_	_	_	_	linguistic	_	none	_	End=1367.683	_	_	_	_
489-0	PST094	489	489	0	ma	ma	_	_	_	_	_	linguistic	_	none	_	Begin=1367.683	_	_	_	_
489-1	PST094	489	489	1	i	i	_	_	_	_	_	linguistic	_	none	_	_	_	_	_	_
489-2	PST094	489	489	2	ragazzi	ragazzi	_	_	_	_	_	linguistic	_	none	_	_	_	_	_	_
489-3	PST094	489	489	3	essendoci	essendoci	_	_	_	_	_	linguistic	_	none	_	_	_	_	_	_
489-4	PST094	489	489	4	una	una	_	_	_	_	_	linguistic	_	none	_	_	_	_	_	_
489-5	PST094	489	489	5	fase	fase	_	_	_	_	_	linguistic	_	none	_	_	_	_	_	_
489-6	PST094	489	489	6	di	di	_	_	_	_	_	linguistic	_	none	_	_	_	_	_	_
489-7	PST094	489	489	7	crescita	crescita	_	_	_	_	_	linguistic	_	none	_	_	_	_	_	_
489-8	PST094	489	489	8	essendoci:	essendoci	_	_	_	_	_	linguistic	_	none	_	_	8x1	_	_	_
489-9	PST094	489	489	9	in	in	_	_	_	_	_	linguistic	_	none	_	_	_	_	_	_
489-10	PST094	489	489	10	una	una	_	_	_	_	_	linguistic	_	none	_	_	_	_	_	_
489-11	PST094	489	489	11	fase	fase	_	_	_	_	_	linguistic	_	none	_	_	_	_	_	_
489-12	PST094	489	489	12	di	di	_	_	_	_	_	linguistic	_	none	_	_	_	_	_	_
489-13	PST094	489	489	13	adole~	adole~	_	_	_	_	_	linguistic	_	none	Interrupted=Yes	_	_	_	_	_
489-14	PST094	489	489	14	adolescenza	adolescenza	_	_	_	_	_	linguistic	_	none	_	End=1375.343	_	_	_	_
490-0	PST094	490	490	0	si	si	_	_	_	_	_	linguistic	_	none	_	Begin=1375.66	_	_	_	_
490-1	PST094	490	490	1	capisce	capisce	_	_	_	_	_	linguistic	_	none	_	_	_	_	_	_
490-2	PST094	490	490	2	che	che	_	_	_	_	_	linguistic	_	none	_	End=1376.87	_	_	_	_
491-0	PST094	491	491	0	abbiamo	abbiamo	_	_	_	_	_	linguistic	_	none	_	Begin=1377.5	_	_	_	_
491-1	PST094	491	491	1	avuto	avuto	_	_	_	_	_	linguistic	_	none	_	_	_	_	_	_
491-2	PST094	491	491	2	tutte	tutte	_	_	_	_	_	linguistic	_	none	_	_	_	_	_	_
491-3	PST094	491	491	3	le	le	_	_	_	_	_	linguistic	_	none	_	_	_	_	_	_
491-4	PST094	491	491	4	generazio:ni	generazioni	_	_	_	_	_	linguistic	_	none	_	_	8x1	_	_	_
491-5	PST094	491	491	5	che	che	_	_	_	_	_	linguistic	_	none	_	_	_	_	_	_
491-6	PST094	491	491	6	sono	sono	_	_	_	_	_	linguistic	_	none	_	_	_	_	_	_
491-7	PST094	491	491	7	state	state	_	_	_	_	_	linguistic	_	none	_	_	_	_	_	_
491-8	PST094	491	491	8	così	così	_	_	_	_	_	linguistic	_	none	_	_	_	_	_	_
491-9	PST094	491	491	9	quindi	quindi	_	_	_	_	_	linguistic	_	none	_	_	_	_	_	_
491-10	PST094	491	491	10	un	un	_	_	_	_	_	linguistic	_	none	_	_	_	_	_	_
491-11	PST094	491	491	11	po'	po'	_	_	_	_	_	linguistic	_	none	_	_	_	_	_	_
491-12	PST094	491	491	12	di	di	_	_	_	_	_	linguistic	_	none	_	_	_	_	_	_
491-13	PST094	491	491	13	esperienza	esperienza	_	_	_	_	_	linguistic	_	none	_	_	_	_	_	_
491-14	PST094	491	491	14	c'	c'	_	_	_	_	_	linguistic	_	none	SpaceAfter=No	_	_	_	_	_
491-15	PST094	491	491	15	è:	è	_	_	_	_	_	linguistic	_	none	_	End=1382.4	0x1	_	_	_
492-0	PST094	492	492	0	e::	e	_	_	_	_	_	linguistic	_	none	_	Begin=1382.7|End=1383.757	0x2	_	_	_
493-0	PST094	493	493	0	anche	anche	_	_	_	_	_	linguistic	_	none	_	Begin=1383.843	_	_	_	_
493-1	PST094	493	493	1	se:	se	_	_	_	_	_	linguistic	_	none	_	_	1x1	_	_	_
493-2	PST094	493	493	2	vabbè:	vabbè	_	_	_	_	_	linguistic	_	none	_	_	4x1	_	_	_
493-3	PST094	493	493	3	gli	gli	_	_	_	_	_	linguistic	_	none	_	_	_	_	_	_
493-4	PST094	493	493	4	facciamo	facciamo	_	_	_	_	_	linguistic	_	none	_	_	_	_	_	_
493-5	PST094	493	493	5	delle	delle	_	_	_	_	_	linguistic	_	none	_	_	_	_	_	_
493-6	PST094	493	493	6	osservazioni	osservazioni	_	_	_	_	_	linguistic	_	none	_	End=1387.58	_	_	_	_
494-0	PST094	494	494	0	non	non	_	_	_	_	_	linguistic	_	none	_	Begin=1387.64	_	_	_	_
494-1	PST094	494	494	1	vuol	vuol	_	_	_	_	_	linguistic	_	none	_	_	_	_	_	_
494-2	PST094	494	494	2	dire	dire	_	_	_	_	_	linguistic	_	none	_	_	_	_	_	_
494-3	PST094	494	494	3	che	che	_	_	_	_	_	linguistic	_	none	_	_	_	_	_	_
494-4	PST094	494	494	4	passano	passano	_	_	_	_	_	linguistic	_	none	_	_	_	_	_	_
494-5	PST094	494	494	5	sul	sul	_	_	_	_	_	linguistic	_	none	_	_	_	_	_	_
494-6	PST094	494	494	6	secondo	secondo	_	_	_	_	_	linguistic	_	none	_	_	_	_	_	_
494-7	PST094	494	494	7	posto	posto	_	_	_	_	_	linguistic	_	none	_	_	_	_	_	_
494-8	PST094	494	494	8	e	e	_	_	_	_	_	linguistic	_	none	_	_	_	_	_	_
494-9	PST094	494	494	9	che	che	_	_	_	_	_	linguistic	_	none	_	_	_	_	_	_
494-10	PST094	494	494	10	non::	non	_	_	_	_	_	linguistic	_	none	_	End=1391.83	2x2	_	_	_
495-0	PST094	495	495	0	non	non	_	_	_	_	_	linguistic	_	none	_	Begin=1392.239	_	_	_	_
495-1	PST094	495	495	1	gli	gli	_	_	_	_	_	linguistic	_	none	_	_	_	_	_	_
495-2	PST094	495	495	2	vogliamo	vogliamo	_	_	_	_	_	linguistic	_	none	_	_	_	_	_	_
495-3	PST094	495	495	3	bene	bene	_	_	_	_	_	linguistic	_	none	_	_	_	_	_	_
495-4	PST094	495	495	4	lo	lo	_	_	_	_	_	linguistic	_	none	_	_	_	_	_	_
495-5	PST094	495	495	5	stesso	stesso	_	_	_	_	_	linguistic	_	none	_	End=1393.963	_	_	_	_
496-0	PST094	496	496	0	sì	sì	_	_	_	_	_	linguistic	_	none	_	Begin=1394.166|End=1394.71	_	_	_	_
497-0	PST094	497	497	0	gli	gli	_	_	_	_	_	linguistic	_	none	_	Begin=1394.9	_	_	_	_
497-1	PST094	497	497	1	vogliamo	vogliamo	_	_	_	_	_	linguistic	_	none	_	_	_	_	_	_
497-2	PST094	497	497	2	bene	bene	_	_	_	_	_	linguistic	_	none	_	End=1396.2	_	_	_	_
498-0	PST094	498	498	0	e:	e	_	_	_	_	_	linguistic	_	none	_	Begin=1396.39	0x1	_	_	_
498-1	PST094	498	498	1	ci	ci	_	_	_	_	_	linguistic	_	none	_	_	_	_	_	_
498-2	PST094	498	498	2	fa:	fa	_	_	_	_	_	linguistic	_	none	_	_	1x1	_	_	_
498-3	PST094	498	498	3	un	un	_	_	_	_	_	linguistic	_	none	_	_	_	_	_	_
498-4	PST094	498	498	4	grande	grande	_	_	_	_	_	linguistic	_	none	_	_	_	_	_	_
498-5	PST094	498	498	5	piacere	piacere	_	_	_	_	_	linguistic	_	none	_	_	_	_	_	_
498-6	PST094	498	498	6	quando:	quando	_	_	_	_	_	linguistic	_	none	_	End=1399.99	5x1	_	_	_
499-0	PST094	499	499	0	e:h	eh	_	_	_	_	_	linguistic	_	none	_	Begin=1400.12	0x1	_	_	_
499-1	PST094	499	499	1	noi	noi	_	_	_	_	_	linguistic	_	none	_	_	_	_	_	_
499-2	PST094	499	499	2	li	li	_	_	_	_	_	linguistic	_	none	_	_	_	_	_	_
499-3	PST094	499	499	3	possiamo	possiamo	_	_	_	_	_	linguistic	_	none	_	_	_	_	_	_
499-4	PST094	499	499	4	aiutare	aiutare	_	_	_	_	_	linguistic	_	none	_	_	_	_	_	_
499-5	PST094	499	499	5	anche	anche	_	_	_	_	_	linguistic	_	none	_	_	_	_	_	_
499-6	PST094	499	499	6	a::	a	_	_	_	_	_	linguistic	_	none	_	_	0x2	_	_	_
499-7	PST094	499	499	7	so~	so~	_	_	_	_	_	linguistic	_	none	Interrupted=Yes	_	_	_	_	_
499-8	PST094	499	499	8	sorpassare	sorpassare	_	_	_	_	_	linguistic	_	none	_	_	_	_	_	_
499-9	PST094	499	499	9	questi	questi	_	_	_	_	_	linguistic	_	none	_	_	_	_	_	_
499-10	PST094	499	499	10	momenti	momenti	_	_	_	_	_	linguistic	_	none	_	End=1406.3	_	_	_	_
500-0	PST094	500	500	0	>perché<	perché	_	_	_	_	_	linguistic	_	none	_	Begin=1406.86	_	Fast=0-6(0)	_	_
500-1	PST094	500	500	1	sono	sono	_	_	_	_	_	linguistic	_	none	_	_	_	_	_	_
500-2	PST094	500	500	2	normali	normali	_	_	_	_	_	linguistic	_	none	_	End=1408.27	_	_	_	_
501-0	PST092	501	501	0	prima	prima	_	_	_	_	_	linguistic	_	none	PauseAfter=Yes	Begin=1409.25	_	_	_	_
501-1	PST092	501	501	1	{P}	{P}	_	_	_	_	_	shortpause	_	none	_	_	_	_	_	_
501-2	PST092	501	501	2	parla:n~	parlan~	_	_	_	_	_	linguistic	_	none	Interrupted=Yes|PauseAfter=Yes	_	4x1	_	_	_
501-3	PST092	501	501	3	{P}	{P}	_	_	_	_	_	shortpause	_	none	_	_	_	_	_	_
501-4	PST092	501	501	4	parlava	parlava	_	_	_	_	_	linguistic	_	none	_	_	_	_	_	_
501-5	PST092	501	501	5	molto	molto	_	_	_	_	_	linguistic	_	none	_	_	_	_	_	_
501-6	PST092	501	501	6	di	di	_	_	_	_	_	linguistic	_	none	_	_	_	_	_	_
501-7	PST092	501	501	7	musica	musica	_	_	_	_	_	linguistic	_	none	_	_	_	_	_	_
501-8	PST092	501	501	8	tradizionale	tradizionale	_	_	_	_	_	linguistic	_	none	_	End=1412.803	_	_	_	_
502-0	PST092	502	502	0	quella::	quella	_	_	_	_	_	linguistic	_	none	_	Begin=1412.803	5x2	_	_	_
502-1	PST092	502	502	1	che	che	_	_	_	_	_	linguistic	_	none	_	_	_	_	_	_
502-2	PST092	502	502	2	è	è	_	_	_	_	_	linguistic	_	none	_	_	_	_	_	_
502-3	PST092	502	502	3	difficile	difficile	_	_	_	_	_	linguistic	_	none	_	_	_	_	_	_
502-4	PST092	502	502	4	da	da	_	_	_	_	_	linguistic	_	none	_	_	_	_	_	_
502-5	PST092	502	502	5	trovare	trovare	_	_	_	_	_	linguistic	_	none	_	End=1414.92	_	_	_	_
503-0	PST092	503	503	0	per	per	_	_	_	_	_	linguistic	_	none	_	Begin=1415.33	_	_	_	_
503-1	PST092	503	503	1	i	i	_	_	_	_	_	linguistic	_	none	_	_	_	_	_	_
503-2	PST092	503	503	2	balli	balli	_	_	_	_	_	linguistic	_	none	_	End=1416.19	_	_	_	_
504-0	PST092	504	504	0	l:'	l'	_	_	_	_	_	linguistic	_	none	SpaceAfter=No	Begin=1416.38	0x1	_	_	_
504-1	PST092	504	504	1	ho	ho	_	_	_	_	_	linguistic	_	none	_	_	_	_	_	_
504-2	PST092	504	504	2	sentita	sentita	_	_	_	_	_	linguistic	_	none	_	_	_	_	_	_
504-3	PST092	504	504	3	spesso	spesso	_	_	_	_	_	linguistic	_	none	_	_	_	_	_	_
504-4	PST092	504	504	4	dire	dire	_	_	_	_	_	linguistic	_	none	_	_	_	_	_	_
504-5	PST092	504	504	5	che	che	_	_	_	_	_	linguistic	_	none	_	_	_	_	_	_
504-6	PST092	504	504	6	comunque	comunque	_	_	_	_	_	linguistic	_	none	_	_	_	_	_	_
504-7	PST092	504	504	7	la	la	_	_	_	_	_	linguistic	_	none	_	_	_	_	_	_
504-8	PST092	504	504	8	musica	musica	_	_	_	_	_	linguistic	_	none	_	_	_	_	_	_
504-9	PST092	504	504	9	che	che	_	_	_	_	_	linguistic	_	none	_	_	_	_	_	_
504-10	PST092	504	504	10	usa	usa	_	_	_	_	_	linguistic	_	none	_	End=1419.08	_	_	_	_
505-0	PST092	505	505	0	è	è	_	_	_	_	_	linguistic	_	none	_	Begin=1419.43	_	_	_	_
505-1	PST092	505	505	1	una	una	_	_	_	_	_	linguistic	_	none	_	_	_	_	_	_
505-2	PST092	505	505	2	musica	musica	_	_	_	_	_	linguistic	_	none	_	_	_	_	_	_
505-3	PST092	505	505	3	che:	che	_	_	_	_	_	linguistic	_	none	_	End=1420.96	2x1	_	_	_
506-0	PST092	506	506	0	sta	sta	_	_	_	_	_	linguistic	_	none	_	Begin=1421.45	_	_	_	_
506-1	PST092	506	506	1	molto	molto	_	_	_	_	_	linguistic	_	none	_	_	_	_	_	_
506-2	PST092	506	506	2	a	a	_	_	_	_	_	linguistic	_	none	_	_	_	_	_	_
506-3	PST092	506	506	3	cuore	cuore	_	_	_	_	_	linguistic	_	none	_	_	_	_	_	_
506-4	PST092	506	506	4	sia	sia	_	_	_	_	_	linguistic	_	none	_	_	_	_	_	_
506-5	PST092	506	506	5	a	a	_	_	_	_	_	linguistic	_	none	_	_	_	_	_	_
506-6	PST092	506	506	6	lei	lei	_	_	_	_	_	linguistic	_	none	_	_	_	_	_	_
506-7	PST092	506	506	7	ma	ma	_	_	_	_	_	linguistic	_	none	_	_	_	_	_	_
506-8	PST092	506	506	8	che	che	_	_	_	_	_	linguistic	_	none	_	_	_	_	_	_
506-9	PST092	506	506	9	comunque	comunque	_	_	_	_	_	linguistic	_	none	_	_	_	_	_	_
506-10	PST092	506	506	10	rispecchia	rispecchia	_	_	_	_	_	linguistic	_	none	_	_	_	_	_	_
506-11	PST092	506	506	11	molto	molto	_	_	_	_	_	linguistic	_	none	_	_	_	_	_	_
506-12	PST092	506	506	12	le	le	_	_	_	_	_	linguistic	_	none	_	_	_	_	_	_
506-13	PST092	506	506	13	zone	zone	_	_	_	_	_	linguistic	_	none	_	End=1424.61	_	_	_	_
507-0	PST092	507	507	0	quanto	quanto	_	_	_	_	_	linguistic	_	none	_	Begin=1425.24	_	_	_	_
507-1	PST092	507	507	1	ci	ci	_	_	_	_	_	linguistic	_	none	_	_	_	_	_	_
507-2	PST092	507	507	2	vuole	vuole	_	_	_	_	_	linguistic	_	none	_	_	_	_	_	_
507-3	PST092	507	507	3	di	di	_	_	_	_	_	linguistic	_	none	_	_	_	_	_	_
507-4	PST092	507	507	4	solito	solito	_	_	_	_	_	linguistic	_	none	_	_	_	_	_	_
507-5	PST092	507	507	5	per	per	_	_	_	_	_	linguistic	_	none	_	_	_	_	_	_
507-6	PST092	507	507	6	formare	formare	_	_	_	_	_	linguistic	_	none	_	_	_	_	_	_
507-7	PST092	507	507	7	un	un	_	_	_	_	_	linguistic	_	none	_	_	_	_	_	_
507-8	PST092	507	507	8	ballo	ballo	_	_	_	_	_	linguistic	_	none	_	_	_	_	_	_
507-9	PST092	507	507	9	o	o	_	_	_	_	_	linguistic	_	none	_	_	_	_	_	_
507-10	PST092	507	507	10	comunque	comunque	_	_	_	_	_	linguistic	_	none	_	_	_	_	_	_
507-11	PST092	507	507	11	trovare	trovare	_	_	_	_	_	linguistic	_	none	_	_	_	_	_	_
507-12	PST092	507	507	12	le	le	_	_	_	_	_	linguistic	_	none	_	_	_	_	_	_
507-13	PST092	507	507	13	canzoni	canzoni	_	_	_	_	_	linguistic	_	none	_	_	_	_	_	_
507-14	PST092	507	507	14	adatte	adatte	_	_	_	_	_	linguistic	_	none	_	End=1429.13	_	_	_	_
508-0	PST094	508	508	0	ma	ma	_	_	_	_	_	linguistic	_	none	_	Begin=1429.55	_	_	_	_
508-1	PST094	508	508	1	guarda	guarda	_	_	_	_	_	linguistic	_	none	_	_	_	_	_	_
508-2	PST094	508	508	2	su	su	_	_	_	_	_	linguistic	_	none	_	_	_	_	_	_
508-3	PST094	508	508	3	questo	questo	_	_	_	_	_	linguistic	_	none	_	_	_	_	_	_
508-4	PST094	508	508	4	ti	ti	_	_	_	_	_	linguistic	_	none	_	_	_	_	_	_
508-5	PST094	508	508	5	posso	posso	_	_	_	_	_	linguistic	_	none	_	_	_	_	_	_
508-6	PST094	508	508	6	dire	dire	_	_	_	_	_	linguistic	_	none	_	_	_	_	_	_
508-7	PST094	508	508	7	che::	che	_	_	_	_	_	linguistic	_	none	_	_	2x2	_	_	_
508-8	PST094	508	508	8	c'	c'	_	_	_	_	_	linguistic	_	none	SpaceAfter=No	_	_	_	_	_
508-9	PST094	508	508	9	è	è	_	_	_	_	_	linguistic	_	none	_	_	_	_	_	_
508-10	PST094	508	508	10	il	il	_	_	_	_	_	linguistic	_	none	_	_	_	_	_	_
508-11	PST094	508	508	11	nostro	nostro	_	_	_	_	_	linguistic	_	none	_	_	_	_	_	_
508-12	PST094	508	508	12	$coregrafa:::	coregrafa	_	_	_	_	_	linguistic	_	none	Orthography=Yes|Variation=Emerging	_	8x3	_	_	_
508-13	PST094	508	508	13	coreografo:	coreografo	_	_	_	_	_	linguistic	_	none	_	End=1435.17	9x1	_	_	_
509-0	PST094	509	509	0	@cosmin	@cosmin	_	_	_	_	_	anonymized	_	none	_	Begin=1435.244|End=1437.153	_	_	_	_
510-0	PST094	510	510	0	e	e	_	_	_	_	_	linguistic	_	none	_	Begin=1437.623	_	_	_	_
510-1	PST094	510	510	1	il:	il	_	_	_	_	_	linguistic	_	none	_	_	1x1	_	_	_
510-2	PST094	510	510	2	l'	l'	_	_	_	_	_	linguistic	_	none	SpaceAfter=No	_	_	_	_	_
510-3	PST094	510	510	3	istruttore	istruttore	_	_	_	_	_	linguistic	_	none	_	End=1439.69	_	_	_	_
511-0	PST094	511	511	0	e::	e	_	_	_	_	_	linguistic	_	none	_	Begin=1439.69	0x2	_	_	_
511-1	PST094	511	511	1	@iacob	@iacob	_	_	_	_	_	anonymized	_	none	_	End=1441.707	_	_	_	_
512-0	PST094	512	512	0	che::	che	_	_	_	_	_	linguistic	_	none	_	Begin=1442.013	2x2	_	_	_
512-1	PST094	512	512	1	m:h	mh	_	_	_	_	_	linguistic	_	none	_	End=1443.288	0x1	_	_	_
513-0	PST094	513	513	0	da	da	_	_	_	_	_	linguistic	_	none	_	Begin=1443.368	_	_	_	_
513-1	PST094	513	513	1	un	un	_	_	_	_	_	linguistic	_	none	_	_	_	_	_	_
513-2	PST094	513	513	2	po'	po'	_	_	_	_	_	linguistic	_	none	_	_	_	_	_	_
513-3	PST094	513	513	3	di	di	_	_	_	_	_	linguistic	_	none	_	_	_	_	_	_
513-4	PST094	513	513	4	anni::	anni	_	_	_	_	_	linguistic	_	none	_	_	3x2	_	_	_
513-5	PST094	513	513	5	mi	mi	_	_	_	_	_	linguistic	_	none	_	_	_	_	_	_
513-6	PST094	513	513	6	aiutano	aiutano	_	_	_	_	_	linguistic	_	none	_	_	_	_	_	_
513-7	PST094	513	513	7	tanto	tanto	_	_	_	_	_	linguistic	_	none	_	End=1446.22	_	_	_	_
514-0	PST094	514	514	0	e	e	_	_	_	_	_	linguistic	_	none	_	Begin=1446.22	_	_	_	_
514-1	PST094	514	514	1	io::	io	_	_	_	_	_	linguistic	_	none	_	_	1x2	_	_	_
514-2	PST094	514	514	2	non::	non	_	_	_	_	_	linguistic	_	none	_	_	2x2	_	_	_
514-3	PST094	514	514	3	non	non	_	_	_	_	_	linguistic	_	none	_	_	_	_	_	_
514-4	PST094	514	514	4	faccio	faccio	_	_	_	_	_	linguistic	_	none	_	_	_	_	_	_
514-5	PST094	514	514	5	un	un	_	_	_	_	_	linguistic	_	none	_	_	_	_	_	_
514-6	PST094	514	514	6	granché	granché	_	_	_	_	_	linguistic	_	none	_	End=1449.3	_	_	_	_
515-0	PST094	515	515	0	faccio	faccio	_	_	_	_	_	linguistic	_	none	_	Begin=1449.3	_	_	_	_
515-1	PST094	515	515	1	solo	solo	_	_	_	_	_	linguistic	_	none	_	_	_	_	_	_
515-2	PST094	515	515	2	gli	gli	_	_	_	_	_	linguistic	_	none	_	_	_	_	_	_
515-3	PST094	515	515	3	aiuto	aiuto	_	_	_	_	_	linguistic	_	none	_	_	_	_	_	_
515-4	PST094	515	515	4	con:	con	_	_	_	_	_	linguistic	_	none	_	_	2x1	_	_	_
515-5	PST094	515	515	5	i	i	_	_	_	_	_	linguistic	_	none	_	_	_	_	_	_
515-6	PST094	515	515	6	strilli	strilli	_	_	_	_	_	linguistic	_	none	_	End=1452.27	_	_	_	_
516-0	PST094	516	516	0	che	che	_	_	_	_	_	linguistic	_	none	_	Begin=1452.73	_	_	_	_
516-1	PST094	516	516	1	quelli	quelli	_	_	_	_	_	linguistic	_	none	_	_	_	_	_	_
516-2	PST094	516	516	2	li:	li	_	_	_	_	_	linguistic	_	none	_	_	1x1	_	_	_
516-3	PST094	516	516	3	sto	sto	_	_	_	_	_	linguistic	_	none	_	_	_	_	_	_
516-4	PST094	516	516	4	componendo	componendo	_	_	_	_	_	linguistic	_	none	_	_	_	_	_	_
516-5	PST094	516	516	5	io	io	_	_	_	_	_	linguistic	_	none	_	End=1454.97	_	_	_	_
517-0	PST094	517	517	0	li	li	_	_	_	_	_	linguistic	_	none	_	Begin=1454.97	_	_	_	_
517-1	PST094	517	517	1	sto	sto	_	_	_	_	_	linguistic	_	none	_	_	_	_	_	_
517-2	PST094	517	517	2	a~	a~	_	_	_	_	_	linguistic	_	none	Interrupted=Yes	_	_	_	_	_
517-3	PST094	517	517	3	m::h	mh	_	_	_	_	_	linguistic	_	none	_	End=1457.054	0x2	_	_	_
518-0	PST094	518	518	0	adattare	adattare	_	_	_	_	_	linguistic	_	none	_	Begin=1457.44	_	_	_	_
518-1	PST094	518	518	1	per	per	_	_	_	_	_	linguistic	_	none	_	_	_	_	_	_
518-2	PST094	518	518	2	il	il	_	_	_	_	_	linguistic	_	none	_	_	_	_	_	_
518-3	PST094	518	518	3	gru~	gru~	_	_	_	_	_	linguistic	_	none	Interrupted=Yes	_	_	_	_	_
518-4	PST094	518	518	4	per	per	_	_	_	_	_	linguistic	_	none	_	_	_	_	_	_
518-5	PST094	518	518	5	il	il	_	_	_	_	_	linguistic	_	none	_	_	_	_	_	_
518-6	PST094	518	518	6	nostro	nostro	_	_	_	_	_	linguistic	_	none	_	_	_	_	_	_
518-7	PST094	518	518	7	gruppo	gruppo	_	_	_	_	_	linguistic	_	none	_	End=1460.24	_	_	_	_
519-0	PST094	519	519	0	però	però	_	_	_	_	_	linguistic	_	none	_	Begin=1460.47	_	_	_	_
519-1	PST094	519	519	1	per	per	_	_	_	_	_	linguistic	_	none	_	_	_	_	_	_
519-2	PST094	519	519	2	il	il	_	_	_	_	_	linguistic	_	none	_	_	_	_	_	_
519-3	PST094	519	519	3	resto	resto	_	_	_	_	_	linguistic	_	none	_	_	_	_	_	_
519-4	PST094	519	519	4	lo	lo	_	_	_	_	_	linguistic	_	none	_	_	_	_	_	_
519-5	PST094	519	519	5	fanno	fanno	_	_	_	_	_	linguistic	_	none	_	_	_	_	_	_
519-6	PST094	519	519	6	loro	loro	_	_	_	_	_	linguistic	_	none	_	End=1462.39	_	_	_	_
520-0	PST094	520	520	0	lo	lo	_	_	_	_	_	linguistic	_	none	_	Begin=1462.39	_	_	_	_
520-1	PST094	520	520	1	so	so	_	_	_	_	_	linguistic	_	none	_	_	_	_	_	_
520-2	PST094	520	520	2	che	che	_	_	_	_	_	linguistic	_	none	_	_	_	_	_	_
520-3	PST094	520	520	3	dura	dura	_	_	_	_	_	linguistic	_	none	_	_	_	_	_	_
520-4	PST094	520	520	4	tanto:	tanto	_	_	_	_	_	linguistic	_	none	_	_	4x1	_	_	_
520-5	PST094	520	520	5	al~	al~	_	_	_	_	_	linguistic	_	none	Interrupted=Yes	End=1464.71	_	_	_	_
521-0	PST094	521	521	0	m::h	mh	_	_	_	_	_	linguistic	_	none	_	Begin=1464.71	0x2	_	_	_
521-1	PST094	521	521	1	certe	certe	_	_	_	_	_	linguistic	_	none	_	_	_	_	_	_
521-2	PST094	521	521	2	volte::	volte	_	_	_	_	_	linguistic	_	none	_	_	4x2	_	_	_
521-3	PST094	521	521	3	anche	anche	_	_	_	_	_	linguistic	_	none	_	_	_	_	_	_
521-4	PST094	521	521	4	un	un	_	_	_	_	_	linguistic	_	none	_	_	_	_	_	_
521-5	PST094	521	521	5	anno	anno	_	_	_	_	_	linguistic	_	none	_	End=1467.848	_	_	_	_
522-0	PST094	522	522	0	per	per	_	_	_	_	_	linguistic	_	none	_	Begin=1468.04	_	_	_	_
522-1	PST094	522	522	1	fare	fare	_	_	_	_	_	linguistic	_	none	_	_	_	_	_	_
522-2	PST094	522	522	2	così	così	_	_	_	_	_	linguistic	_	none	PauseAfter=Yes	_	_	_	_	_
522-3	PST094	522	522	3	{P}	{P}	_	_	_	_	_	shortpause	_	none	_	_	_	_	_	_
522-4	PST094	522	522	4	per	per	_	_	_	_	_	linguistic	_	none	_	_	_	_	_	_
522-5	PST094	522	522	5	adattare	adattare	_	_	_	_	_	linguistic	_	none	_	_	_	_	_	_
522-6	PST094	522	522	6	al	al	_	_	_	_	_	linguistic	_	none	_	_	_	_	_	_
522-7	PST094	522	522	7	vostro	vostro	_	_	_	_	_	linguistic	_	none	_	_	_	_	_	_
522-8	PST094	522	522	8	livello	livello	_	_	_	_	_	linguistic	_	none	_	End=1472.17	_	_	_	_
523-0	PST094	523	523	0	perché:::	perché	_	_	_	_	_	linguistic	_	none	_	Begin=1472.45|End=1474.24	5x3	_	_	_
524-0	PST094	524	524	0	poi	poi	_	_	_	_	_	linguistic	_	none	_	Begin=1474.24	_	_	_	_
524-1	PST094	524	524	1	per	per	_	_	_	_	_	linguistic	_	none	_	_	_	_	_	_
524-2	PST094	524	524	2	la	la	_	_	_	_	_	linguistic	_	none	_	_	_	_	_	_
524-3	PST094	524	524	3	musica	musica	_	_	_	_	_	linguistic	_	none	_	_	_	_	_	_
524-4	PST094	524	524	4	un	un	_	_	_	_	_	linguistic	_	none	_	_	_	_	_	_
524-5	PST094	524	524	5	anno	anno	_	_	_	_	_	linguistic	_	none	_	_	_	_	_	_
524-6	PST094	524	524	6	perché	perché	_	_	_	_	_	linguistic	_	none	_	_	_	_	_	_
524-7	PST094	524	524	7	noi:::	noi	_	_	_	_	_	linguistic	_	none	_	End=1477.452	2x3	_	_	_
525-0	PST094	525	525	0	eh	eh	_	_	_	_	_	linguistic	_	none	_	Begin=1477.452	_	_	_	_
525-1	PST094	525	525	1	li::	li	_	_	_	_	_	linguistic	_	none	_	End=1478.89	1x2	_	_	_
526-0	PST094	526	526	0	li	li	_	_	_	_	_	linguistic	_	none	_	Begin=1479.742	_	_	_	_
526-1	PST094	526	526	1	registriamo	registriamo	_	_	_	_	_	linguistic	_	none	_	_	_	_	_	_
526-2	PST094	526	526	2	tu:tti	tutti	_	_	_	_	_	linguistic	_	none	_	_	1x1	_	_	_
526-3	PST094	526	526	3	con	con	_	_	_	_	_	linguistic	_	none	_	_	_	_	_	_
526-4	PST094	526	526	4	gli	gli	_	_	_	_	_	linguistic	_	none	_	_	_	_	_	_
526-5	PST094	526	526	5	strumenti	strumenti	_	_	_	_	_	linguistic	_	none	_	_	_	_	_	_
526-6	PST094	526	526	6	in	in	_	_	_	_	_	linguistic	_	none	_	_	_	_	_	_
526-7	PST094	526	526	7	romania:,	romania	_	_	_	_	_	linguistic	_	none	Intonation=WeaklyRising	End=1482.9	6x1	_	_	_
527-0	PST094	527	527	0	e:	e	_	_	_	_	_	linguistic	_	none	_	Begin=1482.9	0x1	_	_	_
527-1	PST094	527	527	1	quindi	quindi	_	_	_	_	_	linguistic	_	none	_	_	_	_	_	_
527-2	PST094	527	527	2	devo:	devo	_	_	_	_	_	linguistic	_	none	_	_	3x1	_	_	_
527-3	PST094	527	527	3	mettere	mettere	_	_	_	_	_	linguistic	_	none	_	_	_	_	_	_
527-4	PST094	527	527	4	soldi	soldi	_	_	_	_	_	linguistic	_	none	_	_	_	_	_	_
527-5	PST094	527	527	5	da	da	_	_	_	_	_	linguistic	_	none	_	_	_	_	_	_
527-6	PST094	527	527	6	pa:rte	parte	_	_	_	_	_	linguistic	_	none	_	End=1485.902	1x1	_	_	_
528-0	PST094	528	528	0	e:	e	_	_	_	_	_	linguistic	_	none	_	Begin=1485.902	0x1	_	_	_
528-1	PST094	528	528	1	non	non	_	_	_	_	_	linguistic	_	none	_	_	_	_	_	_
528-2	PST094	528	528	2	costa	costa	_	_	_	_	_	linguistic	_	none	_	_	_	_	_	_
528-3	PST094	528	528	3	poco	poco	_	_	_	_	_	linguistic	_	none	_	_	_	_	_	_
528-4	PST094	528	528	4	{ride}	{ride}	_	_	_	_	_	nonverbalbehavior	_	none	_	End=1487.93	_	_	_	_
529-0	PST092	529	529	0	{ride}	{ride}	_	_	_	_	_	nonverbalbehavior	_	none	_	Begin=1486.97|End=1487.94	_	_	_	_
530-0	PST094	530	530	0	per	per	_	_	_	_	_	linguistic	_	none	_	Begin=1488.337	_	_	_	_
530-1	PST094	530	530	1	fare	fare	_	_	_	_	_	linguistic	_	none	_	_	_	_	_	_
530-2	PST094	530	530	2	un	un	_	_	_	_	_	linguistic	_	none	_	_	_	_	_	_
530-3	PST094	530	530	3	lavoro	lavoro	_	_	_	_	_	linguistic	_	none	_	_	_	_	_	_
530-4	PST094	530	530	4	bello	bello	_	_	_	_	_	linguistic	_	none	_	End=1489.97	_	_	_	_
531-0	PST092	531	531	0	mh	mh	_	_	_	_	_	linguistic	_	none	_	Begin=1492.89	_	_	_	_
531-1	PST092	531	531	1	{ride}	{ride}	_	_	_	_	_	nonverbalbehavior	_	none	_	End=1493.79	_	_	_	_
532-0	PST094	532	532	0	però	però	_	_	_	_	_	linguistic	_	some	_	Begin=1493.63	_	_	_	_
532-1	PST094	532	532	1	non	non	_	_	_	_	_	linguistic	_	some	_	_	_	_	_	_
532-2	PST094	532	532	2	troppo	troppo	_	_	_	_	_	linguistic	_	some	_	_	_	_	_	_
532-3	PST094	532	532	3	perché	perché	_	_	_	_	_	linguistic	_	some	_	_	_	_	_	_
532-4	PST094	532	532	4	comunque	comunque	_	_	_	_	_	linguistic	_	some	_	_	_	_	_	_
532-5	PST094	532	532	5	loro	loro	_	_	_	_	_	linguistic	_	some	_	_	_	_	_	_
532-6	PST094	532	532	6	hanno	hanno	_	_	_	_	_	linguistic	_	some	_	_	_	_	_	_
532-7	PST094	532	532	7	e::h	eh	_	_	_	_	_	linguistic	_	some	_	_	0x2	_	_	_
532-8	PST094	532	532	8	il	il	_	_	_	_	_	linguistic	_	some	_	_	_	_	_	_
532-9	PST094	532	532	9	#coreograf	coreograf	_	_	_	_	_	linguistic	_	some	Language=NO_ISO_CODE|Variation=Token	_	_	_	_	_
532-10	PST094	532	532	10	ha	ha	_	_	_	_	_	linguistic	_	some	_	_	_	_	_	_
532-11	PST094	532	532	11	gli	gli	_	_	_	_	_	linguistic	_	some	_	_	_	_	_	_
532-12	PST094	532	532	12	studi	studi	_	_	_	_	_	linguistic	_	some	_	_	_	_	_	_
532-13	PST094	532	532	13	in:	in	_	_	_	_	_	linguistic	_	some	_	End=1498.871	1x1	_	_	_
534-0	PST094	534	534	0	e::h	eh	_	_	_	_	_	linguistic	_	some	_	Begin=1498.871	0x2	_	_	_
534-1	PST094	534	534	1	#domeniul	domeniul	_	_	_	_	_	linguistic	_	some	Language=NO_ISO_CODE|Variation=Token	End=1500.39	_	_	_	_
536-0	PST094	536	536	0	ha::	ha	_	_	_	_	_	linguistic	_	none	_	Begin=1500.865	1x2	_	_	_
536-1	PST094	536	536	1	cinque	cinque	_	_	_	_	_	linguistic	_	none	_	_	_	_	_	_
536-2	PST094	536	536	2	anni	anni	_	_	_	_	_	linguistic	_	none	_	_	_	_	_	_
536-3	PST094	536	536	3	ha	ha	_	_	_	_	_	linguistic	_	none	_	_	_	_	_	_
536-4	PST094	536	536	4	studiato	studiato	_	_	_	_	_	linguistic	_	none	_	_	_	_	_	_
536-5	PST094	536	536	5	cinque	cinque	_	_	_	_	_	linguistic	_	none	_	_	_	_	_	_
536-6	PST094	536	536	6	anni	anni	_	_	_	_	_	linguistic	_	none	_	_	_	_	_	_
536-7	PST094	536	536	7	e	e	_	_	_	_	_	linguistic	_	none	_	_	_	_	_	_
536-8	PST094	536	536	8	non	non	_	_	_	_	_	linguistic	_	none	_	_	_	_	_	_
536-9	PST094	536	536	9	solo	solo	_	_	_	_	_	linguistic	_	none	_	_	_	_	_	_
536-10	PST094	536	536	10	studia	studia	_	_	_	_	_	linguistic	_	none	_	_	_	_	_	_
536-11	PST094	536	536	11	sempre	sempre	_	_	_	_	_	linguistic	_	none	_	_	_	_	_	_
536-12	PST094	536	536	12	con	con	_	_	_	_	_	linguistic	_	none	_	_	_	_	_	_
536-13	PST094	536	536	13	voi	voi	_	_	_	_	_	linguistic	_	none	_	_	_	_	_	_
536-14	PST094	536	536	14	e	e	_	_	_	_	_	linguistic	_	none	_	_	_	_	_	_
536-15	PST094	536	536	15	l'	l'	_	_	_	_	_	linguistic	_	none	SpaceAfter=No	_	_	_	_	_
536-16	PST094	536	536	16	esperienza:	esperienza	_	_	_	_	_	linguistic	_	none	_	_	9x1	_	_	_
536-17	PST094	536	536	17	parla	parla	_	_	_	_	_	linguistic	_	none	_	End=1508.489	_	_	_	_
537-0	PST092	537	537	0	per::	per	_	_	_	_	_	linguistic	_	none	_	Begin=1510.97	2x2	_	_	_
537-1	PST092	537	537	1	sempre:	sempre	_	_	_	_	_	linguistic	_	none	_	_	5x1	_	_	_
537-2	PST092	537	537	2	riguardo	riguardo	_	_	_	_	_	linguistic	_	none	_	_	_	_	_	_
537-3	PST092	537	537	3	comunque:	comunque	_	_	_	_	_	linguistic	_	none	_	_	7x1	_	_	_
537-4	PST092	537	537	4	i	i	_	_	_	_	_	linguistic	_	none	_	_	_	_	_	_
537-5	PST092	537	537	5	balli	balli	_	_	_	_	_	linguistic	_	none	_	_	_	_	_	_
537-6	PST092	537	537	6	e	e	_	_	_	_	_	linguistic	_	none	_	_	_	_	_	_
537-7	PST092	537	537	7	tutto,	tutto	_	_	_	_	_	linguistic	_	none	Intonation=WeaklyRising	End=1514.82	_	_	_	_
538-0	PST092	538	538	0	sapevo	sapevo	_	_	_	_	_	linguistic	_	none	_	Begin=1514.82	_	_	_	_
538-1	PST092	538	538	1	che:	che	_	_	_	_	_	linguistic	_	none	_	_	2x1	_	_	_
538-2	PST092	538	538	2	anche	anche	_	_	_	_	_	linguistic	_	none	_	_	_	_	_	_
538-3	PST092	538	538	3	lei	lei	_	_	_	_	_	linguistic	_	none	_	_	_	_	_	_
538-4	PST092	538	538	4	insegnava:	insegnava	_	_	_	_	_	linguistic	_	none	_	_	8x1	_	_	_
538-5	PST092	538	538	5	danza	danza	_	_	_	_	_	linguistic	_	none	_	_	_	_	_	_
538-6	PST092	538	538	6	prima	prima	_	_	_	_	_	linguistic	_	none	_	End=1517.612	_	_	_	_
539-0	PST094	539	539	0	sì	sì	_	_	_	_	_	linguistic	_	none	_	Begin=1518.43|End=1518.96	_	_	_	_
540-0	PST092	540	540	0	{ride}	{ride}	_	_	_	_	_	nonverbalbehavior	_	none	_	Begin=1518.96|End=1519.332	_	_	_	_
541-0	PST094	541	541	0	è	è	_	_	_	_	_	linguistic	_	none	_	Begin=1519.403	_	_	_	_
541-1	PST094	541	541	1	vero	vero	_	_	_	_	_	linguistic	_	none	_	_	_	_	_	_
541-2	PST094	541	541	2	anch'	anch'	_	_	_	_	_	linguistic	_	none	SpaceAfter=No	_	_	_	_	_
541-3	PST094	541	541	3	io	io	_	_	_	_	_	linguistic	_	none	_	_	_	_	_	_
541-4	PST094	541	541	4	ho	ho	_	_	_	_	_	linguistic	_	none	_	_	_	_	_	_
541-5	PST094	541	541	5	studiato	studiato	_	_	_	_	_	linguistic	_	none	_	_	_	_	_	_
541-6	PST094	541	541	6	anch'	anch'	_	_	_	_	_	linguistic	_	none	SpaceAfter=No	_	_	_	_	_
541-7	PST094	541	541	7	io	io	_	_	_	_	_	linguistic	_	none	_	_	_	_	_	_
541-8	PST094	541	541	8	sono	sono	_	_	_	_	_	linguistic	_	none	_	_	_	_	3-4(0)	_
541-9	PST094	541	541	9	(un)	un	_	_	_	_	_	linguistic	_	none	_	_	_	_	0-1(0)	_
541-10	PST094	541	541	10	coreografa	coreografa	_	_	_	_	_	linguistic	_	none	_	End=1522.659	_	_	_	_
542-0	PST094	542	542	0	però::	però	_	_	_	_	_	linguistic	_	none	_	Begin=1522.88	3x2	_	_	_
542-1	PST094	542	542	1	visto	visto	_	_	_	_	_	linguistic	_	none	_	_	_	_	_	_
542-2	PST094	542	542	2	che	che	_	_	_	_	_	linguistic	_	none	_	_	_	_	_	_
542-3	PST094	542	542	3	ho	ho	_	_	_	_	_	linguistic	_	none	_	_	_	_	_	_
542-4	PST094	542	542	4	tantissimi	tantissimi	_	_	_	_	_	linguistic	_	none	_	_	_	_	_	_
542-5	PST094	542	542	5	ragazzi	ragazzi	_	_	_	_	_	linguistic	_	none	_	_	_	_	_	_
542-6	PST094	542	542	6	per	per	_	_	_	_	_	linguistic	_	none	_	_	_	_	_	_
542-7	PST094	542	542	7	il	il	_	_	_	_	_	linguistic	_	none	_	_	_	_	_	_
542-8	PST094	542	542	8	canto	canto	_	_	_	_	_	linguistic	_	none	_	End=1526.54	_	_	_	_
543-0	PST094	543	543	0	non	non	_	_	_	_	_	linguistic	_	none	_	Begin=1526.54	_	_	_	_
543-1	PST094	543	543	1	ho	ho	_	_	_	_	_	linguistic	_	none	_	_	_	_	_	_
543-2	PST094	543	543	2	più	più	_	_	_	_	_	linguistic	_	none	_	_	_	_	_	_
543-3	PST094	543	543	3	tempo	tempo	_	_	_	_	_	linguistic	_	none	_	_	_	_	_	_
543-4	PST094	543	543	4	di	di	_	_	_	_	_	linguistic	_	none	_	_	_	_	_	_
543-5	PST094	543	543	5	stare:::	stare	_	_	_	_	_	linguistic	_	none	_	_	4x3	_	_	_
543-6	PST094	543	543	6	in:	in	_	_	_	_	_	linguistic	_	none	_	_	1x1	_	_	_
543-7	PST094	543	543	7	sala	sala	_	_	_	_	_	linguistic	_	none	_	_	_	_	_	_
543-8	PST094	543	543	8	ballo	ballo	_	_	_	_	_	linguistic	_	none	_	End=1529.91	_	_	_	_
544-0	PST094	544	544	0	vado	vado	_	_	_	_	_	linguistic	_	none	_	Begin=1529.91	_	_	_	_
544-1	PST094	544	544	1	solo:	solo	_	_	_	_	_	linguistic	_	none	_	_	3x1	_	_	_
544-2	PST094	544	544	2	per	per	_	_	_	_	_	linguistic	_	none	_	_	_	_	_	_
544-3	PST094	544	544	3	l'	l'	_	_	_	_	_	linguistic	_	none	SpaceAfter=No	_	_	_	_	_
544-4	PST094	544	544	4	ultima	ultima	_	_	_	_	_	linguistic	_	none	_	_	_	_	_	_
544-5	PST094	544	544	5	a	a	_	_	_	_	_	linguistic	_	none	_	_	_	_	_	_
544-6	PST094	544	544	6	dare	dare	_	_	_	_	_	linguistic	_	none	_	_	_	_	_	_
544-7	PST094	544	544	7	un'	un'	_	_	_	_	_	linguistic	_	none	SpaceAfter=No	_	_	_	_	_
544-8	PST094	544	544	8	occhiata:	occhiata	_	_	_	_	_	linguistic	_	none	_	End=1532.98	7x1	_	_	_
545-0	PST094	545	545	0	a	a	_	_	_	_	_	linguistic	_	none	_	Begin=1533.54	_	_	_	_
545-1	PST094	545	545	1	guardare	guardare	_	_	_	_	_	linguistic	_	none	_	End=1534.51	_	_	_	_
546-0	PST094	546	546	0	e::hm	ehm	_	_	_	_	_	linguistic	_	none	_	Begin=1534.85	0x2	_	_	_
546-1	PST094	546	546	1	se	se	_	_	_	_	_	linguistic	_	none	_	_	_	_	_	_
546-2	PST094	546	546	2	tutto	tutto	_	_	_	_	_	linguistic	_	none	_	_	_	_	_	_
546-3	PST094	546	546	3	va	va	_	_	_	_	_	linguistic	_	none	_	_	_	_	_	_
546-4	PST094	546	546	4	bene	bene	_	_	_	_	_	linguistic	_	none	_	End=1537.03	_	_	_	_
547-0	PST094	547	547	0	è	è	_	_	_	_	_	linguistic	_	none	_	Begin=1537.38	_	_	_	_
547-1	PST094	547	547	1	vero	vero	_	_	_	_	_	linguistic	_	none	PauseAfter=Yes	_	_	_	_	_
547-2	PST094	547	547	2	{P}	{P}	_	_	_	_	_	shortpause	_	none	_	_	_	_	_	_
547-3	PST094	547	547	3	è	è	_	_	_	_	_	linguistic	_	none	_	_	_	_	_	_
547-4	PST094	547	547	4	un	un	_	_	_	_	_	linguistic	_	none	_	_	_	_	_	_
547-5	PST094	547	547	5	lavoro	lavoro	_	_	_	_	_	linguistic	_	none	_	_	_	_	_	_
547-6	PST094	547	547	6	di	di	_	_	_	_	_	linguistic	_	none	_	_	_	_	_	_
547-7	PST094	547	547	7	squadra	squadra	_	_	_	_	_	linguistic	_	none	_	End=1539.61	_	_	_	_
548-0	PST094	548	548	0	però::	però	_	_	_	_	_	linguistic	_	none	_	Begin=1539.73	3x2	_	_	_
548-1	PST094	548	548	1	posso	posso	_	_	_	_	_	linguistic	_	none	_	_	_	_	_	_
548-2	PST094	548	548	2	dire	dire	_	_	_	_	_	linguistic	_	none	_	_	_	_	_	_
548-3	PST094	548	548	3	che	che	_	_	_	_	_	linguistic	_	none	_	_	_	_	_	_
548-4	PST094	548	548	4	io	io	_	_	_	_	_	linguistic	_	none	_	_	_	_	_	_
548-5	PST094	548	548	5	magari	magari	_	_	_	_	_	linguistic	_	none	_	_	_	_	_	_
548-6	PST094	548	548	6	ho	ho	_	_	_	_	_	linguistic	_	none	_	_	_	_	_	_
548-7	PST094	548	548	7	un	un	_	_	_	_	_	linguistic	_	none	_	_	_	_	_	_
548-8	PST094	548	548	8	dieci	dieci	_	_	_	_	_	linguistic	_	none	_	_	_	_	_	_
548-9	PST094	548	548	9	percento	percento	_	_	_	_	_	linguistic	_	none	_	_	_	_	_	_
548-10	PST094	548	548	10	il	il	_	_	_	_	_	linguistic	_	none	_	_	_	_	_	_
548-11	PST094	548	548	11	resto:	resto	_	_	_	_	_	linguistic	_	none	_	End=1544.25	4x1	_	_	_
549-0	PST094	549	549	0	appartiene	appartiene	_	_	_	_	_	linguistic	_	none	_	Begin=1544.66	_	_	_	_
549-1	PST094	549	549	1	a	a	_	_	_	_	_	linguistic	_	none	_	_	_	_	_	_
549-2	PST094	549	549	2	loro	loro	_	_	_	_	_	linguistic	_	none	_	End=1545.881	_	_	_	_
550-0	PST094	550	550	0	perché:	perché	_	_	_	_	_	linguistic	_	none	_	Begin=1546.51	5x1	_	_	_
550-1	PST094	550	550	1	non	non	_	_	_	_	_	linguistic	_	none	_	_	_	_	_	_
550-2	PST094	550	550	2	ho	ho	_	_	_	_	_	linguistic	_	none	_	_	_	_	_	_
550-3	PST094	550	550	3	più	più	_	_	_	_	_	linguistic	_	none	_	_	_	_	_	_
550-4	PST094	550	550	4	tempo	tempo	_	_	_	_	_	linguistic	_	none	_	End=1548.39	_	_	_	_
551-0	PST094	551	551	0	quindi	quindi	_	_	_	_	_	linguistic	_	none	_	Begin=1548.71	_	_	_	_
551-1	PST094	551	551	1	ho	ho	_	_	_	_	_	linguistic	_	none	_	_	_	_	_	_
551-2	PST094	551	551	2	tre	tre	_	_	_	_	_	linguistic	_	none	_	_	_	_	_	_
551-3	PST094	551	551	3	anni	anni	_	_	_	_	_	linguistic	_	none	_	_	_	_	_	_
551-4	PST094	551	551	4	in	in	_	_	_	_	_	linguistic	_	none	_	_	_	_	_	_
551-5	PST094	551	551	5	tecnica	tecnica	_	_	_	_	_	linguistic	_	none	_	_	_	_	_	_
551-6	PST094	551	551	6	vocale	vocale	_	_	_	_	_	linguistic	_	none	_	_	_	_	_	_
551-7	PST094	551	551	7	e	e	_	_	_	_	_	linguistic	_	none	_	_	_	_	_	_
551-8	PST094	551	551	8	mi	mi	_	_	_	_	_	linguistic	_	none	_	_	_	_	_	_
551-9	PST094	551	551	9	sto	sto	_	_	_	_	_	linguistic	_	none	_	_	_	_	_	_
551-10	PST094	551	551	10	occupande	occupande	_	_	_	_	_	linguistic	_	none	_	_	_	_	_	_
551-11	PST094	551	551	11	de(i)	dei	_	_	_	_	_	linguistic	_	none	_	_	_	_	2-3(0)	_
551-12	PST094	551	551	12	ques~	ques~	_	_	_	_	_	linguistic	_	none	Interrupted=Yes	_	_	_	_	_
551-13	PST094	551	551	13	di	di	_	_	_	_	_	linguistic	_	none	_	_	_	_	_	_
551-14	PST094	551	551	14	queste::	queste	_	_	_	_	_	linguistic	_	none	_	End=1553.78	5x2	_	_	_
552-0	PST094	552	552	0	vocine	vocine	_	_	_	_	_	linguistic	_	none	_	Begin=1553.89|End=1554.79	_	_	_	_
553-0	PST094	553	553	0	per	per	_	_	_	_	_	linguistic	_	none	_	Begin=1555.24	_	_	_	_
553-1	PST094	553	553	1	farle::	farle	_	_	_	_	_	linguistic	_	none	_	_	4x2	_	_	_
553-2	PST094	553	553	2	diventare	diventare	_	_	_	_	_	linguistic	_	none	_	_	_	_	_	_
553-3	PST094	553	553	3	autonomi	autonomi	_	_	_	_	_	linguistic	_	none	_	_	_	_	_	_
553-4	PST094	553	553	4	e::	e	_	_	_	_	_	linguistic	_	none	_	End=1558.79	0x2	_	_	_
554-0	PST094	554	554	0	maturi~	maturi~	_	_	_	_	_	linguistic	_	none	Interrupted=Yes	Begin=1558.79	_	_	_	_
554-1	PST094	554	554	1	m~	m~	_	_	_	_	_	linguistic	_	none	Interrupted=Yes	_	_	_	_	_
554-2	PST094	554	554	2	maturarli	maturarli	_	_	_	_	_	linguistic	_	none	_	End=1560.33	_	_	_	_
555-0	PST092	555	555	0	del	del	_	_	_	_	_	linguistic	_	some	_	Begin=1561.09	_	_	_	_
555-1	PST092	555	555	1	#centru	centru	_	_	_	_	_	linguistic	_	some	PauseAfter=Yes|Language=NO_ISO_CODE|Variation=Token	_	_	_	_	_
555-2	PST092	555	555	2	{P}	{P}	_	_	_	_	_	shortpause	_	some	_	_	_	_	_	_
555-3	PST092	555	555	3	cos'	cos'	_	_	_	_	_	linguistic	_	some	SpaceAfter=No	_	_	_	_	_
555-4	PST092	555	555	4	è	è	_	_	_	_	_	linguistic	_	some	_	_	_	_	_	_
555-5	PST092	555	555	5	che	che	_	_	_	_	_	linguistic	_	some	PauseAfter=Yes	_	_	_	_	_
555-6	PST092	555	555	6	{P}	{P}	_	_	_	_	_	shortpause	_	some	_	_	_	_	_	_
555-7	PST092	555	555	7	le	le	_	_	_	_	_	linguistic	_	some	_	_	_	_	_	_
555-8	PST092	555	555	8	piace	piace	_	_	_	_	_	linguistic	_	some	_	_	_	_	_	_
555-9	PST092	555	555	9	di	di	_	_	_	_	_	linguistic	_	some	_	_	_	_	_	_
555-10	PST092	555	555	10	più:	più	_	_	_	_	_	linguistic	_	some	PauseAfter=Yes	_	2x1	_	_	_
555-11	PST092	555	555	11	{P}	{P}	_	_	_	_	_	shortpause	_	some	_	_	_	_	_	_
555-12	PST092	555	555	12	a	a	_	_	_	_	_	linguistic	_	some	_	_	_	_	_	_
555-13	PST092	555	555	13	parte	parte	_	_	_	_	_	linguistic	_	some	_	_	_	_	_	_
555-14	PST092	555	555	14	i	i	_	_	_	_	_	linguistic	_	some	_	_	_	_	_	_
555-15	PST092	555	555	15	ragazzi	ragazzi	_	_	_	_	_	linguistic	_	some	_	_	_	_	_	_
555-16	PST092	555	555	16	cosa	cosa	_	_	_	_	_	linguistic	_	some	_	_	_	_	_	_
555-17	PST092	555	555	17	le	le	_	_	_	_	_	linguistic	_	some	_	_	_	_	_	_
555-18	PST092	555	555	18	dà	dà	_	_	_	_	_	linguistic	_	some	_	_	_	_	_	_
555-19	PST092	555	555	19	proprio	proprio	_	_	_	_	_	linguistic	_	some	_	_	_	_	_	_
555-20	PST092	555	555	20	la	la	_	_	_	_	_	linguistic	_	some	_	_	_	_	_	_
555-21	PST092	555	555	21	spinta	spinta	_	_	_	_	_	linguistic	_	some	_	End=1566.53	_	_	_	_
557-0	PST094	557	557	0	$sinceralmente	sinceralmente	_	_	_	_	_	linguistic	_	none	Orthography=Yes|Variation=Emerging	Begin=1569.65|End=1570.7	_	_	_	_
558-0	PST094	558	558	0	no:	no	_	_	_	_	_	linguistic	_	none	_	Begin=1571.51	1x1	_	_	_
558-1	PST094	558	558	1	perché	perché	_	_	_	_	_	linguistic	_	none	_	_	_	_	_	_
558-2	PST094	558	558	2	se	se	_	_	_	_	_	linguistic	_	none	_	_	_	_	_	_
558-3	PST094	558	558	3	mi	mi	_	_	_	_	_	linguistic	_	none	_	_	_	_	_	_
558-4	PST094	558	558	4	mancano	mancano	_	_	_	_	_	linguistic	_	none	_	_	_	_	_	_
558-5	PST094	558	558	5	i	i	_	_	_	_	_	linguistic	_	none	_	_	_	_	_	_
558-6	PST094	558	558	6	ragazzi	ragazzi	_	_	_	_	_	linguistic	_	none	_	_	_	_	_	_
558-7	PST094	558	558	7	non	non	_	_	_	_	_	linguistic	_	none	_	_	_	_	_	_
558-8	PST094	558	558	8	vedo	vedo	_	_	_	_	_	linguistic	_	none	_	_	_	_	_	_
558-9	PST094	558	558	9	perché	perché	_	_	_	_	_	linguistic	_	none	_	_	_	_	_	_
558-10	PST094	558	558	10	dovrei	dovrei	_	_	_	_	_	linguistic	_	none	_	_	_	_	_	_
558-11	PST094	558	558	11	venire	venire	_	_	_	_	_	linguistic	_	none	_	End=1575.26	_	_	_	_
559-0	PST092	559	559	0	quindi	quindi	_	_	_	_	_	linguistic	_	none	_	Begin=1576.37	_	_	_	_
559-1	PST092	559	559	1	principalmente	principalmente	_	_	_	_	_	linguistic	_	none	_	_	_	_	_	_
559-2	PST092	559	559	2	(è)	è	_	_	_	_	_	linguistic	_	none	_	_	_	_	0-1(0)	_
559-3	PST092	559	559	3	tutto	tutto	_	_	_	_	_	linguistic	_	none	_	_	_	_	_	_
559-4	PST092	559	559	4	per	per	_	_	_	_	_	linguistic	_	none	_	_	_	_	_	_
559-5	PST092	559	559	5	i	i	_	_	_	_	_	linguistic	_	none	_	_	_	_	_	_
559-6	PST092	559	559	6	ragazzi	ragazzi	_	_	_	_	_	linguistic	_	none	_	End=1578.08	_	_	_	_
560-0	PST094	560	560	0	e:h	eh	_	_	_	_	_	linguistic	_	none	_	Begin=1578.08	0x1	_	_	_
560-1	PST094	560	560	1	tutto	tutto	_	_	_	_	_	linguistic	_	none	_	_	_	_	_	_
560-2	PST094	560	560	2	per	per	_	_	_	_	_	linguistic	_	none	_	_	_	_	_	_
560-3	PST094	560	560	3	i	i	_	_	_	_	_	linguistic	_	none	_	_	_	_	_	_
560-4	PST094	560	560	4	ragazzi	ragazzi	_	_	_	_	_	linguistic	_	none	_	End=1579.56	_	_	_	_
561-0	PST094	561	561	0	tutto	tutto	_	_	_	_	_	linguistic	_	none	_	Begin=1579.82	_	_	_	_
561-1	PST094	561	561	1	per	per	_	_	_	_	_	linguistic	_	none	_	_	_	_	_	_
561-2	PST094	561	561	2	i	i	_	_	_	_	_	linguistic	_	none	_	_	_	_	_	_
561-3	PST094	561	561	3	ragazzi	ragazzi	_	_	_	_	_	linguistic	_	none	_	_	_	_	_	_
561-4	PST094	561	561	4	perché	perché	_	_	_	_	_	linguistic	_	none	_	_	_	_	_	_
561-5	PST094	561	561	5	lì	lì	_	_	_	_	_	linguistic	_	none	_	_	_	_	_	_
561-6	PST094	561	561	6	con	con	_	_	_	_	_	linguistic	_	none	_	_	_	_	_	_
561-7	PST094	561	561	7	i	i	_	_	_	_	_	linguistic	_	none	_	_	_	_	_	_
561-8	PST094	561	561	8	ragazzi	ragazzi	_	_	_	_	_	linguistic	_	none	_	_	_	_	_	_
561-9	PST094	561	561	9	io	io	_	_	_	_	_	linguistic	_	none	_	_	_	_	_	_
561-10	PST094	561	561	10	riesco:::	riesco	_	_	_	_	_	linguistic	_	none	_	End=1583.71	5x3	_	_	_
562-0	PST094	562	562	0	a	a	_	_	_	_	_	linguistic	_	none	_	Begin=1583.71	_	_	_	_
562-1	PST094	562	562	1	fare	fare	_	_	_	_	_	linguistic	_	none	_	_	_	_	_	_
562-2	PST094	562	562	2	il	il	_	_	_	_	_	linguistic	_	none	_	_	_	_	_	_
562-3	PST094	562	562	3	mio	mio	_	_	_	_	_	linguistic	_	none	_	_	_	_	_	_
562-4	PST094	562	562	4	lavoro	lavoro	_	_	_	_	_	linguistic	_	none	_	_	_	_	_	_
562-5	PST094	562	562	5	di	di	_	_	_	_	_	linguistic	_	none	_	_	_	_	_	_
562-6	PST094	562	562	6	insegnante	insegnante	_	_	_	_	_	linguistic	_	none	_	End=1585.79	_	_	_	_
563-0	PST094	563	563	0	quello	quello	_	_	_	_	_	linguistic	_	none	_	Begin=1585.79	_	_	_	_
563-1	PST094	563	563	1	che	che	_	_	_	_	_	linguistic	_	none	_	_	_	_	_	_
563-2	PST094	563	563	2	mi	mi	_	_	_	_	_	linguistic	_	none	_	_	_	_	_	_
563-3	PST094	563	563	3	piace	piace	_	_	_	_	_	linguistic	_	none	_	_	_	_	_	_
563-4	PST094	563	563	4	di	di	_	_	_	_	_	linguistic	_	none	_	_	_	_	_	_
563-5	PST094	563	563	5	più:	più	_	_	_	_	_	linguistic	_	none	_	_	2x1	_	_	_
563-6	PST094	563	563	6	mi	mi	_	_	_	_	_	linguistic	_	none	_	_	_	_	_	_
563-7	PST094	563	563	7	piace	piace	_	_	_	_	_	linguistic	_	none	_	_	_	_	_	_
563-8	PST094	563	563	8	insegnare	insegnare	_	_	_	_	_	linguistic	_	none	_	End=1588.572	_	_	_	_
564-0	PST094	564	564	0	quindi	quindi	_	_	_	_	_	linguistic	_	none	_	Begin=1588.69	_	_	_	_
564-1	PST094	564	564	1	se	se	_	_	_	_	_	linguistic	_	none	_	_	_	_	_	_
564-2	PST094	564	564	2	io	io	_	_	_	_	_	linguistic	_	none	_	_	_	_	_	_
564-3	PST094	564	564	3	non	non	_	_	_	_	_	linguistic	_	none	_	_	_	_	_	_
564-4	PST094	564	564	4	insegno	insegno	_	_	_	_	_	linguistic	_	none	_	_	_	_	_	_
564-5	PST094	564	564	5	canto	canto	_	_	_	_	_	linguistic	_	none	_	_	_	_	_	_
564-6	PST094	564	564	6	ballo	ballo	_	_	_	_	_	linguistic	_	none	_	_	_	_	_	_
564-7	PST094	564	564	7	{inspira)	{inspira	_	_	_	_	_	nonverbalbehavior	_	none	_	_	_	_	_	_
564-8	PST094	564	564	8	e::h	eh	_	_	_	_	_	linguistic	_	none	_	_	0x2	_	_	_
564-9	PST094	564	564	9	io	io	_	_	_	_	_	linguistic	_	none	_	_	_	_	_	_
564-10	PST094	564	564	10	insegno	insegno	_	_	_	_	_	linguistic	_	none	_	_	_	_	_	_
564-11	PST094	564	564	11	matematica	matematica	_	_	_	_	_	linguistic	_	none	_	End=1593.5	_	_	_	_
565-0	PST094	565	565	0	m:h	mh	_	_	_	_	_	linguistic	_	none	_	Begin=1593.623	0x1	_	_	_
565-1	PST094	565	565	1	faccio	faccio	_	_	_	_	_	linguistic	_	none	_	_	_	_	_	_
565-2	PST094	565	565	2	ripetizioni	ripetizioni	_	_	_	_	_	linguistic	_	none	_	_	_	_	_	_
565-3	PST094	565	565	3	di::	di	_	_	_	_	_	linguistic	_	none	_	_	1x2	_	_	_
565-4	PST094	565	565	4	d~	d~	_	_	_	_	_	linguistic	_	none	Interrupted=Yes	_	_	_	_	_
565-5	PST094	565	565	5	delle	delle	_	_	_	_	_	linguistic	_	none	_	_	_	_	_	_
565-6	PST094	565	565	6	materie	materie	_	_	_	_	_	linguistic	_	none	_	_	_	_	_	_
565-7	PST094	565	565	7	scolastiche:::	scolastiche	_	_	_	_	_	linguistic	_	none	_	End=1598.43	10x3	_	_	_
566-0	PST094	566	566	0	m::a	ma	_	_	_	_	_	linguistic	_	none	_	Begin=1598.481	0x2	_	_	_
566-1	PST094	566	566	1	posso	posso	_	_	_	_	_	linguistic	_	none	_	_	_	_	_	_
566-2	PST094	566	566	2	insegnare	insegnare	_	_	_	_	_	linguistic	_	none	_	_	_	_	_	_
566-3	PST094	566	566	3	l'	l'	_	_	_	_	_	linguistic	_	none	SpaceAfter=No	_	_	_	_	_
566-4	PST094	566	566	4	arte	arte	_	_	_	_	_	linguistic	_	none	_	_	_	_	_	_
566-5	PST094	566	566	5	tradizionale	tradizionale	_	_	_	_	_	linguistic	_	none	_	End=1601.165	_	_	_	_
567-0	PST094	567	567	0	il:	il	_	_	_	_	_	linguistic	_	none	_	Begin=1601.17	1x1	_	_	_
567-1	PST094	567	567	1	ricamo	ricamo	_	_	_	_	_	linguistic	_	none	_	_	_	_	_	_
567-2	PST094	567	567	2	delle::	delle	_	_	_	_	_	linguistic	_	none	_	_	4x2	_	_	_
567-3	PST094	567	567	3	camicie	camicie	_	_	_	_	_	linguistic	_	none	_	_	_	_	_	_
567-4	PST094	567	567	4	il	il	_	_	_	_	_	linguistic	_	none	_	_	_	_	_	_
567-5	PST094	567	567	5	ricamo	ricamo	_	_	_	_	_	linguistic	_	none	_	_	_	_	_	_
567-6	PST094	567	567	6	dei:	dei	_	_	_	_	_	linguistic	_	none	_	_	2x1	_	_	_
567-7	PST094	567	567	7	gilet	gilet	_	_	_	_	_	linguistic	_	none	_	_	_	_	_	_
567-8	PST094	567	567	8	il	il	_	_	_	_	_	linguistic	_	none	_	_	_	_	_	_
567-9	PST094	567	567	9	ricam:~	ricam~	_	_	_	_	_	linguistic	_	none	Interrupted=Yes	End=1605.68	4x1	_	_	_
568-0	PST094	568	568	0	anche	anche	_	_	_	_	_	linguistic	_	none	_	Begin=1605.68	_	_	_	_
568-1	PST094	568	568	1	il:::	il	_	_	_	_	_	linguistic	_	none	ProsodicLink=Yes	_	1x3	_	_	_
568-2	PST094	568	568	2	mh	mh	_	_	_	_	_	linguistic	_	none	_	End=1607.456	_	_	_	_
569-0	PST094	569	569	0	e:::h	eh	_	_	_	_	_	linguistic	_	none	_	Begin=1608.3|End=1609.47	0x3	_	_	_
570-0	PST094	570	570	0	le	le	_	_	_	_	_	linguistic	_	none	_	Begin=1609.47	_	_	_	_
570-1	PST094	570	570	1	le	le	_	_	_	_	_	linguistic	_	none	_	_	_	_	_	_
570-2	PST094	570	570	2	gonne	gonne	_	_	_	_	_	linguistic	_	none	_	End=1610.74	_	_	_	_
571-0	PST094	571	571	0	a[l::]	al	_	_	_	_	_	linguistic	_	none	_	Begin=1610.93|End=1612.22	1x2	_	_	1-2(6)
572-0	PST092	572	572	0	[#catrință]	catrință	_	_	_	_	_	linguistic	_	all	Language=NO_ISO_CODE|Variation=Token	Begin=1611.25|End=1612.2	_	_	_	0-9(6)
573-0	PST094	573	573	0	anche	anche	_	_	_	_	_	linguistic	_	some	_	Begin=1612.47	_	_	_	_
573-1	PST094	573	573	1	#catrință	catrință	_	_	_	_	_	linguistic	_	some	Language=NO_ISO_CODE|Variation=Token	End=1613.58	_	_	_	_
574-0	PST094	574	574	0	al:::	al	_	_	_	_	_	linguistic	_	none	_	Begin=1613.58	1x3	_	_	_
574-1	PST094	574	574	1	m::h	mh	_	_	_	_	_	linguistic	_	none	_	End=1615.2	0x2	_	_	_
575-0	PST094	575	575	0	telaio	telaio	_	_	_	_	_	linguistic	_	none	_	Begin=1615.28|End=1616.03	_	_	_	_
576-0	PST094	576	576	0	quindi	quindi	_	_	_	_	_	linguistic	_	none	_	Begin=1616.18	_	_	_	_
576-1	PST094	576	576	1	n:on	non	_	_	_	_	_	linguistic	_	none	_	_	0x1	_	_	_
576-2	PST094	576	576	2	è	è	_	_	_	_	_	linguistic	_	none	_	_	_	_	_	_
576-3	PST094	576	576	3	un	un	_	_	_	_	_	linguistic	_	none	_	_	_	_	_	_
576-4	PST094	576	576	4	problema	problema	_	_	_	_	_	linguistic	_	none	_	_	_	_	_	_
576-5	PST094	576	576	5	s:o	so	_	_	_	_	_	linguistic	_	none	_	_	0x1	_	_	_
576-6	PST094	576	576	6	fare	fare	_	_	_	_	_	linguistic	_	none	_	_	_	_	_	_
576-7	PST094	576	576	7	tantissime	tantissime	_	_	_	_	_	linguistic	_	none	_	_	_	_	_	_
576-8	PST094	576	576	8	cose::	cose	_	_	_	_	_	linguistic	_	none	_	End=1619.93	3x2	_	_	_
577-0	PST094	577	577	0	però	però	_	_	_	_	_	linguistic	_	none	PauseAfter=Yes	Begin=1620.509	_	_	_	_
577-1	PST094	577	577	1	{P}	{P}	_	_	_	_	_	shortpause	_	none	_	_	_	_	_	_
577-2	PST094	577	577	2	sempre	sempre	_	_	_	_	_	linguistic	_	none	_	_	_	_	_	_
577-3	PST094	577	577	3	con	con	_	_	_	_	_	linguistic	_	none	_	_	_	_	_	_
577-4	PST094	577	577	4	i	i	_	_	_	_	_	linguistic	_	none	_	_	_	_	_	_
577-5	PST094	577	577	5	ragazzi	ragazzi	_	_	_	_	_	linguistic	_	none	_	End=1622.638	_	_	_	_
578-0	PST094	578	578	0	<io	io	_	_	_	_	_	linguistic	_	none	_	Begin=1622.704	_	Slow=0-2(0)	_	_
578-1	PST094	578	578	1	voglio	voglio	_	_	_	_	_	linguistic	_	none	_	_	_	Slow=0-6(0)	_	_
578-2	PST094	578	578	2	vivere	vivere	_	_	_	_	_	linguistic	_	none	_	_	_	Slow=0-6(0)	_	_
578-3	PST094	578	578	3	in	in	_	_	_	_	_	linguistic	_	none	_	_	_	Slow=0-2(0)	_	_
578-4	PST094	578	578	4	mezzo	mezzo	_	_	_	_	_	linguistic	_	none	_	_	_	Slow=0-5(0)	_	_
578-5	PST094	578	578	5	ai	ai	_	_	_	_	_	linguistic	_	none	_	_	_	Slow=0-2(0)	_	_
578-6	PST094	578	578	6	ragazzi>	ragazzi	_	_	_	_	_	linguistic	_	none	_	_	_	Slow=0-7(0)	_	_
578-7	PST094	578	578	7	{ride}	{ride}	_	_	_	_	_	nonverbalbehavior	_	none	_	End=1626.26	_	_	_	_
579-0	PST092	579	579	0	{ride}	{ride}	_	_	_	_	_	nonverbalbehavior	_	none	_	Begin=1625.1|End=1626.26	_	_	_	_
580-0	PST092	580	580	0	è	è	_	_	_	_	_	linguistic	_	none	_	Begin=1626.26	_	_	_	_
580-1	PST092	580	580	1	proprio	proprio	_	_	_	_	_	linguistic	_	none	_	_	_	_	_	_
580-2	PST092	580	580	2	una	una	_	_	_	_	_	linguistic	_	none	_	_	_	_	_	_
580-3	PST092	580	580	3	passione	passione	_	_	_	_	_	linguistic	_	none	_	End=1627.62	_	_	_	_
581-0	PST092	581	581	0	{ride}	{ride}	_	_	_	_	_	nonverbalbehavior	_	none	_	Begin=1627.62|End=1628.774	_	_	_	_
582-0	PST094	582	582	0	[esatto:]	esatto	_	_	_	_	_	linguistic	_	none	_	Begin=1627.62	5x1	_	_	0-6(?)
582-1	PST094	582	582	1	{ride}	{ride}	_	_	_	_	_	nonverbalbehavior	_	none	PauseAfter=Yes	_	_	_	_	_
582-2	PST094	582	582	2	{P}	{P}	_	_	_	_	_	shortpause	_	none	_	_	_	_	_	_
582-3	PST094	582	582	3	esatto	esatto	_	_	_	_	_	linguistic	_	none	_	End=1630.23	_	_	_	_
583-0	PST092	583	583	0	mh	mh	_	_	_	_	_	linguistic	_	some	_	Begin=1631.03	_	_	_	_
583-1	PST092	583	583	1	#pentru	pentru	_	_	_	_	_	linguistic	_	some	Language=NO_ISO_CODE|Variation=Token	_	_	_	_	_
583-2	PST092	583	583	2	#costume	costume	_	_	_	_	_	linguistic	_	some	PauseAfter=Yes|Language=NO_ISO_CODE|Variation=Token	_	_	_	_	_
583-3	PST092	583	583	3	{P}	{P}	_	_	_	_	_	shortpause	_	some	_	_	_	_	_	_
583-4	PST092	583	583	4	come::	come	_	_	_	_	_	linguistic	_	some	_	End=1633.68	3x2	_	_	_
585-0	PST092	585	585	0	come	come	_	_	_	_	_	linguistic	_	none	_	Begin=1633.93	_	_	_	_
585-1	PST092	585	585	1	funziona	funziona	_	_	_	_	_	linguistic	_	none	_	_	_	_	_	_
585-2	PST092	585	585	2	cioè	cioè	_	_	_	_	_	linguistic	_	none	_	End=1635.39	_	_	_	_
586-0	PST092	586	586	0	come:	come	_	_	_	_	_	linguistic	_	none	_	Begin=1635.73	3x1	_	_	_
586-1	PST092	586	586	1	anche	anche	_	_	_	_	_	linguistic	_	none	_	_	_	_	_	_
586-2	PST092	586	586	2	per	per	_	_	_	_	_	linguistic	_	none	_	_	_	_	_	_
586-3	PST092	586	586	3	le	le	_	_	_	_	_	linguistic	_	none	PauseAfter=Yes	_	_	_	_	_
586-4	PST092	586	586	4	{P}	{P}	_	_	_	_	_	shortpause	_	none	_	_	_	_	_	_
586-5	PST092	586	586	5	diverse	diverse	_	_	_	_	_	linguistic	_	none	_	_	_	_	_	_
586-6	PST092	586	586	6	zone	zone	_	_	_	_	_	linguistic	_	none	_	End=1638.0	_	_	_	_
587-0	PST094	587	587	0	bello	bello	_	_	_	_	_	linguistic	_	some	PauseAfter=Yes	Begin=1638.0	_	_	_	_
587-1	PST094	587	587	1	{P}	{P}	_	_	_	_	_	shortpause	_	some	_	_	_	_	_	_
587-2	PST094	587	587	2	#pentru	pentru	_	_	_	_	_	linguistic	_	some	Language=NO_ISO_CODE|Variation=Token	_	_	_	_	_
587-3	PST094	587	587	3	#costume	costume	_	_	_	_	_	linguistic	_	some	Language=NO_ISO_CODE|Variation=Token	End=1639.554	_	_	_	_
589-0	PST092	589	589	0	{ride}	{ride}	_	_	_	_	_	nonverbalbehavior	_	none	_	Begin=1639.554|End=1640.124	_	_	_	_
590-0	PST094	590	590	0	{ride}	{ride}	_	_	_	_	_	nonverbalbehavior	_	none	_	Begin=1639.554|End=1640.124	_	_	_	_
591-0	PST092	591	591	0	{ride}	{ride}	_	_	_	_	_	nonverbalbehavior	_	none	_	Begin=1640.124|End=1643.229	_	_	_	_
592-0	PST094	592	592	0	[che	che	_	_	_	_	_	linguistic	_	none	_	Begin=1640.124	_	_	_	0-3(?)
592-1	PST094	592	592	1	vuol	vuol	_	_	_	_	_	linguistic	_	none	_	_	_	_	_	0-4(?)
592-2	PST094	592	592	2	dire	dire	_	_	_	_	_	linguistic	_	none	_	_	_	_	_	0-4(?)
592-3	PST094	592	592	3	per	per	_	_	_	_	_	linguistic	_	none	_	_	_	_	_	0-3(?)
592-4	PST094	592	592	4	i	i	_	_	_	_	_	linguistic	_	none	_	_	_	_	_	0-1(?)
592-5	PST094	592	592	5	costumi]	costumi	_	_	_	_	_	linguistic	_	none	_	_	_	_	_	0-7(?)
592-6	PST094	592	592	6	[come	come	_	_	_	_	_	linguistic	_	none	_	_	_	_	_	0-4(?)
592-7	PST094	592	592	7	funzio:]na	funziona	_	_	_	_	_	linguistic	_	none	_	_	5x1	_	_	0-6(?)
592-8	PST094	592	592	8	{ride}	{ride}	_	_	_	_	_	nonverbalbehavior	_	none	_	End=1643.229	_	_	_	_
593-0	PST094	593	593	0	e:::h	eh	_	_	_	_	_	linguistic	_	none	_	Begin=1643.8|End=1645.128	0x3	_	_	_
594-0	PST094	594	594	0	anche	anche	_	_	_	_	_	linguistic	_	none	_	Begin=1645.181	_	_	_	_
594-1	PST094	594	594	1	per	per	_	_	_	_	_	linguistic	_	none	_	_	_	_	_	_
594-2	PST094	594	594	2	i	i	_	_	_	_	_	linguistic	_	none	_	_	_	_	_	_
594-3	PST094	594	594	3	costumi:::	costumi	_	_	_	_	_	linguistic	_	none	_	End=1647.325	6x3	_	_	_
595-0	PST094	595	595	0	sì	sì	_	_	_	_	_	linguistic	_	none	_	Begin=1647.97	_	_	_	_
595-1	PST094	595	595	1	sto	sto	_	_	_	_	_	linguistic	_	none	_	_	_	_	_	_
595-2	PST094	595	595	2	collaborando	collaborando	_	_	_	_	_	linguistic	_	none	_	_	_	_	_	_
595-3	PST094	595	595	3	con	con	_	_	_	_	_	linguistic	_	none	_	_	_	_	_	_
595-4	PST094	595	595	4	i	i	_	_	_	_	_	linguistic	_	none	_	_	_	_	_	_
595-5	PST094	595	595	5	miei	miei	_	_	_	_	_	linguistic	_	none	_	_	_	_	_	_
595-6	PST094	595	595	6	colleghi:::	colleghi	_	_	_	_	_	linguistic	_	none	_	End=1650.93	7x3	_	_	_
596-0	PST094	596	596	0	che	che	_	_	_	_	_	linguistic	_	none	_	Begin=1650.93	_	_	_	_
596-1	PST094	596	596	1	sono	sono	_	_	_	_	_	linguistic	_	none	_	_	_	_	_	_
596-2	PST094	596	596	2	dal	dal	_	_	_	_	_	linguistic	_	none	_	_	_	_	_	_
596-3	PST094	596	596	3	folklore	folklore	_	_	_	_	_	linguistic	_	none	_	End=1652.28	_	_	_	_
597-0	PST094	597	597	0	poi	poi	_	_	_	_	_	linguistic	_	none	_	Begin=1652.28	_	_	_	_
597-1	PST094	597	597	1	ho	ho	_	_	_	_	_	linguistic	_	none	_	_	_	_	_	_
597-2	PST094	597	597	2	anche::	anche	_	_	_	_	_	linguistic	_	none	PauseAfter=Yes	_	4x2	_	_	_
597-3	PST094	597	597	3	{P}	{P}	_	_	_	_	_	shortpause	_	none	_	_	_	_	_	_
597-4	PST094	597	597	4	nella	nella	_	_	_	_	_	linguistic	_	none	_	_	_	_	_	_
597-5	PST094	597	597	5	famiglia::	famiglia	_	_	_	_	_	linguistic	_	none	_	End=1656.14	7x2	_	_	_
598-0	PST094	598	598	0	etnomusicolo:gi	etnomusicologi	_	_	_	_	_	linguistic	_	none	_	Begin=1656.23	11x1	_	_	_
598-1	PST094	598	598	1	ho	ho	_	_	_	_	_	linguistic	_	none	_	_	_	_	_	_
598-2	PST094	598	598	2	etnogra:fi	etnografi	_	_	_	_	_	linguistic	_	none	_	_	6x1	_	_	_
598-3	PST094	598	598	3	tutto	tutto	_	_	_	_	_	linguistic	_	none	_	_	_	_	_	_
598-4	PST094	598	598	4	quanto	quanto	_	_	_	_	_	linguistic	_	none	_	End=1659.41	_	_	_	_
599-0	PST094	599	599	0	e	e	_	_	_	_	_	linguistic	_	none	_	Begin=1659.57	_	_	_	_
599-1	PST094	599	599	1	mi	mi	_	_	_	_	_	linguistic	_	none	_	_	_	_	_	_
599-2	PST094	599	599	2	sto:::	sto	_	_	_	_	_	linguistic	_	none	_	End=1661.046	2x3	_	_	_
600-0	PST094	600	600	0	sempre:::	sempre	_	_	_	_	_	linguistic	_	none	_	Begin=1661.102|End=1662.814	5x3	_	_	_
601-0	PST094	601	601	0	e::hm::	ehm	_	_	_	_	_	linguistic	_	none	_	Begin=1662.909|End=1664.546	0x2,2x2	_	_	_
602-0	PST094	602	602	0	consultando	consultando	_	_	_	_	_	linguistic	_	none	_	Begin=1664.641	_	_	_	_
602-1	PST094	602	602	1	con	con	_	_	_	_	_	linguistic	_	none	_	_	_	_	_	_
602-2	PST094	602	602	2	loro	loro	_	_	_	_	_	linguistic	_	none	_	End=1666.14	_	_	_	_
603-0	PST094	603	603	0	o	o	_	_	_	_	_	linguistic	_	none	_	Begin=1666.32	_	_	_	_
603-1	PST094	603	603	1	per	per	_	_	_	_	_	linguistic	_	none	_	_	_	_	_	_
603-2	PST094	603	603	2	vedere:	vedere	_	_	_	_	_	linguistic	_	none	_	End=1667.85	5x1	_	_	_
604-0	PST094	604	604	0	co:me	come	_	_	_	_	_	linguistic	_	none	_	Begin=1668.07	1x1	_	_	_
604-1	PST094	604	604	1	si	si	_	_	_	_	_	linguistic	_	none	_	_	_	_	_	_
604-2	PST094	604	604	2	dev~	dev~	_	_	_	_	_	linguistic	_	none	Interrupted=Yes	_	_	_	_	_
604-3	PST094	604	604	3	devono	devono	_	_	_	_	_	linguistic	_	none	_	_	_	_	_	_
604-4	PST094	604	604	4	fa:re	fare	_	_	_	_	_	linguistic	_	none	_	_	1x1	_	_	_
604-5	PST094	604	604	5	per	per	_	_	_	_	_	linguistic	_	none	_	_	_	_	_	_
604-6	PST094	604	604	6	essere	essere	_	_	_	_	_	linguistic	_	none	_	_	_	_	_	_
604-7	PST094	604	604	7	più	più	_	_	_	_	_	linguistic	_	none	_	_	_	_	_	_
604-8	PST094	604	604	8	tradizionali	tradizionali	_	_	_	_	_	linguistic	_	none	_	End=1672.145	_	_	_	_
605-0	PST094	605	605	0	quindi:	quindi	_	_	_	_	_	linguistic	_	none	_	Begin=1672.587	5x1	_	_	_
605-1	PST094	605	605	1	anche	anche	_	_	_	_	_	linguistic	_	none	_	_	_	_	_	_
605-2	PST094	605	605	2	lì	lì	_	_	_	_	_	linguistic	_	none	_	_	_	_	_	_
605-3	PST094	605	605	3	stiamo	stiamo	_	_	_	_	_	linguistic	_	none	_	_	_	_	_	_
605-4	PST094	605	605	4	molto	molto	_	_	_	_	_	linguistic	_	none	_	_	_	_	_	_
605-5	PST094	605	605	5	attenti,	attenti	_	_	_	_	_	linguistic	_	none	Intonation=WeaklyRising	End=1676.246	_	_	_	_
606-0	PST094	606	606	0	e	e	_	_	_	_	_	linguistic	_	none	_	Begin=1676.501	_	_	_	_
606-1	PST094	606	606	1	li	li	_	_	_	_	_	linguistic	_	none	_	_	_	_	_	_
606-2	PST094	606	606	2	lavoriamo	lavoriamo	_	_	_	_	_	linguistic	_	none	_	_	_	_	_	_
606-3	PST094	606	606	3	portando::	portando	_	_	_	_	_	linguistic	_	none	_	End=1679.16	7x2	_	_	_
607-0	PST094	607	607	0	dei	dei	_	_	_	_	_	linguistic	_	none	_	Begin=1679.27	_	_	_	_
607-1	PST094	607	607	1	dei	dei	_	_	_	_	_	linguistic	_	none	_	_	_	_	_	_
607-2	PST094	607	607	2	modelli	modelli	_	_	_	_	_	linguistic	_	none	_	End=1681.05	_	_	_	_
608-0	PST094	608	608	0	autentici	autentici	_	_	_	_	_	linguistic	_	none	_	Begin=1681.46|End=1682.476	_	_	_	_
609-0	PST094	609	609	0	è	è	_	_	_	_	_	linguistic	_	none	_	Begin=1685.42	_	_	_	_
609-1	PST094	609	609	1	tutto	tutto	_	_	_	_	_	linguistic	_	none	_	_	_	_	_	_
609-2	PST094	609	609	2	un::	un	_	_	_	_	_	linguistic	_	none	_	End=1686.791	1x2	_	_	_
610-0	PST094	610	610	0	una	una	_	_	_	_	_	linguistic	_	none	_	Begin=1686.839	_	_	_	_
610-1	PST094	610	610	1	collar~	collar~	_	_	_	_	_	linguistic	_	none	Interrupted=Yes	_	_	_	_	_
610-2	PST094	610	610	2	collaborazione	collaborazione	_	_	_	_	_	linguistic	_	none	_	_	_	_	_	_
610-3	PST094	610	610	3	con	con	_	_	_	_	_	linguistic	_	none	_	End=1688.93	_	_	_	_
611-0	PST094	611	611	0	tutti	tutti	_	_	_	_	_	linguistic	_	none	_	Begin=1689.26	_	_	_	_
611-1	PST094	611	611	1	quelli	quelli	_	_	_	_	_	linguistic	_	none	_	End=1690.28	_	_	_	_
612-0	PST094	612	612	0	che	che	_	_	_	_	_	linguistic	_	none	_	Begin=1690.44	_	_	_	_
612-1	PST094	612	612	1	stan~	stan~	_	_	_	_	_	linguistic	_	none	Interrupted=Yes	_	_	_	_	_
612-2	PST094	612	612	2	e::h	eh	_	_	_	_	_	linguistic	_	none	_	_	0x2	_	_	_
612-3	PST094	612	612	3	stanno	stanno	_	_	_	_	_	linguistic	_	none	_	_	_	_	_	_
612-4	PST094	612	612	4	lavorando	lavorando	_	_	_	_	_	linguistic	_	none	_	_	_	_	_	_
612-5	PST094	612	612	5	o	o	_	_	_	_	_	linguistic	_	none	_	_	_	_	_	_
612-6	PST094	612	612	6	sono	sono	_	_	_	_	_	linguistic	_	none	_	_	_	_	_	_
612-7	PST094	612	612	7	preparati	preparati	_	_	_	_	_	linguistic	_	none	_	_	_	_	_	_
612-8	PST094	612	612	8	nel	nel	_	_	_	_	_	linguistic	_	none	_	_	_	_	_	_
612-9	PST094	612	612	9	dominio	dominio	_	_	_	_	_	linguistic	_	none	_	End=1694.455	_	_	_	_
613-0	PST094	613	613	0	okay?	okay	_	_	_	_	_	linguistic	_	none	Intonation=Rising	Begin=1694.9|End=1695.65	_	_	_	_
614-0	PST092	614	614	0	per::	per	_	_	_	_	_	linguistic	_	some	_	Begin=1696.48	2x2	_	_	_
614-1	PST092	614	614	1	il	il	_	_	_	_	_	linguistic	_	some	_	_	_	_	_	_
614-2	PST092	614	614	2	#centru::	centru	_	_	_	_	_	linguistic	_	some	Language=NO_ISO_CODE|Variation=Token	End=1698.51	5x2	_	_	_
616-0	PST092	616	616	0	cioè	cioè	_	_	_	_	_	linguistic	_	none	_	Begin=1699.26	_	_	_	_
616-1	PST092	616	616	1	com'	com'	_	_	_	_	_	linguistic	_	none	SpaceAfter=No	_	_	_	_	_
616-2	PST092	616	616	2	è	è	_	_	_	_	_	linguistic	_	none	_	_	_	_	_	_
616-3	PST092	616	616	3	composto	composto	_	_	_	_	_	linguistic	_	none	_	End=1700.36	_	_	_	_
617-0	PST092	617	617	0	quante::	quante	_	_	_	_	_	linguistic	_	none	_	Begin=1700.36|End=1701.36	5x2	_	_	_
618-0	PST092	618	618	0	>proprio<	proprio	_	_	_	_	_	linguistic	_	none	_	Begin=1701.36	_	Fast=0-7(0)	_	_
618-1	PST092	618	618	1	di	di	_	_	_	_	_	linguistic	_	none	_	_	_	_	_	_
618-2	PST092	618	618	2	struttura	struttura	_	_	_	_	_	linguistic	_	none	_	_	_	_	_	_
618-3	PST092	618	618	3	com'	com'	_	_	_	_	_	linguistic	_	none	SpaceAfter=No	_	_	_	_	_
618-4	PST092	618	618	4	è	è	_	_	_	_	_	linguistic	_	none	_	_	_	_	_	_
618-5	PST092	618	618	5	formato	formato	_	_	_	_	_	linguistic	_	none	_	End=1703.032	_	_	_	_
619-0	PST094	619	619	0	ecco	ecco	_	_	_	_	_	linguistic	_	none	PauseAfter=Yes	Begin=1703.42	_	_	_	_
619-1	PST094	619	619	1	{P}	{P}	_	_	_	_	_	shortpause	_	none	_	_	_	_	_	_
619-2	PST094	619	619	2	il	il	_	_	_	_	_	linguistic	_	none	_	_	_	_	_	_
619-3	PST094	619	619	3	centro::	centro	_	_	_	_	_	linguistic	_	none	_	_	5x2	_	_	_
619-4	PST094	619	619	4	si	si	_	_	_	_	_	linguistic	_	none	_	_	_	_	_	_
619-5	PST094	619	619	5	basa	basa	_	_	_	_	_	linguistic	_	none	_	_	_	_	_	_
619-6	PST094	619	619	6	tantissimo::	tantissimo	_	_	_	_	_	linguistic	_	none	_	_	9x2	_	_	_
619-7	PST094	619	619	7	sul::	sul	_	_	_	_	_	linguistic	_	none	_	_	2x2	_	_	_
619-8	PST094	619	619	8	e::h	eh	_	_	_	_	_	linguistic	_	none	_	_	0x2	_	_	_
619-9	PST094	619	619	9	sull'	sull'	_	_	_	_	_	linguistic	_	none	SpaceAfter=No	_	_	_	_	_
619-10	PST094	619	619	10	educazione	educazione	_	_	_	_	_	linguistic	_	none	_	End=1709.511	_	_	_	_
620-0	PST094	620	620	0	però	però	_	_	_	_	_	linguistic	_	none	_	Begin=1710.275	_	_	_	_
620-1	PST094	620	620	1	ne	ne	_	_	_	_	_	linguistic	_	none	_	_	_	_	_	_
620-2	PST094	620	620	2	abbiamo:	abbiamo	_	_	_	_	_	linguistic	_	none	_	_	6x1	_	_	_
620-3	PST094	620	620	3	anche	anche	_	_	_	_	_	linguistic	_	none	_	_	_	_	_	_
620-4	PST094	620	620	4	la	la	_	_	_	_	_	linguistic	_	none	_	_	_	_	_	_
620-5	PST094	620	620	5	parte	parte	_	_	_	_	_	linguistic	_	none	_	_	_	_	_	_
620-6	PST094	620	620	6	sociale	sociale	_	_	_	_	_	linguistic	_	none	_	End=1712.876	_	_	_	_
621-0	PST094	621	621	0	okay?	okay	_	_	_	_	_	linguistic	_	none	Intonation=Rising	Begin=1713.38	_	_	_	_
621-1	PST094	621	621	1	la	la	_	_	_	_	_	linguistic	_	none	_	_	_	_	_	_
621-2	PST094	621	621	2	parte	parte	_	_	_	_	_	linguistic	_	none	_	_	_	_	_	_
621-3	PST094	621	621	3	sociale:::	sociale	_	_	_	_	_	linguistic	_	none	_	End=1716.023	6x3	_	_	_
622-0	PST094	622	622	0	c'	c'	_	_	_	_	_	linguistic	_	none	SpaceAfter=No	Begin=1716.21	_	_	_	_
622-1	PST094	622	622	1	è	è	_	_	_	_	_	linguistic	_	none	_	_	_	_	_	_
622-2	PST094	622	622	2	la	la	_	_	_	_	_	linguistic	_	none	_	_	_	_	_	_
622-3	PST094	622	622	3	distribuzione	distribuzione	_	_	_	_	_	linguistic	_	none	_	_	_	_	_	_
622-4	PST094	622	622	4	dei	dei	_	_	_	_	_	linguistic	_	none	_	_	_	_	_	_
622-5	PST094	622	622	5	pacchi:	pacchi	_	_	_	_	_	linguistic	_	none	_	_	5x1	_	_	_
622-6	PST094	622	622	6	vivere,	vivere	_	_	_	_	_	linguistic	_	none	Intonation=WeaklyRising	End=1718.58	_	_	_	_
623-0	PST094	623	623	0	vivere,	vivere	_	_	_	_	_	linguistic	_	none	Intonation=WeaklyRising	Begin=1718.93|End=1719.6	_	_	_	_
624-0	PST094	624	624	0	e	e	_	_	_	_	_	linguistic	_	none	_	Begin=1719.7	_	_	_	_
624-1	PST094	624	624	1	la	la	_	_	_	_	_	linguistic	_	none	_	_	_	_	_	_
624-2	PST094	624	624	2	parte	parte	_	_	_	_	_	linguistic	_	none	_	_	_	_	_	_
624-3	PST094	624	624	3	dell'	dell'	_	_	_	_	_	linguistic	_	none	SpaceAfter=No	_	_	_	_	_
624-4	PST094	624	624	4	educazio:ne	educazione	_	_	_	_	_	linguistic	_	none	_	End=1721.67	7x1	_	_	_
625-0	PST094	625	625	0	e:	e	_	_	_	_	_	linguistic	_	none	_	Begin=1721.88	0x1	_	_	_
625-1	PST094	625	625	1	mantenimento	mantenimento	_	_	_	_	_	linguistic	_	none	_	_	_	_	_	_
625-2	PST094	625	625	2	e	e	_	_	_	_	_	linguistic	_	none	_	_	_	_	_	_
625-3	PST094	625	625	3	la	la	_	_	_	_	_	linguistic	_	none	_	_	_	_	_	_
625-4	PST094	625	625	4	cultu:ra,	cultura	_	_	_	_	_	linguistic	_	none	Intonation=WeaklyRising	End=1724.069	4x1	_	_	_
626-0	PST094	626	626	0	e	e	_	_	_	_	_	linguistic	_	none	_	Begin=1724.069	_	_	_	_
626-1	PST094	626	626	1	tutto:::	tutto	_	_	_	_	_	linguistic	_	none	_	End=1725.99	4x3	_	_	_
627-0	PST094	627	627	0	qua	qua	_	_	_	_	_	linguistic	_	none	_	Begin=1726.214	_	_	_	_
627-1	PST094	627	627	1	quello	quello	_	_	_	_	_	linguistic	_	none	_	_	_	_	_	_
627-2	PST094	627	627	2	che:::	che	_	_	_	_	_	linguistic	_	none	_	End=1727.66	2x3	_	_	_
628-0	PST094	628	628	0	viviamo	viviamo	_	_	_	_	_	linguistic	_	none	_	Begin=1727.66	_	_	_	_
628-1	PST094	628	628	1	noi	noi	_	_	_	_	_	linguistic	_	none	_	_	_	_	_	_
628-2	PST094	628	628	2	nelle::	nelle	_	_	_	_	_	linguistic	_	none	_	_	4x2	_	_	_
628-3	PST094	628	628	3	cinque	cinque	_	_	_	_	_	linguistic	_	none	_	_	_	_	_	_
628-4	PST094	628	628	4	sale,	sale	_	_	_	_	_	linguistic	_	none	Intonation=WeaklyRising	End=1729.95	_	_	_	_
629-0	PST094	629	629	0	che	che	_	_	_	_	_	linguistic	_	none	_	Begin=1729.95	_	_	_	_
629-1	PST094	629	629	1	si	si	_	_	_	_	_	linguistic	_	none	_	_	_	_	_	_
629-2	PST094	629	629	2	fanno	fanno	_	_	_	_	_	linguistic	_	none	_	_	_	_	_	_
629-3	PST094	629	629	3	i	i	_	_	_	_	_	linguistic	_	none	_	_	_	_	_	_
629-4	PST094	629	629	4	co~	co~	_	_	_	_	_	linguistic	_	none	Interrupted=Yes	_	_	_	_	_
629-5	PST094	629	629	5	diversi	diversi	_	_	_	_	_	linguistic	_	none	_	_	_	_	_	_
629-6	PST094	629	629	6	corsi,	corsi	_	_	_	_	_	linguistic	_	none	Intonation=WeaklyRising	End=1732.217	_	_	_	_
630-0	PST094	630	630	0	e:	e	_	_	_	_	_	linguistic	_	none	_	Begin=1732.67	0x1	_	_	_
630-1	PST094	630	630	1	questi:::	questi	_	_	_	_	_	linguistic	_	none	_	_	5x3	_	_	_
630-2	PST094	630	630	2	so~	so~	_	_	_	_	_	linguistic	_	none	Interrupted=Yes	_	_	_	_	_
630-3	PST094	630	630	3	m::h	mh	_	_	_	_	_	linguistic	_	none	_	_	0x2	_	_	_
630-4	PST094	630	630	4	soprattutto	soprattutto	_	_	_	_	_	linguistic	_	none	_	_	_	_	_	_
630-5	PST094	630	630	5	i	i	_	_	_	_	_	linguistic	_	none	PauseAfter=Yes	_	_	_	_	_
630-6	PST094	630	630	6	{P}	{P}	_	_	_	_	_	shortpause	_	none	_	_	_	_	_	_
630-7	PST094	630	630	7	tutti	tutti	_	_	_	_	_	linguistic	_	none	_	_	_	_	_	_
630-8	PST094	630	630	8	i	i	_	_	_	_	_	linguistic	_	none	_	_	_	_	_	_
630-9	PST094	630	630	9	corsi	corsi	_	_	_	_	_	linguistic	_	none	_	_	_	_	_	_
630-10	PST094	630	630	10	si	si	_	_	_	_	_	linguistic	_	none	_	_	_	_	_	_
630-11	PST094	630	630	11	fanno	fanno	_	_	_	_	_	linguistic	_	none	_	_	_	_	_	_
630-12	PST094	630	630	12	in::	in	_	_	_	_	_	linguistic	_	none	_	_	1x2	_	_	_
630-13	PST094	630	630	13	lingua::	lingua	_	_	_	_	_	linguistic	_	none	_	_	5x2	_	_	_
630-14	PST094	630	630	14	romena,	romena	_	_	_	_	_	linguistic	_	none	Intonation=WeaklyRising	End=1740.1	_	_	_	_
631-0	PST094	631	631	0	perché	perché	_	_	_	_	_	linguistic	_	none	_	Begin=1740.18	_	_	_	_
631-1	PST094	631	631	1	il	il	_	_	_	_	_	linguistic	_	none	ProsodicLink=Yes	_	_	_	_	_
631-2	PST094	631	631	2	l'	l'	_	_	_	_	_	linguistic	_	none	SpaceAfter=No	_	_	_	_	_
631-3	PST094	631	631	3	obiettivo	obiettivo	_	_	_	_	_	linguistic	_	none	_	_	_	_	_	_
631-4	PST094	631	631	4	principale	principale	_	_	_	_	_	linguistic	_	none	_	_	_	_	_	_
631-5	PST094	631	631	5	è	è	_	_	_	_	_	linguistic	_	none	_	_	_	_	_	_
631-6	PST094	631	631	6	quello	quello	_	_	_	_	_	linguistic	_	none	_	_	_	_	_	_
631-7	PST094	631	631	7	di	di	_	_	_	_	_	linguistic	_	none	_	_	_	_	_	_
631-8	PST094	631	631	8	mantenere	mantenere	_	_	_	_	_	linguistic	_	none	_	End=1744.44	_	_	_	_
632-0	PST094	632	632	0	l'	l'	_	_	_	_	_	linguistic	_	none	SpaceAfter=No	Begin=1745.772	_	_	_	_
632-1	PST094	632	632	1	identità	identità	_	_	_	_	_	linguistic	_	none	_	_	_	_	_	_
632-2	PST094	632	632	2	l'	l'	_	_	_	_	_	linguistic	_	none	SpaceAfter=No	_	_	_	_	_
632-3	PST094	632	632	3	identità	identità	_	_	_	_	_	linguistic	_	none	_	_	_	_	_	_
632-4	PST094	632	632	4	come	come	_	_	_	_	_	linguistic	_	none	_	_	_	_	_	_
632-5	PST094	632	632	5	prima	prima	_	_	_	_	_	linguistic	_	none	_	_	_	_	_	_
632-6	PST094	632	632	6	per	per	_	_	_	_	_	linguistic	_	none	_	_	_	_	_	_
632-7	PST094	632	632	7	la	la	_	_	_	_	_	linguistic	_	none	_	_	_	_	_	_
632-8	PST094	632	632	8	lingua	lingua	_	_	_	_	_	linguistic	_	none	_	End=1749.27	_	_	_	_
633-0	PST094	633	633	0	okay?	okay	_	_	_	_	_	linguistic	_	none	Intonation=Rising	Begin=1749.422|End=1750.08	_	_	_	_
634-0	PST094	634	634	0	quindi	quindi	_	_	_	_	_	linguistic	_	none	_	Begin=1750.11|End=1750.93	_	_	_	_
635-0	PST094	635	635	0	ci	ci	_	_	_	_	_	linguistic	_	none	_	Begin=1751.32	_	_	_	_
635-1	PST094	635	635	1	sono	sono	_	_	_	_	_	linguistic	_	none	_	_	_	_	_	_
635-2	PST094	635	635	2	i	i	_	_	_	_	_	linguistic	_	none	_	_	_	_	_	_
635-3	PST094	635	635	3	corsi	corsi	_	_	_	_	_	linguistic	_	none	_	_	_	_	_	_
635-4	PST094	635	635	4	di	di	_	_	_	_	_	linguistic	_	none	_	_	_	_	_	_
635-5	PST094	635	635	5	rume:no	rumeno	_	_	_	_	_	linguistic	_	none	_	_	3x1	_	_	_
635-6	PST094	635	635	6	ci	ci	_	_	_	_	_	linguistic	_	none	_	_	_	_	_	_
635-7	PST094	635	635	7	sono	sono	_	_	_	_	_	linguistic	_	none	_	_	_	_	_	_
635-8	PST094	635	635	8	i	i	_	_	_	_	_	linguistic	_	none	_	_	_	_	_	_
635-9	PST094	635	635	9	corsi	corsi	_	_	_	_	_	linguistic	_	none	_	_	_	_	_	_
635-10	PST094	635	635	10	di	di	_	_	_	_	_	linguistic	_	none	_	_	_	_	_	_
635-11	PST094	635	635	11	tea:tro	teatro	_	_	_	_	_	linguistic	_	none	_	_	2x1	_	_	_
635-12	PST094	635	635	12	ci	ci	_	_	_	_	_	linguistic	_	none	_	_	_	_	_	_
635-13	PST094	635	635	13	sono	sono	_	_	_	_	_	linguistic	_	none	_	_	_	_	_	_
635-14	PST094	635	635	14	i	i	_	_	_	_	_	linguistic	_	none	_	_	_	_	_	_
635-15	PST094	635	635	15	corsi:	corsi	_	_	_	_	_	linguistic	_	none	_	_	4x1	_	_	_
635-16	PST094	635	635	16	di::	di	_	_	_	_	_	linguistic	_	none	_	_	1x2	_	_	_
635-17	PST094	635	635	17	mh	mh	_	_	_	_	_	linguistic	_	none	_	_	_	_	_	_
635-18	PST094	635	635	18	folklore	folklore	_	_	_	_	_	linguistic	_	none	_	_	_	_	_	_
635-19	PST094	635	635	19	tradizionale	tradizionale	_	_	_	_	_	linguistic	_	none	_	_	_	_	_	_
635-20	PST094	635	635	20	canto	canto	_	_	_	_	_	linguistic	_	none	_	_	_	_	_	_
635-21	PST094	635	635	21	di	di	_	_	_	_	_	linguistic	_	none	_	_	_	_	_	_
635-22	PST094	635	635	22	gruppo	gruppo	_	_	_	_	_	linguistic	_	none	_	_	_	_	_	_
635-23	PST094	635	635	23	canto::	canto	_	_	_	_	_	linguistic	_	none	_	_	4x2	_	_	_
635-24	PST094	635	635	24	solistico	solistico	_	_	_	_	_	linguistic	_	none	_	End=1759.92	_	_	_	_
636-0	PST094	636	636	0	<strumenti	strumenti	_	_	_	_	_	linguistic	_	none	_	Begin=1760.21	_	Slow=0-9(0)	_	_
636-1	PST094	636	636	1	musicali	musicali	_	_	_	_	_	linguistic	_	none	_	_	_	Slow=0-8(0)	_	_
636-2	PST094	636	636	2	tradizionali>	tradizionali	_	_	_	_	_	linguistic	_	none	_	End=1763.447	_	Slow=0-12(0)	_	_
637-0	PST094	637	637	0	e:hm:	ehm	_	_	_	_	_	linguistic	_	none	_	Begin=1764.0|End=1765.545	0x1,2x1	_	_	_
638-0	PST094	638	638	0	la	la	_	_	_	_	_	linguistic	_	none	_	Begin=1765.545	_	_	_	_
638-1	PST094	638	638	1	tromba::	tromba	_	_	_	_	_	linguistic	_	none	_	_	5x2	_	_	_
638-2	PST094	638	638	2	il	il	_	_	_	_	_	linguistic	_	none	_	_	_	_	_	_
638-3	PST094	638	638	3	saxofono::	saxofono	_	_	_	_	_	linguistic	_	none	_	End=1769.151	7x2	_	_	_
639-0	PST094	639	639	0	m:h	mh	_	_	_	_	_	linguistic	_	none	_	Begin=1769.151	0x1	_	_	_
639-1	PST094	639	639	1	la::	la	_	_	_	_	_	linguistic	_	none	_	_	1x2	_	_	_
639-2	PST094	639	639	2	m:h	mh	_	_	_	_	_	linguistic	_	none	_	_	0x1	_	_	_
639-3	PST094	639	639	3	pf::	pf	_	_	_	_	_	linguistic	_	none	_	End=1771.16	1x2	_	_	_
640-0	PST092	640	640	0	(#vio[ara)]	vioara	_	_	_	_	_	linguistic	_	all	Language=NO_ISO_CODE|Variation=Token	Begin=1771.16|End=1771.55	_	_	0-7(0)	4-7(0)
642-0	PST094	642	642	0	[vi]o~	vio~	_	_	_	_	_	linguistic	_	none	Interrupted=Yes	Begin=1771.39	_	_	_	0-2(0)
642-1	PST094	642	642	1	mh	mh	_	_	_	_	_	linguistic	_	none	_	_	_	_	_	_
642-2	PST094	642	642	2	vio~	vio~	_	_	_	_	_	linguistic	_	none	Interrupted=Yes	_	_	_	_	_
642-3	PST094	642	642	3	m:h	mh	_	_	_	_	_	linguistic	_	none	_	_	0x1	_	_	_
642-4	PST094	642	642	4	violino:	violino	_	_	_	_	_	linguistic	_	none	_	End=1774.018	6x1	_	_	_
643-0	PST094	643	643	0	e::h	eh	_	_	_	_	_	linguistic	_	some	_	Begin=1774.39	0x2	_	_	_
643-1	PST094	643	643	1	#cobza:	cobza	_	_	_	_	_	linguistic	_	some	Language=NO_ISO_CODE|Variation=Token	End=1776.0	4x1	_	_	_
644-0	PST094	644	644	0	e::hm::	ehm	_	_	_	_	_	linguistic	_	none	_	Begin=1776.54|End=1778.32	0x2,2x2	_	_	_
645-0	PST094	645	645	0	chitarra:	chitarra	_	_	_	_	_	linguistic	_	none	_	Begin=1778.384|End=1779.401	7x1	_	_	_
646-0	PST094	646	646	0	m::h	mh	_	_	_	_	_	linguistic	_	none	_	Begin=1779.493	0x2	_	_	_
646-1	PST094	646	646	1	fisarmonica:	fisarmonica	_	_	_	_	_	linguistic	_	none	_	End=1781.54	10x1	_	_	_
647-0	PST094	647	647	0	c~	c~	_	_	_	_	_	linguistic	_	none	Interrupted=Yes	Begin=1781.54	_	_	_	_
647-1	PST094	647	647	1	ce	ce	_	_	_	_	_	linguistic	_	none	_	_	_	_	_	_
647-2	PST094	647	647	2	ne	ne	_	_	_	_	_	linguistic	_	none	_	_	_	_	_	_
647-3	PST094	647	647	3	sono	sono	_	_	_	_	_	linguistic	_	none	_	_	_	_	_	_
647-4	PST094	647	647	4	tantissimi:	tantissimi	_	_	_	_	_	linguistic	_	none	_	_	9x1	_	_	_
647-5	PST094	647	647	5	strumenti	strumenti	_	_	_	_	_	linguistic	_	none	_	_	_	_	_	_
647-6	PST094	647	647	6	perché	perché	_	_	_	_	_	linguistic	_	none	_	_	_	_	_	_
647-7	PST094	647	647	7	abbiamo	abbiamo	_	_	_	_	_	linguistic	_	none	_	_	_	_	_	_
647-8	PST094	647	647	8	anche	anche	_	_	_	_	_	linguistic	_	none	_	_	_	_	_	_
647-9	PST094	647	647	9	un:'	un'	_	_	_	_	_	linguistic	_	none	Truncated=Yes	_	1x1	_	_	_
647-10	PST094	647	647	10	orchestra	orchestra	_	_	_	_	_	linguistic	_	none	_	End=1786.34	_	_	_	_
648-0	PST094	648	648	0	e:hm	ehm	_	_	_	_	_	linguistic	_	none	_	Begin=1787.09|End=1788.41	0x1	_	_	_
649-0	PST094	649	649	0	clarinetto	clarinetto	_	_	_	_	_	linguistic	_	none	_	Begin=1788.41|End=1789.381	_	_	_	_
650-0	PST094	650	650	0	poi	poi	_	_	_	_	_	linguistic	_	none	_	Begin=1789.78	_	_	_	_
650-1	PST094	650	650	1	ne	ne	_	_	_	_	_	linguistic	_	none	_	_	_	_	_	_
650-2	PST094	650	650	2	abbiamo::	abbiamo	_	_	_	_	_	linguistic	_	none	_	End=1791.55	6x2	_	_	_
651-0	PST094	651	651	0	i	i	_	_	_	_	_	linguistic	_	none	_	Begin=1791.55	_	_	_	_
651-1	PST094	651	651	1	corsi	corsi	_	_	_	_	_	linguistic	_	none	_	_	_	_	_	_
651-2	PST094	651	651	2	di	di	_	_	_	_	_	linguistic	_	none	_	_	_	_	_	_
651-3	PST094	651	651	3	lavoro	lavoro	_	_	_	_	_	linguistic	_	none	_	_	_	_	_	_
651-4	PST094	651	651	4	manuale:	manuale	_	_	_	_	_	linguistic	_	none	_	End=1793.9	6x1	_	_	_
652-0	PST094	652	652	0	artigianato:	artigianato	_	_	_	_	_	linguistic	_	none	_	Begin=1793.91|End=1795.29	10x1	_	_	_
653-0	PST094	653	653	0	per	per	_	_	_	_	_	linguistic	_	none	_	Begin=1795.29	_	_	_	_
653-1	PST094	653	653	1	i	i	_	_	_	_	_	linguistic	_	none	_	_	_	_	_	_
653-2	PST094	653	653	2	gen~	gen~	_	_	_	_	_	linguistic	_	none	Interrupted=Yes	_	_	_	_	_
653-3	PST094	653	653	3	per	per	_	_	_	_	_	linguistic	_	none	_	_	_	_	_	_
653-4	PST094	653	653	4	i	i	_	_	_	_	_	linguistic	_	none	_	_	_	_	_	_
653-5	PST094	653	653	5	genitori:	genitori	_	_	_	_	_	linguistic	_	none	_	End=1797.2	7x1	_	_	_
654-0	PST094	654	654	0	e:h	eh	_	_	_	_	_	linguistic	_	none	_	Begin=1797.69	0x1	_	_	_
654-1	PST094	654	654	1	corso	corso	_	_	_	_	_	linguistic	_	none	_	_	_	_	_	_
654-2	PST094	654	654	2	di	di	_	_	_	_	_	linguistic	_	none	_	_	_	_	_	_
654-3	PST094	654	654	3	ballo	ballo	_	_	_	_	_	linguistic	_	none	_	End=1799.09	_	_	_	_
655-0	PST094	655	655	0	m::h	mh	_	_	_	_	_	linguistic	_	none	_	Begin=1799.09|End=1800.163	0x2	_	_	_
656-0	PST094	656	656	0	tradizionale	tradizionale	_	_	_	_	_	linguistic	_	none	_	Begin=1800.208|End=1801.64	_	_	_	_
657-0	PST094	657	657	0	ma:	ma	_	_	_	_	_	linguistic	_	none	_	Begin=1801.96	1x1	_	_	_
657-1	PST094	657	657	1	eh	eh	_	_	_	_	_	linguistic	_	none	_	_	_	_	_	_
657-2	PST094	657	657	2	corso	corso	_	_	_	_	_	linguistic	_	none	_	_	_	_	_	_
657-3	PST094	657	657	3	di	di	_	_	_	_	_	linguistic	_	none	_	_	_	_	_	_
657-4	PST094	657	657	4	educazione	educazione	_	_	_	_	_	linguistic	_	none	_	_	_	_	_	_
657-5	PST094	657	657	5	musicale	musicale	_	_	_	_	_	linguistic	_	none	_	End=1804.94	_	_	_	_
658-0	PST094	658	658	0	anche	anche	_	_	_	_	_	linguistic	_	none	_	Begin=1805.154	_	_	_	_
658-1	PST094	658	658	1	s:e	se	_	_	_	_	_	linguistic	_	none	_	_	0x1	_	_	_
658-2	PST094	658	658	2	ci	ci	_	_	_	_	_	linguistic	_	none	_	_	_	_	_	_
658-3	PST094	658	658	3	sono	sono	_	_	_	_	_	linguistic	_	none	_	_	_	_	_	_
658-4	PST094	658	658	4	tant(e)	tante	_	_	_	_	_	linguistic	_	none	_	_	_	_	4-5(0)	_
658-5	PST094	658	658	5	altri	altri	_	_	_	_	_	linguistic	_	none	_	_	_	_	_	_
658-6	PST094	658	658	6	corsi	corsi	_	_	_	_	_	linguistic	_	none	_	End=1808.053	_	_	_	_
659-0	PST094	659	659	0	okay?	okay	_	_	_	_	_	linguistic	_	none	Intonation=Rising	Begin=1808.65|End=1809.37	_	_	_	_
660-0	PST094	660	660	0	e::h	eh	_	_	_	_	_	linguistic	_	none	_	Begin=1809.53	0x2	_	_	_
660-1	PST094	660	660	1	che	che	_	_	_	_	_	linguistic	_	none	_	_	_	_	_	_
660-2	PST094	660	660	2	noi	noi	_	_	_	_	_	linguistic	_	none	_	_	_	_	_	_
660-3	PST094	660	660	3	li	li	_	_	_	_	_	linguistic	_	none	_	_	_	_	_	_
660-4	PST094	660	660	4	utilizziamo	utilizziamo	_	_	_	_	_	linguistic	_	none	_	_	_	_	_	_
660-5	PST094	660	660	5	anche	anche	_	_	_	_	_	linguistic	_	none	_	_	_	_	_	_
660-6	PST094	660	660	6	finiamo	finiamo	_	_	_	_	_	linguistic	_	none	_	_	_	_	_	_
660-7	PST094	660	660	7	uno	uno	_	_	_	_	_	linguistic	_	none	_	_	_	_	_	_
660-8	PST094	660	660	8	cominciamo	cominciamo	_	_	_	_	_	linguistic	_	none	_	_	_	_	_	_
660-9	PST094	660	660	9	altro	altro	_	_	_	_	_	linguistic	_	none	_	End=1814.56	_	_	_	_
661-0	PST094	661	661	0	non	non	_	_	_	_	_	linguistic	_	none	_	Begin=1814.63	_	_	_	_
661-1	PST094	661	661	1	importa	importa	_	_	_	_	_	linguistic	_	none	_	_	_	_	_	_
661-2	PST094	661	661	2	vediamo	vediamo	_	_	_	_	_	linguistic	_	none	_	_	_	_	_	_
661-3	PST094	661	661	3	in	in	_	_	_	_	_	linguistic	_	none	_	_	_	_	_	_
661-4	PST094	661	661	4	base	base	_	_	_	_	_	linguistic	_	none	_	_	_	_	_	_
661-5	PST094	661	661	5	alla::	alla	_	_	_	_	_	linguistic	_	none	_	_	3x2	_	_	_
661-6	PST094	661	661	6	generazione	generazione	_	_	_	_	_	linguistic	_	none	_	End=1818.696	_	_	_	_
662-0	PST094	662	662	0	e	e	_	_	_	_	_	linguistic	_	none	_	Begin=1818.87	_	_	_	_
662-1	PST094	662	662	1	alle	alle	_	_	_	_	_	linguistic	_	none	_	_	_	_	_	_
662-2	PST094	662	662	2	richieste	richieste	_	_	_	_	_	linguistic	_	none	_	End=1819.86	_	_	_	_
663-0	PST094	663	663	0	e::h	eh	_	_	_	_	_	linguistic	_	none	_	Begin=1821.308	0x2	_	_	_
663-1	PST094	663	663	1	ne	ne	_	_	_	_	_	linguistic	_	none	_	_	_	_	_	_
663-2	PST094	663	663	2	abbiamo	abbiamo	_	_	_	_	_	linguistic	_	none	_	_	_	_	_	_
663-3	PST094	663	663	3	anche	anche	_	_	_	_	_	linguistic	_	none	_	_	_	_	_	_
663-4	PST094	663	663	4	la	la	_	_	_	_	_	linguistic	_	none	_	_	_	_	_	_
663-5	PST094	663	663	5	parte:	parte	_	_	_	_	_	linguistic	_	none	_	_	4x1	_	_	_
663-6	PST094	663	663	6	di:	di	_	_	_	_	_	linguistic	_	none	_	_	1x1	_	_	_
663-7	PST094	663	663	7	psicologia	psicologia	_	_	_	_	_	linguistic	_	none	_	End=1825.98	_	_	_	_
664-0	PST094	664	664	0	un:::	un	_	_	_	_	_	linguistic	_	none	_	Begin=1825.98	1x3	_	_	_
664-1	PST094	664	664	1	m:::h	mh	_	_	_	_	_	linguistic	_	none	_	End=1828.03	0x3	_	_	_
665-0	PST094	665	665	0	sostegno,	sostegno	_	_	_	_	_	linguistic	_	none	Intonation=WeaklyRising	Begin=1828.209|End=1829.172	_	_	_	_
666-0	PST094	666	666	0	psicologico	psicologico	_	_	_	_	_	linguistic	_	none	_	Begin=1829.85	_	_	_	_
666-1	PST094	666	666	1	e	e	_	_	_	_	_	linguistic	_	none	_	_	_	_	_	_
666-2	PST094	666	666	2	non	non	_	_	_	_	_	linguistic	_	none	_	_	_	_	_	_
666-3	PST094	666	666	3	solo	solo	_	_	_	_	_	linguistic	_	none	_	End=1831.23	_	_	_	_
667-0	PST094	667	667	0	logopedi:a	logopedia	_	_	_	_	_	linguistic	_	none	_	Begin=1831.28	7x1	_	_	_
667-1	PST094	667	667	1	e::	e	_	_	_	_	_	linguistic	_	none	_	_	0x2	_	_	_
667-2	PST094	667	667	2	consiglie~	consiglie~	_	_	_	_	_	linguistic	_	none	Interrupted=Yes	_	_	_	_	_
667-3	PST094	667	667	3	e::h	eh	_	_	_	_	_	linguistic	_	none	_	_	0x2	_	_	_
667-4	PST094	667	667	4	consigliere	consigliere	_	_	_	_	_	linguistic	_	none	_	_	_	_	_	_
667-5	PST094	667	667	5	educazionale	educazionale	_	_	_	_	_	linguistic	_	none	_	_	_	_	_	_
667-6	PST094	667	667	6	e	e	_	_	_	_	_	linguistic	_	none	_	_	_	_	_	_
667-7	PST094	667	667	7	vocazionale	vocazionale	_	_	_	_	_	linguistic	_	none	_	End=1836.56	_	_	_	_
668-0	PST094	668	668	0	che	che	_	_	_	_	_	linguistic	_	none	_	Begin=1837.37	_	_	_	_
668-1	PST094	668	668	1	anche	anche	_	_	_	_	_	linguistic	_	none	_	_	_	_	_	_
668-2	PST094	668	668	2	quello	quello	_	_	_	_	_	linguistic	_	none	_	_	_	_	_	_
668-3	PST094	668	668	3	è	è	_	_	_	_	_	linguistic	_	none	_	_	_	_	_	_
668-4	PST094	668	668	4	molto	molto	_	_	_	_	_	linguistic	_	none	_	_	_	_	_	_
668-5	PST094	668	668	5	importante::	importante	_	_	_	_	_	linguistic	_	none	_	_	9x2	_	_	_
668-6	PST094	668	668	6	per	per	_	_	_	_	_	linguistic	_	none	_	_	_	_	_	_
668-7	PST094	668	668	7	il	il	_	_	_	_	_	linguistic	_	none	_	_	_	_	_	_
668-8	PST094	668	668	8	nostro	nostro	_	_	_	_	_	linguistic	_	none	_	_	_	_	_	_
668-9	PST094	668	668	9	centro	centro	_	_	_	_	_	linguistic	_	none	_	_	_	_	_	_
668-10	PST094	668	668	10	che	che	_	_	_	_	_	linguistic	_	none	_	_	_	_	_	_
668-11	PST094	668	668	11	dà	dà	_	_	_	_	_	linguistic	_	none	_	_	_	_	_	_
668-12	PST094	668	668	12	dei	dei	_	_	_	_	_	linguistic	_	none	_	_	_	_	_	_
668-13	PST094	668	668	13	risultati	risultati	_	_	_	_	_	linguistic	_	none	_	_	_	_	_	_
668-14	PST094	668	668	14	spettacolari	spettacolari	_	_	_	_	_	linguistic	_	none	_	End=1843.78	_	_	_	_
669-0	PST094	669	669	0	e:hm:	ehm	_	_	_	_	_	linguistic	_	none	_	Begin=1844.493|End=1845.63	0x1,2x1	_	_	_
670-0	PST094	670	670	0	per	per	_	_	_	_	_	linguistic	_	none	_	Begin=1845.63	_	_	_	_
670-1	PST094	670	670	1	il	il	_	_	_	_	_	linguistic	_	none	_	_	_	_	_	_
670-2	PST094	670	670	2	resto::	resto	_	_	_	_	_	linguistic	_	none	_	_	4x2	_	_	_
670-3	PST094	670	670	3	sì	sì	_	_	_	_	_	linguistic	_	none	_	_	_	_	_	_
670-4	PST094	670	670	4	abbiamo	abbiamo	_	_	_	_	_	linguistic	_	none	_	_	_	_	_	_
670-5	PST094	670	670	5	avuto:	avuto	_	_	_	_	_	linguistic	_	none	_	_	4x1	_	_	_
670-6	PST094	670	670	6	anche	anche	_	_	_	_	_	linguistic	_	none	_	_	_	_	_	_
670-7	PST094	670	670	7	un	un	_	_	_	_	_	linguistic	_	none	_	_	_	_	_	_
670-8	PST094	670	670	8	progetto	progetto	_	_	_	_	_	linguistic	_	none	_	_	_	_	_	_
670-9	PST094	670	670	9	che	che	_	_	_	_	_	linguistic	_	none	_	_	_	_	_	_
670-10	PST094	670	670	10	continueremo	continueremo	_	_	_	_	_	linguistic	_	none	_	End=1850.17	_	_	_	_
671-0	PST094	671	671	0	e::hm::	ehm	_	_	_	_	_	linguistic	_	none	_	Begin=1850.17|End=1851.6	0x2,2x2	_	_	_
672-0	PST094	672	672	0	con	con	_	_	_	_	_	linguistic	_	none	_	Begin=1851.6	_	_	_	_
672-1	PST094	672	672	1	i	i	_	_	_	_	_	linguistic	_	none	_	_	_	_	_	_
672-2	PST094	672	672	2	servizi:	servizi	_	_	_	_	_	linguistic	_	none	_	_	6x1	_	_	_
672-3	PST094	672	672	3	e::hm:	ehm	_	_	_	_	_	linguistic	_	none	_	End=1854.63	0x2,2x1	_	_	_
673-0	PST094	673	673	0	con:	con	_	_	_	_	_	linguistic	_	none	_	Begin=1854.63	2x1	_	_	_
673-1	PST094	673	673	1	degli	degli	_	_	_	_	_	linguistic	_	none	_	_	_	_	_	_
673-2	PST094	673	673	2	dei	dei	_	_	_	_	_	linguistic	_	none	_	_	_	_	_	_
673-3	PST094	673	673	3	professionisti	professionisti	_	_	_	_	_	linguistic	_	none	_	_	_	_	_	_
673-4	PST094	673	673	4	rumeni	rumeni	_	_	_	_	_	linguistic	_	none	_	End=1856.99	_	_	_	_
674-0	PST094	674	674	0	servizio	servizio	_	_	_	_	_	linguistic	_	none	_	Begin=1857.315	_	_	_	_
674-1	PST094	674	674	1	di::	di	_	_	_	_	_	linguistic	_	none	_	_	1x2	_	_	_
674-2	PST094	674	674	2	ragioneri:a:	ragioneria	_	_	_	_	_	linguistic	_	none	_	End=1860.11	8x1,9x1	_	_	_
675-0	PST094	675	675	0	servizio	servizio	_	_	_	_	_	linguistic	_	none	_	Begin=1860.11	_	_	_	_
675-1	PST094	675	675	1	di::	di	_	_	_	_	_	linguistic	_	none	_	_	1x2	_	_	_
675-2	PST094	675	675	2	e::hm:	ehm	_	_	_	_	_	linguistic	_	none	_	End=1862.608	0x2,2x1	_	_	_
676-0	PST094	676	676	0	legale	legale	_	_	_	_	_	linguistic	_	none	_	Begin=1862.824|End=1863.794	_	_	_	_
677-0	PST094	677	677	0	e:	e	_	_	_	_	_	linguistic	_	none	_	Begin=1864.41	0x1	_	_	_
677-1	PST094	677	677	1	mediazione	mediazione	_	_	_	_	_	linguistic	_	none	_	_	_	_	_	_
677-2	PST094	677	677	2	culturale	culturale	_	_	_	_	_	linguistic	_	none	_	End=1866.283	_	_	_	_
678-0	PST092	678	678	0	(tra	tra	_	_	_	_	_	linguistic	_	none	_	Begin=1867.16	_	_	0-3(0)	_
678-1	PST092	678	678	1	l'	l'	_	_	_	_	_	linguistic	_	none	SpaceAfter=No	_	_	_	0-2(0)	_
678-2	PST092	678	678	2	altro)	altro	_	_	_	_	_	linguistic	_	none	PauseAfter=Yes	_	_	_	0-5(0)	_
678-3	PST092	678	678	3	{P}	{P}	_	_	_	_	_	shortpause	_	none	_	_	_	_	_	_
678-4	PST092	678	678	4	delle	delle	_	_	_	_	_	linguistic	_	none	_	_	_	_	_	_
678-5	PST092	678	678	5	due	due	_	_	_	_	_	linguistic	_	none	_	_	_	_	_	_
678-6	PST092	678	678	6	orchestre	orchestre	_	_	_	_	_	linguistic	_	none	_	_	_	_	_	_
678-7	PST092	678	678	7	di	di	_	_	_	_	_	linguistic	_	none	_	_	_	_	_	_
678-8	PST092	678	678	8	cui	cui	_	_	_	_	_	linguistic	_	none	_	_	_	_	_	_
678-9	PST092	678	678	9	parlava	parlava	_	_	_	_	_	linguistic	_	none	_	_	_	_	_	_
678-10	PST092	678	678	10	prima	prima	_	_	_	_	_	linguistic	_	none	_	End=1870.25	_	_	_	_
679-0	PST092	679	679	0	e::hm	ehm	_	_	_	_	_	linguistic	_	none	_	Begin=1870.64|End=1871.76	0x2	_	_	_
680-0	PST092	680	680	0	è	è	_	_	_	_	_	linguistic	_	none	_	Begin=1872.0	_	_	_	_
680-1	PST092	680	680	1	g~	g~	_	_	_	_	_	linguistic	_	none	Interrupted=Yes	_	_	_	_	_
680-2	PST092	680	680	2	son	son	_	_	_	_	_	linguistic	_	none	_	_	_	_	_	_
680-3	PST092	680	680	3	gestite	gestite	_	_	_	_	_	linguistic	_	none	_	_	_	_	_	_
680-4	PST092	680	680	4	da	da	_	_	_	_	_	linguistic	_	none	_	_	_	_	_	_
680-5	PST092	680	680	5	due	due	_	_	_	_	_	linguistic	_	none	_	_	_	_	_	_
680-6	PST092	680	680	6	insegnanti	insegnanti	_	_	_	_	_	linguistic	_	none	_	_	_	_	_	_
680-7	PST092	680	680	7	diversi	diversi	_	_	_	_	_	linguistic	_	none	_	_	_	_	_	_
680-8	PST092	680	680	8	tra	tra	_	_	_	_	_	linguistic	_	none	_	_	_	_	_	_
680-9	PST092	680	680	9	cui	cui	_	_	_	_	_	linguistic	_	none	_	_	_	_	_	_
680-10	PST092	680	680	10	uno	uno	_	_	_	_	_	linguistic	_	none	_	_	_	_	_	_
680-11	PST092	680	680	11	e	e	_	_	_	_	_	linguistic	_	none	_	_	_	_	_	_
680-12	PST092	680	680	12	suo	suo	_	_	_	_	_	linguistic	_	none	_	_	_	_	_	_
680-13	PST092	680	680	13	figlio	figlio	_	_	_	_	_	linguistic	_	none	_	End=1875.14	_	_	_	_
681-0	PST094	681	681	0	e:h	eh	_	_	_	_	_	linguistic	_	none	_	Begin=1876.49	0x1	_	_	_
681-1	PST094	681	681	1	sì	sì	_	_	_	_	_	linguistic	_	none	PauseAfter=Yes	_	_	_	_	_
681-2	PST094	681	681	2	{P}	{P}	_	_	_	_	_	shortpause	_	none	_	_	_	_	_	_
681-3	PST094	681	681	3	uno	uno	_	_	_	_	_	linguistic	_	none	_	_	_	_	_	_
681-4	PST094	681	681	4	è	è	_	_	_	_	_	linguistic	_	none	_	_	_	_	_	_
681-5	PST094	681	681	5	(il)	il	_	_	_	_	_	linguistic	_	none	_	_	_	_	0-2(0)	_
681-6	PST094	681	681	6	mio	mio	_	_	_	_	_	linguistic	_	none	_	_	_	_	_	_
681-7	PST094	681	681	7	figlio	figlio	_	_	_	_	_	linguistic	_	none	_	_	_	_	_	_
681-8	PST094	681	681	8	quello	quello	_	_	_	_	_	linguistic	_	none	_	_	_	_	_	_
681-9	PST094	681	681	9	che	che	_	_	_	_	_	linguistic	_	none	_	_	_	_	_	_
681-10	PST094	681	681	10	[fa:::	fa	_	_	_	_	_	linguistic	_	none	_	_	1x3	_	_	0-2(?)
681-11	PST094	681	681	11	tante	tante	_	_	_	_	_	linguistic	_	none	_	_	_	_	_	0-5(?)
681-12	PST094	681	681	12	cos]e	cose	_	_	_	_	_	linguistic	_	none	_	End=1880.985	_	_	_	0-3(?)
682-0	PST092	682	682	0	{ride}	{ride}	_	_	_	_	_	nonverbalbehavior	_	none	_	Begin=1879.362|End=1880.546	_	_	_	_
683-0	PST092	683	683	0	{ride}	{ride}	_	_	_	_	_	nonverbalbehavior	_	none	_	Begin=1880.985|End=1882.262	_	_	_	_
684-0	PST094	684	684	0	{ride}	{ride}	_	_	_	_	_	nonverbalbehavior	_	none	_	Begin=1880.985|End=1882.262	_	_	_	_
685-0	PST094	685	685	0	sì::	sì	_	_	_	_	_	linguistic	_	none	_	Begin=1882.262	1x2	_	_	_
685-1	PST094	685	685	1	che	che	_	_	_	_	_	linguistic	_	none	_	_	_	_	_	_
685-2	PST094	685	685	2	lui	lui	_	_	_	_	_	linguistic	_	none	_	_	_	_	_	_
685-3	PST094	685	685	3	fa	fa	_	_	_	_	_	linguistic	_	none	_	_	_	_	_	_
685-4	PST094	685	685	4	anche:	anche	_	_	_	_	_	linguistic	_	none	_	_	4x1	_	_	_
685-5	PST094	685	685	5	strumenti::	strumenti	_	_	_	_	_	linguistic	_	none	_	_	8x2	_	_	_
685-6	PST094	685	685	6	anche:::	anche	_	_	_	_	_	linguistic	_	none	_	_	4x3	_	_	_
685-7	PST094	685	685	7	il	il	_	_	_	_	_	linguistic	_	none	_	_	_	_	_	_
685-8	PST094	685	685	8	ballo	ballo	_	_	_	_	_	linguistic	_	none	_	End=1887.39	_	_	_	_
686-0	PST094	686	686	0	e:	e	_	_	_	_	_	linguistic	_	none	_	Begin=1888.833	0x1	_	_	_
686-1	PST094	686	686	1	non	non	_	_	_	_	_	linguistic	_	none	_	_	_	_	_	_
686-2	PST094	686	686	2	so	so	_	_	_	_	_	linguistic	_	none	_	_	_	_	_	_
686-3	PST094	686	686	3	cosa	cosa	_	_	_	_	_	linguistic	_	none	_	_	_	_	_	_
686-4	PST094	686	686	4	aspettarmi	aspettarmi	_	_	_	_	_	linguistic	_	none	_	_	_	_	_	_
686-5	PST094	686	686	5	un	un	_	_	_	_	_	linguistic	_	none	_	_	_	_	_	_
686-6	PST094	686	686	6	domani	domani	_	_	_	_	_	linguistic	_	none	_	End=1891.88	_	_	_	_
687-0	PST092	687	687	0	{ride}	{ride}	_	_	_	_	_	nonverbalbehavior	_	none	_	Begin=1891.66|End=1892.52	_	_	_	_
688-0	PST094	688	688	0	[perché]::	perché	_	_	_	_	_	linguistic	_	none	_	Begin=1891.88	5x2	_	_	0-6(?)
688-1	PST094	688	688	1	se	se	_	_	_	_	_	linguistic	_	none	_	_	_	_	_	_
688-2	PST094	688	688	2	potrà:	potrà	_	_	_	_	_	linguistic	_	none	_	_	4x1	_	_	_
688-3	PST094	688	688	3	potrebbe::	potrebbe	_	_	_	_	_	linguistic	_	none	_	End=1895.198	7x2	_	_	_
689-0	PST094	689	689	0	farebbe	farebbe	_	_	_	_	_	linguistic	_	none	_	Begin=1895.261	_	_	_	_
689-1	PST094	689	689	1	di	di	_	_	_	_	_	linguistic	_	none	_	_	_	_	_	_
689-2	PST094	689	689	2	tutto	tutto	_	_	_	_	_	linguistic	_	none	_	End=1896.794	_	_	_	_
690-0	PST094	690	690	0	un	un	_	_	_	_	_	linguistic	_	none	_	Begin=1896.832	_	_	_	_
690-1	PST094	690	690	1	po'	po'	_	_	_	_	_	linguistic	_	none	_	_	_	_	_	_
690-2	PST094	690	690	2	come	come	_	_	_	_	_	linguistic	_	none	_	_	_	_	_	_
690-3	PST094	690	690	3	la	la	_	_	_	_	_	linguistic	_	none	ProsodicLink=Yes	_	_	_	_	_
690-4	PST094	690	690	4	m:amma	mamma	_	_	_	_	_	linguistic	_	none	_	_	0x1	_	_	_
690-5	PST094	690	690	5	{ride}	{ride}	_	_	_	_	_	nonverbalbehavior	_	none	_	End=1899.59	_	_	_	_
691-0	PST092	691	691	0	{ride}	{ride}	_	_	_	_	_	nonverbalbehavior	_	none	_	Begin=1898.333|End=1899.6	_	_	_	_
692-0	PST092	692	692	0	diciamo	diciamo	_	_	_	_	_	linguistic	_	none	_	Begin=1899.92	_	_	_	_
692-1	PST092	692	692	1	che	che	_	_	_	_	_	linguistic	_	none	_	_	_	_	_	_
692-2	PST092	692	692	2	su	su	_	_	_	_	_	linguistic	_	none	_	_	_	_	_	_
692-3	PST092	692	692	3	questo	questo	_	_	_	_	_	linguistic	_	none	_	_	_	_	_	_
692-4	PST092	692	692	4	ha	ha	_	_	_	_	_	linguistic	_	none	_	_	_	_	_	_
692-5	PST092	692	692	5	preso	preso	_	_	_	_	_	linguistic	_	none	_	_	_	_	_	_
692-6	PST092	692	692	6	bene	bene	_	_	_	_	_	linguistic	_	none	_	_	_	_	_	_
692-7	PST092	692	692	7	{ride}	{ride}	_	_	_	_	_	nonverbalbehavior	_	none	_	End=1901.9125	_	_	_	_
693-0	PST094	693	693	0	sì	sì	_	_	_	_	_	linguistic	_	none	PauseAfter=Yes	Begin=1901.9125	_	_	_	_
693-1	PST094	693	693	1	{P}	{P}	_	_	_	_	_	shortpause	_	none	_	_	_	_	_	_
693-2	PST094	693	693	2	sì	sì	_	_	_	_	_	linguistic	_	none	_	_	_	_	_	_
693-3	PST094	693	693	3	sì	sì	_	_	_	_	_	linguistic	_	none	_	End=1903.58	_	_	_	_
694-0	PST094	694	694	0	è	è	_	_	_	_	_	linguistic	_	none	_	Begin=1903.58	_	_	_	_
694-1	PST094	694	694	1	un	un	_	_	_	_	_	linguistic	_	none	_	_	_	_	_	_
694-2	PST094	694	694	2	ragazzo	ragazzo	_	_	_	_	_	linguistic	_	none	_	_	_	_	_	_
694-3	PST094	694	694	3	in	in	_	_	_	_	_	linguistic	_	none	_	_	_	_	_	_
694-4	PST094	694	694	4	gamba	gamba	_	_	_	_	_	linguistic	_	none	_	End=1904.948	_	_	_	_
695-0	PST092	695	695	0	l::a	la	_	_	_	_	_	linguistic	_	none	_	Begin=1905.62	0x2	_	_	_
695-1	PST092	695	695	1	sua	sua	_	_	_	_	_	linguistic	_	none	_	_	_	_	_	_
695-2	PST092	695	695	2	stanza	stanza	_	_	_	_	_	linguistic	_	none	_	_	_	_	_	_
695-3	PST092	695	695	3	preferita	preferita	_	_	_	_	_	linguistic	_	none	_	End=1907.328	_	_	_	_
696-0	PST092	696	696	0	del	del	_	_	_	_	_	linguistic	_	some	_	Begin=1908.26	_	_	_	_
696-1	PST092	696	696	1	#centru	centru	_	_	_	_	_	linguistic	_	some	Language=NO_ISO_CODE|Variation=Token	End=1909.386	_	_	_	_
698-0	PST092	698	698	0	perché	perché	_	_	_	_	_	linguistic	_	none	PauseAfter=Yes	Begin=1909.52	_	_	_	_
698-1	PST092	698	698	1	{P}	{P}	_	_	_	_	_	shortpause	_	none	_	_	_	_	_	_
698-2	PST092	698	698	2	so	so	_	_	_	_	_	linguistic	_	none	_	_	_	_	_	_
698-3	PST092	698	698	3	la	la	_	_	_	_	_	linguistic	_	none	_	_	_	_	_	_
698-4	PST092	698	698	4	storia	storia	_	_	_	_	_	linguistic	_	none	_	_	_	_	_	_
698-5	PST092	698	698	5	di	di	_	_	_	_	_	linguistic	_	none	_	_	_	_	_	_
698-6	PST092	698	698	6	molte	molte	_	_	_	_	_	linguistic	_	none	_	_	_	_	_	_
698-7	PST092	698	698	7	stanze	stanze	_	_	_	_	_	linguistic	_	none	_	End=1912.223	_	_	_	_
699-0	PST092	699	699	0	e	e	_	_	_	_	_	linguistic	_	some	_	Begin=1912.56	_	_	_	_
699-1	PST092	699	699	1	anche	anche	_	_	_	_	_	linguistic	_	some	_	_	_	_	_	_
699-2	PST092	699	699	2	che	che	_	_	_	_	_	linguistic	_	some	_	_	_	_	_	_
699-3	PST092	699	699	3	è	è	_	_	_	_	_	linguistic	_	some	_	_	_	_	_	_
699-4	PST092	699	699	4	cambiato	cambiato	_	_	_	_	_	linguistic	_	some	_	_	_	_	_	_
699-5	PST092	699	699	5	molto	molto	_	_	_	_	_	linguistic	_	some	_	_	_	_	_	_
699-6	PST092	699	699	6	l'	l'	_	_	_	_	_	linguistic	_	some	SpaceAfter=No	_	_	_	_	_
699-7	PST092	699	699	7	ordine	ordine	_	_	_	_	_	linguistic	_	some	_	_	_	_	_	_
699-8	PST092	699	699	8	e	e	_	_	_	_	_	linguistic	_	some	_	_	_	_	_	_
699-9	PST092	699	699	9	c'	c'	_	_	_	_	_	linguistic	_	some	SpaceAfter=No	_	_	_	_	_
699-10	PST092	699	699	10	è	è	_	_	_	_	_	linguistic	_	some	_	_	_	_	_	_
699-11	PST092	699	699	11	la	la	_	_	_	_	_	linguistic	_	some	_	_	_	_	_	_
699-12	PST092	699	699	12	stanza::	stanza	_	_	_	_	_	linguistic	_	some	_	_	5x2	_	_	_
699-13	PST092	699	699	13	di	di	_	_	_	_	_	linguistic	_	some	_	_	_	_	_	_
699-14	PST092	699	699	14	#bunici	bunici	_	_	_	_	_	linguistic	_	some	PauseAfter=Yes|Language=NO_ISO_CODE|Variation=Token	_	_	_	_	_
699-15	PST092	699	699	15	{P}	{P}	_	_	_	_	_	shortpause	_	some	_	_	_	_	_	_
699-16	PST092	699	699	16	che	che	_	_	_	_	_	linguistic	_	some	_	_	_	_	_	_
699-17	PST092	699	699	17	è	è	_	_	_	_	_	linguistic	_	some	_	_	_	_	_	_
699-18	PST092	699	699	18	quella	quella	_	_	_	_	_	linguistic	_	some	_	_	_	_	_	_
699-19	PST092	699	699	19	che	che	_	_	_	_	_	linguistic	_	some	_	_	_	_	_	_
699-20	PST092	699	699	20	fa	fa	_	_	_	_	_	linguistic	_	some	_	_	_	_	_	_
699-21	PST092	699	699	21	commuovere	commuovere	_	_	_	_	_	linguistic	_	some	_	_	_	_	_	_
699-22	PST092	699	699	22	molte	molte	_	_	_	_	_	linguistic	_	some	_	_	_	_	_	_
699-23	PST092	699	699	23	mamme	mamme	_	_	_	_	_	linguistic	_	some	_	End=1918.64	_	_	_	_
701-0	PST092	701	701	0	la	la	_	_	_	_	_	linguistic	_	none	_	Begin=1918.64	_	_	_	_
701-1	PST092	701	701	1	sua	sua	_	_	_	_	_	linguistic	_	none	_	_	_	_	_	_
701-2	PST092	701	701	2	preferita	preferita	_	_	_	_	_	linguistic	_	none	_	_	_	_	_	_
701-3	PST092	701	701	3	qual	qual	_	_	_	_	_	linguistic	_	none	_	_	_	_	_	_
701-4	PST092	701	701	4	è	è	_	_	_	_	_	linguistic	_	none	_	End=1919.711	_	_	_	_
702-0	PST094	702	702	0	$sinceralmente,	sinceralmente	_	_	_	_	_	linguistic	_	none	Intonation=WeaklyRising|Orthography=Yes|Variation=Emerging	Begin=1920.95|End=1922.13	_	_	_	_
703-0	PST094	703	703	0	la	la	_	_	_	_	_	linguistic	_	none	_	Begin=1923.08	_	_	_	_
703-1	PST094	703	703	1	mia	mia	_	_	_	_	_	linguistic	_	none	_	_	_	_	_	_
703-2	PST094	703	703	2	preferita	preferita	_	_	_	_	_	linguistic	_	none	_	_	_	_	_	_
703-3	PST094	703	703	3	è	è	_	_	_	_	_	linguistic	_	none	_	_	_	_	_	_
703-4	PST094	703	703	4	quella	quella	_	_	_	_	_	linguistic	_	none	_	_	_	_	_	_
703-5	PST094	703	703	5	stanza	stanza	_	_	_	_	_	linguistic	_	none	_	_	_	_	_	_
703-6	PST094	703	703	6	da	da	_	_	_	_	_	linguistic	_	none	_	_	_	_	_	_
703-7	PST094	703	703	7	dove:	dove	_	_	_	_	_	linguistic	_	none	_	_	3x1	_	_	_
703-8	PST094	703	703	8	vengono	vengono	_	_	_	_	_	linguistic	_	none	_	_	_	_	_	_
703-9	PST094	703	703	9	i	i	_	_	_	_	_	linguistic	_	none	_	_	_	_	_	_
703-10	PST094	703	703	10	più	più	_	_	_	_	_	linguistic	_	none	_	_	_	_	_	_
703-11	PST094	703	703	11	risultati	risultati	_	_	_	_	_	linguistic	_	none	_	_	_	_	_	_
703-12	PST094	703	703	12	dai	dai	_	_	_	_	_	linguistic	_	none	_	_	_	_	_	_
703-13	PST094	703	703	13	ragazzi	ragazzi	_	_	_	_	_	linguistic	_	none	_	End=1927.829	_	_	_	_
704-0	PST094	704	704	0	per	per	_	_	_	_	_	linguistic	_	none	_	Begin=1928.0	_	_	_	_
704-1	PST094	704	704	1	me	me	_	_	_	_	_	linguistic	_	none	_	_	_	_	_	_
704-2	PST094	704	704	2	è	è	_	_	_	_	_	linguistic	_	none	_	_	_	_	_	_
704-3	PST094	704	704	3	indifferente	indifferente	_	_	_	_	_	linguistic	_	none	_	End=1929.66	_	_	_	_
705-0	PST094	705	705	0	posso	posso	_	_	_	_	_	linguistic	_	none	_	Begin=1929.96	_	_	_	_
705-1	PST094	705	705	1	essere	essere	_	_	_	_	_	linguistic	_	none	_	_	_	_	_	_
705-2	PST094	705	705	2	anche	anche	_	_	_	_	_	linguistic	_	none	_	_	_	_	_	_
705-3	PST094	705	705	3	su	su	_	_	_	_	_	linguistic	_	none	_	_	_	_	_	_
705-4	PST094	705	705	4	corridoio	corridoio	_	_	_	_	_	linguistic	_	none	_	End=1931.78	_	_	_	_
706-0	PST094	706	706	0	se	se	_	_	_	_	_	linguistic	_	none	_	Begin=1932.17	_	_	_	_
706-1	PST094	706	706	1	riesco	riesco	_	_	_	_	_	linguistic	_	none	PauseAfter=Yes	_	_	_	_	_
706-2	PST094	706	706	2	{P}	{P}	_	_	_	_	_	shortpause	_	none	_	_	_	_	_	_
706-3	PST094	706	706	3	a	a	_	_	_	_	_	linguistic	_	none	_	_	_	_	_	_
706-4	PST094	706	706	4	dare	dare	_	_	_	_	_	linguistic	_	none	_	_	_	_	_	_
706-5	PST094	706	706	5	i	i	_	_	_	_	_	linguistic	_	none	_	_	_	_	_	_
706-6	PST094	706	706	6	risultati	risultati	_	_	_	_	_	linguistic	_	none	_	_	_	_	_	_
706-7	PST094	706	706	7	per	per	_	_	_	_	_	linguistic	_	none	_	_	_	_	_	_
706-8	PST094	706	706	8	me	me	_	_	_	_	_	linguistic	_	none	_	End=1935.28	_	_	_	_
707-0	PST094	707	707	0	basta	basta	_	_	_	_	_	linguistic	_	none	_	Begin=1936.11	_	_	_	_
707-1	PST094	707	707	1	e	e	_	_	_	_	_	linguistic	_	none	_	_	_	_	_	_
707-2	PST094	707	707	2	avanza	avanza	_	_	_	_	_	linguistic	_	none	_	End=1937.29	_	_	_	_
708-0	PST094	708	708	0	non:	non	_	_	_	_	_	linguistic	_	none	_	Begin=1937.54	2x1	_	_	_
708-1	PST094	708	708	1	non	non	_	_	_	_	_	linguistic	_	none	_	_	_	_	_	_
708-2	PST094	708	708	2	ho:	ho	_	_	_	_	_	linguistic	_	none	_	_	1x1	_	_	_
708-3	PST094	708	708	3	mai	mai	_	_	_	_	_	linguistic	_	none	_	_	_	_	_	_
708-4	PST094	708	708	4	cercato:::	cercato	_	_	_	_	_	linguistic	_	none	_	End=1940.7	6x3	_	_	_
709-0	PST094	709	709	0	una	una	_	_	_	_	_	linguistic	_	none	_	Begin=1941.699	_	_	_	_
709-1	PST094	709	709	1	cosa	cosa	_	_	_	_	_	linguistic	_	none	_	_	_	_	_	_
709-2	PST094	709	709	2	per	per	_	_	_	_	_	linguistic	_	none	_	_	_	_	_	_
709-3	PST094	709	709	3	dire	dire	_	_	_	_	_	linguistic	_	none	_	_	_	_	_	_
709-4	PST094	709	709	4	o::h	oh	_	_	_	_	_	linguistic	_	none	_	_	0x2	_	_	_
709-5	PST094	709	709	5	un	un	_	_	_	_	_	linguistic	_	none	_	_	_	_	_	_
709-6	PST094	709	709	6	gra~	gra~	_	_	_	_	_	linguistic	_	none	Interrupted=Yes	_	_	_	_	_
709-7	PST094	709	709	7	un::	un	_	_	_	_	_	linguistic	_	none	_	_	1x2	_	_	_
709-8	PST094	709	709	8	grande:	grande	_	_	_	_	_	linguistic	_	none	_	_	5x1	_	_	_
709-9	PST094	709	709	9	altezza	altezza	_	_	_	_	_	linguistic	_	none	_	_	_	_	_	_
709-10	PST094	709	709	10	di:	di	_	_	_	_	_	linguistic	_	none	_	_	1x1	_	_	_
709-11	PST094	709	709	11	a~	a~	_	_	_	_	_	linguistic	_	none	Interrupted=Yes	_	_	_	_	_
709-12	PST094	709	709	12	e::hm::	ehm	_	_	_	_	_	linguistic	_	none	_	End=1949.14	0x2,2x2	_	_	_
710-0	PST094	710	710	0	come	come	_	_	_	_	_	linguistic	_	none	_	Begin=1950.58	_	_	_	_
710-1	PST094	710	710	1	ambiente	ambiente	_	_	_	_	_	linguistic	_	none	_	End=1951.58	_	_	_	_
711-0	PST094	711	711	0	quando	quando	_	_	_	_	_	linguistic	_	none	_	Begin=1951.58	_	_	_	_
711-1	PST094	711	711	1	ho	ho	_	_	_	_	_	linguistic	_	none	_	_	_	_	_	_
711-2	PST094	711	711	2	pensato	pensato	_	_	_	_	_	linguistic	_	none	_	_	_	_	_	_
711-3	PST094	711	711	3	alle	alle	_	_	_	_	_	linguistic	_	none	_	_	_	_	_	_
711-4	PST094	711	711	4	stanze	stanze	_	_	_	_	_	linguistic	_	none	_	_	_	_	_	_
711-5	PST094	711	711	5	ho	ho	_	_	_	_	_	linguistic	_	none	_	_	_	_	_	_
711-6	PST094	711	711	6	pensato	pensato	_	_	_	_	_	linguistic	_	none	_	End=1954.19	_	_	_	_
712-0	PST094	712	712	0	a	a	_	_	_	_	_	linguistic	_	none	_	Begin=1954.49	_	_	_	_
712-1	PST094	712	712	1	dare	dare	_	_	_	_	_	linguistic	_	none	_	End=1955.52	_	_	_	_
713-0	PST094	713	713	0	e:hm:	ehm	_	_	_	_	_	linguistic	_	none	_	Begin=1956.238	0x1,2x1	_	_	_
713-1	PST094	713	713	1	un	un	_	_	_	_	_	linguistic	_	none	_	_	_	_	_	_
713-2	PST094	713	713	2	conforto	conforto	_	_	_	_	_	linguistic	_	none	_	_	_	_	_	_
713-3	PST094	713	713	3	agli	agli	_	_	_	_	_	linguistic	_	none	_	_	_	_	_	_
713-4	PST094	713	713	4	alunni	alunni	_	_	_	_	_	linguistic	_	none	_	End=1958.87	_	_	_	_
714-0	PST094	714	714	0	non	non	_	_	_	_	_	linguistic	_	none	_	Begin=1958.87	_	_	_	_
714-1	PST094	714	714	1	ho	ho	_	_	_	_	_	linguistic	_	none	_	_	_	_	_	_
714-2	PST094	714	714	2	mai	mai	_	_	_	_	_	linguistic	_	none	_	_	_	_	_	_
714-3	PST094	714	714	3	pensato	pensato	_	_	_	_	_	linguistic	_	none	_	_	_	_	_	_
714-4	PST094	714	714	4	a	a	_	_	_	_	_	linguistic	_	none	_	_	_	_	_	_
714-5	PST094	714	714	5	un	un	_	_	_	_	_	linguistic	_	none	_	_	_	_	_	_
714-6	PST094	714	714	6	conforto	conforto	_	_	_	_	_	linguistic	_	none	_	_	_	_	_	_
714-7	PST094	714	714	7	per	per	_	_	_	_	_	linguistic	_	none	_	_	_	_	_	_
714-8	PST094	714	714	8	me	me	_	_	_	_	_	linguistic	_	none	_	End=1961.87	_	_	_	_
715-0	PST094	715	715	0	perché	perché	_	_	_	_	_	linguistic	_	none	_	Begin=1962.12	_	_	_	_
715-1	PST094	715	715	1	se::	se	_	_	_	_	_	linguistic	_	none	_	End=1963.35	1x2	_	_	_
716-0	PST094	716	716	0	i	i	_	_	_	_	_	linguistic	_	none	_	Begin=1963.48	_	_	_	_
716-1	PST094	716	716	1	miei::	miei	_	_	_	_	_	linguistic	_	none	ProsodicLink=Yes	_	3x2	_	_	_
716-2	PST094	716	716	2	eh	eh	_	_	_	_	_	linguistic	_	none	_	_	_	_	_	_
716-3	PST094	716	716	3	alunni	alunni	_	_	_	_	_	linguistic	_	none	_	End=1965.43	_	_	_	_
717-0	PST094	717	717	0	sono	sono	_	_	_	_	_	linguistic	_	none	_	Begin=1966.188	_	_	_	_
717-1	PST094	717	717	1	$comforta:bili	comfortabili	_	_	_	_	_	linguistic	_	none	Orthography=Yes|Variation=Emerging	_	7x1	_	_	_
717-2	PST094	717	717	2	hanno	hanno	_	_	_	_	_	linguistic	_	none	_	_	_	_	_	_
717-3	PST094	717	717	3	un	un	_	_	_	_	_	linguistic	_	none	_	_	_	_	_	_
717-4	PST094	717	717	4	ambiente	ambiente	_	_	_	_	_	linguistic	_	none	_	_	_	_	_	_
717-5	PST094	717	717	5	bello	bello	_	_	_	_	_	linguistic	_	none	_	End=1969.16	_	_	_	_
718-0	PST094	718	718	0	mi	mi	_	_	_	_	_	linguistic	_	none	_	Begin=1969.16	_	_	_	_
718-1	PST094	718	718	1	danno	danno	_	_	_	_	_	linguistic	_	none	_	_	_	_	_	_
718-2	PST094	718	718	2	i	i	_	_	_	_	_	linguistic	_	none	_	_	_	_	_	_
718-3	PST094	718	718	3	risultati	risultati	_	_	_	_	_	linguistic	_	none	_	End=1970.425	_	_	_	_
719-0	PST094	719	719	0	i	i	_	_	_	_	_	linguistic	_	none	_	Begin=1970.66	_	_	_	_
719-1	PST094	719	719	1	loro	loro	_	_	_	_	_	linguistic	_	none	_	_	_	_	_	_
719-2	PST094	719	719	2	risulta:ti	risultati	_	_	_	_	_	linguistic	_	none	_	End=1972.06	6x1	_	_	_
720-0	PST094	720	720	0	c'	c'	_	_	_	_	_	linguistic	_	none	SpaceAfter=No	Begin=1972.5	_	_	_	_
720-1	PST094	720	720	1	è	è	_	_	_	_	_	linguistic	_	none	_	_	_	_	_	_
720-2	PST094	720	720	2	il	il	_	_	_	_	_	linguistic	_	none	_	_	_	_	_	_
720-3	PST094	720	720	3	mio	mio	_	_	_	_	_	linguistic	_	none	_	_	_	_	_	_
720-4	PST094	720	720	4	stato	stato	_	_	_	_	_	linguistic	_	none	_	_	_	_	_	_
720-5	PST094	720	720	5	di	di	_	_	_	_	_	linguistic	_	none	_	_	_	_	_	_
720-6	PST094	720	720	6	benessere	benessere	_	_	_	_	_	linguistic	_	none	_	End=1973.964	_	_	_	_
721-0	PST094	721	721	0	per	per	_	_	_	_	_	linguistic	_	none	_	Begin=1976.315	_	_	_	_
721-1	PST094	721	721	1	quello	quello	_	_	_	_	_	linguistic	_	none	_	_	_	_	_	_
721-2	PST094	721	721	2	se	se	_	_	_	_	_	linguistic	_	none	_	_	_	_	_	_
721-3	PST094	721	721	3	hai	hai	_	_	_	_	_	linguistic	_	none	_	_	_	_	_	_
721-4	PST094	721	721	4	visto	visto	_	_	_	_	_	linguistic	_	none	_	_	_	_	_	_
721-5	PST094	721	721	5	non	non	_	_	_	_	_	linguistic	_	none	_	_	_	_	_	_
721-6	PST094	721	721	6	ho	ho	_	_	_	_	_	linguistic	_	none	_	_	_	_	_	_
721-7	PST094	721	721	7	mai	mai	_	_	_	_	_	linguistic	_	none	_	End=1978.18	_	_	_	_
722-0	PST094	722	722	0	una	una	_	_	_	_	_	linguistic	_	none	_	Begin=1978.47	_	_	_	_
722-1	PST094	722	722	1	la	la	_	_	_	_	_	linguistic	_	none	_	_	_	_	_	_
722-2	PST094	722	722	2	mi:~	mi~	_	_	_	_	_	linguistic	_	none	Interrupted=Yes	_	1x1	_	_	_
722-3	PST094	722	722	3	la	la	_	_	_	_	_	linguistic	_	none	_	_	_	_	_	_
722-4	PST094	722	722	4	mia	mia	_	_	_	_	_	linguistic	_	none	_	_	_	_	_	_
722-5	PST094	722	722	5	cattedra	cattedra	_	_	_	_	_	linguistic	_	none	_	_	_	_	_	_
722-6	PST094	722	722	6	da	da	_	_	_	_	_	linguistic	_	none	_	_	_	_	_	_
722-7	PST094	722	722	7	nessuna	nessuna	_	_	_	_	_	linguistic	_	none	_	_	_	_	_	_
722-8	PST094	722	722	8	parte	parte	_	_	_	_	_	linguistic	_	none	_	End=1981.109	_	_	_	_
723-0	PST092	723	723	0	no	no	_	_	_	_	_	linguistic	_	none	_	Begin=1981.109	_	_	_	_
723-1	PST092	723	723	1	la	la	_	_	_	_	_	linguistic	_	none	_	_	_	_	_	_
723-2	PST092	723	723	2	[vedo	vedo	_	_	_	_	_	linguistic	_	none	_	_	_	_	_	0-4(7)
723-3	PST092	723	723	3	sempre	sempre	_	_	_	_	_	linguistic	_	none	_	_	_	_	_	0-6(7)
723-4	PST092	723	723	4	in	in	_	_	_	_	_	linguistic	_	none	_	_	_	_	_	0-2(7)
723-5	PST092	723	723	5	gi:ro]	giro	_	_	_	_	_	linguistic	_	none	_	End=1982.27	1x1	_	_	0-4(7)
724-0	PST094	724	724	0	[perché	perché	_	_	_	_	_	linguistic	_	none	_	Begin=1981.27	_	_	_	0-6(7)
724-1	PST094	724	724	1	sono]	sono	_	_	_	_	_	linguistic	_	none	_	End=1982.26	_	_	_	0-4(7)
725-0	PST092	725	725	0	{ride}	{ride}	_	_	_	_	_	nonverbalbehavior	_	none	_	Begin=1982.27|End=1983.24	_	_	_	_
726-0	PST094	726	726	0	[sempre]	sempre	_	_	_	_	_	linguistic	_	none	_	Begin=1982.27	_	_	_	0-6(?)
726-1	PST094	726	726	1	in	in	_	_	_	_	_	linguistic	_	none	_	_	_	_	_	_
726-2	PST094	726	726	2	mezzo	mezzo	_	_	_	_	_	linguistic	_	none	_	_	_	_	_	_
726-3	PST094	726	726	3	a	a	_	_	_	_	_	linguistic	_	none	_	_	_	_	_	_
726-4	PST094	726	726	4	voi	voi	_	_	_	_	_	linguistic	_	none	_	End=1984.582	_	_	_	_
727-0	PST092	727	727	0	la	la	_	_	_	_	_	linguistic	_	none	_	Begin=1984.83	_	_	_	_
727-1	PST092	727	727	1	vedo	vedo	_	_	_	_	_	linguistic	_	none	_	_	_	_	_	_
727-2	PST092	727	727	2	sempre	sempre	_	_	_	_	_	linguistic	_	none	_	_	_	_	_	_
727-3	PST092	727	727	3	in	in	_	_	_	_	_	linguistic	_	none	_	_	_	_	_	_
727-4	PST092	727	727	4	giro	giro	_	_	_	_	_	linguistic	_	none	_	_	_	_	_	_
727-5	PST092	727	727	5	che	che	_	_	_	_	_	linguistic	_	none	_	_	_	_	_	_
727-6	PST092	727	727	6	si	si	_	_	_	_	_	linguistic	_	none	_	_	_	_	_	_
727-7	PST092	727	727	7	sposta	sposta	_	_	_	_	_	linguistic	_	none	_	End=1986.96	_	_	_	_
728-0	PST092	728	728	0	un	un	_	_	_	_	_	linguistic	_	none	_	Begin=1987.75	_	_	_	_
728-1	PST092	728	728	1	momento::	momento	_	_	_	_	_	linguistic	_	none	_	_	6x2	_	_	_
728-2	PST092	728	728	2	anche	anche	_	_	_	_	_	linguistic	_	none	_	_	_	_	_	_
728-3	PST092	728	728	3	solo	solo	_	_	_	_	_	linguistic	_	none	_	_	_	_	_	_
728-4	PST092	728	728	4	per	per	_	_	_	_	_	linguistic	_	none	_	_	_	_	_	_
728-5	PST092	728	728	5	lei	lei	_	_	_	_	_	linguistic	_	none	_	End=1990.5	_	_	_	_
729-0	PST092	729	729	0	lo	lo	_	_	_	_	_	linguistic	_	none	_	Begin=1991.61	_	_	_	_
729-1	PST092	729	729	1	riesce	riesce	_	_	_	_	_	linguistic	_	none	_	_	_	_	_	_
729-2	PST092	729	729	2	ad	ad	_	_	_	_	_	linguistic	_	none	_	_	_	_	_	_
729-3	PST092	729	729	3	avere	avere	_	_	_	_	_	linguistic	_	none	_	_	_	_	_	_
729-4	PST092	729	729	4	in	in	_	_	_	_	_	linguistic	_	none	_	_	_	_	_	_
729-5	PST092	729	729	5	tutte	tutte	_	_	_	_	_	linguistic	_	none	_	_	_	_	_	_
729-6	PST092	729	729	6	le	le	_	_	_	_	_	linguistic	_	none	_	_	_	_	_	_
729-7	PST092	729	729	7	cose	cose	_	_	_	_	_	linguistic	_	none	_	_	_	_	_	_
729-8	PST092	729	729	8	che	che	_	_	_	_	_	linguistic	_	none	_	_	_	_	_	_
729-9	PST092	729	729	9	fa	fa	_	_	_	_	_	linguistic	_	none	_	_	_	_	_	_
729-10	PST092	729	729	10	perché	perché	_	_	_	_	_	linguistic	_	none	_	_	_	_	_	_
729-11	PST092	729	729	11	comunque	comunque	_	_	_	_	_	linguistic	_	none	_	_	_	_	_	_
729-12	PST092	729	729	12	la	la	_	_	_	_	_	linguistic	_	none	_	_	_	_	_	_
729-13	PST092	729	729	13	vedo	vedo	_	_	_	_	_	linguistic	_	none	_	_	_	_	_	_
729-14	PST092	729	729	14	spesso	spesso	_	_	_	_	_	linguistic	_	none	_	_	_	_	_	_
729-15	PST092	729	729	15	che:	che	_	_	_	_	_	linguistic	_	none	_	_	2x1	_	_	_
729-16	PST092	729	729	16	si	si	_	_	_	_	_	linguistic	_	none	_	_	_	_	_	_
729-17	PST092	729	729	17	occupa	occupa	_	_	_	_	_	linguistic	_	none	_	_	_	_	_	_
729-18	PST092	729	729	18	di	di	_	_	_	_	_	linguistic	_	none	_	_	_	_	_	_
729-19	PST092	729	729	19	canto	canto	_	_	_	_	_	linguistic	_	none	_	_	_	_	_	_
729-20	PST092	729	729	20	di	di	_	_	_	_	_	linguistic	_	none	_	_	_	_	_	_
729-21	PST092	729	729	21	danza	danza	_	_	_	_	_	linguistic	_	none	_	_	_	_	_	_
729-22	PST092	729	729	22	di	di	_	_	_	_	_	linguistic	_	none	_	_	_	_	_	_
729-23	PST092	729	729	23	organizzazione	organizzazione	_	_	_	_	_	linguistic	_	none	_	_	_	_	_	_
729-24	PST092	729	729	24	un	un	_	_	_	_	_	linguistic	_	none	_	_	_	_	_	_
729-25	PST092	729	729	25	po'	po'	_	_	_	_	_	linguistic	_	none	_	_	_	_	_	_
729-26	PST092	729	729	26	di	di	_	_	_	_	_	linguistic	_	none	_	_	_	_	_	_
729-27	PST092	729	729	27	tutto	tutto	_	_	_	_	_	linguistic	_	none	_	_	_	_	_	_
729-28	PST092	729	729	28	il	il	_	_	_	_	_	linguistic	_	none	_	_	_	_	_	_
729-29	PST092	729	729	29	resto	resto	_	_	_	_	_	linguistic	_	none	_	End=1998.23	_	_	_	_
730-0	PST094	730	730	0	ti	ti	_	_	_	_	_	linguistic	_	none	_	Begin=1999.28	_	_	_	_
730-1	PST094	730	730	1	posso	posso	_	_	_	_	_	linguistic	_	none	_	_	_	_	_	_
730-2	PST094	730	730	2	dire	dire	_	_	_	_	_	linguistic	_	none	_	_	_	_	_	_
730-3	PST094	730	730	3	che	che	_	_	_	_	_	linguistic	_	none	_	_	_	_	_	_
730-4	PST094	730	730	4	quelli	quelli	_	_	_	_	_	linguistic	_	none	_	_	_	_	_	_
730-5	PST094	730	730	5	sono	sono	_	_	_	_	_	linguistic	_	none	_	_	_	_	_	_
730-6	PST094	730	730	6	i	i	_	_	_	_	_	linguistic	_	none	_	_	_	_	_	_
730-7	PST094	730	730	7	miei	miei	_	_	_	_	_	linguistic	_	none	_	_	_	_	_	_
730-8	PST094	730	730	8	momenti?	momenti	_	_	_	_	_	linguistic	_	none	Intonation=Rising	End=2001.57	_	_	_	_
731-0	PST092	731	731	0	eh	eh	_	_	_	_	_	linguistic	_	none	_	Begin=2001.57	_	_	_	_
731-1	PST092	731	731	1	{ride}	{ride}	_	_	_	_	_	nonverbalbehavior	_	none	_	End=2002.77	_	_	_	_
732-0	PST094	732	732	0	{ride}	{ride}	_	_	_	_	_	nonverbalbehavior	_	none	_	Begin=2001.8|End=2002.77	_	_	_	_
733-0	PST094	733	733	0	quindi::	quindi	_	_	_	_	_	linguistic	_	none	_	Begin=2002.985|End=2004.263	5x2	_	_	_
734-0	PST092	734	734	0	praticamente	praticamente	_	_	_	_	_	linguistic	_	none	_	Begin=2005.26	_	_	_	_
734-1	PST092	734	734	1	tutto	tutto	_	_	_	_	_	linguistic	_	none	_	_	_	_	_	_
734-2	PST092	734	734	2	il	il	_	_	_	_	_	linguistic	_	none	_	_	_	_	_	_
734-3	PST092	734	734	3	tempo	tempo	_	_	_	_	_	linguistic	_	none	_	End=2006.539	_	_	_	_
735-0	PST094	735	735	0	s:ì	sì	_	_	_	_	_	linguistic	_	none	_	Begin=2006.632	0x1	_	_	_
735-1	PST094	735	735	1	ma:	ma	_	_	_	_	_	linguistic	_	none	_	_	1x1	_	_	_
735-2	PST094	735	735	2	è	è	_	_	_	_	_	linguistic	_	none	_	_	_	_	_	_
735-3	PST094	735	735	3	tutto	tutto	_	_	_	_	_	linguistic	_	none	_	_	_	_	_	_
735-4	PST094	735	735	4	tutto	tutto	_	_	_	_	_	linguistic	_	none	_	_	_	_	_	_
735-5	PST094	735	735	5	il	il	_	_	_	_	_	linguistic	_	none	_	_	_	_	_	_
735-6	PST094	735	735	6	tempo	tempo	_	_	_	_	_	linguistic	_	none	_	_	_	_	_	_
735-7	PST094	735	735	7	è	è	_	_	_	_	_	linguistic	_	none	_	_	_	_	_	_
735-8	PST094	735	735	8	per	per	_	_	_	_	_	linguistic	_	none	_	_	_	_	_	_
735-9	PST094	735	735	9	me	me	_	_	_	_	_	linguistic	_	none	_	End=2009.687	_	_	_	_
736-0	PST094	736	736	0	perché	perché	_	_	_	_	_	linguistic	_	none	_	Begin=2009.89	_	_	_	_
736-1	PST094	736	736	1	{inspira}	{inspira}	_	_	_	_	_	nonverbalbehavior	_	none	_	_	_	_	_	_
736-2	PST094	736	736	2	secondo	secondo	_	_	_	_	_	linguistic	_	none	_	_	_	_	_	_
736-3	PST094	736	736	3	me	me	_	_	_	_	_	linguistic	_	none	_	_	_	_	_	_
736-4	PST094	736	736	4	quello	quello	_	_	_	_	_	linguistic	_	none	_	_	_	_	_	_
736-5	PST094	736	736	5	che	che	_	_	_	_	_	linguistic	_	none	_	_	_	_	_	_
736-6	PST094	736	736	6	fa~	fa~	_	_	_	_	_	linguistic	_	none	Interrupted=Yes	_	_	_	_	_
736-7	PST094	736	736	7	fai	fai	_	_	_	_	_	linguistic	_	none	_	End=2012.86	_	_	_	_
737-0	PST094	737	737	0	nel	nel	_	_	_	_	_	linguistic	_	none	_	Begin=2012.86	_	_	_	_
737-1	PST094	737	737	1	momento	momento	_	_	_	_	_	linguistic	_	none	_	_	_	_	_	_
737-2	PST094	737	737	2	in	in	_	_	_	_	_	linguistic	_	none	_	_	_	_	_	_
737-3	PST094	737	737	3	quale	quale	_	_	_	_	_	linguistic	_	none	_	_	_	_	_	_
737-4	PST094	737	737	4	tu	tu	_	_	_	_	_	linguistic	_	none	_	_	_	_	_	_
737-5	PST094	737	737	5	fai	fai	_	_	_	_	_	linguistic	_	none	_	_	_	_	_	_
737-6	PST094	737	737	6	volontariato	volontariato	_	_	_	_	_	linguistic	_	none	_	_	_	_	_	_
737-7	PST094	737	737	7	lo	lo	_	_	_	_	_	linguistic	_	none	_	_	_	_	_	_
737-8	PST094	737	737	8	fai	fai	_	_	_	_	_	linguistic	_	none	_	_	_	_	_	_
737-9	PST094	737	737	9	prima	prima	_	_	_	_	_	linguistic	_	none	_	_	_	_	_	_
737-10	PST094	737	737	10	per	per	_	_	_	_	_	linguistic	_	none	_	_	_	_	_	_
737-11	PST094	737	737	11	te	te	_	_	_	_	_	linguistic	_	none	_	End=2016.024	_	_	_	_
738-0	PST094	738	738	0	perché	perché	_	_	_	_	_	linguistic	_	none	_	Begin=2016.71	_	_	_	_
738-1	PST094	738	738	1	i	i	_	_	_	_	_	linguistic	_	none	_	_	_	_	_	_
738-2	PST094	738	738	2	risultati	risultati	_	_	_	_	_	linguistic	_	none	_	_	_	_	_	_
738-3	PST094	738	738	3	che	che	_	_	_	_	_	linguistic	_	none	_	_	_	_	_	_
738-4	PST094	738	738	4	(li)	li	_	_	_	_	_	linguistic	_	none	_	_	_	_	0-2(0)	_
738-5	PST094	738	738	5	ottieni	ottieni	_	_	_	_	_	linguistic	_	none	_	End=2019.094	_	_	_	_
739-0	PST094	739	739	0	e:::hm:	ehm	_	_	_	_	_	linguistic	_	none	_	Begin=2019.74|End=2021.52	0x3,2x1	_	_	_
740-0	PST094	740	740	0	visto	visto	_	_	_	_	_	linguistic	_	none	_	Begin=2021.66	_	_	_	_
740-1	PST094	740	740	1	che	che	_	_	_	_	_	linguistic	_	none	_	_	_	_	_	_
740-2	PST094	740	740	2	ti	ti	_	_	_	_	_	linguistic	_	none	_	_	_	_	_	_
740-3	PST094	740	740	3	da~	da~	_	_	_	_	_	linguistic	_	none	Interrupted=Yes	_	_	_	_	_
740-4	PST094	740	740	4	così	così	_	_	_	_	_	linguistic	_	none	_	_	_	_	_	_
740-5	PST094	740	740	5	dovrebbero	dovrebbero	_	_	_	_	_	linguistic	_	none	_	_	_	_	_	_
740-6	PST094	740	740	6	essere	essere	_	_	_	_	_	linguistic	_	none	_	_	_	_	_	_
740-7	PST094	740	740	7	insegna:nti:	insegnanti	_	_	_	_	_	linguistic	_	none	_	End=2025.22	6x1,9x1	_	_	_
741-0	PST094	741	741	0	così	così	_	_	_	_	_	linguistic	_	none	_	Begin=2025.33	_	_	_	_
741-1	PST094	741	741	1	dev~	dev~	_	_	_	_	_	linguistic	_	none	Interrupted=Yes	_	_	_	_	_
741-2	PST094	741	741	2	dovrebbero	dovrebbero	_	_	_	_	_	linguistic	_	none	_	_	_	_	_	_
741-3	PST094	741	741	3	essere	essere	_	_	_	_	_	linguistic	_	none	_	_	_	_	_	_
741-4	PST094	741	741	4	anche	anche	_	_	_	_	_	linguistic	_	none	_	_	_	_	_	_
741-5	PST094	741	741	5	i	i	_	_	_	_	_	linguistic	_	none	_	_	_	_	_	_
741-6	PST094	741	741	6	volontari	volontari	_	_	_	_	_	linguistic	_	none	_	End=2027.956	_	_	_	_
742-0	PST094	742	742	0	perché	perché	_	_	_	_	_	linguistic	_	none	_	Begin=2028.25	_	_	_	_
742-1	PST094	742	742	1	hai	hai	_	_	_	_	_	linguistic	_	none	_	_	_	_	_	_
742-2	PST094	742	742	2	scelto	scelto	_	_	_	_	_	linguistic	_	none	_	_	_	_	_	_
742-3	PST094	742	742	3	di	di	_	_	_	_	_	linguistic	_	none	_	_	_	_	_	_
742-4	PST094	742	742	4	fare	fare	_	_	_	_	_	linguistic	_	none	_	_	_	_	_	_
742-5	PST094	742	742	5	quella	quella	_	_	_	_	_	linguistic	_	none	_	_	_	_	_	_
742-6	PST094	742	742	6	cosa,	cosa	_	_	_	_	_	linguistic	_	none	Intonation=WeaklyRising	End=2030.58	_	_	_	_
743-0	PST094	743	743	0	ti	ti	_	_	_	_	_	linguistic	_	none	_	Begin=2030.93	_	_	_	_
743-1	PST094	743	743	1	piace,	piace	_	_	_	_	_	linguistic	_	none	Intonation=WeaklyRising	End=2031.8	_	_	_	_
744-0	PST094	744	744	0	il	il	_	_	_	_	_	linguistic	_	none	_	Begin=2031.801	_	_	_	_
744-1	PST094	744	744	1	risultato	risultato	_	_	_	_	_	linguistic	_	none	_	_	_	_	_	_
744-2	PST094	744	744	2	è	è	_	_	_	_	_	linguistic	_	none	_	_	_	_	_	_
744-3	PST094	744	744	3	il	il	_	_	_	_	_	linguistic	_	none	_	_	_	_	_	_
744-4	PST094	744	744	4	tuo	tuo	_	_	_	_	_	linguistic	_	none	_	_	_	_	_	_
744-5	PST094	744	744	5	tempo	tempo	_	_	_	_	_	linguistic	_	none	_	End=2033.96	_	_	_	_
745-0	PST094	745	745	0	così	così	_	_	_	_	_	linguistic	_	none	_	Begin=2034.62	_	_	_	_
745-1	PST094	745	745	1	per	per	_	_	_	_	_	linguistic	_	none	_	_	_	_	_	_
745-2	PST094	745	745	2	me:::	me	_	_	_	_	_	linguistic	_	none	ProsodicLink=Yes	_	1x3	_	_	_
745-3	PST094	745	745	3	è::	è	_	_	_	_	_	linguistic	_	none	ProsodicLink=Yes	_	0x2	_	_	_
745-4	PST094	745	745	4	m:h	mh	_	_	_	_	_	linguistic	_	none	_	_	0x1	_	_	_
745-5	PST094	745	745	5	(no:?)	no	_	_	_	_	_	linguistic	_	none	Intonation=Rising	End=2037.65	1x1	_	0-2(0)	_
746-0	PST094	746	746	0	tante	tante	_	_	_	_	_	linguistic	_	none	_	Begin=2039.438	_	_	_	_
746-1	PST094	746	746	1	volte	volte	_	_	_	_	_	linguistic	_	none	_	_	_	_	_	_
746-2	PST094	746	746	2	rinu:ncio	rinuncio	_	_	_	_	_	linguistic	_	none	_	_	3x1	_	_	_
746-3	PST094	746	746	3	anche	anche	_	_	_	_	_	linguistic	_	none	_	_	_	_	_	_
746-4	PST094	746	746	4	a	a	_	_	_	_	_	linguistic	_	none	_	_	_	_	_	_
746-5	PST094	746	746	5	molte	molte	_	_	_	_	_	linguistic	_	none	_	_	_	_	_	_
746-6	PST094	746	746	6	cose:	cose	_	_	_	_	_	linguistic	_	none	_	End=2042.85	3x1	_	_	_
747-0	PST094	747	747	0	perché::	perché	_	_	_	_	_	linguistic	_	none	_	Begin=2042.85|End=2044.36	5x2	_	_	_
748-0	PST094	748	748	0	mi	mi	_	_	_	_	_	linguistic	_	none	_	Begin=2044.52	_	_	_	_
748-1	PST094	748	748	1	sembra	sembra	_	_	_	_	_	linguistic	_	none	_	_	_	_	_	_
748-2	PST094	748	748	2	che	che	_	_	_	_	_	linguistic	_	none	_	_	_	_	_	_
748-3	PST094	748	748	3	è	è	_	_	_	_	_	linguistic	_	none	_	_	_	_	_	_
748-4	PST094	748	748	4	un	un	_	_	_	_	_	linguistic	_	none	_	_	_	_	_	_
748-5	PST094	748	748	5	tempo	tempo	_	_	_	_	_	linguistic	_	none	_	_	_	_	_	_
748-6	PST094	748	748	6	sprecato:::	sprecato	_	_	_	_	_	linguistic	_	none	_	End=2047.39	7x3	_	_	_
749-0	PST094	749	749	0	e	e	_	_	_	_	_	linguistic	_	none	_	Begin=2047.39	_	_	_	_
749-1	PST094	749	749	1	che	che	_	_	_	_	_	linguistic	_	none	_	_	_	_	_	_
749-2	PST094	749	749	2	io	io	_	_	_	_	_	linguistic	_	none	_	_	_	_	_	_
749-3	PST094	749	749	3	lo	lo	_	_	_	_	_	linguistic	_	none	_	_	_	_	_	_
749-4	PST094	749	749	4	posso	posso	_	_	_	_	_	linguistic	_	none	_	_	_	_	_	_
749-5	PST094	749	749	5	utilizzare	utilizzare	_	_	_	_	_	linguistic	_	none	_	_	_	_	_	_
749-6	PST094	749	749	6	e	e	_	_	_	_	_	linguistic	_	none	_	_	_	_	_	_
749-7	PST094	749	749	7	stare	stare	_	_	_	_	_	linguistic	_	none	_	_	_	_	_	_
749-8	PST094	749	749	8	insieme	insieme	_	_	_	_	_	linguistic	_	none	_	_	_	_	_	_
749-9	PST094	749	749	9	ai	ai	_	_	_	_	_	linguistic	_	none	_	_	_	_	_	_
749-10	PST094	749	749	10	ragazzi	ragazzi	_	_	_	_	_	linguistic	_	none	_	End=2050.906	_	_	_	_
750-0	PST092	750	750	0	tra	tra	_	_	_	_	_	linguistic	_	none	_	Begin=2052.36	_	_	_	_
750-1	PST092	750	750	1	laltro	laltro	_	_	_	_	_	linguistic	_	none	_	_	_	_	_	_
750-2	PST092	750	750	2	con	con	_	_	_	_	_	linguistic	_	none	_	_	_	_	_	_
750-3	PST092	750	750	3	i	i	_	_	_	_	_	linguistic	_	none	_	_	_	_	_	_
750-4	PST092	750	750	4	ragazzi	ragazzi	_	_	_	_	_	linguistic	_	none	PauseAfter=Yes	_	_	_	_	_
750-5	PST092	750	750	5	{P}	{P}	_	_	_	_	_	shortpause	_	none	_	_	_	_	_	_
750-6	PST092	750	750	6	molte	molte	_	_	_	_	_	linguistic	_	none	_	_	_	_	_	_
750-7	PST092	750	750	7	attività:	attività	_	_	_	_	_	linguistic	_	none	_	_	7x1	_	_	_
750-8	PST092	750	750	8	le:	le	_	_	_	_	_	linguistic	_	none	_	_	1x1	_	_	_
750-9	PST092	750	750	9	propone	propone	_	_	_	_	_	linguistic	_	none	_	_	_	_	_	_
750-10	PST092	750	750	10	lei,	lei	_	_	_	_	_	linguistic	_	none	Intonation=WeaklyRising	End=2056.734	_	_	_	_
751-0	PST092	751	751	0	anche:	anche	_	_	_	_	_	linguistic	_	none	_	Begin=2056.734	4x1	_	_	_
751-1	PST092	751	751	1	che:	che	_	_	_	_	_	linguistic	_	none	_	_	2x1	_	_	_
751-2	PST092	751	751	2	m:agari	magari	_	_	_	_	_	linguistic	_	none	_	_	0x1	_	_	_
751-3	PST092	751	751	3	non	non	_	_	_	_	_	linguistic	_	none	_	_	_	_	_	_
751-4	PST092	751	751	4	sono	sono	_	_	_	_	_	linguistic	_	none	_	_	_	_	_	_
751-5	PST092	751	751	5	costanti	costanti	_	_	_	_	_	linguistic	_	none	_	_	_	_	_	_
751-6	PST092	751	751	6	nel	nel	_	_	_	_	_	linguistic	_	none	_	_	_	_	_	_
751-7	PST092	751	751	7	corso	corso	_	_	_	_	_	linguistic	_	none	_	_	_	_	_	_
751-8	PST092	751	751	8	del	del	_	_	_	_	_	linguistic	_	none	_	_	_	_	_	_
751-9	PST092	751	751	9	tempo	tempo	_	_	_	_	_	linguistic	_	none	_	_	_	_	_	_
751-10	PST092	751	751	10	anche	anche	_	_	_	_	_	linguistic	_	none	_	_	_	_	_	_
751-11	PST092	751	751	11	attività	attività	_	_	_	_	_	linguistic	_	none	_	_	_	_	_	_
751-12	PST092	751	751	12	temporanee	temporanee	_	_	_	_	_	linguistic	_	none	_	End=2061.41	_	_	_	_
752-0	PST092	752	752	0	come::	come	_	_	_	_	_	linguistic	_	none	_	Begin=2061.53|End=2062.863	3x2	_	_	_
753-0	PST092	753	753	0	cinema:	cinema	_	_	_	_	_	linguistic	_	none	_	Begin=2063.07	5x1	_	_	_
753-1	PST092	753	753	1	che:	che	_	_	_	_	_	linguistic	_	none	_	_	2x1	_	_	_
753-2	PST092	753	753	2	dura	dura	_	_	_	_	_	linguistic	_	none	_	_	_	_	_	_
753-3	PST092	753	753	3	per	per	_	_	_	_	_	linguistic	_	none	_	_	_	_	_	_
753-4	PST092	753	753	4	un	un	_	_	_	_	_	linguistic	_	none	_	_	_	_	_	_
753-5	PST092	753	753	5	tot	tot	_	_	_	_	_	linguistic	_	none	_	_	_	_	_	_
753-6	PST092	753	753	6	di	di	_	_	_	_	_	linguistic	_	none	_	_	_	_	_	_
753-7	PST092	753	753	7	tempo	tempo	_	_	_	_	_	linguistic	_	none	_	End=2065.64	_	_	_	_
754-0	PST092	754	754	0	teatro	teatro	_	_	_	_	_	linguistic	_	none	_	Begin=2065.64	_	_	_	_
754-1	PST092	754	754	1	che	che	_	_	_	_	_	linguistic	_	none	_	_	_	_	_	_
754-2	PST092	754	754	2	dura	dura	_	_	_	_	_	linguistic	_	none	_	_	_	_	_	_
754-3	PST092	754	754	3	in	in	_	_	_	_	_	linguistic	_	none	_	_	_	_	_	_
754-4	PST092	754	754	4	un	un	_	_	_	_	_	linguistic	_	none	_	_	_	_	_	_
754-5	PST092	754	754	5	periodo	periodo	_	_	_	_	_	linguistic	_	none	_	End=2067.635	_	_	_	_
755-0	PST092	755	755	0	c'	c'	_	_	_	_	_	linguistic	_	none	SpaceAfter=No	Begin=2067.79	_	_	_	_
755-1	PST092	755	755	1	è	è	_	_	_	_	_	linguistic	_	none	_	_	_	_	_	_
755-2	PST092	755	755	2	anche:	anche	_	_	_	_	_	linguistic	_	none	_	_	4x1	_	_	_
755-3	PST092	755	755	3	l'	l'	_	_	_	_	_	linguistic	_	none	SpaceAfter=No	_	_	_	_	_
755-4	PST092	755	755	4	attività	attività	_	_	_	_	_	linguistic	_	none	_	_	_	_	_	_
755-5	PST092	755	755	5	di	di	_	_	_	_	_	linguistic	_	none	_	_	_	_	_	_
755-6	PST092	755	755	6	decorare	decorare	_	_	_	_	_	linguistic	_	none	_	_	_	_	_	_
755-7	PST092	755	755	7	le	le	_	_	_	_	_	linguistic	_	none	_	_	_	_	_	_
755-8	PST092	755	755	8	uova	uova	_	_	_	_	_	linguistic	_	none	_	_	_	_	_	_
755-9	PST092	755	755	9	che	che	_	_	_	_	_	linguistic	_	none	_	_	_	_	_	_
755-10	PST092	755	755	10	dura	dura	_	_	_	_	_	linguistic	_	none	_	_	_	_	_	_
755-11	PST092	755	755	11	il	il	_	_	_	_	_	linguistic	_	none	_	_	_	_	_	_
755-12	PST092	755	755	12	periodo	periodo	_	_	_	_	_	linguistic	_	none	_	_	_	_	_	_
755-13	PST092	755	755	13	di	di	_	_	_	_	_	linguistic	_	none	_	_	_	_	_	_
755-14	PST092	755	755	14	pasqua	pasqua	_	_	_	_	_	linguistic	_	none	_	End=2071.13	_	_	_	_
756-0	PST092	756	756	0	su	su	_	_	_	_	_	linguistic	_	none	_	Begin=2071.13	_	_	_	_
756-1	PST092	756	756	1	questo::	questo	_	_	_	_	_	linguistic	_	none	PauseAfter=Yes	_	5x2	_	_	_
756-2	PST092	756	756	2	{P}	{P}	_	_	_	_	_	shortpause	_	none	_	_	_	_	_	_
756-3	PST092	756	756	3	come::	come	_	_	_	_	_	linguistic	_	none	PauseAfter=Yes	_	3x2	_	_	_
756-4	PST092	756	756	4	{P}	{P}	_	_	_	_	_	shortpause	_	none	_	_	_	_	_	_
756-5	PST092	756	756	5	come	come	_	_	_	_	_	linguistic	_	none	_	_	_	_	_	_
756-6	PST092	756	756	6	si	si	_	_	_	_	_	linguistic	_	none	_	_	_	_	_	_
756-7	PST092	756	756	7	trova	trova	_	_	_	_	_	linguistic	_	none	_	End=2074.475	_	_	_	_
757-0	PST094	757	757	0	sì:	sì	_	_	_	_	_	linguistic	_	none	_	Begin=2074.475	1x1	_	_	_
757-1	PST094	757	757	1	molto	molto	_	_	_	_	_	linguistic	_	none	_	_	_	_	_	_
757-2	PST094	757	757	2	bene	bene	_	_	_	_	_	linguistic	_	none	_	End=2075.76	_	_	_	_
758-0	PST094	758	758	0	perché	perché	_	_	_	_	_	linguistic	_	none	_	Begin=2075.761	_	_	_	_
758-1	PST094	758	758	1	io	io	_	_	_	_	_	linguistic	_	none	_	_	_	_	_	_
758-2	PST094	758	758	2	penso	penso	_	_	_	_	_	linguistic	_	none	_	_	_	_	_	_
758-3	PST094	758	758	3	che	che	_	_	_	_	_	linguistic	_	none	_	_	_	_	_	_
758-4	PST094	758	758	4	più	più	_	_	_	_	_	linguistic	_	none	_	_	_	_	_	_
758-5	PST094	758	758	5	alternative	alternative	_	_	_	_	_	linguistic	_	none	_	_	_	_	_	_
758-6	PST094	758	758	6	dai	dai	_	_	_	_	_	linguistic	_	none	_	_	_	_	_	_
758-7	PST094	758	758	7	a~	a~	_	_	_	_	_	linguistic	_	none	Interrupted=Yes	_	_	_	_	_
758-8	PST094	758	758	8	ai	ai	_	_	_	_	_	linguistic	_	none	_	_	_	_	_	_
758-9	PST094	758	758	9	raga:zzi	ragazzi	_	_	_	_	_	linguistic	_	none	_	End=2079.89	3x1	_	_	_
759-0	PST094	759	759	0	meglio	meglio	_	_	_	_	_	linguistic	_	none	_	Begin=2079.89	_	_	_	_
759-1	PST094	759	759	1	è	è	_	_	_	_	_	linguistic	_	none	_	End=2081.06	_	_	_	_
760-0	PST094	760	760	0	così	così	_	_	_	_	_	linguistic	_	none	_	Begin=2081.108	_	_	_	_
760-1	PST094	760	760	1	lui	lui	_	_	_	_	_	linguistic	_	none	_	_	_	_	_	_
760-2	PST094	760	760	2	vede	vede	_	_	_	_	_	linguistic	_	none	_	_	_	_	_	_
760-3	PST094	760	760	3	cosa	cosa	_	_	_	_	_	linguistic	_	none	_	_	_	_	_	_
760-4	PST094	760	760	4	le	le	_	_	_	_	_	linguistic	_	none	_	_	_	_	_	_
760-5	PST094	760	760	5	piace	piace	_	_	_	_	_	linguistic	_	none	_	_	_	_	_	_
760-6	PST094	760	760	6	e	e	_	_	_	_	_	linguistic	_	none	_	_	_	_	_	_
760-7	PST094	760	760	7	cosa	cosa	_	_	_	_	_	linguistic	_	none	_	_	_	_	_	_
760-8	PST094	760	760	8	non	non	_	_	_	_	_	linguistic	_	none	_	_	_	_	_	_
760-9	PST094	760	760	9	le	le	_	_	_	_	_	linguistic	_	none	_	_	_	_	_	_
760-10	PST094	760	760	10	piace	piace	_	_	_	_	_	linguistic	_	none	_	End=2084.64	_	_	_	_
761-0	PST094	761	761	0	non	non	_	_	_	_	_	linguistic	_	none	_	Begin=2084.64	_	_	_	_
761-1	PST094	761	761	1	puoi	puoi	_	_	_	_	_	linguistic	_	none	_	_	_	_	_	_
761-2	PST094	761	761	2	scegliere	scegliere	_	_	_	_	_	linguistic	_	none	_	_	_	_	_	_
761-3	PST094	761	761	3	qualcosa	qualcosa	_	_	_	_	_	linguistic	_	none	_	_	_	_	_	_
761-4	PST094	761	761	4	che	che	_	_	_	_	_	linguistic	_	none	_	_	_	_	_	_
761-5	PST094	761	761	5	tu	tu	_	_	_	_	_	linguistic	_	none	_	_	_	_	_	_
761-6	PST094	761	761	6	non	non	_	_	_	_	_	linguistic	_	none	_	_	_	_	_	_
761-7	PST094	761	761	7	hai	hai	_	_	_	_	_	linguistic	_	none	_	_	_	_	_	_
761-8	PST094	761	761	8	mai	mai	_	_	_	_	_	linguistic	_	none	_	_	_	_	_	_
761-9	PST094	761	761	9	fatto	fatto	_	_	_	_	_	linguistic	_	none	_	End=2087.37	_	_	_	_
762-0	PST094	762	762	0	o	o	_	_	_	_	_	linguistic	_	none	_	Begin=2087.37	_	_	_	_
762-1	PST094	762	762	1	hai	hai	_	_	_	_	_	linguistic	_	none	_	_	_	_	_	_
762-2	PST094	762	762	2	sentito	sentito	_	_	_	_	_	linguistic	_	none	_	_	_	_	_	_
762-3	PST094	762	762	3	solo	solo	_	_	_	_	_	linguistic	_	none	_	_	_	_	_	_
762-4	PST094	762	762	4	per	per	_	_	_	_	_	linguistic	_	none	_	_	_	_	_	_
762-5	PST094	762	762	5	il	il	_	_	_	_	_	linguistic	_	none	_	_	_	_	_	_
762-6	PST094	762	762	6	nome	nome	_	_	_	_	_	linguistic	_	none	_	End=2089.54	_	_	_	_
763-0	PST094	763	763	0	quando	quando	_	_	_	_	_	linguistic	_	none	_	Begin=2089.972	_	_	_	_
763-1	PST094	763	763	1	sei	sei	_	_	_	_	_	linguistic	_	none	_	_	_	_	_	_
763-2	PST094	763	763	2	immerso	immerso	_	_	_	_	_	linguistic	_	none	_	_	_	_	_	_
763-3	PST094	763	763	3	capisci	capisci	_	_	_	_	_	linguistic	_	none	_	_	_	_	_	_
763-4	PST094	763	763	4	se	se	_	_	_	_	_	linguistic	_	none	_	_	_	_	_	_
763-5	PST094	763	763	5	ti	ti	_	_	_	_	_	linguistic	_	none	_	_	_	_	_	_
763-6	PST094	763	763	6	piace	piace	_	_	_	_	_	linguistic	_	none	_	_	_	_	_	_
763-7	PST094	763	763	7	o	o	_	_	_	_	_	linguistic	_	none	_	_	_	_	_	_
763-8	PST094	763	763	8	no	no	_	_	_	_	_	linguistic	_	none	_	End=2092.94	_	_	_	_
764-0	PST094	764	764	0	poi,	poi	_	_	_	_	_	linguistic	_	none	Intonation=WeaklyRising	Begin=2092.94|End=2093.708	_	_	_	_
765-0	PST094	765	765	0	giustamente	giustamente	_	_	_	_	_	linguistic	_	none	_	Begin=2093.785	_	_	_	_
765-1	PST094	765	765	1	quest(o)	questo	_	_	_	_	_	linguistic	_	none	_	_	_	_	5-6(0)	_
765-2	PST094	765	765	2	i	i	_	_	_	_	_	linguistic	_	none	_	_	_	_	_	_
765-3	PST094	765	765	3	ragazzi	ragazzi	_	_	_	_	_	linguistic	_	none	_	_	_	_	_	_
765-4	PST094	765	765	4	se	se	_	_	_	_	_	linguistic	_	none	_	_	_	_	_	_
765-5	PST094	765	765	5	lo	lo	_	_	_	_	_	linguistic	_	none	_	_	_	_	_	_
765-6	PST094	765	765	6	richiedono	richiedono	_	_	_	_	_	linguistic	_	none	PauseAfter=Yes	_	_	_	_	_
765-7	PST094	765	765	7	{P}	{P}	_	_	_	_	_	shortpause	_	none	_	_	_	_	_	_
765-8	PST094	765	765	8	noi	noi	_	_	_	_	_	linguistic	_	none	_	_	_	_	_	_
765-9	PST094	765	765	9	la	la	_	_	_	_	_	linguistic	_	none	_	_	_	_	_	_
765-10	PST094	765	765	10	continuazione	continuazione	_	_	_	_	_	linguistic	_	none	_	_	_	_	_	_
765-11	PST094	765	765	11	la	la	_	_	_	_	_	linguistic	_	none	_	_	_	_	_	_
765-12	PST094	765	765	12	possiamo	possiamo	_	_	_	_	_	linguistic	_	none	_	_	_	_	_	_
765-13	PST094	765	765	13	anche::::	anche	_	_	_	_	_	linguistic	_	none	_	_	4x4	_	_	_
765-14	PST094	765	765	14	dargliela	dargliela	_	_	_	_	_	linguistic	_	none	_	End=2100.741	_	_	_	_
766-0	PST094	766	766	0	no,	no	_	_	_	_	_	linguistic	_	none	Intonation=WeaklyRising	Begin=2100.741|End=2101.611	_	_	_	_
767-0	PST094	767	767	0	e:hm::	ehm	_	_	_	_	_	linguistic	_	none	_	Begin=2101.676|End=2103.0	0x1,2x2	_	_	_
768-0	PST094	768	768	0	poi	poi	_	_	_	_	_	linguistic	_	none	_	Begin=2103.084	_	_	_	_
768-1	PST094	768	768	1	se	se	_	_	_	_	_	linguistic	_	none	_	_	_	_	_	_
768-2	PST094	768	768	2	non	non	_	_	_	_	_	linguistic	_	none	_	_	_	_	_	_
768-3	PST094	768	768	3	continuano,	continuano	_	_	_	_	_	linguistic	_	none	Intonation=WeaklyRising	End=2104.518	_	_	_	_
769-0	PST094	769	769	0	comunque	comunque	_	_	_	_	_	linguistic	_	none	_	Begin=2104.58	_	_	_	_
769-1	PST094	769	769	1	hanno	hanno	_	_	_	_	_	linguistic	_	none	_	_	_	_	_	_
769-2	PST094	769	769	2	imparato	imparato	_	_	_	_	_	linguistic	_	none	_	_	_	_	_	_
769-3	PST094	769	769	3	qualco:sa	qualcosa	_	_	_	_	_	linguistic	_	none	_	_	5x1	_	_	_
769-4	PST094	769	769	4	e	e	_	_	_	_	_	linguistic	_	none	_	_	_	_	_	_
769-5	PST094	769	769	5	hanno	hanno	_	_	_	_	_	linguistic	_	none	_	_	_	_	_	_
769-6	PST094	769	769	6	qualcosa	qualcosa	_	_	_	_	_	linguistic	_	none	_	_	_	_	_	_
769-7	PST094	769	769	7	in	in	_	_	_	_	_	linguistic	_	none	_	_	_	_	_	_
769-8	PST094	769	769	8	più	più	_	_	_	_	_	linguistic	_	none	_	End=2108.477	_	_	_	_
770-0	PST092	770	770	0	s:e	se	_	_	_	_	_	linguistic	_	some	PauseAfter=Yes	Begin=2110.04	0x1	_	_	_
770-1	PST092	770	770	1	{P}	{P}	_	_	_	_	_	shortpause	_	some	_	_	_	_	_	_
770-2	PST092	770	770	2	qualcun(o)	qualcuno	_	_	_	_	_	linguistic	_	some	_	_	_	_	7-8(0)	_
770-3	PST092	770	770	3	del	del	_	_	_	_	_	linguistic	_	some	_	_	_	_	_	_
770-4	PST092	770	770	4	#centru	centru	_	_	_	_	_	linguistic	_	some	Language=NO_ISO_CODE|Variation=Token	End=2112.02	_	_	_	_
772-0	PST092	772	772	0	dovesse	dovesse	_	_	_	_	_	linguistic	_	none	PauseAfter=Yes	Begin=2112.02	_	_	_	_
772-1	PST092	772	772	1	{P}	{P}	_	_	_	_	_	shortpause	_	none	_	_	_	_	_	_
772-2	PST092	772	772	2	ritornare	ritornare	_	_	_	_	_	linguistic	_	none	_	_	_	_	_	_
772-3	PST092	772	772	3	in	in	_	_	_	_	_	linguistic	_	none	_	_	_	_	_	_
772-4	PST092	772	772	4	romania	romania	_	_	_	_	_	linguistic	_	none	_	End=2114.44	_	_	_	_
773-0	PST092	773	773	0	ne	ne	_	_	_	_	_	linguistic	_	none	_	Begin=2115.35	_	_	_	_
773-1	PST092	773	773	1	sarebbe	sarebbe	_	_	_	_	_	linguistic	_	none	_	_	_	_	_	_
773-2	PST092	773	773	2	felice,	felice	_	_	_	_	_	linguistic	_	none	Intonation=WeaklyRising	End=2116.6	_	_	_	_
774-0	PST094	774	774	0	sì	sì	_	_	_	_	_	linguistic	_	none	PauseAfter=Yes	Begin=2117.098	_	_	_	_
774-1	PST094	774	774	1	{P}	{P}	_	_	_	_	_	shortpause	_	none	_	_	_	_	_	_
774-2	PST094	774	774	2	perché	perché	_	_	_	_	_	linguistic	_	none	_	_	_	_	_	_
774-3	PST094	774	774	3	ci	ci	_	_	_	_	_	linguistic	_	none	_	_	_	_	_	_
774-4	PST094	774	774	4	sono	sono	_	_	_	_	_	linguistic	_	none	_	_	_	_	_	_
774-5	PST094	774	774	5	tornati	tornati	_	_	_	_	_	linguistic	_	none	_	_	_	_	_	_
774-6	PST094	774	774	6	tantissimi	tantissimi	_	_	_	_	_	linguistic	_	none	_	_	_	_	_	_
774-7	PST094	774	774	7	ragazzi	ragazzi	_	_	_	_	_	linguistic	_	none	_	_	_	_	_	_
774-8	PST094	774	774	8	d(al)	dal	_	_	_	_	_	linguistic	_	none	_	_	_	_	1-3(0)	_
774-9	PST094	774	774	9	centro	centro	_	_	_	_	_	linguistic	_	none	_	End=2120.59	_	_	_	_
775-0	PST094	775	775	0	e	e	_	_	_	_	_	linguistic	_	none	_	Begin=2120.59	_	_	_	_
775-1	PST094	775	775	1	sai	sai	_	_	_	_	_	linguistic	_	none	_	_	_	_	_	_
775-2	PST094	775	775	2	perché	perché	_	_	_	_	_	linguistic	_	none	_	_	_	_	_	_
775-3	PST094	775	775	3	sono	sono	_	_	_	_	_	linguistic	_	none	_	_	_	_	_	_
775-4	PST094	775	775	4	stata	stata	_	_	_	_	_	linguistic	_	none	_	_	_	_	_	_
775-5	PST094	775	775	5	felice?	felice	_	_	_	_	_	linguistic	_	none	Intonation=Rising	End=2122.169	_	_	_	_
776-0	PST094	776	776	0	perché	perché	_	_	_	_	_	linguistic	_	none	_	Begin=2123.02	_	_	_	_
776-1	PST094	776	776	1	sono	sono	_	_	_	_	_	linguistic	_	none	_	_	_	_	_	_
776-2	PST094	776	776	2	andati	andati	_	_	_	_	_	linguistic	_	none	_	_	_	_	_	_
776-3	PST094	776	776	3	con	con	_	_	_	_	_	linguistic	_	none	_	_	_	_	_	_
776-4	PST094	776	776	4	un:	un	_	_	_	_	_	linguistic	_	none	_	_	1x1	_	_	_
776-5	PST094	776	776	5	bagaglio	bagaglio	_	_	_	_	_	linguistic	_	none	_	_	_	_	_	_
776-6	PST094	776	776	6	di	di	_	_	_	_	_	linguistic	_	none	_	_	_	_	_	_
776-7	PST094	776	776	7	nozioni	nozioni	_	_	_	_	_	linguistic	_	none	_	End=2126.65	_	_	_	_
777-0	PST094	777	777	0	che	che	_	_	_	_	_	linguistic	_	none	PauseAfter=Yes	Begin=2127.01	_	_	_	_
777-1	PST094	777	777	1	{P}	{P}	_	_	_	_	_	shortpause	_	none	_	_	_	_	_	_
777-2	PST094	777	777	2	quelli	quelli	_	_	_	_	_	linguistic	_	none	_	_	_	_	_	_
777-3	PST094	777	777	3	della	della	_	_	_	_	_	linguistic	_	none	_	_	_	_	_	_
777-4	PST094	777	777	4	romani:a	romania	_	_	_	_	_	linguistic	_	none	_	_	5x1	_	_	_
777-5	PST094	777	777	5	sono	sono	_	_	_	_	_	linguistic	_	none	_	_	_	_	_	_
777-6	PST094	777	777	6	rimasti	rimasti	_	_	_	_	_	linguistic	_	none	_	End=2129.889	_	_	_	_
778-0	PST094	778	778	0	un	un	_	_	_	_	_	linguistic	_	none	_	Begin=2130.01	_	_	_	_
778-1	PST094	778	778	1	po'::	po'	_	_	_	_	_	linguistic	_	none	PauseAfter=Yes	_	1x2	_	_	_
778-2	PST094	778	778	2	{P}	{P}	_	_	_	_	_	shortpause	_	none	_	_	_	_	_	_
778-3	PST094	778	778	3	ma	ma	_	_	_	_	_	linguistic	_	none	PauseAfter=Yes	_	_	_	_	_
778-4	PST094	778	778	4	{P}	{P}	_	_	_	_	_	shortpause	_	none	_	_	_	_	_	_
778-5	PST094	778	778	5	tu	tu	_	_	_	_	_	linguistic	_	none	PauseAfter=Yes	_	_	_	_	_
778-6	PST094	778	778	6	{P}	{P}	_	_	_	_	_	shortpause	_	none	_	_	_	_	_	_
778-7	PST094	778	778	7	sei	sei	_	_	_	_	_	linguistic	_	none	_	_	_	_	_	_
778-8	PST094	778	778	8	sicuro	sicuro	_	_	_	_	_	linguistic	_	none	_	_	_	_	_	_
778-9	PST094	778	778	9	che	che	_	_	_	_	_	linguistic	_	none	_	_	_	_	_	_
778-10	PST094	778	778	10	vieni	vieni	_	_	_	_	_	linguistic	_	none	_	_	_	_	_	_
778-11	PST094	778	778	11	dall'	dall'	_	_	_	_	_	linguistic	_	none	SpaceAfter=No	_	_	_	_	_
778-12	PST094	778	778	12	estero,	estero	_	_	_	_	_	linguistic	_	none	Intonation=WeaklyRising	End=2134.05	_	_	_	_
779-0	PST094	779	779	0	e	e	_	_	_	_	_	linguistic	_	none	_	Begin=2134.949	_	_	_	_
779-1	PST094	779	779	1	questa	questa	_	_	_	_	_	linguistic	_	none	_	_	_	_	_	_
779-2	PST094	779	779	2	ti	ti	_	_	_	_	_	linguistic	_	none	_	_	_	_	_	_
779-3	PST094	779	779	3	fa	fa	_	_	_	_	_	linguistic	_	none	_	_	_	_	_	_
779-4	PST094	779	779	4	felice	felice	_	_	_	_	_	linguistic	_	none	_	_	_	_	_	_
779-5	PST094	779	779	5	che	che	_	_	_	_	_	linguistic	_	none	_	_	_	_	_	_
779-6	PST094	779	779	6	lui	lui	_	_	_	_	_	linguistic	_	none	_	_	_	_	_	_
779-7	PST094	779	779	7	dice	dice	_	_	_	_	_	linguistic	_	none	_	_	_	_	_	_
779-8	PST094	779	779	8	sì	sì	_	_	_	_	_	linguistic	_	none	PauseAfter=Yes	_	_	_	_	_
779-9	PST094	779	779	9	{P}	{P}	_	_	_	_	_	shortpause	_	none	_	_	_	_	_	_
779-10	PST094	779	779	10	sono	sono	_	_	_	_	_	linguistic	_	none	_	_	_	_	_	_
779-11	PST094	779	779	11	sicuro	sicuro	_	_	_	_	_	linguistic	_	none	_	_	_	_	_	_
779-12	PST094	779	779	12	che	che	_	_	_	_	_	linguistic	_	none	_	_	_	_	_	_
779-13	PST094	779	779	13	ven~	ven~	_	_	_	_	_	linguistic	_	none	Interrupted=Yes	_	_	_	_	_
779-14	PST094	779	779	14	vengo	vengo	_	_	_	_	_	linguistic	_	none	_	_	_	_	_	_
779-15	PST094	779	779	15	ho	ho	_	_	_	_	_	linguistic	_	none	_	_	_	_	_	_
779-16	PST094	779	779	16	imparato	imparato	_	_	_	_	_	linguistic	_	none	_	_	_	_	_	_
779-17	PST094	779	779	17	tu:tto	tutto	_	_	_	_	_	linguistic	_	none	_	_	1x1	_	_	_
779-18	PST094	779	779	18	al	al	_	_	_	_	_	linguistic	_	none	_	_	_	_	_	_
779-19	PST094	779	779	19	centro	centro	_	_	_	_	_	linguistic	_	none	_	_	_	_	_	_
779-20	PST094	779	779	20	di	di	_	_	_	_	_	linguistic	_	none	_	_	_	_	_	_
779-21	PST094	779	779	21	cultura	cultura	_	_	_	_	_	linguistic	_	none	_	_	_	_	_	_
779-22	PST094	779	779	22	e	e	_	_	_	_	_	linguistic	_	none	_	_	_	_	_	_
779-23	PST094	779	779	23	tradizione	tradizione	_	_	_	_	_	linguistic	_	none	_	_	_	_	_	_
779-24	PST094	779	779	24	italo	italo	_	_	_	_	_	linguistic	_	none	_	_	_	_	_	_
779-25	PST094	779	779	25	romeno	romeno	_	_	_	_	_	linguistic	_	none	_	End=2141.88	_	_	_	_
780-0	PST094	780	780	0	e::	e	_	_	_	_	_	linguistic	_	none	_	Begin=2142.41	0x2	_	_	_
780-1	PST094	780	780	1	non	non	_	_	_	_	_	linguistic	_	none	_	_	_	_	_	_
780-2	PST094	780	780	2	puoi	puoi	_	_	_	_	_	linguistic	_	none	_	_	_	_	_	_
780-3	PST094	780	780	3	non	non	_	_	_	_	_	linguistic	_	none	_	_	_	_	_	_
780-4	PST094	780	780	4	essere	essere	_	_	_	_	_	linguistic	_	none	_	_	_	_	_	_
780-5	PST094	780	780	5	felice	felice	_	_	_	_	_	linguistic	_	none	_	End=2144.27	_	_	_	_
781-0	PST094	781	781	0	perché	perché	_	_	_	_	_	linguistic	_	none	_	Begin=2144.98	_	_	_	_
781-1	PST094	781	781	1	abbiamo	abbiamo	_	_	_	_	_	linguistic	_	none	_	_	_	_	_	_
781-2	PST094	781	781	2	avuto	avuto	_	_	_	_	_	linguistic	_	none	_	_	_	_	_	_
781-3	PST094	781	781	3	raga:zzi	ragazzi	_	_	_	_	_	linguistic	_	none	_	_	3x1	_	_	_
781-4	PST094	781	781	4	che	che	_	_	_	_	_	linguistic	_	none	_	_	_	_	_	_
781-5	PST094	781	781	5	sono	sono	_	_	_	_	_	linguistic	_	none	_	_	_	_	_	_
781-6	PST094	781	781	6	tornati	tornati	_	_	_	_	_	linguistic	_	none	_	_	_	_	_	_
781-7	PST094	781	781	7	anche	anche	_	_	_	_	_	linguistic	_	none	_	_	_	_	_	_
781-8	PST094	781	781	8	nelle	nelle	_	_	_	_	_	linguistic	_	none	_	_	_	_	_	_
781-9	PST094	781	781	9	scuole	scuole	_	_	_	_	_	linguistic	_	none	_	End=2148.37	_	_	_	_
782-0	PST094	782	782	0	e:::	e	_	_	_	_	_	linguistic	_	none	_	Begin=2148.37	0x3	_	_	_
782-1	PST094	782	782	1	se	se	_	_	_	_	_	linguistic	_	none	_	_	_	_	_	_
782-2	PST094	782	782	2	altri	altri	_	_	_	_	_	linguistic	_	none	_	_	_	_	_	_
782-3	PST094	782	782	3	sono	sono	_	_	_	_	_	linguistic	_	none	_	_	_	_	_	_
782-4	PST094	782	782	4	andati:	andati	_	_	_	_	_	linguistic	_	none	_	_	5x1	_	_	_
782-5	PST094	782	782	5	indietro	indietro	_	_	_	_	_	linguistic	_	none	_	_	_	_	_	_
782-6	PST094	782	782	6	di	di	_	_	_	_	_	linguistic	_	none	_	_	_	_	_	_
782-7	PST094	782	782	7	un	un	_	_	_	_	_	linguistic	_	none	_	_	_	_	_	_
782-8	PST094	782	782	8	anno	anno	_	_	_	_	_	linguistic	_	none	_	End=2152.33	_	_	_	_
783-0	PST094	783	783	0	i	i	_	_	_	_	_	linguistic	_	none	_	Begin=2152.33	_	_	_	_
783-1	PST094	783	783	1	nostri:	nostri	_	_	_	_	_	linguistic	_	none	_	_	5x1	_	_	_
783-2	PST094	783	783	2	sono	sono	_	_	_	_	_	linguistic	_	none	_	_	_	_	_	_
783-3	PST094	783	783	3	andati::	andati	_	_	_	_	_	linguistic	_	none	_	_	5x2	_	_	_
783-4	PST094	783	783	4	hanno	hanno	_	_	_	_	_	linguistic	_	none	_	_	_	_	_	_
783-5	PST094	783	783	5	continuato	continuato	_	_	_	_	_	linguistic	_	none	_	_	_	_	_	_
783-6	PST094	783	783	6	i	i	_	_	_	_	_	linguistic	_	none	_	_	_	_	_	_
783-7	PST094	783	783	7	studi	studi	_	_	_	_	_	linguistic	_	none	_	End=2156.02	_	_	_	_
784-0	PST094	784	784	0	da	da	_	_	_	_	_	linguistic	_	none	_	Begin=2156.6	_	_	_	_
784-1	PST094	784	784	1	dove	dove	_	_	_	_	_	linguistic	_	none	_	_	_	_	_	_
784-2	PST094	784	784	2	s:ono	sono	_	_	_	_	_	linguistic	_	none	_	_	0x1	_	_	_
784-3	PST094	784	784	3	fermati	fermati	_	_	_	_	_	linguistic	_	none	_	_	_	_	_	_
784-4	PST094	784	784	4	qua	qua	_	_	_	_	_	linguistic	_	none	_	End=2158.34	_	_	_	_
785-0	PST094	785	785	0	e::	e	_	_	_	_	_	linguistic	_	none	_	Begin=2158.99	0x2	_	_	_
785-1	PST094	785	785	1	questo:	questo	_	_	_	_	_	linguistic	_	none	_	_	5x1	_	_	_
785-2	PST094	785	785	2	è	è	_	_	_	_	_	linguistic	_	none	_	_	_	_	_	_
785-3	PST094	785	785	3	un	un	_	_	_	_	_	linguistic	_	none	_	_	_	_	_	_
785-4	PST094	785	785	4	risultato:::	risultato	_	_	_	_	_	linguistic	_	none	_	End=2162.29	8x3	_	_	_
786-0	PST094	786	786	0	che	che	_	_	_	_	_	linguistic	_	none	_	Begin=2162.83	_	_	_	_
786-1	PST094	786	786	1	non	non	_	_	_	_	_	linguistic	_	none	_	_	_	_	_	_
786-2	PST094	786	786	2	non	non	_	_	_	_	_	linguistic	_	none	_	_	_	_	_	_
786-3	PST094	786	786	3	in	in	_	_	_	_	_	linguistic	_	none	_	_	_	_	_	_
786-4	PST094	786	786	4	tanti	tanti	_	_	_	_	_	linguistic	_	none	_	_	_	_	_	_
786-5	PST094	786	786	5	possono	possono	_	_	_	_	_	linguistic	_	none	_	_	_	_	_	_
786-6	PST094	786	786	6	ottenere	ottenere	_	_	_	_	_	linguistic	_	none	_	End=2165.83	_	_	_	_
787-0	PST094	787	787	0	e	e	_	_	_	_	_	linguistic	_	none	_	Begin=2166.83	_	_	_	_
787-1	PST094	787	787	1	poi:	poi	_	_	_	_	_	linguistic	_	none	_	_	2x1	_	_	_
787-2	PST094	787	787	2	s:u	su	_	_	_	_	_	linguistic	_	none	_	_	0x1	_	_	_
787-3	PST094	787	787	3	quello	quello	_	_	_	_	_	linguistic	_	none	_	_	_	_	_	_
787-4	PST094	787	787	4	che	che	_	_	_	_	_	linguistic	_	none	_	_	_	_	_	_
787-5	PST094	787	787	5	tiene::	tiene	_	_	_	_	_	linguistic	_	none	_	End=2169.61	4x2	_	_	_
788-0	PST094	788	788	0	delle	delle	_	_	_	_	_	linguistic	_	none	_	Begin=2169.97	_	_	_	_
788-1	PST094	788	788	1	tradizio:ni	tradizioni	_	_	_	_	_	linguistic	_	none	_	_	7x1	_	_	_
788-2	PST094	788	788	2	sono	sono	_	_	_	_	_	linguistic	_	none	_	_	_	_	_	_
788-3	PST094	788	788	3	stati	stati	_	_	_	_	_	linguistic	_	none	_	_	_	_	_	_
788-4	PST094	788	788	4	immersi:	immersi	_	_	_	_	_	linguistic	_	none	_	_	6x1	_	_	_
788-5	PST094	788	788	5	e	e	_	_	_	_	_	linguistic	_	none	_	_	_	_	_	_
788-6	PST094	788	788	6	hanno	hanno	_	_	_	_	_	linguistic	_	none	_	_	_	_	_	_
788-7	PST094	788	788	7	contunuato	contunuato	_	_	_	_	_	linguistic	_	none	_	_	_	_	_	_
788-8	PST094	788	788	8	con	con	_	_	_	_	_	linguistic	_	none	_	_	_	_	_	_
788-9	PST094	788	788	9	dei:	dei	_	_	_	_	_	linguistic	_	none	ProsodicLink=Yes	_	2x1	_	_	_
788-10	PST094	788	788	10	e::hm::	ehm	_	_	_	_	_	linguistic	_	none	_	End=2176.16	0x2,2x2	_	_	_
789-0	PST094	789	789	0	gruppi	gruppi	_	_	_	_	_	linguistic	_	none	_	Begin=2176.17	_	_	_	_
789-1	PST094	789	789	1	che	che	_	_	_	_	_	linguistic	_	none	_	_	_	_	_	_
789-2	PST094	789	789	2	erano	erano	_	_	_	_	_	linguistic	_	none	_	_	_	_	_	_
789-3	PST094	789	789	3	a	a	_	_	_	_	_	linguistic	_	none	_	_	_	_	_	_
789-4	PST094	789	789	4	un	un	_	_	_	_	_	linguistic	_	none	_	_	_	_	_	_
789-5	PST094	789	789	5	certo	certo	_	_	_	_	_	linguistic	_	none	_	_	_	_	_	_
789-6	PST094	789	789	6	livello	livello	_	_	_	_	_	linguistic	_	none	_	_	_	_	_	_
789-7	PST094	789	789	7	alto	alto	_	_	_	_	_	linguistic	_	none	_	End=2178.94	_	_	_	_
790-0	PST094	790	790	0	e	e	_	_	_	_	_	linguistic	_	none	_	Begin=2179.74	_	_	_	_
790-1	PST094	790	790	1	certo	certo	_	_	_	_	_	linguistic	_	none	_	_	_	_	_	_
790-2	PST094	790	790	2	che	che	_	_	_	_	_	linguistic	_	none	_	_	_	_	_	_
790-3	PST094	790	790	3	ci	ci	_	_	_	_	_	linguistic	_	none	_	_	_	_	_	_
790-4	PST094	790	790	4	siamo	siamo	_	_	_	_	_	linguistic	_	none	_	_	_	_	_	_
790-5	PST094	790	790	5	felici	felici	_	_	_	_	_	linguistic	_	none	_	_	_	_	_	_
790-6	PST094	790	790	6	{ride}	{ride}	_	_	_	_	_	nonverbalbehavior	_	none	_	End=2181.59	_	_	_	_
791-0	PST092	791	791	0	°va	va	_	_	_	_	_	linguistic	_	none	Volume=low	Begin=2185.95	_	_	_	_
791-1	PST092	791	791	1	bene°	bene	_	_	_	_	_	linguistic	_	none	Volume=low	End=2186.93	_	_	_	_
792-0	PST203	792	792	0	(a)	a	_	_	_	_	_	linguistic	_	none	_	Begin=2189.75	_	_	0-1(0)	_
792-1	PST203	792	792	1	posto	posto	_	_	_	_	_	linguistic	_	none	_	End=2190.5	_	_	_	_
