token_id	speaker	tu_id	unit	id	span	form	lemma	upos	xpos	feats	deprel	type	meta_label	variation	jefferson_feats	align	prolongations	pace	guesses	overlaps
0-0	PST210	0	0	0	a	a	_	_	_	_	_	linguistic	_	all	Language=NO_ISO_CODE	Begin=0.337	_	_	_	_
0-1	PST210	0	0	1	ver	ver	_	_	_	_	_	linguistic	_	all	Language=NO_ISO_CODE	_	_	_	_	_
0-2	PST210	0	0	2	preguntale	preguntale	_	_	_	_	_	linguistic	_	all	Language=NO_ISO_CODE	_	_	_	_	_
0-3	PST210	0	0	3	a	a	_	_	_	_	_	linguistic	_	all	Language=NO_ISO_CODE	_	_	_	_	_
0-4	PST210	0	0	4	xx	xx	_	_	_	_	_	linguistic	_	all	Language=NO_ISO_CODE|Syllables=2	End=1.623	_	_	_	_
2-0	PST203	2	2	0	okay	okay	_	_	_	_	_	linguistic	_	none	_	Begin=1.633|End=2.316	_	_	_	_
3-0	PST203	3	3	0	xxxx,	xxxx	_	_	_	_	_	linguistic	_	none	Intonation=WeaklyRising	Begin=2.985|End=3.555	_	_	_	_
4-0	PST210	4	4	0	(sono	sono	_	_	_	_	_	linguistic	_	none	_	Begin=3.583	_	_	0-4(0)	_
4-1	PST210	4	4	1	io?)	io	_	_	_	_	_	linguistic	_	none	Intonation=Rising	End=4.215	_	_	0-2(0)	_
5-0	PST203	5	5	0	si	si	_	_	_	_	_	linguistic	_	none	_	Begin=4.929	_	_	_	_
5-1	PST203	5	5	1	(deve	deve	_	_	_	_	_	linguistic	_	none	_	_	_	_	0-4(0)	_
5-2	PST203	5	5	2	accendere)	accendere	_	_	_	_	_	linguistic	_	none	_	End=5.836	_	_	0-9(0)	_
6-0	PST064	6	6	0	{ride}	{ride}	_	_	_	_	_	nonverbalbehavior	_	none	_	Begin=5.437|End=6.507	_	_	_	_
7-0	PST065	7	7	0	{ride}	{ride}	_	_	_	_	_	nonverbalbehavior	_	none	_	Begin=5.437|End=6.507	_	_	_	_
8-0	PST064	8	8	0	xxxxx	xxxxx	_	_	_	_	_	linguistic	_	all	Language=NO_ISO_CODE|Syllables=5	Begin=7.426	_	_	_	_
8-1	PST064	8	8	1	[a:h]	ah	_	_	_	_	_	linguistic	_	all	Language=NO_ISO_CODE	End=10.531	0x1	_	_	_
9-0	PST210	9	9	0	[no]	no	_	_	_	_	_	linguistic	_	all	Language=NO_ISO_CODE	Begin=10.26	_	_	_	_
9-1	PST210	9	9	1	porque	porque	_	_	_	_	_	linguistic	_	all	Language=NO_ISO_CODE	_	_	_	_	_
9-2	PST210	9	9	2	yo	yo	_	_	_	_	_	linguistic	_	all	Language=NO_ISO_CODE	_	_	_	_	_
9-3	PST210	9	9	3	no	no	_	_	_	_	_	linguistic	_	all	Language=NO_ISO_CODE	_	_	_	_	_
9-4	PST210	9	9	4	tengo	tengo	_	_	_	_	_	linguistic	_	all	Language=NO_ISO_CODE	_	_	_	_	_
9-5	PST210	9	9	5	que	que	_	_	_	_	_	linguistic	_	all	Language=NO_ISO_CODE	_	_	_	_	_
9-6	PST210	9	9	6	salir	salir	_	_	_	_	_	linguistic	_	all	Language=NO_ISO_CODE	_	_	_	_	_
9-7	PST210	9	9	7	en	en	_	_	_	_	_	linguistic	_	all	Language=NO_ISO_CODE	_	_	_	_	_
9-8	PST210	9	9	8	la	la	_	_	_	_	_	linguistic	_	all	Language=NO_ISO_CODE	_	_	_	_	_
9-9	PST210	9	9	9	cámara	cámara	_	_	_	_	_	linguistic	_	all	Language=NO_ISO_CODE	End=11.635	_	_	_	_
11-0	PST065	11	11	0	[#_x	_x	_	_	_	_	_	warning	_	some	Language=NO_ISO_CODE|Variation=Token	Begin=11.635	_	_	_	0-3(1)
11-1	PST065	11	11	1	que	que	_	_	_	_	_	linguistic	_	some	_	_	_	_	_	0-3(1)
11-2	PST065	11	11	2	se	se	_	_	_	_	_	linguistic	_	some	_	_	_	_	_	0-2(1)
11-3	PST065	11	11	3	vea	vea	_	_	_	_	_	linguistic	_	some	_	_	_	_	_	0-3(1)
11-4	PST065	11	11	4	el	el	_	_	_	_	_	linguistic	_	some	_	_	_	_	_	0-2(1)
11-5	PST065	11	11	5	nom]bre	nombre	_	_	_	_	_	linguistic	_	some	_	_	_	_	_	0-3(1)
11-6	PST065	11	11	6	del	del	_	_	_	_	_	linguistic	_	some	_	_	_	_	_	_
11-7	PST065	11	11	7	restaur[ante]	restaurante	_	_	_	_	_	linguistic	_	some	_	End=13.864	_	_	_	7-11(199)
12-0	PST064	12	12	0	[#_ah	_ah	_	_	_	_	_	warning	_	some	Language=NO_ISO_CODE|Variation=Token	Begin=11.658	_	_	_	0-4(1)
12-1	PST064	12	12	1	no	no	_	_	_	_	_	linguistic	_	some	_	_	_	_	_	0-2(1)
12-2	PST064	12	12	2	tienes	tienes	_	_	_	_	_	linguistic	_	some	_	_	_	_	_	0-6(1)
12-3	PST064	12	12	3	salir]	salir	_	_	_	_	_	linguistic	_	some	_	End=12.665	_	_	_	0-5(1)
14-0	PST210	14	14	0	[solamente	solamente	_	_	_	_	_	linguistic	_	all	Language=NO_ISO_CODE	Begin=13.486	_	_	_	_
14-1	PST210	14	14	1	xxx]	xxx	_	_	_	_	_	linguistic	_	all	Language=NO_ISO_CODE|Syllables=3	End=15.076	_	_	_	_
15-0	PST203	15	15	0	[un	un	_	_	_	_	_	linguistic	_	all	Language=NO_ISO_CODE	Begin=13.621	_	_	_	_
15-1	PST203	15	15	1	momentito	momentito	_	_	_	_	_	linguistic	_	all	Language=NO_ISO_CODE	_	_	_	_	_
15-2	PST203	15	15	2	más	más	_	_	_	_	_	linguistic	_	all	Language=NO_ISO_CODE	_	_	_	_	_
15-3	PST203	15	15	3	porfa]	porfa	_	_	_	_	_	linguistic	_	all	Language=NO_ISO_CODE	_	_	_	_	_
15-4	PST203	15	15	4	(.)	.	_	_	_	_	_	linguistic	_	all	Language=NO_ISO_CODE	_	_	_	_	_
15-5	PST203	15	15	5	xx	xx	_	_	_	_	_	linguistic	_	all	Language=NO_ISO_CODE|Syllables=2	_	_	_	_	_
15-6	PST203	15	15	6	ese	ese	_	_	_	_	_	linguistic	_	all	Language=NO_ISO_CODE	_	_	_	_	_
15-7	PST203	15	15	7	y	y	_	_	_	_	_	linguistic	_	all	Language=NO_ISO_CODE	_	_	_	_	_
15-8	PST203	15	15	8	poner	poner	_	_	_	_	_	linguistic	_	all	Language=NO_ISO_CODE	_	_	_	_	_
15-9	PST203	15	15	9	otro	otro	_	_	_	_	_	linguistic	_	all	Language=NO_ISO_CODE	_	_	_	_	_
15-10	PST203	15	15	10	(.)	.	_	_	_	_	_	linguistic	_	all	Language=NO_ISO_CODE	_	_	_	_	_
15-11	PST203	15	15	11	si	si	_	_	_	_	_	linguistic	_	all	Language=NO_ISO_CODE	_	_	_	_	_
15-12	PST203	15	15	12	no	no	_	_	_	_	_	linguistic	_	all	Language=NO_ISO_CODE	_	_	_	_	_
15-13	PST203	15	15	13	no	no	_	_	_	_	_	linguistic	_	all	Language=NO_ISO_CODE	_	_	_	_	_
15-14	PST203	15	15	14	va	va	_	_	_	_	_	linguistic	_	all	Language=NO_ISO_CODE	End=19.26	_	_	_	_
17-0	PST065	17	17	0	porque	porque	_	_	_	_	_	linguistic	_	all	Language=NO_ISO_CODE	Begin=19.306	_	_	_	_
17-1	PST065	17	17	1	el	el	_	_	_	_	_	linguistic	_	all	Language=NO_ISO_CODE	_	_	_	_	_
17-2	PST065	17	17	2	objetivo	objetivo	_	_	_	_	_	linguistic	_	all	Language=NO_ISO_CODE	_	_	_	_	_
17-3	PST065	17	17	3	es	es	_	_	_	_	_	linguistic	_	all	Language=NO_ISO_CODE	_	_	_	_	_
17-4	PST065	17	17	4	que	que	_	_	_	_	_	linguistic	_	all	Language=NO_ISO_CODE	_	_	_	_	_
17-5	PST065	17	17	5	se	se	_	_	_	_	_	linguistic	_	all	Language=NO_ISO_CODE	_	_	_	_	_
17-6	PST065	17	17	6	vea	vea	_	_	_	_	_	linguistic	_	all	Language=NO_ISO_CODE	_	_	_	_	_
17-7	PST065	17	17	7	(.)	.	_	_	_	_	_	linguistic	_	all	Language=NO_ISO_CODE	_	_	_	_	_
17-8	PST065	17	17	8	el	el	_	_	_	_	_	linguistic	_	all	Language=NO_ISO_CODE	_	_	_	_	_
17-9	PST065	17	17	9	nombre	nombre	_	_	_	_	_	linguistic	_	all	Language=NO_ISO_CODE	_	_	_	_	_
17-10	PST065	17	17	10	del	del	_	_	_	_	_	linguistic	_	all	Language=NO_ISO_CODE	_	_	_	_	_
17-11	PST065	17	17	11	[restaurante]	restaurante	_	_	_	_	_	linguistic	_	all	Language=NO_ISO_CODE	End=22.736	_	_	_	_
19-0	PST064	19	19	0	[ah	ah	_	_	_	_	_	linguistic	_	none	_	Begin=22.11	_	_	_	0-2(2)
19-1	PST064	19	19	1	ah]	ah	_	_	_	_	_	linguistic	_	none	_	End=22.78	_	_	_	0-2(2)
20-0	PST203	20	20	0	eh	eh	_	_	_	_	_	linguistic	_	all	Language=NO_ISO_CODE	Begin=22.847	_	_	_	_
20-1	PST203	20	20	1	se	se	_	_	_	_	_	linguistic	_	all	Language=NO_ISO_CODE	_	_	_	_	_
20-2	PST203	20	20	2	no	no	_	_	_	_	_	linguistic	_	all	Language=NO_ISO_CODE	_	_	_	_	_
20-3	PST203	20	20	3	no	no	_	_	_	_	_	linguistic	_	all	Language=NO_ISO_CODE	_	_	_	_	_
20-4	PST203	20	20	4	sale	sale	_	_	_	_	_	linguistic	_	all	Language=NO_ISO_CODE	_	_	_	_	_
20-5	PST203	20	20	5	el	el	_	_	_	_	_	linguistic	_	all	Language=NO_ISO_CODE	_	_	_	_	_
20-6	PST203	20	20	6	nombre	nombre	_	_	_	_	_	linguistic	_	all	Language=NO_ISO_CODE	_	_	_	_	_
20-7	PST203	20	20	7	del	del	_	_	_	_	_	linguistic	_	all	Language=NO_ISO_CODE	_	_	_	_	_
20-8	PST203	20	20	8	restaurante	restaurante	_	_	_	_	_	linguistic	_	all	Language=NO_ISO_CODE	_	_	_	_	_
20-9	PST203	20	20	9	(.)	.	_	_	_	_	_	linguistic	_	all	Language=NO_ISO_CODE	_	_	_	_	_
20-10	PST203	20	20	10	porque	porque	_	_	_	_	_	linguistic	_	all	Language=NO_ISO_CODE	_	_	_	_	_
20-11	PST203	20	20	11	estamos	estamos	_	_	_	_	_	linguistic	_	all	Language=NO_ISO_CODE	_	_	_	_	_
20-12	PST203	20	20	12	haciendo	haciendo	_	_	_	_	_	linguistic	_	all	Language=NO_ISO_CODE	_	_	_	_	_
20-13	PST203	20	20	13	todo	todo	_	_	_	_	_	linguistic	_	all	Language=NO_ISO_CODE	_	_	_	_	_
20-14	PST203	20	20	14	eso	eso	_	_	_	_	_	linguistic	_	all	Language=NO_ISO_CODE	_	_	_	_	_
20-15	PST203	20	20	15	si	si	_	_	_	_	_	linguistic	_	all	Language=NO_ISO_CODE	_	_	_	_	_
20-16	PST203	20	20	16	no	no	_	_	_	_	_	linguistic	_	all	Language=NO_ISO_CODE	_	_	_	_	_
20-17	PST203	20	20	17	((ride))	ride	_	_	_	_	_	linguistic	_	all	Language=NO_ISO_CODE	End=28.126	_	_	_	_
22-0	PST064	22	22	0	en	en	_	_	_	_	_	linguistic	_	all	Language=NO_ISO_CODE	Begin=29.27	_	_	_	_
22-1	PST064	22	22	1	la	la	_	_	_	_	_	linguistic	_	all	Language=NO_ISO_CODE	_	_	_	_	_
22-2	PST064	22	22	2	entrevista?	entrevista	_	_	_	_	_	linguistic	_	all	Intonation=Rising|Language=NO_ISO_CODE	End=30.482	_	_	_	_
24-0	PST210	24	24	0	°xxxx°	xxxx	_	_	_	_	_	unknown	_	none	Volume=low|Syllables=4	Begin=30.655|End=32.02	_	_	_	_
25-0	PST064	25	25	0	{ride}	{ride}	_	_	_	_	_	nonverbalbehavior	_	none	_	Begin=32.115|End=32.89	_	_	_	_
26-0	PST065	26	26	0	{ride}	{ride}	_	_	_	_	_	nonverbalbehavior	_	none	_	Begin=32.115|End=32.89	_	_	_	_
27-0	PST210	27	27	0	es	es	_	_	_	_	_	linguistic	_	all	Language=NO_ISO_CODE	Begin=33.63	_	_	_	_
27-1	PST210	27	27	1	una	una	_	_	_	_	_	linguistic	_	all	Language=NO_ISO_CODE	_	_	_	_	_
27-2	PST210	27	27	2	entrevista?	entrevista	_	_	_	_	_	linguistic	_	all	Intonation=Rising|Language=NO_ISO_CODE	End=34.405	_	_	_	_
29-0	PST065	29	29	0	claro	claro	_	_	_	_	_	linguistic	_	all	Language=NO_ISO_CODE	Begin=34.445	_	_	_	_
29-1	PST065	29	29	1	porqué?	porqué	_	_	_	_	_	linguistic	_	all	Intonation=Rising|Language=NO_ISO_CODE	_	_	_	_	_
29-2	PST065	29	29	2	porque	porque	_	_	_	_	_	linguistic	_	all	Language=NO_ISO_CODE	_	_	_	_	_
29-3	PST065	29	29	3	lo	lo	_	_	_	_	_	linguistic	_	all	Language=NO_ISO_CODE	_	_	_	_	_
29-4	PST065	29	29	4	pones	pones	_	_	_	_	_	linguistic	_	all	Language=NO_ISO_CODE	_	_	_	_	_
29-5	PST065	29	29	5	tu	tu	_	_	_	_	_	linguistic	_	all	Language=NO_ISO_CODE	_	_	_	_	_
29-6	PST065	29	29	6	[(seguida)	seguida	_	_	_	_	_	linguistic	_	all	Language=NO_ISO_CODE	_	_	_	_	_
29-7	PST065	29	29	7	nosotros	nosotros	_	_	_	_	_	linguistic	_	all	Language=NO_ISO_CODE	_	_	_	_	_
29-8	PST065	29	29	8	estamos	estamos	_	_	_	_	_	linguistic	_	all	Language=NO_ISO_CODE	_	_	_	_	_
29-9	PST065	29	29	9	xx]?	xx	_	_	_	_	_	linguistic	_	all	Intonation=Rising|Language=NO_ISO_CODE	End=38.727	_	_	_	_
31-0	PST203	31	31	0	[#_el	_el	_	_	_	_	_	warning	_	some	Language=NO_ISO_CODE|Variation=Token	Begin=36.287	_	_	_	0-4(200)
31-1	PST203	31	31	1	video	video	_	_	_	_	_	linguistic	_	some	_	_	_	_	_	0-5(200)
31-2	PST203	31	31	2	a	a	_	_	_	_	_	linguistic	_	some	_	_	_	_	_	0-1(200)
31-3	PST203	31	31	3	xxxx]	xxxx	_	_	_	_	_	unknown	_	some	Syllables=4	End=38.012	_	_	_	0-4(200)
32-0	PST064	32	32	0	[claro]	claro	_	_	_	_	_	linguistic	_	none	_	Begin=37.232|End=37.83	_	_	_	0-5(200)
33-0	PST065	33	33	0	he~	he~	_	_	_	_	_	linguistic	_	all	Interrupted=Yes|Language=NO_ISO_CODE	Begin=38.98	_	_	_	_
33-1	PST065	33	33	1	hemos	hemos	_	_	_	_	_	linguistic	_	all	Language=NO_ISO_CODE	_	_	_	_	_
33-2	PST065	33	33	2	sido	sido	_	_	_	_	_	linguistic	_	all	Language=NO_ISO_CODE	_	_	_	_	_
33-3	PST065	33	33	3	entrevistado	entrevistado	_	_	_	_	_	linguistic	_	all	Language=NO_ISO_CODE	_	_	_	_	_
33-4	PST065	33	33	4	por	por	_	_	_	_	_	linguistic	_	all	Language=NO_ISO_CODE	_	_	_	_	_
33-5	PST065	33	33	5	un	un	_	_	_	_	_	linguistic	_	all	Language=NO_ISO_CODE	_	_	_	_	_
33-6	PST065	33	33	6	proyecto	proyecto	_	_	_	_	_	linguistic	_	all	Language=NO_ISO_CODE	_	_	_	_	_
33-7	PST065	33	33	7	de	de	_	_	_	_	_	linguistic	_	all	Language=NO_ISO_CODE	_	_	_	_	_
33-8	PST065	33	33	8	(.)	.	_	_	_	_	_	linguistic	_	all	Language=NO_ISO_CODE	_	_	_	_	_
33-9	PST065	33	33	9	del	del	_	_	_	_	_	linguistic	_	all	Language=NO_ISO_CODE	_	_	_	_	_
33-10	PST065	33	33	10	cu~	cu~	_	_	_	_	_	linguistic	_	all	Interrupted=Yes|Language=NO_ISO_CODE	_	_	_	_	_
33-11	PST065	33	33	11	del::	del	_	_	_	_	_	linguistic	_	all	Language=NO_ISO_CODE	_	2x2	_	_	_
33-12	PST065	33	33	12	de	de	_	_	_	_	_	linguistic	_	all	Language=NO_ISO_CODE	_	_	_	_	_
33-13	PST065	33	33	13	la	la	_	_	_	_	_	linguistic	_	all	Language=NO_ISO_CODE	_	_	_	_	_
33-14	PST065	33	33	14	región	región	_	_	_	_	_	linguistic	_	all	Language=NO_ISO_CODE	_	_	_	_	_
33-15	PST065	33	33	15	del	del	_	_	_	_	_	linguistic	_	all	Language=NO_ISO_CODE	_	_	_	_	_
33-16	PST065	33	33	16	piemonte	piemonte	_	_	_	_	_	linguistic	_	all	Language=NO_ISO_CODE	_	_	_	_	_
33-17	PST065	33	33	17	que	que	_	_	_	_	_	linguistic	_	all	Language=NO_ISO_CODE	_	_	_	_	_
33-18	PST065	33	33	18	va	va	_	_	_	_	_	linguistic	_	all	Language=NO_ISO_CODE	_	_	_	_	_
33-19	PST065	33	33	19	a	a	_	_	_	_	_	linguistic	_	all	Language=NO_ISO_CODE	_	_	_	_	_
33-20	PST065	33	33	20	salir	salir	_	_	_	_	_	linguistic	_	all	Language=NO_ISO_CODE	_	_	_	_	_
33-21	PST065	33	33	21	en	en	_	_	_	_	_	linguistic	_	all	Language=NO_ISO_CODE	_	_	_	_	_
33-22	PST065	33	33	22	xx	xx	_	_	_	_	_	linguistic	_	all	Language=NO_ISO_CODE|Syllables=2	_	_	_	_	_
33-23	PST065	33	33	23	momento	momento	_	_	_	_	_	linguistic	_	all	Language=NO_ISO_CODE	End=47.1	_	_	_	_
35-0	PST065	35	35	0	qué	qué	_	_	_	_	_	linguistic	_	all	Language=NO_ISO_CODE	Begin=48.11	_	_	_	_
35-1	PST065	35	35	1	es?	es	_	_	_	_	_	linguistic	_	all	Intonation=Rising|Language=NO_ISO_CODE	End=48.739	_	_	_	_
36-0	PST064	36	36	0	{ride}	{ride}	_	_	_	_	_	nonverbalbehavior	_	none	_	Begin=48.859|End=49.558	_	_	_	_
37-0	PST210	37	37	0	°xxx°	xxx	_	_	_	_	_	linguistic	_	all	Language=NO_ISO_CODE|Syllables=3	Begin=50.753|End=52.013	_	_	_	_
38-0	PST064	38	38	0	{ride}	{ride}	_	_	_	_	_	nonverbalbehavior	_	none	_	Begin=52.2|End=53.286	_	_	_	_
39-0	PST065	39	39	0	{ride}	{ride}	_	_	_	_	_	nonverbalbehavior	_	none	_	Begin=52.2|End=53.286	_	_	_	_
40-0	PST065	40	40	0	había	había	_	_	_	_	_	linguistic	_	all	Language=NO_ISO_CODE	Begin=53.687	_	_	_	_
40-1	PST065	40	40	1	xxx	xxx	_	_	_	_	_	linguistic	_	all	Language=NO_ISO_CODE|Syllables=3	_	_	_	_	_
40-2	PST065	40	40	2	ya	ya	_	_	_	_	_	linguistic	_	all	Language=NO_ISO_CODE	End=54.909	_	_	_	_
41-0	PST064	41	41	0	se	se	_	_	_	_	_	linguistic	_	all	Language=NO_ISO_CODE	Begin=54.92	_	_	_	_
41-1	PST064	41	41	1	aprovecha	aprovecha	_	_	_	_	_	linguistic	_	all	Language=NO_ISO_CODE	_	_	_	_	_
41-2	PST064	41	41	2	todo	todo	_	_	_	_	_	linguistic	_	all	Language=NO_ISO_CODE	_	_	_	_	_
41-3	PST064	41	41	3	todo	todo	_	_	_	_	_	linguistic	_	all	Language=NO_ISO_CODE	_	_	_	_	_
41-4	PST064	41	41	4	se	se	_	_	_	_	_	linguistic	_	all	Language=NO_ISO_CODE	_	_	_	_	_
41-5	PST064	41	41	5	aprovecha	aprovecha	_	_	_	_	_	linguistic	_	all	Language=NO_ISO_CODE	End=56.903	_	_	_	_
43-0	PST210	43	43	0	xxxx	xxxx	_	_	_	_	_	linguistic	_	all	Language=NO_ISO_CODE|Syllables=4	Begin=61.573	_	_	_	_
43-1	PST210	43	43	1	aquí	aquí	_	_	_	_	_	linguistic	_	all	Language=NO_ISO_CODE	End=63.159	_	_	_	_
44-0	PST064	44	44	0	escríbelo	escríbelo	_	_	_	_	_	linguistic	_	all	Language=NO_ISO_CODE	Begin=64.957|End=65.6	_	_	_	_
45-0	PST203	45	45	0	xx	xx	_	_	_	_	_	linguistic	_	all	Language=NO_ISO_CODE|Syllables=2	Begin=69.073	_	_	_	_
45-1	PST203	45	45	1	un	un	_	_	_	_	_	linguistic	_	all	Language=NO_ISO_CODE	_	_	_	_	_
45-2	PST203	45	45	2	poco	poco	_	_	_	_	_	linguistic	_	all	Language=NO_ISO_CODE	End=70.313	_	_	_	_
46-0	PST210	46	46	0	#xx	xx	_	_	_	_	_	linguistic	_	some	Language=NO_ISO_CODE|Variation=Token	Begin=71.026	_	_	_	_
46-1	PST210	46	46	1	#yo	yo	_	_	_	_	_	linguistic	_	some	Language=NO_ISO_CODE|Variation=Token	_	_	_	_	_
46-2	PST210	46	46	2	tutta	tutta	_	_	_	_	_	linguistic	_	some	_	_	_	_	_	_
46-3	PST210	46	46	3	tua	tua	_	_	_	_	_	linguistic	_	some	_	End=72.046	_	_	_	_
47-0	PST065	47	47	0	no	no	_	_	_	_	_	linguistic	_	none	_	Begin=72.384|End=72.875	_	_	_	_
48-0	PST210	48	48	0	no?	no	_	_	_	_	_	linguistic	_	none	Intonation=Rising	Begin=73.206|End=73.713	_	_	_	_
49-0	PST065	49	49	0	no	no	_	_	_	_	_	linguistic	_	all	Language=NO_ISO_CODE	Begin=74.013	_	_	_	_
49-1	PST065	49	49	1	solamente	solamente	_	_	_	_	_	linguistic	_	all	Language=NO_ISO_CODE	_	_	_	_	_
49-2	PST065	49	49	2	me	me	_	_	_	_	_	linguistic	_	all	Language=NO_ISO_CODE	_	_	_	_	_
49-3	PST065	49	49	3	molestó	molestó	_	_	_	_	_	linguistic	_	all	Language=NO_ISO_CODE	_	_	_	_	_
49-4	PST065	49	49	4	acá	acá	_	_	_	_	_	linguistic	_	all	Language=NO_ISO_CODE	_	_	_	_	_
49-5	PST065	49	49	5	como	como	_	_	_	_	_	linguistic	_	all	Language=NO_ISO_CODE	_	_	_	_	_
49-6	PST065	49	49	6	se	se	_	_	_	_	_	linguistic	_	all	Language=NO_ISO_CODE	_	_	_	_	_
49-7	PST065	49	49	7	ve	ve	_	_	_	_	_	linguistic	_	all	Language=NO_ISO_CODE	_	_	_	_	_
49-8	PST065	49	49	8	[este	este	_	_	_	_	_	linguistic	_	all	Language=NO_ISO_CODE	_	_	_	_	_
49-9	PST065	49	49	9	(peñiscado)	peñiscado	_	_	_	_	_	linguistic	_	all	Language=NO_ISO_CODE	_	_	_	_	_
49-10	PST065	49	49	10	pero	pero	_	_	_	_	_	linguistic	_	all	Language=NO_ISO_CODE	_	_	_	_	_
49-11	PST065	49	49	11	después]	después	_	_	_	_	_	linguistic	_	all	Language=NO_ISO_CODE	End=77.614	_	_	_	_
51-0	PST203	51	51	0	[xx	xx	_	_	_	_	_	linguistic	_	all	Language=NO_ISO_CODE|Syllables=2	Begin=75.916	_	_	_	_
51-1	PST203	51	51	1	(.)	.	_	_	_	_	_	linguistic	_	all	Language=NO_ISO_CODE	_	_	_	_	_
51-2	PST203	51	51	2	eso	eso	_	_	_	_	_	linguistic	_	all	Language=NO_ISO_CODE	_	_	_	_	_
51-3	PST203	51	51	3	al]	al	_	_	_	_	_	linguistic	_	all	Language=NO_ISO_CODE	_	_	_	_	_
51-4	PST203	51	51	4	suelo	suelo	_	_	_	_	_	linguistic	_	all	Language=NO_ISO_CODE	_	_	_	_	_
51-5	PST203	51	51	5	(.)	.	_	_	_	_	_	linguistic	_	all	Language=NO_ISO_CODE	_	_	_	_	_
51-6	PST203	51	51	6	eso	eso	_	_	_	_	_	linguistic	_	all	Language=NO_ISO_CODE	_	_	_	_	_
51-7	PST203	51	51	7	es	es	_	_	_	_	_	linguistic	_	all	Language=NO_ISO_CODE	_	_	_	_	_
51-8	PST203	51	51	8	siempre	siempre	_	_	_	_	_	linguistic	_	all	Language=NO_ISO_CODE	_	_	_	_	_
51-9	PST203	51	51	9	al	al	_	_	_	_	_	linguistic	_	all	Language=NO_ISO_CODE	_	_	_	_	_
51-10	PST203	51	51	10	[suelo]	suelo	_	_	_	_	_	linguistic	_	all	Language=NO_ISO_CODE	End=79.481	_	_	_	_
53-0	PST210	53	53	0	[es	es	_	_	_	_	_	linguistic	_	all	Language=NO_ISO_CODE	Begin=79.007	_	_	_	_
53-1	PST210	53	53	1	un	un	_	_	_	_	_	linguistic	_	all	Language=NO_ISO_CODE	_	_	_	_	_
53-2	PST210	53	53	2	dra]gón?	dragón	_	_	_	_	_	linguistic	_	all	Intonation=Rising|Language=NO_ISO_CODE	End=79.673	_	_	_	_
54-0	PST065	54	54	0	[#_sí	_sí	_	_	_	_	_	warning	_	some	Language=NO_ISO_CODE|Variation=Token	Begin=79.905	_	_	_	0-4(5)
54-1	PST065	54	54	1	es	es	_	_	_	_	_	linguistic	_	some	_	_	_	_	_	0-2(5)
54-2	PST065	54	54	2	un	un	_	_	_	_	_	linguistic	_	some	_	_	_	_	_	0-2(5)
54-3	PST065	54	54	3	dragón	dragón	_	_	_	_	_	linguistic	_	some	_	_	_	_	_	0-6(5)
54-4	PST065	54	54	4	asiático]	asiático	_	_	_	_	_	linguistic	_	some	_	End=81.4	_	_	_	0-8(5)
55-0	PST203	55	55	0	[xx	xx	_	_	_	_	_	unknown	_	none	Syllables=2	Begin=79.905	_	_	_	0-2(5)
55-1	PST203	55	55	1	xxx]	xxx	_	_	_	_	_	unknown	_	none	Syllables=3	End=81.4	_	_	_	0-3(5)
56-0	PST210	56	56	0	ah	ah	_	_	_	_	_	linguistic	_	none	_	Begin=81.701	_	_	_	_
56-1	PST210	56	56	1	[xx]	xx	_	_	_	_	_	unknown	_	none	Syllables=2	End=82.542	_	_	_	0-2(6)
57-0	PST065	57	57	0	[cioè	cioè	_	_	_	_	_	linguistic	_	some	_	Begin=81.942	_	_	_	0-4(6)
57-1	PST065	57	57	1	#oriental]	oriental	_	_	_	_	_	linguistic	_	some	Language=NO_ISO_CODE|Variation=Token	End=82.541	_	_	_	0-9(6)
58-0	PST203	58	58	0	okay	okay	_	_	_	_	_	linguistic	_	none	_	Begin=86.624|End=87.017	_	_	_	_
59-0	PST065	59	59	0	porqué	porqué	_	_	_	_	_	linguistic	_	all	Language=NO_ISO_CODE	Begin=87.019	_	_	_	_
59-1	PST065	59	59	1	lo	lo	_	_	_	_	_	linguistic	_	all	Language=NO_ISO_CODE	_	_	_	_	_
59-2	PST065	59	59	2	llaman	llaman	_	_	_	_	_	linguistic	_	all	Language=NO_ISO_CODE	_	_	_	_	_
59-3	PST065	59	59	3	[a	a	_	_	_	_	_	linguistic	_	all	Language=NO_ISO_CODE	_	_	_	_	_
59-4	PST065	59	59	4	usted	usted	_	_	_	_	_	linguistic	_	all	Language=NO_ISO_CODE	_	_	_	_	_
59-5	PST065	59	59	5	x?]	x	_	_	_	_	_	linguistic	_	all	Intonation=Rising|Language=NO_ISO_CODE	End=88.034	_	_	_	_
61-0	PST064	61	61	0	[ah	ah	_	_	_	_	_	linguistic	_	all	Language=NO_ISO_CODE	Begin=87.305	_	_	_	_
61-1	PST064	61	61	1	xx]	xx	_	_	_	_	_	linguistic	_	all	Language=NO_ISO_CODE|Syllables=2	_	_	_	_	_
61-2	PST064	61	61	2	yo	yo	_	_	_	_	_	linguistic	_	all	Language=NO_ISO_CODE	_	_	_	_	_
61-3	PST064	61	61	3	le	le	_	_	_	_	_	linguistic	_	all	Language=NO_ISO_CODE	_	_	_	_	_
61-4	PST064	61	61	4	mandé	mandé	_	_	_	_	_	linguistic	_	all	Language=NO_ISO_CODE	_	_	_	_	_
61-5	PST064	61	61	5	el	el	_	_	_	_	_	linguistic	_	all	Language=NO_ISO_CODE	_	_	_	_	_
61-6	PST064	61	61	6	mensaje	mensaje	_	_	_	_	_	linguistic	_	all	Language=NO_ISO_CODE	_	_	_	_	_
61-7	PST064	61	61	7	que	que	_	_	_	_	_	linguistic	_	all	Language=NO_ISO_CODE	_	_	_	_	_
61-8	PST064	61	61	8	no	no	_	_	_	_	_	linguistic	_	all	Language=NO_ISO_CODE	_	_	_	_	_
61-9	PST064	61	61	9	iba	iba	_	_	_	_	_	linguistic	_	all	Language=NO_ISO_CODE	_	_	_	_	_
61-10	PST064	61	61	10	pedir	pedir	_	_	_	_	_	linguistic	_	all	Language=NO_ISO_CODE	_	_	_	_	_
61-11	PST064	61	61	11	xxx	xxx	_	_	_	_	_	linguistic	_	all	Language=NO_ISO_CODE|Syllables=3	End=90.747	_	_	_	_
63-0	PST065	63	63	0	a::h	ah	_	_	_	_	_	linguistic	_	none	_	Begin=90.948|End=91.439	0x2	_	_	_
64-0	PST203	64	64	0	x	x	_	_	_	_	_	linguistic	_	all	Language=NO_ISO_CODE|Syllables=1	Begin=91.924	_	_	_	_
64-1	PST203	64	64	1	de	de	_	_	_	_	_	linguistic	_	all	Language=NO_ISO_CODE	_	_	_	_	_
64-2	PST203	64	64	2	rotura	rotura	_	_	_	_	_	linguistic	_	all	Language=NO_ISO_CODE	End=93.02	_	_	_	_
65-0	PST203	65	65	0	@mary	@mary	_	_	_	_	_	linguistic	_	all	Language=NO_ISO_CODE	Begin=94.441	_	_	_	_
65-1	PST203	65	65	1	un	un	_	_	_	_	_	linguistic	_	all	Language=NO_ISO_CODE	_	_	_	_	_
65-2	PST203	65	65	2	poquito	poquito	_	_	_	_	_	linguistic	_	all	Language=NO_ISO_CODE	_	_	_	_	_
65-3	PST203	65	65	3	más	más	_	_	_	_	_	linguistic	_	all	Language=NO_ISO_CODE	_	_	_	_	_
65-4	PST203	65	65	4	a	a	_	_	_	_	_	linguistic	_	all	Language=NO_ISO_CODE	_	_	_	_	_
65-5	PST203	65	65	5	la	la	_	_	_	_	_	linguistic	_	all	Language=NO_ISO_CODE	_	_	_	_	_
65-6	PST203	65	65	6	derecha	derecha	_	_	_	_	_	linguistic	_	all	Language=NO_ISO_CODE	_	_	_	_	_
65-7	PST203	65	65	7	y	y	_	_	_	_	_	linguistic	_	all	Language=NO_ISO_CODE	_	_	_	_	_
65-8	PST203	65	65	8	yo	yo	_	_	_	_	_	linguistic	_	all	Language=NO_ISO_CODE	_	_	_	_	_
65-9	PST203	65	65	9	un	un	_	_	_	_	_	linguistic	_	all	Language=NO_ISO_CODE	_	_	_	_	_
65-10	PST203	65	65	10	poquito	poquito	_	_	_	_	_	linguistic	_	all	Language=NO_ISO_CODE	_	_	_	_	_
65-11	PST203	65	65	11	más	más	_	_	_	_	_	linguistic	_	all	Language=NO_ISO_CODE	_	_	_	_	_
65-12	PST203	65	65	12	a	a	_	_	_	_	_	linguistic	_	all	Language=NO_ISO_CODE	_	_	_	_	_
65-13	PST203	65	65	13	x	x	_	_	_	_	_	linguistic	_	all	Language=NO_ISO_CODE|Syllables=1	_	_	_	_	_
65-14	PST203	65	65	14	(.)	.	_	_	_	_	_	linguistic	_	all	Language=NO_ISO_CODE	_	_	_	_	_
65-15	PST203	65	65	15	[asì]	asì	_	_	_	_	_	linguistic	_	all	Language=NO_ISO_CODE	End=98.537	_	_	_	_
67-0	PST064	67	67	0	[mh]	mh	_	_	_	_	_	linguistic	_	none	_	Begin=98.03|End=98.266	_	_	_	0-2(8)
68-0	PST203	68	68	0	scusate	scusate	_	_	_	_	_	linguistic	_	none	_	Begin=102.932	_	_	_	_
68-1	PST203	68	68	1	ci	ci	_	_	_	_	_	linguistic	_	none	_	_	_	_	_	_
68-2	PST203	68	68	2	[mettiamo]	mettiamo	_	_	_	_	_	linguistic	_	none	_	End=104.398	_	_	_	0-8(9)
69-0	PST064	69	69	0	[sí	sí	_	_	_	_	_	linguistic	_	all	Language=NO_ISO_CODE	Begin=103.845	_	_	_	_
69-1	PST064	69	69	1	sí]	sí	_	_	_	_	_	linguistic	_	all	Language=NO_ISO_CODE	_	_	_	_	_
69-2	PST064	69	69	2	(.)	.	_	_	_	_	_	linguistic	_	all	Language=NO_ISO_CODE	_	_	_	_	_
69-3	PST064	69	69	3	ya	ya	_	_	_	_	_	linguistic	_	all	Language=NO_ISO_CODE	_	_	_	_	_
69-4	PST064	69	69	4	que	que	_	_	_	_	_	linguistic	_	all	Language=NO_ISO_CODE	_	_	_	_	_
69-5	PST064	69	69	5	apaga	apaga	_	_	_	_	_	linguistic	_	all	Language=NO_ISO_CODE	_	_	_	_	_
69-6	PST064	69	69	6	xx	xx	_	_	_	_	_	linguistic	_	all	Language=NO_ISO_CODE|Syllables=2	_	_	_	_	_
69-7	PST064	69	69	7	teléfono)	teléfono	_	_	_	_	_	linguistic	_	all	Language=NO_ISO_CODE	End=106.01	_	_	_	_
71-0	PST203	71	71	0	ci	ci	_	_	_	_	_	linguistic	_	none	_	Begin=106.713	_	_	_	_
71-1	PST203	71	71	1	mettiamo	mettiamo	_	_	_	_	_	linguistic	_	none	_	_	_	_	_	_
71-2	PST203	71	71	2	un	un	_	_	_	_	_	linguistic	_	none	_	_	_	_	_	_
71-3	PST203	71	71	3	po'	po'	_	_	_	_	_	linguistic	_	none	_	End=107.656	_	_	_	_
72-0	PST064	72	72	0	quítala	quítala	_	_	_	_	_	linguistic	_	all	Language=NO_ISO_CODE	Begin=107.78|End=108.46	_	_	_	_
74-0	PST203	74	74	0	ci	ci	_	_	_	_	_	linguistic	_	none	_	Begin=110.469	_	_	_	_
74-1	PST203	74	74	1	mettiamo	mettiamo	_	_	_	_	_	linguistic	_	none	_	_	_	_	_	_
74-2	PST203	74	74	2	un	un	_	_	_	_	_	linguistic	_	none	_	_	_	_	_	_
74-3	PST203	74	74	3	po'	po'	_	_	_	_	_	linguistic	_	none	_	_	_	_	_	_
74-4	PST203	74	74	4	di	di	_	_	_	_	_	linguistic	_	none	_	_	_	_	_	_
74-5	PST203	74	74	5	più	più	_	_	_	_	_	linguistic	_	none	_	_	_	_	_	_
74-6	PST203	74	74	6	perché::	perché	_	_	_	_	_	linguistic	_	none	_	End=112.436	5x2	_	_	_
75-0	PST203	75	75	0	adesso	adesso	_	_	_	_	_	linguistic	_	none	_	Begin=114.742	_	_	_	_
75-1	PST203	75	75	1	non	non	_	_	_	_	_	linguistic	_	none	_	_	_	_	_	_
75-2	PST203	75	75	2	vi	vi	_	_	_	_	_	linguistic	_	none	_	_	_	_	_	_
75-3	PST203	75	75	3	facciamo	facciamo	_	_	_	_	_	linguistic	_	none	_	_	_	_	_	_
75-4	PST203	75	75	4	perdere	perdere	_	_	_	_	_	linguistic	_	none	_	_	_	_	_	_
75-5	PST203	75	75	5	tanto	tanto	_	_	_	_	_	linguistic	_	none	_	_	_	_	_	_
75-6	PST203	75	75	6	tempo	tempo	_	_	_	_	_	linguistic	_	none	_	End=117.068	_	_	_	_
76-0	PST203	76	76	0	xxxx	xxxx	_	_	_	_	_	unknown	_	some	Syllables=4	Begin=117.865	_	_	_	_
76-1	PST203	76	76	1	usare	usare	_	_	_	_	_	linguistic	_	some	_	_	_	_	_	_
76-2	PST203	76	76	2	tutta	tutta	_	_	_	_	_	linguistic	_	some	_	_	_	_	_	_
76-3	PST203	76	76	3	la	la	_	_	_	_	_	linguistic	_	some	_	_	_	_	_	_
76-4	PST203	76	76	4	strumentazione	strumentazione	_	_	_	_	_	linguistic	_	some	_	_	_	_	_	_
76-5	PST203	76	76	5	#tal	tal	_	_	_	_	_	linguistic	_	some	Language=NO_ISO_CODE|Variation=Token	_	_	_	_	_
76-6	PST203	76	76	6	#equipo:	equipo	_	_	_	_	_	linguistic	_	some	Language=NO_ISO_CODE|Variation=Token	End=122.127	5x1	_	_	_
77-0	PST203	77	77	0	qual	qual	_	_	_	_	_	linguistic	_	none	_	Begin=125.595	_	_	_	_
77-1	PST203	77	77	1	è	è	_	_	_	_	_	linguistic	_	none	_	_	_	_	_	_
77-2	PST203	77	77	2	il	il	_	_	_	_	_	linguistic	_	none	_	_	_	_	_	_
77-3	PST203	77	77	3	problema?	problema	_	_	_	_	_	linguistic	_	none	Intonation=Rising	_	_	_	_	_
77-4	PST203	77	77	4	dimmi	dimmi	_	_	_	_	_	linguistic	_	none	_	End=126.704	_	_	_	_
78-0	PST210	78	78	0	non	non	_	_	_	_	_	linguistic	_	none	_	Begin=127.418	_	_	_	_
78-1	PST210	78	78	1	si	si	_	_	_	_	_	linguistic	_	none	_	_	_	_	_	_
78-2	PST210	78	78	2	vede	vede	_	_	_	_	_	linguistic	_	none	_	_	_	_	_	_
78-3	PST210	78	78	3	proprio	proprio	_	_	_	_	_	linguistic	_	none	_	End=128.305	_	_	_	_
79-0	PST203	79	79	0	xxx,	xxx	_	_	_	_	_	linguistic	_	none	Intonation=WeaklyRising	Begin=128.46|End=129.46	_	_	_	_
80-0	PST203	80	80	0	[facciamo	facciamo	_	_	_	_	_	linguistic	_	some	_	Begin=129.54	_	_	_	0-8(?)
80-1	PST203	80	80	1	un'	un'	_	_	_	_	_	linguistic	_	some	SpaceAfter=No	_	_	_	_	0-3(?)
80-2	PST203	80	80	2	altra]	altra	_	_	_	_	_	linguistic	_	some	_	_	_	_	_	0-5(?)
80-3	PST203	80	80	3	xx	xx	_	_	_	_	_	unknown	_	some	Syllables=2	_	_	_	_	_
80-4	PST203	80	80	4	#*con	con	_	_	_	_	_	linguistic	_	some	Language=NO_ISO_CODE|Variation=Doubtful	_	_	_	_	_
80-5	PST203	80	80	5	#el	el	_	_	_	_	_	linguistic	_	some	Language=NO_ISO_CODE|Variation=Token	_	_	_	_	_
80-6	PST203	80	80	6	#nombre	nombre	_	_	_	_	_	linguistic	_	some	Language=NO_ISO_CODE|Variation=Token	_	_	_	_	_
80-7	PST203	80	80	7	#también	también	_	_	_	_	_	linguistic	_	some	Language=NO_ISO_CODE|Variation=Token	_	_	_	_	_
80-8	PST203	80	80	8	#asì	asì	_	_	_	_	_	linguistic	_	some	Language=NO_ISO_CODE|Variation=Token	_	_	_	_	_
80-9	PST203	80	80	9	#hacemos	hacemos	_	_	_	_	_	linguistic	_	some	Language=NO_ISO_CODE|Variation=Token	_	_	_	_	_
80-10	PST203	80	80	10	#otra	otra	_	_	_	_	_	linguistic	_	some	Language=NO_ISO_CODE|Variation=Token	_	_	_	_	_
80-11	PST203	80	80	11	#toma	toma	_	_	_	_	_	linguistic	_	some	Language=NO_ISO_CODE|Variation=Token	End=134.169	_	_	_	_
82-0	PST064	82	82	0	[#_me	_me	_	_	_	_	_	warning	_	some	Language=NO_ISO_CODE|Variation=Token	Begin=129.543	_	_	_	0-4(10)
82-1	PST064	82	82	1	ha	ha	_	_	_	_	_	linguistic	_	some	_	_	_	_	_	0-2(10)
82-2	PST064	82	82	2	llamado]	llamado	_	_	_	_	_	linguistic	_	some	_	End=130.176	_	_	_	0-7(10)
83-0	PST210	83	83	0	[ah	ah	_	_	_	_	_	linguistic	_	none	_	Begin=132.246	_	_	_	0-2(11)
83-1	PST210	83	83	1	okay]	okay	_	_	_	_	_	linguistic	_	none	_	End=132.793	_	_	_	0-4(11)
84-0	PST210	84	84	0	#*(zero)	zero	_	_	_	_	_	linguistic	_	all	Language=NO_ISO_CODE|Variation=Doubtful	Begin=134.354|End=134.927	_	_	2-6(0)	_
85-0	PST210	85	85	0	a	a	_	_	_	_	_	linguistic	_	none	_	Begin=136.506	_	_	_	_
85-1	PST210	85	85	1	posto	posto	_	_	_	_	_	linguistic	_	none	_	End=137.34	_	_	_	_
86-0	PST203	86	86	0	@mary	@mary	_	_	_	_	_	linguistic	_	all	Language=NO_ISO_CODE	Begin=155.666	_	_	_	_
86-1	PST203	86	86	1	(.)	.	_	_	_	_	_	linguistic	_	all	Language=NO_ISO_CODE	_	_	_	_	_
86-2	PST203	86	86	2	(mira)	mira	_	_	_	_	_	linguistic	_	all	Language=NO_ISO_CODE	_	_	_	_	_
86-3	PST203	86	86	3	xxx	xxx	_	_	_	_	_	linguistic	_	all	Language=NO_ISO_CODE|Syllables=3	End=157.833	_	_	_	_
87-0	PST203	87	87	0	xxxxx	xxxxx	_	_	_	_	_	unknown	_	none	Syllables=5	Begin=160.54|End=161.826	_	_	_	_
88-0	PST210	88	88	0	bórrala	bórrala	_	_	_	_	_	linguistic	_	all	Language=NO_ISO_CODE	Begin=170.5|End=171.24	_	_	_	_
90-0	PST203	90	90	0	xx	xx	_	_	_	_	_	unknown	_	none	Syllables=2	Begin=171.407	_	_	_	_
90-1	PST203	90	90	1	xxxx	xxxx	_	_	_	_	_	unknown	_	none	Syllables=4	End=172.627	_	_	_	_
91-0	PST210	91	91	0	okay	okay	_	_	_	_	_	linguistic	_	none	_	Begin=172.633|End=172.993	_	_	_	_
92-0	PST210	92	92	0	me	me	_	_	_	_	_	linguistic	_	all	Language=NO_ISO_CODE	Begin=181.353	_	_	_	_
92-1	PST210	92	92	1	llaman	llaman	_	_	_	_	_	linguistic	_	all	Language=NO_ISO_CODE	_	_	_	_	_
92-2	PST210	92	92	2	(.)	.	_	_	_	_	_	linguistic	_	all	Language=NO_ISO_CODE	_	_	_	_	_
92-3	PST210	92	92	3	siempre	siempre	_	_	_	_	_	linguistic	_	all	Language=NO_ISO_CODE	_	_	_	_	_
92-4	PST210	92	92	4	xxx	xxx	_	_	_	_	_	linguistic	_	all	Language=NO_ISO_CODE|Syllables=3	End=183.18	_	_	_	_
93-0	PST065	93	93	0	de	de	_	_	_	_	_	linguistic	_	all	Language=NO_ISO_CODE	Begin=189.16	_	_	_	_
93-1	PST065	93	93	1	qué	qué	_	_	_	_	_	linguistic	_	all	Language=NO_ISO_CODE	_	_	_	_	_
93-2	PST065	93	93	2	parte	parte	_	_	_	_	_	linguistic	_	all	Language=NO_ISO_CODE	_	_	_	_	_
93-3	PST065	93	93	3	x?	x	_	_	_	_	_	linguistic	_	all	Intonation=Rising|Language=NO_ISO_CODE	End=190.387	_	_	_	_
94-0	PST210	94	94	0	xxx	xxx	_	_	_	_	_	unknown	_	none	Syllables=3	Begin=190.473|End=191.219	_	_	_	_
95-0	PST064	95	95	0	xxx	xxx	_	_	_	_	_	linguistic	_	all	Language=NO_ISO_CODE|Syllables=3	Begin=191.347	_	_	_	_
95-1	PST064	95	95	1	yo	yo	_	_	_	_	_	linguistic	_	all	Language=NO_ISO_CODE	_	_	_	_	_
95-2	PST064	95	95	2	de	de	_	_	_	_	_	linguistic	_	all	Language=NO_ISO_CODE	_	_	_	_	_
95-3	PST064	95	95	3	cañete	cañete	_	_	_	_	_	linguistic	_	all	Language=NO_ISO_CODE	End=192.76	_	_	_	_
96-0	PST065	96	96	0	ya	ya	_	_	_	_	_	linguistic	_	all	Language=NO_ISO_CODE	Begin=194.544	_	_	_	_
96-1	PST065	96	96	1	x	x	_	_	_	_	_	linguistic	_	all	Language=NO_ISO_CODE|Syllables=1	_	_	_	_	_
96-2	PST065	96	96	2	(de	de	_	_	_	_	_	linguistic	_	all	Language=NO_ISO_CODE	_	_	_	_	_
96-3	PST065	96	96	3	la	la	_	_	_	_	_	linguistic	_	all	Language=NO_ISO_CODE	_	_	_	_	_
96-4	PST065	96	96	4	resa)	resa	_	_	_	_	_	linguistic	_	all	Language=NO_ISO_CODE	End=195.453	_	_	_	_
97-0	PST203	97	97	0	xx	xx	_	_	_	_	_	linguistic	_	all	Language=NO_ISO_CODE|Syllables=2	Begin=195.135	_	_	_	_
97-1	PST203	97	97	1	un	un	_	_	_	_	_	linguistic	_	all	Language=NO_ISO_CODE	_	_	_	_	_
97-2	PST203	97	97	2	poco	poco	_	_	_	_	_	linguistic	_	all	Language=NO_ISO_CODE	_	_	_	_	_
97-3	PST203	97	97	3	más	más	_	_	_	_	_	linguistic	_	all	Language=NO_ISO_CODE	_	_	_	_	_
97-4	PST203	97	97	4	[que]	que	_	_	_	_	_	linguistic	_	all	Language=NO_ISO_CODE	End=196.485	_	_	_	_
98-0	PST210	98	98	0	de	de	_	_	_	_	_	linguistic	_	all	Language=NO_ISO_CODE	Begin=195.726	_	_	_	_
98-1	PST210	98	98	1	[la]?	la	_	_	_	_	_	linguistic	_	all	Intonation=Rising|Language=NO_ISO_CODE	End=196.313	_	_	_	_
99-0	PST064	99	99	0	[tru]jill[o]	trujillo	_	_	_	_	_	linguistic	_	none	_	Begin=196.165|End=196.73	_	_	_	0-3(201),7-8(13)
100-0	PST065	100	100	0	[de]	de	_	_	_	_	_	linguistic	_	none	_	Begin=196.587	_	_	_	0-2(13)
100-1	PST065	100	100	1	trujillo	trujillo	_	_	_	_	_	linguistic	_	none	_	End=197.244	_	_	_	_
101-0	PST065	101	101	0	°truj[illo]°	trujillo	_	_	_	_	_	linguistic	_	none	Volume=low	Begin=197.493|End=198.066	_	_	_	4-8(14)
102-0	PST210	102	102	0	[xx]x	xxx	_	_	_	_	_	unknown	_	none	Syllables=3	Begin=197.84|End=198.366	_	_	_	0-2(14)
103-0	PST065	103	103	0	truj[illo]	trujillo	_	_	_	_	_	linguistic	_	none	_	Begin=198.853|End=199.613	_	_	_	4-8(15)
104-0	PST210	104	104	0	[chim]bote	chimbote	_	_	_	_	_	linguistic	_	none	_	Begin=199.166|End=199.799	_	_	_	0-4(15)
105-0	PST064	105	105	0	{ride}	{ride}	_	_	_	_	_	nonverbalbehavior	_	none	_	Begin=199.946|End=200.786	_	_	_	_
106-0	PST065	106	106	0	{ride}	{ride}	_	_	_	_	_	nonverbalbehavior	_	none	_	Begin=199.946|End=200.786	_	_	_	_
107-0	PST064	107	107	0	[chimbote]	chimbote	_	_	_	_	_	linguistic	_	none	_	Begin=201.233|End=202.026	_	_	_	0-8(?)
108-0	PST210	108	108	0	chimbote	chimbote	_	_	_	_	_	linguistic	_	none	_	Begin=202.027|End=202.733	_	_	_	_
109-0	PST203	109	109	0	xxx	xxx	_	_	_	_	_	unknown	_	none	Syllables=3	Begin=202.853|End=204.24	_	_	_	_
110-0	PST203	110	110	0	funziona	funziona	_	_	_	_	_	linguistic	_	none	PauseAfter=Yes	Begin=204.44	_	_	_	_
110-1	PST203	110	110	1	{P}	{P}	_	_	_	_	_	shortpause	_	none	_	_	_	_	_	_
110-2	PST203	110	110	2	sei	sei	_	_	_	_	_	linguistic	_	none	_	_	_	_	_	_
110-3	PST203	110	110	3	tu	tu	_	_	_	_	_	linguistic	_	none	_	_	_	_	_	_
110-4	PST203	110	110	4	il	il	_	_	_	_	_	linguistic	_	none	_	_	_	_	_	_
110-5	PST203	110	110	5	capo	capo	_	_	_	_	_	linguistic	_	none	_	_	_	_	_	_
110-6	PST203	110	110	6	decidi	decidi	_	_	_	_	_	linguistic	_	none	_	_	_	_	_	_
110-7	PST203	110	110	7	tu	tu	_	_	_	_	_	linguistic	_	none	_	End=206.8	_	_	_	_
111-0	PST210	111	111	0	xx	xx	_	_	_	_	_	unknown	_	none	Syllables=2	Begin=208.26	_	_	_	_
111-1	PST210	111	111	1	io	io	_	_	_	_	_	linguistic	_	none	_	_	_	_	_	_
111-2	PST210	111	111	2	perché?	perché	_	_	_	_	_	linguistic	_	none	Intonation=Rising	End=209.487	_	_	_	_
112-0	PST203	112	112	0	stiamo	stiamo	_	_	_	_	_	linguistic	_	none	_	Begin=213.454	_	_	_	_
112-1	PST203	112	112	1	già	già	_	_	_	_	_	linguistic	_	none	_	_	_	_	_	_
112-2	PST203	112	112	2	facendo	facendo	_	_	_	_	_	linguistic	_	none	_	End=214.182	_	_	_	_
113-0	PST203	113	113	0	{batte_le_mani}	{batte_le_mani}	_	_	_	_	_	nonverbalbehavior	_	none	_	Begin=217.246|End=217.586	_	_	_	_
114-0	PST203	114	114	0	#listo	listo	_	_	_	_	_	linguistic	_	all	Language=NO_ISO_CODE|Variation=Token	Begin=217.728|End=218.124	_	_	_	_
116-0	PST203	116	116	0	ciao	ciao	_	_	_	_	_	linguistic	_	none	_	Begin=218.701|End=219.067	_	_	_	_
117-0	PST064	117	117	0	okay	okay	_	_	_	_	_	linguistic	_	none	_	Begin=219.544|End=220.107	_	_	_	_
118-0	PST203	118	118	0	allora	allora	_	_	_	_	_	linguistic	_	none	_	Begin=220.447	_	_	_	_
118-1	PST203	118	118	1	e::::h	eh	_	_	_	_	_	linguistic	_	none	_	_	0x4	_	_	_
118-2	PST203	118	118	2	io	io	_	_	_	_	_	linguistic	_	none	_	_	_	_	_	_
118-3	PST203	118	118	3	sono	sono	_	_	_	_	_	linguistic	_	none	_	_	_	_	_	_
118-4	PST203	118	118	4	@pasquale	@pasquale	_	_	_	_	_	anonymized	_	none	_	_	_	_	_	_
118-5	PST203	118	118	5	vi	vi	_	_	_	_	_	linguistic	_	none	_	_	_	_	_	_
118-6	PST203	118	118	6	abbiamo	abbiamo	_	_	_	_	_	linguistic	_	none	_	_	_	_	_	_
118-7	PST203	118	118	7	già	già	_	_	_	_	_	linguistic	_	none	_	_	_	_	_	_
118-8	PST203	118	118	8	raccontato	raccontato	_	_	_	_	_	linguistic	_	none	_	_	_	_	_	_
118-9	PST203	118	118	9	un	un	_	_	_	_	_	linguistic	_	none	_	_	_	_	_	_
118-10	PST203	118	118	10	po'	po'	_	_	_	_	_	linguistic	_	none	_	_	_	_	_	_
118-11	PST203	118	118	11	del[::]	del	_	_	_	_	_	linguistic	_	none	_	_	2x2	_	_	_
118-12	PST203	118	118	12	nostro	nostro	_	_	_	_	_	linguistic	_	none	_	_	_	_	_	_
118-13	PST203	118	118	13	progetto	progetto	_	_	_	_	_	linguistic	_	none	_	End=226.84	_	_	_	_
119-0	PST065	119	119	0	[sì]	sì	_	_	_	_	_	linguistic	_	none	_	Begin=225.082|End=225.396	_	_	_	0-2(16)
120-0	PST203	120	120	0	allora	allora	_	_	_	_	_	linguistic	_	none	_	Begin=226.9	_	_	_	_
120-1	PST203	120	120	1	vi	vi	_	_	_	_	_	linguistic	_	none	_	_	_	_	_	_
120-2	PST203	120	120	2	chiedo	chiedo	_	_	_	_	_	linguistic	_	none	_	_	_	_	_	_
120-3	PST203	120	120	3	se	se	_	_	_	_	_	linguistic	_	none	_	_	_	_	_	_
120-4	PST203	120	120	4	ci	ci	_	_	_	_	_	linguistic	_	none	_	_	_	_	_	_
120-5	PST203	120	120	5	potete	potete	_	_	_	_	_	linguistic	_	none	_	_	_	_	_	_
120-6	PST203	120	120	6	raccontare	raccontare	_	_	_	_	_	linguistic	_	none	_	_	_	_	_	_
120-7	PST203	120	120	7	un	un	_	_	_	_	_	linguistic	_	none	_	_	_	_	_	_
120-8	PST203	120	120	8	po'	po'	_	_	_	_	_	linguistic	_	none	_	_	_	_	_	_
120-9	PST203	120	120	9	su:::	su	_	_	_	_	_	linguistic	_	none	_	_	1x3	_	_	_
120-10	PST203	120	120	10	su	su	_	_	_	_	_	linguistic	_	none	_	_	_	_	_	_
120-11	PST203	120	120	11	questo	questo	_	_	_	_	_	linguistic	_	none	_	_	_	_	_	_
120-12	PST203	120	120	12	posto	posto	_	_	_	_	_	linguistic	_	none	_	End=231.316	_	_	_	_
121-0	PST064	121	121	0	allora	allora	_	_	_	_	_	linguistic	_	none	_	Begin=232.377	_	_	_	_
121-1	PST064	121	121	1	com~	com~	_	_	_	_	_	linguistic	_	none	Interrupted=Yes	_	_	_	_	_
121-2	PST064	121	121	2	del	del	_	_	_	_	_	linguistic	_	none	_	_	_	_	_	_
121-3	PST064	121	121	3	ristorante	ristorante	_	_	_	_	_	linguistic	_	none	_	End=233.811	_	_	_	_
122-0	PST203	122	122	0	sì	sì	_	_	_	_	_	linguistic	_	none	_	Begin=233.902|End=234.207	_	_	_	_
123-0	PST064	123	123	0	e:::h	eh	_	_	_	_	_	linguistic	_	none	_	Begin=234.793	0x3	_	_	_
123-1	PST064	123	123	1	col	col	_	_	_	_	_	linguistic	_	none	_	_	_	_	_	_
123-2	PST064	123	123	2	ristorante::	ristorante	_	_	_	_	_	linguistic	_	none	_	_	9x2	_	_	_
123-3	PST064	123	123	3	abbiamo	abbiamo	_	_	_	_	_	linguistic	_	none	_	_	_	_	_	_
123-4	PST064	123	123	4	cominciato	cominciato	_	_	_	_	_	linguistic	_	none	_	_	_	_	_	_
123-5	PST064	123	123	5	nel	nel	_	_	_	_	_	linguistic	_	none	_	_	_	_	_	_
123-6	PST064	123	123	6	duemilae:::	duemilae	_	_	_	_	_	linguistic	_	none	_	_	7x3	_	_	_
123-7	PST064	123	123	7	du~	du~	_	_	_	_	_	linguistic	_	none	Interrupted=Yes	_	_	_	_	_
123-8	PST064	123	123	8	no	no	_	_	_	_	_	linguistic	_	none	_	End=240.881	_	_	_	_
124-0	PST064	124	124	0	due	due	_	_	_	_	_	linguistic	_	none	_	Begin=242.018	_	_	_	_
124-1	PST064	124	124	1	anni	anni	_	_	_	_	_	linguistic	_	none	_	_	_	_	_	_
124-2	PST064	124	124	2	fa	fa	_	_	_	_	_	linguistic	_	none	_	End=242.649	_	_	_	_
125-0	PST065	125	125	0	sì	sì	_	_	_	_	_	linguistic	_	none	_	Begin=243.103|End=243.319	_	_	_	_
126-0	PST064	126	126	0	e:::h	eh	_	_	_	_	_	linguistic	_	none	_	Begin=243.962|End=244.521	0x3	_	_	_
127-0	PST064	127	127	0	duemila	duemila	_	_	_	_	_	linguistic	_	none	_	Begin=245.231	_	_	_	_
127-1	PST064	127	127	1	e	e	_	_	_	_	_	linguistic	_	none	_	_	_	_	_	_
127-2	PST064	127	127	2	venti	venti	_	_	_	_	_	linguistic	_	none	_	_	_	_	_	_
127-3	PST064	127	127	3	due	due	_	_	_	_	_	linguistic	_	none	_	End=246.31	_	_	_	_
128-0	PST064	128	128	0	faremo	faremo	_	_	_	_	_	linguistic	_	none	_	Begin=247.134	_	_	_	_
128-1	PST064	128	128	1	due	due	_	_	_	_	_	linguistic	_	none	_	_	_	_	_	_
128-2	PST064	128	128	2	anni	anni	_	_	_	_	_	linguistic	_	none	_	_	_	_	_	_
128-3	PST064	128	128	3	praticamente	praticamente	_	_	_	_	_	linguistic	_	none	_	_	_	_	_	_
128-4	PST064	128	128	4	a	a	_	_	_	_	_	linguistic	_	none	_	_	_	_	_	_
128-5	PST064	128	128	5	settembre	settembre	_	_	_	_	_	linguistic	_	none	_	_	_	_	_	_
128-6	PST064	128	128	6	[e:::]	e	_	_	_	_	_	linguistic	_	none	_	End=250.504	0x3	_	_	0-1(17)
129-0	PST065	129	129	0	[ah	ah	_	_	_	_	_	linguistic	_	some	_	Begin=250.003	_	_	_	0-2(17)
129-1	PST065	129	129	1	il	il	_	_	_	_	_	linguistic	_	some	_	_	_	_	_	0-2(17)
129-2	PST065	129	129	2	tre]	tre	_	_	_	_	_	linguistic	_	some	_	_	_	_	_	0-3(17)
129-3	PST065	129	129	3	#*de	de	_	_	_	_	_	linguistic	_	some	Language=NO_ISO_CODE|Variation=Doubtful	_	_	_	_	_
129-4	PST065	129	129	4	settembre	settembre	_	_	_	_	_	linguistic	_	some	_	End=251.419	_	_	_	_
130-0	PST064	130	130	0	non	non	_	_	_	_	_	linguistic	_	none	_	Begin=251.777	_	_	_	_
130-1	PST064	130	130	1	è	è	_	_	_	_	_	linguistic	_	none	_	_	_	_	_	_
130-2	PST064	130	130	2	non	non	_	_	_	_	_	linguistic	_	none	_	_	_	_	_	_
130-3	PST064	130	130	3	è::::	è	_	_	_	_	_	linguistic	_	none	_	_	0x4	_	_	_
130-4	PST064	130	130	4	il	il	_	_	_	_	_	linguistic	_	none	_	_	_	_	_	_
130-5	PST064	130	130	5	primo	primo	_	_	_	_	_	linguistic	_	none	_	_	_	_	_	_
130-6	PST064	130	130	6	ristorante	ristorante	_	_	_	_	_	linguistic	_	none	PauseAfter=Yes	_	_	_	_	_
130-7	PST064	130	130	7	{P}	{P}	_	_	_	_	_	shortpause	_	none	_	_	_	_	_	_
130-8	PST064	130	130	8	già	già	_	_	_	_	_	linguistic	_	none	_	_	_	_	_	_
130-9	PST064	130	130	9	nel	nel	_	_	_	_	_	linguistic	_	none	_	_	_	_	_	_
130-10	PST064	130	130	10	duemila	duemila	_	_	_	_	_	linguistic	_	none	_	_	_	_	_	_
130-11	PST064	130	130	11	e	e	_	_	_	_	_	linguistic	_	none	_	_	_	_	_	_
130-12	PST064	130	130	12	sedici	sedici	_	_	_	_	_	linguistic	_	none	_	_	_	_	_	_
130-13	PST064	130	130	13	ho	ho	_	_	_	_	_	linguistic	_	none	_	_	_	_	_	_
130-14	PST064	130	130	14	avuto	avuto	_	_	_	_	_	linguistic	_	none	_	_	_	_	_	_
130-15	PST064	130	130	15	uno	uno	_	_	_	_	_	linguistic	_	none	_	End=257.087	_	_	_	_
131-0	PST064	131	131	0	#en::	en	_	_	_	_	_	linguistic	_	some	Language=NO_ISO_CODE|Variation=Token	Begin=258.106	1x2	_	_	_
131-1	PST064	131	131	1	@nomeluogo	@nomeluogo	_	_	_	_	_	anonymized	_	some	_	End=260.228	_	_	_	_
132-0	PST064	132	132	0	e:::::	e	_	_	_	_	_	linguistic	_	none	_	Begin=261.628	0x5	_	_	_
132-1	PST064	132	132	1	poi	poi	_	_	_	_	_	linguistic	_	none	_	_	_	_	_	_
132-2	PST064	132	132	2	ho	ho	_	_	_	_	_	linguistic	_	none	_	_	_	_	_	_
132-3	PST064	132	132	3	avuto	avuto	_	_	_	_	_	linguistic	_	none	_	_	_	_	_	_
132-4	PST064	132	132	4	una	una	_	_	_	_	_	linguistic	_	none	_	_	_	_	_	_
132-5	PST064	132	132	5	società	società	_	_	_	_	_	linguistic	_	none	_	_	_	_	_	_
132-6	PST064	132	132	6	nel	nel	_	_	_	_	_	linguistic	_	none	_	_	_	_	_	_
132-7	PST064	132	132	7	duemila	duemila	_	_	_	_	_	linguistic	_	none	_	_	_	_	_	_
132-8	PST064	132	132	8	diciannove	diciannove	_	_	_	_	_	linguistic	_	none	_	_	_	_	_	_
132-9	PST064	132	132	9	credo	credo	_	_	_	_	_	linguistic	_	none	_	End=265.954	_	_	_	_
133-0	PST064	133	133	0	poi	poi	_	_	_	_	_	linguistic	_	none	_	Begin=266.794	_	_	_	_
133-1	PST064	133	133	1	ho	ho	_	_	_	_	_	linguistic	_	none	_	_	_	_	_	_
133-2	PST064	133	133	2	detto	detto	_	_	_	_	_	linguistic	_	none	_	_	_	_	_	_
133-3	PST064	133	133	3	non	non	_	_	_	_	_	linguistic	_	none	_	_	_	_	_	_
133-4	PST064	133	133	4	lo	lo	_	_	_	_	_	linguistic	_	none	_	_	_	_	_	_
133-5	PST064	133	133	5	faccio	faccio	_	_	_	_	_	linguistic	_	none	_	_	_	_	_	_
133-6	PST064	133	133	6	più	più	_	_	_	_	_	linguistic	_	none	_	_	_	_	_	_
133-7	PST064	133	133	7	e	e	_	_	_	_	_	linguistic	_	none	_	_	_	_	_	_
133-8	PST064	133	133	8	invece	invece	_	_	_	_	_	linguistic	_	none	_	_	_	_	_	_
133-9	PST064	133	133	9	no	no	_	_	_	_	_	linguistic	_	none	PauseAfter=Yes	_	_	_	_	_
133-10	PST064	133	133	10	{P}	{P}	_	_	_	_	_	shortpause	_	none	_	_	_	_	_	_
133-11	PST064	133	133	11	°ho	ho	_	_	_	_	_	linguistic	_	none	Volume=low	_	_	_	_	_
133-12	PST064	133	133	12	fatto°	fatto	_	_	_	_	_	linguistic	_	none	Volume=low	End=270.12	_	_	_	_
134-0	PST064	134	134	0	prima	prima	_	_	_	_	_	linguistic	_	none	_	Begin=270.4	_	_	_	_
134-1	PST064	134	134	1	l'	l'	_	_	_	_	_	linguistic	_	none	SpaceAfter=No	_	_	_	_	_
134-2	PST064	134	134	2	ho	ho	_	_	_	_	_	linguistic	_	none	_	_	_	_	_	_
134-3	PST064	134	134	3	fatto	fatto	_	_	_	_	_	linguistic	_	none	_	_	_	_	_	_
134-4	PST064	134	134	4	il	il	_	_	_	_	_	linguistic	_	none	_	_	_	_	_	_
134-5	PST064	134	134	5	mini	mini	_	_	_	_	_	linguistic	_	none	_	_	_	_	_	_
134-6	PST064	134	134	6	market	market	_	_	_	_	_	linguistic	_	none	_	End=271.773	_	_	_	_
135-0	PST064	135	135	0	e	e	_	_	_	_	_	linguistic	_	none	_	Begin=272.888	_	_	_	_
135-1	PST064	135	135	1	dopo	dopo	_	_	_	_	_	linguistic	_	none	_	_	_	_	_	_
135-2	PST064	135	135	2	un	un	_	_	_	_	_	linguistic	_	none	_	_	_	_	_	_
135-3	PST064	135	135	3	anno	anno	_	_	_	_	_	linguistic	_	none	_	_	_	_	_	_
135-4	PST064	135	135	4	ho	ho	_	_	_	_	_	linguistic	_	none	_	_	_	_	_	_
135-5	PST064	135	135	5	fatto	fatto	_	_	_	_	_	linguistic	_	none	_	_	_	_	_	_
135-6	PST064	135	135	6	anche	anche	_	_	_	_	_	linguistic	_	none	_	_	_	_	_	_
135-7	PST064	135	135	7	[(°quello	quello	_	_	_	_	_	linguistic	_	none	Volume=low	_	_	_	0-6(0)	0-6(18)
135-8	PST064	135	135	8	là°)	là	_	_	_	_	_	linguistic	_	none	Volume=low	_	_	_	0-2(0)	0-2(18)
135-9	PST064	135	135	9	sì	sì	_	_	_	_	_	linguistic	_	none	_	_	_	_	_	0-2(18)
135-10	PST064	135	135	10	quello	quello	_	_	_	_	_	linguistic	_	none	_	_	_	_	_	0-6(18)
135-11	PST064	135	135	11	sì	sì	_	_	_	_	_	linguistic	_	none	_	_	_	_	_	0-2(18)
135-12	PST064	135	135	12	sì]	sì	_	_	_	_	_	linguistic	_	none	_	_	_	_	_	0-2(18)
135-13	PST064	135	135	13	s~	s~	_	_	_	_	_	linguistic	_	none	Interrupted=Yes	_	_	_	_	_
135-14	PST064	135	135	14	che	che	_	_	_	_	_	linguistic	_	none	_	_	_	_	_	_
135-15	PST064	135	135	15	c'	c'	_	_	_	_	_	linguistic	_	none	SpaceAfter=No	_	_	_	_	_
135-16	PST064	135	135	16	è	è	_	_	_	_	_	linguistic	_	none	_	_	_	_	_	_
135-17	PST064	135	135	17	sempre	sempre	_	_	_	_	_	linguistic	_	none	_	_	_	_	_	_
135-18	PST064	135	135	18	in	in	_	_	_	_	_	linguistic	_	none	_	_	_	_	_	_
135-19	PST064	135	135	19	@nomeluogo	@nomeluogo	_	_	_	_	_	anonymized	_	none	_	End=278.549	_	_	_	_
136-0	PST210	136	136	0	[questo	questo	_	_	_	_	_	linguistic	_	none	_	Begin=274.987	_	_	_	0-6(18)
136-1	PST210	136	136	1	qui	qui	_	_	_	_	_	linguistic	_	none	_	_	_	_	_	0-3(18)
136-2	PST210	136	136	2	che	che	_	_	_	_	_	linguistic	_	none	_	_	_	_	_	0-3(18)
136-3	PST210	136	136	3	c'	c'	_	_	_	_	_	linguistic	_	none	SpaceAfter=No	_	_	_	_	0-2(18)
136-4	PST210	136	136	4	è	è	_	_	_	_	_	linguistic	_	none	_	_	_	_	_	0-1(18)
136-5	PST210	136	136	5	in	in	_	_	_	_	_	linguistic	_	none	_	_	_	_	_	0-2(18)
136-6	PST210	136	136	6	@nomeluogo?	@nomeluogo	_	_	_	_	_	anonymized	_	none	Intonation=Rising	_	_	_	_	0-10(18)
136-7	PST210	136	136	7	mhmh]	mhmh	_	_	_	_	_	linguistic	_	none	_	End=277.347	_	_	_	0-4(18)
137-0	PST064	137	137	0	#pero	pero	_	_	_	_	_	linguistic	_	some	Language=NO_ISO_CODE|Variation=Token	Begin=278.935	_	_	_	_
137-1	PST064	137	137	1	io	io	_	_	_	_	_	linguistic	_	some	_	_	_	_	_	_
137-2	PST064	137	137	2	#como	como	_	_	_	_	_	linguistic	_	some	Language=NO_ISO_CODE|Variation=Token	_	_	_	_	_
137-3	PST064	137	137	3	#actividad	actividad	_	_	_	_	_	linguistic	_	some	Language=NO_ISO_CODE|Variation=Token	_	_	_	_	_
137-4	PST064	137	137	4	attività	attività	_	_	_	_	_	linguistic	_	some	_	_	_	_	_	_
137-5	PST064	137	137	5	ho	ho	_	_	_	_	_	linguistic	_	some	_	_	_	_	_	_
137-6	PST064	137	137	6	cominciato	cominciato	_	_	_	_	_	linguistic	_	some	_	_	_	_	_	_
137-7	PST064	137	137	7	nel	nel	_	_	_	_	_	linguistic	_	some	_	_	_	_	_	_
137-8	PST064	137	137	8	duemila	duemila	_	_	_	_	_	linguistic	_	some	_	_	_	_	_	_
137-9	PST064	137	137	9	e	e	_	_	_	_	_	linguistic	_	some	_	_	_	_	_	_
137-10	PST064	137	137	10	cinque	cinque	_	_	_	_	_	linguistic	_	some	_	End=281.866	_	_	_	_
138-0	PST064	138	138	0	con	con	_	_	_	_	_	linguistic	_	none	_	Begin=282.791	_	_	_	_
138-1	PST064	138	138	1	il	il	_	_	_	_	_	linguistic	_	none	_	_	_	_	_	_
138-2	PST064	138	138	2	mini	mini	_	_	_	_	_	linguistic	_	none	_	_	_	_	_	_
138-3	PST064	138	138	3	market	market	_	_	_	_	_	linguistic	_	none	PauseAfter=Yes	_	_	_	_	_
138-4	PST064	138	138	4	{P}	{P}	_	_	_	_	_	shortpause	_	none	_	_	_	_	_	_
138-5	PST064	138	138	5	in	in	_	_	_	_	_	linguistic	_	none	_	_	_	_	_	_
138-6	PST064	138	138	6	@nomeluogo	@nomeluogo	_	_	_	_	_	anonymized	_	none	_	End=285.059	_	_	_	_
139-0	PST203	139	139	0	in	in	_	_	_	_	_	linguistic	_	none	_	Begin=285.159	_	_	_	_
139-1	PST203	139	139	1	@nomeluogo	@nomeluogo	_	_	_	_	_	anonymized	_	none	_	End=286.024	_	_	_	_
140-0	PST064	140	140	0	@nomeluogo	@nomeluogo	_	_	_	_	_	anonymized	_	some	_	Begin=286.024	_	_	_	_
140-1	PST064	140	140	1	fino	fino	_	_	_	_	_	linguistic	_	some	_	_	_	_	_	_
140-2	PST064	140	140	2	al	al	_	_	_	_	_	linguistic	_	some	_	_	_	_	_	_
140-3	PST064	140	140	3	duemila	duemila	_	_	_	_	_	linguistic	_	some	_	_	_	_	_	_
140-4	PST064	140	140	4	e	e	_	_	_	_	_	linguistic	_	some	_	_	_	_	_	_
140-5	PST064	140	140	5	ci~	ci~	_	_	_	_	_	linguistic	_	some	Interrupted=Yes	_	_	_	_	_
140-6	PST064	140	140	6	sei	sei	_	_	_	_	_	linguistic	_	some	_	_	_	_	_	_
140-7	PST064	140	140	7	di	di	_	_	_	_	_	linguistic	_	some	_	_	_	_	_	_
140-8	PST064	140	140	8	lì::	lì	_	_	_	_	_	linguistic	_	some	_	_	1x2	_	_	_
140-9	PST064	140	140	9	cambio	cambio	_	_	_	_	_	linguistic	_	some	_	_	_	_	_	_
140-10	PST064	140	140	10	tutto	tutto	_	_	_	_	_	linguistic	_	some	_	_	_	_	_	_
140-11	PST064	140	140	11	ristorante	ristorante	_	_	_	_	_	linguistic	_	some	_	_	_	_	_	_
140-12	PST064	140	140	12	ho	ho	_	_	_	_	_	linguistic	_	some	_	_	_	_	_	_
140-13	PST064	140	140	13	detto	detto	_	_	_	_	_	linguistic	_	some	_	_	_	_	_	_
140-14	PST064	140	140	14	bah	bah	_	_	_	_	_	linguistic	_	some	_	_	_	_	_	_
140-15	PST064	140	140	15	non	non	_	_	_	_	_	linguistic	_	some	_	_	_	_	_	_
140-16	PST064	140	140	16	faccio	faccio	_	_	_	_	_	linguistic	_	some	_	_	_	_	_	_
140-17	PST064	140	140	17	più	più	_	_	_	_	_	linguistic	_	some	_	_	_	_	_	_
140-18	PST064	140	140	18	il	il	_	_	_	_	_	linguistic	_	some	_	_	_	_	_	_
140-19	PST064	140	140	19	mini	mini	_	_	_	_	_	linguistic	_	some	_	_	_	_	_	_
140-20	PST064	140	140	20	market	market	_	_	_	_	_	linguistic	_	some	_	_	_	_	_	_
140-21	PST064	140	140	21	faccio	faccio	_	_	_	_	_	linguistic	_	some	_	_	_	_	_	_
140-22	PST064	140	140	22	adesso	adesso	_	_	_	_	_	linguistic	_	some	_	_	_	_	_	_
140-23	PST064	140	140	23	il	il	_	_	_	_	_	linguistic	_	some	_	_	_	_	_	_
140-24	PST064	140	140	24	#restaurante:	restaurante	_	_	_	_	_	linguistic	_	some	Language=NO_ISO_CODE|Variation=Token	End=293.438	10x1	_	_	_
141-0	PST064	141	141	0	poi:	poi	_	_	_	_	_	linguistic	_	none	_	Begin=294.391	2x1	_	_	_
141-1	PST064	141	141	1	adesso	adesso	_	_	_	_	_	linguistic	_	none	_	_	_	_	_	_
141-2	PST064	141	141	2	di	di	_	_	_	_	_	linguistic	_	none	_	_	_	_	_	_
141-3	PST064	141	141	3	nuovo	nuovo	_	_	_	_	_	linguistic	_	none	_	_	_	_	_	_
141-4	PST064	141	141	4	mini	mini	_	_	_	_	_	linguistic	_	none	_	_	_	_	_	_
141-5	PST064	141	141	5	market	market	_	_	_	_	_	linguistic	_	none	_	_	_	_	_	_
141-6	PST064	141	141	6	ristorante	ristorante	_	_	_	_	_	linguistic	_	none	_	End=297.19	_	_	_	_
142-0	PST203	142	142	0	quindi	quindi	_	_	_	_	_	linguistic	_	none	_	Begin=297.961	_	_	_	_
142-1	PST203	142	142	1	sempre	sempre	_	_	_	_	_	linguistic	_	none	_	_	_	_	_	_
142-2	PST203	142	142	2	qui	qui	_	_	_	_	_	linguistic	_	none	_	_	_	_	_	_
142-3	PST203	142	142	3	borgo	borgo	_	_	_	_	_	linguistic	_	none	_	_	_	_	_	_
142-4	PST203	142	142	4	san	san	_	_	_	_	_	linguistic	_	none	_	_	_	_	_	_
142-5	PST203	142	142	5	paolo	paolo	_	_	_	_	_	linguistic	_	none	_	End=299.68	_	_	_	_
143-0	PST064	143	143	0	s::ì	sì	_	_	_	_	_	linguistic	_	none	_	Begin=299.839	0x2	_	_	_
143-1	PST064	143	143	1	a~	a~	_	_	_	_	_	linguistic	_	none	Interrupted=Yes	_	_	_	_	_
143-2	PST064	143	143	2	sempre	sempre	_	_	_	_	_	linguistic	_	none	_	_	_	_	_	_
143-3	PST064	143	143	3	borgo	borgo	_	_	_	_	_	linguistic	_	none	_	_	_	_	_	_
143-4	PST064	143	143	4	san	san	_	_	_	_	_	linguistic	_	none	_	_	_	_	_	_
143-5	PST064	143	143	5	paolo[::]	paolo	_	_	_	_	_	linguistic	_	none	_	_	4x2	_	_	_
143-6	PST064	143	143	6	sempre	sempre	_	_	_	_	_	linguistic	_	none	_	_	_	_	_	_
143-7	PST064	143	143	7	mi	mi	_	_	_	_	_	linguistic	_	none	_	_	_	_	_	_
143-8	PST064	143	143	8	ha	ha	_	_	_	_	_	linguistic	_	none	_	_	_	_	_	_
143-9	PST064	143	143	9	piaciuto	piaciuto	_	_	_	_	_	linguistic	_	none	_	_	_	_	_	_
143-10	PST064	143	143	10	questa	questa	_	_	_	_	_	linguistic	_	none	_	_	_	_	_	_
143-11	PST064	143	143	11	zona	zona	_	_	_	_	_	linguistic	_	none	_	End=303.57	_	_	_	_
144-0	PST203	144	144	0	[ah]	ah	_	_	_	_	_	linguistic	_	none	_	Begin=301.767|End=302.089	_	_	_	0-2(19)
145-0	PST203	145	145	0	mhmh	mhmh	_	_	_	_	_	linguistic	_	none	_	Begin=303.644|End=304.135	_	_	_	_
146-0	PST064	146	146	0	ma	ma	_	_	_	_	_	linguistic	_	none	_	Begin=304.26	_	_	_	_
146-1	PST064	146	146	1	ci	ci	_	_	_	_	_	linguistic	_	none	_	_	_	_	_	_
146-2	PST064	146	146	2	s::iamo	siamo	_	_	_	_	_	linguistic	_	none	_	_	0x2	_	_	_
146-3	PST064	146	146	3	(in)	in	_	_	_	_	_	linguistic	_	none	_	_	_	_	0-2(0)	_
146-4	PST064	146	146	4	tanti	tanti	_	_	_	_	_	linguistic	_	none	_	_	_	_	_	_
146-5	PST064	146	146	5	sudamericani:	sudamericani	_	_	_	_	_	linguistic	_	none	_	_	11x1	_	_	_
146-6	PST064	146	146	6	a	a	_	_	_	_	_	linguistic	_	none	_	_	_	_	_	_
146-7	PST064	146	146	7	borgo	borgo	_	_	_	_	_	linguistic	_	none	_	_	_	_	_	_
146-8	PST064	146	146	8	san	san	_	_	_	_	_	linguistic	_	none	_	_	_	_	_	_
146-9	PST064	146	146	9	paolo	paolo	_	_	_	_	_	linguistic	_	none	_	End=307.87	_	_	_	_
147-0	PST203	147	147	0	tu	tu	_	_	_	_	_	linguistic	_	none	_	Begin=308.879	_	_	_	_
147-1	PST203	147	147	1	@gabriela	@gabriela	_	_	_	_	_	anonymized	_	none	_	_	_	_	_	_
147-2	PST203	147	147	2	quando	quando	_	_	_	_	_	linguistic	_	none	_	_	_	_	_	_
147-3	PST203	147	147	3	sei	sei	_	_	_	_	_	linguistic	_	none	_	_	_	_	_	_
147-4	PST203	147	147	4	arrivata	arrivata	_	_	_	_	_	linguistic	_	none	_	_	_	_	_	_
147-5	PST203	147	147	5	in	in	_	_	_	_	_	linguistic	_	none	_	_	_	_	_	_
147-6	PST203	147	147	6	italia?	italia	_	_	_	_	_	linguistic	_	none	Intonation=Rising	End=310.998	_	_	_	_
148-0	PST064	148	148	0	io	io	_	_	_	_	_	linguistic	_	none	_	Begin=310.998	_	_	_	_
148-1	PST064	148	148	1	sono	sono	_	_	_	_	_	linguistic	_	none	_	_	_	_	_	_
148-2	PST064	148	148	2	arrivata::	arrivata	_	_	_	_	_	linguistic	_	none	_	_	7x2	_	_	_
148-3	PST064	148	148	3	a	a	_	_	_	_	_	linguistic	_	none	_	_	_	_	_	_
148-4	PST064	148	148	4	dicembre	dicembre	_	_	_	_	_	linguistic	_	none	_	_	_	_	_	_
148-5	PST064	148	148	5	del	del	_	_	_	_	_	linguistic	_	none	_	_	_	_	_	_
148-6	PST064	148	148	6	duemila	duemila	_	_	_	_	_	linguistic	_	none	_	_	_	_	_	_
148-7	PST064	148	148	7	e	e	_	_	_	_	_	linguistic	_	none	_	_	_	_	_	_
148-8	PST064	148	148	8	uno	uno	_	_	_	_	_	linguistic	_	none	_	End=314.154	_	_	_	_
149-0	PST203	149	149	0	mhmh	mhmh	_	_	_	_	_	linguistic	_	none	_	Begin=314.244|End=314.666	_	_	_	_
150-0	PST064	150	150	0	come	come	_	_	_	_	_	linguistic	_	none	_	Begin=315.429	_	_	_	_
150-1	PST064	150	150	1	sempre	sempre	_	_	_	_	_	linguistic	_	none	_	End=316.224	_	_	_	_
151-0	PST064	151	151	0	e:::::h	eh	_	_	_	_	_	linguistic	_	some	PauseAfter=Yes	Begin=317.539	0x5	_	_	_
151-1	PST064	151	151	1	{P}	{P}	_	_	_	_	_	shortpause	_	some	_	_	_	_	_	_
151-2	PST064	151	151	2	dopo	dopo	_	_	_	_	_	linguistic	_	some	_	_	_	_	_	_
151-3	PST064	151	151	3	tre	tre	_	_	_	_	_	linguistic	_	some	_	_	_	_	_	_
151-4	PST064	151	151	4	mese	mese	_	_	_	_	_	linguistic	_	some	_	_	_	_	_	_
151-5	PST064	151	151	5	#ya	ya	_	_	_	_	_	linguistic	_	some	Language=NO_ISO_CODE|Variation=Token	_	_	_	_	_
151-6	PST064	151	151	6	noi	noi	_	_	_	_	_	linguistic	_	some	_	_	_	_	_	_
151-7	PST064	151	151	7	diventiamo	diventiamo	_	_	_	_	_	linguistic	_	some	_	_	_	_	_	_
151-8	PST064	151	151	8	illegale	illegale	_	_	_	_	_	linguistic	_	some	_	End=321.92	_	_	_	_
152-0	PST064	152	152	0	poi:::	poi	_	_	_	_	_	linguistic	_	some	_	Begin=322.904	2x3	_	_	_
152-1	PST064	152	152	1	ho	ho	_	_	_	_	_	linguistic	_	some	_	_	_	_	_	_
152-2	PST064	152	152	2	lavorato	lavorato	_	_	_	_	_	linguistic	_	some	_	_	_	_	_	_
152-3	PST064	152	152	3	grazie	grazie	_	_	_	_	_	linguistic	_	some	_	_	_	_	_	_
152-4	PST064	152	152	4	a	a	_	_	_	_	_	linguistic	_	some	_	_	_	_	_	_
152-5	PST064	152	152	5	dio	dio	_	_	_	_	_	linguistic	_	some	_	_	_	_	_	_
152-6	PST064	152	152	6	s~	s~	_	_	_	_	_	linguistic	_	some	Interrupted=Yes	_	_	_	_	_
152-7	PST064	152	152	7	ho	ho	_	_	_	_	_	linguistic	_	some	_	_	_	_	_	_
152-8	PST064	152	152	8	lavorato	lavorato	_	_	_	_	_	linguistic	_	some	_	_	_	_	_	_
152-9	PST064	152	152	9	sempre	sempre	_	_	_	_	_	linguistic	_	some	_	_	_	_	_	_
152-10	PST064	152	152	10	sempre	sempre	_	_	_	_	_	linguistic	_	some	_	_	_	_	_	_
152-11	PST064	152	152	11	ho	ho	_	_	_	_	_	linguistic	_	some	_	_	_	_	_	_
152-12	PST064	152	152	12	lavorato:	lavorato	_	_	_	_	_	linguistic	_	some	_	_	7x1	_	_	_
152-13	PST064	152	152	13	sai	sai	_	_	_	_	_	linguistic	_	some	_	_	_	_	_	_
152-14	PST064	152	152	14	che	che	_	_	_	_	_	linguistic	_	some	_	_	_	_	_	_
152-15	PST064	152	152	15	quando	quando	_	_	_	_	_	linguistic	_	some	_	_	_	_	_	_
152-16	PST064	152	152	16	uno	uno	_	_	_	_	_	linguistic	_	some	_	_	_	_	_	_
152-17	PST064	152	152	17	arriva	arriva	_	_	_	_	_	linguistic	_	some	_	_	_	_	_	_
152-18	PST064	152	152	18	eh	eh	_	_	_	_	_	linguistic	_	some	_	_	_	_	_	_
152-19	PST064	152	152	19	abbiamo	abbiamo	_	_	_	_	_	linguistic	_	some	_	_	_	_	_	_
152-20	PST064	152	152	20	un	un	_	_	_	_	_	linguistic	_	some	_	_	_	_	_	_
152-21	PST064	152	152	21	po'	po'	_	_	_	_	_	linguistic	_	some	_	_	_	_	_	_
152-22	PST064	152	152	22	#*de	de	_	_	_	_	_	linguistic	_	some	Language=NO_ISO_CODE|Variation=Doubtful	_	_	_	_	_
152-23	PST064	152	152	23	problemi	problemi	_	_	_	_	_	linguistic	_	some	_	_	_	_	_	_
152-24	PST064	152	152	24	con:	con	_	_	_	_	_	linguistic	_	some	_	_	2x1	_	_	_
152-25	PST064	152	152	25	la	la	_	_	_	_	_	linguistic	_	some	_	_	_	_	_	_
152-26	PST064	152	152	26	lingua	lingua	_	_	_	_	_	linguistic	_	some	_	_	_	_	_	_
152-27	PST064	152	152	27	no?	no	_	_	_	_	_	linguistic	_	some	Intonation=Rising	End=331.812	_	_	_	_
153-0	PST064	153	153	0	però	però	_	_	_	_	_	linguistic	_	some	_	Begin=333.059	_	_	_	_
153-1	PST064	153	153	1	in	in	_	_	_	_	_	linguistic	_	some	_	_	_	_	_	_
153-2	PST064	153	153	2	quel	quel	_	_	_	_	_	linguistic	_	some	_	_	_	_	_	_
153-3	PST064	153	153	3	periodo	periodo	_	_	_	_	_	linguistic	_	some	_	_	_	_	_	_
153-4	PST064	153	153	4	forse	forse	_	_	_	_	_	linguistic	_	some	_	_	_	_	_	_
153-5	PST064	153	153	5	#eramo	eramo	_	_	_	_	_	linguistic	_	some	PauseAfter=Yes|Language=NO_ISO_CODE|Variation=Token	_	_	_	_	_
153-6	PST064	153	153	6	{P}	{P}	_	_	_	_	_	shortpause	_	some	_	_	_	_	_	_
153-7	PST064	153	153	7	pochi	pochi	_	_	_	_	_	linguistic	_	some	_	_	_	_	_	_
153-8	PST064	153	153	8	ancora	ancora	_	_	_	_	_	linguistic	_	some	_	End=336.321	_	_	_	_
154-0	PST064	154	154	0	e	e	_	_	_	_	_	linguistic	_	some	_	Begin=336.986	_	_	_	_
154-1	PST064	154	154	1	allora	allora	_	_	_	_	_	linguistic	_	some	_	_	_	_	_	_
154-2	PST064	154	154	2	c'	c'	_	_	_	_	_	linguistic	_	some	SpaceAfter=No	_	_	_	_	_
154-3	PST064	154	154	3	erano::	erano	_	_	_	_	_	linguistic	_	some	_	_	4x2	_	_	_
154-4	PST064	154	154	4	tanti::::	tanti	_	_	_	_	_	linguistic	_	some	_	_	4x4	_	_	_
154-5	PST064	154	154	5	centro	centro	_	_	_	_	_	linguistic	_	some	_	_	_	_	_	_
154-6	PST064	154	154	6	#*de	de	_	_	_	_	_	linguistic	_	some	Language=NO_ISO_CODE|Variation=Doubtful	_	_	_	_	_
154-7	PST064	154	154	7	ascolti	ascolti	_	_	_	_	_	linguistic	_	some	_	_	_	_	_	_
154-8	PST064	154	154	8	#*de	de	_	_	_	_	_	linguistic	_	some	Language=NO_ISO_CODE|Variation=Doubtful	_	_	_	_	_
154-9	PST064	154	154	9	[suo]re	suore	_	_	_	_	_	linguistic	_	some	_	_	_	_	_	0-3(20)
154-10	PST064	154	154	10	queste	queste	_	_	_	_	_	linguistic	_	some	_	_	_	_	_	_
154-11	PST064	154	154	11	cose	cose	_	_	_	_	_	linguistic	_	some	_	_	_	_	_	_
154-12	PST064	154	154	12	e	e	_	_	_	_	_	linguistic	_	some	_	_	_	_	_	_
154-13	PST064	154	154	13	allora	allora	_	_	_	_	_	linguistic	_	some	_	_	_	_	_	_
154-14	PST064	154	154	14	andavamo	andavamo	_	_	_	_	_	linguistic	_	some	_	_	_	_	_	_
154-15	PST064	154	154	15	sempre	sempre	_	_	_	_	_	linguistic	_	some	_	_	_	_	_	_
154-16	PST064	154	154	16	lì	lì	_	_	_	_	_	linguistic	_	some	_	End=344.34	_	_	_	_
155-0	PST203	155	155	0	[mhmh]	mhmh	_	_	_	_	_	linguistic	_	none	_	Begin=341.24|End=341.82	_	_	_	0-4(20)
156-0	PST064	156	156	0	andavamo	andavamo	_	_	_	_	_	linguistic	_	none	_	Begin=344.84	_	_	_	_
156-1	PST064	156	156	1	a	a	_	_	_	_	_	linguistic	_	none	_	_	_	_	_	_
156-2	PST064	156	156	2	$estudiare	estudiare	_	_	_	_	_	linguistic	_	none	Orthography=Yes|Variation=Emerging	_	_	_	_	_
156-3	PST064	156	156	3	al	al	_	_	_	_	_	linguistic	_	none	_	_	_	_	_	_
156-4	PST064	156	156	4	mattino	mattino	_	_	_	_	_	linguistic	_	none	_	_	_	_	_	_
156-5	PST064	156	156	5	presto	presto	_	_	_	_	_	linguistic	_	none	_	_	_	_	_	_
156-6	PST064	156	156	6	fino	fino	_	_	_	_	_	linguistic	_	none	_	_	_	_	_	_
156-7	PST064	156	156	7	a	a	_	_	_	_	_	linguistic	_	none	_	_	_	_	_	_
156-8	PST064	156	156	8	mezzogiorno	mezzogiorno	_	_	_	_	_	linguistic	_	none	_	_	_	_	_	_
156-9	PST064	156	156	9	all'	all'	_	_	_	_	_	linguistic	_	none	SpaceAfter=No	_	_	_	_	_
156-10	PST064	156	156	10	una	una	_	_	_	_	_	linguistic	_	none	_	_	_	_	_	_
156-11	PST064	156	156	11	così	così	_	_	_	_	_	linguistic	_	none	_	_	_	_	_	_
156-12	PST064	156	156	12	pure	pure	_	_	_	_	_	linguistic	_	none	_	_	_	_	_	_
156-13	PST064	156	156	13	lì	lì	_	_	_	_	_	linguistic	_	none	_	_	_	_	_	_
156-14	PST064	156	156	14	ci	ci	_	_	_	_	_	linguistic	_	none	_	_	_	_	_	_
156-15	PST064	156	156	15	davano	davano	_	_	_	_	_	linguistic	_	none	_	_	_	_	_	_
156-16	PST064	156	156	16	il	il	_	_	_	_	_	linguistic	_	none	_	_	_	_	_	_
156-17	PST064	156	156	17	pranzo	pranzo	_	_	_	_	_	linguistic	_	none	_	End=351.693	_	_	_	_
157-0	PST064	157	157	0	ci	ci	_	_	_	_	_	linguistic	_	none	_	Begin=351.793	_	_	_	_
157-1	PST064	157	157	1	regalavano	regalavano	_	_	_	_	_	linguistic	_	none	_	_	_	_	_	_
157-2	PST064	157	157	2	il	il	_	_	_	_	_	linguistic	_	none	_	_	_	_	_	_
157-3	PST064	157	157	3	biglietto	biglietto	_	_	_	_	_	linguistic	_	none	_	_	_	_	_	_
157-4	PST064	157	157	4	per	per	_	_	_	_	_	linguistic	_	none	_	_	_	_	_	_
157-5	PST064	157	157	5	il	il	_	_	_	_	_	linguistic	_	none	_	_	_	_	_	_
157-6	PST064	157	157	6	pullma::n	pullman	_	_	_	_	_	linguistic	_	none	_	_	5x2	_	_	_
157-7	PST064	157	157	7	ci	ci	_	_	_	_	_	linguistic	_	none	_	_	_	_	_	_
157-8	PST064	157	157	8	portavano	portavano	_	_	_	_	_	linguistic	_	none	_	_	_	_	_	_
157-9	PST064	157	157	9	ai	ai	_	_	_	_	_	linguistic	_	none	_	_	_	_	_	_
157-10	PST064	157	157	10	muse::i	musei	_	_	_	_	_	linguistic	_	none	_	_	3x2	_	_	_
157-11	PST064	157	157	11	così	così	_	_	_	_	_	linguistic	_	none	_	_	_	_	_	_
157-12	PST064	157	157	12	no?	no	_	_	_	_	_	linguistic	_	none	Intonation=Rising	End=356.735	_	_	_	_
158-0	PST203	158	158	0	e	e	_	_	_	_	_	linguistic	_	none	_	Begin=356.846	_	_	_	_
158-1	PST203	158	158	1	ti	ti	_	_	_	_	_	linguistic	_	none	_	_	_	_	_	_
158-2	PST203	158	158	2	hanno	hanno	_	_	_	_	_	linguistic	_	none	_	_	_	_	_	_
158-3	PST203	158	158	3	aiutato	aiutato	_	_	_	_	_	linguistic	_	none	_	_	_	_	_	_
158-4	PST203	158	158	4	loro	loro	_	_	_	_	_	linguistic	_	none	_	_	_	_	_	_
158-5	PST203	158	158	5	con	con	_	_	_	_	_	linguistic	_	none	_	_	_	_	_	_
158-6	PST203	158	158	6	il	il	_	_	_	_	_	linguistic	_	none	_	_	_	_	_	_
158-7	PST203	158	158	7	[(bar)]	bar	_	_	_	_	_	linguistic	_	none	PauseAfter=Yes	_	_	_	0-3(0)	0-3(22)
158-8	PST203	158	158	8	{P}	{P}	_	_	_	_	_	shortpause	_	none	_	_	_	_	_	_
158-9	PST203	158	158	9	[mhmh]	mhmh	_	_	_	_	_	linguistic	_	none	_	End=359.312	_	_	_	0-4(21)
159-0	PST064	159	159	0	[loro]	loro	_	_	_	_	_	linguistic	_	none	_	Begin=357.934|End=358.456	_	_	_	0-4(22)
160-0	PST064	160	160	0	[poi]	poi	_	_	_	_	_	linguistic	_	none	_	Begin=358.952	_	_	_	0-3(21)
160-1	PST064	160	160	1	e:::::h	eh	_	_	_	_	_	linguistic	_	none	_	_	0x5	_	_	_
160-2	PST064	160	160	2	trovavamo	trovavamo	_	_	_	_	_	linguistic	_	none	_	_	_	_	_	_
160-3	PST064	160	160	3	lavo~	lavo~	_	_	_	_	_	linguistic	_	none	Interrupted=Yes	_	_	_	_	_
160-4	PST064	160	160	4	loro	loro	_	_	_	_	_	linguistic	_	none	_	_	_	_	_	_
160-5	PST064	160	160	5	ci:::	ci	_	_	_	_	_	linguistic	_	none	_	_	1x3	_	_	_
160-6	PST064	160	160	6	cercavano	cercavano	_	_	_	_	_	linguistic	_	none	_	_	_	_	_	_
160-7	PST064	160	160	7	lavoro	lavoro	_	_	_	_	_	linguistic	_	none	_	_	_	_	_	_
160-8	PST064	160	160	8	per	per	_	_	_	_	_	linguistic	_	none	_	_	_	_	_	_
160-9	PST064	160	160	9	noi	noi	_	_	_	_	_	linguistic	_	none	_	End=364.105	_	_	_	_
161-0	PST064	161	161	0	[così	così	_	_	_	_	_	linguistic	_	some	_	Begin=365.069	_	_	_	0-4(23)
161-1	PST064	161	161	1	abbia]mo	abbiamo	_	_	_	_	_	linguistic	_	some	_	_	_	_	_	0-5(23)
161-2	PST064	161	161	2	cominciato	cominciato	_	_	_	_	_	linguistic	_	some	_	_	_	_	_	_
161-3	PST064	161	161	3	piano	piano	_	_	_	_	_	linguistic	_	some	_	_	_	_	_	_
161-4	PST064	161	161	4	piano	piano	_	_	_	_	_	linguistic	_	some	_	_	_	_	_	_
161-5	PST064	161	161	5	poi:	poi	_	_	_	_	_	linguistic	_	some	_	_	2x1	_	_	_
161-6	PST064	161	161	6	abbiamo	abbiamo	_	_	_	_	_	linguistic	_	some	_	_	_	_	_	_
161-7	PST064	161	161	7	imparato	imparato	_	_	_	_	_	linguistic	_	some	_	_	_	_	_	_
161-8	PST064	161	161	8	di	di	_	_	_	_	_	linguistic	_	some	_	_	_	_	_	_
161-9	PST064	161	161	9	più	più	_	_	_	_	_	linguistic	_	some	_	_	_	_	_	_
161-10	PST064	161	161	10	#ya	ya	_	_	_	_	_	linguistic	_	some	Language=NO_ISO_CODE|Variation=Token	_	_	_	_	_
161-11	PST064	161	161	11	lavorando	lavorando	_	_	_	_	_	linguistic	_	some	_	_	_	_	_	_
161-12	PST064	161	161	12	no?	no	_	_	_	_	_	linguistic	_	some	Intonation=Rising	_	_	_	_	_
161-13	PST064	161	161	13	[lavora~]	lavora~	_	_	_	_	_	linguistic	_	some	Interrupted=Yes	End=370.989	_	_	_	0-7(24)
162-0	PST203	162	162	0	[mhmh]	mhmh	_	_	_	_	_	linguistic	_	none	_	Begin=365.069|End=365.447	_	_	_	0-4(23)
163-0	PST203	163	163	0	[e	e	_	_	_	_	_	linguistic	_	none	_	Begin=370.455	_	_	_	0-1(24)
163-1	PST203	163	163	1	tu	tu	_	_	_	_	_	linguistic	_	none	_	_	_	_	_	0-2(24)
163-2	PST203	163	163	2	sei	sei	_	_	_	_	_	linguistic	_	none	_	_	_	_	_	0-3(24)
163-3	PST203	163	163	3	a]rrivata	arrivata	_	_	_	_	_	linguistic	_	none	_	_	_	_	_	0-1(24)
163-4	PST203	163	163	4	qui	qui	_	_	_	_	_	linguistic	_	none	_	_	_	_	_	_
163-5	PST203	163	163	5	da	da	_	_	_	_	_	linguistic	_	none	_	_	_	_	_	_
163-6	PST203	163	163	6	sola,	sola	_	_	_	_	_	linguistic	_	none	Intonation=WeaklyRising|PauseAfter=Yes	_	_	_	_	_
163-7	PST203	163	163	7	[{P}]	{P}	_	_	_	_	_	shortpause	_	none	_	_	_	_	_	0-3(25)
163-8	PST203	163	163	8	o	o	_	_	_	_	_	linguistic	_	none	_	_	_	_	_	_
163-9	PST203	163	163	9	avevi	avevi	_	_	_	_	_	linguistic	_	none	_	_	_	_	_	_
163-10	PST203	163	163	10	fa[miglia	famiglia	_	_	_	_	_	linguistic	_	none	_	_	_	_	_	2-8(26)
163-11	PST203	163	163	11	marito]:::	marito	_	_	_	_	_	linguistic	_	none	PauseAfter=Yes	_	5x3	_	_	0-6(26)
163-12	PST203	163	163	12	{P}	{P}	_	_	_	_	_	shortpause	_	none	_	_	_	_	_	_
163-13	PST203	163	163	13	mhmh	mhmh	_	_	_	_	_	linguistic	_	none	_	End=376.056	_	_	_	_
164-0	PST064	164	164	0	[sì]	sì	_	_	_	_	_	linguistic	_	none	_	Begin=372.758|End=373.003	_	_	_	0-2(25)
165-0	PST064	165	165	0	[no	no	_	_	_	_	_	linguistic	_	none	_	Begin=374.053	_	_	_	0-2(26)
165-1	PST064	165	165	1	m::h	mh	_	_	_	_	_	linguistic	_	none	_	_	0x2	_	_	0-2(26)
165-2	PST064	165	165	2	da	da	_	_	_	_	_	linguistic	_	none	_	_	_	_	_	0-2(26)
165-3	PST064	165	165	3	sola]	sola	_	_	_	_	_	linguistic	_	none	_	End=375.483	_	_	_	0-4(26)
166-0	PST064	166	166	0	prima	prima	_	_	_	_	_	linguistic	_	some	_	Begin=376.225	_	_	_	_
166-1	PST064	166	166	1	da	da	_	_	_	_	_	linguistic	_	some	_	_	_	_	_	_
166-2	PST064	166	166	2	sola	sola	_	_	_	_	_	linguistic	_	some	_	_	_	_	_	_
166-3	PST064	166	166	3	poi	poi	_	_	_	_	_	linguistic	_	some	_	_	_	_	_	_
166-4	PST064	166	166	4	piano	piano	_	_	_	_	_	linguistic	_	some	_	_	_	_	_	_
166-5	PST064	166	166	5	piano	piano	_	_	_	_	_	linguistic	_	some	_	_	_	_	_	_
166-6	PST064	166	166	6	ho	ho	_	_	_	_	_	linguistic	_	some	_	_	_	_	_	_
166-7	PST064	166	166	7	portato	portato	_	_	_	_	_	linguistic	_	some	_	_	_	_	_	_
166-8	PST064	166	166	8	#ya	ya	_	_	_	_	_	linguistic	_	some	Language=NO_ISO_CODE|Variation=Token	_	_	_	_	_
166-9	PST064	166	166	9	i	i	_	_	_	_	_	linguistic	_	some	_	_	_	_	_	_
166-10	PST064	166	166	10	miei	miei	_	_	_	_	_	linguistic	_	some	_	_	_	_	_	_
166-11	PST064	166	166	11	figli	figli	_	_	_	_	_	linguistic	_	some	_	_	_	_	_	_
166-12	PST064	166	166	12	quando	quando	_	_	_	_	_	linguistic	_	some	_	_	_	_	_	_
166-13	PST064	166	166	13	mi	mi	_	_	_	_	_	linguistic	_	some	_	_	_	_	_	_
166-14	PST064	166	166	14	sono	sono	_	_	_	_	_	linguistic	_	some	_	_	_	_	_	_
166-15	PST064	166	166	15	proprio	proprio	_	_	_	_	_	linguistic	_	some	_	_	_	_	_	_
166-16	PST064	166	166	16	sistemata	sistemata	_	_	_	_	_	linguistic	_	some	_	_	_	_	_	_
166-17	PST064	166	166	17	uno	uno	_	_	_	_	_	linguistic	_	some	_	_	_	_	_	_
166-18	PST064	166	166	18	per	per	_	_	_	_	_	linguistic	_	some	_	_	_	_	_	_
166-19	PST064	166	166	19	uno	uno	_	_	_	_	_	linguistic	_	some	_	_	_	_	_	_
166-20	PST064	166	166	20	ho	ho	_	_	_	_	_	linguistic	_	some	_	_	_	_	_	_
166-21	PST064	166	166	21	[porta]to	portato	_	_	_	_	_	linguistic	_	some	_	_	_	_	_	0-5(27)
166-22	PST064	166	166	22	i	i	_	_	_	_	_	linguistic	_	some	PauseAfter=Yes	_	_	_	_	_
166-23	PST064	166	166	23	{P}	{P}	_	_	_	_	_	shortpause	_	some	_	_	_	_	_	_
166-24	PST064	166	166	24	miei	miei	_	_	_	_	_	linguistic	_	some	_	_	_	_	_	_
166-25	PST064	166	166	25	figli	figli	_	_	_	_	_	linguistic	_	some	_	End=383.268	_	_	_	_
167-0	PST203	167	167	0	[mhmh]	mhmh	_	_	_	_	_	linguistic	_	none	_	Begin=381.156|End=381.549	_	_	_	0-4(27)
168-0	PST203	168	168	0	e	e	_	_	_	_	_	linguistic	_	none	_	Begin=383.572	_	_	_	_
168-1	PST203	168	168	1	tuo	tuo	_	_	_	_	_	linguistic	_	none	_	_	_	_	_	_
168-2	PST203	168	168	2	marito	marito	_	_	_	_	_	linguistic	_	none	_	_	_	_	_	_
168-3	PST203	168	168	3	[è	è	_	_	_	_	_	linguistic	_	none	_	_	_	_	_	0-1(28)
168-4	PST203	168	168	4	qui	qui	_	_	_	_	_	linguistic	_	none	_	_	_	_	_	0-3(28)
168-5	PST203	168	168	5	ades]so?	adesso	_	_	_	_	_	linguistic	_	none	Intonation=Rising	End=384.831	_	_	_	0-4(28)
169-0	PST064	169	169	0	[sì:]	sì	_	_	_	_	_	linguistic	_	none	_	Begin=384.097|End=384.628	1x1	_	_	0-2(28)
170-0	PST064	170	170	0	e:::h	eh	_	_	_	_	_	linguistic	_	none	_	Begin=385.359	0x3	_	_	_
170-1	PST064	170	170	1	io	io	_	_	_	_	_	linguistic	_	none	_	_	_	_	_	_
170-2	PST064	170	170	2	ho	ho	_	_	_	_	_	linguistic	_	none	_	_	_	_	_	_
170-3	PST064	170	170	3	un	un	_	_	_	_	_	linguistic	_	none	_	_	_	_	_	_
170-4	PST064	170	170	4	compagno	compagno	_	_	_	_	_	linguistic	_	none	_	End=386.845	_	_	_	_
171-0	PST203	171	171	0	ahah	ahah	_	_	_	_	_	linguistic	_	none	_	Begin=386.91|End=387.3	_	_	_	_
172-0	PST064	172	172	0	[un	un	_	_	_	_	_	linguistic	_	none	_	Begin=388.254	_	_	_	0-2(29)
172-1	PST064	172	172	1	compagno	compagno	_	_	_	_	_	linguistic	_	none	_	_	_	_	_	0-8(29)
172-2	PST064	172	172	2	solo]	solo	_	_	_	_	_	linguistic	_	none	_	_	_	_	_	0-4(29)
172-3	PST064	172	172	3	qui	qui	_	_	_	_	_	linguistic	_	none	_	_	_	_	_	_
172-4	PST064	172	172	4	conosciuto	conosciuto	_	_	_	_	_	linguistic	_	none	_	_	_	_	_	_
172-5	PST064	172	172	5	qui	qui	_	_	_	_	_	linguistic	_	none	_	End=390.425	_	_	_	_
173-0	PST203	173	173	0	[conosciuto	conosciuto	_	_	_	_	_	linguistic	_	none	_	Begin=388.254	_	_	_	0-10(29)
173-1	PST203	173	173	1	qui],	qui	_	_	_	_	_	linguistic	_	none	Intonation=WeaklyRising	End=389.298	_	_	_	0-3(29)
174-0	PST203	174	174	0	ho	ho	_	_	_	_	_	linguistic	_	none	_	Begin=391.261	_	_	_	_
174-1	PST203	174	174	1	[capito]	capito	_	_	_	_	_	linguistic	_	none	_	End=391.85	_	_	_	0-6(30)
175-0	PST064	175	175	0	[sì]	sì	_	_	_	_	_	linguistic	_	none	_	Begin=391.457|End=391.848	_	_	_	0-2(30)
176-0	PST203	176	176	0	e:::h	eh	_	_	_	_	_	linguistic	_	none	_	Begin=392.396	0x3	_	_	_
176-1	PST203	176	176	1	senti	senti	_	_	_	_	_	linguistic	_	none	_	_	_	_	_	_
176-2	PST203	176	176	2	ma	ma	_	_	_	_	_	linguistic	_	none	_	_	_	_	_	_
176-3	PST203	176	176	3	m:::h	mh	_	_	_	_	_	linguistic	_	none	_	_	0x3	_	_	_
176-4	PST203	176	176	4	secondo	secondo	_	_	_	_	_	linguistic	_	none	_	_	_	_	_	_
176-5	PST203	176	176	5	te	te	_	_	_	_	_	linguistic	_	none	_	End=395.466	_	_	_	_
177-0	PST203	177	177	0	@mary	@mary	_	_	_	_	_	anonymized	_	none	_	Begin=395.542	_	_	_	_
177-1	PST203	177	177	1	tu	tu	_	_	_	_	_	linguistic	_	none	_	_	_	_	_	_
177-2	PST203	177	177	2	se	se	_	_	_	_	_	linguistic	_	none	_	_	_	_	_	_
177-3	PST203	177	177	3	vuoi	vuoi	_	_	_	_	_	linguistic	_	none	_	_	_	_	_	_
177-4	PST203	177	177	4	fare	fare	_	_	_	_	_	linguistic	_	none	_	_	_	_	_	_
177-5	PST203	177	177	5	domande::	domande	_	_	_	_	_	linguistic	_	none	_	_	6x2	_	_	_
177-6	PST203	177	177	6	entra	entra	_	_	_	_	_	linguistic	_	none	_	_	_	_	_	_
177-7	PST203	177	177	7	eh	eh	_	_	_	_	_	linguistic	_	none	_	End=398.154	_	_	_	_
178-0	PST210	178	178	0	{ride}	{ride}	_	_	_	_	_	nonverbalbehavior	_	none	_	Begin=396.971|End=397.472	_	_	_	_
179-0	PST203	179	179	0	{ride}	{ride}	_	_	_	_	_	nonverbalbehavior	_	none	_	Begin=398.154|End=399.091	_	_	_	_
180-0	PST203	180	180	0	no	no	_	_	_	_	_	linguistic	_	none	_	Begin=399.091	_	_	_	_
180-1	PST203	180	180	1	no	no	_	_	_	_	_	linguistic	_	none	_	_	_	_	_	_
180-2	PST203	180	180	2	devi	devi	_	_	_	_	_	linguistic	_	none	_	_	_	_	_	_
180-3	PST203	180	180	3	farla	farla	_	_	_	_	_	linguistic	_	none	_	_	_	_	_	_
180-4	PST203	180	180	4	tu	tu	_	_	_	_	_	linguistic	_	none	_	_	_	_	_	_
180-5	PST203	180	180	5	io	io	_	_	_	_	_	linguistic	_	none	_	_	_	_	_	_
180-6	PST203	180	180	6	ti	ti	_	_	_	_	_	linguistic	_	none	_	_	_	_	_	_
180-7	PST203	180	180	7	sto	sto	_	_	_	_	_	linguistic	_	none	_	_	_	_	_	_
180-8	PST203	180	180	8	aiutando	aiutando	_	_	_	_	_	linguistic	_	none	_	_	_	_	_	_
180-9	PST203	180	180	9	ma	ma	_	_	_	_	_	linguistic	_	none	_	_	_	_	_	_
180-10	PST203	180	180	10	sei	sei	_	_	_	_	_	linguistic	_	none	_	_	_	_	_	_
180-11	PST203	180	180	11	tu	tu	_	_	_	_	_	linguistic	_	none	_	_	_	_	_	_
180-12	PST203	180	180	12	che	che	_	_	_	_	_	linguistic	_	none	_	_	_	_	_	_
180-13	PST203	180	180	13	devi	devi	_	_	_	_	_	linguistic	_	none	_	_	_	_	_	_
180-14	PST203	180	180	14	parlare	parlare	_	_	_	_	_	linguistic	_	none	_	_	_	_	_	_
180-15	PST203	180	180	15	non	non	_	_	_	_	_	linguistic	_	none	_	_	_	_	_	_
180-16	PST203	180	180	16	io	io	_	_	_	_	_	linguistic	_	none	_	End=403.571	_	_	_	_
181-0	PST210	181	181	0	{ride}	{ride}	_	_	_	_	_	nonverbalbehavior	_	none	_	Begin=400.043|End=402.294	_	_	_	_
182-0	PST203	182	182	0	{ride}	{ride}	_	_	_	_	_	nonverbalbehavior	_	none	_	Begin=403.583|End=404.369	_	_	_	_
183-0	PST203	183	183	0	senti	senti	_	_	_	_	_	linguistic	_	none	_	Begin=405.097	_	_	_	_
183-1	PST203	183	183	1	ma::	ma	_	_	_	_	_	linguistic	_	none	_	_	1x2	_	_	_
183-2	PST203	183	183	2	m:::h	mh	_	_	_	_	_	linguistic	_	none	_	End=407.034	0x3	_	_	_
184-0	PST203	184	184	0	secondo	secondo	_	_	_	_	_	linguistic	_	none	_	Begin=407.627	_	_	_	_
184-1	PST203	184	184	1	te	te	_	_	_	_	_	linguistic	_	none	_	_	_	_	_	_
184-2	PST203	184	184	2	i	i	_	_	_	_	_	linguistic	_	none	_	_	_	_	_	_
184-3	PST203	184	184	3	tuoi	tuoi	_	_	_	_	_	linguistic	_	none	_	_	_	_	_	_
184-4	PST203	184	184	4	clienti	clienti	_	_	_	_	_	linguistic	_	none	_	_	_	_	_	_
184-5	PST203	184	184	5	sono	sono	_	_	_	_	_	linguistic	_	none	_	_	_	_	_	_
184-6	PST203	184	184	6	più:::	più	_	_	_	_	_	linguistic	_	none	_	_	2x3	_	_	_
184-7	PST203	184	184	7	peruviani	peruviani	_	_	_	_	_	linguistic	_	none	_	_	_	_	_	_
184-8	PST203	184	184	8	latinoamericani	latinoamericani	_	_	_	_	_	linguistic	_	none	_	_	_	_	_	_
184-9	PST203	184	184	9	o	o	_	_	_	_	_	linguistic	_	none	_	_	_	_	_	_
184-10	PST203	184	184	10	anche	anche	_	_	_	_	_	linguistic	_	none	_	_	_	_	_	_
184-11	PST203	184	184	11	italiani?	italiani	_	_	_	_	_	linguistic	_	none	Intonation=Rising	End=412.767	_	_	_	_
185-0	PST064	185	185	0	allora	allora	_	_	_	_	_	linguistic	_	none	_	Begin=413.0	_	_	_	_
185-1	PST064	185	185	1	abbiamo	abbiamo	_	_	_	_	_	linguistic	_	none	_	_	_	_	_	_
185-2	PST064	185	185	2	cominciato	cominciato	_	_	_	_	_	linguistic	_	none	_	_	_	_	_	_
185-3	PST064	185	185	3	con	con	_	_	_	_	_	linguistic	_	none	_	_	_	_	_	_
185-4	PST064	185	185	4	i	i	_	_	_	_	_	linguistic	_	none	_	_	_	_	_	_
185-5	PST064	185	185	5	clienti	clienti	_	_	_	_	_	linguistic	_	none	_	_	_	_	_	_
185-6	PST064	185	185	6	latinoamericani	latinoamericani	_	_	_	_	_	linguistic	_	none	_	_	_	_	_	_
185-7	PST064	185	185	7	no	no	_	_	_	_	_	linguistic	_	none	_	_	_	_	_	_
185-8	PST064	185	185	8	solo	solo	_	_	_	_	_	linguistic	_	none	PauseAfter=Yes	_	_	_	_	_
185-9	PST064	185	185	9	{P}	{P}	_	_	_	_	_	shortpause	_	none	_	_	_	_	_	_
185-10	PST064	185	185	10	peruviani	peruviani	_	_	_	_	_	linguistic	_	none	_	_	_	_	_	_
185-11	PST064	185	185	11	anche	anche	_	_	_	_	_	linguistic	_	none	_	_	_	_	_	_
185-12	PST064	185	185	12	latinoamericani	latinoamericani	_	_	_	_	_	linguistic	_	none	_	_	_	_	_	_
185-13	PST064	185	185	13	boliviani	boliviani	_	_	_	_	_	linguistic	_	none	_	_	_	_	_	_
185-14	PST064	185	185	14	equatoriani	equatoriani	_	_	_	_	_	linguistic	_	none	_	_	_	_	_	_
185-15	PST064	185	185	15	paraguagi	paraguagi	_	_	_	_	_	linguistic	_	none	_	End=421.624	_	_	_	_
186-0	PST203	186	186	0	para[guagi]	paraguagi	_	_	_	_	_	linguistic	_	none	_	Begin=422.393	_	_	_	4-9(31)
186-1	PST203	186	186	1	ci	ci	_	_	_	_	_	linguistic	_	none	_	_	_	_	_	_
186-2	PST203	186	186	2	[sono]?	sono	_	_	_	_	_	linguistic	_	none	Intonation=Rising	End=423.383	_	_	_	0-4(32)
187-0	PST064	187	187	0	[peru~]	peru~	_	_	_	_	_	linguistic	_	none	Interrupted=Yes	Begin=422.614|End=422.917	_	_	_	0-5(31)
188-0	PST064	188	188	0	[s:ì]	sì	_	_	_	_	_	linguistic	_	none	_	Begin=423.143	0x1	_	_	0-2(32)
188-1	PST064	188	188	1	ci	ci	_	_	_	_	_	linguistic	_	none	_	_	_	_	_	_
188-2	PST064	188	188	2	sono	sono	_	_	_	_	_	linguistic	_	none	_	_	_	_	_	_
188-3	PST064	188	188	3	anche	anche	_	_	_	_	_	linguistic	_	none	_	End=424.43	_	_	_	_
189-0	PST210	189	189	0	{ride}	{ride}	_	_	_	_	_	nonverbalbehavior	_	none	_	Begin=423.677|End=424.077	_	_	_	_
190-0	PST064	190	190	0	però	però	_	_	_	_	_	linguistic	_	some	_	Begin=424.865	_	_	_	_
190-1	PST064	190	190	1	#*de::::	de	_	_	_	_	_	linguistic	_	some	Language=NO_ISO_CODE|Variation=Doubtful	_	1x4	_	_	_
190-2	PST064	190	190	2	#ya:::	ya	_	_	_	_	_	linguistic	_	some	Language=NO_ISO_CODE|Variation=Token	End=426.655	1x3	_	_	_
191-0	PST064	191	191	0	forse:::	forse	_	_	_	_	_	linguistic	_	none	_	Begin=427.36	4x3	_	_	_
191-1	PST064	191	191	1	otto	otto	_	_	_	_	_	linguistic	_	none	_	_	_	_	_	_
191-2	PST064	191	191	2	nove	nove	_	_	_	_	_	linguistic	_	none	_	_	_	_	_	_
191-3	PST064	191	191	3	mesi	mesi	_	_	_	_	_	linguistic	_	none	_	_	_	_	_	_
191-4	PST064	191	191	4	abbiamo	abbiamo	_	_	_	_	_	linguistic	_	none	_	_	_	_	_	_
191-5	PST064	191	191	5	cominciato	cominciato	_	_	_	_	_	linguistic	_	none	_	_	_	_	_	_
191-6	PST064	191	191	6	ad	ad	_	_	_	_	_	linguistic	_	none	_	_	_	_	_	_
191-7	PST064	191	191	7	avere:::	avere	_	_	_	_	_	linguistic	_	none	PauseAfter=Yes	_	4x3	_	_	_
191-8	PST064	191	191	8	{P}	{P}	_	_	_	_	_	shortpause	_	none	_	_	_	_	_	_
191-9	PST064	191	191	9	(gli)	gli	_	_	_	_	_	linguistic	_	none	_	_	_	_	0-3(0)	_
191-10	PST064	191	191	10	italiani	italiani	_	_	_	_	_	linguistic	_	none	_	_	_	_	_	_
191-11	PST064	191	191	11	adesso	adesso	_	_	_	_	_	linguistic	_	none	_	_	_	_	_	_
191-12	PST064	191	191	12	abbiamo:::::	abbiamo	_	_	_	_	_	linguistic	_	none	_	_	6x5	_	_	_
191-13	PST064	191	191	13	tanti	tanti	_	_	_	_	_	linguistic	_	none	_	_	_	_	_	_
191-14	PST064	191	191	14	clienti	clienti	_	_	_	_	_	linguistic	_	none	_	_	_	_	_	_
191-15	PST064	191	191	15	italiani	italiani	_	_	_	_	_	linguistic	_	none	_	End=435.519	_	_	_	_
192-0	PST064	192	192	0	a	a	_	_	_	_	_	linguistic	_	some	_	Begin=436.077	_	_	_	_
192-1	PST064	192	192	1	volte:::	volte	_	_	_	_	_	linguistic	_	some	_	_	4x3	_	_	_
192-2	PST064	192	192	2	sembra	sembra	_	_	_	_	_	linguistic	_	some	_	_	_	_	_	_
192-3	PST064	192	192	3	che	che	_	_	_	_	_	linguistic	_	some	_	_	_	_	_	_
192-4	PST064	192	192	4	fosse	fosse	_	_	_	_	_	linguistic	_	some	_	_	_	_	_	_
192-5	PST064	192	192	5	una	una	_	_	_	_	_	linguistic	_	some	_	_	_	_	_	_
192-6	PST064	192	192	6	serata	serata	_	_	_	_	_	linguistic	_	some	_	_	_	_	_	_
192-7	PST064	192	192	7	di	di	_	_	_	_	_	linguistic	_	some	_	_	_	_	_	_
192-8	PST064	192	192	8	italiani	italiani	_	_	_	_	_	linguistic	_	some	_	_	_	_	_	_
192-9	PST064	192	192	9	perché	perché	_	_	_	_	_	linguistic	_	some	_	_	_	_	_	_
192-10	PST064	192	192	10	$rempimo	rempimo	_	_	_	_	_	linguistic	_	some	Orthography=Yes|Variation=Emerging	_	_	_	_	_
192-11	PST064	192	192	11	tutto	tutto	_	_	_	_	_	linguistic	_	some	_	_	_	_	_	_
192-12	PST064	192	192	12	di	di	_	_	_	_	_	linguistic	_	some	_	_	_	_	_	_
192-13	PST064	192	192	13	italiani	italiani	_	_	_	_	_	linguistic	_	some	_	_	_	_	_	_
192-14	PST064	192	192	14	non	non	_	_	_	_	_	linguistic	_	some	_	_	_	_	_	_
192-15	PST064	192	192	15	[lo	lo	_	_	_	_	_	linguistic	_	some	_	_	_	_	_	0-2(33)
192-16	PST064	192	192	16	so	so	_	_	_	_	_	linguistic	_	some	_	_	_	_	_	0-2(33)
192-17	PST064	192	192	17	se]	se	_	_	_	_	_	linguistic	_	some	_	_	_	_	_	0-2(33)
192-18	PST064	192	192	18	si	si	_	_	_	_	_	linguistic	_	some	_	_	_	_	_	_
192-19	PST064	192	192	19	mettono	mettono	_	_	_	_	_	linguistic	_	some	_	_	_	_	_	_
192-20	PST064	192	192	20	#*de	de	_	_	_	_	_	linguistic	_	some	Language=NO_ISO_CODE|Variation=Doubtful	_	_	_	_	_
192-21	PST064	192	192	21	accordo	accordo	_	_	_	_	_	linguistic	_	some	_	_	_	_	_	_
192-22	PST064	192	192	22	non	non	_	_	_	_	_	linguistic	_	some	_	_	_	_	_	_
192-23	PST064	192	192	23	lo	lo	_	_	_	_	_	linguistic	_	some	_	_	_	_	_	_
192-24	PST064	192	192	24	so	so	_	_	_	_	_	linguistic	_	some	_	_	_	_	_	_
192-25	PST064	192	192	25	però	però	_	_	_	_	_	linguistic	_	some	_	End=443.955	_	_	_	_
193-0	PST203	193	193	0	{ride}	{ride}	_	_	_	_	_	nonverbalbehavior	_	none	_	Begin=439.967|End=440.807	_	_	_	_
194-0	PST210	194	194	0	{ride}	{ride}	_	_	_	_	_	nonverbalbehavior	_	none	_	Begin=439.967|End=440.807	_	_	_	_
195-0	PST203	195	195	0	[xx]	xx	_	_	_	_	_	unknown	_	none	Syllables=2	Begin=441.422|End=442.138	_	_	_	0-2(33)
196-0	PST203	196	196	0	e	e	_	_	_	_	_	linguistic	_	none	_	Begin=444.235	_	_	_	_
196-1	PST203	196	196	1	conoscono	conoscono	_	_	_	_	_	linguistic	_	none	_	_	_	_	_	_
196-2	PST203	196	196	2	un	un	_	_	_	_	_	linguistic	_	none	_	_	_	_	_	_
196-3	PST203	196	196	3	po'	po'	_	_	_	_	_	linguistic	_	none	_	_	_	_	_	_
196-4	PST203	196	196	4	la	la	_	_	_	_	_	linguistic	_	none	_	_	_	_	_	_
196-5	PST203	196	196	5	cucina	cucina	_	_	_	_	_	linguistic	_	none	_	_	_	_	_	_
196-6	PST203	196	196	6	peruviana:::	peruviana	_	_	_	_	_	linguistic	_	none	_	End=446.63	8x3	_	_	_
197-0	PST064	197	197	0	ma	ma	_	_	_	_	_	linguistic	_	some	_	Begin=446.63	_	_	_	_
197-1	PST064	197	197	1	conoscono::	conoscono	_	_	_	_	_	linguistic	_	some	_	_	8x2	_	_	_
197-2	PST064	197	197	2	sì	sì	_	_	_	_	_	linguistic	_	some	_	_	_	_	_	_
197-3	PST064	197	197	3	conoscono	conoscono	_	_	_	_	_	linguistic	_	some	_	_	_	_	_	_
197-4	PST064	197	197	4	di	di	_	_	_	_	_	linguistic	_	some	_	_	_	_	_	_
197-5	PST064	197	197	5	più	più	_	_	_	_	_	linguistic	_	some	_	_	_	_	_	_
197-6	PST064	197	197	6	lo	lo	_	_	_	_	_	linguistic	_	some	_	_	_	_	_	_
197-7	PST064	197	197	7	conoscono	conoscono	_	_	_	_	_	linguistic	_	some	_	_	_	_	_	_
197-8	PST064	197	197	8	la	la	_	_	_	_	_	linguistic	_	some	_	_	_	_	_	_
197-9	PST064	197	197	9	#papa	papa	_	_	_	_	_	linguistic	_	some	Language=NO_ISO_CODE|Variation=Token	_	_	_	_	_
197-10	PST064	197	197	10	#a	a	_	_	_	_	_	linguistic	_	some	Language=NO_ISO_CODE|Variation=Token	_	_	_	_	_
197-11	PST064	197	197	11	#la	la	_	_	_	_	_	linguistic	_	some	Language=NO_ISO_CODE|Variation=Token	_	_	_	_	_
197-12	PST064	197	197	12	#huancaína	huancaína	_	_	_	_	_	linguistic	_	some	Language=NO_ISO_CODE|Variation=Token	End=451.21	_	_	_	_
198-0	PST064	198	198	0	#el	el	_	_	_	_	_	linguistic	_	all	Language=NO_ISO_CODE|Variation=Token	Begin=452.186	_	_	_	_
198-1	PST064	198	198	1	#ceviche	ceviche	_	_	_	_	_	linguistic	_	all	Language=NO_ISO_CODE|Variation=Token	End=453.018	_	_	_	_
199-0	PST203	199	199	0	[°#ceviche°]	ceviche	_	_	_	_	_	linguistic	_	all	Language=NO_ISO_CODE|Volume=low|Variation=Token	Begin=453.616|End=454.253	_	_	_	0-8(34)
200-0	PST064	200	200	0	[è	è	_	_	_	_	_	linguistic	_	none	_	Begin=453.681	_	_	_	0-1(34)
200-1	PST064	200	200	1	quello	quello	_	_	_	_	_	linguistic	_	none	_	_	_	_	_	0-6(34)
200-2	PST064	200	200	2	che]:::	che	_	_	_	_	_	linguistic	_	none	_	_	2x3	_	_	0-3(34)
200-3	PST064	200	200	3	loro::	loro	_	_	_	_	_	linguistic	_	none	PauseAfter=Yes	_	3x2	_	_	_
200-4	PST064	200	200	4	{P}	{P}	_	_	_	_	_	shortpause	_	none	_	_	_	_	_	_
200-5	PST064	200	200	5	vengono	vengono	_	_	_	_	_	linguistic	_	none	_	_	_	_	_	_
200-6	PST064	200	200	6	prima	prima	_	_	_	_	_	linguistic	_	none	_	_	_	_	_	_
200-7	PST064	200	200	7	a	a	_	_	_	_	_	linguistic	_	none	_	_	_	_	_	_
200-8	PST064	200	200	8	mangiare	mangiare	_	_	_	_	_	linguistic	_	none	_	_	_	_	_	_
200-9	PST064	200	200	9	quello	quello	_	_	_	_	_	linguistic	_	none	_	End=457.13	_	_	_	_
201-0	PST064	201	201	0	adesso	adesso	_	_	_	_	_	linguistic	_	none	_	Begin=457.748	_	_	_	_
201-1	PST064	201	201	1	poi::	poi	_	_	_	_	_	linguistic	_	none	_	_	2x2	_	_	_
201-2	PST064	201	201	2	che	che	_	_	_	_	_	linguistic	_	none	_	_	_	_	_	_
201-3	PST064	201	201	3	noi	noi	_	_	_	_	_	linguistic	_	none	_	_	_	_	_	_
201-4	PST064	201	201	4	abbiamo	abbiamo	_	_	_	_	_	linguistic	_	none	_	_	_	_	_	_
201-5	PST064	201	201	5	un	un	_	_	_	_	_	linguistic	_	none	_	_	_	_	_	_
201-6	PST064	201	201	6	menù:::	menù	_	_	_	_	_	linguistic	_	none	_	_	3x3	_	_	_
201-7	PST064	201	201	7	abbastanza	abbastanza	_	_	_	_	_	linguistic	_	none	_	End=462.161	_	_	_	_
202-0	PST064	202	202	0	abbondante	abbondante	_	_	_	_	_	linguistic	_	some	_	Begin=463.107	_	_	_	_
202-1	PST064	202	202	1	per	per	_	_	_	_	_	linguistic	_	some	_	_	_	_	_	_
202-2	PST064	202	202	2	dire	dire	_	_	_	_	_	linguistic	_	some	_	_	_	_	_	_
202-3	PST064	202	202	3	#ya:::	ya	_	_	_	_	_	linguistic	_	some	Language=NO_ISO_CODE|Variation=Token	End=465.278	1x3	_	_	_
203-0	PST064	203	203	0	conoscono	conoscono	_	_	_	_	_	linguistic	_	some	_	Begin=466.136	_	_	_	_
203-1	PST064	203	203	1	altri	altri	_	_	_	_	_	linguistic	_	some	_	_	_	_	_	_
203-2	PST064	203	203	2	piatti	piatti	_	_	_	_	_	linguistic	_	some	_	_	_	_	_	_
203-3	PST064	203	203	3	perché	perché	_	_	_	_	_	linguistic	_	some	_	_	_	_	_	_
203-4	PST064	203	203	4	loro	loro	_	_	_	_	_	linguistic	_	some	_	_	_	_	_	_
203-5	PST064	203	203	5	>(#dicen)<	dicen	_	_	_	_	_	linguistic	_	some	Language=NO_ISO_CODE|Variation=Token	_	_	Fast=0-6(0)	0-6(0)	_
203-6	PST064	203	203	6	ma	ma	_	_	_	_	_	linguistic	_	some	_	_	_	_	_	_
203-7	PST064	203	203	7	questo	questo	_	_	_	_	_	linguistic	_	some	_	_	_	_	_	_
203-8	PST064	203	203	8	com'	com'	_	_	_	_	_	linguistic	_	some	SpaceAfter=No	_	_	_	_	_
203-9	PST064	203	203	9	è	è	_	_	_	_	_	linguistic	_	some	_	_	_	_	_	_
203-10	PST064	203	203	10	questo	questo	_	_	_	_	_	linguistic	_	some	_	_	_	_	_	_
203-11	PST064	203	203	11	quello	quello	_	_	_	_	_	linguistic	_	some	_	_	_	_	_	_
203-12	PST064	203	203	12	allora	allora	_	_	_	_	_	linguistic	_	some	_	_	_	_	_	_
203-13	PST064	203	203	13	ci	ci	_	_	_	_	_	linguistic	_	some	_	_	_	_	_	_
203-14	PST064	203	203	14	provo	provo	_	_	_	_	_	linguistic	_	some	_	_	_	_	_	_
203-15	PST064	203	203	15	ci	ci	_	_	_	_	_	linguistic	_	some	_	_	_	_	_	_
203-16	PST064	203	203	16	provo	provo	_	_	_	_	_	linguistic	_	some	_	_	_	_	_	_
203-17	PST064	203	203	17	adesso	adesso	_	_	_	_	_	linguistic	_	some	_	_	_	_	_	_
203-18	PST064	203	203	18	cominciano	cominciano	_	_	_	_	_	linguistic	_	some	_	_	_	_	_	_
203-19	PST064	203	203	19	a	a	_	_	_	_	_	linguistic	_	some	_	_	_	_	_	_
203-20	PST064	203	203	20	provare::	provare	_	_	_	_	_	linguistic	_	some	_	End=472.138	6x2	_	_	_
204-0	PST203	204	204	0	°mhmh°	mhmh	_	_	_	_	_	linguistic	_	none	Volume=low	Begin=472.542|End=472.906	_	_	_	_
205-0	PST064	205	205	0	poi	poi	_	_	_	_	_	linguistic	_	none	_	Begin=472.906	_	_	_	_
205-1	PST064	205	205	1	sono	sono	_	_	_	_	_	linguistic	_	none	_	_	_	_	_	_
205-2	PST064	205	205	2	contenti	contenti	_	_	_	_	_	linguistic	_	none	_	End=474.118	_	_	_	_
206-0	PST064	206	206	0	e	e	_	_	_	_	_	linguistic	_	none	_	Begin=474.711	_	_	_	_
206-1	PST064	206	206	1	mangiano	mangiano	_	_	_	_	_	linguistic	_	none	_	_	_	_	_	_
206-2	PST064	206	206	2	tut~	tut~	_	_	_	_	_	linguistic	_	none	Interrupted=Yes	_	_	_	_	_
206-3	PST064	206	206	3	no	no	_	_	_	_	_	linguistic	_	none	_	_	_	_	_	_
206-4	PST064	206	206	4	no	no	_	_	_	_	_	linguistic	_	none	_	_	_	_	_	_
206-5	PST064	206	206	5	non	non	_	_	_	_	_	linguistic	_	none	_	_	_	_	_	_
206-6	PST064	206	206	6	tutti	tutti	_	_	_	_	_	linguistic	_	none	_	_	_	_	_	_
206-7	PST064	206	206	7	mangiano	mangiano	_	_	_	_	_	linguistic	_	none	_	_	_	_	_	_
206-8	PST064	206	206	8	tutti	tutti	_	_	_	_	_	linguistic	_	none	_	_	_	_	_	_
206-9	PST064	206	206	9	perché	perché	_	_	_	_	_	linguistic	_	none	_	_	_	_	_	_
206-10	PST064	206	206	10	come	come	_	_	_	_	_	linguistic	_	none	_	_	_	_	_	_
206-11	PST064	206	206	11	la	la	_	_	_	_	_	linguistic	_	none	_	_	_	_	_	_
206-12	PST064	206	206	12	porzione	porzione	_	_	_	_	_	linguistic	_	none	_	_	_	_	_	_
206-13	PST064	206	206	13	è	è	_	_	_	_	_	linguistic	_	none	_	_	_	_	_	_
206-14	PST064	206	206	14	un	un	_	_	_	_	_	linguistic	_	none	_	_	_	_	_	_
206-15	PST064	206	206	15	po'	po'	_	_	_	_	_	linguistic	_	none	_	_	_	_	_	_
206-16	PST064	206	206	16	abbondante	abbondante	_	_	_	_	_	linguistic	_	none	_	_	_	_	_	_
206-17	PST064	206	206	17	per	per	_	_	_	_	_	linguistic	_	none	_	_	_	_	_	_
206-18	PST064	206	206	18	voi	voi	_	_	_	_	_	linguistic	_	none	_	End=480.068	_	_	_	_
207-0	PST064	207	207	0	e	e	_	_	_	_	_	linguistic	_	none	_	Begin=480.378	_	_	_	_
207-1	PST064	207	207	1	INVECE	invece	_	_	_	_	_	linguistic	_	none	Volume=high	_	_	_	_	_
207-2	PST064	207	207	2	PER	per	_	_	_	_	_	linguistic	_	none	Volume=high	_	_	_	_	_
207-3	PST064	207	207	3	NOI	noi	_	_	_	_	_	linguistic	_	none	Volume=high	_	_	_	_	_
207-4	PST064	207	207	4	INVECE	invece	_	_	_	_	_	linguistic	_	none	Volume=high	_	_	_	_	_
207-5	PST064	207	207	5	PER	per	_	_	_	_	_	linguistic	_	none	Volume=high	_	_	_	_	_
207-6	PST064	207	207	6	NOI	noi	_	_	_	_	_	linguistic	_	none	PauseAfter=Yes|Volume=high	_	_	_	_	_
207-7	PST064	207	207	7	{P}	{P}	_	_	_	_	_	shortpause	_	none	_	_	_	_	_	_
207-8	PST064	207	207	8	E	e	_	_	_	_	_	linguistic	_	none	Volume=high	_	_	_	_	_
207-9	PST064	207	207	9	PER	per	_	_	_	_	_	linguistic	_	none	Volume=high	_	_	_	_	_
207-10	PST064	207	207	10	NOI	noi	_	_	_	_	_	linguistic	_	none	Volume=high	_	_	_	_	_
207-11	PST064	207	207	11	VA	va	_	_	_	_	_	linguistic	_	none	Volume=high	_	_	_	_	_
207-12	PST064	207	207	12	BENE	bene	_	_	_	_	_	linguistic	_	none	Volume=high	_	_	_	_	_
207-13	PST064	207	207	13	E::H	eh	_	_	_	_	_	linguistic	_	none	Volume=high	End=484.845	0x2	_	_	_
208-0	PST065	208	208	0	{ride}	{ride}	_	_	_	_	_	nonverbalbehavior	_	none	_	Begin=480.378|End=484.863	_	_	_	_
209-0	PST203	209	209	0	{ride}	{ride}	_	_	_	_	_	nonverbalbehavior	_	none	_	Begin=480.378|End=484.863	_	_	_	_
210-0	PST210	210	210	0	{ride}	{ride}	_	_	_	_	_	nonverbalbehavior	_	none	_	Begin=480.378|End=484.863	_	_	_	_
211-0	PST064	211	211	0	e	e	_	_	_	_	_	linguistic	_	none	_	Begin=484.887	_	_	_	_
211-1	PST064	211	211	1	qualche	qualche	_	_	_	_	_	linguistic	_	none	_	_	_	_	_	_
211-2	PST064	211	211	2	volta	volta	_	_	_	_	_	linguistic	_	none	_	_	_	_	_	_
211-3	PST064	211	211	3	ci	ci	_	_	_	_	_	linguistic	_	none	_	_	_	_	_	_
211-4	PST064	211	211	4	manca	manca	_	_	_	_	_	linguistic	_	none	_	_	_	_	_	_
211-5	PST064	211	211	5	ancora	ancora	_	_	_	_	_	linguistic	_	none	_	_	_	_	_	_
211-6	PST064	211	211	6	però	però	_	_	_	_	_	linguistic	_	none	_	_	_	_	_	_
211-7	PST064	211	211	7	per	per	_	_	_	_	_	linguistic	_	none	_	_	_	_	_	_
211-8	PST064	211	211	8	voi	voi	_	_	_	_	_	linguistic	_	none	_	_	_	_	_	_
211-9	PST064	211	211	9	ah	ah	_	_	_	_	_	linguistic	_	none	_	_	_	_	_	_
211-10	PST064	211	211	10	ah	ah	_	_	_	_	_	linguistic	_	none	_	_	_	_	_	_
211-11	PST064	211	211	11	madonna	madonna	_	_	_	_	_	linguistic	_	none	_	_	_	_	_	_
211-12	PST064	211	211	12	perché	perché	_	_	_	_	_	linguistic	_	none	_	_	_	_	_	_
211-13	PST064	211	211	13	[chiedono	chiedono	_	_	_	_	_	linguistic	_	none	_	_	_	_	_	0-8(35)
211-14	PST064	211	211	14	uno]	uno	_	_	_	_	_	linguistic	_	none	_	_	_	_	_	0-3(35)
211-15	PST064	211	211	15	(uno	uno	_	_	_	_	_	linguistic	_	none	_	_	_	_	0-3(0)	_
211-16	PST064	211	211	16	arriva)	arriva	_	_	_	_	_	linguistic	_	none	_	_	_	_	0-6(0)	_
211-17	PST064	211	211	17	guarda:	guarda	_	_	_	_	_	linguistic	_	none	_	_	5x1	_	_	_
211-18	PST064	211	211	18	fai	fai	_	_	_	_	_	linguistic	_	none	_	_	_	_	_	_
211-19	PST064	211	211	19	attenzione	attenzione	_	_	_	_	_	linguistic	_	none	_	End=490.826	_	_	_	_
212-0	PST065	212	212	0	[e::h]	eh	_	_	_	_	_	linguistic	_	none	_	Begin=488.147|End=488.848	0x2	_	_	0-2(35)
213-0	PST203	213	213	0	{ride}	{ride}	_	_	_	_	_	nonverbalbehavior	_	none	_	Begin=490.795|End=491.755	_	_	_	_
214-0	PST064	214	214	0	no	no	_	_	_	_	_	linguistic	_	none	_	Begin=491.755	_	_	_	_
214-1	PST064	214	214	1	[no::	no	_	_	_	_	_	linguistic	_	none	_	_	1x2	_	_	0-2(36)
214-2	PST064	214	214	2	no]	no	_	_	_	_	_	linguistic	_	none	PauseAfter=Yes	_	_	_	_	0-2(36)
214-3	PST064	214	214	3	{P}	{P}	_	_	_	_	_	shortpause	_	none	_	_	_	_	_	_
214-4	PST064	214	214	4	[e]	e	_	_	_	_	_	linguistic	_	none	_	_	_	_	_	0-1(202)
214-5	PST064	214	214	5	poi	poi	_	_	_	_	_	linguistic	_	none	_	_	_	_	_	_
214-6	PST064	214	214	6	portiamo	portiamo	_	_	_	_	_	linguistic	_	none	_	_	_	_	_	_
214-7	PST064	214	214	7	lo	lo	_	_	_	_	_	linguistic	_	none	_	_	_	_	_	_
214-8	PST064	214	214	8	possiamo	possiamo	_	_	_	_	_	linguistic	_	none	_	_	_	_	_	_
214-9	PST064	214	214	9	lasciare	lasciare	_	_	_	_	_	linguistic	_	none	_	_	_	_	_	_
214-10	PST064	214	214	10	per	per	_	_	_	_	_	linguistic	_	none	_	_	_	_	_	_
214-11	PST064	214	214	11	la	la	_	_	_	_	_	linguistic	_	none	_	_	_	_	_	_
214-12	PST064	214	214	12	cena	cena	_	_	_	_	_	linguistic	_	none	_	_	_	_	_	_
214-13	PST064	214	214	13	eh	eh	_	_	_	_	_	linguistic	_	none	_	End=497.341	_	_	_	_
215-0	PST210	215	215	0	[è	è	_	_	_	_	_	linguistic	_	none	_	Begin=492.001	_	_	_	0-1(36)
215-1	PST210	215	215	1	sempre	sempre	_	_	_	_	_	linguistic	_	none	_	_	_	_	_	0-6(36)
215-2	PST210	215	215	2	pieno],	pieno	_	_	_	_	_	linguistic	_	none	Intonation=WeaklyRising	End=492.712	_	_	_	0-5(36)
216-0	PST065	216	216	0	[mh]	mh	_	_	_	_	_	linguistic	_	none	_	Begin=492.957|End=493.279	_	_	_	0-2(202)
217-0	PST210	217	217	0	[sempre	sempre	_	_	_	_	_	linguistic	_	none	_	Begin=493.061	_	_	_	0-6(202)
217-1	PST210	217	217	1	pieno]	pieno	_	_	_	_	_	linguistic	_	none	_	End=493.753	_	_	_	0-5(202)
218-0	PST065	218	218	0	{ride}	{ride}	_	_	_	_	_	nonverbalbehavior	_	none	_	Begin=497.341|End=498.023	_	_	_	_
219-0	PST203	219	219	0	eh	eh	_	_	_	_	_	linguistic	_	none	_	Begin=498.122	_	_	_	_
219-1	PST203	219	219	1	vab[bè]	vabbè	_	_	_	_	_	linguistic	_	none	_	_	_	_	_	3-5(37)
219-2	PST203	219	219	2	{ride}	{ride}	_	_	_	_	_	nonverbalbehavior	_	none	_	End=499.155	_	_	_	_
220-0	PST064	220	220	0	[sì	sì	_	_	_	_	_	linguistic	_	none	_	Begin=498.466	_	_	_	0-2(37)
220-1	PST064	220	220	1	è	è	_	_	_	_	_	linguistic	_	none	_	_	_	_	_	0-1(37)
220-2	PST064	220	220	2	così]:	così	_	_	_	_	_	linguistic	_	none	PauseAfter=Yes	_	3x1	_	_	0-4(37)
220-3	PST064	220	220	3	{P}	{P}	_	_	_	_	_	shortpause	_	none	_	_	_	_	_	_
220-4	PST064	220	220	4	succede	succede	_	_	_	_	_	linguistic	_	none	_	End=500.204	_	_	_	_
221-0	PST203	221	221	0	senti	senti	_	_	_	_	_	linguistic	_	none	_	Begin=500.896	_	_	_	_
221-1	PST203	221	221	1	ma	ma	_	_	_	_	_	linguistic	_	none	_	_	_	_	_	_
221-2	PST203	221	221	2	e:::::hm	ehm	_	_	_	_	_	linguistic	_	none	_	_	0x5	_	_	_
221-3	PST203	221	221	3	no	no	_	_	_	_	_	linguistic	_	none	_	_	_	_	_	_
221-4	PST203	221	221	4	vabbè	vabbè	_	_	_	_	_	linguistic	_	none	_	_	_	_	_	_
221-5	PST203	221	221	5	dai	dai	_	_	_	_	_	linguistic	_	none	_	_	_	_	_	_
221-6	PST203	221	221	6	allora	allora	_	_	_	_	_	linguistic	_	none	_	_	_	_	_	_
221-7	PST203	221	221	7	tu	tu	_	_	_	_	_	linguistic	_	none	_	_	_	_	_	_
221-8	PST203	221	221	8	invece	invece	_	_	_	_	_	linguistic	_	none	_	_	_	_	_	_
221-9	PST203	221	221	9	come	come	_	_	_	_	_	linguistic	_	none	_	_	_	_	_	_
221-10	PST203	221	221	10	ti	ti	_	_	_	_	_	linguistic	_	none	_	_	_	_	_	_
221-11	PST203	221	221	11	chiami?	chiami	_	_	_	_	_	linguistic	_	none	Intonation=Rising	End=505.067	_	_	_	_
222-0	PST065	222	222	0	{ride}	{ride}	_	_	_	_	_	nonverbalbehavior	_	none	_	Begin=503.677|End=504.245	_	_	_	_
223-0	PST065	223	223	0	@sofia	@sofia	_	_	_	_	_	anonymized	_	none	_	Begin=505.291|End=505.887	_	_	_	_
224-0	PST203	224	224	0	e	e	_	_	_	_	_	linguistic	_	none	_	Begin=506.236	_	_	_	_
224-1	PST203	224	224	1	tu	tu	_	_	_	_	_	linguistic	_	none	_	_	_	_	_	_
224-2	PST203	224	224	2	e::h	eh	_	_	_	_	_	linguistic	_	none	_	_	0x2	_	_	_
224-3	PST203	224	224	3	invece	invece	_	_	_	_	_	linguistic	_	none	_	_	_	_	_	_
224-4	PST203	224	224	4	sei:	sei	_	_	_	_	_	linguistic	_	none	_	_	2x1	_	_	_
224-5	PST203	224	224	5	nata	nata	_	_	_	_	_	linguistic	_	none	_	_	_	_	_	_
224-6	PST203	224	224	6	qui	qui	_	_	_	_	_	linguistic	_	none	_	_	_	_	_	_
224-7	PST203	224	224	7	[o	o	_	_	_	_	_	linguistic	_	none	_	_	_	_	_	0-1(38)
224-8	PST203	224	224	8	sei	sei	_	_	_	_	_	linguistic	_	none	_	_	_	_	_	0-3(38)
224-9	PST203	224	224	9	nata	nata	_	_	_	_	_	linguistic	_	none	_	_	_	_	_	0-4(38)
224-10	PST203	224	224	10	in	in	_	_	_	_	_	linguistic	_	none	_	_	_	_	_	0-2(38)
224-11	PST203	224	224	11	perù]?	perù	_	_	_	_	_	linguistic	_	none	Intonation=Rising	End=509.604	_	_	_	0-4(38)
225-0	PST065	225	225	0	[no	no	_	_	_	_	_	linguistic	_	none	_	Begin=508.862	_	_	_	0-2(38)
225-1	PST065	225	225	1	no	no	_	_	_	_	_	linguistic	_	none	_	_	_	_	_	0-2(38)
225-2	PST065	225	225	2	io	io	_	_	_	_	_	linguistic	_	none	_	_	_	_	_	0-2(38)
225-3	PST065	225	225	3	so]no	sono	_	_	_	_	_	linguistic	_	none	_	_	_	_	_	0-2(38)
225-4	PST065	225	225	4	arrivata	arrivata	_	_	_	_	_	linguistic	_	none	_	_	_	_	_	_
225-5	PST065	225	225	5	qua:	qua	_	_	_	_	_	linguistic	_	none	_	_	2x1	_	_	_
225-6	PST065	225	225	6	nel	nel	_	_	_	_	_	linguistic	_	none	_	_	_	_	_	_
225-7	PST065	225	225	7	duemila	duemila	_	_	_	_	_	linguistic	_	none	_	_	_	_	_	_
225-8	PST065	225	225	8	dieci	dieci	_	_	_	_	_	linguistic	_	none	PauseAfter=Yes	_	_	_	_	_
225-9	PST065	225	225	9	{P}	{P}	_	_	_	_	_	shortpause	_	none	_	_	_	_	_	_
225-10	PST065	225	225	10	[ad	ad	_	_	_	_	_	linguistic	_	none	_	_	_	_	_	0-2(39)
225-11	PST065	225	225	11	a]prile	aprile	_	_	_	_	_	linguistic	_	none	_	_	_	_	_	0-1(39)
225-12	PST065	225	225	12	il:	il	_	_	_	_	_	linguistic	_	none	_	_	1x1	_	_	_
225-13	PST065	225	225	13	dieci	dieci	_	_	_	_	_	linguistic	_	none	_	_	_	_	_	_
225-14	PST065	225	225	14	di	di	_	_	_	_	_	linguistic	_	none	_	_	_	_	_	_
225-15	PST065	225	225	15	aprile	aprile	_	_	_	_	_	linguistic	_	none	_	_	_	_	_	_
225-16	PST065	225	225	16	xx	xx	_	_	_	_	_	unknown	_	none	Syllables=2	End=513.657	_	_	_	_
226-0	PST203	226	226	0	[nel	nel	_	_	_	_	_	linguistic	_	none	_	Begin=511.4	_	_	_	0-3(39)
226-1	PST203	226	226	1	due~]	due~	_	_	_	_	_	linguistic	_	none	Interrupted=Yes	End=511.73	_	_	_	0-4(39)
227-0	PST203	227	227	0	ah	ah	_	_	_	_	_	linguistic	_	none	_	Begin=513.645	_	_	_	_
227-1	PST203	227	227	1	okay	okay	_	_	_	_	_	linguistic	_	none	_	_	_	_	_	_
227-2	PST203	227	227	2	quindi	quindi	_	_	_	_	_	linguistic	_	none	_	_	_	_	_	_
227-3	PST203	227	227	3	a	a	_	_	_	_	_	linguistic	_	none	_	_	_	_	_	_
227-4	PST203	227	227	4	quattordici	quattordici	_	_	_	_	_	linguistic	_	none	_	_	_	_	_	_
227-5	PST203	227	227	5	an[ni	anni	_	_	_	_	_	linguistic	_	none	PauseAfter=Yes	_	_	_	_	2-4(41)
227-6	PST203	227	227	6	{P}	{P}	_	_	_	_	_	shortpause	_	none	_	_	_	_	_	0-3(41)
227-7	PST203	227	227	7	ah	ah	_	_	_	_	_	linguistic	_	none	_	_	_	_	_	0-2(41)
227-8	PST203	227	227	8	quanti	quanti	_	_	_	_	_	linguistic	_	none	_	_	_	_	_	0-6(41)
227-9	PST203	227	227	9	anni	anni	_	_	_	_	_	linguistic	_	none	_	_	_	_	_	0-4(41)
227-10	PST203	227	227	10	hai]?	hai	_	_	_	_	_	linguistic	_	none	Intonation=Rising	End=516.838	_	_	_	0-3(41)
228-0	PST065	228	228	0	[sì	sì	_	_	_	_	_	linguistic	_	none	_	Begin=515.184	_	_	_	0-2(41)
228-1	PST065	228	228	1	che	che	_	_	_	_	_	linguistic	_	none	_	_	_	_	_	0-3(41)
228-2	PST065	228	228	2	sono	sono	_	_	_	_	_	linguistic	_	none	_	_	_	_	_	0-4(41)
228-3	PST065	228	228	3	venuta]	venuta	_	_	_	_	_	linguistic	_	none	_	End=516.748	_	_	_	0-6(41)
229-0	PST065	229	229	0	io	io	_	_	_	_	_	linguistic	_	none	_	Begin=517.039	_	_	_	_
229-1	PST065	229	229	1	adesso	adesso	_	_	_	_	_	linguistic	_	none	_	_	_	_	_	_
229-2	PST065	229	229	2	ne	ne	_	_	_	_	_	linguistic	_	none	_	_	_	_	_	_
229-3	PST065	229	229	3	ho	ho	_	_	_	_	_	linguistic	_	none	_	_	_	_	_	_
229-4	PST065	229	229	4	ventisei	ventisei	_	_	_	_	_	linguistic	_	none	_	End=518.258	_	_	_	_
230-0	PST203	230	230	0	mhmh	mhmh	_	_	_	_	_	linguistic	_	none	_	Begin=518.543|End=518.998	_	_	_	_
231-0	PST065	231	231	0	eh	eh	_	_	_	_	_	linguistic	_	none	_	Begin=519.485	_	_	_	_
231-1	PST065	231	231	1	mi	mi	_	_	_	_	_	linguistic	_	none	_	_	_	_	_	_
231-2	PST065	231	231	2	hanno	hanno	_	_	_	_	_	linguistic	_	none	_	_	_	_	_	_
231-3	PST065	231	231	3	portat~	portat~	_	_	_	_	_	linguistic	_	none	Interrupted=Yes	_	_	_	_	_
231-4	PST065	231	231	4	mi	mi	_	_	_	_	_	linguistic	_	none	_	_	_	_	_	_
231-5	PST065	231	231	5	ha	ha	_	_	_	_	_	linguistic	_	none	_	_	_	_	_	_
231-6	PST065	231	231	6	portato	portato	_	_	_	_	_	linguistic	_	none	_	_	_	_	_	_
231-7	PST065	231	231	7	mia	mia	_	_	_	_	_	linguistic	_	none	_	_	_	_	_	_
231-8	PST065	231	231	8	mamma	mamma	_	_	_	_	_	linguistic	_	none	_	End=521.432	_	_	_	_
232-0	PST203	232	232	0	mhmh	mhmh	_	_	_	_	_	linguistic	_	none	_	Begin=521.5|End=521.883	_	_	_	_
233-0	PST065	233	233	0	(quindi)	quindi	_	_	_	_	_	linguistic	_	none	_	Begin=522.407	_	_	0-6(0)	_
233-1	PST065	233	233	1	lei:	lei	_	_	_	_	_	linguistic	_	none	_	_	2x1	_	_	_
233-2	PST065	233	233	2	era	era	_	_	_	_	_	linguistic	_	none	_	_	_	_	_	_
233-3	PST065	233	233	3	già	già	_	_	_	_	_	linguistic	_	none	_	_	_	_	_	_
233-4	PST065	233	233	4	arrivata	arrivata	_	_	_	_	_	linguistic	_	none	_	_	_	_	_	_
233-5	PST065	233	233	5	qua	qua	_	_	_	_	_	linguistic	_	none	_	_	_	_	_	_
233-6	PST065	233	233	6	nel	nel	_	_	_	_	_	linguistic	_	none	_	_	_	_	_	_
233-7	PST065	233	233	7	duemila	duemila	_	_	_	_	_	linguistic	_	none	_	_	_	_	_	_
233-8	PST065	233	233	8	due	due	_	_	_	_	_	linguistic	_	none	_	End=525.33	_	_	_	_
234-0	PST065	234	234	0	poi	poi	_	_	_	_	_	linguistic	_	none	_	Begin=526.135	_	_	_	_
234-1	PST065	234	234	1	pian	pian	_	_	_	_	_	linguistic	_	none	_	_	_	_	_	_
234-2	PST065	234	234	2	piano	piano	_	_	_	_	_	linguistic	_	none	_	_	_	_	_	_
234-3	PST065	234	234	3	ha	ha	_	_	_	_	_	linguistic	_	none	_	_	_	_	_	_
234-4	PST065	234	234	4	portato	portato	_	_	_	_	_	linguistic	_	none	_	_	_	_	_	_
234-5	PST065	234	234	5	mio	mio	_	_	_	_	_	linguistic	_	none	_	_	_	_	_	_
234-6	PST065	234	234	6	papà	papà	_	_	_	_	_	linguistic	_	none	_	End=527.915	_	_	_	_
235-0	PST065	235	235	0	poi	poi	_	_	_	_	_	linguistic	_	none	_	Begin=528.915	_	_	_	_
235-1	PST065	235	235	1	dopo	dopo	_	_	_	_	_	linguistic	_	none	_	_	_	_	_	_
235-2	PST065	235	235	2	nel	nel	_	_	_	_	_	linguistic	_	none	_	_	_	_	_	_
235-3	PST065	235	235	3	duemila	duemila	_	_	_	_	_	linguistic	_	none	_	_	_	_	_	_
235-4	PST065	235	235	4	dieci	dieci	_	_	_	_	_	linguistic	_	none	_	_	_	_	_	_
235-5	PST065	235	235	5	ha	ha	_	_	_	_	_	linguistic	_	none	_	_	_	_	_	_
235-6	PST065	235	235	6	portato	portato	_	_	_	_	_	linguistic	_	none	_	_	_	_	_	_
235-7	PST065	235	235	7	me	me	_	_	_	_	_	linguistic	_	none	_	_	_	_	_	_
235-8	PST065	235	235	8	e	e	_	_	_	_	_	linguistic	_	none	_	_	_	_	_	_
235-9	PST065	235	235	9	mio	mio	_	_	_	_	_	linguistic	_	none	_	_	_	_	_	_
235-10	PST065	235	235	10	fratello	fratello	_	_	_	_	_	linguistic	_	none	_	_	_	_	_	_
235-11	PST065	235	235	11	(°quindi°)	quindi	_	_	_	_	_	linguistic	_	none	Volume=low	End=532.121	_	_	0-6(0)	_
236-0	PST203	236	236	0	ho	ho	_	_	_	_	_	linguistic	_	none	_	Begin=532.638	_	_	_	_
236-1	PST203	236	236	1	capito	capito	_	_	_	_	_	linguistic	_	none	_	_	_	_	_	_
236-2	PST203	236	236	2	e	e	_	_	_	_	_	linguistic	_	none	_	_	_	_	_	_
236-3	PST203	236	236	3	tu	tu	_	_	_	_	_	linguistic	_	none	_	_	_	_	_	_
236-4	PST203	236	236	4	[quindi]	quindi	_	_	_	_	_	linguistic	_	none	_	_	_	_	_	0-6(42)
236-5	PST203	236	236	5	la	la	_	_	_	_	_	linguistic	_	none	_	_	_	_	_	_
236-6	PST203	236	236	6	scuola	scuola	_	_	_	_	_	linguistic	_	none	_	_	_	_	_	_
236-7	PST203	236	236	7	l'	l'	_	_	_	_	_	linguistic	_	none	SpaceAfter=No	_	_	_	_	_
236-8	PST203	236	236	8	hai	hai	_	_	_	_	_	linguistic	_	none	_	_	_	_	_	_
236-9	PST203	236	236	9	fatta:	fatta	_	_	_	_	_	linguistic	_	none	_	_	4x1	_	_	_
236-10	PST203	236	236	10	[in	in	_	_	_	_	_	linguistic	_	none	_	_	_	_	_	0-2(43)
236-11	PST203	236	236	11	perù]?	perù	_	_	_	_	_	linguistic	_	none	Intonation=Rising	End=536.146	_	_	_	0-4(43)
237-0	PST065	237	237	0	[sì]	sì	_	_	_	_	_	linguistic	_	none	_	Begin=533.73|End=534.115	_	_	_	0-2(42)
238-0	PST065	238	238	0	[sì	sì	_	_	_	_	_	linguistic	_	none	_	Begin=534.998	_	_	_	0-2(43)
238-1	PST065	238	238	1	le	le	_	_	_	_	_	linguistic	_	none	_	_	_	_	_	0-2(43)
238-2	PST065	238	238	2	medie]	medie	_	_	_	_	_	linguistic	_	none	_	_	_	_	_	0-5(43)
238-3	PST065	238	238	3	l'	l'	_	_	_	_	_	linguistic	_	none	SpaceAfter=No	_	_	_	_	_
238-4	PST065	238	238	4	ho	ho	_	_	_	_	_	linguistic	_	none	_	_	_	_	_	_
238-5	PST065	238	238	5	f~	f~	_	_	_	_	_	linguistic	_	none	Interrupted=Yes	_	_	_	_	_
238-6	PST065	238	238	6	le	le	_	_	_	_	_	linguistic	_	none	_	_	_	_	_	_
238-7	PST065	238	238	7	medie	medie	_	_	_	_	_	linguistic	_	none	_	_	_	_	_	_
238-8	PST065	238	238	8	le	le	_	_	_	_	_	linguistic	_	none	_	_	_	_	_	_
238-9	PST065	238	238	9	ho	ho	_	_	_	_	_	linguistic	_	none	_	_	_	_	_	_
238-10	PST065	238	238	10	fatto	fatto	_	_	_	_	_	linguistic	_	none	_	_	_	_	_	_
238-11	PST065	238	238	11	qua	qua	_	_	_	_	_	linguistic	_	none	_	_	_	_	_	_
238-12	PST065	238	238	12	(>quindi<)	quindi	_	_	_	_	_	linguistic	_	none	_	_	_	Fast=0-6(0)	0-6(0)	_
238-13	PST065	238	238	13	in	in	_	_	_	_	_	linguistic	_	none	_	_	_	_	_	_
238-14	PST065	238	238	14	perù	perù	_	_	_	_	_	linguistic	_	none	_	_	_	_	_	_
238-15	PST065	238	238	15	ho	ho	_	_	_	_	_	linguistic	_	none	_	_	_	_	_	_
238-16	PST065	238	238	16	fatto:	fatto	_	_	_	_	_	linguistic	_	none	_	_	4x1	_	_	_
238-17	PST065	238	238	17	elementari::	elementari	_	_	_	_	_	linguistic	_	none	_	_	9x2	_	_	_
238-18	PST065	238	238	18	e::h	eh	_	_	_	_	_	linguistic	_	none	_	End=540.38	0x2	_	_	_
239-0	PST065	239	239	0	[sì]	sì	_	_	_	_	_	linguistic	_	none	PauseAfter=Yes	Begin=540.98	_	_	_	0-2(44)
239-1	PST065	239	239	1	{P}	{P}	_	_	_	_	_	shortpause	_	none	_	_	_	_	_	_
239-2	PST065	239	239	2	e	e	_	_	_	_	_	linguistic	_	none	_	_	_	_	_	_
239-3	PST065	239	239	3	bas~	bas~	_	_	_	_	_	linguistic	_	none	Interrupted=Yes	_	_	_	_	_
239-4	PST065	239	239	4	[e	e	_	_	_	_	_	linguistic	_	none	_	_	_	_	_	0-1(45)
239-5	PST065	239	239	5	l'	l'	_	_	_	_	_	linguistic	_	none	SpaceAfter=No	_	_	_	_	0-2(45)
239-6	PST065	239	239	6	asi~]	asi~	_	_	_	_	_	linguistic	_	none	Interrupted=Yes	_	_	_	_	0-4(45)
239-7	PST065	239	239	7	la	la	_	_	_	_	_	linguistic	_	none	_	_	_	_	_	_
239-8	PST065	239	239	8	materna	materna	_	_	_	_	_	linguistic	_	none	_	_	_	_	_	_
239-9	PST065	239	239	9	poi	poi	_	_	_	_	_	linguistic	_	none	_	_	_	_	_	_
239-10	PST065	239	239	10	qua	qua	_	_	_	_	_	linguistic	_	none	_	_	_	_	_	_
239-11	PST065	239	239	11	son	son	_	_	_	_	_	linguistic	_	none	_	_	_	_	_	_
239-12	PST065	239	239	12	venuta	venuta	_	_	_	_	_	linguistic	_	none	_	_	_	_	_	_
239-13	PST065	239	239	13	a	a	_	_	_	_	_	linguistic	_	none	_	_	_	_	_	_
239-14	PST065	239	239	14	fare	fare	_	_	_	_	_	linguistic	_	none	_	_	_	_	_	_
239-15	PST065	239	239	15	le	le	_	_	_	_	_	linguistic	_	none	_	_	_	_	_	_
239-16	PST065	239	239	16	[medie]	medie	_	_	_	_	_	linguistic	_	none	_	End=544.982	_	_	_	0-5(46)
240-0	PST064	240	240	0	[l'	l'	_	_	_	_	_	linguistic	_	none	SpaceAfter=No	Begin=540.99	_	_	_	0-2(44)
240-1	PST064	240	240	1	asilo]	asilo	_	_	_	_	_	linguistic	_	none	_	End=541.401	_	_	_	0-5(44)
241-0	PST064	241	241	0	[l'	l'	_	_	_	_	_	linguistic	_	none	SpaceAfter=No	Begin=542.079	_	_	_	0-2(45)
241-1	PST064	241	241	1	asilo]	asilo	_	_	_	_	_	linguistic	_	none	_	End=542.592	_	_	_	0-5(45)
242-0	PST064	242	242	0	[mh]mh	mhmh	_	_	_	_	_	linguistic	_	none	_	Begin=544.712|End=545.162	_	_	_	0-2(46)
243-0	PST203	243	243	0	o[kay]	okay	_	_	_	_	_	linguistic	_	none	_	Begin=545.213	_	_	_	1-4(47)
243-1	PST203	243	243	1	e	e	_	_	_	_	_	linguistic	_	none	_	_	_	_	_	_
243-2	PST203	243	243	2	con	con	_	_	_	_	_	linguistic	_	none	_	_	_	_	_	_
243-3	PST203	243	243	3	la	la	_	_	_	_	_	linguistic	_	none	_	_	_	_	_	_
243-4	PST203	243	243	4	lingua	lingua	_	_	_	_	_	linguistic	_	none	_	_	_	_	_	_
243-5	PST203	243	243	5	com'	com'	_	_	_	_	_	linguistic	_	none	SpaceAfter=No	_	_	_	_	_
243-6	PST203	243	243	6	è	è	_	_	_	_	_	linguistic	_	none	_	_	_	_	_	_
243-7	PST203	243	243	7	andata	andata	_	_	_	_	_	linguistic	_	none	_	_	_	_	_	_
243-8	PST203	243	243	8	per	per	_	_	_	_	_	linguistic	_	none	_	_	_	_	_	_
243-9	PST203	243	243	9	te?	te	_	_	_	_	_	linguistic	_	none	Intonation=Rising	End=547.8	_	_	_	_
244-0	PST065	244	244	0	[sì	sì	_	_	_	_	_	linguistic	_	none	_	Begin=545.533	_	_	_	0-2(47)
244-1	PST065	244	244	1	sì]	sì	_	_	_	_	_	linguistic	_	none	_	End=546.02	_	_	_	0-2(47)
245-0	PST065	245	245	0	eh	eh	_	_	_	_	_	linguistic	_	none	_	Begin=548.021	_	_	_	_
245-1	PST065	245	245	1	io	io	_	_	_	_	_	linguistic	_	none	_	_	_	_	_	_
245-2	PST065	245	245	2	sono	sono	_	_	_	_	_	linguistic	_	none	_	_	_	_	_	_
245-3	PST065	245	245	3	stata	stata	_	_	_	_	_	linguistic	_	none	_	_	_	_	_	_
245-4	PST065	245	245	4	un	un	_	_	_	_	_	linguistic	_	none	_	_	_	_	_	_
245-5	PST065	245	245	5	po'	po'	_	_	_	_	_	linguistic	_	none	_	_	_	_	_	_
245-6	PST065	245	245	6	più	più	_	_	_	_	_	linguistic	_	none	_	_	_	_	_	_
245-7	PST065	245	245	7	facilitata	facilitata	_	_	_	_	_	linguistic	_	none	_	_	_	_	_	_
245-8	PST065	245	245	8	per	per	_	_	_	_	_	linguistic	_	none	_	_	_	_	_	_
245-9	PST065	245	245	9	il	il	_	_	_	_	_	linguistic	_	none	_	_	_	_	_	_
245-10	PST065	245	245	10	fatto	fatto	_	_	_	_	_	linguistic	_	none	_	_	_	_	_	_
245-11	PST065	245	245	11	che	che	_	_	_	_	_	linguistic	_	none	_	_	_	_	_	_
245-12	PST065	245	245	12	mia	mia	_	_	_	_	_	linguistic	_	none	_	_	_	_	_	_
245-13	PST065	245	245	13	mamma	mamma	_	_	_	_	_	linguistic	_	none	_	_	_	_	_	_
245-14	PST065	245	245	14	lavorando	lavorando	_	_	_	_	_	linguistic	_	none	_	_	_	_	_	_
245-15	PST065	245	245	15	con	con	_	_	_	_	_	linguistic	_	none	_	_	_	_	_	_
245-16	PST065	245	245	16	una	una	_	_	_	_	_	linguistic	_	none	_	_	_	_	_	_
245-17	PST065	245	245	17	signora	signora	_	_	_	_	_	linguistic	_	none	_	_	_	_	_	_
245-18	PST065	245	245	18	facendo	facendo	_	_	_	_	_	linguistic	_	none	_	_	_	_	_	_
245-19	PST065	245	245	19	la	la	_	_	_	_	_	linguistic	_	none	_	_	_	_	_	_
245-20	PST065	245	245	20	badante	badante	_	_	_	_	_	linguistic	_	none	_	End=554.202	_	_	_	_
246-0	PST065	246	246	0	e::::h	eh	_	_	_	_	_	linguistic	_	none	PauseAfter=Yes	Begin=554.778	0x4	_	_	_
246-1	PST065	246	246	1	{P}	{P}	_	_	_	_	_	shortpause	_	none	_	_	_	_	_	_
246-2	PST065	246	246	2	noi	noi	_	_	_	_	_	linguistic	_	none	_	_	_	_	_	_
246-3	PST065	246	246	3	siamo:	siamo	_	_	_	_	_	linguistic	_	none	_	_	4x1	_	_	_
246-4	PST065	246	246	4	quando	quando	_	_	_	_	_	linguistic	_	none	_	_	_	_	_	_
246-5	PST065	246	246	5	siamo	siamo	_	_	_	_	_	linguistic	_	none	_	_	_	_	_	_
246-6	PST065	246	246	6	arrivati	arrivati	_	_	_	_	_	linguistic	_	none	_	_	_	_	_	_
246-7	PST065	246	246	7	qui	qui	_	_	_	_	_	linguistic	_	none	_	_	_	_	_	_
246-8	PST065	246	246	8	non	non	_	_	_	_	_	linguistic	_	none	_	_	_	_	_	_
246-9	PST065	246	246	9	è	è	_	_	_	_	_	linguistic	_	none	_	_	_	_	_	_
246-10	PST065	246	246	10	che	che	_	_	_	_	_	linguistic	_	none	_	_	_	_	_	_
246-11	PST065	246	246	11	siamo	siamo	_	_	_	_	_	linguistic	_	none	_	_	_	_	_	_
246-12	PST065	246	246	12	andati	andati	_	_	_	_	_	linguistic	_	none	_	_	_	_	_	_
246-13	PST065	246	246	13	subito	subito	_	_	_	_	_	linguistic	_	none	_	_	_	_	_	_
246-14	PST065	246	246	14	a	a	_	_	_	_	_	linguistic	_	none	_	_	_	_	_	_
246-15	PST065	246	246	15	scuola	scuola	_	_	_	_	_	linguistic	_	none	_	End=558.76	_	_	_	_
247-0	PST065	247	247	0	noi:	noi	_	_	_	_	_	linguistic	_	none	_	Begin=559.14	2x1	_	_	_
247-1	PST065	247	247	1	abbiamo	abbiamo	_	_	_	_	_	linguistic	_	none	_	_	_	_	_	_
247-2	PST065	247	247	2	aspettato	aspettato	_	_	_	_	_	linguistic	_	none	_	_	_	_	_	_
247-3	PST065	247	247	3	un	un	_	_	_	_	_	linguistic	_	none	_	_	_	_	_	_
247-4	PST065	247	247	4	po'	po'	_	_	_	_	_	linguistic	_	none	_	_	_	_	_	_
247-5	PST065	247	247	5	di	di	_	_	_	_	_	linguistic	_	none	_	_	_	_	_	_
247-6	PST065	247	247	6	mesi	mesi	_	_	_	_	_	linguistic	_	none	_	End=561.326	_	_	_	_
248-0	PST065	248	248	0	però	però	_	_	_	_	_	linguistic	_	none	_	Begin=561.474	_	_	_	_
248-1	PST065	248	248	1	in	in	_	_	_	_	_	linguistic	_	none	_	_	_	_	_	_
248-2	PST065	248	248	2	quei	quei	_	_	_	_	_	linguistic	_	none	_	_	_	_	_	_
248-3	PST065	248	248	3	mesi	mesi	_	_	_	_	_	linguistic	_	none	PauseAfter=Yes	_	_	_	_	_
248-4	PST065	248	248	4	{P}	{P}	_	_	_	_	_	shortpause	_	none	_	_	_	_	_	_
248-5	PST065	248	248	5	dato	dato	_	_	_	_	_	linguistic	_	none	_	_	_	_	_	_
248-6	PST065	248	248	6	che	che	_	_	_	_	_	linguistic	_	none	_	_	_	_	_	_
248-7	PST065	248	248	7	poi	poi	_	_	_	_	_	linguistic	_	none	_	_	_	_	_	_
248-8	PST065	248	248	8	è	è	_	_	_	_	_	linguistic	_	none	_	_	_	_	_	_
248-9	PST065	248	248	9	arrivata	arrivata	_	_	_	_	_	linguistic	_	none	_	_	_	_	_	_
248-10	PST065	248	248	10	l'	l'	_	_	_	_	_	linguistic	_	none	SpaceAfter=No	_	_	_	_	_
248-11	PST065	248	248	11	estate	estate	_	_	_	_	_	linguistic	_	none	PauseAfter=Yes	_	_	_	_	_
248-12	PST065	248	248	12	{P}	{P}	_	_	_	_	_	shortpause	_	none	_	_	_	_	_	_
248-13	PST065	248	248	13	ci	ci	_	_	_	_	_	linguistic	_	none	_	_	_	_	_	_
248-14	PST065	248	248	14	>avevano<	avevano	_	_	_	_	_	linguistic	_	none	_	_	_	Fast=0-7(0)	_	_
248-15	PST065	248	248	15	portato	portato	_	_	_	_	_	linguistic	_	none	_	_	_	_	_	_
248-16	PST065	248	248	16	in	in	_	_	_	_	_	linguistic	_	none	_	_	_	_	_	_
248-17	PST065	248	248	17	montagna	montagna	_	_	_	_	_	linguistic	_	none	_	_	_	_	_	_
248-18	PST065	248	248	18	perché	perché	_	_	_	_	_	linguistic	_	none	_	_	_	_	_	_
248-19	PST065	248	248	19	mia	mia	_	_	_	_	_	linguistic	_	none	_	_	_	_	_	_
248-20	PST065	248	248	20	mamma	mamma	_	_	_	_	_	linguistic	_	none	_	_	_	_	_	_
248-21	PST065	248	248	21	per	per	_	_	_	_	_	linguistic	_	none	_	_	_	_	_	_
248-22	PST065	248	248	22	lavoro	lavoro	_	_	_	_	_	linguistic	_	none	_	_	_	_	_	_
248-23	PST065	248	248	23	ci	ci	_	_	_	_	_	linguistic	_	none	_	_	_	_	_	_
248-24	PST065	248	248	24	doveva	doveva	_	_	_	_	_	linguistic	_	none	_	_	_	_	_	_
248-25	PST065	248	248	25	andare	andare	_	_	_	_	_	linguistic	_	none	_	End=568.289	_	_	_	_
249-0	PST065	249	249	0	e::	e	_	_	_	_	_	linguistic	_	none	_	Begin=568.905	0x2	_	_	_
249-1	PST065	249	249	1	questa	questa	_	_	_	_	_	linguistic	_	none	_	_	_	_	_	_
249-2	PST065	249	249	2	signora	signora	_	_	_	_	_	linguistic	_	none	_	_	_	_	_	_
249-3	PST065	249	249	3	ci	ci	_	_	_	_	_	linguistic	_	none	_	_	_	_	_	_
249-4	PST065	249	249	4	prendeva	prendeva	_	_	_	_	_	linguistic	_	none	_	_	_	_	_	_
249-5	PST065	249	249	5	tutti	tutti	_	_	_	_	_	linguistic	_	none	_	_	_	_	_	_
249-6	PST065	249	249	6	i	i	_	_	_	_	_	linguistic	_	none	_	_	_	_	_	_
249-7	PST065	249	249	7	giorni	giorni	_	_	_	_	_	linguistic	_	none	_	_	_	_	_	_
249-8	PST065	249	249	8	come	come	_	_	_	_	_	linguistic	_	none	_	_	_	_	_	_
249-9	PST065	249	249	9	se	se	_	_	_	_	_	linguistic	_	none	_	_	_	_	_	_
249-10	PST065	249	249	10	fossimo	fossimo	_	_	_	_	_	linguistic	_	none	_	_	_	_	_	_
249-11	PST065	249	249	11	a	a	_	_	_	_	_	linguistic	_	none	_	_	_	_	_	_
249-12	PST065	249	249	12	scuola	scuola	_	_	_	_	_	linguistic	_	none	_	End=572.685	_	_	_	_
250-0	PST065	250	250	0	e::	e	_	_	_	_	_	linguistic	_	none	_	Begin=573.015	0x2	_	_	_
250-1	PST065	250	250	1	ci	ci	_	_	_	_	_	linguistic	_	none	_	_	_	_	_	_
250-2	PST065	250	250	2	faceva	faceva	_	_	_	_	_	linguistic	_	none	_	_	_	_	_	_
250-3	PST065	250	250	3	leggere:	leggere	_	_	_	_	_	linguistic	_	none	_	_	6x1	_	_	_
250-4	PST065	250	250	4	ci	ci	_	_	_	_	_	linguistic	_	none	_	_	_	_	_	_
250-5	PST065	250	250	5	insegnava	insegnava	_	_	_	_	_	linguistic	_	none	_	_	_	_	_	_
250-6	PST065	250	250	6	la	la	_	_	_	_	_	linguistic	_	none	_	_	_	_	_	_
250-7	PST065	250	250	7	grammatica:	grammatica	_	_	_	_	_	linguistic	_	none	_	End=576.559	9x1	_	_	_
251-0	PST065	251	251	0	°quindi°	quindi	_	_	_	_	_	linguistic	_	none	PauseAfter=Yes|Volume=low	Begin=577.518	_	_	_	_
251-1	PST065	251	251	1	{P}	{P}	_	_	_	_	_	shortpause	_	none	_	_	_	_	_	_
251-2	PST065	251	251	2	poi	poi	_	_	_	_	_	linguistic	_	none	_	_	_	_	_	_
251-3	PST065	251	251	3	quando	quando	_	_	_	_	_	linguistic	_	none	_	_	_	_	_	_
251-4	PST065	251	251	4	s~	s~	_	_	_	_	_	linguistic	_	none	Interrupted=Yes	_	_	_	_	_
251-5	PST065	251	251	5	abbiamo	abbiamo	_	_	_	_	_	linguistic	_	none	_	_	_	_	_	_
251-6	PST065	251	251	6	iniziato	iniziato	_	_	_	_	_	linguistic	_	none	_	_	_	_	_	_
251-7	PST065	251	251	7	la	la	_	_	_	_	_	linguistic	_	none	_	_	_	_	_	_
251-8	PST065	251	251	8	scuola	scuola	_	_	_	_	_	linguistic	_	none	_	_	_	_	_	_
251-9	PST065	251	251	9	abbiamo	abbiamo	_	_	_	_	_	linguistic	_	none	_	_	_	_	_	_
251-10	PST065	251	251	10	avuto	avuto	_	_	_	_	_	linguistic	_	none	_	_	_	_	_	_
251-11	PST065	251	251	11	un	un	_	_	_	_	_	linguistic	_	none	_	_	_	_	_	_
251-12	PST065	251	251	12	po'	po'	_	_	_	_	_	linguistic	_	none	_	_	_	_	_	_
251-13	PST065	251	251	13	più::::	più	_	_	_	_	_	linguistic	_	none	PauseAfter=Yes	_	2x4	_	_	_
251-14	PST065	251	251	14	{P}	{P}	_	_	_	_	_	shortpause	_	none	_	_	_	_	_	_
251-15	PST065	251	251	15	di	di	_	_	_	_	_	linguistic	_	none	_	_	_	_	_	_
251-16	PST065	251	251	16	[facili]tà	facilità	_	_	_	_	_	linguistic	_	none	_	_	_	_	_	0-6(48)
251-17	PST065	251	251	17	sì	sì	_	_	_	_	_	linguistic	_	none	_	End=583.707	_	_	_	_
252-0	PST210	252	252	0	[facilità]	facilità	_	_	_	_	_	linguistic	_	none	_	Begin=582.632|End=583.136	_	_	_	0-8(48)
253-0	PST203	253	253	0	certo	certo	_	_	_	_	_	linguistic	_	none	PauseAfter=Yes	Begin=584.97	_	_	_	_
253-1	PST203	253	253	1	{P}	{P}	_	_	_	_	_	shortpause	_	none	_	_	_	_	_	_
253-2	PST203	253	253	2	sì	sì	_	_	_	_	_	linguistic	_	none	_	_	_	_	_	_
253-3	PST203	253	253	3	beh	beh	_	_	_	_	_	linguistic	_	none	_	_	_	_	_	_
253-4	PST203	253	253	4	è	è	_	_	_	_	_	linguistic	_	none	_	_	_	_	_	_
253-5	PST203	253	253	5	normale	normale	_	_	_	_	_	linguistic	_	none	_	_	_	_	_	_
253-6	PST203	253	253	6	se	se	_	_	_	_	_	linguistic	_	none	_	_	_	_	_	_
253-7	PST203	253	253	7	fai	fai	_	_	_	_	_	linguistic	_	none	_	_	_	_	_	_
253-8	PST203	253	253	8	delle	delle	_	_	_	_	_	linguistic	_	none	_	_	_	_	_	_
253-9	PST203	253	253	9	cose	cose	_	_	_	_	_	linguistic	_	none	_	_	_	_	_	_
253-10	PST203	253	253	10	[fuori::]	fuori	_	_	_	_	_	linguistic	_	none	_	_	4x2	_	_	0-5(49)
253-11	PST203	253	253	11	come	come	_	_	_	_	_	linguistic	_	none	_	_	_	_	_	_
253-12	PST203	253	253	12	lei	lei	_	_	_	_	_	linguistic	_	none	_	_	_	_	_	_
253-13	PST203	253	253	13	lavora	lavora	_	_	_	_	_	linguistic	_	none	_	_	_	_	_	_
253-14	PST203	253	253	14	e	e	_	_	_	_	_	linguistic	_	none	_	_	_	_	_	_
253-15	PST203	253	253	15	quindi	quindi	_	_	_	_	_	linguistic	_	none	PauseAfter=Yes	_	_	_	_	_
253-16	PST203	253	253	16	{P}	{P}	_	_	_	_	_	shortpause	_	none	_	_	_	_	_	_
253-17	PST203	253	253	17	lavorando	lavorando	_	_	_	_	_	linguistic	_	none	_	_	_	_	_	_
253-18	PST203	253	253	18	impara::	impara	_	_	_	_	_	linguistic	_	none	_	_	5x2	_	_	_
253-19	PST203	253	253	19	[(rapido)]	rapido	_	_	_	_	_	linguistic	_	none	_	_	_	_	0-6(0)	0-6(50)
253-20	PST203	253	253	20	{ride}	{ride}	_	_	_	_	_	nonverbalbehavior	_	none	_	End=594.179	_	_	_	_
254-0	PST064	254	254	0	[mhmh]	mhmh	_	_	_	_	_	linguistic	_	none	_	Begin=587.565|End=588.19	_	_	_	0-4(49)
255-0	PST065	255	255	0	[sì	sì	_	_	_	_	_	linguistic	_	none	_	Begin=592.92	_	_	_	0-2(50)
255-1	PST065	255	255	1	sì	sì	_	_	_	_	_	linguistic	_	none	_	_	_	_	_	0-2(50)
255-2	PST065	255	255	2	quello	quello	_	_	_	_	_	linguistic	_	none	_	_	_	_	_	0-6(50)
255-3	PST065	255	255	3	sì]	sì	_	_	_	_	_	linguistic	_	none	_	End=594.185	_	_	_	0-2(50)
256-0	PST203	256	256	0	ma	ma	_	_	_	_	_	linguistic	_	none	_	Begin=594.893	_	_	_	_
256-1	PST203	256	256	1	eh	eh	_	_	_	_	_	linguistic	_	none	_	_	_	_	_	_
256-2	PST203	256	256	2	a	a	_	_	_	_	_	linguistic	_	none	_	_	_	_	_	_
256-3	PST203	256	256	3	casa	casa	_	_	_	_	_	linguistic	_	none	_	_	_	_	_	_
256-4	PST203	256	256	4	tutte	tutte	_	_	_	_	_	linguistic	_	none	_	_	_	_	_	_
256-5	PST203	256	256	5	e	e	_	_	_	_	_	linguistic	_	none	_	_	_	_	_	_
256-6	PST203	256	256	6	due	due	_	_	_	_	_	linguistic	_	none	_	_	_	_	_	_
256-7	PST203	256	256	7	quindi	quindi	_	_	_	_	_	linguistic	_	none	_	_	_	_	_	_
256-8	PST203	256	256	8	adesso	adesso	_	_	_	_	_	linguistic	_	none	_	_	_	_	_	_
256-9	PST203	256	256	9	parlate:	parlate	_	_	_	_	_	linguistic	_	none	_	_	6x1	_	_	_
256-10	PST203	256	256	10	più	più	_	_	_	_	_	linguistic	_	none	_	_	_	_	_	_
256-11	PST203	256	256	11	spagnolo	spagnolo	_	_	_	_	_	linguistic	_	none	_	_	_	_	_	_
256-12	PST203	256	256	12	più	più	_	_	_	_	_	linguistic	_	none	_	_	_	_	_	_
256-13	PST203	256	256	13	itali[ano],	italiano	_	_	_	_	_	linguistic	_	none	Intonation=WeaklyRising	End=599.897	_	_	_	5-8(51)
257-0	PST065	257	257	0	[allora]	allora	_	_	_	_	_	linguistic	_	none	_	Begin=599.577	_	_	_	0-6(51)
257-1	PST065	257	257	1	io	io	_	_	_	_	_	linguistic	_	none	_	_	_	_	_	_
257-2	PST065	257	257	2	sono	sono	_	_	_	_	_	linguistic	_	none	_	_	_	_	_	_
257-3	PST065	257	257	3	mamma	mamma	_	_	_	_	_	linguistic	_	none	_	End=601.05	_	_	_	_
258-0	PST203	258	258	0	mh[mh]	mhmh	_	_	_	_	_	linguistic	_	none	_	Begin=601.187|End=601.673	_	_	_	2-4(52)
259-0	PST065	259	259	0	[ho]:	ho	_	_	_	_	_	linguistic	_	none	_	Begin=601.51	1x1	_	_	0-2(52)
259-1	PST065	259	259	1	due	due	_	_	_	_	_	linguistic	_	none	_	_	_	_	_	_
259-2	PST065	259	259	2	bambini	bambini	_	_	_	_	_	linguistic	_	none	_	_	_	_	_	_
259-3	PST065	259	259	3	quindi:	quindi	_	_	_	_	_	linguistic	_	none	_	_	5x1	_	_	_
259-4	PST065	259	259	4	io	io	_	_	_	_	_	linguistic	_	none	_	_	_	_	_	_
259-5	PST065	259	259	5	a	a	_	_	_	_	_	linguistic	_	none	_	_	_	_	_	_
259-6	PST065	259	259	6	casa	casa	_	_	_	_	_	linguistic	_	none	_	_	_	_	_	_
259-7	PST065	259	259	7	cerco	cerco	_	_	_	_	_	linguistic	_	none	_	_	_	_	_	_
259-8	PST065	259	259	8	di	di	_	_	_	_	_	linguistic	_	none	_	_	_	_	_	_
259-9	PST065	259	259	9	parlare	parlare	_	_	_	_	_	linguistic	_	none	_	_	_	_	_	_
259-10	PST065	259	259	10	più	più	_	_	_	_	_	linguistic	_	none	_	_	_	_	_	_
259-11	PST065	259	259	11	che	che	_	_	_	_	_	linguistic	_	none	_	_	_	_	_	_
259-12	PST065	259	259	12	altro	altro	_	_	_	_	_	linguistic	_	none	_	_	_	_	_	_
259-13	PST065	259	259	13	spagnolo	spagnolo	_	_	_	_	_	linguistic	_	none	_	End=606.542	_	_	_	_
260-0	PST065	260	260	0	così	così	_	_	_	_	_	linguistic	_	none	_	Begin=606.61	_	_	_	_
260-1	PST065	260	260	1	almeno	almeno	_	_	_	_	_	linguistic	_	none	_	_	_	_	_	_
260-2	PST065	260	260	2	loro	loro	_	_	_	_	_	linguistic	_	none	_	_	_	_	_	_
260-3	PST065	260	260	3	imparano	imparano	_	_	_	_	_	linguistic	_	none	_	_	_	_	_	_
260-4	PST065	260	260	4	lo	lo	_	_	_	_	_	linguistic	_	none	_	_	_	_	_	_
260-5	PST065	260	260	5	spagnolo	spagnolo	_	_	_	_	_	linguistic	_	none	_	_	_	_	_	_
260-6	PST065	260	260	6	anche	anche	_	_	_	_	_	linguistic	_	none	_	_	_	_	_	_
260-7	PST065	260	260	7	se	se	_	_	_	_	_	linguistic	_	none	_	_	_	_	_	_
260-8	PST065	260	260	8	mi	mi	_	_	_	_	_	linguistic	_	none	_	_	_	_	_	_
260-9	PST065	260	260	9	dicono	dicono	_	_	_	_	_	linguistic	_	none	_	_	_	_	_	_
260-10	PST065	260	260	10	che	che	_	_	_	_	_	linguistic	_	none	_	_	_	_	_	_
260-11	PST065	260	260	11	devono	devono	_	_	_	_	_	linguistic	_	none	_	_	_	_	_	_
260-12	PST065	260	260	12	parlare	parlare	_	_	_	_	_	linguistic	_	none	_	_	_	_	_	_
260-13	PST065	260	260	13	l'	l'	_	_	_	_	_	linguistic	_	none	SpaceAfter=No	_	_	_	_	_
260-14	PST065	260	260	14	italiano	italiano	_	_	_	_	_	linguistic	_	none	_	End=611.022	_	_	_	_
261-0	PST065	261	261	0	per	per	_	_	_	_	_	linguistic	_	none	_	Begin=611.244	_	_	_	_
261-1	PST065	261	261	1	me	me	_	_	_	_	_	linguistic	_	none	_	_	_	_	_	_
261-2	PST065	261	261	2	a	a	_	_	_	_	_	linguistic	_	none	_	_	_	_	_	_
261-3	PST065	261	261	3	casa	casa	_	_	_	_	_	linguistic	_	none	_	_	_	_	_	_
261-4	PST065	261	261	4	tranquillamente	tranquillamente	_	_	_	_	_	linguistic	_	none	_	_	_	_	_	_
261-5	PST065	261	261	5	possono	possono	_	_	_	_	_	linguistic	_	none	_	_	_	_	_	_
261-6	PST065	261	261	6	parlare	parlare	_	_	_	_	_	linguistic	_	none	_	_	_	_	_	_
261-7	PST065	261	261	7	l'	l'	_	_	_	_	_	linguistic	_	none	SpaceAfter=No	_	_	_	_	_
261-8	PST065	261	261	8	i~	i~	_	_	_	_	_	linguistic	_	none	Interrupted=Yes	_	_	_	_	_
261-9	PST065	261	261	9	spagnolo	spagnolo	_	_	_	_	_	linguistic	_	none	_	End=614.075	_	_	_	_
262-0	PST065	262	262	0	poi	poi	_	_	_	_	_	linguistic	_	none	_	Begin=614.505	_	_	_	_
262-1	PST065	262	262	1	tanto	tanto	_	_	_	_	_	linguistic	_	none	_	_	_	_	_	_
262-2	PST065	262	262	2	l'	l'	_	_	_	_	_	linguistic	_	none	SpaceAfter=No	_	_	_	_	_
262-3	PST065	262	262	3	italiano	italiano	_	_	_	_	_	linguistic	_	none	_	_	_	_	_	_
262-4	PST065	262	262	4	lo	lo	_	_	_	_	_	linguistic	_	none	_	_	_	_	_	_
262-5	PST065	262	262	5	imparano	imparano	_	_	_	_	_	linguistic	_	none	_	_	_	_	_	_
262-6	PST065	262	262	6	a	a	_	_	_	_	_	linguistic	_	none	_	_	_	_	_	_
262-7	PST065	262	262	7	scuola	scuola	_	_	_	_	_	linguistic	_	none	_	_	_	_	_	_
262-8	PST065	262	262	8	quindi	quindi	_	_	_	_	_	linguistic	_	none	_	End=617.15	_	_	_	_
263-0	PST203	263	263	0	certo	certo	_	_	_	_	_	linguistic	_	none	_	Begin=617.958|End=618.55	_	_	_	_
264-0	PST065	264	264	0	ovviamente	ovviamente	_	_	_	_	_	linguistic	_	none	_	Begin=618.906	_	_	_	_
264-1	PST065	264	264	1	senza	senza	_	_	_	_	_	linguistic	_	none	_	_	_	_	_	_
264-2	PST065	264	264	2	mischiare	mischiare	_	_	_	_	_	linguistic	_	none	_	_	_	_	_	_
264-3	PST065	264	264	3	senza	senza	_	_	_	_	_	linguistic	_	none	_	_	_	_	_	_
264-4	PST065	264	264	4	f~	f~	_	_	_	_	_	linguistic	_	none	Interrupted=Yes	_	_	_	_	_
264-5	PST065	264	264	5	parlare	parlare	_	_	_	_	_	linguistic	_	none	_	_	_	_	_	_
264-6	PST065	264	264	6	l'	l'	_	_	_	_	_	linguistic	_	none	SpaceAfter=No	_	_	_	_	_
264-7	PST065	264	264	7	i~	i~	_	_	_	_	_	linguistic	_	none	Interrupted=Yes	_	_	_	_	_
264-8	PST065	264	264	8	l'	l'	_	_	_	_	_	linguistic	_	none	SpaceAfter=No	_	_	_	_	_
264-9	PST065	264	264	9	$itagnolo	itagnolo	_	_	_	_	_	linguistic	_	none	Orthography=Yes|Variation=Emerging	_	_	_	8-9(0)	_
264-10	PST065	264	264	10	(come)	come	_	_	_	_	_	linguistic	_	none	_	_	_	_	0-3(0)	_
264-11	PST065	264	264	11	(sa)	sa	_	_	_	_	_	linguistic	_	none	_	_	_	_	0-1(1)	_
264-12	PST065	264	264	12	italiano	italiano	_	_	_	_	_	linguistic	_	none	_	_	_	_	_	_
264-13	PST065	264	264	13	e	e	_	_	_	_	_	linguistic	_	none	_	_	_	_	_	_
264-14	PST065	264	264	14	spagnolo	spagnolo	_	_	_	_	_	linguistic	_	none	_	End=624.286	_	_	_	_
265-0	PST203	265	265	0	{ride}	{ride}	_	_	_	_	_	nonverbalbehavior	_	none	_	Begin=622.509|End=623.206	_	_	_	_
266-0	PST065	266	266	0	e	e	_	_	_	_	_	linguistic	_	none	_	Begin=624.323	_	_	_	_
266-1	PST065	266	266	1	[parlare	parlare	_	_	_	_	_	linguistic	_	none	_	_	_	_	_	0-7(53)
266-2	PST065	266	266	2	o]	o	_	_	_	_	_	linguistic	_	none	_	End=625.25	_	_	_	0-1(53)
267-0	PST203	267	267	0	[e	e	_	_	_	_	_	linguistic	_	none	_	Begin=624.477	_	_	_	0-1(53)
267-1	PST203	267	267	1	si	si	_	_	_	_	_	linguistic	_	none	_	_	_	_	_	0-2(53)
267-2	PST203	267	267	2	parla	parla	_	_	_	_	_	linguistic	_	none	_	_	_	_	_	0-5(53)
267-3	PST203	267	267	3	ta]nto	tanto	_	_	_	_	_	linguistic	_	none	_	_	_	_	_	0-2(53)
267-4	PST203	267	267	4	di	di	_	_	_	_	_	linguistic	_	none	_	_	_	_	_	_
267-5	PST203	267	267	5	que[sto	questo	_	_	_	_	_	linguistic	_	none	_	_	_	_	_	3-6(54)
267-6	PST203	267	267	6	$itagnolo]?	itagnolo	_	_	_	_	_	linguistic	_	none	Intonation=Rising|Orthography=Yes|Variation=Emerging	_	_	_	_	0-9(54)
267-7	PST203	267	267	7	{ride}	{ride}	_	_	_	_	_	nonverbalbehavior	_	none	_	End=627.166	_	_	_	_
268-0	PST065	268	268	0	[esa~	esa~	_	_	_	_	_	linguistic	_	none	Interrupted=Yes	Begin=625.621	_	_	_	0-4(54)
268-1	PST065	268	268	1	{ride}	{ride}	_	_	_	_	_	nonverbalbehavior	_	none	_	_	_	_	_	0-6(54)
268-2	PST065	268	268	2	e]satto	esatto	_	_	_	_	_	linguistic	_	none	_	_	_	_	_	0-1(54)
268-3	PST065	268	268	3	esat[to]	esatto	_	_	_	_	_	linguistic	_	none	_	End=628.219	_	_	_	4-6(55)
269-0	PST064	269	269	0	[fa	fa	_	_	_	_	_	linguistic	_	none	_	Begin=627.895	_	_	_	0-2(55)
269-1	PST064	269	269	1	come]	come	_	_	_	_	_	linguistic	_	none	_	_	_	_	_	0-4(55)
269-2	PST064	269	269	2	mia	mia	_	_	_	_	_	linguistic	_	none	_	_	_	_	_	_
269-3	PST064	269	269	3	figlia	figlia	_	_	_	_	_	linguistic	_	none	_	_	_	_	_	_
269-4	PST064	269	269	4	una	una	_	_	_	_	_	linguistic	_	none	_	_	_	_	_	_
269-5	PST064	269	269	5	è	è	_	_	_	_	_	linguistic	_	none	_	_	_	_	_	_
269-6	PST064	269	269	6	nata	nata	_	_	_	_	_	linguistic	_	none	_	_	_	_	_	_
269-7	PST064	269	269	7	qua	qua	_	_	_	_	_	linguistic	_	none	PauseAfter=Yes	_	_	_	_	_
269-8	PST064	269	269	8	{P}	{P}	_	_	_	_	_	shortpause	_	none	_	_	_	_	_	_
269-9	PST064	269	269	9	e	e	_	_	_	_	_	linguistic	_	none	_	_	_	_	_	_
269-10	PST064	269	269	10	lei	lei	_	_	_	_	_	linguistic	_	none	_	_	_	_	_	_
269-11	PST064	269	269	11	è	è	_	_	_	_	_	linguistic	_	none	_	_	_	_	_	_
269-12	PST064	269	269	12	più	più	_	_	_	_	_	linguistic	_	none	_	_	_	_	_	_
269-13	PST064	269	269	13	difficile	difficile	_	_	_	_	_	linguistic	_	none	_	_	_	_	_	_
269-14	PST064	269	269	14	parlare	parlare	_	_	_	_	_	linguistic	_	none	_	_	_	_	_	_
269-15	PST064	269	269	15	l'	l'	_	_	_	_	_	linguistic	_	none	SpaceAfter=No	_	_	_	_	_
269-16	PST064	269	269	16	$espagnolo	espagnolo	_	_	_	_	_	linguistic	_	none	Orthography=Yes|Variation=Emerging	_	_	_	_	_
269-17	PST064	269	269	17	che	che	_	_	_	_	_	linguistic	_	none	_	_	_	_	_	_
269-18	PST064	269	269	18	l'	l'	_	_	_	_	_	linguistic	_	none	SpaceAfter=No	_	_	_	_	_
269-19	PST064	269	269	19	italiano	italiano	_	_	_	_	_	linguistic	_	none	_	_	_	_	_	_
269-20	PST064	269	269	20	mischia	mischia	_	_	_	_	_	linguistic	_	none	_	_	_	_	_	_
269-21	PST064	269	269	21	tutto	tutto	_	_	_	_	_	linguistic	_	none	_	_	_	_	_	4-5(56)
269-22	PST064	269	269	22	[e	e	_	_	_	_	_	linguistic	_	none	_	_	_	_	_	0-1(56)
269-23	PST064	269	269	23	po]i	poi	_	_	_	_	_	linguistic	_	none	_	_	_	_	_	0-1(56)
269-24	PST064	269	269	24	parla	parla	_	_	_	_	_	linguistic	_	none	_	_	_	_	_	_
269-25	PST064	269	269	25	a	a	_	_	_	_	_	linguistic	_	none	_	_	_	_	0-1(0)	_
269-26	PST064	269	269	26	(ra~)	ra~	_	_	_	_	_	linguistic	_	none	Interrupted=Yes	End=635.436	_	_	0-2(0)	_
270-0	PST065	270	270	0	[e:::h]	eh	_	_	_	_	_	linguistic	_	none	_	Begin=634.222|End=634.807	0x3	_	_	0-2(56)
271-0	PST203	271	271	0	{ride}	{ride}	_	_	_	_	_	nonverbalbehavior	_	none	_	Begin=635.902|End=636.74	_	_	_	_
272-0	PST065	272	272	0	vabbè	vabbè	_	_	_	_	_	linguistic	_	none	_	Begin=636.02	_	_	_	_
272-1	PST065	272	272	1	anch'	anch'	_	_	_	_	_	linguistic	_	none	SpaceAfter=No	_	_	_	_	_
272-2	PST065	272	272	2	io	io	_	_	_	_	_	linguistic	_	none	_	_	_	_	_	_
272-3	PST065	272	272	3	eh	eh	_	_	_	_	_	linguistic	_	none	_	_	_	_	_	_
272-4	PST065	272	272	4	anch'	anch'	_	_	_	_	_	linguistic	_	none	SpaceAfter=No	_	_	_	_	_
272-5	PST065	272	272	5	io	io	_	_	_	_	_	linguistic	_	none	_	_	_	_	_	_
272-6	PST065	272	272	6	anche	anche	_	_	_	_	_	linguistic	_	none	_	_	_	_	_	_
272-7	PST065	272	272	7	se	se	_	_	_	_	_	linguistic	_	none	_	_	_	_	_	_
272-8	PST065	272	272	8	ho	ho	_	_	_	_	_	linguistic	_	none	_	_	_	_	_	_
272-9	PST065	272	272	9	quattordici	quattordici	_	_	_	_	_	linguistic	_	none	_	_	_	_	_	_
272-10	PST065	272	272	10	anni	anni	_	_	_	_	_	linguistic	_	none	_	_	_	_	_	_
272-11	PST065	272	272	11	in	in	_	_	_	_	_	linguistic	_	none	_	_	_	_	_	_
272-12	PST065	272	272	12	italia	italia	_	_	_	_	_	linguistic	_	none	_	_	_	_	_	_
272-13	PST065	272	272	13	anche	anche	_	_	_	_	_	linguistic	_	none	_	_	_	_	_	_
272-14	PST065	272	272	14	se	se	_	_	_	_	_	linguistic	_	none	_	_	_	_	_	_
272-15	PST065	272	272	15	ho	ho	_	_	_	_	_	linguistic	_	none	_	_	_	_	_	_
272-16	PST065	272	272	16	studiato	studiato	_	_	_	_	_	linguistic	_	none	_	_	_	_	_	_
272-17	PST065	272	272	17	qua:	qua	_	_	_	_	_	linguistic	_	none	_	_	2x1	_	_	_
272-18	PST065	272	272	18	delle	delle	_	_	_	_	_	linguistic	_	none	_	_	_	_	_	_
272-19	PST065	272	272	19	volte	volte	_	_	_	_	_	linguistic	_	none	_	_	_	_	_	_
272-20	PST065	272	272	20	se	se	_	_	_	_	_	linguistic	_	none	_	_	_	_	_	_
272-21	PST065	272	272	21	sto	sto	_	_	_	_	_	linguistic	_	none	_	_	_	_	_	_
272-22	PST065	272	272	22	tanto	tanto	_	_	_	_	_	linguistic	_	none	_	_	_	_	_	_
272-23	PST065	272	272	23	tempo	tempo	_	_	_	_	_	linguistic	_	none	_	_	_	_	_	_
272-24	PST065	272	272	24	con	con	_	_	_	_	_	linguistic	_	none	_	_	_	_	_	_
272-25	PST065	272	272	25	m:::h	mh	_	_	_	_	_	linguistic	_	none	_	_	0x3	_	_	_
272-26	PST065	272	272	26	peruviani	peruviani	_	_	_	_	_	linguistic	_	none	_	_	_	_	_	_
272-27	PST065	272	272	27	mi	mi	_	_	_	_	_	linguistic	_	none	_	_	_	_	_	_
272-28	PST065	272	272	28	viene	viene	_	_	_	_	_	linguistic	_	none	_	_	_	_	_	_
272-29	PST065	272	272	29	più	più	_	_	_	_	_	linguistic	_	none	_	_	_	_	_	_
272-30	PST065	272	272	30	che	che	_	_	_	_	_	linguistic	_	none	_	_	_	_	_	_
272-31	PST065	272	272	31	altro	altro	_	_	_	_	_	linguistic	_	none	_	_	_	_	_	_
272-32	PST065	272	272	32	mi[schio]	mischio	_	_	_	_	_	linguistic	_	none	_	End=645.207	_	_	_	0-6(58)
273-0	PST064	273	273	0	([dello	dello	_	_	_	_	_	linguistic	_	none	_	Begin=636.052	_	_	0-5(0)	0-5(57)
273-1	PST064	273	273	1	spagnolo])	spagnolo	_	_	_	_	_	linguistic	_	none	_	_	_	_	0-8(0)	0-8(57)
273-2	PST064	273	273	2	{ride}	{ride}	_	_	_	_	_	nonverbalbehavior	_	none	_	End=637.573	_	_	_	_
274-0	PST064	274	274	0	[mhmh]	mhmh	_	_	_	_	_	linguistic	_	none	_	Begin=644.705|End=645.188	_	_	_	0-4(58)
275-0	PST065	275	275	0	mi	mi	_	_	_	_	_	linguistic	_	none	_	Begin=645.486	_	_	_	_
275-1	PST065	275	275	1	viene	viene	_	_	_	_	_	linguistic	_	none	_	_	_	_	_	_
275-2	PST065	275	275	2	più	più	_	_	_	_	_	linguistic	_	none	_	_	_	_	_	_
275-3	PST065	275	275	3	facilmente	facilmente	_	_	_	_	_	linguistic	_	none	_	_	_	_	_	_
275-4	PST065	275	275	4	parlare	parlare	_	_	_	_	_	linguistic	_	none	_	_	_	_	_	_
275-5	PST065	275	275	5	spagnolo	spagnolo	_	_	_	_	_	linguistic	_	none	_	_	_	_	_	_
275-6	PST065	275	275	6	che	che	_	_	_	_	_	linguistic	_	none	_	_	_	_	_	_
275-7	PST065	275	275	7	italiano	italiano	_	_	_	_	_	linguistic	_	none	_	End=647.926	_	_	_	_
276-0	PST203	276	276	0	eh	eh	_	_	_	_	_	linguistic	_	none	_	Begin=648.161	_	_	_	_
276-1	PST203	276	276	1	beh	beh	_	_	_	_	_	linguistic	_	none	_	_	_	_	_	_
276-2	PST203	276	276	2	è	è	_	_	_	_	_	linguistic	_	none	_	_	_	_	_	_
276-3	PST203	276	276	3	normale	normale	_	_	_	_	_	linguistic	_	none	_	_	_	_	_	_
276-4	PST203	276	276	4	{ride}	{ride}	_	_	_	_	_	nonverbalbehavior	_	none	_	End=649.798	_	_	_	_
277-0	PST065	277	277	0	no	no	_	_	_	_	_	linguistic	_	none	_	Begin=649.638	_	_	_	_
277-1	PST065	277	277	1	vabbè	vabbè	_	_	_	_	_	linguistic	_	none	_	_	_	_	_	_
277-2	PST065	277	277	2	anche	anche	_	_	_	_	_	linguistic	_	none	_	_	_	_	_	_
277-3	PST065	277	277	3	qua	qua	_	_	_	_	_	linguistic	_	none	_	_	_	_	_	_
277-4	PST065	277	277	4	lavora~	lavora~	_	_	_	_	_	linguistic	_	none	Interrupted=Yes	_	_	_	_	_
277-5	PST065	277	277	5	ho	ho	_	_	_	_	_	linguistic	_	none	_	_	_	_	_	_
277-6	PST065	277	277	6	la[vorato	lavorato	_	_	_	_	_	linguistic	_	none	_	_	_	_	_	2-8(60)
277-7	PST065	277	277	7	un]	un	_	_	_	_	_	linguistic	_	none	_	_	_	_	_	0-2(60)
277-8	PST065	277	277	8	periodo	periodo	_	_	_	_	_	linguistic	_	none	_	_	_	_	_	_
277-9	PST065	277	277	9	qua	qua	_	_	_	_	_	linguistic	_	none	_	End=652.56	_	_	_	_
278-0	PST064	278	278	0	[vabbè]	vabbè	_	_	_	_	_	linguistic	_	none	_	Begin=651.315|End=651.697	_	_	_	0-5(60)
279-0	PST065	279	279	0	e:h	eh	_	_	_	_	_	linguistic	_	none	_	Begin=652.92	0x1	_	_	_
279-1	PST065	279	279	1	nel	nel	_	_	_	_	_	linguistic	_	none	_	_	_	_	_	_
279-2	PST065	279	279	2	quale	quale	_	_	_	_	_	linguistic	_	none	_	_	_	_	_	_
279-3	PST065	279	279	3	io	io	_	_	_	_	_	linguistic	_	none	_	_	_	_	_	_
279-4	PST065	279	279	4	stando	stando	_	_	_	_	_	linguistic	_	none	_	_	_	_	_	_
279-5	PST065	279	279	5	comunque	comunque	_	_	_	_	_	linguistic	_	none	_	_	_	_	_	_
279-6	PST065	279	279	6	cuochi	cuochi	_	_	_	_	_	linguistic	_	none	_	_	_	_	_	_
279-7	PST065	279	279	7	peruviani	peruviani	_	_	_	_	_	linguistic	_	none	_	_	_	_	_	_
279-8	PST065	279	279	8	un	un	_	_	_	_	_	linguistic	_	none	_	_	_	_	_	_
279-9	PST065	279	279	9	po'	po'	_	_	_	_	_	linguistic	_	none	_	_	_	_	_	_
279-10	PST065	279	279	10	il	il	_	_	_	_	_	linguistic	_	none	_	_	_	_	_	_
279-11	PST065	279	279	11	nostro	nostro	_	_	_	_	_	linguistic	_	none	_	_	_	_	_	_
279-12	PST065	279	279	12	ambiente	ambiente	_	_	_	_	_	linguistic	_	none	_	_	_	_	_	_
279-13	PST065	279	279	13	tutti	tutti	_	_	_	_	_	linguistic	_	none	_	_	_	_	_	_
279-14	PST065	279	279	14	lavoratori	lavoratori	_	_	_	_	_	linguistic	_	none	_	_	_	_	_	_
279-15	PST065	279	279	15	peruviani	peruviani	_	_	_	_	_	linguistic	_	none	_	End=658.758	_	_	_	_
280-0	PST065	280	280	0	quando	quando	_	_	_	_	_	linguistic	_	none	_	Begin=659.227	_	_	_	_
280-1	PST065	280	280	1	arrivavano	arrivavano	_	_	_	_	_	linguistic	_	none	_	_	_	_	_	_
280-2	PST065	280	280	2	magari	magari	_	_	_	_	_	linguistic	_	none	_	_	_	_	_	_
280-3	PST065	280	280	3	dei	dei	_	_	_	_	_	linguistic	_	none	_	_	_	_	_	_
280-4	PST065	280	280	4	clienti	clienti	_	_	_	_	_	linguistic	_	none	_	_	_	_	_	_
280-5	PST065	280	280	5	italiano	italiano	_	_	_	_	_	linguistic	_	none	_	_	_	_	_	_
280-6	PST065	280	280	6	io	io	_	_	_	_	_	linguistic	_	none	_	_	_	_	_	_
280-7	PST065	280	280	7	ero	ero	_	_	_	_	_	linguistic	_	none	_	_	_	_	_	_
280-8	PST065	280	280	8	tipo	tipo	_	_	_	_	_	linguistic	_	none	_	_	_	_	_	_
280-9	PST065	280	280	9	eh	eh	_	_	_	_	_	linguistic	_	none	_	_	_	_	_	_
280-10	PST065	280	280	10	ma	ma	_	_	_	_	_	linguistic	_	none	_	_	_	_	_	_
280-11	PST065	280	280	11	°>cioè<°	cioè	_	_	_	_	_	linguistic	_	none	Volume=low	End=662.627	_	Fast=0-4(0)	_	_
281-0	PST065	281	281	0	poi	poi	_	_	_	_	_	linguistic	_	none	_	Begin=663.869	_	_	_	_
281-1	PST065	281	281	1	mi	mi	_	_	_	_	_	linguistic	_	none	_	_	_	_	_	_
281-2	PST065	281	281	2	dicevano	dicevano	_	_	_	_	_	linguistic	_	none	_	_	_	_	_	_
281-3	PST065	281	281	3	tutto	tutto	_	_	_	_	_	linguistic	_	none	_	_	_	_	_	_
281-4	PST065	281	281	4	bene	bene	_	_	_	_	_	linguistic	_	none	_	_	_	_	_	_
281-5	PST065	281	281	5	io	io	_	_	_	_	_	linguistic	_	none	_	_	_	_	_	_
281-6	PST065	281	281	6	facevo	facevo	_	_	_	_	_	linguistic	_	none	_	_	_	_	_	_
281-7	PST065	281	281	7	un	un	_	_	_	_	_	linguistic	_	none	_	_	_	_	_	_
281-8	PST065	281	281	8	secondo	secondo	_	_	_	_	_	linguistic	_	none	_	_	_	_	_	_
281-9	PST065	281	281	9	mi	mi	_	_	_	_	_	linguistic	_	none	_	_	_	_	_	_
281-10	PST065	281	281	10	devo	devo	_	_	_	_	_	linguistic	_	none	_	_	_	_	_	_
281-11	PST065	281	281	11	fa~	fa~	_	_	_	_	_	linguistic	_	none	Interrupted=Yes	_	_	_	_	_
281-12	PST065	281	281	12	mh	mh	_	_	_	_	_	linguistic	_	none	_	_	_	_	_	_
281-13	PST065	281	281	13	tornavo	tornavo	_	_	_	_	_	linguistic	_	none	_	_	_	_	_	_
281-14	PST065	281	281	14	indietro	indietro	_	_	_	_	_	linguistic	_	none	_	_	_	_	_	_
281-15	PST065	281	281	15	okay	okay	_	_	_	_	_	linguistic	_	none	_	_	_	_	_	_
281-16	PST065	281	281	16	sì	sì	_	_	_	_	_	linguistic	_	none	_	_	_	_	_	_
281-17	PST065	281	281	17	si	si	_	_	_	_	_	linguistic	_	none	_	_	_	_	_	_
281-18	PST065	281	281	18	dice	dice	_	_	_	_	_	linguistic	_	none	_	_	_	_	_	_
281-19	PST065	281	281	19	così	così	_	_	_	_	_	linguistic	_	none	_	End=668.213	_	_	_	_
282-0	PST065	282	282	0	cioè	cioè	_	_	_	_	_	linguistic	_	none	_	Begin=668.573	_	_	_	_
282-1	PST065	282	282	1	mi	mi	_	_	_	_	_	linguistic	_	none	_	_	_	_	_	_
282-2	PST065	282	282	2	mh	mh	_	_	_	_	_	linguistic	_	none	_	_	_	_	_	_
282-3	PST065	282	282	3	m:i:	mi	_	_	_	_	_	linguistic	_	none	_	_	0x1,1x1	_	_	_
282-4	PST065	282	282	4	scappavano	scappavano	_	_	_	_	_	linguistic	_	none	_	_	_	_	_	_
282-5	PST065	282	282	5	le	le	_	_	_	_	_	linguistic	_	none	_	_	_	_	_	_
282-6	PST065	282	282	6	parole	parole	_	_	_	_	_	linguistic	_	none	PauseAfter=Yes	_	_	_	_	_
282-7	PST065	282	282	7	{P}	{P}	_	_	_	_	_	shortpause	_	none	_	_	_	_	_	_
282-8	PST065	282	282	8	mh	mh	_	_	_	_	_	linguistic	_	none	_	_	_	_	_	_
282-9	PST065	282	282	9	non	non	_	_	_	_	_	linguistic	_	none	_	_	_	_	_	_
282-10	PST065	282	282	10	riuscivo	riuscivo	_	_	_	_	_	linguistic	_	none	_	End=671.945	_	_	_	_
283-0	PST203	283	283	0	eh	eh	_	_	_	_	_	linguistic	_	none	_	Begin=672.053	_	_	_	_
283-1	PST203	283	283	1	vabbè::	vabbè	_	_	_	_	_	linguistic	_	none	_	_	4x2	_	_	_
283-2	PST203	283	283	2	e:h	eh	_	_	_	_	_	linguistic	_	none	_	_	0x1	_	_	_
283-3	PST203	283	283	3	eh	eh	_	_	_	_	_	linguistic	_	none	_	_	_	_	_	_
283-4	PST203	283	283	4	è	è	_	_	_	_	_	linguistic	_	none	_	_	_	_	_	_
283-5	PST203	283	283	5	normale	normale	_	_	_	_	_	linguistic	_	none	_	End=674.527	_	_	_	_
284-0	PST203	284	284	0	ma	ma	_	_	_	_	_	linguistic	_	none	_	Begin=674.575	_	_	_	_
284-1	PST203	284	284	1	invece	invece	_	_	_	_	_	linguistic	_	none	_	_	_	_	_	_
284-2	PST203	284	284	2	lo	lo	_	_	_	_	_	linguistic	_	none	_	_	_	_	_	_
284-3	PST203	284	284	3	spagnolo	spagnolo	_	_	_	_	_	linguistic	_	none	_	_	_	_	_	_
284-4	PST203	284	284	4	che	che	_	_	_	_	_	linguistic	_	none	_	_	_	_	_	_
284-5	PST203	284	284	5	si	si	_	_	_	_	_	linguistic	_	none	_	_	_	_	_	_
284-6	PST203	284	284	6	parla	parla	_	_	_	_	_	linguistic	_	none	_	_	_	_	_	_
284-7	PST203	284	284	7	qui	qui	_	_	_	_	_	linguistic	_	none	_	_	_	_	_	_
284-8	PST203	284	284	8	la	la	_	_	_	_	_	linguistic	_	none	_	_	_	_	_	_
284-9	PST203	284	284	9	lingua	lingua	_	_	_	_	_	linguistic	_	none	_	_	_	_	_	_
284-10	PST203	284	284	10	spagnola	spagnola	_	_	_	_	_	linguistic	_	none	_	_	_	_	_	_
284-11	PST203	284	284	11	che	che	_	_	_	_	_	linguistic	_	none	_	_	_	_	_	_
284-12	PST203	284	284	12	si	si	_	_	_	_	_	linguistic	_	none	_	_	_	_	_	_
284-13	PST203	284	284	13	parla	parla	_	_	_	_	_	linguistic	_	none	_	_	_	_	_	_
284-14	PST203	284	284	14	qui	qui	_	_	_	_	_	linguistic	_	none	PauseAfter=Yes	_	_	_	_	_
284-15	PST203	284	284	15	{P}	{P}	_	_	_	_	_	shortpause	_	none	_	_	_	_	_	_
284-16	PST203	284	284	16	e:::h	eh	_	_	_	_	_	linguistic	_	none	_	_	0x3	_	_	_
284-17	PST203	284	284	17	è	è	_	_	_	_	_	linguistic	_	none	_	_	_	_	_	_
284-18	PST203	284	284	18	un	un	_	_	_	_	_	linguistic	_	none	_	_	_	_	_	_
284-19	PST203	284	284	19	po'	po'	_	_	_	_	_	linguistic	_	none	_	_	_	_	_	_
284-20	PST203	284	284	20	diversa	diversa	_	_	_	_	_	linguistic	_	none	_	_	_	_	_	_
284-21	PST203	284	284	21	da	da	_	_	_	_	_	linguistic	_	none	_	_	_	_	_	_
284-22	PST203	284	284	22	come	come	_	_	_	_	_	linguistic	_	none	_	_	_	_	_	_
284-23	PST203	284	284	23	si	si	_	_	_	_	_	linguistic	_	none	_	_	_	_	_	_
284-24	PST203	284	284	24	parla	parla	_	_	_	_	_	linguistic	_	none	_	_	_	_	_	_
284-25	PST203	284	284	25	in	in	_	_	_	_	_	linguistic	_	none	_	_	_	_	_	_
284-26	PST203	284	284	26	perù	perù	_	_	_	_	_	linguistic	_	none	_	_	_	_	_	_
284-27	PST203	284	284	27	cioè	cioè	_	_	_	_	_	linguistic	_	none	_	_	_	_	_	_
284-28	PST203	284	284	28	se	se	_	_	_	_	_	linguistic	_	none	_	_	_	_	_	_
284-29	PST203	284	284	29	quando	quando	_	_	_	_	_	linguistic	_	none	_	_	_	_	_	_
284-30	PST203	284	284	30	parlate	parlate	_	_	_	_	_	linguistic	_	none	_	_	_	_	_	_
284-31	PST203	284	284	31	con	con	_	_	_	_	_	linguistic	_	none	_	_	_	_	_	_
284-32	PST203	284	284	32	qualcuno	qualcuno	_	_	_	_	_	linguistic	_	none	_	_	_	_	_	_
284-33	PST203	284	284	33	in	in	_	_	_	_	_	linguistic	_	none	_	_	_	_	_	_
284-34	PST203	284	284	34	perù	perù	_	_	_	_	_	linguistic	_	none	_	_	_	_	_	_
284-35	PST203	284	284	35	magari	magari	_	_	_	_	_	linguistic	_	none	_	_	_	_	_	_
284-36	PST203	284	284	36	[o	o	_	_	_	_	_	linguistic	_	none	_	_	_	_	_	0-1(61)
284-37	PST203	284	284	37	qualcuno	qualcuno	_	_	_	_	_	linguistic	_	none	_	_	_	_	_	0-8(61)
284-38	PST203	284	284	38	che]	che	_	_	_	_	_	linguistic	_	none	_	End=685.813	_	_	_	0-3(61)
285-0	PST065	285	285	0	[è	è	_	_	_	_	_	linguistic	_	none	_	Begin=684.811	_	_	_	0-1(61)
285-1	PST065	285	285	1	lo	lo	_	_	_	_	_	linguistic	_	none	_	_	_	_	_	0-2(61)
285-2	PST065	285	285	2	stesso:]	stesso	_	_	_	_	_	linguistic	_	none	_	_	5x1	_	_	0-6(61)
285-3	PST065	285	285	3	[no	no	_	_	_	_	_	linguistic	_	none	_	_	_	_	_	0-2(62)
285-4	PST065	285	285	4	anzi	anzi	_	_	_	_	_	linguistic	_	none	_	_	_	_	_	0-4(62)
285-5	PST065	285	285	5	io	io	_	_	_	_	_	linguistic	_	none	_	_	_	_	_	0-2(62)
285-6	PST065	285	285	6	questa	questa	_	_	_	_	_	linguistic	_	none	_	_	_	_	_	0-6(62)
285-7	PST065	285	285	7	conversa]zione	conversazione	_	_	_	_	_	linguistic	_	none	_	_	_	_	_	0-8(62)
285-8	PST065	285	285	8	l'	l'	_	_	_	_	_	linguistic	_	none	SpaceAfter=No	_	_	_	_	_
285-9	PST065	285	285	9	ho	ho	_	_	_	_	_	linguistic	_	none	_	_	_	_	_	_
285-10	PST065	285	285	10	avuta	avuta	_	_	_	_	_	linguistic	_	none	_	_	_	_	_	_
285-11	PST065	285	285	11	pure	pure	_	_	_	_	_	linguistic	_	none	_	_	_	_	_	_
285-12	PST065	285	285	12	con	con	_	_	_	_	_	linguistic	_	none	_	_	_	_	_	_
285-13	PST065	285	285	13	la	la	_	_	_	_	_	linguistic	_	none	_	_	_	_	_	_
285-14	PST065	285	285	14	mia	mia	_	_	_	_	_	linguistic	_	none	PauseAfter=Yes	_	_	_	_	_
285-15	PST065	285	285	15	{P}	{P}	_	_	_	_	_	shortpause	_	none	_	_	_	_	_	_
285-16	PST065	285	285	16	professoressa	professoressa	_	_	_	_	_	linguistic	_	none	_	_	_	_	_	_
285-17	PST065	285	285	17	di	di	_	_	_	_	_	linguistic	_	none	_	_	_	_	_	_
285-18	PST065	285	285	18	spagnol[o]	spagnolo	_	_	_	_	_	linguistic	_	none	_	End=691.873	_	_	_	6-8(63)
286-0	PST203	286	286	0	[uguale	uguale	_	_	_	_	_	linguistic	_	none	_	Begin=685.92	_	_	_	0-6(62)
286-1	PST203	286	286	1	n::on	non	_	_	_	_	_	linguistic	_	none	_	_	0x2	_	_	0-3(62)
286-2	PST203	286	286	2	è	è	_	_	_	_	_	linguistic	_	none	_	_	_	_	_	0-1(62)
286-3	PST203	286	286	3	un	un	_	_	_	_	_	linguistic	_	none	_	_	_	_	_	0-2(62)
286-4	PST203	286	286	4	po'	po'	_	_	_	_	_	linguistic	_	none	_	_	_	_	_	0-3(62)
286-5	PST203	286	286	5	cambiata]	cambiata	_	_	_	_	_	linguistic	_	none	_	End=687.813	_	_	_	0-8(62)
287-0	PST203	287	287	0	[mh]mh	mhmh	_	_	_	_	_	linguistic	_	none	_	Begin=691.71|End=692.103	_	_	_	0-2(63)
288-0	PST065	288	288	0	in	in	_	_	_	_	_	linguistic	_	some	_	Begin=692.127	_	_	_	_
288-1	PST065	288	288	1	#españa	españa	_	_	_	_	_	linguistic	_	some	Language=NO_ISO_CODE|Variation=Token	_	_	_	_	_
288-2	PST065	288	288	2	infatti	infatti	_	_	_	_	_	linguistic	_	some	_	_	_	_	_	_
288-3	PST065	288	288	3	lei	lei	_	_	_	_	_	linguistic	_	some	_	_	_	_	_	_
288-4	PST065	288	288	4	mi	mi	_	_	_	_	_	linguistic	_	some	_	_	_	_	_	_
288-5	PST065	288	288	5	aveva	aveva	_	_	_	_	_	linguistic	_	some	_	_	_	_	_	_
288-6	PST065	288	288	6	detto	detto	_	_	_	_	_	linguistic	_	some	_	_	_	_	_	_
288-7	PST065	288	288	7	no	no	_	_	_	_	_	linguistic	_	some	_	_	_	_	_	_
288-8	PST065	288	288	8	voi	voi	_	_	_	_	_	linguistic	_	some	_	_	_	_	_	_
288-9	PST065	288	288	9	in	in	_	_	_	_	_	linguistic	_	some	_	_	_	_	_	_
288-10	PST065	288	288	10	perù	perù	_	_	_	_	_	linguistic	_	some	_	_	_	_	_	_
288-11	PST065	288	288	11	parlate	parlate	_	_	_	_	_	linguistic	_	some	_	_	_	_	_	_
288-12	PST065	288	288	12	lo	lo	_	_	_	_	_	linguistic	_	some	_	_	_	_	_	_
288-13	PST065	288	288	13	spagnolo	spagnolo	_	_	_	_	_	linguistic	_	some	PauseAfter=Yes	_	_	_	_	_
288-14	PST065	288	288	14	{P}	{P}	_	_	_	_	_	shortpause	_	some	_	_	_	_	_	_
288-15	PST065	288	288	15	invece	invece	_	_	_	_	_	linguistic	_	some	_	_	_	_	_	_
288-16	PST065	288	288	16	[in	in	_	_	_	_	_	linguistic	_	some	_	_	_	_	_	0-2(203)
288-17	PST065	288	288	17	spagna	spagna	_	_	_	_	_	linguistic	_	some	_	_	_	_	_	0-6(203)
288-18	PST065	288	288	18	non	non	_	_	_	_	_	linguistic	_	some	_	_	_	_	_	0-3(203)
288-19	PST065	288	288	19	si	si	_	_	_	_	_	linguistic	_	some	_	_	_	_	_	0-2(203)
288-20	PST065	288	288	20	parla	parla	_	_	_	_	_	linguistic	_	some	_	_	_	_	_	0-5(203)
288-21	PST065	288	288	21	lo	lo	_	_	_	_	_	linguistic	_	some	_	_	_	_	_	0-2(203)
288-22	PST065	288	288	22	spagnolo]	spagnolo	_	_	_	_	_	linguistic	_	some	_	End=699.641	_	_	_	0-8(203)
289-0	PST064	289	289	0	[che	che	_	_	_	_	_	linguistic	_	some	_	Begin=697.989	_	_	_	0-3(203)
289-1	PST064	289	289	1	sarebbe	sarebbe	_	_	_	_	_	linguistic	_	some	_	_	_	_	_	0-7(203)
289-2	PST064	289	289	2	ca~	ca~	_	_	_	_	_	linguistic	_	some	Interrupted=Yes	_	_	_	_	0-3(203)
289-3	PST064	289	289	3	che	che	_	_	_	_	_	linguistic	_	some	_	_	_	_	_	0-3(203)
289-4	PST064	289	289	4	sarebbe]	sarebbe	_	_	_	_	_	linguistic	_	some	_	_	_	_	_	0-7(203)
289-5	PST064	289	289	5	#castellano	castellano	_	_	_	_	_	linguistic	_	some	Language=NO_ISO_CODE|Variation=Token	End=700.414	_	_	_	_
290-0	PST210	290	290	0	[xxx]	xxx	_	_	_	_	_	unknown	_	none	Syllables=3	Begin=698.567|End=699.367	_	_	_	0-3(203)
291-0	PST065	291	291	0	in:	in	_	_	_	_	_	linguistic	_	some	_	Begin=700.595	1x1	_	_	_
291-1	PST065	291	291	1	#es[paña	españa	_	_	_	_	_	linguistic	_	some	Language=NO_ISO_CODE|Variation=Token	_	_	_	_	3-7(64)
291-2	PST065	291	291	2	si	si	_	_	_	_	_	linguistic	_	some	_	_	_	_	_	0-2(64)
291-3	PST065	291	291	3	parlano]	parlano	_	_	_	_	_	linguistic	_	some	_	_	_	_	_	0-7(64)
291-4	PST065	291	291	4	tipo	tipo	_	_	_	_	_	linguistic	_	some	_	_	_	_	_	_
291-5	PST065	291	291	5	il	il	_	_	_	_	_	linguistic	_	some	_	_	_	_	_	_
291-6	PST065	291	291	6	castigliano	castigliano	_	_	_	_	_	linguistic	_	some	_	_	_	_	_	_
291-7	PST065	291	291	7	una	una	_	_	_	_	_	linguistic	_	some	_	_	_	_	_	_
291-8	PST065	291	291	8	roba	roba	_	_	_	_	_	linguistic	_	some	_	_	_	_	_	_
291-9	PST065	291	291	9	[strana]	strana	_	_	_	_	_	linguistic	_	some	_	End=703.255	_	_	_	0-6(65)
292-0	PST064	292	292	0	[(spagna)]	spagna	_	_	_	_	_	linguistic	_	none	_	Begin=701.08|End=701.688	_	_	0-6(0)	0-6(64)
293-0	PST064	293	293	0	[sì	sì	_	_	_	_	_	linguistic	_	some	_	Begin=702.838	_	_	_	0-2(65)
293-1	PST064	293	293	1	no]	no	_	_	_	_	_	linguistic	_	some	_	_	_	_	_	0-2(65)
293-2	PST064	293	293	2	loro	loro	_	_	_	_	_	linguistic	_	some	_	_	_	_	_	_
293-3	PST064	293	293	3	sono	sono	_	_	_	_	_	linguistic	_	some	_	_	_	_	_	_
293-4	PST064	293	293	4	(les)	les	_	_	_	_	_	linguistic	_	some	_	_	_	_	0-3(0)	_
293-5	PST064	293	293	5	proprio	proprio	_	_	_	_	_	linguistic	_	some	_	_	_	_	_	_
293-6	PST064	293	293	6	#*de	de	_	_	_	_	_	linguistic	_	some	Language=NO_ISO_CODE|Variation=Doubtful	_	_	_	_	_
293-7	PST064	293	293	7	#españa	españa	_	_	_	_	_	linguistic	_	some	Language=NO_ISO_CODE|Variation=Token	_	_	_	_	_
293-8	PST064	293	293	8	#españo~	españo~	_	_	_	_	_	linguistic	_	some	Interrupted=Yes|Language=NO_ISO_CODE|Variation=Token	_	_	_	_	_
293-9	PST064	293	293	9	noi	noi	_	_	_	_	_	linguistic	_	some	_	_	_	_	_	_
293-10	PST064	293	293	10	#el	el	_	_	_	_	_	linguistic	_	some	Language=NO_ISO_CODE|Variation=Token	_	_	_	_	_
293-11	PST064	293	293	11	#castellano	castellano	_	_	_	_	_	linguistic	_	some	Language=NO_ISO_CODE|Variation=Token	_	_	_	_	_
293-12	PST064	293	293	12	che	che	_	_	_	_	_	linguistic	_	some	_	End=707.094	_	_	_	_
294-0	PST064	294	294	0	ma	ma	_	_	_	_	_	linguistic	_	none	_	Begin=707.514	_	_	_	_
294-1	PST064	294	294	1	l'	l'	_	_	_	_	_	linguistic	_	none	SpaceAfter=No	_	_	_	_	_
294-2	PST064	294	294	2	$accentuazione	accentuazione	_	_	_	_	_	linguistic	_	none	Orthography=Yes|Variation=Emerging	_	_	_	_	_
294-3	PST064	294	294	3	è	è	_	_	_	_	_	linguistic	_	none	_	_	_	_	_	_
294-4	PST064	294	294	4	un	un	_	_	_	_	_	linguistic	_	none	_	_	_	_	_	_
294-5	PST064	294	294	5	po'	po'	_	_	_	_	_	linguistic	_	none	_	_	_	_	_	_
294-6	PST064	294	294	6	diversa	diversa	_	_	_	_	_	linguistic	_	none	_	End=709.378	_	_	_	_
295-0	PST064	295	295	0	[anche	anche	_	_	_	_	_	linguistic	_	some	_	Begin=709.441	_	_	_	0-5(66)
295-1	PST064	295	295	1	dipe]nde	dipende	_	_	_	_	_	linguistic	_	some	_	_	_	_	_	0-4(66)
295-2	PST064	295	295	2	#*de	de	_	_	_	_	_	linguistic	_	some	Language=NO_ISO_CODE|Variation=Doubtful	_	_	_	_	_
295-3	PST064	295	295	3	de~	de~	_	_	_	_	_	linguistic	_	some	Interrupted=Yes|PauseAfter=Yes	_	_	_	_	_
295-4	PST064	295	295	4	{P}	{P}	_	_	_	_	_	shortpause	_	some	_	_	_	_	_	_
295-5	PST064	295	295	5	~pende	~pende	_	_	_	_	_	linguistic	_	some	Interrupted=Yes	_	_	_	_	_
295-6	PST064	295	295	6	#*de	de	_	_	_	_	_	linguistic	_	some	Language=NO_ISO_CODE|Variation=Doubtful	_	_	_	_	_
295-7	PST064	295	295	7	ogni::	ogni	_	_	_	_	_	linguistic	_	some	_	_	3x2	_	_	_
295-8	PST064	295	295	8	città	città	_	_	_	_	_	linguistic	_	some	PauseAfter=Yes	_	_	_	_	_
295-9	PST064	295	295	9	{P}	{P}	_	_	_	_	_	shortpause	_	some	_	_	_	_	_	_
295-10	PST064	295	295	10	[abbiamo	abbiamo	_	_	_	_	_	linguistic	_	some	_	_	_	_	_	0-7(67)
295-11	PST064	295	295	11	un	un	_	_	_	_	_	linguistic	_	some	_	_	_	_	_	0-2(67)
295-12	PST064	295	295	12	po'	po'	_	_	_	_	_	linguistic	_	some	_	_	_	_	_	0-3(67)
295-13	PST064	295	295	13	di::]	di	_	_	_	_	_	linguistic	_	some	_	End=714.414	1x2	_	_	0-2(67)
296-0	PST203	296	296	0	[sì::]	sì	_	_	_	_	_	linguistic	_	none	_	Begin=709.441|End=710.039	1x2	_	_	0-2(66)
297-0	PST065	297	297	0	[ah	ah	_	_	_	_	_	linguistic	_	none	_	Begin=713.214	_	_	_	0-2(67)
297-1	PST065	297	297	1	beh	beh	_	_	_	_	_	linguistic	_	none	_	_	_	_	_	0-3(67)
297-2	PST065	297	297	2	sì	sì	_	_	_	_	_	linguistic	_	none	PauseAfter=Yes	_	_	_	_	0-2(67)
297-3	PST065	297	297	3	{P}	{P}	_	_	_	_	_	shortpause	_	none	_	_	_	_	_	0-3(67)
297-4	PST065	297	297	4	il	il	_	_	_	_	_	linguistic	_	none	_	_	_	_	_	0-2(67)
297-5	PST065	297	297	5	dia]letto	dialetto	_	_	_	_	_	linguistic	_	none	_	End=714.963	_	_	_	0-3(67)
298-0	PST064	298	298	0	quello	quello	_	_	_	_	_	linguistic	_	none	_	Begin=715.78	_	_	_	_
298-1	PST064	298	298	1	non	non	_	_	_	_	_	linguistic	_	none	_	_	_	_	_	_
298-2	PST064	298	298	2	è	è	_	_	_	_	_	linguistic	_	none	_	_	_	_	_	_
298-3	PST064	298	298	3	tanto	tanto	_	_	_	_	_	linguistic	_	none	_	_	_	_	_	_
298-4	PST064	298	298	4	tanto	tanto	_	_	_	_	_	linguistic	_	none	_	_	_	_	_	_
298-5	PST064	298	298	5	uguale	uguale	_	_	_	_	_	linguistic	_	none	_	_	_	_	_	_
298-6	PST064	298	298	6	(davvero)	davvero	_	_	_	_	_	linguistic	_	none	_	End=718.944	_	_	0-7(0)	_
299-0	PST203	299	299	0	ma	ma	_	_	_	_	_	linguistic	_	none	_	Begin=718.992	_	_	_	_
299-1	PST203	299	299	1	guarda	guarda	_	_	_	_	_	linguistic	_	none	_	_	_	_	_	_
299-2	PST203	299	299	2	ti	ti	_	_	_	_	_	linguistic	_	none	_	_	_	_	_	_
299-3	PST203	299	299	3	faccio	faccio	_	_	_	_	_	linguistic	_	none	_	_	_	_	_	_
299-4	PST203	299	299	4	un	un	_	_	_	_	_	linguistic	_	none	_	_	_	_	_	_
299-5	PST203	299	299	5	esempio	esempio	_	_	_	_	_	linguistic	_	none	_	_	_	_	_	_
299-6	PST203	299	299	6	io	io	_	_	_	_	_	linguistic	_	none	_	_	_	_	_	_
299-7	PST203	299	299	7	ho	ho	_	_	_	_	_	linguistic	_	none	_	_	_	_	_	_
299-8	PST203	299	299	8	lavorato	lavorato	_	_	_	_	_	linguistic	_	none	_	_	_	_	_	_
299-9	PST203	299	299	9	tanto	tanto	_	_	_	_	_	linguistic	_	none	_	_	_	_	_	_
299-10	PST203	299	299	10	in	in	_	_	_	_	_	linguistic	_	none	_	_	_	_	_	_
299-11	PST203	299	299	11	argentina	argentina	_	_	_	_	_	linguistic	_	none	_	End=721.785	_	_	_	_
300-0	PST064	300	300	0	sì	sì	_	_	_	_	_	linguistic	_	none	_	Begin=721.785|End=722.097	_	_	_	_
301-0	PST203	301	301	0	e::::::	e	_	_	_	_	_	linguistic	_	none	_	Begin=722.477	0x6	_	_	_
301-1	PST203	301	301	1	ho	ho	_	_	_	_	_	linguistic	_	none	_	_	_	_	_	_
301-2	PST203	301	301	2	imparato	imparato	_	_	_	_	_	linguistic	_	none	_	_	_	_	_	_
301-3	PST203	301	301	3	lo	lo	_	_	_	_	_	linguistic	_	none	_	_	_	_	_	_
301-4	PST203	301	301	4	spagnolo::	spagnolo	_	_	_	_	_	linguistic	_	none	_	_	7x2	_	_	_
301-5	PST203	301	301	5	argen[tino	argentino	_	_	_	_	_	linguistic	_	none	_	_	_	_	_	5-9(68)
301-6	PST203	301	301	6	che	che	_	_	_	_	_	linguistic	_	none	_	_	_	_	_	0-3(68)
301-7	PST203	301	301	7	parlano	parlano	_	_	_	_	_	linguistic	_	none	_	_	_	_	_	0-7(68)
301-8	PST203	301	301	8	lì]	lì	_	_	_	_	_	linguistic	_	none	_	End=726.95	_	_	_	0-2(68)
302-0	PST064	302	302	0	[argentino	argentino	_	_	_	_	_	linguistic	_	none	_	Begin=725.972	_	_	_	0-9(68)
302-1	PST064	302	302	1	sì]	sì	_	_	_	_	_	linguistic	_	none	_	End=726.969	_	_	_	0-2(68)
303-0	PST203	303	303	0	adesso	adesso	_	_	_	_	_	linguistic	_	none	_	Begin=727.14	_	_	_	_
303-1	PST203	303	303	1	ho	ho	_	_	_	_	_	linguistic	_	none	_	_	_	_	_	_
303-2	PST203	303	303	2	un	un	_	_	_	_	_	linguistic	_	none	_	_	_	_	_	_
303-3	PST203	303	303	3	po'	po'	_	_	_	_	_	linguistic	_	none	_	_	_	_	_	_
303-4	PST203	303	303	4	di	di	_	_	_	_	_	linguistic	_	none	_	_	_	_	_	_
303-5	PST203	303	303	5	problemi	problemi	_	_	_	_	_	linguistic	_	none	_	_	_	_	_	_
303-6	PST203	303	303	6	a	a	_	_	_	_	_	linguistic	_	none	_	_	_	_	_	_
303-7	PST203	303	303	7	capire	capire	_	_	_	_	_	linguistic	_	none	_	_	_	_	_	_
303-8	PST203	303	303	8	gli	gli	_	_	_	_	_	linguistic	_	none	_	_	_	_	_	_
303-9	PST203	303	303	9	spagnoli::	spagnoli	_	_	_	_	_	linguistic	_	none	_	_	7x2	_	_	_
303-10	PST203	303	303	10	di	di	_	_	_	_	_	linguistic	_	none	_	_	_	_	_	_
303-11	PST203	303	303	11	spagna	spagna	_	_	_	_	_	linguistic	_	none	PauseAfter=Yes	_	_	_	_	_
303-12	PST203	303	303	12	{P}	{P}	_	_	_	_	_	shortpause	_	none	_	_	_	_	_	_
303-13	PST203	303	303	13	[perché]::	perché	_	_	_	_	_	linguistic	_	none	_	_	5x2	_	_	0-6(?)
303-14	PST203	303	303	14	è	è	_	_	_	_	_	linguistic	_	none	_	_	_	_	_	_
303-15	PST203	303	303	15	un	un	_	_	_	_	_	linguistic	_	none	_	_	_	_	_	_
303-16	PST203	303	303	16	po'	po'	_	_	_	_	_	linguistic	_	none	_	_	_	_	_	_
303-17	PST203	303	303	17	diverso	diverso	_	_	_	_	_	linguistic	_	none	_	_	_	_	_	_
303-18	PST203	303	303	18	{ride}	{ride}	_	_	_	_	_	nonverbalbehavior	_	none	_	End=733.919	_	_	_	_
304-0	PST064	304	304	0	[sì	sì	_	_	_	_	_	linguistic	_	none	_	Begin=731.861	_	_	_	0-2(69)
304-1	PST064	304	304	1	sì]	sì	_	_	_	_	_	linguistic	_	none	_	End=732.348	_	_	_	0-2(69)
305-0	PST064	305	305	0	sì:	sì	_	_	_	_	_	linguistic	_	none	_	Begin=733.739	1x1	_	_	_
305-1	PST064	305	305	1	sì	sì	_	_	_	_	_	linguistic	_	none	_	_	_	_	_	_
305-2	PST064	305	305	2	sì	sì	_	_	_	_	_	linguistic	_	none	PauseAfter=Yes	_	_	_	_	_
305-3	PST064	305	305	3	{P}	{P}	_	_	_	_	_	shortpause	_	none	_	_	_	_	_	_
305-4	PST064	305	305	4	è	è	_	_	_	_	_	linguistic	_	none	_	_	_	_	_	_
305-5	PST064	305	305	5	è	è	_	_	_	_	_	linguistic	_	none	_	_	_	_	_	_
305-6	PST064	305	305	6	diverso	diverso	_	_	_	_	_	linguistic	_	none	PauseAfter=Yes	_	_	_	_	_
305-7	PST064	305	305	7	{P}	{P}	_	_	_	_	_	shortpause	_	none	_	_	_	_	_	_
305-8	PST064	305	305	8	(a	a	_	_	_	_	_	linguistic	_	none	_	_	_	_	0-1(0)	_
305-9	PST064	305	305	9	a	a	_	_	_	_	_	linguistic	_	none	_	_	_	_	0-1(0)	_
305-10	PST064	305	305	10	tanto)	tanto	_	_	_	_	_	linguistic	_	none	_	_	_	_	0-5(0)	_
305-11	PST064	305	305	11	argentina	argentina	_	_	_	_	_	linguistic	_	none	_	_	_	_	_	_
305-12	PST064	305	305	12	tanto:	tanto	_	_	_	_	_	linguistic	_	none	_	_	4x1	_	_	_
305-13	PST064	305	305	13	uruguay	uruguay	_	_	_	_	_	linguistic	_	none	_	_	_	_	_	_
305-14	PST064	305	305	14	paraguay	paraguay	_	_	_	_	_	linguistic	_	none	_	_	_	_	_	_
305-15	PST064	305	305	15	gue~	gue~	_	_	_	_	_	linguistic	_	none	Interrupted=Yes	_	_	_	_	_
305-16	PST064	305	305	16	[ma]	ma	_	_	_	_	_	linguistic	_	none	_	_	_	_	_	0-2(?)
305-17	PST064	305	305	17	(>c'	c'	_	_	_	_	_	linguistic	_	none	SpaceAfter=No	_	_	Fast=0-2(0)	0-2(1)	_
305-18	PST064	305	305	18	è<	è	_	_	_	_	_	linguistic	_	none	_	_	_	Fast=0-1(0)	0-1(1)	_
305-19	PST064	305	305	19	sempre)	sempre	_	_	_	_	_	linguistic	_	none	_	_	_	_	0-6(1)	_
305-20	PST064	305	305	20	la	la	_	_	_	_	_	linguistic	_	none	_	_	_	_	_	_
305-21	PST064	305	305	21	[sensazio]ne	sensazione	_	_	_	_	_	linguistic	_	none	_	_	_	_	_	0-8(?)
305-22	PST064	305	305	22	questo	questo	_	_	_	_	_	linguistic	_	none	_	_	_	_	_	_
305-23	PST064	305	305	23	però	però	_	_	_	_	_	linguistic	_	none	_	_	_	_	_	_
305-24	PST064	305	305	24	viene	viene	_	_	_	_	_	linguistic	_	none	_	_	_	_	_	_
305-25	PST064	305	305	25	sì	sì	_	_	_	_	_	linguistic	_	none	_	End=743.444	_	_	_	_
306-0	PST065	306	306	0	[ci:le]	cile	_	_	_	_	_	linguistic	_	none	_	Begin=739.935|End=740.432	1x1	_	_	0-4(70)
307-0	PST210	307	307	0	[eh	eh	_	_	_	_	_	linguistic	_	none	_	Begin=741.205	_	_	_	0-2(71)
307-1	PST210	307	307	1	sì]	sì	_	_	_	_	_	linguistic	_	none	_	End=741.721	_	_	_	0-2(71)
308-0	PST203	308	308	0	[cambia	cambia	_	_	_	_	_	linguistic	_	none	_	Begin=742.23	_	_	_	0-6(72)
308-1	PST203	308	308	1	ogni]	ogni	_	_	_	_	_	linguistic	_	none	_	End=743.394	_	_	_	0-4(72)
309-0	PST203	309	309	0	ma	ma	_	_	_	_	_	linguistic	_	none	_	Begin=743.522	_	_	_	_
309-1	PST203	309	309	1	[come	come	_	_	_	_	_	linguistic	_	none	_	_	_	_	_	0-4(204)
309-2	PST203	309	309	2	in	in	_	_	_	_	_	linguistic	_	none	_	_	_	_	_	0-2(204)
309-3	PST203	309	309	3	italia	italia	_	_	_	_	_	linguistic	_	none	PauseAfter=Yes	_	_	_	_	0-6(204)
309-4	PST203	309	309	4	{P}	{P}	_	_	_	_	_	shortpause	_	none	_	_	_	_	_	0-3(204)
309-5	PST203	309	309	5	ogni	ogni	_	_	_	_	_	linguistic	_	none	_	_	_	_	_	0-4(204)
309-6	PST203	309	309	6	regione]	regione	_	_	_	_	_	linguistic	_	none	_	End=746.011	_	_	_	0-7(204)
310-0	PST064	310	310	0	[ogni	ogni	_	_	_	_	_	linguistic	_	none	_	Begin=743.681	_	_	_	0-4(204)
310-1	PST064	310	310	1	ogni	ogni	_	_	_	_	_	linguistic	_	none	_	_	_	_	_	0-4(204)
310-2	PST064	310	310	2	paese	paese	_	_	_	_	_	linguistic	_	none	_	_	_	_	_	0-5(204)
310-3	PST064	310	310	3	sì]	sì	_	_	_	_	_	linguistic	_	none	_	End=745.118	_	_	_	0-2(204)
311-0	PST210	311	311	0	[ogni	ogni	_	_	_	_	_	linguistic	_	none	_	Begin=744.879	_	_	_	0-4(204)
311-1	PST210	311	311	1	paese	paese	_	_	_	_	_	linguistic	_	none	_	_	_	_	_	0-5(204)
311-2	PST210	311	311	2	ha	ha	_	_	_	_	_	linguistic	_	none	_	_	_	_	_	0-2(204)
311-3	PST210	311	311	3	il	il	_	_	_	_	_	linguistic	_	none	_	_	_	_	_	0-2(204)
311-4	PST210	311	311	4	suo	suo	_	_	_	_	_	linguistic	_	none	_	_	_	_	_	0-3(204)
311-5	PST210	311	311	5	ac]cento	accento	_	_	_	_	_	linguistic	_	none	_	End=746.407	_	_	_	0-2(204)
312-0	PST064	312	312	0	sì	sì	_	_	_	_	_	linguistic	_	none	PauseAfter=Yes	Begin=746.365	_	_	_	_
312-1	PST064	312	312	1	{P}	{P}	_	_	_	_	_	shortpause	_	none	_	_	_	_	_	_
312-2	PST064	312	312	2	[ogni	ogni	_	_	_	_	_	linguistic	_	none	_	_	_	_	_	0-4(75)
312-3	PST064	312	312	3	paese	paese	_	_	_	_	_	linguistic	_	none	_	_	_	_	_	0-5(75)
312-4	PST064	312	312	4	ha	ha	_	_	_	_	_	linguistic	_	none	_	_	_	_	_	0-2(75)
312-5	PST064	312	312	5	°il]	il	_	_	_	_	_	linguistic	_	none	Volume=low	_	_	_	_	0-2(75)
312-6	PST064	312	312	6	suo	suo	_	_	_	_	_	linguistic	_	none	Volume=low	_	_	_	_	_
312-7	PST064	312	312	7	accento°	accento	_	_	_	_	_	linguistic	_	none	Volume=low	End=747.847	_	_	_	_
313-0	PST065	313	313	0	[allora	allora	_	_	_	_	_	linguistic	_	none	_	Begin=746.554	_	_	_	0-6(75)
313-1	PST065	313	313	1	sì	sì	_	_	_	_	_	linguistic	_	none	_	_	_	_	_	0-2(75)
313-2	PST065	313	313	2	sì]	sì	_	_	_	_	_	linguistic	_	none	_	End=747.564	_	_	_	0-2(75)
314-0	PST203	314	314	0	come	come	_	_	_	_	_	linguistic	_	none	_	Begin=747.845	_	_	_	_
314-1	PST203	314	314	1	anche	anche	_	_	_	_	_	linguistic	_	none	_	_	_	_	_	_
314-2	PST203	314	314	2	noi	noi	_	_	_	_	_	linguistic	_	none	_	_	_	_	_	_
314-3	PST203	314	314	3	ogni	ogni	_	_	_	_	_	linguistic	_	none	_	_	_	_	_	_
314-4	PST203	314	314	4	regione	regione	_	_	_	_	_	linguistic	_	none	_	_	_	_	_	_
314-5	PST203	314	314	5	dove	dove	_	_	_	_	_	linguistic	_	none	_	_	_	_	_	_
314-6	PST203	314	314	6	vai:::	vai	_	_	_	_	_	linguistic	_	none	_	_	2x3	_	_	_
314-7	PST203	314	314	7	più	più	_	_	_	_	_	linguistic	_	none	_	_	_	_	_	_
314-8	PST203	314	314	8	o	o	_	_	_	_	_	linguistic	_	none	_	_	_	_	_	_
314-9	PST203	314	314	9	meno	meno	_	_	_	_	_	linguistic	_	none	_	_	_	_	_	_
314-10	PST203	314	314	10	hanno	hanno	_	_	_	_	_	linguistic	_	none	_	_	_	_	_	_
314-11	PST203	314	314	11	dei	dei	_	_	_	_	_	linguistic	_	none	_	_	_	_	_	_
314-12	PST203	314	314	12	[modi	modi	_	_	_	_	_	linguistic	_	none	_	_	_	_	_	0-4(77)
314-13	PST203	314	314	13	di	di	_	_	_	_	_	linguistic	_	none	_	_	_	_	_	0-2(77)
314-14	PST203	314	314	14	dire	dire	_	_	_	_	_	linguistic	_	none	_	_	_	_	_	0-4(77)
314-15	PST203	314	314	15	differe:nti]	differenti	_	_	_	_	_	linguistic	_	none	_	End=752.995	6x1	_	_	0-10(77)
315-0	PST064	315	315	0	[anche	anche	_	_	_	_	_	linguistic	_	none	_	Begin=751.299	_	_	_	0-5(77)
315-1	PST064	315	315	1	da	da	_	_	_	_	_	linguistic	_	none	_	_	_	_	_	0-2(77)
315-2	PST064	315	315	2	noi	noi	_	_	_	_	_	linguistic	_	none	PauseAfter=Yes	_	_	_	_	0-3(77)
315-3	PST064	315	315	3	{P}	{P}	_	_	_	_	_	shortpause	_	none	_	_	_	_	_	0-3(77)
315-4	PST064	315	315	4	ogni	ogni	_	_	_	_	_	linguistic	_	none	_	_	_	_	_	0-4(77)
315-5	PST064	315	315	5	regio]ne	regione	_	_	_	_	_	linguistic	_	none	_	_	_	_	_	0-5(77)
315-6	PST064	315	315	6	è	è	_	_	_	_	_	linguistic	_	none	_	_	_	_	_	_
315-7	PST064	315	315	7	uguale	uguale	_	_	_	_	_	linguistic	_	none	_	_	_	_	_	_
315-8	PST064	315	315	8	da	da	_	_	_	_	_	linguistic	_	none	_	_	_	_	_	_
315-9	PST064	315	315	9	noi	noi	_	_	_	_	_	linguistic	_	none	PauseAfter=Yes	_	_	_	_	_
315-10	PST064	315	315	10	[{P}	{P}	_	_	_	_	_	shortpause	_	none	_	_	_	_	_	0-3(78)
315-11	PST064	315	315	11	e:h]	eh	_	_	_	_	_	linguistic	_	none	_	_	0x1	_	_	0-2(78)
315-12	PST064	315	315	12	proprio	proprio	_	_	_	_	_	linguistic	_	none	_	_	_	_	_	_
315-13	PST064	315	315	13	non	non	_	_	_	_	_	linguistic	_	none	_	_	_	_	_	_
315-14	PST064	315	315	14	lo	lo	_	_	_	_	_	linguistic	_	none	_	_	_	_	_	_
315-15	PST064	315	315	15	so	so	_	_	_	_	_	linguistic	_	none	_	_	_	_	_	_
315-16	PST064	315	315	16	[xx]	xx	_	_	_	_	_	unknown	_	none	Syllables=2	End=756.618	_	_	_	0-2(79)
316-0	PST203	316	316	0	[mhmhmh]	mhmhmh	_	_	_	_	_	linguistic	_	none	_	Begin=754.0|End=754.426	_	_	_	0-6(78)
317-0	PST203	317	317	0	[voi	voi	_	_	_	_	_	linguistic	_	none	_	Begin=756.227	_	_	_	0-3(79)
317-1	PST203	317	317	1	di	di	_	_	_	_	_	linguistic	_	none	_	_	_	_	_	0-2(79)
317-2	PST203	317	317	2	dove]	dove	_	_	_	_	_	linguistic	_	none	_	_	_	_	_	0-4(79)
317-3	PST203	317	317	3	siete	siete	_	_	_	_	_	linguistic	_	none	_	_	_	_	_	_
317-4	PST203	317	317	4	nel	nel	_	_	_	_	_	linguistic	_	none	_	_	_	_	_	_
317-5	PST203	317	317	5	perù?	perù	_	_	_	_	_	linguistic	_	none	Intonation=Rising	End=757.632	_	_	_	_
318-0	PST064	318	318	0	io	io	_	_	_	_	_	linguistic	_	some	_	Begin=757.978	_	_	_	_
318-1	PST064	318	318	1	del	del	_	_	_	_	_	linguistic	_	some	_	_	_	_	_	_
318-2	PST064	318	318	2	#sur	sur	_	_	_	_	_	linguistic	_	some	Language=NO_ISO_CODE|Variation=Token	_	_	_	_	_
318-3	PST064	318	318	3	lei	lei	_	_	_	_	_	linguistic	_	some	_	_	_	_	_	_
318-4	PST064	318	318	4	del	del	_	_	_	_	_	linguistic	_	some	_	_	_	_	_	_
318-5	PST064	318	318	5	#norte	norte	_	_	_	_	_	linguistic	_	some	Language=NO_ISO_CODE|Variation=Token	End=759.511	_	_	_	_
319-0	PST203	319	319	0	ah	ah	_	_	_	_	_	linguistic	_	none	_	Begin=759.33	_	_	_	_
319-1	PST203	319	319	1	{ride}	{ride}	_	_	_	_	_	nonverbalbehavior	_	none	_	End=760.28	_	_	_	_
320-0	PST064	320	320	0	lei	lei	_	_	_	_	_	linguistic	_	some	_	Begin=760.102	_	_	_	_
320-1	PST064	320	320	1	trujillo	trujillo	_	_	_	_	_	linguistic	_	some	_	_	_	_	_	_
320-2	PST064	320	320	2	io	io	_	_	_	_	_	linguistic	_	some	_	_	_	_	_	_
320-3	PST064	320	320	3	cañete	cañete	_	_	_	_	_	linguistic	_	some	_	_	_	_	_	_
320-4	PST064	320	320	4	[a]	a	_	_	_	_	_	linguistic	_	some	_	_	_	_	_	0-1(82)
320-5	PST064	320	320	5	due	due	_	_	_	_	_	linguistic	_	some	_	_	_	_	_	_
320-6	PST064	320	320	6	ore	ore	_	_	_	_	_	linguistic	_	some	_	_	_	_	_	_
320-7	PST064	320	320	7	e	e	_	_	_	_	_	linguistic	_	some	_	_	_	_	_	_
320-8	PST064	320	320	8	mezza	mezza	_	_	_	_	_	linguistic	_	some	_	_	_	_	_	_
320-9	PST064	320	320	9	#*de	de	_	_	_	_	_	linguistic	_	some	Language=NO_ISO_CODE|Variation=Doubtful	_	_	_	_	_
320-10	PST064	320	320	10	lima	lima	_	_	_	_	_	linguistic	_	some	_	End=763.568	_	_	_	_
321-0	PST065	321	321	0	[sì]	sì	_	_	_	_	_	linguistic	_	none	_	Begin=762.127|End=762.416	_	_	_	0-2(82)
322-0	PST203	322	322	0	mh	mh	_	_	_	_	_	linguistic	_	none	_	Begin=763.838|End=764.155	_	_	_	_
323-0	PST203	323	323	0	e:::h	eh	_	_	_	_	_	linguistic	_	none	_	Begin=765.789	0x3	_	_	_
323-1	PST203	323	323	1	ma	ma	_	_	_	_	_	linguistic	_	none	_	_	_	_	_	_
323-2	PST203	323	323	2	senti	senti	_	_	_	_	_	linguistic	_	none	_	_	_	_	_	_
323-3	PST203	323	323	3	torniamo	torniamo	_	_	_	_	_	linguistic	_	none	_	_	_	_	_	_
323-4	PST203	323	323	4	un	un	_	_	_	_	_	linguistic	_	none	_	_	_	_	_	_
323-5	PST203	323	323	5	po'	po'	_	_	_	_	_	linguistic	_	none	_	_	_	_	_	_
323-6	PST203	323	323	6	@mary	@mary	_	_	_	_	_	anonymized	_	none	_	_	_	_	_	_
323-7	PST203	323	323	7	chiediamo	chiediamo	_	_	_	_	_	linguistic	_	none	_	_	_	_	_	_
323-8	PST203	323	323	8	qualcosa	qualcosa	_	_	_	_	_	linguistic	_	none	_	_	_	_	_	_
323-9	PST203	323	323	9	sui	sui	_	_	_	_	_	linguistic	_	none	_	_	_	_	_	_
323-10	PST203	323	323	10	piatti?	piatti	_	_	_	_	_	linguistic	_	none	Intonation=Rising	End=769.688	_	_	_	_
324-0	PST210	324	324	0	{ride}	{ride}	_	_	_	_	_	nonverbalbehavior	_	none	_	Begin=771.308|End=772.615	_	_	_	_
325-0	PST210	325	325	0	mi	mi	_	_	_	_	_	linguistic	_	none	_	Begin=773.247	_	_	_	_
325-1	PST210	325	325	1	potresti	potresti	_	_	_	_	_	linguistic	_	none	_	_	_	_	_	_
325-2	PST210	325	325	2	dire	dire	_	_	_	_	_	linguistic	_	none	_	_	_	_	_	_
325-3	PST210	325	325	3	per	per	_	_	_	_	_	linguistic	_	none	_	_	_	_	_	_
325-4	PST210	325	325	4	favore	favore	_	_	_	_	_	linguistic	_	none	_	_	_	_	_	_
325-5	PST210	325	325	5	il	il	_	_	_	_	_	linguistic	_	none	_	_	_	_	_	_
325-6	PST210	325	325	6	suo	suo	_	_	_	_	_	linguistic	_	none	_	_	_	_	_	_
325-7	PST210	325	325	7	piatto	piatto	_	_	_	_	_	linguistic	_	none	_	_	_	_	_	_
325-8	PST210	325	325	8	preferito	preferito	_	_	_	_	_	linguistic	_	none	_	_	_	_	_	_
325-9	PST210	325	325	9	di	di	_	_	_	_	_	linguistic	_	none	_	_	_	_	_	_
325-10	PST210	325	325	10	entrambi,	entrambi	_	_	_	_	_	linguistic	_	none	Intonation=WeaklyRising	End=776.698	_	_	_	_
326-0	PST064	326	326	0	allora	allora	_	_	_	_	_	linguistic	_	some	PauseAfter=Yes	Begin=777.251	_	_	_	_
326-1	PST064	326	326	1	{P}	{P}	_	_	_	_	_	shortpause	_	some	_	_	_	_	_	_
326-2	PST064	326	326	2	#como:	como	_	_	_	_	_	linguistic	_	some	Language=NO_ISO_CODE|Variation=Token	_	3x1	_	_	_
326-3	PST064	326	326	3	te	te	_	_	_	_	_	linguistic	_	some	_	_	_	_	_	_
326-4	PST064	326	326	4	l'	l'	_	_	_	_	_	linguistic	_	some	SpaceAfter=No	_	_	_	_	_
326-5	PST064	326	326	5	ho	ho	_	_	_	_	_	linguistic	_	some	_	_	_	_	_	_
326-6	PST064	326	326	6	detto	detto	_	_	_	_	_	linguistic	_	some	_	_	_	_	_	_
326-7	PST064	326	326	7	prima	prima	_	_	_	_	_	linguistic	_	some	_	_	_	_	_	_
326-8	PST064	326	326	8	no?	no	_	_	_	_	_	linguistic	_	some	Intonation=Rising	End=779.866	_	_	_	_
327-0	PST064	327	327	0	al	al	_	_	_	_	_	linguistic	_	some	_	Begin=779.92	_	_	_	_
327-1	PST064	327	327	1	#sur	sur	_	_	_	_	_	linguistic	_	some	Language=NO_ISO_CODE|Variation=Token	_	_	_	_	_
327-2	PST064	327	327	2	noi	noi	_	_	_	_	_	linguistic	_	some	_	_	_	_	_	_
327-3	PST064	327	327	3	abbiamo:::	abbiamo	_	_	_	_	_	linguistic	_	some	_	_	6x3	_	_	_
327-4	PST064	327	327	4	proprio	proprio	_	_	_	_	_	linguistic	_	some	_	_	_	_	_	_
327-5	PST064	327	327	5	un	un	_	_	_	_	_	linguistic	_	some	_	_	_	_	_	_
327-6	PST064	327	327	6	piatto	piatto	_	_	_	_	_	linguistic	_	some	_	_	_	_	_	_
327-7	PST064	327	327	7	ogni:::	ogni	_	_	_	_	_	linguistic	_	some	_	_	3x3	_	_	_
327-8	PST064	327	327	8	città	città	_	_	_	_	_	linguistic	_	some	_	_	_	_	_	_
327-9	PST064	327	327	9	hanno	hanno	_	_	_	_	_	linguistic	_	some	_	_	_	_	_	_
327-10	PST064	327	327	10	i	i	_	_	_	_	_	linguistic	_	some	_	_	_	_	_	_
327-11	PST064	327	327	11	#*su	su	_	_	_	_	_	linguistic	_	some	Language=NO_ISO_CODE|Variation=Doubtful	_	_	_	_	_
327-12	PST064	327	327	12	piatti	piatti	_	_	_	_	_	linguistic	_	some	_	_	_	_	_	_
327-13	PST064	327	327	13	tipici	tipici	_	_	_	_	_	linguistic	_	some	_	_	_	_	_	_
327-14	PST064	327	327	14	no?	no	_	_	_	_	_	linguistic	_	some	Intonation=Rising	End=786.526	_	_	_	_
328-0	PST064	328	328	0	al	al	_	_	_	_	_	linguistic	_	none	_	Begin=786.906	_	_	_	_
328-1	PST064	328	328	1	s~	s~	_	_	_	_	_	linguistic	_	none	Interrupted=Yes	_	_	_	_	_
328-2	PST064	328	328	2	ma	ma	_	_	_	_	_	linguistic	_	none	_	_	_	_	_	_
328-3	PST064	328	328	3	no	no	_	_	_	_	_	linguistic	_	none	_	_	_	_	_	_
328-4	PST064	328	328	4	solo	solo	_	_	_	_	_	linguistic	_	none	_	_	_	_	_	_
328-5	PST064	328	328	5	cañete	cañete	_	_	_	_	_	linguistic	_	none	_	End=788.973	_	_	_	_
329-0	PST064	329	329	0	pe~	pe~	_	_	_	_	_	linguistic	_	some	Interrupted=Yes	Begin=789.804	_	_	_	_
329-1	PST064	329	329	1	siamo	siamo	_	_	_	_	_	linguistic	_	some	_	_	_	_	_	_
329-2	PST064	329	329	2	sempre	sempre	_	_	_	_	_	linguistic	_	some	_	_	_	_	_	_
329-3	PST064	329	329	3	al	al	_	_	_	_	_	linguistic	_	some	_	_	_	_	_	_
329-4	PST064	329	329	4	#sur	sur	_	_	_	_	_	linguistic	_	some	Language=NO_ISO_CODE|Variation=Token	_	_	_	_	_
329-5	PST064	329	329	5	perché	perché	_	_	_	_	_	linguistic	_	some	_	_	_	_	_	_
329-6	PST064	329	329	6	#*de	de	_	_	_	_	_	linguistic	_	some	Language=NO_ISO_CODE|Variation=Doubtful	_	_	_	_	_
329-7	PST064	329	329	7	lima::	lima	_	_	_	_	_	linguistic	_	some	_	_	3x2	_	_	_
329-8	PST064	329	329	8	viene:	viene	_	_	_	_	_	linguistic	_	some	_	_	4x1	_	_	_
329-9	PST064	329	329	9	prima	prima	_	_	_	_	_	linguistic	_	some	_	_	_	_	_	_
329-10	PST064	329	329	10	cañete	cañete	_	_	_	_	_	linguistic	_	some	_	_	_	_	_	_
329-11	PST064	329	329	11	#ante	ante	_	_	_	_	_	linguistic	_	some	Language=NO_ISO_CODE|Variation=Token	_	_	_	_	_
329-12	PST064	329	329	12	di	di	_	_	_	_	_	linguistic	_	some	_	_	_	_	_	_
329-13	PST064	329	329	13	quello	quello	_	_	_	_	_	linguistic	_	some	_	_	_	_	_	_
329-14	PST064	329	329	14	viene	viene	_	_	_	_	_	linguistic	_	some	_	_	_	_	_	_
329-15	PST064	329	329	15	mala	mala	_	_	_	_	_	linguistic	_	some	_	_	_	_	_	_
329-16	PST064	329	329	16	(sia)	sia	_	_	_	_	_	linguistic	_	some	_	_	_	_	0-3(0)	_
329-17	PST064	329	329	17	cañete	cañete	_	_	_	_	_	linguistic	_	some	_	_	_	_	_	_
329-18	PST064	329	329	18	poi	poi	_	_	_	_	_	linguistic	_	some	_	_	_	_	_	_
329-19	PST064	329	329	19	passa	passa	_	_	_	_	_	linguistic	_	some	_	_	_	_	_	_
329-20	PST064	329	329	20	a	a	_	_	_	_	_	linguistic	_	some	_	_	_	_	_	_
329-21	PST064	329	329	21	chincha	chincha	_	_	_	_	_	linguistic	_	some	_	_	_	_	_	_
329-22	PST064	329	329	22	pisco	pisco	_	_	_	_	_	linguistic	_	some	_	_	_	_	_	_
329-23	PST064	329	329	23	ica	ica	_	_	_	_	_	linguistic	_	some	_	_	_	_	_	_
329-24	PST064	329	329	24	nazca	nazca	_	_	_	_	_	linguistic	_	some	_	End=798.755	_	_	_	_
330-0	PST064	330	330	0	tutti	tutti	_	_	_	_	_	linguistic	_	some	_	Begin=799.321	_	_	_	_
330-1	PST064	330	330	1	in	in	_	_	_	_	_	linguistic	_	some	_	_	_	_	_	_
330-2	PST064	330	330	2	quella	quella	_	_	_	_	_	linguistic	_	some	_	_	_	_	_	_
330-3	PST064	330	330	3	zona	zona	_	_	_	_	_	linguistic	_	some	_	_	_	_	_	_
330-4	PST064	330	330	4	siamo	siamo	_	_	_	_	_	linguistic	_	some	_	_	_	_	_	_
330-5	PST064	330	330	5	per	per	_	_	_	_	_	linguistic	_	some	_	_	_	_	_	_
330-6	PST064	330	330	6	la	la	_	_	_	_	_	linguistic	_	some	_	_	_	_	_	_
330-7	PST064	330	330	7	#carapulchra	carapulchra	_	_	_	_	_	linguistic	_	some	Language=NO_ISO_CODE|Variation=Token	_	_	_	_	_
330-8	PST064	330	330	8	con	con	_	_	_	_	_	linguistic	_	some	_	_	_	_	_	_
330-9	PST064	330	330	9	la	la	_	_	_	_	_	linguistic	_	some	_	_	_	_	_	_
330-10	PST064	330	330	10	#sopa	sopa	_	_	_	_	_	linguistic	_	some	Language=NO_ISO_CODE|Variation=Token	_	_	_	_	_
330-11	PST064	330	330	11	#seca	seca	_	_	_	_	_	linguistic	_	some	Language=NO_ISO_CODE|Variation=Token	End=802.704	_	_	_	_
331-0	PST064	331	331	0	la	la	_	_	_	_	_	linguistic	_	some	_	Begin=803.163	_	_	_	_
331-1	PST064	331	331	1	#cara~	cara~	_	_	_	_	_	linguistic	_	some	Interrupted=Yes|PauseAfter=Yes|Language=NO_ISO_CODE|Variation=Token	_	_	_	_	_
331-2	PST064	331	331	2	{P}	{P}	_	_	_	_	_	shortpause	_	some	_	_	_	_	_	_
331-3	PST064	331	331	3	~pulchra	~pulchra	_	_	_	_	_	linguistic	_	some	Interrupted=Yes	_	_	_	_	_
331-4	PST064	331	331	4	sarebbe	sarebbe	_	_	_	_	_	linguistic	_	some	_	_	_	_	_	_
331-5	PST064	331	331	5	un	un	_	_	_	_	_	linguistic	_	some	_	End=805.039	_	_	_	_
332-0	PST064	332	332	0	un	un	_	_	_	_	_	linguistic	_	none	_	Begin=805.83	_	_	_	_
332-1	PST064	332	332	1	piatto	piatto	_	_	_	_	_	linguistic	_	none	_	_	_	_	_	_
332-2	PST064	332	332	2	di	di	_	_	_	_	_	linguistic	_	none	_	_	_	_	_	_
332-3	PST064	332	332	3	mh	mh	_	_	_	_	_	linguistic	_	none	_	_	_	_	_	_
332-4	PST064	332	332	4	quella	quella	_	_	_	_	_	linguistic	_	none	PauseAfter=Yes	_	_	_	_	_
332-5	PST064	332	332	5	{P}	{P}	_	_	_	_	_	shortpause	_	none	_	_	_	_	_	_
332-6	PST064	332	332	6	patata	patata	_	_	_	_	_	linguistic	_	none	_	_	_	_	_	_
332-7	PST064	332	332	7	idratata	idratata	_	_	_	_	_	linguistic	_	none	_	_	_	_	_	_
332-8	PST064	332	332	8	quella	quella	_	_	_	_	_	linguistic	_	none	_	_	_	_	_	_
332-9	PST064	332	332	9	che	che	_	_	_	_	_	linguistic	_	none	_	_	_	_	_	_
332-10	PST064	332	332	10	lo	lo	_	_	_	_	_	linguistic	_	none	_	_	_	_	_	_
332-11	PST064	332	332	11	fanno:	fanno	_	_	_	_	_	linguistic	_	none	PauseAfter=Yes	_	4x1	_	_	_
332-12	PST064	332	332	12	{P}	{P}	_	_	_	_	_	shortpause	_	none	_	_	_	_	_	_
332-13	PST064	332	332	13	asciugare	asciugare	_	_	_	_	_	linguistic	_	none	_	_	_	_	_	_
332-14	PST064	332	332	14	lì	lì	_	_	_	_	_	linguistic	_	none	_	_	_	_	_	_
332-15	PST064	332	332	15	sulle	sulle	_	_	_	_	_	linguistic	_	none	_	_	_	_	_	_
332-16	PST064	332	332	16	a:nde	ande	_	_	_	_	_	linguistic	_	none	_	_	0x1	_	_	_
332-17	PST064	332	332	17	proprio	proprio	_	_	_	_	_	linguistic	_	none	_	End=813.268	_	_	_	_
333-0	PST064	333	333	0	con	con	_	_	_	_	_	linguistic	_	some	_	Begin=813.366	_	_	_	_
333-1	PST064	333	333	1	#el	el	_	_	_	_	_	linguistic	_	some	Language=NO_ISO_CODE|Variation=Token	_	_	_	_	_
333-2	PST064	333	333	2	freddo	freddo	_	_	_	_	_	linguistic	_	some	_	_	_	_	_	_
333-3	PST064	333	333	3	eh	eh	_	_	_	_	_	linguistic	_	some	_	_	_	_	_	_
333-4	PST064	333	333	4	non	non	_	_	_	_	_	linguistic	_	some	_	_	_	_	_	_
333-5	PST064	333	333	5	è	è	_	_	_	_	_	linguistic	_	some	_	_	_	_	_	_
333-6	PST064	333	333	6	proprio::	proprio	_	_	_	_	_	linguistic	_	some	PauseAfter=Yes	_	6x2	_	_	_
333-7	PST064	333	333	7	{P}	{P}	_	_	_	_	_	shortpause	_	some	_	_	_	_	_	_
333-8	PST064	333	333	8	con	con	_	_	_	_	_	linguistic	_	some	_	_	_	_	_	_
333-9	PST064	333	333	9	#el	el	_	_	_	_	_	linguistic	_	some	Language=NO_ISO_CODE|Variation=Token	_	_	_	_	_
333-10	PST064	333	333	10	ghiaccio	ghiaccio	_	_	_	_	_	linguistic	_	some	_	_	_	_	_	_
333-11	PST064	333	333	11	col	col	_	_	_	_	_	linguistic	_	some	_	_	_	_	_	_
333-12	PST064	333	333	12	freddo	freddo	_	_	_	_	_	linguistic	_	some	_	_	_	_	_	_
333-13	PST064	333	333	13	proprio	proprio	_	_	_	_	_	linguistic	_	some	_	_	_	_	_	_
333-14	PST064	333	333	14	che	che	_	_	_	_	_	linguistic	_	some	_	_	_	_	_	_
333-15	PST064	333	333	15	[fa	fa	_	_	_	_	_	linguistic	_	some	_	_	_	_	_	0-2(83)
333-16	PST064	333	333	16	tanto	tanto	_	_	_	_	_	linguistic	_	some	_	_	_	_	_	0-5(83)
333-17	PST064	333	333	17	fred]do	freddo	_	_	_	_	_	linguistic	_	some	_	_	_	_	_	0-4(83)
333-18	PST064	333	333	18	proprio	proprio	_	_	_	_	_	linguistic	_	some	_	End=819.009	_	_	_	_
334-0	PST065	334	334	0	[da	da	_	_	_	_	_	linguistic	_	none	_	Begin=818.022	_	_	_	0-2(83)
334-1	PST065	334	334	1	solo]	solo	_	_	_	_	_	linguistic	_	none	_	End=818.675	_	_	_	0-4(83)
335-0	PST064	335	335	0	sì	sì	_	_	_	_	_	linguistic	_	none	_	Begin=819.459	_	_	_	_
335-1	PST064	335	335	1	si	si	_	_	_	_	_	linguistic	_	none	_	_	_	_	_	_
335-2	PST064	335	335	2	asciuga	asciuga	_	_	_	_	_	linguistic	_	none	_	_	_	_	_	_
335-3	PST064	335	335	3	da	da	_	_	_	_	_	linguistic	_	none	_	_	_	_	_	_
335-4	PST064	335	335	4	solo	solo	_	_	_	_	_	linguistic	_	none	_	End=820.677	_	_	_	_
336-0	PST064	336	336	0	allora	allora	_	_	_	_	_	linguistic	_	none	_	Begin=821.919	_	_	_	_
336-1	PST064	336	336	1	quello	quello	_	_	_	_	_	linguistic	_	none	_	End=822.853	_	_	_	_
337-0	PST064	337	337	0	e::h	eh	_	_	_	_	_	linguistic	_	none	_	Begin=823.495	0x2	_	_	_
337-1	PST064	337	337	1	noi	noi	_	_	_	_	_	linguistic	_	none	_	_	_	_	_	_
337-2	PST064	337	337	2	lo	lo	_	_	_	_	_	linguistic	_	none	_	_	_	_	_	_
337-3	PST064	337	337	3	dobbiamo	dobbiamo	_	_	_	_	_	linguistic	_	none	_	_	_	_	_	_
337-4	PST064	337	337	4	lasciare	lasciare	_	_	_	_	_	linguistic	_	none	_	_	_	_	_	_
337-5	PST064	337	337	5	a	a	_	_	_	_	_	linguistic	_	none	_	_	_	_	_	_
337-6	PST064	337	337	6	ba::gno	bagno	_	_	_	_	_	linguistic	_	none	_	End=825.91	1x2	_	_	_
338-0	PST064	338	338	0	e	e	_	_	_	_	_	linguistic	_	some	_	Begin=826.3	_	_	_	_
338-1	PST064	338	338	1	poi	poi	_	_	_	_	_	linguistic	_	some	_	_	_	_	_	_
338-2	PST064	338	338	2	l'	l'	_	_	_	_	_	linguistic	_	some	SpaceAfter=No	_	_	_	_	_
338-3	PST064	338	338	3	altro	altro	_	_	_	_	_	linguistic	_	some	_	_	_	_	_	_
338-4	PST064	338	338	4	giorno	giorno	_	_	_	_	_	linguistic	_	some	_	_	_	_	_	_
338-5	PST064	338	338	5	#ya	ya	_	_	_	_	_	linguistic	_	some	Language=NO_ISO_CODE|Variation=Token	_	_	_	_	_
338-6	PST064	338	338	6	un	un	_	_	_	_	_	linguistic	_	some	_	_	_	_	_	_
338-7	PST064	338	338	7	po'	po'	_	_	_	_	_	linguistic	_	some	_	_	_	_	_	_
338-8	PST064	338	338	8	morbida	morbida	_	_	_	_	_	linguistic	_	some	_	_	_	_	_	_
338-9	PST064	338	338	9	allora	allora	_	_	_	_	_	linguistic	_	some	_	_	_	_	_	_
338-10	PST064	338	338	10	quello	quello	_	_	_	_	_	linguistic	_	some	_	_	_	_	_	_
338-11	PST064	338	338	11	sarebbe	sarebbe	_	_	_	_	_	linguistic	_	some	_	_	_	_	_	_
338-12	PST064	338	338	12	e::::h	eh	_	_	_	_	_	linguistic	_	some	_	_	0x4	_	_	_
338-13	PST064	338	338	13	la	la	_	_	_	_	_	linguistic	_	some	_	_	_	_	_	_
338-14	PST064	338	338	14	chiamiamo	chiamiamo	_	_	_	_	_	linguistic	_	some	_	_	_	_	_	_
338-15	PST064	338	338	15	la	la	_	_	_	_	_	linguistic	_	some	_	_	_	_	_	_
338-16	PST064	338	338	16	#papa	papa	_	_	_	_	_	linguistic	_	some	Language=NO_ISO_CODE|Variation=Token	_	_	_	_	_
338-17	PST064	338	338	17	#seca	seca	_	_	_	_	_	linguistic	_	some	Language=NO_ISO_CODE|Variation=Token	_	_	_	_	_
338-18	PST064	338	338	18	noi	noi	_	_	_	_	_	linguistic	_	some	_	_	_	_	_	_
338-19	PST064	338	338	19	[il	il	_	_	_	_	_	linguistic	_	some	_	_	_	_	_	0-2(84)
338-20	PST064	338	338	20	nome	nome	_	_	_	_	_	linguistic	_	some	_	_	_	_	_	0-4(84)
338-21	PST064	338	338	21	#co]mo	como	_	_	_	_	_	linguistic	_	some	Language=NO_ISO_CODE|Variation=Token	_	_	_	_	0-3(84)
338-22	PST064	338	338	22	#papa	papa	_	_	_	_	_	linguistic	_	some	Language=NO_ISO_CODE|Variation=Token	_	_	_	_	_
338-23	PST064	338	338	23	#seca	seca	_	_	_	_	_	linguistic	_	some	Language=NO_ISO_CODE|Variation=Token	_	_	_	_	_
338-24	PST064	338	338	24	con	con	_	_	_	_	_	linguistic	_	some	_	_	_	_	_	_
338-25	PST064	338	338	25	quello	quello	_	_	_	_	_	linguistic	_	some	_	_	_	_	_	_
338-26	PST064	338	338	26	si	si	_	_	_	_	_	linguistic	_	some	_	_	_	_	_	_
338-27	PST064	338	338	27	fa	fa	_	_	_	_	_	linguistic	_	some	_	_	_	_	_	_
338-28	PST064	338	338	28	la	la	_	_	_	_	_	linguistic	_	some	_	_	_	_	_	_
338-29	PST064	338	338	29	#carapulchra	carapulchra	_	_	_	_	_	linguistic	_	some	Language=NO_ISO_CODE|Variation=Token	End=835.145	_	_	_	_
339-0	PST203	339	339	0	[mh	mh	_	_	_	_	_	linguistic	_	none	_	Begin=832.349	_	_	_	0-2(84)
339-1	PST203	339	339	1	mhmh]	mhmh	_	_	_	_	_	linguistic	_	none	_	End=832.936	_	_	_	0-4(84)
340-0	PST064	340	340	0	che	che	_	_	_	_	_	linguistic	_	none	_	Begin=835.834	_	_	_	_
340-1	PST064	340	340	1	si	si	_	_	_	_	_	linguistic	_	none	_	_	_	_	_	_
340-2	PST064	340	340	2	fa	fa	_	_	_	_	_	linguistic	_	none	_	_	_	_	_	_
340-3	PST064	340	340	3	(bah)	bah	_	_	_	_	_	linguistic	_	none	_	_	_	_	0-3(0)	_
340-4	PST064	340	340	4	se	se	_	_	_	_	_	linguistic	_	none	_	_	_	_	_	_
340-5	PST064	340	340	5	mettiamo	mettiamo	_	_	_	_	_	linguistic	_	none	_	_	_	_	_	_
340-6	PST064	340	340	6	le	le	_	_	_	_	_	linguistic	_	none	_	_	_	_	_	_
340-7	PST064	340	340	7	spezie	spezie	_	_	_	_	_	linguistic	_	none	_	_	_	_	_	_
340-8	PST064	340	340	8	no::stra	nostra	_	_	_	_	_	linguistic	_	none	PauseAfter=Yes	_	1x2	_	_	_
340-9	PST064	340	340	9	{P}	{P}	_	_	_	_	_	shortpause	_	none	_	_	_	_	_	_
340-10	PST064	340	340	10	per	per	_	_	_	_	_	linguistic	_	none	_	_	_	_	_	_
340-11	PST064	340	340	11	fare	fare	_	_	_	_	_	linguistic	_	none	_	_	_	_	_	_
340-12	PST064	340	340	12	quello	quello	_	_	_	_	_	linguistic	_	none	_	_	_	_	_	_
340-13	PST064	340	340	13	no	no	_	_	_	_	_	linguistic	_	none	_	_	_	_	_	_
340-14	PST064	340	340	14	mettiamo	mettiamo	_	_	_	_	_	linguistic	_	none	_	_	_	_	_	_
340-15	PST064	340	340	15	anche::	anche	_	_	_	_	_	linguistic	_	none	_	_	4x2	_	_	_
340-16	PST064	340	340	16	le	le	_	_	_	_	_	linguistic	_	none	_	_	_	_	_	_
340-17	PST064	340	340	17	costine	costine	_	_	_	_	_	linguistic	_	none	_	_	_	_	_	_
340-18	PST064	340	340	18	di	di	_	_	_	_	_	linguistic	_	none	_	_	_	_	_	_
340-19	PST064	340	340	19	maiale	maiale	_	_	_	_	_	linguistic	_	none	_	_	_	_	_	_
340-20	PST064	340	340	20	(anche)	anche	_	_	_	_	_	linguistic	_	none	_	_	_	_	0-5(1)	_
340-21	PST064	340	340	21	(vuole)	vuole	_	_	_	_	_	linguistic	_	none	_	_	_	_	0-5(2)	_
340-22	PST064	340	340	22	come	come	_	_	_	_	_	linguistic	_	none	_	_	_	_	_	_
340-23	PST064	340	340	23	diceva	diceva	_	_	_	_	_	linguistic	_	none	_	_	_	_	_	_
340-24	PST064	340	340	24	lei	lei	_	_	_	_	_	linguistic	_	none	_	_	_	_	_	_
340-25	PST064	340	340	25	la	la	_	_	_	_	_	linguistic	_	none	_	_	_	_	_	_
340-26	PST064	340	340	26	gallina	gallina	_	_	_	_	_	linguistic	_	none	_	End=845.911	_	_	_	_
341-0	PST064	341	341	0	dipende	dipende	_	_	_	_	_	linguistic	_	some	_	Begin=846.208	_	_	_	_
341-1	PST064	341	341	1	#porque::	porque	_	_	_	_	_	linguistic	_	some	Language=NO_ISO_CODE|Variation=Token	_	5x2	_	_	_
341-2	PST064	341	341	2	noi	noi	_	_	_	_	_	linguistic	_	some	_	_	_	_	_	_
341-3	PST064	341	341	3	stando	stando	_	_	_	_	_	linguistic	_	some	_	_	_	_	_	_
341-4	PST064	341	341	4	nel	nel	_	_	_	_	_	linguistic	_	some	_	_	_	_	_	_
341-5	PST064	341	341	5	nostro	nostro	_	_	_	_	_	linguistic	_	some	_	_	_	_	_	_
341-6	PST064	341	341	6	paese	paese	_	_	_	_	_	linguistic	_	some	_	_	_	_	_	_
341-7	PST064	341	341	7	noi	noi	_	_	_	_	_	linguistic	_	some	_	_	_	_	_	_
341-8	PST064	341	341	8	abbiamo	abbiamo	_	_	_	_	_	linguistic	_	some	_	End=850.338	_	_	_	_
342-0	PST064	342	342	0	come	come	_	_	_	_	_	linguistic	_	none	_	Begin=851.06	_	_	_	_
342-1	PST064	342	342	1	diciamo	diciamo	_	_	_	_	_	linguistic	_	none	_	_	_	_	_	_
342-2	PST064	342	342	2	($criamo)	criamo	_	_	_	_	_	linguistic	_	none	Orthography=Yes|Variation=Emerging	_	_	_	0-7(0)	_
342-3	PST064	342	342	3	degli	degli	_	_	_	_	_	linguistic	_	none	_	_	_	_	_	_
342-4	PST064	342	342	4	animali	animali	_	_	_	_	_	linguistic	_	none	_	_	_	_	_	_
342-5	PST064	342	342	5	no?	no	_	_	_	_	_	linguistic	_	none	Intonation=Rising	_	_	_	_	_
342-6	PST064	342	342	6	abbiamo	abbiamo	_	_	_	_	_	linguistic	_	none	_	_	_	_	_	_
342-7	PST064	342	342	7	le	le	_	_	_	_	_	linguistic	_	none	_	_	_	_	_	_
342-8	PST064	342	342	8	galline	galline	_	_	_	_	_	linguistic	_	none	_	_	_	_	_	_
342-9	PST064	342	342	9	il	il	_	_	_	_	_	linguistic	_	none	_	_	_	_	_	_
342-10	PST064	342	342	10	tacchino	tacchino	_	_	_	_	_	linguistic	_	none	_	_	_	_	_	_
342-11	PST064	342	342	11	e	e	_	_	_	_	_	linguistic	_	none	_	_	_	_	_	_
342-12	PST064	342	342	12	tutto	tutto	_	_	_	_	_	linguistic	_	none	_	_	_	_	_	_
342-13	PST064	342	342	13	questo	questo	_	_	_	_	_	linguistic	_	none	_	End=855.067	_	_	_	_
343-0	PST064	343	343	0	e	e	_	_	_	_	_	linguistic	_	none	_	Begin=855.091	_	_	_	_
343-1	PST064	343	343	1	allora	allora	_	_	_	_	_	linguistic	_	none	_	_	_	_	_	_
343-2	PST064	343	343	2	voi	voi	_	_	_	_	_	linguistic	_	none	_	_	_	_	_	_
343-3	PST064	343	343	3	noi	noi	_	_	_	_	_	linguistic	_	none	_	_	_	_	_	_
343-4	PST064	343	343	4	non	non	_	_	_	_	_	linguistic	_	none	_	_	_	_	_	_
343-5	PST064	343	343	5	c'	c'	_	_	_	_	_	linguistic	_	none	SpaceAfter=No	_	_	_	_	_
343-6	PST064	343	343	6	abbiamo	abbiamo	_	_	_	_	_	linguistic	_	none	_	_	_	_	_	_
343-7	PST064	343	343	7	problema	problema	_	_	_	_	_	linguistic	_	none	_	_	_	_	_	_
343-8	PST064	343	343	8	per	per	_	_	_	_	_	linguistic	_	none	_	_	_	_	_	_
343-9	PST064	343	343	9	quello	quello	_	_	_	_	_	linguistic	_	none	_	End=857.711	_	_	_	_
344-0	PST064	344	344	0	adesso	adesso	_	_	_	_	_	linguistic	_	none	_	Begin=858.02	_	_	_	_
344-1	PST064	344	344	1	io	io	_	_	_	_	_	linguistic	_	none	_	_	_	_	_	_
344-2	PST064	344	344	2	voglio	voglio	_	_	_	_	_	linguistic	_	none	_	_	_	_	_	_
344-3	PST064	344	344	3	cucinare	cucinare	_	_	_	_	_	linguistic	_	none	_	_	_	_	_	_
344-4	PST064	344	344	4	questo	questo	_	_	_	_	_	linguistic	_	none	_	_	_	_	_	_
344-5	PST064	344	344	5	vado	vado	_	_	_	_	_	linguistic	_	none	_	_	_	_	_	_
344-6	PST064	344	344	6	prendo	prendo	_	_	_	_	_	linguistic	_	none	_	_	_	_	_	_
344-7	PST064	344	344	7	la	la	_	_	_	_	_	linguistic	_	none	_	_	_	_	_	_
344-8	PST064	344	344	8	gallina	gallina	_	_	_	_	_	linguistic	_	none	_	_	_	_	_	_
344-9	PST064	344	344	9	pum	pum	_	_	_	_	_	linguistic	_	none	_	End=861.7	_	_	_	_
345-0	PST064	345	345	0	e	e	_	_	_	_	_	linguistic	_	some	_	Begin=861.767	_	_	_	_
345-1	PST064	345	345	1	cucino	cucino	_	_	_	_	_	linguistic	_	some	_	_	_	_	_	_
345-2	PST064	345	345	2	ma:	ma	_	_	_	_	_	linguistic	_	some	_	_	1x1	_	_	_
345-3	PST064	345	345	3	[prendo	prendo	_	_	_	_	_	linguistic	_	some	_	_	_	_	_	0-6(85)
345-4	PST064	345	345	4	la::]	la	_	_	_	_	_	linguistic	_	some	PauseAfter=Yes	_	1x2	_	_	0-2(85)
345-5	PST064	345	345	5	{P}	{P}	_	_	_	_	_	shortpause	_	some	_	_	_	_	_	_
345-6	PST064	345	345	6	e	e	_	_	_	_	_	linguistic	_	some	_	_	_	_	_	_
345-7	PST064	345	345	7	l'	l'	_	_	_	_	_	linguistic	_	some	SpaceAfter=No	_	_	_	_	_
345-8	PST064	345	345	8	anatra	anatra	_	_	_	_	_	linguistic	_	some	_	_	_	_	_	_
345-9	PST064	345	345	9	prendo	prendo	_	_	_	_	_	linguistic	_	some	_	_	_	_	_	_
345-10	PST064	345	345	10	il	il	_	_	_	_	_	linguistic	_	some	_	_	_	_	_	_
345-11	PST064	345	345	11	tacchino	tacchino	_	_	_	_	_	linguistic	_	some	_	_	_	_	_	_
345-12	PST064	345	345	12	con	con	_	_	_	_	_	linguistic	_	some	_	_	_	_	_	_
345-13	PST064	345	345	13	quello	quello	_	_	_	_	_	linguistic	_	some	_	_	_	_	_	_
345-14	PST064	345	345	14	#o	o	_	_	_	_	_	linguistic	_	some	Language=NO_ISO_CODE|Variation=Token	_	_	_	_	_
345-15	PST064	345	345	15	sea	sea	_	_	_	_	_	linguistic	_	some	_	_	_	_	_	_
345-16	PST064	345	345	16	non:	non	_	_	_	_	_	linguistic	_	some	_	_	2x1	_	_	_
345-17	PST064	345	345	17	noi	noi	_	_	_	_	_	linguistic	_	some	_	_	_	_	_	_
345-18	PST064	345	345	18	non	non	_	_	_	_	_	linguistic	_	some	_	_	_	_	_	_
345-19	PST064	345	345	19	c'	c'	_	_	_	_	_	linguistic	_	some	SpaceAfter=No	_	_	_	_	_
345-20	PST064	345	345	20	abbiamo	abbiamo	_	_	_	_	_	linguistic	_	some	_	_	_	_	_	_
345-21	PST064	345	345	21	tanti	tanti	_	_	_	_	_	linguistic	_	some	_	_	_	_	_	_
345-22	PST064	345	345	22	problema	problema	_	_	_	_	_	linguistic	_	some	_	_	_	_	_	_
345-23	PST064	345	345	23	di	di	_	_	_	_	_	linguistic	_	some	_	_	_	_	_	_
345-24	PST064	345	345	24	quelle	quelle	_	_	_	_	_	linguistic	_	some	_	_	_	_	_	_
345-25	PST064	345	345	25	cose	cose	_	_	_	_	_	linguistic	_	some	_	_	_	_	_	_
345-26	PST064	345	345	26	lì	lì	_	_	_	_	_	linguistic	_	some	_	End=869.464	_	_	_	_
346-0	PST065	346	346	0	{ride}	{ride}	_	_	_	_	_	nonverbalbehavior	_	none	_	Begin=862.478	_	_	_	_
346-1	PST065	346	346	1	[(prendo)]	prendo	_	_	_	_	_	linguistic	_	none	_	End=863.49	_	_	0-6(0)	0-6(85)
347-0	PST064	347	347	0	e	e	_	_	_	_	_	linguistic	_	some	_	Begin=869.982	_	_	_	_
347-1	PST064	347	347	1	allora	allora	_	_	_	_	_	linguistic	_	some	_	_	_	_	_	_
347-2	PST064	347	347	2	possiamo	possiamo	_	_	_	_	_	linguistic	_	some	_	_	_	_	_	_
347-3	PST064	347	347	3	fare	fare	_	_	_	_	_	linguistic	_	some	_	_	_	_	_	_
347-4	PST064	347	347	4	però	però	_	_	_	_	_	linguistic	_	some	_	_	_	_	_	_
347-5	PST064	347	347	5	#en	en	_	_	_	_	_	linguistic	_	some	Language=NO_ISO_CODE|Variation=Token	_	_	_	_	_
347-6	PST064	347	347	6	tutta	tutta	_	_	_	_	_	linguistic	_	some	_	_	_	_	_	_
347-7	PST064	347	347	7	quella	quella	_	_	_	_	_	linguistic	_	some	_	_	_	_	_	_
347-8	PST064	347	347	8	zona	zona	_	_	_	_	_	linguistic	_	some	PauseAfter=Yes	_	_	_	_	_
347-9	PST064	347	347	9	{P}	{P}	_	_	_	_	_	shortpause	_	some	_	_	_	_	_	_
347-10	PST064	347	347	10	del	del	_	_	_	_	_	linguistic	_	some	_	_	_	_	_	_
347-11	PST064	347	347	11	#sur	sur	_	_	_	_	_	linguistic	_	some	PauseAfter=Yes|Language=NO_ISO_CODE|Variation=Token	_	_	_	_	_
347-12	PST064	347	347	12	{P}	{P}	_	_	_	_	_	shortpause	_	some	_	_	_	_	_	_
347-13	PST064	347	347	13	facciamo	facciamo	_	_	_	_	_	linguistic	_	some	_	_	_	_	_	_
347-14	PST064	347	347	14	eh	eh	_	_	_	_	_	linguistic	_	some	_	_	_	_	_	_
347-15	PST064	347	347	15	(dei)	dei	_	_	_	_	_	linguistic	_	some	_	_	_	_	0-3(0)	_
347-16	PST064	347	347	16	piatti	piatti	_	_	_	_	_	linguistic	_	some	_	_	_	_	_	_
347-17	PST064	347	347	17	tipici	tipici	_	_	_	_	_	linguistic	_	some	_	End=875.313	_	_	_	_
348-0	PST064	348	348	0	uno	uno	_	_	_	_	_	linguistic	_	some	_	Begin=875.421	_	_	_	_
348-1	PST064	348	348	1	#*de~	de~	_	_	_	_	_	linguistic	_	some	Interrupted=Yes|Language=NO_ISO_CODE|Variation=Doubtful	_	_	_	_	_
348-2	PST064	348	348	2	forse	forse	_	_	_	_	_	linguistic	_	some	_	_	_	_	_	_
348-3	PST064	348	348	3	un	un	_	_	_	_	_	linguistic	_	some	_	_	_	_	_	_
348-4	PST064	348	348	4	pochettino	pochettino	_	_	_	_	_	linguistic	_	some	_	_	_	_	_	_
348-5	PST064	348	348	5	diverso	diverso	_	_	_	_	_	linguistic	_	some	_	_	_	_	_	_
348-6	PST064	348	348	6	#*de	de	_	_	_	_	_	linguistic	_	some	Language=NO_ISO_CODE|Variation=Doubtful	_	_	_	_	_
348-7	PST064	348	348	7	l'	l'	_	_	_	_	_	linguistic	_	some	SpaceAfter=No	_	_	_	_	_
348-8	PST064	348	348	8	altro	altro	_	_	_	_	_	linguistic	_	some	_	_	_	_	_	_
348-9	PST064	348	348	9	qual[cuno	qualcuno	_	_	_	_	_	linguistic	_	some	_	_	_	_	_	3-8(86)
348-10	PST064	348	348	10	#*tie]ne	tiene	_	_	_	_	_	linguistic	_	some	Language=NO_ISO_CODE|Variation=Doubtful	_	_	_	_	0-5(86)
348-11	PST064	348	348	11	l'	l'	_	_	_	_	_	linguistic	_	some	SpaceAfter=No	_	_	_	_	_
348-12	PST064	348	348	12	altro	altro	_	_	_	_	_	linguistic	_	some	_	_	_	_	_	_
348-13	PST064	348	348	13	patate	patate	_	_	_	_	_	linguistic	_	some	_	_	_	_	_	_
348-14	PST064	348	348	14	più	più	_	_	_	_	_	linguistic	_	some	_	_	_	_	_	_
348-15	PST064	348	348	15	più	più	_	_	_	_	_	linguistic	_	some	_	_	_	_	_	_
348-16	PST064	348	348	16	più	più	_	_	_	_	_	linguistic	_	some	_	End=881.499	_	_	_	_
349-0	PST203	349	349	0	[mhmh]	mhmh	_	_	_	_	_	linguistic	_	none	_	Begin=879.741|End=880.042	_	_	_	0-4(86)
350-0	PST064	350	350	0	che	che	_	_	_	_	_	linguistic	_	some	_	Begin=882.091	_	_	_	_
350-1	PST064	350	350	1	#sea	sea	_	_	_	_	_	linguistic	_	some	Language=NO_ISO_CODE|Variation=Token	_	_	_	_	_
350-2	PST064	350	350	2	($entroso)	entroso	_	_	_	_	_	linguistic	_	some	Orthography=Yes|Variation=Emerging	_	_	_	0-8(0)	_
350-3	PST064	350	350	3	o	o	_	_	_	_	_	linguistic	_	some	_	_	_	_	_	_
350-4	PST064	350	350	4	più::::	più	_	_	_	_	_	linguistic	_	some	_	_	2x4	_	_	_
350-5	PST064	350	350	5	[#cómo	cómo	_	_	_	_	_	linguistic	_	some	Language=NO_ISO_CODE|Variation=Token	_	_	_	_	0-5(87)
350-6	PST064	350	350	6	si	si	_	_	_	_	_	linguistic	_	some	_	_	_	_	_	0-2(87)
350-7	PST064	350	350	7	di]ce:::,	dice	_	_	_	_	_	linguistic	_	some	Intonation=WeaklyRising	End=885.533	3x3	_	_	0-2(87)
351-0	PST065	351	351	0	[xxx]	xxx	_	_	_	_	_	unknown	_	none	Syllables=3	Begin=884.108|End=884.699	_	_	_	0-3(87)
352-0	PST064	352	352	0	meno	meno	_	_	_	_	_	linguistic	_	none	_	Begin=886.82	_	_	_	_
352-1	PST064	352	352	1	granulato	granulato	_	_	_	_	_	linguistic	_	none	_	_	_	_	_	_
352-2	PST064	352	352	2	[così]	così	_	_	_	_	_	linguistic	_	none	_	_	_	_	_	0-4(88)
352-3	PST064	352	352	3	fine	fine	_	_	_	_	_	linguistic	_	none	_	_	_	_	_	_
352-4	PST064	352	352	4	fine	fine	_	_	_	_	_	linguistic	_	none	_	End=888.789	_	_	_	_
353-0	PST203	353	353	0	[ah]	ah	_	_	_	_	_	linguistic	_	none	_	Begin=887.84|End=888.152	_	_	_	0-2(88)
354-0	PST203	354	354	0	mhmh	mhmh	_	_	_	_	_	linguistic	_	none	_	Begin=888.869	_	_	_	_
354-1	PST203	354	354	1	mhmh	mhmh	_	_	_	_	_	linguistic	_	none	_	End=889.384	_	_	_	_
355-0	PST064	355	355	0	cambia	cambia	_	_	_	_	_	linguistic	_	none	_	Begin=889.961	_	_	_	_
355-1	PST064	355	355	1	quello	quello	_	_	_	_	_	linguistic	_	none	_	_	_	_	_	_
355-2	PST064	355	355	2	da	da	_	_	_	_	_	linguistic	_	none	_	_	_	_	_	_
355-3	PST064	355	355	3	città	città	_	_	_	_	_	linguistic	_	none	_	_	_	_	_	_
355-4	PST064	355	355	4	a	a	_	_	_	_	_	linguistic	_	none	_	_	_	_	_	_
355-5	PST064	355	355	5	città	città	_	_	_	_	_	linguistic	_	none	_	_	_	_	_	_
355-6	PST064	355	355	6	però	però	_	_	_	_	_	linguistic	_	none	_	_	_	_	_	_
355-7	PST064	355	355	7	sempre	sempre	_	_	_	_	_	linguistic	_	none	_	_	_	_	_	_
355-8	PST064	355	355	8	è	è	_	_	_	_	_	linguistic	_	none	_	_	_	_	_	_
355-9	PST064	355	355	9	lo	lo	_	_	_	_	_	linguistic	_	none	_	_	_	_	_	_
355-10	PST064	355	355	10	stesso	stesso	_	_	_	_	_	linguistic	_	none	_	_	_	_	_	_
355-11	PST064	355	355	11	piatto	piatto	_	_	_	_	_	linguistic	_	none	_	End=892.715	_	_	_	_
356-0	PST064	356	356	0	che	che	_	_	_	_	_	linguistic	_	some	_	Begin=893.671	_	_	_	_
356-1	PST064	356	356	1	si	si	_	_	_	_	_	linguistic	_	some	_	_	_	_	_	_
356-2	PST064	356	356	2	chiama	chiama	_	_	_	_	_	linguistic	_	some	_	_	_	_	_	_
356-3	PST064	356	356	3	#carapulchra	carapulchra	_	_	_	_	_	linguistic	_	some	Language=NO_ISO_CODE|Variation=Token	_	_	_	_	_
356-4	PST064	356	356	4	con	con	_	_	_	_	_	linguistic	_	some	_	_	_	_	_	_
356-5	PST064	356	356	5	la	la	_	_	_	_	_	linguistic	_	some	_	_	_	_	_	_
356-6	PST064	356	356	6	#sopa	sopa	_	_	_	_	_	linguistic	_	some	Language=NO_ISO_CODE|Variation=Token	_	_	_	_	_
356-7	PST064	356	356	7	#seca	seca	_	_	_	_	_	linguistic	_	some	Language=NO_ISO_CODE|Variation=Token	End=896.025	_	_	_	_
357-0	PST203	357	357	0	#carapulchra	carapulchra	_	_	_	_	_	linguistic	_	some	Language=NO_ISO_CODE|Variation=Token	Begin=896.025	_	_	_	_
357-1	PST203	357	357	1	con	con	_	_	_	_	_	linguistic	_	some	_	_	_	_	_	_
357-2	PST203	357	357	2	la	la	_	_	_	_	_	linguistic	_	some	_	_	_	_	_	_
357-3	PST203	357	357	3	#sopa	sopa	_	_	_	_	_	linguistic	_	some	Language=NO_ISO_CODE|Variation=Token	_	_	_	_	_
357-4	PST203	357	357	4	[°#seca°]	seca	_	_	_	_	_	linguistic	_	some	Language=NO_ISO_CODE|Volume=low|Variation=Token	End=897.697	_	_	_	0-5(89)
358-0	PST064	358	358	0	[sopa	sopa	_	_	_	_	_	linguistic	_	none	_	Begin=897.222	_	_	_	0-4(89)
358-1	PST064	358	358	1	se]ca	seca	_	_	_	_	_	linguistic	_	none	_	_	_	_	_	0-2(89)
358-2	PST064	358	358	2	la	la	_	_	_	_	_	linguistic	_	none	_	_	_	_	_	_
358-3	PST064	358	358	3	sopa	sopa	_	_	_	_	_	linguistic	_	none	_	_	_	_	_	_
358-4	PST064	358	358	4	seca	seca	_	_	_	_	_	linguistic	_	none	_	_	_	_	_	_
358-5	PST064	358	358	5	x	x	_	_	_	_	_	unknown	_	none	Syllables=1	_	_	_	_	_
358-6	PST064	358	358	6	sarebbe	sarebbe	_	_	_	_	_	linguistic	_	none	_	_	_	_	_	_
358-7	PST064	358	358	7	gli	gli	_	_	_	_	_	linguistic	_	none	_	_	_	_	_	_
358-8	PST064	358	358	8	spaghetti	spaghetti	_	_	_	_	_	linguistic	_	none	_	End=899.813	_	_	_	_
359-0	PST203	359	359	0	mhmh	mhmh	_	_	_	_	_	linguistic	_	none	_	Begin=899.982|End=900.299	_	_	_	_
360-0	PST064	360	360	0	#pero	pero	_	_	_	_	_	linguistic	_	some	Language=NO_ISO_CODE|Variation=Token	Begin=900.55	_	_	_	_
360-1	PST064	360	360	1	#ya	ya	_	_	_	_	_	linguistic	_	some	Language=NO_ISO_CODE|Variation=Token	_	_	_	_	_
360-2	PST064	360	360	2	messo	messo	_	_	_	_	_	linguistic	_	some	_	_	_	_	_	_
360-3	PST064	360	360	3	tutto	tutto	_	_	_	_	_	linguistic	_	some	_	_	_	_	_	_
360-4	PST064	360	360	4	il	il	_	_	_	_	_	linguistic	_	some	_	_	_	_	_	_
360-5	PST064	360	360	5	#suco	suco	_	_	_	_	_	linguistic	_	some	Language=NO_ISO_CODE|Variation=Token	_	_	_	_	_
360-6	PST064	360	360	6	lì	lì	_	_	_	_	_	linguistic	_	some	PauseAfter=Yes	_	_	_	_	_
360-7	PST064	360	360	7	{P}	{P}	_	_	_	_	_	shortpause	_	some	_	_	_	_	_	_
360-8	PST064	360	360	8	#*se	se	_	_	_	_	_	linguistic	_	some	Language=NO_ISO_CODE|Variation=Doubtful	_	_	_	_	_
360-9	PST064	360	360	9	[cuci]na	cucina	_	_	_	_	_	linguistic	_	some	_	_	_	_	_	0-4(90)
360-10	PST064	360	360	10	con	con	_	_	_	_	_	linguistic	_	some	_	_	_	_	_	_
360-11	PST064	360	360	11	#el	el	_	_	_	_	_	linguistic	_	some	Language=NO_ISO_CODE|Variation=Token	_	_	_	_	_
360-12	PST064	360	360	12	#suco	suco	_	_	_	_	_	linguistic	_	some	Language=NO_ISO_CODE|Variation=Token	_	_	_	_	_
360-13	PST064	360	360	13	dentro	dentro	_	_	_	_	_	linguistic	_	some	_	End=904.185	_	_	_	_
361-0	PST203	361	361	0	[ah]	ah	_	_	_	_	_	linguistic	_	none	_	Begin=902.382|End=902.663	_	_	_	0-2(90)
362-0	PST064	362	362	0	[no	no	_	_	_	_	_	linguistic	_	none	_	Begin=904.22	_	_	_	0-2(91)
362-1	PST064	362	362	1	no	no	_	_	_	_	_	linguistic	_	none	_	_	_	_	_	0-2(91)
362-2	PST064	362	362	2	la	la	_	_	_	_	_	linguistic	_	none	_	_	_	_	_	0-2(91)
362-3	PST064	362	362	3	fa]ccia~	faccia~	_	_	_	_	_	linguistic	_	none	Interrupted=Yes	_	_	_	_	0-2(91)
362-4	PST064	362	362	4	eh	eh	_	_	_	_	_	linguistic	_	none	_	_	_	_	_	_
362-5	PST064	362	362	5	sì	sì	_	_	_	_	_	linguistic	_	none	_	_	_	_	_	_
362-6	PST064	362	362	6	eh	eh	_	_	_	_	_	linguistic	_	none	_	_	_	_	_	_
362-7	PST064	362	362	7	(beh)	beh	_	_	_	_	_	linguistic	_	none	_	_	_	_	0-3(0)	_
362-8	PST064	362	362	8	noi	noi	_	_	_	_	_	linguistic	_	none	_	_	_	_	_	_
362-9	PST064	362	362	9	lo	lo	_	_	_	_	_	linguistic	_	none	_	_	_	_	_	_
362-10	PST064	362	362	10	[facciamo	facciamo	_	_	_	_	_	linguistic	_	none	_	_	_	_	_	0-8(92)
362-11	PST064	362	362	11	a	a	_	_	_	_	_	linguistic	_	none	_	_	_	_	_	0-1(92)
362-12	PST064	362	362	12	pa]rte	parte	_	_	_	_	_	linguistic	_	none	_	_	_	_	_	0-2(92)
362-13	PST064	362	362	13	no	no	_	_	_	_	_	linguistic	_	none	_	_	_	_	_	_
362-14	PST064	362	362	14	no	no	_	_	_	_	_	linguistic	_	none	_	_	_	_	_	_
362-15	PST064	362	362	15	no	no	_	_	_	_	_	linguistic	_	none	_	End=907.762	_	_	_	_
363-0	PST203	363	363	0	[tutto	tutto	_	_	_	_	_	linguistic	_	none	_	Begin=904.245	_	_	_	0-5(91)
363-1	PST203	363	363	1	insieme]	insieme	_	_	_	_	_	linguistic	_	none	_	End=905.041	_	_	_	0-7(91)
364-0	PST203	364	364	0	[non	non	_	_	_	_	_	linguistic	_	none	_	Begin=906.009	_	_	_	0-3(92)
364-1	PST203	364	364	1	all'	all'	_	_	_	_	_	linguistic	_	none	SpaceAfter=No	_	_	_	_	0-4(92)
364-2	PST203	364	364	2	italiana]	italiana	_	_	_	_	_	linguistic	_	none	_	End=906.848	_	_	_	0-8(92)
365-0	PST203	365	365	0	{ride}	{ride}	_	_	_	_	_	nonverbalbehavior	_	none	_	Begin=907.122|End=907.726	_	_	_	_
366-0	PST210	366	366	0	{ride}	{ride}	_	_	_	_	_	nonverbalbehavior	_	none	_	Begin=907.122|End=907.726	_	_	_	_
367-0	PST064	367	367	0	così	così	_	_	_	_	_	linguistic	_	none	_	Begin=908.778|End=909.156	_	_	_	_
368-0	PST065	368	368	0	xxx	xxx	_	_	_	_	_	unknown	_	none	Syllables=3	Begin=909.328	_	_	_	_
368-1	PST065	368	368	1	{ride}	{ride}	_	_	_	_	_	nonverbalbehavior	_	none	_	End=910.311	_	_	_	_
369-0	PST203	369	369	0	lei	lei	_	_	_	_	_	linguistic	_	none	_	Begin=909.67	_	_	_	_
369-1	PST203	369	369	1	sa	sa	_	_	_	_	_	linguistic	_	none	_	_	_	_	_	_
369-2	PST203	369	369	2	cucinare,	cucinare	_	_	_	_	_	linguistic	_	none	Intonation=WeaklyRising	End=910.848	_	_	_	_
370-0	PST064	370	370	0	dipen[de	dipende	_	_	_	_	_	linguistic	_	some	_	Begin=912.08	_	_	_	5-7(94)
370-1	PST064	370	370	1	#*de	de	_	_	_	_	_	linguistic	_	some	Language=NO_ISO_CODE|Variation=Doubtful	_	_	_	_	0-4(94)
370-2	PST064	370	370	2	di	di	_	_	_	_	_	linguistic	_	some	_	_	_	_	_	0-2(94)
370-3	PST064	370	370	3	#donde	donde	_	_	_	_	_	linguistic	_	some	Language=NO_ISO_CODE|Variation=Token	_	_	_	_	0-6(94)
370-4	PST064	370	370	4	è	è	_	_	_	_	_	linguistic	_	some	_	_	_	_	_	0-1(94)
370-5	PST064	370	370	5	#porque	porque	_	_	_	_	_	linguistic	_	some	Language=NO_ISO_CODE|Variation=Token	_	_	_	_	0-7(94)
370-6	PST064	370	370	6	del	del	_	_	_	_	_	linguistic	_	some	_	_	_	_	_	0-3(94)
370-7	PST064	370	370	7	#sur	sur	_	_	_	_	_	linguistic	_	some	Language=NO_ISO_CODE|Variation=Token	_	_	_	_	0-4(94)
370-8	PST064	370	370	8	guarda	guarda	_	_	_	_	_	linguistic	_	some	_	_	_	_	_	0-6(94)
370-9	PST064	370	370	9	che]	che	_	_	_	_	_	linguistic	_	some	_	_	_	_	_	0-3(94)
370-10	PST064	370	370	10	non	non	_	_	_	_	_	linguistic	_	some	_	_	_	_	_	_
370-11	PST064	370	370	11	è	è	_	_	_	_	_	linguistic	_	some	_	_	_	_	_	_
370-12	PST064	370	370	12	che::	che	_	_	_	_	_	linguistic	_	some	_	_	2x2	_	_	_
370-13	PST064	370	370	13	#sea	sea	_	_	_	_	_	linguistic	_	some	Language=NO_ISO_CODE|Variation=Token	_	_	_	_	_
370-14	PST064	370	370	14	tan~	tan~	_	_	_	_	_	linguistic	_	some	Interrupted=Yes	_	_	_	_	_
370-15	PST064	370	370	15	eh	eh	_	_	_	_	_	linguistic	_	some	_	_	_	_	_	_
370-16	PST064	370	370	16	sembra	sembra	_	_	_	_	_	linguistic	_	some	_	_	_	_	_	_
370-17	PST064	370	370	17	(debe)	debe	_	_	_	_	_	linguistic	_	some	_	_	_	_	0-4(0)	_
370-18	PST064	370	370	18	che	che	_	_	_	_	_	linguistic	_	some	_	_	_	_	_	_
370-19	PST064	370	370	19	fosse	fosse	_	_	_	_	_	linguistic	_	some	_	_	_	_	_	_
370-20	PST064	370	370	20	però	però	_	_	_	_	_	linguistic	_	some	_	_	_	_	_	_
370-21	PST064	370	370	21	è	è	_	_	_	_	_	linguistic	_	some	_	_	_	_	_	_
370-22	PST064	370	370	22	[un	un	_	_	_	_	_	linguistic	_	some	_	_	_	_	_	0-2(205)
370-23	PST064	370	370	23	po':]:	po'	_	_	_	_	_	linguistic	_	some	_	End=919.066	1x2	_	_	0-3(205)
371-0	PST065	371	371	0	[xxxxxxx]	xxxxxxx	_	_	_	_	_	unknown	_	none	Syllables=7	Begin=912.468|End=914.495	_	_	_	0-7(94)
372-0	PST203	372	372	0	[mh	mh	_	_	_	_	_	linguistic	_	none	_	Begin=918.346	_	_	_	0-2(205)
372-1	PST203	372	372	1	mh	mh	_	_	_	_	_	linguistic	_	none	_	_	_	_	_	0-2(205)
372-2	PST203	372	372	2	mh	mh	_	_	_	_	_	linguistic	_	none	_	_	_	_	_	0-2(205)
372-3	PST203	372	372	3	mh]	mh	_	_	_	_	_	linguistic	_	none	_	End=918.987	_	_	_	0-2(205)
373-0	PST065	373	373	0	[cambia]	cambia	_	_	_	_	_	linguistic	_	none	_	Begin=918.765	_	_	_	0-6(205)
373-1	PST065	373	373	1	troppo	troppo	_	_	_	_	_	linguistic	_	none	_	End=919.505	_	_	_	_
374-0	PST203	374	374	0	tu	tu	_	_	_	_	_	linguistic	_	none	_	Begin=919.733	_	_	_	_
374-1	PST203	374	374	1	di	di	_	_	_	_	_	linguistic	_	none	_	_	_	_	_	_
374-2	PST203	374	374	2	dove	dove	_	_	_	_	_	linguistic	_	none	_	_	_	_	_	_
374-3	PST203	374	374	3	sei	sei	_	_	_	_	_	linguistic	_	none	_	_	_	_	_	_
374-4	PST203	374	374	4	[@mary]?	@mary	_	_	_	_	_	anonymized	_	none	Intonation=Rising	End=920.843	_	_	_	0-5(95)
375-0	PST064	375	375	0	[complicato]	complicato	_	_	_	_	_	linguistic	_	none	_	Begin=920.323|End=920.909	_	_	_	0-10(95)
376-0	PST210	376	376	0	lima	lima	_	_	_	_	_	linguistic	_	none	_	Begin=921.125|End=921.595	_	_	_	_
377-0	PST203	377	377	0	di	di	_	_	_	_	_	linguistic	_	none	_	Begin=921.827	_	_	_	_
377-1	PST203	377	377	1	lima?	lima	_	_	_	_	_	linguistic	_	none	Intonation=Rising	End=922.317	_	_	_	_
378-0	PST210	378	378	0	sì	sì	_	_	_	_	_	linguistic	_	none	_	Begin=922.367|End=922.665	_	_	_	_
379-0	PST203	379	379	0	e	e	_	_	_	_	_	linguistic	_	none	_	Begin=923.73	_	_	_	_
379-1	PST203	379	379	1	tu?	tu	_	_	_	_	_	linguistic	_	none	Intonation=Rising	_	_	_	_	_
379-2	PST203	379	379	2	qual	qual	_	_	_	_	_	linguistic	_	none	_	_	_	_	_	_
379-3	PST203	379	379	3	è	è	_	_	_	_	_	linguistic	_	none	_	_	_	_	_	_
379-4	PST203	379	379	4	il	il	_	_	_	_	_	linguistic	_	none	_	_	_	_	_	_
379-5	PST203	379	379	5	tuo	tuo	_	_	_	_	_	linguistic	_	none	_	_	_	_	_	_
379-6	PST203	379	379	6	piatto	piatto	_	_	_	_	_	linguistic	_	none	_	_	_	_	_	_
379-7	PST203	379	379	7	preferito?	preferito	_	_	_	_	_	linguistic	_	none	Intonation=Rising	End=925.603	_	_	_	_
380-0	PST065	380	380	0	ah	ah	_	_	_	_	_	linguistic	_	some	_	Begin=925.603	_	_	_	_
380-1	PST065	380	380	1	a	a	_	_	_	_	_	linguistic	_	some	_	_	_	_	_	_
380-2	PST065	380	380	2	me	me	_	_	_	_	_	linguistic	_	some	_	_	_	_	_	_
380-3	PST065	380	380	3	il	il	_	_	_	_	_	linguistic	_	some	_	_	_	_	_	_
380-4	PST065	380	380	4	#ceviche	ceviche	_	_	_	_	_	linguistic	_	some	PauseAfter=Yes|Language=NO_ISO_CODE|Variation=Token	_	_	_	_	_
380-5	PST065	380	380	5	{P}	{P}	_	_	_	_	_	shortpause	_	some	_	_	_	_	_	_
380-6	PST065	380	380	6	[a::h	ah	_	_	_	_	_	linguistic	_	some	_	_	0x2	_	_	0-2(?)
380-7	PST065	380	380	7	ovu]nque	ovunque	_	_	_	_	_	linguistic	_	some	_	_	_	_	_	0-3(?)
380-8	PST065	380	380	8	io	io	_	_	_	_	_	linguistic	_	some	_	_	_	_	_	_
380-9	PST065	380	380	9	vado	vado	_	_	_	_	_	linguistic	_	some	_	_	_	_	_	_
380-10	PST065	380	380	10	{ride}	{ride}	_	_	_	_	_	nonverbalbehavior	_	some	PauseAfter=Yes	_	_	_	_	_
380-11	PST065	380	380	11	{P}	{P}	_	_	_	_	_	shortpause	_	some	_	_	_	_	_	_
380-12	PST065	380	380	12	mh	mh	_	_	_	_	_	linguistic	_	some	_	_	_	_	_	_
380-13	PST065	380	380	13	devo	devo	_	_	_	_	_	linguistic	_	some	_	_	_	_	_	_
380-14	PST065	380	380	14	per	per	_	_	_	_	_	linguistic	_	some	_	_	_	_	_	_
380-15	PST065	380	380	15	[forza	forza	_	_	_	_	_	linguistic	_	some	_	_	_	_	_	0-5(?)
380-16	PST065	380	380	16	mangiare	mangiare	_	_	_	_	_	linguistic	_	some	_	_	_	_	_	0-8(?)
380-17	PST065	380	380	17	quello]	quello	_	_	_	_	_	linguistic	_	some	_	End=931.349	_	_	_	0-6(?)
381-0	PST203	381	381	0	[#ceviche]	ceviche	_	_	_	_	_	linguistic	_	all	Language=NO_ISO_CODE|Variation=Token	Begin=926.791|End=927.403	_	_	_	0-8(96)
382-0	PST203	382	382	0	[s:ì]?	sì	_	_	_	_	_	linguistic	_	none	Intonation=Rising	Begin=928.77	0x1	_	_	0-2(97)
382-1	PST203	382	382	1	{ride}	{ride}	_	_	_	_	_	nonverbalbehavior	_	none	_	End=929.492	_	_	_	_
383-0	PST203	383	383	0	ma	ma	_	_	_	_	_	linguistic	_	none	PauseAfter=Yes	Begin=930.058	_	_	_	_
383-1	PST203	383	383	1	{P}	{P}	_	_	_	_	_	shortpause	_	none	_	_	_	_	_	_
383-2	PST203	383	383	2	ma	ma	_	_	_	_	_	linguistic	_	none	_	_	_	_	_	_
383-3	PST203	383	383	3	lo	lo	_	_	_	_	_	linguistic	_	none	_	_	_	_	_	_
383-4	PST203	383	383	4	ma]ngi	mangi	_	_	_	_	_	linguistic	_	none	_	_	_	_	_	_
383-5	PST203	383	383	5	anche	anche	_	_	_	_	_	linguistic	_	none	_	_	_	_	_	_
383-6	PST203	383	383	6	a	a	_	_	_	_	_	linguistic	_	none	_	_	_	_	_	_
383-7	PST203	383	383	7	casa	casa	_	_	_	_	_	linguistic	_	none	_	_	_	_	_	_
383-8	PST203	383	383	8	tua?	tua	_	_	_	_	_	linguistic	_	none	Intonation=Rising	End=932.603	_	_	_	_
384-0	PST065	384	384	0	e:::h	eh	_	_	_	_	_	linguistic	_	none	_	Begin=932.909	0x3	_	_	_
384-1	PST065	384	384	1	sì	sì	_	_	_	_	_	linguistic	_	none	_	End=933.75	_	_	_	_
385-0	PST065	385	385	0	[sì	sì	_	_	_	_	_	linguistic	_	none	_	Begin=934.378	_	_	_	0-2(99)
385-1	PST065	385	385	1	ma	ma	_	_	_	_	_	linguistic	_	none	_	_	_	_	_	0-2(99)
385-2	PST065	385	385	2	m:::h]	mh	_	_	_	_	_	linguistic	_	none	PauseAfter=Yes	_	0x3	_	_	0-2(99)
385-3	PST065	385	385	3	{P}	{P}	_	_	_	_	_	shortpause	_	none	_	_	_	_	_	_
385-4	PST065	385	385	4	sì::	sì	_	_	_	_	_	linguistic	_	none	_	_	1x2	_	_	_
385-5	PST065	385	385	5	però	però	_	_	_	_	_	linguistic	_	none	_	_	_	_	_	_
385-6	PST065	385	385	6	è	è	_	_	_	_	_	linguistic	_	none	_	_	_	_	_	_
385-7	PST065	385	385	7	molto	molto	_	_	_	_	_	linguistic	_	none	_	_	_	_	_	_
385-8	PST065	385	385	8	molto	molto	_	_	_	_	_	linguistic	_	none	_	_	_	_	_	_
385-9	PST065	385	385	9	molto	molto	_	_	_	_	_	linguistic	_	none	_	_	_	_	_	_
385-10	PST065	385	385	10	diverso	diverso	_	_	_	_	_	linguistic	_	none	_	End=937.595	_	_	_	_
386-0	PST203	386	386	0	[lo	lo	_	_	_	_	_	linguistic	_	none	_	Begin=934.378	_	_	_	0-2(99)
386-1	PST203	386	386	1	fate:]	fate	_	_	_	_	_	linguistic	_	none	_	End=935.145	3x1	_	_	0-4(99)
387-0	PST065	387	387	0	cioè	cioè	_	_	_	_	_	linguistic	_	none	_	Begin=937.649	_	_	_	_
387-1	PST065	387	387	1	nel	nel	_	_	_	_	_	linguistic	_	none	_	_	_	_	_	_
387-2	PST065	387	387	2	senso	senso	_	_	_	_	_	linguistic	_	none	_	_	_	_	_	_
387-3	PST065	387	387	3	fatto	fatto	_	_	_	_	_	linguistic	_	none	_	_	_	_	_	_
387-4	PST065	387	387	4	a	a	_	_	_	_	_	linguistic	_	none	_	_	_	_	_	_
387-5	PST065	387	387	5	casa	casa	_	_	_	_	_	linguistic	_	none	_	_	_	_	_	_
387-6	PST065	387	387	6	>che	che	_	_	_	_	_	linguistic	_	none	_	_	_	Fast=0-3(0)	_	_
387-7	PST065	387	387	7	(uno)<	uno	_	_	_	_	_	linguistic	_	none	_	_	_	Fast=0-3(0)	0-3(0)	_
387-8	PST065	387	387	8	magari	magari	_	_	_	_	_	linguistic	_	none	_	_	_	_	_	_
387-9	PST065	387	387	9	uno	uno	_	_	_	_	_	linguistic	_	none	_	_	_	_	_	_
387-10	PST065	387	387	10	prepara	prepara	_	_	_	_	_	linguistic	_	none	_	_	_	_	_	_
387-11	PST065	387	387	11	poi	poi	_	_	_	_	_	linguistic	_	none	_	End=940.281	_	_	_	_
388-0	PST203	388	388	0	mhmh	mhmh	_	_	_	_	_	linguistic	_	none	_	Begin=940.708|End=941.058	_	_	_	_
389-0	PST065	389	389	0	cioè	cioè	_	_	_	_	_	linguistic	_	some	_	Begin=941.487	_	_	_	_
389-1	PST065	389	389	1	#ce~	ce~	_	_	_	_	_	linguistic	_	some	Interrupted=Yes|Language=NO_ISO_CODE|Variation=Token	_	_	_	_	_
389-2	PST065	389	389	2	io	io	_	_	_	_	_	linguistic	_	some	_	_	_	_	_	_
389-3	PST065	389	389	3	a~	a~	_	_	_	_	_	linguistic	_	some	Interrupted=Yes	_	_	_	_	_
389-4	PST065	389	389	4	io	io	_	_	_	_	_	linguistic	_	some	_	_	_	_	_	_
389-5	PST065	389	389	5	adoro	adoro	_	_	_	_	_	linguistic	_	some	_	_	_	_	_	_
389-6	PST065	389	389	6	il	il	_	_	_	_	_	linguistic	_	some	_	_	_	_	_	_
389-7	PST065	389	389	7	#ceviche	ceviche	_	_	_	_	_	linguistic	_	some	Language=NO_ISO_CODE|Variation=Token	_	_	_	_	_
389-8	PST065	389	389	8	infatti	infatti	_	_	_	_	_	linguistic	_	some	_	_	_	_	_	_
389-9	PST065	389	389	9	normalmente	normalmente	_	_	_	_	_	linguistic	_	some	_	_	_	_	_	_
389-10	PST065	389	389	10	lo	lo	_	_	_	_	_	linguistic	_	some	_	_	_	_	_	_
389-11	PST065	389	389	11	vengo	vengo	_	_	_	_	_	linguistic	_	some	_	_	_	_	_	_
389-12	PST065	389	389	12	a	a	_	_	_	_	_	linguistic	_	some	_	_	_	_	_	_
389-13	PST065	389	389	13	prendere	prendere	_	_	_	_	_	linguistic	_	some	_	_	_	_	_	_
389-14	PST065	389	389	14	qua	qua	_	_	_	_	_	linguistic	_	some	_	End=944.517	_	_	_	_
390-0	PST203	390	390	0	{ride}	{ride}	_	_	_	_	_	nonverbalbehavior	_	none	_	Begin=944.551|End=945.365	_	_	_	_
391-0	PST065	391	391	0	{ride}	{ride}	_	_	_	_	_	nonverbalbehavior	_	none	_	Begin=944.805|End=945.416	_	_	_	_
392-0	PST065	392	392	0	cioè	cioè	_	_	_	_	_	linguistic	_	none	_	Begin=946.007	_	_	_	_
392-1	PST065	392	392	1	potrei	potrei	_	_	_	_	_	linguistic	_	none	_	_	_	_	_	_
392-2	PST065	392	392	2	>(vedere)<	vedere	_	_	_	_	_	linguistic	_	none	_	_	_	Fast=0-6(0)	0-6(0)	_
392-3	PST065	392	392	3	se	se	_	_	_	_	_	linguistic	_	none	_	_	_	_	_	_
392-4	PST065	392	392	4	ci	ci	_	_	_	_	_	linguistic	_	none	_	_	_	_	_	_
392-5	PST065	392	392	5	sono	sono	_	_	_	_	_	linguistic	_	none	_	_	_	_	_	_
392-6	PST065	392	392	6	dei	dei	_	_	_	_	_	linguistic	_	none	_	_	_	_	_	_
392-7	PST065	392	392	7	ristoranti	ristoranti	_	_	_	_	_	linguistic	_	none	_	_	_	_	_	_
392-8	PST065	392	392	8	vicino	vicino	_	_	_	_	_	linguistic	_	none	_	_	_	_	_	_
392-9	PST065	392	392	9	casa	casa	_	_	_	_	_	linguistic	_	none	_	_	_	_	_	_
392-10	PST065	392	392	10	mia	mia	_	_	_	_	_	linguistic	_	none	_	_	_	_	_	_
392-11	PST065	392	392	11	però:	però	_	_	_	_	_	linguistic	_	none	_	End=949.083	3x1	_	_	_
393-0	PST065	393	393	0	vengo	vengo	_	_	_	_	_	linguistic	_	none	_	Begin=949.87	_	_	_	_
393-1	PST065	393	393	1	qua	qua	_	_	_	_	_	linguistic	_	none	_	_	_	_	_	_
393-2	PST065	393	393	2	mangio	mangio	_	_	_	_	_	linguistic	_	none	_	_	_	_	_	_
393-3	PST065	393	393	3	qua	qua	_	_	_	_	_	linguistic	_	none	_	End=951.062	_	_	_	_
394-0	PST203	394	394	0	ma	ma	_	_	_	_	_	linguistic	_	none	_	Begin=951.167	_	_	_	_
394-1	PST203	394	394	1	cosa	cosa	_	_	_	_	_	linguistic	_	none	_	_	_	_	_	_
394-2	PST203	394	394	2	volevo	volevo	_	_	_	_	_	linguistic	_	none	_	_	_	_	_	_
394-3	PST203	394	394	3	dire?	dire	_	_	_	_	_	linguistic	_	none	Intonation=Rising	_	_	_	_	_
394-4	PST203	394	394	4	ma	ma	_	_	_	_	_	linguistic	_	none	_	_	_	_	_	_
394-5	PST203	394	394	5	è	è	_	_	_	_	_	linguistic	_	none	_	_	_	_	_	_
394-6	PST203	394	394	6	è	è	_	_	_	_	_	linguistic	_	none	_	_	_	_	_	_
394-7	PST203	394	394	7	diff:icile	difficile	_	_	_	_	_	linguistic	_	none	_	_	3x1	_	_	_
394-8	PST203	394	394	8	cioè	cioè	_	_	_	_	_	linguistic	_	none	_	_	_	_	_	_
394-9	PST203	394	394	9	pe~	pe~	_	_	_	_	_	linguistic	_	none	Interrupted=Yes	_	_	_	_	_
394-10	PST203	394	394	10	adesso	adesso	_	_	_	_	_	linguistic	_	none	_	_	_	_	_	_
394-11	PST203	394	394	11	vabbè	vabbè	_	_	_	_	_	linguistic	_	none	_	_	_	_	_	_
394-12	PST203	394	394	12	voi	voi	_	_	_	_	_	linguistic	_	none	_	_	_	_	_	_
394-13	PST203	394	394	13	lavorate	lavorate	_	_	_	_	_	linguistic	_	none	_	_	_	_	_	_
394-14	PST203	394	394	14	nella	nella	_	_	_	_	_	linguistic	_	none	_	_	_	_	_	_
394-15	PST203	394	394	15	[ristorazio]ne	ristorazione	_	_	_	_	_	linguistic	_	none	_	_	_	_	_	0-10(100)
394-16	PST203	394	394	16	però	però	_	_	_	_	_	linguistic	_	none	_	_	_	_	_	_
394-17	PST203	394	394	17	cioè	cioè	_	_	_	_	_	linguistic	_	none	_	_	_	_	_	_
394-18	PST203	394	394	18	per	per	_	_	_	_	_	linguistic	_	none	_	_	_	_	_	_
394-19	PST203	394	394	19	una	una	_	_	_	_	_	linguistic	_	none	_	_	_	_	_	_
394-20	PST203	394	394	20	persona	persona	_	_	_	_	_	linguistic	_	none	_	_	_	_	_	_
394-21	PST203	394	394	21	che	che	_	_	_	_	_	linguistic	_	none	_	_	_	_	_	_
394-22	PST203	394	394	22	fa	fa	_	_	_	_	_	linguistic	_	none	_	_	_	_	_	_
394-23	PST203	394	394	23	un	un	_	_	_	_	_	linguistic	_	none	_	_	_	_	_	_
394-24	PST203	394	394	24	altro	altro	_	_	_	_	_	linguistic	_	none	_	_	_	_	_	_
394-25	PST203	394	394	25	lavoro	lavoro	_	_	_	_	_	linguistic	_	none	_	_	_	_	_	_
394-26	PST203	394	394	26	è	è	_	_	_	_	_	linguistic	_	none	_	_	_	_	_	_
394-27	PST203	394	394	27	difficile	difficile	_	_	_	_	_	linguistic	_	none	_	_	_	_	_	_
394-28	PST203	394	394	28	trovare	trovare	_	_	_	_	_	linguistic	_	none	_	_	_	_	_	_
394-29	PST203	394	394	29	gli	gli	_	_	_	_	_	linguistic	_	none	_	_	_	_	_	_
394-30	PST203	394	394	30	ingredienti	ingredienti	_	_	_	_	_	linguistic	_	none	_	_	_	_	_	_
394-31	PST203	394	394	31	della	della	_	_	_	_	_	linguistic	_	none	_	_	_	_	_	_
394-32	PST203	394	394	32	cucina	cucina	_	_	_	_	_	linguistic	_	none	_	_	_	_	_	_
394-33	PST203	394	394	33	peruviana?	peruviana	_	_	_	_	_	linguistic	_	none	Intonation=Rising	End=961.29	_	_	_	_
395-0	PST064	395	395	0	[certo]	certo	_	_	_	_	_	linguistic	_	none	_	Begin=955.107|End=955.71	_	_	_	0-5(100)
396-0	PST064	396	396	0	no	no	_	_	_	_	_	linguistic	_	none	_	Begin=961.627	_	_	_	_
396-1	PST064	396	396	1	adesso	adesso	_	_	_	_	_	linguistic	_	none	_	_	_	_	_	_
396-2	PST064	396	396	2	no	no	_	_	_	_	_	linguistic	_	none	_	End=962.669	_	_	_	_
397-0	PST064	397	397	0	#*de:::::	de	_	_	_	_	_	linguistic	_	some	Language=NO_ISO_CODE|Variation=Doubtful	Begin=963.823	1x5	_	_	_
397-1	PST064	397	397	1	ma	ma	_	_	_	_	_	linguistic	_	some	_	_	_	_	_	_
397-2	PST064	397	397	2	forse	forse	_	_	_	_	_	linguistic	_	some	_	_	_	_	_	_
397-3	PST064	397	397	3	del	del	_	_	_	_	_	linguistic	_	some	_	_	_	_	_	_
397-4	PST064	397	397	4	duemila	duemila	_	_	_	_	_	linguistic	_	some	_	_	_	_	_	_
397-5	PST064	397	397	5	e::	e	_	_	_	_	_	linguistic	_	some	_	_	0x2	_	_	_
397-6	PST064	397	397	6	quindici	quindici	_	_	_	_	_	linguistic	_	some	_	_	_	_	_	_
397-7	PST064	397	397	7	in	in	_	_	_	_	_	linguistic	_	some	PauseAfter=Yes	_	_	_	_	_
397-8	PST064	397	397	8	{P}	{P}	_	_	_	_	_	shortpause	_	some	_	_	_	_	_	_
397-9	PST064	397	397	9	poi	poi	_	_	_	_	_	linguistic	_	some	_	_	_	_	_	_
397-10	PST064	397	397	10	a	a	_	_	_	_	_	linguistic	_	some	_	End=968.62	_	_	_	_
398-0	PST064	398	398	0	ogni:	ogni	_	_	_	_	_	linguistic	_	some	_	Begin=969.16	3x1	_	_	_
398-1	PST064	398	398	1	anno	anno	_	_	_	_	_	linguistic	_	some	_	_	_	_	_	_
398-2	PST064	398	398	2	è	è	_	_	_	_	_	linguistic	_	some	_	_	_	_	_	_
398-3	PST064	398	398	3	stato	stato	_	_	_	_	_	linguistic	_	some	_	_	_	_	_	_
398-4	PST064	398	398	4	un	un	_	_	_	_	_	linguistic	_	some	_	_	_	_	_	_
398-5	PST064	398	398	5	po'	po'	_	_	_	_	_	linguistic	_	some	_	_	_	_	_	_
398-6	PST064	398	398	6	meno	meno	_	_	_	_	_	linguistic	_	some	_	_	_	_	_	_
398-7	PST064	398	398	7	difficile	difficile	_	_	_	_	_	linguistic	_	some	_	_	_	_	_	_
398-8	PST064	398	398	8	#porque	porque	_	_	_	_	_	linguistic	_	some	Language=NO_ISO_CODE|Variation=Token	_	_	_	_	_
398-9	PST064	398	398	9	adesso	adesso	_	_	_	_	_	linguistic	_	some	PauseAfter=Yes	_	_	_	_	_
398-10	PST064	398	398	10	{P}	{P}	_	_	_	_	_	shortpause	_	some	_	_	_	_	_	_
398-11	PST064	398	398	11	arrivano	arrivano	_	_	_	_	_	linguistic	_	some	_	_	_	_	_	_
398-12	PST064	398	398	12	le	le	_	_	_	_	_	linguistic	_	some	_	_	_	_	_	_
398-13	PST064	398	398	13	merci	merci	_	_	_	_	_	linguistic	_	some	_	_	_	_	_	_
398-14	PST064	398	398	14	tutto	tutto	_	_	_	_	_	linguistic	_	some	_	_	_	_	_	_
398-15	PST064	398	398	15	a	a	_	_	_	_	_	linguistic	_	some	_	_	_	_	_	_
398-16	PST064	398	398	16	milano	milano	_	_	_	_	_	linguistic	_	some	_	End=974.887	_	_	_	_
399-0	PST203	399	399	0	mh	mh	_	_	_	_	_	linguistic	_	none	_	Begin=975.247|End=975.554	_	_	_	_
400-0	PST064	400	400	0	a	a	_	_	_	_	_	linguistic	_	some	_	Begin=975.714	_	_	_	_
400-1	PST064	400	400	1	del	del	_	_	_	_	_	linguistic	_	some	_	_	_	_	_	_
400-2	PST064	400	400	2	perù	perù	_	_	_	_	_	linguistic	_	some	_	_	_	_	_	_
400-3	PST064	400	400	3	#directamente	directamente	_	_	_	_	_	linguistic	_	some	Language=NO_ISO_CODE|Variation=Token	_	_	_	_	_
400-4	PST064	400	400	4	o	o	_	_	_	_	_	linguistic	_	some	_	_	_	_	_	_
400-5	PST064	400	400	5	#*de	de	_	_	_	_	_	linguistic	_	some	Language=NO_ISO_CODE|Variation=Doubtful	_	_	_	_	_
400-6	PST064	400	400	6	#españa	españa	_	_	_	_	_	linguistic	_	some	Language=NO_ISO_CODE|Variation=Token	_	_	_	_	_
400-7	PST064	400	400	7	perché	perché	_	_	_	_	_	linguistic	_	some	_	_	_	_	_	_
400-8	PST064	400	400	8	di	di	_	_	_	_	_	linguistic	_	some	_	_	_	_	_	_
400-9	PST064	400	400	9	qua	qua	_	_	_	_	_	linguistic	_	some	_	_	_	_	_	_
400-10	PST064	400	400	10	è	è	_	_	_	_	_	linguistic	_	some	_	_	_	_	_	_
400-11	PST064	400	400	11	un	un	_	_	_	_	_	linguistic	_	some	_	_	_	_	_	_
400-12	PST064	400	400	12	po'	po'	_	_	_	_	_	linguistic	_	some	_	_	_	_	_	_
400-13	PST064	400	400	13	più	più	_	_	_	_	_	linguistic	_	some	_	_	_	_	_	_
400-14	PST064	400	400	14	controllato	controllato	_	_	_	_	_	linguistic	_	some	_	_	_	_	_	_
400-15	PST064	400	400	15	ancora	ancora	_	_	_	_	_	linguistic	_	some	_	_	_	_	_	_
400-16	PST064	400	400	16	no?	no	_	_	_	_	_	linguistic	_	some	Intonation=Rising|PauseAfter=Yes	_	_	_	_	_
400-17	PST064	400	400	17	{P}	{P}	_	_	_	_	_	shortpause	_	some	_	_	_	_	_	_
400-18	PST064	400	400	18	portare	portare	_	_	_	_	_	linguistic	_	some	_	_	_	_	_	_
400-19	PST064	400	400	19	delle	delle	_	_	_	_	_	linguistic	_	some	_	_	_	_	_	_
400-20	PST064	400	400	20	me~	me~	_	_	_	_	_	linguistic	_	some	Interrupted=Yes	_	_	_	_	_
400-21	PST064	400	400	21	invece	invece	_	_	_	_	_	linguistic	_	some	_	_	_	_	_	_
400-22	PST064	400	400	22	una	una	_	_	_	_	_	linguistic	_	some	_	_	_	_	_	_
400-23	PST064	400	400	23	volta	volta	_	_	_	_	_	linguistic	_	some	_	_	_	_	_	_
400-24	PST064	400	400	24	che	che	_	_	_	_	_	linguistic	_	some	_	_	_	_	_	_
400-25	PST064	400	400	25	entriamo	entriamo	_	_	_	_	_	linguistic	_	some	_	_	_	_	_	_
400-26	PST064	400	400	26	all'	all'	_	_	_	_	_	linguistic	_	some	SpaceAfter=No	_	_	_	_	_
400-27	PST064	400	400	27	#españa	españa	_	_	_	_	_	linguistic	_	some	Language=NO_ISO_CODE|Variation=Token	_	_	_	_	_
400-28	PST064	400	400	28	è	è	_	_	_	_	_	linguistic	_	some	_	_	_	_	_	_
400-29	PST064	400	400	29	più::	più	_	_	_	_	_	linguistic	_	some	_	_	2x2	_	_	_
400-30	PST064	400	400	30	più	più	_	_	_	_	_	linguistic	_	some	_	_	_	_	_	_
400-31	PST064	400	400	31	facile	facile	_	_	_	_	_	linguistic	_	some	_	End=986.879	_	_	_	_
401-0	PST203	401	401	0	[mhmh	mhmh	_	_	_	_	_	linguistic	_	none	_	Begin=982.056	_	_	_	0-4(101)
401-1	PST203	401	401	1	mhmh]	mhmh	_	_	_	_	_	linguistic	_	none	_	End=982.795	_	_	_	0-4(101)
402-0	PST064	402	402	0	si	si	_	_	_	_	_	linguistic	_	none	_	Begin=987.098	_	_	_	_
402-1	PST064	402	402	1	trova	trova	_	_	_	_	_	linguistic	_	none	_	_	_	_	_	_
402-2	PST064	402	402	2	quasi	quasi	_	_	_	_	_	linguistic	_	none	_	_	_	_	_	_
402-3	PST064	402	402	3	tutto	tutto	_	_	_	_	_	linguistic	_	none	_	End=988.541	_	_	_	_
403-0	PST203	403	403	0	quasi	quasi	_	_	_	_	_	linguistic	_	none	_	Begin=988.661	_	_	_	_
403-1	PST203	403	403	1	tutto	tutto	_	_	_	_	_	linguistic	_	none	_	End=989.419	_	_	_	_
404-0	PST064	404	404	0	perché:::	perché	_	_	_	_	_	linguistic	_	none	_	Begin=989.419|End=990.321	5x3	_	_	_
405-0	PST064	405	405	0	è::	è	_	_	_	_	_	linguistic	_	none	_	Begin=990.993	0x2	_	_	_
405-1	PST064	405	405	1	venuta	venuta	_	_	_	_	_	linguistic	_	none	_	_	_	_	_	_
405-2	PST064	405	405	2	una	una	_	_	_	_	_	linguistic	_	none	_	_	_	_	_	_
405-3	PST064	405	405	3	cliente	cliente	_	_	_	_	_	linguistic	_	none	_	_	_	_	_	_
405-4	PST064	405	405	4	è	è	_	_	_	_	_	linguistic	_	none	_	_	_	_	_	_
405-5	PST064	405	405	5	venuta	venuta	_	_	_	_	_	linguistic	_	none	_	_	_	_	_	_
405-6	PST064	405	405	6	la	la	_	_	_	_	_	linguistic	_	none	_	_	_	_	_	_
405-7	PST064	405	405	7	mamma	mamma	_	_	_	_	_	linguistic	_	none	_	_	_	_	_	_
405-8	PST064	405	405	8	a	a	_	_	_	_	_	linguistic	_	none	_	_	_	_	_	_
405-9	PST064	405	405	9	trovarla	trovarla	_	_	_	_	_	linguistic	_	none	_	_	_	_	_	_
405-10	PST064	405	405	10	che	che	_	_	_	_	_	linguistic	_	none	_	_	_	_	_	_
405-11	PST064	405	405	11	vive	vive	_	_	_	_	_	linguistic	_	none	_	_	_	_	_	_
405-12	PST064	405	405	12	in	in	_	_	_	_	_	linguistic	_	none	_	_	_	_	_	_
405-13	PST064	405	405	13	america	america	_	_	_	_	_	linguistic	_	none	_	End=995.22	_	_	_	_
406-0	PST064	406	406	0	lei	lei	_	_	_	_	_	linguistic	_	none	_	Begin=995.513	_	_	_	_
406-1	PST064	406	406	1	dice	dice	_	_	_	_	_	linguistic	_	none	_	_	_	_	_	_
406-2	PST064	406	406	2	che	che	_	_	_	_	_	linguistic	_	none	_	_	_	_	_	_
406-3	PST064	406	406	3	n~	n~	_	_	_	_	_	linguistic	_	none	Interrupted=Yes|PauseAfter=Yes	_	_	_	_	_
406-4	PST064	406	406	4	{P}	{P}	_	_	_	_	_	shortpause	_	none	_	_	_	_	_	_
406-5	PST064	406	406	5	per	per	_	_	_	_	_	linguistic	_	none	_	_	_	_	_	_
406-6	PST064	406	406	6	dire	dire	_	_	_	_	_	linguistic	_	none	_	End=997.466	_	_	_	_
407-0	PST064	407	407	0	non	non	_	_	_	_	_	linguistic	_	some	_	Begin=998.219	_	_	_	_
407-1	PST064	407	407	1	lo	lo	_	_	_	_	_	linguistic	_	some	_	_	_	_	_	_
407-2	PST064	407	407	2	trova	trova	_	_	_	_	_	linguistic	_	some	_	_	_	_	_	_
407-3	PST064	407	407	3	solo	solo	_	_	_	_	_	linguistic	_	some	_	_	_	_	_	_
407-4	PST064	407	407	4	tutto	tutto	_	_	_	_	_	linguistic	_	some	_	_	_	_	_	_
407-5	PST064	407	407	5	congelato	congelato	_	_	_	_	_	linguistic	_	some	_	_	_	_	_	_
407-6	PST064	407	407	6	#pero	pero	_	_	_	_	_	linguistic	_	some	Language=NO_ISO_CODE|Variation=Token	_	_	_	_	_
407-7	PST064	407	407	7	fresco	fresco	_	_	_	_	_	linguistic	_	some	_	_	_	_	_	_
407-8	PST064	407	407	8	#como	como	_	_	_	_	_	linguistic	_	some	Language=NO_ISO_CODE|Variation=Token	_	_	_	_	_
407-9	PST064	407	407	9	lei	lei	_	_	_	_	_	linguistic	_	some	_	_	_	_	_	_
407-10	PST064	407	407	10	c~	c~	_	_	_	_	_	linguistic	_	some	Interrupted=Yes	_	_	_	_	_
407-11	PST064	407	407	11	trova	trova	_	_	_	_	_	linguistic	_	some	_	_	_	_	_	_
407-12	PST064	407	407	12	qua	qua	_	_	_	_	_	linguistic	_	some	_	_	_	_	_	_
407-13	PST064	407	407	13	adesso	adesso	_	_	_	_	_	linguistic	_	some	_	_	_	_	_	_
407-14	PST064	407	407	14	non	non	_	_	_	_	_	linguistic	_	some	_	_	_	_	_	_
407-15	PST064	407	407	15	abbiamo	abbiamo	_	_	_	_	_	linguistic	_	some	_	_	_	_	_	_
407-16	PST064	407	407	16	la	la	_	_	_	_	_	linguistic	_	some	_	_	_	_	_	_
407-17	PST064	407	407	17	frutta	frutta	_	_	_	_	_	linguistic	_	some	_	_	_	_	_	_
407-18	PST064	407	407	18	la	la	_	_	_	_	_	linguistic	_	some	_	_	_	_	_	_
407-19	PST064	407	407	19	verdura	verdura	_	_	_	_	_	linguistic	_	some	_	_	_	_	_	_
407-20	PST064	407	407	20	le	le	_	_	_	_	_	linguistic	_	some	_	_	_	_	_	_
407-21	PST064	407	407	21	patate	patate	_	_	_	_	_	linguistic	_	some	_	_	_	_	_	_
407-22	PST064	407	407	22	[e	e	_	_	_	_	_	linguistic	_	some	_	_	_	_	_	0-1(102)
407-23	PST064	407	407	23	tutto]	tutto	_	_	_	_	_	linguistic	_	some	_	_	_	_	_	0-5(102)
407-24	PST064	407	407	24	questo	questo	_	_	_	_	_	linguistic	_	some	_	End=1005.02	_	_	_	_
408-0	PST065	408	408	0	[mhmh]	mhmh	_	_	_	_	_	linguistic	_	none	_	Begin=1004.059|End=1004.449	_	_	_	0-4(102)
409-0	PST064	409	409	0	adesso	adesso	_	_	_	_	_	linguistic	_	none	_	Begin=1005.146	_	_	_	_
409-1	PST064	409	409	1	lo	lo	_	_	_	_	_	linguistic	_	none	_	_	_	_	_	_
409-2	PST064	409	409	2	troviamo	troviamo	_	_	_	_	_	linguistic	_	none	_	End=1006.129	_	_	_	_
410-0	PST064	410	410	0	costa	costa	_	_	_	_	_	linguistic	_	none	_	Begin=1007.155	_	_	_	_
410-1	PST064	410	410	1	sì	sì	_	_	_	_	_	linguistic	_	none	_	_	_	_	_	_
410-2	PST064	410	410	2	eh	eh	_	_	_	_	_	linguistic	_	none	_	_	_	_	_	_
410-3	PST064	410	410	3	perché	perché	_	_	_	_	_	linguistic	_	none	PauseAfter=Yes	_	_	_	_	_
410-4	PST064	410	410	4	{P}	{P}	_	_	_	_	_	shortpause	_	none	_	_	_	_	_	_
410-5	PST064	410	410	5	[so]no	sono	_	_	_	_	_	linguistic	_	none	_	_	_	_	_	0-2(103)
410-6	PST064	410	410	6	prodotti	prodotti	_	_	_	_	_	linguistic	_	none	_	_	_	_	_	_
410-7	PST064	410	410	7	che	che	_	_	_	_	_	linguistic	_	none	_	_	_	_	_	_
410-8	PST064	410	410	8	arrivano	arrivano	_	_	_	_	_	linguistic	_	none	_	_	_	_	_	_
410-9	PST064	410	410	9	anche	anche	_	_	_	_	_	linguistic	_	none	_	_	_	_	_	_
410-10	PST064	410	410	10	via	via	_	_	_	_	_	linguistic	_	none	_	_	_	_	_	_
410-11	PST064	410	410	11	aerea	aerea	_	_	_	_	_	linguistic	_	none	_	End=1010.877	_	_	_	_
411-0	PST203	411	411	0	[certo]	certo	_	_	_	_	_	linguistic	_	none	_	Begin=1008.661|End=1009.121	_	_	_	0-5(103)
412-0	PST064	412	412	0	via	via	_	_	_	_	_	linguistic	_	none	_	Begin=1011.163	_	_	_	_
412-1	PST064	412	412	1	aerea	aerea	_	_	_	_	_	linguistic	_	none	_	_	_	_	_	_
412-2	PST064	412	412	2	ha	ha	_	_	_	_	_	linguistic	_	none	_	_	_	_	_	_
412-3	PST064	412	412	3	un	un	_	_	_	_	_	linguistic	_	none	_	_	_	_	_	_
412-4	PST064	412	412	4	altro	altro	_	_	_	_	_	linguistic	_	none	_	_	_	_	_	_
412-5	PST064	412	412	5	costo	costo	_	_	_	_	_	linguistic	_	none	_	_	_	_	_	_
412-6	PST064	412	412	6	che	che	_	_	_	_	_	linguistic	_	none	_	_	_	_	_	_
412-7	PST064	412	412	7	è	è	_	_	_	_	_	linguistic	_	none	_	_	_	_	_	_
412-8	PST064	412	412	8	quello	quello	_	_	_	_	_	linguistic	_	none	_	_	_	_	_	_
412-9	PST064	412	412	9	che	che	_	_	_	_	_	linguistic	_	none	_	_	_	_	_	_
412-10	PST064	412	412	10	arrivano::	arrivano	_	_	_	_	_	linguistic	_	none	PauseAfter=Yes	_	7x2	_	_	_
412-11	PST064	412	412	11	{P}	{P}	_	_	_	_	_	shortpause	_	none	_	_	_	_	_	_
412-12	PST064	412	412	12	e:::h	eh	_	_	_	_	_	linguistic	_	none	_	_	0x3	_	_	_
412-13	PST064	412	412	13	sul	sul	_	_	_	_	_	linguistic	_	none	_	_	_	_	_	_
412-14	PST064	412	412	14	[mare	mare	_	_	_	_	_	linguistic	_	none	_	_	_	_	_	0-4(104)
412-15	PST064	412	412	15	no]?	no	_	_	_	_	_	linguistic	_	none	Intonation=Rising	_	_	_	_	0-2(104)
412-16	PST064	412	412	16	che:	che	_	_	_	_	_	linguistic	_	none	_	_	2x1	_	_	_
412-17	PST064	412	412	17	ci	ci	_	_	_	_	_	linguistic	_	none	_	_	_	_	_	_
412-18	PST064	412	412	18	vuole	vuole	_	_	_	_	_	linguistic	_	none	_	_	_	_	_	_
412-19	PST064	412	412	19	quasi	quasi	_	_	_	_	_	linguistic	_	none	_	_	_	_	_	_
412-20	PST064	412	412	20	un	un	_	_	_	_	_	linguistic	_	none	_	_	_	_	_	_
412-21	PST064	412	412	21	mesetto	mesetto	_	_	_	_	_	linguistic	_	none	_	_	_	_	_	_
412-22	PST064	412	412	22	invece	invece	_	_	_	_	_	linguistic	_	none	_	_	_	_	_	_
412-23	PST064	412	412	23	via	via	_	_	_	_	_	linguistic	_	none	_	_	_	_	_	_
412-24	PST064	412	412	24	aerea	aerea	_	_	_	_	_	linguistic	_	none	_	_	_	_	_	_
412-25	PST064	412	412	25	no	no	_	_	_	_	_	linguistic	_	none	_	End=1019.055	_	_	_	_
413-0	PST065	413	413	0	[sulla	sulla	_	_	_	_	_	linguistic	_	none	_	Begin=1015.566	_	_	_	0-5(104)
413-1	PST065	413	413	1	nave]	nave	_	_	_	_	_	linguistic	_	none	_	End=1016.242	_	_	_	0-4(104)
414-0	PST064	414	414	0	ci	ci	_	_	_	_	_	linguistic	_	some	_	Begin=1019.242	_	_	_	_
414-1	PST064	414	414	1	sono	sono	_	_	_	_	_	linguistic	_	some	_	_	_	_	_	_
414-2	PST064	414	414	2	le	le	_	_	_	_	_	linguistic	_	some	PauseAfter=Yes	_	_	_	_	_
414-3	PST064	414	414	3	{P}	{P}	_	_	_	_	_	shortpause	_	some	_	_	_	_	_	_
414-4	PST064	414	414	4	per	per	_	_	_	_	_	linguistic	_	some	_	_	_	_	_	_
414-5	PST064	414	414	5	dire	dire	_	_	_	_	_	linguistic	_	some	_	_	_	_	_	_
414-6	PST064	414	414	6	noi	noi	_	_	_	_	_	linguistic	_	some	_	_	_	_	_	_
414-7	PST064	414	414	7	abbiamo:	abbiamo	_	_	_	_	_	linguistic	_	some	PauseAfter=Yes	_	6x1	_	_	_
414-8	PST064	414	414	8	{P}	{P}	_	_	_	_	_	shortpause	_	some	_	_	_	_	_	_
414-9	PST064	414	414	9	mi	mi	_	_	_	_	_	linguistic	_	some	_	_	_	_	_	_
414-10	PST064	414	414	10	sembra	sembra	_	_	_	_	_	linguistic	_	some	_	_	_	_	_	_
414-11	PST064	414	414	11	più	più	_	_	_	_	_	linguistic	_	some	_	_	_	_	_	_
414-12	PST064	414	414	12	di	di	_	_	_	_	_	linguistic	_	some	_	_	_	_	_	_
414-13	PST064	414	414	13	tremila	tremila	_	_	_	_	_	linguistic	_	some	_	_	_	_	_	_
414-14	PST064	414	414	14	varietà	varietà	_	_	_	_	_	linguistic	_	some	_	_	_	_	_	_
414-15	PST064	414	414	15	di	di	_	_	_	_	_	linguistic	_	some	_	_	_	_	_	_
414-16	PST064	414	414	16	pa~	pa~	_	_	_	_	_	linguistic	_	some	Interrupted=Yes	_	_	_	_	_
414-17	PST064	414	414	17	#*de	de	_	_	_	_	_	linguistic	_	some	Language=NO_ISO_CODE|Variation=Doubtful	_	_	_	_	_
414-18	PST064	414	414	18	patate	patate	_	_	_	_	_	linguistic	_	some	_	End=1024.693	_	_	_	_
415-0	PST064	415	415	0	abbiamo	abbiamo	_	_	_	_	_	linguistic	_	some	_	Begin=1024.983	_	_	_	_
415-1	PST064	415	415	1	noi	noi	_	_	_	_	_	linguistic	_	some	_	_	_	_	_	_
415-2	PST064	415	415	2	come	come	_	_	_	_	_	linguistic	_	some	_	_	_	_	_	_
415-3	PST064	415	415	3	il	il	_	_	_	_	_	linguistic	_	some	_	_	_	_	_	_
415-4	PST064	415	415	4	mais	mais	_	_	_	_	_	linguistic	_	some	PauseAfter=Yes	_	_	_	_	_
415-5	PST064	415	415	5	{P}	{P}	_	_	_	_	_	shortpause	_	some	_	_	_	_	_	_
415-6	PST064	415	415	6	(#*de)	de	_	_	_	_	_	linguistic	_	some	Language=NO_ISO_CODE|Variation=Doubtful	_	_	_	0-4(0)	_
415-7	PST064	415	415	7	[grano	grano	_	_	_	_	_	linguistic	_	some	_	_	_	_	_	0-5(105)
415-8	PST064	415	415	8	turco	turco	_	_	_	_	_	linguistic	_	some	_	_	_	_	_	0-5(105)
415-9	PST064	415	415	9	abbia]mo	abbiamo	_	_	_	_	_	linguistic	_	some	PauseAfter=Yes	_	_	_	_	0-5(105)
415-10	PST064	415	415	10	{P}	{P}	_	_	_	_	_	shortpause	_	some	_	_	_	_	_	_
415-11	PST064	415	415	11	tantissima	tantissima	_	_	_	_	_	linguistic	_	some	_	_	_	_	_	_
415-12	PST064	415	415	12	varietà	varietà	_	_	_	_	_	linguistic	_	some	_	End=1028.66	_	_	_	_
416-0	PST065	416	416	0	[(grano	grano	_	_	_	_	_	linguistic	_	none	_	Begin=1026.644	_	_	0-5(0)	0-5(105)
416-1	PST065	416	416	1	turco)]	turco	_	_	_	_	_	linguistic	_	none	_	End=1027.398	_	_	0-5(0)	0-5(105)
417-0	PST064	417	417	0	per	per	_	_	_	_	_	linguistic	_	some	_	Begin=1029.38	_	_	_	_
417-1	PST064	417	417	1	dire	dire	_	_	_	_	_	linguistic	_	some	_	_	_	_	_	_
417-2	PST064	417	417	2	le	le	_	_	_	_	_	linguistic	_	some	_	_	_	_	_	_
417-3	PST064	417	417	3	patate	patate	_	_	_	_	_	linguistic	_	some	_	_	_	_	_	_
417-4	PST064	417	417	4	nostra	nostra	_	_	_	_	_	linguistic	_	some	_	_	_	_	_	_
417-5	PST064	417	417	5	costa	costa	_	_	_	_	_	linguistic	_	some	_	_	_	_	_	_
417-6	PST064	417	417	6	#ya	ya	_	_	_	_	_	linguistic	_	some	Language=NO_ISO_CODE|Variation=Token	_	_	_	_	_
417-7	PST064	417	417	7	dodici	dodici	_	_	_	_	_	linguistic	_	some	_	_	_	_	_	_
417-8	PST064	417	417	8	euro	euro	_	_	_	_	_	linguistic	_	some	_	_	_	_	_	_
417-9	PST064	417	417	9	al	al	_	_	_	_	_	linguistic	_	some	_	_	_	_	_	_
417-10	PST064	417	417	10	chilo	chilo	_	_	_	_	_	linguistic	_	some	_	End=1032.529	_	_	_	_
418-0	PST203	418	418	0	[xxxx]	xxxx	_	_	_	_	_	unknown	_	none	Syllables=4	Begin=1033.68|End=1034.445	_	_	_	0-4(106)
419-0	PST064	419	419	0	[quella	quella	_	_	_	_	_	linguistic	_	some	_	Begin=1033.725	_	_	_	0-6(106)
419-1	PST064	419	419	1	è	è	_	_	_	_	_	linguistic	_	some	_	_	_	_	_	0-1(106)
419-2	PST064	419	419	2	la	la	_	_	_	_	_	linguistic	_	some	_	_	_	_	_	0-2(106)
419-3	PST064	419	419	3	#pa]pa	papa	_	_	_	_	_	linguistic	_	some	Language=NO_ISO_CODE|Variation=Token	_	_	_	_	0-3(106)
419-4	PST064	419	419	4	sì	sì	_	_	_	_	_	linguistic	_	some	_	End=1035.194	_	_	_	_
420-0	PST210	420	420	0	°sì	sì	_	_	_	_	_	linguistic	_	none	Volume=low	Begin=1036.057	_	_	_	_
420-1	PST210	420	420	1	x[xxx°]	xxxx	_	_	_	_	_	unknown	_	none	Volume=low|Syllables=4	End=1037.065	_	_	_	1-4(206)
421-0	PST064	421	421	0	[e	e	_	_	_	_	_	linguistic	_	none	_	Begin=1036.585	_	_	_	0-1(206)
421-1	PST064	421	421	1	lo	lo	_	_	_	_	_	linguistic	_	none	_	_	_	_	_	0-2(206)
421-2	PST064	421	421	2	vendia]mo?	vendiamo	_	_	_	_	_	linguistic	_	none	Intonation=Rising	_	_	_	_	0-6(206)
421-3	PST064	421	421	3	ce	ce	_	_	_	_	_	linguistic	_	none	_	_	_	_	_	_
421-4	PST064	421	421	4	l'	l'	_	_	_	_	_	linguistic	_	none	SpaceAfter=No	_	_	_	_	_
421-5	PST064	421	421	5	abbiamo?	abbiamo	_	_	_	_	_	linguistic	_	none	Intonation=Rising	End=1038.174	_	_	_	_
422-0	PST065	422	422	0	[abbiamo	abbiamo	_	_	_	_	_	linguistic	_	none	_	Begin=1037.01	_	_	_	0-7(206)
422-1	PST065	422	422	1	le	le	_	_	_	_	_	linguistic	_	none	_	_	_	_	_	0-2(206)
422-2	PST065	422	422	2	foto	foto	_	_	_	_	_	linguistic	_	none	_	_	_	_	_	0-4(206)
422-3	PST065	422	422	3	di	di	_	_	_	_	_	linguistic	_	none	_	_	_	_	_	0-2(206)
422-4	PST065	422	422	4	là]	là	_	_	_	_	_	linguistic	_	none	_	End=1038.163	_	_	_	0-2(206)
423-0	PST064	423	423	0	è	è	_	_	_	_	_	linguistic	_	none	_	Begin=1038.781	_	_	_	_
423-1	PST064	423	423	1	[di	di	_	_	_	_	_	linguistic	_	none	_	_	_	_	_	0-2(107)
423-2	PST064	423	423	2	là]	là	_	_	_	_	_	linguistic	_	none	_	End=1039.312	_	_	_	0-2(107)
424-0	PST065	424	424	0	[faccia]mo	facciamo	_	_	_	_	_	linguistic	_	none	_	Begin=1039.048	_	_	_	0-6(107)
424-1	PST065	424	424	1	le	le	_	_	_	_	_	linguistic	_	none	_	_	_	_	_	_
424-2	PST065	424	424	2	foto	foto	_	_	_	_	_	linguistic	_	none	_	_	_	_	_	_
424-3	PST065	424	424	3	di	di	_	_	_	_	_	linguistic	_	none	_	_	_	_	_	_
424-4	PST065	424	424	4	là	là	_	_	_	_	_	linguistic	_	none	_	_	_	_	_	_
424-5	PST065	424	424	5	per	per	_	_	_	_	_	linguistic	_	none	_	_	_	_	_	_
424-6	PST065	424	424	6	dopo	dopo	_	_	_	_	_	linguistic	_	none	_	End=1040.729	_	_	_	_
425-0	PST064	425	425	0	sì	sì	_	_	_	_	_	linguistic	_	none	PauseAfter=Yes	Begin=1040.852	_	_	_	_
425-1	PST064	425	425	1	{P}	{P}	_	_	_	_	_	shortpause	_	none	_	_	_	_	_	_
425-2	PST064	425	425	2	dodici	dodici	_	_	_	_	_	linguistic	_	none	_	_	_	_	_	_
425-3	PST064	425	425	3	euro	euro	_	_	_	_	_	linguistic	_	none	_	_	_	_	_	_
425-4	PST064	425	425	4	al	al	_	_	_	_	_	linguistic	_	none	_	_	_	_	_	_
425-5	PST064	425	425	5	chilo	chilo	_	_	_	_	_	linguistic	_	none	_	End=1043.313	_	_	_	_
426-0	PST064	426	426	0	pure	pure	_	_	_	_	_	linguistic	_	some	_	Begin=1043.429	_	_	_	_
426-1	PST064	426	426	1	l'	l'	_	_	_	_	_	linguistic	_	some	SpaceAfter=No	_	_	_	_	_
426-2	PST064	426	426	2	#olluco	olluco	_	_	_	_	_	linguistic	_	some	Language=NO_ISO_CODE|Variation=Token	_	_	_	_	_
426-3	PST064	426	426	3	che	che	_	_	_	_	_	linguistic	_	some	_	_	_	_	_	_
426-4	PST064	426	426	4	sarebbe	sarebbe	_	_	_	_	_	linguistic	_	some	_	_	_	_	_	_
426-5	PST064	426	426	5	un	un	_	_	_	_	_	linguistic	_	some	_	_	_	_	_	_
426-6	PST064	426	426	6	parente	parente	_	_	_	_	_	linguistic	_	some	_	_	_	_	_	_
426-7	PST064	426	426	7	delle	delle	_	_	_	_	_	linguistic	_	some	_	_	_	_	_	_
426-8	PST064	426	426	8	patate	patate	_	_	_	_	_	linguistic	_	some	_	End=1046.073	_	_	_	_
427-0	PST064	427	427	0	anche	anche	_	_	_	_	_	linguistic	_	none	_	Begin=1047.26	_	_	_	_
427-1	PST064	427	427	1	quel[lo]	quello	_	_	_	_	_	linguistic	_	none	PauseAfter=Yes	_	_	_	_	4-6(108)
427-2	PST064	427	427	2	{P}	{P}	_	_	_	_	_	shortpause	_	none	_	_	_	_	_	_
427-3	PST064	427	427	3	sì	sì	_	_	_	_	_	linguistic	_	none	_	_	_	_	_	_
427-4	PST064	427	427	4	anche	anche	_	_	_	_	_	linguistic	_	none	_	_	_	_	_	_
427-5	PST064	427	427	5	quello	quello	_	_	_	_	_	linguistic	_	none	_	End=1049.434	_	_	_	_
428-0	PST203	428	428	0	[ah]	ah	_	_	_	_	_	linguistic	_	none	_	Begin=1047.801|End=1048.119	_	_	_	0-2(108)
429-0	PST064	429	429	0	e:	e	_	_	_	_	_	linguistic	_	some	_	Begin=1049.753	0x1	_	_	_
429-1	PST064	429	429	1	si	si	_	_	_	_	_	linguistic	_	some	_	_	_	_	_	_
429-2	PST064	429	429	2	fa:	fa	_	_	_	_	_	linguistic	_	some	_	_	1x1	_	_	_
429-3	PST064	429	429	3	eh	eh	_	_	_	_	_	linguistic	_	some	_	_	_	_	_	_
429-4	PST064	429	429	4	l:::'	l'	_	_	_	_	_	linguistic	_	some	SpaceAfter=No	_	0x3	_	_	_
429-5	PST064	429	429	5	#olluquito	olluquito	_	_	_	_	_	linguistic	_	some	Language=NO_ISO_CODE|Variation=Token	_	_	_	_	_
429-6	PST064	429	429	6	con	con	_	_	_	_	_	linguistic	_	some	_	_	_	_	_	_
429-7	PST064	429	429	7	carne	carne	_	_	_	_	_	linguistic	_	some	_	_	_	_	_	_
429-8	PST064	429	429	8	che	che	_	_	_	_	_	linguistic	_	some	_	_	_	_	_	_
429-9	PST064	429	429	9	lo	lo	_	_	_	_	_	linguistic	_	some	_	_	_	_	_	_
429-10	PST064	429	429	10	chiamiamo	chiamiamo	_	_	_	_	_	linguistic	_	some	_	_	_	_	_	_
429-11	PST064	429	429	11	no?	no	_	_	_	_	_	linguistic	_	some	Intonation=Rising	End=1053.546	_	_	_	_
430-0	PST064	430	430	0	un	un	_	_	_	_	_	linguistic	_	some	_	Begin=1053.9	_	_	_	_
430-1	PST064	430	430	1	piatto	piatto	_	_	_	_	_	linguistic	_	some	_	_	_	_	_	_
430-2	PST064	430	430	2	che::	che	_	_	_	_	_	linguistic	_	some	PauseAfter=Yes	_	2x2	_	_	_
430-3	PST064	430	430	3	{P}	{P}	_	_	_	_	_	shortpause	_	some	_	_	_	_	_	_
430-4	PST064	430	430	4	mangiarlo	mangiarlo	_	_	_	_	_	linguistic	_	some	_	_	_	_	_	_
430-5	PST064	430	430	5	quello	quello	_	_	_	_	_	linguistic	_	some	_	_	_	_	_	_
430-6	PST064	430	430	6	mangiare	mangiare	_	_	_	_	_	linguistic	_	some	_	_	_	_	_	_
430-7	PST064	430	430	7	quella	quella	_	_	_	_	_	linguistic	_	some	_	_	_	_	_	_
430-8	PST064	430	430	8	patata	patata	_	_	_	_	_	linguistic	_	some	_	_	_	_	_	_
430-9	PST064	430	430	9	è	è	_	_	_	_	_	linguistic	_	some	_	_	_	_	_	_
430-10	PST064	430	430	10	come	come	_	_	_	_	_	linguistic	_	some	_	_	_	_	_	_
430-11	PST064	430	430	11	mangiare	mangiare	_	_	_	_	_	linguistic	_	some	_	_	_	_	_	_
430-12	PST064	430	430	12	un::	un	_	_	_	_	_	linguistic	_	some	_	_	1x2	_	_	_
430-13	PST064	430	430	13	#manjar	manjar	_	_	_	_	_	linguistic	_	some	Language=NO_ISO_CODE|Variation=Token	_	_	_	_	_
430-14	PST064	430	430	14	è	è	_	_	_	_	_	linguistic	_	some	_	_	_	_	_	_
430-15	PST064	430	430	15	[un	un	_	_	_	_	_	linguistic	_	some	_	_	_	_	_	0-2(109)
430-16	PST064	430	430	16	mangiare	mangiare	_	_	_	_	_	linguistic	_	some	_	_	_	_	_	0-8(109)
430-17	PST064	430	430	17	un]	un	_	_	_	_	_	linguistic	_	some	_	End=1060.453	_	_	_	0-2(109)
431-0	PST065	431	431	0	[buonissimo]	buonissimo	_	_	_	_	_	linguistic	_	none	_	Begin=1059.698|End=1060.453	_	_	_	0-10(109)
432-0	PST064	432	432	0	capito	capito	_	_	_	_	_	linguistic	_	none	_	Begin=1061.617	_	_	_	_
432-1	PST064	432	432	1	perché	perché	_	_	_	_	_	linguistic	_	none	_	_	_	_	_	_
432-2	PST064	432	432	2	è	è	_	_	_	_	_	linguistic	_	none	_	_	_	_	_	_
432-3	PST064	432	432	3	caro	caro	_	_	_	_	_	linguistic	_	none	_	_	_	_	_	_
432-4	PST064	432	432	4	però	però	_	_	_	_	_	linguistic	_	none	_	_	_	_	_	_
432-5	PST064	432	432	5	si	si	_	_	_	_	_	linguistic	_	none	_	_	_	_	_	_
432-6	PST064	432	432	6	trova	trova	_	_	_	_	_	linguistic	_	none	_	End=1063.812	_	_	_	_
433-0	PST064	433	433	0	e	e	_	_	_	_	_	linguistic	_	none	_	Begin=1064.319	_	_	_	_
433-1	PST064	433	433	1	la	la	_	_	_	_	_	linguistic	_	none	_	_	_	_	_	_
433-2	PST064	433	433	2	gente	gente	_	_	_	_	_	linguistic	_	none	_	_	_	_	_	_
433-3	PST064	433	433	3	non	non	_	_	_	_	_	linguistic	_	none	_	_	_	_	_	_
433-4	PST064	433	433	4	tutti	tutti	_	_	_	_	_	linguistic	_	none	_	_	_	_	_	_
433-5	PST064	433	433	5	lo	lo	_	_	_	_	_	linguistic	_	none	_	_	_	_	_	_
433-6	PST064	433	433	6	prendono	prendono	_	_	_	_	_	linguistic	_	none	_	_	_	_	_	_
433-7	PST064	433	433	7	un	un	_	_	_	_	_	linguistic	_	none	_	_	_	_	_	_
433-8	PST064	433	433	8	chilo	chilo	_	_	_	_	_	linguistic	_	none	_	_	_	_	_	_
433-9	PST064	433	433	9	forse	forse	_	_	_	_	_	linguistic	_	none	_	End=1066.825	_	_	_	_
434-0	PST064	434	434	0	uno	uno	_	_	_	_	_	linguistic	_	some	_	Begin=1067.245	_	_	_	_
434-1	PST064	434	434	1	va	va	_	_	_	_	_	linguistic	_	some	_	_	_	_	_	_
434-2	PST064	434	434	2	a	a	_	_	_	_	_	linguistic	_	some	_	_	_	_	_	_
434-3	PST064	434	434	3	preparare	preparare	_	_	_	_	_	linguistic	_	some	_	_	_	_	_	_
434-4	PST064	434	434	4	un	un	_	_	_	_	_	linguistic	_	some	_	_	_	_	_	_
434-5	PST064	434	434	5	brodo	brodo	_	_	_	_	_	linguistic	_	some	_	_	_	_	_	_
434-6	PST064	434	434	6	#*de	de	_	_	_	_	_	linguistic	_	some	Language=NO_ISO_CODE|Variation=Doubtful	_	_	_	_	_
434-7	PST064	434	434	7	gallina	gallina	_	_	_	_	_	linguistic	_	some	_	_	_	_	_	_
434-8	PST064	434	434	8	allora	allora	_	_	_	_	_	linguistic	_	some	_	_	_	_	_	_
434-9	PST064	434	434	9	quel	quel	_	_	_	_	_	linguistic	_	some	_	_	_	_	_	_
434-10	PST064	434	434	10	quella	quella	_	_	_	_	_	linguistic	_	some	_	_	_	_	_	_
434-11	PST064	434	434	11	patata	patata	_	_	_	_	_	linguistic	_	some	_	_	_	_	_	_
434-12	PST064	434	434	12	ma	ma	_	_	_	_	_	linguistic	_	some	_	_	_	_	_	_
434-13	PST064	434	434	13	si	si	_	_	_	_	_	linguistic	_	some	_	_	_	_	_	_
434-14	PST064	434	434	14	scioglie	scioglie	_	_	_	_	_	linguistic	_	some	_	_	_	_	_	_
434-15	PST064	434	434	15	proprio	proprio	_	_	_	_	_	linguistic	_	some	_	End=1073.166	_	_	_	_
435-0	PST065	435	435	0	mhmh	mhmh	_	_	_	_	_	linguistic	_	none	_	Begin=1073.201|End=1073.59	_	_	_	_
436-0	PST064	436	436	0	e	e	_	_	_	_	_	linguistic	_	some	_	Begin=1073.6	_	_	_	_
436-1	PST064	436	436	1	le	le	_	_	_	_	_	linguistic	_	some	_	_	_	_	_	_
436-2	PST064	436	436	2	dà	dà	_	_	_	_	_	linguistic	_	some	_	_	_	_	_	_
436-3	PST064	436	436	3	un	un	_	_	_	_	_	linguistic	_	some	_	_	_	_	_	_
436-4	PST064	436	436	4	gusto	gusto	_	_	_	_	_	linguistic	_	some	_	_	_	_	_	_
436-5	PST064	436	436	5	speciale	speciale	_	_	_	_	_	linguistic	_	some	_	_	_	_	_	_
436-6	PST064	436	436	6	un	un	_	_	_	_	_	linguistic	_	some	_	_	_	_	_	_
436-7	PST064	436	436	7	$espessore	espessore	_	_	_	_	_	linguistic	_	some	Orthography=Yes|Variation=Emerging	_	_	_	_	_
436-8	PST064	436	436	8	#y	y	_	_	_	_	_	linguistic	_	some	Language=NO_ISO_CODE|Variation=Token	_	_	_	_	_
436-9	PST064	436	436	9	anche	anche	_	_	_	_	_	linguistic	_	some	_	_	_	_	_	_
436-10	PST064	436	436	10	un	un	_	_	_	_	_	linguistic	_	some	_	_	_	_	_	_
436-11	PST064	436	436	11	po'	po'	_	_	_	_	_	linguistic	_	some	_	_	_	_	_	_
436-12	PST064	436	436	12	di	di	_	_	_	_	_	linguistic	_	some	_	_	_	_	_	_
436-13	PST064	436	436	13	colore	colore	_	_	_	_	_	linguistic	_	some	_	_	_	_	_	_
436-14	PST064	436	436	14	a	a	_	_	_	_	_	linguistic	_	some	_	_	_	_	_	_
436-15	PST064	436	436	15	quel	quel	_	_	_	_	_	linguistic	_	some	_	_	_	_	_	_
436-16	PST064	436	436	16	brodo	brodo	_	_	_	_	_	linguistic	_	some	_	End=1079.962	_	_	_	_
437-0	PST064	437	437	0	(sa	sa	_	_	_	_	_	linguistic	_	some	_	Begin=1080.585	_	_	0-2(0)	_
437-1	PST064	437	437	1	eh	eh	_	_	_	_	_	linguistic	_	some	_	_	_	_	0-2(0)	_
437-2	PST064	437	437	2	#*de	de	_	_	_	_	_	linguistic	_	some	Language=NO_ISO_CODE|Variation=Doubtful	_	_	_	0-4(0)	_
437-3	PST064	437	437	3	#bastant~)	bastant~	_	_	_	_	_	linguistic	_	some	Interrupted=Yes|Language=NO_ISO_CODE|Variation=Token	End=1081.585	_	_	0-9(0)	_
438-0	PST064	438	438	0	particulare	particulare	_	_	_	_	_	linguistic	_	none	_	Begin=1082.187	_	_	_	_
438-1	PST064	438	438	1	perché:	perché	_	_	_	_	_	linguistic	_	none	PauseAfter=Yes	_	5x1	_	_	_
438-2	PST064	438	438	2	{P}	{P}	_	_	_	_	_	shortpause	_	none	_	_	_	_	_	_
438-3	PST064	438	438	3	è	è	_	_	_	_	_	linguistic	_	none	_	_	_	_	_	_
438-4	PST064	438	438	4	uno	uno	_	_	_	_	_	linguistic	_	none	_	_	_	_	_	_
438-5	PST064	438	438	5	dei	dei	_	_	_	_	_	linguistic	_	none	_	_	_	_	_	_
438-6	PST064	438	438	6	migliori	migliori	_	_	_	_	_	linguistic	_	none	_	_	_	_	_	_
438-7	PST064	438	438	7	che	che	_	_	_	_	_	linguistic	_	none	_	_	_	_	_	_
438-8	PST064	438	438	8	abbiamo	abbiamo	_	_	_	_	_	linguistic	_	none	_	_	_	_	_	_
438-9	PST064	438	438	9	noi	noi	_	_	_	_	_	linguistic	_	none	_	End=1085.312	_	_	_	_
439-0	PST064	439	439	0	°con	con	_	_	_	_	_	linguistic	_	none	Volume=low	Begin=1086.857	_	_	_	_
439-1	PST064	439	439	1	quello	quello	_	_	_	_	_	linguistic	_	none	Volume=low	_	_	_	_	_
439-2	PST064	439	439	2	che	che	_	_	_	_	_	linguistic	_	none	Volume=low	_	_	_	_	_
439-3	PST064	439	439	3	costa°	costa	_	_	_	_	_	linguistic	_	none	Volume=low	_	_	_	_	_
439-4	PST064	439	439	4	però	però	_	_	_	_	_	linguistic	_	none	_	_	_	_	_	_
439-5	PST064	439	439	5	ci	ci	_	_	_	_	_	linguistic	_	none	_	_	_	_	_	_
439-6	PST064	439	439	6	arriva	arriva	_	_	_	_	_	linguistic	_	none	_	End=1088.723	_	_	_	_
440-0	PST210	440	440	0	{ride}	{ride}	_	_	_	_	_	nonverbalbehavior	_	none	_	Begin=1088.961|End=1089.551	_	_	_	_
441-0	PST203	441	441	0	ma	ma	_	_	_	_	_	linguistic	_	none	_	Begin=1089.684	_	_	_	_
441-1	PST203	441	441	1	eh	eh	_	_	_	_	_	linguistic	_	none	_	_	_	_	_	_
441-2	PST203	441	441	2	co~	co~	_	_	_	_	_	linguistic	_	none	Interrupted=Yes	_	_	_	_	_
441-3	PST203	441	441	3	come	come	_	_	_	_	_	linguistic	_	none	_	_	_	_	_	_
441-4	PST203	441	441	4	mai	mai	_	_	_	_	_	linguistic	_	none	_	_	_	_	_	_
441-5	PST203	441	441	5	voi	voi	_	_	_	_	_	linguistic	_	none	_	_	_	_	_	_
441-6	PST203	441	441	6	avete	avete	_	_	_	_	_	linguistic	_	none	_	_	_	_	_	_
441-7	PST203	441	441	7	scelto	scelto	_	_	_	_	_	linguistic	_	none	_	_	_	_	_	_
441-8	PST203	441	441	8	torino?	torino	_	_	_	_	_	linguistic	_	none	Intonation=Rising	End=1092.343	_	_	_	_
442-0	PST064	442	442	0	a:llora	allora	_	_	_	_	_	linguistic	_	none	_	Begin=1093.004|End=1093.725	0x1	_	_	_
443-0	PST064	443	443	0	io	io	_	_	_	_	_	linguistic	_	none	_	Begin=1093.952	_	_	_	_
443-1	PST064	443	443	1	quando:::	quando	_	_	_	_	_	linguistic	_	none	_	_	5x3	_	_	_
443-2	PST064	443	443	2	s~	s~	_	_	_	_	_	linguistic	_	none	Interrupted=Yes	End=1095.379	_	_	_	_
444-0	PST064	444	444	0	sai	sai	_	_	_	_	_	linguistic	_	none	_	Begin=1096.311	_	_	_	_
444-1	PST064	444	444	1	che	che	_	_	_	_	_	linguistic	_	none	_	_	_	_	_	_
444-2	PST064	444	444	2	quando	quando	_	_	_	_	_	linguistic	_	none	_	_	_	_	_	_
444-3	PST064	444	444	3	(entri)	entri	_	_	_	_	_	linguistic	_	none	_	_	_	_	0-5(0)	_
444-4	PST064	444	444	4	m::::h	mh	_	_	_	_	_	linguistic	_	none	_	End=1098.386	0x4	_	_	_
445-0	PST064	445	445	0	per	per	_	_	_	_	_	linguistic	_	none	_	Begin=1098.482	_	_	_	_
445-1	PST064	445	445	1	dire	dire	_	_	_	_	_	linguistic	_	none	PauseAfter=Yes	_	_	_	_	_
445-2	PST064	445	445	2	{P}	{P}	_	_	_	_	_	shortpause	_	none	_	_	_	_	_	_
445-3	PST064	445	445	3	quando	quando	_	_	_	_	_	linguistic	_	none	_	_	_	_	_	_
445-4	PST064	445	445	4	abbiamo	abbiamo	_	_	_	_	_	linguistic	_	none	_	_	_	_	_	_
445-5	PST064	445	445	5	deciso	deciso	_	_	_	_	_	linguistic	_	none	_	_	_	_	_	_
445-6	PST064	445	445	6	di	di	_	_	_	_	_	linguistic	_	none	_	_	_	_	_	_
445-7	PST064	445	445	7	venire	venire	_	_	_	_	_	linguistic	_	none	_	_	_	_	_	_
445-8	PST064	445	445	8	qua::	qua	_	_	_	_	_	linguistic	_	none	_	_	2x2	_	_	_
445-9	PST064	445	445	9	all'	all'	_	_	_	_	_	linguistic	_	none	SpaceAfter=No	_	_	_	_	_
445-10	PST064	445	445	10	italia	italia	_	_	_	_	_	linguistic	_	none	_	_	_	_	_	_
445-11	PST064	445	445	11	e:::h	eh	_	_	_	_	_	linguistic	_	none	_	End=1103.039	0x3	_	_	_
446-0	PST064	446	446	0	lo	lo	_	_	_	_	_	linguistic	_	some	_	Begin=1104.258	_	_	_	_
446-1	PST064	446	446	1	so	so	_	_	_	_	_	linguistic	_	some	_	_	_	_	_	_
446-2	PST064	446	446	2	io	io	_	_	_	_	_	linguistic	_	some	_	_	_	_	_	_
446-3	PST064	446	446	3	sono	sono	_	_	_	_	_	linguistic	_	some	_	_	_	_	_	_
446-4	PST064	446	446	4	stata	stata	_	_	_	_	_	linguistic	_	some	_	_	_	_	_	_
446-5	PST064	446	446	5	>(per	per	_	_	_	_	_	linguistic	_	some	_	_	_	Fast=0-3(0)	0-3(0)	_
446-6	PST064	446	446	6	un	un	_	_	_	_	_	linguistic	_	some	_	_	_	Fast=0-2(0)	0-2(0)	_
446-7	PST064	446	446	7	po'	po'	_	_	_	_	_	linguistic	_	some	_	_	_	Fast=0-3(0)	0-3(0)	_
446-8	PST064	446	446	8	da)	da	_	_	_	_	_	linguistic	_	some	_	_	_	Fast=0-2(0)	0-2(0)	_
446-9	PST064	446	446	9	una	una	_	_	_	_	_	linguistic	_	some	_	_	_	Fast=0-3(0)	_	_
446-10	PST064	446	446	10	#amiga<	amiga	_	_	_	_	_	linguistic	_	some	Language=NO_ISO_CODE|Variation=Token	_	_	Fast=0-6(0)	_	_
446-11	PST064	446	446	11	ha	ha	_	_	_	_	_	linguistic	_	some	_	_	_	_	_	_
446-12	PST064	446	446	12	detto	detto	_	_	_	_	_	linguistic	_	some	_	_	_	_	_	_
446-13	PST064	446	446	13	vieni	vieni	_	_	_	_	_	linguistic	_	some	_	_	_	_	_	_
446-14	PST064	446	446	14	vieni	vieni	_	_	_	_	_	linguistic	_	some	_	_	_	_	_	_
446-15	PST064	446	446	15	lei	lei	_	_	_	_	_	linguistic	_	some	_	_	_	_	_	_
446-16	PST064	446	446	16	era	era	_	_	_	_	_	linguistic	_	some	_	_	_	_	_	_
446-17	PST064	446	446	17	qua	qua	_	_	_	_	_	linguistic	_	some	_	_	_	_	_	_
446-18	PST064	446	446	18	a	a	_	_	_	_	_	linguistic	_	some	_	_	_	_	_	_
446-19	PST064	446	446	19	torino	torino	_	_	_	_	_	linguistic	_	some	_	End=1108.503	_	_	_	_
447-0	PST064	447	447	0	#pero	pero	_	_	_	_	_	linguistic	_	some	Language=NO_ISO_CODE|Variation=Token	Begin=1109.575	_	_	_	_
447-1	PST064	447	447	1	sono:::	sono	_	_	_	_	_	linguistic	_	some	_	_	3x3	_	_	_
447-2	PST064	447	447	2	$estata	estata	_	_	_	_	_	linguistic	_	some	Orthography=Yes|Variation=Emerging	_	_	_	_	_
447-3	PST064	447	447	3	un	un	_	_	_	_	_	linguistic	_	some	_	_	_	_	_	_
447-4	PST064	447	447	4	po'	po'	_	_	_	_	_	linguistic	_	some	_	_	_	_	_	_
447-5	PST064	447	447	5	no	no	_	_	_	_	_	linguistic	_	some	_	_	_	_	_	_
447-6	PST064	447	447	6	tanto	tanto	_	_	_	_	_	linguistic	_	some	_	_	_	_	_	_
447-7	PST064	447	447	7	anche	anche	_	_	_	_	_	linguistic	_	some	_	_	_	_	_	_
447-8	PST064	447	447	8	per	per	_	_	_	_	_	linguistic	_	some	_	_	_	_	_	_
447-9	PST064	447	447	9	lavoro	lavoro	_	_	_	_	_	linguistic	_	some	_	_	_	_	_	_
447-10	PST064	447	447	10	#en	en	_	_	_	_	_	linguistic	_	some	Language=NO_ISO_CODE|Variation=Token	_	_	_	_	_
447-11	PST064	447	447	11	milano	milano	_	_	_	_	_	linguistic	_	some	_	End=1113.654	_	_	_	_
448-0	PST203	448	448	0	mh	mh	_	_	_	_	_	linguistic	_	none	_	Begin=1113.986|End=1114.303	_	_	_	_
449-0	PST064	449	449	0	e:::::h	eh	_	_	_	_	_	linguistic	_	some	_	Begin=1115.134	0x5	_	_	_
449-1	PST064	449	449	1	sai	sai	_	_	_	_	_	linguistic	_	some	_	_	_	_	_	_
449-2	PST064	449	449	2	che	che	_	_	_	_	_	linguistic	_	some	_	_	_	_	_	_
449-3	PST064	449	449	3	non	non	_	_	_	_	_	linguistic	_	some	_	_	_	_	_	_
449-4	PST064	449	449	4	mi	mi	_	_	_	_	_	linguistic	_	some	_	_	_	_	_	_
449-5	PST064	449	449	5	è	è	_	_	_	_	_	linguistic	_	some	_	_	_	_	_	_
449-6	PST064	449	449	6	piaciuto	piaciuto	_	_	_	_	_	linguistic	_	some	_	_	_	_	_	_
449-7	PST064	449	449	7	perché	perché	_	_	_	_	_	linguistic	_	some	_	_	_	_	_	_
449-8	PST064	449	449	8	#porque	porque	_	_	_	_	_	linguistic	_	some	Language=NO_ISO_CODE|Variation=Token	_	_	_	_	_
449-9	PST064	449	449	9	mi	mi	_	_	_	_	_	linguistic	_	some	_	_	_	_	_	_
449-10	PST064	449	449	10	sembra	sembra	_	_	_	_	_	linguistic	_	some	_	_	_	_	_	_
449-11	PST064	449	449	11	la	la	_	_	_	_	_	linguistic	_	some	_	_	_	_	_	_
449-12	PST064	449	449	12	capitale	capitale	_	_	_	_	_	linguistic	_	some	_	_	_	_	_	_
449-13	PST064	449	449	13	del	del	_	_	_	_	_	linguistic	_	some	_	_	_	_	_	_
449-14	PST064	449	449	14	mio	mio	_	_	_	_	_	linguistic	_	some	_	_	_	_	_	_
449-15	PST064	449	449	15	paese	paese	_	_	_	_	_	linguistic	_	some	_	_	_	_	_	_
449-16	PST064	449	449	16	a	a	_	_	_	_	_	linguistic	_	some	_	_	_	_	_	_
449-17	PST064	449	449	17	li[ma]	lima	_	_	_	_	_	linguistic	_	some	_	End=1122.254	_	_	_	2-4(110)
450-0	PST065	450	450	0	[eh]	eh	_	_	_	_	_	linguistic	_	none	_	Begin=1122.083	_	_	_	0-2(110)
450-1	PST065	450	450	1	troppo	troppo	_	_	_	_	_	linguistic	_	none	_	_	_	_	_	_
450-2	PST065	450	450	2	movi[mentato	movimentato	_	_	_	_	_	linguistic	_	none	_	_	_	_	_	4-11(111)
450-3	PST065	450	450	3	troppo	troppo	_	_	_	_	_	linguistic	_	none	_	_	_	_	_	0-6(111)
450-4	PST065	450	450	4	trop~	trop~	_	_	_	_	_	linguistic	_	none	Interrupted=Yes|PauseAfter=Yes	_	_	_	_	0-5(111)
450-5	PST065	450	450	5	{P}	{P}	_	_	_	_	_	shortpause	_	none	_	_	_	_	_	0-3(111)
450-6	PST065	450	450	6	eh	eh	_	_	_	_	_	linguistic	_	none	_	_	_	_	_	0-2(111)
450-7	PST065	450	450	7	mh]	mh	_	_	_	_	_	linguistic	_	none	_	_	_	_	_	0-2(111)
450-8	PST065	450	450	8	proprio	proprio	_	_	_	_	_	linguistic	_	none	_	_	_	_	_	_
450-9	PST065	450	450	9	non	non	_	_	_	_	_	linguistic	_	none	_	_	_	_	_	_
450-10	PST065	450	450	10	mi	mi	_	_	_	_	_	linguistic	_	none	_	_	_	_	_	_
450-11	PST065	450	450	11	trovo	trovo	_	_	_	_	_	linguistic	_	none	_	End=1126.04	_	_	_	_
451-0	PST064	451	451	0	[ca~	ca~	_	_	_	_	_	linguistic	_	none	Interrupted=Yes	Begin=1122.961	_	_	_	0-3(111)
451-1	PST064	451	451	1	movimentato	movimentato	_	_	_	_	_	linguistic	_	none	_	_	_	_	_	0-11(111)
451-2	PST064	451	451	2	caotico	caotico	_	_	_	_	_	linguistic	_	none	_	_	_	_	_	0-7(111)
451-3	PST064	451	451	3	dema~]	dema~	_	_	_	_	_	linguistic	_	none	Interrupted=Yes	End=1125.139	_	_	_	0-5(111)
452-0	PST064	452	452	0	sì	sì	_	_	_	_	_	linguistic	_	none	_	Begin=1126.285	_	_	_	_
452-1	PST064	452	452	1	e	e	_	_	_	_	_	linguistic	_	none	_	_	_	_	_	_
452-2	PST064	452	452	2	invece	invece	_	_	_	_	_	linguistic	_	none	_	_	_	_	_	_
452-3	PST064	452	452	3	torino	torino	_	_	_	_	_	linguistic	_	none	_	_	_	_	_	_
452-4	PST064	452	452	4	è	è	_	_	_	_	_	linguistic	_	none	_	_	_	_	_	_
452-5	PST064	452	452	5	più	più	_	_	_	_	_	linguistic	_	none	_	_	_	_	_	_
452-6	PST064	452	452	6	tranquilla	tranquilla	_	_	_	_	_	linguistic	_	none	_	End=1128.617	_	_	_	_
453-0	PST203	453	453	0	sì	sì	_	_	_	_	_	linguistic	_	none	_	Begin=1128.953	_	_	_	_
453-1	PST203	453	453	1	è	è	_	_	_	_	_	linguistic	_	none	_	_	_	_	_	_
453-2	PST203	453	453	2	un	un	_	_	_	_	_	linguistic	_	none	_	_	_	_	_	_
453-3	PST203	453	453	3	po'	po'	_	_	_	_	_	linguistic	_	none	_	_	_	_	_	_
453-4	PST203	453	453	4	più	più	_	_	_	_	_	linguistic	_	none	_	_	_	_	_	_
453-5	PST203	453	453	5	piccolina[::	piccolina	_	_	_	_	_	linguistic	_	none	_	_	8x2	_	_	_
453-6	PST203	453	453	6	anche]	anche	_	_	_	_	_	linguistic	_	none	_	End=1131.407	_	_	_	0-5(112)
454-0	PST064	454	454	0	[sì	sì	_	_	_	_	_	linguistic	_	some	_	Begin=1130.407	_	_	_	0-2(112)
454-1	PST064	454	454	1	però	però	_	_	_	_	_	linguistic	_	some	_	_	_	_	_	0-4(112)
454-2	PST064	454	454	2	#co]mo	como	_	_	_	_	_	linguistic	_	some	Language=NO_ISO_CODE|Variation=Token	_	_	_	_	0-3(112)
454-3	PST064	454	454	3	tran~	tran~	_	_	_	_	_	linguistic	_	some	Interrupted=Yes	End=1131.941	_	_	_	_
455-0	PST064	455	455	0	proprio	proprio	_	_	_	_	_	linguistic	_	none	_	Begin=1132.313	_	_	_	_
455-1	PST064	455	455	1	tranquillo	tranquillo	_	_	_	_	_	linguistic	_	none	_	_	_	_	_	_
455-2	PST064	455	455	2	>cioè<	cioè	_	_	_	_	_	linguistic	_	none	_	_	_	Fast=0-4(0)	_	_
455-3	PST064	455	455	3	non	non	_	_	_	_	_	linguistic	_	none	_	_	_	_	_	_
455-4	PST064	455	455	4	non	non	_	_	_	_	_	linguistic	_	none	_	_	_	_	_	_
455-5	PST064	455	455	5	facciamo	facciamo	_	_	_	_	_	linguistic	_	none	_	_	_	_	_	_
455-6	PST064	455	455	6	come	come	_	_	_	_	_	linguistic	_	none	_	_	_	_	_	_
455-7	PST064	455	455	7	a	a	_	_	_	_	_	linguistic	_	none	_	_	_	_	_	_
455-8	PST064	455	455	8	milano:	milano	_	_	_	_	_	linguistic	_	none	_	_	5x1	_	_	_
455-9	PST064	455	455	9	e	e	_	_	_	_	_	linguistic	_	none	_	_	_	_	_	_
455-10	PST064	455	455	10	poi	poi	_	_	_	_	_	linguistic	_	none	_	_	_	_	_	_
455-11	PST064	455	455	11	per	per	_	_	_	_	_	linguistic	_	none	_	_	_	_	_	_
455-12	PST064	455	455	12	quello	quello	_	_	_	_	_	linguistic	_	none	_	_	_	_	_	_
455-13	PST064	455	455	13	ho	ho	_	_	_	_	_	linguistic	_	none	_	_	_	_	_	_
455-14	PST064	455	455	14	detto	detto	_	_	_	_	_	linguistic	_	none	_	_	_	_	_	_
455-15	PST064	455	455	15	no	no	_	_	_	_	_	linguistic	_	none	PauseAfter=Yes	_	_	_	_	_
455-16	PST064	455	455	16	{P}	{P}	_	_	_	_	_	shortpause	_	none	_	_	_	_	_	_
455-17	PST064	455	455	17	sto	sto	_	_	_	_	_	linguistic	_	none	_	_	_	_	_	_
455-18	PST064	455	455	18	bene	bene	_	_	_	_	_	linguistic	_	none	_	_	_	_	_	_
455-19	PST064	455	455	19	a	a	_	_	_	_	_	linguistic	_	none	_	_	_	_	_	_
455-20	PST064	455	455	20	torino	torino	_	_	_	_	_	linguistic	_	none	_	End=1138.179	_	_	_	_
456-0	PST064	456	456	0	[mhmh]	mhmh	_	_	_	_	_	linguistic	_	none	_	Begin=1139.3|End=1140.013	_	_	_	0-4(113)
457-0	PST203	457	457	0	[e	e	_	_	_	_	_	linguistic	_	none	_	Begin=1139.3	_	_	_	0-1(113)
457-1	PST203	457	457	1	tu]	tu	_	_	_	_	_	linguistic	_	none	_	_	_	_	_	0-2(113)
457-2	PST203	457	457	2	hai	hai	_	_	_	_	_	linguistic	_	none	_	_	_	_	_	_
457-3	PST203	457	457	3	vissuto	vissuto	_	_	_	_	_	linguistic	_	none	_	_	_	_	_	_
457-4	PST203	457	457	4	solo	solo	_	_	_	_	_	linguistic	_	none	_	_	_	_	_	_
457-5	PST203	457	457	5	a	a	_	_	_	_	_	linguistic	_	none	_	_	_	_	_	_
457-6	PST203	457	457	6	torino	torino	_	_	_	_	_	linguistic	_	none	_	_	_	_	_	_
457-7	PST203	457	457	7	inve[ce]?	invece	_	_	_	_	_	linguistic	_	none	Intonation=Rising	End=1140.907	_	_	_	4-6(114)
458-0	PST065	458	458	0	[ah]	ah	_	_	_	_	_	linguistic	_	none	_	Begin=1140.747	_	_	_	0-2(114)
458-1	PST065	458	458	1	sì	sì	_	_	_	_	_	linguistic	_	none	_	_	_	_	_	_
458-2	PST065	458	458	2	sì	sì	_	_	_	_	_	linguistic	_	none	_	_	_	_	_	_
458-3	PST065	458	458	3	ma	ma	_	_	_	_	_	linguistic	_	none	_	_	_	_	_	_
458-4	PST065	458	458	4	non	non	_	_	_	_	_	linguistic	_	none	_	_	_	_	_	_
458-5	PST065	458	458	5	per	per	_	_	_	_	_	linguistic	_	none	_	_	_	_	_	_
458-6	PST065	458	458	6	scelta	scelta	_	_	_	_	_	linguistic	_	none	_	_	_	_	_	_
458-7	PST065	458	458	7	mia	mia	_	_	_	_	_	linguistic	_	none	_	_	_	_	_	_
458-8	PST065	458	458	8	cioè	cioè	_	_	_	_	_	linguistic	_	none	_	_	_	_	_	_
458-9	PST065	458	458	9	a	a	_	_	_	_	_	linguistic	_	none	_	_	_	_	_	_
458-10	PST065	458	458	10	me	me	_	_	_	_	_	linguistic	_	none	_	_	_	_	_	_
458-11	PST065	458	458	11	mi	mi	_	_	_	_	_	linguistic	_	none	_	_	_	_	_	_
458-12	PST065	458	458	12	ha	ha	_	_	_	_	_	linguistic	_	none	_	_	_	_	_	_
458-13	PST065	458	458	13	portato	portato	_	_	_	_	_	linguistic	_	none	_	_	_	_	_	_
458-14	PST065	458	458	14	mia	mia	_	_	_	_	_	linguistic	_	none	_	_	_	_	_	_
458-15	PST065	458	458	15	mamma	mamma	_	_	_	_	_	linguistic	_	none	_	_	_	_	_	_
458-16	PST065	458	458	16	quindi	quindi	_	_	_	_	_	linguistic	_	none	_	End=1144.69	_	_	_	_
459-0	PST203	459	459	0	{ride}	{ride}	_	_	_	_	_	nonverbalbehavior	_	none	_	Begin=1144.87|End=1145.471	_	_	_	_
460-0	PST065	460	460	0	lei	lei	_	_	_	_	_	linguistic	_	none	_	Begin=1145.071	_	_	_	_
460-1	PST065	460	460	1	è	è	_	_	_	_	_	linguistic	_	none	_	_	_	_	_	_
460-2	PST065	460	460	2	venuta	venuta	_	_	_	_	_	linguistic	_	none	_	_	_	_	_	_
460-3	PST065	460	460	3	qua	qua	_	_	_	_	_	linguistic	_	none	_	_	_	_	_	_
460-4	PST065	460	460	4	anche	anche	_	_	_	_	_	linguistic	_	none	_	_	_	_	_	_
460-5	PST065	460	460	5	lei	lei	_	_	_	_	_	linguistic	_	none	_	_	_	_	_	_
460-6	PST065	460	460	6	e::h	eh	_	_	_	_	_	linguistic	_	none	_	_	0x2	_	_	_
460-7	PST065	460	460	7	per	per	_	_	_	_	_	linguistic	_	none	_	_	_	_	_	_
460-8	PST065	460	460	8	amici	amici	_	_	_	_	_	linguistic	_	none	_	End=1147.912	_	_	_	_
461-0	PST203	461	461	0	mh	mh	_	_	_	_	_	linguistic	_	none	_	Begin=1148.146|End=1148.46	_	_	_	_
462-0	PST064	462	462	0	[mh]mh	mhmh	_	_	_	_	_	linguistic	_	none	_	Begin=1148.65|End=1149.09	_	_	_	0-2(115)
463-0	PST065	463	463	0	[per]	per	_	_	_	_	_	linguistic	_	none	_	Begin=1148.705|End=1148.915	_	_	_	0-3(115)
464-0	PST065	464	464	0	sempre	sempre	_	_	_	_	_	linguistic	_	none	_	Begin=1149.407	_	_	_	_
464-1	PST065	464	464	1	della	della	_	_	_	_	_	linguistic	_	none	_	_	_	_	_	_
464-2	PST065	464	464	2	stessa	stessa	_	_	_	_	_	linguistic	_	none	_	_	_	_	_	_
464-3	PST065	464	464	3	zona	zona	_	_	_	_	_	linguistic	_	none	_	_	_	_	_	_
464-4	PST065	464	464	4	là	là	_	_	_	_	_	linguistic	_	none	_	_	_	_	_	_
464-5	PST065	464	464	5	in	in	_	_	_	_	_	linguistic	_	none	_	_	_	_	_	_
464-6	PST065	464	464	6	perù:	perù	_	_	_	_	_	linguistic	_	none	_	_	3x1	_	_	_
464-7	PST065	464	464	7	sempre:	sempre	_	_	_	_	_	linguistic	_	none	_	_	5x1	_	_	_
464-8	PST065	464	464	8	vicini	vicini	_	_	_	_	_	linguistic	_	none	_	_	_	_	_	_
464-9	PST065	464	464	9	di	di	_	_	_	_	_	linguistic	_	none	_	_	_	_	_	_
464-10	PST065	464	464	10	casa	casa	_	_	_	_	_	linguistic	_	none	PauseAfter=Yes	_	_	_	_	_
464-11	PST065	464	464	11	{P}	{P}	_	_	_	_	_	shortpause	_	none	_	_	_	_	_	_
464-12	PST065	464	464	12	giù	giù	_	_	_	_	_	linguistic	_	none	_	_	_	_	_	_
464-13	PST065	464	464	13	in	in	_	_	_	_	_	linguistic	_	none	_	_	_	_	_	_
464-14	PST065	464	464	14	perù	perù	_	_	_	_	_	linguistic	_	none	_	_	_	_	_	_
464-15	PST065	464	464	15	quindi	quindi	_	_	_	_	_	linguistic	_	none	_	End=1154.505	_	_	_	_
465-0	PST065	465	465	0	che	che	_	_	_	_	_	linguistic	_	none	_	Begin=1154.56	_	_	_	_
465-1	PST065	465	465	1	sono	sono	_	_	_	_	_	linguistic	_	none	_	_	_	_	_	_
465-2	PST065	465	465	2	venuti	venuti	_	_	_	_	_	linguistic	_	none	_	_	_	_	_	_
465-3	PST065	465	465	3	qua	qua	_	_	_	_	_	linguistic	_	none	_	_	_	_	_	_
465-4	PST065	465	465	4	e	e	_	_	_	_	_	linguistic	_	none	_	_	_	_	_	_
465-5	PST065	465	465	5	le	le	_	_	_	_	_	linguistic	_	none	_	_	_	_	_	_
465-6	PST065	465	465	6	hanno	hanno	_	_	_	_	_	linguistic	_	none	_	_	_	_	_	_
465-7	PST065	465	465	7	detto	detto	_	_	_	_	_	linguistic	_	none	_	_	_	_	_	_
465-8	PST065	465	465	8	vieni	vieni	_	_	_	_	_	linguistic	_	none	_	_	_	_	_	_
465-9	PST065	465	465	9	pure	pure	_	_	_	_	_	linguistic	_	none	_	_	_	_	_	_
465-10	PST065	465	465	10	tu	tu	_	_	_	_	_	linguistic	_	none	_	_	_	_	_	_
465-11	PST065	465	465	11	c'	c'	_	_	_	_	_	linguistic	_	none	SpaceAfter=No	_	_	_	_	_
465-12	PST065	465	465	12	è	è	_	_	_	_	_	linguistic	_	none	_	_	_	_	_	_
465-13	PST065	465	465	13	opportunità	opportunità	_	_	_	_	_	linguistic	_	none	_	End=1157.72	_	_	_	_
466-0	PST065	466	466	0	perché	perché	_	_	_	_	_	linguistic	_	none	_	Begin=1158.236	_	_	_	_
466-1	PST065	466	466	1	nel	nel	_	_	_	_	_	linguistic	_	none	_	_	_	_	_	_
466-2	PST065	466	466	2	periodo	periodo	_	_	_	_	_	linguistic	_	none	_	_	_	_	_	_
466-3	PST065	466	466	3	in	in	_	_	_	_	_	linguistic	_	none	_	_	_	_	_	_
466-4	PST065	466	466	4	cui	cui	_	_	_	_	_	linguistic	_	none	_	_	_	_	_	_
466-5	PST065	466	466	5	lei	lei	_	_	_	_	_	linguistic	_	none	_	_	_	_	_	_
466-6	PST065	466	466	6	comunque	comunque	_	_	_	_	_	linguistic	_	none	_	_	_	_	_	_
466-7	PST065	466	466	7	è	è	_	_	_	_	_	linguistic	_	none	_	_	_	_	_	_
466-8	PST065	466	466	8	arrivata	arrivata	_	_	_	_	_	linguistic	_	none	_	_	_	_	_	_
466-9	PST065	466	466	9	qua	qua	_	_	_	_	_	linguistic	_	none	_	_	_	_	_	_
466-10	PST065	466	466	10	s:ubito	subito	_	_	_	_	_	linguistic	_	none	_	_	0x1	_	_	_
466-11	PST065	466	466	11	proprio	proprio	_	_	_	_	_	linguistic	_	none	_	_	_	_	_	_
466-12	PST065	466	466	12	dopo	dopo	_	_	_	_	_	linguistic	_	none	_	_	_	_	_	_
466-13	PST065	466	466	13	è	è	_	_	_	_	_	linguistic	_	none	_	_	_	_	_	_
466-14	PST065	466	466	14	uscita	uscita	_	_	_	_	_	linguistic	_	none	_	End=1162.887	_	_	_	_
467-0	PST065	467	467	0	e::h	eh	_	_	_	_	_	linguistic	_	none	_	Begin=1163.625	0x2	_	_	_
467-1	PST065	467	467	1	che	che	_	_	_	_	_	linguistic	_	none	_	_	_	_	_	_
467-2	PST065	467	467	2	ti	ti	_	_	_	_	_	linguistic	_	none	_	_	_	_	_	_
467-3	PST065	467	467	3	davano	davano	_	_	_	_	_	linguistic	_	none	_	_	_	_	_	_
467-4	PST065	467	467	4	i	i	_	_	_	_	_	linguistic	_	none	_	_	_	_	_	_
467-5	PST065	467	467	5	[documenti	documenti	_	_	_	_	_	linguistic	_	none	_	_	_	_	_	0-9(?)
467-6	PST065	467	467	6	la	la	_	_	_	_	_	linguistic	_	none	_	_	_	_	_	0-2(?)
467-7	PST065	467	467	7	sa]nat~	sanat~	_	_	_	_	_	linguistic	_	none	Interrupted=Yes	_	_	_	_	0-2(?)
467-8	PST065	467	467	8	che	che	_	_	_	_	_	linguistic	_	none	_	_	_	_	_	_
467-9	PST065	467	467	9	ti	ti	_	_	_	_	_	linguistic	_	none	_	_	_	_	_	_
467-10	PST065	467	467	10	davano	davano	_	_	_	_	_	linguistic	_	none	_	_	_	_	_	_
467-11	PST065	467	467	11	i	i	_	_	_	_	_	linguistic	_	none	_	_	_	_	_	_
467-12	PST065	467	467	12	do[cumenti	documenti	_	_	_	_	_	linguistic	_	none	_	_	_	_	_	2-9(?)
467-13	PST065	467	467	13	qu]indi::	quindi	_	_	_	_	_	linguistic	_	none	_	End=1167.423	5x2	_	_	0-2(?)
468-0	PST064	468	468	0	[la	la	_	_	_	_	_	linguistic	_	none	_	Begin=1164.528	_	_	_	0-2(116)
468-1	PST064	468	468	1	sanatoria]	sanatoria	_	_	_	_	_	linguistic	_	none	_	End=1165.277	_	_	_	0-9(116)
469-0	PST203	469	469	0	[mhmh	mhmh	_	_	_	_	_	linguistic	_	none	_	Begin=1166.229	_	_	_	0-4(117)
469-1	PST203	469	469	1	mhmh]	mhmh	_	_	_	_	_	linguistic	_	none	_	End=1166.798	_	_	_	0-4(117)
470-0	PST064	470	470	0	[duemila	duemila	_	_	_	_	_	linguistic	_	none	_	Begin=1166.845	_	_	_	0-7(118)
470-1	PST064	470	470	1	e	e	_	_	_	_	_	linguistic	_	none	_	_	_	_	_	0-1(118)
470-2	PST064	470	470	2	tre]dici	tredici	_	_	_	_	_	linguistic	_	none	_	End=1167.713	_	_	_	0-3(118)
471-0	PST065	471	471	0	sì	sì	_	_	_	_	_	linguistic	_	none	_	Begin=1168.086|End=1168.382	_	_	_	_
472-0	PST064	472	472	0	duemilatredici	duemilatredici	_	_	_	_	_	linguistic	_	none	_	Begin=1168.562	_	_	_	_
472-1	PST064	472	472	1	è	è	_	_	_	_	_	linguistic	_	none	_	_	_	_	_	_
472-2	PST064	472	472	2	uscita	uscita	_	_	_	_	_	linguistic	_	none	_	_	_	_	_	_
472-3	PST064	472	472	3	la	la	_	_	_	_	_	linguistic	_	none	_	_	_	_	_	_
472-4	PST064	472	472	4	sanatoria	sanatoria	_	_	_	_	_	linguistic	_	none	_	_	_	_	_	_
472-5	PST064	472	472	5	perché	perché	_	_	_	_	_	linguistic	_	none	_	_	_	_	_	_
472-6	PST064	472	472	6	io	io	_	_	_	_	_	linguistic	_	none	_	_	_	_	_	_
472-7	PST064	472	472	7	sono	sono	_	_	_	_	_	linguistic	_	none	_	_	_	_	_	_
472-8	PST064	472	472	8	stata	stata	_	_	_	_	_	linguistic	_	none	_	_	_	_	_	_
472-9	PST064	472	472	9	dal	dal	_	_	_	_	_	linguistic	_	none	_	_	_	_	_	_
472-10	PST064	472	472	10	duemila	duemila	_	_	_	_	_	linguistic	_	none	_	End=1172.191	_	_	_	_
473-0	PST064	473	473	0	no	no	_	_	_	_	_	linguistic	_	none	_	Begin=1172.632	_	_	_	_
473-1	PST064	473	473	1	duemila	duemila	_	_	_	_	_	linguistic	_	none	_	_	_	_	_	_
473-2	PST064	473	473	2	e	e	_	_	_	_	_	linguistic	_	none	_	_	_	_	_	_
473-3	PST064	473	473	3	due	due	_	_	_	_	_	linguistic	_	none	_	_	_	_	_	_
473-4	PST064	473	473	4	ho	ho	_	_	_	_	_	linguistic	_	none	_	_	_	_	_	_
473-5	PST064	473	473	5	avuto	avuto	_	_	_	_	_	linguistic	_	none	_	_	_	_	_	_
473-6	PST064	473	473	6	credo	credo	_	_	_	_	_	linguistic	_	none	_	_	_	_	_	_
473-7	PST064	473	473	7	una	una	_	_	_	_	_	linguistic	_	none	_	_	_	_	_	_
473-8	PST064	473	473	8	sanatoria	sanatoria	_	_	_	_	_	linguistic	_	none	_	_	_	_	_	_
473-9	PST064	473	473	9	poi	poi	_	_	_	_	_	linguistic	_	none	_	_	_	_	_	_
473-10	PST064	473	473	10	[ne	ne	_	_	_	_	_	linguistic	_	none	_	_	_	_	_	0-2(119)
473-11	PST064	473	473	11	ho	ho	_	_	_	_	_	linguistic	_	none	_	_	_	_	_	0-2(119)
473-12	PST064	473	473	12	avuto]	avuto	_	_	_	_	_	linguistic	_	none	_	_	_	_	_	0-5(119)
473-13	PST064	473	473	13	più	più	_	_	_	_	_	linguistic	_	none	_	_	_	_	_	_
473-14	PST064	473	473	14	a	a	_	_	_	_	_	linguistic	_	none	_	_	_	_	_	_
473-15	PST064	473	473	15	du~	du~	_	_	_	_	_	linguistic	_	none	Interrupted=Yes	_	_	_	_	_
473-16	PST064	473	473	16	due	due	_	_	_	_	_	linguistic	_	none	_	_	_	_	_	_
473-17	PST064	473	473	17	tua	tua	_	_	_	_	_	linguistic	_	none	_	_	_	_	_	_
473-18	PST064	473	473	18	mamma	mamma	_	_	_	_	_	linguistic	_	none	_	_	_	_	_	_
473-19	PST064	473	473	19	quando	quando	_	_	_	_	_	linguistic	_	none	_	_	_	_	_	_
473-20	PST064	473	473	20	è	è	_	_	_	_	_	linguistic	_	none	_	_	_	_	_	_
473-21	PST064	473	473	21	venuta	venuta	_	_	_	_	_	linguistic	_	none	_	End=1178.42	_	_	_	_
474-0	PST065	474	474	0	[sì]	sì	_	_	_	_	_	linguistic	_	none	_	Begin=1175.373|End=1175.762	_	_	_	0-2(119)
475-0	PST065	475	475	0	mia	mia	_	_	_	_	_	linguistic	_	none	_	Begin=1178.42	_	_	_	_
475-1	PST065	475	475	1	mamma	mamma	_	_	_	_	_	linguistic	_	none	_	_	_	_	_	_
475-2	PST065	475	475	2	è	è	_	_	_	_	_	linguistic	_	none	_	_	_	_	_	_
475-3	PST065	475	475	3	arrivata	arrivata	_	_	_	_	_	linguistic	_	none	_	_	_	_	_	_
475-4	PST065	475	475	4	nel	nel	_	_	_	_	_	linguistic	_	none	_	_	_	_	_	_
475-5	PST065	475	475	5	duemila	duemila	_	_	_	_	_	linguistic	_	none	_	_	_	_	_	_
475-6	PST065	475	475	6	e	e	_	_	_	_	_	linguistic	_	none	_	_	_	_	_	_
475-7	PST065	475	475	7	due	due	_	_	_	_	_	linguistic	_	none	_	End=1179.817	_	_	_	_
476-0	PST064	476	476	0	ecco	ecco	_	_	_	_	_	linguistic	_	none	_	Begin=1179.817	_	_	_	_
476-1	PST064	476	476	1	ha	ha	_	_	_	_	_	linguistic	_	none	_	_	_	_	_	_
476-2	PST064	476	476	2	avuto	avuto	_	_	_	_	_	linguistic	_	none	_	_	_	_	_	_
476-3	PST064	476	476	3	una	una	_	_	_	_	_	linguistic	_	none	_	_	_	_	_	_
476-4	PST064	476	476	4	sanatoria	sanatoria	_	_	_	_	_	linguistic	_	none	_	_	_	_	_	_
476-5	PST064	476	476	5	fino	fino	_	_	_	_	_	linguistic	_	none	_	_	_	_	_	_
476-6	PST064	476	476	6	a	a	_	_	_	_	_	linguistic	_	none	_	_	_	_	_	_
476-7	PST064	476	476	7	agosto	agosto	_	_	_	_	_	linguistic	_	none	_	_	_	_	_	_
476-8	PST064	476	476	8	mi	mi	_	_	_	_	_	linguistic	_	none	_	_	_	_	_	_
476-9	PST064	476	476	9	sembra	sembra	_	_	_	_	_	linguistic	_	none	_	End=1182.556	_	_	_	_
477-0	PST064	477	477	0	poi	poi	_	_	_	_	_	linguistic	_	some	_	Begin=1182.892	_	_	_	_
477-1	PST064	477	477	1	e:::h	eh	_	_	_	_	_	linguistic	_	some	_	_	0x3	_	_	_
477-2	PST064	477	477	2	no	no	_	_	_	_	_	linguistic	_	some	_	_	_	_	_	_
477-3	PST064	477	477	3	no	no	_	_	_	_	_	linguistic	_	some	_	_	_	_	_	_
477-4	PST064	477	477	4	#he	he	_	_	_	_	_	linguistic	_	some	Language=NO_ISO_CODE|Variation=Token	_	_	_	_	_
477-5	PST064	477	477	5	avuto	avuto	_	_	_	_	_	linguistic	_	some	_	_	_	_	_	_
477-6	PST064	477	477	6	il	il	_	_	_	_	_	linguistic	_	some	PauseAfter=Yes	_	_	_	_	_
477-7	PST064	477	477	7	{P}	{P}	_	_	_	_	_	shortpause	_	some	_	_	_	_	_	_
477-8	PST064	477	477	8	la	la	_	_	_	_	_	linguistic	_	some	_	_	_	_	_	_
477-9	PST064	477	477	9	sanatoria:	sanatoria	_	_	_	_	_	linguistic	_	some	_	_	8x1	_	_	_
477-10	PST064	477	477	10	fino	fino	_	_	_	_	_	linguistic	_	some	_	_	_	_	_	_
477-11	PST064	477	477	11	al	al	_	_	_	_	_	linguistic	_	some	_	_	_	_	_	_
477-12	PST064	477	477	12	duemila	duemila	_	_	_	_	_	linguistic	_	some	_	_	_	_	_	_
477-13	PST064	477	477	13	e	e	_	_	_	_	_	linguistic	_	some	_	_	_	_	_	_
477-14	PST064	477	477	14	tredici	tredici	_	_	_	_	_	linguistic	_	some	_	End=1188.048	_	_	_	_
478-0	PST064	478	478	0	quello	quello	_	_	_	_	_	linguistic	_	some	_	Begin=1188.371	_	_	_	_
478-1	PST064	478	478	1	che	che	_	_	_	_	_	linguistic	_	some	_	_	_	_	_	_
478-2	PST064	478	478	2	#he	he	_	_	_	_	_	linguistic	_	some	Language=NO_ISO_CODE|Variation=Token	_	_	_	_	_
478-3	PST064	478	478	3	avuto	avuto	_	_	_	_	_	linguistic	_	some	_	_	_	_	_	_
478-4	PST064	478	478	4	era	era	_	_	_	_	_	linguistic	_	some	_	_	_	_	_	_
478-5	PST064	478	478	5	il	il	_	_	_	_	_	linguistic	_	some	_	_	_	_	_	_
478-6	PST064	478	478	6	e::h	eh	_	_	_	_	_	linguistic	_	some	_	_	0x2	_	_	_
478-7	PST064	478	478	7	il	il	_	_	_	_	_	linguistic	_	some	_	_	_	_	_	_
478-8	PST064	478	478	8	famoso	famoso	_	_	_	_	_	linguistic	_	some	PauseAfter=Yes	_	_	_	_	_
478-9	PST064	478	478	9	{P}	{P}	_	_	_	_	_	shortpause	_	some	_	_	_	_	_	_
478-10	PST064	478	478	10	flussi	flussi	_	_	_	_	_	linguistic	_	some	PauseAfter=Yes	_	_	_	_	_
478-11	PST064	478	478	11	{P}	{P}	_	_	_	_	_	shortpause	_	some	_	_	_	_	_	_
478-12	PST064	478	478	12	duemila	duemila	_	_	_	_	_	linguistic	_	some	_	_	_	_	_	_
478-13	PST064	478	478	13	otto	otto	_	_	_	_	_	linguistic	_	some	_	_	_	_	_	_
478-14	PST064	478	478	14	duemila	duemila	_	_	_	_	_	linguistic	_	some	_	_	_	_	_	_
478-15	PST064	478	478	15	e	e	_	_	_	_	_	linguistic	_	some	_	_	_	_	_	_
478-16	PST064	478	478	16	nove	nove	_	_	_	_	_	linguistic	_	some	_	End=1193.035	_	_	_	_
479-0	PST203	479	479	0	mhmh	mhmh	_	_	_	_	_	linguistic	_	none	_	Begin=1193.071	_	_	_	_
479-1	PST203	479	479	1	mhmh	mhmh	_	_	_	_	_	linguistic	_	none	_	_	_	_	_	_
479-2	PST203	479	479	2	mh	mh	_	_	_	_	_	linguistic	_	none	_	End=1194.003	_	_	_	_
480-0	PST064	480	480	0	solo	solo	_	_	_	_	_	linguistic	_	some	_	Begin=1194.089	_	_	_	_
480-1	PST064	480	480	1	quello	quello	_	_	_	_	_	linguistic	_	some	_	_	_	_	_	_
480-2	PST064	480	480	2	che	che	_	_	_	_	_	linguistic	_	some	_	_	_	_	_	_
480-3	PST064	480	480	3	quello	quello	_	_	_	_	_	linguistic	_	some	_	_	_	_	_	_
480-4	PST064	480	480	4	era:	era	_	_	_	_	_	linguistic	_	some	_	_	2x1	_	_	_
480-5	PST064	480	480	5	credo	credo	_	_	_	_	_	linguistic	_	some	_	_	_	_	_	_
480-6	PST064	480	480	6	con~	con~	_	_	_	_	_	linguistic	_	some	Interrupted=Yes|PauseAfter=Yes	_	_	_	_	_
480-7	PST064	480	480	7	{P}	{P}	_	_	_	_	_	shortpause	_	some	_	_	_	_	_	_
480-8	PST064	480	480	8	#convenio	convenio	_	_	_	_	_	linguistic	_	some	Language=NO_ISO_CODE|Variation=Token	_	_	_	_	_
480-9	PST064	480	480	9	con	con	_	_	_	_	_	linguistic	_	some	_	_	_	_	_	_
480-10	PST064	480	480	10	tutta	tutta	_	_	_	_	_	linguistic	_	some	_	_	_	_	_	_
480-11	PST064	480	480	11	la	la	_	_	_	_	_	linguistic	_	some	_	_	_	_	_	_
480-12	PST064	480	480	12	comunità	comunità	_	_	_	_	_	linguistic	_	some	_	_	_	_	_	_
480-13	PST064	480	480	13	europea	europea	_	_	_	_	_	linguistic	_	some	_	End=1198.665	_	_	_	_
482-0	PST064	482	482	0	che	che	_	_	_	_	_	linguistic	_	none	_	Begin=1199.193	_	_	_	_
482-1	PST064	482	482	1	lo	lo	_	_	_	_	_	linguistic	_	none	_	_	_	_	_	_
482-2	PST064	482	482	2	fatto	fatto	_	_	_	_	_	linguistic	_	none	_	_	_	_	_	_
482-3	PST064	482	482	3	tutti	tutti	_	_	_	_	_	linguistic	_	none	_	_	_	_	_	_
482-4	PST064	482	482	4	gli	gli	_	_	_	_	_	linguistic	_	none	_	_	_	_	_	_
482-5	PST064	482	482	5	anni	anni	_	_	_	_	_	linguistic	_	none	_	_	_	_	_	_
482-6	PST064	482	482	6	però	però	_	_	_	_	_	linguistic	_	none	_	_	_	_	_	_
482-7	PST064	482	482	7	no	no	_	_	_	_	_	linguistic	_	none	_	_	_	_	_	_
482-8	PST064	482	482	8	adesso	adesso	_	_	_	_	_	linguistic	_	none	_	_	_	_	_	_
482-9	PST064	482	482	9	non	non	_	_	_	_	_	linguistic	_	none	_	_	_	_	_	_
482-10	PST064	482	482	10	lo	lo	_	_	_	_	_	linguistic	_	none	_	_	_	_	_	_
482-11	PST064	482	482	11	fanno::	fanno	_	_	_	_	_	linguistic	_	none	_	_	4x2	_	_	_
482-12	PST064	482	482	12	pe~	pe~	_	_	_	_	_	linguistic	_	none	Interrupted=Yes	_	_	_	_	_
482-13	PST064	482	482	13	dipende	dipende	_	_	_	_	_	linguistic	_	none	_	_	_	_	_	_
482-14	PST064	482	482	14	no:	no	_	_	_	_	_	linguistic	_	none	_	_	1x1	_	_	_
482-15	PST064	482	482	15	[scelgono	scelgono	_	_	_	_	_	linguistic	_	none	_	_	_	_	_	0-8(120)
482-16	PST064	482	482	16	la]	la	_	_	_	_	_	linguistic	_	none	PauseAfter=Yes	_	_	_	_	0-2(120)
482-17	PST064	482	482	17	{P}	{P}	_	_	_	_	_	shortpause	_	none	_	_	_	_	_	_
482-18	PST064	482	482	18	sì	sì	_	_	_	_	_	linguistic	_	none	_	_	_	_	_	_
482-19	PST064	482	482	19	città	città	_	_	_	_	_	linguistic	_	none	_	_	_	_	_	_
482-20	PST064	482	482	20	o	o	_	_	_	_	_	linguistic	_	none	_	_	_	_	_	_
482-21	PST064	482	482	21	il	il	_	_	_	_	_	linguistic	_	none	_	_	_	_	_	_
482-22	PST064	482	482	22	paese	paese	_	_	_	_	_	linguistic	_	none	_	_	_	_	_	_
482-23	PST064	482	482	23	che	che	_	_	_	_	_	linguistic	_	none	_	_	_	_	_	_
482-24	PST064	482	482	24	dovrà	dovrà	_	_	_	_	_	linguistic	_	none	_	_	_	_	_	_
482-25	PST064	482	482	25	entrare	entrare	_	_	_	_	_	linguistic	_	none	_	_	_	_	_	_
482-26	PST064	482	482	26	in	in	_	_	_	_	_	linguistic	_	none	_	_	_	_	_	_
482-27	PST064	482	482	27	questo	questo	_	_	_	_	_	linguistic	_	none	_	End=1207.288	_	_	_	_
483-0	PST065	483	483	0	[il	il	_	_	_	_	_	linguistic	_	none	_	Begin=1203.312	_	_	_	0-2(120)
483-1	PST065	483	483	1	paese]	paese	_	_	_	_	_	linguistic	_	none	_	End=1203.805	_	_	_	0-5(120)
484-0	PST203	484	484	0	ho	ho	_	_	_	_	_	linguistic	_	none	_	Begin=1208.833	_	_	_	_
484-1	PST203	484	484	1	capito	capito	_	_	_	_	_	linguistic	_	none	_	End=1209.526	_	_	_	_
485-0	PST065	485	485	0	mhmh	mhmh	_	_	_	_	_	linguistic	_	none	_	Begin=1209.675|End=1210.227	_	_	_	_
486-0	PST203	486	486	0	e	e	_	_	_	_	_	linguistic	_	none	_	Begin=1210.227	_	_	_	_
486-1	PST203	486	486	1	adesso	adesso	_	_	_	_	_	linguistic	_	none	_	_	_	_	_	_
486-2	PST203	486	486	2	guardate	guardate	_	_	_	_	_	linguistic	_	none	_	_	_	_	_	_
486-3	PST203	486	486	3	poi	poi	_	_	_	_	_	linguistic	_	none	_	_	_	_	_	_
486-4	PST203	486	486	4	vi	vi	_	_	_	_	_	linguistic	_	none	_	_	_	_	_	_
486-5	PST203	486	486	5	lascio	lascio	_	_	_	_	_	linguistic	_	none	_	_	_	_	_	_
486-6	PST203	486	486	6	in	in	_	_	_	_	_	linguistic	_	none	_	_	_	_	_	_
486-7	PST203	486	486	7	pace	pace	_	_	_	_	_	linguistic	_	none	_	_	_	_	_	_
486-8	PST203	486	486	8	{ride}	{ride}	_	_	_	_	_	nonverbalbehavior	_	none	_	_	_	_	_	_
486-9	PST203	486	486	9	adesso	adesso	_	_	_	_	_	linguistic	_	none	_	_	_	_	_	_
486-10	PST203	486	486	10	>cioè<	cioè	_	_	_	_	_	linguistic	_	none	_	_	_	Fast=0-4(0)	_	_
486-11	PST203	486	486	11	televisione	televisione	_	_	_	_	_	linguistic	_	none	_	_	_	_	_	_
486-12	PST203	486	486	12	radio:	radio	_	_	_	_	_	linguistic	_	none	_	_	4x1	_	_	_
486-13	PST203	486	486	13	guardate	guardate	_	_	_	_	_	linguistic	_	none	_	_	_	_	_	_
486-14	PST203	486	486	14	più	più	_	_	_	_	_	linguistic	_	none	_	_	_	_	_	_
486-15	PST203	486	486	15	quella:	quella	_	_	_	_	_	linguistic	_	none	_	_	5x1	_	_	_
486-16	PST203	486	486	16	italiana	italiana	_	_	_	_	_	linguistic	_	none	_	_	_	_	_	_
486-17	PST203	486	486	17	di	di	_	_	_	_	_	linguistic	_	none	_	_	_	_	_	_
486-18	PST203	486	486	18	qua	qua	_	_	_	_	_	linguistic	_	none	_	_	_	_	_	_
486-19	PST203	486	486	19	o	o	_	_	_	_	_	linguistic	_	none	_	_	_	_	_	_
486-20	PST203	486	486	20	avete	avete	_	_	_	_	_	linguistic	_	none	_	_	_	_	_	_
486-21	PST203	486	486	21	modo	modo	_	_	_	_	_	linguistic	_	none	_	_	_	_	_	_
486-22	PST203	486	486	22	di	di	_	_	_	_	_	linguistic	_	none	_	_	_	_	_	_
486-23	PST203	486	486	23	guardare	guardare	_	_	_	_	_	linguistic	_	none	_	_	_	_	_	_
486-24	PST203	486	486	24	anche	anche	_	_	_	_	_	linguistic	_	none	_	_	_	_	_	_
486-25	PST203	486	486	25	un	un	_	_	_	_	_	linguistic	_	none	_	_	_	_	_	_
486-26	PST203	486	486	26	po'	po'	_	_	_	_	_	linguistic	_	none	_	_	_	_	_	_
486-27	PST203	486	486	27	di	di	_	_	_	_	_	linguistic	_	none	_	_	_	_	_	_
486-28	PST203	486	486	28	tivù	tivù	_	_	_	_	_	linguistic	_	none	_	_	_	_	_	_
486-29	PST203	486	486	29	peruviana:::	peruviana	_	_	_	_	_	linguistic	_	none	_	End=1223.114	8x3	_	_	_
487-0	PST064	487	487	0	allora	allora	_	_	_	_	_	linguistic	_	none	_	Begin=1223.669	_	_	_	_
487-1	PST064	487	487	1	io	io	_	_	_	_	_	linguistic	_	none	_	_	_	_	_	_
487-2	PST064	487	487	2	al	al	_	_	_	_	_	linguistic	_	none	_	_	_	_	_	_
487-3	PST064	487	487	3	mattino	mattino	_	_	_	_	_	linguistic	_	none	_	_	_	_	_	_
487-4	PST064	487	487	4	guardo	guardo	_	_	_	_	_	linguistic	_	none	_	_	_	_	_	_
487-5	PST064	487	487	5	e:::h	eh	_	_	_	_	_	linguistic	_	none	_	_	0x3	_	_	_
487-6	PST064	487	487	6	il	il	_	_	_	_	_	linguistic	_	none	_	_	_	_	_	_
487-7	PST064	487	487	7	tigi	tigi	_	_	_	_	_	linguistic	_	none	_	_	_	_	_	_
487-8	PST064	487	487	8	cinque	cinque	_	_	_	_	_	linguistic	_	none	PauseAfter=Yes	_	_	_	_	_
487-9	PST064	487	487	9	[{P}	{P}	_	_	_	_	_	shortpause	_	none	_	_	_	_	_	0-3(121)
487-10	PST064	487	487	10	eh]	eh	_	_	_	_	_	linguistic	_	none	_	_	_	_	_	0-2(121)
487-11	PST064	487	487	11	quello	quello	_	_	_	_	_	linguistic	_	none	_	_	_	_	_	_
487-12	PST064	487	487	12	appena	appena	_	_	_	_	_	linguistic	_	none	_	_	_	_	_	_
487-13	PST064	487	487	13	mi	mi	_	_	_	_	_	linguistic	_	none	_	_	_	_	_	_
487-14	PST064	487	487	14	sveglio	sveglio	_	_	_	_	_	linguistic	_	none	PauseAfter=Yes	_	_	_	_	_
487-15	PST064	487	487	15	{P}	{P}	_	_	_	_	_	shortpause	_	none	_	_	_	_	_	_
487-16	PST064	487	487	16	fino	fino	_	_	_	_	_	linguistic	_	none	_	_	_	_	_	_
487-17	PST064	487	487	17	che	che	_	_	_	_	_	linguistic	_	none	_	_	_	_	_	_
487-18	PST064	487	487	18	vengo	vengo	_	_	_	_	_	linguistic	_	none	_	_	_	_	_	_
487-19	PST064	487	487	19	qua	qua	_	_	_	_	_	linguistic	_	none	_	End=1230.308	_	_	_	_
488-0	PST065	488	488	0	[m::h]	mh	_	_	_	_	_	linguistic	_	none	_	Begin=1227.145|End=1227.579	0x2	_	_	0-2(121)
489-0	PST064	489	489	0	poi::	poi	_	_	_	_	_	linguistic	_	none	_	Begin=1230.849	2x2	_	_	_
489-1	PST064	489	489	1	guardo	guardo	_	_	_	_	_	linguistic	_	none	_	_	_	_	_	_
489-2	PST064	489	489	2	anche::::	anche	_	_	_	_	_	linguistic	_	none	_	End=1233.312	4x4	_	_	_
490-0	PST064	490	490	0	e::::h	eh	_	_	_	_	_	linguistic	_	some	_	Begin=1234.13	0x4	_	_	_
490-1	PST064	490	490	1	la	la	_	_	_	_	_	linguistic	_	some	_	_	_	_	_	_
490-2	PST064	490	490	2	notizia	notizia	_	_	_	_	_	linguistic	_	some	_	_	_	_	_	_
490-3	PST064	490	490	3	anche	anche	_	_	_	_	_	linguistic	_	some	_	_	_	_	_	_
490-4	PST064	490	490	4	del	del	_	_	_	_	_	linguistic	_	some	_	_	_	_	_	_
490-5	PST064	490	490	5	mio	mio	_	_	_	_	_	linguistic	_	some	_	_	_	_	_	_
490-6	PST064	490	490	6	paese::	paese	_	_	_	_	_	linguistic	_	some	_	_	4x2	_	_	_
490-7	PST064	490	490	7	mi	mi	_	_	_	_	_	linguistic	_	some	_	_	_	_	_	_
490-8	PST064	490	490	8	piace	piace	_	_	_	_	_	linguistic	_	some	_	_	_	_	_	_
490-9	PST064	490	490	9	anche	anche	_	_	_	_	_	linguistic	_	some	_	_	_	_	_	_
490-10	PST064	490	490	10	la	la	_	_	_	_	_	linguistic	_	some	_	_	_	_	_	_
490-11	PST064	490	490	11	politica	politica	_	_	_	_	_	linguistic	_	some	PauseAfter=Yes	_	_	_	_	_
490-12	PST064	490	490	12	{P}	{P}	_	_	_	_	_	shortpause	_	some	_	_	_	_	_	_
490-13	PST064	490	490	13	sempre	sempre	_	_	_	_	_	linguistic	_	some	_	_	_	_	_	_
490-14	PST064	490	490	14	sento	sento	_	_	_	_	_	linguistic	_	some	_	_	_	_	_	_
490-15	PST064	490	490	15	tanto	tanto	_	_	_	_	_	linguistic	_	some	_	_	_	_	_	_
490-16	PST064	490	490	16	di	di	_	_	_	_	_	linguistic	_	some	_	_	_	_	_	_
490-17	PST064	490	490	17	qua	qua	_	_	_	_	_	linguistic	_	some	_	_	_	_	_	_
490-18	PST064	490	490	18	#como	como	_	_	_	_	_	linguistic	_	some	Language=NO_ISO_CODE|Variation=Token	_	_	_	_	_
490-19	PST064	490	490	19	del	del	_	_	_	_	_	linguistic	_	some	_	_	_	_	_	_
490-20	PST064	490	490	20	mio	mio	_	_	_	_	_	linguistic	_	some	_	_	_	_	_	_
490-21	PST064	490	490	21	paese	paese	_	_	_	_	_	linguistic	_	some	_	End=1241.918	_	_	_	_
491-0	PST064	491	491	0	sì	sì	_	_	_	_	_	linguistic	_	some	_	Begin=1242.814	_	_	_	_
491-1	PST064	491	491	1	sempre	sempre	_	_	_	_	_	linguistic	_	some	_	_	_	_	_	_
491-2	PST064	491	491	2	$esto	esto	_	_	_	_	_	linguistic	_	some	Orthography=Yes|Variation=Emerging	_	_	_	_	_
491-3	PST064	491	491	3	#[pendien]te	pendiente	_	_	_	_	_	linguistic	_	some	Language=NO_ISO_CODE|Variation=Token	_	_	_	_	1-8(?)
491-4	PST064	491	491	4	#*de	de	_	_	_	_	_	linguistic	_	some	Language=NO_ISO_CODE|Variation=Doubtful	_	_	_	_	_
491-5	PST064	491	491	5	qua	qua	_	_	_	_	_	linguistic	_	some	_	_	_	_	_	_
491-6	PST064	491	491	6	e	e	_	_	_	_	_	linguistic	_	some	_	_	_	_	_	_
491-7	PST064	491	491	7	là	là	_	_	_	_	_	linguistic	_	some	_	_	_	_	_	_
491-8	PST064	491	491	8	sì	sì	_	_	_	_	_	linguistic	_	some	_	_	_	_	_	_
491-9	PST064	491	491	9	sì	sì	_	_	_	_	_	linguistic	_	some	_	End=1246.248	_	_	_	_
492-0	PST210	492	492	0	[entrambi]	entrambi	_	_	_	_	_	linguistic	_	none	_	Begin=1244.518|End=1245.109	_	_	_	0-8(122)
493-0	PST203	493	493	0	[come	come	_	_	_	_	_	linguistic	_	none	_	Begin=1245.967	_	_	_	0-4(123)
493-1	PST203	493	493	1	fai]	fai	_	_	_	_	_	linguistic	_	none	_	_	_	_	_	0-3(123)
493-2	PST203	493	493	2	con	con	_	_	_	_	_	linguistic	_	none	_	_	_	_	_	_
493-3	PST203	493	493	3	internet?	internet	_	_	_	_	_	linguistic	_	none	Intonation=Rising	End=1247.127	_	_	_	_
494-0	PST064	494	494	0	sì	sì	_	_	_	_	_	linguistic	_	none	_	Begin=1247.474	_	_	_	_
494-1	PST064	494	494	1	con	con	_	_	_	_	_	linguistic	_	none	_	_	_	_	_	_
494-2	PST064	494	494	2	l'	l'	_	_	_	_	_	linguistic	_	none	SpaceAfter=No	_	_	_	_	_
494-3	PST064	494	494	3	internet	internet	_	_	_	_	_	linguistic	_	none	PauseAfter=Yes	_	_	_	_	_
494-4	PST064	494	494	4	[{P}	{P}	_	_	_	_	_	shortpause	_	none	_	_	_	_	_	0-3(124)
494-5	PST064	494	494	5	e]	e	_	_	_	_	_	linguistic	_	none	_	_	_	_	_	0-1(124)
494-6	PST064	494	494	6	qua:	qua	_	_	_	_	_	linguistic	_	none	_	End=1249.3	2x1	_	_	_
495-0	PST203	495	495	0	ah	ah	_	_	_	_	_	linguistic	_	none	_	Begin=1248.696|End=1249.014	_	_	_	_
496-0	PST064	496	496	0	sì	sì	_	_	_	_	_	linguistic	_	some	_	Begin=1249.46	_	_	_	_
496-1	PST064	496	496	1	anche	anche	_	_	_	_	_	linguistic	_	some	_	_	_	_	_	_
496-2	PST064	496	496	2	qua	qua	_	_	_	_	_	linguistic	_	some	_	_	_	_	_	_
496-3	PST064	496	496	3	poi	poi	_	_	_	_	_	linguistic	_	some	_	_	_	_	_	_
496-4	PST064	496	496	4	>un<	un	_	_	_	_	_	linguistic	_	some	_	_	_	Fast=0-2(0)	_	_
496-5	PST064	496	496	5	momento	momento	_	_	_	_	_	linguistic	_	some	_	_	_	_	_	_
496-6	PST064	496	496	6	che:	che	_	_	_	_	_	linguistic	_	some	_	_	2x1	_	_	_
496-7	PST064	496	496	7	#ya:	ya	_	_	_	_	_	linguistic	_	some	Language=NO_ISO_CODE|Variation=Token	_	1x1	_	_	_
496-8	PST064	496	496	8	ci	ci	_	_	_	_	_	linguistic	_	some	_	_	_	_	_	_
496-9	PST064	496	496	9	sono	sono	_	_	_	_	_	linguistic	_	some	_	_	_	_	_	_
496-10	PST064	496	496	10	arrivano	arrivano	_	_	_	_	_	linguistic	_	some	_	_	_	_	_	_
496-11	PST064	496	496	11	i	i	_	_	_	_	_	linguistic	_	some	_	_	_	_	_	_
496-12	PST064	496	496	12	clienti	clienti	_	_	_	_	_	linguistic	_	some	_	_	_	_	_	_
496-13	PST064	496	496	13	allora	allora	_	_	_	_	_	linguistic	_	some	_	_	_	_	_	_
496-14	PST064	496	496	14	prendiamo	prendiamo	_	_	_	_	_	linguistic	_	some	_	_	_	_	_	_
496-15	PST064	496	496	15	mettiamo	mettiamo	_	_	_	_	_	linguistic	_	some	_	_	_	_	_	_
496-16	PST064	496	496	16	la	la	_	_	_	_	_	linguistic	_	some	_	_	_	_	_	_
496-17	PST064	496	496	17	musica	musica	_	_	_	_	_	linguistic	_	some	_	_	_	_	_	_
496-18	PST064	496	496	18	peruviana	peruviana	_	_	_	_	_	linguistic	_	some	_	End=1255.482	_	_	_	_
497-0	PST064	497	497	0	{ride}	{ride}	_	_	_	_	_	nonverbalbehavior	_	none	_	Begin=1255.583|End=1256.39	_	_	_	_
498-0	PST203	498	498	0	{ride}	{ride}	_	_	_	_	_	nonverbalbehavior	_	none	_	Begin=1255.583|End=1256.39	_	_	_	_
499-0	PST064	499	499	0	per	per	_	_	_	_	_	linguistic	_	none	_	Begin=1257.2	_	_	_	_
499-1	PST064	499	499	1	non	non	_	_	_	_	_	linguistic	_	none	_	_	_	_	_	_
499-2	PST064	499	499	2	[dire	dire	_	_	_	_	_	linguistic	_	none	_	_	_	_	_	0-4(125)
499-3	PST064	499	499	3	pe~	pe~	_	_	_	_	_	linguistic	_	none	Interrupted=Yes	_	_	_	_	0-3(125)
499-4	PST064	499	499	4	per	per	_	_	_	_	_	linguistic	_	none	_	_	_	_	_	0-3(125)
499-5	PST064	499	499	5	dire]	dire	_	_	_	_	_	linguistic	_	none	_	_	_	_	_	0-4(125)
499-6	PST064	499	499	6	che	che	_	_	_	_	_	linguistic	_	none	_	_	_	_	_	_
499-7	PST064	499	499	7	siamo	siamo	_	_	_	_	_	linguistic	_	none	_	_	_	_	_	_
499-8	PST064	499	499	8	un	un	_	_	_	_	_	linguistic	_	none	_	_	_	_	_	_
499-9	PST064	499	499	9	pezzettino	pezzettino	_	_	_	_	_	linguistic	_	none	_	_	_	_	_	_
499-10	PST064	499	499	10	del	del	_	_	_	_	_	linguistic	_	none	_	_	_	_	_	_
499-11	PST064	499	499	11	nostro	nostro	_	_	_	_	_	linguistic	_	none	_	_	_	_	_	_
499-12	PST064	499	499	12	paese	paese	_	_	_	_	_	linguistic	_	none	_	End=1261.003	_	_	_	_
500-0	PST203	500	500	0	[eh	eh	_	_	_	_	_	linguistic	_	none	_	Begin=1257.497	_	_	_	0-2(125)
500-1	PST203	500	500	1	oh	oh	_	_	_	_	_	linguistic	_	none	_	_	_	_	_	0-2(125)
500-2	PST203	500	500	2	eh]	eh	_	_	_	_	_	linguistic	_	none	_	_	_	_	_	0-2(125)
500-3	PST203	500	500	3	{ride}	{ride}	_	_	_	_	_	nonverbalbehavior	_	none	_	End=1258.611	_	_	_	_
501-0	PST203	501	501	0	e	e	_	_	_	_	_	linguistic	_	none	_	Begin=1261.108	_	_	_	_
501-1	PST203	501	501	1	che	che	_	_	_	_	_	linguistic	_	none	_	_	_	_	_	_
501-2	PST203	501	501	2	musica	musica	_	_	_	_	_	linguistic	_	none	_	_	_	_	_	_
501-3	PST203	501	501	3	metti?	metti	_	_	_	_	_	linguistic	_	none	Intonation=Rising	End=1262.16	_	_	_	_
502-0	PST064	502	502	0	tutto	tutto	_	_	_	_	_	linguistic	_	some	_	Begin=1262.52	_	_	_	_
502-1	PST064	502	502	1	#cumbia::::	cumbia	_	_	_	_	_	linguistic	_	some	Language=NO_ISO_CODE|Variation=Token	_	5x4	_	_	_
502-2	PST064	502	502	2	#salsa:::	salsa	_	_	_	_	_	linguistic	_	some	Language=NO_ISO_CODE|Variation=Token	_	4x3	_	_	_
502-3	PST064	502	502	3	#chicha::	chicha	_	_	_	_	_	linguistic	_	some	Language=NO_ISO_CODE|Variation=Token	_	5x2	_	_	_
502-4	PST064	502	502	4	che	che	_	_	_	_	_	linguistic	_	some	_	_	_	_	_	_
502-5	PST064	502	502	5	sarebbe	sarebbe	_	_	_	_	_	linguistic	_	some	_	_	_	_	_	_
502-6	PST064	502	502	6	#chicha	chicha	_	_	_	_	_	linguistic	_	some	Language=NO_ISO_CODE|Variation=Token	_	_	_	_	_
502-7	PST064	502	502	7	xxxxxx	xxxxxx	_	_	_	_	_	unknown	_	some	Syllables=6	_	_	_	_	_
502-8	PST064	502	502	8	(capuya)	capuya	_	_	_	_	_	linguistic	_	some	_	End=1269.328	_	_	0-6(0)	_
503-0	PST065	503	503	0	{ride}	{ride}	_	_	_	_	_	nonverbalbehavior	_	none	_	Begin=1266.662|End=1268.41	_	_	_	_
504-0	PST064	504	504	0	e::h	eh	_	_	_	_	_	linguistic	_	none	_	Begin=1270.104|End=1270.599	0x2	_	_	_
505-0	PST203	505	505	0	tradizionale	tradizionale	_	_	_	_	_	linguistic	_	none	_	Begin=1270.944	_	_	_	_
505-1	PST203	505	505	1	o	o	_	_	_	_	_	linguistic	_	none	_	_	_	_	_	_
505-2	PST203	505	505	2	moderna?	moderna	_	_	_	_	_	linguistic	_	none	Intonation=Rising	End=1272.71	_	_	_	_
506-0	PST203	506	506	0	cioè	cioè	_	_	_	_	_	linguistic	_	none	_	Begin=1273.285	_	_	_	_
506-1	PST203	506	506	1	peruviana	peruviana	_	_	_	_	_	linguistic	_	none	_	_	_	_	_	_
506-2	PST203	506	506	2	però	però	_	_	_	_	_	linguistic	_	none	PauseAfter=Yes	_	_	_	_	_
506-3	PST203	506	506	3	{P}	{P}	_	_	_	_	_	shortpause	_	none	_	_	_	_	_	_
506-4	PST203	506	506	4	tradizionale	tradizionale	_	_	_	_	_	linguistic	_	none	_	_	_	_	_	_
506-5	PST203	506	506	5	o	o	_	_	_	_	_	linguistic	_	none	_	_	_	_	_	_
506-6	PST203	506	506	6	[moderna]?	moderna	_	_	_	_	_	linguistic	_	none	Intonation=Rising	End=1275.485	_	_	_	0-7(126)
507-0	PST064	507	507	0	[oh	oh	_	_	_	_	_	linguistic	_	none	_	Begin=1274.885	_	_	_	0-2(126)
507-1	PST064	507	507	1	sì	sì	_	_	_	_	_	linguistic	_	none	_	_	_	_	_	0-2(126)
507-2	PST064	507	507	2	tra]dizionale	tradizionale	_	_	_	_	_	linguistic	_	none	PauseAfter=Yes	_	_	_	_	0-3(126)
507-3	PST064	507	507	3	{P}	{P}	_	_	_	_	_	shortpause	_	none	_	_	_	_	_	_
507-4	PST064	507	507	4	(cose)	cose	_	_	_	_	_	linguistic	_	none	_	_	_	_	0-4(0)	_
507-5	PST064	507	507	5	tradi[zionale]	tradizionale	_	_	_	_	_	linguistic	_	none	_	_	_	_	_	5-12(127)
507-6	PST064	507	507	6	tradizionale	tradizionale	_	_	_	_	_	linguistic	_	none	_	End=1278.136	_	_	_	_
508-0	PST065	508	508	0	[sì	sì	_	_	_	_	_	linguistic	_	none	_	Begin=1276.925	_	_	_	0-2(127)
508-1	PST065	508	508	1	sì]	sì	_	_	_	_	_	linguistic	_	none	_	End=1277.52	_	_	_	0-2(127)
509-0	PST065	509	509	0	eh	eh	_	_	_	_	_	linguistic	_	none	_	Begin=1278.381	_	_	_	_
509-1	PST065	509	509	1	perché	perché	_	_	_	_	_	linguistic	_	none	_	_	_	_	_	_
509-2	PST065	509	509	2	quelle	quelle	_	_	_	_	_	linguistic	_	none	_	_	_	_	_	_
509-3	PST065	509	509	3	che	che	_	_	_	_	_	linguistic	_	none	_	_	_	_	_	_
509-4	PST065	509	509	4	adesso	adesso	_	_	_	_	_	linguistic	_	none	_	_	_	_	_	_
509-5	PST065	509	509	5	fanno	fanno	_	_	_	_	_	linguistic	_	none	_	_	_	_	_	_
509-6	PST065	509	509	6	non	non	_	_	_	_	_	linguistic	_	none	_	_	_	_	_	_
509-7	PST065	509	509	7	è	è	_	_	_	_	_	linguistic	_	none	_	_	_	_	_	_
509-8	PST065	509	509	8	che	che	_	_	_	_	_	linguistic	_	none	_	End=1280.342	_	_	_	_
510-0	PST210	510	510	0	[no]?	no	_	_	_	_	_	linguistic	_	none	Intonation=Rising	Begin=1280.285|End=1280.605	_	_	_	0-2(207)
511-0	PST064	511	511	0	[sì]	sì	_	_	_	_	_	linguistic	_	none	_	Begin=1280.292|End=1280.618	_	_	_	0-2(207)
512-0	PST064	512	512	0	{ride}	{ride}	_	_	_	_	_	nonverbalbehavior	_	none	_	Begin=1280.713|End=1281.349	_	_	_	_
513-0	PST065	513	513	0	erano	erano	_	_	_	_	_	linguistic	_	none	_	Begin=1281.531	_	_	_	_
513-1	PST065	513	513	1	[più	più	_	_	_	_	_	linguistic	_	none	_	_	_	_	_	0-3(?)
513-2	PST065	513	513	2	>cioè	cioè	_	_	_	_	_	linguistic	_	none	_	_	_	Fast=0-4(0)	_	0-4(?)
513-3	PST065	513	513	3	cioè<	cioè	_	_	_	_	_	linguistic	_	none	_	_	_	Fast=0-4(0)	_	0-4(?)
513-4	PST065	513	513	4	son	son	_	_	_	_	_	linguistic	_	none	_	_	_	_	_	0-3(?)
513-5	PST065	513	513	5	più	più	_	_	_	_	_	linguistic	_	none	_	_	_	_	_	0-3(?)
513-6	PST065	513	513	6	ascol]tabili	ascoltabili	_	_	_	_	_	linguistic	_	none	_	_	_	_	_	0-5(?)
513-7	PST065	513	513	7	quelle	quelle	_	_	_	_	_	linguistic	_	none	_	_	_	_	_	_
513-8	PST065	513	513	8	che	che	_	_	_	_	_	linguistic	_	none	_	_	_	_	_	_
513-9	PST065	513	513	9	c'	c'	_	_	_	_	_	linguistic	_	none	SpaceAfter=No	_	_	_	_	_
513-10	PST065	513	513	10	erano	erano	_	_	_	_	_	linguistic	_	none	_	_	_	_	_	_
513-11	PST065	513	513	11	prima	prima	_	_	_	_	_	linguistic	_	none	_	_	_	_	_	_
513-12	PST065	513	513	12	{ride}	{ride}	_	_	_	_	_	nonverbalbehavior	_	none	_	End=1284.765	_	_	_	_
514-0	PST210	514	514	0	[sempre	sempre	_	_	_	_	_	linguistic	_	none	_	Begin=1281.77	_	_	_	0-6(128)
514-1	PST210	514	514	1	xxx]	xxx	_	_	_	_	_	unknown	_	none	Syllables=3	End=1283.054	_	_	_	0-3(128)
515-0	PST064	515	515	0	eh	eh	_	_	_	_	_	linguistic	_	some	_	Begin=1284.557	_	_	_	_
515-1	PST064	515	515	1	[x	x	_	_	_	_	_	unknown	_	some	Syllables=1	_	_	_	_	0-1(130)
515-2	PST064	515	515	2	quella	quella	_	_	_	_	_	linguistic	_	some	_	_	_	_	_	0-6(130)
515-3	PST064	515	515	3	musica	musica	_	_	_	_	_	linguistic	_	some	_	_	_	_	_	0-6(130)
515-4	PST064	515	515	4	sì]	sì	_	_	_	_	_	linguistic	_	some	_	_	_	_	_	0-2(130)
515-5	PST064	515	515	5	#como::[:]	como	_	_	_	_	_	linguistic	_	some	Language=NO_ISO_CODE|Variation=Token	End=1287.27	3x3	_	_	_
516-0	PST203	516	516	0	[sì	sì	_	_	_	_	_	linguistic	_	none	_	Begin=1284.846	_	_	_	0-2(130)
516-1	PST203	516	516	1	non	non	_	_	_	_	_	linguistic	_	none	_	_	_	_	_	0-3(130)
516-2	PST203	516	516	2	ti	ti	_	_	_	_	_	linguistic	_	none	_	_	_	_	_	0-2(130)
516-3	PST203	516	516	3	piace	piace	_	_	_	_	_	linguistic	_	none	_	_	_	_	_	0-5(130)
516-4	PST203	516	516	4	più]	più	_	_	_	_	_	linguistic	_	none	_	End=1286.14	_	_	_	0-3(130)
517-0	PST203	517	517	0	[tipo]	tipo	_	_	_	_	_	linguistic	_	none	_	Begin=1287.003	_	_	_	0-4(?)
517-1	PST203	517	517	1	rock	rock	_	_	_	_	_	linguistic	_	none	_	_	_	_	_	_
517-2	PST203	517	517	2	trap	trap	_	_	_	_	_	linguistic	_	none	_	_	_	_	_	_
517-3	PST203	517	517	3	così	così	_	_	_	_	_	linguistic	_	none	_	_	_	_	_	_
517-4	PST203	517	517	4	non:	non	_	_	_	_	_	linguistic	_	none	_	End=1288.959	2x1	_	_	_
518-0	PST065	518	518	0	[eh	eh	_	_	_	_	_	linguistic	_	none	_	Begin=1287.294	_	_	_	0-2(132)
518-1	PST065	518	518	1	vabbè]	vabbè	_	_	_	_	_	linguistic	_	none	_	End=1287.886	_	_	_	0-5(132)
519-0	PST064	519	519	0	[m::]:[:h]	mh	_	_	_	_	_	linguistic	_	none	_	Begin=1288.488|End=1289.303	0x4	_	_	0-1(133),1-2(134)
520-0	PST065	520	520	0	[non]	non	_	_	_	_	_	linguistic	_	some	_	Begin=1288.993	_	_	_	0-3(134)
520-1	PST065	520	520	1	tanto	tanto	_	_	_	_	_	linguistic	_	some	_	_	_	_	_	_
520-2	PST065	520	520	2	>cioè<	cioè	_	_	_	_	_	linguistic	_	some	_	_	_	Fast=0-4(0)	_	_
520-3	PST065	520	520	3	se	se	_	_	_	_	_	linguistic	_	some	_	_	_	Slow=0-2(0)	_	_
520-4	PST065	520	520	4	lo	lo	_	_	_	_	_	linguistic	_	some	_	_	_	Slow=0-2(0)	_	_
520-5	PST065	520	520	5	devo	devo	_	_	_	_	_	linguistic	_	some	_	_	_	Slow=0-4(0)	_	_
520-6	PST065	520	520	6	ascoltare	ascoltare	_	_	_	_	_	linguistic	_	some	_	_	_	Slow=0-9(0)	_	_
520-7	PST065	520	520	7	>lo<	lo	_	_	_	_	_	linguistic	_	some	_	_	_	Fast=0-2(1)	_	_
520-8	PST065	520	520	8	ascolto	ascolto	_	_	_	_	_	linguistic	_	some	_	_	_	_	_	_
520-9	PST065	520	520	9	perché	perché	_	_	_	_	_	linguistic	_	some	_	_	_	_	_	_
520-10	PST065	520	520	10	così	così	_	_	_	_	_	linguistic	_	some	_	_	_	_	_	_
520-11	PST065	520	520	11	ma	ma	_	_	_	_	_	linguistic	_	some	_	_	_	_	_	_
520-12	PST065	520	520	12	non	non	_	_	_	_	_	linguistic	_	some	_	_	_	_	_	_
520-13	PST065	520	520	13	tantis[simo	tantissimo	_	_	_	_	_	linguistic	_	some	_	_	_	_	_	6-10(135)
520-14	PST065	520	520	14	io	io	_	_	_	_	_	linguistic	_	some	_	_	_	_	_	0-2(135)
520-15	PST065	520	520	15	sono	sono	_	_	_	_	_	linguistic	_	some	_	_	_	_	_	0-4(135)
520-16	PST065	520	520	16	più	più	_	_	_	_	_	linguistic	_	some	_	_	_	_	_	0-3(135)
520-17	PST065	520	520	17	una	una	_	_	_	_	_	linguistic	_	some	_	_	_	_	_	0-3(135)
520-18	PST065	520	520	18	persona	persona	_	_	_	_	_	linguistic	_	some	_	_	_	_	_	0-7(135)
520-19	PST065	520	520	19	#cumbia	cumbia	_	_	_	_	_	linguistic	_	some	Language=NO_ISO_CODE|Variation=Token	_	_	_	_	0-7(135)
520-20	PST065	520	520	20	#salsa	salsa	_	_	_	_	_	linguistic	_	some	Language=NO_ISO_CODE|Variation=Token	_	_	_	_	0-6(135)
520-21	PST065	520	520	21	però]	però	_	_	_	_	_	linguistic	_	some	_	End=1296.015	_	_	_	0-4(135)
521-0	PST064	521	521	0	[sì	sì	_	_	_	_	_	linguistic	_	none	_	Begin=1293.126	_	_	_	0-2(135)
521-1	PST064	521	521	1	meglio	meglio	_	_	_	_	_	linguistic	_	none	_	_	_	_	_	0-6(135)
521-2	PST064	521	521	2	preferisco	preferisco	_	_	_	_	_	linguistic	_	none	_	_	_	_	_	0-10(135)
521-3	PST064	521	521	3	quelle	quelle	_	_	_	_	_	linguistic	_	none	_	_	_	_	_	0-6(135)
521-4	PST064	521	521	4	di	di	_	_	_	_	_	linguistic	_	none	_	_	_	_	_	0-2(135)
521-5	PST064	521	521	5	una	una	_	_	_	_	_	linguistic	_	none	_	_	_	_	_	0-3(135)
521-6	PST064	521	521	6	volta]	volta	_	_	_	_	_	linguistic	_	none	_	End=1296.006	_	_	_	0-5(135)
522-0	PST065	522	522	0	quelli	quelli	_	_	_	_	_	linguistic	_	none	_	Begin=1296.2	_	_	_	_
522-1	PST065	522	522	1	di	di	_	_	_	_	_	linguistic	_	none	_	_	_	_	_	_
522-2	PST065	522	522	2	una	una	_	_	_	_	_	linguistic	_	none	_	_	_	_	_	_
522-3	PST065	522	522	3	volta	volta	_	_	_	_	_	linguistic	_	none	_	_	_	_	_	_
522-4	PST065	522	522	4	non	non	_	_	_	_	_	linguistic	_	none	_	_	_	_	_	_
522-5	PST065	522	522	5	[quelli	quelli	_	_	_	_	_	linguistic	_	none	_	_	_	_	_	0-6(136)
522-6	PST065	522	522	6	di	di	_	_	_	_	_	linguistic	_	none	_	_	_	_	_	0-2(136)
522-7	PST065	522	522	7	adesso]	adesso	_	_	_	_	_	linguistic	_	none	_	_	_	_	_	0-6(136)
522-8	PST065	522	522	8	tanto	tanto	_	_	_	_	_	linguistic	_	none	_	End=1298.345	_	_	_	_
523-0	PST064	523	523	0	[sì:	sì	_	_	_	_	_	linguistic	_	none	_	Begin=1297.099	1x1	_	_	0-2(136)
523-1	PST064	523	523	1	no	no	_	_	_	_	_	linguistic	_	none	_	_	_	_	_	0-2(136)
523-2	PST064	523	523	2	di	di	_	_	_	_	_	linguistic	_	none	_	_	_	_	_	0-2(136)
523-3	PST064	523	523	3	adesso]	adesso	_	_	_	_	_	linguistic	_	none	_	End=1298.046	_	_	_	0-6(136)
524-0	PST203	524	524	0	non	non	_	_	_	_	_	linguistic	_	none	_	Begin=1298.537	_	_	_	_
524-1	PST203	524	524	1	elettronica::	elettronica	_	_	_	_	_	linguistic	_	none	_	_	10x2	_	_	_
524-2	PST203	524	524	2	reggaeton	reggaeton	_	_	_	_	_	linguistic	_	none	_	_	_	_	_	_
524-3	PST203	524	524	3	ho	ho	_	_	_	_	_	linguistic	_	none	_	_	_	_	_	_
524-4	PST203	524	524	4	capito	capito	_	_	_	_	_	linguistic	_	none	_	End=1301.357	_	_	_	_
525-0	PST064	525	525	0	reggaeton	reggaeton	_	_	_	_	_	linguistic	_	none	_	Begin=1301.753	_	_	_	_
525-1	PST064	525	525	1	°non	non	_	_	_	_	_	linguistic	_	none	Volume=low	_	_	_	_	_
525-2	PST064	525	525	2	[mi	mi	_	_	_	_	_	linguistic	_	none	Volume=low	_	_	_	_	0-2(137)
525-3	PST064	525	525	3	piace°]	piace	_	_	_	_	_	linguistic	_	none	Volume=low	End=1302.925	_	_	_	0-5(137)
526-0	PST065	526	526	0	[no	no	_	_	_	_	_	linguistic	_	none	_	Begin=1302.365	_	_	_	0-2(137)
526-1	PST065	526	526	1	vabbè	vabbè	_	_	_	_	_	linguistic	_	none	_	_	_	_	_	0-5(137)
526-2	PST065	526	526	2	io]	io	_	_	_	_	_	linguistic	_	none	_	_	_	_	_	0-2(137)
526-3	PST065	526	526	3	la	la	_	_	_	_	_	linguistic	_	none	_	_	_	_	_	_
526-4	PST065	526	526	4	tivù	tivù	_	_	_	_	_	linguistic	_	none	_	_	_	_	_	_
526-5	PST065	526	526	5	non	non	_	_	_	_	_	linguistic	_	none	_	_	_	_	_	_
526-6	PST065	526	526	6	la	la	_	_	_	_	_	linguistic	_	none	_	_	_	_	_	_
526-7	PST065	526	526	7	guardo	guardo	_	_	_	_	_	linguistic	_	none	_	_	_	_	_	_
526-8	PST065	526	526	8	(a	a	_	_	_	_	_	linguistic	_	none	_	_	_	_	0-1(0)	_
526-9	PST065	526	526	9	volte)	volte	_	_	_	_	_	linguistic	_	none	_	_	_	_	0-5(0)	_
526-10	PST065	526	526	10	{ride}	{ride}	_	_	_	_	_	nonverbalbehavior	_	none	_	End=1304.499	_	_	_	_
527-0	PST064	527	527	0	no	no	_	_	_	_	_	linguistic	_	none	_	Begin=1304.92	_	_	_	_
527-1	PST064	527	527	1	io	io	_	_	_	_	_	linguistic	_	none	_	_	_	_	_	_
527-2	PST064	527	527	2	la	la	_	_	_	_	_	linguistic	_	none	_	_	_	_	_	_
527-3	PST064	527	527	3	tivù	tivù	_	_	_	_	_	linguistic	_	none	_	_	_	_	_	_
527-4	PST064	527	527	4	sì	sì	_	_	_	_	_	linguistic	_	none	PauseAfter=Yes	_	_	_	_	_
527-5	PST064	527	527	5	{P}	{P}	_	_	_	_	_	shortpause	_	none	_	_	_	_	_	_
527-6	PST064	527	527	6	eh	eh	_	_	_	_	_	linguistic	_	none	_	_	_	_	_	_
527-7	PST064	527	527	7	mi	mi	_	_	_	_	_	linguistic	_	none	_	_	_	_	_	_
527-8	PST064	527	527	8	piace::::	piace	_	_	_	_	_	linguistic	_	none	PauseAfter=Yes	_	4x4	_	_	_
527-9	PST064	527	527	9	{P}	{P}	_	_	_	_	_	shortpause	_	none	_	_	_	_	_	_
527-10	PST064	527	527	10	la	la	_	_	_	_	_	linguistic	_	none	_	_	_	_	_	_
527-11	PST064	527	527	11	notizia	notizia	_	_	_	_	_	linguistic	_	none	_	End=1308.357	_	_	_	_
528-0	PST203	528	528	0	non	non	_	_	_	_	_	linguistic	_	none	_	Begin=1309.118	_	_	_	_
528-1	PST203	528	528	1	vai	vai	_	_	_	_	_	linguistic	_	none	_	_	_	_	_	_
528-2	PST203	528	528	2	a	a	_	_	_	_	_	linguistic	_	none	_	_	_	_	_	_
528-3	PST203	528	528	3	ballare	ballare	_	_	_	_	_	linguistic	_	none	_	_	_	_	_	_
528-4	PST203	528	528	4	il	il	_	_	_	_	_	linguistic	_	none	_	_	_	_	_	_
528-5	PST203	528	528	5	latino?	latino	_	_	_	_	_	linguistic	_	none	Intonation=Rising	End=1310.437	_	_	_	_
529-0	PST064	529	529	0	[lei]	lei	_	_	_	_	_	linguistic	_	none	_	Begin=1312.073	_	_	_	0-3(138)
529-1	PST064	529	529	1	ci	ci	_	_	_	_	_	linguistic	_	none	_	_	_	_	_	_
529-2	PST064	529	529	2	va	va	_	_	_	_	_	linguistic	_	none	PauseAfter=Yes	_	_	_	_	_
529-3	PST064	529	529	3	{P}	{P}	_	_	_	_	_	shortpause	_	none	_	_	_	_	_	_
529-4	PST064	529	529	4	[e	e	_	_	_	_	_	linguistic	_	none	_	_	_	_	_	0-1(139)
529-5	PST064	529	529	5	io	io	_	_	_	_	_	linguistic	_	none	_	_	_	_	_	0-2(139)
529-6	PST064	529	529	6	non]	non	_	_	_	_	_	linguistic	_	none	_	_	_	_	_	0-3(139)
529-7	PST064	529	529	7	vado	vado	_	_	_	_	_	linguistic	_	none	_	_	_	_	_	_
529-8	PST064	529	529	8	{ride}	{ride}	_	_	_	_	_	nonverbalbehavior	_	none	_	End=1314.521	_	_	_	_
530-0	PST065	530	530	0	[sì]	sì	_	_	_	_	_	linguistic	_	none	_	Begin=1312.073|End=1312.472	_	_	_	0-2(138)
531-0	PST203	531	531	0	[sì]?	sì	_	_	_	_	_	linguistic	_	none	Intonation=Rising	Begin=1313.02|End=1313.59	_	_	_	0-2(139)
532-0	PST065	532	532	0	{ride}	{ride}	_	_	_	_	_	nonverbalbehavior	_	none	_	Begin=1313.671|End=1314.523	_	_	_	_
533-0	PST210	533	533	0	{ride}	{ride}	_	_	_	_	_	nonverbalbehavior	_	none	_	Begin=1313.671|End=1314.523	_	_	_	_
534-0	PST064	534	534	0	[no	no	_	_	_	_	_	linguistic	_	none	_	Begin=1314.878	_	_	_	0-2(140)
534-1	PST064	534	534	1	io]	io	_	_	_	_	_	linguistic	_	none	_	End=1315.454	_	_	_	0-2(140)
535-0	PST203	535	535	0	[dai	dai	_	_	_	_	_	linguistic	_	none	_	Begin=1314.878	_	_	_	0-3(140)
535-1	PST203	535	535	1	magari]	magari	_	_	_	_	_	linguistic	_	none	_	_	_	_	_	0-6(140)
535-2	PST203	535	535	2	una	una	_	_	_	_	_	linguistic	_	none	_	_	_	_	_	_
535-3	PST203	535	535	3	volta	volta	_	_	_	_	_	linguistic	_	none	_	_	_	_	_	_
535-4	PST203	535	535	4	andavi	andavi	_	_	_	_	_	linguistic	_	none	_	_	_	_	_	_
535-5	PST203	535	535	5	anche	anche	_	_	_	_	_	linguistic	_	none	_	_	_	_	_	_
535-6	PST203	535	535	6	tu	tu	_	_	_	_	_	linguistic	_	none	_	End=1316.827	_	_	_	_
536-0	PST064	536	536	0	eh	eh	_	_	_	_	_	linguistic	_	none	_	Begin=1317.075	_	_	_	_
536-1	PST064	536	536	1	poco	poco	_	_	_	_	_	linguistic	_	none	_	_	_	_	_	_
536-2	PST064	536	536	2	perché	perché	_	_	_	_	_	linguistic	_	none	_	_	_	_	_	_
536-3	PST064	536	536	3	sempre	sempre	_	_	_	_	_	linguistic	_	none	_	_	_	_	_	_
536-4	PST064	536	536	4	ho	ho	_	_	_	_	_	linguistic	_	none	_	_	_	_	_	_
536-5	PST064	536	536	5	lavorato	lavorato	_	_	_	_	_	linguistic	_	none	_	_	_	_	_	_
536-6	PST064	536	536	6	[sai	sai	_	_	_	_	_	linguistic	_	none	_	_	_	_	_	0-3(141)
536-7	PST064	536	536	7	quando	quando	_	_	_	_	_	linguistic	_	none	_	_	_	_	_	0-6(141)
536-8	PST064	536	536	8	uno	uno	_	_	_	_	_	linguistic	_	none	_	_	_	_	_	0-3(141)
536-9	PST064	536	536	9	ha]	ha	_	_	_	_	_	linguistic	_	none	_	_	_	_	_	0-2(141)
536-10	PST064	536	536	10	questo	questo	_	_	_	_	_	linguistic	_	none	_	_	_	_	_	_
536-11	PST064	536	536	11	negozio	negozio	_	_	_	_	_	linguistic	_	none	_	_	_	_	_	_
536-12	PST064	536	536	12	è	è	_	_	_	_	_	linguistic	_	none	_	_	_	_	_	_
536-13	PST064	536	536	13	molto	molto	_	_	_	_	_	linguistic	_	none	_	_	_	_	_	_
536-14	PST064	536	536	14	impegnati[vo	impegnativo	_	_	_	_	_	linguistic	_	none	_	_	_	_	_	9-11(142)
536-15	PST064	536	536	15	e	e	_	_	_	_	_	linguistic	_	none	_	_	_	_	_	0-1(142)
536-16	PST064	536	536	16	s]abato	sabato	_	_	_	_	_	linguistic	_	none	_	_	_	_	_	0-1(142)
536-17	PST064	536	536	17	domenica	domenica	_	_	_	_	_	linguistic	_	none	_	_	_	_	_	_
536-18	PST064	536	536	18	almeno	almeno	_	_	_	_	_	linguistic	_	none	_	_	_	_	_	_
536-19	PST064	536	536	19	i	i	_	_	_	_	_	linguistic	_	none	_	_	_	_	_	_
536-20	PST064	536	536	20	giorni	giorni	_	_	_	_	_	linguistic	_	none	_	_	_	_	_	_
536-21	PST064	536	536	21	che	che	_	_	_	_	_	linguistic	_	none	_	_	_	_	_	_
536-22	PST064	536	536	22	si	si	_	_	_	_	_	linguistic	_	none	_	_	_	_	_	_
536-23	PST064	536	536	23	può	può	_	_	_	_	_	linguistic	_	none	_	_	_	_	_	_
536-24	PST064	536	536	24	andare::	andare	_	_	_	_	_	linguistic	_	none	_	_	5x2	_	_	_
536-25	PST064	536	536	25	a	a	_	_	_	_	_	linguistic	_	none	_	_	_	_	_	_
536-26	PST064	536	536	26	ballare	ballare	_	_	_	_	_	linguistic	_	none	_	_	_	_	_	_
536-27	PST064	536	536	27	o	o	_	_	_	_	_	linguistic	_	none	_	_	_	_	_	_
536-28	PST064	536	536	28	a	a	_	_	_	_	_	linguistic	_	none	_	_	_	_	_	_
536-29	PST064	536	536	29	qualunque	qualunque	_	_	_	_	_	linguistic	_	none	_	_	_	_	_	_
536-30	PST064	536	536	30	posto	posto	_	_	_	_	_	linguistic	_	none	_	End=1327.069	_	_	_	_
537-0	PST203	537	537	0	[mh	mh	_	_	_	_	_	linguistic	_	none	PauseAfter=Yes	Begin=1318.726	_	_	_	0-2(141)
537-1	PST203	537	537	1	{P}	{P}	_	_	_	_	_	shortpause	_	none	_	_	_	_	_	0-3(141)
537-2	PST203	537	537	2	eh	eh	_	_	_	_	_	linguistic	_	none	_	_	_	_	_	0-2(141)
537-3	PST203	537	537	3	vabbè]	vabbè	_	_	_	_	_	linguistic	_	none	_	End=1319.865	_	_	_	0-5(141)
538-0	PST203	538	538	0	[e::h]	eh	_	_	_	_	_	linguistic	_	none	_	Begin=1321.793|End=1322.27	0x2	_	_	0-2(142)
539-0	PST064	539	539	0	e:::h	eh	_	_	_	_	_	linguistic	_	some	_	Begin=1327.227	0x3	_	_	_
539-1	PST064	539	539	1	uno	uno	_	_	_	_	_	linguistic	_	some	_	_	_	_	_	_
539-2	PST064	539	539	2	deve	deve	_	_	_	_	_	linguistic	_	some	_	_	_	_	_	_
539-3	PST064	539	539	3	lavorare	lavorare	_	_	_	_	_	linguistic	_	some	_	_	_	_	_	_
539-4	PST064	539	539	4	#porque	porque	_	_	_	_	_	linguistic	_	some	Language=NO_ISO_CODE|Variation=Token	_	_	_	_	_
539-5	PST064	539	539	5	sono	sono	_	_	_	_	_	linguistic	_	some	_	_	_	_	_	_
539-6	PST064	539	539	6	i	i	_	_	_	_	_	linguistic	_	some	_	_	_	_	_	_
539-7	PST064	539	539	7	giorni	giorni	_	_	_	_	_	linguistic	_	some	_	_	_	_	_	_
539-8	PST064	539	539	8	che	che	_	_	_	_	_	linguistic	_	some	_	_	_	_	_	_
539-9	PST064	539	539	9	c'	c'	_	_	_	_	_	linguistic	_	some	SpaceAfter=No	_	_	_	_	_
539-10	PST064	539	539	10	è	è	_	_	_	_	_	linguistic	_	some	_	_	_	_	_	_
539-11	PST064	539	539	11	pi[ù]	più	_	_	_	_	_	linguistic	_	some	_	End=1330.433	_	_	_	1-3(143)
540-0	PST065	540	540	0	[che]	che	_	_	_	_	_	linguistic	_	none	_	Begin=1330.314	_	_	_	0-3(143)
540-1	PST065	540	540	1	c'	c'	_	_	_	_	_	linguistic	_	none	SpaceAfter=No	_	_	_	_	_
540-2	PST065	540	540	2	è	è	_	_	_	_	_	linguistic	_	none	_	_	_	_	_	_
540-3	PST065	540	540	3	più	più	_	_	_	_	_	linguistic	_	none	_	_	_	_	_	_
540-4	PST065	540	540	4	gente	gente	_	_	_	_	_	linguistic	_	none	_	_	_	_	_	_
540-5	PST065	540	540	5	c'	c'	_	_	_	_	_	linguistic	_	none	SpaceAfter=No	_	_	_	_	_
540-6	PST065	540	540	6	è	è	_	_	_	_	_	linguistic	_	none	_	_	_	_	_	0-1(208)
540-7	PST065	540	540	7	[più	più	_	_	_	_	_	linguistic	_	none	_	_	_	_	_	0-3(208)
540-8	PST065	540	540	8	movimento	movimento	_	_	_	_	_	linguistic	_	none	_	_	_	_	_	0-9(208)
540-9	PST065	540	540	9	sì]	sì	_	_	_	_	_	linguistic	_	none	_	End=1332.446	_	_	_	0-1(208)
541-0	PST203	541	541	0	[mhmh]	mhmh	_	_	_	_	_	linguistic	_	none	_	Begin=1331.197|End=1331.594	_	_	_	0-4(208)
542-0	PST064	542	542	0	[più	più	_	_	_	_	_	linguistic	_	none	_	Begin=1331.374	_	_	_	0-3(208)
542-1	PST064	542	542	1	gente	gente	_	_	_	_	_	linguistic	_	none	_	_	_	_	_	0-5(208)
542-2	PST064	542	542	2	e	e	_	_	_	_	_	linguistic	_	none	_	_	_	_	_	0-1(208)
542-3	PST064	542	542	3	allora]	allora	_	_	_	_	_	linguistic	_	none	PauseAfter=Yes	_	_	_	_	0-6(208)
542-4	PST064	542	542	4	{P}	{P}	_	_	_	_	_	shortpause	_	none	_	_	_	_	_	_
542-5	PST064	542	542	5	settimana	settimana	_	_	_	_	_	linguistic	_	none	_	_	_	_	_	_
542-6	PST064	542	542	6	è	è	_	_	_	_	_	linguistic	_	none	_	_	_	_	_	_
542-7	PST064	542	542	7	tutto	tutto	_	_	_	_	_	linguistic	_	none	_	_	_	_	_	_
542-8	PST064	542	542	8	chiuso	chiuso	_	_	_	_	_	linguistic	_	none	_	_	_	_	_	_
542-9	PST064	542	542	9	no?	no	_	_	_	_	_	linguistic	_	none	Intonation=Rising	End=1334.579	_	_	_	_
543-0	PST064	543	543	0	guarda	guarda	_	_	_	_	_	linguistic	_	some	_	Begin=1335.138	_	_	_	_
543-1	PST064	543	543	1	che	che	_	_	_	_	_	linguistic	_	some	_	_	_	_	_	_
543-2	PST064	543	543	2	i:o	io	_	_	_	_	_	linguistic	_	some	PauseAfter=Yes	_	0x1	_	_	_
543-3	PST064	543	543	3	{P}	{P}	_	_	_	_	_	shortpause	_	some	_	_	_	_	_	_
543-4	PST064	543	543	4	#*de	de	_	_	_	_	_	linguistic	_	some	Language=NO_ISO_CODE|Variation=Doubtful	_	_	_	_	_
543-5	PST064	543	543	5	quando	quando	_	_	_	_	_	linguistic	_	some	_	_	_	_	_	_
543-6	PST064	543	543	6	sono	sono	_	_	_	_	_	linguistic	_	some	_	_	_	_	_	_
543-7	PST064	543	543	7	qua	qua	_	_	_	_	_	linguistic	_	some	_	_	_	_	_	_
543-8	PST064	543	543	8	la	la	_	_	_	_	_	linguistic	_	some	_	_	_	_	_	_
543-9	PST064	543	543	9	prima	prima	_	_	_	_	_	linguistic	_	some	_	_	_	_	_	_
543-10	PST064	543	543	10	volta	volta	_	_	_	_	_	linguistic	_	some	_	_	_	_	_	_
543-11	PST064	543	543	11	che	che	_	_	_	_	_	linguistic	_	some	_	_	_	_	_	_
543-12	PST064	543	543	12	sono	sono	_	_	_	_	_	linguistic	_	some	_	_	_	_	_	_
543-13	PST064	543	543	13	andata	andata	_	_	_	_	_	linguistic	_	some	_	_	_	_	_	_
543-14	PST064	543	543	14	al	al	_	_	_	_	_	linguistic	_	some	_	_	_	_	_	_
543-15	PST064	543	543	15	mare	mare	_	_	_	_	_	linguistic	_	some	_	_	_	_	_	_
543-16	PST064	543	543	16	è	è	_	_	_	_	_	linguistic	_	some	_	_	_	_	_	_
543-17	PST064	543	543	17	stata	stata	_	_	_	_	_	linguistic	_	some	_	_	_	_	_	_
543-18	PST064	543	543	18	nel	nel	_	_	_	_	_	linguistic	_	some	_	_	_	_	_	_
543-19	PST064	543	543	19	duemila	duemila	_	_	_	_	_	linguistic	_	some	_	_	_	_	_	_
543-20	PST064	543	543	20	e	e	_	_	_	_	_	linguistic	_	some	PauseAfter=Yes	_	_	_	_	_
543-21	PST064	543	543	21	{P}	{P}	_	_	_	_	_	shortpause	_	some	_	_	_	_	_	_
543-22	PST064	543	543	22	sedici	sedici	_	_	_	_	_	linguistic	_	some	_	End=1342.378	_	_	_	_
544-0	PST064	544	544	0	guar[da	guarda	_	_	_	_	_	linguistic	_	none	_	Begin=1343.493	_	_	_	4-6(144)
544-1	PST064	544	544	1	che]	che	_	_	_	_	_	linguistic	_	none	_	End=1344.076	_	_	_	0-3(144)
545-0	PST203	545	545	0	[(dopo)]	dopo	_	_	_	_	_	linguistic	_	none	_	Begin=1343.716	_	_	0-4(0)	0-4(144)
545-1	PST203	545	545	1	quindici	quindici	_	_	_	_	_	linguistic	_	none	_	_	_	_	_	_
545-2	PST203	545	545	2	anni	anni	_	_	_	_	_	linguistic	_	none	_	_	_	_	_	_
545-3	PST203	545	545	3	che	che	_	_	_	_	_	linguistic	_	none	_	_	_	_	_	_
545-4	PST203	545	545	4	eri	eri	_	_	_	_	_	linguistic	_	none	_	_	_	_	_	_
545-5	PST203	545	545	5	qua	qua	_	_	_	_	_	linguistic	_	none	_	End=1345.456	_	_	_	_
546-0	PST064	546	546	0	per	per	_	_	_	_	_	linguistic	_	some	_	Begin=1346.322	_	_	_	_
546-1	PST064	546	546	1	#el	el	_	_	_	_	_	linguistic	_	some	Language=NO_ISO_CODE|Variation=Token	_	_	_	_	_
546-2	PST064	546	546	2	lavoro	lavoro	_	_	_	_	_	linguistic	_	some	_	_	_	_	_	_
546-3	PST064	546	546	3	perché	perché	_	_	_	_	_	linguistic	_	some	_	_	_	_	_	_
546-4	PST064	546	546	4	sempre	sempre	_	_	_	_	_	linguistic	_	some	_	_	_	_	_	_
546-5	PST064	546	546	5	era	era	_	_	_	_	_	linguistic	_	some	_	_	_	_	_	_
546-6	PST064	546	546	6	impegnata	impegnata	_	_	_	_	_	linguistic	_	some	_	_	_	_	_	_
546-7	PST064	546	546	7	veramente	veramente	_	_	_	_	_	linguistic	_	some	_	_	_	_	_	_
546-8	PST064	546	546	8	non	non	_	_	_	_	_	linguistic	_	some	_	_	_	_	_	_
546-9	PST064	546	546	9	sono	sono	_	_	_	_	_	linguistic	_	some	_	_	_	_	_	_
546-10	PST064	546	546	10	riuscita	riuscita	_	_	_	_	_	linguistic	_	some	_	_	_	_	_	_
546-11	PST064	546	546	11	no	no	_	_	_	_	_	linguistic	_	some	PauseAfter=Yes	_	_	_	_	_
546-12	PST064	546	546	12	{P}	{P}	_	_	_	_	_	shortpause	_	some	_	_	_	_	_	_
546-13	PST064	546	546	13	perché	perché	_	_	_	_	_	linguistic	_	some	_	_	_	_	_	_
546-14	PST064	546	546	14	sempre	sempre	_	_	_	_	_	linguistic	_	some	_	_	_	_	_	_
546-15	PST064	546	546	15	lavoravo	lavoravo	_	_	_	_	_	linguistic	_	some	_	End=1351.012	_	_	_	_
547-0	PST203	547	547	0	[ma	ma	_	_	_	_	_	linguistic	_	none	_	Begin=1350.092	_	_	_	0-2(145)
547-1	PST203	547	547	1	c'	c'	_	_	_	_	_	linguistic	_	none	SpaceAfter=No	_	_	_	_	0-2(145)
547-2	PST203	547	547	2	è	è	_	_	_	_	_	linguistic	_	none	_	_	_	_	_	0-1(145)
547-3	PST203	547	547	3	il	il	_	_	_	_	_	linguistic	_	none	_	_	_	_	_	0-2(145)
547-4	PST203	547	547	4	mare	mare	_	_	_	_	_	linguistic	_	none	_	_	_	_	_	0-4(145)
547-5	PST203	547	547	5	nel]	nel	_	_	_	_	_	linguistic	_	none	_	_	_	_	_	0-3(145)
547-6	PST203	547	547	6	posto	posto	_	_	_	_	_	linguistic	_	none	_	_	_	_	_	_
547-7	PST203	547	547	7	da	da	_	_	_	_	_	linguistic	_	none	_	_	_	_	_	_
547-8	PST203	547	547	8	dove	dove	_	_	_	_	_	linguistic	_	none	_	_	_	_	_	_
547-9	PST203	547	547	9	vieni	vieni	_	_	_	_	_	linguistic	_	none	_	_	_	_	_	_
547-10	PST203	547	547	10	in	in	_	_	_	_	_	linguistic	_	none	_	_	_	_	_	_
547-11	PST203	547	547	11	pe[rù]?	perù	_	_	_	_	_	linguistic	_	none	Intonation=Rising	End=1352.242	_	_	_	1-4(146)
548-0	PST064	548	548	0	[i:o]	io	_	_	_	_	_	linguistic	_	none	PauseAfter=Yes	Begin=1352.122	0x1	_	_	0-2(146)
548-1	PST064	548	548	1	{P}	{P}	_	_	_	_	_	shortpause	_	none	_	_	_	_	_	_
548-2	PST064	548	548	2	al	al	_	_	_	_	_	linguistic	_	none	_	_	_	_	_	_
548-3	PST064	548	548	3	sud	sud	_	_	_	_	_	linguistic	_	none	_	_	_	_	_	_
548-4	PST064	548	548	4	sono	sono	_	_	_	_	_	linguistic	_	none	_	_	_	_	_	_
548-5	PST064	548	548	5	lì	lì	_	_	_	_	_	linguistic	_	none	_	_	_	_	_	_
548-6	PST064	548	548	6	vicino	vicino	_	_	_	_	_	linguistic	_	none	_	_	_	_	_	_
548-7	PST064	548	548	7	al	al	_	_	_	_	_	linguistic	_	none	_	_	_	_	_	_
548-8	PST064	548	548	8	mare	mare	_	_	_	_	_	linguistic	_	none	_	End=1354.615	_	_	_	_
549-0	PST203	549	549	0	a:h	ah	_	_	_	_	_	linguistic	_	none	_	Begin=1354.566|End=1354.885	0x1	_	_	_
550-0	PST064	550	550	0	però	però	_	_	_	_	_	linguistic	_	none	_	Begin=1355.045	_	_	_	_
550-1	PST064	550	550	1	(è)	è	_	_	_	_	_	linguistic	_	none	_	_	_	_	0-1(0)	_
550-2	PST064	550	550	2	completamente	completamente	_	_	_	_	_	linguistic	_	none	_	_	_	_	_	_
550-3	PST064	550	550	3	diverso	diverso	_	_	_	_	_	linguistic	_	none	_	End=1356.425	_	_	_	_
551-0	PST064	551	551	0	perché	perché	_	_	_	_	_	linguistic	_	some	_	Begin=1356.488	_	_	_	_
551-1	PST064	551	551	1	perché	perché	_	_	_	_	_	linguistic	_	some	_	_	_	_	_	_
551-2	PST064	551	551	2	qua	qua	_	_	_	_	_	linguistic	_	some	PauseAfter=Yes	_	_	_	_	_
551-3	PST064	551	551	3	{P}	{P}	_	_	_	_	_	shortpause	_	some	_	_	_	_	_	_
551-4	PST064	551	551	4	#serà	serà	_	_	_	_	_	linguistic	_	some	Language=NO_ISO_CODE|Variation=Token	_	_	_	_	_
551-5	PST064	551	551	5	perché::	perché	_	_	_	_	_	linguistic	_	some	_	_	5x2	_	_	_
551-6	PST064	551	551	6	l'	l'	_	_	_	_	_	linguistic	_	some	SpaceAfter=No	_	_	_	_	_
551-7	PST064	551	551	7	oceano	oceano	_	_	_	_	_	linguistic	_	some	_	_	_	_	_	_
551-8	PST064	551	551	8	a[tlanti]co	atlantico	_	_	_	_	_	linguistic	_	some	_	_	_	_	_	0-7(148)
551-9	PST064	551	551	9	no?	no	_	_	_	_	_	linguistic	_	some	Intonation=Rising|PauseAfter=Yes	_	_	_	_	_
551-10	PST064	551	551	10	{P}	{P}	_	_	_	_	_	shortpause	_	some	_	_	_	_	_	_
551-11	PST064	551	551	11	è	è	_	_	_	_	_	linguistic	_	some	_	_	_	_	_	_
551-12	PST064	551	551	12	più	più	_	_	_	_	_	linguistic	_	some	_	_	_	_	_	_
551-13	PST064	551	551	13	ca:::lmo	calmo	_	_	_	_	_	linguistic	_	some	_	_	1x3	_	_	_
551-14	PST064	551	551	14	sembra	sembra	_	_	_	_	_	linguistic	_	some	_	_	_	_	_	_
551-15	PST064	551	551	15	che	che	_	_	_	_	_	linguistic	_	some	_	_	_	_	_	_
551-16	PST064	551	551	16	fosse	fosse	_	_	_	_	_	linguistic	_	some	_	_	_	_	_	_
551-17	PST064	551	551	17	una	una	_	_	_	_	_	linguistic	_	some	_	_	_	_	_	_
551-18	PST064	551	551	18	piscina	piscina	_	_	_	_	_	linguistic	_	some	_	_	_	_	_	_
551-19	PST064	551	551	19	[no]?	no	_	_	_	_	_	linguistic	_	some	Intonation=Rising	End=1364.121	_	_	_	0-2(149)
552-0	PST203	552	552	0	[eh]	eh	_	_	_	_	_	linguistic	_	none	_	Begin=1359.815|End=1360.168	_	_	_	0-2(148)
553-0	PST210	553	553	0	[sì]	sì	_	_	_	_	_	linguistic	_	none	_	Begin=1363.76|End=1364.134	_	_	_	0-2(149)
554-0	PST064	554	554	0	invece	invece	_	_	_	_	_	linguistic	_	none	_	Begin=1364.538	_	_	_	_
554-1	PST064	554	554	1	da	da	_	_	_	_	_	linguistic	_	none	_	_	_	_	_	_
554-2	PST064	554	554	2	noi	noi	_	_	_	_	_	linguistic	_	none	_	_	_	_	_	_
554-3	PST064	554	554	3	no	no	_	_	_	_	_	linguistic	_	none	_	End=1365.622	_	_	_	_
555-0	PST210	555	555	0	>cioè<	cioè	_	_	_	_	_	linguistic	_	none	_	Begin=1365.653	_	Fast=0-4(0)	_	_
555-1	PST210	555	555	1	ci	ci	_	_	_	_	_	linguistic	_	none	_	_	_	_	_	_
555-2	PST210	555	555	2	sono	sono	_	_	_	_	_	linguistic	_	none	_	_	_	_	_	_
555-3	PST210	555	555	3	le	le	_	_	_	_	_	linguistic	_	none	_	_	_	_	_	_
555-4	PST210	555	555	4	onde.	onde	_	_	_	_	_	linguistic	_	none	Intonation=Falling	End=1366.779	_	_	_	_
556-0	PST064	556	556	0	[ci	ci	_	_	_	_	_	linguistic	_	none	_	Begin=1367.034	_	_	_	0-2(209)
556-1	PST064	556	556	1	sono	sono	_	_	_	_	_	linguistic	_	none	_	_	_	_	_	0-4(209)
556-2	PST064	556	556	2	le	le	_	_	_	_	_	linguistic	_	none	_	_	_	_	_	0-2(209)
556-3	PST064	556	556	3	onde	onde	_	_	_	_	_	linguistic	_	none	_	_	_	_	_	0-4(209)
556-4	PST064	556	556	4	(sempre)]	sempre	_	_	_	_	_	linguistic	_	none	_	End=1368.114	_	_	0-6(0)	0-6(209)
557-0	PST065	557	557	0	[eh	eh	_	_	_	_	_	linguistic	_	none	_	Begin=1367.054	_	_	_	0-2(?)
557-1	PST065	557	557	1	sì	sì	_	_	_	_	_	linguistic	_	none	_	_	_	_	_	0-2(?)
557-2	PST065	557	557	2	guarda	guarda	_	_	_	_	_	linguistic	_	none	_	_	_	_	_	0-6(?)
557-3	PST065	557	557	3	che]	che	_	_	_	_	_	linguistic	_	none	_	_	_	_	_	0-3(?)
557-4	PST065	557	557	4	[eh	eh	_	_	_	_	_	linguistic	_	none	_	_	_	_	_	0-2(?)
557-5	PST065	557	557	5	eh	eh	_	_	_	_	_	linguistic	_	none	_	_	_	_	_	0-2(?)
557-6	PST065	557	557	6	eh	eh	_	_	_	_	_	linguistic	_	none	PauseAfter=Yes	_	_	_	_	0-2(?)
557-7	PST065	557	557	7	{P}	{P}	_	_	_	_	_	shortpause	_	none	_	_	_	_	_	0-3(?)
557-8	PST065	557	557	8	ed]	ed	_	_	_	_	_	linguistic	_	none	_	_	_	_	_	0-2(?)
557-9	PST065	557	557	9	è	è	_	_	_	_	_	linguistic	_	none	_	_	_	_	_	_
557-10	PST065	557	557	10	molto	molto	_	_	_	_	_	linguistic	_	none	_	_	_	_	_	_
557-11	PST065	557	557	11	più	più	_	_	_	_	_	linguistic	_	none	_	_	_	_	_	_
557-12	PST065	557	557	12	fredda	fredda	_	_	_	_	_	linguistic	_	none	_	_	_	_	_	_
557-13	PST065	557	557	13	l'	l'	_	_	_	_	_	linguistic	_	none	SpaceAfter=No	_	_	_	_	_
557-14	PST065	557	557	14	a[cqua]	acqua	_	_	_	_	_	linguistic	_	none	_	End=1370.233	_	_	_	0-5(?)
558-0	PST210	558	558	0	[molto	molto	_	_	_	_	_	linguistic	_	none	_	Begin=1367.895	_	_	_	0-5(209)
558-1	PST210	558	558	1	più	più	_	_	_	_	_	linguistic	_	none	_	_	_	_	_	0-3(209)
558-2	PST210	558	558	2	divertente]	divertente	_	_	_	_	_	linguistic	_	none	_	End=1369.01	_	_	_	0-10(209)
559-0	PST064	559	559	0	[mh]	mh	_	_	_	_	_	linguistic	_	none	_	Begin=1369.976	_	_	_	0-2(150)
559-1	PST064	559	559	1	mh	mh	_	_	_	_	_	linguistic	_	none	_	End=1370.526	_	_	_	_
560-0	PST065	560	560	0	vabbè	vabbè	_	_	_	_	_	linguistic	_	some	_	Begin=1370.642	_	_	_	_
560-1	PST065	560	560	1	poi	poi	_	_	_	_	_	linguistic	_	some	_	_	_	_	_	_
560-2	PST065	560	560	2	da	da	_	_	_	_	_	linguistic	_	some	_	_	_	_	_	_
560-3	PST065	560	560	3	parte	parte	_	_	_	_	_	linguistic	_	some	_	_	_	_	_	_
560-4	PST065	560	560	4	mia	mia	_	_	_	_	_	linguistic	_	some	_	_	_	_	_	_
560-5	PST065	560	560	5	cioè	cioè	_	_	_	_	_	linguistic	_	some	_	_	_	_	_	_
560-6	PST065	560	560	6	da	da	_	_	_	_	_	linguistic	_	some	_	_	_	_	_	_
560-7	PST065	560	560	7	parte	parte	_	_	_	_	_	linguistic	_	some	_	_	_	_	_	_
560-8	PST065	560	560	8	#*de	de	_	_	_	_	_	linguistic	_	some	Language=NO_ISO_CODE|Variation=Doubtful	_	_	_	_	_
560-9	PST065	560	560	9	trujillo	trujillo	_	_	_	_	_	linguistic	_	some	_	_	_	_	_	_
560-10	PST065	560	560	10	sono	sono	_	_	_	_	_	linguistic	_	some	_	_	_	_	_	_
560-11	PST065	560	560	11	[quaranta]	quaranta	_	_	_	_	_	linguistic	_	some	PauseAfter=Yes	_	_	_	_	0-8(151)
560-12	PST065	560	560	12	{P}	{P}	_	_	_	_	_	shortpause	_	some	_	_	_	_	_	_
560-13	PST065	560	560	13	quaranta	quaranta	_	_	_	_	_	linguistic	_	some	_	_	_	_	_	_
560-14	PST065	560	560	14	quarantacinque	quarantacinque	_	_	_	_	_	linguistic	_	some	_	_	_	_	_	_
560-15	PST065	560	560	15	minuti	minuti	_	_	_	_	_	linguistic	_	some	_	_	_	_	_	_
560-16	PST065	560	560	16	da	da	_	_	_	_	_	linguistic	_	some	_	_	_	_	_	_
560-17	PST065	560	560	17	casa	casa	_	_	_	_	_	linguistic	_	some	_	_	_	_	_	_
560-18	PST065	560	560	18	mia	mia	_	_	_	_	_	linguistic	_	some	_	End=1375.55	_	_	_	_
561-0	PST064	561	561	0	[mh]	mh	_	_	_	_	_	linguistic	_	none	_	Begin=1373.389|End=1373.729	_	_	_	0-2(151)
562-0	PST203	562	562	0	mhmh	mhmh	_	_	_	_	_	linguistic	_	none	_	Begin=1375.74|End=1376.005	_	_	_	_
563-0	PST065	563	563	0	in	in	_	_	_	_	_	linguistic	_	none	_	Begin=1376.02	_	_	_	_
563-1	PST065	563	563	1	ma[cchi]na	macchina	_	_	_	_	_	linguistic	_	none	_	End=1376.665	_	_	_	2-6(152)
564-0	PST064	564	564	0	[sì]	sì	_	_	_	_	_	linguistic	_	none	_	Begin=1376.457|End=1376.752	_	_	_	0-2(152)
565-0	PST065	565	565	0	però	però	_	_	_	_	_	linguistic	_	none	_	Begin=1377.239	_	_	_	_
565-1	PST065	565	565	1	lì	lì	_	_	_	_	_	linguistic	_	none	_	_	_	_	_	_
565-2	PST065	565	565	2	l'	l'	_	_	_	_	_	linguistic	_	none	SpaceAfter=No	_	_	_	_	_
565-3	PST065	565	565	3	acqua	acqua	_	_	_	_	_	linguistic	_	none	_	_	_	_	_	_
565-4	PST065	565	565	4	è	è	_	_	_	_	_	linguistic	_	none	_	_	_	_	_	_
565-5	PST065	565	565	5	molto	molto	_	_	_	_	_	linguistic	_	none	_	_	_	_	_	_
565-6	PST065	565	565	6	più	più	_	_	_	_	_	linguistic	_	none	_	_	_	_	_	_
565-7	PST065	565	565	7	fredda	fredda	_	_	_	_	_	linguistic	_	none	_	End=1379.29	_	_	_	_
566-0	PST065	566	566	0	sì	sì	_	_	_	_	_	linguistic	_	none	_	Begin=1380.568	_	_	_	_
566-1	PST065	566	566	1	le:::	le	_	_	_	_	_	linguistic	_	none	_	_	1x3	_	_	_
566-2	PST065	566	566	2	sì	sì	_	_	_	_	_	linguistic	_	none	_	_	_	_	_	_
566-3	PST065	566	566	3	le	le	_	_	_	_	_	linguistic	_	none	_	_	_	_	_	_
566-4	PST065	566	566	4	onde	onde	_	_	_	_	_	linguistic	_	none	_	_	_	_	_	_
566-5	PST065	566	566	5	sono	sono	_	_	_	_	_	linguistic	_	none	_	_	_	_	_	_
566-6	PST065	566	566	6	molto	molto	_	_	_	_	_	linguistic	_	none	_	_	_	_	_	_
566-7	PST065	566	566	7	più	più	_	_	_	_	_	linguistic	_	none	_	_	_	_	_	_
566-8	PST065	566	566	8	grosse	grosse	_	_	_	_	_	linguistic	_	none	_	_	_	_	_	_
566-9	PST065	566	566	9	[invece	invece	_	_	_	_	_	linguistic	_	none	_	_	_	_	_	0-6(?)
566-10	PST065	566	566	10	qua	qua	_	_	_	_	_	linguistic	_	none	_	_	_	_	_	0-3(?)
566-11	PST065	566	566	11	è	è	_	_	_	_	_	linguistic	_	none	_	_	_	_	_	0-1(?)
566-12	PST065	566	566	12	più	più	_	_	_	_	_	linguistic	_	none	_	_	_	_	_	0-3(?)
566-13	PST065	566	566	13	più	più	_	_	_	_	_	linguistic	_	none	_	_	_	_	_	0-3(?)
566-14	PST065	566	566	14	cal]mo	calmo	_	_	_	_	_	linguistic	_	none	_	_	_	_	_	0-3(?)
566-15	PST065	566	566	15	[più	più	_	_	_	_	_	linguistic	_	none	_	_	_	_	_	0-3(?)
566-16	PST065	566	566	16	chiara	chiara	_	_	_	_	_	linguistic	_	none	_	_	_	_	_	0-6(?)
566-17	PST065	566	566	17	più]	più	_	_	_	_	_	linguistic	_	none	_	_	_	_	_	0-3(?)
566-18	PST065	566	566	18	bella	bella	_	_	_	_	_	linguistic	_	none	_	_	_	_	_	_
566-19	PST065	566	566	19	{ride}	{ride}	_	_	_	_	_	nonverbalbehavior	_	none	_	End=1387.37	_	_	_	_
567-0	PST064	567	567	0	[sì	sì	_	_	_	_	_	linguistic	_	none	_	Begin=1383.271	_	_	_	0-2(155)
567-1	PST064	567	567	1	le	le	_	_	_	_	_	linguistic	_	none	_	_	_	_	_	0-2(155)
567-2	PST064	567	567	2	onde	onde	_	_	_	_	_	linguistic	_	none	_	_	_	_	_	0-4(155)
567-3	PST064	567	567	3	sono	sono	_	_	_	_	_	linguistic	_	none	_	_	_	_	_	0-4(155)
567-4	PST064	567	567	4	alte	alte	_	_	_	_	_	linguistic	_	none	_	_	_	_	_	0-4(155)
567-5	PST064	567	567	5	sì]	sì	_	_	_	_	_	linguistic	_	none	_	End=1384.756	_	_	_	0-2(155)
568-0	PST064	568	568	0	[sì	sì	_	_	_	_	_	linguistic	_	none	_	Begin=1385.09	_	_	_	0-2(153)
568-1	PST064	568	568	1	sembra	sembra	_	_	_	_	_	linguistic	_	none	_	_	_	_	_	0-6(153)
568-2	PST064	568	568	2	una	una	_	_	_	_	_	linguistic	_	none	_	_	_	_	_	0-3(153)
568-3	PST064	568	568	3	piscina]	piscina	_	_	_	_	_	linguistic	_	none	_	End=1386.203	_	_	_	0-7(153)
569-0	PST064	569	569	0	[la	la	_	_	_	_	_	linguistic	_	none	_	Begin=1386.881	_	_	_	0-2(154)
569-1	PST064	569	569	1	anche]	anche	_	_	_	_	_	linguistic	_	none	_	_	_	_	_	0-5(154)
569-2	PST064	569	569	2	chiara	chiara	_	_	_	_	_	linguistic	_	none	PauseAfter=Yes	_	_	_	_	_
569-3	PST064	569	569	3	{P}	{P}	_	_	_	_	_	shortpause	_	none	_	_	_	_	_	_
569-4	PST064	569	569	4	è	è	_	_	_	_	_	linguistic	_	none	_	_	_	_	_	_
569-5	PST064	569	569	5	più	più	_	_	_	_	_	linguistic	_	none	_	_	_	_	_	_
569-6	PST064	569	569	6	chiara	chiara	_	_	_	_	_	linguistic	_	none	PauseAfter=Yes	_	_	_	_	_
569-7	PST064	569	569	7	{P}	{P}	_	_	_	_	_	shortpause	_	none	_	_	_	_	_	_
569-8	PST064	569	569	8	la	la	_	_	_	_	_	linguistic	_	none	_	_	_	_	_	_
569-9	PST064	569	569	9	nostra	nostra	_	_	_	_	_	linguistic	_	none	_	_	_	_	_	_
569-10	PST064	569	569	10	[no	no	_	_	_	_	_	linguistic	_	none	_	_	_	_	_	0-2(210)
569-11	PST064	569	569	11	(con	con	_	_	_	_	_	linguistic	_	none	_	_	_	_	0-3(0)	0-3(210)
569-12	PST064	569	569	12	tutta)]	tutta	_	_	_	_	_	linguistic	_	none	_	End=1390.456	_	_	0-5(0)	0-5(210)
570-0	PST203	570	570	0	[più	più	_	_	_	_	_	linguistic	_	none	_	Begin=1389.428	_	_	_	0-3(210)
570-1	PST203	570	570	1	chiara]	chiara	_	_	_	_	_	linguistic	_	none	_	End=1390.085	_	_	_	0-6(210)
571-0	PST065	571	571	0	[e::]:h	eh	_	_	_	_	_	linguistic	_	none	_	Begin=1390.045	0x3	_	_	0-1(210)
571-1	PST065	571	571	1	la	la	_	_	_	_	_	linguistic	_	none	_	_	_	_	_	_
571-2	PST065	571	571	2	nostra	nostra	_	_	_	_	_	linguistic	_	none	_	_	_	_	_	_
571-3	PST065	571	571	3	è	è	_	_	_	_	_	linguistic	_	none	_	_	_	_	_	_
571-4	PST065	571	571	4	proprio	proprio	_	_	_	_	_	linguistic	_	none	_	_	_	_	_	_
571-5	PST065	571	571	5	[scura	scura	_	_	_	_	_	linguistic	_	none	_	_	_	_	_	0-5(156)
571-6	PST065	571	571	6	sì	sì	_	_	_	_	_	linguistic	_	none	_	_	_	_	_	0-2(156)
571-7	PST065	571	571	7	sì	sì	_	_	_	_	_	linguistic	_	none	_	_	_	_	_	0-2(156)
571-8	PST065	571	571	8	(metà:)]	metà	_	_	_	_	_	linguistic	_	none	_	_	3x1	_	0-4(0)	0-4(156)
571-9	PST065	571	571	9	tutte	tutte	_	_	_	_	_	linguistic	_	none	_	_	_	_	_	_
571-10	PST065	571	571	10	le	le	_	_	_	_	_	linguistic	_	none	_	_	_	_	_	_
571-11	PST065	571	571	11	pietronline	pietronline	_	_	_	_	_	linguistic	_	none	_	_	_	_	_	_
571-12	PST065	571	571	12	mamma	mamma	_	_	_	_	_	linguistic	_	none	_	_	_	_	_	_
571-13	PST065	571	571	13	mia	mia	_	_	_	_	_	linguistic	_	none	_	End=1394.814	_	_	_	_
572-0	PST064	572	572	0	[la	la	_	_	_	_	_	linguistic	_	none	_	Begin=1391.159	_	_	_	0-2(156)
572-1	PST064	572	572	1	sabbia	sabbia	_	_	_	_	_	linguistic	_	none	_	_	_	_	_	0-6(156)
572-2	PST064	572	572	2	è	è	_	_	_	_	_	linguistic	_	none	_	_	_	_	_	0-1(156)
572-3	PST064	572	572	3	tutto	tutto	_	_	_	_	_	linguistic	_	none	_	_	_	_	_	0-5(156)
572-4	PST064	572	572	4	xx	xx	_	_	_	_	_	unknown	_	none	Syllables=2	_	_	_	_	0-2(156)
572-5	PST064	572	572	5	tutta	tutta	_	_	_	_	_	linguistic	_	none	_	_	_	_	_	0-5(156)
572-6	PST064	572	572	6	l'	l'	_	_	_	_	_	linguistic	_	none	SpaceAfter=No	_	_	_	_	0-2(156)
572-7	PST064	572	572	7	acqua	acqua	_	_	_	_	_	linguistic	_	none	_	_	_	_	_	0-5(156)
572-8	PST064	572	572	8	xx]	xx	_	_	_	_	_	unknown	_	none	Syllables=2	End=1394.05	_	_	_	0-2(156)
573-0	PST064	573	573	0	{ride}	{ride}	_	_	_	_	_	nonverbalbehavior	_	none	_	Begin=1394.118|End=1394.716	_	_	_	_
574-0	PST210	574	574	0	{ride}	{ride}	_	_	_	_	_	nonverbalbehavior	_	none	_	Begin=1394.908|End=1395.603	_	_	_	_
575-0	PST064	575	575	0	fa	fa	_	_	_	_	_	linguistic	_	none	_	Begin=1395.377	_	_	_	_
575-1	PST064	575	575	1	delle	delle	_	_	_	_	_	linguistic	_	none	_	_	_	_	_	_
575-2	PST064	575	575	2	onde	onde	_	_	_	_	_	linguistic	_	none	_	End=1396.059	_	_	_	_
576-0	PST210	576	576	0	sì	sì	_	_	_	_	_	linguistic	_	none	_	Begin=1396.134	_	_	_	_
576-1	PST210	576	576	1	sì	sì	_	_	_	_	_	linguistic	_	none	_	_	_	_	_	_
576-2	PST210	576	576	2	sì	sì	_	_	_	_	_	linguistic	_	none	_	End=1396.835	_	_	_	_
577-0	PST065	577	577	0	e:h	eh	_	_	_	_	_	linguistic	_	none	_	Begin=1397.089	0x1	_	_	_
577-1	PST065	577	577	1	quello	quello	_	_	_	_	_	linguistic	_	none	_	_	_	_	_	_
577-2	PST065	577	577	2	sì	sì	_	_	_	_	_	linguistic	_	none	_	End=1398.159	_	_	_	_
578-0	PST064	578	578	0	mhmh	mhmh	_	_	_	_	_	linguistic	_	none	_	Begin=1398.6|End=1399.082	_	_	_	_
579-0	PST203	579	579	0	°va	va	_	_	_	_	_	linguistic	_	none	Volume=low	Begin=1400.784	_	_	_	_
579-1	PST203	579	579	1	bene°	bene	_	_	_	_	_	linguistic	_	none	Volume=low	End=1401.458	_	_	_	_
580-0	PST203	580	580	0	@mary	@mary	_	_	_	_	_	anonymized	_	none	_	Begin=1401.816	_	_	_	_
580-1	PST203	580	580	1	vuoi	vuoi	_	_	_	_	_	linguistic	_	none	_	_	_	_	_	_
580-2	PST203	580	580	2	aggiungere	aggiungere	_	_	_	_	_	linguistic	_	none	_	_	_	_	_	_
580-3	PST203	580	580	3	qualcosa?	qualcosa	_	_	_	_	_	linguistic	_	none	Intonation=Rising	End=1403.619	_	_	_	_
581-0	PST210	581	581	0	secondo	secondo	_	_	_	_	_	linguistic	_	none	_	Begin=1404.193	_	_	_	_
581-1	PST210	581	581	1	me	me	_	_	_	_	_	linguistic	_	none	_	_	_	_	_	_
581-2	PST210	581	581	2	abbiamo	abbiamo	_	_	_	_	_	linguistic	_	none	_	_	_	_	_	_
581-3	PST210	581	581	3	già	già	_	_	_	_	_	linguistic	_	none	_	_	_	_	_	_
581-4	PST210	581	581	4	finito	finito	_	_	_	_	_	linguistic	_	none	_	End=1405.711	_	_	_	_
582-0	PST203	582	582	0	secondo	secondo	_	_	_	_	_	linguistic	_	none	_	Begin=1405.773	_	_	_	_
582-1	PST203	582	582	1	te	te	_	_	_	_	_	linguistic	_	none	_	_	_	_	_	_
582-2	PST203	582	582	2	abbiamo	abbiamo	_	_	_	_	_	linguistic	_	none	_	_	_	_	_	_
582-3	PST203	582	582	3	già	già	_	_	_	_	_	linguistic	_	none	_	_	_	_	_	_
582-4	PST203	582	582	4	finito?	finito	_	_	_	_	_	linguistic	_	none	Intonation=Rising	_	_	_	_	_
582-5	PST203	582	582	5	voi	voi	_	_	_	_	_	linguistic	_	none	_	_	_	_	_	_
582-6	PST203	582	582	6	volete	volete	_	_	_	_	_	linguistic	_	none	_	_	_	_	_	_
582-7	PST203	582	582	7	aggiungere	aggiungere	_	_	_	_	_	linguistic	_	none	_	_	_	_	_	_
582-8	PST203	582	582	8	qualcosa?	qualcosa	_	_	_	_	_	linguistic	_	none	Intonation=Rising	End=1408.434	_	_	_	_
583-0	PST064	583	583	0	m:h	mh	_	_	_	_	_	linguistic	_	none	_	Begin=1409.237	0x1	_	_	_
583-1	PST064	583	583	1	non	non	_	_	_	_	_	linguistic	_	none	_	_	_	_	_	_
583-2	PST064	583	583	2	lo	lo	_	_	_	_	_	linguistic	_	none	_	_	_	_	_	_
583-3	PST064	583	583	3	so	so	_	_	_	_	_	linguistic	_	none	_	_	_	_	_	_
583-4	PST064	583	583	4	come	come	_	_	_	_	_	linguistic	_	none	_	_	_	_	_	_
583-5	PST064	583	583	5	che	che	_	_	_	_	_	linguistic	_	none	PauseAfter=Yes	_	_	_	_	_
583-6	PST064	583	583	6	{P}	{P}	_	_	_	_	_	shortpause	_	none	_	_	_	_	_	_
583-7	PST064	583	583	7	m:h	mh	_	_	_	_	_	linguistic	_	none	_	_	0x1	_	_	_
583-8	PST064	583	583	8	lei	lei	_	_	_	_	_	linguistic	_	none	_	_	_	_	_	_
583-9	PST064	583	583	9	mi	mi	_	_	_	_	_	linguistic	_	none	_	_	_	_	_	_
583-10	PST064	583	583	10	dice	dice	_	_	_	_	_	linguistic	_	none	_	_	_	_	_	_
583-11	PST064	583	583	11	come	come	_	_	_	_	_	linguistic	_	none	_	_	_	_	_	_
583-12	PST064	583	583	12	che	che	_	_	_	_	_	linguistic	_	none	_	End=1412.234	_	_	_	_
584-0	PST064	584	584	0	ah	ah	_	_	_	_	_	linguistic	_	none	_	Begin=1413.775	_	_	_	_
584-1	PST064	584	584	1	quello	quello	_	_	_	_	_	linguistic	_	none	_	_	_	_	_	_
584-2	PST064	584	584	2	sì	sì	_	_	_	_	_	linguistic	_	none	_	_	_	_	_	_
584-3	PST064	584	584	3	sicuramente	sicuramente	_	_	_	_	_	linguistic	_	none	_	_	_	_	_	_
584-4	PST064	584	584	4	no	no	_	_	_	_	_	linguistic	_	none	_	_	_	_	_	_
584-5	PST064	584	584	5	noi	noi	_	_	_	_	_	linguistic	_	none	_	_	_	_	_	_
584-6	PST064	584	584	6	invitiamo:	invitiamo	_	_	_	_	_	linguistic	_	none	_	End=1416.977	8x1	_	_	_
585-0	PST064	585	585	0	a::	a	_	_	_	_	_	linguistic	_	some	_	Begin=1417.726	0x2	_	_	_
585-1	PST064	585	585	1	forse	forse	_	_	_	_	_	linguistic	_	some	_	_	_	_	_	_
585-2	PST064	585	585	2	veni:re	venire	_	_	_	_	_	linguistic	_	some	_	_	3x1	_	_	_
585-3	PST064	585	585	3	a	a	_	_	_	_	_	linguistic	_	some	_	_	_	_	_	_
585-4	PST064	585	585	4	provarci	provarci	_	_	_	_	_	linguistic	_	some	_	_	_	_	_	_
585-5	PST064	585	585	5	assaggiare:	assaggiare	_	_	_	_	_	linguistic	_	some	_	_	9x1	_	_	_
585-6	PST064	585	585	6	no	no	_	_	_	_	_	linguistic	_	some	_	_	_	_	_	_
585-7	PST064	585	585	7	e::::h	eh	_	_	_	_	_	linguistic	_	some	_	_	0x4	_	_	_
585-8	PST064	585	585	8	(#el:)	el	_	_	_	_	_	linguistic	_	some	Language=NO_ISO_CODE|Variation=Token	_	1x1	_	0-3(0)	_
585-9	PST064	585	585	9	la	la	_	_	_	_	_	linguistic	_	some	_	_	_	_	_	_
585-10	PST064	585	585	10	nostra	nostra	_	_	_	_	_	linguistic	_	some	_	_	_	_	_	_
585-11	PST064	585	585	11	gastronomia	gastronomia	_	_	_	_	_	linguistic	_	some	_	End=1424.457	_	_	_	_
586-0	PST064	586	586	0	sai	sai	_	_	_	_	_	linguistic	_	none	_	Begin=1425.376	_	_	_	_
586-1	PST064	586	586	1	che	che	_	_	_	_	_	linguistic	_	none	_	_	_	_	_	_
586-2	PST064	586	586	2	la	la	_	_	_	_	_	linguistic	_	none	_	_	_	_	_	_
586-3	PST064	586	586	3	nostra:	nostra	_	_	_	_	_	linguistic	_	none	_	_	5x1	_	_	_
586-4	PST064	586	586	4	la	la	_	_	_	_	_	linguistic	_	none	_	_	_	_	_	_
586-5	PST064	586	586	5	gastronomia	gastronomia	_	_	_	_	_	linguistic	_	none	_	_	_	_	_	_
586-6	PST064	586	586	6	peruviana	peruviana	_	_	_	_	_	linguistic	_	none	_	_	_	_	_	_
586-7	PST064	586	586	7	è	è	_	_	_	_	_	linguistic	_	none	_	_	_	_	_	_
586-8	PST064	586	586	8	molto	molto	_	_	_	_	_	linguistic	_	none	_	_	_	_	_	_
586-9	PST064	586	586	9	saporita	saporita	_	_	_	_	_	linguistic	_	none	_	End=1429.587	_	_	_	_
587-0	PST064	587	587	0	è	è	_	_	_	_	_	linguistic	_	none	_	Begin=1430.694	_	_	_	_
587-1	PST064	587	587	1	buona	buona	_	_	_	_	_	linguistic	_	none	_	_	_	_	_	_
587-2	PST064	587	587	2	veramente	veramente	_	_	_	_	_	linguistic	_	none	_	_	_	_	_	_
587-3	PST064	587	587	3	dovete	dovete	_	_	_	_	_	linguistic	_	none	_	End=1432.869	_	_	_	_
588-0	PST064	588	588	0	sì	sì	_	_	_	_	_	linguistic	_	none	_	Begin=1433.489	_	_	_	_
588-1	PST064	588	588	1	a	a	_	_	_	_	_	linguistic	_	none	_	_	_	_	_	_
588-2	PST064	588	588	2	$nivele	nivele	_	_	_	_	_	linguistic	_	none	Orthography=Yes|Variation=Emerging	_	_	_	_	_
588-3	PST064	588	588	3	$mundiale	mundiale	_	_	_	_	_	linguistic	_	none	Orthography=Yes|Variation=Emerging	_	_	_	_	_
588-4	PST064	588	588	4	ya	ya	_	_	_	_	_	linguistic	_	none	_	_	_	_	_	_
588-5	PST064	588	588	5	[$estamo]	estamo	_	_	_	_	_	linguistic	_	none	Orthography=Yes|Variation=Emerging	End=1435.916	_	_	_	0-7(157)
589-0	PST065	589	589	0	[è	è	_	_	_	_	_	linguistic	_	none	_	Begin=1435.406	_	_	_	0-1(157)
589-1	PST065	589	589	1	stata]	stata	_	_	_	_	_	linguistic	_	none	_	_	_	_	_	0-5(157)
589-2	PST065	589	589	2	dichiarata	dichiarata	_	_	_	_	_	linguistic	_	none	_	_	_	_	_	_
589-3	PST065	589	589	3	una	una	_	_	_	_	_	linguistic	_	none	_	_	_	_	_	_
589-4	PST065	589	589	4	delle	delle	_	_	_	_	_	linguistic	_	none	_	_	_	_	_	_
589-5	PST065	589	589	5	migliori	migliori	_	_	_	_	_	linguistic	_	none	_	_	_	_	_	_
589-6	PST065	589	589	6	quindi	quindi	_	_	_	_	_	linguistic	_	none	_	End=1437.627	_	_	_	_
590-0	PST064	590	590	0	siamo	siamo	_	_	_	_	_	linguistic	_	some	_	Begin=1437.627	_	_	_	_
590-1	PST064	590	590	1	(#en)	en	_	_	_	_	_	linguistic	_	some	Language=NO_ISO_CODE|Variation=Token	_	_	_	0-3(0)	_
590-2	PST064	590	590	2	sempre	sempre	_	_	_	_	_	linguistic	_	some	_	_	_	_	_	_
590-3	PST064	590	590	3	sempre	sempre	_	_	_	_	_	linguistic	_	some	_	_	_	_	_	_
590-4	PST064	590	590	4	#en	en	_	_	_	_	_	linguistic	_	some	Language=NO_ISO_CODE|Variation=Token	_	_	_	_	_
590-5	PST064	590	590	5	#el	el	_	_	_	_	_	linguistic	_	some	Language=NO_ISO_CODE|Variation=Token	_	_	_	_	_
590-6	PST064	590	590	6	primo:[:	primo	_	_	_	_	_	linguistic	_	some	_	_	4x2	_	_	_
590-7	PST064	590	590	7	cinque]	cinque	_	_	_	_	_	linguistic	_	some	_	End=1440.466	_	_	_	0-6(158)
591-0	PST065	591	591	0	[posto]	posto	_	_	_	_	_	linguistic	_	none	_	Begin=1439.82|End=1440.431	_	_	_	0-5(158)
592-0	PST064	592	592	0	[sempre]	sempre	_	_	_	_	_	linguistic	_	none	_	Begin=1441.204|End=1441.894	_	_	_	0-6(159)
593-0	PST065	593	593	0	[sempre]	sempre	_	_	_	_	_	linguistic	_	none	_	Begin=1441.204|End=1441.894	_	_	_	0-6(159)
594-0	PST203	594	594	0	°eh	eh	_	_	_	_	_	linguistic	_	none	Volume=low	Begin=1442.12	_	_	_	_
594-1	PST203	594	594	1	[buono]°	buono	_	_	_	_	_	linguistic	_	none	Volume=low	End=1442.763	_	_	_	0-5(160)
595-0	PST064	595	595	0	[siamo]	siamo	_	_	_	_	_	linguistic	_	some	_	Begin=1442.443	_	_	_	0-5(160)
595-1	PST064	595	595	1	sì	sì	_	_	_	_	_	linguistic	_	some	_	_	_	_	_	_
595-2	PST064	595	595	2	sì	sì	_	_	_	_	_	linguistic	_	some	_	_	_	_	_	_
595-3	PST064	595	595	3	sì	sì	_	_	_	_	_	linguistic	_	some	_	_	_	_	_	_
595-4	PST064	595	595	4	#siempre	siempre	_	_	_	_	_	linguistic	_	some	Language=NO_ISO_CODE|Variation=Token	_	_	_	_	_
595-5	PST064	595	595	5	siamo	siamo	_	_	_	_	_	linguistic	_	some	_	End=1444.516	_	_	_	_
596-0	PST064	596	596	0	poi	poi	_	_	_	_	_	linguistic	_	some	_	Begin=1445.112	_	_	_	_
596-1	PST064	596	596	1	abbiamo:::	abbiamo	_	_	_	_	_	linguistic	_	some	_	_	6x3	_	_	_
596-2	PST064	596	596	2	queste	queste	_	_	_	_	_	linguistic	_	some	_	_	_	_	_	_
596-3	PST064	596	596	3	sabato	sabato	_	_	_	_	_	linguistic	_	some	_	_	_	_	_	_
596-4	PST064	596	596	4	e	e	_	_	_	_	_	linguistic	_	some	_	_	_	_	_	_
596-5	PST064	596	596	5	domenica	domenica	_	_	_	_	_	linguistic	_	some	_	_	_	_	_	_
596-6	PST064	596	596	6	c'	c'	_	_	_	_	_	linguistic	_	some	SpaceAfter=No	_	_	_	_	_
596-7	PST064	596	596	7	è	è	_	_	_	_	_	linguistic	_	some	_	_	_	_	_	_
596-8	PST064	596	596	8	(be~)	be~	_	_	_	_	_	linguistic	_	some	Interrupted=Yes	_	_	_	0-3(0)	_
596-9	PST064	596	596	9	facciamo::	facciamo	_	_	_	_	_	linguistic	_	some	PauseAfter=Yes	_	7x2	_	_	_
596-10	PST064	596	596	10	{P}	{P}	_	_	_	_	_	shortpause	_	some	_	_	_	_	_	_
596-11	PST064	596	596	11	[la]	la	_	_	_	_	_	linguistic	_	some	_	_	_	_	_	0-2(161)
596-12	PST064	596	596	12	festa	festa	_	_	_	_	_	linguistic	_	some	_	_	_	_	_	_
596-13	PST064	596	596	13	della:	della	_	_	_	_	_	linguistic	_	some	_	_	4x1	_	_	_
596-14	PST064	596	596	14	proclamazione	proclamazione	_	_	_	_	_	linguistic	_	some	_	_	_	_	_	_
596-15	PST064	596	596	15	[della	della	_	_	_	_	_	linguistic	_	some	_	_	_	_	_	0-5(162)
596-16	PST064	596	596	16	nostra	nostra	_	_	_	_	_	linguistic	_	some	_	_	_	_	_	0-6(162)
596-17	PST064	596	596	17	#indepen]dencia	independencia	_	_	_	_	_	linguistic	_	some	Language=NO_ISO_CODE|Variation=Token	End=1452.799	_	_	_	0-8(162)
597-0	PST065	597	597	0	[la	la	_	_	_	_	_	linguistic	_	none	_	Begin=1448.944	_	_	_	0-2(161)
597-1	PST065	597	597	1	festa]	festa	_	_	_	_	_	linguistic	_	none	_	End=1449.54	_	_	_	0-5(161)
598-0	PST203	598	598	0	[dove	dove	_	_	_	_	_	linguistic	_	none	_	Begin=1451.322	_	_	_	0-4(162)
598-1	PST203	598	598	1	siete	siete	_	_	_	_	_	linguistic	_	none	_	_	_	_	_	0-5(162)
598-2	PST203	598	598	2	voi]?	voi	_	_	_	_	_	linguistic	_	none	Intonation=Rising	End=1452.26	_	_	_	0-3(162)
599-0	PST203	599	599	0	dove	dove	_	_	_	_	_	linguistic	_	none	_	Begin=1453.465	_	_	_	_
599-1	PST203	599	599	1	siete	siete	_	_	_	_	_	linguistic	_	none	_	_	_	_	_	_
599-2	PST203	599	599	2	voi	voi	_	_	_	_	_	linguistic	_	none	_	_	_	_	_	_
599-3	PST203	599	599	3	perché	perché	_	_	_	_	_	linguistic	_	none	_	_	_	_	_	_
599-4	PST203	599	599	4	io	io	_	_	_	_	_	linguistic	_	none	_	_	_	_	_	_
599-5	PST203	599	599	5	vengo,	vengo	_	_	_	_	_	linguistic	_	none	Intonation=WeaklyRising	End=1454.795	_	_	_	_
600-0	PST064	600	600	0	io:	io	_	_	_	_	_	linguistic	_	some	_	Begin=1455.053	1x1	_	_	_
600-1	PST064	600	600	1	starò	starò	_	_	_	_	_	linguistic	_	some	_	_	_	_	_	_
600-2	PST064	600	600	2	adesso	adesso	_	_	_	_	_	linguistic	_	some	_	_	_	_	_	_
600-3	PST064	600	600	3	#*te	te	_	_	_	_	_	linguistic	_	some	Language=NO_ISO_CODE|Variation=Doubtful	_	_	_	_	_
600-4	PST064	600	600	4	do	do	_	_	_	_	_	linguistic	_	some	_	_	_	_	_	_
600-5	PST064	600	600	5	#e::n	en	_	_	_	_	_	linguistic	_	some	Language=NO_ISO_CODE|Variation=Token	_	0x2	_	_	_
600-6	PST064	600	600	6	via	via	_	_	_	_	_	linguistic	_	some	_	_	_	_	_	_
600-7	PST064	600	600	7	petrella	petrella	_	_	_	_	_	linguistic	_	some	_	End=1458.211	_	_	_	_
601-0	PST203	601	601	0	ah	ah	_	_	_	_	_	linguistic	_	none	_	Begin=1458.324	_	_	_	_
601-1	PST203	601	601	1	ah	ah	_	_	_	_	_	linguistic	_	none	_	End=1458.63	_	_	_	_
602-0	PST064	602	602	0	a::h	ah	_	_	_	_	_	linguistic	_	some	_	Begin=1459.198	0x2	_	_	_
602-1	PST064	602	602	1	e:::h	eh	_	_	_	_	_	linguistic	_	some	PauseAfter=Yes	_	0x3	_	_	_
602-2	PST064	602	602	2	{P}	{P}	_	_	_	_	_	shortpause	_	some	_	_	_	_	_	_
602-3	PST064	602	602	3	a	a	_	_	_	_	_	linguistic	_	some	_	_	_	_	_	_
602-4	PST064	602	602	4	partire	partire	_	_	_	_	_	linguistic	_	some	_	_	_	_	_	_
602-5	PST064	602	602	5	#*de	de	_	_	_	_	_	linguistic	_	some	Language=NO_ISO_CODE|Variation=Doubtful	_	_	_	_	_
602-6	PST064	602	602	6	mezzogiorno	mezzogiorno	_	_	_	_	_	linguistic	_	some	_	_	_	_	_	_
602-7	PST064	602	602	7	sabato	sabato	_	_	_	_	_	linguistic	_	some	_	_	_	_	_	_
602-8	PST064	602	602	8	e	e	_	_	_	_	_	linguistic	_	some	_	_	_	_	_	_
602-9	PST064	602	602	9	domenica	domenica	_	_	_	_	_	linguistic	_	some	_	_	_	_	_	_
602-10	PST064	602	602	10	arrivano	arrivano	_	_	_	_	_	linguistic	_	some	_	_	_	_	_	_
602-11	PST064	602	602	11	due	due	_	_	_	_	_	linguistic	_	some	_	_	_	_	_	_
602-12	PST064	602	602	12	artist(i)	artisti	_	_	_	_	_	linguistic	_	some	_	_	_	_	6-7(0)	_
602-13	PST064	602	602	13	del	del	_	_	_	_	_	linguistic	_	some	_	_	_	_	_	_
602-14	PST064	602	602	14	perù:::	perù	_	_	_	_	_	linguistic	_	some	_	End=1464.995	3x3	_	_	_
603-0	PST210	603	603	0	ma:::	ma	_	_	_	_	_	linguistic	_	none	_	Begin=1465.664	1x3	_	_	_
603-1	PST210	603	603	1	ci	ci	_	_	_	_	_	linguistic	_	none	_	_	_	_	_	_
603-2	PST210	603	603	2	sarà?	sarà	_	_	_	_	_	linguistic	_	none	Intonation=Rising	End=1466.657	_	_	_	_
604-0	PST064	604	604	0	ba~	ba~	_	_	_	_	_	linguistic	_	some	Interrupted=Yes|PauseAfter=Yes	Begin=1466.76	_	_	_	_
604-1	PST064	604	604	1	{P}	{P}	_	_	_	_	_	shortpause	_	some	_	_	_	_	_	_
604-2	PST064	604	604	2	e::::h	eh	_	_	_	_	_	linguistic	_	some	PauseAfter=Yes	_	0x4	_	_	_
604-3	PST064	604	604	3	{P}	{P}	_	_	_	_	_	shortpause	_	some	_	_	_	_	_	_
604-4	PST064	604	604	4	#habrá	habrá	_	_	_	_	_	linguistic	_	some	Language=NO_ISO_CODE|Variation=Token	_	_	_	_	_
604-5	PST064	604	604	5	della	della	_	_	_	_	_	linguistic	_	some	_	_	_	_	_	_
604-6	PST064	604	604	6	gastronomia	gastronomia	_	_	_	_	_	linguistic	_	some	_	_	_	_	_	_
604-7	PST064	604	604	7	diversa	diversa	_	_	_	_	_	linguistic	_	some	_	_	_	_	_	_
604-8	PST064	604	604	8	faremo	faremo	_	_	_	_	_	linguistic	_	some	_	_	_	_	_	_
604-9	PST064	604	604	9	anche	anche	_	_	_	_	_	linguistic	_	some	_	_	_	_	_	_
604-10	PST064	604	604	10	la	la	_	_	_	_	_	linguistic	_	some	_	_	_	_	_	_
604-11	PST064	604	604	11	griglia	griglia	_	_	_	_	_	linguistic	_	some	_	_	_	_	_	_
604-12	PST064	604	604	12	perché	perché	_	_	_	_	_	linguistic	_	some	_	_	_	_	_	_
604-13	PST064	604	604	13	non	non	_	_	_	_	_	linguistic	_	some	_	_	_	_	_	_
604-14	PST064	604	604	14	si	si	_	_	_	_	_	linguistic	_	some	_	_	_	_	_	_
604-15	PST064	604	604	15	può	può	_	_	_	_	_	linguistic	_	some	_	_	_	_	_	_
604-16	PST064	604	604	16	fare	fare	_	_	_	_	_	linguistic	_	some	_	_	_	_	_	_
604-17	PST064	604	604	17	qua	qua	_	_	_	_	_	linguistic	_	some	_	End=1472.986	_	_	_	_
606-0	PST064	606	606	0	e::h	eh	_	_	_	_	_	linguistic	_	some	_	Begin=1473.782	0x2	_	_	_
606-1	PST064	606	606	1	faremo	faremo	_	_	_	_	_	linguistic	_	some	_	_	_	_	_	_
606-2	PST064	606	606	2	anche	anche	_	_	_	_	_	linguistic	_	some	_	_	_	_	_	_
606-3	PST064	606	606	3	la	la	_	_	_	_	_	linguistic	_	some	_	_	_	_	_	_
606-4	PST064	606	606	4	#cajachina	cajachina	_	_	_	_	_	linguistic	_	some	PauseAfter=Yes|Language=NO_ISO_CODE|Variation=Token	_	_	_	_	_
606-5	PST064	606	606	5	{P}	{P}	_	_	_	_	_	shortpause	_	some	_	_	_	_	_	_
606-6	PST064	606	606	6	[la	la	_	_	_	_	_	linguistic	_	some	_	_	_	_	_	0-2(164)
606-7	PST064	606	606	7	famosa]	famosa	_	_	_	_	_	linguistic	_	some	_	_	_	_	_	0-6(164)
606-8	PST064	606	606	8	#cajachina	cajachina	_	_	_	_	_	linguistic	_	some	Language=NO_ISO_CODE|Variation=Token	_	_	_	_	_
606-9	PST064	606	606	9	dobbiamo	dobbiamo	_	_	_	_	_	linguistic	_	some	_	_	_	_	_	_
606-10	PST064	606	606	10	portare:	portare	_	_	_	_	_	linguistic	_	some	PauseAfter=Yes	_	6x1	_	_	_
606-11	PST064	606	606	11	{P}	{P}	_	_	_	_	_	shortpause	_	some	_	_	_	_	_	_
606-12	PST064	606	606	12	quella	quella	_	_	_	_	_	linguistic	_	some	_	_	_	_	_	_
606-13	PST064	606	606	13	#caja	caja	_	_	_	_	_	linguistic	_	some	Language=NO_ISO_CODE|Variation=Token	_	_	_	_	_
606-14	PST064	606	606	14	[#porque	porque	_	_	_	_	_	linguistic	_	some	Language=NO_ISO_CODE|Variation=Token	_	_	_	_	0-7(163)
606-15	PST064	606	606	15	si	si	_	_	_	_	_	linguistic	_	some	_	_	_	_	_	0-2(163)
606-16	PST064	606	606	16	può]	può	_	_	_	_	_	linguistic	_	some	_	End=1480.052	_	_	_	0-3(163)
607-0	PST065	607	607	0	[u:::h]	uh	_	_	_	_	_	linguistic	_	none	_	Begin=1475.942|End=1476.531	0x3	_	_	0-2(164)
608-0	PST065	608	608	0	[pollo	pollo	_	_	_	_	_	linguistic	_	none	_	Begin=1479.419	_	_	_	0-5(163)
608-1	PST065	608	608	1	o	o	_	_	_	_	_	linguistic	_	none	_	_	_	_	_	0-1(163)
608-2	PST065	608	608	2	maia]le?	maiale	_	_	_	_	_	linguistic	_	none	Intonation=Rising	End=1480.299	_	_	_	0-4(163)
609-0	PST064	609	609	0	maia[le]	maiale	_	_	_	_	_	linguistic	_	none	_	Begin=1480.691|End=1481.127	_	_	_	4-6(165)
610-0	PST065	610	610	0	[#el	el	_	_	_	_	_	linguistic	_	some	Language=NO_ISO_CODE|Variation=Token	Begin=1480.922	_	_	_	0-3(165)
610-1	PST065	610	610	1	ma]iale	maiale	_	_	_	_	_	linguistic	_	some	_	_	_	_	_	0-2(165)
610-2	PST065	610	610	2	[maiale	maiale	_	_	_	_	_	linguistic	_	some	_	_	_	_	_	0-6(166)
610-3	PST065	610	610	3	sì	sì	_	_	_	_	_	linguistic	_	some	_	_	_	_	_	0-2(166)
610-4	PST065	610	610	4	sì]	sì	_	_	_	_	_	linguistic	_	some	_	End=1482.207	_	_	_	0-2(166)
611-0	PST203	611	611	0	[e	e	_	_	_	_	_	linguistic	_	none	_	Begin=1481.483	_	_	_	0-1(166)
611-1	PST203	611	611	1	che	che	_	_	_	_	_	linguistic	_	none	_	_	_	_	_	0-3(166)
611-2	PST203	611	611	2	cos'	cos'	_	_	_	_	_	linguistic	_	none	SpaceAfter=No	_	_	_	_	0-4(166)
611-3	PST203	611	611	3	è]?	è	_	_	_	_	_	linguistic	_	none	Intonation=Rising	End=1482.271	_	_	_	0-1(166)
612-0	PST064	612	612	0	allora	allora	_	_	_	_	_	linguistic	_	none	_	Begin=1482.788	_	_	_	_
612-1	PST064	612	612	1	sarebbe::	sarebbe	_	_	_	_	_	linguistic	_	none	_	_	6x2	_	_	_
612-2	PST064	612	612	2	le	le	_	_	_	_	_	linguistic	_	none	_	_	_	_	_	_
612-3	PST064	612	612	3	costine	costine	_	_	_	_	_	linguistic	_	none	_	_	_	_	_	_
612-4	PST064	612	612	4	di	di	_	_	_	_	_	linguistic	_	none	_	_	_	_	_	_
612-5	PST064	612	612	5	maia:le	maiale	_	_	_	_	_	linguistic	_	none	_	_	3x1	_	_	_
612-6	PST064	612	612	6	con	con	_	_	_	_	_	linguistic	_	none	_	_	_	_	_	_
612-7	PST064	612	612	7	tutto	tutto	_	_	_	_	_	linguistic	_	none	_	_	_	_	_	_
612-8	PST064	612	612	8	le	le	_	_	_	_	_	linguistic	_	none	_	_	_	_	_	_
612-9	PST064	612	612	9	sue	sue	_	_	_	_	_	linguistic	_	none	_	_	_	_	_	_
612-10	PST064	612	612	10	pelle	pelle	_	_	_	_	_	linguistic	_	none	_	End=1486.832	_	_	_	_
613-0	PST064	613	613	0	eh	eh	_	_	_	_	_	linguistic	_	none	_	Begin=1487.215	_	_	_	_
613-1	PST064	613	613	1	[co~	co~	_	_	_	_	_	linguistic	_	none	Interrupted=Yes	_	_	_	_	0-3(167)
613-2	PST064	613	613	2	e:h]	eh	_	_	_	_	_	linguistic	_	none	_	End=1487.864	0x1	_	_	0-2(167)
614-0	PST065	614	614	0	[se	se	_	_	_	_	_	linguistic	_	none	_	Begin=1487.424	_	_	_	0-2(167)
614-1	PST065	614	614	1	xx]	xx	_	_	_	_	_	unknown	_	none	Syllables=2	End=1487.969	_	_	_	0-2(167)
615-0	PST064	615	615	0	e:::h	eh	_	_	_	_	_	linguistic	_	some	_	Begin=1488.425	0x3	_	_	_
615-1	PST064	615	615	1	con	con	_	_	_	_	_	linguistic	_	some	_	_	_	_	_	_
615-2	PST064	615	615	2	#el	el	_	_	_	_	_	linguistic	_	some	Language=NO_ISO_CODE|Variation=Token	_	_	_	_	_
615-3	PST064	615	615	3	carbone	carbone	_	_	_	_	_	linguistic	_	some	_	_	_	_	_	_
615-4	PST064	615	615	4	si	si	_	_	_	_	_	linguistic	_	some	_	_	_	_	_	_
615-5	PST064	615	615	5	cuoceva	cuoceva	_	_	_	_	_	linguistic	_	some	_	_	_	_	_	_
615-6	PST064	615	615	6	se	se	_	_	_	_	_	linguistic	_	some	_	_	_	_	_	_
615-7	PST064	615	615	7	solo	solo	_	_	_	_	_	linguistic	_	some	_	_	_	_	_	_
615-8	PST064	615	615	8	del	del	_	_	_	_	_	linguistic	_	some	_	_	_	_	_	_
615-9	PST064	615	615	9	carbone	carbone	_	_	_	_	_	linguistic	_	some	_	End=1491.635	_	_	_	_
616-0	PST065	616	616	0	dentro	dentro	_	_	_	_	_	linguistic	_	none	_	Begin=1492.18	_	_	_	_
616-1	PST065	616	616	1	questa	questa	_	_	_	_	_	linguistic	_	none	_	_	_	_	_	_
616-2	PST065	616	616	2	cassa	cassa	_	_	_	_	_	linguistic	_	none	_	_	_	_	_	_
616-3	PST065	616	616	3	che	che	_	_	_	_	_	linguistic	_	none	_	_	_	_	_	_
616-4	PST065	616	616	4	[non	non	_	_	_	_	_	linguistic	_	none	_	_	_	_	_	0-3(168)
616-5	PST065	616	616	5	entra	entra	_	_	_	_	_	linguistic	_	none	_	_	_	_	_	0-5(168)
616-6	PST065	616	616	6	l'	l'	_	_	_	_	_	linguistic	_	none	SpaceAfter=No	_	_	_	_	0-2(168)
616-7	PST065	616	616	7	os]sigeno	ossigeno	_	_	_	_	_	linguistic	_	none	_	_	_	_	_	0-2(168)
616-8	PST065	616	616	8	quindi	quindi	_	_	_	_	_	linguistic	_	none	_	End=1494.704	_	_	_	_
617-0	PST064	617	617	0	[mhmh]	mhmh	_	_	_	_	_	linguistic	_	none	_	Begin=1493.25|End=1493.82	_	_	_	0-4(168)
618-0	PST065	618	618	0	lo	lo	_	_	_	_	_	linguistic	_	none	_	Begin=1495.396	_	_	_	_
618-1	PST065	618	618	1	fa	fa	_	_	_	_	_	linguistic	_	none	_	_	_	_	_	_
618-2	PST065	618	618	2	diventare	diventare	_	_	_	_	_	linguistic	_	none	_	_	_	_	_	_
618-3	PST065	618	618	3	proprio	proprio	_	_	_	_	_	linguistic	_	none	_	_	_	_	_	_
618-4	PST065	618	618	4	croc[cante]	croccante	_	_	_	_	_	linguistic	_	none	_	End=1497.625	_	_	_	4-9(169)
619-0	PST064	619	619	0	[croccante]	croccante	_	_	_	_	_	linguistic	_	none	_	Begin=1497.01|End=1497.612	_	_	_	0-9(169)
620-0	PST065	620	620	0	la	la	_	_	_	_	_	linguistic	_	none	_	Begin=1498.045	_	_	_	_
620-1	PST065	620	620	1	parte	parte	_	_	_	_	_	linguistic	_	none	_	_	_	_	_	_
620-2	PST065	620	620	2	sopra	sopra	_	_	_	_	_	linguistic	_	none	_	_	_	_	_	_
620-3	PST065	620	620	3	della	della	_	_	_	_	_	linguistic	_	none	_	_	_	_	_	_
620-4	PST065	620	620	4	pelle	pelle	_	_	_	_	_	linguistic	_	none	_	_	_	_	_	_
620-5	PST065	620	620	5	però	però	_	_	_	_	_	linguistic	_	none	_	_	_	_	_	_
620-6	PST065	620	620	6	comunque	comunque	_	_	_	_	_	linguistic	_	none	_	_	_	_	_	_
620-7	PST065	620	620	7	riesc~	riesc~	_	_	_	_	_	linguistic	_	none	Interrupted=Yes	_	_	_	_	_
620-8	PST065	620	620	8	e:::h	eh	_	_	_	_	_	linguistic	_	none	_	_	0x3	_	_	_
620-9	PST065	620	620	9	[rimane	rimane	_	_	_	_	_	linguistic	_	none	_	_	_	_	_	0-6(170)
620-10	PST065	620	620	10	sempre	sempre	_	_	_	_	_	linguistic	_	none	_	_	_	_	_	0-6(170)
620-11	PST065	620	620	11	morbido]	morbido	_	_	_	_	_	linguistic	_	none	_	End=1502.425	_	_	_	0-7(170)
621-0	PST064	621	621	0	[(sembra	sembra	_	_	_	_	_	linguistic	_	none	_	Begin=1501.139	_	_	0-6(0)	0-6(170)
621-1	PST064	621	621	1	una	una	_	_	_	_	_	linguistic	_	none	_	_	_	_	0-3(0)	0-3(170)
621-2	PST064	621	621	2	xxx	xxx	_	_	_	_	_	unknown	_	none	Syllables=3	_	_	_	0-3(0)	0-3(170)
621-3	PST064	621	621	3	no?)]	no	_	_	_	_	_	linguistic	_	none	Intonation=Rising	End=1502.361	_	_	0-2(0)	0-2(170)
622-0	PST065	622	622	0	la	la	_	_	_	_	_	linguistic	_	none	_	Begin=1502.87	_	_	_	_
622-1	PST065	622	622	1	parte	parte	_	_	_	_	_	linguistic	_	none	_	_	_	_	_	_
622-2	PST065	622	622	2	della	della	_	_	_	_	_	linguistic	_	none	_	_	_	_	_	_
622-3	PST065	622	622	3	carne	carne	_	_	_	_	_	linguistic	_	none	_	_	_	_	_	_
622-4	PST065	622	622	4	resta	resta	_	_	_	_	_	linguistic	_	none	_	_	_	_	_	_
622-5	PST065	622	622	5	morb[ida	morbida	_	_	_	_	_	linguistic	_	none	_	_	_	_	_	4-7(173)
622-6	PST065	622	622	6	e]	e	_	_	_	_	_	linguistic	_	none	_	_	_	_	_	0-1(173)
622-7	PST065	622	622	7	la	la	_	_	_	_	_	linguistic	_	none	_	_	_	_	_	_
622-8	PST065	622	622	8	parte	parte	_	_	_	_	_	linguistic	_	none	_	_	_	_	_	_
622-9	PST065	622	622	9	della	della	_	_	_	_	_	linguistic	_	none	_	_	_	_	_	_
622-10	PST065	622	622	10	pelle	pelle	_	_	_	_	_	linguistic	_	none	_	_	_	_	_	_
622-11	PST065	622	622	11	resta	resta	_	_	_	_	_	linguistic	_	none	_	_	_	_	_	_
622-12	PST065	622	622	12	croc~	croc~	_	_	_	_	_	linguistic	_	none	Interrupted=Yes	_	_	_	_	_
622-13	PST065	622	622	13	croccante	croccante	_	_	_	_	_	linguistic	_	none	_	_	_	_	_	_
622-14	PST065	622	622	14	ma	ma	_	_	_	_	_	linguistic	_	none	_	_	_	_	_	_
622-15	PST065	622	622	15	non	non	_	_	_	_	_	linguistic	_	none	_	_	_	_	_	_
622-16	PST065	622	622	16	quel	quel	_	_	_	_	_	linguistic	_	none	_	_	_	_	_	_
622-17	PST065	622	622	17	croccante	croccante	_	_	_	_	_	linguistic	_	none	_	_	_	_	_	_
622-18	PST065	622	622	18	che	che	_	_	_	_	_	linguistic	_	none	_	_	_	_	_	_
622-19	PST065	622	622	19	ti	ti	_	_	_	_	_	linguistic	_	none	_	_	_	_	_	_
622-20	PST065	622	622	20	dà	dà	_	_	_	_	_	linguistic	_	none	_	_	_	_	_	_
622-21	PST065	622	622	21	fastidio	fastidio	_	_	_	_	_	linguistic	_	none	_	_	_	_	_	_
622-22	PST065	622	622	22	[ma	ma	_	_	_	_	_	linguistic	_	none	_	_	_	_	_	0-2(171)
622-23	PST065	622	622	23	quel]	quel	_	_	_	_	_	linguistic	_	none	_	_	_	_	_	0-4(171)
622-24	PST065	622	622	24	croccante	croccante	_	_	_	_	_	linguistic	_	none	_	_	_	_	_	_
622-25	PST065	622	622	25	[quello	quello	_	_	_	_	_	linguistic	_	none	_	_	_	_	_	0-6(172)
622-26	PST065	622	622	26	buono]	buono	_	_	_	_	_	linguistic	_	none	_	End=1510.239	_	_	_	0-5(172)
623-0	PST064	623	623	0	[sì]	sì	_	_	_	_	_	linguistic	_	none	_	Begin=1504.431|End=1504.719	_	_	_	0-2(173)
624-0	PST064	624	624	0	[no	no	_	_	_	_	_	linguistic	_	none	_	Begin=1508.801	_	_	_	0-2(171)
624-1	PST064	624	624	1	no]	no	_	_	_	_	_	linguistic	_	none	_	End=1509.199	_	_	_	0-2(171)
625-0	PST064	625	625	0	[che	che	_	_	_	_	_	linguistic	_	none	_	Begin=1509.69	_	_	_	0-3(172)
625-1	PST064	625	625	1	lo	lo	_	_	_	_	_	linguistic	_	none	_	_	_	_	_	0-2(172)
625-2	PST064	625	625	2	puoi]	puoi	_	_	_	_	_	linguistic	_	none	_	_	_	_	_	0-4(172)
625-3	PST064	625	625	3	sì	sì	_	_	_	_	_	linguistic	_	none	_	_	_	_	_	_
625-4	PST064	625	625	4	[sì	sì	_	_	_	_	_	linguistic	_	none	_	_	_	_	_	0-2(211)
625-5	PST064	625	625	5	che	che	_	_	_	_	_	linguistic	_	none	_	_	_	_	_	0-3(211)
625-6	PST064	625	625	6	puoi]	puoi	_	_	_	_	_	linguistic	_	none	_	End=1511.532	_	_	_	0-4(211)
626-0	PST203	626	626	0	[xx]	xx	_	_	_	_	_	unknown	_	none	Syllables=2	Begin=1510.646|End=1511.138	_	_	_	0-2(211)
627-0	PST065	627	627	0	[sì	sì	_	_	_	_	_	linguistic	_	none	_	Begin=1510.757	_	_	_	0-2(211)
627-1	PST065	627	627	1	che	che	_	_	_	_	_	linguistic	_	none	_	_	_	_	_	0-3(211)
627-2	PST065	627	627	2	sì]	sì	_	_	_	_	_	linguistic	_	none	_	_	_	_	_	0-2(211)
627-3	PST065	627	627	3	che	che	_	_	_	_	_	linguistic	_	none	_	_	_	_	_	_
627-4	PST065	627	627	4	[fa	fa	_	_	_	_	_	linguistic	_	none	_	_	_	_	_	0-2(212)
627-5	PST065	627	627	5	cronch	cronch	_	_	_	_	_	linguistic	_	none	_	_	_	_	_	0-6(212)
627-6	PST065	627	627	6	giusto	giusto	_	_	_	_	_	linguistic	_	none	_	_	_	_	_	0-6(212)
627-7	PST065	627	627	7	sì]	sì	_	_	_	_	_	linguistic	_	none	_	End=1513.593	_	_	_	0-2(212)
628-0	PST210	628	628	0	[come	come	_	_	_	_	_	linguistic	_	none	_	Begin=1511.817	_	_	_	0-4(212)
628-1	PST210	628	628	1	un	un	_	_	_	_	_	linguistic	_	none	_	_	_	_	_	0-2(212)
628-2	PST210	628	628	2	biscotto	biscotto	_	_	_	_	_	linguistic	_	none	_	_	_	_	_	0-8(212)
628-3	PST210	628	628	3	più	più	_	_	_	_	_	linguistic	_	none	_	_	_	_	_	0-3(212)
628-4	PST210	628	628	4	o	o	_	_	_	_	_	linguistic	_	none	_	_	_	_	_	0-1(212)
628-5	PST210	628	628	5	meno]	meno	_	_	_	_	_	linguistic	_	none	_	End=1513.409	_	_	_	0-4(212)
629-0	PST064	629	629	0	[mh]	mh	_	_	_	_	_	linguistic	_	none	_	Begin=1513.381	_	_	_	0-2(212)
629-1	PST064	629	629	1	mh	mh	_	_	_	_	_	linguistic	_	none	_	_	_	_	_	_
629-2	PST064	629	629	2	[mh	mh	_	_	_	_	_	linguistic	_	none	_	_	_	_	_	0-2(174)
629-3	PST064	629	629	3	mh]	mh	_	_	_	_	_	linguistic	_	none	_	End=1514.545	_	_	_	0-2(174)
630-0	PST065	630	630	0	[ed	ed	_	_	_	_	_	linguistic	_	none	_	Begin=1514.025	_	_	_	0-2(174)
630-1	PST065	630	630	1	è	è	_	_	_	_	_	linguistic	_	none	_	_	_	_	_	0-1(174)
630-2	PST065	630	630	2	buoni]ssimo	buonissimo	_	_	_	_	_	linguistic	_	none	_	End=1515.04	_	_	_	0-5(174)
631-0	PST064	631	631	0	è	è	_	_	_	_	_	linguistic	_	none	_	Begin=1515.031	_	_	_	_
631-1	PST064	631	631	1	buono	buono	_	_	_	_	_	linguistic	_	none	_	End=1515.546	_	_	_	_
632-0	PST064	632	632	0	è	è	_	_	_	_	_	linguistic	_	none	_	Begin=1515.906	_	_	_	_
632-1	PST064	632	632	1	perché	perché	_	_	_	_	_	linguistic	_	none	_	_	_	_	_	_
632-2	PST064	632	632	2	quello	quello	_	_	_	_	_	linguistic	_	none	_	_	_	_	_	_
632-3	PST064	632	632	3	si	si	_	_	_	_	_	linguistic	_	none	_	_	_	_	_	_
632-4	PST064	632	632	4	può	può	_	_	_	_	_	linguistic	_	none	_	_	_	_	_	_
632-5	PST064	632	632	5	fare	fare	_	_	_	_	_	linguistic	_	none	_	_	_	_	_	_
632-6	PST064	632	632	6	all'	all'	_	_	_	_	_	linguistic	_	none	SpaceAfter=No	_	_	_	_	_
632-7	PST064	632	632	7	aperto	aperto	_	_	_	_	_	linguistic	_	none	_	End=1517.842	_	_	_	_
633-0	PST203	633	633	0	mh[mh]	mhmh	_	_	_	_	_	linguistic	_	none	_	Begin=1518.129|End=1518.462	_	_	_	2-4(176)
634-0	PST210	634	634	0	[e	e	_	_	_	_	_	linguistic	_	none	_	Begin=1518.206	_	_	_	0-1(?)
634-1	PST210	634	634	1	che]	che	_	_	_	_	_	linguistic	_	none	_	_	_	_	_	0-3(?)
634-2	PST210	634	634	2	xxxx	xxxx	_	_	_	_	_	unknown	_	none	Syllables=4	_	_	_	_	_
634-3	PST210	634	634	3	(lì)?	lì	_	_	_	_	_	linguistic	_	none	Intonation=Rising	End=1519.368	_	_	0-2(0)	_
635-0	PST064	635	635	0	[e::h]	eh	_	_	_	_	_	linguistic	_	none	_	Begin=1518.99|End=1519.366	0x2	_	_	0-2(213)
636-0	PST203	636	636	0	[mi	mi	_	_	_	_	_	linguistic	_	none	_	Begin=1519.008	_	_	_	0-2(213)
636-1	PST203	636	636	1	sta	sta	_	_	_	_	_	linguistic	_	none	_	_	_	_	_	0-3(213)
636-2	PST203	636	636	2	ve]nendo	venendo	_	_	_	_	_	linguistic	_	none	_	_	_	_	_	0-2(213)
636-3	PST203	636	636	3	fame	fame	_	_	_	_	_	linguistic	_	none	_	End=1520.127	_	_	_	_
637-0	PST065	637	637	0	{ride}	{ride}	_	_	_	_	_	nonverbalbehavior	_	none	_	Begin=1520.148	_	_	_	_
637-1	PST065	637	637	1	siamo	siamo	_	_	_	_	_	linguistic	_	none	_	_	_	_	_	_
637-2	PST065	637	637	2	in	in	_	_	_	_	_	linguistic	_	none	_	_	_	_	_	_
637-3	PST065	637	637	3	due	due	_	_	_	_	_	linguistic	_	none	_	_	_	_	_	_
637-4	PST065	637	637	4	{ride}	{ride}	_	_	_	_	_	nonverbalbehavior	_	none	_	End=1522.336	_	_	_	_
638-0	PST203	638	638	0	{ride}	{ride}	_	_	_	_	_	nonverbalbehavior	_	none	_	Begin=1520.148|End=1522.336	_	_	_	_
639-0	PST064	639	639	0	(tanto)	tanto	_	_	_	_	_	linguistic	_	none	_	Begin=1523.396	_	_	0-5(0)	_
639-1	PST064	639	639	1	che	che	_	_	_	_	_	linguistic	_	none	_	_	_	_	_	_
639-2	PST064	639	639	2	questo::	questo	_	_	_	_	_	linguistic	_	none	_	_	5x2	_	_	_
639-3	PST064	639	639	3	ristorante::	ristorante	_	_	_	_	_	linguistic	_	none	_	_	9x2	_	_	_
639-4	PST064	639	639	4	@nomeluogo	@nomeluogo	_	_	_	_	_	anonymized	_	none	_	_	_	_	_	_
639-5	PST064	639	639	5	perché::	perché	_	_	_	_	_	linguistic	_	none	_	_	5x2	_	_	_
639-6	PST064	639	639	6	è	è	_	_	_	_	_	linguistic	_	none	_	_	_	_	_	_
639-7	PST064	639	639	7	un	un	_	_	_	_	_	linguistic	_	none	_	_	_	_	_	_
639-8	PST064	639	639	8	m::h	mh	_	_	_	_	_	linguistic	_	none	PauseAfter=Yes	_	0x2	_	_	_
639-9	PST064	639	639	9	{P}	{P}	_	_	_	_	_	shortpause	_	none	_	_	_	_	_	_
639-10	PST064	639	639	10	è	è	_	_	_	_	_	linguistic	_	none	PauseAfter=Yes	_	_	_	_	_
639-11	PST064	639	639	11	{P}	{P}	_	_	_	_	_	shortpause	_	none	_	_	_	_	_	_
639-12	PST064	639	639	12	proprio:	proprio	_	_	_	_	_	linguistic	_	none	_	End=1529.198	6x1	_	_	_
640-0	PST065	640	640	0	il	il	_	_	_	_	_	linguistic	_	none	_	Begin=1530.133	_	_	_	_
640-1	PST065	640	640	1	sentirsi	sentirsi	_	_	_	_	_	linguistic	_	none	_	_	_	_	_	_
640-2	PST065	640	640	2	a	a	_	_	_	_	_	linguistic	_	none	_	_	_	_	_	_
640-3	PST065	640	640	3	casa	casa	_	_	_	_	_	linguistic	_	none	_	End=1530.914	_	_	_	_
641-0	PST064	641	641	0	e:::h	eh	_	_	_	_	_	linguistic	_	some	PauseAfter=Yes	Begin=1530.914	0x3	_	_	_
641-1	PST064	641	641	1	{P}	{P}	_	_	_	_	_	shortpause	_	some	_	_	_	_	_	_
641-2	PST064	641	641	2	sì	sì	_	_	_	_	_	linguistic	_	some	_	_	_	_	_	_
641-3	PST064	641	641	3	vuol	vuol	_	_	_	_	_	linguistic	_	some	_	_	_	_	_	_
641-4	PST064	641	641	4	dire::	dire	_	_	_	_	_	linguistic	_	some	_	_	3x2	_	_	_
641-5	PST064	641	641	5	un	un	_	_	_	_	_	linguistic	_	some	_	_	_	_	_	_
641-6	PST064	641	641	6	posto	posto	_	_	_	_	_	linguistic	_	some	_	_	_	_	_	_
641-7	PST064	641	641	7	un	un	_	_	_	_	_	linguistic	_	some	_	_	_	_	_	_
641-8	PST064	641	641	8	posticino	posticino	_	_	_	_	_	linguistic	_	some	_	_	_	_	_	_
641-9	PST064	641	641	9	sì	sì	_	_	_	_	_	linguistic	_	some	_	_	_	_	_	_
641-10	PST064	641	641	10	piccolo	piccolo	_	_	_	_	_	linguistic	_	some	_	_	_	_	_	_
641-11	PST064	641	641	11	#acogedor	acogedor	_	_	_	_	_	linguistic	_	some	Language=NO_ISO_CODE|Variation=Token	_	_	_	_	_
641-12	PST064	641	641	12	[no]?	no	_	_	_	_	_	linguistic	_	some	Intonation=Rising	End=1536.878	_	_	_	0-2(177)
642-0	PST065	642	642	0	[a::h]	ah	_	_	_	_	_	linguistic	_	none	_	Begin=1536.569	0x2	_	_	0-2(177)
642-1	PST065	642	642	1	accogliente	accogliente	_	_	_	_	_	linguistic	_	none	_	_	_	_	_	_
642-2	PST065	642	642	2	[dove	dove	_	_	_	_	_	linguistic	_	none	_	_	_	_	_	0-4(178)
642-3	PST065	642	642	3	sentirsi	sentirsi	_	_	_	_	_	linguistic	_	none	_	_	_	_	_	0-8(178)
642-4	PST065	642	642	4	a]	a	_	_	_	_	_	linguistic	_	none	_	_	_	_	_	0-1(178)
642-5	PST065	642	642	5	casa	casa	_	_	_	_	_	linguistic	_	none	_	End=1538.717	_	_	_	_
643-0	PST064	643	643	0	[accogliente]	accogliente	_	_	_	_	_	linguistic	_	none	_	Begin=1537.593|End=1538.426	_	_	_	0-11(178)
644-0	PST064	644	644	0	[#como	como	_	_	_	_	_	linguistic	_	some	Language=NO_ISO_CODE|Variation=Token	Begin=1538.941	_	_	_	0-5(179)
644-1	PST064	644	644	1	che	che	_	_	_	_	_	linguistic	_	some	PauseAfter=Yes	_	_	_	_	0-3(179)
644-2	PST064	644	644	2	{P}	{P}	_	_	_	_	_	shortpause	_	some	_	_	_	_	_	0-3(179)
644-3	PST064	644	644	3	#el	el	_	_	_	_	_	linguistic	_	some	Language=NO_ISO_CODE|Variation=Token	_	_	_	_	0-3(179)
644-4	PST064	644	644	4	mangiare]	mangiare	_	_	_	_	_	linguistic	_	some	_	End=1540.452	_	_	_	0-8(179)
645-0	PST210	645	645	0	[è	è	_	_	_	_	_	linguistic	_	none	_	Begin=1538.941	_	_	_	0-1(179)
645-1	PST210	645	645	1	per	per	_	_	_	_	_	linguistic	_	none	_	_	_	_	_	0-3(179)
645-2	PST210	645	645	2	quello	quello	_	_	_	_	_	linguistic	_	none	_	_	_	_	_	0-6(179)
645-3	PST210	645	645	3	che:	che	_	_	_	_	_	linguistic	_	none	_	_	2x1	_	_	0-3(179)
645-4	PST210	645	645	4	avete	avete	_	_	_	_	_	linguistic	_	none	_	_	_	_	_	0-5(179)
645-5	PST210	645	645	5	messo]	messo	_	_	_	_	_	linguistic	_	none	PauseAfter=Yes	_	_	_	_	0-5(179)
645-6	PST210	645	645	6	{P}	{P}	_	_	_	_	_	shortpause	_	none	_	_	_	_	_	_
645-7	PST210	645	645	7	@nomeluogo	@nomeluogo	_	_	_	_	_	anonymized	_	none	_	End=1541.449	_	_	_	_
646-0	PST064	646	646	0	sì	sì	_	_	_	_	_	linguistic	_	some	_	Begin=1541.68	_	_	_	_
646-1	PST064	646	646	1	ma	ma	_	_	_	_	_	linguistic	_	some	_	_	_	_	_	_
646-2	PST064	646	646	2	è	è	_	_	_	_	_	linguistic	_	some	_	_	_	_	_	_
646-3	PST064	646	646	3	#como	como	_	_	_	_	_	linguistic	_	some	Language=NO_ISO_CODE|Variation=Token	_	_	_	_	_
646-4	PST064	646	646	4	per	per	_	_	_	_	_	linguistic	_	some	_	_	_	_	_	_
646-5	PST064	646	646	5	dire	dire	_	_	_	_	_	linguistic	_	some	_	_	_	_	_	_
646-6	PST064	646	646	6	mangiare	mangiare	_	_	_	_	_	linguistic	_	some	_	_	_	_	_	_
646-7	PST064	646	646	7	fatto	fatto	_	_	_	_	_	linguistic	_	some	_	_	_	_	_	_
646-8	PST064	646	646	8	#como	como	_	_	_	_	_	linguistic	_	some	Language=NO_ISO_CODE|Variation=Token	_	_	_	_	_
646-9	PST064	646	646	9	in	in	_	_	_	_	_	linguistic	_	some	_	_	_	_	_	_
646-10	PST064	646	646	10	casa	casa	_	_	_	_	_	linguistic	_	some	_	End=1544.593	_	_	_	_
647-0	PST065	647	647	0	sì	sì	_	_	_	_	_	linguistic	_	none	_	Begin=1545.023|End=1545.332	_	_	_	_
648-0	PST064	648	648	0	vuo~	vuo~	_	_	_	_	_	linguistic	_	some	Interrupted=Yes	Begin=1545.471	_	_	_	_
648-1	PST064	648	648	1	s~	s~	_	_	_	_	_	linguistic	_	some	Interrupted=Yes|PauseAfter=Yes	_	_	_	_	_
648-2	PST064	648	648	2	{P}	{P}	_	_	_	_	_	shortpause	_	some	_	_	_	_	_	_
648-3	PST064	648	648	3	[ques]to	questo	_	_	_	_	_	linguistic	_	some	_	_	_	_	_	0-4(180)
648-4	PST064	648	648	4	vuol	vuol	_	_	_	_	_	linguistic	_	some	_	_	_	_	_	_
648-5	PST064	648	648	5	dire	dire	_	_	_	_	_	linguistic	_	some	_	_	_	_	_	_
648-6	PST064	648	648	6	no?	no	_	_	_	_	_	linguistic	_	some	Intonation=Rising|PauseAfter=Yes	_	_	_	_	_
648-7	PST064	648	648	7	{P}	{P}	_	_	_	_	_	shortpause	_	some	_	_	_	_	_	_
648-8	PST064	648	648	8	mangiare	mangiare	_	_	_	_	_	linguistic	_	some	_	_	_	_	_	_
648-9	PST064	648	648	9	#como	como	_	_	_	_	_	linguistic	_	some	Language=NO_ISO_CODE|Variation=Token	_	_	_	_	_
648-10	PST064	648	648	10	#si	si	_	_	_	_	_	linguistic	_	some	Language=NO_ISO_CODE|Variation=Token	_	_	_	_	_
648-11	PST064	648	648	11	#estuviese	estuviese	_	_	_	_	_	linguistic	_	some	Language=NO_ISO_CODE|Variation=Token	_	_	_	_	_
648-12	PST064	648	648	12	a	a	_	_	_	_	_	linguistic	_	some	_	_	_	_	_	_
648-13	PST064	648	648	13	casa	casa	_	_	_	_	_	linguistic	_	some	_	End=1548.638	_	_	_	_
650-0	PST203	650	650	0	[mhmh]	mhmh	_	_	_	_	_	linguistic	_	none	_	Begin=1545.804|End=1546.19	_	_	_	0-4(180)
651-0	PST064	651	651	0	[non]	non	_	_	_	_	_	linguistic	_	some	_	Begin=1548.744	_	_	_	0-3(181)
651-1	PST064	651	651	1	è	è	_	_	_	_	_	linguistic	_	some	_	_	_	_	_	_
651-2	PST064	651	651	2	proprio	proprio	_	_	_	_	_	linguistic	_	some	_	_	_	_	_	_
651-3	PST064	651	651	3	come	come	_	_	_	_	_	linguistic	_	some	_	_	_	_	_	_
651-4	PST064	651	651	4	un	un	_	_	_	_	_	linguistic	_	some	_	_	_	_	_	_
651-5	PST064	651	651	5	#restaurante	restaurante	_	_	_	_	_	linguistic	_	some	Language=NO_ISO_CODE|Variation=Token	_	_	_	_	_
651-6	PST064	651	651	6	che	che	_	_	_	_	_	linguistic	_	some	_	_	_	_	_	_
651-7	PST064	651	651	7	si	si	_	_	_	_	_	linguistic	_	some	_	_	_	_	_	_
651-8	PST064	651	651	8	paga	paga	_	_	_	_	_	linguistic	_	some	PauseAfter=Yes	_	_	_	_	_
651-9	PST064	651	651	9	{P}	{P}	_	_	_	_	_	shortpause	_	some	_	_	_	_	_	_
651-10	PST064	651	651	10	forse::::	forse	_	_	_	_	_	linguistic	_	some	_	_	4x4	_	_	_
651-11	PST064	651	651	11	tipo	tipo	_	_	_	_	_	linguistic	_	some	_	_	_	_	_	_
651-12	PST064	651	651	12	me::~	me~	_	_	_	_	_	linguistic	_	some	Interrupted=Yes	_	1x2	_	_	_
651-13	PST064	651	651	13	questo	questo	_	_	_	_	_	linguistic	_	some	_	_	_	_	_	_
651-14	PST064	651	651	14	no	no	_	_	_	_	_	linguistic	_	some	_	_	_	_	_	_
651-15	PST064	651	651	15	no	no	_	_	_	_	_	linguistic	_	some	_	End=1554.213	_	_	_	_
652-0	PST203	652	652	0	[sì]	sì	_	_	_	_	_	linguistic	_	none	_	Begin=1548.744|End=1549.026	_	_	_	0-2(181)
653-0	PST064	653	653	0	[(proprio)	proprio	_	_	_	_	_	linguistic	_	some	_	Begin=1554.272	_	_	0-7(0)	0-7(?)
653-1	PST064	653	653	1	ti	ti	_	_	_	_	_	linguistic	_	some	_	_	_	_	_	0-2(?)
653-2	PST064	653	653	2	senti	senti	_	_	_	_	_	linguistic	_	some	_	_	_	_	_	0-5(?)
653-3	PST064	653	653	3	#como	como	_	_	_	_	_	linguistic	_	some	PauseAfter=Yes|Language=NO_ISO_CODE|Variation=Token	_	_	_	_	0-5(?)
653-4	PST064	653	653	4	{P}	{P}	_	_	_	_	_	shortpause	_	some	_	_	_	_	_	0-3(?)
653-5	PST064	653	653	5	#como	como	_	_	_	_	_	linguistic	_	some	Language=NO_ISO_CODE|Variation=Token	_	_	_	_	0-5(?)
653-6	PST064	653	653	6	#si	si	_	_	_	_	_	linguistic	_	some	Language=NO_ISO_CODE|Variation=Token	_	_	_	_	0-3(?)
653-7	PST064	653	653	7	fossi	fossi	_	_	_	_	_	linguistic	_	some	_	_	_	_	_	0-5(?)
653-8	PST064	653	653	8	a	a	_	_	_	_	_	linguistic	_	some	_	_	_	_	_	0-1(?)
653-9	PST064	653	653	9	casa]	casa	_	_	_	_	_	linguistic	_	some	_	End=1557.478	_	_	_	0-4(?)
654-0	PST065	654	654	0	[gourmet]	gourmet	_	_	_	_	_	linguistic	_	none	_	Begin=1554.272|End=1555.27	_	_	_	0-7(182)
655-0	PST065	655	655	0	[casa	casa	_	_	_	_	_	linguistic	_	none	_	Begin=1556.01	_	_	_	0-4(183)
655-1	PST065	655	655	1	le	le	_	_	_	_	_	linguistic	_	none	_	_	_	_	_	0-2(183)
655-2	PST065	655	655	2	porzioni	porzioni	_	_	_	_	_	linguistic	_	none	_	_	_	_	_	0-8(183)
655-3	PST065	655	655	3	come]	come	_	_	_	_	_	linguistic	_	none	_	_	_	_	_	0-4(183)
655-4	PST065	655	655	4	a	a	_	_	_	_	_	linguistic	_	none	_	_	_	_	_	_
655-5	PST065	655	655	5	casa	casa	_	_	_	_	_	linguistic	_	none	_	End=1558.211	_	_	_	_
656-0	PST064	656	656	0	mh	mh	_	_	_	_	_	linguistic	_	none	_	Begin=1558.445	_	_	_	_
656-1	PST064	656	656	1	mh	mh	_	_	_	_	_	linguistic	_	none	_	_	_	_	_	_
656-2	PST064	656	656	2	mh	mh	_	_	_	_	_	linguistic	_	none	_	End=1558.931	_	_	_	_
657-0	PST065	657	657	0	e	e	_	_	_	_	_	linguistic	_	none	_	Begin=1559.146	_	_	_	_
657-1	PST065	657	657	1	le	le	_	_	_	_	_	linguistic	_	none	_	_	_	_	_	_
657-2	PST065	657	657	2	attenzioni	attenzioni	_	_	_	_	_	linguistic	_	none	_	_	_	_	_	_
657-3	PST065	657	657	3	sono	sono	_	_	_	_	_	linguistic	_	none	_	_	_	_	_	_
657-4	PST065	657	657	4	[sempre	sempre	_	_	_	_	_	linguistic	_	none	_	_	_	_	_	0-6(184)
657-5	PST065	657	657	5	come	come	_	_	_	_	_	linguistic	_	none	_	_	_	_	_	0-4(184)
657-6	PST065	657	657	6	a	a	_	_	_	_	_	linguistic	_	none	_	_	_	_	_	0-1(184)
657-7	PST065	657	657	7	casa]	casa	_	_	_	_	_	linguistic	_	none	_	End=1560.996	_	_	_	0-4(184)
658-0	PST064	658	658	0	[m::h]	mh	_	_	_	_	_	linguistic	_	none	_	Begin=1560.193|End=1561.006	0x2	_	_	0-2(184)
659-0	PST065	659	659	0	qui	qui	_	_	_	_	_	linguistic	_	none	_	Begin=1561.091	_	_	_	_
659-1	PST065	659	659	1	se	se	_	_	_	_	_	linguistic	_	none	_	_	_	_	_	_
659-2	PST065	659	659	2	magari	magari	_	_	_	_	_	linguistic	_	none	_	_	_	_	_	_
659-3	PST065	659	659	3	venite	venite	_	_	_	_	_	linguistic	_	none	_	_	_	_	_	_
659-4	PST065	659	659	4	un	un	_	_	_	_	_	linguistic	_	none	_	_	_	_	_	_
659-5	PST065	659	659	5	giorno	giorno	_	_	_	_	_	linguistic	_	none	_	_	_	_	_	_
659-6	PST065	659	659	6	a	a	_	_	_	_	_	linguistic	_	none	_	_	_	_	_	_
659-7	PST065	659	659	7	vedere	vedere	_	_	_	_	_	linguistic	_	none	_	_	_	_	_	_
659-8	PST065	659	659	8	co[me	come	_	_	_	_	_	linguistic	_	none	_	_	_	_	_	2-4(185)
659-9	PST065	659	659	9	sono	sono	_	_	_	_	_	linguistic	_	none	_	_	_	_	_	0-4(185)
659-10	PST065	659	659	10	i	i	_	_	_	_	_	linguistic	_	none	_	_	_	_	_	0-1(185)
659-11	PST065	659	659	11	clie]nti	clienti	_	_	_	_	_	linguistic	_	none	_	End=1564.76	_	_	_	0-4(185)
660-0	PST064	660	660	0	[sì]	sì	_	_	_	_	_	linguistic	_	none	_	Begin=1563.64|End=1564.125	_	_	_	0-2(185)
661-0	PST064	661	661	0	mh[mh]	mhmh	_	_	_	_	_	linguistic	_	none	_	Begin=1564.779|End=1565.165	_	_	_	2-4(186)
662-0	PST065	662	662	0	[non]	non	_	_	_	_	_	linguistic	_	none	_	Begin=1564.985	_	_	_	0-3(186)
662-1	PST065	662	662	1	lasciamo	lasciamo	_	_	_	_	_	linguistic	_	none	_	_	_	_	_	_
662-2	PST065	662	662	2	mai	mai	_	_	_	_	_	linguistic	_	none	_	_	_	_	_	_
662-3	PST065	662	662	3	di	di	_	_	_	_	_	linguistic	_	none	_	_	_	_	_	_
662-4	PST065	662	662	4	lato	lato	_	_	_	_	_	linguistic	_	none	_	_	_	_	_	_
662-5	PST065	662	662	5	i	i	_	_	_	_	_	linguistic	_	none	_	_	_	_	_	_
662-6	PST065	662	662	6	clienti	clienti	_	_	_	_	_	linguistic	_	none	_	_	_	_	_	_
662-7	PST065	662	662	7	è	è	_	_	_	_	_	linguistic	_	none	_	_	_	_	_	_
662-8	PST065	662	662	8	una	una	_	_	_	_	_	linguistic	_	none	_	_	_	_	_	_
662-9	PST065	662	662	9	cosa	cosa	_	_	_	_	_	linguistic	_	none	_	_	_	_	_	_
662-10	PST065	662	662	10	che	che	_	_	_	_	_	linguistic	_	none	_	_	_	_	_	_
662-11	PST065	662	662	11	magari	magari	_	_	_	_	_	linguistic	_	none	_	_	_	_	_	_
662-12	PST065	662	662	12	uno	uno	_	_	_	_	_	linguistic	_	none	_	_	_	_	_	_
662-13	PST065	662	662	13	chiede	chiede	_	_	_	_	_	linguistic	_	none	_	_	_	_	_	_
662-14	PST065	662	662	14	stiamo	stiamo	_	_	_	_	_	linguistic	_	none	_	_	_	_	_	_
662-15	PST065	662	662	15	[lì	lì	_	_	_	_	_	linguistic	_	none	_	_	_	_	_	0-2(187)
662-16	PST065	662	662	16	chiacchieriamo	chiacchieriamo	_	_	_	_	_	linguistic	_	none	_	_	_	_	_	0-14(187)
662-17	PST065	662	662	17	ma]gari	magari	_	_	_	_	_	linguistic	_	none	_	_	_	_	_	0-2(187)
662-18	PST065	662	662	18	facciamo	facciamo	_	_	_	_	_	linguistic	_	none	_	_	_	_	_	_
662-19	PST065	662	662	19	le	le	_	_	_	_	_	linguistic	_	none	_	_	_	_	_	_
662-20	PST065	662	662	20	battute	battute	_	_	_	_	_	linguistic	_	none	_	End=1571.423	_	_	_	_
663-0	PST064	663	663	0	[(sì)	sì	_	_	_	_	_	linguistic	_	none	_	Begin=1568.791	_	_	0-2(0)	0-2(187)
663-1	PST064	663	663	1	stiamo	stiamo	_	_	_	_	_	linguistic	_	none	_	_	_	_	_	0-6(187)
663-2	PST064	663	663	2	sempre]	sempre	_	_	_	_	_	linguistic	_	none	_	End=1569.893	_	_	_	0-6(187)
664-0	PST064	664	664	0	[mhmh]	mhmh	_	_	_	_	_	linguistic	_	none	_	Begin=1571.867|End=1572.347	_	_	_	0-4(188)
665-0	PST065	665	665	0	[è	è	_	_	_	_	_	linguistic	_	none	_	Begin=1571.867	_	_	_	0-1(188)
665-1	PST065	665	665	1	come]	come	_	_	_	_	_	linguistic	_	none	_	_	_	_	_	0-4(188)
665-2	PST065	665	665	2	sentirsi	sentirsi	_	_	_	_	_	linguistic	_	none	_	_	_	_	_	_
665-3	PST065	665	665	3	a	a	_	_	_	_	_	linguistic	_	none	_	_	_	_	_	_
665-4	PST065	665	665	4	casa	casa	_	_	_	_	_	linguistic	_	none	_	End=1573.316	_	_	_	_
666-0	PST203	666	666	0	come	come	_	_	_	_	_	linguistic	_	none	_	Begin=1573.647	_	_	_	_
666-1	PST203	666	666	1	se	se	_	_	_	_	_	linguistic	_	none	_	_	_	_	_	_
666-2	PST203	666	666	2	fosse	fosse	_	_	_	_	_	linguistic	_	none	_	_	_	_	_	_
666-3	PST203	666	666	3	da	da	_	_	_	_	_	linguistic	_	none	_	_	_	_	_	_
666-4	PST203	666	666	4	noi	noi	_	_	_	_	_	linguistic	_	none	_	_	_	_	_	_
666-5	PST203	666	666	5	tipo	tipo	_	_	_	_	_	linguistic	_	none	_	_	_	_	_	_
666-6	PST203	666	666	6	[osteri]::a	osteria	_	_	_	_	_	linguistic	_	none	_	_	5x2	_	_	0-6(189)
666-7	PST203	666	666	7	[trattori:a]	trattoria	_	_	_	_	_	linguistic	_	none	_	End=1576.559	7x1	_	_	0-9(214)
667-0	PST065	667	667	0	[sì	sì	_	_	_	_	_	linguistic	_	none	_	Begin=1574.751	_	_	_	0-2(189)
667-1	PST065	667	667	1	s~]	s~	_	_	_	_	_	linguistic	_	none	Interrupted=Yes	End=1575.223	_	_	_	0-2(189)
668-0	PST064	668	668	0	[è	è	_	_	_	_	_	linguistic	_	none	_	Begin=1575.53	_	_	_	0-1(214)
668-1	PST064	668	668	1	tipo:::]	tipo	_	_	_	_	_	linguistic	_	none	_	_	3x3	_	_	0-4(214)
668-2	PST064	668	668	2	una	una	_	_	_	_	_	linguistic	_	none	_	_	_	_	_	_
668-3	PST064	668	668	3	trattoria	trattoria	_	_	_	_	_	linguistic	_	none	_	_	_	_	_	_
668-4	PST064	668	668	4	[tipo	tipo	_	_	_	_	_	linguistic	_	none	_	_	_	_	_	0-4(190)
668-5	PST064	668	668	5	una]	una	_	_	_	_	_	linguistic	_	none	_	_	_	_	_	0-3(190)
668-6	PST064	668	668	6	trattoria	trattoria	_	_	_	_	_	linguistic	_	none	_	_	_	_	_	_
668-7	PST064	668	668	7	così	così	_	_	_	_	_	linguistic	_	none	_	_	_	_	_	_
668-8	PST064	668	668	8	da	da	_	_	_	_	_	linguistic	_	none	_	_	_	_	_	_
668-9	PST064	668	668	9	voi	voi	_	_	_	_	_	linguistic	_	none	_	End=1579.308	_	_	_	_
669-0	PST065	669	669	0	[esatto]	esatto	_	_	_	_	_	linguistic	_	none	_	Begin=1576.068|End=1576.707	_	_	_	0-6(214)
670-0	PST203	670	670	0	[mhmh]	mhmh	_	_	_	_	_	linguistic	_	none	_	Begin=1577.353|End=1577.773	_	_	_	0-4(190)
671-0	PST203	671	671	0	@nomeluogo	@nomeluogo	_	_	_	_	_	anonymized	_	none	_	Begin=1579.343	_	_	_	_
671-1	PST203	671	671	1	vuol	vuol	_	_	_	_	_	linguistic	_	none	_	_	_	_	_	_
671-2	PST203	671	671	2	dire	dire	_	_	_	_	_	linguistic	_	none	_	_	_	_	_	_
671-3	PST203	671	671	3	questo	questo	_	_	_	_	_	linguistic	_	none	_	_	_	_	_	_
671-4	PST203	671	671	4	in	in	_	_	_	_	_	linguistic	_	none	_	_	_	_	_	_
671-5	PST203	671	671	5	spagnolo:	spagnolo	_	_	_	_	_	linguistic	_	none	_	End=1581.364	7x1	_	_	_
672-0	PST064	672	672	0	sì	sì	_	_	_	_	_	linguistic	_	some	_	Begin=1581.463	_	_	_	_
672-1	PST064	672	672	1	però	però	_	_	_	_	_	linguistic	_	some	_	_	_	_	_	_
672-2	PST064	672	672	2	proprio	proprio	_	_	_	_	_	linguistic	_	some	_	_	_	_	_	_
672-3	PST064	672	672	3	questo	questo	_	_	_	_	_	linguistic	_	some	_	_	_	_	_	_
672-4	PST064	672	672	4	sarebbe::	sarebbe	_	_	_	_	_	linguistic	_	some	PauseAfter=Yes	_	6x2	_	_	_
672-5	PST064	672	672	5	{P}	{P}	_	_	_	_	_	shortpause	_	some	_	_	_	_	_	_
672-6	PST064	672	672	6	#como	como	_	_	_	_	_	linguistic	_	some	Language=NO_ISO_CODE|Variation=Token	_	_	_	_	_
672-7	PST064	672	672	7	#en	en	_	_	_	_	_	linguistic	_	some	Language=NO_ISO_CODE|Variation=Token	_	_	_	_	_
672-8	PST064	672	672	8	quechua	quechua	_	_	_	_	_	linguistic	_	some	_	End=1584.441	_	_	_	_
673-0	PST064	673	673	0	[#porque	porque	_	_	_	_	_	linguistic	_	some	Language=NO_ISO_CODE|Variation=Token	Begin=1584.605	_	_	_	0-7(191)
673-1	PST064	673	673	1	ades]so	adesso	_	_	_	_	_	linguistic	_	some	_	_	_	_	_	0-4(191)
673-2	PST064	673	673	2	@nomeluogo	@nomeluogo	_	_	_	_	_	anonymized	_	some	_	_	_	_	_	_
673-3	PST064	673	673	3	s~	s~	_	_	_	_	_	linguistic	_	some	Interrupted=Yes	_	_	_	_	_
673-4	PST064	673	673	4	eh	eh	_	_	_	_	_	linguistic	_	some	_	_	_	_	_	_
673-5	PST064	673	673	5	@nomeluogo	@nomeluogo	_	_	_	_	_	anonymized	_	some	_	_	_	_	_	_
673-6	PST064	673	673	6	sarebbe	sarebbe	_	_	_	_	_	linguistic	_	some	_	_	_	_	_	_
673-7	PST064	673	673	7	è	è	_	_	_	_	_	linguistic	_	some	_	_	_	_	_	_
673-8	PST064	673	673	8	la	la	_	_	_	_	_	linguistic	_	some	_	_	_	_	_	_
673-9	PST064	673	673	9	#segunda:::	segunda	_	_	_	_	_	linguistic	_	some	Language=NO_ISO_CODE|Variation=Token	_	6x3	_	_	_
673-10	PST064	673	673	10	lingua	lingua	_	_	_	_	_	linguistic	_	some	_	_	_	_	_	_
673-11	PST064	673	673	11	madre	madre	_	_	_	_	_	linguistic	_	some	_	_	_	_	_	_
673-12	PST064	673	673	12	nostra	nostra	_	_	_	_	_	linguistic	_	some	_	_	_	_	_	_
673-13	PST064	673	673	13	no?	no	_	_	_	_	_	linguistic	_	some	Intonation=Rising	End=1590.203	_	_	_	_
674-0	PST203	674	674	0	[quechua]	quechua	_	_	_	_	_	linguistic	_	none	_	Begin=1584.605|End=1585.127	_	_	_	0-7(191)
675-0	PST065	675	675	0	[in	in	_	_	_	_	_	linguistic	_	none	_	Begin=1590.709	_	_	_	0-2(192)
675-1	PST065	675	675	1	quechua]	quechua	_	_	_	_	_	linguistic	_	none	_	End=1591.475	_	_	_	0-7(192)
676-0	PST064	676	676	0	[invece:	invece	_	_	_	_	_	linguistic	_	some	_	Begin=1590.722	5x1	_	_	0-6(192)
676-1	PST064	676	676	1	@nomeluogo]	@nomeluogo	_	_	_	_	_	anonymized	_	some	_	_	_	_	_	0-10(192)
676-2	PST064	676	676	2	#hay	hay	_	_	_	_	_	linguistic	_	some	Language=NO_ISO_CODE|Variation=Token	_	_	_	_	_
676-3	PST064	676	676	3	anche	anche	_	_	_	_	_	linguistic	_	some	_	_	_	_	_	_
676-4	PST064	676	676	4	con	con	_	_	_	_	_	linguistic	_	some	_	_	_	_	_	_
676-5	PST064	676	676	5	la	la	_	_	_	_	_	linguistic	_	some	_	_	_	_	_	_
676-6	PST064	676	676	6	acca	acca	_	_	_	_	_	linguistic	_	some	_	End=1592.936	_	_	_	_
677-0	PST203	677	677	0	mh	mh	_	_	_	_	_	linguistic	_	none	_	Begin=1593.233	_	_	_	_
677-1	PST203	677	677	1	mh	mh	_	_	_	_	_	linguistic	_	none	_	End=1593.552	_	_	_	_
678-0	PST064	678	678	0	però	però	_	_	_	_	_	linguistic	_	some	_	Begin=1593.848	_	_	_	_
678-1	PST064	678	678	1	#ya	ya	_	_	_	_	_	linguistic	_	some	Language=NO_ISO_CODE|Variation=Token	_	_	_	_	_
678-2	PST064	678	678	2	proprio	proprio	_	_	_	_	_	linguistic	_	some	_	_	_	_	_	_
678-3	PST064	678	678	3	più	più	_	_	_	_	_	linguistic	_	some	_	_	_	_	_	_
678-4	PST064	678	678	4	#ya	ya	_	_	_	_	_	linguistic	_	some	Language=NO_ISO_CODE|Variation=Token	_	_	_	_	_
678-5	PST064	678	678	5	es~	es~	_	_	_	_	_	linguistic	_	some	Interrupted=Yes	_	_	_	_	_
678-6	PST064	678	678	6	(e[clissa]to)	eclissato	_	_	_	_	_	linguistic	_	some	_	_	_	_	0-9(0)	1-7(194)
678-7	PST064	678	678	7	no	no	_	_	_	_	_	linguistic	_	some	_	_	_	_	_	_
678-8	PST064	678	678	8	no	no	_	_	_	_	_	linguistic	_	some	_	_	_	_	_	_
678-9	PST064	678	678	9	proprio	proprio	_	_	_	_	_	linguistic	_	some	_	_	_	_	_	_
678-10	PST064	678	678	10	[l'	l'	_	_	_	_	_	linguistic	_	some	SpaceAfter=No	_	_	_	_	0-2(193)
678-11	PST064	678	678	11	altro	altro	_	_	_	_	_	linguistic	_	some	_	_	_	_	_	0-5(193)
678-12	PST064	678	678	12	invece	invece	_	_	_	_	_	linguistic	_	some	_	_	_	_	_	0-6(193)
678-13	PST064	678	678	13	questo	questo	_	_	_	_	_	linguistic	_	some	_	_	_	_	_	0-6(193)
678-14	PST064	678	678	14	pro]prio	proprio	_	_	_	_	_	linguistic	_	some	_	_	_	_	_	0-3(193)
678-15	PST064	678	678	15	autentico	autentico	_	_	_	_	_	linguistic	_	some	_	End=1600.982	_	_	_	_
679-0	PST210	679	679	0	[xx]	xx	_	_	_	_	_	unknown	_	none	Syllables=2	Begin=1596.755|End=1597.339	_	_	_	0-2(194)
680-0	PST065	680	680	0	[nel	nel	_	_	_	_	_	linguistic	_	none	_	Begin=1598.59	_	_	_	0-3(193)
680-1	PST065	680	680	1	senso	senso	_	_	_	_	_	linguistic	_	none	_	_	_	_	_	0-5(193)
680-2	PST065	680	680	2	xx]	xx	_	_	_	_	_	unknown	_	none	Syllables=2	End=1599.891	_	_	_	0-2(193)
681-0	PST203	681	681	0	mhmh	mhmh	_	_	_	_	_	linguistic	_	none	_	Begin=1600.982	_	_	_	_
681-1	PST203	681	681	1	mhmh	mhmh	_	_	_	_	_	linguistic	_	none	_	End=1601.635	_	_	_	_
682-0	PST064	682	682	0	°#como	como	_	_	_	_	_	linguistic	_	some	Language=NO_ISO_CODE|Volume=low|Variation=Token	Begin=1601.703	_	_	_	_
682-1	PST064	682	682	1	#si	si	_	_	_	_	_	linguistic	_	some	Language=NO_ISO_CODE|Volume=low|Variation=Token	_	_	_	_	_
682-2	PST064	682	682	2	fosse°	fosse	_	_	_	_	_	linguistic	_	some	Volume=low	End=1602.393	_	_	_	_
683-0	PST203	683	683	0	quindi	quindi	_	_	_	_	_	linguistic	_	none	_	Begin=1602.945	_	_	_	_
683-1	PST203	683	683	1	è	è	_	_	_	_	_	linguistic	_	none	_	_	_	_	_	_
683-2	PST203	683	683	2	una	una	_	_	_	_	_	linguistic	_	none	_	_	_	_	_	_
683-3	PST203	683	683	3	[parola	parola	_	_	_	_	_	linguistic	_	none	_	_	_	_	_	0-6(195)
683-4	PST203	683	683	4	quechua]?	quechua	_	_	_	_	_	linguistic	_	none	Intonation=Rising|PauseAfter=Yes	_	_	_	_	0-7(195)
683-5	PST203	683	683	5	{P}	{P}	_	_	_	_	_	shortpause	_	none	_	_	_	_	_	_
683-6	PST203	683	683	6	[@nomeluogo]	@nomeluogo	_	_	_	_	_	anonymized	_	none	_	End=1604.614	_	_	_	0-10(196)
684-0	PST064	684	684	0	[in	in	_	_	_	_	_	linguistic	_	none	_	Begin=1603.307	_	_	_	0-2(195)
684-1	PST064	684	684	1	quechua]	quechua	_	_	_	_	_	linguistic	_	none	_	End=1604.073	_	_	_	0-7(195)
685-0	PST065	685	685	0	[sì]	sì	_	_	_	_	_	linguistic	_	none	_	Begin=1604.334|End=1604.64	_	_	_	0-2(196)
686-0	PST203	686	686	0	e	e	_	_	_	_	_	linguistic	_	none	_	Begin=1604.857	_	_	_	_
686-1	PST203	686	686	1	voi	voi	_	_	_	_	_	linguistic	_	none	_	_	_	_	_	_
686-2	PST203	686	686	2	parlate	parlate	_	_	_	_	_	linguistic	_	none	_	_	_	_	_	_
686-3	PST203	686	686	3	quechua?	quechua	_	_	_	_	_	linguistic	_	none	Intonation=Rising	End=1605.893	_	_	_	_
687-0	PST065	687	687	0	no	no	_	_	_	_	_	linguistic	_	none	_	Begin=1605.935|End=1606.242	_	_	_	_
688-0	PST064	688	688	0	niente	niente	_	_	_	_	_	linguistic	_	none	_	Begin=1606.476|End=1606.967	_	_	_	_
689-0	PST064	689	689	0	[mana	mana	_	_	_	_	_	linguistic	_	all	Language=NO_ISO_CODE	Begin=1607.117	_	_	_	_
689-1	PST064	689	689	1	ma]na	mana	_	_	_	_	_	linguistic	_	all	Language=NO_ISO_CODE	_	_	_	_	_
689-2	PST064	689	689	2	mana	mana	_	_	_	_	_	linguistic	_	all	Language=NO_ISO_CODE	End=1608.163	_	_	_	_
690-0	PST203	690	690	0	[niente	niente	_	_	_	_	_	linguistic	_	none	_	Begin=1607.117	_	_	_	0-6(197)
690-1	PST203	690	690	1	x]	x	_	_	_	_	_	unknown	_	none	Syllables=1	End=1607.678	_	_	_	0-1(197)
691-0	PST065	691	691	0	{ride}	{ride}	_	_	_	_	_	nonverbalbehavior	_	none	_	Begin=1608.37|End=1609.465	_	_	_	_
692-0	PST203	692	692	0	{ride}	{ride}	_	_	_	_	_	nonverbalbehavior	_	none	_	Begin=1608.37|End=1609.465	_	_	_	_
693-0	PST064	693	693	0	#mana	mana	_	_	_	_	_	linguistic	_	some	Language=NO_ISO_CODE|Variation=Token	Begin=1611.135	_	_	_	_
693-1	PST064	693	693	1	niente	niente	_	_	_	_	_	linguistic	_	some	_	_	_	_	_	_
693-2	PST064	693	693	2	quindi:	quindi	_	_	_	_	_	linguistic	_	some	_	End=1612.503	5x1	_	_	_
694-0	PST203	694	694	0	va	va	_	_	_	_	_	linguistic	_	none	_	Begin=1612.826	_	_	_	_
694-1	PST203	694	694	1	bene	bene	_	_	_	_	_	linguistic	_	none	_	End=1613.717	_	_	_	_
695-0	PST064	695	695	0	sì:	sì	_	_	_	_	_	linguistic	_	none	_	Begin=1613.84|End=1614.221	1x1	_	_	_
696-0	PST203	696	696	0	allora	allora	_	_	_	_	_	linguistic	_	none	_	Begin=1614.919	_	_	_	_
696-1	PST203	696	696	1	basta	basta	_	_	_	_	_	linguistic	_	none	_	_	_	_	_	_
696-2	PST203	696	696	2	così	così	_	_	_	_	_	linguistic	_	none	_	_	_	_	_	_
696-3	PST203	696	696	3	grazie	grazie	_	_	_	_	_	linguistic	_	none	_	_	_	_	_	_
696-4	PST203	696	696	4	mille	mille	_	_	_	_	_	linguistic	_	none	PauseAfter=Yes	_	_	_	_	_
696-5	PST203	696	696	5	{P}	{P}	_	_	_	_	_	shortpause	_	none	_	_	_	_	_	_
696-6	PST203	696	696	6	e:	e	_	_	_	_	_	linguistic	_	none	_	End=1618.018	0x1	_	_	_
697-0	PST065	697	697	0	[anche	anche	_	_	_	_	_	linguistic	_	none	_	Begin=1617.082	_	_	_	0-5(198)
697-1	PST065	697	697	1	a	a	_	_	_	_	_	linguistic	_	none	_	_	_	_	_	0-1(198)
697-2	PST065	697	697	2	voi]	voi	_	_	_	_	_	linguistic	_	none	_	End=1618.083	_	_	_	0-3(198)
